split,cell_type,ws_residual,cs_residual,evolutionary_ratio
1,B cell,2.012839059814799,11.10279307453941,5.5159864969835075
1,"CD4-positive, alpha-beta T cell",2.838418455744063,9.832322156394978,3.464014312793613
1,"CD8-positive, alpha-beta T cell",1.557943540884255,4.866862711605281,3.123901851310321
1,T cell,2.8507031070110846,12.061190551075986,4.230952890678941
1,adventitial cell,9.930373002113818,7.212677076608612,0.7263248898176627
1,basal cell,3.056265934170767,8.6980238948096,2.84596435066753
1,bladder urothelial cell,2.5985383482360556,6.543859227536234,2.518284647204975
1,classical monocyte,3.097993814203797,9.318348554135753,3.007865448734159
1,endothelial cell,1.70002146897169,6.979276256255179,4.1054047749625235
1,enterocyte of epithelium of large intestine,6.029195289427184,8.31713268631551,1.379476412200557
1,epithelial cell,7.973948170068444,18.866329614191343,2.365996017507273
1,fibroblast,3.6756584844084035,7.516525135075566,2.0449465495664376
1,fibroblast of cardiac tissue,4.737767689366949,13.910399025900011,2.9360660838477477
1,granulocyte,24.701686795278004,11.08775424764967,0.4488662794384234
1,hematopoietic precursor cell,5.003281621575516,14.784736861027385,2.955007928650581
1,hematopoietic stem cell,3.5492843858566094,13.72685872413658,3.8675003836931605
1,hepatocyte,,,
1,intermediate monocyte,6.014724805582192,8.134201581012041,1.3523813381225336
1,large intestine goblet cell,3.3717090188594105,9.288954514210175,2.7549692047128267
1,macrophage,4.112279686608027,9.942605446438671,2.417784344488429
1,mature NK T cell,1.863621367561088,9.126359666620006,4.8971104460793065
1,mesenchymal stem cell,9.886834681662595,13.750827859428927,1.3908220681522059
1,mesenchymal stem cell of adipose tissue,5.642125965374976,11.74318138080047,2.0813398092965154
1,monocyte,5.714471716629963,7.753853417655524,1.3568801810831712
1,myeloid dendritic cell,7.498740113383754,6.75259685550509,0.900497517370025
1,myeloid leukocyte,15.466885003673442,9.36501385470972,0.6054880379911982
1,natural killer cell,3.3646995369175734,9.087890766831762,2.7009516502496527
1,neutrophil,3.7974549345761863,8.57744923223629,2.2587362799589283
1,non-classical monocyte,4.488784741182681,6.706763069340133,1.4941155470897165
1,plasma cell,2.510452954246544,11.36079315111086,4.525395758519819
1,smooth muscle cell,4.4082392862098905,8.159726419406276,1.8510171271627665
1,stromal cell,9.480886429131347,13.432921919110044,1.4168424038743377
2,B cell,2.8449109845049403,10.899991001187196,3.831399667882392
2,"CD4-positive, alpha-beta T cell",3.9754577560412385,10.141117936275469,2.5509308760392906
2,"CD8-positive, alpha-beta T cell",1.8595675563824627,4.9562742344891255,2.665283236136302
2,T cell,4.50831023027877,12.575856538668408,2.789483397616757
2,adventitial cell,7.395721110779238,5.930339364146525,0.8018608699972577
2,basal cell,3.436178559325555,7.59719036157967,2.210941669768997
2,bladder urothelial cell,4.017656313091313,6.974551741390573,1.735975204913466
2,classical monocyte,4.0638984484387315,10.25937344183459,2.524515209226263
2,endothelial cell,2.833628258309575,7.2748562044172225,2.567329071159496
2,enterocyte of epithelium of large intestine,16.320591256632575,11.58283447332437,0.709706792553682
2,epithelial cell,,,
2,fibroblast,4.33918061085364,5.016597608638843,1.156116340511564
2,fibroblast of cardiac tissue,5.389680604596112,10.74835976551469,1.9942479998441658
2,granulocyte,22.56750811905636,17.937147847462153,0.7948218187330901
2,hematopoietic precursor cell,6.489582436853106,15.840306546305634,2.4408822448038476
2,hematopoietic stem cell,5.650050932933597,12.695683806923293,2.2470034266277827
2,hepatocyte,,,
2,intermediate monocyte,6.005460514159342,8.958738410143178,1.4917654339780873
2,large intestine goblet cell,10.754216086881247,8.083427484678895,0.7516519492796533
2,macrophage,4.327956967808605,9.963603006522758,2.302149277507183
2,mature NK T cell,3.5856223894944272,9.066559239646937,2.5285873008298907
2,mesenchymal stem cell,4.523010307909137,11.391536014630095,2.5185739671453655
2,mesenchymal stem cell of adipose tissue,5.604297293425557,12.22505975638665,2.1813724569408475
2,monocyte,5.6023013023713775,6.297943074769086,1.124170717505546
2,myeloid dendritic cell,8.04232448359406,7.8891712458185665,0.9809565955604107
2,myeloid leukocyte,15.482834796771385,9.407228097098026,0.607590807534787
2,natural killer cell,2.561372997786162,8.964267561111736,3.4997899832861923
2,neutrophil,11.618055557668713,14.018835643817416,1.2066421592005578
2,non-classical monocyte,4.426571428585314,6.434521220583323,1.453612874973923
2,plasma cell,4.116757809451843,11.453426316803354,2.7821472253011663
2,smooth muscle cell,4.3604507515490845,8.091745015974297,1.8557129702931838
2,stromal cell,11.223240677095452,19.02540713073973,1.6951794653719803
3,B cell,2.4160418269759862,10.517773659192358,4.353307770485422
3,"CD4-positive, alpha-beta T cell",3.7098768092061483,10.05120820090008,2.7093105021594694
3,"CD8-positive, alpha-beta T cell",2.1440491359661538,4.918908036720892,2.294214229612013
3,T cell,5.724192402113338,13.16557951624809,2.299988992576042
3,adventitial cell,5.926136180873756,8.060437887629838,1.360150634682411
3,basal cell,3.3155881583826017,7.726275121252859,2.330287946565071
3,bladder urothelial cell,3.372777838815329,6.478387609353502,1.9207869355631806
3,classical monocyte,2.6395975634911046,8.185171185773973,3.1009163286801753
3,endothelial cell,2.387582281235513,6.56964784684962,2.7515901330319785
3,enterocyte of epithelium of large intestine,5.27328938165124,6.698552137190192,1.2702796399716367
3,epithelial cell,6.553396697926622,15.513590726386521,2.3672595207451343
3,fibroblast,2.583837809746531,5.8150412831536284,2.250544233550043
3,fibroblast of cardiac tissue,6.570774963639425,15.255056413669006,2.321652544499793
3,granulocyte,22.102587826674604,13.233707780594123,0.5987401965946705
3,hematopoietic precursor cell,5.0655413386142545,13.736740173664508,2.7118010209393284
3,hematopoietic stem cell,3.2025131872281705,11.922102893563068,3.72273342733113
3,hepatocyte,,,
3,intermediate monocyte,5.437311202330146,8.494979997525022,1.5623494189342189
3,large intestine goblet cell,4.2897460407986925,8.431262653866522,1.9654456402963973
3,macrophage,3.937018481064665,9.864105524992404,2.5054760531184783
3,mature NK T cell,4.078776302122307,8.844162602715086,2.1683372530416065
3,mesenchymal stem cell,9.033041666373164,8.613869392299533,0.9535956669353068
3,mesenchymal stem cell of adipose tissue,6.525686151714466,10.958248807957473,1.6792485193420554
3,monocyte,5.813617750388199,9.702237584944747,1.66888123738388
3,myeloid dendritic cell,8.031875360604614,10.011623677900506,1.2464864341653408
3,myeloid leukocyte,15.91317407540199,22.84831109669925,1.4358110448887342
3,natural killer cell,3.5411277500070133,8.920675285158005,2.519162231619669
3,neutrophil,5.22639634415584,11.41433902721501,2.183978840406647
3,non-classical monocyte,3.812149027130776,6.644667447500346,1.743024052892673
3,plasma cell,2.740685516530892,10.788993441691058,3.936603954235349
3,smooth muscle cell,3.5245356361989053,8.451139315985781,2.3978022038387032
3,stromal cell,,,
4,B cell,2.4133597791917327,11.097765743331495,4.598471325749983
4,"CD4-positive, alpha-beta T cell",4.030028242719023,9.39066824192438,2.3301743006119935
4,"CD8-positive, alpha-beta T cell",2.2696917163622157,4.655278288138151,2.051061936992691
4,T cell,5.938811684721727,12.141994603740443,2.044515847333081
4,adventitial cell,4.8828635515797645,8.036335606996316,1.6458243246212154
4,basal cell,4.526865916658723,8.035068438526649,1.7749738089122216
4,bladder urothelial cell,2.325452638665602,6.074788257164455,2.6123035817449747
4,classical monocyte,3.894357350287696,8.731114785207765,2.2419911682123246
4,endothelial cell,1.4976464809451775,6.329402692569174,4.226232808008626
4,enterocyte of epithelium of large intestine,6.864503166642754,7.325892860640995,1.067213851140795
4,epithelial cell,,,
4,fibroblast,2.9737672265465185,5.366463885240687,1.8046011931716808
4,fibroblast of cardiac tissue,4.628615612318969,12.15677558894305,2.6264387901618
4,granulocyte,19.052796519415224,15.87248293683523,0.833078908949708
4,hematopoietic precursor cell,4.680800350890181,13.913036216355966,2.9723626673609407
4,hematopoietic stem cell,4.170968427119195,11.02827175308511,2.6440554383918267
4,hepatocyte,,,
4,intermediate monocyte,3.446786581116807,8.102847947214094,2.3508412129736964
4,large intestine goblet cell,5.790129423939051,7.769808490713312,1.34190584040995
4,macrophage,5.414292993072313,10.128046742931115,1.8706129786271517
4,mature NK T cell,2.3413082628682447,9.159342452731876,3.912061729757501
4,mesenchymal stem cell,4.42854399728458,9.273628683896563,2.094058157620837
4,mesenchymal stem cell of adipose tissue,4.137162079664611,11.01659220839799,2.6628379541975975
4,monocyte,4.386601132325073,7.859874185353872,1.7917914002789275
4,myeloid dendritic cell,7.858553819285589,7.834334024112386,0.9969180340645163
4,myeloid leukocyte,15.550467823550395,9.225894618657527,0.593287271054661
4,natural killer cell,2.2785235105812465,8.737872326006762,3.834883548679184
4,neutrophil,11.483956322572984,13.790793736270073,1.2008747986234278
4,non-classical monocyte,6.284211966019113,5.835363109289479,0.9285751564147242
4,plasma cell,3.945473466514203,11.234185489667677,2.8473605474764474
4,smooth muscle cell,5.409151146218548,8.821938265681526,1.6309284076576052
4,stromal cell,,,
5,B cell,3.2077185199951583,10.34793274259612,3.2259478748190595
5,"CD4-positive, alpha-beta T cell",4.044289277032797,10.365303046394256,2.56294798328547
5,"CD8-positive, alpha-beta T cell",2.490864148541924,5.16780709629127,2.0747045154254384
5,T cell,6.035292530718809,13.438248284912579,2.2266109250734316
5,adventitial cell,8.259416756849122,10.1443189511662,1.2282125057745783
5,basal cell,3.7847087191534245,7.504765481251363,1.9829175870977074
5,bladder urothelial cell,3.0099991902782754,7.438549582502319,2.4712795958641514
5,classical monocyte,2.096306549790539,8.431167465453703,4.021915337857498
5,endothelial cell,3.56571933292049,6.885867774850325,1.931130055940348
5,enterocyte of epithelium of large intestine,5.477662341469353,7.977815038190091,1.4564269465448807
5,epithelial cell,7.023951709538387,16.212132063856046,2.3081212306514427
5,fibroblast,4.515529275146905,8.483667787425624,1.8787759464032314
5,fibroblast of cardiac tissue,5.921369755720198,13.151160403294167,2.2209659159672985
5,granulocyte,20.026999239140984,12.354849948877444,0.61690969282762
5,hematopoietic precursor cell,6.529078527055989,14.354273110994777,2.1985143924233403
5,hematopoietic stem cell,5.550244954210189,12.791610066939437,2.30469288697542
5,hepatocyte,4.878765017509956,4.21503098288834,0.8639544982717009
5,intermediate monocyte,3.814030354285787,8.729088285812061,2.2886782419031544
5,large intestine goblet cell,5.751209439242533,8.887522608780499,1.5453310651734908
5,macrophage,5.54999401963399,10.135929186664852,1.8262955150595448
5,mature NK T cell,3.042229113845453,8.663137234902573,2.847628140653796
5,mesenchymal stem cell,7.849281064914885,14.184915352875118,1.8071610935528315
5,mesenchymal stem cell of adipose tissue,,,
5,monocyte,5.242365603011509,10.36837432151239,1.9778045078649635
5,myeloid dendritic cell,5.572353836872929,10.316417864458733,1.8513572839172143
5,myeloid leukocyte,19.670865966934354,22.701066873592247,1.1540451199124377
5,natural killer cell,4.22616566631468,9.758840912918203,2.3091477437107075
5,neutrophil,4.766839480638713,9.330914308175025,1.9574635030346705
5,non-classical monocyte,5.176382944315333,7.043149381003868,1.3606314402875863
5,plasma cell,6.067191553319339,10.58164307311468,1.7440759831170158
5,smooth muscle cell,2.7712639228697724,6.728119330197725,2.427816158062075
5,stromal cell,13.056122235771179,23.447442834820528,1.7958963933854108
6,B cell,3.204743617497658,10.54415355345534,3.2901707006716725
6,"CD4-positive, alpha-beta T cell",4.3352556796296255,10.794111235034771,2.4898442059032018
6,"CD8-positive, alpha-beta T cell",1.9490108080950097,5.075048530294798,2.6039098958385054
6,T cell,5.698522409654654,12.794376619346272,2.2452094945997847
6,adventitial cell,10.87015384114855,8.307461882412674,0.7642451067219579
6,basal cell,4.636767741445724,8.715303529043835,1.8796075229609066
6,bladder urothelial cell,2.566581523163915,6.0534373531028995,2.3585603256586274
6,classical monocyte,3.383473327441895,9.39047777773677,2.775395834089972
6,endothelial cell,2.613131962428727,6.674639930341784,2.554268221547512
6,enterocyte of epithelium of large intestine,6.212595821859524,7.932943913751768,1.2769129267735493
6,epithelial cell,7.772462461650654,17.38639607081958,2.236922488413948
6,fibroblast,6.035260158255572,7.073576132065254,1.172041626472287
6,fibroblast of cardiac tissue,4.741432637764292,12.94647519402615,2.7304986030827063
6,granulocyte,22.096799021221535,8.992898611349135,0.40697743608531034
6,hematopoietic precursor cell,5.983684612984187,15.66987801613894,2.618767369880487
6,hematopoietic stem cell,4.131436315444232,14.622428594482631,3.5393087241404944
6,hepatocyte,7.350247711847928,4.9245362355062685,0.6699823500598988
6,intermediate monocyte,5.2953124257426,8.223768619303414,1.5530280289647187
6,large intestine goblet cell,6.0358559031933385,7.449361995891167,1.234184863815254
6,macrophage,5.8028907608340345,11.113081726372606,1.9150940771415368
6,mature NK T cell,3.6198162895563475,9.07723030266797,2.5076494431104117
6,mesenchymal stem cell,8.93141573703502,9.629806284411915,1.0781948313614995
6,mesenchymal stem cell of adipose tissue,,,
6,monocyte,4.622119183802755,7.436112775812931,1.608810262156637
6,myeloid dendritic cell,6.277767076760266,10.084061211096413,1.606313373496559
6,myeloid leukocyte,19.10426422747764,8.091522041160687,0.4235453375651422
6,natural killer cell,2.770583465365602,8.36848531261338,3.020477605972101
6,neutrophil,6.4243391106591705,9.58790807026261,1.4924349267856194
6,non-classical monocyte,5.5047542731580865,6.901032014402644,1.253649422291744
6,plasma cell,7.7385219929383515,11.370295113685271,1.4693109516340497
6,smooth muscle cell,5.229552498507608,7.620676555394699,1.4572330151708892
6,stromal cell,12.809187184542623,16.120785184900196,1.2585330320064192
7,B cell,2.34040910853105,10.898311821379966,4.656584091069554
7,"CD4-positive, alpha-beta T cell",3.259399629734904,9.619532122502548,2.951320247675469
7,"CD8-positive, alpha-beta T cell",1.514612942451396,4.59621195757333,3.034578557168788
7,T cell,3.954967852849241,12.213298093974572,3.088090358351676
7,adventitial cell,5.992631534350553,8.810164578793525,1.4701662413736771
7,basal cell,3.5716247867170323,8.13260678333683,2.277004800051285
7,bladder urothelial cell,1.991548278649899,5.761295551927153,2.8928726527447397
7,classical monocyte,3.847779342067861,9.80794061873034,2.5489872850815267
7,endothelial cell,1.0504769953613204,7.00855247565281,6.67178101624411
7,enterocyte of epithelium of large intestine,16.081285458037566,11.802539422522967,0.7339300986429511
7,epithelial cell,,,
7,fibroblast,3.7298067783627777,4.767873815843306,1.278316572188813
7,fibroblast of cardiac tissue,7.414873662369167,16.950972818628898,2.2860770918668356
7,granulocyte,24.045612267619042,20.650961646896924,0.8588245296921171
7,hematopoietic precursor cell,7.429193702022531,16.0002391101342,2.153697931685141
7,hematopoietic stem cell,5.663757641099809,12.310153756724013,2.173495855012183
7,hepatocyte,7.7130296734509045,5.3871247266716065,0.6984447039293368
7,intermediate monocyte,6.3955341261300855,9.003115386504321,1.4077190753654962
7,large intestine goblet cell,10.81617896860932,8.843378082455503,0.8176064863683125
7,macrophage,3.881118623552536,10.011502312875598,2.579540406758216
7,mature NK T cell,3.2498536745521966,9.422635436954153,2.899402982582751
7,mesenchymal stem cell,6.04731318568545,10.029201779709549,1.6584558252166595
7,mesenchymal stem cell of adipose tissue,4.664587891505315,12.185501427850898,2.6123425501408013
7,monocyte,5.73726779873542,7.602050733961529,1.3250297878089523
7,myeloid dendritic cell,6.7277072598086525,8.116921562926194,1.206491491004181
7,myeloid leukocyte,17.48923677753193,8.77806970427876,0.5019126801208255
7,natural killer cell,2.5440421555828534,8.785309422169151,3.4532876756346007
7,neutrophil,13.05865274845285,14.232090659236421,1.0898590331933435
7,non-classical monocyte,3.738564926623467,6.085577946392119,1.6277844750146915
7,plasma cell,4.126707589865538,11.191067130695584,2.711863364920466
7,smooth muscle cell,4.391060460052177,8.417559953910038,1.9169765550916635
7,stromal cell,,,
8,B cell,2.3369517438177314,11.497128338935521,4.919711487132971
8,"CD4-positive, alpha-beta T cell",3.149135555321295,10.39212686200229,3.2999934996262863
8,"CD8-positive, alpha-beta T cell",2.2026937437005945,4.989475959609332,2.265170078172945
8,T cell,4.721607098008266,11.963327099215105,2.5337404936259187
8,adventitial cell,9.515356744021728,9.121542557218943,0.9586127774925297
8,basal cell,4.758710432505597,7.497207636703099,1.5754704437343972
8,bladder urothelial cell,3.6024279105601336,6.875182251745197,1.9084857275259646
8,classical monocyte,3.3977124869265474,9.54252748013764,2.8085152928196933
8,endothelial cell,2.040075577813738,6.967455803673478,3.4152929820081486
8,enterocyte of epithelium of large intestine,5.377804356656536,7.126214169003131,1.3251159202514404
8,epithelial cell,,,
8,fibroblast,4.1285423277309246,4.711220720312886,1.1411341694786996
8,fibroblast of cardiac tissue,6.009740918321238,11.789535347567817,1.9617377034717678
8,granulocyte,,,
8,hematopoietic precursor cell,3.695997107170923,14.049834522485916,3.8013651296497555
8,hematopoietic stem cell,5.148159761698979,11.178708680388315,2.1713989459991336
8,hepatocyte,9.998089844551714,5.049780629794541,0.5050745400679042
8,intermediate monocyte,3.9296248669311202,8.423175365792675,2.1435062254099684
8,large intestine goblet cell,3.744966645535449,8.217488235599438,2.19427541374658
8,macrophage,4.6530275836906485,9.769429394074571,2.09958553186262
8,mature NK T cell,2.4477626641504995,8.905622695751662,3.6382705015407915
8,mesenchymal stem cell,5.560341134455265,12.884214220795554,2.3171625461893166
8,mesenchymal stem cell of adipose tissue,7.810542707564647,14.847358293969547,1.9009381101763418
8,monocyte,2.384883442431817,7.524650650869983,3.155143986071391
8,myeloid dendritic cell,6.786921593648686,7.341574311718827,1.0817237550805352
8,myeloid leukocyte,15.241013953039436,9.531500988224547,0.6253849656980157
8,natural killer cell,3.0605969481650472,9.26553305688359,3.027361398382971
8,neutrophil,3.371375843431199,10.103892045213017,2.9969640035534684
8,non-classical monocyte,5.045260553088777,5.84318036120829,1.158152349065702
8,plasma cell,5.23837558156875,11.26396906017051,2.1502790101196334
8,smooth muscle cell,4.010463426153763,8.186847702265155,2.041371989300687
8,stromal cell,10.521613149213003,20.90297235591146,1.9866699202369897
9,B cell,1.9254552946647758,10.862461139259201,5.641502645819865
9,"CD4-positive, alpha-beta T cell",2.7312900335029275,10.785412411427762,3.948834535743273
9,"CD8-positive, alpha-beta T cell",1.6899389705046133,4.939521029951572,2.92289906095049
9,T cell,4.370719232189378,12.096395418759585,2.7675983690904493
9,adventitial cell,,,
9,basal cell,3.3994003487143565,8.52598100107724,2.50808381669483
9,bladder urothelial cell,2.2745167805662905,5.911700556240839,2.5991017550413464
9,classical monocyte,3.7639675398420724,8.542232253162558,2.2694755368482724
9,endothelial cell,1.901166713807606,6.652807618595621,3.4993288964498834
9,enterocyte of epithelium of large intestine,6.246799158166166,6.889385221885476,1.10286645167378
9,epithelial cell,7.540024023147481,16.226288905178812,2.1520208497167848
9,fibroblast,5.073929142169306,8.539825991141717,1.6830794738868982
9,fibroblast of cardiac tissue,3.4058879569236566,10.47573603427854,3.0757723585659793
9,granulocyte,18.992252109170813,7.609040069470571,0.4006391672631801
9,hematopoietic precursor cell,7.134458610607082,14.60618678182552,2.0472733221985373
9,hematopoietic stem cell,4.849572091525633,14.452429836959713,2.980145374519653
9,hepatocyte,12.874439906199614,6.938728773398371,0.5389538359689781
9,intermediate monocyte,6.144027546902364,8.890863408037053,1.4470741447960405
9,large intestine goblet cell,6.580402196637675,8.193409902855372,1.2451229663502756
9,macrophage,5.251985336236212,11.469271747614243,2.183797366775132
9,mature NK T cell,2.483514537242696,8.949693630586868,3.6036405249003294
9,mesenchymal stem cell,5.6759894399686495,9.972588426149146,1.7569779739062072
9,mesenchymal stem cell of adipose tissue,8.73829916993389,12.61287613760575,1.4434017298244062
9,monocyte,7.377627020343713,10.60849961480814,1.437928426790259
9,myeloid dendritic cell,5.702824801034557,9.940636711618856,1.7431075052166274
9,myeloid leukocyte,15.849778974124057,23.66784131461088,1.4932600229473478
9,natural killer cell,1.9962857550697395,8.538614282492919,4.277250519274794
9,neutrophil,6.139331223831193,8.76102743906106,1.4270328672043568
9,non-classical monocyte,4.3536352053222025,6.534756757217162,1.5009885874748063
9,plasma cell,6.471150283828014,11.46740760240579,1.7720817937212605
9,smooth muscle cell,2.7057426000299247,7.620548638078167,2.816435176795415
9,stromal cell,12.2592475382899,16.32832939703957,1.3319193813519559
10,B cell,2.5320150433890967,11.458799757198786,4.525565433395375
10,"CD4-positive, alpha-beta T cell",2.5612163702411825,10.181477217877175,3.975250719219171
10,"CD8-positive, alpha-beta T cell",1.6901754466043626,4.93238812435664,2.9182698957472293
10,T cell,2.15715354336894,11.382747857541982,5.276744389629746
10,adventitial cell,9.433032861695532,9.323639107229532,0.9884031195406716
10,basal cell,4.981455211569447,7.519781177913079,1.5095551116164532
10,bladder urothelial cell,3.645864667979536,6.735196087709083,1.8473521924338434
10,classical monocyte,3.929932534489747,9.824250740006287,2.4998522630571935
10,endothelial cell,2.3204652360202713,7.027662590779385,3.028557584785119
10,enterocyte of epithelium of large intestine,5.037533337555629,7.187341459673992,1.4267580933095163
10,epithelial cell,,,
10,fibroblast,3.305278494834498,5.658809831622576,1.7120523551846494
10,fibroblast of cardiac tissue,5.955295219479968,11.414196023775018,1.9166465478384354
10,granulocyte,,,
10,hematopoietic precursor cell,3.552023724931334,13.887866586464952,3.909846234693555
10,hematopoietic stem cell,4.849831608126565,11.644295891558208,2.400969112421672
10,hepatocyte,10.159165168240477,5.052470554097588,0.4973312738228326
10,intermediate monocyte,3.655714391914944,8.197547965814161,2.242392891508164
10,large intestine goblet cell,3.7311436061692,7.828568086109758,2.098168527516801
10,macrophage,3.6259615224706763,9.772767582418323,2.695220983966566
10,mature NK T cell,2.5188884921357446,8.804442348745619,3.495368046753195
10,mesenchymal stem cell,5.159776532144836,12.318785880320117,2.3874650003881848
10,mesenchymal stem cell of adipose tissue,7.299875864587182,14.281504932156807,1.95640380700699
10,monocyte,2.3049547785514313,8.0785946198572,3.504882045856996
10,myeloid dendritic cell,6.248060010354461,7.2669974115358515,1.1630806041383692
10,myeloid leukocyte,13.654648196522096,10.338658110731219,0.7571530193919257
10,natural killer cell,3.1335549054236655,9.350524475168392,2.98399892690062
10,neutrophil,3.051271852355226,10.04669842907423,3.2926264571671484
10,non-classical monocyte,4.838782799241273,5.881044470145503,1.2153974902671096
10,plasma cell,5.545837975503063,11.226392702620108,2.0242915051267367
10,smooth muscle cell,3.597779035630046,8.06904654240398,2.2427854691723503
10,stromal cell,10.510196477115421,21.190776816558486,2.016211291834423
11,B cell,3.294384412001621,10.994777573244036,3.3374300622566895
11,"CD4-positive, alpha-beta T cell",3.1647281822679134,10.299137382204734,3.254351334156018
11,"CD8-positive, alpha-beta T cell",2.101916743789737,4.9619777805187875,2.360691875726907
11,T cell,2.725989379740921,11.756518921312294,4.312753016825633
11,adventitial cell,5.770059862570848,6.228873481223478,1.0795162666558897
11,basal cell,5.22545917562468,8.017699407552053,1.534353085170467
11,bladder urothelial cell,4.8696861953829,6.190467402889841,1.2712251168790332
11,classical monocyte,3.0971092235892206,8.749299459113706,2.8249889905316925
11,endothelial cell,2.2280162317422487,7.008021523319508,3.145408648050748
11,enterocyte of epithelium of large intestine,7.277629722088204,7.071992853459832,0.9717439775749724
11,epithelial cell,,,
11,fibroblast,4.009640710839646,7.840188436091665,1.9553344056230606
11,fibroblast of cardiac tissue,6.536685324261791,8.230677201405943,1.2591515107598452
11,granulocyte,23.30668723073859,18.877984104430563,0.8099814408429902
11,hematopoietic precursor cell,6.605906043407645,15.152465140792106,2.2937754550586575
11,hematopoietic stem cell,5.100515350291627,13.164033075353862,2.5809221561505926
11,hepatocyte,7.244346873626457,5.705781175529806,0.7876184389102204
11,intermediate monocyte,4.314197838147608,8.682943675214055,2.012643833446048
11,large intestine goblet cell,4.826999481198082,7.407937320134192,1.5346878219045321
11,macrophage,5.806352268936718,10.4410937122774,1.7982191277191342
11,mature NK T cell,3.013359455565786,8.474946770388797,2.812457954438611
11,mesenchymal stem cell,4.186054053225953,12.202130337389274,2.9149481067942227
11,mesenchymal stem cell of adipose tissue,4.703086384811402,10.09110256610852,2.1456341092729434
11,monocyte,5.640541929795572,10.3560375636889,1.8360004575064353
11,myeloid dendritic cell,10.90165446893266,10.317106113266195,0.9463798492850511
11,myeloid leukocyte,16.10386852935378,22.639962352157205,1.4058710371914411
11,natural killer cell,2.601354415207709,9.092724109381283,3.49538073559856
11,neutrophil,11.544955315008979,14.880102366426456,1.2888834959007274
11,non-classical monocyte,4.045963341584498,6.858404973810985,1.6951228656276125
11,plasma cell,4.511891000274198,11.104533589668936,2.46117062424471
11,smooth muscle cell,2.952629580497721,7.539814286131476,2.5535930195688477
11,stromal cell,6.81427695395858,18.395028152787322,2.6994834928306224
12,B cell,2.067122829037373,10.710384015588698,5.181300242606463
12,"CD4-positive, alpha-beta T cell",3.673769068111806,11.078308351981754,3.0155157133149997
12,"CD8-positive, alpha-beta T cell",1.3949126454116965,5.049150363300776,3.619689290156634
12,T cell,6.176970187364326,12.637938783272169,2.0459769757549533
12,adventitial cell,15.339621063326215,5.5338768772751585,0.3607570783156754
12,basal cell,3.777328638986959,8.375433416573681,2.2172901055333876
12,bladder urothelial cell,2.285911247585474,6.02115132822268,2.634026729857778
12,classical monocyte,3.638643741586054,8.906143164676859,2.44765462001365
12,endothelial cell,3.4623327658573415,7.2878110439482775,2.104884636108532
12,enterocyte of epithelium of large intestine,7.167082783286887,7.316397702813525,1.0208334302869824
12,epithelial cell,7.360220988951844,17.38827325334839,2.362466192176741
12,fibroblast,5.00604281175347,8.151204473355595,1.6282730251962163
12,fibroblast of cardiac tissue,8.073816099703542,9.38883446111259,1.162874450590636
12,granulocyte,21.858157229917836,9.75773210822908,0.44641147035365886
12,hematopoietic precursor cell,4.819351543245217,15.503373555641886,3.216900327051541
12,hematopoietic stem cell,3.640660745208137,13.54266942467149,3.7198383404705986
12,hepatocyte,13.843973950205589,7.664440232180782,0.5536300674754565
12,intermediate monocyte,4.161156376709805,9.240713782400569,2.2207081267412336
12,large intestine goblet cell,5.773873819302335,8.04399577552822,1.3931713832465058
12,macrophage,3.155136304984913,11.570820516180284,3.667296559549307
12,mature NK T cell,3.0033090969202187,9.075235121090461,3.0217452910180893
12,mesenchymal stem cell,7.366784846730696,9.922240599486456,1.3468888810957802
12,mesenchymal stem cell of adipose tissue,7.716646802142601,11.28066887150773,1.4618615003054882
12,monocyte,2.2274441560252223,8.785075662087527,3.944016121941353
12,myeloid dendritic cell,5.875446227944835,7.5707543785974565,1.2885411737051369
12,myeloid leukocyte,,,
12,natural killer cell,2.2999938317258084,8.413412046431322,3.658015047857015
12,neutrophil,4.55015778934048,9.44599941626464,2.0759718351731675
12,non-classical monocyte,4.132346993259111,5.621173666603032,1.3602859768970441
12,plasma cell,8.41244343846839,11.74463509603683,1.396102711648676
12,smooth muscle cell,2.1697676796720238,7.143433786196144,3.2922574398729756
12,stromal cell,12.548806920400628,16.03743425745911,1.2780047026930514
13,B cell,1.5190834167584288,10.43710664177488,6.870660640905827
13,"CD4-positive, alpha-beta T cell",2.3224131135418307,10.083996304410748,4.34203382921482
13,"CD8-positive, alpha-beta T cell",1.4386318011268682,4.848393430747581,3.3701419827852237
13,T cell,2.6529303593573057,11.775465827270706,4.4386637537381155
13,adventitial cell,8.75614492207388,6.427139467944438,0.7340147433766069
13,basal cell,4.107897857310896,7.825585520584076,1.9050097622697084
13,bladder urothelial cell,4.528059008769271,6.62363204507288,1.4627972012390331
13,classical monocyte,4.989364026421175,9.75240667064926,1.9546392323761896
13,endothelial cell,1.4358045218597872,6.527048471475384,4.545917199801645
13,enterocyte of epithelium of large intestine,6.264369987499711,7.921769940466645,1.2645756805990398
13,epithelial cell,,,
13,fibroblast,3.093911086973932,7.393441980441308,2.3896750011884236
13,fibroblast of cardiac tissue,5.343348683290587,12.045348398943213,2.2542695812853712
13,granulocyte,24.176384986791998,9.191719176486423,0.38019411014128157
13,hematopoietic precursor cell,6.254101482688012,14.398261833020658,2.302211096650176
13,hematopoietic stem cell,5.032618028778601,14.079573850325561,2.797663913655419
13,hepatocyte,,,
13,intermediate monocyte,2.6452930468617324,8.4452903412135,3.192572691041791
13,large intestine goblet cell,5.236412376847506,9.410938603820503,1.7972111297861917
13,macrophage,4.163012197192044,10.530590430730959,2.5295603116017418
13,mature NK T cell,3.6267014440224945,8.611868394019444,2.374573293926212
13,mesenchymal stem cell,3.9147404865356044,10.495374097633169,2.680988467493837
13,mesenchymal stem cell of adipose tissue,5.553408058192745,11.780128093787745,2.1212430223651477
13,monocyte,3.5825877344149717,9.945479476182989,2.776060270805081
13,myeloid dendritic cell,6.072784930910509,9.769961562953766,1.6088107308435389
13,myeloid leukocyte,14.612299371881498,20.653422701120864,1.4134272899489262
13,natural killer cell,2.367617343125857,9.675493203840707,4.086595003171667
13,neutrophil,10.273540646224331,8.794044679670712,0.8559896711853323
13,non-classical monocyte,,,
13,plasma cell,3.0793299964017233,10.924481493969923,3.5476813159796
13,smooth muscle cell,2.378515030455737,6.8754615890426,2.8906529918901636
13,stromal cell,9.341597592791278,15.709083689943155,1.6816271022063225
14,B cell,1.717265660159781,10.617529447827563,6.182811252884231
14,"CD4-positive, alpha-beta T cell",3.3553691697429717,10.348747686229967,3.0842351952058684
14,"CD8-positive, alpha-beta T cell",1.5910661736551548,4.83789024243284,3.040659353167417
14,T cell,2.5217390522083982,11.642501350430475,4.616854127009939
14,adventitial cell,10.345090549633325,6.184318597748794,0.5978022684362094
14,basal cell,3.3466541562573537,7.8022187267822805,2.3313489719857086
14,bladder urothelial cell,5.523127929819157,7.002876629057057,1.2679185993952435
14,classical monocyte,5.284731344950692,10.52484796626289,1.9915578066837547
14,endothelial cell,2.278358059871113,6.155212941067891,2.7016003539918096
14,enterocyte of epithelium of large intestine,7.101418902851326,7.956108939262561,1.1203548260007679
14,epithelial cell,,,
14,fibroblast,3.3850738325673264,7.394626958240887,2.184480257741561
14,fibroblast of cardiac tissue,7.6569404537468415,10.887630510547732,1.4219296305510625
14,granulocyte,22.855312187544044,9.101877867200455,0.3982390523705427
14,hematopoietic precursor cell,5.4416791879546045,14.198563151616856,2.609224590645843
14,hematopoietic stem cell,4.951451609992875,13.614363428121043,2.7495701261918692
14,hepatocyte,8.781773621873237,3.9982732506463527,0.455292224874442
14,intermediate monocyte,3.9560342150053533,8.31951289252818,2.102993159404948
14,large intestine goblet cell,6.476369621806214,9.468417783171825,1.4619946568971691
14,macrophage,4.15195722982468,10.277919242143625,2.4754395754162477
14,mature NK T cell,2.40734692686797,8.635075175176315,3.586967494714526
14,mesenchymal stem cell,3.8442342085119487,10.45562655637262,2.7198203827492216
14,mesenchymal stem cell of adipose tissue,5.211809094056363,11.679493987615404,2.2409673448965926
14,monocyte,3.6607020357333506,10.260952533179536,2.8030012912875475
14,myeloid dendritic cell,7.101450031066186,9.905284135186267,1.3948255767279016
14,myeloid leukocyte,15.593869975175993,21.678967814679403,1.3902237128557777
14,natural killer cell,3.361565978075529,9.75856244496277,2.9029810834025254
14,neutrophil,9.838153550522343,8.81933086334793,0.8964416765867291
14,non-classical monocyte,3.3771154919018613,5.652877561596809,1.673877477732728
14,plasma cell,4.46123760255,10.829104985393354,2.427376873897849
14,smooth muscle cell,2.665652506148377,6.600932686875046,2.4762915164860657
14,stromal cell,9.38933386104118,16.063275674127386,1.710800351958742
15,B cell,2.531101709555904,10.972784777287181,4.335181291158947
15,"CD4-positive, alpha-beta T cell",3.0691264846355906,9.641042002179523,3.1412983630501112
15,"CD8-positive, alpha-beta T cell",1.1822869557971416,4.659640037852772,3.9412090398232213
15,T cell,3.6627287304151595,11.913526268277417,3.2526368030883503
15,adventitial cell,8.524449143935579,11.073427496886723,1.2990197149295595
15,basal cell,3.818549362117916,8.44988569398742,2.212852288310026
15,bladder urothelial cell,3.4019159723740877,6.510742749474544,1.913845845207901
15,classical monocyte,3.56387965826946,8.456940592179803,2.372959079175615
15,endothelial cell,2.7484001786669014,7.0153102496991995,2.5525068380332963
15,enterocyte of epithelium of large intestine,6.357111039299447,8.336406597511928,1.311351421420287
15,epithelial cell,7.617232893980134,17.72589411881309,2.3270778727038515
15,fibroblast,3.4156422280990912,7.085281994098784,2.074363039492564
15,fibroblast of cardiac tissue,6.025100090464061,13.417912116969957,2.2270023593809696
15,granulocyte,26.161957115625345,12.395099425189537,0.4737833400768977
15,hematopoietic precursor cell,5.092352823834063,14.098022748759712,2.7684693571851184
15,hematopoietic stem cell,5.680566892053867,12.063838391940692,2.1237032537748863
15,hepatocyte,4.388053670909742,5.714015555380217,1.302175402561923
15,intermediate monocyte,4.285630009982846,7.454142693636562,1.7393341647022857
15,large intestine goblet cell,5.6274170813018385,9.447015743891278,1.678748101909983
15,macrophage,5.8688138667445715,10.442890353319434,1.7793868727876525
15,mature NK T cell,4.057676228931002,8.936641695917132,2.2024038370038945
15,mesenchymal stem cell,5.477721840056001,8.160966099691871,1.4898467534467648
15,mesenchymal stem cell of adipose tissue,5.422557210384585,10.747873521137851,1.982067335417855
15,monocyte,2.7554409891295646,8.018512184342447,2.910064928255085
15,myeloid dendritic cell,8.091878816329034,6.6821739641940905,0.8257876960181083
15,myeloid leukocyte,16.98727918109195,8.512875151305451,0.5011323508935372
15,natural killer cell,2.4233749512160156,8.293021789675578,3.4220960258396067
15,neutrophil,5.0544293937945985,8.88924976164906,1.7587049039724503
15,non-classical monocyte,4.884843495493143,6.475380309245056,1.3256065041222662
15,plasma cell,3.9920364529338035,11.560832663691537,2.895973721681654
15,smooth muscle cell,3.456111932523935,8.58485084818277,2.4839620405214746
15,stromal cell,,,
16,B cell,2.809220656276939,10.882106683518176,3.8737101904768974
16,"CD4-positive, alpha-beta T cell",4.311803126356699,10.341994639001369,2.398531272400635
16,"CD8-positive, alpha-beta T cell",2.4936830841389135,5.214378760049092,2.0910350610368975
16,T cell,5.954025341129176,11.79207518596097,1.980521497700682
16,adventitial cell,8.269771445084924,10.941022083698513,1.3230138409932994
16,basal cell,4.552021238975006,8.598804467936286,1.8890079849171593
16,bladder urothelial cell,2.5350545742146906,6.093642180393505,2.4037518727900338
16,classical monocyte,3.1930236682574016,9.918048152343484,3.1061618023508974
16,endothelial cell,3.4210675789295886,6.74504018805288,1.9716185174463356
16,enterocyte of epithelium of large intestine,6.339416327146417,8.16604154346784,1.2881377593863832
16,epithelial cell,7.813069673931657,18.193981968149952,2.328659890088304
16,fibroblast,4.192037561028674,6.712892027124074,1.601343482589601
16,fibroblast of cardiac tissue,4.14875268144066,12.624015312485506,3.0428459543897897
16,granulocyte,22.86072229740709,9.644854733228692,0.4218963253983726
16,hematopoietic precursor cell,6.133083158377913,16.01878194174753,2.6118644616558897
16,hematopoietic stem cell,4.8328458251352115,14.890317946439115,3.08106620513236
16,hepatocyte,6.4780299280092,4.889400512564859,0.7547665828810779
16,intermediate monocyte,4.452305888759848,8.19500446968843,1.8406202705832233
16,large intestine goblet cell,5.754660808796268,7.3857393571352485,1.283436088161061
16,macrophage,5.624237250663807,10.600331249854266,1.8847589063927113
16,mature NK T cell,3.482806584390809,9.181816370699297,2.6363268094904337
16,mesenchymal stem cell,7.555193298057678,11.08360076012571,1.4670174968223686
16,mesenchymal stem cell of adipose tissue,,,
16,monocyte,4.524033077898601,7.482865455379445,1.654025363328071
16,myeloid dendritic cell,6.129688357484115,8.506617578958949,1.3877732574401918
16,myeloid leukocyte,16.712291503618456,8.64955970066076,0.517556775430108
16,natural killer cell,3.350870852057042,8.259501060745555,2.464881944248967
16,neutrophil,6.149923161067153,9.921897984809,1.6133369027471431
16,non-classical monocyte,4.602067377286178,6.84340713489817,1.4870288880763196
16,plasma cell,6.471019125541681,11.388864066838327,1.7599799731522163
16,smooth muscle cell,3.639113294418577,7.553174948346545,2.075553668507954
16,stromal cell,6.883686397084604,13.781423468092303,2.002041155438029
17,B cell,2.2928898613055146,10.73209468046482,4.6805975557649475
17,"CD4-positive, alpha-beta T cell",3.842468887084918,9.317067067232813,2.424760574782738
17,"CD8-positive, alpha-beta T cell",1.6792079469048458,5.035077777367193,2.998483771261304
17,T cell,5.719318185666698,12.129342228156668,2.120767167414162
17,adventitial cell,3.972582488300716,3.3367909180048865,0.839955099190957
17,basal cell,5.36743235539364,7.942329952312304,1.4797261383892792
17,bladder urothelial cell,6.406246023210131,5.716543561774212,0.892339061138599
17,classical monocyte,3.8795660216898034,9.761584265323862,2.5161536653195187
17,endothelial cell,2.605753428496179,7.0279004351473295,2.6970703974870105
17,enterocyte of epithelium of large intestine,6.788969834596983,8.106858013664578,1.1941219671284382
17,epithelial cell,,,
17,fibroblast,4.180049781137446,5.877148793439193,1.4059997131995745
17,fibroblast of cardiac tissue,,,
17,granulocyte,23.389478348355816,10.399517733140847,0.44462375681293853
17,hematopoietic precursor cell,5.640943541009442,14.895491280809436,2.6406027949969344
17,hematopoietic stem cell,4.871621877229492,13.646895385150914,2.8013043148808485
17,hepatocyte,,,
17,intermediate monocyte,5.910940219976448,7.841475807656117,1.3266038085033047
17,large intestine goblet cell,5.230658967580602,9.628932192385383,1.840864076986301
17,macrophage,3.4627493530813793,9.570395930418144,2.763814228108016
17,mature NK T cell,2.6862039906631545,9.690986037245578,3.607688050099696
17,mesenchymal stem cell,3.2922368431516293,12.339691502861717,3.7481177967284514
17,mesenchymal stem cell of adipose tissue,4.767278850379031,10.52102561947624,2.206924736244398
17,monocyte,6.144191363935497,7.659325779461912,1.246596228174107
17,myeloid dendritic cell,8.808184278055167,6.1685103494317595,0.7003157693691845
17,myeloid leukocyte,13.071707043447766,10.260940992166583,0.7849732982892936
17,natural killer cell,2.5977223493864012,8.900462923176189,3.426256437790026
17,neutrophil,10.138659643907172,9.744248573375732,0.9610983024991413
17,non-classical monocyte,3.255112267396853,6.152714840644928,1.8901697807078457
17,plasma cell,3.7591497152609077,11.449682290077613,3.045817048359548
17,smooth muscle cell,4.289401763813002,7.315873050995874,1.70556955347837
17,stromal cell,10.037810595610264,14.99721947343263,1.4940727692143558
18,B cell,2.335638632523577,10.039579502532876,4.298430143572962
18,"CD4-positive, alpha-beta T cell",3.5642318584618917,10.395426892980451,2.9165967046449364
18,"CD8-positive, alpha-beta T cell",2.2321988292454074,4.832416525170752,2.1648683181167807
18,T cell,6.412520679335782,12.176868827085016,1.89892078887554
18,adventitial cell,7.5642037345610555,8.095841615313383,1.0702833899519733
18,basal cell,2.8823288399445266,8.199824954723137,2.8448610169271844
18,bladder urothelial cell,3.0033601711577784,6.640321782044079,2.210964187982913
18,classical monocyte,4.026420436994111,8.84276919526167,2.1961862487125567
18,endothelial cell,1.7641187284624762,6.554286027405208,3.715331582652387
18,enterocyte of epithelium of large intestine,6.476521110282948,7.287106232361027,1.1251574893797676
18,epithelial cell,7.178200271811247,17.384988467484227,2.421914659549829
18,fibroblast,3.3038292912978657,7.529243211892727,2.278944384845914
18,fibroblast of cardiac tissue,6.535861348823556,11.365288104348968,1.7389120573059127
18,granulocyte,27.731683302084335,14.539131643999802,0.5242787278948563
18,hematopoietic precursor cell,5.239478368679528,13.764363959110513,2.6270485324246997
18,hematopoietic stem cell,5.593583256551316,12.43592943375095,2.2232491881095613
18,hepatocyte,,,
18,intermediate monocyte,4.863159336423585,8.407919948221235,1.7289007755202404
18,large intestine goblet cell,5.942209382697856,9.02591436528366,1.518949229820938
18,macrophage,6.428317321286987,10.499595871197014,1.6333350309929835
18,mature NK T cell,3.014828284594665,8.924994242838398,2.9603656992485523
18,mesenchymal stem cell,4.416275898376658,11.078509676257328,2.508563760776265
18,mesenchymal stem cell of adipose tissue,4.666051203476985,11.21658277829321,2.4038704868765666
18,monocyte,3.4160459840808466,8.22755005561293,2.4085009668939548
18,myeloid dendritic cell,7.83934963154385,8.301498687290366,1.0589524740530678
18,myeloid leukocyte,15.794059167202839,9.058318948387106,0.5735269731797107
18,natural killer cell,2.493976687866796,8.631969590041134,3.461126814871884
18,neutrophil,4.034066987736264,8.769501749776827,2.17386121163493
18,non-classical monocyte,4.648201262069641,7.2467270709767595,1.5590390050688356
18,plasma cell,3.0695809400668765,11.366305440945279,3.702885072220198
18,smooth muscle cell,5.040505412968689,8.123747534638419,1.6116930484266265
18,stromal cell,7.510399049231558,17.16459995502877,2.2854444673995054
19,B cell,3.6487795237507092,10.65419627389318,2.9199342422699623
19,"CD4-positive, alpha-beta T cell",4.188562656512088,10.24464441741983,2.445861565778934
19,"CD8-positive, alpha-beta T cell",2.7968659726245373,5.362898045874254,1.9174669427730178
19,T cell,3.658058323423166,11.92328873821773,3.259458347580435
19,adventitial cell,12.860941056361597,14.41682854924244,1.1209777329716655
19,basal cell,4.613648249590652,7.513038471775775,1.6284376409585133
19,bladder urothelial cell,2.8867061337418143,6.874900428949796,2.3815726680978067
19,classical monocyte,2.8760298007830842,7.411019440375852,2.5768228960485677
19,endothelial cell,3.4122246089978567,6.580980616895581,1.9286481316446407
19,enterocyte of epithelium of large intestine,7.078160427849637,7.7292406087922,1.0919843775200164
19,epithelial cell,6.447181406596622,16.149717337574298,2.5049267763817293
19,fibroblast,5.291889894719464,7.405229861724656,1.3993544856468003
19,fibroblast of cardiac tissue,4.65255573956129,14.65796555454361,3.1505190641575793
19,granulocyte,17.6627511111458,11.313497085207924,0.6405285911586401
19,hematopoietic precursor cell,6.6534375479712065,14.41935389845041,2.167203613844278
19,hematopoietic stem cell,5.18390420463699,13.023882882913473,2.512369513168017
19,hepatocyte,9.678138179482085,4.984067647698295,0.5149820714757569
19,intermediate monocyte,3.7036158943548334,7.988989960369191,2.1570784304458406
19,large intestine goblet cell,6.484943954880665,8.629975616328387,1.3307710407941675
19,macrophage,6.772759281807056,10.179075913489553,1.5029437028468624
19,mature NK T cell,3.5591395454276205,9.15024378332028,2.5709145894758403
19,mesenchymal stem cell,9.381392678213203,13.2892061247793,1.4165493952343957
19,mesenchymal stem cell of adipose tissue,,,
19,monocyte,5.657911624923206,10.665520370484925,1.885063089975303
19,myeloid dendritic cell,5.740788769640133,9.948550491144069,1.7329588128649616
19,myeloid leukocyte,20.177031733310397,23.445284117416964,1.161978849382042
19,natural killer cell,3.6007396819911217,9.164827912052912,2.545262563103419
19,neutrophil,5.416280425110746,9.269516067047922,1.7114173084674413
19,non-classical monocyte,6.516687674264465,7.399826468735807,1.135519582741246
19,plasma cell,6.425940110429713,10.85372459551633,1.6890485141465974
19,smooth muscle cell,2.8826437539283676,6.709352803847858,2.3274998149544435
19,stromal cell,8.844504366167952,18.203170953680555,2.058133525640106
20,B cell,3.246868021870339,10.835564719010284,3.3372359597075714
20,"CD4-positive, alpha-beta T cell",3.671779674008546,9.892292432593067,2.6941410735011444
20,"CD8-positive, alpha-beta T cell",2.1540795283374106,4.734421549713534,2.197886144606609
20,T cell,6.593827646108434,12.288472621105868,1.8636326699194687
20,adventitial cell,4.638254059103785,5.799262391238615,1.2503115002629166
20,basal cell,4.197544247032442,7.8338884976658525,1.8663027800610354
20,bladder urothelial cell,4.674268327714868,6.079874866868544,1.3007115639509814
20,classical monocyte,2.619518984548334,8.649203397272013,3.301828865639367
20,endothelial cell,3.1052149753840186,7.1650786799095645,2.3074340220272407
20,enterocyte of epithelium of large intestine,7.323735067920985,7.059477953417589,0.9639177124714845
20,epithelial cell,,,
20,fibroblast,4.351619989630053,6.460037590473685,1.4845132630762816
20,fibroblast of cardiac tissue,6.149405301440642,8.728286216237686,1.4193707827638034
20,granulocyte,23.473473595136642,18.970854932711624,0.808182685695146
20,hematopoietic precursor cell,6.815171650267901,14.648447875031135,2.149387957742093
20,hematopoietic stem cell,5.5780706962682896,11.502270083834365,2.06205168599411
20,hepatocyte,7.70609252944903,6.149079629823618,0.7979504017535154
20,intermediate monocyte,3.8466414451382445,8.5626129315114,2.2259971597648263
20,large intestine goblet cell,5.212378063549741,8.313193360406784,1.5948945489087032
20,macrophage,5.014768287603191,11.53161437837456,2.299530849088562
20,mature NK T cell,2.725990540210725,8.59836868955408,3.154218095301757
20,mesenchymal stem cell,3.90051915256472,11.576278490936245,2.967881463503252
20,mesenchymal stem cell of adipose tissue,5.858389105125895,9.941820664633557,1.6970229334775313
20,monocyte,4.997211144330682,9.016285717218956,1.8042635095473003
20,myeloid dendritic cell,7.009905007595038,7.708856587363148,1.099709137143915
20,myeloid leukocyte,,,
20,natural killer cell,2.7134774024629134,8.910457172161554,3.2837779168803443
20,neutrophil,11.644735706032378,14.742321319443539,1.266007378064107
20,non-classical monocyte,3.1432461940758585,5.503455124949297,1.7508826178877663
20,plasma cell,5.16287260662584,10.92683370681082,2.1164252034395976
20,smooth muscle cell,3.8249159818368748,7.995312551036375,2.090323706194642
20,stromal cell,10.936704136526163,19.736138207024883,1.804578231307416
21,B cell,2.211073524314729,10.470153207719477,4.735325665375356
21,"CD4-positive, alpha-beta T cell",2.6296452303515214,9.853723460750778,3.7471683811255287
21,"CD8-positive, alpha-beta T cell",1.2147015417827283,4.878843091848983,4.0164953480578145
21,T cell,3.477509203546647,11.859495443236824,3.41034192839563
21,adventitial cell,9.435269441061264,10.396493697920713,1.101875655259648
21,basal cell,3.333107997921467,8.16831176793725,2.4506591964709896
21,bladder urothelial cell,3.321938809933747,6.419278049874619,1.9323890105015649
21,classical monocyte,3.721403390815086,8.83898729801878,2.3751758059431465
21,endothelial cell,2.8120086441739245,7.042060562068755,2.5042812640917327
21,enterocyte of epithelium of large intestine,7.093102942745991,7.978678259231609,1.1248501993603917
21,epithelial cell,7.660694604093867,17.86427471778885,2.33193928762572
21,fibroblast,3.3759477852219257,7.355716410588865,2.1788596502553195
21,fibroblast of cardiac tissue,6.773612634343989,13.356861770590852,1.97189631170641
21,granulocyte,27.846367706029827,13.910342443667522,0.4995388479573725
21,hematopoietic precursor cell,5.312512227739927,14.4135457976595,2.71313178770628
21,hematopoietic stem cell,5.472020537514036,12.992406642446104,2.3743344078069955
21,hepatocyte,,,
21,intermediate monocyte,4.874281487069358,7.914878538239783,1.6238041564149739
21,large intestine goblet cell,5.985003251254752,9.286332126160488,1.551600180703931
21,macrophage,5.480416704269545,10.196209091164915,1.860480624260106
21,mature NK T cell,3.886081106387482,8.853822550488022,2.278342193099149
21,mesenchymal stem cell,4.602890538121894,12.765287530655005,2.7733198139149304
21,mesenchymal stem cell of adipose tissue,6.284471682105235,11.61350558243556,1.8479684800720035
21,monocyte,3.1536552095572215,8.605030711475147,2.7285895697783995
21,myeloid dendritic cell,7.9870759489087995,7.558746932275427,0.9463722369270958
21,myeloid leukocyte,13.559350602845079,10.175138917503778,0.7504149140718279
21,natural killer cell,2.4146492924093614,8.328234308157766,3.4490450991529995
21,neutrophil,4.488334405312746,9.011867077885833,2.007842166844493
21,non-classical monocyte,4.981986207751314,7.236217250951071,1.4524763717114413
21,plasma cell,3.2292404315396164,11.683417962678575,3.618008076626314
21,smooth muscle cell,5.282330374470837,8.30488108487851,1.5722002404498334
21,stromal cell,9.303647940902007,15.390833449147562,1.6542794339287297
22,B cell,2.7544102905487864,10.717938687290593,3.8911917821637094
22,"CD4-positive, alpha-beta T cell",3.597598445374549,9.93811906004945,2.7624314416821427
22,"CD8-positive, alpha-beta T cell",2.467801904916562,4.9156121748270385,1.9918990114375648
22,T cell,3.3708558985795434,11.465123460283005,3.4012499511220082
22,adventitial cell,10.225711122707784,11.583445658591248,1.132776539410389
22,basal cell,3.404170331264862,8.165152081329772,2.398573304731173
22,bladder urothelial cell,4.694777111067592,6.605116595755271,1.4069073865475306
22,classical monocyte,3.8179124490516045,8.51524730815187,2.2303411672698563
22,endothelial cell,2.6923654926347953,6.553471726408707,2.434094384412633
22,enterocyte of epithelium of large intestine,15.712754748583402,8.509604055535625,0.5415730208799203
22,epithelial cell,,,
22,fibroblast,4.347629552699907,7.353593714971902,1.691403010729208
22,fibroblast of cardiac tissue,6.908075126370889,14.818208551058659,2.145056080020268
22,granulocyte,25.469971479692845,8.829518080072475,0.3466638385171429
22,hematopoietic precursor cell,6.82600544983089,13.672372816815221,2.002982991634433
22,hematopoietic stem cell,7.044052412424197,12.683209032535645,1.8005557440437534
22,hepatocyte,10.181044651884026,5.868260373456298,0.5763907903468789
22,intermediate monocyte,4.966113263540156,8.346246765272006,1.6806396315097896
22,large intestine goblet cell,9.734040844863758,9.150131516476208,0.9400136759549704
22,macrophage,4.350904688962029,10.2259621140949,2.350307084417988
22,mature NK T cell,4.273705182268498,8.716805539678603,2.0396366075611447
22,mesenchymal stem cell,4.636580691142502,12.23275948754909,2.6383148061928394
22,mesenchymal stem cell of adipose tissue,5.650089344262002,11.364911986855095,2.0114570397717393
22,monocyte,6.189467330943231,10.378421413146016,1.6767874936928409
22,myeloid dendritic cell,6.777478547383457,9.07803195362693,1.3394408982868171
22,myeloid leukocyte,16.98510323252426,22.749067134937107,1.3393540694751627
22,natural killer cell,2.874109859155591,8.795722875857239,3.060329391320278
22,neutrophil,11.019794875453254,8.440425205496533,0.7659330596341405
22,non-classical monocyte,4.840574244543174,7.123852652808911,1.4716957726326991
22,plasma cell,4.366908373062235,11.007606521573877,2.5206863944010216
22,smooth muscle cell,2.3059281756046883,7.464315609346742,3.2370113207838136
22,stromal cell,12.164725200413322,14.859020080678802,1.2214842370770476
23,B cell,2.4615083713505825,10.329120525808813,4.196256509231948
23,"CD4-positive, alpha-beta T cell",2.3149354677275347,9.605327412228522,4.149285172799063
23,"CD8-positive, alpha-beta T cell",2.0304427556915607,4.876232037356921,2.401560952008271
23,T cell,3.0989533766814055,11.722415226453931,3.7827013838482406
23,adventitial cell,8.377031180212795,10.877130863076518,1.2984469830754786
23,basal cell,3.2248392290824013,7.278321333363799,2.256956336838776
23,bladder urothelial cell,3.6419885765313174,7.2216628949368324,1.9828900456944456
23,classical monocyte,4.5425571961486355,9.339125758545832,2.055918143741574
23,endothelial cell,2.303491751418704,6.96714367475312,3.0246010954726046
23,enterocyte of epithelium of large intestine,5.948968567586287,7.012201617547571,1.178725612327899
23,epithelial cell,7.344941127037707,16.02562004250713,2.181858202173287
23,fibroblast,2.1002495681470275,6.914025450009127,3.2920018434328813
23,fibroblast of cardiac tissue,4.600700452572468,12.985188983952126,2.8224373913958027
23,granulocyte,18.049450601480114,12.1081193063179,0.670830352328009
23,hematopoietic precursor cell,5.373585144836256,13.174900985282099,2.451789751194789
23,hematopoietic stem cell,3.5758193109250747,11.656907417007238,3.2599263003564807
23,hepatocyte,,,
23,intermediate monocyte,5.041497546171899,8.44301956511447,1.6747046860164414
23,large intestine goblet cell,5.871570281131934,8.685044282831816,1.47916892193914
23,macrophage,5.248236139490262,10.128519686158455,1.9298902368257753
23,mature NK T cell,4.823549593331587,8.902991865223154,1.8457344934384572
23,mesenchymal stem cell,9.453198818001693,13.821962486098167,1.4621465973800374
23,mesenchymal stem cell of adipose tissue,6.535984686617926,13.771146217950164,2.1069734520868506
23,monocyte,2.242833781569899,8.444360821025619,3.7650408560882673
23,myeloid dendritic cell,4.289124451793677,7.950912758746394,1.8537379477113065
23,myeloid leukocyte,11.564308295951829,11.580575952442306,1.00140671245302
23,natural killer cell,3.8654614094062176,9.659319725366936,2.4988788406636107
23,neutrophil,5.810281184935109,11.883982575522284,2.045336911806448
23,non-classical monocyte,5.663725264006248,6.7199744789662335,1.1864937237815179
23,plasma cell,4.690441857318694,11.07822773259315,2.3618729470673054
23,smooth muscle cell,3.0931452257005523,8.01555246069291,2.591392215953101
23,stromal cell,11.75069399954285,23.183142257128097,1.9729168556367833
24,B cell,2.8966100419786827,11.19150316508401,3.8636554465022366
24,"CD4-positive, alpha-beta T cell",2.6764477015270938,9.780698692763117,3.654358232810815
24,"CD8-positive, alpha-beta T cell",1.6366148657193835,4.911834134271287,3.001215641599505
24,T cell,2.902939822574026,11.890131611021596,4.095893245378631
24,adventitial cell,9.17450351197301,11.475289043188063,1.2507803859045297
24,basal cell,4.314729884916629,8.064787019870359,1.8691290613725615
24,bladder urothelial cell,3.762979032871363,6.466624235274958,1.7184853220775358
24,classical monocyte,4.7567415723441755,8.35464594140497,1.7563800375406367
24,endothelial cell,2.094968655598833,6.818930071764484,3.2549079211952874
24,enterocyte of epithelium of large intestine,7.041194190610834,8.243191131831162,1.1707092445800098
24,epithelial cell,7.484041144538197,17.718720197585537,2.367533776924321
24,fibroblast,3.4347239559365867,7.525267006435859,2.1909379335795434
24,fibroblast of cardiac tissue,6.235382216555087,16.476319154885374,2.642391209177259
24,granulocyte,27.399402192049347,13.906752123965694,0.5075567717313592
24,hematopoietic precursor cell,5.346669905713557,14.308104801850583,2.67607783053161
24,hematopoietic stem cell,6.407728651074361,11.86279683218212,1.8513263401366298
24,hepatocyte,11.171823512158069,6.628658518043542,0.5933372032622702
24,intermediate monocyte,4.0529158839607575,7.819299689777747,1.9293022390921788
24,large intestine goblet cell,5.6431294243688335,9.32309675684163,1.6521146434426126
24,macrophage,3.6391318736766793,9.851766505024747,2.707174910666629
24,mature NK T cell,2.7289283008136076,9.07319155093033,3.324818592055069
24,mesenchymal stem cell,5.534078316348868,8.40918903037306,1.5195283748570183
24,mesenchymal stem cell of adipose tissue,4.862408432973683,11.211073746444765,2.3056626980198893
24,monocyte,3.2927077006620316,8.291765589847083,2.518220973024706
24,myeloid dendritic cell,9.164603602580936,7.727262157486587,0.843163817288337
24,myeloid leukocyte,13.298254519998341,10.316606843319402,0.7757865385870724
24,natural killer cell,2.4264452682016824,8.251923712897701,3.4008282902723255
24,neutrophil,4.939994593835507,9.141882311927775,1.8505854891695015
24,non-classical monocyte,7.433687103621802,6.629664163004914,0.8918406264066244
24,plasma cell,4.339440857536879,11.260494825249244,2.594918376567262
24,smooth muscle cell,3.823276708584034,8.377481804434106,2.19117852119491
24,stromal cell,,,
25,B cell,2.9765348928412236,10.604853703254326,3.562818540699707
25,"CD4-positive, alpha-beta T cell",3.6530701950249043,9.564896100331685,2.618317083903305
25,"CD8-positive, alpha-beta T cell",2.4154766043820852,4.822908517259275,1.9966695220768023
25,T cell,5.977760517300178,12.177907427157333,2.037202292047895
25,adventitial cell,5.734685711080928,4.936363463535061,0.8607905842157492
25,basal cell,5.062358043393596,7.97992053317013,1.5763248005707475
25,bladder urothelial cell,4.520780165664344,6.386075101118721,1.412604653865151
25,classical monocyte,3.2951919902947173,8.301540643424227,2.51928891180685
25,endothelial cell,2.291879599464961,7.157572689707635,3.1230142680176436
25,enterocyte of epithelium of large intestine,6.136871508373984,6.503203515663222,1.059693608834626
25,epithelial cell,,,
25,fibroblast,2.677838564190308,7.188963704459971,2.68461430072566
25,fibroblast of cardiac tissue,,,
25,granulocyte,19.075589761277456,15.252829091547772,0.7995993456784384
25,hematopoietic precursor cell,5.2832456597096735,14.291370321693904,2.7050361164692176
25,hematopoietic stem cell,3.7462936821119484,10.829944307925766,2.8908423169377517
25,hepatocyte,,,
25,intermediate monocyte,5.7379565980344704,8.402716733995653,1.4644092527423427
25,large intestine goblet cell,5.348451134363225,7.969019634516286,1.4899677372606415
25,macrophage,4.853655362630379,11.566335332279914,2.3830153705045265
25,mature NK T cell,3.1608335437946335,8.821866639503924,2.7909937417688644
25,mesenchymal stem cell,4.032283906553312,9.381788199888078,2.326668562360079
25,mesenchymal stem cell of adipose tissue,6.145953734811418,9.031705825668444,1.4695369043394813
25,monocyte,4.629225915907901,8.94711843202855,1.9327461209621712
25,myeloid dendritic cell,7.429586940756673,7.845968131734281,1.0560436528030186
25,myeloid leukocyte,,,
25,natural killer cell,2.7663456246526796,8.898823991305516,3.2168156834787345
25,neutrophil,9.77028569576237,13.545465227806169,1.386393975529415
25,non-classical monocyte,2.724487118675752,5.528845759244259,2.029316167929462
25,plasma cell,4.6761850788771815,10.731633457405271,2.2949548138890363
25,smooth muscle cell,2.9633312083233516,7.34303663624158,2.4779668960447587
25,stromal cell,8.824298676176708,18.412453146281894,2.086562776483381
26,B cell,2.2651028369453314,10.67655131431911,4.713495184491171
26,"CD4-positive, alpha-beta T cell",3.5218109660947747,10.008270675756055,2.8417966699825206
26,"CD8-positive, alpha-beta T cell",2.2856505131380205,4.6127685582663736,2.018142551432065
26,T cell,6.620870266130292,12.360086493356118,1.8668371371940855
26,adventitial cell,7.73822231105451,7.334637301113337,0.9478452551867594
26,basal cell,2.5052040946162597,8.313713996304086,3.3185775219553753
26,bladder urothelial cell,3.17717046042493,6.591769795108162,2.074729661884917
26,classical monocyte,4.14312153587539,8.659471197868337,2.0900837986252068
26,endothelial cell,1.8552804676785206,6.585799484657991,3.5497595104306168
26,enterocyte of epithelium of large intestine,6.359782565481805,7.656864601177409,1.203950688933237
26,epithelial cell,7.542974522529487,17.962552888007863,2.3813619990836505
26,fibroblast,2.869032765747315,6.767542120013723,2.3588235731601825
26,fibroblast of cardiac tissue,6.509373129732439,12.596115685635244,1.935073536974058
26,granulocyte,24.052860283031208,10.706944726692216,0.4451422658554144
26,hematopoietic precursor cell,5.433923731075589,13.895247735981963,2.5571296955306257
26,hematopoietic stem cell,5.70745381822529,12.040157749186,2.1095497454116656
26,hepatocyte,,,
26,intermediate monocyte,5.51587314979487,7.947860280142269,1.4409070086098412
26,large intestine goblet cell,5.646978389772158,9.162994579316582,1.6226367354110391
26,macrophage,6.501218467317205,10.513681010106867,1.6171862340822774
26,mature NK T cell,3.868684276454914,8.781700027419108,2.2699448701113076
26,mesenchymal stem cell,4.374239039212992,11.882483350913901,2.7164686804705998
26,mesenchymal stem cell of adipose tissue,4.495772855781955,10.93239647357869,2.4317056987251204
26,monocyte,2.9792025182626594,8.168332030594515,2.7417847496174677
26,myeloid dendritic cell,6.721063128897183,7.765331521333649,1.1553725017023926
26,myeloid leukocyte,16.255247584311835,8.96721358217225,0.5516503846318915
26,natural killer cell,2.709659929359873,8.682151236518957,3.2041479236732187
26,neutrophil,4.043847361241425,8.315813893480355,2.0564114197741317
26,non-classical monocyte,4.585292416762435,6.402131888001557,1.3962319752165226
26,plasma cell,3.6940802085095243,11.514595102208514,3.1170398183786014
26,smooth muscle cell,4.334301172298262,8.209039475056672,1.8939707114777702
26,stromal cell,6.348792974084539,15.52086860918858,2.444695971745181
27,B cell,2.6897786234998655,10.50799771662811,3.906640355017542
27,"CD4-positive, alpha-beta T cell",2.3694771949424775,9.916334361756572,4.185030513449321
27,"CD8-positive, alpha-beta T cell",1.589265036340265,4.789947135837091,3.0139385353039083
27,T cell,2.3354528670409396,11.771823760250507,5.04048868910192
27,adventitial cell,7.129142913352122,6.713733542475064,0.9417308116942024
27,basal cell,3.2573000698103853,7.390494935629776,2.2689020898403114
27,bladder urothelial cell,3.1628558638738,6.626141421266037,2.094986843045853
27,classical monocyte,3.7665205866036353,9.539053533706861,2.5325903083164776
27,endothelial cell,2.4384636384779848,6.518207254178234,2.6730795371821507
27,enterocyte of epithelium of large intestine,6.423531428775367,7.327070175731344,1.1406607497720667
27,epithelial cell,7.124245000376486,16.66658637153472,2.339417913147844
27,fibroblast,2.656484067266762,6.506646367990955,2.4493451506696213
27,fibroblast of cardiac tissue,5.276822668645754,12.225997498017627,2.3169240783214176
27,granulocyte,23.498360884779338,14.16641152787088,0.602868072259752
27,hematopoietic precursor cell,5.708463336138127,14.736691396297228,2.5815513788106155
27,hematopoietic stem cell,5.350198503937495,13.060826881059203,2.4411854759121643
27,hepatocyte,7.157730063069739,5.20020604089181,0.7265160875124697
27,intermediate monocyte,4.789332456906774,8.766552822406167,1.8304331347396399
27,large intestine goblet cell,6.658510539815841,7.718418515967517,1.159180941415314
27,macrophage,5.4599057754230635,9.765639485142811,1.7886095267616804
27,mature NK T cell,3.3420787880642866,9.312782609006234,2.7865239569651634
27,mesenchymal stem cell,4.884432398295803,8.856532467511085,1.8132163054608277
27,mesenchymal stem cell of adipose tissue,4.626220186759265,10.093839432787407,2.1818761376030156
27,monocyte,2.7976242656176575,8.817332860204166,3.1517216120004883
27,myeloid dendritic cell,7.113650922525184,10.025861412187597,1.4093833843379884
27,myeloid leukocyte,15.61283783543505,21.261494097692957,1.3617956147240358
27,natural killer cell,3.0866716517806543,9.262522309355349,3.0008123164029903
27,neutrophil,6.092287483033068,12.205736836655918,2.003473550886874
27,non-classical monocyte,4.128133815454714,6.592167440669083,1.5968880214080359
27,plasma cell,3.025424220265137,10.8727928880375,3.5938077097448002
27,smooth muscle cell,2.3929331652950525,7.301457981666311,3.0512586341984314
27,stromal cell,,,
28,B cell,3.2102600237963723,10.174120961014752,3.1692513645617697
28,"CD4-positive, alpha-beta T cell",3.856698514134252,9.810115827400253,2.543656391975565
28,"CD8-positive, alpha-beta T cell",2.7690740681301653,5.037357188963706,1.819148590837519
28,T cell,5.79730285773292,13.922065039456438,2.4014727850358963
28,adventitial cell,8.635005431115687,9.16070334244572,1.0608798587938015
28,basal cell,3.801407906574876,7.589991253257715,1.99662636575521
28,bladder urothelial cell,2.604734363727519,6.597758031502228,2.532986903916172
28,classical monocyte,2.6993186752323926,7.669039879590784,2.841102071407161
28,endothelial cell,3.6934641177485723,6.504403134324175,1.7610576215071148
28,enterocyte of epithelium of large intestine,5.82130384797081,7.283646302485557,1.2512053128826954
28,epithelial cell,6.454267063537211,15.821399528448506,2.451308471232938
28,fibroblast,4.067481571591085,7.042534665798435,1.7314238655649503
28,fibroblast of cardiac tissue,3.8782120716011326,11.942018313665615,3.0792587133419227
28,granulocyte,21.002712957783807,13.554346146845866,0.6453616813261496
28,hematopoietic precursor cell,5.455130615033727,14.682493182942075,2.691501674126514
28,hematopoietic stem cell,5.3093646705012745,13.006721423373298,2.4497698369897978
28,hepatocyte,,,
28,intermediate monocyte,4.0029172972039815,8.640240432250542,2.1584858718629305
28,large intestine goblet cell,6.395466312089322,8.9133422369702,1.393697003785533
28,macrophage,6.4202046862671125,10.704017114368094,1.6672392295005956
28,mature NK T cell,4.361067013078787,8.597597032541916,1.9714434579330762
28,mesenchymal stem cell,8.19086231223903,13.077118864938983,1.596549711914796
28,mesenchymal stem cell of adipose tissue,,,
28,monocyte,5.52016554357531,10.565798352881899,1.9140365029775221
28,myeloid dendritic cell,7.575230610876319,10.605829793893196,1.4000669205589098
28,myeloid leukocyte,20.708611636173277,23.800368038203395,1.1492981015023487
28,natural killer cell,4.6223526425039525,9.817634874700154,2.1239476158577744
28,neutrophil,4.204425007685469,9.275073252034163,2.206026563698916
28,non-classical monocyte,6.164887898800133,7.432966769245462,1.2056937435459507
28,plasma cell,4.823735674163084,10.670268368208067,2.212034217662508
28,smooth muscle cell,3.1264746201498053,6.85864760276233,2.193732058005223
28,stromal cell,8.285000459441395,18.41776812193378,2.2230256005532643
29,B cell,2.9440242561690133,11.18438153114704,3.7990113388878806
29,"CD4-positive, alpha-beta T cell",3.294713171251858,11.059536657420747,3.356752494851796
29,"CD8-positive, alpha-beta T cell",2.2994391569935355,5.449254730374531,2.3698190551383442
29,T cell,4.898855397155119,12.3544398648074,2.521903355625054
29,adventitial cell,10.455242314176033,6.731490769332742,0.6438388099533248
29,basal cell,2.84123986567774,8.350296347948904,2.93896212312826
29,bladder urothelial cell,4.050574701510855,7.26634742153408,1.7939052991230477
29,classical monocyte,3.3599686217310936,9.946784583809679,2.9603802010165747
29,endothelial cell,2.0394276718283475,6.616811290265578,3.244445185120787
29,enterocyte of epithelium of large intestine,6.462579475703056,8.213158082591892,1.2708792384635847
29,epithelial cell,8.598012187581919,18.766790860156178,2.182689492724957
29,fibroblast,2.56567511859988,7.197172834573578,2.8051770009373453
29,fibroblast of cardiac tissue,5.65277820272332,10.236102717947562,1.81080918989819
29,granulocyte,26.02020111825915,12.676949176876832,0.487196433235139
29,hematopoietic precursor cell,4.5227142926184,15.161218508345373,3.352238838763319
29,hematopoietic stem cell,4.1014114469674805,13.375397406619902,3.2611693753645374
29,hepatocyte,10.704528096632332,6.066185157830167,0.5666933752771971
29,intermediate monocyte,4.4411903295205875,8.622155193874578,1.9414063694958357
29,large intestine goblet cell,3.832725279546594,9.29456886490031,2.4250548074762728
29,macrophage,4.511386988489214,10.100905093451052,2.2389799676293505
29,mature NK T cell,2.1020688139678883,9.04945903679118,4.305025114619974
29,mesenchymal stem cell,9.76323388840305,11.589326551911048,1.187037684888105
29,mesenchymal stem cell of adipose tissue,4.923627157780973,10.987392708928065,2.231564729990637
29,monocyte,5.334906852329047,7.301818628232271,1.368687182428412
29,myeloid dendritic cell,12.594802389740856,9.367365161721485,0.7437484822589759
29,myeloid leukocyte,14.939180684813099,8.878434278663129,0.5943053013401721
29,natural killer cell,2.8432882212475667,9.116121529519074,3.20618974235371
29,neutrophil,3.4135595148628717,9.171777797435201,2.6868662337658544
29,non-classical monocyte,4.65942735825817,6.3184586555996844,1.3560590539953625
29,plasma cell,4.3734506166901665,11.43714141425233,2.6151298863660144
29,smooth muscle cell,5.555743497091768,7.920713280517687,1.4256801604796723
29,stromal cell,7.313822836436756,13.75097890194937,1.8801356294061877
30,B cell,2.4223061788495976,10.542610227756985,4.3523029086124385
30,"CD4-positive, alpha-beta T cell",3.049457589383978,10.199575412264087,3.34471790910347
30,"CD8-positive, alpha-beta T cell",2.1371433840685023,4.78404361697861,2.2385225308894228
30,T cell,6.778876996189293,12.516677370661428,1.8464234382328528
30,adventitial cell,8.562257140859261,8.548486458385026,0.998391699496092
30,basal cell,3.0356401512487863,8.581507991135773,2.8269187267158644
30,bladder urothelial cell,3.1528666802199585,6.720455316278548,2.131538056601143
30,classical monocyte,3.3311810048280956,8.578234001194694,2.5751329599807713
30,endothelial cell,1.8026311845224647,7.152711833911423,3.967928600883629
30,enterocyte of epithelium of large intestine,7.379656164355207,8.042589389433672,1.0898325355970548
30,epithelial cell,8.11460815374259,17.83935373528236,2.1984245446349195
30,fibroblast,3.1758199525877324,6.873476144453759,2.16431543572018
30,fibroblast of cardiac tissue,4.641160895015315,15.301579636224023,3.2969293636551527
30,granulocyte,27.62153154615236,13.923962229659098,0.5040981238275575
30,hematopoietic precursor cell,5.051410058267351,13.819259560743838,2.7357231745869957
30,hematopoietic stem cell,5.761404376742471,12.841344259817808,2.228856615525115
30,hepatocyte,4.801700121652211,5.44618556848693,1.134220261679515
30,intermediate monocyte,4.409734527298574,8.02252144500921,1.819275377088028
30,large intestine goblet cell,5.640659774315241,9.064413802981592,1.6069775816397267
30,macrophage,5.429624729347636,10.119258995168355,1.8637124110019614
30,mature NK T cell,5.6331827428429815,8.73725778259509,1.5510339680877332
30,mesenchymal stem cell,4.448556252249444,12.726562674553907,2.86082988567777
30,mesenchymal stem cell of adipose tissue,4.747841795558664,11.562182418740559,2.4352501445090953
30,monocyte,2.9667034843673834,8.247930216178068,2.7801666933144307
30,myeloid dendritic cell,8.032711111257015,7.7120126411204275,0.9600759362941409
30,myeloid leukocyte,14.645750811617463,9.779235507633217,0.6677182777052321
30,natural killer cell,2.256226279824097,8.620904258287469,3.820939564164452
30,neutrophil,4.632877988529473,9.313527594927518,2.010311434487774
30,non-classical monocyte,4.956771487761994,6.728265192118517,1.3573886165077909
30,plasma cell,3.5063138042979562,11.648925915506826,3.3222713555266643
30,smooth muscle cell,5.745758317983956,8.68439561520731,1.5114446404794917
30,stromal cell,10.473220585054227,15.539142398846844,1.4837023886446088
31,B cell,2.1053172244963116,10.870965583927957,5.163576043286678
31,"CD4-positive, alpha-beta T cell",2.5199958695219196,9.471749019159963,3.7586367238597473
31,"CD8-positive, alpha-beta T cell",1.9226240776329802,5.137754356161997,2.6722615283624727
31,T cell,2.99329682388283,11.86591093880892,3.9641611363542477
31,adventitial cell,16.189471263709336,17.855218226122773,1.102890757534955
31,basal cell,4.266850549354105,7.366457538726276,1.7264390804222973
31,bladder urothelial cell,3.7612397039560155,7.220557085967733,1.9197279764895758
31,classical monocyte,4.928279400323358,9.4725015345595,1.9220707198414893
31,endothelial cell,1.9867208780091614,7.166476597157841,3.607188446290035
31,enterocyte of epithelium of large intestine,7.255688440248605,7.77916752771784,1.072147404313201
31,epithelial cell,6.4609806911490475,16.149944330549072,2.499611916914257
31,fibroblast,3.8703777075900003,6.27840123520124,1.6221675788616154
31,fibroblast of cardiac tissue,6.450331868854594,16.2636996396923,2.5213740890172676
31,granulocyte,18.40322508478607,12.672511394857343,0.6886027495981505
31,hematopoietic precursor cell,4.87672256567083,13.74590307439503,2.8186764551992054
31,hematopoietic stem cell,5.0355910004220386,12.009038938064812,2.3848320757302015
31,hepatocyte,9.611191366732532,3.9654659627152187,0.41258838903582645
31,intermediate monocyte,4.440809020981447,8.37689123802367,1.8863435014758472
31,large intestine goblet cell,6.864183401944522,9.213284177498384,1.3422258174058106
31,macrophage,4.569726631540665,9.772951563624142,2.138629364866237
31,mature NK T cell,3.4452248304268447,9.294454812003641,2.697778888018785
31,mesenchymal stem cell,10.00300957781925,13.18400531617766,1.3180038680970547
31,mesenchymal stem cell of adipose tissue,7.664821304259162,15.443305407137572,2.014829151797197
31,monocyte,2.6288351578986022,8.417842573895946,3.2021188352581498
31,myeloid dendritic cell,5.240705778981737,8.28049861387033,1.5800350111391335
31,myeloid leukocyte,11.18478527316185,12.175413263826618,1.0885692453159386
31,natural killer cell,2.7413493608524027,9.118974558332168,3.3264547337726733
31,neutrophil,6.9823722154632835,12.921950717349498,1.850653376617809
31,non-classical monocyte,5.906738281147428,6.887600582531036,1.1660581956905443
31,plasma cell,6.078420624162539,10.954893967484256,1.8022599363948393
31,smooth muscle cell,3.927427911811877,7.9269162840202885,2.018348003328033
31,stromal cell,13.262942836562782,24.722910613288434,1.8640591999788496
32,B cell,2.672703165174012,10.356630572856254,3.8749647577051314
32,"CD4-positive, alpha-beta T cell",2.528317840710412,10.226437890487238,4.044759612823755
32,"CD8-positive, alpha-beta T cell",1.947515181265005,4.937176842855577,2.5351159725741614
32,T cell,2.8042262155074624,11.633501245696223,4.148560191528979
32,adventitial cell,8.133238387240123,6.117707719611036,0.7521859594339244
32,basal cell,2.828410993528841,7.341265773869227,2.5955442086264715
32,bladder urothelial cell,3.4547045135854364,6.865607215211157,1.987321111896121
32,classical monocyte,3.808295458761841,9.853253578966218,2.5873133231552687
32,endothelial cell,3.4013693055755208,6.748724896627833,1.9841200088344804
32,enterocyte of epithelium of large intestine,6.87273531591954,7.339855578586909,1.067967154443641
32,epithelial cell,7.197739796249242,16.479156114396527,2.2894903929402743
32,fibroblast,2.923400956080218,6.671969468289427,2.2822628741407405
32,fibroblast of cardiac tissue,5.181415404110624,11.894259581748434,2.295561859856332
32,granulocyte,25.716431922989063,14.962499015057062,0.5818264003289437
32,hematopoietic precursor cell,6.284740489496092,15.159880425537853,2.4121728575547543
32,hematopoietic stem cell,5.521148919314909,13.991235285364017,2.5341166285911587
32,hepatocyte,14.671406907748413,8.576212979377646,0.584552867581383
32,intermediate monocyte,4.748202210689191,9.03136178225406,1.90205921768087
32,large intestine goblet cell,6.511945038811515,7.699471518755845,1.1823612565626114
32,macrophage,5.103437580851029,9.955235316137466,1.950692089091324
32,mature NK T cell,2.43985984963162,8.93422122105442,3.6617764017893673
32,mesenchymal stem cell,4.905566508573643,11.162515063265634,2.2754793037168053
32,mesenchymal stem cell of adipose tissue,4.459232935448358,11.016456345168303,2.4704823687486157
32,monocyte,2.907570906982245,8.81202654786494,3.0307176780121603
32,myeloid dendritic cell,7.910326368024783,10.498878561179948,1.3272370914579001
32,myeloid leukocyte,14.850697354208943,20.273952942153993,1.3651852474394413
32,natural killer cell,3.2861376575574917,9.416757142413251,2.865600325889118
32,neutrophil,5.376019995900179,11.773355257192776,2.189976091266641
32,non-classical monocyte,4.343116300954496,6.329119705904571,1.457276127860911
32,plasma cell,4.1403639492588455,10.819234825830272,2.6131120255181894
32,smooth muscle cell,3.05819646240407,7.017189636185178,2.2945516164350397
32,stromal cell,7.364842630432647,18.83009416082755,2.5567544489027836
33,B cell,2.570605788705542,10.693894054576962,4.160067678040201
33,"CD4-positive, alpha-beta T cell",2.6621776823678895,10.033038258015688,3.76873351634882
33,"CD8-positive, alpha-beta T cell",1.72888386368758,4.993227800044344,2.888122160729849
33,T cell,3.0277875014509967,11.549305959504247,3.8144374246770987
33,adventitial cell,9.305772249362326,11.03038847150802,1.1853275768987226
33,basal cell,2.1319144838361654,7.585060727784323,3.5578635002918926
33,bladder urothelial cell,3.1373488356663626,7.023963430937626,2.2388213102371703
33,classical monocyte,1.7724846055679266,8.679696089254378,4.896909153393348
33,endothelial cell,2.5510835104503653,7.007278836248326,2.7467853590615188
33,enterocyte of epithelium of large intestine,6.0727710069092105,6.600051465589656,1.0868269951362466
33,epithelial cell,7.398167614587874,15.60996840094587,2.1099776612476018
33,fibroblast,2.4279546098018825,5.92298486601844,2.439495714667313
33,fibroblast of cardiac tissue,6.6570740784800915,14.662109209963905,2.2024855119700697
33,granulocyte,25.122300151929952,14.884040858522734,0.592463300275445
33,hematopoietic precursor cell,5.643355570955342,14.711552115092683,2.606880238205905
33,hematopoietic stem cell,3.7923448913298916,12.80981981965127,3.3778098212895267
33,hepatocyte,14.30608866824964,8.493536387231067,0.5937008069914512
33,intermediate monocyte,3.42738404981437,8.642905263354889,2.5217206877714786
33,large intestine goblet cell,3.8675271670381965,8.37192839105157,2.164672161168787
33,macrophage,3.638545364304161,10.319553157303412,2.836175483351967
33,mature NK T cell,2.8378159209267895,8.99011357850721,3.167969251356927
33,mesenchymal stem cell,8.158980612979027,9.9457732677123,1.2189970462597868
33,mesenchymal stem cell of adipose tissue,5.496481562736457,12.413518578798769,2.2584481430732977
33,monocyte,5.980030716154257,10.364001594280126,1.7331017324514997
33,myeloid dendritic cell,8.462993781151447,10.636195435692265,1.256788757115823
33,myeloid leukocyte,16.443029276945744,22.050304588492303,1.3410123047952207
33,natural killer cell,2.4627042193462327,8.764584076925457,3.5589268122714985
33,neutrophil,5.369718918586791,11.9497469485415,2.225395245024566
33,non-classical monocyte,3.3761783712651408,6.804813917731704,2.0155374418744842
33,plasma cell,3.7929697482052087,10.434019190462168,2.750883841190516
33,smooth muscle cell,3.906077695496645,7.678119287627914,1.9656852439161905
33,stromal cell,7.16730328458748,18.768139511812315,2.6185775551274904
34,B cell,2.5951824956720975,10.892183700304933,4.1970781316803265
34,"CD4-positive, alpha-beta T cell",4.364430218201868,10.43385439227655,2.3906567113301826
34,"CD8-positive, alpha-beta T cell",2.9194671754491726,5.144759546587105,1.7622255149334096
34,T cell,5.164281434465692,11.639180566396801,2.2537851033289042
34,adventitial cell,7.824506691997433,9.599357553746346,1.2268323015895881
34,basal cell,4.672993158946068,8.67523743919377,1.8564626876428718
34,bladder urothelial cell,2.6635047182146976,6.175037589111019,2.3183880797665877
34,classical monocyte,4.266019844017865,10.074705355827055,2.3616170866984048
34,endothelial cell,1.984152748238736,6.511951833688924,3.281981107285898
34,enterocyte of epithelium of large intestine,7.489684320085478,8.314592779322155,1.1101392827765086
34,epithelial cell,7.41072713393385,18.208901440372525,2.457100512714015
34,fibroblast,4.465816907025211,6.273138825379903,1.4047013023555848
34,fibroblast of cardiac tissue,6.526583375606988,10.227856399791065,1.567107292004808
34,granulocyte,20.28739326150797,8.069489800216083,0.39775882964356135
34,hematopoietic precursor cell,7.309294125416764,15.63912542357542,2.1396218506508253
34,hematopoietic stem cell,5.568603022840435,14.234444920928022,2.5561967449544127
34,hepatocyte,11.078228776052512,6.371064893660037,0.5750977906713919
34,intermediate monocyte,5.245748472690602,8.288634087860498,1.5800670068363316
34,large intestine goblet cell,7.216921269853843,7.81558320277371,1.0829525375897568
34,macrophage,6.464312767960898,10.51917544735819,1.627268949530788
34,mature NK T cell,2.929907667125964,9.22307406173877,3.1479060467410447
34,mesenchymal stem cell,8.944306111791457,11.56207732755141,1.2926746002475131
34,mesenchymal stem cell of adipose tissue,,,
34,monocyte,5.069984033415396,7.348714291385673,1.4494551152334123
34,myeloid dendritic cell,7.742268616258733,8.225196813541023,1.0623755414876905
34,myeloid leukocyte,19.833892256237952,7.3864725160405,0.37241669061287663
34,natural killer cell,3.017074777671974,8.154987228313496,2.7029450143778084
34,neutrophil,7.035704243002987,9.64839348086334,1.3713472237635167
34,non-classical monocyte,5.197347191128592,5.714225031133837,1.0994503197491807
34,plasma cell,6.647548476134666,11.760381075865944,1.7691305476126777
34,smooth muscle cell,5.153484709854072,7.884296936842016,1.5298962509321719
34,stromal cell,9.953616447402927,12.989223632386718,1.304975302295864
35,B cell,2.0350152093747886,11.254924668143943,5.5306341772264975
35,"CD4-positive, alpha-beta T cell",2.5744080348326444,10.14044957240562,3.9389441903543565
35,"CD8-positive, alpha-beta T cell",1.7739819762487141,5.072201045316409,2.8592179138381963
35,T cell,3.93788398310533,11.859852705871887,3.011732381338331
35,adventitial cell,8.76064925871212,7.029122982202775,0.8023518319960807
35,basal cell,3.531583279213803,8.157201490350216,2.3097859643752088
35,bladder urothelial cell,2.1849036323748594,5.929338486025411,2.713775746521404
35,classical monocyte,3.0254322625066754,8.851358976685187,2.9256510173364547
35,endothelial cell,2.6719990604948296,6.761989177004616,2.5306854620496604
35,enterocyte of epithelium of large intestine,7.295195864020568,7.618178186017273,1.0442732899865832
35,epithelial cell,7.985213134556296,17.916672015865775,2.243731220940207
35,fibroblast,5.128815485150723,7.483593017153919,1.4591269736298567
35,fibroblast of cardiac tissue,5.778290088976316,9.565413867014845,1.6554056164925872
35,granulocyte,18.72197643049065,8.313509421297116,0.4440508432516621
35,hematopoietic precursor cell,6.033915286994861,15.232151626138116,2.5244225186536147
35,hematopoietic stem cell,3.7979358409583464,13.404372279240029,3.5293835495276973
35,hepatocyte,5.575216469559983,4.799525237188108,0.860867961520946
35,intermediate monocyte,4.230000185477875,8.722538356888538,2.062065714993137
35,large intestine goblet cell,5.0266801473086655,7.786038858654675,1.5489425685506164
35,macrophage,5.1467701356586755,10.601676882023524,2.05986989948731
35,mature NK T cell,2.841494409926941,9.32157961248182,3.2805201305046707
35,mesenchymal stem cell,7.82273785461367,8.766310346181346,1.1206192140276283
35,mesenchymal stem cell of adipose tissue,5.81886596696192,10.54769776323551,1.812672404403663
35,monocyte,2.261838091788259,9.381291116126524,4.14764043022614
35,myeloid dendritic cell,7.751453079647335,10.404119941138008,1.342215431640252
35,myeloid leukocyte,12.118107713153105,21.491720773892673,1.773521186857034
35,natural killer cell,2.6450430863667354,8.313390753473811,3.1430076872181276
35,neutrophil,5.993571412824972,10.057868817439255,1.6781094483862407
35,non-classical monocyte,4.369709784240226,7.162737351718391,1.639179191613934
35,plasma cell,7.195044205817122,11.92470872369529,1.657350307042489
35,smooth muscle cell,3.8893864608821804,7.72663751529232,1.9865954676922963
35,stromal cell,,,
36,B cell,1.7516663438513318,10.05879893723134,5.742417197509993
36,"CD4-positive, alpha-beta T cell",3.053363339233625,10.135693036761037,3.319517499448668
36,"CD8-positive, alpha-beta T cell",2.3653522874038897,4.769663019072912,2.016470461703568
36,T cell,5.7420172613241345,13.596125570735195,2.367830842709774
36,adventitial cell,8.197370628976264,7.634586397429894,0.9313457623159033
36,basal cell,2.9992004550459885,7.913678378569504,2.6385960182338524
36,bladder urothelial cell,3.9936514269119825,6.359434272909549,1.5923859128153468
36,classical monocyte,2.8211248165699856,8.09041489209064,2.867797569455728
36,endothelial cell,2.373540066660885,6.584490260508623,2.7741222290684715
36,enterocyte of epithelium of large intestine,13.817057129128065,7.669639711163487,0.5550848953931686
36,epithelial cell,,,
36,fibroblast,5.04869505207345,8.149391917518729,1.6141580811405618
36,fibroblast of cardiac tissue,7.767121997270912,12.425176765232825,1.5997143819291866
36,granulocyte,23.42532196218066,9.52509222477478,0.4066152106747006
36,hematopoietic precursor cell,5.957302646681268,13.6026660981486,2.283359920571848
36,hematopoietic stem cell,5.230921805795635,12.202573356568191,2.3327768622058676
36,hepatocyte,,,
36,intermediate monocyte,4.815540025642752,8.922955238424207,1.8529500722472385
36,large intestine goblet cell,10.24439940482499,9.168616880246953,0.8949882289759851
36,macrophage,4.0251952177847565,10.285266484866092,2.5552217789144973
36,mature NK T cell,4.041949362436444,9.043696597361764,2.2374591531028782
36,mesenchymal stem cell,6.322669442494719,12.526770441719998,1.9812470912250226
36,mesenchymal stem cell of adipose tissue,6.276800543698216,10.955362801234525,1.7453737337939619
36,monocyte,6.638049976614514,10.610823919838634,1.5984850908354087
36,myeloid dendritic cell,10.400008923116483,10.1725698741842,0.978130879443118
36,myeloid leukocyte,19.72213057211094,23.745985932556533,1.2040274171055192
36,natural killer cell,3.133716323947322,8.968283760083363,2.8618684121307596
36,neutrophil,10.444839085751576,7.953057717951144,0.7614342023517031
36,non-classical monocyte,2.7079468970977496,6.819168374052745,2.518206092357723
36,plasma cell,2.831435880788203,10.80639326609907,3.8165770729340447
36,smooth muscle cell,1.249098438104557,7.567882949243028,6.058676176656585
36,stromal cell,8.877764751091854,14.442966109526823,1.6268696585759967
37,B cell,3.141546913235153,11.314220352334345,3.601480628752733
37,"CD4-positive, alpha-beta T cell",3.2014360817294616,10.181923129701143,3.180423681674982
37,"CD8-positive, alpha-beta T cell",1.7246161356650718,5.089528963995673,2.951108283602469
37,T cell,3.3939133797091205,11.617654538623196,3.423085164188516
37,adventitial cell,6.016377332591751,5.871850040619799,0.9759776882362378
37,basal cell,3.791989637108119,7.582867247279276,1.999706743149802
37,bladder urothelial cell,4.574594108359845,5.914074333016002,1.2928085405890597
37,classical monocyte,2.4711006527724053,8.31084688388581,3.3632166599776543
37,endothelial cell,2.149567959693251,6.905535883627525,3.2125227083366856
37,enterocyte of epithelium of large intestine,6.1361103787049895,6.436277252106004,1.0489181020019989
37,epithelial cell,,,
37,fibroblast,3.559633510547865,6.089430545415237,1.7106903076878859
37,fibroblast of cardiac tissue,,,
37,granulocyte,20.791061385873682,15.895023579295028,0.7645123682860545
37,hematopoietic precursor cell,6.42356693313497,15.456564892963769,2.4062277320149783
37,hematopoietic stem cell,3.419471962253823,12.184505899462252,3.563271181621641
37,hepatocyte,,,
37,intermediate monocyte,5.184468647288408,8.593822132301137,1.6576090467430826
37,large intestine goblet cell,5.130901369846938,7.257120125533989,1.4143947822077272
37,macrophage,6.373201708803673,10.368497404398582,1.6268898864562806
37,mature NK T cell,3.6591971331717192,9.078496335328483,2.4810077197069247
37,mesenchymal stem cell,2.938080659556525,11.81405351062706,4.021010611876897
37,mesenchymal stem cell of adipose tissue,6.2984803803137615,10.527985419389216,1.6715119812542403
37,monocyte,5.7444224982782846,10.048513025860363,1.749264269623639
37,myeloid dendritic cell,8.228305950073153,10.219818945131074,1.2420319573848875
37,myeloid leukocyte,16.673191335454675,24.474008994150676,1.467865899319944
37,natural killer cell,2.121145229814401,8.457129748633573,3.987058325739236
37,neutrophil,10.296424189651695,13.523305381643262,1.3133982373448354
37,non-classical monocyte,3.1355723739203913,6.787717645725942,2.164745965419797
37,plasma cell,3.5798617672946533,10.762254003540706,3.0063322840741633
37,smooth muscle cell,2.64127338143767,7.107797928363272,2.6910496953156855
37,stromal cell,6.833909389018127,17.668587385503862,2.5854289806500383
38,B cell,2.244780329681221,10.649702409858545,4.744206935994891
38,"CD4-positive, alpha-beta T cell",2.6427120471335743,9.423374834449193,3.5657970548362563
38,"CD8-positive, alpha-beta T cell",2.0894518164788054,4.731020481538749,2.2642400481441007
38,T cell,3.7549462190187595,11.996100199047277,3.1947462092232284
38,adventitial cell,9.430772340111282,9.675307581458025,1.0259295031761797
38,basal cell,3.262412163663655,7.528485627457414,2.307643930251597
38,bladder urothelial cell,3.706212252606519,7.156460667278482,1.9309365410050272
38,classical monocyte,3.5309767264527085,9.048967523239343,2.562737798708212
38,endothelial cell,2.6515268610220244,6.6533771738146354,2.5092625956842496
38,enterocyte of epithelium of large intestine,7.671708180222412,7.884170241651425,1.0276942313807944
38,epithelial cell,6.681192647862127,16.266963817964605,2.4347395256099627
38,fibroblast,3.975182102929992,5.2371593674670365,1.3174640134364857
38,fibroblast of cardiac tissue,5.959305304942315,14.083551034916864,2.363287382379412
38,granulocyte,17.978251468505874,12.846533807307333,0.7145596906246287
38,hematopoietic precursor cell,5.731864040717861,13.443858554637064,2.3454601259092933
38,hematopoietic stem cell,5.551687370737173,12.040255418741925,2.16875602221513
38,hepatocyte,9.33774017977263,3.8204113832941125,0.40913661225762843
38,intermediate monocyte,4.765791202582515,8.359310376407805,1.7540236282021782
38,large intestine goblet cell,6.665587862252619,9.492278772558555,1.4240722601998173
38,macrophage,3.862128813769747,10.674241271962781,2.763823214260911
38,mature NK T cell,3.258257375092682,8.840611382310295,2.713294367072159
38,mesenchymal stem cell,8.374465722227297,13.511098508058565,1.6133684173066403
38,mesenchymal stem cell of adipose tissue,6.812646885547015,14.296301856347666,2.0984944760130126
38,monocyte,2.455119315170766,8.208663066710336,3.343488447175278
38,myeloid dendritic cell,5.146624691239352,7.800763821019727,1.5157048141276521
38,myeloid leukocyte,,,
38,natural killer cell,3.3829016405523498,9.203358199692442,2.7205515198454737
38,neutrophil,5.835821733289136,12.509656937710814,2.14359819566665
38,non-classical monocyte,4.279287400966477,6.257354532872183,1.462242178793357
38,plasma cell,6.9925373141923215,11.161690632116208,1.5962289696276648
38,smooth muscle cell,5.115336901919493,8.648103383808541,1.6906224457207117
38,stromal cell,9.513517100566046,19.316602423424182,2.030437557344051
39,B cell,3.511750093709991,10.451167805730513,2.9760568169272457
39,"CD4-positive, alpha-beta T cell",3.9101321071048694,9.712767084257443,2.4839997264053943
39,"CD8-positive, alpha-beta T cell",2.8899119267328555,5.032208301709551,1.7413016137826163
39,T cell,3.246311550322366,11.93918903640781,3.6777705563171295
39,adventitial cell,9.979212110075956,9.000593647397881,0.9019342958258229
39,basal cell,4.252539749709602,7.729939144981542,1.8177229608516665
39,bladder urothelial cell,2.863530220495856,6.566194765706376,2.2930418958768164
39,classical monocyte,3.1356473314404694,8.07349942057154,2.5747472745484727
39,endothelial cell,3.178876019460592,6.361153166386396,2.001069915103449
39,enterocyte of epithelium of large intestine,7.590486608760579,8.079654727307979,1.0644448957966444
39,epithelial cell,6.720352030430275,16.499484580165063,2.455151829168192
39,fibroblast,4.982996165913129,7.4216323850060855,1.4893915503637716
39,fibroblast of cardiac tissue,4.482340923293397,11.825616092513489,2.6382678816462324
39,granulocyte,17.81317254294604,12.596293379614028,0.7071336309826584
39,hematopoietic precursor cell,7.649094516504545,13.37338606597872,1.748361984169865
39,hematopoietic stem cell,5.50667287136137,12.260314075813953,2.226446778703042
39,hepatocyte,9.341020473590973,5.491246760116851,0.5878636895874234
39,intermediate monocyte,4.530986348003021,8.037375050298824,1.773868741370453
39,large intestine goblet cell,6.451694856293553,8.844201529661673,1.3708338237717888
39,macrophage,6.114390408210708,9.554483664615423,1.5626224409526068
39,mature NK T cell,3.571221153567029,9.265518152572612,2.59449576325397
39,mesenchymal stem cell,8.477289946024351,9.22037874549738,1.0876564095606427
39,mesenchymal stem cell of adipose tissue,,,
39,monocyte,5.442004729296271,10.22053086634116,1.8780819522850398
39,myeloid dendritic cell,6.104738387576146,8.736968351798868,1.4311781762146627
39,myeloid leukocyte,19.445817855567103,22.995338725844448,1.1825338947757942
39,natural killer cell,4.301483255790833,9.515688183111074,2.2121876611516886
39,neutrophil,4.752154698914804,9.940625464226773,2.091814365070397
39,non-classical monocyte,5.650122648712951,6.852103507877207,1.212735357070179
39,plasma cell,6.347594231414243,11.294253129097234,1.7792966464683542
39,smooth muscle cell,2.6280579844318224,7.142974561521664,2.7179668804248065
39,stromal cell,,,
40,B cell,1.9340983500167457,10.871416581819751,5.620922318518924
40,"CD4-positive, alpha-beta T cell",2.3731389661413456,9.333704089662174,3.933062590446822
40,"CD8-positive, alpha-beta T cell",2.3771357704083167,5.034036781007086,2.1176900552644486
40,T cell,3.14718846927549,12.235133664050291,3.887639327449279
40,adventitial cell,5.782518722762932,10.612422895224016,1.8352595822038806
40,basal cell,3.3312758623693988,7.12212856552554,2.1379582057367847
40,bladder urothelial cell,2.060420732310926,6.548598319307887,3.1782820938532845
40,classical monocyte,3.8048899571785992,9.357194800636822,2.4592550391589687
40,endothelial cell,1.665221861519323,6.523472412106284,3.9174794439429035
40,enterocyte of epithelium of large intestine,6.378562212498169,7.60798320274938,1.1927426509758392
40,epithelial cell,6.845291547278769,16.591224295817295,2.4237425361981635
40,fibroblast,3.8949566182505952,4.849521584020191,1.2450771752621816
40,fibroblast of cardiac tissue,7.686825844730221,14.648361980208534,1.905645096701503
40,granulocyte,22.198933825024724,13.677451272383795,0.6161309989115462
40,hematopoietic precursor cell,6.9300159888176935,15.136748827854573,2.1842300006636783
40,hematopoietic stem cell,4.720255182629109,12.206807160591062,2.5860481453445616
40,hepatocyte,7.936773539960111,5.724215306357489,0.7212269919933053
40,intermediate monocyte,6.645511472277879,8.04426321225398,1.2104806749354164
40,large intestine goblet cell,6.7517354378911625,7.9468563329479025,1.177009437951263
40,macrophage,4.407077513166484,9.785264378988128,2.2203522288305337
40,mature NK T cell,2.0084545704683996,9.317085625074679,4.6389327207444895
40,mesenchymal stem cell,5.2069937038532075,9.74434779851064,1.8713961169762434
40,mesenchymal stem cell of adipose tissue,5.127532169790626,12.029480236351217,2.346056511790236
40,monocyte,6.089275289215737,7.497625010638887,1.2312836346744536
40,myeloid dendritic cell,6.149037276476696,8.534451648961433,1.387932982876881
40,myeloid leukocyte,12.339795287892953,10.6689510130719,0.8645970831898336
40,natural killer cell,2.03498983437066,8.622211332859031,4.236980051315849
40,neutrophil,8.364035879895678,13.036918396372178,1.558687526402001
40,non-classical monocyte,2.98526145047397,6.232038298578051,2.08760217554432
40,plasma cell,3.219443542119971,11.03214822414876,3.4267251715444593
40,smooth muscle cell,3.999177399069796,8.479184013238061,2.1202320295194483
40,stromal cell,,,
41,B cell,1.943991084839555,11.081703255980969,5.70049078023194
41,"CD4-positive, alpha-beta T cell",3.34466496703177,10.027301785504807,2.9979988681507783
41,"CD8-positive, alpha-beta T cell",1.3980159254610625,4.7881102164944505,3.4249325270850135
41,T cell,3.911893722664086,11.559510383658772,2.95496534496507
41,adventitial cell,9.73943113650135,11.625228222620938,1.1936249725152854
41,basal cell,3.86585914425286,7.783053505293775,2.013279122407854
41,bladder urothelial cell,3.4993078117114496,6.576966283069243,1.8795049298199822
41,classical monocyte,4.14035131111276,9.257789126333686,2.235991207191924
41,endothelial cell,2.952676870224558,6.898376644545004,2.3363127588087096
41,enterocyte of epithelium of large intestine,6.8597680453888845,8.48465292563831,1.2368716944214562
41,epithelial cell,8.165558949535237,18.548782394286068,2.27158759234012
41,fibroblast,3.8541378777160302,7.508495588265715,1.9481647586295654
41,fibroblast of cardiac tissue,7.017759952481455,16.56041009071059,2.359785772503502
41,granulocyte,24.441762477563415,10.999231418115606,0.4500179325534511
41,hematopoietic precursor cell,5.685492911937441,14.435499729027846,2.539005843929312
41,hematopoietic stem cell,5.919722339221579,12.787651355570949,2.1601775594854127
41,hepatocyte,9.949570698398071,4.613607402390593,0.4636991426306871
41,intermediate monocyte,4.465853951981604,8.038916461354626,1.800084944064857
41,large intestine goblet cell,5.761141293742863,9.248964936299913,1.6054049822289815
41,macrophage,5.234440407959571,10.458355607392555,1.9979892390195937
41,mature NK T cell,2.30878451500254,9.116836682508238,3.9487603209683724
41,mesenchymal stem cell,4.955595621690446,11.774568460971444,2.376014784062409
41,mesenchymal stem cell of adipose tissue,6.220640878064797,11.951142689345964,1.921207625324915
41,monocyte,2.879673512751296,8.561913656263977,2.973223741633043
41,myeloid dendritic cell,7.401680227428122,8.017575513057029,1.0832101991310847
41,myeloid leukocyte,13.519539494371347,10.292490292973541,0.7613047986774003
41,natural killer cell,2.059111740306135,8.439484850026087,4.098604599656821
41,neutrophil,5.12563655646146,9.291661222966562,1.8127819092544406
41,non-classical monocyte,4.4554827006868365,6.391901545499934,1.4346148273709127
41,plasma cell,4.988320246931187,11.54097757764791,2.3135999708013766
41,smooth muscle cell,4.015567332547504,8.091971561457044,2.015150261799605
41,stromal cell,7.056858442925131,16.20512786291581,2.2963657261911345
42,B cell,2.277524102342617,11.221312283461927,4.926978499116608
42,"CD4-positive, alpha-beta T cell",3.0330596953683613,9.981077834788465,3.2907620809541225
42,"CD8-positive, alpha-beta T cell",1.846388425652175,4.921706263685773,2.665585526483868
42,T cell,3.717274240007744,11.701868615496869,3.1479702222541674
42,adventitial cell,10.32588754448222,11.848484899131599,1.1474543808549416
42,basal cell,2.8462987830442987,8.035258655199552,2.8230552263404087
42,bladder urothelial cell,3.662487963410029,6.628301847850731,1.8097811962989565
42,classical monocyte,3.9058142709476695,9.129859720346268,2.3375048292122416
42,endothelial cell,2.090836080986471,6.746476547575566,3.2266884089701247
42,enterocyte of epithelium of large intestine,7.659234290223311,8.384289577118484,1.0946642000259315
42,epithelial cell,8.345602707532233,18.22339056227173,2.183591910722566
42,fibroblast,2.9050175642458904,7.117631410276795,2.4501164804917286
42,fibroblast of cardiac tissue,6.133668420875484,16.146115279083766,2.632374978753606
42,granulocyte,24.29048147942299,10.324534169794275,0.42504444296587607
42,hematopoietic precursor cell,5.269153082943673,14.250114412023775,2.7044411478861012
42,hematopoietic stem cell,5.668646654423135,12.430190212784654,2.1927967944669153
42,hepatocyte,10.867654737663466,6.263428651869036,0.5763367352996775
42,intermediate monocyte,3.963660030243675,7.748186307112053,1.9548059742741648
42,large intestine goblet cell,5.201369511001169,8.890294969847167,1.7092219560720936
42,macrophage,5.289992227116122,10.246687008231623,1.9369947191430334
42,mature NK T cell,3.879846392085572,8.766184025866677,2.2594152293628573
42,mesenchymal stem cell,4.561703726767389,12.432688972514809,2.7254485861415474
42,mesenchymal stem cell of adipose tissue,5.774677566396503,11.739088805126832,2.032856150001847
42,monocyte,2.7007364828733134,8.37235061851811,3.1000250011844055
42,myeloid dendritic cell,7.449865777920973,7.610259538348417,1.021529751704091
42,myeloid leukocyte,14.125000591045335,9.854756989896986,0.697681881595424
42,natural killer cell,2.3208348540642327,8.46437226635093,3.6471239009221916
42,neutrophil,4.796244583337743,9.04084356461225,1.8849838467413305
42,non-classical monocyte,4.996388629141619,6.537263131931934,1.3083976482139736
42,plasma cell,4.374927660084397,11.529097508176951,2.6352658612770163
42,smooth muscle cell,5.746831171018561,8.452202698941045,1.4707588316785347
42,stromal cell,9.328870476606001,15.381400921071481,1.6487956349746098
43,B cell,2.734211570527524,10.320595054932763,3.774614651689724
43,"CD4-positive, alpha-beta T cell",3.1646341292060924,10.519928784989224,3.324216435606837
43,"CD8-positive, alpha-beta T cell",1.7900972177320895,5.212581102648966,2.9118983321212526
43,T cell,4.320742743168147,12.803402405812733,2.963241083042299
43,adventitial cell,7.440123386683163,7.044422513768385,0.946815280829478
43,basal cell,2.8256962823102953,7.070182497804731,2.5021027709404544
43,bladder urothelial cell,3.617731786886657,6.705519184705808,1.8535147378839918
43,classical monocyte,3.412007162496509,9.5048759174906,2.7857139404525864
43,endothelial cell,2.83726531543549,6.547186700782305,2.307569427914915
43,enterocyte of epithelium of large intestine,6.15462503825685,6.405181141000465,1.0407102140562863
43,epithelial cell,6.601597426611268,16.087054362908358,2.436842679630976
43,fibroblast,2.5857814786915116,6.009324312887231,2.3239876851187526
43,fibroblast of cardiac tissue,5.806538546278347,11.163929678569193,1.9226479923610638
43,granulocyte,24.137379340829206,13.560331203164118,0.5617979902327819
43,hematopoietic precursor cell,5.913906586514152,15.24624337342439,2.5780324985503396
43,hematopoietic stem cell,4.801852990066311,12.407447665008378,2.5838874473408313
43,hepatocyte,,,
43,intermediate monocyte,4.790936292905408,8.942782495590766,1.866604343880248
43,large intestine goblet cell,7.1372260427426095,7.086269389546901,0.9928604400518429
43,macrophage,5.723196817220448,10.10167081532334,1.765039913519759
43,mature NK T cell,2.689916645761106,8.623001099411269,3.20567595021942
43,mesenchymal stem cell,4.140590492646916,10.07363032737489,2.432897033711541
43,mesenchymal stem cell of adipose tissue,6.699796784983702,12.9228310975963,1.928839263686374
43,monocyte,3.151156154007372,8.570829085420272,2.7198998293120513
43,myeloid dendritic cell,7.478295064208465,9.899113844221189,1.3237126589988266
43,myeloid leukocyte,17.04622403053504,21.47230035492419,1.2596514228875957
43,natural killer cell,3.44371962605701,9.366136686719825,2.7197732985724694
43,neutrophil,5.858507747386065,11.854603112702392,2.023485096181984
43,non-classical monocyte,4.742854813034624,6.435740682296101,1.35693394295119
43,plasma cell,2.868433925281404,10.836635305125707,3.777892601818462
43,smooth muscle cell,2.789389512712702,6.918154687962056,2.4801680283203256
43,stromal cell,7.924522486454772,17.689080065296004,2.232195074912286
44,B cell,2.6391867644546596,10.66870339735684,4.04242077182489
44,"CD4-positive, alpha-beta T cell",3.2763988318054755,9.503462070713733,2.900581570979502
44,"CD8-positive, alpha-beta T cell",1.3863704589242845,4.7718100639822065,3.4419444191596233
44,T cell,3.7525373697555184,12.162748019212556,3.2412063680540966
44,adventitial cell,8.937500518989307,5.605483381342237,0.6271869153386221
44,basal cell,3.4937295225582035,7.884108905859086,2.256645471537856
44,bladder urothelial cell,7.067040455989712,6.285560854016348,0.8894191130162532
44,classical monocyte,4.489495574915571,9.612704680921851,2.1411547289703314
44,endothelial cell,2.15909035673286,6.827336905434869,3.1621357967463712
44,enterocyte of epithelium of large intestine,7.8755590050097135,8.488823807239191,1.0778693679825615
44,epithelial cell,,,
44,fibroblast,4.585043865539712,6.668473099700644,1.4543967942857814
44,fibroblast of cardiac tissue,7.250154670220658,13.555321525866098,1.869659633820411
44,granulocyte,23.800288190362043,8.114926444314207,0.34095916736001364
44,hematopoietic precursor cell,6.52678012367816,14.275810485444666,2.18726695475066
44,hematopoietic stem cell,4.824825714993255,12.985180620768988,2.691326358259376
44,hepatocyte,11.275993378476223,6.026763209585618,0.5344773633061536
44,intermediate monocyte,4.095705697086143,7.296353137006215,1.7814642156044431
44,large intestine goblet cell,5.729126185120497,9.700771623954298,1.6932375567409967
44,macrophage,5.283319421729411,10.92434117828708,2.06770409022727
44,mature NK T cell,4.230052403426714,8.828099053573569,2.086995198078878
44,mesenchymal stem cell,5.070408191373961,12.722429409211074,2.509152898351483
44,mesenchymal stem cell of adipose tissue,4.490788617584502,10.851539854550486,2.416399607868271
44,monocyte,4.789814324093887,7.369213092538321,1.5385174860473099
44,myeloid dendritic cell,10.09108468529708,7.039380611525794,0.6975841379849202
44,myeloid leukocyte,,,
44,natural killer cell,2.412626910802752,8.924384549815363,3.6990321669113597
44,neutrophil,11.082852986134354,9.62174106802982,0.8681646395623477
44,non-classical monocyte,2.7037562591131548,5.81578669213617,2.1510025811438256
44,plasma cell,4.8555467941048915,11.113843319836883,2.288896347025257
44,smooth muscle cell,5.389461149784713,8.527323984116766,1.5822219971763591
44,stromal cell,11.903856635023946,15.743340933088934,1.3225412079282208
45,B cell,2.121130242568444,10.551997034556582,4.974704910990911
45,"CD4-positive, alpha-beta T cell",2.7979807319156254,10.395693529483852,3.7154271331834674
45,"CD8-positive, alpha-beta T cell",1.3568124770074974,4.915310195841857,3.6226894129708804
45,T cell,3.0347568191025664,11.805455601077993,3.8900828978346556
45,adventitial cell,8.666559081013702,11.749194488967527,1.3556931163957702
45,basal cell,3.0154733998417234,8.015975335910843,2.6582808975637415
45,bladder urothelial cell,3.147142177799981,6.378756228772793,2.0268408188764706
45,classical monocyte,4.5944984558764865,8.947041327338477,1.9473379767697976
45,endothelial cell,1.3906673090164074,6.805094815601246,4.893402448939682
45,enterocyte of epithelium of large intestine,6.115384561963667,7.484458112589164,1.223873664322082
45,epithelial cell,7.363991016095382,17.20046508490428,2.3357531326843612
45,fibroblast,2.4613490196748335,6.544346724881803,2.65884548374467
45,fibroblast of cardiac tissue,6.187838602581597,12.775744646662464,2.0646538261893834
45,granulocyte,26.265314901776687,13.491320104979017,0.5136553723201854
45,hematopoietic precursor cell,4.60997291890276,14.415713244241719,3.1270711342210804
45,hematopoietic stem cell,5.729491206898318,12.13230375768561,2.1175185229498728
45,hepatocyte,,,
45,intermediate monocyte,5.281581975185471,8.077955592643848,1.529457581193782
45,large intestine goblet cell,5.904183518964321,8.930652074715029,1.512597304272411
45,macrophage,6.350001581980951,10.941011839847333,1.722993561276274
45,mature NK T cell,2.2874420788564533,8.9378256460681,3.9073451208593366
45,mesenchymal stem cell,4.205615326248893,10.013669774883896,2.3810237023782608
45,mesenchymal stem cell of adipose tissue,4.959636269709783,12.482975996345223,2.5169136036412754
45,monocyte,3.3286950182264934,8.756742762744882,2.630683410404602
45,myeloid dendritic cell,7.9100819418234485,8.398054863878768,1.0616899958362291
45,myeloid leukocyte,16.61471780793981,9.303096304539574,0.559931044997576
45,natural killer cell,1.9666258482300083,8.411278257125783,4.277009917619081
45,neutrophil,4.039655522113632,9.246971411707559,2.289049489761778
45,non-classical monocyte,5.060195082041333,6.69327206270012,1.3227300438385445
45,plasma cell,3.1230501691224375,11.830413363263567,3.788095843041759
45,smooth muscle cell,4.928862630429343,7.879323194939488,1.5986088040463682
45,stromal cell,7.762864777047754,18.208772051167628,2.345625303818894
46,B cell,2.286833260507199,10.773400345497054,4.711056346586288
46,"CD4-positive, alpha-beta T cell",3.32542117073789,10.744131134641437,3.2309083821275433
46,"CD8-positive, alpha-beta T cell",1.6803709481854963,4.98503691327243,2.966628837909504
46,T cell,6.653133753408559,12.552378706294695,1.8866866609834518
46,adventitial cell,14.50593724261446,5.46737527527969,0.3769060339802135
46,basal cell,3.6643730455631593,8.324219933613179,2.271662800186838
46,bladder urothelial cell,2.1925027777072126,6.049562675665138,2.759204110104438
46,classical monocyte,3.388154279040548,9.150213814300264,2.700648512644296
46,endothelial cell,3.908543730747891,7.121143397149307,1.821942873794249
46,enterocyte of epithelium of large intestine,6.9506517084616934,7.218525267899371,1.0385393443195505
46,epithelial cell,7.037728114961845,17.484880789571438,2.48444959850033
46,fibroblast,5.331561085842431,8.0181912489961,1.5039106032729923
46,fibroblast of cardiac tissue,8.153692355683395,9.390051808092194,1.1516318495321958
46,granulocyte,19.741839955727162,8.189305216433825,0.4148197551392916
46,hematopoietic precursor cell,6.092224902543737,15.455774032611755,2.536967081789508
46,hematopoietic stem cell,5.068115278254591,13.158095496272306,2.596250237781455
46,hepatocyte,12.092648318007035,6.834680156677977,0.5651929980052861
46,intermediate monocyte,4.448215491082332,9.137643040382144,2.0542267025284757
46,large intestine goblet cell,6.7228777580438495,8.085170715130584,1.2026353900986473
46,macrophage,3.786048846324489,11.280734176586419,2.9795532584155118
46,mature NK T cell,3.321519136048142,8.895276174241404,2.6780746429252176
46,mesenchymal stem cell,7.746042650869057,9.98845738523504,1.2894916585715415
46,mesenchymal stem cell of adipose tissue,8.315985268053662,10.963494304846378,1.3183638440249859
46,monocyte,2.415565915881369,8.208834912674941,3.398307145627934
46,myeloid dendritic cell,5.397246507500499,7.756597209911309,1.4371396969050874
46,myeloid leukocyte,,,
46,natural killer cell,2.115348237343376,8.380530060267331,3.9617732495866838
46,neutrophil,6.464840105858157,9.332125789351752,1.4435199690237328
46,non-classical monocyte,4.072552771652378,5.150559704437595,1.2647005436709986
46,plasma cell,8.72656045020633,11.856818989742065,1.3587047333708349
46,smooth muscle cell,2.019333976774458,7.227777757335951,3.5792879436818548
46,stromal cell,12.471874164527453,15.618268752326312,1.2522792121129513
47,B cell,2.6486967944128152,10.852975976036145,4.0974776723894974
47,"CD4-positive, alpha-beta T cell",3.3863486602924415,9.832849483319242,2.903673091497344
47,"CD8-positive, alpha-beta T cell",1.943668536171848,4.816455368744781,2.4780230163271715
47,T cell,3.888299929475608,11.685362221840984,3.0052625655904377
47,adventitial cell,9.3558546438633,10.502569831241608,1.1225665886259213
47,basal cell,2.9524096918382994,8.151927438022422,2.7611098353178334
47,bladder urothelial cell,3.829099130882715,6.647059662536451,1.7359330315911974
47,classical monocyte,3.9098246122249942,8.996847570281725,2.3010872513695233
47,endothelial cell,1.9832135797571158,6.614238790926253,3.3351116886443966
47,enterocyte of epithelium of large intestine,7.188161141246367,8.338773432870468,1.1600704643391724
47,epithelial cell,7.885814726690464,18.376961499983956,2.3303821021542612
47,fibroblast,2.5618758953035763,6.873719121184403,2.683080446552968
47,fibroblast of cardiac tissue,6.0016441127058835,13.63774556915301,2.272334932403104
47,granulocyte,27.110623239535467,12.93416155373534,0.47708831477077335
47,hematopoietic precursor cell,5.163425526381448,14.154922812253803,2.741382196747522
47,hematopoietic stem cell,6.024824347582963,12.331199465256667,2.046731780687298
47,hepatocyte,10.44135426794289,6.350901521801944,0.608244999530427
47,intermediate monocyte,3.8896851896096933,7.65244406416784,1.9673684864290308
47,large intestine goblet cell,5.313334222195714,8.974191218796387,1.6889943006611465
47,macrophage,6.365594532433026,10.40099055428637,1.6339385899137617
47,mature NK T cell,3.7584772990776787,8.694241285947335,2.313235013573417
47,mesenchymal stem cell,4.84492322882488,11.332628523554881,2.339072878623006
47,mesenchymal stem cell of adipose tissue,5.485586238019213,11.350977204775184,2.069236853137852
47,monocyte,2.8980804904594573,8.228230955362244,2.8392002853094507
47,myeloid dendritic cell,8.357744294162368,7.477033584351967,0.8946233961207033
47,myeloid leukocyte,16.430747684221313,8.29469962794197,0.5048278865548822
47,natural killer cell,2.3576669120278244,8.426423931340372,3.574051910535921
47,neutrophil,4.671620614167408,9.217383794192788,1.9730591491611398
47,non-classical monocyte,5.346602605881738,6.476622546270912,1.2113528952284673
47,plasma cell,4.872100910503425,11.02080424225148,2.26202298447729
47,smooth muscle cell,4.390428734509648,8.182403655871646,1.863691259023593
47,stromal cell,7.051746420991009,16.01710606664986,2.2713672770438214
48,B cell,2.7510549573678262,10.977122918395267,3.9901503563193215
48,"CD4-positive, alpha-beta T cell",4.07040129785975,10.465387050069491,2.5710946622320208
48,"CD8-positive, alpha-beta T cell",2.0882404203287828,5.077556624205641,2.431500020197007
48,T cell,2.7805884130580365,11.688485732162581,4.2036015388943575
48,adventitial cell,11.236591779234598,6.077812864649364,0.5408946933429815
48,basal cell,3.4670196720474684,7.813926145924464,2.25378765771753
48,bladder urothelial cell,4.338551454592248,6.4809203070469525,1.4937981892981955
48,classical monocyte,5.334711295999067,9.630856581804498,1.8053191723847286
48,endothelial cell,2.260362844887788,6.485113915329107,2.8690588017743894
48,enterocyte of epithelium of large intestine,7.800672532891273,7.983428011126394,1.023428169489815
48,epithelial cell,,,
48,fibroblast,4.587960681852379,7.581398283319128,1.6524549378348543
48,fibroblast of cardiac tissue,7.000204840784911,11.103507441769127,1.5861689328114184
48,granulocyte,24.43918158944335,11.494542794287767,0.4703325580776773
48,hematopoietic precursor cell,6.2472613241597,14.105116170390703,2.2578079319081374
48,hematopoietic stem cell,8.50017156519005,13.87961949847878,1.6328634536411801
48,hepatocyte,10.071158887848505,5.6267163873416965,0.5586960199913724
48,intermediate monocyte,4.609348118255508,9.014621443325508,1.9557258883577784
48,large intestine goblet cell,5.375245575652966,9.284629176943916,1.7272939526704418
48,macrophage,5.065808498763832,9.704383408433818,1.9156632965501756
48,mature NK T cell,2.646272583375726,9.041211491856828,3.41658359333617
48,mesenchymal stem cell,4.948084011792106,12.162277975356114,2.4579772587473023
48,mesenchymal stem cell of adipose tissue,5.540641241893616,11.178033022035162,2.017461974891351
48,monocyte,4.106726333406591,9.711394977157687,2.364753379878113
48,myeloid dendritic cell,9.062140115234929,9.4837174683269,1.0465207277454507
48,myeloid leukocyte,17.097922423534953,21.02017940003874,1.2293996240797582
48,natural killer cell,3.3407750076647393,9.374476488234162,2.8060783700567393
48,neutrophil,11.4137751627578,8.606316444787312,0.7540289099849284
48,non-classical monocyte,5.071662380947454,6.742572100170945,1.3294599667163458
48,plasma cell,4.975056627409873,10.631025816270837,2.1368652886681994
48,smooth muscle cell,2.97802789880117,6.820289447326149,2.290203342309759
48,stromal cell,9.653291425813457,13.262089826016101,1.3738412362184063
49,B cell,2.5871695602556524,11.066569459443167,4.277481317594669
49,"CD4-positive, alpha-beta T cell",2.4232300125634976,9.849027805836483,4.064421352811387
49,"CD8-positive, alpha-beta T cell",1.3437073440242804,4.881043126311717,3.63251949765597
49,T cell,3.537014269416454,11.705034727338159,3.3092981355908657
49,adventitial cell,8.941059019705765,12.154088618053532,1.359356715045317
49,basal cell,3.8224189068952494,8.41757432679802,2.202159033802806
49,bladder urothelial cell,3.3299834857802533,6.4871280455943525,1.94809616122596
49,classical monocyte,3.3650053824070305,8.633224590258989,2.5655901281452143
49,endothelial cell,2.39678746505275,7.005134405677034,2.9227182250483197
49,enterocyte of epithelium of large intestine,6.5484932598599555,8.30979811249358,1.268963375656172
49,epithelial cell,7.967215740832579,17.654919990157126,2.2159460173363117
49,fibroblast,3.5498362750599397,7.492389138184122,2.1106294932032075
49,fibroblast of cardiac tissue,5.579620141972631,16.424207828409394,2.9436068066459344
49,granulocyte,27.250416087787897,13.472747071098178,0.4944051873444936
49,hematopoietic precursor cell,5.016582956429852,14.260902890859565,2.8427523305641915
49,hematopoietic stem cell,5.994339099670884,12.544377614150287,2.0927040338507092
49,hepatocyte,4.766709287592063,5.627458706516844,1.180575186568509
49,intermediate monocyte,4.297231976214154,7.700757654914989,1.7920274487251044
49,large intestine goblet cell,5.854074113406759,9.416812508108539,1.608591269205585
49,macrophage,5.573183797557644,10.251973305606612,1.839518249891448
49,mature NK T cell,4.089627335350038,8.946698356333027,2.1876561414286577
49,mesenchymal stem cell,5.2701120594301285,8.390148864837466,1.5920247558729739
49,mesenchymal stem cell of adipose tissue,5.069628696976161,11.296305287416624,2.228231289237107
49,monocyte,2.788583218014919,8.345089699695016,2.992591236217635
49,myeloid dendritic cell,8.160433301873574,7.167700295570497,0.8783480031538088
49,myeloid leukocyte,14.794828712697624,9.849253332578057,0.6657227010762862
49,natural killer cell,2.497874396566143,8.312883569679945,3.327983016723244
49,neutrophil,5.347652169427741,8.991180278577012,1.6813322919503138
49,non-classical monocyte,4.584854518126504,6.682934004804151,1.4576109183798005
49,plasma cell,3.13962475166564,11.856390825241771,3.776371943478817
49,smooth muscle cell,3.2345238678272668,8.595833905714953,2.6575268128996834
49,stromal cell,,,
50,B cell,2.2156066467218687,10.968621432992519,4.950617678106939
50,"CD4-positive, alpha-beta T cell",2.7980361426584768,9.609183239831394,3.4342598701035696
50,"CD8-positive, alpha-beta T cell",2.3780723141037408,5.254649980634009,2.209625817293284
50,T cell,3.1284643380657404,11.907326772279909,3.806125141781844
50,adventitial cell,6.480016440877399,10.246690902255484,1.5812754482561273
50,basal cell,3.3651805594327007,6.476401941876951,1.924533268719684
50,bladder urothelial cell,4.29845737258319,7.131430490150313,1.6590673983733442
50,classical monocyte,4.435920911999089,10.57527124240463,2.3840080678171485
50,endothelial cell,1.5077525685768989,6.290989930180971,4.172428594247901
50,enterocyte of epithelium of large intestine,7.480632809800874,6.605205063822325,0.8829741055019311
50,epithelial cell,6.525150586419781,16.08447427888304,2.464996641205221
50,fibroblast,3.4551539919401253,5.657368473132735,1.6373708628702914
50,fibroblast of cardiac tissue,3.8097758138937903,13.666798679593207,3.587297349558483
50,granulocyte,22.776581448045356,13.094163738073997,0.574895919650739
50,hematopoietic precursor cell,6.846725352287644,15.707371664341887,2.2941436754278017
50,hematopoietic stem cell,4.808006270364389,12.679420037646276,2.637147150951059
50,hepatocyte,,,
50,intermediate monocyte,6.000589315514325,8.26817076077398,1.377893124496439
50,large intestine goblet cell,6.395026840013485,6.954577908595019,1.0874978452131647
50,macrophage,3.46587786393982,10.680446614433603,3.08159924663146
50,mature NK T cell,2.5458077265133174,9.138967793176729,3.589810690728502
50,mesenchymal stem cell,5.106770995289982,12.837189914908441,2.5137586797505294
50,mesenchymal stem cell of adipose tissue,5.128804229376984,12.164648991548688,2.371829465018667
50,monocyte,5.0991651261307505,7.084283405242132,1.389302607389318
50,myeloid dendritic cell,7.608424738592007,8.091850856618075,1.0635382664132824
50,myeloid leukocyte,,,
50,natural killer cell,1.8373853635735955,8.659779468847786,4.71309919003876
50,neutrophil,8.62211797934926,13.154051700501428,1.525617224446076
50,non-classical monocyte,3.3908423185689642,5.9737512702798865,1.7617307763225587
50,plasma cell,3.1994197998329152,10.35202505273999,3.235594482874866
50,smooth muscle cell,3.3618186599876068,8.164771610069636,2.4286769858371047
50,stromal cell,8.822408329444848,19.08581488684808,2.163333885051437
51,B cell,2.145095163627331,10.625073839683418,4.953194627373334
51,"CD4-positive, alpha-beta T cell",2.7522580449599294,9.490490450607487,3.448256048515124
51,"CD8-positive, alpha-beta T cell",1.5633486372439875,4.779460958336118,3.0571945658658612
51,T cell,3.3053072048995586,11.916485534779715,3.6052580882997933
51,adventitial cell,6.793952356953656,6.928002787676469,1.0197308464469304
51,basal cell,2.6099862222922683,7.103633970815007,2.7217132068138317
51,bladder urothelial cell,3.6699459529063017,7.0163349533493795,1.9118360442864308
51,classical monocyte,3.5693604716507847,9.840221672984805,2.7568584767886515
51,endothelial cell,2.6257717105377782,6.711665142122572,2.556073368902269
51,enterocyte of epithelium of large intestine,6.092714890373015,7.630443287874345,1.252388044602426
51,epithelial cell,6.638559782418584,16.976822175966497,2.5573050077710437
51,fibroblast,3.7415184807509934,5.183411339226403,1.385376382849242
51,fibroblast of cardiac tissue,8.26808402424865,14.452408303170518,1.7479754996181065
51,granulocyte,20.32938038919514,12.776167912539062,0.6284583035953947
51,hematopoietic precursor cell,6.01597181663759,14.377700404257414,2.389921502706326
51,hematopoietic stem cell,5.666789862381599,13.14125870651562,2.3189952381598817
51,hepatocyte,8.612197129080771,3.4836596333908454,0.40450300674465356
51,intermediate monocyte,7.485006512306861,8.961493174509597,1.1972592354829743
51,large intestine goblet cell,8.048406779742429,10.200365238877197,1.2673769502494798
51,macrophage,4.003595961095483,10.577728960584176,2.6420570565491945
51,mature NK T cell,2.3924101911620035,8.922344292451642,3.729437504242541
51,mesenchymal stem cell,6.1784667992985165,12.70902580781508,2.0569869873312294
51,mesenchymal stem cell of adipose tissue,7.262190175083083,14.105847864373247,1.9423682834375608
51,monocyte,4.987387335490136,7.631233305459368,1.5301064048416058
51,myeloid dendritic cell,7.134999687152561,7.810547944448607,1.0946809091684269
51,myeloid leukocyte,,,
51,natural killer cell,3.9341858839313013,9.688244765383718,2.462579311504869
51,neutrophil,5.156542875361911,12.156117482212467,2.3574161557532465
51,non-classical monocyte,3.485796279530353,5.775716163697545,1.6569287762495737
51,plasma cell,6.917842379173601,11.28129284424044,1.6307530911954793
51,smooth muscle cell,3.598444807003274,7.987410711617719,2.219684096883371
51,stromal cell,9.727568537955493,19.733332217679692,2.0285986308585984
52,B cell,1.5211879184064732,11.162527033274793,7.338032926903696
52,"CD4-positive, alpha-beta T cell",3.1364257360085186,10.35812996006054,3.302526771522578
52,"CD8-positive, alpha-beta T cell",1.9978161918906425,5.392046054988904,2.698970043828765
52,T cell,2.8739182780275403,12.083682637121177,4.204602033922337
52,adventitial cell,9.132997183380972,7.914009524569507,0.866529285585501
52,basal cell,5.519535925971234,7.6933237816120315,1.3938352580354463
52,bladder urothelial cell,3.8329655809550442,6.3615363357269805,1.659690441087108
52,classical monocyte,3.4874543382943006,9.859893967081264,2.827246756699816
52,endothelial cell,2.2682188244924397,6.626323434961176,2.9213774982420184
52,enterocyte of epithelium of large intestine,4.535790483943051,7.385361426729909,1.6282413071931994
52,epithelial cell,,,
52,fibroblast,2.8500855950779735,6.416464210822521,2.2513233363600005
52,fibroblast of cardiac tissue,7.4397929799388764,13.324394231044527,1.7909630371400465
52,granulocyte,,,
52,hematopoietic precursor cell,5.024882235050314,15.783945390135388,3.141157275296292
52,hematopoietic stem cell,5.55571174445112,14.108546453329334,2.5394669670219177
52,hepatocyte,10.256761764969342,6.945472587697814,0.6771603696031224
52,intermediate monocyte,3.6476229772497897,7.939283391984554,2.1765635981300244
52,large intestine goblet cell,4.640314310953951,8.155654363451692,1.7575650735984438
52,macrophage,3.9224469574750764,10.575813444051404,2.6962285427204793
52,mature NK T cell,2.4176340322982792,8.824660948843537,3.6501227360927473
52,mesenchymal stem cell,4.332406346780024,11.490230555652463,2.652159016476456
52,mesenchymal stem cell of adipose tissue,7.590073784013078,10.945558990803967,1.4420886149827061
52,monocyte,2.2356367462864704,8.891891877319505,3.977341977443108
52,myeloid dendritic cell,7.4296837559431825,10.073262505961141,1.355813092031447
52,myeloid leukocyte,13.432064009620836,19.29723590653333,1.4366545523243124
52,natural killer cell,2.353569893867113,8.519362340835109,3.619761776794774
52,neutrophil,3.710289655583499,10.280113448287349,2.770703746220225
52,non-classical monocyte,4.356537948011518,5.7930625103106745,1.3297399401639183
52,plasma cell,6.125259228543756,10.7202125408255,1.750164709906354
52,smooth muscle cell,2.555525879671099,7.510286261994371,2.9388417944571783
52,stromal cell,10.904203850280572,13.791893863687521,1.2648235536547354
53,B cell,2.079340113596025,10.657309255845469,5.125332400486731
53,"CD4-positive, alpha-beta T cell",3.347622125346451,10.164163376371608,3.0362337790199967
53,"CD8-positive, alpha-beta T cell",1.8902216387903015,4.793705186778846,2.5360545495853635
53,T cell,4.0758560216638005,12.41875274814602,3.046906633143674
53,adventitial cell,8.878083312696845,11.19784119918191,1.2612903939713545
53,basal cell,3.6303699579536044,7.956883467755681,2.191755540044431
53,bladder urothelial cell,3.9347921374150436,6.325601813953587,1.6076076176438592
53,classical monocyte,3.2124244249280824,7.86210344487053,2.4474049518056886
53,endothelial cell,2.1115873945556096,6.487654966576173,3.0724065616718272
53,enterocyte of epithelium of large intestine,14.041465454414237,7.716634753861681,0.5495604984332878
53,epithelial cell,,,
53,fibroblast,3.56347303414063,7.249732992127624,2.0344570935909934
53,fibroblast of cardiac tissue,6.527833789342772,13.636855092414942,2.089032216886134
53,granulocyte,22.670494562021254,8.06966552697443,0.3559545428044229
53,hematopoietic precursor cell,5.613893347393806,14.032523084592238,2.499606283241326
53,hematopoietic stem cell,5.090357396051022,12.052545443764823,2.3677208702703076
53,hepatocyte,,,
53,intermediate monocyte,4.334969470937717,8.581637478385005,1.9796304301374172
53,large intestine goblet cell,10.053339351843082,9.127854138413243,0.907942507356009
53,macrophage,3.6513658895133316,10.502658651448534,2.876364343987551
53,mature NK T cell,3.0080692462265097,9.03108920481703,3.002287668791579
53,mesenchymal stem cell,4.661330572315779,11.922884270272379,2.5578285181239595
53,mesenchymal stem cell of adipose tissue,5.825613202172349,11.28060839874398,1.93638128850324
53,monocyte,6.72135235652402,10.801458481347202,1.6070364873614853
53,myeloid dendritic cell,8.88920488093614,9.990320699720328,1.1238711261055137
53,myeloid leukocyte,17.031919520258917,23.435833538140496,1.375994849568443
53,natural killer cell,2.1362637612607234,8.75127386193757,4.096532469741927
53,neutrophil,9.635793500377893,8.039858638302944,0.8343743188340056
53,non-classical monocyte,3.639511633463836,7.084603124210541,1.9465807057931848
53,plasma cell,2.9910570292909373,11.2889333880563,3.7742287350276515
53,smooth muscle cell,1.222729393839821,7.529022612646759,6.157554280267078
53,stromal cell,9.092935159262238,14.41851248461174,1.5856829760767366
54,B cell,2.1074557256525344,10.75189982227704,5.101839004920454
54,"CD4-positive, alpha-beta T cell",2.856963019500464,9.657837430386135,3.3804558772604603
54,"CD8-positive, alpha-beta T cell",2.4932917610495,5.1067110561331495,2.0481802955878634
54,T cell,3.51066981326816,11.846399749328933,3.374398727147985
54,adventitial cell,7.38004070998727,9.572127593586671,1.297029104545845
54,basal cell,3.397120198694606,6.895595740158676,2.0298356657525427
54,bladder urothelial cell,2.615273218265811,6.835956178380322,2.6138592827074674
54,classical monocyte,4.242057406675829,9.923996519589409,2.3394300378801507
54,endothelial cell,2.3491969978832627,6.873881538075009,2.926055815782457
54,enterocyte of epithelium of large intestine,7.8552811698984035,7.458669645955851,0.9495102065267408
54,epithelial cell,7.07390658068821,16.389247061561843,2.316859414895942
54,fibroblast,3.6966183408668507,5.367073139990274,1.4518872778009602
54,fibroblast of cardiac tissue,8.269309522461688,14.097127944542912,1.7047527252730459
54,granulocyte,24.286344230046737,14.394043380950395,0.5926805304497941
54,hematopoietic precursor cell,7.172982491001571,15.723694309535446,2.1920720326949983
54,hematopoietic stem cell,5.131839483454081,13.501726218024439,2.6309720445380824
54,hepatocyte,15.046005657321174,8.945646936648226,0.5945529425143742
54,intermediate monocyte,7.961713356846333,9.229824103246147,1.1592761117566932
54,large intestine goblet cell,6.615152849531507,7.687340874421756,1.1620806123876917
54,macrophage,5.585897216379983,10.14603501007134,1.8163662196145127
54,mature NK T cell,3.131859332086685,9.453188038117462,3.018394836979802
54,mesenchymal stem cell,4.937940097152813,11.691973177406593,2.367783518505645
54,mesenchymal stem cell of adipose tissue,5.7795868474710845,13.01861545743042,2.2525166246315416
54,monocyte,6.00560447335466,7.4624909805610455,1.2425878217039135
54,myeloid dendritic cell,7.24851953894333,9.273174558378189,1.2793197988302598
54,myeloid leukocyte,13.353050215695724,10.022307600494704,0.7505631626183861
54,natural killer cell,2.6127676968266593,8.69536578156995,3.328028661763891
54,neutrophil,7.992437546703234,12.74515632332146,1.5946519755513955
54,non-classical monocyte,3.2405778522071063,5.751614620203091,1.7748731499494008
54,plasma cell,4.2004575386721354,10.628196426286992,2.5302473191162926
54,smooth muscle cell,3.1219364730895554,7.86732440063922,2.5200142502750853
54,stromal cell,9.055686239745674,19.054983975471504,2.104200992724176
55,B cell,2.41769338356749,11.310304986971142,4.678138701890282
55,"CD4-positive, alpha-beta T cell",2.9546563729499953,9.28194639085047,3.141463919739393
55,"CD8-positive, alpha-beta T cell",1.732832210087971,4.706633183024744,2.7161505630056366
55,T cell,3.0284952233697453,11.666798271072297,3.8523416451325576
55,adventitial cell,8.649749807079582,10.814408485282293,1.250256796610579
55,basal cell,3.656939785515207,7.825878406450893,2.140007455810035
55,bladder urothelial cell,3.758208490524515,5.9749420992922,1.5898378481014783
55,classical monocyte,5.77970685738563,8.760932884199903,1.515809209770682
55,endothelial cell,1.727162989460996,6.619028961699504,3.8323128749795274
55,enterocyte of epithelium of large intestine,7.2225620394625105,7.589771580370031,1.0508420057731824
55,epithelial cell,,,
55,fibroblast,2.414031167962399,5.305425622971495,2.1977452873773884
55,fibroblast of cardiac tissue,4.448554158477697,12.571315019102265,2.825932779787532
55,granulocyte,22.173462895189157,18.526420954555025,0.835522220508669
55,hematopoietic precursor cell,5.78877436880242,14.789512840388175,2.5548608216781865
55,hematopoietic stem cell,3.901318899903051,11.52159044847693,2.953255230881855
55,hepatocyte,7.414663854061892,5.6077867903778245,0.7563103197599138
55,intermediate monocyte,4.505556514377727,8.204355715376892,1.820941694815255
55,large intestine goblet cell,4.990774882537431,8.01380989954079,1.6057245794798052
55,macrophage,4.077698944861717,10.114954124182608,2.4805544158497526
55,mature NK T cell,3.1683883605548866,9.626528025478162,3.0383043143714388
55,mesenchymal stem cell,4.679037316989503,8.715969481726393,1.8627698159360386
55,mesenchymal stem cell of adipose tissue,5.1517678930646635,11.81478640001405,2.293346021259843
55,monocyte,3.2027486941667216,8.86512672896625,2.767974504247747
55,myeloid dendritic cell,8.22411866902254,8.255788420241137,1.003850838307804
55,myeloid leukocyte,13.29641443633126,10.802515647166729,0.8124382478369374
55,natural killer cell,1.6648238021872994,8.322280627180474,4.998895748755149
55,neutrophil,13.076439322942718,15.332900792496172,1.1725593193855512
55,non-classical monocyte,3.330928223721493,6.178473634190307,1.8548804474950176
55,plasma cell,3.794326002822948,11.150115943312917,2.9386288724314467
55,smooth muscle cell,3.925314673756323,8.384613200442141,2.136035935284266
55,stromal cell,,,
56,B cell,2.690485264195766,10.325378137654571,3.837738223309322
56,"CD4-positive, alpha-beta T cell",3.0925192056626476,10.616740289995588,3.433039403783005
56,"CD8-positive, alpha-beta T cell",2.0774525445172047,5.190188204503226,2.4983426062853407
56,T cell,2.8612928643730506,12.073416790537356,4.21956694502253
56,adventitial cell,8.725416328753827,6.523120171966332,0.7475998767497174
56,basal cell,3.0556585620278693,6.98325102108802,2.2853505649707238
56,bladder urothelial cell,5.167763048803329,7.255164962489316,1.4039275589791904
56,classical monocyte,5.8893668158584305,10.73942871186365,1.8235285808561539
56,endothelial cell,2.566455675040455,6.690313715321313,2.6068300264783857
56,enterocyte of epithelium of large intestine,7.532072630559664,6.889545486758318,0.9146945103537054
56,epithelial cell,6.645969078049497,16.167417066328007,2.432665105187779
56,fibroblast,3.4584950022034646,7.2258727474969255,2.0893113168858712
56,fibroblast of cardiac tissue,5.316159883311377,11.045125581020711,2.0776511285324295
56,granulocyte,23.398481237054384,13.253834878198209,0.5664399643686756
56,hematopoietic precursor cell,6.243358034629504,15.16648369230331,2.42921895687876
56,hematopoietic stem cell,5.325516783794602,13.60535778342168,2.5547488320424416
56,hepatocyte,,,
56,intermediate monocyte,5.0468432845860995,8.358114775979512,1.6561074526539368
56,large intestine goblet cell,6.745865251347462,6.6318791785331195,0.9831028239421808
56,macrophage,4.9432062442508435,10.044112345599997,2.0319023421856452
56,mature NK T cell,3.6258665084982553,8.995340185493198,2.4808801329034162
56,mesenchymal stem cell,5.838852309306745,12.287865445612512,2.1045001302784225
56,mesenchymal stem cell of adipose tissue,4.926963447193153,10.938941770672557,2.2202197941826367
56,monocyte,3.0692863173325033,8.174185858701062,2.6632203755448898
56,myeloid dendritic cell,8.170786225749065,9.956711999763185,1.2185745318346513
56,myeloid leukocyte,17.22425043558276,21.172855349411062,1.2292468359419035
56,natural killer cell,3.159237288200006,9.434740181942773,2.986398083227953
56,neutrophil,5.3339666155913354,11.787881599448845,2.2099653876708816
56,non-classical monocyte,4.114121621597357,6.543302328516772,1.5904494155367863
56,plasma cell,3.338233036540252,10.896152975406988,3.2640480326381804
56,smooth muscle cell,3.8407428798682104,6.910497058809679,1.7992605271839501
56,stromal cell,9.725157927917211,19.016253644806834,1.9553670784325712
57,B cell,3.04527904320509,10.52819261481247,3.457217701709127
57,"CD4-positive, alpha-beta T cell",3.2550342917362816,9.492369984981824,2.916211976347094
57,"CD8-positive, alpha-beta T cell",2.0005691368606473,5.017181213727061,2.507876944258058
57,T cell,3.128610044793433,12.025591377965695,3.843748887138693
57,adventitial cell,13.870775693143448,15.6412346218531,1.127639503938112
57,basal cell,3.373551187604165,8.108338433782931,2.403502417149131
57,bladder urothelial cell,2.181250799292334,6.74764128144275,3.093473379416936
57,classical monocyte,2.8536213189091564,7.29102737218472,2.5550087265859913
57,endothelial cell,2.840397763668779,6.829520861513797,2.404424108788375
57,enterocyte of epithelium of large intestine,6.142092005241791,8.07889477589474,1.3153327512840969
57,epithelial cell,7.660779957110855,16.609054254670557,2.168063088570215
57,fibroblast,4.252014777180678,6.011719306627045,1.413851931768955
57,fibroblast of cardiac tissue,6.938689357746658,15.673872126138338,2.258909617943818
57,granulocyte,18.549474043991314,12.897805026939976,0.6953191770479299
57,hematopoietic precursor cell,7.609833457737316,14.534200693426866,1.9099236237094235
57,hematopoietic stem cell,4.586881669161722,12.339172578534502,2.690100479699001
57,hepatocyte,4.611675103862037,4.776706381208197,1.0357855385796704
57,intermediate monocyte,4.030012711545039,7.988821856945757,1.9823316770340849
57,large intestine goblet cell,5.892650372166936,9.18230707424317,1.5582643622663312
57,macrophage,5.1680899002384875,9.628967392782364,1.8631578743121369
57,mature NK T cell,2.307966936662746,8.859954861830316,3.8388569268854242
57,mesenchymal stem cell,8.814792738781005,9.367156779747004,1.06266330444003
57,mesenchymal stem cell of adipose tissue,,,
57,monocyte,4.960607654341867,10.474937665949616,2.11162389687909
57,myeloid dendritic cell,4.885057261553083,9.792736513771924,2.0046308547586125
57,myeloid leukocyte,18.43065778007344,23.579601264783676,1.2793684059544033
57,natural killer cell,3.360555365811505,9.161851485641765,2.726290891931003
57,neutrophil,6.145045081242509,10.622752036432162,1.7286695046156235
57,non-classical monocyte,6.162736137435473,7.331418207311359,1.1896368826789028
57,plasma cell,4.865545361211341,10.929529549900776,2.246311305004405
57,smooth muscle cell,2.217637824485852,7.293003826571552,3.288636109127692
57,stromal cell,,,
58,B cell,2.8189912041882645,10.600640252909837,3.760437505856751
58,"CD4-positive, alpha-beta T cell",2.4819683723464694,9.532038719790092,3.8405157881921115
58,"CD8-positive, alpha-beta T cell",1.7270165035426484,4.7435126542407255,2.7466516066929905
58,T cell,3.145012096446099,11.714073039387975,3.724651187391303
58,adventitial cell,9.555252809630309,11.560361419292873,1.209843595937274
58,basal cell,3.0199922041763267,7.593311958867558,2.5143481987691287
58,bladder urothelial cell,2.886901116677966,6.746459485007736,2.336920875478779
58,classical monocyte,2.0820771347331353,8.24604008677575,3.960487317792222
58,endothelial cell,2.3919037682208377,6.74434801323664,2.81965692050114
58,enterocyte of epithelium of large intestine,5.810722456606453,7.128565676562814,1.2267950723507797
58,epithelial cell,7.24315275663779,15.787519921311455,2.179647517007482
58,fibroblast,2.391097583849688,5.648004408209473,2.3620969910881415
58,fibroblast of cardiac tissue,6.91539890550624,15.774398574709632,2.2810540346630765
58,granulocyte,24.660702654788714,14.348081451296936,0.5818196525925334
58,hematopoietic precursor cell,5.092118121339111,14.255869737735464,2.7995952564404565
58,hematopoietic stem cell,3.6108721118372853,12.168462350672963,3.369951073808981
58,hepatocyte,6.924025252963767,5.006289858261236,0.7230317157087691
58,intermediate monocyte,4.253142110800403,8.51162630275014,2.0012560316608674
58,large intestine goblet cell,4.168107455586007,8.861072990417844,2.125922396396577
58,macrophage,4.285845510404661,10.274789120054123,2.3973773891546544
58,mature NK T cell,3.534602620675071,9.455874765042557,2.675229942322791
58,mesenchymal stem cell,9.735281414110554,8.602502521466041,0.8836418954461208
58,mesenchymal stem cell of adipose tissue,5.642875229494894,11.085878535122534,1.9645797725913665
58,monocyte,6.183809763286982,10.145862864229517,1.640713937298828
58,myeloid dendritic cell,9.302505971332794,10.877588472703282,1.169318085494851
58,myeloid leukocyte,16.87085017996165,22.600299505036823,1.339606437373282
58,natural killer cell,2.8560166819212904,8.596301838476181,3.009892026503607
58,neutrophil,6.391666231837093,12.247592006750734,1.9161814091206903
58,non-classical monocyte,4.064375260136281,6.6546913694262475,1.6373220835920335
58,plasma cell,3.0979355081655586,10.578649917202501,3.4147418141272556
58,smooth muscle cell,3.4064554953852197,8.319267972207426,2.4422065644120914
58,stromal cell,,,
59,B cell,2.4523427581164836,10.644230834022606,4.340433570631001
59,"CD4-positive, alpha-beta T cell",3.4641780530378075,9.152278133337683,2.6419768248666857
59,"CD8-positive, alpha-beta T cell",1.6617702835136516,5.08776922610822,3.061656160652137
59,T cell,3.162567151881267,11.77678766555603,3.7238063572976015
59,adventitial cell,4.5309034385592835,3.9753452440711903,0.8773846757006265
59,basal cell,4.384542711265483,7.787374613428017,1.7760973324354723
59,bladder urothelial cell,6.482959669687809,5.9018516094129305,0.9103637705796707
59,classical monocyte,3.149976131378733,9.660433240303238,3.0668274416653762
59,endothelial cell,2.7887848716742973,6.710632539498826,2.4062926501282895
59,enterocyte of epithelium of large intestine,6.74128923753792,8.184267451231488,1.2140507791385877
59,epithelial cell,,,
59,fibroblast,3.482914692853808,5.819550910224315,1.6708852852941767
59,fibroblast of cardiac tissue,,,
59,granulocyte,22.635114274237882,9.085199665739058,0.4013763551474252
59,hematopoietic precursor cell,6.514050428975719,15.00629706710702,2.3036814391789466
59,hematopoietic stem cell,5.475252061711049,12.480403224937591,2.2794207616877076
59,hepatocyte,8.698639758602944,4.201551054041029,0.4830124215554162
59,intermediate monocyte,5.006394980731755,7.810373492628885,1.5600793630324568
59,large intestine goblet cell,6.808010154363867,10.153045432556844,1.4913381740549907
59,macrophage,3.965680071325572,10.840331634338455,2.733536603903339
59,mature NK T cell,2.2602880025300505,9.178848470786376,4.060919874154109
59,mesenchymal stem cell,2.793673943440313,11.938212479677725,4.273302010676389
59,mesenchymal stem cell of adipose tissue,2.9933943356518653,10.481091312619082,3.5014068102512916
59,monocyte,4.315551254256594,7.716437030530881,1.7880536172336878
59,myeloid dendritic cell,9.033019004779707,7.412362372737159,0.8205852737401529
59,myeloid leukocyte,,,
59,natural killer cell,1.5067984651344442,8.581261962456216,5.695029667879674
59,neutrophil,10.122982370216581,10.019065304951736,0.9897345405272476
59,non-classical monocyte,4.24435980602321,6.263328741836499,1.475682795070331
59,plasma cell,5.230736615809887,11.3824812972787,2.176076169248358
59,smooth muscle cell,4.121984229250153,7.301035546150917,1.7712429597235693
59,stromal cell,9.381617403439733,15.710188694431602,1.674571453816857
60,B cell,3.1713368543568348,10.657613934074172,3.3606060861786307
60,"CD4-positive, alpha-beta T cell",2.7670368888248604,9.095783201313228,3.28719260594178
60,"CD8-positive, alpha-beta T cell",1.5337190722056966,4.6142255333037046,3.0085206716949937
60,T cell,3.2808923195786264,12.57116529609473,3.8316299566056093
60,adventitial cell,6.915447123978191,3.9723119253804215,0.574411437780657
60,basal cell,3.344665519906173,8.33627222446008,2.4924083364527094
60,bladder urothelial cell,6.133646696930864,6.1064641747590755,0.9955682934614754
60,classical monocyte,2.4678827436716477,8.998007181979528,3.646043234855049
60,endothelial cell,1.6448468303806927,6.650116283039453,4.043000333046398
60,enterocyte of epithelium of large intestine,6.450750505968445,8.514325974292003,1.3198969587204266
60,epithelial cell,,,
60,fibroblast,2.9813176402178145,4.985963969831389,1.6724028002152485
60,fibroblast of cardiac tissue,,,
60,granulocyte,22.048420761498782,10.371997725419705,0.4704190761603848
60,hematopoietic precursor cell,6.465405115318174,14.401561833708964,2.2274801929407384
60,hematopoietic stem cell,4.589728084889099,12.651647367612785,2.7565134869898253
60,hepatocyte,,,
60,intermediate monocyte,6.397247859250377,7.717165158823042,1.2063258026909296
60,large intestine goblet cell,5.5414712360615,10.190604706576153,1.8389709650137858
60,macrophage,5.599289597803694,11.02085656291306,1.9682597891053824
60,mature NK T cell,3.8125686716035148,9.271268295260157,2.4317642759627427
60,mesenchymal stem cell,3.2348307803488554,8.806449999079202,2.722383517733649
60,mesenchymal stem cell of adipose tissue,4.155831773265706,9.243018292320002,2.224107903447863
60,monocyte,4.801573996038086,7.319808236024192,1.5244601545376522
60,myeloid dendritic cell,12.535905925862753,8.700788372449214,0.6940693735184044
60,myeloid leukocyte,,,
60,natural killer cell,1.9422804587111802,8.881879145680932,4.572912787051666
60,neutrophil,10.931380254408396,9.22821573881266,0.8441949254387262
60,non-classical monocyte,2.6844420836538005,6.789594387041103,2.5292385439732676
60,plasma cell,3.439262039780598,11.861465941764068,3.448840421162195
60,smooth muscle cell,3.3770057182558153,7.6184667859873505,2.255982791146176
60,stromal cell,,,
61,B cell,1.9081508759625145,10.784187488844848,5.651642972626607
61,"CD4-positive, alpha-beta T cell",3.0818482598939902,10.410104281645808,3.377876976332344
61,"CD8-positive, alpha-beta T cell",1.4547108914351692,5.1108183127644615,3.513287996161422
61,T cell,4.8739889995956736,13.047237550326054,2.67691157107831
61,adventitial cell,13.740487801737094,6.40239865367514,0.46595133637582636
61,basal cell,6.311326840961677,8.476617443020197,1.3430800933973794
61,bladder urothelial cell,4.125251387712725,6.518769754239947,1.5802115172075188
61,classical monocyte,4.588645697054121,9.298814414565523,2.0264834176531212
61,endothelial cell,2.438686319607504,6.911119347662563,2.8339517436481447
61,enterocyte of epithelium of large intestine,4.42960915946205,6.81589667337997,1.5387128814334763
61,epithelial cell,,,
61,fibroblast,4.078438102813182,6.2518564242431935,1.5329045744082406
61,fibroblast of cardiac tissue,7.698936258778378,12.962747402657863,1.6837062896679593
61,granulocyte,,,
61,hematopoietic precursor cell,3.896617103908347,14.866050106295136,3.8151169873438002
61,hematopoietic stem cell,5.257150866190887,13.714013128458172,2.6086398274498777
61,hepatocyte,10.496726851287363,6.4029575873922635,0.6099956375074176
61,intermediate monocyte,3.964536903320984,8.50491189172369,2.1452472505929654
61,large intestine goblet cell,4.788065186063082,7.889669342765134,1.647778180992624
61,macrophage,4.5477157718103784,10.516696827965452,2.3125228918558625
61,mature NK T cell,3.9656159753629767,8.951845782784998,2.257365775808795
61,mesenchymal stem cell,5.822297678428946,11.709671424357573,2.0111770423111106
61,mesenchymal stem cell of adipose tissue,9.476053208036323,11.006624494935858,1.1615199126996785
61,monocyte,2.2812860244297877,8.73614775239869,3.8294837468187746
61,myeloid dendritic cell,8.899353959197976,10.360948197342259,1.164235993404178
61,myeloid leukocyte,16.2679263073688,20.09699536498887,1.2353753628626678
61,natural killer cell,2.5490951365317636,8.774585710594478,3.442235475970883
61,neutrophil,3.580759348495465,9.6633939617829,2.6986996391821716
61,non-classical monocyte,5.096417067649069,6.327797254194893,1.2416168398701812
61,plasma cell,6.190381868227269,10.80160420804653,1.7449011123993503
61,smooth muscle cell,2.743307914666499,7.486896868438203,2.729149297609334
61,stromal cell,11.338072894247112,13.326798238398675,1.1754024129762504
62,B cell,2.074561405666874,11.029868938373488,5.316723288230604
62,"CD4-positive, alpha-beta T cell",2.395853304165631,10.151993815849952,4.237318619716343
62,"CD8-positive, alpha-beta T cell",0.9426025046138351,4.712759665163318,4.999731744924696
62,T cell,4.893659875305222,12.160264767335155,2.484901909243684
62,adventitial cell,7.139088539187662,9.663467149579938,1.3535995661820885
62,basal cell,2.6850858328555782,8.325481839931967,3.100638995617451
62,bladder urothelial cell,2.8221396912767105,5.930521522321896,2.1014273462980073
62,classical monocyte,4.0318731345442815,7.941171103526563,1.9695984567292555
62,endothelial cell,2.1902783835015733,6.673017814365473,3.0466528203129113
62,enterocyte of epithelium of large intestine,5.464566050700948,7.593458014159256,1.3895811568029692
62,epithelial cell,8.142528658059891,17.08092094529354,2.0977415815891503
62,fibroblast,4.153419893029867,7.832311517082658,1.8857499888770182
62,fibroblast of cardiac tissue,3.774609918480425,14.454878268926448,3.829502539628165
62,granulocyte,22.24894162095558,10.070311295645576,0.4526197905144695
62,hematopoietic precursor cell,5.8728064256775685,14.893792560463497,2.5360605272708514
62,hematopoietic stem cell,4.35686230597978,13.229369443423666,3.0364442376951866
62,hepatocyte,5.321249836253777,4.96741135367771,0.9335046289002709
62,intermediate monocyte,6.160126213338238,8.046861805746456,1.3062819700549246
62,large intestine goblet cell,6.05669022307576,8.848245997269828,1.4609044992194493
62,macrophage,3.7762578897549752,12.485267345428502,3.306253892061015
62,mature NK T cell,2.3998962222365727,8.903801844550856,3.710077861722286
62,mesenchymal stem cell,5.834162290225333,11.51284331946424,1.9733498567143184
62,mesenchymal stem cell of adipose tissue,7.312387342345766,11.11492776987085,1.5200135399700057
62,monocyte,5.794489162229856,9.142031915890408,1.577711453061436
62,myeloid dendritic cell,6.428177786548096,6.856238402258245,1.0665912844859282
62,myeloid leukocyte,,,
62,natural killer cell,3.22184636091089,7.840624156166256,2.433581020899312
62,neutrophil,4.310133779916299,9.994925209992905,2.3189361909288584
62,non-classical monocyte,3.464936624389462,5.692959432690771,1.643019786456815
62,plasma cell,7.362778421333722,11.675450914147026,1.5857398180444076
62,smooth muscle cell,2.98795622735801,8.070518705588455,2.7010163775807765
62,stromal cell,9.132637445853975,14.39274789837461,1.5759683863185234
63,B cell,2.277934108711696,10.637451415976043,4.669780120195021
63,"CD4-positive, alpha-beta T cell",2.750471877877217,9.752286084697916,3.5456774392562123
63,"CD8-positive, alpha-beta T cell",2.4325498121825655,4.880150389915029,2.0061872383761767
63,T cell,4.172923257563342,12.511756692884637,2.998319384428487
63,adventitial cell,10.057155241280004,10.022576206077753,0.9965617478926526
63,basal cell,3.844816759992342,7.489788644273656,1.94802226264967
63,bladder urothelial cell,3.9586872220311506,7.127658122036495,1.8005105536929453
63,classical monocyte,4.1267432855742205,8.937312687435645,2.165705998402576
63,endothelial cell,2.1856207517593775,6.89885954948582,3.156476046419484
63,enterocyte of epithelium of large intestine,8.216065547206068,7.677056797934732,0.9343957583864908
63,epithelial cell,6.488624616778744,16.225906413442292,2.500669613631862
63,fibroblast,3.132297298446058,5.725052244537336,1.8277486774252085
63,fibroblast of cardiac tissue,8.256807390060985,14.957201669710217,1.8114994044447177
63,granulocyte,18.236940632523165,12.638509147113874,0.6930169594660395
63,hematopoietic precursor cell,5.1622579722296456,13.543622307129535,2.6235849467398604
63,hematopoietic stem cell,5.479372228653002,12.273594330071836,2.239963597634443
63,hepatocyte,8.887160656702298,3.8151748714934994,0.42929063835661235
63,intermediate monocyte,4.434584833390689,8.470928400101174,1.910196493777365
63,large intestine goblet cell,6.715720333175041,9.26949752492378,1.3802685438125402
63,macrophage,5.291559797733072,9.85067620881762,1.8615827063010217
63,mature NK T cell,4.770872755014785,9.162953991465274,1.920603307190254
63,mesenchymal stem cell,8.647122486631877,13.520021578412978,1.563528399107844
63,mesenchymal stem cell of adipose tissue,6.733572798876142,14.388555423167382,2.1368381768396243
63,monocyte,2.4397951752783755,8.430941774813371,3.455594084389243
63,myeloid dendritic cell,6.840323651631856,8.793505166241522,1.2855393420081382
63,myeloid leukocyte,10.455253510718432,11.787657403702434,1.127438697839135
63,natural killer cell,3.712801122464468,9.376803719027132,2.5255335283897553
63,neutrophil,5.824856232837716,12.224613600748492,2.098697909801112
63,non-classical monocyte,5.1477005431101555,6.4964617005426994,1.26201235797171
63,plasma cell,5.856509387452594,11.03607565904318,1.8844118448247789
63,smooth muscle cell,3.7499872166931567,8.136543306731884,2.1697522782242746
63,stromal cell,10.818757103864089,20.388165300400093,1.8845201075009015
64,B cell,2.6140283025611732,10.06907225363113,3.851936967846007
64,"CD4-positive, alpha-beta T cell",2.4716412001043992,9.94435387192958,4.023380849740465
64,"CD8-positive, alpha-beta T cell",1.3293529726374125,4.989503941663384,3.7533326696252067
64,T cell,3.7781336204467504,12.579812259482885,3.3296366733570872
64,adventitial cell,7.931864105288184,6.484505742989569,0.8175260767095518
64,basal cell,2.6762934671667713,7.200253329737709,2.690382582505116
64,bladder urothelial cell,3.206048445067362,6.83033418138133,2.1304525799945666
64,classical monocyte,2.720221775266735,9.484022575736335,3.4864887348408815
64,endothelial cell,2.8327559896942267,7.065492636115592,2.4942115246849252
64,enterocyte of epithelium of large intestine,6.589686610947212,7.195366841974985,1.0919133589784948
64,epithelial cell,7.450658787445208,16.454072102287967,2.2084049976914835
64,fibroblast,2.440791435157653,5.852867224510231,2.397938283543751
64,fibroblast of cardiac tissue,7.413659725377174,13.62200212407111,1.8374193891638428
64,granulocyte,25.188246494128588,14.363341295482451,0.5702398258977879
64,hematopoietic precursor cell,5.621096111759942,15.150075389928286,2.695217283019354
64,hematopoietic stem cell,5.08061420577207,13.529440560200985,2.6629537320173275
64,hepatocyte,7.472126121973765,5.414818121666674,0.7246689942428793
64,intermediate monocyte,4.56737222985157,8.940308018952878,1.9574292545110603
64,large intestine goblet cell,6.4054131732277195,7.707128639583937,1.2032211554747023
64,macrophage,5.911508041613818,10.088119939442263,1.7065222390678247
64,mature NK T cell,2.7345254319593435,8.592203716814431,3.1421187809754403
64,mesenchymal stem cell,4.7901919220445635,11.370275931079057,2.3736576980877966
64,mesenchymal stem cell of adipose tissue,6.271518479744151,12.56542856302488,2.003570363957134
64,monocyte,2.9779553866701742,8.566389091599579,2.876600881915212
64,myeloid dendritic cell,7.1602031202221355,10.412816862701336,1.4542627754920858
64,myeloid leukocyte,17.826200912363625,21.49170446836742,1.2056244947548824
64,natural killer cell,3.2081840384629174,9.354364759975848,2.9157818403889464
64,neutrophil,6.0363535468474945,12.020265956239028,1.9913124476475788
64,non-classical monocyte,4.814741505252452,6.930467494564238,1.4394267038020043
64,plasma cell,3.7485175254131113,10.726194144122404,2.8614496454675926
64,smooth muscle cell,3.146567934483899,7.264373266617473,2.3086656375683745
64,stromal cell,7.497692325915871,18.40267352315881,2.4544450109735405
65,B cell,2.368484322358228,10.11412622967369,4.27029477636709
65,"CD4-positive, alpha-beta T cell",3.313732884723539,9.825296185000445,2.965023593270149
65,"CD8-positive, alpha-beta T cell",1.8700940611932615,5.340377983598039,2.855673462858052
65,T cell,5.0837753501731955,12.11738377228044,2.383540368648985
65,adventitial cell,5.99254911771354,7.895330707420545,1.3175245713184929
65,basal cell,5.188265287927781,7.8399541911513095,1.5110935459282628
65,bladder urothelial cell,6.396442636400051,5.879045215282917,0.9191116921501343
65,classical monocyte,4.967002418780294,10.761616813526178,2.1666220199201796
65,endothelial cell,2.0733113151525315,6.893779505590418,3.3250093486723915
65,enterocyte of epithelium of large intestine,6.077876702143279,8.095148274421804,1.3319039972573254
65,epithelial cell,,,
65,fibroblast,3.522564525262996,6.534029143022114,1.854906871445962
65,fibroblast of cardiac tissue,7.606905257031386,12.233841916241804,1.6082548030861228
65,granulocyte,21.488619250152418,8.260159931141363,0.38439696078112484
65,hematopoietic precursor cell,5.432978363395135,15.47748897525847,2.848803720540937
65,hematopoietic stem cell,3.816980692099411,13.911542134816301,3.6446456655154553
65,hepatocyte,,,
65,intermediate monocyte,6.8823245818913135,8.338201635089751,1.2115385631519215
65,large intestine goblet cell,5.371111935292823,9.349443919302159,1.7406905743051593
65,macrophage,6.677517405153392,10.361379115064162,1.5516813340041227
65,mature NK T cell,2.634551299706167,8.900026474651462,3.3781944104273416
65,mesenchymal stem cell,3.3149974055835316,11.68092965791045,3.523661779715415
65,mesenchymal stem cell of adipose tissue,5.536940442795978,11.363185644267165,2.052249931467408
65,monocyte,5.564524820045418,7.731420398176214,1.38941251017964
65,myeloid dendritic cell,8.557391508869937,6.915214208026626,0.8080983791449584
65,myeloid leukocyte,14.827001208923898,9.912142651681508,0.6685197169685065
65,natural killer cell,2.213742959486141,9.038084840332283,4.082716469680031
65,neutrophil,9.223442932592622,9.70525004297303,1.0522372300562364
65,non-classical monocyte,4.664830314653191,7.686760921099746,1.6478114749327646
65,plasma cell,3.531900258278387,11.89258915200308,3.367192809063097
65,smooth muscle cell,3.801842064177054,7.8036080893259125,2.0525860773795928
65,stromal cell,9.61177860331234,17.843386494196263,1.8564083954292505
66,B cell,1.4041693512440718,10.022152175197098,7.137424105089339
66,"CD4-positive, alpha-beta T cell",2.3226067839461115,9.994701309728805,4.303225745663154
66,"CD8-positive, alpha-beta T cell",1.94372203374072,5.041909471350491,2.5939457308343963
66,T cell,4.8627347050835,13.25136708879605,2.7250853465115172
66,adventitial cell,9.859548619620073,6.430282231618813,0.652188297831691
66,basal cell,3.658797187754977,7.6315562626709745,2.085810136788059
66,bladder urothelial cell,3.0105879646043086,6.0530360478663585,2.0105826898374413
66,classical monocyte,2.9757774731463016,9.087411958776364,3.053794190184593
66,endothelial cell,2.2056027779240295,6.305977026938074,2.859071946252001
66,enterocyte of epithelium of large intestine,6.3670533580994295,7.518183558207093,1.1807948096812049
66,epithelial cell,,,
66,fibroblast,3.0257920208294737,7.561905303723877,2.4991490663164937
66,fibroblast of cardiac tissue,6.944233034259243,10.882870915497142,1.5671811216309566
66,granulocyte,21.708768616077066,8.109892897977888,0.373576827014125
66,hematopoietic precursor cell,4.690783381337641,14.030648850188975,2.9911099510606567
66,hematopoietic stem cell,3.456397537088218,13.420178627067587,3.882706917553582
66,hepatocyte,,,
66,intermediate monocyte,2.9535822297339016,9.132347829972911,3.0919565191166782
66,large intestine goblet cell,5.128015055222319,9.329503907382168,1.8193206936631545
66,macrophage,4.472483094771595,10.004679487280196,2.2369407050360524
66,mature NK T cell,3.489994690936534,8.724129073627765,2.4997542535764317
66,mesenchymal stem cell,4.224142589167149,9.926226560317117,2.349879614805857
66,mesenchymal stem cell of adipose tissue,4.89903436244606,11.644269985692862,2.3768500329274977
66,monocyte,4.378937692359381,9.837380567554893,2.246522161007158
66,myeloid dendritic cell,9.120354856665513,9.819957962023338,1.0767078821331746
66,myeloid leukocyte,17.932923005089865,22.832621914710394,1.2732236628813862
66,natural killer cell,2.7773152037062516,9.638711955901,3.4705142372887314
66,neutrophil,9.52796387964733,8.708767321813122,0.9140218657226342
66,non-classical monocyte,6.328450191164229,8.203642498394881,1.2963114586646811
66,plasma cell,2.620695679844257,10.838755805493463,4.135831523230347
66,smooth muscle cell,2.918882540221759,6.829711923648757,2.3398378761516994
66,stromal cell,9.875559377352182,15.505259394428325,1.5700639125300433
67,B cell,2.0164758554775344,10.423524895228631,5.169179123525965
67,"CD4-positive, alpha-beta T cell",2.9896601814738037,9.084428918159581,3.0386158849937446
67,"CD8-positive, alpha-beta T cell",1.2982280189368918,4.632637008249409,3.5684309232849847
67,T cell,2.996076279443675,12.230119070979264,4.082045292001113
67,adventitial cell,6.36655271152882,7.662640350971743,1.203577618558928
67,basal cell,3.4583806176438716,7.774596074539027,2.2480452368009485
67,bladder urothelial cell,3.89472324919805,6.77158934137696,1.7386573854178924
67,classical monocyte,4.452749486079173,9.378592724336155,2.106247556404613
67,endothelial cell,1.491676640178223,6.814224138181248,4.5681644095245035
67,enterocyte of epithelium of large intestine,7.210095979059019,7.929053025804551,1.0997153226300551
67,epithelial cell,6.447427406173443,16.728687830631056,2.5946298851869596
67,fibroblast,4.489503325681118,4.522980683788407,1.007456806617291
67,fibroblast of cardiac tissue,6.749947852005146,14.326854703711634,2.122513390893188
67,granulocyte,25.4062274934025,14.580824091823208,0.5739074837304973
67,hematopoietic precursor cell,5.707033166798817,14.458874236875491,2.53351852254711
67,hematopoietic stem cell,5.813469022895297,12.186885835157053,2.096319045850456
67,hepatocyte,14.082913361717745,8.292495910016912,0.5888338369359567
67,intermediate monocyte,7.354703655465778,8.262878602474617,1.1234821944639348
67,large intestine goblet cell,6.303005820650679,8.577347624460801,1.3608344762047728
67,macrophage,3.6182586469491076,10.47324999581744,2.8945553697904978
67,mature NK T cell,3.0103313001426657,8.893861592956759,2.9544461078205115
67,mesenchymal stem cell,6.235201169218782,9.72152772270777,1.5591361784283528
67,mesenchymal stem cell of adipose tissue,4.432559082064272,11.836838611514946,2.6704299688663036
67,monocyte,4.907954131273093,6.936818412428271,1.4133828937453625
67,myeloid dendritic cell,9.707090705875878,8.486025479900242,0.8742089403536218
67,myeloid leukocyte,,,
67,natural killer cell,2.7910735988607462,8.911768203728569,3.1929534955173353
67,neutrophil,7.768548432962991,12.761629936821727,1.6427303050171411
67,non-classical monocyte,4.807367790873799,6.802101633845463,1.4149326470835917
67,plasma cell,4.686068236249105,11.321285984778141,2.415945610267105
67,smooth muscle cell,4.713667630721877,8.710873618815842,1.8480033598554362
67,stromal cell,,,
68,B cell,2.376720141986108,10.794741684595568,4.541864855647217
68,"CD4-positive, alpha-beta T cell",3.6444846643978277,9.95368975352031,2.731165218159847
68,"CD8-positive, alpha-beta T cell",2.2310241940023703,4.509442108119427,2.0212430327927837
68,T cell,2.8755669854836965,11.64891278017816,4.050996843051704
68,adventitial cell,9.729000252971897,6.865637371873011,0.7056878603508906
68,basal cell,2.868738189247195,8.083950840887844,2.8179465352358313
68,bladder urothelial cell,2.605292934759712,6.200309661047234,2.3798896386363912
68,classical monocyte,2.5136716978566396,7.9203674981194965,3.1509156525384934
68,endothelial cell,2.0305145050549402,6.252057409003504,3.0790508481663568
68,enterocyte of epithelium of large intestine,7.209793914769214,8.089177158280634,1.1219706490791659
68,epithelial cell,7.15441287596418,18.525056833598374,2.589318949684156
68,fibroblast,4.775298112966741,8.185040639005553,1.7140376255840595
68,fibroblast of cardiac tissue,7.069531530547748,10.465714676648457,1.4803971990825213
68,granulocyte,27.69422075408581,14.600425715348452,0.5272011747503099
68,hematopoietic precursor cell,5.514958364402617,13.972329020182826,2.533533001875403
68,hematopoietic stem cell,6.512743038323175,12.34927364422183,1.8961708717132768
68,hepatocyte,8.76726683298891,4.5473876684098675,0.5186779135430496
68,intermediate monocyte,4.913248571705258,8.298241871024617,1.68895217693912
68,large intestine goblet cell,5.577711088311055,9.28020957763247,1.6638024864860004
68,macrophage,3.6661716650433656,11.1752560626478,3.0482086175077168
68,mature NK T cell,2.7243778900733,8.662286741938608,3.1795467044058077
68,mesenchymal stem cell,4.400860134825577,11.187525220151903,2.542122420937903
68,mesenchymal stem cell of adipose tissue,5.120009251967167,11.053969168856094,2.158974451971748
68,monocyte,5.873427250713292,9.265387424289246,1.577509523619965
68,myeloid dendritic cell,8.781376301125407,7.043273670847745,0.8020694512254406
68,myeloid leukocyte,,,
68,natural killer cell,2.906137195190465,8.730533242229043,3.0041710545110223
68,neutrophil,5.897160617045154,7.42251396850365,1.2586589463155564
68,non-classical monocyte,4.191660768605546,5.8050783443991705,1.384911295274108
68,plasma cell,5.1512846237945675,10.599252864136986,2.057594102872403
68,smooth muscle cell,2.2136479059104586,7.654212150312034,3.4577369462755225
68,stromal cell,8.225576399217314,15.618933280758108,1.898825385932139
69,B cell,1.757093411286382,11.04104577905288,6.283698810850154
69,"CD4-positive, alpha-beta T cell",2.2820938491556007,10.377885751127438,4.547528032191738
69,"CD8-positive, alpha-beta T cell",2.160124609758081,4.965864756129778,2.2988788395341326
69,T cell,3.730762453443624,11.34978590061932,3.0422161802724994
69,adventitial cell,8.736660453208705,8.737163611915323,1.0000575916517886
69,basal cell,3.8275512512714553,8.22538435049502,2.148993915564859
69,bladder urothelial cell,2.1349324640118743,5.789638488162355,2.7118602512056578
69,classical monocyte,3.0400126325344408,9.076029518538762,2.985523619673952
69,endothelial cell,2.398649765166487,6.9297256244902545,2.889011028256254
69,enterocyte of epithelium of large intestine,7.30228245769658,7.614031665114092,1.0426920225591834
69,epithelial cell,7.679358319595298,17.902506389354045,2.3312503003893568
69,fibroblast,4.871844374729669,7.774742263051875,1.5958519330747882
69,fibroblast of cardiac tissue,3.7658727638732765,13.394038564940168,3.556689087701446
69,granulocyte,22.81814698557919,10.428019006462135,0.45700551464816686
69,hematopoietic precursor cell,4.462623432232875,15.428163301678895,3.457195870537391
69,hematopoietic stem cell,4.492465482258874,12.975672666736362,2.8883188347196858
69,hepatocyte,4.913290992786095,4.8539783173531745,0.9879281167103666
69,intermediate monocyte,4.049861050189571,8.69662504683987,2.147388500262938
69,large intestine goblet cell,5.499751368013702,7.807368415675002,1.419585703652404
69,macrophage,4.140149748289106,11.70299888226542,2.826709079086238
69,mature NK T cell,3.6739181977826143,9.785082520764709,2.663391505741874
69,mesenchymal stem cell,7.1553195261292775,8.884602116330708,1.241677899063286
69,mesenchymal stem cell of adipose tissue,5.019321220991991,11.117482611060895,2.2149374629710783
69,monocyte,2.658818994741028,9.562919815583149,3.596679516167887
69,myeloid dendritic cell,8.272193809010984,9.075233227058563,1.0970769588561646
69,myeloid leukocyte,,,
69,natural killer cell,2.8451149412633345,8.04526509680904,2.8277469497371692
69,neutrophil,4.6850192609025925,9.935431455737689,2.120681026575668
69,non-classical monocyte,4.073096234242252,5.647924187842673,1.38664147936426
69,plasma cell,7.458610315494219,11.373221720513449,1.5248446076995297
69,smooth muscle cell,4.347881109425196,7.644070721455089,1.7581140167067861
69,stromal cell,,,
70,B cell,3.001775796837037,10.685340838059155,3.5596731938868547
70,"CD4-positive, alpha-beta T cell",2.31218328460641,9.584721553493925,4.1453121892650815
70,"CD8-positive, alpha-beta T cell",2.6503382249347163,4.867553444532833,1.8365782143344107
70,T cell,3.652656209162313,11.607703809404146,3.177880190390602
70,adventitial cell,9.258497048920793,11.90326572410055,1.2856585319631377
70,basal cell,2.1674283223920567,7.786071814710936,3.592308790224689
70,bladder urothelial cell,2.8521154033094755,6.64444448520989,2.3296548510975237
70,classical monocyte,2.6287027186392944,8.257311860809903,3.1412117476274255
70,endothelial cell,2.9348347803463684,6.654663912439269,2.2674748019900077
70,enterocyte of epithelium of large intestine,5.550778979021749,7.3590359221847494,1.3257663383818754
70,epithelial cell,6.886594173749452,15.796017718983103,2.2937343657035707
70,fibroblast,1.918188768616003,5.6781756232894445,2.9601756178492895
70,fibroblast of cardiac tissue,6.761856727987451,15.053655511762624,2.226260643686114
70,granulocyte,24.764629147627108,14.408950412155402,0.5818359050022777
70,hematopoietic precursor cell,5.182895733416355,14.289341855586303,2.757018969811949
70,hematopoietic stem cell,3.5599650771115456,12.647212318288611,3.552622580373794
70,hepatocyte,7.258604912772838,5.234687607537685,0.721169931473512
70,intermediate monocyte,4.365589471107497,8.202828196446907,1.8789737905350843
70,large intestine goblet cell,4.198599864618684,8.50648253843531,2.026028393445839
70,macrophage,4.318485204825313,9.976183793498144,2.310111837908147
70,mature NK T cell,2.670133887634181,8.64614087827465,3.2380926358473325
70,mesenchymal stem cell,7.655113942556324,8.344904725616985,1.0901084932552048
70,mesenchymal stem cell of adipose tissue,4.199056625542627,10.228060625678863,2.435799642105834
70,monocyte,6.260405730794438,10.249171555802334,1.6371417439268312
70,myeloid dendritic cell,9.206249510889828,10.53426704160653,1.1442517421612162
70,myeloid leukocyte,17.399839946390358,22.76616204599514,1.3084121529932833
70,natural killer cell,2.9348030168653256,8.765523605831545,2.9867502368843937
70,neutrophil,5.854751030596155,12.065685270017976,2.060836610637122
70,non-classical monocyte,4.400085460652186,7.002425596028439,1.5914294525976163
70,plasma cell,2.927763352922186,10.81046092511068,3.6923957376270913
70,smooth muscle cell,3.348840966282714,8.190395949587618,2.445740491128528
70,stromal cell,,,
71,B cell,2.279244721984301,10.836251056966342,4.754316617450515
71,"CD4-positive, alpha-beta T cell",3.1798956145416293,10.862222534943921,3.4159053791800873
71,"CD8-positive, alpha-beta T cell",1.3549039208021434,4.861460128810274,3.5880478712705655
71,T cell,6.370131819433676,13.11327364196771,2.0585560885824057
71,adventitial cell,14.369536784385266,6.772135103965974,0.4712841621537133
71,basal cell,3.6396880992756184,8.149078047635879,2.2389495542922297
71,bladder urothelial cell,1.9546560454980435,5.887025431955082,3.0117960883778285
71,classical monocyte,3.5866480123026308,8.775627394833945,2.446748988117177
71,endothelial cell,3.006131609151712,7.061667206253181,2.34908783925328
71,enterocyte of epithelium of large intestine,6.265726106961649,6.76669267464579,1.0799534737286924
71,epithelial cell,7.786498792279896,18.1665428582971,2.333082344571701
71,fibroblast,5.606371752144013,8.011447922326987,1.4289897774372906
71,fibroblast of cardiac tissue,5.371593434958272,13.170357096573959,2.4518529289393753
71,granulocyte,19.77620170085051,8.270571927748433,0.4182083118313231
71,hematopoietic precursor cell,5.078609579467542,15.20156278681598,2.9932528872222863
71,hematopoietic stem cell,3.629819674241296,13.021564451835502,3.5873860468171235
71,hepatocyte,,,
71,intermediate monocyte,5.110368406395563,9.058380345159716,1.7725493789886586
71,large intestine goblet cell,5.698431172142857,7.287784866613532,1.2789107469158059
71,macrophage,3.6928012730426056,11.667051480895866,3.1594040995558488
71,mature NK T cell,2.776711077450801,9.01007102069604,3.2448716374797857
71,mesenchymal stem cell,8.175549956845309,11.390705722614724,1.393264769066379
71,mesenchymal stem cell of adipose tissue,8.669251034846848,11.71103193146417,1.3508700906676487
71,monocyte,1.921078143447098,8.28307815336223,4.311682052922344
71,myeloid dendritic cell,5.198462352786659,7.640202613156196,1.469704326907481
71,myeloid leukocyte,,,
71,natural killer cell,2.2785787847251835,8.301870638480278,3.6434424361945226
71,neutrophil,4.883253923037064,9.45127348331818,1.9354458384257247
71,non-classical monocyte,3.9580482604590146,5.122301891419486,1.2941484171861646
71,plasma cell,7.7806986528774535,11.58071748932695,1.4883904397253807
71,smooth muscle cell,3.6066431674392376,7.409149499109952,2.054306221918411
71,stromal cell,7.453306817629895,13.481022609339757,1.8087303983584884
72,B cell,2.8389542450061036,10.973044812463625,3.8651714206968606
72,"CD4-positive, alpha-beta T cell",3.5207655985650077,11.18679727268528,3.177376328956631
72,"CD8-positive, alpha-beta T cell",2.44641552933149,5.4462681157622415,2.2262236527130344
72,T cell,4.451920415513376,12.509958930124242,2.8100140529312783
72,adventitial cell,8.937287466913146,7.7932785867981735,0.8719959624941882
72,basal cell,2.6316668198787934,8.293280342849716,3.151341302099815
72,bladder urothelial cell,2.818794021949631,6.877762190256384,2.4399662184253357
72,classical monocyte,2.6883296683988513,9.369273533397466,3.485165396019951
72,endothelial cell,2.435103238298153,7.03980615584523,2.8909682534713457
72,enterocyte of epithelium of large intestine,6.157948568490612,8.450297790137945,1.372258585168602
72,epithelial cell,8.284749495287441,18.453247786063912,2.227375468209455
72,fibroblast,3.3491840698917743,7.98042789896633,2.3827976403889353
72,fibroblast of cardiac tissue,5.71310491071507,13.305129900567854,2.3288789736057103
72,granulocyte,28.513267139021757,15.169100550385023,0.5320014881642725
72,hematopoietic precursor cell,4.804684676233186,15.169047340587106,3.157136911735788
72,hematopoietic stem cell,5.86719310591121,13.484516433974303,2.2982908846802097
72,hepatocyte,11.360757386489079,6.440215060185574,0.5668825449828442
72,intermediate monocyte,4.192672240081348,8.628125677327635,2.0579060759493637
72,large intestine goblet cell,3.694172793607536,9.371634871221541,2.536869657921359
72,macrophage,3.17721491479127,9.77458328475615,3.0764627344695374
72,mature NK T cell,2.389916725947064,9.369660703858957,3.9204967278288723
72,mesenchymal stem cell,8.030803463361751,11.039504961045163,1.3746451412252527
72,mesenchymal stem cell of adipose tissue,4.605623494378295,11.651362381640123,2.5298121732838084
72,monocyte,5.86775628925347,7.639777020852751,1.3019928988606184
72,myeloid dendritic cell,8.940237924045388,9.105597778883231,1.0184961358123477
72,myeloid leukocyte,15.821250690330581,8.945093653705333,0.565384736566514
72,natural killer cell,2.8633744215476953,8.904339226243463,3.1097362465892737
72,neutrophil,4.120332843530415,9.405715771207777,2.2827563035292804
72,non-classical monocyte,4.377973878634085,6.656725851355911,1.5205037846029335
72,plasma cell,4.256152540723547,11.094283385650057,2.606646091628104
72,smooth muscle cell,5.070751113176467,7.827852470807135,1.5437264216076934
72,stromal cell,8.799542602136789,13.924605283596488,1.582423759186663
73,B cell,3.295722942360112,10.389468625314597,3.1524095948048827
73,"CD4-positive, alpha-beta T cell",3.765740956870203,9.572646407338402,2.5420352905247245
73,"CD8-positive, alpha-beta T cell",2.9808498268878054,4.976759819985721,1.6695775060838172
73,T cell,3.0639997688033898,12.088316999157875,3.945273469742731
73,adventitial cell,9.784674242098577,9.449017921843431,0.9656957082116251
73,basal cell,3.938590622227226,7.702543064403922,1.955659727856719
73,bladder urothelial cell,4.883988800697083,7.21085390526867,1.4764271990630848
73,classical monocyte,3.79380668641944,8.307622882442631,2.1897855028252082
73,endothelial cell,3.22537700919761,6.328542919756716,1.9621095151698538
73,enterocyte of epithelium of large intestine,7.699082157370063,8.184101666585077,1.062997055921883
73,epithelial cell,6.395048456427748,16.536085181870376,2.58576386004546
73,fibroblast,4.569337937174276,7.10361701690584,1.5546271942623677
73,fibroblast of cardiac tissue,4.534455527528776,11.975814074086998,2.641069914873258
73,granulocyte,19.876067165147305,13.224921092162933,0.6653691086007618
73,hematopoietic precursor cell,6.632795129474406,13.596313102311452,2.0498617606765803
73,hematopoietic stem cell,6.233090566844861,12.306370615567785,1.9743609504132664
73,hepatocyte,9.031500635958801,5.556944453369956,0.6152847325554133
73,intermediate monocyte,4.630391496573321,8.14992094844444,1.7600932781765246
73,large intestine goblet cell,6.677850987413126,8.841710859677752,1.324035363523867
73,macrophage,4.96932945421848,9.681812056140588,1.948313579394835
73,mature NK T cell,4.071298578476135,9.372461671841679,2.3020816310037717
73,mesenchymal stem cell,8.319038806140364,8.994994801508781,1.0812540981140137
73,mesenchymal stem cell of adipose tissue,,,
73,monocyte,5.83923830195557,10.149226309881884,1.7381079149454977
73,myeloid dendritic cell,5.720316163757186,8.79021643398617,1.5366661880822738
73,myeloid leukocyte,18.94733017648602,22.633356280702337,1.1945406592845857
73,natural killer cell,4.292608952230311,9.552027610677408,2.225226596919447
73,neutrophil,4.405865331421015,9.358468508711596,2.124093181416697
73,non-classical monocyte,4.0160422256148,6.7599066436403925,1.6832259881444709
73,plasma cell,6.883042612327952,11.571585488623032,1.6811730132104097
73,smooth muscle cell,3.041272644222266,7.355524051277136,2.418567787814413
73,stromal cell,,,
74,B cell,2.766021904373188,10.817379488376087,3.910807601079872
74,"CD4-positive, alpha-beta T cell",2.9732493479520845,9.487161464779893,3.190839500667666
74,"CD8-positive, alpha-beta T cell",1.8942176513638147,4.949956328201444,2.613193011181969
74,T cell,3.2328712885014026,11.525251353387475,3.565020170886545
74,adventitial cell,14.782344049143976,15.811259696112606,1.069604363391083
74,basal cell,4.073302039737678,7.361572472897216,1.8072739023721658
74,bladder urothelial cell,1.997563738178014,6.8210199890357055,3.414669508997588
74,classical monocyte,5.501349566127815,9.014354962543093,1.638571563974973
74,endothelial cell,2.750867590122043,6.943753140041777,2.5242047872372204
74,enterocyte of epithelium of large intestine,7.316056424990813,7.668518435246165,1.0481765024462335
74,epithelial cell,6.439687742820542,16.147119089794714,2.507438207356678
74,fibroblast,4.088358061538171,5.600094806392278,1.3697662294004997
74,fibroblast of cardiac tissue,9.688409450843462,16.752629513968827,1.7291413620540534
74,granulocyte,18.20115167041055,12.356378286835476,0.6788789253881736
74,hematopoietic precursor cell,5.092991739801747,14.008381714847388,2.750521192754318
74,hematopoietic stem cell,5.393106928233136,12.341294149734896,2.288345904125823
74,hepatocyte,8.989703162309233,3.679136840197381,0.4092612151670091
74,intermediate monocyte,4.228959063211673,8.374568757411089,1.9802908073200978
74,large intestine goblet cell,6.692231357141425,9.190009258004874,1.3732354378630405
74,macrophage,5.772906195570021,10.069907189497833,1.7443393064701482
74,mature NK T cell,3.078037054237498,9.126275592798669,2.9649661235346825
74,mesenchymal stem cell,7.808457760873313,12.680313436101246,1.6239203469396823
74,mesenchymal stem cell of adipose tissue,8.420491507882053,15.3188967276663,1.8192402086418533
74,monocyte,3.1606733884299842,8.743061843270292,2.766202251480743
74,myeloid dendritic cell,5.813450332037435,8.763113693447098,1.5073860088137876
74,myeloid leukocyte,10.842261240636494,11.784127242371996,1.086869886348561
74,natural killer cell,2.838619374299309,9.053350387229923,3.189349889315355
74,neutrophil,6.656764488613043,12.584484851584184,1.8904807092260822
74,non-classical monocyte,6.1223003320266605,6.30498926605297,1.0298399170440293
74,plasma cell,6.786492746602879,11.14080239912643,1.6416141319392394
74,smooth muscle cell,4.326398300817425,8.40007069280097,1.9415851497569858
74,stromal cell,9.86639551882818,19.386575477826053,1.964909620826611
75,B cell,1.8193475703753246,10.239173813821097,5.627937168547071
75,"CD4-positive, alpha-beta T cell",3.16532242042786,10.644042378240304,3.36270400435275
75,"CD8-positive, alpha-beta T cell",2.0516295092219643,5.120652457088363,2.4958953037433447
75,T cell,4.85382596604958,13.43757871220723,2.768450868695602
75,adventitial cell,8.49416760269339,7.045779622107851,0.8294844123247258
75,basal cell,3.721423965409092,7.742363238838299,2.0804840595439087
75,bladder urothelial cell,2.8977750925882746,6.1442059651402126,2.120318440466767
75,classical monocyte,3.7095274036003048,9.032809336558808,2.4350296827008093
75,endothelial cell,2.203116792617015,6.403724365228874,2.906665859335621
75,enterocyte of epithelium of large intestine,6.358060147332642,7.6687722607814655,1.2061496876525615
75,epithelial cell,,,
75,fibroblast,4.712650767096359,8.628547371854351,1.8309329076745322
75,fibroblast of cardiac tissue,5.683498279586836,11.823198137817073,2.08026774289383
75,granulocyte,23.94189403096695,11.2063473816613,0.46806436312711
75,hematopoietic precursor cell,5.8538535950562975,14.374587704702257,2.455576906952695
75,hematopoietic stem cell,6.929899999960968,13.714134943834592,1.9789802080710885
75,hepatocyte,,,
75,intermediate monocyte,2.5617188952663255,9.2416976484954,3.6076158338733726
75,large intestine goblet cell,4.684338072921794,9.431513958191783,2.013414448609385
75,macrophage,3.965489034875114,10.2061581851128,2.5737451535871476
75,mature NK T cell,2.167147906007585,9.222736029007594,4.255702162017231
75,mesenchymal stem cell,3.555021338001059,11.417374980663345,3.2116192548884057
75,mesenchymal stem cell of adipose tissue,5.714690607328565,11.52129704634315,2.016084130883332
75,monocyte,4.289697730591843,10.044613105756286,2.3415666409601417
75,myeloid dendritic cell,8.926086736534275,11.059997563602183,1.2390645408288334
75,myeloid leukocyte,15.179568171050283,21.63735807845787,1.4254264571059116
75,natural killer cell,2.555089157677421,9.50373282074342,3.71953080078909
75,neutrophil,10.67710324112465,8.390073154049277,0.7858005083001827
75,non-classical monocyte,5.719191292288414,7.998932265153255,1.398612470951754
75,plasma cell,3.619436982252348,10.299354943430975,2.8455682455401576
75,smooth muscle cell,3.1807524694495997,6.894924968984384,2.167702465126904
75,stromal cell,10.140850094058692,14.756400424167621,1.4551443209690165
76,B cell,2.084341259721876,10.760220669584301,5.162408324162854
76,"CD4-positive, alpha-beta T cell",2.2109440880462907,9.856514245864053,4.458056763694011
76,"CD8-positive, alpha-beta T cell",1.6535736848457239,5.187945834365086,3.137414366175714
76,T cell,5.8428086415457114,11.726163783649524,2.0069395564779913
76,adventitial cell,15.9538171581426,18.170656240925222,1.1389535219570432
76,basal cell,3.8536393396077835,7.472181773971089,1.9389935371408147
76,bladder urothelial cell,3.3360835868386682,7.156034398061326,2.145040497873889
76,classical monocyte,5.190709517028536,9.51246626980888,1.8325946074621358
76,endothelial cell,2.937680327286988,7.16919592410146,2.440427522868824
76,enterocyte of epithelium of large intestine,5.883686802126108,7.376416439160424,1.2537065087310408
76,epithelial cell,7.241835342246489,15.956858644191948,2.203427431041531
76,fibroblast,3.7633930381027887,7.126393354096427,1.8936085819218613
76,fibroblast of cardiac tissue,5.2904286631650255,15.677185600931558,2.963311028099678
76,granulocyte,17.90831405122453,12.226716980096171,0.6827397009636502
76,hematopoietic precursor cell,5.750461819177486,13.556136658422945,2.357399646270834
76,hematopoietic stem cell,4.419744511232162,12.129572128740595,2.7444057225287537
76,hepatocyte,,,
76,intermediate monocyte,5.251197992694324,8.510277240100564,1.620635377287316
76,large intestine goblet cell,6.014832711125817,8.850924880512466,1.4715163838456626
76,macrophage,5.296420120205829,9.955464378253591,1.8796591192366936
76,mature NK T cell,4.645479767244811,9.29523546313614,2.00092044931003
76,mesenchymal stem cell,10.298754384123171,14.23529390477169,1.382234527965556
76,mesenchymal stem cell of adipose tissue,8.017993534990877,15.18286268422639,1.89359876856569
76,monocyte,2.2134551255944883,8.797926009193855,3.9747478534632203
76,myeloid dendritic cell,5.437388644801463,8.744962045283266,1.608301818492243
76,myeloid leukocyte,11.905218140326884,11.637849061772545,0.9775418580824932
76,natural killer cell,2.5272591043547363,9.23886498860431,3.6556857081589946
76,neutrophil,7.287890300650619,12.690259426112762,1.741280247451015
76,non-classical monocyte,5.7777612854730585,7.362344802378138,1.274255622309834
76,plasma cell,5.612735786538846,11.5188803119938,2.0522755301647724
76,smooth muscle cell,3.0655935359601187,7.802817127241449,2.5452875717907824
76,stromal cell,11.989912868539015,23.320718752869148,1.9450282090090623
77,B cell,1.8690502790744126,10.668508789933606,5.707983840443738
77,"CD4-positive, alpha-beta T cell",2.641044487575927,9.949574879459323,3.7672878765444437
77,"CD8-positive, alpha-beta T cell",2.066561789259181,4.42045681623494,2.139039267642503
77,T cell,2.5919993700697472,11.935989945034942,4.604935511505838
77,adventitial cell,7.6140432166935055,8.29040246478149,1.0888304976526915
77,basal cell,2.770305406027367,8.328069946678212,3.00619199910551
77,bladder urothelial cell,2.884334397196201,6.090158510556943,2.111460625535324
77,classical monocyte,3.186638924967774,7.657873221864414,2.4031192118642237
77,endothelial cell,2.1444064299437815,6.649697054544315,3.1009499699731107
77,enterocyte of epithelium of large intestine,7.135484869837767,7.678615109954763,1.076116795147706
77,epithelial cell,7.092139671367439,17.757888240911527,2.503883040065343
77,fibroblast,4.570656784104828,8.478847635250478,1.8550611073526662
77,fibroblast of cardiac tissue,3.506712130029975,13.964318939914733,3.982168601845104
77,granulocyte,26.684473852418353,13.552192559085555,0.507868082167839
77,hematopoietic precursor cell,5.460422010774591,13.70067038062849,2.509086358818807
77,hematopoietic stem cell,5.0515070124083685,12.48986178384243,2.47250211732117
77,hepatocyte,,,
77,intermediate monocyte,5.069892521379993,8.423098345288661,1.6613958402013513
77,large intestine goblet cell,5.627011282502322,9.094745851976427,1.616265792865446
77,macrophage,3.542306567322363,11.385794517674713,3.214231829257302
77,mature NK T cell,4.440772314393962,8.49267693246903,1.912432417429182
77,mesenchymal stem cell,5.010544551740097,11.258629606306027,2.2469872266470623
77,mesenchymal stem cell of adipose tissue,4.958053765059542,11.300913077138492,2.2793042618412946
77,monocyte,5.465832373240984,9.512702748897793,1.7403941612752394
77,myeloid dendritic cell,8.528081068912,6.91076005647447,0.810353466463486
77,myeloid leukocyte,,,
77,natural killer cell,2.422750641645044,8.73002194828317,3.603351413150591
77,neutrophil,6.460163138243726,6.859694928712589,1.0618454645678623
77,non-classical monocyte,4.2746568907074245,6.074709303036054,1.421098688936116
77,plasma cell,4.50192278358613,10.471791270372766,2.3260708310130487
77,smooth muscle cell,2.828071881551583,7.771791843831921,2.748088510242545
77,stromal cell,7.33829801827292,15.23809610507335,2.0765163893765735
78,B cell,2.495934741590856,10.723330221986162,4.296318346509067
78,"CD4-positive, alpha-beta T cell",3.0745392135428937,10.157399899543892,3.3037145386866547
78,"CD8-positive, alpha-beta T cell",1.814264048004443,4.918281025600286,2.710895931058124
78,T cell,3.592840062218371,12.068136758561948,3.3589407125210498
78,adventitial cell,10.068500439874363,11.505747226893844,1.1427468564561551
78,basal cell,2.7815158905733073,8.11509821448679,2.9175092049587974
78,bladder urothelial cell,3.676363673118938,6.659363483595392,1.8113995446880664
78,classical monocyte,3.9682044192079156,8.781668282740773,2.2130080396648673
78,endothelial cell,1.7152686924315013,6.857230378620928,3.997758723678663
78,enterocyte of epithelium of large intestine,7.597271158272804,8.342802420165805,1.098131453565558
78,epithelial cell,8.234307693093253,18.30241596453471,2.2227024598420524
78,fibroblast,2.8007979869369293,6.6531045150708366,2.375431768410742
78,fibroblast of cardiac tissue,6.178849082267395,16.938020961998333,2.7412906087330335
78,granulocyte,27.200172890639962,12.826953507405591,0.4715761755992206
78,hematopoietic precursor cell,5.453434805235283,14.332810990430847,2.6282171699699037
78,hematopoietic stem cell,6.330078183248142,12.367866126948956,1.9538251770221664
78,hepatocyte,10.974031129287914,6.475629461980826,0.5900866678515626
78,intermediate monocyte,4.015246624949673,7.7649852756398365,1.9338750520055945
78,large intestine goblet cell,5.278092103783791,9.060466926489104,1.7166178134697159
78,macrophage,5.851720983331407,10.249274426331318,1.7514974578463869
78,mature NK T cell,3.443710499511696,8.767349200441762,2.5459019280758173
78,mesenchymal stem cell,5.00802331415431,11.991324073130153,2.394422573720604
78,mesenchymal stem cell of adipose tissue,4.78798167569551,11.399274281545495,2.380809922354103
78,monocyte,2.8482936491185167,8.128099610113411,2.853673325651966
78,myeloid dendritic cell,7.952110637515372,7.912032741909304,0.9949600933094424
78,myeloid leukocyte,16.327480194763773,8.480066847853854,0.5193738866437831
78,natural killer cell,2.172199302344971,8.292309240181392,3.8174716432463325
78,neutrophil,4.362078062056888,9.233973993652297,2.116874999091172
78,non-classical monocyte,5.276649163775002,6.4901689533035,1.2299792447562168
78,plasma cell,4.646294712890292,11.361930104108595,2.445374391036153
78,smooth muscle cell,6.143429258841277,8.658908185045377,1.409458434405176
78,stromal cell,9.669968469456698,16.290588880199465,1.6846579108974842
79,B cell,2.347913500729579,10.698761523046644,4.55671025347491
79,"CD4-positive, alpha-beta T cell",2.515475839751302,9.688297021248504,3.851476872942798
79,"CD8-positive, alpha-beta T cell",1.3439589546818551,4.9294511237989,3.667858387063473
79,T cell,4.493816381149077,11.870255176656535,2.6414642187986526
79,adventitial cell,6.795873187766746,7.034671904021399,1.0351387834435337
79,basal cell,2.321299985555553,7.101315854542651,3.059197819640319
79,bladder urothelial cell,3.6474870261347414,7.032097348201784,1.927929365564798
79,classical monocyte,4.760827216102964,10.108756342156834,2.123319306351867
79,endothelial cell,2.456311087586322,7.226721038553427,2.942103333358608
79,enterocyte of epithelium of large intestine,6.385575334563804,7.716607421873165,1.208443564999501
79,epithelial cell,7.073713509449646,17.08469963614453,2.4152377125991022
79,fibroblast,3.3686571350834074,5.712024317982937,1.6956383772317358
79,fibroblast of cardiac tissue,7.75516334858124,13.953051572026007,1.7991950581645237
79,granulocyte,19.554966733149197,11.802917957504475,0.6035764784757419
79,hematopoietic precursor cell,5.53241783388499,13.97566692007741,2.5261408916873833
79,hematopoietic stem cell,4.602473292976582,13.161386131810193,2.8596333523313633
79,hepatocyte,10.018266391686767,5.032704227285537,0.5023528054176831
79,intermediate monocyte,5.875989573059503,7.905975108496449,1.3454712623630434
79,large intestine goblet cell,7.522972756601612,9.709520865100716,1.2906494785030758
79,macrophage,3.6254793024339826,10.409622605924294,2.8712403899081
79,mature NK T cell,3.2523637963225887,8.764346202398263,2.6947619489271193
79,mesenchymal stem cell,5.91694837742445,12.194627860884227,2.060965734873007
79,mesenchymal stem cell of adipose tissue,6.238176204231451,13.725819694221977,2.2002936827772746
79,monocyte,5.582090842213652,7.63552691945444,1.3678614582392699
79,myeloid dendritic cell,6.956027337046615,6.976002712895113,1.0028716643682685
79,myeloid leukocyte,,,
79,natural killer cell,3.5302533688399547,9.607975417444129,2.7216107212727683
79,neutrophil,4.309314477899413,11.86727167939548,2.753865316689585
79,non-classical monocyte,4.230996219490646,5.948839156032574,1.4060138197780598
79,plasma cell,6.5884348490543,11.335048043569358,1.7204462521468789
79,smooth muscle cell,4.258355416913062,8.539061091621647,2.0052485656098016
79,stromal cell,9.091104680161614,19.715713124363475,2.168681784886563
80,B cell,2.22415671549089,10.807840341267394,4.859298027873909
80,"CD4-positive, alpha-beta T cell",2.6507443588719144,9.976256962953444,3.7635681198616493
80,"CD8-positive, alpha-beta T cell",1.709546166612199,5.072374951666622,2.96708860557918
80,T cell,2.955743461450242,11.998686009609402,4.059447704477783
80,adventitial cell,7.3790204229506005,7.040391692182752,0.9541092568717348
80,basal cell,2.2591221059396,7.035398884469447,3.114218069918504
80,bladder urothelial cell,3.743265820197231,7.269936864337586,1.942137484629541
80,classical monocyte,3.2962482597625327,9.832401122552303,2.982906731442809
80,endothelial cell,2.247126678461457,7.12058548966134,3.1687512581785553
80,enterocyte of epithelium of large intestine,6.660031502255604,7.845570037162268,1.1780079470352578
80,epithelial cell,7.206829176287479,17.050838573651525,2.365927949250364
80,fibroblast,3.847913681752537,5.098813126517277,1.3250851105877761
80,fibroblast of cardiac tissue,7.833407281017231,13.946229826094289,1.780352958270192
80,granulocyte,18.38150484086891,11.339119762090172,0.6168765756805231
80,hematopoietic precursor cell,5.612055571763338,14.070864106854492,2.5072567309652194
80,hematopoietic stem cell,4.8994433981111385,13.110439738403118,2.675903908484284
80,hepatocyte,10.137760589276319,4.955037713976828,0.488770441000377
80,intermediate monocyte,6.027122599650215,8.385824485072506,1.391347918749683
80,large intestine goblet cell,7.411758995381201,9.878690940896075,1.3328402808364648
80,macrophage,3.8314582797875856,10.313272642410226,2.6917355975965345
80,mature NK T cell,2.974716360260936,9.035583374388459,3.0374604769363205
80,mesenchymal stem cell,6.357080192296675,12.824830028948732,2.01740887970699
80,mesenchymal stem cell of adipose tissue,6.9028349437408325,13.991606570197606,2.0269362782438454
80,monocyte,5.537601504247013,7.553735886790429,1.364080799421403
80,myeloid dendritic cell,7.896287864870726,7.768030476000993,0.9837572551729872
80,myeloid leukocyte,,,
80,natural killer cell,3.376857407901085,9.52073441792493,2.819406705076903
80,neutrophil,4.914634064176471,12.255997298905324,2.49377616702761
80,non-classical monocyte,4.099045010310027,6.038993289343494,1.4732683525440822
80,plasma cell,6.42460841963323,11.259726348186673,1.7525934053471033
80,smooth muscle cell,3.788312142131559,8.005624088251466,2.1132429926291563
80,stromal cell,9.559843332611543,19.030321753522998,1.9906520526968015
81,B cell,2.519117608072694,10.621653559141134,4.216418290715478
81,"CD4-positive, alpha-beta T cell",2.9692349923087518,9.226947578079905,3.1075167852933796
81,"CD8-positive, alpha-beta T cell",1.3175419725727182,4.589325130738675,3.483247764606132
81,T cell,3.9814798174504036,12.067219136172774,3.0308377009179934
81,adventitial cell,5.116355956766472,7.619993117074,1.4893399093932125
81,basal cell,3.3615969422058702,7.620789500821096,2.2670146456702676
81,bladder urothelial cell,4.523076983770596,6.789885510902906,1.5011651438314937
81,classical monocyte,6.419653235093236,9.497227099785224,1.479398769994045
81,endothelial cell,1.8277942383759398,6.733357155549665,3.6838704347446094
81,enterocyte of epithelium of large intestine,7.34040808350711,7.7924556022457825,1.0615834315471318
81,epithelial cell,7.382956350386312,16.865420240191924,2.284372199939858
81,fibroblast,3.502723366595638,5.172390028898576,1.4766767133899352
81,fibroblast of cardiac tissue,7.563483196612625,13.94310443008994,1.8434766188592167
81,granulocyte,23.806552996577075,14.366778220889417,0.6034799839756341
81,hematopoietic precursor cell,5.393745069510641,14.392522076231153,2.668372696660828
81,hematopoietic stem cell,4.989731457976262,12.391033381977863,2.4833066641633303
81,hepatocyte,8.038777809372792,5.398192926501601,0.6715191108040817
81,intermediate monocyte,6.665770450315614,8.047475016980354,1.2072835506358184
81,large intestine goblet cell,6.989182341475526,8.027409234727042,1.148547690205537
81,macrophage,5.269796323148915,9.88566734237937,1.8759107062552063
81,mature NK T cell,2.458399208177992,9.133934347618158,3.7153991578071017
81,mesenchymal stem cell,6.2830223823493245,9.550907443606425,1.5201135476514385
81,mesenchymal stem cell of adipose tissue,4.198819603662789,11.351899025847146,2.703592937392322
81,monocyte,5.676198594821155,6.751162836138151,1.1893810132537945
81,myeloid dendritic cell,8.396752410708583,8.435091469951848,1.0045659389926003
81,myeloid leukocyte,14.03968023123215,9.79685923797452,0.6977978897397386
81,natural killer cell,3.2550455606734783,9.118348849538227,2.8012968419562196
81,neutrophil,8.549178040373645,12.683332338990585,1.4835733071756516
81,non-classical monocyte,4.974209782477812,6.432421448919934,1.2931544366260603
81,plasma cell,3.3686966164358463,10.988290833276562,3.2618819930725644
81,smooth muscle cell,4.735242105091627,8.56447593109943,1.8086669574698984
81,stromal cell,,,
82,B cell,2.394466459405929,10.30761261363693,4.304763832939329
82,"CD4-positive, alpha-beta T cell",3.704592915002055,9.204322137481531,2.484570463925434
82,"CD8-positive, alpha-beta T cell",2.495433246815345,5.007740155127429,2.006761816417359
82,T cell,6.282016493327607,12.508388676175567,1.9911422851979537
82,adventitial cell,6.89688048834298,11.557983478322575,1.675827716292566
82,basal cell,3.564689206646928,6.944907767664751,1.9482505668979135
82,bladder urothelial cell,4.039734193239021,6.60812024735083,1.635780952719689
82,classical monocyte,5.534473607660673,10.127073798175037,1.8298169828034607
82,endothelial cell,2.146671864830671,6.647255032444058,3.0965398770754335
82,enterocyte of epithelium of large intestine,6.618894402077049,7.11495070231001,1.07494549241899
82,epithelial cell,6.788004709567826,16.462135575041252,2.425180340820558
82,fibroblast,2.661848384713483,5.534968042377245,2.0793701377447236
82,fibroblast of cardiac tissue,8.371050612442172,14.749102650434214,1.7619177488321633
82,granulocyte,21.37695832977505,12.86924319010554,0.6020147016042279
82,hematopoietic precursor cell,6.122900854372645,14.945305616093039,2.440886431375074
82,hematopoietic stem cell,4.577171704457609,12.475832224050137,2.7256640190928807
82,hepatocyte,,,
82,intermediate monocyte,6.244355795034752,7.524272242309558,1.2049717359623455
82,large intestine goblet cell,6.9817594479571055,7.068297377842467,1.0123948598530823
82,macrophage,5.942027691510533,10.021996763435839,1.6866290909001351
82,mature NK T cell,2.3216020023236457,9.285622614647082,3.99966170142569
82,mesenchymal stem cell,5.519393668634794,9.889784365049431,1.791824421086391
82,mesenchymal stem cell of adipose tissue,4.722153540038854,11.198681804717024,2.3715200511300782
82,monocyte,6.40123398542161,6.790603491776068,1.060827257250902
82,myeloid dendritic cell,8.379595447099009,7.73821544852891,0.9234593122521038
82,myeloid leukocyte,13.789957423684372,9.489775548691957,0.6881656887782108
82,natural killer cell,2.173411429702387,8.75059738846597,4.026203814371318
82,neutrophil,9.08736619214508,12.715308687672758,1.3992292616823996
82,non-classical monocyte,3.972097705972134,6.128603785129276,1.5429136538899306
82,plasma cell,3.186507192915718,10.627959261414757,3.3353005714353845
82,smooth muscle cell,4.526449223985115,8.765805599954009,1.9365743800913635
82,stromal cell,,,
83,B cell,2.403455087781729,10.762251222630399,4.47782497677684
83,"CD4-positive, alpha-beta T cell",1.8462177873714047,9.404568925000824,5.093965072447274
83,"CD8-positive, alpha-beta T cell",1.8121113723842284,5.08610345263565,2.806727848048197
83,T cell,2.670627095472342,11.707182233918852,4.38368286376135
83,adventitial cell,7.456329518587443,7.093304791339995,0.9513132129766415
83,basal cell,2.298901495261102,6.935173622660061,3.016733703882508
83,bladder urothelial cell,3.5754136439898265,7.419517963439733,2.075149535750008
83,classical monocyte,3.3935153919656695,10.14839076498567,2.9905244540845555
83,endothelial cell,1.9229847808174099,6.549219692998723,3.405757423735212
83,enterocyte of epithelium of large intestine,6.345268700991357,7.8301106421495,1.2340077325529426
83,epithelial cell,7.891291347282184,17.350049881233982,2.1986325327108167
83,fibroblast,3.98304031407719,5.797862177767297,1.455637332435731
83,fibroblast of cardiac tissue,4.338214237734453,13.008087127922932,2.9984888747025433
83,granulocyte,17.625884236390995,11.035804687331712,0.6261135350331428
83,hematopoietic precursor cell,6.113332298836304,14.019078945926509,2.293197598402281
83,hematopoietic stem cell,3.6106551441954697,13.187636278129316,3.6524219986308886
83,hepatocyte,10.659630318464528,4.979429423329924,0.467129654084213
83,intermediate monocyte,5.962554363459877,8.367511446332532,1.4033434223444357
83,large intestine goblet cell,7.2074830599436375,9.72923539818296,1.3498797454348845
83,macrophage,4.066051508115133,10.468269701444536,2.5745541296148575
83,mature NK T cell,2.345299448455653,8.961911154930409,3.8212225568175113
83,mesenchymal stem cell,6.120634865353195,13.002166876454995,2.1243167028400567
83,mesenchymal stem cell of adipose tissue,7.022638950428497,14.17545140858909,2.0185362665873847
83,monocyte,5.786810951686787,7.443695104504922,1.2863207674574495
83,myeloid dendritic cell,7.40029200956593,7.089671116627224,0.9580258599880676
83,myeloid leukocyte,,,
83,natural killer cell,3.440911633503866,9.626971168926481,2.7977966871306648
83,neutrophil,6.281460419996598,12.326747523741757,1.9624015275970539
83,non-classical monocyte,4.193538808459558,5.910200122782977,1.4093586330619918
83,plasma cell,5.5770285095385885,10.684114941212602,1.9157361169911868
83,smooth muscle cell,3.5489238232692757,7.818580560019255,2.2030849207737466
83,stromal cell,11.779813513967346,22.34073979255009,1.8965274591198438
84,B cell,2.606285305794483,10.914425223758835,4.187732325195976
84,"CD4-positive, alpha-beta T cell",2.7520944582880604,9.993525695058977,3.631243711480545
84,"CD8-positive, alpha-beta T cell",1.8376698723157385,4.90249778992913,2.667779378540527
84,T cell,2.416481746071088,12.047583768420795,4.985588568177158
84,adventitial cell,10.07915032903595,5.705327233092358,0.5660523999385632
84,basal cell,2.214518980255783,8.814998564712072,3.9805477592673038
84,bladder urothelial cell,4.246878728743549,6.9674763405644615,1.6406110900712745
84,classical monocyte,4.5497853984868835,9.568518276495384,2.103070241439865
84,endothelial cell,1.8949562857712419,6.654704407362678,3.511798376211213
84,enterocyte of epithelium of large intestine,5.625922155440609,8.364012964211158,1.4866919116757862
84,epithelial cell,8.714677368042278,19.30560411983161,2.2152976300221368
84,fibroblast,2.9114805059167503,6.63309009685487,2.278253309055312
84,fibroblast of cardiac tissue,5.776101739684837,11.522722531172079,1.994896047624119
84,granulocyte,24.69077114025683,11.065567464683083,0.4481661346996706
84,hematopoietic precursor cell,4.17760744911907,14.404188295444618,3.447951601695373
84,hematopoietic stem cell,4.010175913097432,12.437161282807239,3.101400425399509
84,hepatocyte,10.48945539385289,6.31408795824657,0.6019462137135165
84,intermediate monocyte,4.7919399640244045,7.294751821589883,1.5222961632147718
84,large intestine goblet cell,3.7910020397534017,9.38071539489487,2.4744685696621436
84,macrophage,5.191689283021584,10.25860974597177,1.9759675871821853
84,mature NK T cell,3.8903292474838302,8.752597543438872,2.249834650653242
84,mesenchymal stem cell,9.151448444765837,12.4656991797725,1.3621558658184045
84,mesenchymal stem cell of adipose tissue,5.155081796772837,10.892150178712466,2.11289570332931
84,monocyte,5.394034637690355,7.32435779713725,1.3578625813707104
84,myeloid dendritic cell,9.019836177621436,6.5285630847236735,0.7238006274350406
84,myeloid leukocyte,15.861965116485724,8.771495321120744,0.5529891950149555
84,natural killer cell,2.9831307269006113,9.094005782583267,3.048477125248776
84,neutrophil,4.0895619302912865,8.766754976360026,2.1436904797613856
84,non-classical monocyte,4.011955321601952,6.471955396020251,1.613167365342452
84,plasma cell,4.41503331528335,11.63651320314228,2.635656941219586
84,smooth muscle cell,4.132884419390221,7.9599205977163665,1.9259964204106146
84,stromal cell,,,
85,B cell,2.1568904322078555,11.083480500212161,5.13863863212875
85,"CD4-positive, alpha-beta T cell",3.344975653842314,10.512505036738288,3.142774753730348
85,"CD8-positive, alpha-beta T cell",1.7192687844479861,5.1054745212677775,2.969561576090045
85,T cell,3.1888653536967535,11.570567435430029,3.6284277170927353
85,adventitial cell,9.554464655460738,5.8717861487204015,0.6145594086597467
85,basal cell,2.3447659142344093,8.600571418844789,3.6679872249221797
85,bladder urothelial cell,2.893619002581509,6.613516812168303,2.2855520392519297
85,classical monocyte,3.5130708843498613,9.654154286062916,2.748067034192377
85,endothelial cell,1.919334283960074,6.685759281910654,3.483374072866679
85,enterocyte of epithelium of large intestine,6.163267452513846,8.55028461685865,1.3872973520516618
85,epithelial cell,8.122738256093236,19.07945172708896,2.3488940706388752
85,fibroblast,2.787945501864921,7.7979285599247605,2.7970161377647256
85,fibroblast of cardiac tissue,6.7719947994093435,11.49389304515203,1.6972684394492643
85,granulocyte,28.606884046841923,14.771598695421913,0.5163651752925755
85,hematopoietic precursor cell,5.158736414671567,15.275154078563117,2.9610262767293603
85,hematopoietic stem cell,4.8481714166735825,14.034169095844574,2.8947345070306256
85,hepatocyte,8.69431486680404,4.788654222765476,0.5507799402399313
85,intermediate monocyte,5.280617914673101,8.43679909557893,1.5976916398620395
85,large intestine goblet cell,4.4621279384298695,9.407118395012015,2.1082135081770392
85,macrophage,4.583961270152369,10.309801799319674,2.249103164647152
85,mature NK T cell,2.1911231934527016,9.081189651660413,4.1445363176273835
85,mesenchymal stem cell,10.13173704118075,10.868477293726688,1.0727160850653183
85,mesenchymal stem cell of adipose tissue,5.978297770646948,11.54341339964722,1.9308863229136273
85,monocyte,5.851179284503976,7.609432836717653,1.300495586739269
85,myeloid dendritic cell,8.528037232430464,8.22210924456775,0.9641267996932132
85,myeloid leukocyte,16.871988218929754,7.82301079953572,0.463668578831663
85,natural killer cell,3.45207924806152,9.126646496333082,2.6438114077068358
85,neutrophil,4.38100691954033,9.119853973232978,2.0816798833519905
85,non-classical monocyte,3.721290337658283,6.2517637499509515,1.6799989204510803
85,plasma cell,5.000586150862984,11.141596381480346,2.2280580806627177
85,smooth muscle cell,4.631790597257731,7.418434080039799,1.6016341680973036
85,stromal cell,8.150502154969564,15.38607324599762,1.8877454362264476
86,B cell,2.403977777328,10.65090169999682,4.430532511758575
86,"CD4-positive, alpha-beta T cell",2.9033349633560226,9.721155298324554,3.3482720461188804
86,"CD8-positive, alpha-beta T cell",2.1822307591535517,4.820231928442252,2.2088552772081416
86,T cell,3.65737622453438,11.956810219846995,3.2692316802516572
86,adventitial cell,9.82814579937521,10.109618026339943,1.0286394028650476
86,basal cell,3.6329813273289315,7.640573086423959,2.1031137784684186
86,bladder urothelial cell,3.5957776385458904,7.0187843509015035,1.951951721280478
86,classical monocyte,3.983547553436604,9.026829141619196,2.2660277103587623
86,endothelial cell,2.315366071075227,6.94124865581024,2.997905489988808
86,enterocyte of epithelium of large intestine,8.031335353552983,7.8887063586938115,0.9822409364594552
86,epithelial cell,6.672424322004225,16.29260038112176,2.441781216969708
86,fibroblast,2.920005592095784,6.256981040185831,2.1427976224165346
86,fibroblast of cardiac tissue,8.08110888182884,14.843924719662876,1.8368673082775666
86,granulocyte,17.889545877802437,13.073078966320939,0.7307663959509544
86,hematopoietic precursor cell,6.0764328936726235,13.497502471821834,2.2212871775275844
86,hematopoietic stem cell,5.154770865124662,12.79901690460097,2.482945845603836
86,hepatocyte,9.277435643488177,3.960684305284386,0.4269158480300951
86,intermediate monocyte,4.137302298998271,8.303234064479271,2.006919839164197
86,large intestine goblet cell,6.555106348798989,9.133709687312416,1.3933732271156627
86,macrophage,5.3745373193479455,9.801768607875962,1.8237418451985261
86,mature NK T cell,4.7955143686770745,9.107386459584346,1.8991469442926048
86,mesenchymal stem cell,8.834983672332243,13.54618294587063,1.5332436876246918
86,mesenchymal stem cell of adipose tissue,6.422560565779859,13.965695075590563,2.1744746402239308
86,monocyte,2.4231465523025784,8.527072094883636,3.519007996763895
86,myeloid dendritic cell,5.561701459094358,8.633609915499443,1.552332497347907
86,myeloid leukocyte,11.379632959565253,11.361752649281222,0.9984287445519935
86,natural killer cell,3.4663345122760534,9.310905457004786,2.6860954775224766
86,neutrophil,5.930480038763537,12.449486099228876,2.099237501493135
86,non-classical monocyte,5.086781548946302,6.570520739237839,1.291685258353366
86,plasma cell,6.147138569548005,11.076660110171295,1.8019213305265955
86,smooth muscle cell,4.244488950513193,8.543331459406218,2.0128056779069388
86,stromal cell,10.28656654566938,19.89535657138735,1.9341105200707855
87,B cell,2.170415288691049,10.865476575882667,5.0061739946715464
87,"CD4-positive, alpha-beta T cell",3.3659560407248343,10.739131246400577,3.1905144085268513
87,"CD8-positive, alpha-beta T cell",1.7997452169251875,4.793950036589775,2.6636826099085846
87,T cell,5.541110719861311,12.884226944547065,2.3252065508031476
87,adventitial cell,15.158171344744249,6.932935743557983,0.4573728311866471
87,basal cell,3.431219514250876,8.462719124007293,2.466388142425485
87,bladder urothelial cell,1.5652823297660134,5.845785265834365,3.734652308193004
87,classical monocyte,4.071006718606189,8.701569934535303,2.1374491706843712
87,endothelial cell,2.9951731021553507,6.964868975954377,2.3253644241604605
87,enterocyte of epithelium of large intestine,6.288502671575364,6.172246611203336,0.9815129186638473
87,epithelial cell,7.01734302071134,17.610383220873906,2.5095514312037666
87,fibroblast,5.262509675332424,7.725649756592899,1.4680542617919048
87,fibroblast of cardiac tissue,5.2367591012107795,13.449156919329395,2.5682214246249835
87,granulocyte,22.823620941575133,9.85123246583379,0.4316244337851295
87,hematopoietic precursor cell,4.551030791801753,15.06531726889686,3.310308797742171
87,hematopoietic stem cell,3.745782249030891,12.436008150921541,3.320002959098593
87,hepatocyte,,,
87,intermediate monocyte,5.134212632724022,9.222674898673064,1.796317285320506
87,large intestine goblet cell,5.925927810857471,7.2000861591631375,1.215014152884407
87,macrophage,3.8268827439145494,11.548365055941465,3.0176950350270073
87,mature NK T cell,2.8796292010445748,9.533290882971412,3.310596683598446
87,mesenchymal stem cell,7.33337745310377,9.374151032679373,1.2782856320469185
87,mesenchymal stem cell of adipose tissue,7.08734202228073,11.147418627709659,1.5728630836024453
87,monocyte,2.4186702088139356,8.582114058882528,3.548277903952443
87,myeloid dendritic cell,7.0478176709114635,8.0895712770547,1.147812224263814
87,myeloid leukocyte,,,
87,natural killer cell,2.4203536622386124,8.237844482923908,3.4035705655117496
87,neutrophil,4.068219432953536,9.06792219273169,2.2289658515662607
87,non-classical monocyte,4.601984268601588,5.210510819150148,1.132231340880588
87,plasma cell,7.711751431844368,11.129033372878512,1.4431265674517282
87,smooth muscle cell,3.7796278320184515,7.557601901022021,1.999562453477331
87,stromal cell,,,
88,B cell,2.359154258798158,10.839786792961862,4.594776603749539
88,"CD4-positive, alpha-beta T cell",3.493103771691739,10.402429056638079,2.977990273561239
88,"CD8-positive, alpha-beta T cell",2.354329029142649,5.272695734417467,2.2395747022401404
88,T cell,3.6277486714450227,11.553136720078578,3.184657418805332
88,adventitial cell,8.772773864219648,10.830952228690652,1.2346097592764158
88,basal cell,3.1576282996926213,7.478246221788781,2.368311122153532
88,bladder urothelial cell,3.4378751774232446,7.143849493844184,2.0779839654325785
88,classical monocyte,1.8075698668895401,8.819434869356202,4.87916679233686
88,endothelial cell,2.5832028514528798,6.768559478178,2.6202198849274017
88,enterocyte of epithelium of large intestine,5.864631396495054,6.552475733396138,1.1172868830788185
88,epithelial cell,7.015297002877785,15.710717245940549,2.2394942422959097
88,fibroblast,2.7076271713898423,6.560641145975931,2.4230223478693755
88,fibroblast of cardiac tissue,6.399791731197402,12.757293981791973,1.993392053620014
88,granulocyte,23.446594066141902,13.906123261708492,0.5930977958879604
88,hematopoietic precursor cell,5.764584090179841,14.710953093784305,2.551953942149079
88,hematopoietic stem cell,4.7796037231601405,12.906475822651448,2.7003234096817645
88,hepatocyte,11.406443583886881,7.374935868633869,0.6465587467641488
88,intermediate monocyte,3.812514813621848,8.66235570464371,2.2720844713032253
88,large intestine goblet cell,4.585659927234722,8.4470350275379,1.8420543960030837
88,macrophage,4.089104727433909,10.149164814207598,2.482001682695136
88,mature NK T cell,2.700267193556299,9.084105964564412,3.3641507722798663
88,mesenchymal stem cell,10.822061404542819,10.568695854198333,0.9765880509384165
88,mesenchymal stem cell of adipose tissue,6.774817239983099,12.315946461548556,1.8179009152989758
88,monocyte,5.957695097435522,10.14640320408527,1.7030752729277419
88,myeloid dendritic cell,6.6160857934496144,9.939054535363402,1.5022559932949717
88,myeloid leukocyte,18.099505726647767,21.992314023199697,1.2150781549145055
88,natural killer cell,2.796863037287627,8.72174462467616,3.1184024774893633
88,neutrophil,5.652557039855937,11.825341163109258,2.0920339378672845
88,non-classical monocyte,3.177649799252182,6.128117701705799,1.9285063140525966
88,plasma cell,4.459629534408726,10.591090153339415,2.374881158092344
88,smooth muscle cell,3.2206577419913227,7.48874430484527,2.325222021330029
88,stromal cell,8.260963171750836,18.80964037636135,2.2769306659885302
89,B cell,2.427691276706596,10.743732891717375,4.4254938816983
89,"CD4-positive, alpha-beta T cell",2.953755879182949,9.516869740083347,3.221955411804665
89,"CD8-positive, alpha-beta T cell",2.4218426442713255,4.872446104150565,2.0118755921966875
89,T cell,4.6175041867298505,11.65941602828717,2.5250472022948944
89,adventitial cell,10.113245732179887,11.969455835538243,1.1835424701935184
89,basal cell,2.687178457973214,7.836388269806201,2.9162143089360515
89,bladder urothelial cell,2.799920001729654,6.742381912395243,2.4080623404347725
89,classical monocyte,2.465823204433072,8.289134121792413,3.3616092617224775
89,endothelial cell,3.1411843435929323,6.78637429248464,2.1604508205087662
89,enterocyte of epithelium of large intestine,5.571262942946205,7.2936702873240415,1.309159226914354
89,epithelial cell,7.401093134518694,15.908028178559968,2.149416024014741
89,fibroblast,2.461524401346689,6.189500646556413,2.514499000363419
89,fibroblast of cardiac tissue,6.7537964063347715,14.925394622359605,2.209926643385374
89,granulocyte,23.324590976712603,14.32184285297406,0.6140233227357798
89,hematopoietic precursor cell,5.202629927866881,14.259592594833503,2.7408431490494363
89,hematopoietic stem cell,4.0061387468935905,12.957315610123034,3.234365165253025
89,hepatocyte,13.731606059031272,7.847170761625906,0.5714678041222152
89,intermediate monocyte,4.410641458335157,8.45169941567168,1.9162064056918064
89,large intestine goblet cell,3.9211517216496667,8.611689207446755,2.1962142295844993
89,macrophage,4.267106287706363,10.10087743737837,2.3671492473668265
89,mature NK T cell,2.7978313186536634,9.383030806729424,3.353679953530796
89,mesenchymal stem cell,9.457938735449975,8.37405961293956,0.8854000694202162
89,mesenchymal stem cell of adipose tissue,4.698570988863397,10.358210369826578,2.2045448274332173
89,monocyte,6.549161205641703,10.35552936728886,1.5811993386829757
89,myeloid dendritic cell,8.686980955694455,9.954911513607275,1.1459575615947069
89,myeloid leukocyte,19.13907378394584,22.722748388234795,1.1872438888497832
89,natural killer cell,2.3434884317145563,8.699055986748315,3.7120114906579085
89,neutrophil,5.227069519801813,11.871239130199127,2.2711079478141762
89,non-classical monocyte,4.0820448952691715,6.845908726535723,1.677078254202861
89,plasma cell,4.186822354839038,10.727391110150222,2.5621796677739948
89,smooth muscle cell,3.6094491247425666,8.147111950646273,2.257162151087901
89,stromal cell,,,
90,B cell,2.6709026597901007,10.689112208369922,4.0020598164404655
90,"CD4-positive, alpha-beta T cell",2.613611523196889,10.261869019224486,3.9263176367819517
90,"CD8-positive, alpha-beta T cell",2.229417613405549,5.23532144721756,2.348291058497712
90,T cell,3.575165206609505,12.168416813048214,3.4035956689643685
90,adventitial cell,9.103442912607271,11.623704883404276,1.2768471220165196
90,basal cell,3.3142095246038883,7.2319066246210415,2.1820909543989657
90,bladder urothelial cell,3.1656014024972454,6.671010726690843,2.1073438751411624
90,classical monocyte,1.7513673925583586,8.314328510204792,4.747335450878416
90,endothelial cell,2.4717289368901687,6.903027806518615,2.7927932159113413
90,enterocyte of epithelium of large intestine,5.8754277526807765,6.1797110502848485,1.0517891310067147
90,epithelial cell,6.493780938967909,15.163391672612018,2.3350636270496086
90,fibroblast,2.2175970140413845,6.74186588302078,3.040167280318571
90,fibroblast of cardiac tissue,7.10556467699221,13.906734004256974,1.9571609909184167
90,granulocyte,24.36146679039171,13.52466390556296,0.5551662394522632
90,hematopoietic precursor cell,4.881839283128422,14.643216770831433,2.999528645164173
90,hematopoietic stem cell,3.080276746592901,12.159315857493025,3.947475132207671
90,hepatocyte,,,
90,intermediate monocyte,4.682929392608883,8.192322652805418,1.7494012755638484
90,large intestine goblet cell,4.425406631803956,7.736229797826466,1.748139875379745
90,macrophage,4.245310340303162,10.403256387108488,2.4505290669434503
90,mature NK T cell,2.6758724180362146,8.856115775002806,3.309618095134067
90,mesenchymal stem cell,10.045442041451999,10.76204040406067,1.0713356724026344
90,mesenchymal stem cell of adipose tissue,6.2308587825288555,12.74977520548972,2.0462308087032426
90,monocyte,5.877547661585033,10.040563628325906,1.708291315772709
90,myeloid dendritic cell,7.518753031694715,10.60688404583476,1.4107238262943698
90,myeloid leukocyte,16.659920951494588,22.89986154875575,1.374548031495994
90,natural killer cell,3.312673124639012,8.729360559804407,2.635140936447106
90,neutrophil,5.742881241841826,11.853882558828781,2.064100241610963
90,non-classical monocyte,4.563381596262412,6.759551130621783,1.4812592346338338
90,plasma cell,2.7950488827376017,10.43339719867066,3.7328138563543485
90,smooth muscle cell,3.274268269495371,7.687300049410744,2.3477917558036587
90,stromal cell,8.326437222522717,18.787826161052198,2.2564063907467884
91,B cell,2.57568290997828,10.963800981712541,4.256657890316552
91,"CD4-positive, alpha-beta T cell",3.406567531723723,9.088092258117808,2.667815087616723
91,"CD8-positive, alpha-beta T cell",2.436318850819788,4.961393657793363,2.0364303531633072
91,T cell,5.44430670618978,12.077073380982172,2.218294088253959
91,adventitial cell,17.582846667503176,18.961374582522048,1.078401861830865
91,basal cell,3.1053347559990505,7.745722093151045,2.494327569092977
91,bladder urothelial cell,3.982206566564972,6.890851870973711,1.7304104535485512
91,classical monocyte,5.059172759220361,9.027541793027076,1.7843908920829692
91,endothelial cell,2.679928179467303,7.07097365209952,2.638493712732644
91,enterocyte of epithelium of large intestine,8.416832357078258,8.134024762241316,0.966399759097125
91,epithelial cell,6.626179857492561,16.667286425165813,2.515368852585439
91,fibroblast,3.7362022039170797,5.269992547745788,1.4105212352320395
91,fibroblast of cardiac tissue,8.945388645840245,17.103954388946008,1.9120415072071388
91,granulocyte,18.679894661177,12.525756578060104,0.6705474953289094
91,hematopoietic precursor cell,4.193640077359527,13.333946877555963,3.17956396628857
91,hematopoietic stem cell,4.466620608940363,11.090304157754856,2.4829295184723246
91,hepatocyte,8.953936754073627,5.36217268570452,0.5988620238204139
91,intermediate monocyte,3.5024382933840386,7.524578039643748,2.1483827577654586
91,large intestine goblet cell,6.186745558778199,9.075362030411107,1.4669040360863606
91,macrophage,4.134076643676458,9.486658376168657,2.294746613050724
91,mature NK T cell,3.713575767801851,8.988421937520702,2.4204223905847897
91,mesenchymal stem cell,7.363173076121418,9.592708606636535,1.3027954806257975
91,mesenchymal stem cell of adipose tissue,5.785097584905646,13.399796054620413,2.316261023769569
91,monocyte,2.5041819731626944,8.082252128947708,3.2275019210125957
91,myeloid dendritic cell,6.272568961229214,7.246456736385681,1.1552613898987916
91,myeloid leukocyte,9.714071811182572,11.287558162208471,1.161980102845703
91,natural killer cell,2.965238954188383,9.077054097380143,3.0611543412239532
91,neutrophil,5.897477442641131,11.70314827304966,1.9844329015031403
91,non-classical monocyte,5.590159574132444,6.461472191011994,1.1558654284059096
91,plasma cell,6.813916725996177,11.512415854514957,1.6895445479386706
91,smooth muscle cell,4.9744907451150135,8.930163984545509,1.795191596911703
91,stromal cell,,,
92,B cell,2.700387753179816,10.78413511938374,3.9935505953487547
92,"CD4-positive, alpha-beta T cell",2.5872144062086386,9.626385795838463,3.720753012482325
92,"CD8-positive, alpha-beta T cell",2.1800320942855396,5.18751673070281,2.3795597983629277
92,T cell,2.9533766349188477,11.72725002086293,3.9707939320056176
92,adventitial cell,15.397864106538092,15.924557626058231,1.0342056220184785
92,basal cell,4.734334399053339,7.2248554209506555,1.526055156221181
92,bladder urothelial cell,2.1393050309620083,6.984408501924896,3.2648025414048263
92,classical monocyte,5.122564949575075,8.930751588571157,1.7434140272466387
92,endothelial cell,2.0429970747186186,7.082375754066308,3.4666597626145705
92,enterocyte of epithelium of large intestine,8.006446014637918,7.787479692660765,0.972651246061383
92,epithelial cell,6.620595192027468,16.10501439945062,2.4325629240773257
92,fibroblast,3.5335268568831735,6.303188040631532,1.7838234421094512
92,fibroblast of cardiac tissue,9.208126420262133,16.491554346516114,1.7909782722169274
92,granulocyte,18.536358552391626,11.79429499663389,0.6362789629526318
92,hematopoietic precursor cell,4.382470298234591,13.91457609086916,3.1750531421683394
92,hematopoietic stem cell,4.781420382157627,11.952636238228639,2.4998086934232258
92,hepatocyte,9.255416913641959,4.899608666431378,0.5293774134809242
92,intermediate monocyte,3.5985465029568067,8.069316907422762,2.2423822787318355
92,large intestine goblet cell,6.122027424089632,9.070833324914243,1.4816714621730251
92,macrophage,5.817035000822181,10.126020491786242,1.7407528904940452
92,mature NK T cell,2.86269353495683,8.990227600301958,3.1404785355193576
92,mesenchymal stem cell,8.418479134415506,13.16165429929079,1.563424234846025
92,mesenchymal stem cell of adipose tissue,7.825239234980364,14.86826542683618,1.900039727906605
92,monocyte,2.88188616850777,8.516757674402186,2.9552720601772178
92,myeloid dendritic cell,4.935682398200034,8.522855013280344,1.726783517591913
92,myeloid leukocyte,10.496497610144884,11.317267603944408,1.0781946535200702
92,natural killer cell,3.2271521234093865,9.054874725042765,2.8058406851538717
92,neutrophil,6.103436477624328,11.981179798716722,1.9630219537207698
92,non-classical monocyte,8.184466607939875,6.367282439565987,0.7779715825816907
92,plasma cell,6.484586641984359,11.036412965358348,1.7019454862247128
92,smooth muscle cell,4.460812354930907,8.456087291954404,1.8956384216895354
92,stromal cell,10.21523878305575,19.31305762249498,1.89061244995369
93,B cell,2.612155615703419,10.466846439462056,4.006976604509633
93,"CD4-positive, alpha-beta T cell",2.5204055151221225,9.666951532704628,3.8354746784611087
93,"CD8-positive, alpha-beta T cell",2.0869238797163705,4.655710601241521,2.2308962231407636
93,T cell,2.468442770082914,12.126615325494134,4.912658082442319
93,adventitial cell,6.192658299069746,8.793103325519997,1.4199238680488615
93,basal cell,2.5331817943532506,8.051920839893649,3.1785799415747786
93,bladder urothelial cell,3.0387846146415884,6.7890268024362355,2.2341256993750354
93,classical monocyte,2.333199768031967,8.503600291027965,3.644608750411747
93,endothelial cell,2.7356914036343363,6.98038237226555,2.5515971439586305
93,enterocyte of epithelium of large intestine,5.31234803478206,7.933813084153101,1.4934663603000529
93,epithelial cell,7.548686769264999,16.082709906114886,2.130530832408725
93,fibroblast,2.592037374985532,6.447014342493632,2.4872381875009104
93,fibroblast of cardiac tissue,5.918573516309675,14.188074950077416,2.3972119144891364
93,granulocyte,24.342789248286707,14.80293359634636,0.6081034283032385
93,hematopoietic precursor cell,5.381103646582732,14.0351083407673,2.608221149890003
93,hematopoietic stem cell,4.470664196328187,12.846650773189133,2.873544110904203
93,hepatocyte,13.896665306337573,7.729030516931609,0.5561787915700025
93,intermediate monocyte,3.9501811853150532,8.557664734699927,2.1663980291621474
93,large intestine goblet cell,3.626487002493139,8.724642500874978,2.405811049336991
93,macrophage,3.4197200646857047,9.937375170164515,2.9059031096680794
93,mature NK T cell,3.271358696050444,9.100265237828623,2.7817998829707964
93,mesenchymal stem cell,9.02856621499533,7.820393826093461,0.8661833606652578
93,mesenchymal stem cell of adipose tissue,5.101213677492777,10.159484085835654,1.9915817544872956
93,monocyte,6.176389755600817,10.445258588115852,1.691159237262185
93,myeloid dendritic cell,8.651313007505545,9.841915468682014,1.1376210131506685
93,myeloid leukocyte,16.76305316569483,22.447269987084105,1.3390919759785693
93,natural killer cell,2.833899164230288,8.98777529965858,3.1715226191189263
93,neutrophil,5.088893492817155,11.800879600625523,2.318948041903838
93,non-classical monocyte,4.339207618105775,6.638332738184521,1.5298490697899354
93,plasma cell,4.229653097358122,11.133879726207105,2.632338745028859
93,smooth muscle cell,3.8828976296001274,8.385140516222922,2.159505945328373
93,stromal cell,,,
94,B cell,2.8988131936463426,10.828136025328936,3.7353686843506124
94,"CD4-positive, alpha-beta T cell",3.866725541495366,9.986622331588908,2.5827078297692716
94,"CD8-positive, alpha-beta T cell",2.0646710547701037,5.127676237100112,2.4835318077683164
94,T cell,3.089247382972819,12.31078470235321,3.9850433378068923
94,adventitial cell,8.19006957838964,9.24415757333628,1.1287031794855518
94,basal cell,4.8646901452210525,8.514567932776705,1.7502796023177756
94,bladder urothelial cell,2.4715710244643256,6.091957871055774,2.464811980216555
94,classical monocyte,3.1667994705251803,9.735212295648283,3.074148643214785
94,endothelial cell,3.0485325091817503,6.758036020454179,2.2168161238562907
94,enterocyte of epithelium of large intestine,7.94108932867154,8.679098925712406,1.0929355616711502
94,epithelial cell,7.6373976249055975,18.17715449357963,2.3800193974847956
94,fibroblast,4.458877896578873,6.160849373953746,1.3817039885036393
94,fibroblast of cardiac tissue,6.022078788171535,10.379106035817207,1.7235088415322084
94,granulocyte,19.474512963611666,7.717621286614472,0.3962934169925034
94,hematopoietic precursor cell,8.748872617224539,15.625107421447373,1.7859566717985005
94,hematopoietic stem cell,5.101490990268278,14.229231302939546,2.7892299192693972
94,hepatocyte,13.872373011021512,7.1812579701523935,0.5176661530400696
94,intermediate monocyte,6.060473433730983,8.237431510873444,1.3592059433882
94,large intestine goblet cell,5.961130462395364,8.153106880960129,1.3677115326350302
94,macrophage,6.020258757533621,10.906944313483606,1.8117068971221368
94,mature NK T cell,3.066154795138745,9.200445608209403,3.0006461587641655
94,mesenchymal stem cell,8.481383139265933,11.747987034525561,1.3851499032199546
94,mesenchymal stem cell of adipose tissue,,,
94,monocyte,4.860122499466368,7.246166633549952,1.49094320860134
94,myeloid dendritic cell,7.315511857996826,10.460126018789232,1.4298556576536643
94,myeloid leukocyte,17.348679237138533,9.1860867985045,0.5294977602006572
94,natural killer cell,3.1588850810801823,7.9874705880468575,2.5285727030359517
94,neutrophil,6.69572041327641,9.925278409339212,1.482331668099398
94,non-classical monocyte,5.164439095417856,7.0695158556769275,1.368883575749659
94,plasma cell,6.572461315875162,11.685523775402114,1.777952461610817
94,smooth muscle cell,5.112410751129518,7.996486639509153,1.5641322712073629
94,stromal cell,9.508841954112434,13.649757249022956,1.435480504870484
95,B cell,2.461975391241034,10.779370139650046,4.378341951751343
95,"CD4-positive, alpha-beta T cell",2.5065030796848546,9.999906623886387,3.989584814371617
95,"CD8-positive, alpha-beta T cell",2.2503072125687265,5.242394036726241,2.3296348193907472
95,T cell,2.907506957095555,11.855946809383285,4.07770195715258
95,adventitial cell,8.992215604731436,11.965248014188079,1.3306229009780772
95,basal cell,2.265161057409961,7.490176853771363,3.30668621962617
95,bladder urothelial cell,2.9167039728734774,6.97323901866746,2.3907942264698074
95,classical monocyte,2.0348565185891294,8.322044665246704,4.089745192951887
95,endothelial cell,2.0501219500268917,6.645346599465508,3.2414396613715297
95,enterocyte of epithelium of large intestine,5.819705015241765,6.522295209848581,1.120726083670347
95,epithelial cell,7.501555832700135,15.609831186041063,2.0808791581602355
95,fibroblast,2.490961907159998,5.99124731806037,2.405194274886012
95,fibroblast of cardiac tissue,6.774753941675943,13.476734694915978,1.9892581798449929
95,granulocyte,22.77038287970523,14.042859578440481,0.6167160057267456
95,hematopoietic precursor cell,4.938766945972556,14.60285206841198,2.9567809593283707
95,hematopoietic stem cell,2.913491014157236,12.465334891261035,4.278487501999999
95,hepatocyte,6.929647026969556,5.365378351351144,0.7742643067488979
95,intermediate monocyte,4.024681679437766,8.458469031297179,2.1016491998638753
95,large intestine goblet cell,3.9711195415741685,7.989291421181677,2.0118486329964997
95,macrophage,4.081287017250249,10.376964889280456,2.5425717048128353
95,mature NK T cell,2.509364978848754,8.657180394022516,3.449948679045587
95,mesenchymal stem cell,8.037170987480774,10.60783336858381,1.3198466705644647
95,mesenchymal stem cell of adipose tissue,6.102061390169199,12.900201426934862,2.1140727046302565
95,monocyte,6.433126846187098,10.385783270925423,1.6144222738404508
95,myeloid dendritic cell,7.627639921942482,10.554960570832323,1.3837780334214256
95,myeloid leukocyte,19.16309057038674,22.693121431203675,1.1842098928589313
95,natural killer cell,2.9551033897448473,8.776003203811758,2.9697787340596244
95,neutrophil,5.306118892169637,12.139331807535878,2.2877986819048046
95,non-classical monocyte,4.921712441574255,7.071807961338762,1.4368592324903848
95,plasma cell,2.834035602579338,10.466894458494405,3.6932826281251305
95,smooth muscle cell,3.46579164571882,7.637067496733338,2.203556438878015
95,stromal cell,7.185433696063827,18.526502717331653,2.578341614575116
96,B cell,2.654893065662701,10.918859058264633,4.112730263785266
96,"CD4-positive, alpha-beta T cell",3.303829642638196,11.188570278484663,3.386545763161775
96,"CD8-positive, alpha-beta T cell",1.9247658906893546,5.396735565058666,2.803839984469917
96,T cell,2.858816382529367,11.84279949496242,4.1425533893451325
96,adventitial cell,9.243409089434822,7.080195602558441,0.7659723305604936
96,basal cell,2.6955421374956825,8.481422577585176,3.146462620489739
96,bladder urothelial cell,2.58045473979985,6.907063365201363,2.676684562092766
96,classical monocyte,3.032598100990075,9.550296929069031,3.1492128567748803
96,endothelial cell,2.25628389633406,7.134144992659428,3.1619004169868714
96,enterocyte of epithelium of large intestine,6.104291761032481,8.409638482126873,1.3776599827372054
96,epithelial cell,8.181712046693903,18.306639605951514,2.237507199162421
96,fibroblast,3.7057946990720825,8.212312253953995,2.2160731829019906
96,fibroblast of cardiac tissue,5.849826942507888,10.19179950813661,1.7422394898689546
96,granulocyte,28.44472922158922,15.010878390801015,0.5277209100450122
96,hematopoietic precursor cell,4.742668021272512,15.115419798321621,3.187113188299016
96,hematopoietic stem cell,5.952913437077813,13.905284483912009,2.335878831582319
96,hepatocyte,4.473978615908091,5.29559581873407,1.1836435247822958
96,intermediate monocyte,4.639546217827682,8.765236557615967,1.8892443670320858
96,large intestine goblet cell,3.540373547048483,9.535394713461308,2.6933301208881524
96,macrophage,3.676778383289091,9.85701337648926,2.6808831941814213
96,mature NK T cell,2.074525496385488,9.436648218638275,4.548822482577364
96,mesenchymal stem cell,7.8275690360064,11.519499791593908,1.4716573866809508
96,mesenchymal stem cell of adipose tissue,5.103933997904711,11.364553493917953,2.226626264873993
96,monocyte,6.0655055671235685,7.470799063103973,1.231686127467662
96,myeloid dendritic cell,9.508752714721922,8.02635060400418,0.8441013080061897
96,myeloid leukocyte,17.96726645220947,7.5985624284927935,0.42291143445242246
96,natural killer cell,3.0957196903717485,9.017038066401144,2.912743713342578
96,neutrophil,4.257950556634353,9.247543129412897,2.171829617655896
96,non-classical monocyte,4.671625141716926,6.621082052687134,1.4172973755025515
96,plasma cell,3.3630859618625735,11.284461949250401,3.355389091214529
96,smooth muscle cell,4.43041049105134,7.55047969347505,1.704239304399831
96,stromal cell,7.836057092517278,14.164944433523074,1.8076622293945903
97,B cell,4.086628664452966,10.766593080096786,2.634590505799723
97,"CD4-positive, alpha-beta T cell",4.296882094853052,9.86093959934599,2.2949057902142
97,"CD8-positive, alpha-beta T cell",2.348310794728764,5.0242723535421625,2.1395261499543032
97,T cell,4.857694625289988,10.672313351179975,2.19699140732686
97,adventitial cell,13.594760935038238,14.389087365877074,1.0584288634889925
97,basal cell,4.6424405238092135,7.441400524221573,1.6029070240227348
97,bladder urothelial cell,2.903501276860872,6.7698785188987225,2.3316258108272625
97,classical monocyte,3.9953295946783673,8.877375815665879,2.22193829202232
97,endothelial cell,3.5820854590062994,6.7395395661505315,1.8814569454800603
97,enterocyte of epithelium of large intestine,7.058862159949727,7.855667576634002,1.1128801496089775
97,epithelial cell,6.155646839054995,16.074675801418,2.6113707010335503
97,fibroblast,5.351174068048407,7.95320361945582,1.4862539544254412
97,fibroblast of cardiac tissue,4.453950761189652,14.517300996126096,3.2594210790620686
97,granulocyte,19.62386701273658,12.437032770336126,0.6337707426504702
97,hematopoietic precursor cell,5.601021516087574,14.063822171645295,2.510938787014187
97,hematopoietic stem cell,4.964832652428402,13.308666147932092,2.6805870569318277
97,hepatocyte,9.12984604982879,4.9585444020076155,0.5431136927112371
97,intermediate monocyte,3.919442324002079,7.79932011422625,1.989905570612528
97,large intestine goblet cell,6.675568423594488,8.550225041695063,1.2808235193088109
97,macrophage,5.995413993579142,9.846758041104943,1.642381668997411
97,mature NK T cell,3.3800964338343493,8.978004830851068,2.6561386654482235
97,mesenchymal stem cell,9.044468798407925,12.695457381314721,1.4036708693770352
97,mesenchymal stem cell of adipose tissue,,,
97,monocyte,5.33985500945562,10.649452113472545,1.9943335717196224
97,myeloid dendritic cell,7.219117062494118,10.248511133088794,1.4196349836648938
97,myeloid leukocyte,18.04593928651445,22.813713959645323,1.2642020787853245
97,natural killer cell,3.888392323160514,9.473104552377738,2.436252251593257
97,neutrophil,3.979214853277718,9.61845198923275,2.4171733228503447
97,non-classical monocyte,6.291193101262687,6.919547290574989,1.099878382239799
97,plasma cell,6.297451866259555,10.964550929315324,1.741109128290622
97,smooth muscle cell,2.820631697928842,6.299031731516989,2.2331989448116523
97,stromal cell,8.391823764423204,18.249238972597734,2.174645164733397
98,B cell,2.3590280646568176,10.72729445372042,4.547336513048642
98,"CD4-positive, alpha-beta T cell",2.6882360558935465,9.698381074479146,3.6077118500129215
98,"CD8-positive, alpha-beta T cell",2.5366101603121507,4.953527859759158,1.9528140103127183
98,T cell,4.44195320537878,12.329082901313441,2.7755994561996067
98,adventitial cell,9.21581582497504,9.634797120954081,1.0454632887566604
98,basal cell,3.5353841760013878,7.25778087965291,2.0528973707920057
98,bladder urothelial cell,4.0914272392602635,7.3388893404419,1.7937235373563145
98,classical monocyte,4.298957478736786,9.148344820877192,2.1280379873785957
98,endothelial cell,2.154465840902242,7.044494460963108,3.2697174061543866
98,enterocyte of epithelium of large intestine,7.421904617924324,7.539127185376938,1.015794135533555
98,epithelial cell,6.249791487729438,16.20859442265138,2.5934616305959346
98,fibroblast,2.986235113632785,6.305234122040931,2.111432583876676
98,fibroblast of cardiac tissue,5.796344318592893,13.484111176943955,2.326313006232405
98,granulocyte,19.35348166467609,13.00679391071916,0.6720648065334476
98,hematopoietic precursor cell,4.643805170313106,13.393556242938368,2.884177038382365
98,hematopoietic stem cell,5.066375156608404,11.583272711470407,2.286303787898847
98,hepatocyte,8.668189286577457,3.764964091136944,0.434342625277799
98,intermediate monocyte,4.4059011545174664,8.747387018754818,1.9853797695361213
98,large intestine goblet cell,6.854354498359539,9.253473594695603,1.3500138629990974
98,macrophage,5.200617602930829,10.014289353798311,1.9255961730688904
98,mature NK T cell,5.0248186706904985,9.381909053968268,1.86711395352283
98,mesenchymal stem cell,8.855015941529421,13.600676592109112,1.535929091705286
98,mesenchymal stem cell of adipose tissue,6.1196078513015415,14.177220467271336,2.3166877374758696
98,monocyte,2.5000368963422956,8.4715845389413,3.388583805037333
98,myeloid dendritic cell,5.623609624626619,8.869624238120972,1.5772119386238288
98,myeloid leukocyte,11.224004832628264,11.857385299498153,1.0564308797363173
98,natural killer cell,3.7847791277606455,9.472759393825658,2.5028565932275266
98,neutrophil,5.846849027930436,11.927293921443859,2.0399524366829205
98,non-classical monocyte,5.5969739383110095,6.555123641959618,1.1711906673515347
98,plasma cell,5.9456226569134145,10.931313472953818,1.838548139317784
98,smooth muscle cell,4.050102914240246,8.057902007220436,1.9895548774547642
98,stromal cell,12.91985337123129,23.719475124709938,1.835893523182409
99,B cell,2.863942185307567,10.83957553842356,3.784844398756418
99,"CD4-positive, alpha-beta T cell",3.5533679278754473,10.136185042272198,2.8525571367816687
99,"CD8-positive, alpha-beta T cell",1.7790688333470204,5.051867402082944,2.8396132332770403
99,T cell,4.018099733543866,12.820615830421731,3.1907161794399417
99,adventitial cell,8.757782378088974,6.021851574090283,0.6876000469201319
99,basal cell,4.805352411740105,8.2102866704331,1.7085711862410535
99,bladder urothelial cell,6.440934090460267,6.118411768173238,0.949926157020498
99,classical monocyte,3.412463373411289,9.44708971296265,2.76840765136735
99,endothelial cell,1.9607466719851823,6.90354232860194,3.5208741788210527
99,enterocyte of epithelium of large intestine,7.18765146929099,8.346005499869213,1.1611589036456835
99,epithelial cell,,,
99,fibroblast,4.192736189840588,5.999772074668215,1.4309920307426576
99,fibroblast of cardiac tissue,6.899949102380789,13.190110571590818,1.9116243287997072
99,granulocyte,23.80658304983281,11.224846120513815,0.4715017731447456
99,hematopoietic precursor cell,6.340425240414662,14.953751945862075,2.358477764321704
99,hematopoietic stem cell,6.339156698079593,13.981095960768771,2.205513544885908
99,hepatocyte,,,
99,intermediate monocyte,6.178708084356759,8.728876581617426,1.4127349054921656
99,large intestine goblet cell,4.985294585802597,9.639264221834667,1.9335395443402494
99,macrophage,5.4499797100928165,9.778174002763585,1.7941670470176956
99,mature NK T cell,3.662808055855715,9.259243273962598,2.5279084060001145
99,mesenchymal stem cell,4.921342678537939,13.306807862823154,2.7038978449629965
99,mesenchymal stem cell of adipose tissue,5.079400170581031,11.067096518281037,2.178819574480401
99,monocyte,5.484736229248044,7.288557222253225,1.328880171736624
99,myeloid dendritic cell,12.419059083003084,10.006015481645997,0.805698355629887
99,myeloid leukocyte,13.27995053800279,10.094412292119193,0.7601242386582955
99,natural killer cell,2.546085229024504,9.151258182978854,3.5942466020609323
99,neutrophil,9.674345678715245,9.474196656472566,0.9793113633841892
99,non-classical monocyte,3.365676262188525,7.169916096278848,2.130304740485237
99,plasma cell,3.821270133395363,11.577891498318609,3.0298542354112907
99,smooth muscle cell,5.071064858219431,8.323916195289355,1.6414533097121686
99,stromal cell,10.458528246836927,14.592319011033654,1.395255495480155
100,B cell,3.1192163950024763,10.676086532000586,3.422682231699449
100,"CD4-positive, alpha-beta T cell",4.381769186638506,9.67965162353986,2.2090738264024465
100,"CD8-positive, alpha-beta T cell",2.3914668991338153,4.747764842911352,1.9852939819618594
100,T cell,6.750256215920764,12.073582448396053,1.7886109893014133
100,adventitial cell,3.6680989914270383,4.777942672577291,1.302566447564295
100,basal cell,5.094003483022359,7.682377679782228,1.5081217956341368
100,bladder urothelial cell,4.169506439477625,6.153122509924783,1.4757436159987498
100,classical monocyte,2.1514419638616458,8.677650064489923,4.033411177364188
100,endothelial cell,2.508951905718193,7.1121897632749675,2.8347254274047504
100,enterocyte of epithelium of large intestine,6.682920646938472,6.449887102045231,0.9651299847470138
100,epithelial cell,,,
100,fibroblast,3.445180764394896,6.859512993585715,1.9910458877737593
100,fibroblast of cardiac tissue,,,
100,granulocyte,20.65256370000345,16.274297364623386,0.7880037365346882
100,hematopoietic precursor cell,5.807886635172328,14.587008467773341,2.511586293615823
100,hematopoietic stem cell,4.992263314955717,11.11835580266965,2.2271172614957053
100,hepatocyte,,,
100,intermediate monocyte,5.014643198897436,8.6405398645832,1.723061745745537
100,large intestine goblet cell,5.479043090997252,8.24696773850145,1.5051839530249802
100,macrophage,4.246224422528648,11.440441878234072,2.6942621820777974
100,mature NK T cell,2.8294680165159445,8.75782381437215,3.0952192296402297
100,mesenchymal stem cell,4.915503929064694,12.285601429265862,2.4993574629495874
100,mesenchymal stem cell of adipose tissue,6.04623983772914,8.966170775740798,1.4829333629458423
100,monocyte,4.711746134295942,8.5361533808766,1.8116751492071048
100,myeloid dendritic cell,7.340917988354248,7.634431983500674,1.0399832821470096
100,myeloid leukocyte,,,
100,natural killer cell,2.756351847319627,8.96395305327744,3.252107695174802
100,neutrophil,10.799651999212957,14.197722379531385,1.314646284951225
100,non-classical monocyte,3.1226589140338055,5.2728397129709546,1.6885736989313305
100,plasma cell,4.487215443921911,10.975999287347976,2.4460602403691913
100,smooth muscle cell,3.4220197614860814,7.614325006709519,2.22509673743171
100,stromal cell,9.434930457043036,19.285139612344096,2.0440150248217277
