Gene_set,Term,Overlap,P-value,Adjusted P-value,Old P-value,Old Adjusted P-value,Odds Ratio,Combined Score,Genes
GO_Biological_Process_2023,Antigen Receptor-Mediated Signaling Pathway (GO:0050851),5/134,2.083436442837076e-05,0.0127669951774118,0,0,17.072351421188632,184.0212848011352,IGKC;PDE4B;FYN;CD247;SKAP1
GO_Biological_Process_2023,Cytoplasmic Translation (GO:0002181),4/93,8.565533047784326e-05,0.0127669951774118,0,0,19.40498290180752,181.7311402990522,RPS28;RPL10;RPL36AL;RPL34
GO_Biological_Process_2023,Regulation Of T-helper Cell Differentiation (GO:0045622),2/6,9.128927051395768e-05,0.0127669951774118,0,0,207.77083333333337,1932.5756890799971,HLA-DRA;JUNB
GO_Biological_Process_2023,T Cell Receptor Signaling Pathway (GO:0050852),4/95,9.305240181747405e-05,0.0127669951774118,0,0,18.976588628762546,176.14729500931637,PDE4B;FYN;CD247;SKAP1
GO_Biological_Process_2023,Regulation Of Cell Population Proliferation (GO:0042127),9/766,0.00010346025265325666,0.0127669951774118,0,0,5.565518574604504,51.07099638888126,BTG1;CNOT6L;JUND;MZB1;STAT4;PPP2R5C;IL7R;ETS1;JUNB
GO_Biological_Process_2023,Retina Homeostasis (GO:0001895),3/39,0.00012610069935787855,0.0129673552506351,0,0,35.308510638297875,317.0149830122188,IGKC;B2M;JCHAIN
GO_Biological_Process_2023,Positive Regulation Of Leukocyte Cell-Cell Adhesion (GO:1903039),3/44,0.0001811421903351466,0.015966390205255,0,0,30.994810586403737,267.0583626754283,HLA-DRA;ETS1;SKAP1
GO_Biological_Process_2023,Glutamine Metabolic Process (GO:0006541),2/13,0.00046942457388711873,0.036204370261044,0,0,75.52651515151516,578.8354329773197,SLC38A1;GLUL
GO_Biological_Process_2023,Peptide Biosynthetic Process (GO:0043043),4/158,0.0006508160707344692,0.0446170572936852,0,0,11.17786561264822,82.01516880317187,RPS28;RPL10;RPL36AL;RPL34
GO_Biological_Process_2023,Cellular Response To Cytokine Stimulus (GO:0071345),5/308,0.0010074203659695,0.0571739660254869,0,0,7.204620462046204,49.71449148326954,STAT4;CXCR4;IRAK3;IL7R;ZFP36L2
GO_Biological_Process_2023,Regulation Of Lymphocyte Differentiation (GO:0045619),2/19,0.0010193089566942,0.0571739660254869,0,0,48.85539215686274,336.54673838088314,PRDM1;ZFP36L2
GO_Biological_Process_2023,Macromolecule Biosynthetic Process (GO:0009059),4/183,0.0011247330416914,0.0578300238936356,0,0,9.604566431867864,65.21701887984831,RPS28;RPL10;RPL36AL;RPL34
GO_Biological_Process_2023,Fc-gamma Receptor Signaling Pathway (GO:0038094),2/24,0.0016321249773357,0.0774631623858594,0,0,37.74242424242424,242.22606459531664,FYN;CD247
GO_Biological_Process_2023,Regulation Of B Cell Activation (GO:0050864),2/25,0.0017712212130127,0.0780602491734896,0,0,36.09963768115942,228.73040961874747,MZB1;ZFP36L2
GO_Biological_Process_2023,Positive Regulation Of T Cell Activation (GO:0050870),3/107,0.0024307608837506,0.0937362165796333,0,0,12.180441898527006,73.32079059873531,RHOH;HLA-DRA;B2M
GO_Biological_Process_2023,Regulation Of DNA-templated Transcription (GO:0006355),12/1922,0.002279630018278,0.0937362165796333,0,0,2.982639845687517,18.145611663572435,KLF12;BTG1;JUND;SUB1;STAT4;ARID5B;RHOH;PRDM1;ETS1;JUNB;SKAP1;ZFP36L2
GO_Biological_Process_2023,Translation (GO:0006412),4/234,0.0027591860396461,0.1001422227330399,0,0,7.455576559546314,43.93436735075478,RPS28;RPL10;RPL36AL;RPL34
GO_Biological_Process_2023,Negative Regulation Of Mitotic Cell Cycle (GO:0045930),2/34,0.0032650074009337,0.1119171981320072,0,0,25.934895833333332,148.46413612460563,BTG1;ZFP36L2
GO_Biological_Process_2023,Regulation Of Memory T Cell Differentiation (GO:0043380),1/9,0.0222805591236868,0.1277093418742355,0,0,50.87244897959184,193.52086993316271,HLA-DRA
GO_Biological_Process_2023,Peptidyl-Cysteine Modification (GO:0018198),1/9,0.0222805591236868,0.1277093418742355,0,0,50.87244897959184,193.52086993316271,S100A8
GO_Biological_Process_2023,Regulation Of Receptor Binding (GO:1900120),1/9,0.0222805591236868,0.1277093418742355,0,0,50.87244897959184,193.52086993316271,B2M
GO_Biological_Process_2023,Regulation Of Store-Operated Calcium Entry (GO:2001256),1/9,0.0222805591236868,0.1277093418742355,0,0,50.87244897959184,193.52086993316271,SARAF
GO_Biological_Process_2023,Myelin Maintenance (GO:0043217),1/9,0.0222805591236868,0.1277093418742355,0,0,50.87244897959184,193.52086993316271,CXCR4
GO_Biological_Process_2023,Regulation Of Actin Filament-Based Movement (GO:1903115),1/9,0.0222805591236868,0.1277093418742355,0,0,50.87244897959184,193.52086993316271,PDE4B
GO_Biological_Process_2023,Regulation Of Cell-Cell Adhesion Mediated By Integrin (GO:0033632),1/9,0.0222805591236868,0.1277093418742355,0,0,50.87244897959184,193.52086993316271,SKAP1
GO_Biological_Process_2023,Positive Regulation Of DNA-binding Transcription Factor Activity (GO:0051091),3/246,0.0235721321928733,0.1277093418742355,0,0,5.1765169424743895,19.399981318373513,ARID5B;IRAK3;S100A8
GO_Biological_Process_2023,Establishment Of Epithelial Cell Apical/Basal Polarity (GO:0045198),1/10,0.024725948817258,0.1277093418742355,0,0,45.21768707482993,167.3010120823387,EZR
GO_Biological_Process_2023,Positive Regulation Of Integrin Activation (GO:0033625),1/10,0.024725948817258,0.1277093418742355,0,0,45.21768707482993,167.3010120823387,SKAP1
GO_Biological_Process_2023,Negative Regulation Of Response To Cytokine Stimulus (GO:0060761),1/10,0.024725948817258,0.1277093418742355,0,0,45.21768707482993,167.3010120823387,IRAK3
GO_Biological_Process_2023,Protein auto-ADP-ribosylation (GO:0070213),1/10,0.024725948817258,0.1277093418742355,0,0,45.21768707482993,167.3010120823387,PARP8
GO_Biological_Process_2023,Dosage Compensation (GO:0007549),1/9,0.0222805591236868,0.1277093418742355,0,0,50.87244897959184,193.52086993316271,SMCHD1
GO_Biological_Process_2023,Negative Regulation Of Receptor Binding (GO:1900121),1/9,0.0222805591236868,0.1277093418742355,0,0,50.87244897959184,193.52086993316271,B2M
GO_Biological_Process_2023,Positive Regulation Of Adaptive Immune Response (GO:0002821),1/8,0.0198291614511851,0.1277093418742355,0,0,58.142857142857146,227.9549801512961,SKAP1
GO_Biological_Process_2023,Regulation Of High Voltage-Gated Calcium Channel Activity (GO:1901841),1/9,0.0222805591236868,0.1277093418742355,0,0,50.87244897959184,193.52086993316271,PDE4B
GO_Biological_Process_2023,Positive Regulation Of Binding (GO:0051099),2/91,0.0217736102157896,0.1277093418742355,0,0,9.298220973782772,35.5848177883064,SUB1;B2M
GO_Biological_Process_2023,Inflammatory Response (GO:0006954),3/236,0.0211645739967374,0.1277093418742355,0,0,5.401424527440416,20.82479543874002,CD96;CXCR4;S100A8
GO_Biological_Process_2023,Regulation Of Endothelial Cell Migration (GO:0010594),2/88,0.0204505278871254,0.1277093418742355,0,0,9.624031007751938,37.43504172973695,ETS1;GLUL
GO_Biological_Process_2023,Negative Regulation Of Chromosome Organization (GO:2001251),1/8,0.0198291614511851,0.1277093418742355,0,0,58.142857142857146,227.9549801512961,SUB1
GO_Biological_Process_2023,Positive Regulation Of Early Endosome To Late Endosome Transport (GO:2000643),1/8,0.0198291614511851,0.1277093418742355,0,0,58.142857142857146,227.9549801512961,EZR
GO_Biological_Process_2023,Constitutive Heterochromatin Formation (GO:0140719),1/8,0.0198291614511851,0.1277093418742355,0,0,58.142857142857146,227.9549801512961,SMCHD1
GO_Biological_Process_2023,Regulation Of Respiratory Burst (GO:0060263),1/10,0.024725948817258,0.1277093418742355,0,0,45.21768707482993,167.3010120823387,JCHAIN
GO_Biological_Process_2023,Regulation Of Protein Localization To Early Endosome (GO:1902965),1/8,0.0198291614511851,0.1277093418742355,0,0,58.142857142857146,227.9549801512961,EZR
GO_Biological_Process_2023,Astral Microtubule Organization (GO:0030953),1/8,0.0198291614511851,0.1277093418742355,0,0,58.142857142857146,227.9549801512961,EZR
GO_Biological_Process_2023,Interleukin-12-Mediated Signaling Pathway (GO:0035722),1/8,0.0198291614511851,0.1277093418742355,0,0,58.142857142857146,227.9549801512961,STAT4
GO_Biological_Process_2023,Positive Regulation Of Respiratory Burst (GO:0060267),1/8,0.0198291614511851,0.1277093418742355,0,0,58.142857142857146,227.9549801512961,JCHAIN
GO_Biological_Process_2023,Positive Regulation Of Protein Localization To Endosome (GO:1905668),1/8,0.0198291614511851,0.1277093418742355,0,0,58.142857142857146,227.9549801512961,EZR
GO_Biological_Process_2023,T-helper 1 Type Immune Response (GO:0042088),1/9,0.0222805591236868,0.1277093418742355,0,0,50.87244897959184,193.52086993316271,STAT4
GO_Biological_Process_2023,Cellular Response To Interleukin-12 (GO:0071349),1/10,0.024725948817258,0.1277093418742355,0,0,45.21768707482993,167.3010120823387,STAT4
GO_Biological_Process_2023,Regulation Of Leukocyte Cell-Cell Adhesion (GO:1903037),1/11,0.0271653448579923,0.1277093418742355,0,0,40.69387755102041,146.73452100035948,SKAP1
GO_Biological_Process_2023,Regulation Of Calcium Ion Import Across Plasma Membrane (GO:1905664),1/10,0.024725948817258,0.1277093418742355,0,0,45.21768707482993,167.3010120823387,FYN
GO_Biological_Process_2023,snRNA Transcription (GO:0009301),1/12,0.029598761568907,0.1277093418742355,0,0,36.99257884972171,130.2147194065139,ELL2
GO_Biological_Process_2023,Negative Regulation Of Cell Cycle Phase Transition (GO:1901988),1/12,0.029598761568907,0.1277093418742355,0,0,36.99257884972171,130.2147194065139,ZFP36L2
GO_Biological_Process_2023,Response To Iron Ion (GO:0010039),1/12,0.029598761568907,0.1277093418742355,0,0,36.99257884972171,130.2147194065139,B2M
GO_Biological_Process_2023,"Positive Regulation Of CD4-positive, Alpha-Beta T Cell Activation (GO:2000516)",1/12,0.029598761568907,0.1277093418742355,0,0,36.99257884972171,130.2147194065139,HLA-DRA
GO_Biological_Process_2023,Cellular Component Maintenance (GO:0043954),1/12,0.029598761568907,0.1277093418742355,0,0,36.99257884972171,130.2147194065139,FYN
GO_Biological_Process_2023,Nuclear Body Organization (GO:0030575),1/12,0.029598761568907,0.1277093418742355,0,0,36.99257884972171,130.2147194065139,ETS1
GO_Biological_Process_2023,Negative Regulation Of Stem Cell Differentiation (GO:2000737),1/12,0.029598761568907,0.1277093418742355,0,0,36.99257884972171,130.2147194065139,ZFP36L2
GO_Biological_Process_2023,MyD88-dependent Toll-Like Receptor Signaling Pathway (GO:0002755),1/12,0.029598761568907,0.1277093418742355,0,0,36.99257884972171,130.2147194065139,IRAK3
GO_Biological_Process_2023,Positive Regulation Of Transcription By RNA Polymerase II (GO:0045944),6/938,0.0287215817895903,0.1277093418742355,0,0,2.7825790089738587,9.878451715439809,JUND;STAT4;ETS1;JUNB;ELL2;SKAP1
GO_Biological_Process_2023,Negative Regulation Of MAPK Cascade (GO:0043409),2/105,0.0283980432384044,0.1277093418742355,0,0,8.028721682847896,28.593770697553435,IRAK3;EZR
GO_Biological_Process_2023,Positive Regulation Of Vasculature Development (GO:1904018),2/104,0.0279010087799889,0.1277093418742355,0,0,8.107843137254902,29.018720027145317,BTG1;ETS1
GO_Biological_Process_2023,Positive Regulation Of Inflammatory Response (GO:0050729),2/104,0.0279010087799889,0.1277093418742355,0,0,8.107843137254902,29.018720027145317,ETS1;S100A8
GO_Biological_Process_2023,Cellular Component Assembly (GO:0022607),3/260,0.0271834437181377,0.1277093418742355,0,0,4.891050583657588,17.632957208337984,CD247;EZR;JCHAIN
GO_Biological_Process_2023,Positive Regulation Of Cellular Senescence (GO:2000774),1/10,0.024725948817258,0.1277093418742355,0,0,45.21768707482993,167.3010120823387,B2M
GO_Biological_Process_2023,Positive Regulation Of Cytoplasmic Transport (GO:1903651),1/11,0.0271653448579923,0.1277093418742355,0,0,40.69387755102041,146.73452100035948,EZR
GO_Biological_Process_2023,Regulation Of T-helper 17 Cell Differentiation (GO:2000319),1/11,0.0271653448579923,0.1277093418742355,0,0,40.69387755102041,146.73452100035948,JUNB
GO_Biological_Process_2023,"Regulation Of CD4-positive, Alpha-Beta T Cell Differentiation (GO:0043370)",1/11,0.0271653448579923,0.1277093418742355,0,0,40.69387755102041,146.73452100035948,HLA-DRA
GO_Biological_Process_2023,Cellular Response To UV-B (GO:0071493),1/11,0.0271653448579923,0.1277093418742355,0,0,40.69387755102041,146.73452100035948,CRIP1
GO_Biological_Process_2023,Regulation Of Response To Oxidative Stress (GO:1902882),1/11,0.0271653448579923,0.1277093418742355,0,0,40.69387755102041,146.73452100035948,MCTP1
GO_Biological_Process_2023,Melanocyte Differentiation (GO:0030318),1/11,0.0271653448579923,0.1277093418742355,0,0,40.69387755102041,146.73452100035948,LRMDA
GO_Biological_Process_2023,Neurotransmitter Uptake (GO:0001504),1/11,0.0271653448579923,0.1277093418742355,0,0,40.69387755102041,146.73452100035948,SLC38A1
GO_Biological_Process_2023,Positive Regulation Of Protein Localization To Early Endosome (GO:1902966),1/8,0.0198291614511851,0.1277093418742355,0,0,58.142857142857146,227.9549801512961,EZR
GO_Biological_Process_2023,Negative Regulation Of Reactive Oxygen Species Biosynthetic Process (GO:1903427),1/11,0.0271653448579923,0.1277093418742355,0,0,40.69387755102041,146.73452100035948,FYN
GO_Biological_Process_2023,Glutamine Family Amino Acid Biosynthetic Process (GO:0009084),1/11,0.0271653448579923,0.1277093418742355,0,0,40.69387755102041,146.73452100035948,GLUL
GO_Biological_Process_2023,Hemopoiesis (GO:0030097),2/101,0.0264315192050235,0.1277093418742355,0,0,8.35479797979798,30.35463590957481,IL7R;ZFP36L2
GO_Biological_Process_2023,Cytokine-Mediated Signaling Pathway (GO:0019221),3/257,0.0263859606329028,0.1277093418742355,0,0,4.9495727927626065,17.991316996729047,STAT4;IRAK3;IL7R
GO_Biological_Process_2023,Regulation Of Organelle Organization (GO:0033043),2/100,0.025948961945953,0.1277093418742355,0,0,8.44047619047619,30.82144266223132,EZR;S100A8
GO_Biological_Process_2023,snRNA Transcription By RNA Polymerase II (GO:0042795),1/10,0.024725948817258,0.1277093418742355,0,0,45.21768707482993,167.3010120823387,ELL2
GO_Biological_Process_2023,Dosage Compensation By Inactivation Of X Chromosome (GO:0009048),1/11,0.0271653448579923,0.1277093418742355,0,0,40.69387755102041,146.73452100035948,SMCHD1
GO_Biological_Process_2023,Negative Regulation Of Protein-Containing Complex Disassembly (GO:0043242),1/8,0.0198291614511851,0.1277093418742355,0,0,58.142857142857146,227.9549801512961,IRAK3
GO_Biological_Process_2023,Integrin Activation (GO:0033622),1/8,0.0198291614511851,0.1277093418742355,0,0,58.142857142857146,227.9549801512961,MZB1
GO_Biological_Process_2023,Regulation Of Fibroblast Apoptotic Process (GO:2000269),1/8,0.0198291614511851,0.1277093418742355,0,0,58.142857142857146,227.9549801512961,BTG1
GO_Biological_Process_2023,Response To Granulocyte Macrophage Colony-Stimulating Factor (GO:0097012),1/5,0.0124387771927725,0.1277093418742355,0,0,101.76530612244898,446.4379351400606,ZFP36L2
GO_Biological_Process_2023,Chemokine (C-X-C Motif) Ligand 12 Signaling Pathway (GO:0038146),1/5,0.0124387771927725,0.1277093418742355,0,0,101.76530612244898,446.4379351400606,CXCR4
GO_Biological_Process_2023,"Positive Regulation Of CD4-positive, CD25-positive, Alpha-Beta Regulatory T Cell Differentiation (GO:0032831)",1/5,0.0124387771927725,0.1277093418742355,0,0,101.76530612244898,446.4379351400606,HLA-DRA
GO_Biological_Process_2023,Cellular Response To Granulocyte Macrophage Colony-Stimulating Factor Stimulus (GO:0097011),1/5,0.0124387771927725,0.1277093418742355,0,0,101.76530612244898,446.4379351400606,ZFP36L2
GO_Biological_Process_2023,Regulation Of Relaxation Of Cardiac Muscle (GO:1901897),1/5,0.0124387771927725,0.1277093418742355,0,0,101.76530612244898,446.4379351400606,PDE4B
GO_Biological_Process_2023,Positive Regulation Of Receptor Binding (GO:1900122),1/5,0.0124387771927725,0.1277093418742355,0,0,101.76530612244898,446.4379351400606,B2M
GO_Biological_Process_2023,Negative Regulation Of Relaxation Of Muscle (GO:1901078),1/5,0.0124387771927725,0.1277093418742355,0,0,101.76530612244898,446.4379351400606,PDE4B
GO_Biological_Process_2023,T-helper 1 Cell Differentiation (GO:0045063),1/5,0.0124387771927725,0.1277093418742355,0,0,101.76530612244898,446.4379351400606,STAT4
GO_Biological_Process_2023,Regulation Of Glutamate Receptor Signaling Pathway (GO:1900449),1/5,0.0124387771927725,0.1277093418742355,0,0,101.76530612244898,446.4379351400606,FYN
GO_Biological_Process_2023,Glutamate Catabolic Process (GO:0006538),1/5,0.0124387771927725,0.1277093418742355,0,0,101.76530612244898,446.4379351400606,GLUL
GO_Biological_Process_2023,Glutamine Transport (GO:0006868),1/8,0.0198291614511851,0.1277093418742355,0,0,58.142857142857146,227.9549801512961,SLC38A1
GO_Biological_Process_2023,Negative Regulation Of Immune Response (GO:0050777),2/66,0.0118650634107129,0.1277093418742355,0,0,12.946614583333334,57.4073222604629,IRAK3;FYN
GO_Biological_Process_2023,Regulation Of Cell-Matrix Adhesion (GO:0001952),2/65,0.0115237618661231,0.1277093418742355,0,0,13.15277777777778,58.70537343689256,FYN;SKAP1
GO_Biological_Process_2023,Response To Peptidoglycan (GO:0032494),1/5,0.0124387771927725,0.1277093418742355,0,0,101.76530612244898,446.4379351400606,IRAK3
GO_Biological_Process_2023,Negative Regulation Of Transcription By RNA Polymerase II (GO:0000122),6/763,0.0115184459140006,0.1277093418742355,0,0,3.4573675993755253,15.433016630470917,KLF12;JUND;RPL10;ARID5B;PRDM1;EZR
GO_Biological_Process_2023,Regulation Of T Cell Activation (GO:0050863),2/62,0.0105265894654256,0.1277093418742355,0,0,13.8125,62.9000654557375,HLA-DRA;B2M
GO_Biological_Process_2023,Regulation Of Transcription By RNA Polymerase II (GO:0006357),11/2028,0.0102456573676094,0.1277093418742355,0,0,2.5076973926750825,11.487514332939837,KLF12;JUND;RPL10;SUB1;STAT4;ARID5B;PRDM1;EZR;ETS1;JUNB;SKAP1
GO_Biological_Process_2023,Positive Regulation Of Protein Binding (GO:0032092),2/59,0.0095700107879558,0.1277093418742355,0,0,14.541666666666666,67.6059670933825,SUB1;B2M
GO_Biological_Process_2023,RNA Catabolic Process (GO:0006401),2/57,0.0089551608364968,0.1277093418742355,0,0,15.071969696969695,71.07225417227201,ISG20;ZFP36L2
GO_Biological_Process_2023,Response To Lipopolysaccharide (GO:0032496),3/159,0.0073518981608103,0.1277093418742355,0,0,8.099018003273322,39.78882929168961,PDE4B;IRAK3;S100A8
GO_Biological_Process_2023,Ribosome Assembly (GO:0042255),2/50,0.0069502994651568,0.1277093418742355,0,0,17.276041666666668,85.84414194819459,RPS28;RPL10
GO_Biological_Process_2023,Cytoplasmic Microtubule Organization (GO:0031122),2/48,0.0064203200925442,0.1277093418742355,0,0,18.028985507246375,91.01549863791358,FYN;EZR
GO_Biological_Process_2023,Gene Expression (GO:0010467),4/296,0.0063441099310217,0.1277093418742355,0,0,5.854079809410363,29.622981296475203,RPS28;RPL10;RPL36AL;RPL34
GO_Biological_Process_2023,Regulation Of T Cell Differentiation (GO:0045580),2/47,0.0061625935135597,0.1277093418742355,0,0,18.430555555555557,93.79784429037068,RHOH;PRDM1
GO_Biological_Process_2023,Regulation Of Interleukin-2 Production (GO:0032663),2/47,0.0061625935135597,0.1277093418742355,0,0,18.430555555555557,93.79784429037068,PDE4B;EZR
GO_Biological_Process_2023,T Cell Differentiation (GO:0030217),2/46,0.0059097422436154,0.1277093418742355,0,0,18.85037878787879,96.72417883948356,RHOH;ZFP36L2
GO_Biological_Process_2023,Negative Regulation Of Immune System Process (GO:0002683),2/44,0.0054187658916089,0.1277093418742355,0,0,19.75,103.05327189846057,TSC22D3;IRAK3
GO_Biological_Process_2023,Response To Peptide (GO:1901652),2/38,0.0040654672914765,0.1277093418742355,0,0,23.04861111111111,126.88782669928548,STAT4;FYN
GO_Biological_Process_2023,Positive Regulation Of T Cell Differentiation (GO:0045582),2/64,0.0111869000374274,0.1277093418742355,0,0,13.365591397849462,60.051760195429935,RHOH;HLA-DRA
GO_Biological_Process_2023,Positive Regulation Of Cell-Cell Adhesion Mediated By Integrin (GO:0033634),1/5,0.0124387771927725,0.1277093418742355,0,0,101.76530612244898,446.4379351400606,SKAP1
GO_Biological_Process_2023,Gamma-Aminobutyric Acid Metabolic Process (GO:0009448),1/5,0.0124387771927725,0.1277093418742355,0,0,101.76530612244898,446.4379351400606,SLC38A1
GO_Biological_Process_2023,Response To Molecule Of Bacterial Origin (GO:0002237),2/69,0.0129153730394233,0.1277093418742355,0,0,12.36504975124378,53.77976800231812,IRAK3;S100A8
GO_Biological_Process_2023,Positive Regulation Of Memory T Cell Differentiation (GO:0043382),1/8,0.0198291614511851,0.1277093418742355,0,0,58.142857142857146,227.9549801512961,HLA-DRA
GO_Biological_Process_2023,Embryonic Brain Development (GO:1990403),1/5,0.0124387771927725,0.1277093418742355,0,0,101.76530612244898,446.4379351400606,RPL10
GO_Biological_Process_2023,Regulation Of Dendritic Spine Maintenance (GO:1902950),1/8,0.0198291614511851,0.1277093418742355,0,0,58.142857142857146,227.9549801512961,FYN
GO_Biological_Process_2023,Sphingosine-1-Phosphate Receptor Signaling Pathway (GO:0003376),1/8,0.0198291614511851,0.1277093418742355,0,0,58.142857142857146,227.9549801512961,EZR
GO_Biological_Process_2023,Calcium-Mediated Signaling (GO:0019722),2/85,0.0191627543313976,0.1277093418742355,0,0,9.973393574297187,39.44264488506008,MCTP1;CXCR4
GO_Biological_Process_2023,Regulation Of Alpha-Beta T Cell Differentiation (GO:0046637),1/7,0.0173717414502839,0.1277093418742355,0,0,67.83673469387755,274.9362107684438,PRDM1
GO_Biological_Process_2023,Negative Regulation Of T Cell Apoptotic Process (GO:0070233),1/7,0.0173717414502839,0.1277093418742355,0,0,67.83673469387755,274.9362107684438,TSC22D3
GO_Biological_Process_2023,Response To Epinephrine (GO:0071871),1/7,0.0173717414502839,0.1277093418742355,0,0,67.83673469387755,274.9362107684438,PDE4B
GO_Biological_Process_2023,"Regulation Of CD4-positive, Alpha-Beta T Cell Activation (GO:2000514)",1/7,0.0173717414502839,0.1277093418742355,0,0,67.83673469387755,274.9362107684438,HLA-DRA
GO_Biological_Process_2023,"Positive Regulation Of CD4-positive, Alpha-Beta T Cell Differentiation (GO:0043372)",1/7,0.0173717414502839,0.1277093418742355,0,0,67.83673469387755,274.9362107684438,HLA-DRA
GO_Biological_Process_2023,Cellular Response To Epinephrine Stimulus (GO:0071872),1/7,0.0173717414502839,0.1277093418742355,0,0,67.83673469387755,274.9362107684438,PDE4B
GO_Biological_Process_2023,Regulation Of Protein Localization To Nucleolus (GO:1904749),1/7,0.0173717414502839,0.1277093418742355,0,0,67.83673469387755,274.9362107684438,GLUL
GO_Biological_Process_2023,Leukocyte Aggregation (GO:0070486),1/7,0.0173717414502839,0.1277093418742355,0,0,67.83673469387755,274.9362107684438,S100A8
GO_Biological_Process_2023,Establishment Of Centrosome Localization (GO:0051660),1/7,0.0173717414502839,0.1277093418742355,0,0,67.83673469387755,274.9362107684438,EZR
GO_Biological_Process_2023,Regulation Of Endothelial Cell Differentiation (GO:0045601),1/8,0.0198291614511851,0.1277093418742355,0,0,58.142857142857146,227.9549801512961,BTG1
GO_Biological_Process_2023,Negative Regulation Of Cellular Component Organization (GO:0051129),2/79,0.0166954776383478,0.1277093418742355,0,0,10.75378787878788,44.01113934918422,MCTP1;IRAK3
GO_Biological_Process_2023,Neutrophil Chemotaxis (GO:0030593),2/70,0.013274200561286,0.1277093418742355,0,0,12.182598039215684,52.65237170003471,PDE4B;S100A8
GO_Biological_Process_2023,Second-Messenger-Mediated Signaling (GO:0019932),2/72,0.0140048037295852,0.1277093418742355,0,0,11.833333333333334,50.50886613536219,MCTP1;CXCR4
GO_Biological_Process_2023,Granulocyte Chemotaxis (GO:0071621),2/73,0.0143765335552059,0.1277093418742355,0,0,11.666079812206572,49.48935398933624,PDE4B;S100A8
GO_Biological_Process_2023,Negative Regulation Of Cell Population Proliferation (GO:0008285),4/379,0.014731626177976,0.1277093418742355,0,0,4.539130434782609,19.14495667998926,BTG1;PPP2R5C;ETS1;B2M
GO_Biological_Process_2023,Gland Development (GO:0048732),2/74,0.0147525184670075,0.1277093418742355,0,0,11.50347222222222,48.50256694786101,ARID5B;EZR
GO_Biological_Process_2023,Regulation Of Angiogenesis (GO:0045765),3/205,0.0146085682573081,0.1277093418742355,0,0,6.240151674741942,26.371798625884296,BTG1;ETS1;GLUL
GO_Biological_Process_2023,Negative Regulation Of p38MAPK Cascade (GO:1903753),1/6,0.0149082847993736,0.1277093418742355,0,0,81.40816326530613,342.3895623444841,EZR
GO_Biological_Process_2023,Nose Development (GO:0043584),1/6,0.0149082847993736,0.1277093418742355,0,0,81.40816326530613,342.3895623444841,SMCHD1
GO_Biological_Process_2023,Definitive Hemopoiesis (GO:0060216),1/6,0.0149082847993736,0.1277093418742355,0,0,81.40816326530613,342.3895623444841,ZFP36L2
GO_Biological_Process_2023,Positive Regulation Of Fibroblast Apoptotic Process (GO:2000271),1/6,0.0149082847993736,0.1277093418742355,0,0,81.40816326530613,342.3895623444841,BTG1
GO_Biological_Process_2023,Neutrophil Migration (GO:1990266),2/77,0.0159057771109684,0.1277093418742355,0,0,11.041666666666666,45.72434655376785,PDE4B;S100A8
GO_Biological_Process_2023,Regulation Of mRNA Stability (GO:0043488),2/74,0.0147525184670075,0.1277093418742355,0,0,11.50347222222222,48.50256694786101,TENT5C;ZFP36L2
GO_Biological_Process_2023,Positive Regulation Of Immune Response (GO:0050778),2/80,0.0170965192165363,0.1277093418742355,0,0,10.615384615384617,43.19273030214829,HLA-DRA;SKAP1
GO_Biological_Process_2023,Positive Regulation Of Metabolic Process (GO:0009893),2/108,0.029910476921657,0.1281580851434889,0,0,7.800314465408805,27.37556602865933,CXCR4;JCHAIN
GO_Biological_Process_2023,Regulation Of Macrophage Cytokine Production (GO:0010935),1/13,0.032026213248763,0.1283128154187454,0,0,33.90816326530612,116.6847899929619,IRAK3
GO_Biological_Process_2023,Positive Regulation Of Double-Strand Break Repair Via Nonhomologous End Joining (GO:2001034),1/13,0.032026213248763,0.1283128154187454,0,0,33.90816326530612,116.6847899929619,SMCHD1
GO_Biological_Process_2023,Regulation Of T-helper 17 Type Immune Response (GO:2000316),1/13,0.032026213248763,0.1283128154187454,0,0,33.90816326530612,116.6847899929619,JUNB
GO_Biological_Process_2023,Negative Regulation Of Toll-Like Receptor Signaling Pathway (GO:0034122),1/13,0.032026213248763,0.1283128154187454,0,0,33.90816326530612,116.6847899929619,IRAK3
GO_Biological_Process_2023,T Cell Differentiation In Thymus (GO:0033077),1/13,0.032026213248763,0.1283128154187454,0,0,33.90816326530612,116.6847899929619,ZFP36L2
GO_Biological_Process_2023,Glomerular Filtration (GO:0003094),1/13,0.032026213248763,0.1283128154187454,0,0,33.90816326530612,116.6847899929619,JCHAIN
GO_Biological_Process_2023,Negative Regulation Of Interleukin-12 Production (GO:0032695),1/13,0.032026213248763,0.1283128154187454,0,0,33.90816326530612,116.6847899929619,IRAK3
GO_Biological_Process_2023,T Cell Activation (GO:0042110),2/111,0.0314544847807964,0.1283128154187454,0,0,7.584480122324159,26.23633758944092,RHOH;CD247
GO_Biological_Process_2023,Response To Lipid (GO:0033993),2/110,0.0309363405009925,0.1283128154187454,0,0,7.655092592592593,26.607752397672005,IRAK3;S100A8
GO_Biological_Process_2023,Regulation Of Immune Effector Process (GO:0002697),1/13,0.032026213248763,0.1283128154187454,0,0,33.90816326530612,116.6847899929619,HLA-DRA
GO_Biological_Process_2023,Dendritic Cell Chemotaxis (GO:0002407),1/15,0.0368632785936063,0.1302763015761562,0,0,29.06122448979592,95.91771596133704,CXCR4
GO_Biological_Process_2023,Regulation Of Protein Catabolic Process (GO:0042176),2/122,0.0373773734873947,0.1302763015761562,0,0,6.885416666666667,22.63022834568748,IRAK3;EZR
GO_Biological_Process_2023,Modulation Of Chemical Synaptic Transmission (GO:0050804),2/123,0.0379356146383277,0.1302763015761562,0,0,6.828168044077135,22.34084340876857,SLC38A1;MCTP1
GO_Biological_Process_2023,Regulation Of DNA Metabolic Process (GO:0051052),2/124,0.038497072428768,0.1302763015761562,0,0,6.771857923497268,22.05711333941876,SUB1;IL7R
GO_Biological_Process_2023,Positive Regulation Of Defense Response (GO:0031349),2/124,0.038497072428768,0.1302763015761562,0,0,6.771857923497268,22.05711333941876,ETS1;S100A8
GO_Biological_Process_2023,Response To Cytokine (GO:0034097),2/125,0.0390617280151273,0.1302763015761562,0,0,6.716463414634147,21.77888563484535,CXCR4;IRAK3
GO_Biological_Process_2023,Negative Regulation Of Inflammatory Response To Antigenic Stimulus (GO:0002862),1/16,0.0392729207344652,0.1302763015761562,0,0,27.122448979591837,87.80133530116419,FYN
GO_Biological_Process_2023,Regulation Of Natural Killer Cell Activation (GO:0032814),1/16,0.0392729207344652,0.1302763015761562,0,0,27.122448979591837,87.80133530116419,PRDM1
GO_Biological_Process_2023,Protein Kinase A Signaling (GO:0010737),1/16,0.0392729207344652,0.1302763015761562,0,0,27.122448979591837,87.80133530116419,EZR
GO_Biological_Process_2023,"Regulation Of Synaptic Transmission, GABAergic (GO:0032228)",1/16,0.0392729207344652,0.1302763015761562,0,0,27.122448979591837,87.80133530116419,SLC38A1
GO_Biological_Process_2023,Response To UV-B (GO:0010224),1/16,0.0392729207344652,0.1302763015761562,0,0,27.122448979591837,87.80133530116419,CRIP1
GO_Biological_Process_2023,Dicarboxylic Acid Catabolic Process (GO:0043649),1/16,0.0392729207344652,0.1302763015761562,0,0,27.122448979591837,87.80133530116419,GLUL
GO_Biological_Process_2023,Negative Regulation Of Cytokine Production Involved In Immune Response (GO:0002719),1/16,0.0392729207344652,0.1302763015761562,0,0,27.122448979591837,87.80133530116419,IRAK3
GO_Biological_Process_2023,Renal Filtration (GO:0097205),1/15,0.0368632785936063,0.1302763015761562,0,0,29.06122448979592,95.91771596133704,JCHAIN
GO_Biological_Process_2023,Heart Process (GO:0003015),1/16,0.0392729207344652,0.1302763015761562,0,0,27.122448979591837,87.80133530116419,FYN
GO_Biological_Process_2023,Cellular Response To Corticosteroid Stimulus (GO:0071384),1/15,0.0368632785936063,0.1302763015761562,0,0,29.06122448979592,95.91771596133704,ZFP36L2
GO_Biological_Process_2023,Regulation Of Cytoskeleton Organization (GO:0051493),2/114,0.0330295301793541,0.1302763015761562,0,0,7.380208333333333,25.169117576656426,EZR;S100A8
GO_Biological_Process_2023,Alpha-Beta T Cell Activation (GO:0046631),1/15,0.0368632785936063,0.1302763015761562,0,0,29.06122448979592,95.91771596133704,CD247
GO_Biological_Process_2023,Positive Regulation Of Transmembrane Transport (GO:0034764),1/15,0.0368632785936063,0.1302763015761562,0,0,29.06122448979592,95.91771596133704,SLC38A1
GO_Biological_Process_2023,Positive Regulation Of Heterotypic Cell-Cell Adhesion (GO:0034116),1/14,0.0344477141698711,0.1302763015761562,0,0,31.298273155416013,105.4223689491126,SKAP1
GO_Biological_Process_2023,Establishment Of Apical/Basal Cell Polarity (GO:0035089),1/14,0.0344477141698711,0.1302763015761562,0,0,31.298273155416013,105.4223689491126,EZR
GO_Biological_Process_2023,MHC Class II Protein Complex Assembly (GO:0002399),1/14,0.0344477141698711,0.1302763015761562,0,0,31.298273155416013,105.4223689491126,HLA-DRA
GO_Biological_Process_2023,"Positive Regulation Of Nuclear-Transcribed mRNA Catabolic Process, Deadenylation-Dependent Decay (GO:1900153)",1/14,0.0344477141698711,0.1302763015761562,0,0,31.298273155416013,105.4223689491126,ZFP36L2
GO_Biological_Process_2023,Peptide Antigen Assembly With MHC Class II Protein Complex (GO:0002503),1/14,0.0344477141698711,0.1302763015761562,0,0,31.298273155416013,105.4223689491126,HLA-DRA
GO_Biological_Process_2023,Regulation Of Integrin Activation (GO:0033623),1/14,0.0344477141698711,0.1302763015761562,0,0,31.298273155416013,105.4223689491126,SKAP1
GO_Biological_Process_2023,Polarized Epithelial Cell Differentiation (GO:0030859),1/14,0.0344477141698711,0.1302763015761562,0,0,31.298273155416013,105.4223689491126,EZR
GO_Biological_Process_2023,Regulation Of Protein Binding (GO:0043393),2/118,0.0351769550093681,0.1302763015761562,0,0,7.124281609195402,23.8475644827565,SUB1;B2M
GO_Biological_Process_2023,Ribonucleoprotein Complex Biogenesis (GO:0022613),2/118,0.0351769550093681,0.1302763015761562,0,0,7.124281609195402,23.8475644827565,RPS28;GLUL
GO_Biological_Process_2023,Positive Regulation Of Angiogenesis (GO:0045766),2/119,0.0357221395623332,0.1302763015761562,0,0,7.063034188034188,23.53392133172277,BTG1;ETS1
GO_Biological_Process_2023,3'-UTR-mediated mRNA Destabilization (GO:0061158),1/15,0.0368632785936063,0.1302763015761562,0,0,29.06122448979592,95.91771596133704,ZFP36L2
GO_Biological_Process_2023,Glutamine Family Amino Acid Catabolic Process (GO:0009065),1/15,0.0368632785936063,0.1302763015761562,0,0,29.06122448979592,95.91771596133704,GLUL
GO_Biological_Process_2023,Microvillus Assembly (GO:0030033),1/14,0.0344477141698711,0.1302763015761562,0,0,31.298273155416013,105.4223689491126,EZR
GO_Biological_Process_2023,Regulation Of Receptor Signaling Pathway Via STAT (GO:1904892),1/17,0.0416766547912334,0.13053043657965,0,0,25.426020408163264,80.79916728086499,IL7R
GO_Biological_Process_2023,Ribosomal Small Subunit Assembly (GO:0000028),1/17,0.0416766547912334,0.13053043657965,0,0,25.426020408163264,80.79916728086499,RPS28
GO_Biological_Process_2023,Positive Regulation Of Cell Adhesion Mediated By Integrin (GO:0033630),1/17,0.0416766547912334,0.13053043657965,0,0,25.426020408163264,80.79916728086499,SKAP1
GO_Biological_Process_2023,Cellular Response To Glucocorticoid Stimulus (GO:0071385),1/17,0.0416766547912334,0.13053043657965,0,0,25.426020408163264,80.79916728086499,ZFP36L2
GO_Biological_Process_2023,Positive Regulation Of Regulatory T Cell Differentiation (GO:0045591),1/17,0.0416766547912334,0.13053043657965,0,0,25.426020408163264,80.79916728086499,HLA-DRA
GO_Biological_Process_2023,Positive Regulation Of Glial Cell Differentiation (GO:0045687),1/17,0.0416766547912334,0.13053043657965,0,0,25.426020408163264,80.79916728086499,CXCR4
GO_Biological_Process_2023,Filopodium Assembly (GO:0046847),1/17,0.0416766547912334,0.13053043657965,0,0,25.426020408163264,80.79916728086499,EZR
GO_Biological_Process_2023,Positive Regulation Of Leukocyte Adhesion To Vascular Endothelial Cell (GO:1904996),1/17,0.0416766547912334,0.13053043657965,0,0,25.426020408163264,80.79916728086499,ETS1
GO_Biological_Process_2023,Negative Regulation Of DNA-templated Transcription (GO:0045892),6/1025,0.0415985673611745,0.13053043657965,0,0,2.533366045142297,8.055317541941623,KLF12;JUND;RPL10;ARID5B;PRDM1;EZR
GO_Biological_Process_2023,Protein-Containing Complex Organization (GO:0043933),2/126,0.0396295625933463,0.13053043657965,0,0,6.661962365591398,21.50601306379386,CD247;JCHAIN
GO_Biological_Process_2023,Regulation Of Inflammatory Response To Antigenic Stimulus (GO:0002861),1/17,0.0416766547912334,0.13053043657965,0,0,25.426020408163264,80.79916728086499,FYN
GO_Biological_Process_2023,DNA Catabolic Process (GO:0006308),1/19,0.0464664552952436,0.1321189074523747,0,0,22.598639455782312,69.35578082800635,ISG20
GO_Biological_Process_2023,Positive Regulation Of Alpha-Beta T Cell Activation (GO:0046635),1/19,0.0464664552952436,0.1321189074523747,0,0,22.598639455782312,69.35578082800635,HLA-DRA
GO_Biological_Process_2023,Regulation Of B Cell Differentiation (GO:0045577),1/19,0.0464664552952436,0.1321189074523747,0,0,22.598639455782312,69.35578082800635,ZFP36L2
GO_Biological_Process_2023,Cellular Response To Lectin (GO:1990858),1/19,0.0464664552952436,0.1321189074523747,0,0,22.598639455782312,69.35578082800635,FYN
GO_Biological_Process_2023,Cellular Response To Catecholamine Stimulus (GO:0071870),1/19,0.0464664552952436,0.1321189074523747,0,0,22.598639455782312,69.35578082800635,PDE4B
GO_Biological_Process_2023,Regulation Of Protein-Containing Complex Disassembly (GO:0043244),1/19,0.0464664552952436,0.1321189074523747,0,0,22.598639455782312,69.35578082800635,IRAK3
GO_Biological_Process_2023,Interleukin-1-Mediated Signaling Pathway (GO:0070498),1/19,0.0464664552952436,0.1321189074523747,0,0,22.598639455782312,69.35578082800635,IRAK3
GO_Biological_Process_2023,Immunoglobulin Production Involved In Immunoglobulin-Mediated Immune Response (GO:0002381),1/19,0.0464664552952436,0.1321189074523747,0,0,22.598639455782312,69.35578082800635,HLA-DRA
GO_Biological_Process_2023,Regulation Of Early Endosome To Late Endosome Transport (GO:2000641),1/19,0.0464664552952436,0.1321189074523747,0,0,22.598639455782312,69.35578082800635,EZR
GO_Biological_Process_2023,Stimulatory C-type Lectin Receptor Signaling Pathway (GO:0002223),1/19,0.0464664552952436,0.1321189074523747,0,0,22.598639455782312,69.35578082800635,FYN
GO_Biological_Process_2023,Negative Regulation Of T Cell Receptor Signaling Pathway (GO:0050860),1/18,0.0440744949316926,0.1321189074523747,0,0,23.92917166866747,74.70385911458476,EZR
GO_Biological_Process_2023,Negative Regulation Of Cellular Process (GO:0048523),4/537,0.0448594283208756,0.1321189074523747,0,0,3.1677950893221305,9.83353760359004,BTG1;PPP2R5C;ETS1;TENT5C
GO_Biological_Process_2023,Regulation Of Adaptive Immune Response (GO:0002819),1/18,0.0440744949316926,0.1321189074523747,0,0,23.92917166866747,74.70385911458476,SKAP1
GO_Biological_Process_2023,Dendritic Cell Migration (GO:0036336),1/18,0.0440744949316926,0.1321189074523747,0,0,23.92917166866747,74.70385911458476,CXCR4
GO_Biological_Process_2023,Peptide Antigen Assembly With MHC Protein Complex (GO:0002501),1/18,0.0440744949316926,0.1321189074523747,0,0,23.92917166866747,74.70385911458476,HLA-DRA
GO_Biological_Process_2023,Antigen Processing And Presentation Of Peptide Antigen Via MHC Class I (GO:0002474),1/18,0.0440744949316926,0.1321189074523747,0,0,23.92917166866747,74.70385911458476,B2M
GO_Biological_Process_2023,Regulation Of Lymphocyte Proliferation (GO:0050670),1/18,0.0440744949316926,0.1321189074523747,0,0,23.92917166866747,74.70385911458476,MZB1
GO_Biological_Process_2023,T-helper Cell Differentiation (GO:0042093),1/18,0.0440744949316926,0.1321189074523747,0,0,23.92917166866747,74.70385911458476,STAT4
GO_Biological_Process_2023,Negative Regulation Of Nervous System Development (GO:0051961),1/18,0.0440744949316926,0.1321189074523747,0,0,23.92917166866747,74.70385911458476,B2M
GO_Biological_Process_2023,Establishment Of Epithelial Cell Polarity (GO:0090162),1/19,0.0464664552952436,0.1321189074523747,0,0,22.598639455782312,69.35578082800635,EZR
GO_Biological_Process_2023,Positive Regulation Of Epithelial Cell Differentiation (GO:0030858),1/20,0.0488525499820277,0.1339645481729383,0,0,21.40816326530612,64.63014669364038,BTG1
GO_Biological_Process_2023,Regulation Of Calcium Ion Transmembrane Transport (GO:1903169),1/20,0.0488525499820277,0.1339645481729383,0,0,21.40816326530612,64.63014669364038,FYN
GO_Biological_Process_2023,Regulation Of Toll-Like Receptor Signaling Pathway (GO:0034121),1/20,0.0488525499820277,0.1339645481729383,0,0,21.40816326530612,64.63014669364038,IRAK3
GO_Biological_Process_2023,Response To Fibroblast Growth Factor (GO:0071774),1/20,0.0488525499820277,0.1339645481729383,0,0,21.40816326530612,64.63014669364038,ZFP36L2
GO_Biological_Process_2023,Glutamate Metabolic Process (GO:0006536),1/20,0.0488525499820277,0.1339645481729383,0,0,21.40816326530612,64.63014669364038,GLUL
GO_Biological_Process_2023,Fc-gamma Receptor Signaling Pathway Involved In Phagocytosis (GO:0038096),1/20,0.0488525499820277,0.1339645481729383,0,0,21.40816326530612,64.63014669364038,FYN
GO_Biological_Process_2023,Protein-Containing Complex Assembly (GO:0065003),3/328,0.0486716039595096,0.1339645481729383,0,0,3.8543371522094927,11.65034880880839,MZB1;CD247;JCHAIN
GO_Biological_Process_2023,Nuclear-Transcribed mRNA poly(A) Tail Shortening (GO:0000289),1/20,0.0488525499820277,0.1339645481729383,0,0,21.40816326530612,64.63014669364038,CNOT6L
GO_Biological_Process_2023,Regulation Of Cell Adhesion (GO:0030155),2/144,0.0503731921946642,0.1368425684955499,0,0,5.812206572769953,17.368594502988177,CXCR4;CYTIP
GO_Biological_Process_2023,Negative Regulation Of Double-Strand Break Repair Via Homologous Recombination (GO:2000042),1/21,0.0512327930672156,0.1368425684955499,0,0,20.336734693877553,60.42807445408675,SMCHD1
GO_Biological_Process_2023,Negative Regulation Of Interleukin-2 Production (GO:0032703),1/21,0.0512327930672156,0.1368425684955499,0,0,20.336734693877553,60.42807445408675,EZR
GO_Biological_Process_2023,Antigen Processing And Presentation Of Endogenous Peptide Antigen (GO:0002483),1/21,0.0512327930672156,0.1368425684955499,0,0,20.336734693877553,60.42807445408675,HLA-DRA
GO_Biological_Process_2023,Regulation Of Neurotransmitter Transport (GO:0051588),1/21,0.0512327930672156,0.1368425684955499,0,0,20.336734693877553,60.42807445408675,MCTP1
GO_Biological_Process_2023,Regulation Of Cell-Substrate Junction Assembly (GO:0090109),1/21,0.0512327930672156,0.1368425684955499,0,0,20.336734693877553,60.42807445408675,FYN
GO_Biological_Process_2023,Fc Receptor Mediated Stimulatory Signaling Pathway (GO:0002431),1/22,0.0536071985992547,0.1413488954518812,0,0,19.367346938775512,56.67024999786951,FYN
GO_Biological_Process_2023,Ribosomal Large Subunit Assembly (GO:0000027),1/22,0.0536071985992547,0.1413488954518812,0,0,19.367346938775512,56.67024999786951,RPL10
GO_Biological_Process_2023,Negative Regulation Of Cell Development (GO:0010721),1/22,0.0536071985992547,0.1413488954518812,0,0,19.367346938775512,56.67024999786951,B2M
GO_Biological_Process_2023,protein-RNA Complex Assembly (GO:0022618),2/150,0.0541636617411515,0.1422084225288956,0,0,5.574887387387387,16.25495026487543,RPS28;RPL10
GO_Biological_Process_2023,Positive Regulation Of Protein Targeting To Membrane (GO:0090314),1/23,0.0559757805878795,0.1439044025946735,0,0,18.4860853432282,53.29235549319145,FYN
GO_Biological_Process_2023,Negative Regulation Of Oxidative Stress-Induced Cell Death (GO:1903202),1/23,0.0559757805878795,0.1439044025946735,0,0,18.4860853432282,53.29235549319145,FYN
GO_Biological_Process_2023,"Regulation Of Nuclear-Transcribed mRNA Catabolic Process, Deadenylation-Dependent Decay (GO:1900151)",1/23,0.0559757805878795,0.1439044025946735,0,0,18.4860853432282,53.29235549319145,ZFP36L2
GO_Biological_Process_2023,Positive Regulation Of NF-kappaB Transcription Factor Activity (GO:0051092),2/152,0.0554491879134877,0.1439044025946735,0,0,5.5,15.907585158720506,IRAK3;S100A8
GO_Biological_Process_2023,Negative Regulation Of Neuron Differentiation (GO:0045665),1/23,0.0559757805878795,0.1439044025946735,0,0,18.4860853432282,53.29235549319145,B2M
GO_Biological_Process_2023,Positive Regulation Of Response To External Stimulus (GO:0032103),2/155,0.0573976675935087,0.1457282882956564,0,0,5.391339869281046,15.407110195493528,ETS1;S100A8
GO_Biological_Process_2023,Ribosome Biogenesis (GO:0042254),2/155,0.0573976675935087,0.1457282882956564,0,0,5.391339869281046,15.407110195493528,RPS28;GLUL
GO_Biological_Process_2023,Regulation Of Cysteine-Type Endopeptidase Activity (GO:2000116),1/24,0.0583385530130099,0.1457282882956564,0,0,17.68145519077196,50.24171555062859,FYN
GO_Biological_Process_2023,ERK1 And ERK2 Cascade (GO:0070371),1/24,0.0583385530130099,0.1457282882956564,0,0,17.68145519077196,50.24171555062859,ZFP36L2
GO_Biological_Process_2023,Regulation Of Heterotypic Cell-Cell Adhesion (GO:0034114),1/24,0.0583385530130099,0.1457282882956564,0,0,17.68145519077196,50.24171555062859,SKAP1
GO_Biological_Process_2023,Amyloid Fibril Formation (GO:1990000),1/24,0.0583385530130099,0.1457282882956564,0,0,17.68145519077196,50.24171555062859,B2M
GO_Biological_Process_2023,Negative Regulation Of Antigen Receptor-Mediated Signaling Pathway (GO:0050858),1/24,0.0583385530130099,0.1457282882956564,0,0,17.68145519077196,50.24171555062859,EZR
GO_Biological_Process_2023,Positive Regulation Of Interleukin-2 Production (GO:0032743),1/25,0.0606955298241754,0.1486077059583977,0,0,16.943877551020407,47.47480020477031,PDE4B
GO_Biological_Process_2023,Regulation Of Double-Strand Break Repair Via Nonhomologous End Joining (GO:2001032),1/25,0.0606955298241754,0.1486077059583977,0,0,16.943877551020407,47.47480020477031,SMCHD1
GO_Biological_Process_2023,Response To dsRNA (GO:0043331),1/25,0.0606955298241754,0.1486077059583977,0,0,16.943877551020407,47.47480020477031,IRAK3
GO_Biological_Process_2023,Response To Zinc Ion (GO:0010043),1/25,0.0606955298241754,0.1486077059583977,0,0,16.943877551020407,47.47480020477031,CRIP1
GO_Biological_Process_2023,Regulation Of Cell Size (GO:0008361),1/25,0.0606955298241754,0.1486077059583977,0,0,16.943877551020407,47.47480020477031,EZR
GO_Biological_Process_2023,Positive Regulation Of Erythrocyte Differentiation (GO:0045648),1/26,0.0630467249540435,0.1490414915580263,0,0,16.26530612244898,44.95534064809558,ETS1
GO_Biological_Process_2023,Regulation Of Cardiac Muscle Cell Contraction (GO:0086004),1/26,0.0630467249540435,0.1490414915580263,0,0,16.26530612244898,44.95534064809558,PDE4B
GO_Biological_Process_2023,Dendritic Spine Organization (GO:0097061),1/26,0.0630467249540435,0.1490414915580263,0,0,16.26530612244898,44.95534064809558,FYN
GO_Biological_Process_2023,Response To Glucocorticoid (GO:0051384),1/26,0.0630467249540435,0.1490414915580263,0,0,16.26530612244898,44.95534064809558,ZFP36L2
GO_Biological_Process_2023,Cellular Response To Xenobiotic Stimulus (GO:0071466),1/26,0.0630467249540435,0.1490414915580263,0,0,16.26530612244898,44.95534064809558,PDE4B
GO_Biological_Process_2023,Antigen Processing And Presentation Of Exogenous Peptide Antigen Via MHC Class II (GO:0019886),1/26,0.0630467249540435,0.1490414915580263,0,0,16.26530612244898,44.95534064809558,HLA-DRA
GO_Biological_Process_2023,L-amino Acid Transport (GO:0015807),1/26,0.0630467249540435,0.1490414915580263,0,0,16.26530612244898,44.95534064809558,SLC38A1
GO_Biological_Process_2023,Fc Receptor Signaling Pathway (GO:0038093),1/26,0.0630467249540435,0.1490414915580263,0,0,16.26530612244898,44.95534064809558,CD247
GO_Biological_Process_2023,Regulation Of Transcription By RNA Polymerase III (GO:0006359),1/26,0.0630467249540435,0.1490414915580263,0,0,16.26530612244898,44.95534064809558,ZFP36L2
GO_Biological_Process_2023,Negative Regulation Of Neurogenesis (GO:0050768),1/27,0.0653921522588676,0.1522526714857408,0,0,15.638932496075354,42.652889831563165,B2M
GO_Biological_Process_2023,Regulation Of Immunoglobulin Production (GO:0002637),1/27,0.0653921522588676,0.1522526714857408,0,0,15.638932496075354,42.652889831563165,MZB1
GO_Biological_Process_2023,Cellular Response To Epidermal Growth Factor Stimulus (GO:0071364),1/27,0.0653921522588676,0.1522526714857408,0,0,15.638932496075354,42.652889831563165,ZFP36L2
GO_Biological_Process_2023,Cortical Cytoskeleton Organization (GO:0030865),1/27,0.0653921522588676,0.1522526714857408,0,0,15.638932496075354,42.652889831563165,EZR
GO_Biological_Process_2023,Regulation Of Chemotaxis (GO:0050920),1/28,0.0677318256109869,0.1542086214095163,0,0,15.058956916099774,40.54171043527237,CXCR4
GO_Biological_Process_2023,Establishment Of Endothelial Barrier (GO:0061028),1/28,0.0677318256109869,0.1542086214095163,0,0,15.058956916099774,40.54171043527237,EZR
GO_Biological_Process_2023,Vascular Endothelial Growth Factor Receptor Signaling Pathway (GO:0048010),1/28,0.0677318256109869,0.1542086214095163,0,0,15.058956916099774,40.54171043527237,FYN
GO_Biological_Process_2023,Antigen Processing And Presentation Of Peptide Antigen Via MHC Class II (GO:0002495),1/28,0.0677318256109869,0.1542086214095163,0,0,15.058956916099774,40.54171043527237,HLA-DRA
GO_Biological_Process_2023,Regulation Of Protein Localization To Membrane (GO:1905475),1/28,0.0677318256109869,0.1542086214095163,0,0,15.058956916099774,40.54171043527237,FYN
GO_Biological_Process_2023,Regulation Of Protein Targeting To Membrane (GO:0090313),1/28,0.0677318256109869,0.1542086214095163,0,0,15.058956916099774,40.54171043527237,FYN
GO_Biological_Process_2023,Defense Response To Fungus (GO:0050832),1/29,0.0700657588372089,0.1566325116034707,0,0,14.520408163265309,38.5999069065122,S100A8
GO_Biological_Process_2023,Positive Regulation Of Endopeptidase Activity (GO:0010950),1/29,0.0700657588372089,0.1566325116034707,0,0,14.520408163265309,38.5999069065122,FYN
GO_Biological_Process_2023,Regulation Of Voltage-Gated Calcium Channel Activity (GO:1901385),1/29,0.0700657588372089,0.1566325116034707,0,0,14.520408163265309,38.5999069065122,PDE4B
GO_Biological_Process_2023,RNA Biosynthetic Process (GO:0032774),1/29,0.0700657588372089,0.1566325116034707,0,0,14.520408163265309,38.5999069065122,ZFP36L2
GO_Biological_Process_2023,Integrated Stress Response Signaling (GO:0140467),1/29,0.0700657588372089,0.1566325116034707,0,0,14.520408163265309,38.5999069065122,JUNB
GO_Biological_Process_2023,Immunoglobulin Mediated Immune Response (GO:0016064),1/30,0.0723939657090184,0.1589575688343927,0,0,14.019000703729768,36.80874147674154,HLA-DRA
GO_Biological_Process_2023,Innate Immune Response Activating Cell Surface Receptor Signaling Pathway (GO:0002220),1/30,0.0723939657090184,0.1589575688343927,0,0,14.019000703729768,36.80874147674154,FYN
GO_Biological_Process_2023,Protein Palmitoylation (GO:0018345),1/30,0.0723939657090184,0.1589575688343927,0,0,14.019000703729768,36.80874147674154,GLUL
GO_Biological_Process_2023,Regulation Of Vasculature Development (GO:1901342),1/30,0.0723939657090184,0.1589575688343927,0,0,14.019000703729768,36.80874147674154,ETS1
GO_Biological_Process_2023,Response To Epidermal Growth Factor (GO:0070849),1/30,0.0723939657090184,0.1589575688343927,0,0,14.019000703729768,36.80874147674154,ZFP36L2
GO_Biological_Process_2023,Negative Regulation Of Cytokine Production (GO:0001818),2/178,0.073094899664538,0.1599274932376595,0,0,4.681344696969697,12.246382216533686,IRAK3;EZR
GO_Biological_Process_2023,Receptor Signaling Pathway Via STAT (GO:0097696),1/31,0.0747164600026276,0.1600696382695182,0,0,13.551020408163266,35.15209038871121,STAT4
GO_Biological_Process_2023,Cellular Response To cAMP (GO:0071320),1/31,0.0747164600026276,0.1600696382695182,0,0,13.551020408163266,35.15209038871121,EZR
GO_Biological_Process_2023,Leukocyte Cell-Cell Adhesion (GO:0007159),1/31,0.0747164600026276,0.1600696382695182,0,0,13.551020408163266,35.15209038871121,EZR
GO_Biological_Process_2023,Glutamine Family Amino Acid Metabolic Process (GO:0009064),1/31,0.0747164600026276,0.1600696382695182,0,0,13.551020408163266,35.15209038871121,SLC38A1
GO_Biological_Process_2023,Toll-Like Receptor Signaling Pathway (GO:0002224),1/31,0.0747164600026276,0.1600696382695182,0,0,13.551020408163266,35.15209038871121,IRAK3
GO_Biological_Process_2023,Antigen Processing And Presentation Of Exogenous Peptide Antigen (GO:0002478),1/31,0.0747164600026276,0.1600696382695182,0,0,13.551020408163266,35.15209038871121,HLA-DRA
GO_Biological_Process_2023,Negative Regulation Of Fat Cell Differentiation (GO:0045599),1/32,0.0770332554327668,0.1638948917310936,0,0,13.113232389730086,33.61600807740255,ZFP36L2
GO_Biological_Process_2023,Respiratory System Development (GO:0060541),1/32,0.0770332554327668,0.1638948917310936,0,0,13.113232389730086,33.61600807740255,SMCHD1
GO_Biological_Process_2023,Positive Regulation Of T Cell Mediated Cytotoxicity (GO:0001916),1/33,0.0793443657059371,0.1648332445810208,0,0,12.70280612244898,32.18837516559274,HLA-DRA
GO_Biological_Process_2023,Regulation Of Sprouting Angiogenesis (GO:1903670),1/33,0.0793443657059371,0.1648332445810208,0,0,12.70280612244898,32.18837516559274,GLUL
GO_Biological_Process_2023,Inositol Lipid-Mediated Signaling (GO:0048017),1/33,0.0793443657059371,0.1648332445810208,0,0,12.70280612244898,32.18837516559274,EZR
GO_Biological_Process_2023,Negative Regulation Of Endocytosis (GO:0045806),1/33,0.0793443657059371,0.1648332445810208,0,0,12.70280612244898,32.18837516559274,MCTP1
GO_Biological_Process_2023,Actin Filament Bundle Assembly (GO:0051017),1/33,0.0793443657059371,0.1648332445810208,0,0,12.70280612244898,32.18837516559274,EZR
GO_Biological_Process_2023,Negative Regulation Of Double-Strand Break Repair (GO:2000780),1/33,0.0793443657059371,0.1648332445810208,0,0,12.70280612244898,32.18837516559274,SMCHD1
GO_Biological_Process_2023,Actin Filament Bundle Organization (GO:0061572),1/33,0.0793443657059371,0.1648332445810208,0,0,12.70280612244898,32.18837516559274,EZR
GO_Biological_Process_2023,Positive Regulation Of Immunoglobulin Production (GO:0002639),1/34,0.0816498044624026,0.1651735388632865,0,0,12.317254174397032,30.85861216573232,MZB1
GO_Biological_Process_2023,Negative Regulation Of Interleukin-6 Production (GO:0032715),1/34,0.0816498044624026,0.1651735388632865,0,0,12.317254174397032,30.85861216573232,IRAK3
GO_Biological_Process_2023,Positive Regulation Of Neuron Death (GO:1901216),1/34,0.0816498044624026,0.1651735388632865,0,0,12.317254174397032,30.85861216573232,FYN
GO_Biological_Process_2023,Regulation Of Metal Ion Transport (GO:0010959),1/34,0.0816498044624026,0.1651735388632865,0,0,12.317254174397032,30.85861216573232,B2M
GO_Biological_Process_2023,Regulation Of Neuronal Synaptic Plasticity (GO:0048168),1/34,0.0816498044624026,0.1651735388632865,0,0,12.317254174397032,30.85861216573232,MCTP1
GO_Biological_Process_2023,Cellular Response To Amyloid-Beta (GO:1904646),1/34,0.0816498044624026,0.1651735388632865,0,0,12.317254174397032,30.85861216573232,FYN
GO_Biological_Process_2023,Cellular Response To Hydrogen Peroxide (GO:0070301),1/34,0.0816498044624026,0.1651735388632865,0,0,12.317254174397032,30.85861216573232,FYN
GO_Biological_Process_2023,Regulation Of T Cell Receptor Signaling Pathway (GO:0050856),1/34,0.0816498044624026,0.1651735388632865,0,0,12.317254174397032,30.85861216573232,EZR
GO_Biological_Process_2023,Response To Exogenous dsRNA (GO:0043330),1/35,0.0839495853612937,0.1655726819994389,0,0,11.95438175270108,29.61744503578088,IRAK3
GO_Biological_Process_2023,Regulation Of Signal Transduction (GO:0009966),2/193,0.0839939213384511,0.1655726819994389,0,0,4.31042757417103,10.676975859773291,MZB1;FYN
GO_Biological_Process_2023,Regulation Of Cardiac Muscle Contraction (GO:0055117),1/35,0.0839495853612937,0.1655726819994389,0,0,11.95438175270108,29.61744503578088,PDE4B
GO_Biological_Process_2023,Cellular Response To Amino Acid Stimulus (GO:0071230),1/35,0.0839495853612937,0.1655726819994389,0,0,11.95438175270108,29.61744503578088,FYN
GO_Biological_Process_2023,Liver Development (GO:0001889),1/35,0.0839495853612937,0.1655726819994389,0,0,11.95438175270108,29.61744503578088,ARID5B
GO_Biological_Process_2023,Neutral Amino Acid Transport (GO:0015804),1/35,0.0839495853612937,0.1655726819994389,0,0,11.95438175270108,29.61744503578088,SLC38A1
GO_Biological_Process_2023,Regulation Of Cellular Senescence (GO:2000772),1/35,0.0839495853612937,0.1655726819994389,0,0,11.95438175270108,29.61744503578088,B2M
GO_Biological_Process_2023,Transcription By RNA Polymerase II (GO:0006366),2/192,0.0832523822519886,0.1655726819994389,0,0,4.333333333333333,10.772140317863167,SUB1;ELL2
GO_Biological_Process_2023,Regulation Of Erythrocyte Differentiation (GO:0045646),1/36,0.0862437219743075,0.1678623863033053,0,0,11.612244897959185,28.456712045041098,ETS1
GO_Biological_Process_2023,Positive Regulation Of Myeloid Cell Differentiation (GO:0045639),1/36,0.0862437219743075,0.1678623863033053,0,0,11.612244897959185,28.456712045041098,ETS1
GO_Biological_Process_2023,Receptor Signaling Pathway Via JAK-STAT (GO:0007259),1/36,0.0862437219743075,0.1678623863033053,0,0,11.612244897959185,28.456712045041098,STAT4
GO_Biological_Process_2023,Regulation Of T Cell Mediated Cytotoxicity (GO:0001914),1/36,0.0862437219743075,0.1678623863033053,0,0,11.612244897959185,28.456712045041098,HLA-DRA
GO_Biological_Process_2023,Regulation Of Cellular Component Biogenesis (GO:0044087),1/37,0.0885322278902676,0.168075029563985,0,0,11.289115646258503,27.36920368672352,EZR
GO_Biological_Process_2023,Protein Acylation (GO:0043543),1/37,0.0885322278902676,0.168075029563985,0,0,11.289115646258503,27.36920368672352,GLUL
GO_Biological_Process_2023,Regulation Of p38MAPK Cascade (GO:1900744),1/37,0.0885322278902676,0.168075029563985,0,0,11.289115646258503,27.36920368672352,EZR
GO_Biological_Process_2023,Positive Regulation Of Receptor Signaling Pathway Via STAT (GO:1904894),1/37,0.0885322278902676,0.168075029563985,0,0,11.289115646258503,27.36920368672352,IL7R
GO_Biological_Process_2023,RNA Stabilization (GO:0043489),1/37,0.0885322278902676,0.168075029563985,0,0,11.289115646258503,27.36920368672352,TENT5C
GO_Biological_Process_2023,Negative Regulation Of Stress-Activated MAPK Cascade (GO:0032873),1/37,0.0885322278902676,0.168075029563985,0,0,11.289115646258503,27.36920368672352,EZR
GO_Biological_Process_2023,Positive Regulation Of Immune Effector Process (GO:0002699),1/37,0.0885322278902676,0.168075029563985,0,0,11.289115646258503,27.36920368672352,HLA-DRA
GO_Biological_Process_2023,Positive Regulation Of Receptor Signaling Pathway Via JAK-STAT (GO:0046427),1/37,0.0885322278902676,0.168075029563985,0,0,11.289115646258503,27.36920368672352,IL7R
GO_Biological_Process_2023,Maturation Of SSU-rRNA (GO:0030490),1/38,0.0908151166313484,0.1687738763901868,0,0,10.983452840595698,26.34852930034076,RPS28
GO_Biological_Process_2023,Response To cAMP (GO:0051591),1/38,0.0908151166313484,0.1687738763901868,0,0,10.983452840595698,26.34852930034076,EZR
GO_Biological_Process_2023,Regulation Of Neurotransmitter Secretion (GO:0046928),1/38,0.0908151166313484,0.1687738763901868,0,0,10.983452840595698,26.34852930034076,MCTP1
GO_Biological_Process_2023,Response To Transforming Growth Factor Beta (GO:0071559),1/38,0.0908151166313484,0.1687738763901868,0,0,10.983452840595698,26.34852930034076,ZFP36L2
GO_Biological_Process_2023,Positive Regulation Of Production Of Molecular Mediator Of Immune Response (GO:0002702),1/38,0.0908151166313484,0.1687738763901868,0,0,10.983452840595698,26.34852930034076,MZB1
GO_Biological_Process_2023,Positive Regulation Of Myoblast Differentiation (GO:0045663),1/38,0.0908151166313484,0.1687738763901868,0,0,10.983452840595698,26.34852930034076,BTG1
GO_Biological_Process_2023,Import Into Cell (GO:0098657),1/38,0.0908151166313484,0.1687738763901868,0,0,10.983452840595698,26.34852930034076,SLC38A1
GO_Biological_Process_2023,Defense Response To Bacterium (GO:0042742),2/204,0.0922833915179302,0.1694336632795679,0,0,4.073432343234323,9.706545652223769,S100A8;JCHAIN
GO_Biological_Process_2023,Positive Regulation Of Intrinsic Apoptotic Signaling Pathway (GO:2001244),1/39,0.0930924017046572,0.1694336632795679,0,0,10.693877551020408,25.38900533231373,S100A8
GO_Biological_Process_2023,Positive Regulation Of Lymphocyte Differentiation (GO:0045621),1/39,0.0930924017046572,0.1694336632795679,0,0,10.693877551020408,25.38900533231373,RHOH
GO_Biological_Process_2023,Negative Regulation Of Transport (GO:0051051),1/39,0.0930924017046572,0.1694336632795679,0,0,10.693877551020408,25.38900533231373,MCTP1
GO_Biological_Process_2023,"Nuclear-Transcribed mRNA Catabolic Process, Deadenylation-Dependent Decay (GO:0000288)",1/39,0.0930924017046572,0.1694336632795679,0,0,10.693877551020408,25.38900533231373,CNOT6L
GO_Biological_Process_2023,Carboxylic Acid Transmembrane Transport (GO:1905039),1/39,0.0930924017046572,0.1694336632795679,0,0,10.693877551020408,25.38900533231373,SLC38A1
GO_Biological_Process_2023,Regulation Of Receptor-Mediated Endocytosis (GO:0048259),1/39,0.0930924017046572,0.1694336632795679,0,0,10.693877551020408,25.38900533231373,B2M
GO_Biological_Process_2023,Negative Regulation Of Mitotic Cell Cycle Phase Transition (GO:1901991),1/40,0.0953640965755271,0.1705497031510152,0,0,10.419152276295131,24.485561288951835,ZFP36L2
GO_Biological_Process_2023,L-alpha-amino Acid Transmembrane Transport (GO:1902475),1/40,0.0953640965755271,0.1705497031510152,0,0,10.419152276295131,24.485561288951835,SLC38A1
GO_Biological_Process_2023,Regulation Of Cytokine-Mediated Signaling Pathway (GO:0001959),1/40,0.0953640965755271,0.1705497031510152,0,0,10.419152276295131,24.485561288951835,IRAK3
GO_Biological_Process_2023,Establishment Or Maintenance Of Epithelial Cell Apical/Basal Polarity (GO:0045197),1/40,0.0953640965755271,0.1705497031510152,0,0,10.419152276295131,24.485561288951835,EZR
GO_Biological_Process_2023,Regulation Of Cell Migration (GO:0030334),3/434,0.0943327759416907,0.1705497031510152,0,0,2.8907044478451893,6.824740962285768,MCTP1;CXCR4;FYN
GO_Biological_Process_2023,Negative Regulation Of Cell Differentiation (GO:0045596),2/207,0.0945848472510804,0.1705497031510152,0,0,4.013211382113822,9.464187818681536,TENT5C;ZFP36L2
GO_Biological_Process_2023,Negative Regulation Of mRNA Catabolic Process (GO:1902373),1/41,0.0976302146847681,0.1730972484497182,0,0,10.158163265306122,23.633660200289185,TENT5C
GO_Biological_Process_2023,Negative Regulation Of DNA Recombination (GO:0045910),1/41,0.0976302146847681,0.1730972484497182,0,0,10.158163265306122,23.633660200289185,SMCHD1
GO_Biological_Process_2023,Regulation Of Amide Metabolic Process (GO:0034248),1/41,0.0976302146847681,0.1730972484497182,0,0,10.158163265306122,23.633660200289185,RPL10
GO_Biological_Process_2023,Positive Regulation Of T Cell Mediated Immunity (GO:0002711),1/43,0.1021457742794159,0.1745815588099712,0,0,9.673469387755102,22.068611238785657,HLA-DRA
GO_Biological_Process_2023,Ephrin Receptor Signaling Pathway (GO:0048013),1/43,0.1021457742794159,0.1745815588099712,0,0,9.673469387755102,22.068611238785657,FYN
GO_Biological_Process_2023,Regulation Of Cellular Component Size (GO:0032535),1/43,0.1021457742794159,0.1745815588099712,0,0,9.673469387755102,22.068611238785657,EZR
GO_Biological_Process_2023,Positive Regulation Of Cell-Matrix Adhesion (GO:0001954),1/43,0.1021457742794159,0.1745815588099712,0,0,9.673469387755102,22.068611238785657,SKAP1
GO_Biological_Process_2023,Response To Amyloid-Beta (GO:1904645),1/43,0.1021457742794159,0.1745815588099712,0,0,9.673469387755102,22.068611238785657,FYN
GO_Biological_Process_2023,mRNA Destabilization (GO:0061157),1/43,0.1021457742794159,0.1745815588099712,0,0,9.673469387755102,22.068611238785657,ZFP36L2
GO_Biological_Process_2023,Amino Acid Transmembrane Transport (GO:0003333),1/42,0.0998907694703361,0.1745815588099712,0,0,9.909905425584869,22.829231064333683,SLC38A1
GO_Biological_Process_2023,Learning (GO:0007612),1/43,0.1021457742794159,0.1745815588099712,0,0,9.673469387755102,22.068611238785657,FYN
GO_Biological_Process_2023,Positive Regulation Of Transcription Elongation By RNA Polymerase II (GO:0032968),1/43,0.1021457742794159,0.1745815588099712,0,0,9.673469387755102,22.068611238785657,ELL2
GO_Biological_Process_2023,Positive Regulation Of Receptor-Mediated Endocytosis (GO:0048260),1/43,0.1021457742794159,0.1745815588099712,0,0,9.673469387755102,22.068611238785657,B2M
GO_Biological_Process_2023,Positive Regulation Of miRNA Transcription (GO:1902895),1/43,0.1021457742794159,0.1745815588099712,0,0,9.673469387755102,22.068611238785657,ETS1
GO_Biological_Process_2023,Negative Regulation Of I-kappaB kinase/NF-kappaB Signaling (GO:0043124),1/42,0.0998907694703361,0.1745815588099712,0,0,9.909905425584869,22.829231064333683,RHOH
GO_Biological_Process_2023,mRNA Catabolic Process (GO:0006402),1/43,0.1021457742794159,0.1745815588099712,0,0,9.673469387755102,22.068611238785657,ZFP36L2
GO_Biological_Process_2023,Positive Regulation Of Cytokine-Mediated Signaling Pathway (GO:0001961),1/44,0.1043952424647777,0.1759887010949941,0,0,9.448030374940672,21.34849709415977,CXCR4
GO_Biological_Process_2023,Regulation Of DNA Recombination (GO:0000018),1/44,0.1043952424647777,0.1759887010949941,0,0,9.448030374940672,21.34849709415977,IL7R
GO_Biological_Process_2023,Regulation Of B Cell Proliferation (GO:0030888),1/44,0.1043952424647777,0.1759887010949941,0,0,9.448030374940672,21.34849709415977,MZB1
GO_Biological_Process_2023,Regulation Of Insulin Receptor Signaling Pathway (GO:0046626),1/44,0.1043952424647777,0.1759887010949941,0,0,9.448030374940672,21.34849709415977,MZB1
GO_Biological_Process_2023,Nucleobase-Containing Compound Catabolic Process (GO:0034655),1/44,0.1043952424647777,0.1759887010949941,0,0,9.448030374940672,21.34849709415977,ISG20
GO_Biological_Process_2023,Positive Regulation Of mRNA Catabolic Process (GO:0061014),1/45,0.1066391873529346,0.1783099690969124,0,0,9.232838589981448,20.665901611884028,ZFP36L2
GO_Biological_Process_2023,Negative Regulation Of Response To Biotic Stimulus (GO:0002832),1/45,0.1066391873529346,0.1783099690969124,0,0,9.232838589981448,20.665901611884028,IRAK3
GO_Biological_Process_2023,Regulation Of Stem Cell Differentiation (GO:2000736),1/45,0.1066391873529346,0.1783099690969124,0,0,9.232838589981448,20.665901611884028,ZFP36L2
GO_Biological_Process_2023,Positive Regulation Of Cell-Cell Adhesion (GO:0022409),1/46,0.1088776222085674,0.1791399810738296,0,0,9.02721088435374,20.01811780873028,SKAP1
GO_Biological_Process_2023,Response To Hydrogen Peroxide (GO:0042542),1/46,0.1088776222085674,0.1791399810738296,0,0,9.02721088435374,20.01811780873028,FYN
GO_Biological_Process_2023,Positive Regulation Of Blood Vessel Endothelial Cell Migration (GO:0043536),1/46,0.1088776222085674,0.1791399810738296,0,0,9.02721088435374,20.01811780873028,ETS1
GO_Biological_Process_2023,Regulation Of mRNA Catabolic Process (GO:0061013),1/46,0.1088776222085674,0.1791399810738296,0,0,9.02721088435374,20.01811780873028,ZFP36L2
GO_Biological_Process_2023,B Cell Receptor Signaling Pathway (GO:0050853),1/46,0.1088776222085674,0.1791399810738296,0,0,9.02721088435374,20.01811780873028,IGKC
GO_Biological_Process_2023,Amino Acid Transport (GO:0006865),1/46,0.1088776222085674,0.1791399810738296,0,0,9.02721088435374,20.01811780873028,SLC38A1
GO_Biological_Process_2023,Regulation Of Cell Growth (GO:0001558),2/227,0.1103380372278293,0.1804084623877774,0,0,3.6527777777777777,8.0514767388936,BTG1;S100A8
GO_Biological_Process_2023,Positive Regulation Of Lymphocyte Activation (GO:0051251),1/47,0.1111105603036554,0.1804084623877774,0,0,8.830523513753327,19.4026870705364,HLA-DRA
GO_Biological_Process_2023,Negative Regulation Of Tumor Necrosis Factor Production (GO:0032720),1/47,0.1111105603036554,0.1804084623877774,0,0,8.830523513753327,19.4026870705364,IRAK3
GO_Biological_Process_2023,Cognition (GO:0050890),1/47,0.1111105603036554,0.1804084623877774,0,0,8.830523513753327,19.4026870705364,HLA-DRA
GO_Biological_Process_2023,Response To Organonitrogen Compound (GO:0010243),1/47,0.1111105603036554,0.1804084623877774,0,0,8.830523513753327,19.4026870705364,IRAK3
GO_Biological_Process_2023,Regulation Of Intrinsic Apoptotic Signaling Pathway (GO:2001242),1/48,0.1133380148369131,0.1821082165478525,0,0,8.642205818497612,18.81737166641443,S100A8
GO_Biological_Process_2023,Post-Translational Protein Modification (GO:0043687),1/48,0.1133380148369131,0.1821082165478525,0,0,8.642205818497612,18.81737166641443,PARP8
GO_Biological_Process_2023,Myelination (GO:0042552),1/48,0.1133380148369131,0.1821082165478525,0,0,8.642205818497612,18.81737166641443,CXCR4
GO_Biological_Process_2023,Negative Regulation Of ERK1 And ERK2 Cascade (GO:0070373),1/48,0.1133380148369131,0.1821082165478525,0,0,8.642205818497612,18.81737166641443,EZR
GO_Biological_Process_2023,Intrinsic Apoptotic Signaling Pathway In Response To DNA Damage (GO:0008630),1/49,0.1155599990222406,0.1828218446069807,0,0,8.46173469387755,18.260130793597916,CRIP1
GO_Biological_Process_2023,Negative Regulation Of DNA Metabolic Process (GO:0051053),1/49,0.1155599990222406,0.1828218446069807,0,0,8.46173469387755,18.260130793597916,SUB1
GO_Biological_Process_2023,Neurogenesis (GO:0022008),1/49,0.1155599990222406,0.1828218446069807,0,0,8.46173469387755,18.260130793597916,CXCR4
GO_Biological_Process_2023,Antibacterial Humoral Response (GO:0019731),1/49,0.1155599990222406,0.1828218446069807,0,0,8.46173469387755,18.260130793597916,JCHAIN
GO_Biological_Process_2023,Negative Regulation Of Tumor Necrosis Factor Superfamily Cytokine Production (GO:1903556),1/49,0.1155599990222406,0.1828218446069807,0,0,8.46173469387755,18.260130793597916,IRAK3
GO_Biological_Process_2023,Positive Regulation Of miRNA Metabolic Process (GO:2000630),1/49,0.1155599990222406,0.1828218446069807,0,0,8.46173469387755,18.260130793597916,ETS1
GO_Biological_Process_2023,Regulation Of Epithelial Cell Migration (GO:0010632),1/50,0.1177765260040411,0.1839699153025148,0,0,8.28862973760933,17.7290996615035,GLUL
GO_Biological_Process_2023,Regulation Of Interleukin-12 Production (GO:0032655),1/50,0.1177765260040411,0.1839699153025148,0,0,8.28862973760933,17.7290996615035,IRAK3
GO_Biological_Process_2023,Intracellular Iron Ion Homeostasis (GO:0006879),1/50,0.1177765260040411,0.1839699153025148,0,0,8.28862973760933,17.7290996615035,B2M
GO_Biological_Process_2023,Positive Regulation Of Cell Death (GO:0010942),1/50,0.1177765260040411,0.1839699153025148,0,0,8.28862973760933,17.7290996615035,FYN
GO_Biological_Process_2023,Negative Regulation Of Cell Projection Organization (GO:0031345),1/50,0.1177765260040411,0.1839699153025148,0,0,8.28862973760933,17.7290996615035,FYN
GO_Biological_Process_2023,Negative Regulation Of MAP Kinase Activity (GO:0043407),1/51,0.1199876089220907,0.1864794828839546,0,0,8.122448979591837,17.22257115519733,IRAK3
GO_Biological_Process_2023,Positive Regulation Of Leukocyte Mediated Cytotoxicity (GO:0001912),1/51,0.1199876089220907,0.1864794828839546,0,0,8.122448979591837,17.22257115519733,HLA-DRA
GO_Biological_Process_2023,Regulation Of Inflammatory Response (GO:0050727),2/240,0.1209266562339864,0.1874667007446472,0,0,3.450980392156863,7.290441318878535,ETS1;S100A8
GO_Biological_Process_2023,Negative Regulation Of Innate Immune Response (GO:0045824),1/52,0.1221932608707862,0.1875453780031719,0,0,7.962785114045619,16.738979733033663,IRAK3
GO_Biological_Process_2023,Negative Regulation Of Response To Stimulus (GO:0048585),1/52,0.1221932608707862,0.1875453780031719,0,0,7.962785114045619,16.738979733033663,MCTP1
GO_Biological_Process_2023,Neurotransmitter Transport (GO:0006836),1/52,0.1221932608707862,0.1875453780031719,0,0,7.962785114045619,16.738979733033663,SLC38A1
GO_Biological_Process_2023,Regulation Of Protein Localization To Nucleus (GO:1900180),1/52,0.1221932608707862,0.1875453780031719,0,0,7.962785114045619,16.738979733033663,GLUL
GO_Biological_Process_2023,Protein Homotetramerization (GO:0051289),1/53,0.1243934949128716,0.1876547343795643,0,0,7.809262166405024,16.276887238960814,B2M
GO_Biological_Process_2023,Regulation Of Receptor Signaling Pathway Via JAK-STAT (GO:0046425),1/53,0.1243934949128716,0.1876547343795643,0,0,7.809262166405024,16.276887238960814,IL7R
GO_Biological_Process_2023,Carboxylic Acid Transport (GO:0046942),1/53,0.1243934949128716,0.1876547343795643,0,0,7.809262166405024,16.276887238960814,SLC38A1
GO_Biological_Process_2023,mRNA Stabilization (GO:0048255),1/53,0.1243934949128716,0.1876547343795643,0,0,7.809262166405024,16.276887238960814,TENT5C
GO_Biological_Process_2023,Regulation Of Macromolecule Biosynthetic Process (GO:0010556),1/53,0.1243934949128716,0.1876547343795643,0,0,7.809262166405024,16.276887238960814,RPL10
GO_Biological_Process_2023,Actin Cytoskeleton Reorganization (GO:0031532),1/53,0.1243934949128716,0.1876547343795643,0,0,7.809262166405024,16.276887238960814,EZR
GO_Biological_Process_2023,Negative Regulation Of Viral Genome Replication (GO:0045071),1/53,0.1243934949128716,0.1876547343795643,0,0,7.809262166405024,16.276887238960814,ISG20
GO_Biological_Process_2023,Regulation Of Focal Adhesion Assembly (GO:0051893),1/54,0.1265883240687765,0.1882048095191207,0,0,7.661532537543319,15.834970375184442,FYN
GO_Biological_Process_2023,Negative Regulation Of Protein Catabolic Process (GO:0042177),1/54,0.1265883240687765,0.1882048095191207,0,0,7.661532537543319,15.834970375184442,IRAK3
GO_Biological_Process_2023,Regulation Of Myoblast Differentiation (GO:0045661),1/54,0.1265883240687765,0.1882048095191207,0,0,7.661532537543319,15.834970375184442,BTG1
GO_Biological_Process_2023,Peptidyl-Tyrosine Modification (GO:0018212),1/54,0.1265883240687765,0.1882048095191207,0,0,7.661532537543319,15.834970375184442,FYN
GO_Biological_Process_2023,Ribosomal Large Subunit Biogenesis (GO:0042273),1/54,0.1265883240687765,0.1882048095191207,0,0,7.661532537543319,15.834970375184442,RPL10
GO_Biological_Process_2023,Regulation Of Blood Vessel Endothelial Cell Migration (GO:0043535),1/54,0.1265883240687765,0.1882048095191207,0,0,7.661532537543319,15.834970375184442,ETS1
GO_Biological_Process_2023,Cellular Response To Fibroblast Growth Factor Stimulus (GO:0044344),1/55,0.1287777613922166,0.1905416757290111,0,0,7.519274376417234,15.412009607623004,ZFP36L2
GO_Biological_Process_2023,Response To Peptide Hormone (GO:0043434),1/55,0.1287777613922166,0.1905416757290111,0,0,7.519274376417234,15.412009607623004,STAT4
GO_Biological_Process_2023,Cellular Response To Peptide (GO:1901653),1/56,0.1309618198144747,0.1923891495845974,0,0,7.382189239332097,15.00687933540933,FYN
GO_Biological_Process_2023,"Positive Regulation Of DNA-templated Transcription, Elongation (GO:0032786)",1/56,0.1309618198144747,0.1923891495845974,0,0,7.382189239332097,15.00687933540933,ELL2
GO_Biological_Process_2023,Positive Regulation Of Cellular Metabolic Process (GO:0031325),1/56,0.1309618198144747,0.1923891495845974,0,0,7.382189239332097,15.00687933540933,B2M
GO_Biological_Process_2023,Post-Transcriptional Regulation Of Gene Expression (GO:0010608),1/57,0.1331405122852093,0.19466278691937,0,0,7.25,14.618539131965724,RPL10
GO_Biological_Process_2023,Regulation Of Calcium Ion Transport (GO:0051924),1/57,0.1331405122852093,0.19466278691937,0,0,7.25,14.618539131965724,SARAF
GO_Biological_Process_2023,Positive Regulation Of Type II Interferon Production (GO:0032729),1/58,0.1353138517398134,0.1969071851968512,0,0,7.122448979591836,14.246025949065045,PDE4B
GO_Biological_Process_2023,Regulation Of Neuron Death (GO:1901214),1/58,0.1353138517398134,0.1969071851968512,0,0,7.122448979591836,14.246025949065045,FYN
GO_Biological_Process_2023,Negative Regulation Of Cytokine-Mediated Signaling Pathway (GO:0001960),1/59,0.1374818510452552,0.198656445187172,0,0,6.9992962702322306,13.8884471557023,IRAK3
GO_Biological_Process_2023,Regulation Of miRNA Transcription (GO:1902893),1/59,0.1374818510452552,0.198656445187172,0,0,6.9992962702322306,13.8884471557023,ETS1
GO_Biological_Process_2023,DNA-templated Transcription Initiation (GO:0006352),1/59,0.1374818510452552,0.198656445187172,0,0,6.9992962702322306,13.8884471557023,ZFP36L2
GO_Biological_Process_2023,Positive Regulation Of Organelle Assembly (GO:1902117),1/61,0.1418018805927374,0.2039434972627482,0,0,6.76530612244898,13.214837540593155,CNOT6L
GO_Biological_Process_2023,Negative Regulation Of Viral Process (GO:0048525),1/61,0.1418018805927374,0.2039434972627482,0,0,6.76530612244898,13.214837540593155,ISG20
GO_Biological_Process_2023,Protein Lipidation (GO:0006497),1/62,0.1439539364695556,0.2056008768558237,0,0,6.654064904650385,12.897320592663672,GLUL
GO_Biological_Process_2023,Phosphatidylinositol-Mediated Signaling (GO:0048015),1/62,0.1439539364695556,0.2056008768558237,0,0,6.654064904650385,12.897320592663672,EZR
GO_Biological_Process_2023,Positive Regulation Of Apoptotic Signaling Pathway (GO:2001235),1/62,0.1439539364695556,0.2056008768558237,0,0,6.654064904650385,12.897320592663672,S100A8
GO_Biological_Process_2023,Positive Regulation Of Cysteine-Type Endopeptidase Activity (GO:2001056),1/64,0.1482421941802595,0.2097831050670187,0,0,6.442176870748299,12.297522293260638,FYN
GO_Biological_Process_2023,Negative Regulation Of Cell Death (GO:0060548),1/64,0.1482421941802595,0.2097831050670187,0,0,6.442176870748299,12.297522293260638,FYN
GO_Biological_Process_2023,Regulation Of Secretion By Cell (GO:1903530),1/64,0.1482421941802595,0.2097831050670187,0,0,6.442176870748299,12.297522293260638,MCTP1
GO_Biological_Process_2023,Response To Metal Ion (GO:0010038),1/64,0.1482421941802595,0.2097831050670187,0,0,6.442176870748299,12.297522293260638,CRIP1
GO_Biological_Process_2023,Regulation Of Gene Expression (GO:0010468),5/1127,0.1493222703123391,0.2108280109444239,0,0,1.8645276292335116,3.545676021500938,BTG1;RHOH;EZR;ETS1;CRIP1
GO_Biological_Process_2023,Regulation Of Endocytosis (GO:0030100),1/66,0.1525093979756266,0.2143469215283864,0,0,6.243328100470958,11.740759916332207,MCTP1
GO_Biological_Process_2023,Response To Reactive Oxygen Species (GO:0000302),1/66,0.1525093979756266,0.2143469215283864,0,0,6.243328100470958,11.740759916332207,FYN
GO_Biological_Process_2023,Activation Of Cysteine-Type Endopeptidase Activity Involved In Apoptotic Process (GO:0006919),1/67,0.1546351363099914,0.2153721875920197,0,0,6.148423005565863,11.477180657220888,S100A8
GO_Biological_Process_2023,Regulation Of Neurogenesis (GO:0050767),1/67,0.1546351363099914,0.2153721875920197,0,0,6.148423005565863,11.477180657220888,B2M
GO_Biological_Process_2023,Peptidyl-Tyrosine Phosphorylation (GO:0018108),1/67,0.1546351363099914,0.2153721875920197,0,0,6.148423005565863,11.477180657220888,FYN
GO_Biological_Process_2023,Regulation Of Viral Genome Replication (GO:0045069),1/67,0.1546351363099914,0.2153721875920197,0,0,6.148423005565863,11.477180657220888,ISG20
GO_Biological_Process_2023,Regulation Of Cellular Biosynthetic Process (GO:0031326),1/70,0.1609810482853106,0.2217082740893675,0,0,5.880212954747116,10.740024519792764,RPL10
GO_Biological_Process_2023,Sensory Organ Development (GO:0007423),1/70,0.1609810482853106,0.2217082740893675,0,0,5.880212954747116,10.740024519792764,SMCHD1
GO_Biological_Process_2023,Positive Regulation Of Protein Transport (GO:0051222),1/70,0.1609810482853106,0.2217082740893675,0,0,5.880212954747116,10.740024519792764,EZR
GO_Biological_Process_2023,Negative Regulation Of Epithelial Cell Proliferation (GO:0050680),1/70,0.1609810482853106,0.2217082740893675,0,0,5.880212954747116,10.740024519792764,B2M
GO_Biological_Process_2023,Regulation Of Actin Filament-Based Process (GO:0032970),1/70,0.1609810482853106,0.2217082740893675,0,0,5.880212954747116,10.740024519792764,EZR
GO_Biological_Process_2023,Regulation Of Double-Strand Break Repair Via Homologous Recombination (GO:0010569),1/71,0.16308595979881,0.2231131645141149,0,0,5.795918367346939,10.51076961698872,SMCHD1
GO_Biological_Process_2023,Negative Regulation Of Protein Binding (GO:0032091),1/71,0.16308595979881,0.2231131645141149,0,0,5.795918367346939,10.51076961698872,B2M
GO_Biological_Process_2023,Positive Regulation Of Cell-Substrate Adhesion (GO:0010811),1/71,0.16308595979881,0.2231131645141149,0,0,5.795918367346939,10.51076961698872,SKAP1
GO_Biological_Process_2023,Plasma Membrane Organization (GO:0007009),1/72,0.1651856959101235,0.2249880229062831,0,0,5.713998275366484,10.28911103101624,CXCR4
GO_Biological_Process_2023,Negative Regulation Of Catabolic Process (GO:0009895),1/72,0.1651856959101235,0.2249880229062831,0,0,5.713998275366484,10.28911103101624,IRAK3
GO_Biological_Process_2023,Protein Tetramerization (GO:0051262),1/73,0.1672802691231711,0.2263419430899047,0,0,5.634353741496598,10.074701240888364,B2M
GO_Biological_Process_2023,Positive Regulation Of Secretion By Cell (GO:1903532),1/73,0.1672802691231711,0.2263419430899047,0,0,5.634353741496598,10.074701240888364,EZR
GO_Biological_Process_2023,Cellular Response To Reactive Oxygen Species (GO:0034614),1/73,0.1672802691231711,0.2263419430899047,0,0,5.634353741496598,10.074701240888364,FYN
GO_Biological_Process_2023,Regulation Of Cell Cycle (GO:0051726),2/298,0.1707793170363913,0.2305707628259375,0,0,2.76661036036036,4.889660394065129,JUND;JUNB
GO_Biological_Process_2023,Regulation Of Fat Cell Differentiation (GO:0045598),1/75,0.1714539764404576,0.2309762084361623,0,0,5.4815223386651954,9.666337985731484,ZFP36L2
GO_Biological_Process_2023,Positive Regulation Of Protein Secretion (GO:0050714),1/76,0.1735331353639065,0.2332678529837262,0,0,5.408163265306122,9.4717853003048,EZR
GO_Biological_Process_2023,Positive Regulation Of Response To Stimulus (GO:0048584),1/77,0.1756071809118701,0.2340164808264014,0,0,5.336734693877551,9.283280446293812,SMCHD1
GO_Biological_Process_2023,Regulation Of Transcription Elongation By RNA Polymerase II (GO:0034243),1/77,0.1756071809118701,0.2340164808264014,0,0,5.336734693877551,9.283280446293812,ELL2
GO_Biological_Process_2023,Regulation Of Immune Response (GO:0050776),1/77,0.1756071809118701,0.2340164808264014,0,0,5.336734693877551,9.283280446293812,HLA-DRA
GO_Biological_Process_2023,Embryonic Organ Development (GO:0048568),1/77,0.1756071809118701,0.2340164808264014,0,0,5.336734693877551,9.283280446293812,RPL10
GO_Biological_Process_2023,Regulation Of Innate Immune Response (GO:0045088),1/78,0.1776761254379788,0.2362632961104158,0,0,5.267161410018553,9.10056411919043,IRAK3
GO_Biological_Process_2023,Positive Regulation Of Protein Localization To Membrane (GO:1905477),1/79,0.1797399811935544,0.2369648897359467,0,0,5.199372056514914,8.923391206941128,FYN
GO_Biological_Process_2023,Cellular Response To UV (GO:0034644),1/79,0.1797399811935544,0.2369648897359467,0,0,5.199372056514914,8.923391206941128,CRIP1
GO_Biological_Process_2023,Positive Regulation Of Catabolic Process (GO:0009896),1/79,0.1797399811935544,0.2369648897359467,0,0,5.199372056514914,8.923391206941128,EZR
GO_Biological_Process_2023,Positive Regulation Of Endocytosis (GO:0045807),1/79,0.1797399811935544,0.2369648897359467,0,0,5.199372056514914,8.923391206941128,B2M
GO_Biological_Process_2023,Negative Regulation Of Protein Serine/Threonine Kinase Activity (GO:0071901),1/80,0.181798760490535,0.2386592238780002,0,0,5.133298889175924,8.751529842637671,IRAK3
GO_Biological_Process_2023,Regulation Of Organelle Assembly (GO:1902115),1/80,0.181798760490535,0.2386592238780002,0,0,5.133298889175924,8.751529842637671,EZR
GO_Biological_Process_2023,Positive Regulation Of Growth (GO:0045927),1/81,0.1838524754991919,0.2398244764968317,0,0,5.0688775510204085,8.584760541358477,S100A8
GO_Biological_Process_2023,Cellular Response To Interleukin-1 (GO:0071347),1/81,0.1838524754991919,0.2398244764968317,0,0,5.0688775510204085,8.584760541358477,IRAK3
GO_Biological_Process_2023,Negative Regulation Of NF-kappaB Transcription Factor Activity (GO:0032088),1/81,0.1838524754991919,0.2398244764968317,0,0,5.0688775510204085,8.584760541358477,IRAK3
GO_Biological_Process_2023,Positive Regulation Of Cellular Process (GO:0048522),3/594,0.1852467924184951,0.2411334829582521,0,0,2.090830543255211,3.525278980374829,CNOT6L;IL7R;S100A8
GO_Biological_Process_2023,Cellular Response To Organic Substance (GO:0071310),1/82,0.1859011384602527,0.2414757945894229,0,0,5.00604686318972,8.422875391899517,CXCR4
GO_Biological_Process_2023,Supramolecular Fiber Organization (GO:0097435),2/316,0.1869034524152957,0.2422677103786501,0,0,2.6056263269639066,4.3700603089494345,FYN;B2M
GO_Biological_Process_2023,Vascular Transport (GO:0010232),1/83,0.1879447615357932,0.2425981545346954,0,0,4.944748631159781,8.265677319811374,SLC38A1
GO_Biological_Process_2023,Regulation Of NIK/NF-kappaB Signaling (GO:1901222),1/83,0.1879447615357932,0.2425981545346954,0,0,4.944748631159781,8.265677319811374,EZR
GO_Biological_Process_2023,Positive Regulation Of Endothelial Cell Migration (GO:0010595),1/85,0.1920169366451308,0.2427755121107495,0,0,4.826530612244898,7.964604221414354,ETS1
GO_Biological_Process_2023,Negative Regulation Of Cell Cycle (GO:0045786),1/85,0.1920169366451308,0.2427755121107495,0,0,4.826530612244898,7.964604221414354,BTG1
GO_Biological_Process_2023,Response To Interleukin-1 (GO:0070555),1/85,0.1920169366451308,0.2427755121107495,0,0,4.826530612244898,7.964604221414354,IRAK3
GO_Biological_Process_2023,Macromolecule Catabolic Process (GO:0009057),1/85,0.1920169366451308,0.2427755121107495,0,0,4.826530612244898,7.964604221414354,ISG20
GO_Biological_Process_2023,mRNA Metabolic Process (GO:0016071),1/85,0.1920169366451308,0.2427755121107495,0,0,4.826530612244898,7.964604221414354,ZFP36L2
GO_Biological_Process_2023,Nuclear-Transcribed mRNA Catabolic Process (GO:0000956),1/85,0.1920169366451308,0.2427755121107495,0,0,4.826530612244898,7.964604221414354,CNOT6L
GO_Biological_Process_2023,Positive Regulation Of Protein Localization (GO:1903829),1/85,0.1920169366451308,0.2427755121107495,0,0,4.826530612244898,7.964604221414354,FYN
GO_Biological_Process_2023,Transport Across Blood-Brain Barrier (GO:0150104),1/85,0.1920169366451308,0.2427755121107495,0,0,4.826530612244898,7.964604221414354,SLC38A1
GO_Biological_Process_2023,Positive Regulation Of Double-Strand Break Repair (GO:2000781),1/84,0.1899833569114356,0.2427755121107495,0,0,4.884927464961889,8.112979399077096,SMCHD1
GO_Biological_Process_2023,Ribosomal Small Subunit Biogenesis (GO:0042274),1/84,0.1899833569114356,0.2427755121107495,0,0,4.884927464961889,8.112979399077096,RPS28
GO_Biological_Process_2023,Exocytosis (GO:0006887),1/86,0.1940455128548384,0.2443389416968068,0,0,4.769507803121249,7.820383303288144,SYTL3
GO_Biological_Process_2023,Regulation Of Mitotic Cell Cycle Phase Transition (GO:1901990),1/86,0.1940455128548384,0.2443389416968068,0,0,4.769507803121249,7.820383303288144,ZFP36L2
GO_Biological_Process_2023,Regulation Of Type II Interferon Production (GO:0032649),1/87,0.196069097589664,0.2463841816961766,0,0,4.713811105837684,7.6801565438185,PDE4B
GO_Biological_Process_2023,Positive Regulation Of DNA-templated Transcription (GO:0045893),5/1243,0.1977819683588354,0.2480314521898404,0,0,1.6794112367618022,2.7216370980439812,JUND;STAT4;ETS1;JUNB;SKAP1
GO_Biological_Process_2023,Positive Regulation Of DNA Repair (GO:0045739),1/89,0.2001013407742902,0.2499241442464313,0,0,4.6062152133580705,7.411084001248333,SMCHD1
GO_Biological_Process_2023,Cellular Response To Chemical Stress (GO:0062197),1/89,0.2001013407742902,0.2499241442464313,0,0,4.6062152133580705,7.411084001248333,ZFP36L2
GO_Biological_Process_2023,Regulation Of Peptidyl-Tyrosine Phosphorylation (GO:0050730),1/90,0.2021100231923967,0.2519229986054723,0,0,4.55423068103646,7.281955543769811,FYN
GO_Biological_Process_2023,Regulation Of Epithelial Cell Proliferation (GO:0050678),1/91,0.2041137620931186,0.2523811447123331,0,0,4.503401360544218,7.156255051106618,B2M
GO_Biological_Process_2023,Lymphocyte Differentiation (GO:0030098),1/91,0.2041137620931186,0.2523811447123331,0,0,4.503401360544218,7.156255051106618,RHOH
GO_Biological_Process_2023,rRNA Metabolic Process (GO:0016072),1/91,0.2041137620931186,0.2523811447123331,0,0,4.503401360544218,7.156255051106618,RPS28
GO_Biological_Process_2023,Regulation Of Actin Cytoskeleton Organization (GO:0032956),1/91,0.2041137620931186,0.2523811447123331,0,0,4.503401360544218,7.156255051106618,EZR
GO_Biological_Process_2023,Positive Regulation Of Protein Catabolic Process (GO:0045732),1/92,0.2061125694363157,0.2543429106844136,0,0,4.453689167974883,7.03385741012878,EZR
GO_Biological_Process_2023,Positive Regulation Of Epithelial Cell Migration (GO:0010634),1/95,0.2120795205832498,0.2611837608779743,0,0,4.310898827616153,6.685315939697291,ETS1
GO_Biological_Process_2023,Cellular Response To Transforming Growth Factor Beta Stimulus (GO:0071560),1/96,0.2140587201245348,0.2625730224986838,0,0,4.26530612244898,6.5749903239841245,ZFP36L2
GO_Biological_Process_2023,Regulation Of Protein Metabolic Process (GO:0051246),1/96,0.2140587201245348,0.2625730224986838,0,0,4.26530612244898,6.5749903239841245,RPL10
GO_Biological_Process_2023,MAPK Cascade (GO:0000165),1/98,0.2180025137484037,0.265825199570682,0,0,4.176940879444562,6.362519703204576,ZFP36L2
GO_Biological_Process_2023,Positive Regulation Of Protein-Containing Complex Assembly (GO:0031334),1/98,0.2180025137484037,0.265825199570682,0,0,4.176940879444562,6.362519703204576,SKAP1
GO_Biological_Process_2023,Positive Regulation Of Cold-Induced Thermogenesis (GO:0120162),1/98,0.2180025137484037,0.265825199570682,0,0,4.176940879444562,6.362519703204576,CXCR4
GO_Biological_Process_2023,Antimicrobial Humoral Response (GO:0019730),1/100,0.2219269115603851,0.2695450874660583,0,0,4.092145949288806,6.1603458876211565,JCHAIN
GO_Biological_Process_2023,ncRNA Processing (GO:0034470),1/100,0.2219269115603851,0.2695450874660583,0,0,4.092145949288806,6.1603458876211565,RPS28
GO_Biological_Process_2023,rRNA Processing (GO:0006364),1/101,0.2238818662412048,0.271385287761932,0,0,4.051020408163265,6.062906014187368,RPS28
GO_Biological_Process_2023,Regulation Of Protein Secretion (GO:0050708),1/102,0.2258320069783284,0.2732124476580953,0,0,4.010709234188725,5.967790506031058,EZR
GO_Biological_Process_2023,Cellular Response To Organonitrogen Compound (GO:0071417),1/105,0.2316536615468536,0.2786165870846173,0,0,3.894427001569859,5.6956456810845415,EZR
GO_Biological_Process_2023,Intrinsic Apoptotic Signaling Pathway (GO:0097193),1/105,0.2316536615468536,0.2786165870846173,0,0,3.894427001569859,5.6956456810845415,CRIP1
GO_Biological_Process_2023,Positive Regulation Of Macromolecule Metabolic Process (GO:0010604),2/364,0.2308123535024988,0.2786165870846173,0,0,2.254604051565378,3.3055882286347833,EZR;ETS1
GO_Biological_Process_2023,Positive Regulation Of Cell Growth (GO:0030307),1/106,0.2335846623503299,0.280392483794073,0,0,3.857142857142857,5.6090983677319475,S100A8
GO_Biological_Process_2023,Positive Regulation Of DNA Metabolic Process (GO:0051054),1/108,0.2374324069826741,0.2839065796672673,0,0,3.7846652679763495,5.441865346754643,SMCHD1
GO_Biological_Process_2023,Response To Tumor Necrosis Factor (GO:0034612),1/108,0.2374324069826741,0.2839065796672673,0,0,3.7846652679763495,5.441865346754643,ZFP36L2
GO_Biological_Process_2023,Negative Regulation Of Developmental Process (GO:0051093),1/109,0.239349173739861,0.2839970003797967,0,0,3.749433106575964,5.361058744932435,TENT5C
GO_Biological_Process_2023,Cell-Matrix Adhesion (GO:0007160),1/109,0.239349173739861,0.2839970003797967,0,0,3.749433106575964,5.361058744932435,CD96
GO_Biological_Process_2023,Cellular Response To Salt (GO:1902075),1/109,0.239349173739861,0.2839970003797967,0,0,3.749433106575964,5.361058744932435,FYN
GO_Biological_Process_2023,Positive Regulation Of Cysteine-Type Endopeptidase Activity Involved In Apoptotic Process (GO:0043280),1/109,0.239349173739861,0.2839970003797967,0,0,3.749433106575964,5.361058744932435,S100A8
GO_Biological_Process_2023,RNA Metabolic Process (GO:0016070),1/111,0.2431685532271013,0.2874233665538726,0,0,3.6808905380333954,5.20478084558139,ISG20
GO_Biological_Process_2023,Negative Regulation Of Inflammatory Response (GO:0050728),1/111,0.2431685532271013,0.2874233665538726,0,0,3.6808905380333954,5.20478084558139,FYN
GO_Biological_Process_2023,Calcium Ion Transport (GO:0006816),1/112,0.2450711886958998,0.28856664775834,0,0,3.647545504688362,5.129202360192396,FYN
GO_Biological_Process_2023,Negative Regulation Of Defense Response (GO:0031348),1/112,0.2450711886958998,0.28856664775834,0,0,3.647545504688362,5.129202360192396,IRAK3
GO_Biological_Process_2023,Regulation Of Interleukin-6 Production (GO:0032675),1/114,0.2488624078588274,0.2919165506633014,0,0,3.582625970742279,4.982913653406146,IRAK3
GO_Biological_Process_2023,Regulation Of MAP Kinase Activity (GO:0043405),1/114,0.2488624078588274,0.2919165506633014,0,0,3.582625970742279,4.982913653406146,IRAK3
GO_Biological_Process_2023,Cellular Response To Molecule Of Bacterial Origin (GO:0071219),1/117,0.2545142764118688,0.29741535709493,0,0,3.4894440534834623,4.774949480472317,PDE4B
GO_Biological_Process_2023,Cellular Response To Oxidative Stress (GO:0034599),1/117,0.2545142764118688,0.29741535709493,0,0,3.4894440534834623,4.774949480472317,ZFP36L2
GO_Biological_Process_2023,Cellular Response To Tumor Necrosis Factor (GO:0071356),1/119,0.2582590130323782,0.3012208148222635,0,0,3.429955032860602,4.6434466139665425,ZFP36L2
GO_Biological_Process_2023,Protein Modification Process (GO:0036211),3/711,0.2621547650369361,0.3051877170335652,0,0,1.7347637937252074,2.322536884507167,IRAK3;FYN;PPP2R5C
GO_Biological_Process_2023,Enzyme-Linked Receptor Protein Signaling Pathway (GO:0007167),1/124,0.2675403902734135,0.3079709343259256,0,0,3.2896963663514187,4.337414433160371,FYN
GO_Biological_Process_2023,Cellular Response To Lipopolysaccharide (GO:0071222),1/124,0.2675403902734135,0.3079709343259256,0,0,3.2896963663514187,4.337414433160371,PDE4B
GO_Biological_Process_2023,Protein Dephosphorylation (GO:0006470),1/124,0.2675403902734135,0.3079709343259256,0,0,3.2896963663514187,4.337414433160371,PPP2R5C
GO_Biological_Process_2023,Regulation Of Cell Motility (GO:2000145),1/123,0.2656932663769877,0.3079709343259256,0,0,3.316828370692539,4.396166676729281,FYN
GO_Biological_Process_2023,Negative Regulation Of Growth (GO:0045926),1/124,0.2675403902734135,0.3079709343259256,0,0,3.2896963663514187,4.337414433160371,BTG1
GO_Biological_Process_2023,Neuron Projection Guidance (GO:0097485),1/124,0.2675403902734135,0.3079709343259256,0,0,3.2896963663514187,4.337414433160371,FYN
GO_Biological_Process_2023,Negative Regulation Of Cell Growth (GO:0030308),1/125,0.2693829605231016,0.3088433611827868,0,0,3.263001974983542,4.279822783786303,BTG1
GO_Biological_Process_2023,Regulation Of Mitotic Cell Cycle (GO:0007346),1/125,0.2693829605231016,0.3088433611827868,0,0,3.263001974983542,4.279822783786303,BTG1
GO_Biological_Process_2023,Cellular Response To Oxygen-Containing Compound (GO:1901701),2/406,0.2697999540964702,0.3088433611827868,0,0,2.0158828382838285,2.640956712203399,PDE4B;EZR
GO_Biological_Process_2023,Positive Regulation Of Intracellular Protein Transport (GO:0090316),1/126,0.2712209880572274,0.309895091909832,0,0,3.236734693877551,4.223360488574632,FYN
GO_Biological_Process_2023,Regulation Of Anatomical Structure Morphogenesis (GO:0022603),1/127,0.2730544838638846,0.310266328810344,0,0,3.2108843537414966,4.167997377843627,ETS1
GO_Biological_Process_2023,Regulation Of Response To External Stimulus (GO:0032101),1/127,0.2730544838638846,0.310266328810344,0,0,3.2108843537414966,4.167997377843627,CXCR4
GO_Biological_Process_2023,Regulation Of Tumor Necrosis Factor Production (GO:0032680),1/127,0.2730544838638846,0.310266328810344,0,0,3.2108843537414966,4.167997377843627,IRAK3
GO_Biological_Process_2023,Protein Homooligomerization (GO:0051260),1/129,0.2767079241059198,0.313263833345601,0,0,3.1603954081632653,4.060453122404681,B2M
GO_Biological_Process_2023,Regulation Of DNA Repair (GO:0006282),1/129,0.2767079241059198,0.313263833345601,0,0,3.1603954081632653,4.060453122404681,SMCHD1
GO_Biological_Process_2023,Circulatory System Development (GO:0072359),1/132,0.2821543693990505,0.3188447727458135,0,0,3.087552578283222,3.906683206158155,CRIP1
GO_Biological_Process_2023,Negative Regulation Of Cell Motility (GO:2000146),1/133,0.2839609038772722,0.3202995935873436,0,0,3.0640074211502784,3.857336278341556,MCTP1
GO_Biological_Process_2023,Cellular Response To Metal Ion (GO:0071248),1/135,0.2875606166970605,0.3237680666096466,0,0,3.0179713676515383,3.7613629045399737,B2M
GO_Biological_Process_2023,Negative Regulation Of Cellular Biosynthetic Process (GO:0031327),1/137,0.2911425929329805,0.3260685681651507,0,0,2.9732893157262907,3.668866926816198,FYN
GO_Biological_Process_2023,Phosphorylation (GO:0016310),2/429,0.291189272380872,0.3260685681651507,0,0,1.905054644808743,2.350421753894313,IRAK3;FYN
GO_Biological_Process_2023,Protein Localization To Plasma Membrane (GO:0072659),1/137,0.2911425929329805,0.3260685681651507,0,0,2.9732893157262907,3.668866926816198,EZR
GO_Biological_Process_2023,Protein Localization To Cell Periphery (GO:1990778),1/142,0.3000204969826995,0.3353489975331986,0,0,2.8671298306556667,3.4517504575709377,EZR
GO_Biological_Process_2023,Regulation Of Cold-Induced Thermogenesis (GO:0120161),1/146,0.307044282279795,0.3419608703368836,0,0,2.7874736101337088,3.291346538126983,CXCR4
GO_Biological_Process_2023,Negative Regulation Of Response To External Stimulus (GO:0032102),1/146,0.307044282279795,0.3419608703368836,0,0,2.7874736101337088,3.291346538126983,IRAK3
GO_Biological_Process_2023,Negative Regulation Of Protein Metabolic Process (GO:0051248),1/147,0.3087894082520855,0.3426673828984474,0,0,2.7682415431926195,3.252948903166252,IRAK3
GO_Biological_Process_2023,Dephosphorylation (GO:0016311),1/147,0.3087894082520855,0.3426673828984474,0,0,2.7682415431926195,3.252948903166252,PPP2R5C
GO_Biological_Process_2023,Defense Response To Symbiont (GO:0140546),1/148,0.3105302270346101,0.3439805207905824,0,0,2.749271137026239,3.215201203875706,ISG20
GO_Biological_Process_2023,Negative Regulation Of DNA-binding Transcription Factor Activity (GO:0043433),1/149,0.3122667490151626,0.344329267693348,0,0,2.7305570876999448,3.1780885451938787,IRAK3
GO_Biological_Process_2023,Axon Guidance (GO:0007411),1/149,0.3122667490151626,0.344329267693348,0,0,2.7305570876999448,3.1780885451938787,FYN
GO_Biological_Process_2023,Regulation Of Nucleic Acid-Templated Transcription (GO:1903506),2/452,0.3125192705158425,0.344329267693348,0,0,1.8055555555555556,2.100022069268198,BTG1;RHOH
GO_Biological_Process_2023,Cellular Response To Organic Cyclic Compound (GO:0071407),1/152,0.3174506378807152,0.3491391151023196,0,0,2.6759021489390458,3.0704182805545575,EZR
GO_Biological_Process_2023,Regulation Of Cellular Component Organization (GO:0051128),1/153,0.3191700762858281,0.3504055819721636,0,0,2.6581632653061225,3.0357052873752,IRAK3
GO_Biological_Process_2023,Cellular Response To Growth Factor Stimulus (GO:0071363),1/155,0.3225962281219006,0.3535379622579266,0,0,2.6233766233766236,2.9679671260643183,ZFP36L2
GO_Biological_Process_2023,Regulation Of Macromolecule Metabolic Process (GO:0060255),1/162,0.3344552195120095,0.3652369388299289,0,0,2.5084294587400175,2.747363087126053,CRIP1
GO_Biological_Process_2023,Protein Autophosphorylation (GO:0046777),1/162,0.3344552195120095,0.3652369388299289,0,0,2.5084294587400175,2.747363087126053,FYN
GO_Biological_Process_2023,Nitrogen Compound Transport (GO:0071705),1/163,0.3361326660872764,0.3657739946664013,0,0,2.492819349962207,2.717794694415788,SLC38A1
GO_Biological_Process_2023,Negative Regulation Of Cell Migration (GO:0030336),1/163,0.3361326660872764,0.3657739946664013,0,0,2.492819349962207,2.717794694415788,MCTP1
GO_Biological_Process_2023,Positive Regulation Of Gene Expression (GO:0010628),2/480,0.3383207061635654,0.3675068234206335,0,0,1.697350069735007,1.8395218064731953,EZR;ETS1
GO_Biological_Process_2023,Positive Regulation Of Cell Population Proliferation (GO:0008284),2/483,0.3410706864240324,0.3698429060169209,0,0,1.6865038115038116,1.814114018971079,CNOT6L;IL7R
GO_Biological_Process_2023,Brain Development (GO:0007420),1/169,0.3461106816465725,0.3746496325893601,0,0,2.403061224489796,2.5496399471999527,CXCR4
GO_Biological_Process_2023,Heart Development (GO:0007507),1/171,0.3494039111808349,0.3768919811163901,0,0,2.3745498199279713,2.4969025061029213,CRIP1
GO_Biological_Process_2023,Metal Ion Transport (GO:0030001),1/171,0.3494039111808349,0.3768919811163901,0,0,2.3745498199279713,2.4969025061029213,FYN
GO_Biological_Process_2023,Protein Phosphorylation (GO:0006468),2/500,0.3565901556321914,0.383972296727857,0,0,1.6275100401606426,1.678236566248315,IRAK3;FYN
GO_Biological_Process_2023,Negative Regulation Of Macromolecule Metabolic Process (GO:0010605),1/186,0.3735903703808139,0.4015771054441849,0,0,2.1803640375068944,2.146776288649915,SUB1
GO_Biological_Process_2023,Axonogenesis (GO:0007409),1/188,0.3767479051184041,0.4042668825357484,0,0,2.1568263669104004,2.105448610107896,FYN
GO_Biological_Process_2023,Defense Response To Virus (GO:0051607),1/189,0.3783208179838206,0.4052499039861412,0,0,2.1452453321754232,2.085205747179162,ISG20
GO_Biological_Process_2023,Intracellular Monoatomic Cation Homeostasis (GO:0030003),1/190,0.3798898404314479,0.4062253579656904,0,0,2.133786848072562,2.065236730473686,B2M
GO_Biological_Process_2023,Protein Localization To Membrane (GO:0072657),1/192,0.3830162518398707,0.4088599089709347,0,0,2.111229832247035,2.02610052252205,EZR
GO_Biological_Process_2023,Regulation Of Cell Differentiation (GO:0045595),1/193,0.3845736595908477,0.4098133816365338,0,0,2.100127551020408,2.006923755847897,TENT5C
GO_Biological_Process_2023,Regulation Of Programmed Cell Death (GO:0043067),1/195,0.3876769258565263,0.4124080400922013,0,0,2.0782663580896275,1.969329769675335,FYN
GO_Biological_Process_2023,Positive Regulation Of Protein Metabolic Process (GO:0051247),1/196,0.3892228030956766,0.4133398786747547,0,0,2.0675039246467817,1.9509036102620232,EZR
GO_Biological_Process_2023,DNA-templated Transcription (GO:0006351),1/199,0.3938375225272607,0.4175219096208244,0,0,2.03586889301175,1.897056906545971,ZFP36L2
GO_Biological_Process_2023,Organic Substance Transport (GO:0071702),1/201,0.3968950010648283,0.4200415362898783,0,0,2.0153061224489797,1.8623111638641865,FYN
GO_Biological_Process_2023,Regulation Of Translation (GO:0006417),1/202,0.398418067592006,0.4209314173018282,0,0,2.0051781906792567,1.8452720554356252,RPL10
GO_Biological_Process_2023,Positive Regulation Of Nucleic Acid-Templated Transcription (GO:1903508),2/557,0.4076470166650481,0.4299456568928798,0,0,1.4560810810810811,1.3066196499049707,ETS1;SKAP1
GO_Biological_Process_2023,Proteasomal Protein Catabolic Process (GO:0010498),1/220,0.4251974388254987,0.4476908186951071,0,0,1.8386916410399776,1.572452136273942,PPP2R5C
GO_Biological_Process_2023,Positive Regulation Of Cell Motility (GO:2000147),1/221,0.4266504252883283,0.4484553873984643,0,0,1.8302411873840445,1.5589816483293069,CXCR4
GO_Biological_Process_2023,Cellular Response To Lipid (GO:0071396),1/228,0.4367210295579323,0.4574819613535556,0,0,1.7731727052054302,1.469003836799846,PDE4B
GO_Biological_Process_2023,Apoptotic Process (GO:0006915),1/228,0.4367210295579323,0.4574819613535556,0,0,1.7731727052054302,1.469003836799846,CXCR4
GO_Biological_Process_2023,Negative Regulation Of Intracellular Signal Transduction (GO:1902532),1/231,0.4409837467017168,0.4611643588389141,0,0,1.749778172138421,1.4326260836369302,RHOH
GO_Biological_Process_2023,Regulation Of I-kappaB kinase/NF-kappaB Signaling (GO:0043122),1/232,0.4423976147030889,0.4618601155191301,0,0,1.7421150278293136,1.420775326637273,RHOH
GO_Biological_Process_2023,Regulation Of ERK1 And ERK2 Cascade (GO:0070372),1/244,0.4590930887709353,0.4784804658305188,0,0,1.655076845553036,1.2884811006593149,EZR
GO_Biological_Process_2023,Regulation Of Protein Phosphorylation (GO:0001932),1/265,0.4871391593898299,0.5068547408828415,0,0,1.521799628942486,1.0944865846364586,FYN
GO_Biological_Process_2023,Positive Regulation Of Signal Transduction (GO:0009967),1/266,0.4884385252284191,0.5073511280571289,0,0,1.5159799768964188,1.086262808220724,IL7R
GO_Biological_Process_2023,Negative Regulation Of Signal Transduction (GO:0009968),1/267,0.4897346646287026,0.5078425009679152,0,0,1.510204081632653,1.0781219104526054,IRAK3
GO_Biological_Process_2023,Positive Regulation Of Apoptotic Process (GO:0043065),1/270,0.4936038031874094,0.5109958835010598,0,0,1.4931340565966162,1.054185644342858,BTG1
GO_Biological_Process_2023,Positive Regulation Of Cell Migration (GO:0030335),1/272,0.4961672405115914,0.5127892586191823,0,0,1.4819640033135024,1.0386229578078996,CXCR4
GO_Biological_Process_2023,Plasma Membrane Bounded Cell Projection Assembly (GO:0120031),1/275,0.4999885691555243,0.5158744935935762,0,0,1.4655146730224935,1.0158508681983662,EZR
GO_Biological_Process_2023,Central Nervous System Development (GO:0007417),1/283,0.5100404581381273,0.5244916044520409,0,0,1.4233608336951802,0.9582993544129657,CXCR4
GO_Biological_Process_2023,Positive Regulation Of Cell Differentiation (GO:0045597),1/283,0.5100404581381273,0.5244916044520409,0,0,1.4233608336951802,0.9582993544129657,BTG1
GO_Biological_Process_2023,Transmembrane Receptor Protein Tyrosine Kinase Signaling Pathway (GO:0007169),1/284,0.5112829350478788,0.5248944607729471,0,0,1.4182591764621042,0.9514138569552276,FYN
GO_Biological_Process_2023,DNA Metabolic Process (GO:0006259),1/288,0.5162220388029869,0.5290847141884434,0,0,1.39820806371329,0.9245207565559944,ISG20
GO_Biological_Process_2023,Regulation Of Intracellular Signal Transduction (GO:1902531),1/297,0.5271568537690461,0.5393959847023241,0,0,1.3550744622173194,0.8675960989751744,EZR
GO_Biological_Process_2023,Regulation Of Apoptotic Process (GO:0042981),2/705,0.5303321301456826,0.5417465634104076,0,0,1.1407657657657655,0.7235327495025097,RPL10;FYN
GO_Biological_Process_2023,Proteasome-Mediated Ubiquitin-Dependent Protein Catabolic Process (GO:0043161),1/319,0.5528768789956165,0.5638430319674305,0,0,1.2599152868694647,0.7466509270127912,PPP2R5C
GO_Biological_Process_2023,Positive Regulation Of Cytokine Production (GO:0001819),1/320,0.5540128017436795,0.5640691397291258,0,0,1.255901733734246,0.7416947278731473,PDE4B
GO_Biological_Process_2023,Proteolysis (GO:0006508),1/330,0.5652176074653844,0.5745292649195093,0,0,1.2171081198436822,0.6944143145067687,CXCR4
GO_Biological_Process_2023,Negative Regulation Of Gene Expression (GO:0010629),1/336,0.5718075736459911,0.5802718304927245,0,0,1.1949436491014316,0.6679170434332091,ZFP36L2
GO_Biological_Process_2023,Ubiquitin-Dependent Protein Catabolic Process (GO:0006511),1/367,0.6043270637522773,0.6122656787112563,0,0,1.0920040147206425,0.5499766085796418,PPP2R5C
GO_Biological_Process_2023,Negative Regulation Of Programmed Cell Death (GO:0043069),1/381,0.6182077951423556,0.6253019829554646,0,0,1.0510204081632653,0.5054679174936134,RPL10
GO_Biological_Process_2023,DNA Damage Response (GO:0006974),1/384,0.62111954988037,0.6272189235289497,0,0,1.042628017264347,0.4965325169788531,CRIP1
GO_Biological_Process_2023,Positive Regulation Of Multicellular Organismal Process (GO:0051240),1/387,0.6240095387197013,0.6291076558661041,0,0,1.0343660780374326,0.4877963101507843,CXCR4
GO_Biological_Process_2023,Vesicle-Mediated Transport (GO:0016192),1/411,0.6463647674701141,0.6505824821028718,0,0,0.9726231956197112,0.4244442803516938,SYTL3
GO_Biological_Process_2023,Nervous System Development (GO:0007399),1/433,0.6657095483227041,0.6689622008389389,0,0,0.9220521541950112,0.3751846970919235,CXCR4
GO_Biological_Process_2023,Negative Regulation Of Nucleic Acid-Templated Transcription (GO:1903507),1/456,0.6848244825782672,0.6870515540663266,0,0,0.8744113029827315,0.3310457390492557,ARID5B
GO_Biological_Process_2023,Negative Regulation Of Apoptotic Process (GO:0043066),1/482,0.7051444771556823,0.706289192216,0,0,0.8260426831855403,0.2885801301950252,RPL10
GO_Biological_Process_2023,Positive Regulation Of Intracellular Signal Transduction (GO:1902533),1/525,0.7359678224271717,0.7359678224271717,0,0,0.7565820221218258,0.231944503707841,S100A8
