Gene_set,Term,Overlap,P-value,Adjusted P-value,Old P-value,Old Adjusted P-value,Odds Ratio,Combined Score,Genes
GO_Biological_Process_2023,Microglial Cell Activation (GO:0001774),5/20,1.1980035847042452e-09,8.865226526811417e-07,0,0,147.66666666666666,3033.4586466141805,C1QA;GRN;TYROBP;C5AR1;AIF1
GO_Biological_Process_2023,Antigen Processing And Presentation Of Exogenous Peptide Antigen Via MHC Class II (GO:0019886),4/26,4.960429225063624e-07,0.00016696119972288084,0,0,78.76679841897233,1143.4263718971108,FCER1G;HLA-DRA;CTSD;CTSS
GO_Biological_Process_2023,Antigen Processing And Presentation Of Peptide Antigen Via MHC Class II (GO:0002495),4/28,6.768697286062737e-07,0.00016696119972288084,0,0,72.19565217391305,1025.5960576184534,FCER1G;HLA-DRA;CTSD;CTSS
GO_Biological_Process_2023,Antigen Processing And Presentation Of Exogenous Peptide Antigen (GO:0002478),4/31,1.0344595095127406e-06,0.00019137500925985704,0,0,64.16425120772946,884.2880643786286,FCER1G;HLA-DRA;CTSD;CTSS
GO_Biological_Process_2023,Astrocyte Activation (GO:0048143),3/12,3.183301843206519e-06,0.0004711286727945648,0,0,141.4255319148936,1790.1066225817303,C1QA;GRN;C5AR1
GO_Biological_Process_2023,Phagocytosis (GO:0006909),4/69,2.650437262169083e-05,0.0032688726233418,0,0,26.60200668896321,280.3372890754863,MSR1;TYROBP;CD14;AIF1
GO_Biological_Process_2023,Regulation Of Blood Coagulation (GO:0030193),3/29,5.1313052371625945e-05,0.0037590018360141,0,0,48.91325695581015,483.1438947992733,PLAUR;APOE;THBS1
GO_Biological_Process_2023,"Phagocytosis, Engulfment (GO:0006911)",3/30,5.691425903052129e-05,0.0037590018360141,0,0,47.09929078014184,460.3468031322656,MSR1;AIF1;THBS1
GO_Biological_Process_2023,Glycolipid Transport (GO:0046836),2/5,6.0956786529959696e-05,0.0037590018360141,0,0,277.0416666666667,2688.78505476905,NPC2;PSAP
GO_Biological_Process_2023,Humoral Immune Response Mediated By Circulating Immunoglobulin (GO:0002455),2/5,6.0956786529959696e-05,0.0037590018360141,0,0,277.0416666666667,2688.78505476905,C1QB;C1QC
GO_Biological_Process_2023,Lipoprotein Metabolic Process (GO:0042157),2/5,6.0956786529959696e-05,0.0037590018360141,0,0,277.0416666666667,2688.78505476905,APOE;CTSD
GO_Biological_Process_2023,Cell Junction Disassembly (GO:0150146),2/5,6.0956786529959696e-05,0.0037590018360141,0,0,277.0416666666667,2688.78505476905,C1QB;C1QC
GO_Biological_Process_2023,Regulation Of Transforming Growth Factor Beta1 Production (GO:0032908),2/6,9.128927051395768e-05,0.0042221287612705,0,0,207.77083333333337,1932.5756890799971,TYROBP;THBS1
GO_Biological_Process_2023,Macrophage Activation (GO:0042116),3/35,9.094610315590577e-05,0.0042221287612705,0,0,39.73005319148936,369.69781921167737,C1QA;C5AR1;AIF1
GO_Biological_Process_2023,Regulation Of Epithelial Cell Proliferation (GO:0050678),4/91,7.869565920366472e-05,0.0042221287612705,0,0,19.85307346326837,187.6100068119366,GRN;GPX1;C5AR1;MTSS1
GO_Biological_Process_2023,Positive Regulation Of Neuron Death (GO:1901216),3/34,8.329713391830358e-05,0.0042221287612705,0,0,41.01372683596431,385.24589055488593,C1QA;GRN;TYROBP
GO_Biological_Process_2023,Protein Catabolic Process (GO:0030163),4/102,0.0001226260480091412,0.0053378397368685,0,0,17.614906832298136,158.64638771191477,APOE;CTSD;CTSS;CTSB
GO_Biological_Process_2023,Synapse Pruning (GO:0098883),2/8,0.0001698630098259154,0.0062849313635588,0,0,138.5,1202.2517804391236,C1QB;C1QC
GO_Biological_Process_2023,Negative Regulation Of Long-Term Synaptic Potentiation (GO:1900272),2/8,0.0001698630098259154,0.0062849313635588,0,0,138.5,1202.2517804391236,TYROBP;APOE
GO_Biological_Process_2023,Nicotinamide Nucleotide Biosynthetic Process (GO:0019359),2/8,0.0001698630098259154,0.0062849313635588,0,0,138.5,1202.2517804391236,KYNU;NAMPT
GO_Biological_Process_2023,Receptor-Mediated Endocytosis (GO:0006898),4/122,0.0002443241739391557,0.0084018782052607,0,0,14.614591009579955,121.54976727814284,MSR1;FCER1G;MRC1;APOE
GO_Biological_Process_2023,Negative Regulation Of Cysteine-Type Endopeptidase Activity Involved In Apoptotic Process (GO:0043154),3/49,0.0002497855682645102,0.0084018782052607,0,0,27.618871415356153,229.09599013803128,GPX1;PLAUR;THBS1
GO_Biological_Process_2023,Macrophage Activation Involved In Immune Response (GO:0002281),2/11,0.000332063883264561,0.0084733542626129,0,0,92.31944444444444,739.4956618223716,GRN;TYROBP
GO_Biological_Process_2023,Cellular Response To Thyroid Hormone Stimulus (GO:0097067),2/11,0.000332063883264561,0.0084733542626129,0,0,92.31944444444444,739.4956618223716,CTSS;CTSB
GO_Biological_Process_2023,Neutrophil Activation Involved In Immune Response (GO:0002283),2/11,0.000332063883264561,0.0084733542626129,0,0,92.31944444444444,739.4956618223716,FCER1G;TYROBP
GO_Biological_Process_2023,Lipoprotein Catabolic Process (GO:0042159),2/10,0.00027212309342677823,0.0084733542626129,0,0,103.86458333333331,852.6509585567859,APOE;CTSD
GO_Biological_Process_2023,Inflammatory Response (GO:0006954),5/236,0.0003013906906426455,0.0084733542626129,0,0,9.484848484848484,76.89464511700173,C5AR1;CD14;LYZ;AIF1;THBS1
GO_Biological_Process_2023,Cholesterol Transport (GO:0030301),3/51,0.00028134681783249164,0.0084733542626129,0,0,26.465425531914892,216.37926602740956,MSR1;NPC2;APOE
GO_Biological_Process_2023,Synapse Organization (GO:0050808),4/131,0.00032058377475969313,0.0084733542626129,0,0,13.572749058541596,109.19774639836136,C1QB;C1QA;C5AR1;C1QC
GO_Biological_Process_2023,Response To Thyroid Hormone (GO:0097066),2/12,0.0003978405023918531,0.009813399058999,0,0,83.08333333333333,650.4975835514635,CTSS;CTSB
GO_Biological_Process_2023,Astrocyte Development (GO:0014002),2/15,0.0006299020654549659,0.015036371885054,0,0,63.90064102564103,470.9442866528224,C1QA;C5AR1
GO_Biological_Process_2023,Negative Regulation Of Epithelial Cell Proliferation (GO:0050680),3/70,0.0007152738836628206,0.0151962008732022,0,0,18.94220387424579,137.19544727387992,APOE;THBS1;MTSS1
GO_Biological_Process_2023,Regulation Of Fibrinolysis (GO:0051917),2/16,0.0007187392304892979,0.0151962008732022,0,0,59.333333333333336,429.45537567816734,PLAUR;THBS1
GO_Biological_Process_2023,Positive Regulation Of Smooth Muscle Cell Migration (GO:0014911),2/16,0.0007187392304892979,0.0151962008732022,0,0,59.333333333333336,429.45537567816734,DOCK4;AIF1
GO_Biological_Process_2023,Regulation Of Plasminogen Activation (GO:0010755),2/16,0.0007187392304892979,0.0151962008732022,0,0,59.333333333333336,429.45537567816734,PLAUR;THBS1
GO_Biological_Process_2023,Myeloid Cell Activation Involved In Immune Response (GO:0002275),2/17,0.0008132713373134499,0.0162654267462689,0,0,55.375,393.96243373102385,FCER1G;TYROBP
GO_Biological_Process_2023,NAD Biosynthetic Process (GO:0009435),2/17,0.0008132713373134499,0.0162654267462689,0,0,55.375,393.96243373102385,KYNU;NAMPT
GO_Biological_Process_2023,Neutrophil Activation (GO:0042119),2/18,0.000913470506242016,0.0177886361741866,0,0,51.911458333333336,363.2898548418271,FCER1G;TYROBP
GO_Biological_Process_2023,Positive Regulation Of Tumor Necrosis Factor Production (GO:0032760),3/78,0.0009802139911592198,0.0185989321399441,0,0,16.914893617021278,117.18197921679683,TYROBP;CD14;THBS1
GO_Biological_Process_2023,Positive Regulation Of Tumor Necrosis Factor Superfamily Cytokine Production (GO:1903557),3/82,0.0011330918930874,0.0204509268508467,0,0,16.055211419337464,108.89937140961504,TYROBP;CD14;THBS1
GO_Biological_Process_2023,Negative Regulation Of Apoptotic Signaling Pathway (GO:2001234),3/82,0.0011330918930874,0.0204509268508467,0,0,16.055211419337464,108.89937140961504,GPX1;PLAUR;THBS1
GO_Biological_Process_2023,Regulation Of Cysteine-Type Endopeptidase Activity Involved In Apoptotic Process (GO:0043281),3/84,0.0012148566191106,0.0208354943737395,0,0,15.657210401891254,105.10887662312086,GPX1;CTSD;THBS1
GO_Biological_Process_2023,Negative Regulation Of Apoptotic Process (GO:0043066),6/482,0.0012290806366613,0.0208354943737395,0,0,5.578877005347594,37.386781985192286,GRN;GPX1;ANXA5;PLAUR;APOE;THBS1
GO_Biological_Process_2023,Purine Nucleotide Biosynthetic Process (GO:0006164),2/21,0.0012477930702112,0.0208354943737395,0,0,43.708333333333336,292.25047477799524,KYNU;NAMPT
GO_Biological_Process_2023,Endocytosis (GO:0006897),4/189,0.0012670233065111,0.0208354943737395,0,0,9.290246768507638,61.97602570367333,MSR1;MRC1;APOE;CD14
GO_Biological_Process_2023,Regulation Of Endothelial Cell Migration (GO:0010594),3/88,0.0013893445250705,0.0218747861394081,0,0,14.917396745932416,98.14040765115747,GRN;APOE;THBS1
GO_Biological_Process_2023,NAD Metabolic Process (GO:0019674),2/22,0.001370383663162,0.0218747861394081,0,0,41.520833333333336,273.7329252658829,KYNU;NAMPT
GO_Biological_Process_2023,Positive Regulation Of Neuron Apoptotic Process (GO:0043525),2/23,0.0014985033958486,0.0221778502585606,0,0,39.541666666666664,257.15086234948103,GRN;TYROBP
GO_Biological_Process_2023,Immune Response-Activating Cell Surface Receptor Signaling Pathway (GO:0002429),2/23,0.0014985033958486,0.0221778502585606,0,0,39.541666666666664,257.15086234948103,FCER1G;C5AR1
GO_Biological_Process_2023,Cholesterol Efflux (GO:0033344),2/23,0.0014985033958486,0.0221778502585606,0,0,39.541666666666664,257.15086234948103,NPC2;APOE
GO_Biological_Process_2023,Positive Regulation Of Transforming Growth Factor Beta Receptor Signaling Pathway (GO:0030511),2/24,0.0016321249773357,0.0227881600609145,0,0,37.74242424242424,242.22606459531664,ZEB2;THBS1
GO_Biological_Process_2023,Regulation Of Supramolecular Fiber Organization (GO:1902903),2/24,0.0016321249773357,0.0227881600609145,0,0,37.74242424242424,242.22606459531664,GPX1;APOE
GO_Biological_Process_2023,Positive Regulation Of Cellular Response To Transforming Growth Factor Beta Stimulus (GO:1903846),2/24,0.0016321249773357,0.0227881600609145,0,0,37.74242424242424,242.22606459531664,ZEB2;THBS1
GO_Biological_Process_2023,Sterol Transport (GO:0015918),2/25,0.0017712212130127,0.0235716799432744,0,0,36.09963768115942,228.73040961874747,MSR1;NPC2
GO_Biological_Process_2023,Positive Regulation Of Peptidase Activity (GO:0010952),2/25,0.0017712212130127,0.0235716799432744,0,0,36.09963768115942,228.73040961874747,GRN;CTSS
GO_Biological_Process_2023,Positive Regulation Of Supramolecular Fiber Organization (GO:1902905),3/96,0.001783802806518,0.0235716799432744,0,0,13.628689087165409,86.25607933742052,GPX1;APOE;MTSS1
GO_Biological_Process_2023,Cortical Cytoskeleton Organization (GO:0030865),2/27,0.0020657293545543,0.0263558572822451,0,0,33.208333333333336,205.3029465636782,FMNL2;EPB41L3
GO_Biological_Process_2023,Regulation Of Peptidase Activity (GO:0052547),2/27,0.0020657293545543,0.0263558572822451,0,0,33.208333333333336,205.3029465636782,CTSS;CTSB
GO_Biological_Process_2023,Regulation Of Chemotaxis (GO:0050920),2/28,0.0022210873543451,0.0273934107035896,0,0,31.92948717948718,195.08145262248803,AIF1;THBS1
GO_Biological_Process_2023,Apoptotic Cell Clearance (GO:0043277),2/28,0.0022210873543451,0.0273934107035896,0,0,31.92948717948718,195.08145262248803,TYROBP;THBS1
GO_Biological_Process_2023,Negative Regulation Of Cell Population Proliferation (GO:0008285),5/379,0.0025046631439755,0.0299274460861826,0,0,5.815805109922757,34.83435225893759,FTH1;APOE;AIF1;THBS1;MTSS1
GO_Biological_Process_2023,Negative Regulation Of Myeloid Leukocyte Differentiation (GO:0002762),2/30,0.0025478771667966,0.0299274460861826,0,0,29.645833333333332,177.0595839464994,MAFB;C1QC
GO_Biological_Process_2023,Immunoglobulin Mediated Immune Response (GO:0016064),2/30,0.0025478771667966,0.0299274460861826,0,0,29.645833333333332,177.0595839464994,FCER1G;HLA-DRA
GO_Biological_Process_2023,Cytoskeleton Organization (GO:0007010),3/111,0.0026975348454772,0.0304886239349291,0,0,11.72695035460993,69.36980081998614,FMNL2;EPB41L3;APOE
GO_Biological_Process_2023,Regulation Of Extrinsic Apoptotic Signaling Pathway Via Death Domain Receptors (GO:1902041),2/31,0.0027192556482504,0.0304886239349291,0,0,28.62212643678161,169.08226656127547,GPX1;THBS1
GO_Biological_Process_2023,Regulation Of Long-Term Synaptic Potentiation (GO:1900271),2/31,0.0027192556482504,0.0304886239349291,0,0,28.62212643678161,169.08226656127547,TYROBP;APOE
GO_Biological_Process_2023,Positive Regulation Of Cellular Component Organization (GO:0051130),3/113,0.0028374324702645,0.0313388063879968,0,0,11.512572533849127,67.51957659481218,GPX1;APOE;FNIP2
GO_Biological_Process_2023,Negative Regulation Of Blood Vessel Endothelial Cell Migration (GO:0043537),2/33,0.0030778471463162,0.0325372412610576,0,0,26.772849462365592,154.84144163978604,APOE;THBS1
GO_Biological_Process_2023,Negative Regulation Of Epithelial Cell Migration (GO:0010633),2/33,0.0030778471463162,0.0325372412610576,0,0,26.772849462365592,154.84144163978604,APOE;THBS1
GO_Biological_Process_2023,Positive Regulation Of Ion Transmembrane Transporter Activity (GO:0032414),2/33,0.0030778471463162,0.0325372412610576,0,0,26.772849462365592,154.84144163978604,ATP1B3;CTSS
GO_Biological_Process_2023,Negative Regulation Of Endothelial Cell Migration (GO:0010596),2/37,0.0038576315924392,0.039104758608288,0,0,23.708333333333332,131.76384828572083,APOE;THBS1
GO_Biological_Process_2023,Negative Regulation Of Endothelial Cell Proliferation (GO:0001937),2/37,0.0038576315924392,0.039104758608288,0,0,23.708333333333332,131.76384828572083,APOE;THBS1
GO_Biological_Process_2023,Negative Regulation Of Smooth Muscle Cell Proliferation (GO:0048662),2/37,0.0038576315924392,0.039104758608288,0,0,23.708333333333332,131.76384828572083,APOE;AIF1
GO_Biological_Process_2023,Regulation Of Tumor Necrosis Factor Production (GO:0032680),3/127,0.0039424476157876,0.0394244761578769,0,0,10.205559368565543,56.49750237396662,TYROBP;CD14;THBS1
GO_Biological_Process_2023,Negative Regulation Of Lymphocyte Proliferation (GO:0050672),2/39,0.0042784069542198,0.0416581729752984,0,0,22.42454954954955,122.3074073504305,TYROBP;VSIG4
GO_Biological_Process_2023,Retina Homeostasis (GO:0001895),2/39,0.0042784069542198,0.0416581729752984,0,0,22.42454954954955,122.3074073504305,IGKC;LYZ
GO_Biological_Process_2023,Regulation Of Release Of Cytochrome C From Mitochondria (GO:0090199),2/41,0.0047194951697385,0.0453561873455395,0,0,21.272435897435894,113.93630347986566,GPX1;PLAUR
GO_Biological_Process_2023,Regulation Of Primary Metabolic Process (GO:0080090),2/43,0.0051806911627924,0.0491501469290561,0,0,20.232723577235777,106.48111760263689,PSAP;APOE
GO_Biological_Process_2023,Positive Regulation Of Chemotaxis (GO:0050921),2/44,0.0054187658916089,0.0507580602505146,0,0,19.75,103.05327189846057,AIF1;THBS1
GO_Biological_Process_2023,Vacuolar Transport (GO:0007034),2/46,0.0059097422436154,0.0546651157534427,0,0,18.85037878787879,96.72417883948356,GRN;PSAP
GO_Biological_Process_2023,Positive Regulation Of Lymphocyte Activation (GO:0051251),2/47,0.0061625935135597,0.0549436048196889,0,0,18.430555555555557,93.79784429037068,TYROBP;HLA-DRA
GO_Biological_Process_2023,Positive Regulation Of Smooth Muscle Cell Proliferation (GO:0048661),2/47,0.0061625935135597,0.0549436048196889,0,0,18.430555555555557,93.79784429037068,AIF1;THBS1
GO_Biological_Process_2023,Cognition (GO:0050890),2/47,0.0061625935135597,0.0549436048196889,0,0,18.430555555555557,93.79784429037068,C5AR1;HLA-DRA
GO_Biological_Process_2023,Positive Regulation Of Reactive Oxygen Species Metabolic Process (GO:2000379),2/48,0.0064203200925442,0.0558945513939148,0,0,18.028985507246375,91.01549863791358,TYROBP;THBS1
GO_Biological_Process_2023,Cellular Defense Response (GO:0006968),2/48,0.0064203200925442,0.0558945513939148,0,0,18.028985507246375,91.01549863791358,TYROBP;C5AR1
GO_Biological_Process_2023,Positive Regulation Of Cell Death (GO:0010942),2/50,0.0069502994651568,0.0580041696838714,0,0,17.276041666666668,85.84414194819459,C1QA;TYROBP
GO_Biological_Process_2023,Positive Regulation Of Cell Population Proliferation (GO:0008284),5/483,0.0069761771646818,0.0580041696838714,0,0,4.526266852626685,22.474065483961176,GRN;NAMPT;C5AR1;AIF1;THBS1
GO_Biological_Process_2023,Positive Regulation Of Response To External Stimulus (GO:0032103),3/155,0.0068551228506196,0.0580041696838714,0,0,8.313829787234043,41.42581056937343,GRN;AIF1;THBS1
GO_Biological_Process_2023,Plasma Membrane Bounded Cell Projection Morphogenesis (GO:0120039),2/50,0.0069502994651568,0.0580041696838714,0,0,17.276041666666668,85.84414194819459,EPB41L3;GAS7
GO_Biological_Process_2023,Positive Regulation Of Leukocyte Mediated Cytotoxicity (GO:0001912),2/51,0.0072225026271421,0.0593850216009463,0,0,16.922619047619047,83.43788300609687,TYROBP;HLA-DRA
GO_Biological_Process_2023,Regulation Of Lipid Metabolic Process (GO:0019216),2/54,0.0080676700842631,0.0609191414525993,0,0,15.943910256410255,76.8479024006269,NPC2;PSAP
GO_Biological_Process_2023,Regulation Of Blood Vessel Endothelial Cell Migration (GO:0043535),2/54,0.0080676700842631,0.0609191414525993,0,0,15.943910256410255,76.8479024006269,APOE;THBS1
GO_Biological_Process_2023,Positive Regulation Of Leukocyte Chemotaxis (GO:0002690),2/54,0.0080676700842631,0.0609191414525993,0,0,15.943910256410255,76.8479024006269,AIF1;THBS1
GO_Biological_Process_2023,Regulation Of Smooth Muscle Cell Proliferation (GO:0048660),2/54,0.0080676700842631,0.0609191414525993,0,0,15.943910256410255,76.8479024006269,APOE;THBS1
GO_Biological_Process_2023,Regulation Of Proteasomal Protein Catabolic Process (GO:0061136),2/53,0.0077812124839393,0.0609191414525993,0,0,16.25735294117647,78.94640668269977,GPX1;APOE
GO_Biological_Process_2023,Actin Polymerization Or Depolymerization (GO:0008154),2/53,0.0077812124839393,0.0609191414525993,0,0,16.25735294117647,78.94640668269977,AIF1;GAS7
GO_Biological_Process_2023,Negative Regulation Of Cysteine-Type Endopeptidase Activity (GO:2000117),2/53,0.0077812124839393,0.0609191414525993,0,0,16.25735294117647,78.94640668269977,GPX1;THBS1
GO_Biological_Process_2023,Negative Regulation Of Innate Immune Response (GO:0045824),2/52,0.007499481830469,0.0609191414525993,0,0,16.583333333333332,81.14094572244915,GRN;VSIG4
GO_Biological_Process_2023,Positive Regulation Of Cytokine Production (GO:0001819),4/320,0.0083083505957349,0.0621028226347863,0,0,5.402861860209136,25.882378264707903,FCER1G;TYROBP;CD14;AIF1
GO_Biological_Process_2023,Pattern Recognition Receptor Signaling Pathway (GO:0002221),2/56,0.0086546685435214,0.0640445472220585,0,0,15.351851851851851,72.91602120992282,CD14;CTSS
GO_Biological_Process_2023,Regulation Of Neuron Death (GO:1901214),2/58,0.0092602829393189,0.0678476175752084,0,0,14.802083333333334,69.30366021141536,C1QA;TYROBP
GO_Biological_Process_2023,Positive Regulation Of Proteolysis (GO:0045862),2/59,0.0095700107879558,0.0680943075296855,0,0,14.541666666666666,67.6059670933825,APOE;CTSS
GO_Biological_Process_2023,Phospholipid Transport (GO:0015914),2/59,0.0095700107879558,0.0680943075296855,0,0,14.541666666666666,67.6059670933825,NPC2;APOE
GO_Biological_Process_2023,Regulation Of Type I Interferon Production (GO:0032479),2/59,0.0095700107879558,0.0680943075296855,0,0,14.541666666666666,67.6059670933825,TYROBP;CD14
GO_Biological_Process_2023,Negative Regulation Of Cytokine Production (GO:0001818),3/178,0.009999859714763,0.0704752017992826,0,0,7.212765957446808,33.21611593091175,TYROBP;VSIG4;THBS1
GO_Biological_Process_2023,Regulation Of cGMP-mediated Signaling (GO:0010752),1/5,0.0124387771927725,0.0786726078859117,0,0,101.76530612244898,446.4379351400606,THBS1
GO_Biological_Process_2023,Positive Regulation Of Cholesterol Storage (GO:0010886),1/5,0.0124387771927725,0.0786726078859117,0,0,101.76530612244898,446.4379351400606,MSR1
GO_Biological_Process_2023,"Positive Regulation Of CD4-positive, CD25-positive, Alpha-Beta Regulatory T Cell Differentiation (GO:0032831)",1/5,0.0124387771927725,0.0786726078859117,0,0,101.76530612244898,446.4379351400606,HLA-DRA
GO_Biological_Process_2023,Regulation Of Nitric Oxide Mediated Signal Transduction (GO:0010749),1/5,0.0124387771927725,0.0786726078859117,0,0,101.76530612244898,446.4379351400606,THBS1
GO_Biological_Process_2023,Regulation Of Neutrophil Activation (GO:1902563),1/5,0.0124387771927725,0.0786726078859117,0,0,101.76530612244898,446.4379351400606,GRN
GO_Biological_Process_2023,Positive Regulation Of Extrinsic Apoptotic Signaling Pathway Via Death Domain Receptors (GO:1902043),1/5,0.0124387771927725,0.0786726078859117,0,0,101.76530612244898,446.4379351400606,THBS1
GO_Biological_Process_2023,Regulation Of Long-Chain Fatty Acid Import Across Plasma Membrane (GO:0010746),1/5,0.0124387771927725,0.0786726078859117,0,0,101.76530612244898,446.4379351400606,THBS1
GO_Biological_Process_2023,Forebrain Neuron Differentiation (GO:0021879),1/5,0.0124387771927725,0.0786726078859117,0,0,101.76530612244898,446.4379351400606,ZSWIM6
GO_Biological_Process_2023,Negative Regulation Of Erythrocyte Differentiation (GO:0045647),1/5,0.0124387771927725,0.0786726078859117,0,0,101.76530612244898,446.4379351400606,MAFB
GO_Biological_Process_2023,Neuron Projection Development (GO:0031175),3/192,0.0122634491357897,0.0786726078859117,0,0,6.673758865248227,29.37209407315179,EPB41L3;APOE;GAS7
GO_Biological_Process_2023,Response To Reactive Oxygen Species (GO:0000302),2/66,0.0118650634107129,0.0786726078859117,0,0,12.946614583333334,57.4073222604629,GPX1;APOE
GO_Biological_Process_2023,Nephron Tubule Development (GO:0072080),1/5,0.0124387771927725,0.0786726078859117,0,0,101.76530612244898,446.4379351400606,MTSS1
GO_Biological_Process_2023,Response To Type II Interferon (GO:0034341),2/80,0.0170965192165363,0.0793523992173464,0,0,10.615384615384617,43.19273030214829,KYNU;AIF1
GO_Biological_Process_2023,Spermidine Metabolic Process (GO:0008216),1/7,0.0173717414502839,0.0793523992173464,0,0,67.83673469387755,274.9362107684438,SAT1
GO_Biological_Process_2023,Positive Regulation Of Fibroblast Migration (GO:0010763),1/7,0.0173717414502839,0.0793523992173464,0,0,67.83673469387755,274.9362107684438,THBS1
GO_Biological_Process_2023,Positive Regulation Of Melanin Biosynthetic Process (GO:0048023),1/7,0.0173717414502839,0.0793523992173464,0,0,67.83673469387755,274.9362107684438,ZEB2
GO_Biological_Process_2023,Negative Regulation Of Microglial Cell Activation (GO:1903979),1/7,0.0173717414502839,0.0793523992173464,0,0,67.83673469387755,274.9362107684438,GRN
GO_Biological_Process_2023,Tryptophan Catabolic Process (GO:0006569),1/7,0.0173717414502839,0.0793523992173464,0,0,67.83673469387755,274.9362107684438,KYNU
GO_Biological_Process_2023,Tryptophan Metabolic Process (GO:0006568),1/7,0.0173717414502839,0.0793523992173464,0,0,67.83673469387755,274.9362107684438,KYNU
GO_Biological_Process_2023,Very-Low-Density Lipoprotein Particle Remodeling (GO:0034372),1/7,0.0173717414502839,0.0793523992173464,0,0,67.83673469387755,274.9362107684438,APOE
GO_Biological_Process_2023,UV Protection (GO:0009650),1/7,0.0173717414502839,0.0793523992173464,0,0,67.83673469387755,274.9362107684438,GPX1
GO_Biological_Process_2023,Regulation Of Mammary Gland Epithelial Cell Proliferation (GO:0033599),1/7,0.0173717414502839,0.0793523992173464,0,0,67.83673469387755,274.9362107684438,GPX1
GO_Biological_Process_2023,Benzene-Containing Compound Metabolic Process (GO:0042537),1/7,0.0173717414502839,0.0793523992173464,0,0,67.83673469387755,274.9362107684438,KYNU
GO_Biological_Process_2023,Positive Regulation Of Vascular Associated Smooth Muscle Cell Migration (GO:1904754),1/7,0.0173717414502839,0.0793523992173464,0,0,67.83673469387755,274.9362107684438,DOCK4
GO_Biological_Process_2023,Lipoxygenase Pathway (GO:0019372),1/7,0.0173717414502839,0.0793523992173464,0,0,67.83673469387755,274.9362107684438,GPX1
GO_Biological_Process_2023,"Positive Regulation Of CD4-positive, Alpha-Beta T Cell Differentiation (GO:0043372)",1/7,0.0173717414502839,0.0793523992173464,0,0,67.83673469387755,274.9362107684438,HLA-DRA
GO_Biological_Process_2023,Positive Regulation Of CoA-transferase Activity (GO:1905920),1/7,0.0173717414502839,0.0793523992173464,0,0,67.83673469387755,274.9362107684438,APOE
GO_Biological_Process_2023,"Regulation Of CD4-positive, Alpha-Beta T Cell Activation (GO:2000514)",1/7,0.0173717414502839,0.0793523992173464,0,0,67.83673469387755,274.9362107684438,HLA-DRA
GO_Biological_Process_2023,Regulation Of Cdc42 Protein Signal Transduction (GO:0032489),1/7,0.0173717414502839,0.0793523992173464,0,0,67.83673469387755,274.9362107684438,APOE
GO_Biological_Process_2023,Regulation Of CoA-transferase Activity (GO:1905918),1/7,0.0173717414502839,0.0793523992173464,0,0,67.83673469387755,274.9362107684438,APOE
GO_Biological_Process_2023,Positive Regulation Of Aspartic-Type Peptidase Activity (GO:1905247),1/7,0.0173717414502839,0.0793523992173464,0,0,67.83673469387755,274.9362107684438,GRN
GO_Biological_Process_2023,Positive Regulation Of Endocytosis (GO:0045807),2/79,0.0166954776383478,0.0793523992173464,0,0,10.75378787878788,44.01113934918422,FCER1G;APOE
GO_Biological_Process_2023,Positive Regulation Of Secondary Metabolite Biosynthetic Process (GO:1900378),1/7,0.0173717414502839,0.0793523992173464,0,0,67.83673469387755,274.9362107684438,ZEB2
GO_Biological_Process_2023,Proteolysis Involved In Protein Catabolic Process (GO:0051603),2/78,0.0162985561731684,0.0793523992173464,0,0,10.895833333333334,44.85464558420347,CTSS;CTSB
GO_Biological_Process_2023,Regulation Of Extent Of Cell Growth (GO:0061387),1/7,0.0173717414502839,0.0793523992173464,0,0,67.83673469387755,274.9362107684438,APOE
GO_Biological_Process_2023,Protein Stabilization (GO:0050821),3/208,0.0151834111194001,0.0793523992173464,0,0,6.147898287493513,25.744642668105204,GRN;TYROBP;ATP1B3
GO_Biological_Process_2023,Positive Regulation Of Interleukin-6 Production (GO:0032755),2/76,0.0155171628224907,0.0793523992173464,0,0,11.19144144144144,46.62140287744705,TYROBP;AIF1
GO_Biological_Process_2023,Negative Regulation Of Extrinsic Apoptotic Signaling Pathway (GO:2001237),2/70,0.013274200561286,0.0793523992173464,0,0,12.182598039215684,52.65237170003471,GPX1;THBS1
GO_Biological_Process_2023,Cholesterol Homeostasis (GO:0042632),2/72,0.0140048037295852,0.0793523992173464,0,0,11.833333333333334,50.50886613536219,NPC2;APOE
GO_Biological_Process_2023,Sterol Homeostasis (GO:0055092),2/73,0.0143765335552059,0.0793523992173464,0,0,11.666079812206572,49.48935398933624,NPC2;APOE
GO_Biological_Process_2023,Defense Response To Bacterium (GO:0042742),3/204,0.0144197704909057,0.0793523992173464,0,0,6.271514766592569,26.58592357722333,FCER1G;LYZ;RNASE1
GO_Biological_Process_2023,Negative Regulation Of Neuron Apoptotic Process (GO:0043524),2/74,0.0147525184670075,0.0793523992173464,0,0,11.50347222222222,48.50256694786101,GRN;APOE
GO_Biological_Process_2023,Epithelial Cell Differentiation Involved In Kidney Development (GO:0035850),1/6,0.0149082847993736,0.0793523992173464,0,0,81.40816326530613,342.3895623444841,MTSS1
GO_Biological_Process_2023,Negative Regulation Of Plasminogen Activation (GO:0010757),1/6,0.0149082847993736,0.0793523992173464,0,0,81.40816326530613,342.3895623444841,THBS1
GO_Biological_Process_2023,Adherens Junction Maintenance (GO:0034334),1/6,0.0149082847993736,0.0793523992173464,0,0,81.40816326530613,342.3895623444841,MTSS1
GO_Biological_Process_2023,Positive Regulation Of Receptor Catabolic Process (GO:2000646),1/6,0.0149082847993736,0.0793523992173464,0,0,81.40816326530613,342.3895623444841,APOE
GO_Biological_Process_2023,Sterol Catabolic Process (GO:0016127),1/6,0.0149082847993736,0.0793523992173464,0,0,81.40816326530613,342.3895623444841,APOE
GO_Biological_Process_2023,Antigen Processing And Presentation Of Exogenous Peptide Antigen Via MHC Class I (GO:0042590),1/6,0.0149082847993736,0.0793523992173464,0,0,81.40816326530613,342.3895623444841,FCER1G
GO_Biological_Process_2023,Negative Regulation Of Blood Vessel Endothelial Cell Proliferation Involved In Sprouting Angiogenesis (GO:1903588),1/6,0.0149082847993736,0.0793523992173464,0,0,81.40816326530613,342.3895623444841,THBS1
GO_Biological_Process_2023,Interleukin-3-Mediated Signaling Pathway (GO:0038156),1/6,0.0149082847993736,0.0793523992173464,0,0,81.40816326530613,342.3895623444841,FCER1G
GO_Biological_Process_2023,Positive Regulation Of Amyloid-Beta Clearance (GO:1900223),1/6,0.0149082847993736,0.0793523992173464,0,0,81.40816326530613,342.3895623444841,APOE
GO_Biological_Process_2023,Cholesterol Catabolic Process (GO:0006707),1/6,0.0149082847993736,0.0793523992173464,0,0,81.40816326530613,342.3895623444841,APOE
GO_Biological_Process_2023,Regulation Of T-helper Cell Differentiation (GO:0045622),1/6,0.0149082847993736,0.0793523992173464,0,0,81.40816326530613,342.3895623444841,HLA-DRA
GO_Biological_Process_2023,Regulation Of Osteoclast Development (GO:2001204),1/6,0.0149082847993736,0.0793523992173464,0,0,81.40816326530613,342.3895623444841,TYROBP
GO_Biological_Process_2023,Intracellular Sequestering Of Iron Ion (GO:0006880),1/6,0.0149082847993736,0.0793523992173464,0,0,81.40816326530613,342.3895623444841,FTH1
GO_Biological_Process_2023,Positive Regulation Of Steroid Metabolic Process (GO:0045940),1/6,0.0149082847993736,0.0793523992173464,0,0,81.40816326530613,342.3895623444841,APOE
GO_Biological_Process_2023,Polyamine Biosynthetic Process (GO:0006596),1/6,0.0149082847993736,0.0793523992173464,0,0,81.40816326530613,342.3895623444841,SAT1
GO_Biological_Process_2023,Positive Regulation Of Cell Motility (GO:2000147),3/221,0.0178215403858025,0.0808173580879347,0,0,5.777474136248292,23.267895552531773,GRN;AIF1;THBS1
GO_Biological_Process_2023,Regulation Of Phosphorylation (GO:0042325),2/82,0.0179108739546233,0.0808173580879347,0,0,10.348958333333334,41.62710426921145,THBS1;FNIP2
GO_Biological_Process_2023,Alcohol Catabolic Process (GO:0046164),1/8,0.0198291614511851,0.0843309165165343,0,0,58.142857142857146,227.9549801512961,APOE
GO_Biological_Process_2023,Response To Vitamin (GO:0033273),1/8,0.0198291614511851,0.0843309165165343,0,0,58.142857142857146,227.9549801512961,KYNU
GO_Biological_Process_2023,Response To Magnesium Ion (GO:0032026),1/8,0.0198291614511851,0.0843309165165343,0,0,58.142857142857146,227.9549801512961,THBS1
GO_Biological_Process_2023,Kynurenine Metabolic Process (GO:0070189),1/8,0.0198291614511851,0.0843309165165343,0,0,58.142857142857146,227.9549801512961,KYNU
GO_Biological_Process_2023,Triglyceride-Rich Lipoprotein Particle Remodeling (GO:0034370),1/8,0.0198291614511851,0.0843309165165343,0,0,58.142857142857146,227.9549801512961,APOE
GO_Biological_Process_2023,Regulation Of Defense Response To Bacterium (GO:1900424),1/8,0.0198291614511851,0.0843309165165343,0,0,58.142857142857146,227.9549801512961,GRN
GO_Biological_Process_2023,Regulation Of Dendritic Cell Antigen Processing And Presentation (GO:0002604),1/8,0.0198291614511851,0.0843309165165343,0,0,58.142857142857146,227.9549801512961,THBS1
GO_Biological_Process_2023,Positive Regulation Of Endothelial Cell Migration (GO:0010595),2/85,0.0191627543313976,0.0843309165165343,0,0,9.973393574297187,39.44264488506008,GRN;THBS1
GO_Biological_Process_2023,Defense Response To Gram-positive Bacterium (GO:0050830),2/85,0.0191627543313976,0.0843309165165343,0,0,9.973393574297187,39.44264488506008,LYZ;RNASE1
GO_Biological_Process_2023,Positive Regulation Of Memory T Cell Differentiation (GO:0043382),1/8,0.0198291614511851,0.0843309165165343,0,0,58.142857142857146,227.9549801512961,HLA-DRA
GO_Biological_Process_2023,Negative Regulation Of Neuron Death (GO:1901215),2/88,0.0204505278871254,0.0864765179227018,0,0,9.624031007751938,37.43504172973695,GRN;APOE
GO_Biological_Process_2023,Regulation Of Cysteine-Type Endopeptidase Activity Involved In Apoptotic Signaling Pathway (GO:2001267),1/10,0.024725948817258,0.0867165977477296,0,0,45.21768707482993,167.3010120823387,PLAUR
GO_Biological_Process_2023,Negative Regulation Of Hemostasis (GO:1900047),1/10,0.024725948817258,0.0867165977477296,0,0,45.21768707482993,167.3010120823387,APOE
GO_Biological_Process_2023,Fatty Acid Homeostasis (GO:0055089),1/10,0.024725948817258,0.0867165977477296,0,0,45.21768707482993,167.3010120823387,APOE
GO_Biological_Process_2023,Positive Regulation Of Nitric-Oxide Synthase Biosynthetic Process (GO:0051770),1/10,0.024725948817258,0.0867165977477296,0,0,45.21768707482993,167.3010120823387,NAMPT
GO_Biological_Process_2023,Positive Regulation Of Phospholipid Transport (GO:2001140),1/10,0.024725948817258,0.0867165977477296,0,0,45.21768707482993,167.3010120823387,APOE
GO_Biological_Process_2023,Negative Regulation Of Sprouting Angiogenesis (GO:1903671),1/10,0.024725948817258,0.0867165977477296,0,0,45.21768707482993,167.3010120823387,THBS1
GO_Biological_Process_2023,Regulation Of Melanin Biosynthetic Process (GO:0048021),1/10,0.024725948817258,0.0867165977477296,0,0,45.21768707482993,167.3010120823387,ZEB2
GO_Biological_Process_2023,Negative Regulation Of Transmembrane Transport (GO:0034763),1/10,0.024725948817258,0.0867165977477296,0,0,45.21768707482993,167.3010120823387,THBS1
GO_Biological_Process_2023,Positive Regulation Of Transforming Growth Factor Beta Production (GO:0071636),1/10,0.024725948817258,0.0867165977477296,0,0,45.21768707482993,167.3010120823387,THBS1
GO_Biological_Process_2023,Basement Membrane Organization (GO:0071711),1/10,0.024725948817258,0.0867165977477296,0,0,45.21768707482993,167.3010120823387,CTSS
GO_Biological_Process_2023,Negative Regulation Of B Cell Proliferation (GO:0030889),1/10,0.024725948817258,0.0867165977477296,0,0,45.21768707482993,167.3010120823387,TYROBP
GO_Biological_Process_2023,Positive Regulation Of Cholesterol Metabolic Process (GO:0090205),1/10,0.024725948817258,0.0867165977477296,0,0,45.21768707482993,167.3010120823387,APOE
GO_Biological_Process_2023,Regulation Of Axon Regeneration (GO:0048679),1/10,0.024725948817258,0.0867165977477296,0,0,45.21768707482993,167.3010120823387,GRN
GO_Biological_Process_2023,Positive Regulation Of Defense Response To Bacterium (GO:1900426),1/10,0.024725948817258,0.0867165977477296,0,0,45.21768707482993,167.3010120823387,GRN
GO_Biological_Process_2023,Engulfment Of Apoptotic Cell (GO:0043652),1/10,0.024725948817258,0.0867165977477296,0,0,45.21768707482993,167.3010120823387,THBS1
GO_Biological_Process_2023,Regulation Of Defense Response (GO:0031347),2/97,0.024523395696302,0.0867165977477296,0,0,8.708333333333334,32.29161197321332,GRN;APOE
GO_Biological_Process_2023,Aromatic Amino Acid Family Catabolic Process (GO:0009074),1/10,0.024725948817258,0.0867165977477296,0,0,45.21768707482993,167.3010120823387,KYNU
GO_Biological_Process_2023,Regulation Of Protein Metabolic Process (GO:0051246),2/96,0.0240556444712905,0.0867165977477296,0,0,8.801418439716311,32.80628046281635,PLAUR;APOE
GO_Biological_Process_2023,Neuron Remodeling (GO:0016322),1/9,0.0222805591236868,0.0867165977477296,0,0,50.87244897959184,193.52086993316271,C1QA
GO_Biological_Process_2023,Positive Regulation Of Transmembrane Receptor Protein Serine/Threonine Kinase Signaling Pathway (GO:0090100),2/95,0.0235916467130086,0.0867165977477296,0,0,8.896505376344086,33.333983109146935,ZEB2;THBS1
GO_Biological_Process_2023,Cellular Response To Chemical Stress (GO:0062197),2/89,0.0208876608034354,0.0867165977477296,0,0,9.512931034482758,36.80169347929862,GPX1;AIF1
GO_Biological_Process_2023,Positive Regulation Of Binding (GO:0051099),2/91,0.0217736102157896,0.0867165977477296,0,0,9.298220973782772,35.5848177883064,PLAUR;APOE
GO_Biological_Process_2023,Regulation Of Granulocyte Differentiation (GO:0030852),1/9,0.0222805591236868,0.0867165977477296,0,0,50.87244897959184,193.52086993316271,C1QC
GO_Biological_Process_2023,Regulation Of Inflammatory Response To Wounding (GO:0106014),1/9,0.0222805591236868,0.0867165977477296,0,0,50.87244897959184,193.52086993316271,GRN
GO_Biological_Process_2023,Regulation Of Memory T Cell Differentiation (GO:0043380),1/9,0.0222805591236868,0.0867165977477296,0,0,50.87244897959184,193.52086993316271,HLA-DRA
GO_Biological_Process_2023,Negative Regulation Of Transforming Growth Factor Beta Production (GO:0071635),1/9,0.0222805591236868,0.0867165977477296,0,0,50.87244897959184,193.52086993316271,TYROBP
GO_Biological_Process_2023,Positive Regulation Of Sodium Ion Transmembrane Transport (GO:1902307),1/9,0.0222805591236868,0.0867165977477296,0,0,50.87244897959184,193.52086993316271,ATP1B3
GO_Biological_Process_2023,High-Density Lipoprotein Particle Assembly (GO:0034380),1/9,0.0222805591236868,0.0867165977477296,0,0,50.87244897959184,193.52086993316271,APOE
GO_Biological_Process_2023,Myelin Assembly (GO:0032288),1/9,0.0222805591236868,0.0867165977477296,0,0,50.87244897959184,193.52086993316271,EPB41L3
GO_Biological_Process_2023,Myelin Maintenance (GO:0043217),1/9,0.0222805591236868,0.0867165977477296,0,0,50.87244897959184,193.52086993316271,EPB41L3
GO_Biological_Process_2023,Dicarboxylic Acid Biosynthetic Process (GO:0043650),1/9,0.0222805591236868,0.0867165977477296,0,0,50.87244897959184,193.52086993316271,KYNU
GO_Biological_Process_2023,Regulation Of Endothelial Cell Proliferation (GO:0001936),2/93,0.0226749954090764,0.0867165977477296,0,0,9.092948717948715,34.43038199107018,APOE;THBS1
GO_Biological_Process_2023,Positive Regulation Of Cellular Component Biogenesis (GO:0044089),2/93,0.0226749954090764,0.0867165977477296,0,0,9.092948717948715,34.43038199107018,FNIP2;MTSS1
GO_Biological_Process_2023,"Regulation Of mRNA Splicing, Via Spliceosome (GO:0048024)",2/94,0.0231314233527167,0.0867165977477296,0,0,8.993659420289855,33.87518721331595,RBM47;QKI
GO_Biological_Process_2023,Cellular Response To Hormone Stimulus (GO:0032870),2/94,0.0231314233527167,0.0867165977477296,0,0,8.993659420289855,33.87518721331595,CTSS;CTSB
GO_Biological_Process_2023,Positive Regulation Of Epithelial Cell Migration (GO:0010634),2/95,0.0235916467130086,0.0867165977477296,0,0,8.896505376344086,33.333983109146935,GRN;THBS1
GO_Biological_Process_2023,Polyamine Metabolic Process (GO:0006595),1/11,0.0271653448579923,0.0885566308146007,0,0,40.69387755102041,146.73452100035948,SAT1
GO_Biological_Process_2023,Regulation Of Cell Activation (GO:0050865),1/11,0.0271653448579923,0.0885566308146007,0,0,40.69387755102041,146.73452100035948,FCER1G
GO_Biological_Process_2023,Positive Regulation Of Coagulation (GO:0050820),1/11,0.0271653448579923,0.0885566308146007,0,0,40.69387755102041,146.73452100035948,THBS1
GO_Biological_Process_2023,Regulation Of Amyloid Precursor Protein Catabolic Process (GO:1902991),1/11,0.0271653448579923,0.0885566308146007,0,0,40.69387755102041,146.73452100035948,APOE
GO_Biological_Process_2023,Cytidine To Uridine Editing (GO:0016554),1/11,0.0271653448579923,0.0885566308146007,0,0,40.69387755102041,146.73452100035948,RBM47
GO_Biological_Process_2023,Complement Receptor Mediated Signaling Pathway (GO:0002430),1/11,0.0271653448579923,0.0885566308146007,0,0,40.69387755102041,146.73452100035948,C5AR1
GO_Biological_Process_2023,"Regulation Of CD4-positive, Alpha-Beta T Cell Differentiation (GO:0043370)",1/11,0.0271653448579923,0.0885566308146007,0,0,40.69387755102041,146.73452100035948,HLA-DRA
GO_Biological_Process_2023,Cellular Response To Fluid Shear Stress (GO:0071498),1/11,0.0271653448579923,0.0885566308146007,0,0,40.69387755102041,146.73452100035948,MTSS1
GO_Biological_Process_2023,Positive Regulation Of Lipid Transport (GO:0032370),1/11,0.0271653448579923,0.0885566308146007,0,0,40.69387755102041,146.73452100035948,APOE
GO_Biological_Process_2023,Melanocyte Differentiation (GO:0030318),1/11,0.0271653448579923,0.0885566308146007,0,0,40.69387755102041,146.73452100035948,LRMDA
GO_Biological_Process_2023,Biogenic Amine Biosynthetic Process (GO:0042401),1/11,0.0271653448579923,0.0885566308146007,0,0,40.69387755102041,146.73452100035948,SAT1
GO_Biological_Process_2023,Regulation Of Homotypic Cell-Cell Adhesion (GO:0034110),1/11,0.0271653448579923,0.0885566308146007,0,0,40.69387755102041,146.73452100035948,PLAUR
GO_Biological_Process_2023,Negative Regulation Of Nitrogen Compound Metabolic Process (GO:0051172),1/11,0.0271653448579923,0.0885566308146007,0,0,40.69387755102041,146.73452100035948,APOE
GO_Biological_Process_2023,Negative Regulation Of Fibrinolysis (GO:0051918),1/11,0.0271653448579923,0.0885566308146007,0,0,40.69387755102041,146.73452100035948,THBS1
GO_Biological_Process_2023,Positive Regulation Of Hemostasis (GO:1900048),1/11,0.0271653448579923,0.0885566308146007,0,0,40.69387755102041,146.73452100035948,THBS1
GO_Biological_Process_2023,Phospholipid Efflux (GO:0033700),1/11,0.0271653448579923,0.0885566308146007,0,0,40.69387755102041,146.73452100035948,APOE
GO_Biological_Process_2023,Positive Regulation Of Vasculature Development (GO:1904018),2/104,0.0279010087799889,0.0905559056894376,0,0,8.107843137254902,29.018720027145317,GRN;THBS1
GO_Biological_Process_2023,"Positive Regulation Of CD4-positive, Alpha-Beta T Cell Activation (GO:2000516)",1/12,0.029598761568907,0.0912628481707968,0,0,36.99257884972171,130.2147194065139,HLA-DRA
GO_Biological_Process_2023,Negative Regulation Of Complement Activation (GO:0045916),1/12,0.029598761568907,0.0912628481707968,0,0,36.99257884972171,130.2147194065139,VSIG4
GO_Biological_Process_2023,Sodium Ion Export Across Plasma Membrane (GO:0036376),1/12,0.029598761568907,0.0912628481707968,0,0,36.99257884972171,130.2147194065139,ATP1B3
GO_Biological_Process_2023,Regulation Of Vascular Associated Smooth Muscle Cell Migration (GO:1904752),1/12,0.029598761568907,0.0912628481707968,0,0,36.99257884972171,130.2147194065139,DOCK4
GO_Biological_Process_2023,Cell-Cell Junction Maintenance (GO:0045217),1/12,0.029598761568907,0.0912628481707968,0,0,36.99257884972171,130.2147194065139,MTSS1
GO_Biological_Process_2023,Negative Regulation Of Coagulation (GO:0050819),1/12,0.029598761568907,0.0912628481707968,0,0,36.99257884972171,130.2147194065139,APOE
GO_Biological_Process_2023,Positive Regulation Of Protein Localization To Cell Surface (GO:2000010),1/12,0.029598761568907,0.0912628481707968,0,0,36.99257884972171,130.2147194065139,TYROBP
GO_Biological_Process_2023,Positive Regulation Of Myeloid Leukocyte Mediated Immunity (GO:0002888),1/12,0.029598761568907,0.0912628481707968,0,0,36.99257884972171,130.2147194065139,TYROBP
GO_Biological_Process_2023,Positive Regulation Of T Cell Activation (GO:0050870),2/107,0.0294027974439489,0.0912628481707968,0,0,7.875,27.772490481823706,HLA-DRA;AIF1
GO_Biological_Process_2023,Lysosomal Transport (GO:0007041),2/105,0.0283980432384044,0.0912628481707968,0,0,8.028721682847896,28.593770697553435,GRN;PSAP
GO_Biological_Process_2023,Regulation Of Neuron Apoptotic Process (GO:0043523),2/105,0.0283980432384044,0.0912628481707968,0,0,8.028721682847896,28.593770697553435,GRN;APOE
GO_Biological_Process_2023,Adipose Tissue Development (GO:0060612),1/12,0.029598761568907,0.0912628481707968,0,0,36.99257884972171,130.2147194065139,NAMPT
GO_Biological_Process_2023,Lipid Transport (GO:0006869),2/108,0.029910476921657,0.0915356603678852,0,0,7.800314465408805,27.37556602865933,NPC2;APOE
GO_Biological_Process_2023,Positive Regulation Of Apoptotic Process (GO:0043065),3/270,0.0299346348770651,0.0915356603678852,0,0,4.705474539803968,16.51028255772315,GRN;CTSD;CTSS
GO_Biological_Process_2023,Response To Progesterone (GO:0032570),1/13,0.032026213248763,0.0918581310235839,0,0,33.90816326530612,116.6847899929619,THBS1
GO_Biological_Process_2023,Regulation Of Nitrogen Compound Metabolic Process (GO:0051171),1/13,0.032026213248763,0.0918581310235839,0,0,33.90816326530612,116.6847899929619,APOE
GO_Biological_Process_2023,Regulation Of Nitric-Oxide Synthase Biosynthetic Process (GO:0051769),1/13,0.032026213248763,0.0918581310235839,0,0,33.90816326530612,116.6847899929619,NAMPT
GO_Biological_Process_2023,Intracellular Potassium Ion Homeostasis (GO:0030007),1/13,0.032026213248763,0.0918581310235839,0,0,33.90816326530612,116.6847899929619,ATP1B3
GO_Biological_Process_2023,Positive Regulation Of Superoxide Anion Generation (GO:0032930),1/13,0.032026213248763,0.0918581310235839,0,0,33.90816326530612,116.6847899929619,TYROBP
GO_Biological_Process_2023,Positive Regulation Of Potassium Ion Transmembrane Transporter Activity (GO:1901018),1/13,0.032026213248763,0.0918581310235839,0,0,33.90816326530612,116.6847899929619,ATP1B3
GO_Biological_Process_2023,Regulation Of Immune Effector Process (GO:0002697),1/13,0.032026213248763,0.0918581310235839,0,0,33.90816326530612,116.6847899929619,HLA-DRA
GO_Biological_Process_2023,Negative Regulation Of Cell Migration Involved In Sprouting Angiogenesis (GO:0090051),1/13,0.032026213248763,0.0918581310235839,0,0,33.90816326530612,116.6847899929619,THBS1
GO_Biological_Process_2023,Positive Regulation Of Macrophage Chemotaxis (GO:0010759),1/13,0.032026213248763,0.0918581310235839,0,0,33.90816326530612,116.6847899929619,THBS1
GO_Biological_Process_2023,Negative Regulation Of Interleukin-12 Production (GO:0032695),1/13,0.032026213248763,0.0918581310235839,0,0,33.90816326530612,116.6847899929619,THBS1
GO_Biological_Process_2023,Negative Regulation Of Fibroblast Growth Factor Receptor Signaling Pathway (GO:0040037),1/13,0.032026213248763,0.0918581310235839,0,0,33.90816326530612,116.6847899929619,THBS1
GO_Biological_Process_2023,Regulation Of Transforming Growth Factor Beta Receptor Signaling Pathway (GO:0017015),2/111,0.0314544847807964,0.0918581310235839,0,0,7.584480122324159,26.23633758944092,ZEB2;THBS1
GO_Biological_Process_2023,Negative Regulation Of Inflammatory Response (GO:0050728),2/111,0.0314544847807964,0.0918581310235839,0,0,7.584480122324159,26.23633758944092,GRN;APOE
GO_Biological_Process_2023,Regulation Of Apoptotic Process (GO:0042981),5/705,0.0308214919272218,0.0918581310235839,0,0,3.0555555555555554,10.631937074305196,ANXA5;PLAUR;CTSD;THBS1;CTSB
GO_Biological_Process_2023,Positive Regulation Of Cell Migration (GO:0030335),3/272,0.0305019961058191,0.0918581310235839,0,0,4.670015028078779,16.298180364562498,GRN;AIF1;THBS1
GO_Biological_Process_2023,Negative Regulation Of Neuroinflammatory Response (GO:0150079),1/13,0.032026213248763,0.0918581310235839,0,0,33.90816326530612,116.6847899929619,GRN
GO_Biological_Process_2023,Ceramide Transport (GO:0035627),1/14,0.0344477141698711,0.0930339725755644,0,0,31.298273155416013,105.4223689491126,PSAP
GO_Biological_Process_2023,Regulation Of Superoxide Anion Generation (GO:0032928),1/14,0.0344477141698711,0.0930339725755644,0,0,31.298273155416013,105.4223689491126,TYROBP
GO_Biological_Process_2023,Peptide Antigen Assembly With MHC Class II Protein Complex (GO:0002503),1/14,0.0344477141698711,0.0930339725755644,0,0,31.298273155416013,105.4223689491126,HLA-DRA
GO_Biological_Process_2023,Lipoprotein Biosynthetic Process (GO:0042158),1/14,0.0344477141698711,0.0930339725755644,0,0,31.298273155416013,105.4223689491126,APOE
GO_Biological_Process_2023,Positive Regulation Of Type I Interferon-Mediated Signaling Pathway (GO:0060340),1/14,0.0344477141698711,0.0930339725755644,0,0,31.298273155416013,105.4223689491126,RBM47
GO_Biological_Process_2023,Regulation Of Microglial Cell Activation (GO:1903978),1/14,0.0344477141698711,0.0930339725755644,0,0,31.298273155416013,105.4223689491126,GRN
GO_Biological_Process_2023,Regulation Of Macrophage Differentiation (GO:0045649),1/14,0.0344477141698711,0.0930339725755644,0,0,31.298273155416013,105.4223689491126,C1QC
GO_Biological_Process_2023,Negative Regulation Of Smooth Muscle Cell Migration (GO:0014912),1/14,0.0344477141698711,0.0930339725755644,0,0,31.298273155416013,105.4223689491126,AIF1
GO_Biological_Process_2023,Regulation Of Hemopoiesis (GO:1903706),1/14,0.0344477141698711,0.0930339725755644,0,0,31.298273155416013,105.4223689491126,MAFB
GO_Biological_Process_2023,Positive Regulation Of Membrane Protein Ectodomain Proteolysis (GO:0051044),1/14,0.0344477141698711,0.0930339725755644,0,0,31.298273155416013,105.4223689491126,APOE
GO_Biological_Process_2023,Regulation Of Establishment Of Protein Localization (GO:0070201),1/14,0.0344477141698711,0.0930339725755644,0,0,31.298273155416013,105.4223689491126,CTSD
GO_Biological_Process_2023,Regulation Of Endothelial Cell Chemotaxis (GO:2001026),1/14,0.0344477141698711,0.0930339725755644,0,0,31.298273155416013,105.4223689491126,THBS1
GO_Biological_Process_2023,Regulation Of Cholesterol Storage (GO:0010885),1/14,0.0344477141698711,0.0930339725755644,0,0,31.298273155416013,105.4223689491126,MSR1
GO_Biological_Process_2023,Regulation Of MAP Kinase Activity (GO:0043405),2/114,0.0330295301793541,0.0930339725755644,0,0,7.380208333333333,25.169117576656426,APOE;THBS1
GO_Biological_Process_2023,Regulation Of Interleukin-6 Production (GO:0032675),2/114,0.0330295301793541,0.0930339725755644,0,0,7.380208333333333,25.169117576656426,TYROBP;AIF1
GO_Biological_Process_2023,MHC Class II Protein Complex Assembly (GO:0002399),1/14,0.0344477141698711,0.0930339725755644,0,0,31.298273155416013,105.4223689491126,HLA-DRA
GO_Biological_Process_2023,Cellular Response To Oxidative Stress (GO:0034599),2/117,0.0346350824710412,0.093199858285711,0,0,7.186594202898551,24.167712601380277,GPX1;AIF1
GO_Biological_Process_2023,Positive Regulation Of Endothelial Cell Apoptotic Process (GO:2000353),1/15,0.0368632785936063,0.0940649177905816,0,0,29.06122448979592,95.91771596133704,THBS1
GO_Biological_Process_2023,Negative Regulation Of Cell-Substrate Junction Organization (GO:0150118),1/15,0.0368632785936063,0.0940649177905816,0,0,29.06122448979592,95.91771596133704,THBS1
GO_Biological_Process_2023,Regulation Of Amyloid-Beta Clearance (GO:1900221),1/15,0.0368632785936063,0.0940649177905816,0,0,29.06122448979592,95.91771596133704,APOE
GO_Biological_Process_2023,Intracellular Sterol Transport (GO:0032366),1/15,0.0368632785936063,0.0940649177905816,0,0,29.06122448979592,95.91771596133704,NPC2
GO_Biological_Process_2023,Positive Regulation Of Syncytium Formation By Plasma Membrane Fusion (GO:0060143),1/15,0.0368632785936063,0.0940649177905816,0,0,29.06122448979592,95.91771596133704,TYROBP
GO_Biological_Process_2023,High-Density Lipoprotein Particle Remodeling (GO:0034375),1/15,0.0368632785936063,0.0940649177905816,0,0,29.06122448979592,95.91771596133704,APOE
GO_Biological_Process_2023,Negative Regulation Of Protein Processing (GO:0010955),1/15,0.0368632785936063,0.0940649177905816,0,0,29.06122448979592,95.91771596133704,THBS1
GO_Biological_Process_2023,Negative Regulation Of Immune Effector Process (GO:0002698),1/15,0.0368632785936063,0.0940649177905816,0,0,29.06122448979592,95.91771596133704,GRN
GO_Biological_Process_2023,Negative Regulation Of Macrophage Activation (GO:0043031),1/15,0.0368632785936063,0.0940649177905816,0,0,29.06122448979592,95.91771596133704,GRN
GO_Biological_Process_2023,Regulation Of Protein-Containing Complex Assembly (GO:0043254),2/119,0.0357221395623332,0.0940649177905816,0,0,7.063034188034188,23.53392133172277,APOE;FNIP2
GO_Biological_Process_2023,Positive Regulation Of Angiogenesis (GO:0045766),2/119,0.0357221395623332,0.0940649177905816,0,0,7.063034188034188,23.53392133172277,GRN;THBS1
GO_Biological_Process_2023,Negative Regulation Of Platelet Activation (GO:0010544),1/15,0.0368632785936063,0.0940649177905816,0,0,29.06122448979592,95.91771596133704,APOE
GO_Biological_Process_2023,B Cell Mediated Immunity (GO:0019724),1/15,0.0368632785936063,0.0940649177905816,0,0,29.06122448979592,95.91771596133704,FCER1G
GO_Biological_Process_2023,Negative Regulation Of Focal Adhesion Assembly (GO:0051895),1/15,0.0368632785936063,0.0940649177905816,0,0,29.06122448979592,95.91771596133704,THBS1
GO_Biological_Process_2023,Regulation Of Cholesterol Biosynthetic Process (GO:0045540),1/15,0.0368632785936063,0.0940649177905816,0,0,29.06122448979592,95.91771596133704,APOE
GO_Biological_Process_2023,Positive Regulation Of Macromolecule Biosynthetic Process (GO:0010557),2/122,0.0373773734873947,0.0947234807557263,0,0,6.885416666666667,22.63022834568748,NAMPT;THBS1
GO_Biological_Process_2023,Regulation Of Protein Catabolic Process (GO:0042176),2/122,0.0373773734873947,0.0947234807557263,0,0,6.885416666666667,22.63022834568748,GPX1;APOE
GO_Biological_Process_2023,Reverse Cholesterol Transport (GO:0043691),1/16,0.0392729207344652,0.0955985570510009,0,0,27.122448979591837,87.80133530116419,APOE
GO_Biological_Process_2023,Negative Regulation Of Amyloid-Beta Formation (GO:1902430),1/16,0.0392729207344652,0.0955985570510009,0,0,27.122448979591837,87.80133530116419,APOE
GO_Biological_Process_2023,Regulation Of Natural Killer Cell Activation (GO:0032814),1/16,0.0392729207344652,0.0955985570510009,0,0,27.122448979591837,87.80133530116419,TYROBP
GO_Biological_Process_2023,Intracellular Cholesterol Transport (GO:0032367),1/16,0.0392729207344652,0.0955985570510009,0,0,27.122448979591837,87.80133530116419,NPC2
GO_Biological_Process_2023,Negative Regulation Of Release Of Cytochrome C From Mitochondria (GO:0090201),1/16,0.0392729207344652,0.0955985570510009,0,0,27.122448979591837,87.80133530116419,GPX1
GO_Biological_Process_2023,Regulation Of Blood Vessel Endothelial Cell Proliferation Involved In Sprouting Angiogenesis (GO:1903587),1/16,0.0392729207344652,0.0955985570510009,0,0,27.122448979591837,87.80133530116419,THBS1
GO_Biological_Process_2023,Positive Regulation Of Lymphocyte Migration (GO:2000403),1/16,0.0392729207344652,0.0955985570510009,0,0,27.122448979591837,87.80133530116419,AIF1
GO_Biological_Process_2023,Negative Regulation Of Interleukin-10 Production (GO:0032693),1/16,0.0392729207344652,0.0955985570510009,0,0,27.122448979591837,87.80133530116419,TYROBP
GO_Biological_Process_2023,"Synaptic Transmission, Cholinergic (GO:0007271)",1/16,0.0392729207344652,0.0955985570510009,0,0,27.122448979591837,87.80133530116419,APOE
GO_Biological_Process_2023,Positive Regulation Of Homotypic Cell-Cell Adhesion (GO:0034112),1/16,0.0392729207344652,0.0955985570510009,0,0,27.122448979591837,87.80133530116419,PLAUR
GO_Biological_Process_2023,Positive Regulation Of Epithelial Cell Proliferation (GO:0050679),2/123,0.0379356146383277,0.0955985570510009,0,0,6.828168044077135,22.34084340876857,GRN;C5AR1
GO_Biological_Process_2023,Heart Process (GO:0003015),1/16,0.0392729207344652,0.0955985570510009,0,0,27.122448979591837,87.80133530116419,GPX1
GO_Biological_Process_2023,Response To Acidic pH (GO:0010447),1/17,0.0416766547912334,0.0972893518785892,0,0,25.426020408163264,80.79916728086499,CTSS
GO_Biological_Process_2023,Carbohydrate Derivative Transport (GO:1901264),1/17,0.0416766547912334,0.0972893518785892,0,0,25.426020408163264,80.79916728086499,NPC2
GO_Biological_Process_2023,Base Conversion Or Substitution Editing (GO:0016553),1/17,0.0416766547912334,0.0972893518785892,0,0,25.426020408163264,80.79916728086499,RBM47
GO_Biological_Process_2023,Neuron Maturation (GO:0042551),1/17,0.0416766547912334,0.0972893518785892,0,0,25.426020408163264,80.79916728086499,C1QA
GO_Biological_Process_2023,Amyloid Precursor Protein Metabolic Process (GO:0042982),1/17,0.0416766547912334,0.0972893518785892,0,0,25.426020408163264,80.79916728086499,APOE
GO_Biological_Process_2023,Positive Regulation Of Regulatory T Cell Differentiation (GO:0045591),1/17,0.0416766547912334,0.0972893518785892,0,0,25.426020408163264,80.79916728086499,HLA-DRA
GO_Biological_Process_2023,Positive Regulation Of Potassium Ion Transmembrane Transport (GO:1901381),1/17,0.0416766547912334,0.0972893518785892,0,0,25.426020408163264,80.79916728086499,ATP1B3
GO_Biological_Process_2023,Rac Protein Signal Transduction (GO:0016601),1/17,0.0416766547912334,0.0972893518785892,0,0,25.426020408163264,80.79916728086499,AIF1
GO_Biological_Process_2023,Positive Regulation Of Macrophage Derived Foam Cell Differentiation (GO:0010744),1/17,0.0416766547912334,0.0972893518785892,0,0,25.426020408163264,80.79916728086499,MSR1
GO_Biological_Process_2023,Positive Regulation Of Macrophage Activation (GO:0043032),1/17,0.0416766547912334,0.0972893518785892,0,0,25.426020408163264,80.79916728086499,THBS1
GO_Biological_Process_2023,Negative Regulation Of Fibroblast Proliferation (GO:0048147),1/17,0.0416766547912334,0.0972893518785892,0,0,25.426020408163264,80.79916728086499,FTH1
GO_Biological_Process_2023,Positive Regulation Of Nitric-Oxide Synthase Activity (GO:0051000),1/17,0.0416766547912334,0.0972893518785892,0,0,25.426020408163264,80.79916728086499,APOE
GO_Biological_Process_2023,Negative Regulation Of Leukocyte Activation (GO:0002695),1/17,0.0416766547912334,0.0972893518785892,0,0,25.426020408163264,80.79916728086499,GRN
GO_Biological_Process_2023,Negative Regulation Of Amyloid Precursor Protein Catabolic Process (GO:1902992),1/18,0.0440744949316926,0.0979433220704281,0,0,23.92917166866747,74.70385911458476,APOE
GO_Biological_Process_2023,Nitric Oxide Mediated Signal Transduction (GO:0007263),1/18,0.0440744949316926,0.0979433220704281,0,0,23.92917166866747,74.70385911458476,APOE
GO_Biological_Process_2023,Positive Regulation Of Cation Transmembrane Transport (GO:1904064),1/18,0.0440744949316926,0.0979433220704281,0,0,23.92917166866747,74.70385911458476,CTSS
GO_Biological_Process_2023,Response To Axon Injury (GO:0048678),1/18,0.0440744949316926,0.0979433220704281,0,0,23.92917166866747,74.70385911458476,TYROBP
GO_Biological_Process_2023,Membrane Repolarization (GO:0086009),1/18,0.0440744949316926,0.0979433220704281,0,0,23.92917166866747,74.70385911458476,ATP1B3
GO_Biological_Process_2023,Peptide Antigen Assembly With MHC Protein Complex (GO:0002501),1/18,0.0440744949316926,0.0979433220704281,0,0,23.92917166866747,74.70385911458476,HLA-DRA
GO_Biological_Process_2023,Lysosomal Lumen Acidification (GO:0007042),1/18,0.0440744949316926,0.0979433220704281,0,0,23.92917166866747,74.70385911458476,GRN
GO_Biological_Process_2023,Intracellular Sodium Ion Homeostasis (GO:0006883),1/18,0.0440744949316926,0.0979433220704281,0,0,23.92917166866747,74.70385911458476,ATP1B3
GO_Biological_Process_2023,Antigen Processing And Presentation Of Peptide Antigen Via MHC Class I (GO:0002474),1/18,0.0440744949316926,0.0979433220704281,0,0,23.92917166866747,74.70385911458476,FCER1G
GO_Biological_Process_2023,Positive Regulation Of Osteoclast Differentiation (GO:0045672),1/18,0.0440744949316926,0.0979433220704281,0,0,23.92917166866747,74.70385911458476,TYROBP
GO_Biological_Process_2023,Positive Regulation Of Natural Killer Cell Activation (GO:0032816),1/18,0.0440744949316926,0.0979433220704281,0,0,23.92917166866747,74.70385911458476,TYROBP
GO_Biological_Process_2023,Positive Regulation Of Macrophage Migration (GO:1905523),1/18,0.0440744949316926,0.0979433220704281,0,0,23.92917166866747,74.70385911458476,THBS1
GO_Biological_Process_2023,Positive Regulation Of Interleukin-4 Production (GO:0032753),1/18,0.0440744949316926,0.0979433220704281,0,0,23.92917166866747,74.70385911458476,FCER1G
GO_Biological_Process_2023,3'-UTR-mediated mRNA Stabilization (GO:0070935),1/18,0.0440744949316926,0.0979433220704281,0,0,23.92917166866747,74.70385911458476,RBM47
GO_Biological_Process_2023,Positive Regulation Of MAPK Cascade (GO:0043410),3/310,0.0423559096851941,0.0979433220704281,0,0,4.084066809896735,12.912378899302078,C5AR1;APOE;THBS1
GO_Biological_Process_2023,Intracellular Lipid Transport (GO:0032365),1/18,0.0440744949316926,0.0979433220704281,0,0,23.92917166866747,74.70385911458476,NPC2
GO_Biological_Process_2023,Regulation Of Behavior (GO:0050795),1/19,0.0464664552952436,0.1005414529780125,0,0,22.598639455782312,69.35578082800635,APOE
GO_Biological_Process_2023,Cortical Actin Cytoskeleton Organization (GO:0030866),1/19,0.0464664552952436,0.1005414529780125,0,0,22.598639455782312,69.35578082800635,FMNL2
GO_Biological_Process_2023,Positive Regulation Of Alpha-Beta T Cell Activation (GO:0046635),1/19,0.0464664552952436,0.1005414529780125,0,0,22.598639455782312,69.35578082800635,HLA-DRA
GO_Biological_Process_2023,Cellular Response To Lectin (GO:1990858),1/19,0.0464664552952436,0.1005414529780125,0,0,22.598639455782312,69.35578082800635,TYROBP
GO_Biological_Process_2023,Stimulatory C-type Lectin Receptor Signaling Pathway (GO:0002223),1/19,0.0464664552952436,0.1005414529780125,0,0,22.598639455782312,69.35578082800635,TYROBP
GO_Biological_Process_2023,Regulation Of Granulocyte Chemotaxis (GO:0071622),1/19,0.0464664552952436,0.1005414529780125,0,0,22.598639455782312,69.35578082800635,THBS1
GO_Biological_Process_2023,Regulation Of Fibroblast Growth Factor Receptor Signaling Pathway (GO:0040036),1/19,0.0464664552952436,0.1005414529780125,0,0,22.598639455782312,69.35578082800635,THBS1
GO_Biological_Process_2023,Protein Localization To Plasma Membrane (GO:0072659),2/137,0.0460802533373535,0.1005414529780125,0,0,6.1157407407407405,18.820401760879264,EPB41L3;ATP1B3
GO_Biological_Process_2023,Immunoglobulin Production Involved In Immunoglobulin-Mediated Immune Response (GO:0002381),1/19,0.0464664552952436,0.1005414529780125,0,0,22.598639455782312,69.35578082800635,HLA-DRA
GO_Biological_Process_2023,Response To Ketone (GO:1901654),1/20,0.0488525499820277,0.1035842034002881,0,0,21.40816326530612,64.63014669364038,THBS1
GO_Biological_Process_2023,Negative Regulation Of B Cell Activation (GO:0050869),1/20,0.0488525499820277,0.1035842034002881,0,0,21.40816326530612,64.63014669364038,TYROBP
GO_Biological_Process_2023,Hydrogen Peroxide Catabolic Process (GO:0042744),1/20,0.0488525499820277,0.1035842034002881,0,0,21.40816326530612,64.63014669364038,GPX1
GO_Biological_Process_2023,Regulation Of Macrophage Chemotaxis (GO:0010758),1/20,0.0488525499820277,0.1035842034002881,0,0,21.40816326530612,64.63014669364038,THBS1
GO_Biological_Process_2023,Positive Regulation Of Lipid Storage (GO:0010884),1/20,0.0488525499820277,0.1035842034002881,0,0,21.40816326530612,64.63014669364038,MSR1
GO_Biological_Process_2023,Positive Regulation Of Leukocyte Activation (GO:0002696),1/20,0.0488525499820277,0.1035842034002881,0,0,21.40816326530612,64.63014669364038,THBS1
GO_Biological_Process_2023,Regulation Of Fibroblast Migration (GO:0010762),1/20,0.0488525499820277,0.1035842034002881,0,0,21.40816326530612,64.63014669364038,THBS1
GO_Biological_Process_2023,Protein Localization To Cell Periphery (GO:1990778),2/142,0.049132198764417,0.1038795059590532,0,0,5.895833333333333,17.765564841290935,EPB41L3;ATP1B3
GO_Biological_Process_2023,Proteolysis (GO:0006508),3/330,0.0494005795439841,0.10414936997877,0,0,3.830372828420847,11.520969052606691,CTSD;CTSS;CTSB
GO_Biological_Process_2023,Positive Regulation Of Blood Coagulation (GO:0030194),1/21,0.0512327930672156,0.1059001867869819,0,0,20.336734693877553,60.42807445408675,THBS1
GO_Biological_Process_2023,Positive Regulation Of Vacuole Organization (GO:0044090),1/21,0.0512327930672156,0.1059001867869819,0,0,20.336734693877553,60.42807445408675,GRN
GO_Biological_Process_2023,Antigen Processing And Presentation Of Endogenous Peptide Antigen (GO:0002483),1/21,0.0512327930672156,0.1059001867869819,0,0,20.336734693877553,60.42807445408675,HLA-DRA
GO_Biological_Process_2023,Regulation Of Steroid Metabolic Process (GO:0019218),1/21,0.0512327930672156,0.1059001867869819,0,0,20.336734693877553,60.42807445408675,APOE
GO_Biological_Process_2023,Negative Regulation Of Osteoclast Differentiation (GO:0045671),1/21,0.0512327930672156,0.1059001867869819,0,0,20.336734693877553,60.42807445408675,MAFB
GO_Biological_Process_2023,Negative Regulation Of Interleukin-2 Production (GO:0032703),1/21,0.0512327930672156,0.1059001867869819,0,0,20.336734693877553,60.42807445408675,VSIG4
GO_Biological_Process_2023,Regulation Of Membrane Protein Ectodomain Proteolysis (GO:0051043),1/21,0.0512327930672156,0.1059001867869819,0,0,20.336734693877553,60.42807445408675,APOE
GO_Biological_Process_2023,Neuron Projection Morphogenesis (GO:0048812),2/146,0.0516255263806262,0.1064147340436306,0,0,5.730902777777778,16.984900248335105,EPB41L3;GAS7
GO_Biological_Process_2023,Fc Receptor Mediated Stimulatory Signaling Pathway (GO:0002431),1/22,0.0536071985992547,0.1086830875710919,0,0,19.367346938775512,56.67024999786951,FCER1G
GO_Biological_Process_2023,Fc-epsilon Receptor Signaling Pathway (GO:0038095),1/22,0.0536071985992547,0.1086830875710919,0,0,19.367346938775512,56.67024999786951,FCER1G
GO_Biological_Process_2023,Negative Regulation Of Myeloid Cell Differentiation (GO:0045638),1/22,0.0536071985992547,0.1086830875710919,0,0,19.367346938775512,56.67024999786951,MAFB
GO_Biological_Process_2023,Regulation Of Mononuclear Cell Migration (GO:0071675),1/22,0.0536071985992547,0.1086830875710919,0,0,19.367346938775512,56.67024999786951,THBS1
GO_Biological_Process_2023,Cellular Response To Low-Density Lipoprotein Particle Stimulus (GO:0071404),1/22,0.0536071985992547,0.1086830875710919,0,0,19.367346938775512,56.67024999786951,FCER1G
GO_Biological_Process_2023,Positive Regulation Of Cholesterol Efflux (GO:0010875),1/22,0.0536071985992547,0.1086830875710919,0,0,19.367346938775512,56.67024999786951,APOE
GO_Biological_Process_2023,Regulation Of T Cell Migration (GO:2000404),1/23,0.0559757805878795,0.1110511464746135,0,0,18.4860853432282,53.29235549319145,AIF1
GO_Biological_Process_2023,Positive Regulation Of Epithelial Cell Apoptotic Process (GO:1904037),1/23,0.0559757805878795,0.1110511464746135,0,0,18.4860853432282,53.29235549319145,THBS1
GO_Biological_Process_2023,Regulation Of Toll-Like Receptor 4 Signaling Pathway (GO:0034143),1/23,0.0559757805878795,0.1110511464746135,0,0,18.4860853432282,53.29235549319145,CD14
GO_Biological_Process_2023,Long-Chain Fatty Acid Transport (GO:0015909),1/23,0.0559757805878795,0.1110511464746135,0,0,18.4860853432282,53.29235549319145,APOE
GO_Biological_Process_2023,Potassium Ion Homeostasis (GO:0055075),1/23,0.0559757805878795,0.1110511464746135,0,0,18.4860853432282,53.29235549319145,ATP1B3
GO_Biological_Process_2023,Regulation Of Interleukin-4 Production (GO:0032673),1/23,0.0559757805878795,0.1110511464746135,0,0,18.4860853432282,53.29235549319145,FCER1G
GO_Biological_Process_2023,Negative Regulation Of Extrinsic Apoptotic Signaling Pathway Via Death Domain Receptors (GO:1902042),1/23,0.0559757805878795,0.1110511464746135,0,0,18.4860853432282,53.29235549319145,GPX1
GO_Biological_Process_2023,Regulation Of Cholesterol Metabolic Process (GO:0090181),1/23,0.0559757805878795,0.1110511464746135,0,0,18.4860853432282,53.29235549319145,APOE
GO_Biological_Process_2023,Fc-gamma Receptor Signaling Pathway (GO:0038094),1/24,0.0583385530130099,0.1133084756683133,0,0,17.68145519077196,50.24171555062859,FCER1G
GO_Biological_Process_2023,Positive Regulation Of Lipid Metabolic Process (GO:0045834),1/24,0.0583385530130099,0.1133084756683133,0,0,17.68145519077196,50.24171555062859,APOE
GO_Biological_Process_2023,Acylglycerol Homeostasis (GO:0055090),1/24,0.0583385530130099,0.1133084756683133,0,0,17.68145519077196,50.24171555062859,APOE
GO_Biological_Process_2023,Iron Ion Transport (GO:0006826),1/24,0.0583385530130099,0.1133084756683133,0,0,17.68145519077196,50.24171555062859,FTH1
GO_Biological_Process_2023,Regulation Of Proteolysis Involved In Protein Catabolic Process (GO:1903050),1/24,0.0583385530130099,0.1133084756683133,0,0,17.68145519077196,50.24171555062859,GPX1
GO_Biological_Process_2023,Positive Regulation Of ERBB Signaling Pathway (GO:1901186),1/24,0.0583385530130099,0.1133084756683133,0,0,17.68145519077196,50.24171555062859,PLAUR
GO_Biological_Process_2023,Response To Hexose (GO:0009746),1/24,0.0583385530130099,0.1133084756683133,0,0,17.68145519077196,50.24171555062859,THBS1
GO_Biological_Process_2023,Negative Regulation Of Cell Junction Assembly (GO:1901889),1/24,0.0583385530130099,0.1133084756683133,0,0,17.68145519077196,50.24171555062859,THBS1
GO_Biological_Process_2023,Regulation Of Gene Expression (GO:0010468),6/1127,0.0608092343657425,0.11508653051317,0,0,2.290446841294299,6.413282352717693,MSR1;GPX1;TYROBP;MAFB;APOE;AIF1
GO_Biological_Process_2023,Sodium Ion Homeostasis (GO:0055078),1/25,0.0606955298241754,0.11508653051317,0,0,16.943877551020407,47.47480020477031,ATP1B3
GO_Biological_Process_2023,Positive Regulation Of T Cell Migration (GO:2000406),1/25,0.0606955298241754,0.11508653051317,0,0,16.943877551020407,47.47480020477031,AIF1
GO_Biological_Process_2023,Regulation Of Protein Processing (GO:0070613),1/25,0.0606955298241754,0.11508653051317,0,0,16.943877551020407,47.47480020477031,PLAUR
GO_Biological_Process_2023,Positive Regulation Of Cellular Process (GO:0048522),4/594,0.0607028679477867,0.11508653051317,0,0,2.8533529845246868,7.994422624720667,GRN;NAMPT;AIF1;THBS1
GO_Biological_Process_2023,Organophosphate Ester Transport (GO:0015748),1/25,0.0606955298241754,0.11508653051317,0,0,16.943877551020407,47.47480020477031,NPC2
GO_Biological_Process_2023,Positive Regulation Of Release Of Cytochrome C From Mitochondria (GO:0090200),1/25,0.0606955298241754,0.11508653051317,0,0,16.943877551020407,47.47480020477031,PLAUR
GO_Biological_Process_2023,Regulation Of Lysosomal Lumen pH (GO:0035751),1/25,0.0606955298241754,0.11508653051317,0,0,16.943877551020407,47.47480020477031,GRN
GO_Biological_Process_2023,Negative Regulation Of Protein Transport (GO:0051224),1/25,0.0606955298241754,0.11508653051317,0,0,16.943877551020407,47.47480020477031,APOE
GO_Biological_Process_2023,Osteoclast Differentiation (GO:0030316),1/25,0.0606955298241754,0.11508653051317,0,0,16.943877551020407,47.47480020477031,TYROBP
GO_Biological_Process_2023,Regulation Of Actin Filament Bundle Assembly (GO:0032231),1/26,0.0630467249540435,0.1169287630726621,0,0,16.26530612244898,44.95534064809558,MTSS1
GO_Biological_Process_2023,Regulation Of Potassium Ion Transmembrane Transporter Activity (GO:1901016),1/26,0.0630467249540435,0.1169287630726621,0,0,16.26530612244898,44.95534064809558,ATP1B3
GO_Biological_Process_2023,Nucleic Acid Phosphodiester Bond Hydrolysis (GO:0090305),1/26,0.0630467249540435,0.1169287630726621,0,0,16.26530612244898,44.95534064809558,RNASE1
GO_Biological_Process_2023,Plasma Membrane Invagination (GO:0099024),1/26,0.0630467249540435,0.1169287630726621,0,0,16.26530612244898,44.95534064809558,MSR1
GO_Biological_Process_2023,Positive Regulation Of Monooxygenase Activity (GO:0032770),1/26,0.0630467249540435,0.1169287630726621,0,0,16.26530612244898,44.95534064809558,APOE
GO_Biological_Process_2023,Fc Receptor Signaling Pathway (GO:0038093),1/26,0.0630467249540435,0.1169287630726621,0,0,16.26530612244898,44.95534064809558,FCER1G
GO_Biological_Process_2023,Regulation Of Macromolecule Metabolic Process (GO:0060255),2/162,0.0620359971863136,0.1169287630726621,0,0,5.153645833333333,14.327343946785978,APOE;AIF1
GO_Biological_Process_2023,Regulation Of Myeloid Cell Differentiation (GO:0045637),1/26,0.0630467249540435,0.1169287630726621,0,0,16.26530612244898,44.95534064809558,MAFB
GO_Biological_Process_2023,T Cell Activation Involved In Immune Response (GO:0002286),1/27,0.0653921522588676,0.1200749197805509,0,0,15.638932496075354,42.652889831563165,FCER1G
GO_Biological_Process_2023,Activation Of Phospholipase C Activity (GO:0007202),1/27,0.0653921522588676,0.1200749197805509,0,0,15.638932496075354,42.652889831563165,C5AR1
GO_Biological_Process_2023,Positive Regulation Of Response To Wounding (GO:1903036),1/27,0.0653921522588676,0.1200749197805509,0,0,15.638932496075354,42.652889831563165,GRN
GO_Biological_Process_2023,Peptide Cross-Linking (GO:0018149),1/27,0.0653921522588676,0.1200749197805509,0,0,15.638932496075354,42.652889831563165,THBS1
GO_Biological_Process_2023,RNA Phosphodiester Bond Hydrolysis (GO:0090501),1/28,0.0677318256109869,0.1228469386081625,0,0,15.058956916099774,40.54171043527237,RNASE1
GO_Biological_Process_2023,Regulation Of Lipid Biosynthetic Process (GO:0046890),1/28,0.0677318256109869,0.1228469386081625,0,0,15.058956916099774,40.54171043527237,APOE
GO_Biological_Process_2023,Negative Regulation Of Wound Healing (GO:0061045),1/28,0.0677318256109869,0.1228469386081625,0,0,15.058956916099774,40.54171043527237,APOE
GO_Biological_Process_2023,Regulation Of Nitric-Oxide Synthase Activity (GO:0050999),1/28,0.0677318256109869,0.1228469386081625,0,0,15.058956916099774,40.54171043527237,APOE
GO_Biological_Process_2023,Regulation Of Platelet Activation (GO:0010543),1/28,0.0677318256109869,0.1228469386081625,0,0,15.058956916099774,40.54171043527237,FCER1G
GO_Biological_Process_2023,Response To Steroid Hormone (GO:0048545),1/29,0.0700657588372089,0.1252383128974266,0,0,14.520408163265309,38.5999069065122,THBS1
GO_Biological_Process_2023,Alpha-Amino Acid Catabolic Process (GO:1901606),1/29,0.0700657588372089,0.1252383128974266,0,0,14.520408163265309,38.5999069065122,KYNU
GO_Biological_Process_2023,Integrated Stress Response Signaling (GO:0140467),1/29,0.0700657588372089,0.1252383128974266,0,0,14.520408163265309,38.5999069065122,MAFB
GO_Biological_Process_2023,Regulation Of Developmental Growth (GO:0048638),1/29,0.0700657588372089,0.1252383128974266,0,0,14.520408163265309,38.5999069065122,APOE
GO_Biological_Process_2023,Negative Regulation Of Programmed Cell Death (GO:0043069),3/381,0.0697677490315496,0.1252383128974266,0,0,3.3049645390070923,8.799743799293005,ANXA5;PLAUR;THBS1
GO_Biological_Process_2023,Vacuolar Acidification (GO:0007035),1/29,0.0700657588372089,0.1252383128974266,0,0,14.520408163265309,38.5999069065122,GRN
GO_Biological_Process_2023,Positive Regulation Of Cellular Biosynthetic Process (GO:0031328),2/174,0.0702729911306294,0.1253060564738935,0,0,4.791182170542636,12.722350612514177,ZEB2;THBS1
GO_Biological_Process_2023,Positive Regulation Of Extrinsic Apoptotic Signaling Pathway (GO:2001238),1/31,0.0747164600026276,0.1268123403714322,0,0,13.551020408163266,35.15209038871121,THBS1
GO_Biological_Process_2023,Regulation Of Cell Morphogenesis (GO:0022604),1/31,0.0747164600026276,0.1268123403714322,0,0,13.551020408163266,35.15209038871121,FMNL2
GO_Biological_Process_2023,Negative Regulation Of Cell-Matrix Adhesion (GO:0001953),1/31,0.0747164600026276,0.1268123403714322,0,0,13.551020408163266,35.15209038871121,THBS1
GO_Biological_Process_2023,Positive Regulation Of Cholesterol Transport (GO:0032376),1/31,0.0747164600026276,0.1268123403714322,0,0,13.551020408163266,35.15209038871121,APOE
GO_Biological_Process_2023,Positive Regulation Of G1/S Transition Of Mitotic Cell Cycle (GO:1900087),1/31,0.0747164600026276,0.1268123403714322,0,0,13.551020408163266,35.15209038871121,AIF1
GO_Biological_Process_2023,Regulation Of Protein Localization To Cell Surface (GO:2000008),1/31,0.0747164600026276,0.1268123403714322,0,0,13.551020408163266,35.15209038871121,TYROBP
GO_Biological_Process_2023,Regulation Of Macrophage Activation (GO:0043030),1/31,0.0747164600026276,0.1268123403714322,0,0,13.551020408163266,35.15209038871121,THBS1
GO_Biological_Process_2023,Actin Filament Polymerization (GO:0030041),1/31,0.0747164600026276,0.1268123403714322,0,0,13.551020408163266,35.15209038871121,GAS7
GO_Biological_Process_2023,Triglyceride Homeostasis (GO:0070328),1/31,0.0747164600026276,0.1268123403714322,0,0,13.551020408163266,35.15209038871121,APOE
GO_Biological_Process_2023,Positive Regulation Of Mononuclear Cell Migration (GO:0071677),1/31,0.0747164600026276,0.1268123403714322,0,0,13.551020408163266,35.15209038871121,AIF1
GO_Biological_Process_2023,Negative Regulation Of Chemotaxis (GO:0050922),1/31,0.0747164600026276,0.1268123403714322,0,0,13.551020408163266,35.15209038871121,THBS1
GO_Biological_Process_2023,Positive Regulation Of Leukocyte Migration (GO:0002687),1/31,0.0747164600026276,0.1268123403714322,0,0,13.551020408163266,35.15209038871121,AIF1
GO_Biological_Process_2023,Toll-Like Receptor Signaling Pathway (GO:0002224),1/31,0.0747164600026276,0.1268123403714322,0,0,13.551020408163266,35.15209038871121,CTSS
GO_Biological_Process_2023,Positive Regulation Of Locomotion (GO:0040017),1/30,0.0723939657090184,0.1268123403714322,0,0,14.019000703729768,36.80874147674154,THBS1
GO_Biological_Process_2023,Positive Regulation Of Phosphate Metabolic Process (GO:0045937),1/30,0.0723939657090184,0.1268123403714322,0,0,14.019000703729768,36.80874147674154,THBS1
GO_Biological_Process_2023,Regulation Of Macrophage Derived Foam Cell Differentiation (GO:0010743),1/30,0.0723939657090184,0.1268123403714322,0,0,14.019000703729768,36.80874147674154,MSR1
GO_Biological_Process_2023,Positive Regulation Of Hydrolase Activity (GO:0051345),2/176,0.0716793261504705,0.1268123403714322,0,0,4.735632183908046,12.48100918849243,PSAP;CTSS
GO_Biological_Process_2023,Negative Regulation Of Blood Coagulation (GO:0030195),1/30,0.0723939657090184,0.1268123403714322,0,0,14.019000703729768,36.80874147674154,APOE
GO_Biological_Process_2023,Regulation Of Cell Migration Involved In Sprouting Angiogenesis (GO:0090049),1/30,0.0723939657090184,0.1268123403714322,0,0,14.019000703729768,36.80874147674154,THBS1
GO_Biological_Process_2023,Positive Regulation Of ERK1 And ERK2 Cascade (GO:0070374),2/179,0.0738061123878065,0.1268123403714322,0,0,4.654661016949152,12.131506903576025,C5AR1;APOE
GO_Biological_Process_2023,Innate Immune Response Activating Cell Surface Receptor Signaling Pathway (GO:0002220),1/30,0.0723939657090184,0.1268123403714322,0,0,14.019000703729768,36.80874147674154,TYROBP
GO_Biological_Process_2023,Regulation Of Cholesterol Efflux (GO:0010874),1/32,0.0770332554327668,0.1301475091786472,0,0,13.113232389730086,33.61600807740255,APOE
GO_Biological_Process_2023,Transition Metal Ion Transport (GO:0000041),1/32,0.0770332554327668,0.1301475091786472,0,0,13.113232389730086,33.61600807740255,FTH1
GO_Biological_Process_2023,Positive Regulation Of Epidermal Growth Factor Receptor Signaling Pathway (GO:0045742),1/33,0.0793443657059371,0.1307679969318339,0,0,12.70280612244898,32.18837516559274,PLAUR
GO_Biological_Process_2023,Regulation Of Amyloid-Beta Formation (GO:1902003),1/33,0.0793443657059371,0.1307679969318339,0,0,12.70280612244898,32.18837516559274,APOE
GO_Biological_Process_2023,Positive Regulation Of T Cell Mediated Cytotoxicity (GO:0001916),1/33,0.0793443657059371,0.1307679969318339,0,0,12.70280612244898,32.18837516559274,HLA-DRA
GO_Biological_Process_2023,Regulation Of Type I Interferon-Mediated Signaling Pathway (GO:0060338),1/33,0.0793443657059371,0.1307679969318339,0,0,12.70280612244898,32.18837516559274,RBM47
GO_Biological_Process_2023,Positive Regulation Of DNA Binding (GO:0043388),1/33,0.0793443657059371,0.1307679969318339,0,0,12.70280612244898,32.18837516559274,PLAUR
GO_Biological_Process_2023,Actin Filament Bundle Organization (GO:0061572),1/33,0.0793443657059371,0.1307679969318339,0,0,12.70280612244898,32.18837516559274,AIF1
GO_Biological_Process_2023,Positive Regulation Of Small Molecule Metabolic Process (GO:0062013),1/33,0.0793443657059371,0.1307679969318339,0,0,12.70280612244898,32.18837516559274,APOE
GO_Biological_Process_2023,Actin Filament Bundle Assembly (GO:0051017),1/33,0.0793443657059371,0.1307679969318339,0,0,12.70280612244898,32.18837516559274,AIF1
GO_Biological_Process_2023,Epithelial Tube Morphogenesis (GO:0060562),1/33,0.0793443657059371,0.1307679969318339,0,0,12.70280612244898,32.18837516559274,MTSS1
GO_Biological_Process_2023,Negative Regulation Of Macromolecule Metabolic Process (GO:0010605),2/186,0.0788471335909125,0.1307679969318339,0,0,4.475996376811594,11.37012436768999,MSR1;APOE
GO_Biological_Process_2023,Regulation Of Sprouting Angiogenesis (GO:1903670),1/33,0.0793443657059371,0.1307679969318339,0,0,12.70280612244898,32.18837516559274,THBS1
GO_Biological_Process_2023,Regulation Of Neuronal Synaptic Plasticity (GO:0048168),1/34,0.0816498044624026,0.1341771435548849,0,0,12.317254174397032,30.85861216573232,APOE
GO_Biological_Process_2023,Intracellular Monoatomic Cation Homeostasis (GO:0030003),2/190,0.0817755293827744,0.1341771435548849,0,0,4.379875886524823,10.966233523351685,FTH1;ATP1B3
GO_Biological_Process_2023,Protein Localization To Membrane (GO:0072657),2/192,0.0832523822519886,0.1362981479346716,0,0,4.333333333333333,10.772140317863167,EPB41L3;ATP1B3
GO_Biological_Process_2023,Adherens Junction Organization (GO:0034332),1/35,0.0839495853612937,0.1365333915766096,0,0,11.95438175270108,29.61744503578088,MTSS1
GO_Biological_Process_2023,Regulation Of mRNA Processing (GO:0050684),1/35,0.0839495853612937,0.1365333915766096,0,0,11.95438175270108,29.61744503578088,QKI
GO_Biological_Process_2023,Regulation Of Axon Extension (GO:0030516),1/35,0.0839495853612937,0.1365333915766096,0,0,11.95438175270108,29.61744503578088,APOE
GO_Biological_Process_2023,Negative Regulation Of T Cell Proliferation (GO:0042130),1/36,0.0862437219743075,0.1384389463361987,0,0,11.612244897959185,28.456712045041098,VSIG4
GO_Biological_Process_2023,Regulation Of T Cell Mediated Cytotoxicity (GO:0001914),1/36,0.0862437219743075,0.1384389463361987,0,0,11.612244897959185,28.456712045041098,HLA-DRA
GO_Biological_Process_2023,Lytic Vacuole Organization (GO:0080171),1/36,0.0862437219743075,0.1384389463361987,0,0,11.612244897959185,28.456712045041098,GRN
GO_Biological_Process_2023,Regulation Of Erythrocyte Differentiation (GO:0045646),1/36,0.0862437219743075,0.1384389463361987,0,0,11.612244897959185,28.456712045041098,MAFB
GO_Biological_Process_2023,Positive Regulation Of Protein Metabolic Process (GO:0051247),2/196,0.0862308158063644,0.1384389463361987,0,0,4.243127147766323,10.398749122125208,APOE;THBS1
GO_Biological_Process_2023,Positive Regulation Of Phospholipase C Activity (GO:0010863),1/36,0.0862437219743075,0.1384389463361987,0,0,11.612244897959185,28.456712045041098,C5AR1
GO_Biological_Process_2023,Positive Regulation Of Immune Effector Process (GO:0002699),1/37,0.0885322278902676,0.1411936393077544,0,0,11.289115646258503,27.36920368672352,HLA-DRA
GO_Biological_Process_2023,Melanosome Organization (GO:0032438),1/37,0.0885322278902676,0.1411936393077544,0,0,11.289115646258503,27.36920368672352,APOE
GO_Biological_Process_2023,Regulation Of Cellular Component Biogenesis (GO:0044087),1/37,0.0885322278902676,0.1411936393077544,0,0,11.289115646258503,27.36920368672352,APOE
GO_Biological_Process_2023,Positive Regulation Of Cation Channel Activity (GO:2001259),1/38,0.0908151166313484,0.1429855027812721,0,0,10.983452840595698,26.34852930034076,CTSS
GO_Biological_Process_2023,Connective Tissue Development (GO:0061448),1/38,0.0908151166313484,0.1429855027812721,0,0,10.983452840595698,26.34852930034076,NAMPT
GO_Biological_Process_2023,mRNA Transcription By RNA Polymerase II (GO:0042789),1/38,0.0908151166313484,0.1429855027812721,0,0,10.983452840595698,26.34852930034076,C5AR1
GO_Biological_Process_2023,Amino Acid Catabolic Process (GO:0009063),1/38,0.0908151166313484,0.1429855027812721,0,0,10.983452840595698,26.34852930034076,KYNU
GO_Biological_Process_2023,Fatty Acid Transport (GO:0015908),1/38,0.0908151166313484,0.1429855027812721,0,0,10.983452840595698,26.34852930034076,APOE
GO_Biological_Process_2023,Negative Regulation Of Type I Interferon Production (GO:0032480),1/38,0.0908151166313484,0.1429855027812721,0,0,10.983452840595698,26.34852930034076,TYROBP
GO_Biological_Process_2023,Positive Regulation Of ATP-dependent Activity (GO:0032781),1/39,0.0930924017046572,0.1444200781162397,0,0,10.693877551020408,25.38900533231373,ATP1B3
GO_Biological_Process_2023,Regulation Of Angiogenesis (GO:0045765),2/205,0.0930486614402728,0.1444200781162397,0,0,4.05316091954023,9.62476838242684,GRN;THBS1
GO_Biological_Process_2023,Positive Regulation Of Lipid Biosynthetic Process (GO:0046889),1/39,0.0930924017046572,0.1444200781162397,0,0,10.693877551020408,25.38900533231373,APOE
GO_Biological_Process_2023,Negative Regulation Of Mitochondrion Organization (GO:0010823),1/39,0.0930924017046572,0.1444200781162397,0,0,10.693877551020408,25.38900533231373,GPX1
GO_Biological_Process_2023,Positive Regulation Of Pattern Recognition Receptor Signaling Pathway (GO:0062208),1/39,0.0930924017046572,0.1444200781162397,0,0,10.693877551020408,25.38900533231373,CD14
GO_Biological_Process_2023,Negative Regulation Of Protein Secretion (GO:0050709),1/39,0.0930924017046572,0.1444200781162397,0,0,10.693877551020408,25.38900533231373,APOE
GO_Biological_Process_2023,Negative Regulation Of Cell-Substrate Adhesion (GO:0010812),1/39,0.0930924017046572,0.1444200781162397,0,0,10.693877551020408,25.38900533231373,THBS1
GO_Biological_Process_2023,Cyclic-Nucleotide-Mediated Signaling (GO:0019935),1/40,0.0953640965755271,0.1455039824038971,0,0,10.419152276295131,24.485561288951835,APOE
GO_Biological_Process_2023,Cellular Response To Heat (GO:0034605),1/40,0.0953640965755271,0.1455039824038971,0,0,10.419152276295131,24.485561288951835,THBS1
GO_Biological_Process_2023,Positive Regulation Of Cell Cycle G1/S Phase Transition (GO:1902808),1/40,0.0953640965755271,0.1455039824038971,0,0,10.419152276295131,24.485561288951835,AIF1
GO_Biological_Process_2023,Regulation Of Small Molecule Metabolic Process (GO:0062012),1/40,0.0953640965755271,0.1455039824038971,0,0,10.419152276295131,24.485561288951835,APOE
GO_Biological_Process_2023,Regulation Of Canonical Wnt Signaling Pathway (GO:0060828),2/207,0.0945848472510804,0.1455039824038971,0,0,4.013211382113822,9.464187818681536,ZEB2;APOE
GO_Biological_Process_2023,Negative Regulation Of Secretion By Cell (GO:1903531),1/40,0.0953640965755271,0.1455039824038971,0,0,10.419152276295131,24.485561288951835,APOE
GO_Biological_Process_2023,Positive Regulation Of Wound Healing (GO:0090303),1/40,0.0953640965755271,0.1455039824038971,0,0,10.419152276295131,24.485561288951835,THBS1
GO_Biological_Process_2023,Regulation Of Cell Migration (GO:0030334),3/434,0.0943327759416907,0.1455039824038971,0,0,2.8907044478451893,6.824740962285768,GRN;AIF1;THBS1
GO_Biological_Process_2023,Acylglycerol Metabolic Process (GO:0006639),1/41,0.0976302146847681,0.1471412604210355,0,0,10.158163265306122,23.633660200289185,APOE
GO_Biological_Process_2023,Negative Regulation Of Proteolysis (GO:0045861),1/41,0.0976302146847681,0.1471412604210355,0,0,10.158163265306122,23.633660200289185,CTSB
GO_Biological_Process_2023,Positive Regulation Of Response To Biotic Stimulus (GO:0002833),1/41,0.0976302146847681,0.1471412604210355,0,0,10.158163265306122,23.633660200289185,GRN
GO_Biological_Process_2023,Heart Contraction (GO:0060047),1/41,0.0976302146847681,0.1471412604210355,0,0,10.158163265306122,23.633660200289185,GPX1
GO_Biological_Process_2023,Regulation Of Chemokine Production (GO:0032642),1/41,0.0976302146847681,0.1471412604210355,0,0,10.158163265306122,23.633660200289185,AIF1
GO_Biological_Process_2023,Visual System Development (GO:0150063),1/41,0.0976302146847681,0.1471412604210355,0,0,10.158163265306122,23.633660200289185,C1QA
GO_Biological_Process_2023,Regulation Of Osteoclast Differentiation (GO:0045670),1/42,0.0998907694703361,0.1499374633023301,0,0,9.909905425584869,22.829231064333683,MAFB
GO_Biological_Process_2023,Potassium Ion Import Across Plasma Membrane (GO:1990573),1/42,0.0998907694703361,0.1499374633023301,0,0,9.909905425584869,22.829231064333683,ATP1B3
GO_Biological_Process_2023,Regulation Of Endothelial Cell Apoptotic Process (GO:2000351),1/43,0.1021457742794159,0.1520882755870579,0,0,9.673469387755102,22.068611238785657,THBS1
GO_Biological_Process_2023,Lysosome Organization (GO:0007040),1/43,0.1021457742794159,0.1520882755870579,0,0,9.673469387755102,22.068611238785657,GRN
GO_Biological_Process_2023,mRNA Transcription (GO:0009299),1/43,0.1021457742794159,0.1520882755870579,0,0,9.673469387755102,22.068611238785657,C5AR1
GO_Biological_Process_2023,Positive Regulation Of T Cell Mediated Immunity (GO:0002711),1/43,0.1021457742794159,0.1520882755870579,0,0,9.673469387755102,22.068611238785657,HLA-DRA
GO_Biological_Process_2023,Positive Regulation Of Cytokine-Mediated Signaling Pathway (GO:0001961),1/44,0.1043952424647777,0.1538894012428994,0,0,9.448030374940672,21.34849709415977,RBM47
GO_Biological_Process_2023,Regulation Of B Cell Proliferation (GO:0030888),1/44,0.1043952424647777,0.1538894012428994,0,0,9.448030374940672,21.34849709415977,TYROBP
GO_Biological_Process_2023,Positive Regulation Of Biosynthetic Process (GO:0009891),1/44,0.1043952424647777,0.1538894012428994,0,0,9.448030374940672,21.34849709415977,APOE
GO_Biological_Process_2023,Extracellular Matrix Disassembly (GO:0022617),1/44,0.1043952424647777,0.1538894012428994,0,0,9.448030374940672,21.34849709415977,CTSS
GO_Biological_Process_2023,Positive Regulation Of Leukocyte Cell-Cell Adhesion (GO:1903039),1/44,0.1043952424647777,0.1538894012428994,0,0,9.448030374940672,21.34849709415977,HLA-DRA
GO_Biological_Process_2023,Positive Regulation Of Cell-Cell Adhesion (GO:0022409),1/46,0.1088776222085674,0.1555394602979535,0,0,9.02721088435374,20.01811780873028,PLAUR
GO_Biological_Process_2023,Response To Hydrogen Peroxide (GO:0042542),1/46,0.1088776222085674,0.1555394602979535,0,0,9.02721088435374,20.01811780873028,GPX1
GO_Biological_Process_2023,T Cell Differentiation (GO:0030217),1/46,0.1088776222085674,0.1555394602979535,0,0,9.02721088435374,20.01811780873028,FCER1G
GO_Biological_Process_2023,Positive Regulation Of Blood Vessel Endothelial Cell Migration (GO:0043536),1/46,0.1088776222085674,0.1555394602979535,0,0,9.02721088435374,20.01811780873028,THBS1
GO_Biological_Process_2023,Response To Glucose (GO:0009749),1/46,0.1088776222085674,0.1555394602979535,0,0,9.02721088435374,20.01811780873028,THBS1
GO_Biological_Process_2023,Cellular Component Disassembly (GO:0022411),1/46,0.1088776222085674,0.1555394602979535,0,0,9.02721088435374,20.01811780873028,CTSS
GO_Biological_Process_2023,Regulation Of Interleukin-10 Production (GO:0032653),1/46,0.1088776222085674,0.1555394602979535,0,0,9.02721088435374,20.01811780873028,TYROBP
GO_Biological_Process_2023,Regulation Of Fibroblast Proliferation (GO:0048145),1/46,0.1088776222085674,0.1555394602979535,0,0,9.02721088435374,20.01811780873028,FTH1
GO_Biological_Process_2023,Positive Regulation Of Innate Immune Response (GO:0045089),1/45,0.1066391873529346,0.1555394602979535,0,0,9.232838589981448,20.665901611884028,RBM47
GO_Biological_Process_2023,B Cell Receptor Signaling Pathway (GO:0050853),1/46,0.1088776222085674,0.1555394602979535,0,0,9.02721088435374,20.01811780873028,IGKC
GO_Biological_Process_2023,Epithelial Cell Migration (GO:0010631),1/46,0.1088776222085674,0.1555394602979535,0,0,9.02721088435374,20.01811780873028,ZEB2
GO_Biological_Process_2023,Regulation Of Apoptotic Signaling Pathway (GO:2001233),1/45,0.1066391873529346,0.1555394602979535,0,0,9.232838589981448,20.665901611884028,CTSS
GO_Biological_Process_2023,Regulation Of Protein Modification Process (GO:0031399),1/45,0.1066391873529346,0.1555394602979535,0,0,9.232838589981448,20.665901611884028,FNIP2
GO_Biological_Process_2023,Triglyceride Metabolic Process (GO:0006641),1/45,0.1066391873529346,0.1555394602979535,0,0,9.232838589981448,20.665901611884028,APOE
GO_Biological_Process_2023,Regulation Of Cellular Metabolic Process (GO:0031323),1/45,0.1066391873529346,0.1555394602979535,0,0,9.232838589981448,20.665901611884028,NPC2
GO_Biological_Process_2023,Regulation Of Epidermal Growth Factor Receptor Signaling Pathway (GO:0042058),1/46,0.1088776222085674,0.1555394602979535,0,0,9.02721088435374,20.01811780873028,PLAUR
GO_Biological_Process_2023,Epithelial To Mesenchymal Transition (GO:0001837),1/47,0.1111105603036554,0.1569118599708112,0,0,8.830523513753327,19.4026870705364,S100A4
GO_Biological_Process_2023,Negative Regulation Of Hydrolase Activity (GO:0051346),1/47,0.1111105603036554,0.1569118599708112,0,0,8.830523513753327,19.4026870705364,CTSB
GO_Biological_Process_2023,Regulation Of Interleukin-2 Production (GO:0032663),1/47,0.1111105603036554,0.1569118599708112,0,0,8.830523513753327,19.4026870705364,VSIG4
GO_Biological_Process_2023,Insulin Receptor Signaling Pathway (GO:0008286),1/47,0.1111105603036554,0.1569118599708112,0,0,8.830523513753327,19.4026870705364,NAMPT
GO_Biological_Process_2023,Response To Organonitrogen Compound (GO:0010243),1/47,0.1111105603036554,0.1569118599708112,0,0,8.830523513753327,19.4026870705364,KYNU
GO_Biological_Process_2023,Secondary Alcohol Metabolic Process (GO:1902652),1/47,0.1111105603036554,0.1569118599708112,0,0,8.830523513753327,19.4026870705364,APOE
GO_Biological_Process_2023,Positive Regulation Of Phosphorylation (GO:0042327),2/231,0.1135686052781033,0.1588672361168175,0,0,3.5882459970887917,7.805684373606142,PLAUR;THBS1
GO_Biological_Process_2023,Myelination (GO:0042552),1/48,0.1133380148369131,0.1588672361168175,0,0,8.642205818497612,18.81737166641443,EPB41L3
GO_Biological_Process_2023,Negative Regulation Of Intracellular Signal Transduction (GO:1902532),2/231,0.1135686052781033,0.1588672361168175,0,0,3.5882459970887917,7.805684373606142,PLAUR;THBS1
GO_Biological_Process_2023,Regulation Of Intrinsic Apoptotic Signaling Pathway (GO:2001242),1/48,0.1133380148369131,0.1588672361168175,0,0,8.642205818497612,18.81737166641443,PLAUR
GO_Biological_Process_2023,Regulation Of DNA Binding (GO:0051101),1/48,0.1133380148369131,0.1588672361168175,0,0,8.642205818497612,18.81737166641443,PLAUR
GO_Biological_Process_2023,Unsaturated Fatty Acid Metabolic Process (GO:0033559),1/49,0.1155599990222406,0.1607413520234174,0,0,8.46173469387755,18.260130793597916,GPX1
GO_Biological_Process_2023,Intrinsic Apoptotic Signaling Pathway In Response To DNA Damage (GO:0008630),1/49,0.1155599990222406,0.1607413520234174,0,0,8.46173469387755,18.260130793597916,FNIP2
GO_Biological_Process_2023,Negative Regulation Of T Cell Activation (GO:0050868),1/49,0.1155599990222406,0.1607413520234174,0,0,8.46173469387755,18.260130793597916,VSIG4
GO_Biological_Process_2023,Negative Regulation Of Cell Projection Organization (GO:0031345),1/50,0.1177765260040411,0.1619974521245175,0,0,8.28862973760933,17.7290996615035,APOE
GO_Biological_Process_2023,Cell Chemotaxis (GO:0060326),1/50,0.1177765260040411,0.1619974521245175,0,0,8.28862973760933,17.7290996615035,DOCK4
GO_Biological_Process_2023,Blood Circulation (GO:0008015),1/50,0.1177765260040411,0.1619974521245175,0,0,8.28862973760933,17.7290996615035,GPX1
GO_Biological_Process_2023,Intracellular Iron Ion Homeostasis (GO:0006879),1/50,0.1177765260040411,0.1619974521245175,0,0,8.28862973760933,17.7290996615035,FTH1
GO_Biological_Process_2023,Regulation Of Interleukin-12 Production (GO:0032655),1/50,0.1177765260040411,0.1619974521245175,0,0,8.28862973760933,17.7290996615035,THBS1
GO_Biological_Process_2023,Positive Regulation Of Transport (GO:0051050),1/50,0.1177765260040411,0.1619974521245175,0,0,8.28862973760933,17.7290996615035,APOE
GO_Biological_Process_2023,Receptor Internalization (GO:0031623),1/51,0.1199876089220907,0.1638207206685372,0,0,8.122448979591837,17.22257115519733,FCER1G
GO_Biological_Process_2023,Positive Regulation Of Actin Filament Bundle Assembly (GO:0032233),1/51,0.1199876089220907,0.1638207206685372,0,0,8.122448979591837,17.22257115519733,MTSS1
GO_Biological_Process_2023,Negative Regulation Of MAP Kinase Activity (GO:0043407),1/51,0.1199876089220907,0.1638207206685372,0,0,8.122448979591837,17.22257115519733,APOE
GO_Biological_Process_2023,Sensory Perception (GO:0007600),1/51,0.1199876089220907,0.1638207206685372,0,0,8.122448979591837,17.22257115519733,C5AR1
GO_Biological_Process_2023,Arachidonic Acid Metabolic Process (GO:0019369),1/52,0.1221932608707862,0.1647049417930452,0,0,7.962785114045619,16.738979733033663,GPX1
GO_Biological_Process_2023,Icosanoid Metabolic Process (GO:0006690),1/52,0.1221932608707862,0.1647049417930452,0,0,7.962785114045619,16.738979733033663,GPX1
GO_Biological_Process_2023,Regulation Of Proteolysis (GO:0030162),1/52,0.1221932608707862,0.1647049417930452,0,0,7.962785114045619,16.738979733033663,PLAUR
GO_Biological_Process_2023,Sprouting Angiogenesis (GO:0002040),1/52,0.1221932608707862,0.1647049417930452,0,0,7.962785114045619,16.738979733033663,THBS1
GO_Biological_Process_2023,Regulation Of Inflammatory Response (GO:0050727),2/240,0.1209266562339864,0.1647049417930452,0,0,3.450980392156863,7.290441318878535,GRN;APOE
GO_Biological_Process_2023,Adenylate Cyclase-Inhibiting G Protein-Coupled Receptor Signaling Pathway (GO:0007193),1/52,0.1221932608707862,0.1647049417930452,0,0,7.962785114045619,16.738979733033663,PSAP
GO_Biological_Process_2023,Regulation Of Cell Development (GO:0060284),1/52,0.1221932608707862,0.1647049417930452,0,0,7.962785114045619,16.738979733033663,GRN
GO_Biological_Process_2023,Positive Regulation Of Chemokine Production (GO:0032722),1/53,0.1243934949128716,0.1658579932171622,0,0,7.809262166405024,16.276887238960814,AIF1
GO_Biological_Process_2023,mRNA Stabilization (GO:0048255),1/53,0.1243934949128716,0.1658579932171622,0,0,7.809262166405024,16.276887238960814,RBM47
GO_Biological_Process_2023,"Regulation Of Alternative mRNA Splicing, Via Spliceosome (GO:0000381)",1/53,0.1243934949128716,0.1658579932171622,0,0,7.809262166405024,16.276887238960814,RBM47
GO_Biological_Process_2023,Regulation Of ERK1 And ERK2 Cascade (GO:0070372),2/244,0.1242347823719992,0.1658579932171622,0,0,3.3932506887052343,7.076902888304532,C5AR1;APOE
GO_Biological_Process_2023,Carboxylic Acid Transport (GO:0046942),1/53,0.1243934949128716,0.1658579932171622,0,0,7.809262166405024,16.276887238960814,PSAP
GO_Biological_Process_2023,Regulation Of Cell Population Proliferation (GO:0042127),4/766,0.1239230216951832,0.1658579932171622,0,0,2.1896610749743237,4.572219683106164,FTH1;NAMPT;AIF1;THBS1
GO_Biological_Process_2023,Regulation Of Focal Adhesion Assembly (GO:0051893),1/54,0.1265883240687765,0.1678769889084132,0,0,7.661532537543319,15.834970375184442,THBS1
GO_Biological_Process_2023,Negative Regulation Of Neuron Projection Development (GO:0010977),1/54,0.1265883240687765,0.1678769889084132,0,0,7.661532537543319,15.834970375184442,APOE
GO_Biological_Process_2023,Mesenchymal Cell Differentiation (GO:0048762),1/54,0.1265883240687765,0.1678769889084132,0,0,7.661532537543319,15.834970375184442,S100A4
GO_Biological_Process_2023,Regulation Of Reactive Oxygen Species Metabolic Process (GO:2000377),1/56,0.1309618198144747,0.1727482115199844,0,0,7.382189239332097,15.00687933540933,THBS1
GO_Biological_Process_2023,Positive Regulation Of Cellular Metabolic Process (GO:0031325),1/56,0.1309618198144747,0.1727482115199844,0,0,7.382189239332097,15.00687933540933,THBS1
GO_Biological_Process_2023,Regulation Of Cation Channel Activity (GO:2001257),1/56,0.1309618198144747,0.1727482115199844,0,0,7.382189239332097,15.00687933540933,CTSS
GO_Biological_Process_2023,Positive Regulation Of Interleukin-1 Beta Production (GO:0032731),1/57,0.1331405122852093,0.1753095713363966,0,0,7.25,14.618539131965724,TYROBP
GO_Biological_Process_2023,Response To Organic Cyclic Compound (GO:0014070),1/58,0.1353138517398134,0.1766000886904091,0,0,7.122448979591836,14.246025949065045,KYNU
GO_Biological_Process_2023,Memory (GO:0007613),1/58,0.1353138517398134,0.1766000886904091,0,0,7.122448979591836,14.246025949065045,APOE
GO_Biological_Process_2023,Regulation Of Phagocytosis (GO:0050764),1/58,0.1353138517398134,0.1766000886904091,0,0,7.122448979591836,14.246025949065045,FCER1G
GO_Biological_Process_2023,Positive Regulation Of Type II Interferon Production (GO:0032729),1/58,0.1353138517398134,0.1766000886904091,0,0,7.122448979591836,14.246025949065045,CD14
GO_Biological_Process_2023,Positive Regulation Of Mitochondrion Organization (GO:0010822),1/58,0.1353138517398134,0.1766000886904091,0,0,7.122448979591836,14.246025949065045,PLAUR
GO_Biological_Process_2023,Positive Regulation Of Protein Binding (GO:0032092),1/59,0.1374818510452552,0.1791136791786775,0,0,6.9992962702322306,13.8884471557023,APOE
GO_Biological_Process_2023,Sterol Metabolic Process (GO:0016125),1/60,0.1396445230534406,0.1806589983558497,0,0,6.88031822898651,13.544974303558986,APOE
GO_Biological_Process_2023,Regulation Of Extrinsic Apoptotic Signaling Pathway (GO:2001236),1/60,0.1396445230534406,0.1806589983558497,0,0,6.88031822898651,13.544974303558986,THBS1
GO_Biological_Process_2023,Negative Regulation Of Peptidase Activity (GO:0010466),1/60,0.1396445230534406,0.1806589983558497,0,0,6.88031822898651,13.544974303558986,CTSB
GO_Biological_Process_2023,Positive Regulation Of Phagocytosis (GO:0050766),1/60,0.1396445230534406,0.1806589983558497,0,0,6.88031822898651,13.544974303558986,FCER1G
GO_Biological_Process_2023,Positive Regulation Of Interleukin-8 Production (GO:0032757),1/61,0.1418018805927374,0.1826834946645408,0,0,6.76530612244898,13.214837540593155,CD14
GO_Biological_Process_2023,Negative Regulation Of Intrinsic Apoptotic Signaling Pathway (GO:2001243),1/61,0.1418018805927374,0.1826834946645408,0,0,6.76530612244898,13.214837540593155,PLAUR
GO_Biological_Process_2023,Regulation Of Protein Phosphorylation (GO:0001932),2/265,0.1419500127460959,0.1826834946645408,0,0,3.118979721166033,6.089122685288893,PLAUR;FNIP2
GO_Biological_Process_2023,Regulation Of T Cell Activation (GO:0050863),1/62,0.1439539364695556,0.1839825785621264,0,0,6.654064904650385,12.897320592663672,HLA-DRA
GO_Biological_Process_2023,Positive Regulation Of Apoptotic Signaling Pathway (GO:2001235),1/62,0.1439539364695556,0.1839825785621264,0,0,6.654064904650385,12.897320592663672,CTSS
GO_Biological_Process_2023,Fat Cell Differentiation (GO:0045444),1/62,0.1439539364695556,0.1839825785621264,0,0,6.654064904650385,12.897320592663672,MAFB
GO_Biological_Process_2023,Cell Junction Organization (GO:0034330),1/62,0.1439539364695556,0.1839825785621264,0,0,6.654064904650385,12.897320592663672,C1QA
GO_Biological_Process_2023,Positive Regulation Of Mitotic Cell Cycle Phase Transition (GO:1901992),1/63,0.1461007034145454,0.1857637809738206,0,0,6.54641211323239,12.591756250239603,AIF1
GO_Biological_Process_2023,Protein Polymerization (GO:0051258),1/63,0.1461007034145454,0.1857637809738206,0,0,6.54641211323239,12.591756250239603,GAS7
GO_Biological_Process_2023,Regulation Of Cellular Catabolic Process (GO:0031329),1/63,0.1461007034145454,0.1857637809738206,0,0,6.54641211323239,12.591756250239603,PSAP
GO_Biological_Process_2023,Positive Regulation Of Interleukin-1 Production (GO:0032732),1/64,0.1482421941802595,0.1868811306531381,0,0,6.442176870748299,12.297522293260638,TYROBP
GO_Biological_Process_2023,Positive Regulation Of Type I Interferon Production (GO:0032481),1/64,0.1482421941802595,0.1868811306531381,0,0,6.442176870748299,12.297522293260638,CD14
GO_Biological_Process_2023,Positive Regulation Of T Cell Differentiation (GO:0045582),1/64,0.1482421941802595,0.1868811306531381,0,0,6.442176870748299,12.297522293260638,HLA-DRA
GO_Biological_Process_2023,Response To Metal Ion (GO:0010038),1/64,0.1482421941802595,0.1868811306531381,0,0,6.442176870748299,12.297522293260638,THBS1
GO_Biological_Process_2023,Positive Regulation Of Cysteine-Type Endopeptidase Activity (GO:2001056),1/64,0.1482421941802595,0.1868811306531381,0,0,6.442176870748299,12.297522293260638,CTSD
GO_Biological_Process_2023,Regulation Of Cell-Matrix Adhesion (GO:0001952),1/65,0.1503784214913892,0.1888515062456693,0,0,6.341198979591836,12.01403781811508,THBS1
GO_Biological_Process_2023,Plasma Membrane Bounded Cell Projection Assembly (GO:0120031),2/275,0.1505707955201957,0.1888515062456693,0,0,3.003205128205128,5.686034049243727,AIF1;MTSS1
GO_Biological_Process_2023,Positive Regulation Of T Cell Proliferation (GO:0042102),1/65,0.1503784214913892,0.1888515062456693,0,0,6.341198979591836,12.01403781811508,AIF1
GO_Biological_Process_2023,Regulation Of Endocytosis (GO:0030100),1/66,0.1525093979756266,0.1906367474695333,0,0,6.243328100470958,11.740759916332207,APOE
GO_Biological_Process_2023,Cellular Response To Type II Interferon (GO:0071346),1/66,0.1525093979756266,0.1906367474695333,0,0,6.243328100470958,11.740759916332207,AIF1
GO_Biological_Process_2023,Cholesterol Metabolic Process (GO:0008203),1/67,0.1546351363099914,0.1929679609939185,0,0,6.148423005565863,11.477180657220888,APOE
GO_Biological_Process_2023,Transmembrane Receptor Protein Tyrosine Kinase Signaling Pathway (GO:0007169),2/284,0.1584193142173303,0.1973573948162028,0,0,2.9060283687943262,5.354385963176766,NAMPT;MTSS1
GO_Biological_Process_2023,Response To Molecule Of Bacterial Origin (GO:0002237),1/69,0.158870948881139,0.1975873986084755,0,0,5.966986794717887,10.977245117600177,CD14
GO_Biological_Process_2023,Neutrophil Chemotaxis (GO:0030593),1/70,0.1609810482853106,0.1995409978745893,0,0,5.880212954747116,10.740024519792764,FCER1G
GO_Biological_Process_2023,Sensory Organ Development (GO:0007423),1/70,0.1609810482853106,0.1995409978745893,0,0,5.880212954747116,10.740024519792764,MAFB
GO_Biological_Process_2023,Negative Regulation Of Cellular Response To Growth Factor Stimulus (GO:0090288),1/71,0.16308595979881,0.2008046759586014,0,0,5.795918367346939,10.51076961698872,THBS1
GO_Biological_Process_2023,Myeloid Leukocyte Differentiation (GO:0002573),1/71,0.16308595979881,0.2008046759586014,0,0,5.795918367346939,10.51076961698872,TYROBP
GO_Biological_Process_2023,Negative Regulation Of Supramolecular Fiber Organization (GO:1902904),1/71,0.16308595979881,0.2008046759586014,0,0,5.795918367346939,10.51076961698872,APOE
GO_Biological_Process_2023,Cell-Cell Junction Assembly (GO:0007043),1/71,0.16308595979881,0.2008046759586014,0,0,5.795918367346939,10.51076961698872,EPB41L3
GO_Biological_Process_2023,Plasma Membrane Organization (GO:0007009),1/72,0.1651856959101235,0.2027154477172329,0,0,5.713998275366484,10.28911103101624,EPB41L3
GO_Biological_Process_2023,Second-Messenger-Mediated Signaling (GO:0019932),1/72,0.1651856959101235,0.2027154477172329,0,0,5.713998275366484,10.28911103101624,APOE
GO_Biological_Process_2023,Granulocyte Chemotaxis (GO:0071621),1/73,0.1672802691231711,0.2046072713242092,0,0,5.634353741496598,10.074701240888364,FCER1G
GO_Biological_Process_2023,Regulation Of Rho Protein Signal Transduction (GO:0035023),1/73,0.1672802691231711,0.2046072713242092,0,0,5.634353741496598,10.074701240888364,APOE
GO_Biological_Process_2023,Defense Response To Gram-negative Bacterium (GO:0050829),1/75,0.1714539764404576,0.2093662418579845,0,0,5.4815223386651954,9.666337985731484,LYZ
GO_Biological_Process_2023,Regulation Of T Cell Proliferation (GO:0042129),1/77,0.1756071809118701,0.2126830014317248,0,0,5.336734693877551,9.283280446293812,VSIG4
GO_Biological_Process_2023,Neutrophil Migration (GO:1990266),1/77,0.1756071809118701,0.2126830014317248,0,0,5.336734693877551,9.283280446293812,FCER1G
GO_Biological_Process_2023,Negative Regulation Of Blood Vessel Morphogenesis (GO:2000181),1/77,0.1756071809118701,0.2126830014317248,0,0,5.336734693877551,9.283280446293812,THBS1
GO_Biological_Process_2023,Regulation Of Immune Response (GO:0050776),1/77,0.1756071809118701,0.2126830014317248,0,0,5.336734693877551,9.283280446293812,HLA-DRA
GO_Biological_Process_2023,Actomyosin Structure Organization (GO:0031032),1/77,0.1756071809118701,0.2126830014317248,0,0,5.336734693877551,9.283280446293812,EPB41L3
GO_Biological_Process_2023,Long-Chain Fatty Acid Metabolic Process (GO:0001676),1/78,0.1776761254379788,0.2148371451374253,0,0,5.267161410018553,9.10056411919043,GPX1
GO_Biological_Process_2023,Positive Regulation Of Cytoskeleton Organization (GO:0051495),1/79,0.1797399811935544,0.2169781175909139,0,0,5.199372056514914,8.923391206941128,MTSS1
GO_Biological_Process_2023,Positive Regulation Of Immune Response (GO:0050778),1/80,0.181798760490535,0.218749728069912,0,0,5.133298889175924,8.751529842637671,HLA-DRA
GO_Biological_Process_2023,Negative Regulation Of Protein Serine/Threonine Kinase Activity (GO:0071901),1/80,0.181798760490535,0.218749728069912,0,0,5.133298889175924,8.751529842637671,APOE
GO_Biological_Process_2023,Regulation Of Interleukin-8 Production (GO:0032677),1/81,0.1838524754991919,0.2208617400477306,0,0,5.0688775510204085,8.584760541358477,CD14
GO_Biological_Process_2023,Sodium Ion Transmembrane Transport (GO:0035725),1/82,0.1859011384602527,0.2229608467756677,0,0,5.00604686318972,8.422875391899517,ATP1B3
GO_Biological_Process_2023,Epigenetic Regulation Of Gene Expression (GO:0040029),1/83,0.1879447615357932,0.2246835598327738,0,0,4.944748631159781,8.265677319811374,GPX1
GO_Biological_Process_2023,Phospholipase C-activating G Protein-Coupled Receptor Signaling Pathway (GO:0007200),1/83,0.1879447615357932,0.2246835598327738,0,0,4.944748631159781,8.265677319811374,C5AR1
GO_Biological_Process_2023,Regulation Of Interleukin-1 Beta Production (GO:0032651),1/84,0.1899833569114356,0.2267543292168747,0,0,4.884927464961889,8.112979399077096,TYROBP
GO_Biological_Process_2023,Positive Regulation Of Canonical Wnt Signaling Pathway (GO:0090263),1/85,0.1920169366451308,0.2280779022751153,0,0,4.826530612244898,7.964604221414354,ZEB2
GO_Biological_Process_2023,Positive Regulation Of Amide Metabolic Process (GO:0034250),1/85,0.1920169366451308,0.2280779022751153,0,0,4.826530612244898,7.964604221414354,THBS1
GO_Biological_Process_2023,Positive Regulation Of Protein Localization (GO:1903829),1/85,0.1920169366451308,0.2280779022751153,0,0,4.826530612244898,7.964604221414354,TYROBP
GO_Biological_Process_2023,Negative Regulation Of Angiogenesis (GO:0016525),1/86,0.1940455128548384,0.2301180761419559,0,0,4.769507803121249,7.820383303288144,THBS1
GO_Biological_Process_2023,Regulation Of Type II Interferon Production (GO:0032649),1/87,0.196069097589664,0.2321458115461622,0,0,4.713811105837684,7.6801565438185,CD14
GO_Biological_Process_2023,Positive Regulation Of Peptidyl-Serine Phosphorylation (GO:0033138),1/89,0.2001013407742902,0.2361642618388752,0,0,4.6062152133580705,7.411084001248333,FNIP2
GO_Biological_Process_2023,Sodium Ion Transport (GO:0006814),1/89,0.2001013407742902,0.2361642618388752,0,0,4.6062152133580705,7.411084001248333,ATP1B3
GO_Biological_Process_2023,Positive Regulation Of MAP Kinase Activity (GO:0043406),1/91,0.2041137620931186,0.2405162164791525,0,0,4.503401360544218,7.156255051106618,THBS1
GO_Biological_Process_2023,Negative Regulation Of Gene Expression (GO:0010629),2/336,0.205066989906835,0.2412552822433353,0,0,2.4471057884231535,3.877239861741715,MSR1;APOE
GO_Biological_Process_2023,Positive Regulation Of Neuron Projection Development (GO:0010976),1/92,0.2061125694363157,0.24171680092373,0,0,4.453689167974883,7.03385741012878,APOE
GO_Biological_Process_2023,Positive Regulation Of Protein Catabolic Process (GO:0045732),1/92,0.2061125694363157,0.24171680092373,0,0,4.453689167974883,7.03385741012878,APOE
GO_Biological_Process_2023,Negative Regulation Of Amide Metabolic Process (GO:0034249),1/93,0.2081064570390282,0.2429002810865629,0,0,4.40505767524401,6.914643337844717,APOE
GO_Biological_Process_2023,Positive Regulation Of Protein Kinase B Signaling (GO:0051897),1/93,0.2081064570390282,0.2429002810865629,0,0,4.40505767524401,6.914643337844717,THBS1
GO_Biological_Process_2023,Regulation Of Peptidyl-Serine Phosphorylation (GO:0033135),1/93,0.2081064570390282,0.2429002810865629,0,0,4.40505767524401,6.914643337844717,FNIP2
GO_Biological_Process_2023,Regulation Of Protein Localization (GO:0032880),1/97,0.2160330472811356,0.2513592059560383,0,0,4.220663265306122,6.46742313757927,CTSD
GO_Biological_Process_2023,Monocarboxylic Acid Metabolic Process (GO:0032787),1/97,0.2160330472811356,0.2513592059560383,0,0,4.220663265306122,6.46742313757927,KYNU
GO_Biological_Process_2023,Positive Regulation Of Protein-Containing Complex Assembly (GO:0031334),1/98,0.2180025137484037,0.2532525277453984,0,0,4.176940879444562,6.362519703204576,FNIP2
GO_Biological_Process_2023,Cellular Response To Insulin Stimulus (GO:0032869),1/99,0.2199671313012003,0.2551342902239627,0,0,4.134110787172012,6.26018948804807,NAMPT
GO_Biological_Process_2023,Regulation Of Organelle Organization (GO:0033043),1/100,0.2219269115603851,0.2562026748123011,0,0,4.092145949288806,6.1603458876211565,ZEB2
GO_Biological_Process_2023,Antimicrobial Humoral Response (GO:0019730),1/100,0.2219269115603851,0.2562026748123011,0,0,4.092145949288806,6.1603458876211565,LYZ
GO_Biological_Process_2023,Response To UV (GO:0009411),1/100,0.2219269115603851,0.2562026748123011,0,0,4.092145949288806,6.1603458876211565,GPX1
GO_Biological_Process_2023,Regulation Of RNA Splicing (GO:0043484),1/102,0.2258320069783284,0.2598999769268476,0,0,4.010709234188725,5.967790506031058,QKI
GO_Biological_Process_2023,Regulation Of Protein Secretion (GO:0050708),1/102,0.2258320069783284,0.2598999769268476,0,0,4.010709234188725,5.967790506031058,APOE
GO_Biological_Process_2023,Inorganic Cation Import Across Plasma Membrane (GO:0098659),1/103,0.2277773453985499,0.2617317322902592,0,0,3.971188475390156,5.874923343943355,ATP1B3
GO_Biological_Process_2023,Positive Regulation Of Inflammatory Response (GO:0050729),1/104,0.2297178930745814,0.2635523114344035,0,0,3.932435109966317,5.78423168094792,GRN
GO_Biological_Process_2023,Intrinsic Apoptotic Signaling Pathway (GO:0097193),1/105,0.2316536615468536,0.2649516376270041,0,0,3.894427001569859,5.6956456810845415,FNIP2
GO_Biological_Process_2023,Negative Regulation Of MAPK Cascade (GO:0043409),1/105,0.2316536615468536,0.2649516376270041,0,0,3.894427001569859,5.6956456810845415,APOE
GO_Biological_Process_2023,Regulation Of G1/S Transition Of Mitotic Cell Cycle (GO:2000045),1/106,0.2335846623503299,0.2663369031421327,0,0,3.857142857142857,5.6090983677319475,AIF1
GO_Biological_Process_2023,Response To Calcium Ion (GO:0051592),1/106,0.2335846623503299,0.2663369031421327,0,0,3.857142857142857,5.6090983677319475,THBS1
GO_Biological_Process_2023,Positive Regulation Of Translation (GO:0045727),1/108,0.2374324069826741,0.2703076633341214,0,0,3.7846652679763495,5.441865346754643,THBS1
GO_Biological_Process_2023,Positive Regulation Of Wnt Signaling Pathway (GO:0030177),1/109,0.239349173739861,0.2716539701955479,0,0,3.749433106575964,5.361058744932435,ZEB2
GO_Biological_Process_2023,Positive Regulation Of Cysteine-Type Endopeptidase Activity Involved In Apoptotic Process (GO:0043280),1/109,0.239349173739861,0.2716539701955479,0,0,3.749433106575964,5.361058744932435,CTSD
GO_Biological_Process_2023,Sensory Perception Of Chemical Stimulus (GO:0007606),1/110,0.241261218690496,0.2734047501239925,0,0,3.714847406852649,5.282048795926194,C5AR1
GO_Biological_Process_2023,Positive Regulation Of Protein Phosphorylation (GO:0001934),2/377,0.242850122627119,0.274724777691687,0,0,2.175,3.0783010013980068,PLAUR;FNIP2
GO_Biological_Process_2023,RNA Metabolic Process (GO:0016070),1/111,0.2431685532271013,0.274724777691687,0,0,3.6808905380333954,5.20478084558139,RNASE1
GO_Biological_Process_2023,Negative Regulation Of Defense Response (GO:0031348),1/112,0.2450711886958998,0.2764522555411065,0,0,3.647545504688362,5.129202360192396,APOE
GO_Biological_Process_2023,Negative Regulation Of Canonical Wnt Signaling Pathway (GO:0090090),1/114,0.2488624078588274,0.2798756562546084,0,0,3.582625970742279,4.982913653406146,APOE
GO_Biological_Process_2023,Response To Endoplasmic Reticulum Stress (GO:0034976),1/114,0.2488624078588274,0.2798756562546084,0,0,3.582625970742279,4.982913653406146,THBS1
GO_Biological_Process_2023,Positive Regulation Of Protein Serine/Threonine Kinase Activity (GO:0071902),1/117,0.2545142764118688,0.2845023633606993,0,0,3.4894440534834623,4.774949480472317,THBS1
GO_Biological_Process_2023,Protein Maturation (GO:0051604),1/117,0.2545142764118688,0.2845023633606993,0,0,3.4894440534834623,4.774949480472317,CTSS
GO_Biological_Process_2023,Protein Processing (GO:0016485),1/117,0.2545142764118688,0.2845023633606993,0,0,3.4894440534834623,4.774949480472317,CTSS
GO_Biological_Process_2023,Cellular Response To Molecule Of Bacterial Origin (GO:0071219),1/117,0.2545142764118688,0.2845023633606993,0,0,3.4894440534834623,4.774949480472317,CD14
GO_Biological_Process_2023,Positive Regulation Of Cell Projection Organization (GO:0031346),1/118,0.2563889548341396,0.2861656509460984,0,0,3.4594453165881736,4.708511372057024,APOE
GO_Biological_Process_2023,Regulation Of Protein Kinase Activity (GO:0045859),1/119,0.2582590130323782,0.287818779584277,0,0,3.429955032860602,4.6434466139665425,C5AR1
GO_Biological_Process_2023,Fatty Acid Metabolic Process (GO:0006631),1/122,0.2638415777635164,0.2931573086261294,0,0,3.3444088379153314,4.456111874258477,GPX1
GO_Biological_Process_2023,Potassium Ion Transport (GO:0006813),1/122,0.2638415777635164,0.2931573086261294,0,0,3.3444088379153314,4.456111874258477,ATP1B3
GO_Biological_Process_2023,Organonitrogen Compound Biosynthetic Process (GO:1901566),1/123,0.2656932663769877,0.294772139608652,0,0,3.316828370692539,4.396166676729281,APOE
GO_Biological_Process_2023,Enzyme-Linked Receptor Protein Signaling Pathway (GO:0007167),1/124,0.2675403902734135,0.2954923713467552,0,0,3.2896963663514187,4.337414433160371,MTSS1
GO_Biological_Process_2023,Cellular Response To Lipopolysaccharide (GO:0071222),1/124,0.2675403902734135,0.2954923713467552,0,0,3.2896963663514187,4.337414433160371,CD14
GO_Biological_Process_2023,Positive Regulation Of Defense Response (GO:0031349),1/124,0.2675403902734135,0.2954923713467552,0,0,3.2896963663514187,4.337414433160371,GRN
GO_Biological_Process_2023,Response To Cytokine (GO:0034097),1/125,0.2693829605231016,0.2970840399211553,0,0,3.263001974983542,4.279822783786303,KYNU
GO_Biological_Process_2023,Regulation Of Response To External Stimulus (GO:0032101),1/127,0.2730544838638846,0.3002382140553857,0,0,3.2108843537414966,4.167997377843627,GRN
GO_Biological_Process_2023,Regulation Of Anatomical Structure Morphogenesis (GO:0022603),1/127,0.2730544838638846,0.3002382140553857,0,0,3.2108843537414966,4.167997377843627,FMNL2
GO_Biological_Process_2023,Organelle Organization (GO:0006996),2/418,0.280963082652539,0.308475788075488,0,0,1.956530448717949,2.4838780072435296,FMNL2;APOE
GO_Biological_Process_2023,Epithelial Cell Differentiation (GO:0030855),1/132,0.2821543693990505,0.3088672091054695,0,0,3.087552578283222,3.906683206158155,CTSB
GO_Biological_Process_2023,Plasma Membrane Bounded Cell Projection Organization (GO:0120036),1/132,0.2821543693990505,0.3088672091054695,0,0,3.087552578283222,3.906683206158155,APOE
GO_Biological_Process_2023,Antigen Receptor-Mediated Signaling Pathway (GO:0050851),1/134,0.285762982719773,0.3123554020866056,0,0,3.0408163265306123,3.80890385676326,IGKC
GO_Biological_Process_2023,Regulation Of Protein Kinase B Signaling (GO:0051896),1/136,0.289353816496661,0.3158139000111049,0,0,2.99546485260771,3.714691124222948,THBS1
GO_Biological_Process_2023,Potassium Ion Transmembrane Transport (GO:0071805),1/137,0.2911425929329805,0.3172982603393307,0,0,2.9732893157262907,3.668866926816198,ATP1B3
GO_Biological_Process_2023,Negative Regulation Of Wnt Signaling Pathway (GO:0030178),1/140,0.2964824884084789,0.3226427079739329,0,0,2.9086771399207163,3.5362740390257685,APOE
GO_Biological_Process_2023,Negative Regulation Of Transcription By RNA Polymerase II (GO:0000122),3/763,0.2977324504121457,0.3235271854698793,0,0,1.6117021276595744,1.952673851005435,ZEB2;MAFB;FNIP2
GO_Biological_Process_2023,Positive Regulation Of Transferase Activity (GO:0051347),1/143,0.3017829564686885,0.3274477826786356,0,0,2.8467950560505892,3.410594866305226,APOE
GO_Biological_Process_2023,Ras Protein Signal Transduction (GO:0007265),1/144,0.3035410668561185,0.3279129773336171,0,0,2.826744683887541,3.370153465117457,AIF1
GO_Biological_Process_2023,Actin Filament Organization (GO:0007015),1/144,0.3035410668561185,0.3279129773336171,0,0,2.826744683887541,3.370153465117457,AIF1
GO_Biological_Process_2023,Regulation Of Cell Adhesion (GO:0030155),1/144,0.3035410668561185,0.3279129773336171,0,0,2.826744683887541,3.370153465117457,PLAUR
GO_Biological_Process_2023,Negative Regulation Of Response To External Stimulus (GO:0032102),1/146,0.307044282279795,0.3307318324411183,0,0,2.7874736101337088,3.291346538126983,APOE
GO_Biological_Process_2023,Positive Regulation Of Cellular Catabolic Process (GO:0031331),1/146,0.307044282279795,0.3307318324411183,0,0,2.7874736101337088,3.291346538126983,APOE
GO_Biological_Process_2023,Negative Regulation Of Protein Metabolic Process (GO:0051248),1/147,0.3087894082520855,0.3321281425967199,0,0,2.7682415431926195,3.252948903166252,APOE
GO_Biological_Process_2023,Defense Response To Symbiont (GO:0140546),1/148,0.3105302270346101,0.33351577359305,0,0,2.749271137026239,3.215201203875706,RNASE1
GO_Biological_Process_2023,Neuron Development (GO:0048666),1/150,0.3139989845586295,0.3367525341643273,0,0,2.712094233666621,3.141596466170354,APOE
GO_Biological_Process_2023,Regulation Of Cellular Component Organization (GO:0051128),1/153,0.3191700762858281,0.3418029760513933,0,0,2.6581632653061225,3.0357052873752,APOE
GO_Biological_Process_2023,Epithelium Development (GO:0060429),1/154,0.3208852696222714,0.3431432073995388,0,0,2.640656262505002,3.0015590720273457,CTSB
GO_Biological_Process_2023,Response To Lipopolysaccharide (GO:0032496),1/159,0.329397918202972,0.3517380367535343,0,0,2.556445362955309,2.8389038953772054,CD14
GO_Biological_Process_2023,Adenylate Cyclase-Modulating G Protein-Coupled Receptor Signaling Pathway (GO:0007188),1/163,0.3361326660872764,0.3584123528884504,0,0,2.492819349962207,2.717794694415788,PSAP
GO_Biological_Process_2023,Positive Regulation Of Gene Expression (GO:0010628),2/480,0.3383207061635654,0.3602263633971775,0,0,1.697350069735007,1.8395218064731953,TYROBP;THBS1
GO_Biological_Process_2023,Regulation Of Neuron Projection Development (GO:0010975),1/174,0.3543133002736421,0.376712416957608,0,0,2.333018756635602,2.4206789693623425,APOE
GO_Biological_Process_2023,Positive Regulation Of I-kappaB kinase/NF-kappaB Signaling (GO:0043123),1/175,0.3559416811668189,0.3779007805788321,0,0,2.319493314567206,2.396009637948729,S100A4
GO_Biological_Process_2023,Extracellular Matrix Organization (GO:0030198),1/176,0.3575660373570176,0.3790814722696176,0,0,2.306122448979592,2.3716975343886144,CTSS
GO_Biological_Process_2023,Macromolecule Biosynthetic Process (GO:0009059),1/183,0.3688246532278824,0.3904581450481158,0,0,2.216640502354788,2.2109524751177334,APOE
GO_Biological_Process_2023,Positive Regulation Of DNA-templated Transcription (GO:0045893),4/1243,0.3775589743052024,0.3991337728369283,0,0,1.3131908621960209,1.2790853246280374,ZEB2;MAFB;NAMPT;APOE
GO_Biological_Process_2023,Defense Response To Virus (GO:0051607),1/189,0.3783208179838206,0.399368623834561,0,0,2.1452453321754232,2.085205747179162,RNASE1
GO_Biological_Process_2023,Positive Regulation Of Intracellular Signal Transduction (GO:1902533),2/525,0.3791874550703379,0.399713271726567,0,0,1.547721478648821,1.5008635790547311,S100A4;THBS1
GO_Biological_Process_2023,Transcription By RNA Polymerase II (GO:0006366),1/192,0.3830162518398707,0.403175001936706,0,0,2.111229832247035,2.02610052252205,C5AR1
GO_Biological_Process_2023,Regulation Of Programmed Cell Death (GO:0043067),1/195,0.3876769258565263,0.4075013141105532,0,0,2.0782663580896275,1.969329769675335,CTSB
GO_Biological_Process_2023,Negative Regulation Of Cellular Process (GO:0048523),2/537,0.3899254323298223,0.4092834325164092,0,0,1.5120716510903427,1.424068714007471,FTH1;THBS1
GO_Biological_Process_2023,Regulation Of Translation (GO:0006417),1/202,0.398418067592006,0.4176053399689581,0,0,2.0051781906792567,1.8452720554356252,THBS1
GO_Biological_Process_2023,Positive Regulation Of Nucleic Acid-Templated Transcription (GO:1903508),2/557,0.4076470166650481,0.4266743880228226,0,0,1.4560810810810811,1.3066196499049707,MAFB;APOE
GO_Biological_Process_2023,Positive Regulation Of Protein Modification Process (GO:0031401),1/225,0.4324264624271356,0.4519711612938988,0,0,1.7971938775510203,1.5066648999451786,PLAUR
GO_Biological_Process_2023,Apoptotic Process (GO:0006915),1/228,0.4367210295579323,0.4545338422965822,0,0,1.7731727052054302,1.469003836799846,CD14
GO_Biological_Process_2023,Cellular Response To Lipid (GO:0071396),1/228,0.4367210295579323,0.4545338422965822,0,0,1.7731727052054302,1.469003836799846,CD14
GO_Biological_Process_2023,Chromatin Remodeling (GO:0006338),1/228,0.4367210295579323,0.4545338422965822,0,0,1.7731727052054302,1.469003836799846,GPX1
GO_Biological_Process_2023,Negative Regulation Of Multicellular Organismal Process (GO:0051241),1/231,0.4409837467017168,0.4583258041562787,0,0,1.749778172138421,1.4326260836369302,GRN
GO_Biological_Process_2023,Regulation Of I-kappaB kinase/NF-kappaB Signaling (GO:0043122),1/232,0.4423976147030889,0.459150399551593,0,0,1.7421150278293136,1.420775326637273,S100A4
GO_Biological_Process_2023,Positive Regulation Of Developmental Process (GO:0051094),1/233,0.4438079780756616,0.4599690529075484,0,0,1.7345179451090782,1.4090587077635532,APOE
GO_Biological_Process_2023,Regulation Of Autophagy (GO:0010506),1/241,0.4549657351275156,0.470873627964142,0,0,1.6760204081632653,1.319921665493096,PSAP
GO_Biological_Process_2023,Positive Regulation Of Programmed Cell Death (GO:0043068),1/245,0.4604620545636497,0.4758965368395262,0,0,1.6482101037136163,1.2782278558637723,CTSD
GO_Biological_Process_2023,Negative Regulation Of DNA-templated Transcription (GO:0045892),3/1025,0.4760222919123325,0.4912313101420611,0,0,1.1821626348003498,0.8775082045072261,ZEB2;MAFB;FNIP2
GO_Biological_Process_2023,Cytokine-Mediated Signaling Pathway (GO:0019221),1/257,0.4766271360567566,0.4912313101420611,0,0,1.5699936224489797,1.163397897422231,FCER1G
GO_Biological_Process_2023,Cellular Component Assembly (GO:0022607),1/260,0.4805936590136502,0.4946304696385273,0,0,1.5515719801434087,1.1368882239388218,AIF1
GO_Biological_Process_2023,Positive Regulation Of Signal Transduction (GO:0009967),1/266,0.4884385252284191,0.5020062620403195,0,0,1.5159799768964188,1.086262808220724,CTSS
GO_Biological_Process_2023,Negative Regulation Of Signal Transduction (GO:0009968),1/267,0.4897346646287026,0.5026402937936754,0,0,1.510204081632653,1.0781219104526054,THBS1
GO_Biological_Process_2023,Chemical Synaptic Transmission (GO:0007268),1/273,0.4974441859988057,0.5098458416054241,0,0,1.4764405762304922,1.0309569924227395,APOE
GO_Biological_Process_2023,Monoatomic Cation Transmembrane Transport (GO:0098655),1/281,0.50754621023197,0.5194802151751836,0,0,1.433673469387755,0.9722707777365648,ATP1B3
GO_Biological_Process_2023,Central Nervous System Development (GO:0007417),1/283,0.5100404581381273,0.5205930193409851,0,0,1.4233608336951802,0.9582993544129657,C1QA
GO_Biological_Process_2023,Positive Regulation Of Cell Differentiation (GO:0045597),1/283,0.5100404581381273,0.5205930193409851,0,0,1.4233608336951802,0.9582993544129657,MSR1
GO_Biological_Process_2023,Inorganic Cation Transmembrane Transport (GO:0098662),1/284,0.5112829350478788,0.5211423855859922,0,0,1.4182591764621042,0.9514138569552276,ATP1B3
GO_Biological_Process_2023,Protein Modification Process (GO:0036211),2/711,0.5349486908392941,0.5445144858611797,0,0,1.1307592853784674,0.7073854161937532,THBS1;FNIP2
GO_Biological_Process_2023,Cellular Response To Cytokine Stimulus (GO:0071345),1/308,0.5401930736610003,0.5490973550949728,0,0,1.305790068470385,0.8041429474685131,AIF1
GO_Biological_Process_2023,Protein Transport (GO:0015031),1/313,0.5460015605767305,0.5542402672520996,0,0,1.2845368916797488,0.7773162345459355,APOE
GO_Biological_Process_2023,Positive Regulation Of Macromolecule Metabolic Process (GO:0010604),1/364,0.6012889018007975,0.6095257360720414,0,0,1.1011975037949064,0.560156879867711,TYROBP
GO_Biological_Process_2023,DNA Damage Response (GO:0006974),1/384,0.62111954988037,0.6287667126011953,0,0,1.042628017264347,0.4965325169788531,FNIP2
GO_Biological_Process_2023,Positive Regulation Of Multicellular Organismal Process (GO:0051240),1/387,0.6240095387197013,0.6308293150991516,0,0,1.0343660780374326,0.4877963101507843,APOE
GO_Biological_Process_2023,Cellular Response To Oxygen-Containing Compound (GO:1901701),1/406,0.6418175335358224,0.6479467596405302,0,0,0.9848828420256992,0.4367475090469459,CD14
GO_Biological_Process_2023,Phosphorylation (GO:0016310),1/429,0.6622711839857932,0.6676848448903092,0,0,0.9308601945451076,0.3835890211107702,FNIP2
GO_Biological_Process_2023,Nervous System Development (GO:0007399),1/433,0.6657095483227041,0.6702381847058517,0,0,0.9220521541950112,0.3751846970919235,ZEB2
GO_Biological_Process_2023,Regulation Of Nucleic Acid-Templated Transcription (GO:1903506),1/452,0.6815788881588838,0.6852831212467038,0,0,0.8823476175392552,0.3382420279477241,MAFB
GO_Biological_Process_2023,Positive Regulation Of Transcription By RNA Polymerase II (GO:0045944),2/938,0.6870071468135105,0.6898036480895493,0,0,0.8464209401709402,0.3177553793603905,ZEB2;NAMPT
GO_Biological_Process_2023,Protein Phosphorylation (GO:0006468),1/500,0.7184542048692922,0.7204012352347916,0,0,0.7955093861191771,0.263037813747176,FNIP2
GO_Biological_Process_2023,Regulation Of Transcription By RNA Polymerase II (GO:0006357),4/2028,0.7600316654913726,0.7610601251199131,0,0,0.7701495102251246,0.2113253146014667,ZEB2;MAFB;NAMPT;FNIP2
GO_Biological_Process_2023,Regulation Of DNA-templated Transcription (GO:0006355),3/1922,0.8713251306074709,0.8713251306074709,0,0,0.5997472087634296,0.0826092330149632,ZEB2;MAFB;APOE
