Gene_set,Term,Overlap,P-value,Adjusted P-value,Old P-value,Old Adjusted P-value,Odds Ratio,Combined Score,Genes
GO_Biological_Process_2023,Regulation Of Cell Migration (GO:0030334),16/434,4.664553260167398e-10,4.743850665590245e-07,0,0,8.877648667122351,190.74390630945257,PDGFRB;CD74;CLIC4;FLT1;MCTP1;ANXA1;IGFBP5;TPM1;RDX;LDB2;MYLK;CLDN5;PECAM1;FLNA;TMSB10;SASH1
GO_Biological_Process_2023,Regulation Of Vascular Associated Smooth Muscle Cell Migration (GO:1904752),4/12,2.823818698304803e-07,0.00014359118080879924,0,0,103.60416666666669,1562.3514066482542,DOCK4;IGFBP5;TPM1;PRKG1
GO_Biological_Process_2023,Supramolecular Fiber Organization (GO:0097435),10/316,4.145254077825968e-06,0.001405241132383,0,0,7.114742193173566,88.17688802042134,APP;MYO1E;TPM3;TPM2;TPM1;KRT14;ELMO1;LMOD1;MYH11;MYL9
GO_Biological_Process_2023,Muscle Contraction (GO:0006936),6/94,7.663921581396761e-06,0.001613759697907,0,0,14.370406189555126,169.26882409056034,TPM3;TPM2;TPM1;LMOD1;MYH11;MYLK
GO_Biological_Process_2023,Actin Filament Organization (GO:0007015),7/144,7.933921818618834e-06,0.001613759697907,0,0,10.857938937289068,127.5195772873616,MYO1E;TPM3;TPM2;TPM1;ELMO1;LMOD1;FLNA
GO_Biological_Process_2023,Negative Regulation Of Homotypic Cell-Cell Adhesion (GO:0034111),3/10,1.4187907246385926e-05,0.0024048502782624,0,0,87.89248895434463,981.1544503878058,RDX;CD9;PRKG1
GO_Biological_Process_2023,Negative Regulation Of Cell Migration (GO:0030336),7/163,1.7796480193903016e-05,0.0025855743367427,0,0,9.526330300523847,104.18480528163748,CLDN5;CD74;GJA1;CLIC4;MCTP1;IGFBP5;TPM1
GO_Biological_Process_2023,Cytoplasmic Sequestering Of Protein (GO:0051220),3/13,3.344768461719186e-05,0.0038680764309356,0,0,61.51546391752577,633.9493354046144,NFKBIA;PTPRM;FLNA
GO_Biological_Process_2023,Regulation Of Vascular Associated Smooth Muscle Cell Proliferation (GO:1904705),4/37,3.423076487553643e-05,0.0038680764309356,0,0,25.08459595959596,257.92949230262207,GJA1;IGFBP5;TPM1;PRKG1
GO_Biological_Process_2023,Negative Regulation Of Smooth Muscle Cell Migration (GO:0014912),3/14,4.241532244475955e-05,0.004313638292632,0,0,55.9203373945642,563.0060062434084,IGFBP5;TPM1;PRKG1
GO_Biological_Process_2023,Negative Regulation Of Cell Motility (GO:2000146),6/133,5.5177797510520165e-05,0.005101438188018,0,0,9.937845535265538,97.4400776329841,CLDN5;CD74;CLIC4;MCTP1;IGFBP5;TPM1
GO_Biological_Process_2023,Positive Regulation Of Smooth Muscle Cell Migration (GO:0014911),3/16,6.478177589668101e-05,0.0054902555072437,0,0,47.312450436161775,456.30427675438654,PDGFRB;DOCK4;IGFBP5
GO_Biological_Process_2023,Aorta Morphogenesis (GO:0035909),3/17,7.837829876798801e-05,0.0059358126198939,0,0,43.930780559646536,415.3199946350019,PDGFRB;ADAMTS9;MYLK
GO_Biological_Process_2023,Myofibril Assembly (GO:0030239),4/46,8.17122681204673e-05,0.0059358126198939,0,0,19.700396825396822,185.42617125575265,PDGFRB;TPM1;LMOD1;MYL9
GO_Biological_Process_2023,Positive Regulation Of Macromolecule Metabolic Process (GO:0010604),9/364,8.799714563535265e-05,0.0059662064740769,0,0,5.445132332456276,50.847768397719584,NFKBIA;ACTA2;APP;CLDN5;CD74;GJA1;ANXA2;RDX;KLF4
GO_Biological_Process_2023,Endothelial Cell Development (GO:0001885),3/20,0.00012997496316054035,0.0082615335958918,0,0,36.1728320194057,323.6806038860264,RDX;PECAM1;ICAM1
GO_Biological_Process_2023,Regulation Of Plasma Membrane Repair (GO:1905684),2/5,0.0002450871709985121,0.0138474251614159,0,0,135.35374149659864,1125.3170126751409,ANXA2;S100A10
GO_Biological_Process_2023,Positive Regulation Of Vesicle Fusion (GO:0031340),2/5,0.0002450871709985121,0.0138474251614159,0,0,135.35374149659864,1125.3170126751409,ANXA1;ANXA2
GO_Biological_Process_2023,Myeloid Cell Development (GO:0061515),3/27,0.0003251243529193447,0.0169391597684236,0,0,25.61340206185567,205.70898832313847,APP;ANXA2;FLNA
GO_Biological_Process_2023,Establishment Of Endothelial Barrier (GO:0061028),3/28,0.00036282137198050867,0.0169391597684236,0,0,24.587628865979383,194.773359177925,RDX;PECAM1;ICAM1
GO_Biological_Process_2023,Bleb Assembly (GO:0032060),2/6,0.0003664321680484968,0.0169391597684236,0,0,101.51020408163264,803.1179907171842,EMP1;MYLK
GO_Biological_Process_2023,Positive Regulation Of Unsaturated Fatty Acid Biosynthetic Process (GO:2001280),2/6,0.0003664321680484968,0.0169391597684236,0,0,101.51020408163264,803.1179907171842,CD74;ANXA1
GO_Biological_Process_2023,Maintenance Of Blood-Brain Barrier (GO:0035633),3/29,0.0004032210189685461,0.01782938157787,0,0,23.640761300555116,184.7767981808264,CLDN5;GJA1;PECAM1
GO_Biological_Process_2023,Cell-Cell Junction Assembly (GO:0007043),4/71,0.0004421954336138499,0.0185371305404026,0,0,12.333955223880595,95.26449293118738,CLDN5;GJA1;CD9;PKP4
GO_Biological_Process_2023,Positive Regulation Of Protein Metabolic Process (GO:0051247),6/196,0.0004556816750344803,0.0185371305404026,0,0,6.621500559910414,50.943945287059414,NIBAN1;NFKBIA;APP;RDX;KLF4;SOX4
GO_Biological_Process_2023,Positive Regulation Of G1/S Transition Of Mitotic Cell Cycle (GO:1900087),3/31,0.0004924436798304106,0.019260201351171,0,0,21.949926362297496,167.17350275311443,ANXA1;RDX;PLCB1
GO_Biological_Process_2023,Positive Regulation Of Vascular Associated Smooth Muscle Cell Migration (GO:1904754),2/7,0.0005113327792346296,0.019260201351171,0,0,81.20408163265306,615.4043164173056,DOCK4;IGFBP5
GO_Biological_Process_2023,Regulation Of Vesicle Fusion (GO:0031338),2/8,0.0006795551666861537,0.0209426546824187,0,0,67.66666666666667,493.5655481733249,ANXA1;ANXA2
GO_Biological_Process_2023,Negative Regulation Of Platelet Aggregation (GO:0090331),2/8,0.0006795551666861537,0.0209426546824187,0,0,67.66666666666667,493.5655481733249,CD9;PRKG1
GO_Biological_Process_2023,Positive Regulation Of Gene Expression (GO:0010628),9/480,0.0006757000304575697,0.0209426546824187,0,0,4.079722824945755,29.781002883368213,NIBAN1;ACTA2;APP;CLDN5;CD74;GJA1;RDX;KLF4;SOX4
GO_Biological_Process_2023,Actomyosin Structure Organization (GO:0031032),4/77,0.0006019463184977087,0.0209426546824187,0,0,11.316780821917808,83.91780339915707,TPM1;LMOD1;MYH11;MYL9
GO_Biological_Process_2023,Positive Regulation Of Nitrogen Compound Metabolic Process (GO:0051173),3/33,0.0005934098642840978,0.0209426546824187,0,0,20.484536082474225,152.19242604001315,NFKBIA;APP;KLF4
GO_Biological_Process_2023,Cellular Response To Amyloid-Beta (GO:1904646),3/34,0.0006484839479590657,0.0209426546824187,0,0,19.822746923844363,145.51627376631131,APP;GJA1;ICAM1
GO_Biological_Process_2023,Positive Regulation Of Transcription By RNA Polymerase II (GO:0045944),13/938,0.0007930358824565018,0.0233801651927291,0,0,3.065237651444548,21.884699747060125,APP;WWTR1;ANXA2;TCF12;LDB2;KLF4;ETS2;NFKBIA;NRIP1;TCF4;ERG;SOX4;S100A10
GO_Biological_Process_2023,Negative Regulation Of Smooth Muscle Cell Proliferation (GO:0048662),3/37,0.0008329373632247138,0.0233801651927291,0,0,18.070952092177077,128.13302753808438,IGFBP5;TPM1;PRKG1
GO_Biological_Process_2023,Granulocyte Migration (GO:0097530),2/9,0.000870867194754317,0.0233801651927291,0,0,57.99708454810496,408.6486795613659,ANXA1;GP2
GO_Biological_Process_2023,Regulation Of Cellular Extravasation (GO:0002691),2/9,0.000870867194754317,0.0233801651927291,0,0,57.99708454810496,408.6486795613659,PLVAP;ICAM1
GO_Biological_Process_2023,Regulation Of Kinase Activity (GO:0043549),4/85,0.0008735951596103323,0.0233801651927291,0,0,10.194958847736626,71.80200933754972,PDGFRB;CD74;FLT1;LDB2
GO_Biological_Process_2023,Negative Regulation Of Angiogenesis (GO:0016525),4/86,0.000912726692152766,0.0238011037415221,0,0,10.070121951219512,70.4815294668184,CLDN5;PTPRM;KLF4;ADAMTS9
GO_Biological_Process_2023,Regulation Of Endothelial Cell Migration (GO:0010594),4/88,0.0009946672626060203,0.025289415151758,0,0,9.82936507936508,67.9514062017993,PTPRM;PLPP3;ADAMTS9;SASH1
GO_Biological_Process_2023,Positive Regulation Of Cell Cycle G1/S Phase Transition (GO:1902808),3/40,0.0010476950310726,0.0259879474780704,0,0,16.60323209807746,113.9174773737536,ANXA1;RDX;PLCB1
GO_Biological_Process_2023,Positive Regulation Of Phosphorylation (GO:0042327),6/231,0.0010744192101797,0.0260162937322104,0,0,5.581560283687943,38.15540674448032,PDGFRB;NIBAN1;APP;CD74;FLT1;PECAM1
GO_Biological_Process_2023,Response To Amyloid-Beta (GO:1904645),3/43,0.0012945471308939,0.028006486803783,0,0,15.355670103092784,102.10897717127874,APP;GJA1;ICAM1
GO_Biological_Process_2023,Regulation Of Phospholipase C Activity (GO:1900274),2/11,0.0013218400851343,0.028006486803783,0,0,45.10430839002267,298.984305122014,PDGFRB;FLT1
GO_Biological_Process_2023,Regulation Of Muscle System Process (GO:0090257),2/11,0.0013218400851343,0.028006486803783,0,0,45.10430839002267,298.984305122014,TPM1;MYL9
GO_Biological_Process_2023,Positive Regulation Of DNA-templated Transcription (GO:0045893),15/1243,0.0012698478505184,0.028006486803783,0,0,2.6832726575972408,17.89436483440757,APP;WWTR1;CD74;ANXA2;TCF12;LDB2;KLF4;ETS2;NFKBIA;NRIP1;TCF4;ERG;PLCB1;SOX4;S100A10
GO_Biological_Process_2023,Cytoplasmic Translation (GO:0002181),4/93,0.0012219357767157,0.028006486803783,0,0,9.274812734082396,62.20912744545419,RPS28;RPS18;RPL28;RPS23
GO_Biological_Process_2023,Cardiac Ventricle Morphogenesis (GO:0003208),3/42,0.0012085906045389,0.028006486803783,0,0,15.750198255352895,105.81456304852416,TPM1;CPE;SOX4
GO_Biological_Process_2023,Positive Regulation Of Supramolecular Fiber Organization (GO:1902905),4/96,0.0013744948444092,0.0285277807502906,0,0,8.971014492753623,59.1160161126674,APP;GPX1;SYNPO2;LMOD1
GO_Biological_Process_2023,Homotypic Cell-Cell Adhesion (GO:0034109),3/46,0.0015751859953084,0.0315278993927478,0,0,14.282186526012946,92.16840432528492,FLNA;PLPP3;MYL9
GO_Biological_Process_2023,Positive Regulation Of Cellular Extravasation (GO:0002693),2/12,0.0015810451022911,0.0315278993927478,0,0,40.59183673469388,261.8039188938469,PLVAP;ICAM1
GO_Biological_Process_2023,Positive Regulation Of Smooth Muscle Cell Proliferation (GO:0048661),3/47,0.0016765192380744,0.0327888474061873,0,0,13.95688847235239,89.19896993336747,PDGFRB;GJA1;IGFBP5
GO_Biological_Process_2023,Regulation Of G1/S Transition Of Mitotic Cell Cycle (GO:2000045),4/106,0.001978777674223,0.037970130088394,0,0,8.087418300653594,50.34641073488114,ANXA1;RDX;PLCB1;KLF4
GO_Biological_Process_2023,Positive Regulation Of Actin Filament Bundle Assembly (GO:0032233),3/51,0.0021222963043568,0.0379755718579833,0,0,12.791237113402062,78.73334684431502,SYNPO2;TPM1;S100A10
GO_Biological_Process_2023,Regulation Of Protein Phosphorylation (GO:0001932),6/265,0.002156558338633,0.0379755718579833,0,0,4.840466606424053,29.71679438815059,NIBAN1;APP;WWTR1;CD74;PECAM1;PLPP3
GO_Biological_Process_2023,Smooth Muscle Contraction (GO:0006939),2/14,0.0021657651600423,0.0379755718579833,0,0,33.82312925170068,207.5042741698455,MYH11;MYLK
GO_Biological_Process_2023,Striated Muscle Cell Development (GO:0055002),2/14,0.0021657651600423,0.0379755718579833,0,0,33.82312925170068,207.5042741698455,LMOD1;MYL9
GO_Biological_Process_2023,Membrane Raft Organization (GO:0031579),2/14,0.0021657651600423,0.0379755718579833,0,0,33.82312925170068,207.5042741698455,ANXA2;S100A10
GO_Biological_Process_2023,Negative Regulation Of Platelet Activation (GO:0010544),2/15,0.0024908343052083,0.0429352286168959,0,0,31.21978021978022,187.16687708215863,CD9;PRKG1
GO_Biological_Process_2023,Response To Peptide Hormone (GO:0043434),3/55,0.0026353413771885,0.0446690363433451,0,0,11.804916732751783,70.10636130554923,ANXA1;IGFBP5;TCF12
GO_Biological_Process_2023,Cellular Response To Peptide (GO:1901653),3/56,0.0027744926921681,0.0462567060317221,0,0,11.58159891071776,68.1842009003188,APP;GJA1;ICAM1
GO_Biological_Process_2023,Negative Regulation Of Vascular Associated Smooth Muscle Cell Proliferation (GO:1904706),2/17,0.0032052883489498,0.0525770685626133,0,0,27.05442176870748,155.3722787250682,TPM1;PRKG1
GO_Biological_Process_2023,Positive Regulation Of Macromolecule Biosynthetic Process (GO:0010557),4/122,0.0032926230217725,0.0531523430657571,0,0,6.985169491525424,39.92772308974842,PDGFRB;NIBAN1;KLF4;SOX4
GO_Biological_Process_2023,Enzyme-Linked Receptor Protein Signaling Pathway (GO:0007167),4/124,0.0034901927235166,0.0554613437471316,0,0,6.868055555555555,38.85807320211981,PDGFRB;TRIO;FLT1;LIFR
GO_Biological_Process_2023,Response To Cytokine (GO:0034097),4/125,0.0035919377730342,0.0562000110027049,0,0,6.81095041322314,38.33927204757649,APP;CD74;ANXA1;LIFR
GO_Biological_Process_2023,Regulation Of Angiogenesis (GO:0045765),5/205,0.0036924982354696,0.0568980409920093,0,0,5.184210526315789,29.039106532137858,CLDN5;FLT1;PTPRM;KLF4;SASH1
GO_Biological_Process_2023,Positive Regulation Of Mitotic Cell Cycle Phase Transition (GO:1901992),3/63,0.0038757213407073,0.0588299791567078,0,0,10.22680412371134,56.78968343517464,ANXA1;RDX;PLCB1
GO_Biological_Process_2023,Regulation Of Smooth Muscle Cell Migration (GO:0014910),2/19,0.0040040456388033,0.0598840355097499,0,0,23.869147659063625,131.7684366549516,PDGFRB;IGFBP5
GO_Biological_Process_2023,Positive Regulation Of Phospholipase Activity (GO:0010518),2/20,0.004434499847536,0.0626373103464467,0,0,22.54195011337869,122.13995997533476,PDGFRB;FLT1
GO_Biological_Process_2023,Positive Regulation Of Protein Processing (GO:0010954),2/20,0.004434499847536,0.0626373103464467,0,0,22.54195011337869,122.13995997533476,ANXA2;S100A10
GO_Biological_Process_2023,Positive Regulation Of Vascular Associated Smooth Muscle Cell Proliferation (GO:1904707),2/20,0.004434499847536,0.0626373103464467,0,0,22.54195011337869,122.13995997533476,GJA1;IGFBP5
GO_Biological_Process_2023,Regulation Of Calcium Ion Import (GO:0090279),2/20,0.004434499847536,0.0626373103464467,0,0,22.54195011337869,122.13995997533476,PDGFRB;PLN
GO_Biological_Process_2023,Positive Regulation Of Intracellular Signal Transduction (GO:1902533),8/525,0.0048219035095307,0.0671763817697646,0,0,3.260112690269952,17.391353178234684,PDGFRB;APP;CD74;GJA1;FLT1;VWF;FLNA;SASH1
GO_Biological_Process_2023,Phagocytosis (GO:0006909),3/69,0.0050044009602974,0.0687444416818131,0,0,9.294283036551075,49.23588406625014,ANXA1;ELMO1;PECAM1
GO_Biological_Process_2023,Positive Regulation Of Cell Motility (GO:2000147),5/221,0.0050696490915791,0.0687444416818131,0,0,4.796296296296297,25.345949485342324,PDGFRB;FLT1;RDX;PECAM1;MYLK
GO_Biological_Process_2023,Positive Regulation Of Transferase Activity (GO:0051347),4/143,0.0057826822040575,0.0762439631426581,0,0,5.923561151079137,30.52344512779197,PDGFRB;CD74;FLT1;KLF4
GO_Biological_Process_2023,Negative Regulation Of Extrinsic Apoptotic Signaling Pathway Via Death Domain Receptors (GO:1902042),2/23,0.0058476195920622,0.0762439631426581,0,0,19.318756073858115,99.33164622370634,GPX1;ICAM1
GO_Biological_Process_2023,Apoptotic Process (GO:0006915),5/228,0.0057738266001874,0.0762439631426581,0,0,4.644087797970262,23.937580092661612,NFKBIA;APP;ELMO1;EMP1;IER3
GO_Biological_Process_2023,Negative Regulation Of Phosphorylation (GO:0042326),3/75,0.0063121368856795,0.0799526294095296,0,0,8.517182130584192,43.1419208970586,NIBAN1;WWTR1;PLPP3
GO_Biological_Process_2023,Gliogenesis (GO:0042063),2/24,0.0063585473607634,0.0799526294095296,0,0,18.43970315398887,93.26719485343038,ANXA1;CD9
GO_Biological_Process_2023,Dephosphorylation (GO:0016311),4/147,0.0063679085370421,0.0799526294095296,0,0,5.756701631701632,29.10867080707759,PPP1CB;PTPRB;PTPRM;PLPP3
GO_Biological_Process_2023,Negative Regulation Of Blood Vessel Morphogenesis (GO:2000181),3/77,0.0067890554235683,0.0842008459240129,0,0,8.286152131512956,41.36814601724816,CLDN5;PTPRM;KLF4
GO_Biological_Process_2023,Regulation Of Platelet Aggregation (GO:0090330),2/25,0.0068890740028299,0.0844119067575672,0,0,17.637089618456077,87.79423275712823,CD9;PRKG1
GO_Biological_Process_2023,Negative Regulation Of Protein Modification Process (GO:0031400),3/78,0.0070353356395665,0.0851778136361804,0,0,8.175257731958762,40.523198294001766,NIBAN1;WWTR1;PLPP3
GO_Biological_Process_2023,Negative Regulation Of Receptor-Mediated Endocytosis (GO:0048261),2/26,0.0074389947886241,0.0859711102276217,0,0,16.901360544217688,82.83389842043363,APP;ANXA2
GO_Biological_Process_2023,Cardiac Muscle Cell Development (GO:0055013),2/26,0.0074389947886241,0.0859711102276217,0,0,16.901360544217688,82.83389842043363,PDGFRB;MYH11
GO_Biological_Process_2023,Positive Regulation Of Phosphatidylinositol 3-Kinase Activity (GO:0043552),2/26,0.0074389947886241,0.0859711102276217,0,0,16.901360544217688,82.83389842043363,PDGFRB;FLT1
GO_Biological_Process_2023,Regulation Of Actin Filament Bundle Assembly (GO:0032231),2/26,0.0074389947886241,0.0859711102276217,0,0,16.901360544217688,82.83389842043363,SYNPO2;RDX
GO_Biological_Process_2023,Positive Regulation Of Response To External Stimulus (GO:0032103),4/155,0.0076537056916765,0.0874586369487088,0,0,5.449503311258278,26.553060978024,PDGFRB;NFKBIA;APP;SASH1
GO_Biological_Process_2023,Regulation Of Interleukin-8 Production (GO:0032677),3/81,0.007805783179295,0.0882053499260345,0,0,7.859635210150674,38.141948154855065,CD74;ANXA1;KLF4
GO_Biological_Process_2023,Positive Regulation Of Response To Wounding (GO:1903036),2/27,0.0080081065105895,0.0885243947964084,0,0,16.224489795918366,78.32049478663112,ANXA1;MYLK
GO_Biological_Process_2023,T Cell Activation Involved In Immune Response (GO:0002286),2/27,0.0080081065105895,0.0885243947964084,0,0,16.224489795918366,78.32049478663112,CD74;ICAM1
GO_Biological_Process_2023,Peptide Biosynthetic Process (GO:0043043),4/158,0.0081768195013075,0.0894174777723637,0,0,5.342532467532467,25.67862595978233,RPS28;RPS18;RPL28;RPS23
GO_Biological_Process_2023,Regulation Of NIK/NF-kappaB Signaling (GO:1901222),3/83,0.0083460073428334,0.0902966964644849,0,0,7.662371134020619,36.671893831371335,NFKBIA;APP;SASH1
GO_Biological_Process_2023,"Regulation Of DNA Damage Response, Signal Transduction By P53 Class Mediator (GO:0043516)",2/28,0.008596207471144,0.0920246631384574,0,0,15.599686028257455,74.19887958363982,CD74;SOX4
GO_Biological_Process_2023,Regulation Of Developmental Growth (GO:0048638),2/29,0.0092030974751143,0.0955056135937887,0,0,15.02116402116402,70.4224490277819,APP;PLCB1
GO_Biological_Process_2023,Regulation Of Muscle Contraction (GO:0006937),2/29,0.0092030974751143,0.0955056135937887,0,0,15.02116402116402,70.4224490277819,TPM1;MYL9
GO_Biological_Process_2023,Positive Regulation Of Calcium Ion Transport (GO:0051928),2/29,0.0092030974751143,0.0955056135937887,0,0,15.02116402116402,70.4224490277819,PDGFRB;MYLK
GO_Biological_Process_2023,Positive Regulation Of Cell Adhesion (GO:0045785),3/88,0.0097909960306668,0.0979967023888453,0,0,7.209824135839903,33.35475235562723,MAGI1;TPM1;PLPP3
GO_Biological_Process_2023,Positive Regulation Of Lipid Kinase Activity (GO:0090218),2/30,0.0098285778207101,0.0979967023888453,0,0,14.48396501457726,66.95156387938638,PDGFRB;FLT1
GO_Biological_Process_2023,Immunoglobulin Mediated Immune Response (GO:0016064),2/30,0.0098285778207101,0.0979967023888453,0,0,14.48396501457726,66.95156387938638,CD74;HLA-DRA
GO_Biological_Process_2023,Regulation Of Cell Migration Involved In Sprouting Angiogenesis (GO:0090049),2/30,0.0098285778207101,0.0979967023888453,0,0,14.48396501457726,66.95156387938638,ANXA1;KLF4
GO_Biological_Process_2023,Regulation Of Peptidyl-Tyrosine Phosphorylation (GO:0050730),3/90,0.0104072034150417,0.1004762543104556,0,0,7.043370067543548,32.15479504350625,APP;CD74;PECAM1
GO_Biological_Process_2023,Regulation Of Extrinsic Apoptotic Signaling Pathway Via Death Domain Receptors (GO:1902041),2/31,0.0104724512850622,0.1004762543104556,0,0,13.983814215341308,63.75230908786907,GPX1;ICAM1
GO_Biological_Process_2023,Positive Regulation Of Leukocyte Migration (GO:0002687),2/31,0.0104724512850622,0.1004762543104556,0,0,13.983814215341308,63.75230908786907,PLVAP;ICAM1
GO_Biological_Process_2023,Leukocyte Cell-Cell Adhesion (GO:0007159),2/31,0.0104724512850622,0.1004762543104556,0,0,13.983814215341308,63.75230908786907,PECAM1;ICAM1
GO_Biological_Process_2023,Positive Regulation Of Cell Population Proliferation (GO:0008284),7/483,0.010696516402337,0.1009803034569392,0,0,3.0714737507906387,13.93784772352692,PDGFRB;CLDN5;WWTR1;CD74;GJA1;LIFR;SOX4
GO_Biological_Process_2023,Positive Regulation Of MAP Kinase Activity (GO:0043406),3/91,0.0107235720485245,0.1009803034569392,0,0,6.9629803186504216,31.57928099076808,PDGFRB;FLT1;SASH1
GO_Biological_Process_2023,Cell-Cell Adhesion Via Plasma-Membrane Adhesion Molecules (GO:0098742),4/172,0.0109278197077072,0.1019595655297087,0,0,4.8938492063492065,22.102793313136463,CLDN5;PECAM1;PTPRM;ICAM1
GO_Biological_Process_2023,Negative Regulation Of Fat Cell Differentiation (GO:0045599),2/32,0.0111345221222248,0.1029437181663882,0,0,13.517006802721088,60.79550767481704,WWTR1;TRIO
GO_Biological_Process_2023,Positive Regulation Of Cellular Biosynthetic Process (GO:0031328),4/174,0.0113638641834636,0.1041175664376806,0,0,4.83578431372549,21.65133818718701,PDGFRB;NIBAN1;KLF4;SOX4
GO_Biological_Process_2023,Negative Regulation Of Epithelial Cell Migration (GO:0010633),2/33,0.0118145960439167,0.1047503341638061,0,0,13.08031599736669,58.0559303610333,PTPRM;ADAMTS9
GO_Biological_Process_2023,Vasculogenesis (GO:0001570),2/33,0.0118145960439167,0.1047503341638061,0,0,13.08031599736669,58.0559303610333,PDGFRB;EGFL7
GO_Biological_Process_2023,Inositol Lipid-Mediated Signaling (GO:0048017),2/33,0.0118145960439167,0.1047503341638061,0,0,13.08031599736669,58.0559303610333,PDGFRB;PLCB1
GO_Biological_Process_2023,Positive Regulation Of Cell Migration (GO:0030335),5/272,0.0118449247087883,0.1047503341638061,0,0,3.87009658978908,17.167190395716204,PDGFRB;FLT1;RDX;PECAM1;MYLK
GO_Biological_Process_2023,Regulation Of Protein Metabolic Process (GO:0051246),3/96,0.0123887403730049,0.105166879242584,0,0,6.58696375124709,28.92314213052681,NFKBIA;APP;KLF4
GO_Biological_Process_2023,Positive Regulation Of ERK1 And ERK2 Cascade (GO:0070374),4/179,0.0125026307917825,0.105166879242584,0,0,4.696428571428571,20.578886765787093,PDGFRB;APP;CD74;ICAM1
GO_Biological_Process_2023,Regulation Of Neuronal Synaptic Plasticity (GO:0048168),2/34,0.0125124802245355,0.105166879242584,0,0,12.67091836734694,55.51165721021778,APP;MCTP1
GO_Biological_Process_2023,Regulation Of Phosphatidylinositol 3-Kinase Activity (GO:0043551),2/34,0.0125124802245355,0.105166879242584,0,0,12.67091836734694,55.51165721021778,PDGFRB;FLT1
GO_Biological_Process_2023,Positive Regulation Of Organelle Organization (GO:0010638),2/34,0.0125124802245355,0.105166879242584,0,0,12.67091836734694,55.51165721021778,ANXA1;ANXA2
GO_Biological_Process_2023,Regulation Of Blood Circulation (GO:1903522),2/34,0.0125124802245355,0.105166879242584,0,0,12.67091836734694,55.51165721021778,PLN;TPM1
GO_Biological_Process_2023,Platelet Aggregation (GO:0070527),2/35,0.0132279832722483,0.1093728372998094,0,0,12.286332714904145,53.14355844722063,FLNA;MYL9
GO_Biological_Process_2023,Positive Regulation Of Substrate Adhesion-Dependent Cell Spreading (GO:1900026),2/35,0.0132279832722483,0.1093728372998094,0,0,12.286332714904145,53.14355844722063,FLNA;S100A10
GO_Biological_Process_2023,Macromolecule Biosynthetic Process (GO:0009059),4/183,0.0134644784323042,0.1104304400455919,0,0,4.590549348230913,19.774710751918462,RPS28;RPS18;RPL28;RPS23
GO_Biological_Process_2023,Negative Regulation Of Sequestering Of Calcium Ion (GO:0051283),2/36,0.0139609152364795,0.1117972503582655,0,0,11.92436974789916,50.93486932982207,FLNA;PLCB1
GO_Biological_Process_2023,Positive Regulation Of Phospholipase C Activity (GO:0010863),2/36,0.0139609152364795,0.1117972503582655,0,0,11.92436974789916,50.93486932982207,PDGFRB;FLT1
GO_Biological_Process_2023,Positive Regulation Of Cell Differentiation (GO:0045597),5/283,0.0138594399495076,0.1117972503582655,0,0,3.7148807269973494,15.89518965319541,WWTR1;GJA1;TCF4;PLCB1;SOX4
GO_Biological_Process_2023,Negative Regulation Of Endothelial Cell Migration (GO:0010596),2/37,0.0147110875878218,0.1159781091225958,0,0,11.583090379008746,48.87083992538764,PTPRM;ADAMTS9
GO_Biological_Process_2023,Negative Regulation Of Endothelial Cell Proliferation (GO:0001937),2/37,0.0147110875878218,0.1159781091225958,0,0,11.583090379008746,48.87083992538764,FLT1;PTPRM
GO_Biological_Process_2023,Endocytosis (GO:0006897),4/189,0.014993672320653,0.1172966519238778,0,0,4.440315315315315,18.64988829841458,APP;MYO1E;ANXA1;PECAM1
GO_Biological_Process_2023,Positive Regulation Of Kinase Activity (GO:0033674),3/104,0.0153453232940326,0.1174734667786315,0,0,6.06277431866898,25.323871983150248,PDGFRB;CD74;FLT1
GO_Biological_Process_2023,Tumor Necrosis Factor-Mediated Signaling Pathway (GO:0033209),2/38,0.0154783132235365,0.1174734667786315,0,0,11.260770975056689,46.9384448645158,NFKBIA;PLVAP
GO_Biological_Process_2023,Positive Regulation Of Myoblast Differentiation (GO:0045663),2/38,0.0154783132235365,0.1174734667786315,0,0,11.260770975056689,46.9384448645158,PLCB1;SOX4
GO_Biological_Process_2023,Membrane Assembly (GO:0071709),2/38,0.0154783132235365,0.1174734667786315,0,0,11.260770975056689,46.9384448645158,ANXA2;S100A10
GO_Biological_Process_2023,Positive Regulation Of Stress-Activated MAPK Cascade (GO:0032874),3/105,0.0157404409875109,0.1181348893297664,0,0,6.003032140691328,24.921720115184357,APP;PLCB1;SASH1
GO_Biological_Process_2023,Protein Localization To Membrane (GO:0072657),4/192,0.0157977826439019,0.1181348893297664,0,0,4.368794326241135,18.12125945871902,RDX;CPE;FLNA;S100A10
GO_Biological_Process_2023,Regulation Of Signal Transduction (GO:0009966),4/193,0.0160717407971991,0.1193062802244635,0,0,4.345458553791887,17.949754270462787,APP;RGS5;IGFBP5;PLCB1
GO_Biological_Process_2023,Release Of Sequestered Calcium Ion Into Cytosol (GO:0051209),2/39,0.0162624064321538,0.1198468647934814,0,0,10.955874241588528,45.126141525786544,FLNA;PLCB1
GO_Biological_Process_2023,Regulation Of Intracellular Signal Transduction (GO:1902531),5/297,0.0167421424105355,0.1224946678526236,0,0,3.5342465753424657,14.45445438457311,NFKBIA;WWTR1;PLEKHG1;TRIO;VWF
GO_Biological_Process_2023,Negative Regulation Of Cell-Cell Adhesion (GO:0022408),2/40,0.0170631829128301,0.1230727448393493,0,0,10.66702470461869,43.42366746060685,RDX;KLF4
GO_Biological_Process_2023,Positive Regulation Of Wound Healing (GO:0090303),2/40,0.0170631829128301,0.1230727448393493,0,0,10.66702470461869,43.42366746060685,ANXA1;MYLK
GO_Biological_Process_2023,Regulation Of Chemokine Production (GO:0032642),2/41,0.0178804597481127,0.1271638291176969,0,0,10.392987964416536,41.82186992516352,APP;CD74
GO_Biological_Process_2023,Heart Contraction (GO:0060047),2/41,0.0178804597481127,0.1271638291176969,0,0,10.392987964416536,41.82186992516352,GPX1;TPM1
GO_Biological_Process_2023,Noradrenergic Neuron Differentiation (GO:0003357),1/6,0.0296309633944118,0.1291048945431362,0,0,40.19191919191919,141.432767389918,SOX4
GO_Biological_Process_2023,Regulation Of Hemoglobin Biosynthetic Process (GO:0046984),1/6,0.0296309633944118,0.1291048945431362,0,0,40.19191919191919,141.432767389918,KLF4
GO_Biological_Process_2023,Negative Regulation Of Low-Density Lipoprotein Receptor Activity (GO:1905598),1/6,0.0296309633944118,0.1291048945431362,0,0,40.19191919191919,141.432767389918,APP
GO_Biological_Process_2023,Negative Regulation Of Heart Rate (GO:0010459),1/6,0.0296309633944118,0.1291048945431362,0,0,40.19191919191919,141.432767389918,PLN
GO_Biological_Process_2023,Negative Regulation Of Cysteine-Type Endopeptidase Activity (GO:2000117),2/53,0.0289100845392208,0.1291048945431362,0,0,7.942777110844338,28.14574537420548,GPX1;KLF4
GO_Biological_Process_2023,Tight Junction Assembly (GO:0120192),2/53,0.0289100845392208,0.1291048945431362,0,0,7.942777110844338,28.14574537420548,CLDN5;PECAM1
GO_Biological_Process_2023,Positive Regulation Of Chemokine Production (GO:0032722),2/53,0.0289100845392208,0.1291048945431362,0,0,7.942777110844338,28.14574537420548,APP;CD74
GO_Biological_Process_2023,Positive Regulation Of NIK/NF-kappaB Signaling (GO:1901224),2/53,0.0289100845392208,0.1291048945431362,0,0,7.942777110844338,28.14574537420548,APP;SASH1
GO_Biological_Process_2023,Blood Vessel Morphogenesis (GO:0048514),2/53,0.0289100845392208,0.1291048945431362,0,0,7.942777110844338,28.14574537420548,EGFL7;FLT1
GO_Biological_Process_2023,Actin Cytoskeleton Reorganization (GO:0031532),2/53,0.0289100845392208,0.1291048945431362,0,0,7.942777110844338,28.14574537420548,ANXA1;FLNA
GO_Biological_Process_2023,Receptor Internalization (GO:0031623),2/51,0.0269214810715392,0.1291048945431362,0,0,8.26780508121616,29.886716110404755,CALCRL;CD9
GO_Biological_Process_2023,Circulatory System Development (GO:0072359),3/132,0.0285811776295865,0.1291048945431362,0,0,4.740110285303285,16.851124783599985,GJA1;CRIP1;SOX4
GO_Biological_Process_2023,Plasma Membrane Bounded Cell Projection Organization (GO:0120036),3/132,0.0285811776295865,0.1291048945431362,0,0,4.740110285303285,16.851124783599985,APP;TPM1;PTPRM
GO_Biological_Process_2023,Regulation Of Cell Development (GO:0060284),2/52,0.0279085775805053,0.1291048945431362,0,0,8.10204081632653,28.995755414400413,ANXA2;S100A10
GO_Biological_Process_2023,Icosanoid Metabolic Process (GO:0006690),2/52,0.0279085775805053,0.1291048945431362,0,0,8.10204081632653,28.995755414400413,CPA1;GPX1
GO_Biological_Process_2023,Cardiac Muscle Tissue Development (GO:0048738),2/52,0.0279085775805053,0.1291048945431362,0,0,8.10204081632653,28.995755414400413,GJA1;ADAMTS9
GO_Biological_Process_2023,Negative Regulation Of Response To Stimulus (GO:0048585),2/52,0.0279085775805053,0.1291048945431362,0,0,8.10204081632653,28.995755414400413,MCTP1;KLF4
GO_Biological_Process_2023,Calcitonin Family Receptor Signaling Pathway (GO:0097646),1/6,0.0296309633944118,0.1291048945431362,0,0,40.19191919191919,141.432767389918,CALCRL
GO_Biological_Process_2023,Regulation Of Substrate Adhesion-Dependent Cell Spreading (GO:1900024),2/51,0.0269214810715392,0.1291048945431362,0,0,8.26780508121616,29.886716110404755,FLNA;S100A10
GO_Biological_Process_2023,Positive Regulation Of Protein Modification Process (GO:0031401),4/225,0.0264558956010552,0.1291048945431362,0,0,3.710218702865762,13.476539274667145,NIBAN1;APP;CD74;PECAM1
GO_Biological_Process_2023,Epithelial Cell Differentiation (GO:0030855),3/132,0.0285811776295865,0.1291048945431362,0,0,4.740110285303285,16.851124783599985,TAGLN;ANXA1;KRT14
GO_Biological_Process_2023,Regulation Of Prostaglandin Biosynthetic Process (GO:0031392),1/6,0.0296309633944118,0.1291048945431362,0,0,40.19191919191919,141.432767389918,CD74
GO_Biological_Process_2023,Positive Regulation Of Transport (GO:0051050),2/50,0.025948961945953,0.1291048945431362,0,0,8.44047619047619,30.82144266223132,ANXA1;ANXA2
GO_Biological_Process_2023,Cellular Hypotonic Response (GO:0071476),1/6,0.0296309633944118,0.1291048945431362,0,0,40.19191919191919,141.432767389918,MYLK
GO_Biological_Process_2023,Translation (GO:0006412),4/234,0.0299594445547494,0.1291048945431362,0,0,3.5634057971014492,12.500109181793436,RPS28;RPS18;RPL28;RPS23
GO_Biological_Process_2023,Epidermal Cell Differentiation (GO:0009913),2/54,0.029925836282038,0.1291048945431362,0,0,7.789638932496075,27.334100710931292,CLIC4;ANXA1
GO_Biological_Process_2023,Regulation Of Smooth Muscle Cell Proliferation (GO:0048660),2/54,0.029925836282038,0.1291048945431362,0,0,7.789638932496075,27.334100710931292,PDGFRB;IGFBP5
GO_Biological_Process_2023,Peptidyl-Tyrosine Modification (GO:0018212),2/54,0.029925836282038,0.1291048945431362,0,0,7.789638932496075,27.334100710931292,PDGFRB;FLT1
GO_Biological_Process_2023,Regulation Of Myoblast Differentiation (GO:0045661),2/54,0.029925836282038,0.1291048945431362,0,0,7.789638932496075,27.334100710931292,PLCB1;SOX4
GO_Biological_Process_2023,Apical Junction Assembly (GO:0043297),2/54,0.029925836282038,0.1291048945431362,0,0,7.789638932496075,27.334100710931292,CLDN5;PECAM1
GO_Biological_Process_2023,Negative Regulation Of Protein Catabolic Process (GO:0042177),2/54,0.029925836282038,0.1291048945431362,0,0,7.789638932496075,27.334100710931292,ANXA2;FLNA
GO_Biological_Process_2023,Regulation Of Exocytosis (GO:0017157),2/54,0.029925836282038,0.1291048945431362,0,0,7.789638932496075,27.334100710931292,ANXA2;S100A10
GO_Biological_Process_2023,Regulation Of Cardiac Muscle Cell Membrane Potential (GO:0086036),1/6,0.0296309633944118,0.1291048945431362,0,0,40.19191919191919,141.432767389918,PLN
GO_Biological_Process_2023,Regulation Of Atrial Cardiac Muscle Cell Membrane Repolarization (GO:0060372),1/6,0.0296309633944118,0.1291048945431362,0,0,40.19191919191919,141.432767389918,FLNA
GO_Biological_Process_2023,Regulation Of T-helper Cell Differentiation (GO:0045622),1/6,0.0296309633944118,0.1291048945431362,0,0,40.19191919191919,141.432767389918,HLA-DRA
GO_Biological_Process_2023,Receptor-Mediated Virion Attachment To Host Cell (GO:0046813),1/6,0.0296309633944118,0.1291048945431362,0,0,40.19191919191919,141.432767389918,ICAM1
GO_Biological_Process_2023,Lymphoid Progenitor Cell Differentiation (GO:0002320),1/6,0.0296309633944118,0.1291048945431362,0,0,40.19191919191919,141.432767389918,SOX4
GO_Biological_Process_2023,Hypotonic Response (GO:0006971),1/6,0.0296309633944118,0.1291048945431362,0,0,40.19191919191919,141.432767389918,MYLK
GO_Biological_Process_2023,Protein Modification Process (GO:0036211),8/711,0.0260862042525647,0.1291048945431362,0,0,2.374543880264704,8.658414936509491,PPP1CB;APP;PTPRB;ANXA1;CPE;PTPRM;ERG;PRKG1
GO_Biological_Process_2023,Glomerular Epithelial Cell Development (GO:0072310),1/6,0.0296309633944118,0.1291048945431362,0,0,40.19191919191919,141.432767389918,MYO1E
GO_Biological_Process_2023,Positive Regulation Of Lipopolysaccharide-Mediated Signaling Pathway (GO:0031666),1/6,0.0296309633944118,0.1291048945431362,0,0,40.19191919191919,141.432767389918,SASH1
GO_Biological_Process_2023,Smooth Muscle Cell Migration (GO:0014909),1/6,0.0296309633944118,0.1291048945431362,0,0,40.19191919191919,141.432767389918,PDGFRB
GO_Biological_Process_2023,Elastic Fiber Assembly (GO:0048251),1/6,0.0296309633944118,0.1291048945431362,0,0,40.19191919191919,141.432767389918,MYH11
GO_Biological_Process_2023,Podocyte Development (GO:0072015),1/6,0.0296309633944118,0.1291048945431362,0,0,40.19191919191919,141.432767389918,MYO1E
GO_Biological_Process_2023,Cellular Response To Laminar Fluid Shear Stress (GO:0071499),1/6,0.0296309633944118,0.1291048945431362,0,0,40.19191919191919,141.432767389918,KLF4
GO_Biological_Process_2023,Regulation Of Relaxation Of Muscle (GO:1901077),1/6,0.0296309633944118,0.1291048945431362,0,0,40.19191919191919,141.432767389918,PLN
GO_Biological_Process_2023,Hemostasis (GO:0007599),1/6,0.0296309633944118,0.1291048945431362,0,0,40.19191919191919,141.432767389918,VWF
GO_Biological_Process_2023,Negative Regulation Of Cysteine-Type Endopeptidase Activity Involved In Apoptotic Process (GO:0043154),2/49,0.0249911884332231,0.1291048945431362,0,0,8.620495006513243,31.803005852102093,GPX1;KLF4
GO_Biological_Process_2023,Blood Circulation (GO:0008015),2/50,0.025948961945953,0.1291048945431362,0,0,8.44047619047619,30.82144266223132,GPX1;PLN
GO_Biological_Process_2023,Negative Regulation Of Insulin-Like Growth Factor Receptor Signaling Pathway (GO:0043569),1/5,0.0247535287182936,0.1291048945431362,0,0,50.24242424242424,185.83603697375267,IGFBP5
GO_Biological_Process_2023,Cell Chemotaxis (GO:0060326),2/50,0.025948961945953,0.1291048945431362,0,0,8.44047619047619,30.82144266223132,PDGFRB;DOCK4
GO_Biological_Process_2023,Regulation Of Cell Motility (GO:2000145),3/123,0.0238342004694832,0.1291048945431362,0,0,5.097938144329897,19.049127650459432,FLNA;LDB2;TMSB10
GO_Biological_Process_2023,Modulation Of Chemical Synaptic Transmission (GO:0050804),3/123,0.0238342004694832,0.1291048945431362,0,0,5.097938144329897,19.049127650459432,APP;TRIO;MCTP1
GO_Biological_Process_2023,Regulation Of Protein Catabolic Process (GO:0042176),3/122,0.0233355709159096,0.1291048945431362,0,0,5.141037858442346,19.318870909741264,GPX1;RDX;FLNA
GO_Biological_Process_2023,Regulation Of Wound Healing (GO:0061041),2/47,0.0231205576171507,0.1291048945431362,0,0,9.004535147392291,33.92038210413699,ANXA1;MYLK
GO_Biological_Process_2023,Bicellular Tight Junction Assembly (GO:0070830),2/47,0.0231205576171507,0.1291048945431362,0,0,9.004535147392291,33.92038210413699,CLDN5;PECAM1
GO_Biological_Process_2023,Regulation Of GTPase Activity (GO:0043087),4/214,0.022526053078824,0.1291048945431362,0,0,3.906746031746032,14.81861088406974,RDX;PKP4;PRKG1;S100A10
GO_Biological_Process_2023,Positive Regulation Of Cell-Cell Adhesion (GO:0022409),2/46,0.0222080432575084,0.1291048945431362,0,0,9.20964749536178,35.063897787087264,MAGI1;PLPP3
GO_Biological_Process_2023,Negative Regulation Of Trophoblast Cell Migration (GO:1901164),1/5,0.0247535287182936,0.1291048945431362,0,0,50.24242424242424,185.83603697375267,GJA1
GO_Biological_Process_2023,Response To Hydrogen Peroxide (GO:0042542),2/46,0.0222080432575084,0.1291048945431362,0,0,9.20964749536178,35.063897787087264,ANXA1;GPX1
GO_Biological_Process_2023,Positive Regulation Of Angiogenesis (GO:0045766),3/119,0.0218742991047355,0.1291048945431362,0,0,5.274795591894774,20.16260489683167,FLT1;KLF4;SASH1
GO_Biological_Process_2023,Regulation Of Viral Entry Into Host Cell (GO:0046596),2/44,0.0204294838615153,0.1291048945431362,0,0,9.649173955296405,37.54277574025534,CD74;LY6E
GO_Biological_Process_2023,Negative Regulation Of Cell Differentiation (GO:0045596),4/207,0.0202238448517036,0.1291048945431362,0,0,4.042898193760263,15.770912991022987,NFKBIA;WWTR1;TRIO;SOX4
GO_Biological_Process_2023,Positive Regulation Of MAPK Cascade (GO:0043410),5/310,0.0197539144630945,0.1291048945431362,0,0,3.381363244176014,13.26983411070672,PDGFRB;APP;CD74;FLT1;ICAM1
GO_Biological_Process_2023,Regulation Of Cell-Cell Adhesion (GO:0022407),2/43,0.0195637897091908,0.1291048945431362,0,0,9.885017421602788,38.888398778373954,MAGI1;PLPP3
GO_Biological_Process_2023,Positive Regulation Of Stress Fiber Assembly (GO:0051496),2/43,0.0195637897091908,0.1291048945431362,0,0,9.885017421602788,38.888398778373954,TPM1;S100A10
GO_Biological_Process_2023,Positive Regulation Of Cellular Component Organization (GO:0051130),3/113,0.0191074760635156,0.1291048945431362,0,0,5.564198687910028,22.021293400586593,GPX1;ANXA2;S100A10
GO_Biological_Process_2023,Keratinocyte Differentiation (GO:0030216),2/42,0.0187140554000922,0.1291048945431362,0,0,10.13265306122449,40.31256172341721,CLIC4;ANXA1
GO_Biological_Process_2023,Regulation Of Translation (GO:0006417),4/202,0.018672432369582,0.1291048945431362,0,0,4.146043771043771,16.504185659325106,NIBAN1;APP;IGFBP5;SOX4
GO_Biological_Process_2023,T Cell Differentiation (GO:0030217),2/46,0.0222080432575084,0.1291048945431362,0,0,9.20964749536178,35.063897787087264,ANXA1;SOX4
GO_Biological_Process_2023,Neurotransmitter-Gated Ion Channel Clustering (GO:0072578),1/5,0.0247535287182936,0.1291048945431362,0,0,50.24242424242424,185.83603697375267,GPHN
GO_Biological_Process_2023,Protein Dephosphorylation (GO:0006470),3/124,0.0243385983169026,0.1291048945431362,0,0,5.055550822186248,18.78486863700217,PPP1CB;PTPRB;PTPRM
GO_Biological_Process_2023,Axo-Dendritic Transport (GO:0008088),1/5,0.0247535287182936,0.1291048945431362,0,0,50.24242424242424,185.83603697375267,APP
GO_Biological_Process_2023,"G Protein-Coupled Receptor Signaling Pathway, Coupled To Cyclic Nucleotide Second Messenger (GO:0007187)",2/50,0.025948961945953,0.1291048945431362,0,0,8.44047619047619,30.82144266223132,ANXA1;CALCRL
GO_Biological_Process_2023,Regulation Of Gene Expression (GO:0010468),11/1127,0.0250908598837282,0.1291048945431362,0,0,2.0803028472473923,7.666439494537074,ACTA2;APP;CLDN5;WWTR1;CD74;GJA1;GPX1;RDX;KLF4;CRIP1;SOX4
GO_Biological_Process_2023,Negative Regulation Of Cellular Extravasation (GO:0002692),1/5,0.0247535287182936,0.1291048945431362,0,0,50.24242424242424,185.83603697375267,PLCB1
GO_Biological_Process_2023,Negative Regulation Of Cell Size (GO:0045792),1/5,0.0247535287182936,0.1291048945431362,0,0,50.24242424242424,185.83603697375267,RDX
GO_Biological_Process_2023,Negative Regulation Of Calcium Ion Import (GO:0090281),1/5,0.0247535287182936,0.1291048945431362,0,0,50.24242424242424,185.83603697375267,PLN
GO_Biological_Process_2023,Neutrophil Extravasation (GO:0072672),1/5,0.0247535287182936,0.1291048945431362,0,0,50.24242424242424,185.83603697375267,PECAM1
GO_Biological_Process_2023,Kidney Morphogenesis (GO:0060993),1/5,0.0247535287182936,0.1291048945431362,0,0,50.24242424242424,185.83603697375267,SOX4
GO_Biological_Process_2023,Transmembrane Receptor Protein Tyrosine Phosphatase Signaling Pathway (GO:0007185),1/5,0.0247535287182936,0.1291048945431362,0,0,50.24242424242424,185.83603697375267,TRIO
GO_Biological_Process_2023,Glomerulus Vasculature Development (GO:0072012),1/5,0.0247535287182936,0.1291048945431362,0,0,50.24242424242424,185.83603697375267,PECAM1
GO_Biological_Process_2023,Mesodermal Cell Fate Commitment (GO:0001710),1/5,0.0247535287182936,0.1291048945431362,0,0,50.24242424242424,185.83603697375267,KLF4
GO_Biological_Process_2023,Positive Regulation Of Hemoglobin Biosynthetic Process (GO:0046985),1/5,0.0247535287182936,0.1291048945431362,0,0,50.24242424242424,185.83603697375267,KLF4
GO_Biological_Process_2023,Regulation Of Protein Autoubiquitination (GO:1902498),1/5,0.0247535287182936,0.1291048945431362,0,0,50.24242424242424,185.83603697375267,SASH1
GO_Biological_Process_2023,Tight Junction Organization (GO:0120193),1/5,0.0247535287182936,0.1291048945431362,0,0,50.24242424242424,185.83603697375267,CLDN5
GO_Biological_Process_2023,Cellular Response To Cold (GO:0070417),1/5,0.0247535287182936,0.1291048945431362,0,0,50.24242424242424,185.83603697375267,NFKBIA
GO_Biological_Process_2023,"Positive Regulation Of CD4-positive, CD25-positive, Alpha-Beta Regulatory T Cell Differentiation (GO:0032831)",1/5,0.0247535287182936,0.1291048945431362,0,0,50.24242424242424,185.83603697375267,HLA-DRA
GO_Biological_Process_2023,Regulation Of Relaxation Of Cardiac Muscle (GO:1901897),1/5,0.0247535287182936,0.1291048945431362,0,0,50.24242424242424,185.83603697375267,PLN
GO_Biological_Process_2023,Retinal Ganglion Cell Axon Guidance (GO:0031290),1/5,0.0247535287182936,0.1291048945431362,0,0,50.24242424242424,185.83603697375267,PTPRM
GO_Biological_Process_2023,Positive Regulation Of Endothelial Cell Development (GO:1901552),1/5,0.0247535287182936,0.1291048945431362,0,0,50.24242424242424,185.83603697375267,CLDN5
GO_Biological_Process_2023,Positive Regulation Of Establishment Of Endothelial Barrier (GO:1903142),1/5,0.0247535287182936,0.1291048945431362,0,0,50.24242424242424,185.83603697375267,CLDN5
GO_Biological_Process_2023,Regulation Of Type 2 Immune Response (GO:0002828),1/5,0.0247535287182936,0.1291048945431362,0,0,50.24242424242424,185.83603697375267,CD74
GO_Biological_Process_2023,Non-Membrane-Bounded Organelle Assembly (GO:0140694),3/135,0.0302669636902368,0.1298797555821557,0,0,4.631677600749765,16.200211650899902,LMOD1;MYL9;RPS23
GO_Biological_Process_2023,Positive Regulation Of Plasminogen Activation (GO:0010756),1/7,0.0344842492004146,0.1303735369398576,0,0,33.49158249158249,112.77461836050252,S100A10
GO_Biological_Process_2023,Peptidyl-Tyrosine Dephosphorylation Involved In Inactivation Of Protein Kinase Activity (GO:1990264),1/7,0.0344842492004146,0.1303735369398576,0,0,33.49158249158249,112.77461836050252,PTPRB
GO_Biological_Process_2023,"Positive Regulation Of CD4-positive, Alpha-Beta T Cell Differentiation (GO:0043372)",1/7,0.0344842492004146,0.1303735369398576,0,0,33.49158249158249,112.77461836050252,HLA-DRA
GO_Biological_Process_2023,Cytoplasmic Sequestering Of NF-kappaB (GO:0007253),1/7,0.0344842492004146,0.1303735369398576,0,0,33.49158249158249,112.77461836050252,NFKBIA
GO_Biological_Process_2023,Positive Regulation Of Calcium Ion Import (GO:0090280),1/7,0.0344842492004146,0.1303735369398576,0,0,33.49158249158249,112.77461836050252,PDGFRB
GO_Biological_Process_2023,Positive Regulation Of Myeloid Cell Apoptotic Process (GO:0033034),1/7,0.0344842492004146,0.1303735369398576,0,0,33.49158249158249,112.77461836050252,ANXA1
GO_Biological_Process_2023,Intermediate Filament Bundle Assembly (GO:0045110),1/7,0.0344842492004146,0.1303735369398576,0,0,33.49158249158249,112.77461836050252,KRT14
GO_Biological_Process_2023,Cell Migration Involved In Heart Development (GO:0060973),1/7,0.0344842492004146,0.1303735369398576,0,0,33.49158249158249,112.77461836050252,PDGFRB
GO_Biological_Process_2023,Postsynaptic Neurotransmitter Receptor Diffusion Trapping (GO:0098970),1/7,0.0344842492004146,0.1303735369398576,0,0,33.49158249158249,112.77461836050252,GPHN
GO_Biological_Process_2023,Lipoxygenase Pathway (GO:0019372),1/7,0.0344842492004146,0.1303735369398576,0,0,33.49158249158249,112.77461836050252,GPX1
GO_Biological_Process_2023,Mitral Valve Development (GO:0003174),1/7,0.0344842492004146,0.1303735369398576,0,0,33.49158249158249,112.77461836050252,SOX4
GO_Biological_Process_2023,Regulation Of ATPase-coupled Calcium Transmembrane Transporter Activity (GO:1901894),1/7,0.0344842492004146,0.1303735369398576,0,0,33.49158249158249,112.77461836050252,PLN
GO_Biological_Process_2023,"Regulation Of CD4-positive, Alpha-Beta T Cell Activation (GO:2000514)",1/7,0.0344842492004146,0.1303735369398576,0,0,33.49158249158249,112.77461836050252,HLA-DRA
GO_Biological_Process_2023,Myoblast Migration (GO:0051451),1/7,0.0344842492004146,0.1303735369398576,0,0,33.49158249158249,112.77461836050252,ANXA1
GO_Biological_Process_2023,Positive Regulation Of Triglyceride Lipase Activity (GO:0061365),1/7,0.0344842492004146,0.1303735369398576,0,0,33.49158249158249,112.77461836050252,PNLIP
GO_Biological_Process_2023,Regulation Of Phospholipase A2 Activity (GO:0032429),1/7,0.0344842492004146,0.1303735369398576,0,0,33.49158249158249,112.77461836050252,ANXA1
GO_Biological_Process_2023,"Blood Coagulation, Intrinsic Pathway (GO:0007597)",1/7,0.0344842492004146,0.1303735369398576,0,0,33.49158249158249,112.77461836050252,FLNA
GO_Biological_Process_2023,Neurotransmitter Receptor Diffusion Trapping (GO:0099628),1/7,0.0344842492004146,0.1303735369398576,0,0,33.49158249158249,112.77461836050252,GPHN
GO_Biological_Process_2023,Protein Localization To Plasma Membrane (GO:0072659),3/137,0.0314194441411021,0.1303735369398576,0,0,4.562086474842284,15.786317107275496,RDX;FLNA;S100A10
GO_Biological_Process_2023,Regulation Of Calcium Ion Transport (GO:0051924),2/57,0.03305692249429,0.1303735369398576,0,0,7.363636363636363,25.106496966632545,PLN;MYLK
GO_Biological_Process_2023,Negative Regulation Of Apoptotic Process (GO:0043066),6/482,0.0339818652066348,0.1303735369398576,0,0,2.604684426962274,8.80885590562281,CD74;ANXA1;GPX1;FLNA;KLF4;IER3
GO_Biological_Process_2023,Response To Organic Cyclic Compound (GO:0014070),2/58,0.0341280219187038,0.1303735369398576,0,0,7.231778425655976,24.426318589638807,ANXA1;IGFBP5
GO_Biological_Process_2023,Muscle Organ Development (GO:0007517),2/58,0.0341280219187038,0.1303735369398576,0,0,7.231778425655976,24.426318589638807,TAGLN;TCF12
GO_Biological_Process_2023,Regulation Of ERK1 And ERK2 Cascade (GO:0070372),4/244,0.0341605349912249,0.1303735369398576,0,0,3.4131944444444446,11.525279918813723,PDGFRB;APP;CD74;ICAM1
GO_Biological_Process_2023,Regulation Of Inflammatory Response (GO:0050727),4/240,0.0324409620221395,0.1303735369398576,0,0,3.4717514124293785,11.902321305484534,NFKBIA;APP;ANXA1;KLF4
GO_Biological_Process_2023,Negative Regulation Of Intracellular Transport (GO:0032387),1/7,0.0344842492004146,0.1303735369398576,0,0,33.49158249158249,112.77461836050252,PLN
GO_Biological_Process_2023,Negative Regulation Of Phospholipase Activity (GO:0010519),1/7,0.0344842492004146,0.1303735369398576,0,0,33.49158249158249,112.77461836050252,ANXA1
GO_Biological_Process_2023,UV Protection (GO:0009650),1/7,0.0344842492004146,0.1303735369398576,0,0,33.49158249158249,112.77461836050252,GPX1
GO_Biological_Process_2023,Regulation Of Mammary Gland Epithelial Cell Proliferation (GO:0033599),1/7,0.0344842492004146,0.1303735369398576,0,0,33.49158249158249,112.77461836050252,GPX1
GO_Biological_Process_2023,Neuroepithelial Cell Differentiation (GO:0060563),1/7,0.0344842492004146,0.1303735369398576,0,0,33.49158249158249,112.77461836050252,SOX4
GO_Biological_Process_2023,Protein Localization To Cell Periphery (GO:1990778),3/142,0.0344004256970442,0.1303735369398576,0,0,4.396870132759772,14.816073224082531,RDX;FLNA;S100A10
GO_Biological_Process_2023,Atrial Cardiac Muscle Cell To AV Node Cell Signaling (GO:0086026),1/7,0.0344842492004146,0.1303735369398576,0,0,33.49158249158249,112.77461836050252,GJA1
GO_Biological_Process_2023,Positive Regulation Of Protein Binding (GO:0032092),2/59,0.0352125566390489,0.1326339633404178,0,0,7.104547081990691,23.774319154103356,APP;CLDN5
GO_Biological_Process_2023,Regulation Of Cell Adhesion (GO:0030155),3/144,0.0356325626734509,0.1337207241287809,0,0,4.334064487826278,14.451917999802893,PPP1CB;TPM1;PKP4
GO_Biological_Process_2023,Homophilic Cell Adhesion Via Plasma Membrane Adhesion Molecules (GO:0007156),2/60,0.0363103684614095,0.1357633997251966,0,0,6.9817030260380015,23.148897224333663,PECAM1;PTPRM
GO_Biological_Process_2023,Regulation Of Cell Killing (GO:0031341),1/8,0.0393135041520565,0.1378683921470396,0,0,28.705627705627705,92.8967850071638,ICAM1
GO_Biological_Process_2023,Interleukin-12-Mediated Signaling Pathway (GO:0035722),1/8,0.0393135041520565,0.1378683921470396,0,0,28.705627705627705,92.8967850071638,PLCB1
GO_Biological_Process_2023,Positive Regulation Of Protein Localization To Endosome (GO:1905668),1/8,0.0393135041520565,0.1378683921470396,0,0,28.705627705627705,92.8967850071638,RDX
GO_Biological_Process_2023,Positive Regulation Of Protein Localization To Early Endosome (GO:1902966),1/8,0.0393135041520565,0.1378683921470396,0,0,28.705627705627705,92.8967850071638,RDX
GO_Biological_Process_2023,Positive Regulation Of Memory T Cell Differentiation (GO:0043382),1/8,0.0393135041520565,0.1378683921470396,0,0,28.705627705627705,92.8967850071638,HLA-DRA
GO_Biological_Process_2023,Skeletal Myofibril Assembly (GO:0014866),1/8,0.0393135041520565,0.1378683921470396,0,0,28.705627705627705,92.8967850071638,MYH11
GO_Biological_Process_2023,Positive Regulation Of Early Endosome To Late Endosome Transport (GO:2000643),1/8,0.0393135041520565,0.1378683921470396,0,0,28.705627705627705,92.8967850071638,RDX
GO_Biological_Process_2023,Sequestering Of Actin Monomers (GO:0042989),1/8,0.0393135041520565,0.1378683921470396,0,0,28.705627705627705,92.8967850071638,TMSB10
GO_Biological_Process_2023,Regulation Of Protein Localization To Early Endosome (GO:1902965),1/8,0.0393135041520565,0.1378683921470396,0,0,28.705627705627705,92.8967850071638,RDX
GO_Biological_Process_2023,Regulation Of Fertilization (GO:0080154),1/8,0.0393135041520565,0.1378683921470396,0,0,28.705627705627705,92.8967850071638,PLCB1
GO_Biological_Process_2023,Negative Regulation Of Long-Term Synaptic Potentiation (GO:1900272),1/8,0.0393135041520565,0.1378683921470396,0,0,28.705627705627705,92.8967850071638,APP
GO_Biological_Process_2023,Negative Regulation Of DNA-binding Transcription Factor Activity (GO:0043433),3/149,0.038811618827442,0.1378683921470396,0,0,4.184578449371558,13.595844448680904,NFKBIA;FLNA;KLF4
GO_Biological_Process_2023,Axon Guidance (GO:0007411),3/149,0.038811618827442,0.1378683921470396,0,0,4.184578449371558,13.595844448680904,NOTCH3;TRIO;PTPRM
GO_Biological_Process_2023,Negative Regulation Of Protein Phosphorylation (GO:0001933),3/149,0.038811618827442,0.1378683921470396,0,0,4.184578449371558,13.595844448680904,NIBAN1;WWTR1;PLPP3
GO_Biological_Process_2023,Glycerophospholipid Metabolic Process (GO:0006650),2/62,0.0385451967593685,0.1378683921470396,0,0,6.7482993197278915,21.97194825947037,PDGFRB;PLCB1
GO_Biological_Process_2023,Phosphatidylinositol-Mediated Signaling (GO:0048015),2/62,0.0385451967593685,0.1378683921470396,0,0,6.7482993197278915,21.97194825947037,PDGFRB;PLCB1
GO_Biological_Process_2023,Positive Regulation Of Cell Junction Assembly (GO:1901890),2/61,0.0374213004237331,0.1378683921470396,0,0,6.863023175371843,22.54856700617945,CLDN5;S100A10
GO_Biological_Process_2023,Regulation Of Morphogenesis Of An Epithelium (GO:1905330),1/8,0.0393135041520565,0.1378683921470396,0,0,28.705627705627705,92.8967850071638,GJA1
GO_Biological_Process_2023,Phosphatidylinositol Metabolic Process (GO:0046488),2/63,0.0396819029137973,0.1386821143069826,0,0,6.637336901973904,21.417757229084128,PDGFRB;PLCB1
GO_Biological_Process_2023,Cytokine-Mediated Signaling Pathway (GO:0019221),4/257,0.0401114080111947,0.1397030888609076,0,0,3.235671936758893,10.40622670690402,NFKBIA;PLVAP;LIFR;PLCB1
GO_Biological_Process_2023,Response To Metal Ion (GO:0010038),2/64,0.0408312655246501,0.1412428470699632,0,0,6.529953917050691,20.88479849248963,CRIP1;GPHN
GO_Biological_Process_2023,Positive Regulation Of T Cell Differentiation (GO:0045582),2/64,0.0408312655246501,0.1412428470699632,0,0,6.529953917050691,20.88479849248963,HLA-DRA;SOX4
GO_Biological_Process_2023,Positive Regulation Of Acrosome Reaction (GO:2000344),1/9,0.0441188457824273,0.141542164544885,0,0,25.116161616161616,78.3842312444799,PLCB1
GO_Biological_Process_2023,Response To Laminar Fluid Shear Stress (GO:0034616),1/9,0.0441188457824273,0.141542164544885,0,0,25.116161616161616,78.3842312444799,KLF4
GO_Biological_Process_2023,Skeletal Muscle Tissue Regeneration (GO:0043403),1/9,0.0441188457824273,0.141542164544885,0,0,25.116161616161616,78.3842312444799,ANXA1
GO_Biological_Process_2023,Smooth Muscle Tissue Development (GO:0048745),1/9,0.0441188457824273,0.141542164544885,0,0,25.116161616161616,78.3842312444799,MYLK
GO_Biological_Process_2023,Neuron Remodeling (GO:0016322),1/9,0.0441188457824273,0.141542164544885,0,0,25.116161616161616,78.3842312444799,APP
GO_Biological_Process_2023,Positive Regulation Of Monocyte Differentiation (GO:0045657),1/9,0.0441188457824273,0.141542164544885,0,0,25.116161616161616,78.3842312444799,CD74
GO_Biological_Process_2023,Mitral Valve Morphogenesis (GO:0003183),1/9,0.0441188457824273,0.141542164544885,0,0,25.116161616161616,78.3842312444799,SOX4
GO_Biological_Process_2023,Myelin Assembly (GO:0032288),1/9,0.0441188457824273,0.141542164544885,0,0,25.116161616161616,78.3842312444799,CD9
GO_Biological_Process_2023,Regulation Of Actin Filament-Based Movement (GO:1903115),1/9,0.0441188457824273,0.141542164544885,0,0,25.116161616161616,78.3842312444799,PLN
GO_Biological_Process_2023,Positive Regulation Of Lipase Activity (GO:0060193),1/9,0.0441188457824273,0.141542164544885,0,0,25.116161616161616,78.3842312444799,PNLIP
GO_Biological_Process_2023,Arachidonic Acid Secretion (GO:0050482),1/9,0.0441188457824273,0.141542164544885,0,0,25.116161616161616,78.3842312444799,ANXA1
GO_Biological_Process_2023,Regulation Of Cell-Cell Adhesion Involved In Gastrulation (GO:0070587),1/9,0.0441188457824273,0.141542164544885,0,0,25.116161616161616,78.3842312444799,KLF4
GO_Biological_Process_2023,Negative Regulation Of Transcription By RNA Polymerase I (GO:0016479),1/9,0.0441188457824273,0.141542164544885,0,0,25.116161616161616,78.3842312444799,FLNA
GO_Biological_Process_2023,Regulation Of Memory T Cell Differentiation (GO:0043380),1/9,0.0441188457824273,0.141542164544885,0,0,25.116161616161616,78.3842312444799,HLA-DRA
GO_Biological_Process_2023,Regulation Of Leukocyte Mediated Cytotoxicity (GO:0001910),1/9,0.0441188457824273,0.141542164544885,0,0,25.116161616161616,78.3842312444799,ICAM1
GO_Biological_Process_2023,Negative Regulation Of Lipid Localization (GO:1905953),1/9,0.0441188457824273,0.141542164544885,0,0,25.116161616161616,78.3842312444799,NFKBIA
GO_Biological_Process_2023,Negative Regulation Of Hormone Secretion (GO:0046888),1/9,0.0441188457824273,0.141542164544885,0,0,25.116161616161616,78.3842312444799,GJA1
GO_Biological_Process_2023,Negative Regulation Of Heterotypic Cell-Cell Adhesion (GO:0034115),1/9,0.0441188457824273,0.141542164544885,0,0,25.116161616161616,78.3842312444799,KLF4
GO_Biological_Process_2023,Response To Reactive Oxygen Species (GO:0000302),2/66,0.0431673525667949,0.141542164544885,0,0,6.325255102040816,19.87819449312978,GPX1;TPM1
GO_Biological_Process_2023,Cellular Response To Growth Factor Stimulus (GO:0071363),3/155,0.0428110923844909,0.141542164544885,0,0,4.018176885512751,12.661106772029475,FLT1;ANXA1;KLF4
GO_Biological_Process_2023,Positive Regulation Of DNA Biosynthetic Process (GO:2000573),2/65,0.0419931324107679,0.141542164544885,0,0,6.425979915775834,20.371957610722255,PDGFRB;KLF4
GO_Biological_Process_2023,Cellular Component Assembly (GO:0022607),4/260,0.0415635824268203,0.141542164544885,0,0,3.197265625,10.169002171942294,MAGI1;CD74;CALD1;KRT14
GO_Biological_Process_2023,Arachidonate Transport (GO:1903963),1/9,0.0441188457824273,0.141542164544885,0,0,25.116161616161616,78.3842312444799,ANXA1
GO_Biological_Process_2023,Peptidyl-Tyrosine Phosphorylation (GO:0018108),2/67,0.0443537761760118,0.1418483973930946,0,0,6.227629513343799,19.402537395096388,PDGFRB;FLT1
GO_Biological_Process_2023,Positive Regulation Of Signal Transduction (GO:0009967),4/266,0.0445567872225837,0.1420509486061682,0,0,3.1230916030534353,9.715909200915169,CD74;VWF;FLNA;SASH1
GO_Biological_Process_2023,Cell-Cell Junction Organization (GO:0045216),2/68,0.0455522545652315,0.1443197597907804,0,0,6.132962275819419,18.944077490294053,CLDN5;PKP4
GO_Biological_Process_2023,Skin Development (GO:0043588),2/68,0.0455522545652315,0.1443197597907804,0,0,6.132962275819419,18.944077490294053,CLIC4;ANXA1
GO_Biological_Process_2023,Muscle Filament Sliding (GO:0030049),1/10,0.0489003911418304,0.1462696993860046,0,0,22.32435465768799,67.37423003045056,TPM1
GO_Biological_Process_2023,Protein Kinase C Signaling (GO:0070528),1/10,0.0489003911418304,0.1462696993860046,0,0,22.32435465768799,67.37423003045056,PLVAP
GO_Biological_Process_2023,Interleukin-15-Mediated Signaling Pathway (GO:0035723),1/10,0.0489003911418304,0.1462696993860046,0,0,22.32435465768799,67.37423003045056,PLCB1
GO_Biological_Process_2023,Insulin-Like Growth Factor Receptor Signaling Pathway (GO:0048009),1/10,0.0489003911418304,0.1462696993860046,0,0,22.32435465768799,67.37423003045056,PLCB1
GO_Biological_Process_2023,Hematopoietic Stem Cell Proliferation (GO:0071425),1/10,0.0489003911418304,0.1462696993860046,0,0,22.32435465768799,67.37423003045056,ETV6
GO_Biological_Process_2023,Urogenital System Development (GO:0001655),1/10,0.0489003911418304,0.1462696993860046,0,0,22.32435465768799,67.37423003045056,ANXA1
GO_Biological_Process_2023,Diol Metabolic Process (GO:0034311),1/10,0.0489003911418304,0.1462696993860046,0,0,22.32435465768799,67.37423003045056,PLPP3
GO_Biological_Process_2023,Columnar/Cuboidal Epithelial Cell Differentiation (GO:0002065),1/10,0.0489003911418304,0.1462696993860046,0,0,22.32435465768799,67.37423003045056,SOX4
GO_Biological_Process_2023,Cellular Response To Interleukin-15 (GO:0071350),1/10,0.0489003911418304,0.1462696993860046,0,0,22.32435465768799,67.37423003045056,PLCB1
GO_Biological_Process_2023,Atrial Septum Morphogenesis (GO:0060413),1/10,0.0489003911418304,0.1462696993860046,0,0,22.32435465768799,67.37423003045056,SOX4
GO_Biological_Process_2023,Neuron Projection Maintenance (GO:1990535),1/10,0.0489003911418304,0.1462696993860046,0,0,22.32435465768799,67.37423003045056,APP
GO_Biological_Process_2023,Negative Regulation Of Response To Cytokine Stimulus (GO:0060761),1/10,0.0489003911418304,0.1462696993860046,0,0,22.32435465768799,67.37423003045056,KLF4
GO_Biological_Process_2023,Acidic Amino Acid Transport (GO:0015800),1/10,0.0489003911418304,0.1462696993860046,0,0,22.32435465768799,67.37423003045056,GJA1
GO_Biological_Process_2023,Regulation Of G Protein-Coupled Receptor Signaling Pathway (GO:0008277),2/70,0.0479847867745847,0.1462696993860046,0,0,5.951980792316927,18.075399411278084,RGS5;PLCB1
GO_Biological_Process_2023,Negative Regulation Of Extrinsic Apoptotic Signaling Pathway (GO:2001237),2/70,0.0479847867745847,0.1462696993860046,0,0,5.951980792316927,18.075399411278084,GPX1;ICAM1
GO_Biological_Process_2023,Positive Regulation Of Phosphatidylinositol 3-Kinase Signaling (GO:0014068),2/69,0.0467626402187707,0.1462696993860046,0,0,6.041120925982333,18.501963939065423,PDGFRB;FLT1
GO_Biological_Process_2023,Cellular Response To Calcium Ion (GO:0071277),2/69,0.0467626402187707,0.1462696993860046,0,0,6.041120925982333,18.501963939065423,CPNE8;CLIC4
GO_Biological_Process_2023,Regulation Of Heart Contraction (GO:0008016),2/69,0.0467626402187707,0.1462696993860046,0,0,6.041120925982333,18.501963939065423,PLN;TPM1
GO_Biological_Process_2023,Cellular Response To Interleukin-12 (GO:0071349),1/10,0.0489003911418304,0.1462696993860046,0,0,22.32435465768799,67.37423003045056,PLCB1
GO_Biological_Process_2023,Positive Regulation Of Cell-Substrate Adhesion (GO:0010811),2/71,0.0492185490137595,0.1463604220672322,0,0,5.865424430641822,17.663636014354466,FLNA;S100A10
GO_Biological_Process_2023,Regulation Of Hydrolase Activity (GO:0051336),2/71,0.0492185490137595,0.1463604220672322,0,0,5.865424430641822,17.663636014354466,RDX;PRKG1
GO_Biological_Process_2023,Cellular Response To Thyroid Hormone Stimulus (GO:0097067),1/11,0.0536582567508638,0.1495080742893932,0,0,20.09090909090909,58.768318421882675,RDX
GO_Biological_Process_2023,Positive Regulation Of Cytoplasmic Transport (GO:1903651),1/11,0.0536582567508638,0.1495080742893932,0,0,20.09090909090909,58.768318421882675,RDX
GO_Biological_Process_2023,Sphingoid Metabolic Process (GO:0046519),1/11,0.0536582567508638,0.1495080742893932,0,0,20.09090909090909,58.768318421882675,PLPP3
GO_Biological_Process_2023,Heterocycle Biosynthetic Process (GO:0018130),1/11,0.0536582567508638,0.1495080742893932,0,0,20.09090909090909,58.768318421882675,GPHN
GO_Biological_Process_2023,Podocyte Differentiation (GO:0072112),1/11,0.0536582567508638,0.1495080742893932,0,0,20.09090909090909,58.768318421882675,MYO1E
GO_Biological_Process_2023,Positive Regulation Of Protein Maturation (GO:1903319),1/11,0.0536582567508638,0.1495080742893932,0,0,20.09090909090909,58.768318421882675,SOX4
GO_Biological_Process_2023,Intracellular Copper Ion Homeostasis (GO:0006878),1/11,0.0536582567508638,0.1495080742893932,0,0,20.09090909090909,58.768318421882675,APP
GO_Biological_Process_2023,Melanocyte Differentiation (GO:0030318),1/11,0.0536582567508638,0.1495080742893932,0,0,20.09090909090909,58.768318421882675,LRMDA
GO_Biological_Process_2023,"Regulation Of CD4-positive, Alpha-Beta T Cell Differentiation (GO:0043370)",1/11,0.0536582567508638,0.1495080742893932,0,0,20.09090909090909,58.768318421882675,HLA-DRA
GO_Biological_Process_2023,Visual Learning (GO:0008542),1/11,0.0536582567508638,0.1495080742893932,0,0,20.09090909090909,58.768318421882675,APP
GO_Biological_Process_2023,Cellular Response To Fluid Shear Stress (GO:0071498),1/11,0.0536582567508638,0.1495080742893932,0,0,20.09090909090909,58.768318421882675,KLF4
GO_Biological_Process_2023,Positive Regulation Of Protein Localization To Nucleus (GO:1900182),2/72,0.0504637828415356,0.1495080742893932,0,0,5.78134110787172,17.265971584773993,WWTR1;FLNA
GO_Biological_Process_2023,Regulation Of Response To Oxidative Stress (GO:1902882),1/11,0.0536582567508638,0.1495080742893932,0,0,20.09090909090909,58.768318421882675,MCTP1
GO_Biological_Process_2023,Regulation Of Protein K63-linked Ubiquitination (GO:1900044),1/11,0.0536582567508638,0.1495080742893932,0,0,20.09090909090909,58.768318421882675,SASH1
GO_Biological_Process_2023,Negative Regulation Of Vascular Permeability (GO:0043116),1/11,0.0536582567508638,0.1495080742893932,0,0,20.09090909090909,58.768318421882675,CLDN5
GO_Biological_Process_2023,Actin Crosslink Formation (GO:0051764),1/11,0.0536582567508638,0.1495080742893932,0,0,20.09090909090909,58.768318421882675,FLNA
GO_Biological_Process_2023,Regulation Of Homotypic Cell-Cell Adhesion (GO:0034110),1/11,0.0536582567508638,0.1495080742893932,0,0,20.09090909090909,58.768318421882675,RDX
GO_Biological_Process_2023,Negative Regulation Of Heart Contraction (GO:0045822),1/11,0.0536582567508638,0.1495080742893932,0,0,20.09090909090909,58.768318421882675,PLN
GO_Biological_Process_2023,Cellular Response To Oxygen-Containing Compound (GO:1901701),5/406,0.0530676763294839,0.1495080742893932,0,0,2.5592597453734087,7.514465880155914,CPNE8;CLIC4;IGFBP5;TPM1;NRIP1
GO_Biological_Process_2023,Positive Regulation Of Lymphocyte Proliferation (GO:0050671),2/74,0.0529880944930012,0.1495080742893932,0,0,5.620181405895692,16.510339602462818,CD74;ANXA1
GO_Biological_Process_2023,Positive Regulation Of Secretion By Cell (GO:1903532),2/73,0.0517203452860749,0.1495080742893932,0,0,5.699626329405001,16.881746303056282,ANXA2;S100A10
GO_Biological_Process_2023,Cellular Response To Reactive Oxygen Species (GO:0034614),2/73,0.0517203452860749,0.1495080742893932,0,0,5.699626329405001,16.881746303056282,ANXA1;TPM1
GO_Biological_Process_2023,Cellular Response To UV-B (GO:0071493),1/11,0.0536582567508638,0.1495080742893932,0,0,20.09090909090909,58.768318421882675,CRIP1
GO_Biological_Process_2023,Regulation Of Stress Fiber Assembly (GO:0051492),2/75,0.0542668897312265,0.1503799096911646,0,0,5.542913055633212,16.15116734069409,TPM1;S100A10
GO_Biological_Process_2023,Regulation Of Fat Cell Differentiation (GO:0045598),2/75,0.0542668897312265,0.1503799096911646,0,0,5.542913055633212,16.15116734069409,WWTR1;TRIO
GO_Biological_Process_2023,Heart Development (GO:0007507),3/171,0.0544403566847164,0.1504506596422734,0,0,3.6325478645066274,10.573073804758774,GJA1;CRIP1;SOX4
GO_Biological_Process_2023,"Positive Regulation Of CD4-positive, Alpha-Beta T Cell Activation (GO:2000516)",1/12,0.0583925585800791,0.1514929389692359,0,0,18.26354453627181,51.878818604154176,HLA-DRA
GO_Biological_Process_2023,Regulation Of Actin Filament Organization (GO:0110053),1/12,0.0583925585800791,0.1514929389692359,0,0,18.26354453627181,51.878818604154176,RDX
GO_Biological_Process_2023,Regulation Of Acrosome Reaction (GO:0060046),1/12,0.0583925585800791,0.1514929389692359,0,0,18.26354453627181,51.878818604154176,PLCB1
GO_Biological_Process_2023,Positive Regulation Of Viral Entry Into Host Cell (GO:0046598),1/12,0.0583925585800791,0.1514929389692359,0,0,18.26354453627181,51.878818604154176,CD74
GO_Biological_Process_2023,Icosanoid Secretion (GO:0032309),1/12,0.0583925585800791,0.1514929389692359,0,0,18.26354453627181,51.878818604154176,ANXA1
GO_Biological_Process_2023,Positive Regulation Of Integrin-Mediated Signaling Pathway (GO:2001046),1/12,0.0583925585800791,0.1514929389692359,0,0,18.26354453627181,51.878818604154176,FLNA
GO_Biological_Process_2023,Spinal Cord Development (GO:0021510),1/12,0.0583925585800791,0.1514929389692359,0,0,18.26354453627181,51.878818604154176,SOX4
GO_Biological_Process_2023,Endothelium Development (GO:0003158),1/12,0.0583925585800791,0.1514929389692359,0,0,18.26354453627181,51.878818604154176,PECAM1
GO_Biological_Process_2023,Response To Thyroid Hormone (GO:0097066),1/12,0.0583925585800791,0.1514929389692359,0,0,18.26354453627181,51.878818604154176,RDX
GO_Biological_Process_2023,Defense Response To Tumor Cell (GO:0002357),1/12,0.0583925585800791,0.1514929389692359,0,0,18.26354453627181,51.878818604154176,KLF4
GO_Biological_Process_2023,Relaxation Of Cardiac Muscle (GO:0055119),1/12,0.0583925585800791,0.1514929389692359,0,0,18.26354453627181,51.878818604154176,PLN
GO_Biological_Process_2023,Positive Regulation By Symbiont Of Entry Into Host (GO:0075294),1/12,0.0583925585800791,0.1514929389692359,0,0,18.26354453627181,51.878818604154176,CD74
GO_Biological_Process_2023,Cardiac Right Ventricle Morphogenesis (GO:0003215),1/12,0.0583925585800791,0.1514929389692359,0,0,18.26354453627181,51.878818604154176,SOX4
GO_Biological_Process_2023,Atrial Cardiac Muscle Cell Action Potential (GO:0086014),1/12,0.0583925585800791,0.1514929389692359,0,0,18.26354453627181,51.878818604154176,GJA1
GO_Biological_Process_2023,Astrocyte Activation (GO:0048143),1/12,0.0583925585800791,0.1514929389692359,0,0,18.26354453627181,51.878818604154176,APP
GO_Biological_Process_2023,Actin-Myosin Filament Sliding (GO:0033275),1/12,0.0583925585800791,0.1514929389692359,0,0,18.26354453627181,51.878818604154176,TPM1
GO_Biological_Process_2023,Negative Regulation Of Mononuclear Cell Migration (GO:0071676),1/12,0.0583925585800791,0.1514929389692359,0,0,18.26354453627181,51.878818604154176,PLCB1
GO_Biological_Process_2023,Negative Regulation Of Macrophage Derived Foam Cell Differentiation (GO:0010745),1/12,0.0583925585800791,0.1514929389692359,0,0,18.26354453627181,51.878818604154176,NFKBIA
GO_Biological_Process_2023,Negative Regulation Of Intrinsic Apoptotic Signaling Pathway In Response To DNA Damage By P53 Class Mediator (GO:1902166),1/12,0.0583925585800791,0.1514929389692359,0,0,18.26354453627181,51.878818604154176,CD74
GO_Biological_Process_2023,Regulation Of Chemokine (C-X-C Motif) Ligand 2 Production (GO:2000341),1/12,0.0583925585800791,0.1514929389692359,0,0,18.26354453627181,51.878818604154176,KLF4
GO_Biological_Process_2023,Positive Regulation Of I-kappaB kinase/NF-kappaB Signaling (GO:0043123),3/175,0.0575615219120737,0.1514929389692359,0,0,3.547350755214577,10.127335065403114,CD74;GJA1;FLNA
GO_Biological_Process_2023,Positive Regulation Of JNK Cascade (GO:0046330),2/77,0.0568570608364096,0.1514929389692359,0,0,5.394557823129252,15.467356382357153,APP;PLCB1
GO_Biological_Process_2023,Neutrophil Migration (GO:1990266),2/77,0.0568570608364096,0.1514929389692359,0,0,5.394557823129252,15.467356382357153,PECAM1;GP2
GO_Biological_Process_2023,Positive Regulation Of Interleukin-6 Production (GO:0032755),2/76,0.0555565913641185,0.1514929389692359,0,0,5.467733039161611,15.803679213614178,APP;CD74
GO_Biological_Process_2023,Positive Regulation Of Cytoskeleton Organization (GO:0051495),2/79,0.0594897545967717,0.1535560416876062,0,0,5.253909355950173,14.8262756693766,SYNPO2;LMOD1
GO_Biological_Process_2023,Negative Regulation Of Cellular Component Organization (GO:0051129),2/79,0.0594897545967717,0.1535560416876062,0,0,5.253909355950173,14.8262756693766,MCTP1;RDX
GO_Biological_Process_2023,Wound Healing (GO:0042060),2/80,0.0608217071927091,0.1562012025630938,0,0,5.1862899005756145,14.520618689888993,TPM1;PLPP3
GO_Biological_Process_2023,Positive Regulation Of Immune Response (GO:0050778),2/80,0.0608217071927091,0.1562012025630938,0,0,5.1862899005756145,14.520618689888993,CD74;HLA-DRA
GO_Biological_Process_2023,"Negative Regulation Of DNA Damage Response, Signal Transduction By P53 Class Mediator (GO:0043518)",1/13,0.0631034120924418,0.156527244141496,0,0,16.74074074074074,46.254339159717055,CD74
GO_Biological_Process_2023,Gene Expression (GO:0010467),4/296,0.0612920941172653,0.156527244141496,0,0,2.797945205479452,7.812155160341242,RPS28;RPS18;RPL28;RPS23
GO_Biological_Process_2023,Negative Regulation Of NF-kappaB Transcription Factor Activity (GO:0032088),2/81,0.0621638842786596,0.156527244141496,0,0,5.120382330147248,14.224325268693594,NFKBIA;KLF4
GO_Biological_Process_2023,Negative Regulation Of Myoblast Differentiation (GO:0045662),1/13,0.0631034120924418,0.156527244141496,0,0,16.74074074074074,46.254339159717055,SOX4
GO_Biological_Process_2023,Regulation Of Immune Effector Process (GO:0002697),1/13,0.0631034120924418,0.156527244141496,0,0,16.74074074074074,46.254339159717055,HLA-DRA
GO_Biological_Process_2023,Regulation Of Intrinsic Apoptotic Signaling Pathway In Response To DNA Damage By P53 Class Mediator (GO:1902165),1/13,0.0631034120924418,0.156527244141496,0,0,16.74074074074074,46.254339159717055,CD74
GO_Biological_Process_2023,Negative Regulation Of Receptor Internalization (GO:0002091),1/13,0.0631034120924418,0.156527244141496,0,0,16.74074074074074,46.254339159717055,ANXA2
GO_Biological_Process_2023,Regulation Of Leukocyte Migration (GO:0002685),1/13,0.0631034120924418,0.156527244141496,0,0,16.74074074074074,46.254339159717055,ANXA1
GO_Biological_Process_2023,Regulation Of Trophoblast Cell Migration (GO:1901163),1/13,0.0631034120924418,0.156527244141496,0,0,16.74074074074074,46.254339159717055,GJA1
GO_Biological_Process_2023,Relaxation Of Muscle (GO:0090075),1/13,0.0631034120924418,0.156527244141496,0,0,16.74074074074074,46.254339159717055,PLN
GO_Biological_Process_2023,Cytoplasmic Sequestering Of Transcription Factor (GO:0042994),1/13,0.0631034120924418,0.156527244141496,0,0,16.74074074074074,46.254339159717055,NFKBIA
GO_Biological_Process_2023,Positive Regulation Of Glycoprotein Biosynthetic Process (GO:0010560),1/13,0.0631034120924418,0.156527244141496,0,0,16.74074074074074,46.254339159717055,PLCB1
GO_Biological_Process_2023,Glomerular Filtration (GO:0003094),1/13,0.0631034120924418,0.156527244141496,0,0,16.74074074074074,46.254339159717055,MYO1E
GO_Biological_Process_2023,Negative Regulation Of Cell Migration Involved In Sprouting Angiogenesis (GO:0090051),1/13,0.0631034120924418,0.156527244141496,0,0,16.74074074074074,46.254339159717055,KLF4
GO_Biological_Process_2023,Regulation Of Phosphorylation (GO:0042325),2/82,0.0635161526621471,0.1571677062223933,0,0,5.0561224489795915,13.93700450766989,APP;LDB2
GO_Biological_Process_2023,Calcium Ion Transmembrane Import Into Cytosol (GO:0097553),2/83,0.0648783802345316,0.1599614339101982,0,0,4.99344923154447,13.658286245847664,FLNA;PLCB1
GO_Biological_Process_2023,Protein Activation Cascade (GO:0072376),1/14,0.0677909321684321,0.1599614339101982,0,0,15.452214452214452,41.58695944336839,FLNA
GO_Biological_Process_2023,Prostanoid Biosynthetic Process (GO:0046457),1/14,0.0677909321684321,0.1599614339101982,0,0,15.452214452214452,41.58695944336839,CD74
GO_Biological_Process_2023,Positive Regulation Of Response To Cytokine Stimulus (GO:0060760),1/14,0.0677909321684321,0.1599614339101982,0,0,15.452214452214452,41.58695944336839,CD74
GO_Biological_Process_2023,Positive Regulation Of Long-Term Synaptic Potentiation (GO:1900273),1/14,0.0677909321684321,0.1599614339101982,0,0,15.452214452214452,41.58695944336839,APP
GO_Biological_Process_2023,Copper Ion Homeostasis (GO:0055070),1/14,0.0677909321684321,0.1599614339101982,0,0,15.452214452214452,41.58695944336839,APP
GO_Biological_Process_2023,Cardiac Cell Development (GO:0055006),1/14,0.0677909321684321,0.1599614339101982,0,0,15.452214452214452,41.58695944336839,MYH11
GO_Biological_Process_2023,"Blood Coagulation, Fibrin Clot Formation (GO:0072378)",1/14,0.0677909321684321,0.1599614339101982,0,0,15.452214452214452,41.58695944336839,FLNA
GO_Biological_Process_2023,Aorta Development (GO:0035904),1/14,0.0677909321684321,0.1599614339101982,0,0,15.452214452214452,41.58695944336839,PDGFRB
GO_Biological_Process_2023,Regulation Of Leukocyte Activation (GO:0002694),1/14,0.0677909321684321,0.1599614339101982,0,0,15.452214452214452,41.58695944336839,CD74
GO_Biological_Process_2023,Peptide Antigen Assembly With MHC Class II Protein Complex (GO:0002503),1/14,0.0677909321684321,0.1599614339101982,0,0,15.452214452214452,41.58695944336839,HLA-DRA
GO_Biological_Process_2023,Positive Regulation Of Protein Localization (GO:1903829),2/85,0.067632189652766,0.1599614339101982,0,0,4.87263339070568,13.12527238363094,WWTR1;PECAM1
GO_Biological_Process_2023,MHC Class II Protein Complex Assembly (GO:0002399),1/14,0.0677909321684321,0.1599614339101982,0,0,15.452214452214452,41.58695944336839,HLA-DRA
GO_Biological_Process_2023,Ribosomal Small Subunit Biogenesis (GO:0042274),2/84,0.0662504359060044,0.1599614339101982,0,0,4.9323046291687405,13.387819731164344,RPS28;RPS23
GO_Biological_Process_2023,Negative Regulation Of Macromolecule Metabolic Process (GO:0010605),3/186,0.0665710008770891,0.1599614339101982,0,0,3.33226297110022,9.028720596698964,APP;CLDN5;KLF4
GO_Biological_Process_2023,Positive Regulation Of Amide Metabolic Process (GO:0034250),2/85,0.067632189652766,0.1599614339101982,0,0,4.87263339070568,13.12527238363094,NIBAN1;SOX4
GO_Biological_Process_2023,Regulation Of Cysteine-Type Endopeptidase Activity Involved In Apoptotic Process (GO:0043281),2/84,0.0662504359060044,0.1599614339101982,0,0,4.9323046291687405,13.387819731164344,GPX1;KLF4
GO_Biological_Process_2023,Positive Regulation Of Endothelial Cell Migration (GO:0010595),2/85,0.067632189652766,0.1599614339101982,0,0,4.87263339070568,13.12527238363094,PLPP3;SASH1
GO_Biological_Process_2023,Epidermis Development (GO:0008544),2/85,0.067632189652766,0.1599614339101982,0,0,4.87263339070568,13.12527238363094,KRT14;EMP1
GO_Biological_Process_2023,Response To Interleukin-1 (GO:0070555),2/85,0.067632189652766,0.1599614339101982,0,0,4.87263339070568,13.12527238363094,APP;ANXA1
GO_Biological_Process_2023,Axonogenesis (GO:0007409),3/188,0.0682748527071473,0.1607303824147425,0,0,3.295904151574254,8.846911304865927,APP;NOTCH3;TRIO
GO_Biological_Process_2023,Negative Regulation Of Binding (GO:0051100),2/86,0.0690235124413976,0.1621175800297954,0,0,4.814382896015549,12.870328659591635,NFKBIA;PLN
GO_Biological_Process_2023,Epiboly Involved In Wound Healing (GO:0090505),1/15,0.0724552331756038,0.1641135236961895,0,0,14.347763347763347,37.659813836990104,FLNA
GO_Biological_Process_2023,Regulation Of Bicellular Tight Junction Assembly (GO:2000810),1/15,0.0724552331756038,0.1641135236961895,0,0,14.347763347763347,37.659813836990104,CLDN5
GO_Biological_Process_2023,Regulation Of Amyloid Fibril Formation (GO:1905906),1/15,0.0724552331756038,0.1641135236961895,0,0,14.347763347763347,37.659813836990104,APP
GO_Biological_Process_2023,Positive Regulation Of Sprouting Angiogenesis (GO:1903672),1/15,0.0724552331756038,0.1641135236961895,0,0,14.347763347763347,37.659813836990104,KLF4
GO_Biological_Process_2023,Positive Regulation Of Potassium Ion Transport (GO:0043268),1/15,0.0724552331756038,0.1641135236961895,0,0,14.347763347763347,37.659813836990104,FLNA
GO_Biological_Process_2023,Sympathetic Nervous System Development (GO:0048485),1/15,0.0724552331756038,0.1641135236961895,0,0,14.347763347763347,37.659813836990104,SOX4
GO_Biological_Process_2023,Renal Filtration (GO:0097205),1/15,0.0724552331756038,0.1641135236961895,0,0,14.347763347763347,37.659813836990104,MYO1E
GO_Biological_Process_2023,Positive Regulation Of Cell Activation (GO:0050867),1/15,0.0724552331756038,0.1641135236961895,0,0,14.347763347763347,37.659813836990104,FLNA
GO_Biological_Process_2023,Cellular Response To Corticosteroid Stimulus (GO:0071384),1/15,0.0724552331756038,0.1641135236961895,0,0,14.347763347763347,37.659813836990104,ANXA1
GO_Biological_Process_2023,Cardiac Myofibril Assembly (GO:0055003),1/15,0.0724552331756038,0.1641135236961895,0,0,14.347763347763347,37.659813836990104,PDGFRB
GO_Biological_Process_2023,Astrocyte Development (GO:0014002),1/15,0.0724552331756038,0.1641135236961895,0,0,14.347763347763347,37.659813836990104,APP
GO_Biological_Process_2023,Regulation Of Monocyte Differentiation (GO:0045655),1/15,0.0724552331756038,0.1641135236961895,0,0,14.347763347763347,37.659813836990104,CD74
GO_Biological_Process_2023,B Cell Mediated Immunity (GO:0019724),1/15,0.0724552331756038,0.1641135236961895,0,0,14.347763347763347,37.659813836990104,CD74
GO_Biological_Process_2023,Negative Regulation Of Protein Kinase Activity (GO:0006469),2/88,0.071834354272908,0.1641135236961895,0,0,4.701945894636925,12.382068798517093,WWTR1;PTPRB
GO_Biological_Process_2023,Neuron Projection Development (GO:0031175),3/192,0.0717418991703997,0.1641135236961895,0,0,3.2254950090001637,8.498148268482408,APP;TRIO;PTPRM
GO_Biological_Process_2023,Platelet-Derived Growth Factor Receptor Signaling Pathway (GO:0048008),1/15,0.0724552331756038,0.1641135236961895,0,0,14.347763347763347,37.659813836990104,PDGFRB
GO_Biological_Process_2023,Ruffle Organization (GO:0031529),1/16,0.0770964289305897,0.1654157557434804,0,0,13.390572390572393,34.31599732708391,TPM1
GO_Biological_Process_2023,Establishment Of Protein Localization To Endoplasmic Reticulum (GO:0072599),1/16,0.0770964289305897,0.1654157557434804,0,0,13.390572390572393,34.31599732708391,MAN1A1
GO_Biological_Process_2023,Positive Regulation Of Lymphocyte Migration (GO:2000403),1/16,0.0770964289305897,0.1654157557434804,0,0,13.390572390572393,34.31599732708391,APP
GO_Biological_Process_2023,Positive Regulation Of Myeloid Leukocyte Cytokine Production Involved In Immune Response (GO:0061081),1/16,0.0770964289305897,0.1654157557434804,0,0,13.390572390572393,34.31599732708391,CD74
GO_Biological_Process_2023,Vasculature Development (GO:0001944),1/16,0.0770964289305897,0.1654157557434804,0,0,13.390572390572393,34.31599732708391,PDGFRB
GO_Biological_Process_2023,Protein Kinase A Signaling (GO:0010737),1/16,0.0770964289305897,0.1654157557434804,0,0,13.390572390572393,34.31599732708391,RDX
GO_Biological_Process_2023,Positive Regulation Of Stem Cell Proliferation (GO:2000648),1/16,0.0770964289305897,0.1654157557434804,0,0,13.390572390572393,34.31599732708391,GJA1
GO_Biological_Process_2023,"Protein Alpha-1,2-Demannosylation (GO:0036508)",1/16,0.0770964289305897,0.1654157557434804,0,0,13.390572390572393,34.31599732708391,MAN1A1
GO_Biological_Process_2023,Positive Regulation Of Cell Migration Involved In Sprouting Angiogenesis (GO:0090050),1/16,0.0770964289305897,0.1654157557434804,0,0,13.390572390572393,34.31599732708391,ANXA1
GO_Biological_Process_2023,Negative Regulation Of Chemokine Production (GO:0032682),1/16,0.0770964289305897,0.1654157557434804,0,0,13.390572390572393,34.31599732708391,KLF4
GO_Biological_Process_2023,Heart Process (GO:0003015),1/16,0.0770964289305897,0.1654157557434804,0,0,13.390572390572393,34.31599732708391,GPX1
GO_Biological_Process_2023,Response To UV-B (GO:0010224),1/16,0.0770964289305897,0.1654157557434804,0,0,13.390572390572393,34.31599732708391,CRIP1
GO_Biological_Process_2023,Negative Regulation Of ATP-dependent Activity (GO:0032780),1/16,0.0770964289305897,0.1654157557434804,0,0,13.390572390572393,34.31599732708391,PLN
GO_Biological_Process_2023,Regulation Of Response To Cytokine Stimulus (GO:0060759),1/16,0.0770964289305897,0.1654157557434804,0,0,13.390572390572393,34.31599732708391,KLF4
GO_Biological_Process_2023,Regulation Of Stem Cell Proliferation (GO:0072091),1/16,0.0770964289305897,0.1654157557434804,0,0,13.390572390572393,34.31599732708391,GJA1
GO_Biological_Process_2023,Regulation Of Phosphatidylinositol 3-Kinase Signaling (GO:0014066),2/90,0.0746819496854827,0.1654157557434804,0,0,4.594619666048238,11.920818158765336,PDGFRB;FLT1
GO_Biological_Process_2023,Positive Regulation Of Binding (GO:0051099),2/91,0.0761192182371278,0.1654157557434804,0,0,4.542765420775051,11.699685676018186,APP;CLDN5
GO_Biological_Process_2023,Negative Regulation Of Intrinsic Apoptotic Signaling Pathway By P53 Class Mediator (GO:1902254),1/16,0.0770964289305897,0.1654157557434804,0,0,13.390572390572393,34.31599732708391,CD74
GO_Biological_Process_2023,Regulation Of Establishment Of Endothelial Barrier (GO:1903140),1/16,0.0770964289305897,0.1654157557434804,0,0,13.390572390572393,34.31599732708391,CLDN5
GO_Biological_Process_2023,Positive Regulation Of Cytokine Production (GO:0001819),4/320,0.0767657100868673,0.1654157557434804,0,0,2.5822784810126582,6.628701686610792,APP;CD74;ANXA1;PLCB1
GO_Biological_Process_2023,Neuron Projection Organization (GO:0106027),1/16,0.0770964289305897,0.1654157557434804,0,0,13.390572390572393,34.31599732708391,APP
GO_Biological_Process_2023,Autonomic Nervous System Development (GO:0048483),1/16,0.0770964289305897,0.1654157557434804,0,0,13.390572390572393,34.31599732708391,SOX4
GO_Biological_Process_2023,Regulation Of Plasminogen Activation (GO:0010755),1/16,0.0770964289305897,0.1654157557434804,0,0,13.390572390572393,34.31599732708391,S100A10
GO_Biological_Process_2023,Cell Communication By Electrical Coupling Involved In Cardiac Conduction (GO:0086064),1/16,0.0770964289305897,0.1654157557434804,0,0,13.390572390572393,34.31599732708391,GJA1
GO_Biological_Process_2023,Negative Regulation Of Release Of Cytochrome C From Mitochondria (GO:0090201),1/16,0.0770964289305897,0.1654157557434804,0,0,13.390572390572393,34.31599732708391,GPX1
GO_Biological_Process_2023,Positive Regulation Of Cellular Process (GO:0048522),6/594,0.0773896290720062,0.1656952689815375,0,0,2.096396005210595,5.364472975960027,PDGFRB;CLDN5;WWTR1;TPM1;LIFR;SOX4
GO_Biological_Process_2023,Prostaglandin Biosynthetic Process (GO:0001516),1/17,0.0817146326715556,0.1677031777085997,0,0,12.553030303030305,31.43934295429433,CD74
GO_Biological_Process_2023,Positive Regulation Of Regulatory T Cell Differentiation (GO:0045591),1/17,0.0817146326715556,0.1677031777085997,0,0,12.553030303030305,31.43934295429433,HLA-DRA
GO_Biological_Process_2023,Postsynaptic Membrane Organization (GO:0001941),1/17,0.0817146326715556,0.1677031777085997,0,0,12.553030303030305,31.43934295429433,GPHN
GO_Biological_Process_2023,Megakaryocyte Differentiation (GO:0030219),1/17,0.0817146326715556,0.1677031777085997,0,0,12.553030303030305,31.43934295429433,FLNA
GO_Biological_Process_2023,Positive Regulation Of Epithelial Cell Migration (GO:0010634),2/95,0.0819552402371426,0.1677031777085997,0,0,4.346499890278692,10.873126025503971,PLPP3;SASH1
GO_Biological_Process_2023,Muscle Tissue Morphogenesis (GO:0060415),1/17,0.0817146326715556,0.1677031777085997,0,0,12.553030303030305,31.43934295429433,MYLK
GO_Biological_Process_2023,Negative Regulation Of Calcium Ion Transport (GO:0051926),1/17,0.0817146326715556,0.1677031777085997,0,0,12.553030303030305,31.43934295429433,PLN
GO_Biological_Process_2023,Cell Junction Assembly (GO:0034329),2/95,0.0819552402371426,0.1677031777085997,0,0,4.346499890278692,10.873126025503971,CLDN5;PKP4
GO_Biological_Process_2023,Positive Regulation Of Potassium Ion Transmembrane Transport (GO:1901381),1/17,0.0817146326715556,0.1677031777085997,0,0,12.553030303030305,31.43934295429433,FLNA
GO_Biological_Process_2023,Mesenchyme Development (GO:0060485),1/17,0.0817146326715556,0.1677031777085997,0,0,12.553030303030305,31.43934295429433,SOX4
GO_Biological_Process_2023,Hippo Signaling (GO:0035329),1/17,0.0817146326715556,0.1677031777085997,0,0,12.553030303030305,31.43934295429433,WWTR1
GO_Biological_Process_2023,Positive Regulation Of Heart Rate (GO:0010460),1/17,0.0817146326715556,0.1677031777085997,0,0,12.553030303030305,31.43934295429433,TPM1
GO_Biological_Process_2023,Extracellular Matrix Assembly (GO:0085029),1/17,0.0817146326715556,0.1677031777085997,0,0,12.553030303030305,31.43934295429433,MYH11
GO_Biological_Process_2023,Positive Regulation Of Peptidyl-Lysine Acetylation (GO:2000758),1/17,0.0817146326715556,0.1677031777085997,0,0,12.553030303030305,31.43934295429433,SOX4
GO_Biological_Process_2023,Regulation Of Transcription By RNA Polymerase II (GO:0006357),15/2028,0.0791379925980211,0.1677031777085997,0,0,1.5680722363461033,3.9775127749876233,APP;WWTR1;ANXA2;TSHZ2;TCF12;LDB2;KLF4;ETS2;ETV6;NFKBIA;NRIP1;TCF4;ERG;SOX4;S100A10
GO_Biological_Process_2023,Vesicle Organization (GO:0016050),2/94,0.0804834345723507,0.1677031777085997,0,0,4.39396628216504,11.071493966406615,ANXA2;S100A10
GO_Biological_Process_2023,Negative Regulation Of Interleukin-8 Production (GO:0032717),1/17,0.0817146326715556,0.1677031777085997,0,0,12.553030303030305,31.43934295429433,KLF4
GO_Biological_Process_2023,Regulation Of Endothelial Cell Proliferation (GO:0001936),2/93,0.0790200821692442,0.1677031777085997,0,0,4.442475891455484,11.27524039277228,EGFL7;PTPRM
GO_Biological_Process_2023,Rac Protein Signal Transduction (GO:0016601),1/17,0.0817146326715556,0.1677031777085997,0,0,12.553030303030305,31.43934295429433,ELMO1
GO_Biological_Process_2023,Neuron Maturation (GO:0042551),1/17,0.0817146326715556,0.1677031777085997,0,0,12.553030303030305,31.43934295429433,APP
GO_Biological_Process_2023,Ribosomal Small Subunit Assembly (GO:0000028),1/17,0.0817146326715556,0.1677031777085997,0,0,12.553030303030305,31.43934295429433,RPS28
GO_Biological_Process_2023,G Protein-Coupled Acetylcholine Receptor Signaling Pathway (GO:0007213),1/17,0.0817146326715556,0.1677031777085997,0,0,12.553030303030305,31.43934295429433,PLCB1
GO_Biological_Process_2023,Positive Regulation Of Cation Transmembrane Transport (GO:1904064),1/18,0.0863099571505927,0.1709909223468244,0,0,11.81402257872846,28.942114306609312,FLNA
GO_Biological_Process_2023,MAPK Cascade (GO:0000165),2/98,0.0864201908419545,0.1709909223468244,0,0,4.210034013605442,10.308411171595903,PPP1CB;PLVAP
GO_Biological_Process_2023,Protein Stabilization (GO:0050821),3/208,0.0863762643149374,0.1709909223468244,0,0,2.971335177269298,7.276925713379106,FLNA;PLPP3;SOX4
GO_Biological_Process_2023,Myoblast Fusion (GO:0007520),1/18,0.0863099571505927,0.1709909223468244,0,0,11.81402257872846,28.942114306609312,CD9
GO_Biological_Process_2023,Positive Regulation Of Phosphoprotein Phosphatase Activity (GO:0032516),1/18,0.0863099571505927,0.1709909223468244,0,0,11.81402257872846,28.942114306609312,PDGFRB
GO_Biological_Process_2023,Vesicle Transport Along Actin Filament (GO:0030050),1/18,0.0863099571505927,0.1709909223468244,0,0,11.81402257872846,28.942114306609312,MYO1E
GO_Biological_Process_2023,Positive Regulation Of Focal Adhesion Assembly (GO:0051894),1/18,0.0863099571505927,0.1709909223468244,0,0,11.81402257872846,28.942114306609312,S100A10
GO_Biological_Process_2023,Regulation Of Vascular Endothelial Cell Proliferation (GO:1905562),1/18,0.0863099571505927,0.1709909223468244,0,0,11.81402257872846,28.942114306609312,FLT1
GO_Biological_Process_2023,Positive Regulation Of Neutrophil Chemotaxis (GO:0090023),1/18,0.0863099571505927,0.1709909223468244,0,0,11.81402257872846,28.942114306609312,CD74
GO_Biological_Process_2023,Regulation Of Nervous System Process (GO:0031644),1/18,0.0863099571505927,0.1709909223468244,0,0,11.81402257872846,28.942114306609312,APP
GO_Biological_Process_2023,Proteolysis (GO:0006508),4/330,0.083742950724432,0.1709909223468244,0,0,2.5017893660531696,6.204445839370139,CPA1;CPB1;CPE;ADAMTS9
GO_Biological_Process_2023,Negative Regulation Of Lipid Storage (GO:0010888),1/18,0.0863099571505927,0.1709909223468244,0,0,11.81402257872846,28.942114306609312,NFKBIA
GO_Biological_Process_2023,Negative Regulation Of Monoatomic Ion Transport (GO:0043271),1/18,0.0863099571505927,0.1709909223468244,0,0,11.81402257872846,28.942114306609312,PLN
GO_Biological_Process_2023,Peptide Antigen Assembly With MHC Protein Complex (GO:0002501),1/18,0.0863099571505927,0.1709909223468244,0,0,11.81402257872846,28.942114306609312,HLA-DRA
GO_Biological_Process_2023,Negative Regulation Of Viral Entry Into Host Cell (GO:0046597),1/18,0.0863099571505927,0.1709909223468244,0,0,11.81402257872846,28.942114306609312,LY6E
GO_Biological_Process_2023,Negative Regulation Of Signal Transduction By P53 Class Mediator (GO:1901797),1/18,0.0863099571505927,0.1709909223468244,0,0,11.81402257872846,28.942114306609312,CD74
GO_Biological_Process_2023,Associative Learning (GO:0008306),1/18,0.0863099571505927,0.1709909223468244,0,0,11.81402257872846,28.942114306609312,APP
GO_Biological_Process_2023,Negative Regulation Of Gene Expression (GO:0010629),4/336,0.0880748314359287,0.1739264146996884,0,0,2.4558232931726907,5.966590837610463,APP;CLDN5;IGFBP5;KLF4
GO_Biological_Process_2023,Negative Regulation Of Calcium Ion Transmembrane Transport (GO:1903170),1/19,0.0908825145361798,0.1747212046943192,0,0,11.15712682379349,26.75688382123247,PLN
GO_Biological_Process_2023,Receptor Clustering (GO:0043113),1/19,0.0908825145361798,0.1747212046943192,0,0,11.15712682379349,26.75688382123247,FLNA
GO_Biological_Process_2023,Interleukin-1-Mediated Signaling Pathway (GO:0070498),1/19,0.0908825145361798,0.1747212046943192,0,0,11.15712682379349,26.75688382123247,PLCB1
GO_Biological_Process_2023,Insulin Secretion (GO:0030073),1/19,0.0908825145361798,0.1747212046943192,0,0,11.15712682379349,26.75688382123247,ANXA1
GO_Biological_Process_2023,Immunoglobulin Production Involved In Immunoglobulin-Mediated Immune Response (GO:0002381),1/19,0.0908825145361798,0.1747212046943192,0,0,11.15712682379349,26.75688382123247,HLA-DRA
GO_Biological_Process_2023,Sphingosine Metabolic Process (GO:0006670),1/19,0.0908825145361798,0.1747212046943192,0,0,11.15712682379349,26.75688382123247,PLPP3
GO_Biological_Process_2023,Positive Regulation Of Alpha-Beta T Cell Activation (GO:0046635),1/19,0.0908825145361798,0.1747212046943192,0,0,11.15712682379349,26.75688382123247,HLA-DRA
GO_Biological_Process_2023,Atrioventricular Valve Morphogenesis (GO:0003181),1/19,0.0908825145361798,0.1747212046943192,0,0,11.15712682379349,26.75688382123247,SOX4
GO_Biological_Process_2023,Regulation Of Integrin-Mediated Signaling Pathway (GO:2001044),1/19,0.0908825145361798,0.1747212046943192,0,0,11.15712682379349,26.75688382123247,FLNA
GO_Biological_Process_2023,Regulation Of Insulin-Like Growth Factor Receptor Signaling Pathway (GO:0043567),1/19,0.0908825145361798,0.1747212046943192,0,0,11.15712682379349,26.75688382123247,IGFBP5
GO_Biological_Process_2023,N-glycan Processing (GO:0006491),1/19,0.0908825145361798,0.1747212046943192,0,0,11.15712682379349,26.75688382123247,MAN1A1
GO_Biological_Process_2023,Regulation Of Early Endosome To Late Endosome Transport (GO:2000641),1/19,0.0908825145361798,0.1747212046943192,0,0,11.15712682379349,26.75688382123247,RDX
GO_Biological_Process_2023,Regulation Of Organelle Organization (GO:0033043),2/100,0.0894369333512961,0.1747212046943192,0,0,4.123698458975427,9.95552171579456,CLIC4;RDX
GO_Biological_Process_2023,Calcium-Independent Cell-Cell Adhesion Via Plasma Membrane Cell-Adhesion Molecules (GO:0016338),1/19,0.0908825145361798,0.1747212046943192,0,0,11.15712682379349,26.75688382123247,CLDN5
GO_Biological_Process_2023,Hydrogen Peroxide Catabolic Process (GO:0042744),1/20,0.0954324164624814,0.1796434711090505,0,0,10.569377990430622,24.83103038927071,GPX1
GO_Biological_Process_2023,Positive Regulation Of Inflammatory Response (GO:0050729),2/104,0.0955625544444408,0.1796434711090505,0,0,3.961184473789516,9.300759047174036,NFKBIA;APP
GO_Biological_Process_2023,Microglial Cell Activation (GO:0001774),1/20,0.0954324164624814,0.1796434711090505,0,0,10.569377990430622,24.83103038927071,APP
GO_Biological_Process_2023,Leukotriene Metabolic Process (GO:0006691),1/20,0.0954324164624814,0.1796434711090505,0,0,10.569377990430622,24.83103038927071,CPA1
GO_Biological_Process_2023,Xenobiotic Transport (GO:0042908),1/20,0.0954324164624814,0.1796434711090505,0,0,10.569377990430622,24.83103038927071,GJA1
GO_Biological_Process_2023,Positive Regulation Of Vasculature Development (GO:1904018),2/104,0.0955625544444408,0.1796434711090505,0,0,3.961184473789516,9.300759047174036,FLT1;SASH1
GO_Biological_Process_2023,Positive Regulation Of Embryonic Development (GO:0040019),1/20,0.0954324164624814,0.1796434711090505,0,0,10.569377990430622,24.83103038927071,PLCB1
GO_Biological_Process_2023,Cellular Response To Estradiol Stimulus (GO:0071392),1/20,0.0954324164624814,0.1796434711090505,0,0,10.569377990430622,24.83103038927071,NRIP1
GO_Biological_Process_2023,Negative Regulation Of Viral Life Cycle (GO:1903901),1/20,0.0954324164624814,0.1796434711090505,0,0,10.569377990430622,24.83103038927071,LY6E
GO_Biological_Process_2023,Negative Regulation Of Reproductive Process (GO:2000242),1/20,0.0954324164624814,0.1796434711090505,0,0,10.569377990430622,24.83103038927071,GJA1
GO_Biological_Process_2023,Actin Filament-Based Transport (GO:0099515),1/20,0.0954324164624814,0.1796434711090505,0,0,10.569377990430622,24.83103038927071,MYO1E
GO_Biological_Process_2023,Transport Along Microtubule (GO:0010970),1/20,0.0954324164624814,0.1796434711090505,0,0,10.569377990430622,24.83103038927071,APP
GO_Biological_Process_2023,Lipid Catabolic Process (GO:0016042),1/21,0.0999597740324998,0.1844992562451039,0,0,10.04040404040404,23.122924333288797,PNLIP
GO_Biological_Process_2023,Positive Regulation Of Granulocyte Chemotaxis (GO:0071624),1/21,0.0999597740324998,0.1844992562451039,0,0,10.04040404040404,23.122924333288797,CD74
GO_Biological_Process_2023,Regulation Of Transferase Activity (GO:0051338),1/21,0.0999597740324998,0.1844992562451039,0,0,10.04040404040404,23.122924333288797,LDB2
GO_Biological_Process_2023,Regulation Of Neurotransmitter Transport (GO:0051588),1/21,0.0999597740324998,0.1844992562451039,0,0,10.04040404040404,23.122924333288797,MCTP1
GO_Biological_Process_2023,Regulation Of Lipid Storage (GO:0010883),1/21,0.0999597740324998,0.1844992562451039,0,0,10.04040404040404,23.122924333288797,NFKBIA
GO_Biological_Process_2023,Regulation Of Lipopolysaccharide-Mediated Signaling Pathway (GO:0031664),1/21,0.0999597740324998,0.1844992562451039,0,0,10.04040404040404,23.122924333288797,SASH1
GO_Biological_Process_2023,Negative Regulation Of GTPase Activity (GO:0034260),1/21,0.0999597740324998,0.1844992562451039,0,0,10.04040404040404,23.122924333288797,RDX
GO_Biological_Process_2023,Protein Localization (GO:0008104),4/351,0.0993698622031553,0.1844992562451039,0,0,2.347862632084534,5.420995077367381,CD74;GJA1;CPE;FLNA
GO_Biological_Process_2023,Response To Calcium Ion (GO:0051592),2/106,0.0986696402849088,0.1844992562451039,0,0,3.8846153846153846,8.996683675058378,CPNE8;CLIC4
GO_Biological_Process_2023,Antigen Processing And Presentation Of Endogenous Peptide Antigen (GO:0002483),1/21,0.0999597740324998,0.1844992562451039,0,0,10.04040404040404,23.122924333288797,HLA-DRA
GO_Biological_Process_2023,Positive Regulation Of T Cell Activation (GO:0050870),2/107,0.1002338670046704,0.1846700049705612,0,0,3.847424684159378,8.850035372430577,ANXA1;HLA-DRA
GO_Biological_Process_2023,Positive Regulation Of Translation (GO:0045727),2/108,0.1018050719773058,0.1872256025333093,0,0,3.81093569503273,8.70682707358352,NIBAN1;SOX4
GO_Biological_Process_2023,Cellular Response To Salt (GO:1902075),2/109,0.1033831480896997,0.1892773846146335,0,0,3.775128743086019,8.566949896272241,CPNE8;CLIC4
GO_Biological_Process_2023,Regulation Of JNK Cascade (GO:0046328),2/110,0.1049679891078203,0.1892773846146335,0,0,3.739984882842026,8.430299329552396,APP;PLCB1
GO_Biological_Process_2023,External Encapsulating Structure Organization (GO:0045229),2/110,0.1049679891078203,0.1892773846146335,0,0,3.739984882842026,8.430299329552396,APP;ADAMTS9
GO_Biological_Process_2023,Regulation Of Cardiac Muscle Cell Membrane Repolarization (GO:0099623),1/22,0.104464697819105,0.1892773846146335,0,0,9.561808561808562,21.59922753970687,FLNA
GO_Biological_Process_2023,Positive Regulation Of Viral Life Cycle (GO:1903902),1/22,0.104464697819105,0.1892773846146335,0,0,9.561808561808562,21.59922753970687,CD74
GO_Biological_Process_2023,Adenylate Cyclase-Activating G Protein-Coupled Receptor Signaling Pathway (GO:0007189),2/110,0.1049679891078203,0.1892773846146335,0,0,3.739984882842026,8.430299329552396,CALCRL;ADGRL4
GO_Biological_Process_2023,Positive Regulation Of Cholesterol Efflux (GO:0010875),1/22,0.104464697819105,0.1892773846146335,0,0,9.561808561808562,21.59922753970687,NFKBIA
GO_Biological_Process_2023,Cellular Response To Low-Density Lipoprotein Particle Stimulus (GO:0071404),1/22,0.104464697819105,0.1892773846146335,0,0,9.561808561808562,21.59922753970687,CD9
GO_Biological_Process_2023,Acetylcholine Receptor Signaling Pathway (GO:0095500),1/22,0.104464697819105,0.1892773846146335,0,0,9.561808561808562,21.59922753970687,PLCB1
GO_Biological_Process_2023,Extracellular Structure Organization (GO:0043062),2/109,0.1033831480896997,0.1892773846146335,0,0,3.775128743086019,8.566949896272241,APP;ADAMTS9
GO_Biological_Process_2023,Positive Regulation Of Phosphatase Activity (GO:0010922),1/22,0.104464697819105,0.1892773846146335,0,0,9.561808561808562,21.59922753970687,PDGFRB
GO_Biological_Process_2023,Protein Phosphorylation (GO:0006468),5/500,0.1057606548212013,0.1903691786781624,0,0,2.063264221158958,4.635281348557081,PDGFRB;APP;FLT1;ERG;PRKG1
GO_Biological_Process_2023,T Cell Activation (GO:0042110),2/111,0.1065594896807097,0.1914681996559749,0,0,3.7054858640703983,8.296775020722748,CD74;SOX4
GO_Biological_Process_2023,Positive Regulation Of Neutrophil Migration (GO:1902624),1/23,0.1089472978360328,0.1920266930662832,0,0,9.1267217630854,20.232947516534363,CD74
GO_Biological_Process_2023,Regulation Of T Cell Migration (GO:2000404),1/23,0.1089472978360328,0.1920266930662832,0,0,9.1267217630854,20.232947516534363,APP
GO_Biological_Process_2023,Negative Regulation Of Actin Filament Polymerization (GO:0030837),1/23,0.1089472978360328,0.1920266930662832,0,0,9.1267217630854,20.232947516534363,TMSB10
GO_Biological_Process_2023,Lymphocyte Activation Involved In Immune Response (GO:0002285),1/23,0.1089472978360328,0.1920266930662832,0,0,9.1267217630854,20.232947516534363,CD74
GO_Biological_Process_2023,Positive Regulation Of Morphogenesis Of An Epithelium (GO:1905332),1/23,0.1089472978360328,0.1920266930662832,0,0,9.1267217630854,20.232947516534363,GJA1
GO_Biological_Process_2023,Protein Targeting To ER (GO:0045047),1/23,0.1089472978360328,0.1920266930662832,0,0,9.1267217630854,20.232947516534363,MAN1A1
GO_Biological_Process_2023,Entrainment Of Circadian Clock By Photoperiod (GO:0043153),1/23,0.1089472978360328,0.1920266930662832,0,0,9.1267217630854,20.232947516534363,PPP1CB
GO_Biological_Process_2023,Positive Regulation Of Cell-Substrate Junction Organization (GO:0150117),1/23,0.1089472978360328,0.1920266930662832,0,0,9.1267217630854,20.232947516534363,S100A10
GO_Biological_Process_2023,Cell-Cell Signaling By Wnt (GO:0198738),1/23,0.1089472978360328,0.1920266930662832,0,0,9.1267217630854,20.232947516534363,CPE
GO_Biological_Process_2023,Actin Nucleation (GO:0045010),1/23,0.1089472978360328,0.1920266930662832,0,0,9.1267217630854,20.232947516534363,LMOD1
GO_Biological_Process_2023,Glial Cell Development (GO:0021782),1/23,0.1089472978360328,0.1920266930662832,0,0,9.1267217630854,20.232947516534363,APP
GO_Biological_Process_2023,Regulation Of Protein Ubiquitination (GO:0031396),2/113,0.109762052329387,0.1931280401712571,0,0,3.6383526383526386,8.038723369904124,SOX4;SASH1
GO_Biological_Process_2023,Regulation Of I-kappaB kinase/NF-kappaB Signaling (GO:0043122),3/232,0.1104659121595449,0.1940307990781644,0,0,2.656687525323009,5.852810917325962,CD74;GJA1;FLNA
GO_Biological_Process_2023,mRNA Polyadenylation (GO:0006378),1/24,0.113407683581024,0.1944951335613852,0,0,8.729468599033817,19.002011610155247,APP
GO_Biological_Process_2023,Positive Regulation Of p38MAPK Cascade (GO:1900745),1/24,0.113407683581024,0.1944951335613852,0,0,8.729468599033817,19.002011610155247,SASH1
GO_Biological_Process_2023,Stress Granule Assembly (GO:0034063),1/24,0.113407683581024,0.1944951335613852,0,0,8.729468599033817,19.002011610155247,RPS23
GO_Biological_Process_2023,Dicarboxylic Acid Transport (GO:0006835),1/24,0.113407683581024,0.1944951335613852,0,0,8.729468599033817,19.002011610155247,GJA1
GO_Biological_Process_2023,Regulation Of Supramolecular Fiber Organization (GO:1902903),1/24,0.113407683581024,0.1944951335613852,0,0,8.729468599033817,19.002011610155247,GPX1
GO_Biological_Process_2023,Photoperiodism (GO:0009648),1/24,0.113407683581024,0.1944951335613852,0,0,8.729468599033817,19.002011610155247,PPP1CB
GO_Biological_Process_2023,Regulation Of Ruffle Assembly (GO:1900027),1/24,0.113407683581024,0.1944951335613852,0,0,8.729468599033817,19.002011610155247,RDX
GO_Biological_Process_2023,Neuromuscular Junction Development (GO:0007528),1/24,0.113407683581024,0.1944951335613852,0,0,8.729468599033817,19.002011610155247,GPHN
GO_Biological_Process_2023,Regulation Of Heterotypic Cell-Cell Adhesion (GO:0034114),1/24,0.113407683581024,0.1944951335613852,0,0,8.729468599033817,19.002011610155247,KLF4
GO_Biological_Process_2023,Negative Regulation Of Ion Transmembrane Transporter Activity (GO:0032413),1/24,0.113407683581024,0.1944951335613852,0,0,8.729468599033817,19.002011610155247,PLN
GO_Biological_Process_2023,Regulation Of MAP Kinase Activity (GO:0043405),2/114,0.1113729080000625,0.1944951335613852,0,0,3.6056851311953353,7.914014366919983,PDGFRB;FLT1
GO_Biological_Process_2023,Regulation Of Interleukin-6 Production (GO:0032675),2/114,0.1113729080000625,0.1944951335613852,0,0,3.6056851311953353,7.914014366919983,APP;CD74
GO_Biological_Process_2023,Regulation Of Cytoskeleton Organization (GO:0051493),2/114,0.1113729080000625,0.1944951335613852,0,0,3.6056851311953353,7.914014366919983,PDGFRB;CLIC4
GO_Biological_Process_2023,Regulation Of Proteolysis Involved In Protein Catabolic Process (GO:1903050),1/24,0.113407683581024,0.1944951335613852,0,0,8.729468599033817,19.002011610155247,GPX1
GO_Biological_Process_2023,Response To Zinc Ion (GO:0010043),1/25,0.1178459640404217,0.1965273987323725,0,0,8.365319865319865,17.88820673407011,CRIP1
GO_Biological_Process_2023,Positive Regulation Of Cell Cycle Process (GO:0090068),2/118,0.1178777907834289,0.1965273987323725,0,0,3.480647431386348,7.441996159064892,PDGFRB;PKP4
GO_Biological_Process_2023,Regulation Of Small GTPase Mediated Signal Transduction (GO:0051056),2/118,0.1178777907834289,0.1965273987323725,0,0,3.480647431386348,7.441996159064892,PLEKHG1;TRIO
GO_Biological_Process_2023,Regulation Of Protein Binding (GO:0043393),2/118,0.1178777907834289,0.1965273987323725,0,0,3.480647431386348,7.441996159064892,APP;CLDN5
GO_Biological_Process_2023,Regulation Of Cell Size (GO:0008361),1/25,0.1178459640404217,0.1965273987323725,0,0,8.365319865319865,17.88820673407011,RDX
GO_Biological_Process_2023,Ribonucleoprotein Complex Biogenesis (GO:0022613),2/118,0.1178777907834289,0.1965273987323725,0,0,3.480647431386348,7.441996159064892,RPS28;RPS23
GO_Biological_Process_2023,Ventricular Cardiac Muscle Tissue Development (GO:0003229),1/25,0.1178459640404217,0.1965273987323725,0,0,8.365319865319865,17.88820673407011,TPM1
GO_Biological_Process_2023,Positive Regulation Of T Cell Migration (GO:2000406),1/25,0.1178459640404217,0.1965273987323725,0,0,8.365319865319865,17.88820673407011,APP
GO_Biological_Process_2023,"Wound Healing, Spreading Of Cells (GO:0044319)",1/25,0.1178459640404217,0.1965273987323725,0,0,8.365319865319865,17.88820673407011,FLNA
GO_Biological_Process_2023,Peptide Hormone Secretion (GO:0030072),1/25,0.1178459640404217,0.1965273987323725,0,0,8.365319865319865,17.88820673407011,ANXA1
GO_Biological_Process_2023,Cardiac Conduction System Development (GO:0003161),1/25,0.1178459640404217,0.1965273987323725,0,0,8.365319865319865,17.88820673407011,GJA1
GO_Biological_Process_2023,Regulation Of Neutrophil Chemotaxis (GO:0090022),1/25,0.1178459640404217,0.1965273987323725,0,0,8.365319865319865,17.88820673407011,CD74
GO_Biological_Process_2023,RNA Polyadenylation (GO:0043631),1/25,0.1178459640404217,0.1965273987323725,0,0,8.365319865319865,17.88820673407011,APP
GO_Biological_Process_2023,Negative Regulation Of Intrinsic Apoptotic Signaling Pathway In Response To DNA Damage (GO:1902230),1/25,0.1178459640404217,0.1965273987323725,0,0,8.365319865319865,17.88820673407011,CD74
GO_Biological_Process_2023,Positive Regulation Of Protein Serine/Threonine Kinase Activity (GO:0071902),2/117,0.11624255158408,0.1965273987323725,0,0,3.5110913930789707,7.55613660564706,PDGFRB;FLT1
GO_Biological_Process_2023,Cellular Response To Oxidative Stress (GO:0034599),2/117,0.11624255158408,0.1965273987323725,0,0,3.5110913930789707,7.55613660564706,GPX1;TPM1
GO_Biological_Process_2023,Cellular Response To Hexose Stimulus (GO:0071331),1/25,0.1178459640404217,0.1965273987323725,0,0,8.365319865319865,17.88820673407011,SOX4
GO_Biological_Process_2023,Cellular Response To Tumor Necrosis Factor (GO:0071356),2/119,0.1195188772922953,0.1989373129398762,0,0,3.4507238792953077,7.330307004338375,NFKBIA;PLVAP
GO_Biological_Process_2023,Positive Regulation Of Protein Phosphorylation (GO:0001934),4/377,0.1204515983876109,0.2001622149676476,0,0,2.1813002680965146,4.616737897020758,NIBAN1;APP;CD74;PECAM1
GO_Biological_Process_2023,Regulation Of Cardiac Muscle Cell Contraction (GO:0086004),1/26,0.1222622476286691,0.2002265794498495,0,0,8.030303030303031,16.876380218002918,PLN
GO_Biological_Process_2023,Protein Localization To Cell Surface (GO:0034394),1/26,0.1222622476286691,0.2002265794498495,0,0,8.030303030303031,16.876380218002918,FLNA
GO_Biological_Process_2023,Positive Regulation Of Nuclear Division (GO:0051785),1/26,0.1222622476286691,0.2002265794498495,0,0,8.030303030303031,16.876380218002918,PDGFRB
GO_Biological_Process_2023,Response To Glucocorticoid (GO:0051384),1/26,0.1222622476286691,0.2002265794498495,0,0,8.030303030303031,16.876380218002918,ANXA1
GO_Biological_Process_2023,Negative Regulation Of Catalytic Activity (GO:0043086),1/26,0.1222622476286691,0.2002265794498495,0,0,8.030303030303031,16.876380218002918,PLN
GO_Biological_Process_2023,Antigen Processing And Presentation Of Exogenous Peptide Antigen Via MHC Class II (GO:0019886),1/26,0.1222622476286691,0.2002265794498495,0,0,8.030303030303031,16.876380218002918,HLA-DRA
GO_Biological_Process_2023,Regulation Of Epidermal Growth Factor-Activated Receptor Activity (GO:0007176),1/26,0.1222622476286691,0.2002265794498495,0,0,8.030303030303031,16.876380218002918,APP
GO_Biological_Process_2023,Negative Regulation Of Endothelial Cell Apoptotic Process (GO:2000352),1/26,0.1222622476286691,0.2002265794498495,0,0,8.030303030303031,16.876380218002918,ICAM1
GO_Biological_Process_2023,Plasma Membrane Invagination (GO:0099024),1/26,0.1222622476286691,0.2002265794498495,0,0,8.030303030303031,16.876380218002918,ELMO1
GO_Biological_Process_2023,Negative Regulation Of Programmed Cell Death (GO:0043069),4/381,0.1238558405383523,0.2025102730345728,0,0,2.157714412024757,4.506682083018896,CD74;ANXA1;FLNA;IER3
GO_Biological_Process_2023,Receptor-Mediated Endocytosis (GO:0006898),2/122,0.1244762469056777,0.2031979825089473,0,0,3.3639455782312924,7.0092528065471456,CALCRL;CD9
GO_Biological_Process_2023,Negative Regulation Of Notch Signaling Pathway (GO:0045746),1/27,0.1266566423028266,0.2041359829191358,0,0,7.721056721056721,15.953830010816358,EGFL7
GO_Biological_Process_2023,Regulation Of SMAD Protein Signal Transduction (GO:0060390),1/27,0.1266566423028266,0.2041359829191358,0,0,7.721056721056721,15.953830010816358,WWTR1
GO_Biological_Process_2023,Ventricular Septum Morphogenesis (GO:0060412),1/27,0.1266566423028266,0.2041359829191358,0,0,7.721056721056721,15.953830010816358,SOX4
GO_Biological_Process_2023,Positive Regulation Of Nitric Oxide Biosynthetic Process (GO:0045429),1/27,0.1266566423028266,0.2041359829191358,0,0,7.721056721056721,15.953830010816358,KLF4
GO_Biological_Process_2023,Peptide Cross-Linking (GO:0018149),1/27,0.1266566423028266,0.2041359829191358,0,0,7.721056721056721,15.953830010816358,ANXA1
GO_Biological_Process_2023,Cardiac Muscle Cell Differentiation (GO:0055007),1/27,0.1266566423028266,0.2041359829191358,0,0,7.721056721056721,15.953830010816358,MYH11
GO_Biological_Process_2023,Organonitrogen Compound Biosynthetic Process (GO:1901566),2/123,0.1261397529272332,0.2041359829191358,0,0,3.3359757125990894,6.906686810673667,PLPP3;GPHN
GO_Biological_Process_2023,Cell Surface Receptor Signaling Pathway Involved In Cell-Cell Signaling (GO:1905114),1/27,0.1266566423028266,0.2041359829191358,0,0,7.721056721056721,15.953830010816358,CPE
GO_Biological_Process_2023,Neuron Projection Guidance (GO:0097485),2/124,0.1278086254209237,0.205341819989067,0,0,3.308464369354299,6.806243198091332,NOTCH3;TRIO
GO_Biological_Process_2023,Positive Regulation Of Defense Response (GO:0031349),2/124,0.1278086254209237,0.205341819989067,0,0,3.308464369354299,6.806243198091332,NFKBIA;APP
GO_Biological_Process_2023,Protein-Containing Complex Organization (GO:0043933),2/126,0.1311620955139981,0.2074523345843485,0,0,3.2547728768926927,6.611489635394594,MAGI1;CD74
GO_Biological_Process_2023,Positive Regulation Of Protein Import Into Nucleus (GO:0042307),1/28,0.1310292553948657,0.2074523345843485,0,0,7.434717545828657,15.109834134055738,FLNA
GO_Biological_Process_2023,Positive Regulation Of Nitric Oxide Metabolic Process (GO:1904407),1/28,0.1310292553948657,0.2074523345843485,0,0,7.434717545828657,15.109834134055738,KLF4
GO_Biological_Process_2023,Vascular Endothelial Growth Factor Receptor Signaling Pathway (GO:0048010),1/28,0.1310292553948657,0.2074523345843485,0,0,7.434717545828657,15.109834134055738,FLT1
GO_Biological_Process_2023,Positive Regulation Of Fibroblast Proliferation (GO:0048146),1/28,0.1310292553948657,0.2074523345843485,0,0,7.434717545828657,15.109834134055738,CD74
GO_Biological_Process_2023,Regulation Of Platelet Activation (GO:0010543),1/28,0.1310292553948657,0.2074523345843485,0,0,7.434717545828657,15.109834134055738,FLNA
GO_Biological_Process_2023,Apoptotic Cell Clearance (GO:0043277),1/28,0.1310292553948657,0.2074523345843485,0,0,7.434717545828657,15.109834134055738,ANXA1
GO_Biological_Process_2023,Cellular Response To Osmotic Stress (GO:0071470),1/28,0.1310292553948657,0.2074523345843485,0,0,7.434717545828657,15.109834134055738,MYLK
GO_Biological_Process_2023,Regulation Of Chemotaxis (GO:0050920),1/28,0.1310292553948657,0.2074523345843485,0,0,7.434717545828657,15.109834134055738,PDGFRB
GO_Biological_Process_2023,Antigen Processing And Presentation Of Peptide Antigen Via MHC Class II (GO:0002495),1/28,0.1310292553948657,0.2074523345843485,0,0,7.434717545828657,15.109834134055738,HLA-DRA
GO_Biological_Process_2023,Organic Cyclic Compound Biosynthetic Process (GO:1901362),1/29,0.13538019382269,0.2121443098885605,0,0,7.1688311688311686,14.335283778329618,GPHN
GO_Biological_Process_2023,Peptidyl-Tyrosine Dephosphorylation (GO:0035335),1/29,0.13538019382269,0.2121443098885605,0,0,7.1688311688311686,14.335283778329618,PTPRB
GO_Biological_Process_2023,Positive Regulation Of B Cell Proliferation (GO:0030890),1/29,0.13538019382269,0.2121443098885605,0,0,7.1688311688311686,14.335283778329618,CD74
GO_Biological_Process_2023,Sarcomere Organization (GO:0045214),1/29,0.13538019382269,0.2121443098885605,0,0,7.1688311688311686,14.335283778329618,TPM1
GO_Biological_Process_2023,Establishment Of Mitotic Spindle Orientation (GO:0000132),1/29,0.13538019382269,0.2121443098885605,0,0,7.1688311688311686,14.335283778329618,GJA1
GO_Biological_Process_2023,Negative Regulation Of DNA Binding (GO:0043392),1/29,0.13538019382269,0.2121443098885605,0,0,7.1688311688311686,14.335283778329618,NFKBIA
GO_Biological_Process_2023,Positive Regulation Of Locomotion (GO:0040017),1/30,0.1397095639188418,0.2149540491761908,0,0,6.921281783350749,13.622394510819325,PDGFRB
GO_Biological_Process_2023,Negative Regulation Of Calcium Ion Transmembrane Transporter Activity (GO:1901020),1/30,0.1397095639188418,0.2149540491761908,0,0,6.921281783350749,13.622394510819325,PLN
GO_Biological_Process_2023,Prostaglandin Metabolic Process (GO:0006693),1/30,0.1397095639188418,0.2149540491761908,0,0,6.921281783350749,13.622394510819325,CD74
GO_Biological_Process_2023,Positive Regulation Of Phosphate Metabolic Process (GO:0045937),1/30,0.1397095639188418,0.2149540491761908,0,0,6.921281783350749,13.622394510819325,APP
GO_Biological_Process_2023,Positive Regulation Of JUN Kinase Activity (GO:0043507),1/30,0.1397095639188418,0.2149540491761908,0,0,6.921281783350749,13.622394510819325,SASH1
GO_Biological_Process_2023,Phospholipid Dephosphorylation (GO:0046839),1/30,0.1397095639188418,0.2149540491761908,0,0,6.921281783350749,13.622394510819325,PLPP3
GO_Biological_Process_2023,Cardiac Muscle Cell Action Potential Involved In Contraction (GO:0086002),1/30,0.1397095639188418,0.2149540491761908,0,0,6.921281783350749,13.622394510819325,GJA1
GO_Biological_Process_2023,Artery Morphogenesis (GO:0048844),1/30,0.1397095639188418,0.2149540491761908,0,0,6.921281783350749,13.622394510819325,PDGFRB
GO_Biological_Process_2023,Regulation Of Macrophage Derived Foam Cell Differentiation (GO:0010743),1/30,0.1397095639188418,0.2149540491761908,0,0,6.921281783350749,13.622394510819325,NFKBIA
GO_Biological_Process_2023,Synapse Organization (GO:0050808),2/131,0.1396332156913081,0.2149540491761908,0,0,3.127827875336181,6.157867909881721,APP;GPHN
GO_Biological_Process_2023,Positive Regulation Of Peptidyl-Tyrosine Phosphorylation (GO:0050731),2/130,0.1379293598318549,0.2149540491761908,0,0,3.152423469387755,6.244993797842871,CD74;PECAM1
GO_Biological_Process_2023,"Phagocytosis, Engulfment (GO:0006911)",1/30,0.1397095639188418,0.2149540491761908,0,0,6.921281783350749,13.622394510819325,ELMO1
GO_Biological_Process_2023,Negative Regulation Of DNA-templated Transcription (GO:0045892),8/1025,0.1407519711842289,0.2162307472724484,0,0,1.614552605703048,3.1657437205712076,NRIP1;FLNA;LDB2;PLCB1;KLF4;ETS2;SOX4;ETV6
GO_Biological_Process_2023,Cellular Response To cAMP (GO:0071320),1/31,0.1440174715013112,0.2189323894123072,0,0,6.69023569023569,12.964476920040203,IGFBP5
GO_Biological_Process_2023,Positive Regulation Of Cholesterol Transport (GO:0032376),1/31,0.1440174715013112,0.2189323894123072,0,0,6.69023569023569,12.964476920040203,NFKBIA
GO_Biological_Process_2023,Cardiac Muscle Tissue Morphogenesis (GO:0055008),1/31,0.1440174715013112,0.2189323894123072,0,0,6.69023569023569,12.964476920040203,TPM1
GO_Biological_Process_2023,Response To Estradiol (GO:0032355),1/31,0.1440174715013112,0.2189323894123072,0,0,6.69023569023569,12.964476920040203,NRIP1
GO_Biological_Process_2023,Regulation Of Macrophage Activation (GO:0043030),1/31,0.1440174715013112,0.2189323894123072,0,0,6.69023569023569,12.964476920040203,CD74
GO_Biological_Process_2023,Regulation Of Long-Term Synaptic Potentiation (GO:1900271),1/31,0.1440174715013112,0.2189323894123072,0,0,6.69023569023569,12.964476920040203,APP
GO_Biological_Process_2023,Antigen Processing And Presentation Of Exogenous Peptide Antigen (GO:0002478),1/31,0.1440174715013112,0.2189323894123072,0,0,6.69023569023569,12.964476920040203,HLA-DRA
GO_Biological_Process_2023,Regulation Of Calcium Ion Transmembrane Transporter Activity (GO:1901019),1/32,0.1483040219339779,0.2221284098775486,0,0,6.474095796676441,12.355752978101908,PLN
GO_Biological_Process_2023,Vesicle Budding From Membrane (GO:0006900),1/32,0.1483040219339779,0.2221284098775486,0,0,6.474095796676441,12.355752978101908,S100A10
GO_Biological_Process_2023,Negative Regulation Of G1/S Transition Of Mitotic Cell Cycle (GO:2000134),1/32,0.1483040219339779,0.2221284098775486,0,0,6.474095796676441,12.355752978101908,KLF4
GO_Biological_Process_2023,Muscle Cell Development (GO:0055001),1/32,0.1483040219339779,0.2221284098775486,0,0,6.474095796676441,12.355752978101908,MYH11
GO_Biological_Process_2023,Regulation Of Transcription By RNA Polymerase I (GO:0006356),1/32,0.1483040219339779,0.2221284098775486,0,0,6.474095796676441,12.355752978101908,FLNA
GO_Biological_Process_2023,Cellular Response To Metal Ion (GO:0071248),2/135,0.146494146719129,0.2221284098775486,0,0,3.03314408470155,5.82597157350083,CPNE8;CLIC4
GO_Biological_Process_2023,NIK/NF-kappaB Signaling (GO:0038061),1/32,0.1483040219339779,0.2221284098775486,0,0,6.474095796676441,12.355752978101908,NFKBIA
GO_Biological_Process_2023,Regulation Of Cholesterol Efflux (GO:0010874),1/32,0.1483040219339779,0.2221284098775486,0,0,6.474095796676441,12.355752978101908,NFKBIA
GO_Biological_Process_2023,Positive Regulation Of Nucleic Acid-Templated Transcription (GO:1903508),5/557,0.146830582166989,0.2221284098775486,0,0,1.8447749809305871,3.5391562664058727,CD74;TCF4;PLCB1;KLF4;SOX4
GO_Biological_Process_2023,Amide Transport (GO:0042886),1/32,0.1483040219339779,0.2221284098775486,0,0,6.474095796676441,12.355752978101908,GJA1
GO_Biological_Process_2023,Positive Regulation Of Small Molecule Metabolic Process (GO:0062013),1/33,0.152569319997184,0.2235778075463057,0,0,6.271464646464646,11.79120788980768,APP
GO_Biological_Process_2023,Positive Regulation Of Reproductive Process (GO:2000243),1/33,0.152569319997184,0.2235778075463057,0,0,6.271464646464646,11.79120788980768,PLCB1
GO_Biological_Process_2023,Positive Regulation Of Protein Dephosphorylation (GO:0035307),1/33,0.152569319997184,0.2235778075463057,0,0,6.271464646464646,11.79120788980768,PDGFRB
GO_Biological_Process_2023,Ventricular Cardiac Muscle Tissue Morphogenesis (GO:0055010),1/33,0.152569319997184,0.2235778075463057,0,0,6.271464646464646,11.79120788980768,TPM1
GO_Biological_Process_2023,Positive Regulation Of Interleukin-12 Production (GO:0032735),1/33,0.152569319997184,0.2235778075463057,0,0,6.271464646464646,11.79120788980768,PLCB1
GO_Biological_Process_2023,Positive Regulation Of T Cell Mediated Cytotoxicity (GO:0001916),1/33,0.152569319997184,0.2235778075463057,0,0,6.271464646464646,11.79120788980768,HLA-DRA
GO_Biological_Process_2023,Cardiac Muscle Contraction (GO:0060048),1/33,0.152569319997184,0.2235778075463057,0,0,6.271464646464646,11.79120788980768,TPM1
GO_Biological_Process_2023,Regulation Of Potassium Ion Transmembrane Transport (GO:1901379),1/33,0.152569319997184,0.2235778075463057,0,0,6.271464646464646,11.79120788980768,FLNA
GO_Biological_Process_2023,Actin Filament Bundle Organization (GO:0061572),1/33,0.152569319997184,0.2235778075463057,0,0,6.271464646464646,11.79120788980768,CALD1
GO_Biological_Process_2023,Actin Filament Bundle Assembly (GO:0051017),1/33,0.152569319997184,0.2235778075463057,0,0,6.271464646464646,11.79120788980768,CALD1
GO_Biological_Process_2023,Negative Regulation Of Endocytosis (GO:0045806),1/33,0.152569319997184,0.2235778075463057,0,0,6.271464646464646,11.79120788980768,MCTP1
GO_Biological_Process_2023,Vesicle-Mediated Transport (GO:0016192),4/411,0.1506505286013546,0.2235778075463057,0,0,1.9955978705978703,3.777252691678876,APP;MYO1E;ANXA2;S100A10
GO_Biological_Process_2023,Positive Regulation Of Telomerase Activity (GO:0051973),1/33,0.152569319997184,0.2235778075463057,0,0,6.271464646464646,11.79120788980768,KLF4
GO_Biological_Process_2023,Regulation Of Sprouting Angiogenesis (GO:1903670),1/33,0.152569319997184,0.2235778075463057,0,0,6.271464646464646,11.79120788980768,KLF4
GO_Biological_Process_2023,Negative Regulation Of Blood Vessel Endothelial Cell Migration (GO:0043537),1/33,0.152569319997184,0.2235778075463057,0,0,6.271464646464646,11.79120788980768,KLF4
GO_Biological_Process_2023,Establishment Of Mitotic Spindle Localization (GO:0040001),1/34,0.1568134700259566,0.2268553328825005,0,0,6.081114172023263,11.266469699963473,GJA1
GO_Biological_Process_2023,Positive Regulation Of Carbohydrate Metabolic Process (GO:0045913),1/34,0.1568134700259566,0.2268553328825005,0,0,6.081114172023263,11.266469699963473,APP
GO_Biological_Process_2023,Regulation Of DNA Biosynthetic Process (GO:2000278),1/34,0.1568134700259566,0.2268553328825005,0,0,6.081114172023263,11.266469699963473,PDGFRB
GO_Biological_Process_2023,Cellular Response To Vascular Endothelial Growth Factor Stimulus (GO:0035924),1/34,0.1568134700259566,0.2268553328825005,0,0,6.081114172023263,11.266469699963473,FLT1
GO_Biological_Process_2023,Semaphorin-Plexin Signaling Pathway (GO:0071526),1/34,0.1568134700259566,0.2268553328825005,0,0,6.081114172023263,11.266469699963473,FLNA
GO_Biological_Process_2023,Cellular Response To Glucose Stimulus (GO:0071333),1/34,0.1568134700259566,0.2268553328825005,0,0,6.081114172023263,11.266469699963473,SOX4
GO_Biological_Process_2023,Organophosphate Biosynthetic Process (GO:0090407),1/34,0.1568134700259566,0.2268553328825005,0,0,6.081114172023263,11.266469699963473,GPHN
GO_Biological_Process_2023,Cellular Response To Hydrogen Peroxide (GO:0070301),1/34,0.1568134700259566,0.2268553328825005,0,0,6.081114172023263,11.266469699963473,ANXA1
GO_Biological_Process_2023,Regulation Of Metal Ion Transport (GO:0010959),1/34,0.1568134700259566,0.2268553328825005,0,0,6.081114172023263,11.266469699963473,PLN
GO_Biological_Process_2023,Plasma Membrane Bounded Cell Projection Assembly (GO:0120031),3/275,0.1590657162940255,0.2297866952713408,0,0,2.2318071558520316,4.103038753963262,EMP1;FLNA;MYLK
GO_Biological_Process_2023,Establishment Of Spindle Orientation (GO:0051294),1/35,0.1610365757741949,0.2306678838906426,0,0,5.901960784313726,10.777710825180796,GJA1
GO_Biological_Process_2023,Positive Regulation Of Mitotic Nuclear Division (GO:0045840),1/35,0.1610365757741949,0.2306678838906426,0,0,5.901960784313726,10.777710825180796,PDGFRB
GO_Biological_Process_2023,Glutamate Receptor Signaling Pathway (GO:0007215),1/35,0.1610365757741949,0.2306678838906426,0,0,5.901960784313726,10.777710825180796,PLCB1
GO_Biological_Process_2023,Macrophage Activation (GO:0042116),1/35,0.1610365757741949,0.2306678838906426,0,0,5.901960784313726,10.777710825180796,APP
GO_Biological_Process_2023,Negative Regulation Of Cell Cycle G1/S Phase Transition (GO:1902807),1/35,0.1610365757741949,0.2306678838906426,0,0,5.901960784313726,10.777710825180796,KLF4
GO_Biological_Process_2023,Regulation Of Cardiac Muscle Contraction (GO:0055117),1/35,0.1610365757741949,0.2306678838906426,0,0,5.901960784313726,10.777710825180796,PLN
GO_Biological_Process_2023,Regulation Of Receptor Internalization (GO:0002090),1/36,0.165238740567014,0.2360221898267602,0,0,5.733044733044733,10.321566994169176,ANXA2
GO_Biological_Process_2023,Regulation Of T Cell Mediated Cytotoxicity (GO:0001914),1/36,0.165238740567014,0.2360221898267602,0,0,5.733044733044733,10.321566994169176,HLA-DRA
GO_Biological_Process_2023,Neuron Projection Morphogenesis (GO:0048812),2/146,0.1656998745819369,0.236348909466802,0,0,2.799886621315193,5.033012105126492,APP;TRIO
GO_Biological_Process_2023,Negative Regulation Of Protein Metabolic Process (GO:0051248),2/147,0.1674678305136682,0.2385361115299727,0,0,2.780436312456017,4.968539602428729,IGFBP5;FLNA
GO_Biological_Process_2023,Regulation Of p38MAPK Cascade (GO:1900744),1/37,0.1694200671801256,0.2389739366465849,0,0,5.57351290684624,9.895070145641316,SASH1
GO_Biological_Process_2023,Regulation Of Phosphoprotein Phosphatase Activity (GO:0043666),1/37,0.1694200671801256,0.2389739366465849,0,0,5.57351290684624,9.895070145641316,PDGFRB
GO_Biological_Process_2023,Positive Regulation Of Exocytosis (GO:0045921),1/37,0.1694200671801256,0.2389739366465849,0,0,5.57351290684624,9.895070145641316,S100A10
GO_Biological_Process_2023,Positive Regulation Of Immune Effector Process (GO:0002699),1/37,0.1694200671801256,0.2389739366465849,0,0,5.57351290684624,9.895070145641316,HLA-DRA
GO_Biological_Process_2023,Ventricular Septum Development (GO:0003281),1/37,0.1694200671801256,0.2389739366465849,0,0,5.57351290684624,9.895070145641316,SOX4
GO_Biological_Process_2023,Positive Regulation Of Signaling (GO:0023056),1/37,0.1694200671801256,0.2389739366465849,0,0,5.57351290684624,9.895070145641316,ANXA2
GO_Biological_Process_2023,Regulation Of Cellular Component Biogenesis (GO:0044087),1/37,0.1694200671801256,0.2389739366465849,0,0,5.57351290684624,9.895070145641316,RDX
GO_Biological_Process_2023,Transmembrane Receptor Protein Tyrosine Kinase Signaling Pathway (GO:0007169),3/284,0.1699706230127105,0.2394184537450507,0,0,2.1593352166415967,3.826621989063068,PDGFRB;FLT1;PLCB1
GO_Biological_Process_2023,Skeletal System Development (GO:0001501),2/149,0.1710136332671059,0.2405544467948088,0,0,2.7423295848951827,4.842986951998436,GJA1;ETS2
GO_Biological_Process_2023,mRNA Transcription By RNA Polymerase II (GO:0042789),1/38,0.1735806579316256,0.2408342825599772,0,0,5.422604422604422,9.495592558231127,S100A10
GO_Biological_Process_2023,Maturation Of SSU-rRNA (GO:0030490),1/38,0.1735806579316256,0.2408342825599772,0,0,5.422604422604422,9.495592558231127,RPS28
GO_Biological_Process_2023,Response To Peptide (GO:1901652),1/38,0.1735806579316256,0.2408342825599772,0,0,5.422604422604422,9.495592558231127,ANXA1
GO_Biological_Process_2023,Response To cAMP (GO:0051591),1/38,0.1735806579316256,0.2408342825599772,0,0,5.422604422604422,9.495592558231127,IGFBP5
GO_Biological_Process_2023,Establishment Of Protein Localization To Plasma Membrane (GO:0061951),1/38,0.1735806579316256,0.2408342825599772,0,0,5.422604422604422,9.495592558231127,RDX
GO_Biological_Process_2023,Regulation Of Neurotransmitter Secretion (GO:0046928),1/38,0.1735806579316256,0.2408342825599772,0,0,5.422604422604422,9.495592558231127,MCTP1
GO_Biological_Process_2023,G2/M Transition Of Mitotic Cell Cycle (GO:0000086),1/38,0.1735806579316256,0.2408342825599772,0,0,5.422604422604422,9.495592558231127,PLCB1
GO_Biological_Process_2023,Negative Regulation Of Epithelial Cell Apoptotic Process (GO:1904036),1/38,0.1735806579316256,0.2408342825599772,0,0,5.422604422604422,9.495592558231127,ICAM1
GO_Biological_Process_2023,Neuron Development (GO:0048666),2/150,0.1727913280938574,0.2408342825599772,0,0,2.7236624379481524,4.7818540898178,APP;PTPRM
GO_Biological_Process_2023,Regulation Of Protein Import Into Nucleus (GO:0042306),1/38,0.1735806579316256,0.2408342825599772,0,0,5.422604422604422,9.495592558231127,FLNA
GO_Biological_Process_2023,Vesicle Cytoskeletal Trafficking (GO:0099518),1/39,0.1777206145684703,0.2439161471202892,0,0,5.279638490164806,9.12080010262218,MYO1E
GO_Biological_Process_2023,Positive Regulation Of Cytokinesis (GO:0032467),1/39,0.1777206145684703,0.2439161471202892,0,0,5.279638490164806,9.12080010262218,PKP4
GO_Biological_Process_2023,Positive Regulation Of ATP-dependent Activity (GO:0032781),1/39,0.1777206145684703,0.2439161471202892,0,0,5.279638490164806,9.12080010262218,TPM1
GO_Biological_Process_2023,Regulation Of Protein Tyrosine Kinase Activity (GO:0061097),1/39,0.1777206145684703,0.2439161471202892,0,0,5.279638490164806,9.12080010262218,APP
GO_Biological_Process_2023,Negative Regulation Of Transport (GO:0051051),1/39,0.1777206145684703,0.2439161471202892,0,0,5.279638490164806,9.12080010262218,MCTP1
GO_Biological_Process_2023,Negative Regulation Of Mitochondrion Organization (GO:0010823),1/39,0.1777206145684703,0.2439161471202892,0,0,5.279638490164806,9.12080010262218,GPX1
GO_Biological_Process_2023,Cellular Response To Organic Cyclic Compound (GO:0071407),2/152,0.1763559296827952,0.2439161471202892,0,0,2.687074829931973,4.662749281288076,IGFBP5;NRIP1
GO_Biological_Process_2023,Regulation Of Nitric Oxide Biosynthetic Process (GO:0045428),1/39,0.1777206145684703,0.2439161471202892,0,0,5.279638490164806,9.12080010262218,KLF4
GO_Biological_Process_2023,Cell Cycle G2/M Phase Transition (GO:0044839),1/40,0.1818400384456406,0.2449421445022736,0,0,5.144004144004144,8.768612919919887,PLCB1
GO_Biological_Process_2023,mRNA 3'-End Processing (GO:0031124),1/40,0.1818400384456406,0.2449421445022736,0,0,5.144004144004144,8.768612919919887,APP
GO_Biological_Process_2023,Positive Regulation Of Myeloid Leukocyte Differentiation (GO:0002763),1/40,0.1818400384456406,0.2449421445022736,0,0,5.144004144004144,8.768612919919887,CD74
GO_Biological_Process_2023,Positive Regulation Of Monoatomic Ion Transport (GO:0043270),1/40,0.1818400384456406,0.2449421445022736,0,0,5.144004144004144,8.768612919919887,MYLK
GO_Biological_Process_2023,Protein Deacetylation (GO:0006476),1/40,0.1818400384456406,0.2449421445022736,0,0,5.144004144004144,8.768612919919887,FLNA
GO_Biological_Process_2023,Positive Regulation Of Insulin Secretion (GO:0032024),1/40,0.1818400384456406,0.2449421445022736,0,0,5.144004144004144,8.768612919919887,SOX4
GO_Biological_Process_2023,Negative Regulation Of Secretion By Cell (GO:1903531),1/40,0.1818400384456406,0.2449421445022736,0,0,5.144004144004144,8.768612919919887,ANXA1
GO_Biological_Process_2023,Regulation Of Cytosolic Calcium Ion Concentration (GO:0051480),1/40,0.1818400384456406,0.2449421445022736,0,0,5.144004144004144,8.768612919919887,PLN
GO_Biological_Process_2023,Notch Signaling Pathway (GO:0007219),1/40,0.1818400384456406,0.2449421445022736,0,0,5.144004144004144,8.768612919919887,NOTCH3
GO_Biological_Process_2023,Negative Regulation Of Mitotic Cell Cycle Phase Transition (GO:1901991),1/40,0.1818400384456406,0.2449421445022736,0,0,5.144004144004144,8.768612919919887,KLF4
GO_Biological_Process_2023,Regulation Of Cytokine-Mediated Signaling Pathway (GO:0001959),1/40,0.1818400384456406,0.2449421445022736,0,0,5.144004144004144,8.768612919919887,CD74
GO_Biological_Process_2023,Ribosome Biogenesis (GO:0042254),2/155,0.1817247564919734,0.2449421445022736,0,0,2.633986928104575,4.49163798449718,RPS28;RPS23
GO_Biological_Process_2023,Epithelium Development (GO:0060429),2/154,0.1799323214637967,0.2449421445022736,0,0,2.651450053705693,4.547699495381422,TAGLN;KRT14
GO_Biological_Process_2023,Regulation Of Glycolytic Process (GO:0006110),1/40,0.1818400384456406,0.2449421445022736,0,0,5.144004144004144,8.768612919919887,APP
GO_Biological_Process_2023,Negative Regulation Of Transcription By RNA Polymerase II (GO:0000122),6/763,0.182736196279215,0.2458236926137059,0,0,1.6141263104640378,2.7435494019049504,NRIP1;LDB2;KLF4;ETS2;SOX4;ETV6
GO_Biological_Process_2023,Regulation Of Cell Population Proliferation (GO:0042127),6/766,0.184984317445594,0.2485192217201705,0,0,1.6075027995520716,2.712635620808661,PDGFRB;APP;CLDN5;WWTR1;LIFR;SOX4
GO_Biological_Process_2023,Regulation Of Release Of Cytochrome C From Mitochondria (GO:0090199),1/41,0.1859390303366049,0.248815781384641,0,0,5.015151515151516,8.43717221072756,GPX1
GO_Biological_Process_2023,Positive Regulation Of Actin Filament Polymerization (GO:0030838),1/41,0.1859390303366049,0.248815781384641,0,0,5.015151515151516,8.43717221072756,LMOD1
GO_Biological_Process_2023,Positive Regulation Of Response To Biotic Stimulus (GO:0002833),1/41,0.1859390303366049,0.248815781384641,0,0,5.015151515151516,8.43717221072756,SASH1
GO_Biological_Process_2023,Lipid Modification (GO:0030258),1/42,0.1900176905858975,0.252942397023374,0,0,4.892584380389258,8.124812043283224,PLPP3
GO_Biological_Process_2023,Monocyte Chemotaxis (GO:0002548),1/42,0.1900176905858975,0.252942397023374,0,0,4.892584380389258,8.124812043283224,FLT1
GO_Biological_Process_2023,Positive Regulation Of Neuron Differentiation (GO:0045666),1/42,0.1900176905858975,0.252942397023374,0,0,4.892584380389258,8.124812043283224,TCF4
GO_Biological_Process_2023,Regulation Of Neurotransmitter Receptor Activity (GO:0099601),1/42,0.1900176905858975,0.252942397023374,0,0,4.892584380389258,8.124812043283224,APP
GO_Biological_Process_2023,Regulation Of Macromolecule Metabolic Process (GO:0060255),2/162,0.1943443078276657,0.254373437658605,0,0,2.517857142857143,4.124561988604351,APP;CRIP1
GO_Biological_Process_2023,Regulation Of Cellular Component Size (GO:0032535),1/43,0.1940761190078197,0.254373437658605,0,0,4.775853775853776,7.830035336967146,RDX
GO_Biological_Process_2023,Regulation Of JUN Kinase Activity (GO:0043506),1/43,0.1940761190078197,0.254373437658605,0,0,4.775853775853776,7.830035336967146,SASH1
GO_Biological_Process_2023,mRNA Transcription (GO:0009299),1/43,0.1940761190078197,0.254373437658605,0,0,4.775853775853776,7.830035336967146,S100A10
GO_Biological_Process_2023,Learning (GO:0007612),1/43,0.1940761190078197,0.254373437658605,0,0,4.775853775853776,7.830035336967146,CLDN5
GO_Biological_Process_2023,Intracellular Glucose Homeostasis (GO:0001678),1/43,0.1940761190078197,0.254373437658605,0,0,4.775853775853776,7.830035336967146,SOX4
GO_Biological_Process_2023,Protein Autophosphorylation (GO:0046777),2/162,0.1943443078276657,0.254373437658605,0,0,2.517857142857143,4.124561988604351,PDGFRB;FLT1
GO_Biological_Process_2023,Positive Regulation Of miRNA Transcription (GO:1902895),1/43,0.1940761190078197,0.254373437658605,0,0,4.775853775853776,7.830035336967146,KLF4
GO_Biological_Process_2023,Positive Regulation Of Cell-Matrix Adhesion (GO:0001954),1/43,0.1940761190078197,0.254373437658605,0,0,4.775853775853776,7.830035336967146,S100A10
GO_Biological_Process_2023,Positive Regulation Of Cell Division (GO:0051781),1/43,0.1940761190078197,0.254373437658605,0,0,4.775853775853776,7.830035336967146,PKP4
GO_Biological_Process_2023,Positive Regulation Of T Cell Mediated Immunity (GO:0002711),1/43,0.1940761190078197,0.254373437658605,0,0,4.775853775853776,7.830035336967146,HLA-DRA
GO_Biological_Process_2023,Regulation Of Endothelial Cell Apoptotic Process (GO:2000351),1/43,0.1940761190078197,0.254373437658605,0,0,4.775853775853776,7.830035336967146,ICAM1
GO_Biological_Process_2023,Positive Regulation Of Receptor-Mediated Endocytosis (GO:0048260),1/43,0.1940761190078197,0.254373437658605,0,0,4.775853775853776,7.830035336967146,ANXA2
GO_Biological_Process_2023,Regulation Of B Cell Proliferation (GO:0030888),1/44,0.1981144149654997,0.2563388804324596,0,0,4.664552501761804,7.551493311263548,CD74
GO_Biological_Process_2023,Mitotic Spindle Assembly (GO:0090307),1/44,0.1981144149654997,0.2563388804324596,0,0,4.664552501761804,7.551493311263548,FLNA
GO_Biological_Process_2023,Positive Regulation Of Osteoblast Differentiation (GO:0045669),1/44,0.1981144149654997,0.2563388804324596,0,0,4.664552501761804,7.551493311263548,WWTR1
GO_Biological_Process_2023,Positive Regulation Of Nucleocytoplasmic Transport (GO:0046824),1/44,0.1981144149654997,0.2563388804324596,0,0,4.664552501761804,7.551493311263548,FLNA
GO_Biological_Process_2023,Positive Regulation Of Cytokine-Mediated Signaling Pathway (GO:0001961),1/44,0.1981144149654997,0.2563388804324596,0,0,4.664552501761804,7.551493311263548,CD74
GO_Biological_Process_2023,Positive Regulation Of Chemotaxis (GO:0050921),1/44,0.1981144149654997,0.2563388804324596,0,0,4.664552501761804,7.551493311263548,PDGFRB
GO_Biological_Process_2023,Bone Development (GO:0060348),1/44,0.1981144149654997,0.2563388804324596,0,0,4.664552501761804,7.551493311263548,GJA1
GO_Biological_Process_2023,Adenylate Cyclase-Modulating G Protein-Coupled Receptor Signaling Pathway (GO:0007188),2/163,0.1961566278092089,0.2563388804324596,0,0,2.502091519837749,4.0755112984827235,CALCRL;ADGRL4
GO_Biological_Process_2023,Positive Regulation Of Leukocyte Cell-Cell Adhesion (GO:1903039),1/44,0.1981144149654997,0.2563388804324596,0,0,4.664552501761804,7.551493311263548,HLA-DRA
GO_Biological_Process_2023,I-kappaB kinase/NF-kappaB Signaling (GO:0007249),1/45,0.2021326772791743,0.2608742801940613,0,0,4.558310376492194,7.287967841732019,NFKBIA
GO_Biological_Process_2023,Regulation Of Telomerase Activity (GO:0051972),1/45,0.2021326772791743,0.2608742801940613,0,0,4.558310376492194,7.287967841732019,KLF4
GO_Biological_Process_2023,Membrane Organization (GO:0061024),2/167,0.2034270342994011,0.262212032804171,0,0,2.440940012368584,3.887069777699034,ANXA2;S100A10
GO_Biological_Process_2023,Positive Regulation Of Blood Vessel Endothelial Cell Migration (GO:0043536),1/46,0.2061310043831236,0.2640242209793914,0,0,4.45679012345679,7.038356248208516,ANXA1
GO_Biological_Process_2023,Response To Glucose (GO:0009749),1/46,0.2061310043831236,0.2640242209793914,0,0,4.45679012345679,7.038356248208516,SOX4
GO_Biological_Process_2023,Positive Regulation Of Peptide Hormone Secretion (GO:0090277),1/46,0.2061310043831236,0.2640242209793914,0,0,4.45679012345679,7.038356248208516,SOX4
GO_Biological_Process_2023,Regulation Of Fibroblast Proliferation (GO:0048145),1/46,0.2061310043831236,0.2640242209793914,0,0,4.45679012345679,7.038356248208516,CD74
GO_Biological_Process_2023,Regulation Of Nervous System Development (GO:0051960),1/46,0.2061310043831236,0.2640242209793914,0,0,4.45679012345679,7.038356248208516,S100A10
GO_Biological_Process_2023,Negative Regulation Of Hydrolase Activity (GO:0051346),1/47,0.2101094941683413,0.2674359894483142,0,0,4.359683794466403,6.801658146757973,RDX
GO_Biological_Process_2023,Regulation Of Signal Transduction By P53 Class Mediator (GO:1901796),1/47,0.2101094941683413,0.2674359894483142,0,0,4.359683794466403,6.801658146757973,SOX4
GO_Biological_Process_2023,Cognition (GO:0050890),1/47,0.2101094941683413,0.2674359894483142,0,0,4.359683794466403,6.801658146757973,HLA-DRA
GO_Biological_Process_2023,Positive Regulation Of Epithelial To Mesenchymal Transition (GO:0010718),1/47,0.2101094941683413,0.2674359894483142,0,0,4.359683794466403,6.801658146757973,WWTR1
GO_Biological_Process_2023,Positive Regulation Of Lymphocyte Activation (GO:0051251),1/47,0.2101094941683413,0.2674359894483142,0,0,4.359683794466403,6.801658146757973,HLA-DRA
GO_Biological_Process_2023,"Retrograde Vesicle-Mediated Transport, Golgi To Endoplasmic Reticulum (GO:0006890)",1/48,0.2140682440880332,0.2714556162562715,0,0,4.266709649688373,6.576964036635908,PLPP3
GO_Biological_Process_2023,Positive Regulation Of Reactive Oxygen Species Metabolic Process (GO:2000379),1/48,0.2140682440880332,0.2714556162562715,0,0,4.266709649688373,6.576964036635908,PDGFRB
GO_Biological_Process_2023,Regulation Of DNA Binding (GO:0051101),1/48,0.2140682440880332,0.2714556162562715,0,0,4.266709649688373,6.576964036635908,NFKBIA
GO_Biological_Process_2023,Positive Regulation Of miRNA Metabolic Process (GO:2000630),1/49,0.21800735103248,0.2747378884758763,0,0,4.177609427609427,6.363445371866637,KLF4
GO_Biological_Process_2023,Unsaturated Fatty Acid Metabolic Process (GO:0033559),1/49,0.21800735103248,0.2747378884758763,0,0,4.177609427609427,6.363445371866637,GPX1
GO_Biological_Process_2023,Heterophilic Cell-Cell Adhesion Via Plasma Membrane Cell Adhesion Molecules (GO:0007157),1/49,0.21800735103248,0.2747378884758763,0,0,4.177609427609427,6.363445371866637,ICAM1
GO_Biological_Process_2023,Intrinsic Apoptotic Signaling Pathway In Response To DNA Damage (GO:0008630),1/49,0.21800735103248,0.2747378884758763,0,0,4.177609427609427,6.363445371866637,CRIP1
GO_Biological_Process_2023,Regulation Of Cell Communication (GO:0010646),1/49,0.21800735103248,0.2747378884758763,0,0,4.177609427609427,6.363445371866637,ANXA1
GO_Biological_Process_2023,Extracellular Matrix Organization (GO:0030198),2/176,0.2198915232723461,0.2764272919258047,0,0,2.313628899835797,3.504270756560818,APP;ADAMTS9
GO_Biological_Process_2023,Positive Regulation Of Hydrolase Activity (GO:0051345),2/176,0.2198915232723461,0.2764272919258047,0,0,2.313628899835797,3.504270756560818,PKP4;S100A10
GO_Biological_Process_2023,Regulation Of Epithelial Cell Migration (GO:0010632),1/50,0.2219269115603851,0.2772723207087367,0,0,4.092145949288806,6.1603458876211565,SASH1
GO_Biological_Process_2023,Regulation Of Interleukin-12 Production (GO:0032655),1/50,0.2219269115603851,0.2772723207087367,0,0,4.092145949288806,6.1603458876211565,PLCB1
GO_Biological_Process_2023,Plasma Membrane Bounded Cell Projection Morphogenesis (GO:0120039),1/50,0.2219269115603851,0.2772723207087367,0,0,4.092145949288806,6.1603458876211565,TRIO
GO_Biological_Process_2023,Ribosome Assembly (GO:0042255),1/50,0.2219269115603851,0.2772723207087367,0,0,4.092145949288806,6.1603458876211565,RPS28
GO_Biological_Process_2023,Positive Regulation Of Developmental Growth (GO:0048639),1/50,0.2219269115603851,0.2772723207087367,0,0,4.092145949288806,6.1603458876211565,PLCB1
GO_Biological_Process_2023,Negative Regulation Of Cytokine Production (GO:0001818),2/178,0.2235668416141477,0.2789785005172861,0,0,2.287105751391466,3.4261869740159687,ANXA1;KLF4
GO_Biological_Process_2023,Protein-Containing Complex Assembly (GO:0065003),3/328,0.2259922329177703,0.2813146889563922,0,0,1.8628072957969863,2.7704688088550617,MAGI1;CD74;TCF4
GO_Biological_Process_2023,Positive Regulation Of Leukocyte Mediated Cytotoxicity (GO:0001912),1/51,0.2258270216564654,0.2813146889563922,0,0,4.01010101010101,5.966974015935645,HLA-DRA
GO_Biological_Process_2023,Adenylate Cyclase-Inhibiting G Protein-Coupled Receptor Signaling Pathway (GO:0007193),1/52,0.2297077768169888,0.2845466614164161,0,0,3.9312735195088138,5.782696221966044,FLNA
GO_Biological_Process_2023,Arachidonic Acid Metabolic Process (GO:0019369),1/52,0.2297077768169888,0.2845466614164161,0,0,3.9312735195088138,5.782696221966044,GPX1
GO_Biological_Process_2023,Regulation Of Protein Localization To Nucleus (GO:1900180),1/52,0.2297077768169888,0.2845466614164161,0,0,3.9312735195088138,5.782696221966044,WWTR1
GO_Biological_Process_2023,Positive Regulation Of B Cell Activation (GO:0050871),1/52,0.2297077768169888,0.2845466614164161,0,0,3.9312735195088138,5.782696221966044,CD74
GO_Biological_Process_2023,Regulation Of Proteasomal Protein Catabolic Process (GO:0061136),1/53,0.233569272224541,0.2886269135508605,0,0,3.8554778554778553,5.606931137649977,GPX1
GO_Biological_Process_2023,Glycoprotein Metabolic Process (GO:0009100),1/53,0.233569272224541,0.2886269135508605,0,0,3.8554778554778553,5.606931137649977,MAN1A1
GO_Biological_Process_2023,Phosphate-Containing Compound Metabolic Process (GO:0006796),2/184,0.2346208736215179,0.2895745491178201,0,0,2.2110338640950884,3.2055223406951834,PTPRB;PLPP3
GO_Biological_Process_2023,Negative Regulation Of Protein Ubiquitination (GO:0031397),1/54,0.2374116024468537,0.2919559851129991,0,0,3.7825424051839143,5.43914439332398,SOX4
GO_Biological_Process_2023,Negative Regulation Of Protein Modification By Small Protein Conjugation Or Removal (GO:1903321),1/54,0.2374116024468537,0.2919559851129991,0,0,3.7825424051839143,5.43914439332398,SOX4
GO_Biological_Process_2023,Regulation Of Focal Adhesion Assembly (GO:0051893),1/54,0.2374116024468537,0.2919559851129991,0,0,3.7825424051839143,5.43914439332398,S100A10
GO_Biological_Process_2023,Ceramide Metabolic Process (GO:0006672),1/55,0.2412348616553018,0.2962993409461859,0,0,3.7123082678638233,5.278844037828421,PLPP3
GO_Biological_Process_2023,Regulation Of Mitotic Nuclear Division (GO:0007088),1/56,0.2450391435680432,0.2995250108277644,0,0,3.644628099173554,5.125576482532065,PDGFRB
GO_Biological_Process_2023,Peptide Metabolic Process (GO:0006518),1/56,0.2450391435680432,0.2995250108277644,0,0,3.644628099173554,5.125576482532065,CPE
GO_Biological_Process_2023,Regulation Of Reactive Oxygen Species Metabolic Process (GO:2000377),1/56,0.2450391435680432,0.2995250108277644,0,0,3.644628099173554,5.125576482532065,PDGFRB
GO_Biological_Process_2023,Positive Regulation Of Cellular Metabolic Process (GO:0031325),1/56,0.2450391435680432,0.2995250108277644,0,0,3.644628099173554,5.125576482532065,PDGFRB
GO_Biological_Process_2023,Intracellular Monoatomic Cation Homeostasis (GO:0030003),2/190,0.2457076347065951,0.2999815900319414,0,0,2.139817629179331,3.00347568499149,APP;PLN
GO_Biological_Process_2023,Striated Muscle Contraction (GO:0006941),1/57,0.2488245414130006,0.3023351954803125,0,0,3.5793650793650795,4.978922896997587,TPM1
GO_Biological_Process_2023,Positive Regulation Of Interleukin-1 Beta Production (GO:0032731),1/57,0.2488245414130006,0.3023351954803125,0,0,3.5793650793650795,4.978922896997587,APP
GO_Biological_Process_2023,Membrane Lipid Biosynthetic Process (GO:0046467),1/57,0.2488245414130006,0.3023351954803125,0,0,3.5793650793650795,4.978922896997587,PLPP3
GO_Biological_Process_2023,Monoatomic Anion Transport (GO:0006820),1/57,0.2488245414130006,0.3023351954803125,0,0,3.5793650793650795,4.978922896997587,CLIC4
GO_Biological_Process_2023,Transcription By RNA Polymerase II (GO:0006366),2/192,0.2494084860677239,0.3026830910869633,0,0,2.117078410311493,2.939908923064224,ANXA2;S100A10
GO_Biological_Process_2023,Inorganic Anion Transport (GO:0015698),1/58,0.2525911479606718,0.3058157112809562,0,0,3.5163919900762006,4.8384959983786695,CLIC4
GO_Biological_Process_2023,Memory (GO:0007613),1/58,0.2525911479606718,0.3058157112809562,0,0,3.5163919900762006,4.8384959983786695,PLCB1
GO_Biological_Process_2023,protein-DNA Complex Assembly (GO:0065004),1/59,0.256339055642632,0.3096161752833216,0,0,3.4555903866248694,4.703937185372145,TCF4
GO_Biological_Process_2023,Regulation Of miRNA Transcription (GO:1902893),1/59,0.256339055642632,0.3096161752833216,0,0,3.4555903866248694,4.703937185372145,KLF4
GO_Biological_Process_2023,protein-DNA Complex Organization (GO:0071824),1/60,0.2600683562676618,0.3137479458175707,0,0,3.396849854476973,4.574913980988086,TCF4
GO_Biological_Process_2023,Positive Regulation Of Interleukin-8 Production (GO:0032757),1/61,0.2637791413086752,0.3178476145864013,0,0,3.34006734006734,4.4511177340934625,CD74
GO_Biological_Process_2023,Regulation Of Embryonic Development (GO:0045995),1/62,0.2674715018007107,0.3203987247718761,0,0,3.2851465474416295,4.3322615615299345,PLCB1
GO_Biological_Process_2023,Negative Regulation Of Kinase Activity (GO:0033673),1/62,0.2674715018007107,0.3203987247718761,0,0,3.2851465474416295,4.3322615615299345,WWTR1
GO_Biological_Process_2023,Cell Junction Organization (GO:0034330),1/62,0.2674715018007107,0.3203987247718761,0,0,3.2851465474416295,4.3322615615299345,APP
GO_Biological_Process_2023,Fat Cell Differentiation (GO:0045444),1/62,0.2674715018007107,0.3203987247718761,0,0,3.2851465474416295,4.3322615615299345,KLF4
GO_Biological_Process_2023,Regulation Of T Cell Activation (GO:0050863),1/62,0.2674715018007107,0.3203987247718761,0,0,3.2851465474416295,4.3322615615299345,HLA-DRA
GO_Biological_Process_2023,Regulation Of MAPK Cascade (GO:0043408),2/204,0.2716405416203822,0.3250099186210926,0,0,1.99009900990099,2.5936475306384104,CD74;FLT1
GO_Biological_Process_2023,Regulation Of Secretion By Cell (GO:1903530),1/64,0.2748013108427819,0.3280198745623348,0,0,3.1805355138688474,4.108319823136149,MCTP1
GO_Biological_Process_2023,Positive Regulation Of Interleukin-1 Production (GO:0032732),1/64,0.2748013108427819,0.3280198745623348,0,0,3.1805355138688474,4.108319823136149,APP
GO_Biological_Process_2023,Regulation Of Canonical Wnt Signaling Pathway (GO:0060828),2/207,0.2771996724711015,0.3303272337800012,0,0,1.9606769537083129,2.515582241975174,WWTR1;SOX4
GO_Biological_Process_2023,Regulation Of Apoptotic Process (GO:0042981),5/705,0.2773839308241111,0.3303272337800012,0,0,1.443609022556391,1.8512159286775072,CD74;ANXA1;FLNA;SOX4;IER3
GO_Biological_Process_2023,Positive Regulation Of T Cell Proliferation (GO:0042102),1/65,0.2784389392137884,0.3308088798836714,0,0,3.1306818181818183,4.00275356439037,ANXA1
GO_Biological_Process_2023,Positive Regulation Of Cell Cycle (GO:0045787),1/65,0.2784389392137884,0.3308088798836714,0,0,3.1306818181818183,4.00275356439037,APP
GO_Biological_Process_2023,Regulation Of Endocytosis (GO:0030100),1/66,0.2820585025763683,0.3347181996734732,0,0,3.0823620823620823,3.9011631304837175,MCTP1
GO_Biological_Process_2023,Regulation Of Neurogenesis (GO:0050767),1/67,0.2856600898087258,0.338202923557013,0,0,3.0355065809611266,3.8033460819667058,S100A10
GO_Biological_Process_2023,Protein Secretion (GO:0009306),1/67,0.2856600898087258,0.338202923557013,0,0,3.0355065809611266,3.8033460819667058,ANXA1
GO_Biological_Process_2023,Neuropeptide Signaling Pathway (GO:0007218),1/68,0.2892437892552286,0.3416503294687195,0,0,2.990049751243781,3.7091130169332223,CPE
GO_Biological_Process_2023,Intermediate Filament Organization (GO:0045109),1/68,0.2892437892552286,0.3416503294687195,0,0,2.990049751243781,3.7091130169332223,KRT14
GO_Biological_Process_2023,Regulation Of Monoatomic Ion Transmembrane Transporter Activity (GO:0032412),1/69,0.2928096888806698,0.3446614046199551,0,0,2.9459298871063577,3.6182865561027495,APP
GO_Biological_Process_2023,Phospholipid Metabolic Process (GO:0006644),1/69,0.2928096888806698,0.3446614046199551,0,0,2.9459298871063577,3.6182865561027495,PLPP3
GO_Biological_Process_2023,Establishment Of Protein Localization To Membrane (GO:0090150),1/69,0.2928096888806698,0.3446614046199551,0,0,2.9459298871063577,3.6182865561027495,RDX
GO_Biological_Process_2023,Regulation Of Cellular Biosynthetic Process (GO:0031326),1/70,0.2963578762035246,0.3460343973581912,0,0,2.9030888596105986,3.530700422312052,APP
GO_Biological_Process_2023,Regulation Of Actin Filament-Based Process (GO:0032970),1/70,0.2963578762035246,0.3460343973581912,0,0,2.9030888596105986,3.530700422312052,PDGFRB
GO_Biological_Process_2023,Regulation Of Actin Filament Polymerization (GO:0030833),1/70,0.2963578762035246,0.3460343973581912,0,0,2.9030888596105986,3.530700422312052,LMOD1
GO_Biological_Process_2023,Negative Regulation Of Epithelial Cell Proliferation (GO:0050680),1/70,0.2963578762035246,0.3460343973581912,0,0,2.9030888596105986,3.530700422312052,PTPRM
GO_Biological_Process_2023,Positive Regulation Of Protein Polymerization (GO:0032273),1/70,0.2963578762035246,0.3460343973581912,0,0,2.9030888596105986,3.530700422312052,LMOD1
GO_Biological_Process_2023,Negative Regulation Of Cell Population Proliferation (GO:0008285),3/379,0.2945627564285953,0.3460343973581912,0,0,1.6059442860276376,1.9628866080970504,APP;IGFBP5;SOX4
GO_Biological_Process_2023,Regulation Of Notch Signaling Pathway (GO:0008593),1/70,0.2963578762035246,0.3460343973581912,0,0,2.9030888596105986,3.530700422312052,EGFL7
GO_Biological_Process_2023,Kidney Development (GO:0001822),1/71,0.2998884383134025,0.3497552084457917,0,0,2.8614718614718613,3.446198601550195,SOX4
GO_Biological_Process_2023,Negative Regulation Of Catabolic Process (GO:0009895),1/72,0.3034014618596549,0.3522366286658323,0,0,2.821027173139849,3.3646345783285243,FLNA
GO_Biological_Process_2023,Transforming Growth Factor Beta Receptor Signaling Pathway (GO:0007179),1/72,0.3034014618596549,0.3522366286658323,0,0,2.821027173139849,3.3646345783285243,CLDN5
GO_Biological_Process_2023,Response To Ionizing Radiation (GO:0010212),1/72,0.3034014618596549,0.3522366286658323,0,0,2.821027173139849,3.3646345783285243,ANXA1
GO_Biological_Process_2023,Second-Messenger-Mediated Signaling (GO:0019932),1/72,0.3034014618596549,0.3522366286658323,0,0,2.821027173139849,3.3646345783285243,MCTP1
GO_Biological_Process_2023,Positive Regulation Of Multicellular Organismal Process (GO:0051240),3/387,0.3054956647268129,0.3542635017413554,0,0,1.5718427835051547,1.863922124179492,WWTR1;GJA1;PLCB1
GO_Biological_Process_2023,Ubiquitin-Dependent ERAD Pathway (GO:0030433),1/73,0.3068970331118836,0.3550788198803022,0,0,2.781705948372615,3.2858706369655613,MAN1A1
GO_Biological_Process_2023,Granulocyte Chemotaxis (GO:0071621),1/73,0.3068970331118836,0.3550788198803022,0,0,2.781705948372615,3.2858706369655613,ANXA1
GO_Biological_Process_2023,Gland Development (GO:0048732),1/74,0.3103752378928968,0.3586950192466774,0,0,2.74346201743462,3.209777224050686,ANXA1
GO_Biological_Process_2023,Regulation Of Plasma Membrane Bounded Cell Projection Assembly (GO:0120032),1/75,0.3138361616484454,0.3622830606089319,0,0,2.7062517062517064,3.1362323637249645,RDX
GO_Biological_Process_2023,Cellular Response To Lipid (GO:0071396),2/228,0.3159942077050888,0.3643606680681126,0,0,1.776593823370056,2.046691861769839,NRIP1;MGST1
GO_Biological_Process_2023,Wnt Signaling Pathway (GO:0016055),1/76,0.3172798893506643,0.3646029914911025,0,0,2.67003367003367,3.0651211233087037,CPE
GO_Biological_Process_2023,Positive Regulation Of Protein Secretion (GO:0050714),1/76,0.3172798893506643,0.3646029914911025,0,0,2.67003367003367,3.0651211233087037,SOX4
GO_Biological_Process_2023,Regulation Of Ras Protein Signal Transduction (GO:0046578),1/76,0.3172798893506643,0.3646029914911025,0,0,2.67003367003367,3.0651211233087037,RDX
GO_Biological_Process_2023,Positive Regulation Of Synaptic Transmission (GO:0050806),1/77,0.3207065055587057,0.3656485607098697,0,0,2.6347687400318978,2.996335121708695,APP
GO_Biological_Process_2023,Regulation Of T Cell Proliferation (GO:0042129),1/77,0.3207065055587057,0.3656485607098697,0,0,2.6347687400318978,2.996335121708695,ANXA1
GO_Biological_Process_2023,Sphingolipid Biosynthetic Process (GO:0030148),1/77,0.3207065055587057,0.3656485607098697,0,0,2.6347687400318978,2.996335121708695,PLPP3
GO_Biological_Process_2023,Positive Regulation Of Endothelial Cell Proliferation (GO:0001938),1/77,0.3207065055587057,0.3656485607098697,0,0,2.6347687400318978,2.996335121708695,EGFL7
GO_Biological_Process_2023,Chloride Transport (GO:0006821),1/77,0.3207065055587057,0.3656485607098697,0,0,2.6347687400318978,2.996335121708695,CLIC4
GO_Biological_Process_2023,Cell Morphogenesis Involved In Neuron Differentiation (GO:0048667),1/77,0.3207065055587057,0.3656485607098697,0,0,2.6347687400318978,2.996335121708695,APP
GO_Biological_Process_2023,Regulation Of Immune Response (GO:0050776),1/77,0.3207065055587057,0.3656485607098697,0,0,2.6347687400318978,2.996335121708695,HLA-DRA
GO_Biological_Process_2023,Positive Regulation Of Tumor Necrosis Factor Production (GO:0032760),1/78,0.3241160944299128,0.3687092483615451,0,0,2.600419782237964,2.929772078325152,APP
GO_Biological_Process_2023,Long-Chain Fatty Acid Metabolic Process (GO:0001676),1/78,0.3241160944299128,0.3687092483615451,0,0,2.600419782237964,2.929772078325152,GPX1
GO_Biological_Process_2023,Positive Regulation Of Developmental Process (GO:0051094),2/233,0.3251755024759328,0.3695011016961159,0,0,1.7376976764731866,1.952112600759934,GJA1;PLCB1
GO_Biological_Process_2023,Positive Regulation Of GTPase Activity (GO:0043547),2/234,0.3270082179814846,0.3704965387966138,0,0,1.7301196340605207,1.933875783499837,PKP4;S100A10
GO_Biological_Process_2023,Regulation Of Neuron Differentiation (GO:0045664),1/79,0.3275087398015298,0.3704965387966138,0,0,2.566951566951567,2.865335397718705,TCF4
GO_Biological_Process_2023,Cellular Response To UV (GO:0034644),1/79,0.3275087398015298,0.3704965387966138,0,0,2.566951566951567,2.865335397718705,CRIP1
GO_Biological_Process_2023,Positive Regulation Of Catabolic Process (GO:0009896),1/79,0.3275087398015298,0.3704965387966138,0,0,2.566951566951567,2.865335397718705,RDX
GO_Biological_Process_2023,Regulation Of Cytokinesis (GO:0032465),1/80,0.3308845249727721,0.373070467735376,0,0,2.534330648254699,2.8029337896230073,PKP4
GO_Biological_Process_2023,Regulation Of Organelle Assembly (GO:1902115),1/80,0.3308845249727721,0.373070467735376,0,0,2.534330648254699,2.8029337896230073,RDX
GO_Biological_Process_2023,Response To Type II Interferon (GO:0034341),1/80,0.3308845249727721,0.373070467735376,0,0,2.534330648254699,2.8029337896230073,CD74
GO_Biological_Process_2023,Positive Regulation Of Growth (GO:0045927),1/81,0.3342435328543524,0.375193899462336,0,0,2.5025252525252526,2.742480915944007,PLCB1
GO_Biological_Process_2023,Macromolecule Modification (GO:0043412),1/81,0.3342435328543524,0.375193899462336,0,0,2.5025252525252526,2.742480915944007,CPE
GO_Biological_Process_2023,Cellular Response To Interleukin-1 (GO:0071347),1/81,0.3342435328543524,0.375193899462336,0,0,2.5025252525252526,2.742480915944007,PLCB1
GO_Biological_Process_2023,Spindle Assembly (GO:0051225),1/81,0.3342435328543524,0.375193899462336,0,0,2.5025252525252526,2.742480915944007,FLNA
GO_Biological_Process_2023,Cellular Response To Organic Substance (GO:0071310),1/82,0.3375858460637784,0.3776950554970986,0,0,2.471505175208879,2.6838950656014107,IGFBP5
GO_Biological_Process_2023,Positive Regulation Of Tumor Necrosis Factor Superfamily Cytokine Production (GO:1903557),1/82,0.3375858460637784,0.3776950554970986,0,0,2.471505175208879,2.6838950656014107,APP
GO_Biological_Process_2023,Negative Regulation Of Apoptotic Signaling Pathway (GO:2001234),1/82,0.3375858460637784,0.3776950554970986,0,0,2.471505175208879,2.6838950656014107,GPX1
GO_Biological_Process_2023,Regulation Of Epithelial To Mesenchymal Transition (GO:0010717),1/83,0.3409115467213686,0.3805785323991568,0,0,2.4412416851441243,2.627098856469418,WWTR1
GO_Biological_Process_2023,Epigenetic Regulation Of Gene Expression (GO:0040029),1/83,0.3409115467213686,0.3805785323991568,0,0,2.4412416851441243,2.627098856469418,GPX1
GO_Biological_Process_2023,Regulation Of Interleukin-1 Beta Production (GO:0032651),1/84,0.3442207165268205,0.3838513911269479,0,0,2.4117074358038213,2.572018957842433,APP
GO_Biological_Process_2023,Mitotic Spindle Organization (GO:0007052),1/85,0.3475134368660721,0.3854102129692425,0,0,2.382876382876383,2.5185858334956643,FLNA
GO_Biological_Process_2023,Integrin-Mediated Signaling Pathway (GO:0007229),1/85,0.3475134368660721,0.3854102129692425,0,0,2.382876382876383,2.5185858334956643,PLPP3
GO_Biological_Process_2023,Regulation Of Osteoblast Differentiation (GO:0045667),1/85,0.3475134368660721,0.3854102129692425,0,0,2.382876382876383,2.5185858334956643,WWTR1
GO_Biological_Process_2023,Calcium-Mediated Signaling (GO:0019722),1/85,0.3475134368660721,0.3854102129692425,0,0,2.382876382876383,2.5185858334956643,MCTP1
GO_Biological_Process_2023,Positive Regulation Of Canonical Wnt Signaling Pathway (GO:0090263),1/85,0.3475134368660721,0.3854102129692425,0,0,2.382876382876383,2.5185858334956643,SOX4
GO_Biological_Process_2023,Positive Regulation Of DNA-binding Transcription Factor Activity (GO:0051091),2/246,0.3488933393220386,0.3865190916018663,0,0,1.6440281030444963,1.7311435435085258,APP;PLPP3
GO_Biological_Process_2023,Regulation Of Insulin Secretion (GO:0050796),1/87,0.3540498524990138,0.391379021729888,0,0,2.327225745830397,2.4163993335324085,SOX4
GO_Biological_Process_2023,Glucose Homeostasis (GO:0042593),1/87,0.3540498524990138,0.391379021729888,0,0,2.327225745830397,2.4163993335324085,SOX4
GO_Biological_Process_2023,Positive Regulation Of Peptidyl-Serine Phosphorylation (GO:0033138),1/89,0.3605214364245345,0.396807684895835,0,0,2.2741046831955924,2.32005037808893,APP
GO_Biological_Process_2023,Cellular Response To Chemical Stress (GO:0062197),1/89,0.3605214364245345,0.396807684895835,0,0,2.2741046831955924,2.32005037808893,GPX1
GO_Biological_Process_2023,ERAD Pathway (GO:0036503),1/89,0.3605214364245345,0.396807684895835,0,0,2.2741046831955924,2.32005037808893,MAN1A1
GO_Biological_Process_2023,Organic Anion Transport (GO:0015711),1/89,0.3605214364245345,0.396807684895835,0,0,2.2741046831955924,2.32005037808893,MGST1
GO_Biological_Process_2023,Phosphorylation (GO:0016310),3/429,0.3630033346084877,0.3991074500506292,0,0,1.4138231450559025,1.4326881527680906,APP;ERG;PRKG1
GO_Biological_Process_2023,Regulation Of DNA-templated Transcription (GO:0006355),11/1922,0.3655142361020262,0.4012544250450369,0,0,1.163453453983149,1.170957787966317,WWTR1;CD74;TSHZ2;TCF12;TCF4;ERG;PLCB1;KLF4;ETS2;SOX4;ETV6
GO_Biological_Process_2023,Regulation Of Epithelial Cell Proliferation (GO:0050678),1/91,0.3669288252624231,0.4012544250450369,0,0,2.22334455667789,2.2290972080359737,GPX1
GO_Biological_Process_2023,Lymphocyte Differentiation (GO:0030098),1/91,0.3669288252624231,0.4012544250450369,0,0,2.22334455667789,2.2290972080359737,SOX4
GO_Biological_Process_2023,rRNA Metabolic Process (GO:0016072),1/91,0.3669288252624231,0.4012544250450369,0,0,2.22334455667789,2.2290972080359737,RPS28
GO_Biological_Process_2023,Regulation Of Actin Cytoskeleton Organization (GO:0032956),1/91,0.3669288252624231,0.4012544250450369,0,0,2.22334455667789,2.2290972080359737,PDGFRB
GO_Biological_Process_2023,Nervous System Development (GO:0007399),3/433,0.3684617753765362,0.4024979866358081,0,0,1.400383601054903,1.3981686185907023,APP;LDB2;SOX4
GO_Biological_Process_2023,Positive Regulation Of Protein Catabolic Process (GO:0045732),1/92,0.3701086437867988,0.4038631874798008,0,0,2.1988011988011986,2.185517547233266,RDX
GO_Biological_Process_2023,Regulation Of Peptidyl-Serine Phosphorylation (GO:0033135),1/93,0.3732726494349856,0.4060088604014763,0,0,2.1747913921826965,2.1431398321634836,APP
GO_Biological_Process_2023,Positive Regulation Of Cellular Component Biogenesis (GO:0044089),1/93,0.3732726494349856,0.4060088604014763,0,0,2.1747913921826965,2.1431398321634836,SYNPO2
GO_Biological_Process_2023,Negative Regulation Of Amide Metabolic Process (GO:0034249),1/93,0.3732726494349856,0.4060088604014763,0,0,2.1747913921826965,2.1431398321634836,IGFBP5
GO_Biological_Process_2023,Sphingolipid Metabolic Process (GO:0006665),1/94,0.3764209201158763,0.4085593124416715,0,0,2.1512979254914737,2.101919815261755,PLPP3
GO_Biological_Process_2023,Cellular Response To Hormone Stimulus (GO:0032870),1/94,0.3764209201158763,0.4085593124416715,0,0,2.1512979254914737,2.101919815261755,RDX
GO_Biological_Process_2023,Cellular Response To Transforming Growth Factor Beta Stimulus (GO:0071560),1/96,0.3826705658807354,0.4148997500007548,0,0,2.105794790005316,2.022786046627892,CLDN5
GO_Biological_Process_2023,Regulation Of Defense Response (GO:0031347),1/97,0.3857720948428521,0.4178170611876258,0,0,2.083754208754209,1.9847936202473104,ANXA1
GO_Biological_Process_2023,Negative Regulation Of Signal Transduction (GO:0009968),2/267,0.3865991781404375,0.4182674086902394,0,0,1.5121293800539084,1.4370776176829945,EGFL7;IGFBP5
GO_Biological_Process_2023,Negative Regulation Of Macromolecule Biosynthetic Process (GO:0010558),1/98,0.3888581963975129,0.4198182438813914,0,0,2.062168072477351,1.947801335478516,IGFBP5
GO_Biological_Process_2023,Positive Regulation Of Cold-Induced Thermogenesis (GO:0120162),1/98,0.3888581963975129,0.4198182438813914,0,0,2.062168072477351,1.947801335478516,GJA1
GO_Biological_Process_2023,Axon Development (GO:0061564),1/99,0.3919289465238684,0.4226847705352854,0,0,2.0410224695938983,1.9117741389719496,APP
GO_Biological_Process_2023,Response To UV (GO:0009411),1/100,0.394984420817951,0.4250784719278901,0,0,2.020304050607081,1.8766785261005496,GPX1
GO_Biological_Process_2023,ncRNA Processing (GO:0034470),1/100,0.394984420817951,0.4250784719278901,0,0,2.020304050607081,1.8766785261005496,RPS28
GO_Biological_Process_2023,Hemopoiesis (GO:0030097),1/101,0.3980246944821334,0.4274457384248465,0,0,2.0,1.8424824583699575,ETV6
GO_Biological_Process_2023,rRNA Processing (GO:0006364),1/101,0.3980246944821334,0.4274457384248465,0,0,2.0,1.8424824583699575,RPS28
GO_Biological_Process_2023,Calcium Ion Homeostasis (GO:0055074),1/102,0.4010498423953424,0.4302401790253832,0,0,1.98009800980098,1.8091552855878603,PLN
GO_Biological_Process_2023,Cellular Response To Organonitrogen Compound (GO:0071417),1/105,0.4100352748474052,0.438953552126117,0,0,1.9226884226884229,1.7140999679223647,IGFBP5
GO_Biological_Process_2023,Intrinsic Apoptotic Signaling Pathway (GO:0097193),1/105,0.4100352748474052,0.438953552126117,0,0,1.9226884226884229,1.7140999679223647,CRIP1
GO_Biological_Process_2023,Central Nervous System Development (GO:0007417),2/283,0.4146970622204942,0.4434772999771215,0,0,1.4248674558791488,1.254178302841909,APP;SOX4
GO_Biological_Process_2023,Negative Regulation Of Translation (GO:0017148),1/107,0.4159512905205901,0.4438850602932215,0,0,1.886220697541452,1.654568493195685,IGFBP5
GO_Biological_Process_2023,Regulation Of Cellular Response To Stress (GO:0080135),1/107,0.4159512905205901,0.4438850602932215,0,0,1.886220697541452,1.654568493195685,SOX4
GO_Biological_Process_2023,Positive Regulation Of DNA Metabolic Process (GO:0051054),1/108,0.4188872357630098,0.445615396203955,0,0,1.8684980647597471,1.6258801725332537,PDGFRB
GO_Biological_Process_2023,Response To Tumor Necrosis Factor (GO:0034612),1/108,0.4188872357630098,0.445615396203955,0,0,1.8684980647597471,1.6258801725332537,NFKBIA
GO_Biological_Process_2023,Positive Regulation Of Metabolic Process (GO:0009893),1/108,0.4188872357630098,0.445615396203955,0,0,1.8684980647597471,1.6258801725332537,GJA1
GO_Biological_Process_2023,Cell-Matrix Adhesion (GO:0007160),1/109,0.4218085691393649,0.4473194106514432,0,0,1.851103628881407,1.5978794932003777,ADAMTS9
GO_Biological_Process_2023,Positive Regulation Of Wnt Signaling Pathway (GO:0030177),1/109,0.4218085691393649,0.4473194106514432,0,0,1.851103628881407,1.5978794932003777,SOX4
GO_Biological_Process_2023,Regulation Of Wnt Signaling Pathway (GO:0030111),1/109,0.4218085691393649,0.4473194106514432,0,0,1.851103628881407,1.5978794932003777,APP
GO_Biological_Process_2023,Response To Lipid (GO:0033993),1/110,0.4247153626139249,0.4499328372691267,0,0,1.834028356964137,1.570544634474372,ANXA1
GO_Biological_Process_2023,Negative Regulation Of Inflammatory Response (GO:0050728),1/111,0.4276076879640406,0.4511172392732669,0,0,1.8172635445362717,1.5438546462627225,KLF4
GO_Biological_Process_2023,Cytoskeleton Organization (GO:0007010),1/111,0.4276076879640406,0.4511172392732669,0,0,1.8172635445362717,1.5438546462627225,TPM1
GO_Biological_Process_2023,Mitotic Cell Cycle Phase Transition (GO:0044772),1/111,0.4276076879640406,0.4511172392732669,0,0,1.8172635445362717,1.5438546462627225,PLCB1
GO_Biological_Process_2023,Mitotic Sister Chromatid Segregation (GO:0000070),1/111,0.4276076879640406,0.4511172392732669,0,0,1.8172635445362717,1.5438546462627225,FLNA
GO_Biological_Process_2023,Calcium Ion Transport (GO:0006816),1/112,0.4304856163806702,0.4532131178666063,0,0,1.8008008008008007,1.517789408820894,CALCRL
GO_Biological_Process_2023,Negative Regulation Of Defense Response (GO:0031348),1/112,0.4304856163806702,0.4532131178666063,0,0,1.8008008008008007,1.517789408820894,KLF4
GO_Biological_Process_2023,Negative Regulation Of Canonical Wnt Signaling Pathway (GO:0090090),1/114,0.4361985658337181,0.4582788651372844,0,0,1.768749441315813,1.4674566165007243,WWTR1
GO_Biological_Process_2023,Response To Endoplasmic Reticulum Stress (GO:0034976),1/114,0.4361985658337181,0.4582788651372844,0,0,1.768749441315813,1.4674566165007243,NIBAN1
GO_Biological_Process_2023,Protein Maturation (GO:0051604),1/117,0.4446617754820939,0.4662072429539067,0,0,1.7227446882619295,1.396183515184437,CPE
GO_Biological_Process_2023,Protein Processing (GO:0016485),1/117,0.4446617754820939,0.4662072429539067,0,0,1.7227446882619295,1.396183515184437,CPE
GO_Biological_Process_2023,Regulation Of Protein Kinase Activity (GO:0045859),1/119,0.450233917137087,0.4715632273207183,0,0,1.6933744221879816,1.3512924945163796,WWTR1
GO_Biological_Process_2023,Cellular Response To Cytokine Stimulus (GO:0071345),2/308,0.4572919096266198,0.4784628313685929,0,0,1.3067893824196346,1.0224755812740838,NFKBIA;LIFR
GO_Biological_Process_2023,Fatty Acid Metabolic Process (GO:0006631),1/122,0.4584885070164566,0.4792218002422779,0,0,1.6511394941147006,1.2875916896026691,GPX1
GO_Biological_Process_2023,Positive Regulation Of Epithelial Cell Proliferation (GO:0050679),1/123,0.4612126761903752,0.4815742214431331,0,0,1.6375227686703095,1.2672723299658175,EGFL7
GO_Biological_Process_2023,Negative Regulation Of Growth (GO:0045926),1/124,0.4639232772068564,0.4839076645326902,0,0,1.6241274533957462,1.2473885010387038,GJA1
GO_Biological_Process_2023,Protein Transport (GO:0015031),2/313,0.4656006431156831,0.4851596865252559,0,0,1.285451801299298,0.9826340657876064,CD74;CALCRL
GO_Biological_Process_2023,Regulation Of Mitotic Cell Cycle (GO:0007346),1/125,0.4666203770761902,0.4852279381252407,0,0,1.6109481915933528,1.2279279396515803,APP
GO_Biological_Process_2023,Negative Regulation Of Cell Growth (GO:0030308),1/125,0.4666203770761902,0.4852279381252407,0,0,1.6109481915933528,1.2279279396515803,GJA1
GO_Biological_Process_2023,Positive Regulation Of Intracellular Protein Transport (GO:0090316),1/126,0.4693040423241341,0.4875201338545908,0,0,1.597979797979798,1.2088788165174762,FLNA
GO_Biological_Process_2023,Regulation Of Response To External Stimulus (GO:0032101),1/127,0.4719743392071369,0.4892944984440961,0,0,1.5852172518839185,1.1902297169988545,ANXA1
GO_Biological_Process_2023,Regulation Of Tumor Necrosis Factor Production (GO:0032680),1/127,0.4719743392071369,0.4892944984440961,0,0,1.5852172518839185,1.1902297169988545,APP
GO_Biological_Process_2023,Protein Targeting (GO:0006605),1/129,0.4772750912018035,0.4942859142079778,0,0,1.560290404040404,1.1540879003160078,MAN1A1
GO_Biological_Process_2023,Transmembrane Receptor Protein Serine/Threonine Kinase Signaling Pathway (GO:0007178),1/130,0.4799056771939823,0.4965046528039471,0,0,1.5481168271865946,1.1365742744783855,CLDN5
GO_Biological_Process_2023,Negative Regulation Of Cellular Biosynthetic Process (GO:0031327),1/137,0.4979563925252978,0.5146561495916949,0,0,1.467914438502674,1.0234927306951356,IGFBP5
GO_Biological_Process_2023,Intracellular Calcium Ion Homeostasis (GO:0006874),1/139,0.502998845735877,0.5193399249882101,0,0,1.4464939247547943,0.993983474661611,PLN
GO_Biological_Process_2023,Negative Regulation Of Cellular Process (GO:0048523),3/537,0.5053970871234744,0.520866016488791,0,0,1.121626317618441,0.7654099660424337,APP;GJA1;SOX4
GO_Biological_Process_2023,Negative Regulation Of Wnt Signaling Pathway (GO:0030178),1/140,0.5055012372413341,0.520866016488791,0,0,1.4360148245040332,0.9796561960455776,WWTR1
GO_Biological_Process_2023,Ras Protein Signal Transduction (GO:0007265),1/144,0.515386675547343,0.5305144220968095,0,0,1.3955640319276683,0.9250326397711036,ELMO1
GO_Biological_Process_2023,Regulation Of Cold-Induced Thermogenesis (GO:0120161),1/146,0.5202557726245733,0.5339052681727458,0,0,1.3761755485893417,0.899240881378034,GJA1
GO_Biological_Process_2023,Negative Regulation Of Response To External Stimulus (GO:0032102),1/146,0.5202557726245733,0.5339052681727458,0,0,1.3761755485893417,0.899240881378034,KLF4
GO_Biological_Process_2023,Positive Regulation Of Cellular Catabolic Process (GO:0031331),1/146,0.5202557726245733,0.5339052681727458,0,0,1.3761755485893417,0.899240881378034,APP
GO_Biological_Process_2023,protein-RNA Complex Assembly (GO:0022618),1/150,0.5298491312613169,0.5432021839644751,0,0,1.3389600705036946,0.8504578563729338,RPS28
GO_Biological_Process_2023,Positive Regulation Of NF-kappaB Transcription Factor Activity (GO:0051092),1/152,0.5345743423067151,0.5474945681026477,0,0,1.3210917118201886,0.8273792233748533,APP
GO_Biological_Process_2023,Nitrogen Compound Transport (GO:0071705),1/163,0.559734829149778,0.5726864398846321,0,0,1.2307020825539343,0.7141667289104645,CALCRL
GO_Biological_Process_2023,Regulation Of Cytokine Production (GO:0001817),1/167,0.5685462179076766,0.581117089057394,0,0,1.2008032128514057,0.6780607576727649,ANXA1
GO_Biological_Process_2023,DNA Damage Response (GO:0006974),2/384,0.5750590809814818,0.5871838206407299,0,0,1.0427396089325782,0.5769295713499625,CRIP1;IER3
GO_Biological_Process_2023,Metal Ion Transport (GO:0030001),1/171,0.5771829849119133,0.5887613797948003,0,0,1.172311348781937,0.6442975473743275,CALCRL
GO_Biological_Process_2023,Neuron Differentiation (GO:0030182),1/173,0.5814369585683391,0.5925063996633275,0,0,1.1585623678646937,0.6282336006501239,SOX4
GO_Biological_Process_2023,Regulation Of Cell Differentiation (GO:0045595),1/193,0.6217136526856437,0.6329157004817815,0,0,1.0368265993265993,0.4927784439166676,KLF4
GO_Biological_Process_2023,Golgi Vesicle Transport (GO:0048193),1/197,0.6292959845517696,0.6399940162891496,0,0,1.015460729746444,0.4703142614525967,PLPP3
GO_Biological_Process_2023,Organic Substance Transport (GO:0071702),1/201,0.6367278257975183,0.6469052935425336,0,0,0.9949494949494948,0.4491331261764552,CALCRL
GO_Biological_Process_2023,Regulation Of Nucleic Acid-Templated Transcription (GO:1903506),2/452,0.6639485433338662,0.6738878927849721,0,0,0.8820861678004536,0.3612589435209064,WWTR1;SOX4
GO_Biological_Process_2023,Negative Regulation Of Nucleic Acid-Templated Transcription (GO:1903507),2/456,0.6686881063909298,0.6780217389826277,0,0,0.8741346758967904,0.3517846053152569,PLCB1;KLF4
GO_Biological_Process_2023,Protein Polyubiquitination (GO:0000209),1/226,0.6799469058224439,0.6887509992245273,0,0,0.8832772166105499,0.3407158512914232,SASH1
GO_Biological_Process_2023,Regulation Of Cell Growth (GO:0001558),1/227,0.6815654540395655,0.6897035490131722,0,0,0.8793242156074015,0.3371003590491747,GJA1
GO_Biological_Process_2023,Chromatin Remodeling (GO:0006338),1/228,0.6831758984309778,0.6899601675315833,0,0,0.8754060428069239,0.3335322537698721,GPX1
GO_Biological_Process_2023,Cilium Organization (GO:0044782),1/228,0.6831758984309778,0.6899601675315833,0,0,0.8754060428069239,0.3335322537698721,FLNA
GO_Biological_Process_2023,Negative Regulation Of Multicellular Organismal Process (GO:0051241),1/231,0.6879590095762926,0.6941015007332237,0,0,0.8638559508124726,0.323104604801154,GJA1
GO_Biological_Process_2023,Inflammatory Response (GO:0006954),1/236,0.6957724957219605,0.7012890269070702,0,0,0.8452611218568665,0.3066037188042952,ANXA1
GO_Biological_Process_2023,Cilium Assembly (GO:0060271),1/243,0.7063869584837189,0.7112827096811308,0,0,0.8205192420068453,0.2852059996957823,FLNA
GO_Biological_Process_2023,Positive Regulation Of Programmed Cell Death (GO:0043068),1/245,0.7093517402446249,0.7135615428573526,0,0,0.8137108792846498,0.2794313819539435,SOX4
GO_Biological_Process_2023,Positive Regulation Of Apoptotic Process (GO:0043065),1/270,0.7440030510499898,0.7476789554524107,0,0,0.7371484360331944,0.2179822696408135,SOX4
GO_Biological_Process_2023,Proteasome-Mediated Ubiquitin-Dependent Protein Catabolic Process (GO:0043161),1/319,0.800487119011081,0.8036479763418257,0,0,0.6220062257798107,0.1384180545980848,MAN1A1
GO_Biological_Process_2023,Organelle Assembly (GO:0070925),1/322,0.8035130220239355,0.8058902794855447,0,0,0.6160986815192423,0.1347789103383304,FLNA
GO_Biological_Process_2023,Intracellular Protein Transport (GO:0006886),1/325,0.8064934843181244,0.8080826340409186,0,0,0.6103005362264622,0.1312509040089776,CD74
GO_Biological_Process_2023,Organelle Organization (GO:0006996),1/418,0.8796606214600934,0.8805264291583809,0,0,0.4719376014340043,0.0605114160819505,TPM1
GO_Biological_Process_2023,Protein Ubiquitination (GO:0016567),1/434,0.8891288526516886,0.8891288526516886,0,0,0.4541255511232416,0.0533657071397892,SASH1
