iteration,B cell,"CD4-positive, alpha-beta T cell","CD8-positive, alpha-beta T cell",T cell,adventitial cell,basal cell,bladder urothelial cell,classical monocyte,endothelial cell,enterocyte of epithelium of large intestine,epithelial cell,fibroblast,fibroblast of cardiac tissue,granulocyte,hematopoietic precursor cell,hematopoietic stem cell,hepatocyte,intermediate monocyte,large intestine goblet cell,luminal epithelial cell of mammary gland,macrophage,mature NK T cell,mesenchymal stem cell,mesenchymal stem cell of adipose tissue,monocyte,myeloid dendritic cell,myeloid leukocyte,natural killer cell,neutrophil,non-classical monocyte,pancreatic acinar cell,pancreatic ductal cell,plasma cell,smooth muscle cell,stromal cell
0,17,15,35,7,27,6,28,13,33,20,2,29,11,26,3,4,32,24,19,18,16,25,14,10,22,21,8,23,9,34,5,30,12,31,1
1,16,14,35,7,27,5,29,17,32,19,2,28,8,25,3,4,34,24,20,18,15,26,13,9,21,23,12,22,10,33,6,30,11,31,1
2,15,14,35,7,26,6,29,16,34,20,2,27,11,28,3,4,32,25,19,18,17,24,13,10,21,23,9,22,8,33,5,30,12,31,1
3,17,14,35,7,27,6,29,15,32,19,2,28,11,26,3,4,34,24,20,18,16,25,13,10,23,21,9,22,8,33,5,31,12,30,1
4,17,14,35,8,26,6,29,13,34,20,2,27,7,28,3,4,32,23,19,18,15,25,16,10,24,21,11,22,9,33,5,30,12,31,1
5,15,14,35,8,23,6,29,16,32,21,1,28,7,27,3,4,33,24,20,19,17,26,13,11,25,18,9,22,10,34,5,31,12,30,2
6,17,14,35,9,27,6,29,16,34,20,2,28,10,26,3,4,33,23,19,18,15,25,13,11,22,21,12,24,8,32,5,30,7,31,1
7,16,14,35,8,26,5,29,15,34,19,2,27,9,28,3,4,33,24,20,17,18,23,13,11,25,21,7,22,10,32,6,30,12,31,1
8,15,14,35,7,25,5,29,19,33,20,2,28,9,27,3,4,32,23,18,17,16,26,13,8,21,24,11,22,10,34,6,30,12,31,1
9,16,14,35,9,26,5,28,17,34,21,2,29,12,27,3,4,32,24,20,19,15,25,13,10,22,18,7,23,8,33,6,31,11,30,1
10,17,14,35,9,25,5,28,16,34,19,2,29,8,26,3,4,32,23,20,18,15,27,13,12,24,21,10,22,7,33,6,30,11,31,1
11,16,13,35,7,26,6,29,15,33,20,2,28,11,23,3,4,32,25,18,17,19,27,14,9,24,21,8,22,12,34,5,30,10,31,1
12,16,14,35,7,26,5,29,15,33,18,2,27,9,28,3,4,32,24,20,19,17,25,13,11,23,21,8,22,10,34,6,30,12,31,1
13,16,14,35,9,26,6,29,15,33,19,2,28,8,27,3,4,32,23,20,18,17,25,13,11,22,21,7,24,10,34,5,30,12,31,1
14,17,13,35,8,27,6,28,15,32,20,2,29,11,26,3,4,34,24,19,18,16,25,14,12,23,21,7,22,9,33,5,30,10,31,1
15,16,14,35,7,26,5,29,15,33,20,2,28,9,27,3,4,32,24,19,17,18,25,13,10,22,21,11,23,8,34,6,30,12,31,1
16,15,14,35,8,26,5,29,16,34,20,2,28,9,27,3,4,32,23,19,18,17,25,13,11,22,21,7,24,10,33,6,30,12,31,1
17,17,13,35,11,26,6,28,14,32,20,2,29,9,27,3,4,34,24,19,18,16,25,15,7,23,21,8,22,10,33,5,30,12,31,1
18,15,14,35,8,24,6,28,16,33,20,2,29,9,27,3,4,32,26,19,18,17,25,13,11,23,22,7,21,10,34,5,30,12,31,1
19,15,13,35,8,26,5,27,16,34,21,2,29,9,28,3,4,33,24,19,18,17,25,14,10,23,20,7,22,11,32,6,30,12,31,1
20,16,14,35,8,26,5,29,17,32,21,2,28,10,27,3,4,34,23,19,18,15,25,13,11,22,20,7,24,9,33,6,31,12,30,1
21,16,14,35,8,21,6,29,15,32,20,2,28,11,27,3,4,34,26,19,17,18,25,13,10,24,23,7,22,9,33,5,31,12,30,1
22,17,13,35,8,22,6,29,16,33,20,2,27,9,28,3,4,32,25,19,18,15,24,14,10,23,26,11,21,7,34,5,30,12,31,1
23,14,13,35,8,26,6,29,17,32,20,2,28,7,27,3,4,33,24,19,18,16,25,15,9,22,23,10,21,11,34,5,30,12,31,1
24,16,14,35,9,27,5,28,17,33,20,2,29,11,26,3,4,32,24,19,18,15,25,13,7,23,22,8,21,10,34,6,31,12,30,1
25,16,14,35,8,26,6,29,15,33,20,2,27,9,28,3,4,32,24,19,18,17,25,13,11,22,21,7,23,10,34,5,31,12,30,1
26,17,14,35,7,26,6,28,15,34,20,2,27,8,29,3,4,32,23,19,16,18,24,13,11,21,22,9,25,10,33,5,30,12,31,1
27,16,13,35,8,26,6,28,15,32,21,2,29,10,27,3,4,33,25,20,18,17,24,14,11,23,19,9,22,7,34,5,30,12,31,1
28,18,15,35,7,27,6,28,16,32,19,2,29,10,25,3,4,33,23,20,17,13,24,14,11,26,21,9,22,8,34,5,30,12,31,1
29,16,14,35,8,27,6,29,15,33,19,2,28,9,25,3,4,32,23,20,18,17,26,13,7,22,21,11,24,10,34,5,31,12,30,1
30,18,13,35,11,26,5,29,15,32,20,2,28,8,27,3,4,34,24,19,17,16,25,14,10,21,23,7,22,9,33,6,30,12,31,1
31,16,13,35,7,26,6,29,17,34,20,2,28,8,27,3,4,32,25,19,18,15,24,14,11,23,21,9,22,10,33,5,30,12,31,1
32,18,17,35,9,27,5,29,16,34,20,2,28,10,25,3,4,33,23,19,15,14,26,13,11,21,22,7,24,8,32,6,30,12,31,1
33,18,14,35,7,27,5,29,16,32,20,2,28,9,26,3,4,33,23,19,17,15,25,13,10,21,24,11,22,8,34,6,31,12,30,1
34,17,14,35,12,26,5,28,15,32,21,2,29,10,27,3,4,33,24,19,18,16,25,13,7,23,20,9,22,8,34,6,31,11,30,1
35,16,14,35,10,24,6,28,15,33,20,2,27,8,29,3,4,32,26,18,17,19,25,13,11,21,22,7,23,9,34,5,31,12,30,1
36,17,14,35,9,24,5,29,16,34,20,2,27,10,28,3,4,33,26,19,18,15,25,13,8,22,23,7,21,11,32,6,30,12,31,1
37,16,14,35,7,26,6,27,17,32,20,2,29,10,28,3,4,33,24,18,21,19,25,13,11,23,15,9,22,8,34,5,31,12,30,1
38,17,14,35,8,26,5,28,16,33,21,2,29,11,27,3,4,32,24,19,18,15,25,13,10,23,20,9,22,7,34,6,30,12,31,1
39,16,15,35,9,26,6,29,17,34,20,2,28,8,27,3,4,32,24,19,18,13,25,14,11,23,21,10,22,7,33,5,30,12,31,1
40,16,14,35,11,26,6,29,15,34,19,2,28,10,23,3,4,32,24,20,18,17,27,13,8,25,21,7,22,9,33,5,30,12,31,1
41,17,14,35,7,26,6,27,16,34,20,2,29,8,28,3,4,32,24,19,18,15,25,13,11,23,21,9,22,10,33,5,30,12,31,1
42,16,14,35,8,24,6,28,17,34,21,2,29,7,27,3,4,32,25,18,19,15,26,13,12,20,22,11,23,9,33,5,31,10,30,1
43,16,15,35,7,27,6,29,14,34,20,2,28,10,26,4,3,32,24,19,18,17,25,13,8,21,22,11,23,9,33,5,30,12,31,1
44,16,14,35,10,26,5,28,15,33,18,2,29,9,27,3,4,32,23,19,17,20,25,13,11,21,22,7,24,8,34,6,30,12,31,1
45,16,13,35,9,26,5,28,15,34,20,2,27,8,29,3,4,32,24,21,19,17,25,14,10,22,18,11,23,7,33,6,30,12,31,1
46,15,14,35,7,27,5,29,16,33,20,2,28,11,26,3,4,32,25,18,19,17,24,13,10,21,23,9,22,12,34,6,31,8,30,1
47,17,14,35,8,23,6,28,15,34,20,2,29,7,27,3,4,32,26,19,18,16,24,13,11,25,22,9,21,10,33,5,30,12,31,1
48,17,14,35,8,27,6,29,15,33,20,2,28,10,25,3,4,32,24,19,18,16,26,13,9,22,21,11,23,7,34,5,30,12,31,1
49,17,14,35,9,27,5,29,15,34,20,2,28,11,26,3,4,33,25,19,18,16,24,13,12,21,22,7,23,10,32,6,30,8,31,1
50,16,14,35,10,26,5,29,15,34,20,2,27,7,28,3,4,33,23,17,18,19,25,13,11,22,24,8,21,9,32,6,31,12,30,1
51,15,14,35,8,25,6,28,16,34,20,2,29,11,27,4,3,33,26,19,17,18,24,13,9,22,23,10,21,7,32,5,30,12,31,1
52,15,14,35,7,23,5,28,16,33,20,2,29,9,27,3,4,32,24,19,18,17,25,13,11,21,26,12,22,8,34,6,31,10,30,1
53,17,14,35,8,26,5,29,16,33,19,2,27,7,28,3,4,34,24,20,18,15,25,13,9,23,21,10,22,11,32,6,31,12,30,1
54,16,14,35,8,27,6,29,17,34,18,2,28,10,26,3,4,33,24,21,19,15,25,13,12,22,20,9,23,7,32,5,30,11,31,1
55,16,13,35,7,27,5,28,15,32,20,2,29,10,26,3,4,33,23,19,18,17,25,14,11,24,21,8,22,9,34,6,30,12,31,1
56,17,14,35,8,26,5,29,15,32,21,2,28,7,27,3,4,33,24,18,19,16,25,13,11,23,20,10,22,9,34,6,31,12,30,1
57,15,14,35,7,26,5,29,16,33,20,2,27,10,28,3,4,32,24,18,19,17,25,13,9,21,23,8,22,11,34,6,31,12,30,1
58,17,14,35,7,26,6,28,16,33,20,2,29,9,27,3,4,32,24,19,18,15,25,13,11,21,23,10,22,8,34,5,31,12,30,1
59,16,13,35,8,27,5,28,15,34,20,2,29,9,26,3,4,33,24,19,17,18,25,14,12,23,21,7,22,10,32,6,31,11,30,1
60,16,15,35,9,27,5,29,14,32,20,2,28,11,25,3,4,33,23,19,18,17,26,13,10,24,21,7,22,8,34,6,31,12,30,1
61,18,13,35,8,27,6,29,14,32,20,2,28,7,25,3,4,34,24,19,16,17,26,15,9,23,22,10,21,11,33,5,30,12,31,1
62,16,14,35,10,27,6,28,17,33,21,2,29,11,26,3,4,32,24,20,18,15,25,13,9,23,19,7,22,8,34,5,30,12,31,1
63,18,14,35,8,24,5,28,17,34,19,2,27,7,29,3,4,32,26,20,16,15,25,13,10,23,22,9,21,11,33,6,30,12,31,1
64,15,14,35,9,27,6,29,16,33,20,2,28,11,25,3,4,32,22,19,18,17,26,13,7,23,24,12,21,8,34,5,30,10,31,1
65,15,13,35,7,23,5,29,16,33,19,2,28,9,27,3,4,32,26,20,17,18,24,14,10,25,22,11,21,8,34,6,31,12,30,1
66,16,14,35,7,27,5,29,15,33,21,2,28,8,25,3,4,32,24,18,17,19,26,13,10,23,20,11,22,9,34,6,31,12,30,1
67,17,13,35,7,27,6,29,16,33,19,2,28,10,24,3,4,32,25,20,18,15,26,14,9,21,23,8,22,11,34,5,30,12,31,1
68,17,14,35,8,27,6,28,15,32,20,2,29,10,26,3,4,34,24,21,18,16,25,13,11,22,19,9,23,7,33,5,31,12,30,1
69,16,13,35,9,27,6,28,15,32,20,2,29,8,24,3,4,34,25,19,18,14,26,17,10,22,21,7,23,11,33,5,31,12,30,1
70,17,14,35,7,28,6,29,16,34,20,2,27,11,24,3,4,33,25,19,18,15,26,13,8,23,22,10,21,9,32,5,30,12,31,1
71,15,14,35,9,27,5,29,16,33,20,2,28,8,26,3,4,32,23,19,17,18,25,13,7,21,24,12,22,10,34,6,30,11,31,1
72,17,14,35,10,27,6,29,15,34,20,2,28,12,26,3,4,32,23,19,18,16,25,13,9,21,22,8,24,7,33,5,31,11,30,1
73,15,13,35,8,23,6,28,16,32,19,2,29,7,27,3,4,34,24,20,18,17,26,14,10,25,22,11,21,9,33,5,30,12,31,1
74,15,14,35,10,25,7,29,17,33,21,2,28,11,27,3,4,32,24,19,18,16,26,13,8,22,20,6,23,9,34,5,30,12,31,1
75,18,14,35,7,23,8,28,16,34,21,2,29,10,27,3,4,33,25,20,17,15,26,13,11,22,19,6,24,9,32,5,30,12,31,1
76,17,15,35,10,25,5,28,16,34,20,2,29,9,26,3,4,32,24,19,18,14,27,13,7,23,21,8,22,11,33,6,31,12,30,1
77,16,13,35,8,26,6,28,17,33,20,2,29,7,27,3,4,32,24,19,18,15,25,14,11,22,21,9,23,10,34,5,31,12,30,1
78,16,14,35,9,25,6,28,15,34,21,2,27,10,30,3,4,32,23,19,18,17,26,13,12,22,20,8,24,7,33,5,31,11,29,1
79,15,14,35,9,25,5,29,16,34,20,2,28,8,26,3,4,32,24,19,18,17,27,13,10,22,21,7,23,11,33,6,30,12,31,1
80,17,14,35,7,24,5,28,16,33,21,2,29,8,27,3,4,34,25,19,18,15,23,13,12,26,20,11,22,9,32,6,31,10,30,1
81,16,15,35,7,27,5,28,14,33,20,2,29,11,26,3,4,32,24,19,18,17,25,13,9,21,22,12,23,10,34,6,31,8,30,1
82,17,14,35,9,26,5,29,16,33,20,2,28,7,25,3,4,32,24,19,18,15,27,13,10,23,22,11,21,8,34,6,30,12,31,1
83,17,14,35,8,27,5,28,15,33,19,2,29,10,25,3,4,32,23,20,18,16,26,13,12,24,21,7,22,9,34,6,30,11,31,1
84,18,13,35,7,25,6,29,14,33,20,2,27,8,28,3,4,32,24,19,17,16,26,15,11,21,22,9,23,10,34,5,30,12,31,1
85,16,14,35,9,26,5,28,17,33,21,2,29,10,27,3,4,32,24,19,18,15,25,13,11,22,20,7,23,8,34,6,30,12,31,1
86,17,14,35,8,26,5,29,15,33,21,2,27,10,28,3,4,32,24,18,19,16,25,13,12,22,20,11,23,7,34,6,31,9,30,1
87,17,14,35,8,27,6,29,16,33,20,2,28,9,26,3,4,32,24,19,18,15,25,13,11,22,23,7,21,10,34,5,30,12,31,1
88,17,15,35,12,27,6,29,14,34,20,2,28,8,24,3,4,32,25,19,18,16,26,13,10,21,22,7,23,9,33,5,30,11,31,1
89,16,13,35,8,26,6,28,17,34,19,2,29,7,27,3,4,33,24,20,18,15,25,14,9,21,22,11,23,10,32,5,30,12,31,1
90,17,14,35,8,25,5,29,16,33,20,2,28,10,27,3,4,32,24,19,18,15,26,13,11,21,23,7,22,9,34,6,30,12,31,1
91,19,14,35,8,27,6,28,17,32,20,2,29,9,22,3,4,33,25,18,16,15,26,13,7,23,21,12,24,10,34,5,30,11,31,1
92,16,14,35,10,27,5,29,17,32,20,2,28,11,25,3,4,33,24,19,18,15,26,13,9,23,22,7,21,8,34,6,31,12,30,1
93,17,14,35,8,25,5,29,15,33,19,2,28,9,27,3,4,32,23,20,18,16,26,13,11,21,24,10,22,7,34,6,31,12,30,1
94,17,14,35,7,26,6,28,15,34,19,2,29,8,27,3,4,32,24,20,18,16,25,13,9,22,21,12,23,10,33,5,30,11,31,1
95,17,14,35,9,24,6,29,16,33,20,2,28,10,26,3,4,34,25,18,19,15,27,13,11,23,21,7,22,8,32,5,30,12,31,1
96,15,13,35,9,26,5,28,17,33,20,2,29,8,27,3,4,32,24,19,18,16,25,14,11,21,22,10,23,7,34,6,31,12,30,1
97,17,13,35,9,24,5,28,16,34,20,2,29,8,27,3,4,32,23,19,18,15,26,14,7,22,25,12,21,11,33,6,30,10,31,1
98,17,13,35,8,27,6,28,14,34,19,2,29,7,25,3,4,32,24,20,18,16,26,15,11,23,21,12,22,9,33,5,30,10,31,1
99,17,14,35,7,28,5,29,15,33,20,2,27,10,26,3,4,32,24,19,18,16,25,13,8,21,23,12,22,9,34,6,31,11,30,1
100,15,14,35,8,27,5,29,16,32,20,2,28,10,23,3,4,33,25,17,19,18,26,13,11,24,21,7,22,9,34,6,31,12,30,1
101,18,14,35,8,26,5,28,15,34,20,2,29,7,27,3,4,33,24,19,17,16,25,13,9,23,21,11,22,10,32,6,30,12,31,1
102,18,14,35,7,27,6,28,15,32,20,2,29,9,26,3,4,34,25,21,17,16,24,13,11,23,19,8,22,10,33,5,30,12,31,1
103,17,14,35,7,25,6,29,15,33,20,2,28,8,27,3,4,32,24,19,18,16,26,13,11,21,22,9,23,10,34,5,30,12,31,1
104,17,15,35,8,26,6,27,16,34,20,2,29,12,28,3,4,32,25,19,18,13,24,14,11,23,22,9,21,7,33,5,30,10,31,1
105,17,13,35,9,26,6,28,14,33,20,2,29,11,27,3,4,32,24,19,18,16,25,15,10,22,21,7,23,8,34,5,31,12,30,1
106,18,13,35,7,27,5,28,16,33,20,2,29,12,26,3,4,32,25,17,19,15,24,14,11,23,21,9,22,8,34,6,31,10,30,1
107,16,14,35,8,27,5,29,15,32,19,2,28,9,25,3,4,33,24,20,18,17,26,13,10,23,22,7,21,11,34,6,31,12,30,1
108,14,15,35,7,27,5,28,16,33,20,2,29,11,24,3,4,32,25,19,17,18,26,13,10,22,21,9,23,8,34,6,31,12,30,1
109,14,15,35,10,27,6,28,16,33,20,2,29,8,25,3,4,32,24,19,18,17,26,13,9,23,22,12,21,7,34,5,31,11,30,1
110,17,13,35,8,27,5,28,16,33,19,2,29,9,26,3,4,32,25,20,18,15,23,14,10,21,24,7,22,11,34,6,30,12,31,1
111,17,14,35,8,25,6,28,16,32,21,2,29,9,27,3,4,33,23,20,19,15,26,13,11,24,18,7,22,10,34,5,30,12,31,1
112,16,13,35,7,26,6,28,15,33,20,2,29,10,27,3,4,32,25,18,19,17,24,14,9,21,22,11,23,8,34,5,30,12,31,1
113,17,15,35,7,25,6,28,16,32,20,2,29,8,21,3,4,33,23,18,19,14,24,13,10,22,27,11,26,9,34,5,31,12,30,1
114,16,14,35,8,26,5,29,15,33,19,2,28,7,27,3,4,32,24,20,18,17,25,13,11,22,21,10,23,9,34,6,30,12,31,1
115,16,13,35,10,25,5,29,15,34,21,2,28,8,27,3,4,32,24,20,18,17,26,14,11,23,19,7,22,9,33,6,31,12,30,1
116,16,14,35,8,27,6,29,15,34,19,2,28,7,23,3,4,32,25,20,18,17,26,13,12,21,22,11,24,9,33,5,30,10,31,1
117,15,13,35,11,27,6,28,16,32,20,2,29,8,22,3,4,34,24,18,19,17,26,14,10,21,25,9,23,7,33,5,31,12,30,1
118,17,16,35,9,25,5,27,15,34,19,2,29,8,28,3,4,32,24,20,18,14,26,13,11,23,22,12,21,7,33,6,30,10,31,1
119,17,14,35,8,26,6,29,15,34,20,2,27,10,28,3,4,32,23,18,19,16,25,13,11,21,22,7,24,9,33,5,30,12,31,1
120,16,13,35,7,27,5,29,15,34,20,2,28,8,23,3,4,33,26,19,18,17,24,14,11,22,25,10,21,9,32,6,30,12,31,1
121,15,14,35,10,26,6,29,16,32,20,2,28,9,27,3,4,33,25,19,18,17,24,13,7,22,23,11,21,8,34,5,30,12,31,1
122,16,14,35,7,27,6,28,18,33,19,2,29,10,26,3,4,32,23,20,17,15,25,13,8,21,22,11,24,9,34,5,31,12,30,1
123,15,14,35,7,26,5,29,17,32,21,2,28,9,27,3,4,33,24,19,18,16,25,13,11,23,20,10,22,8,34,6,31,12,30,1
124,17,13,35,7,26,6,29,16,33,19,2,28,8,27,3,4,32,25,18,20,15,24,14,12,21,23,10,22,9,34,5,30,11,31,1
125,17,14,35,10,27,5,29,16,32,20,2,28,8,24,3,4,33,26,19,18,15,25,13,12,22,21,7,23,9,34,6,30,11,31,1
126,16,14,35,10,25,5,29,17,34,20,2,28,9,26,3,4,32,23,18,19,15,27,13,11,24,21,8,22,7,33,6,31,12,30,1
127,16,13,35,9,27,5,29,17,33,21,2,28,10,25,3,4,34,24,19,18,15,26,14,12,20,22,8,23,7,32,6,31,11,30,1
128,17,15,35,8,24,6,28,16,32,20,2,29,7,27,3,4,33,25,18,19,14,26,13,9,22,23,11,21,10,34,5,31,12,30,1
129,16,14,35,7,25,6,29,17,33,20,2,28,8,27,3,4,32,24,19,18,15,26,13,10,21,23,11,22,9,34,5,30,12,31,1
130,18,14,35,7,27,6,29,16,34,19,2,28,9,25,3,4,32,23,20,17,15,26,13,11,21,24,8,22,10,33,5,30,12,31,1
131,18,13,35,8,26,6,29,16,33,20,2,28,10,27,3,4,34,23,19,17,15,25,14,11,22,24,7,21,9,32,5,31,12,30,1
132,16,14,35,7,26,6,28,15,32,21,2,29,11,27,3,4,33,25,19,18,17,24,13,9,22,20,8,23,10,34,5,31,12,30,1
133,16,15,35,11,26,6,29,14,32,20,2,28,9,25,3,4,33,22,19,18,17,27,13,10,21,23,7,24,8,34,5,31,12,30,1
134,17,14,35,12,26,6,28,16,33,20,2,27,8,29,3,4,32,25,18,19,15,24,13,7,23,21,11,22,9,34,5,30,10,31,1
135,16,15,35,8,26,6,29,13,34,20,2,27,7,28,3,4,32,24,19,18,17,25,14,9,23,21,11,22,10,33,5,31,12,30,1
136,16,14,35,9,25,6,29,15,34,19,2,28,8,26,3,4,32,24,20,18,17,27,13,11,23,21,10,22,7,33,5,30,12,31,1
137,18,14,35,8,26,6,29,16,32,21,2,28,9,27,3,4,33,24,19,17,15,25,13,7,20,22,11,23,10,34,5,30,12,31,1
138,15,14,35,9,27,5,29,17,32,20,2,28,10,26,3,4,33,25,19,16,18,24,13,7,22,21,12,23,8,34,6,30,11,31,1
139,17,13,35,9,27,6,29,16,34,19,2,28,10,23,3,4,32,25,21,18,15,26,14,11,22,20,7,24,8,33,5,30,12,31,1
140,17,13,35,8,25,5,29,15,33,20,2,28,12,27,3,4,32,24,19,18,16,26,14,10,23,21,7,22,9,34,6,31,11,30,1
141,16,14,35,11,24,6,28,15,33,20,2,29,9,27,3,4,32,23,19,17,18,25,13,10,22,26,7,21,8,34,5,30,12,31,1
142,17,13,35,8,25,6,29,16,33,20,2,28,11,27,3,4,32,23,21,18,15,26,14,10,24,19,9,22,7,34,5,30,12,31,1
143,16,14,35,8,27,5,28,15,32,20,2,29,9,25,3,4,33,24,18,17,19,26,13,11,21,22,7,23,10,34,6,30,12,31,1
144,15,14,35,9,25,5,28,17,34,20,2,29,8,21,3,4,33,24,19,16,18,27,13,11,26,22,7,23,10,32,6,31,12,30,1
145,16,15,35,7,23,6,29,14,32,20,2,28,9,22,3,4,33,27,19,18,17,26,13,8,24,25,12,21,10,34,5,31,11,30,1
146,17,15,35,8,24,6,29,16,34,21,2,27,9,28,3,4,32,23,19,18,14,26,13,7,20,25,10,22,11,33,5,30,12,31,1
147,17,14,35,7,27,5,29,16,33,20,2,28,9,24,3,4,32,25,19,18,15,26,13,8,21,22,12,23,10,34,6,31,11,30,1
148,16,14,35,9,27,5,28,15,33,20,2,29,10,26,3,4,32,24,19,18,17,25,13,7,21,23,12,22,8,34,6,30,11,31,1
149,15,14,35,7,26,6,28,17,33,20,2,27,9,29,3,4,32,25,19,18,16,23,13,11,24,22,10,21,8,34,5,30,12,31,1
150,18,14,35,8,26,6,28,16,33,20,2,29,10,24,3,4,32,25,19,17,15,27,13,12,23,21,7,22,9,34,5,31,11,30,1
151,16,13,35,7,26,6,29,15,33,20,2,27,10,28,3,4,34,23,19,18,17,25,14,8,22,24,11,21,9,32,5,30,12,31,1
152,17,13,35,8,27,6,29,15,33,19,2,28,10,26,3,4,32,24,20,18,16,25,14,12,23,21,9,22,7,34,5,31,11,30,1
153,15,14,35,10,27,6,29,16,33,19,2,28,11,26,3,4,32,25,20,17,18,24,13,9,22,21,7,23,8,34,5,30,12,31,1
154,15,14,35,8,27,5,28,16,33,21,2,29,7,22,3,4,32,25,18,19,17,26,13,11,23,20,10,24,9,34,6,30,12,31,1
155,15,13,35,8,27,5,29,17,34,20,2,28,9,24,3,4,32,23,19,18,16,26,14,7,22,25,11,21,10,33,6,30,12,31,1
156,17,14,35,10,27,5,29,16,33,20,2,28,7,25,3,4,32,24,19,18,15,26,13,8,22,21,11,23,9,34,6,30,12,31,1
157,17,15,35,8,25,6,29,14,34,19,2,28,7,27,3,4,32,24,20,18,16,26,13,11,21,22,10,23,9,33,5,30,12,31,1
158,16,14,35,7,26,6,28,15,32,20,2,27,9,29,3,4,34,25,19,18,17,24,13,8,22,23,10,21,11,33,5,30,12,31,1
159,17,13,35,7,27,6,29,15,33,20,2,28,11,25,3,4,32,24,19,18,16,26,14,10,22,21,8,23,9,34,5,31,12,30,1
160,17,13,35,7,26,6,29,15,32,20,2,28,9,27,3,4,33,24,19,18,16,25,14,10,23,21,11,22,8,34,5,30,12,31,1
161,18,14,35,7,25,6,29,15,33,20,2,28,9,24,3,4,32,26,19,16,17,27,13,12,22,21,8,23,10,34,5,30,11,31,1
162,18,13,35,9,26,5,29,17,33,19,2,27,8,28,3,4,32,24,15,16,20,25,14,11,22,21,7,23,10,34,6,31,12,30,1
163,16,14,35,8,25,6,28,15,32,20,2,29,7,27,3,4,33,24,19,18,17,26,13,9,22,21,11,23,10,34,5,31,12,30,1
164,16,13,35,8,27,6,28,15,34,20,2,29,9,25,3,4,32,23,19,18,17,24,14,11,26,21,7,22,10,33,5,30,12,31,1
165,14,13,35,7,27,6,29,16,32,19,2,28,11,23,3,4,33,26,20,17,18,25,15,12,24,21,9,22,8,34,5,31,10,30,1
166,15,14,35,7,26,5,28,16,33,19,2,29,10,27,3,4,32,23,21,18,17,25,13,12,20,22,9,24,8,34,6,30,11,31,1
167,17,15,35,10,27,6,29,13,34,20,2,28,9,26,3,4,33,24,19,18,16,25,14,11,22,21,8,23,7,32,5,30,12,31,1
168,17,14,35,7,27,6,29,15,33,19,2,28,9,26,3,4,34,24,20,18,16,25,13,8,22,23,11,21,10,32,5,30,12,31,1
169,17,13,35,7,26,6,29,15,33,21,2,28,11,27,3,4,32,25,19,18,16,24,14,10,22,20,8,23,9,34,5,30,12,31,1
170,15,14,35,11,26,6,29,16,33,20,2,28,7,27,3,4,32,25,18,19,17,24,13,10,22,23,9,21,8,34,5,31,12,30,1
171,17,13,35,8,26,6,29,16,34,20,2,28,9,27,3,4,32,24,19,18,15,25,14,11,23,22,7,21,10,33,5,30,12,31,1
172,18,15,35,7,25,5,29,14,33,20,2,28,9,23,3,4,32,24,19,17,16,27,13,10,21,26,8,22,11,34,6,31,12,30,1
173,16,13,35,7,24,5,29,17,32,20,2,28,8,27,3,4,33,26,19,18,15,23,14,10,22,25,11,21,9,34,6,30,12,31,1
174,16,15,35,9,26,6,29,14,34,22,2,28,12,27,3,4,32,23,19,18,17,25,13,8,20,21,10,24,7,33,5,30,11,31,1
175,15,13,35,8,27,5,29,16,32,20,2,28,10,26,3,4,33,24,19,17,18,25,14,11,21,23,7,22,9,34,6,31,12,30,1
176,17,16,35,9,28,6,29,15,33,19,2,27,11,26,3,4,32,24,20,18,14,25,13,10,23,21,7,22,12,34,5,30,8,31,1
177,18,13,35,9,27,5,29,15,33,21,2,28,11,25,3,4,32,23,16,17,19,24,14,7,20,26,10,22,8,34,6,30,12,31,1
178,18,13,35,7,27,5,28,15,33,20,2,29,10,26,3,4,32,23,19,17,16,25,14,11,21,24,8,22,9,34,6,31,12,30,1
179,17,14,35,7,26,5,29,15,32,20,2,28,9,27,3,4,34,24,19,18,16,25,13,11,22,23,12,21,8,33,6,31,10,30,1
180,17,15,35,7,29,5,28,16,33,20,2,27,10,23,3,4,32,26,19,18,14,25,13,9,21,22,11,24,8,34,6,30,12,31,1
181,15,14,35,9,25,5,29,16,34,20,2,28,8,27,3,4,32,24,19,18,17,26,13,10,22,21,11,23,7,33,6,30,12,31,1
182,15,13,35,8,26,5,29,17,32,19,2,28,11,27,3,4,34,24,21,16,18,25,14,10,20,22,7,23,9,33,6,30,12,31,1
183,16,14,35,7,26,6,29,15,34,20,2,28,9,23,3,4,33,25,18,19,17,27,13,10,24,21,12,22,8,32,5,30,11,31,1
184,15,13,35,7,26,6,29,16,32,19,2,28,9,27,3,4,33,24,20,18,17,25,14,8,23,21,11,22,10,34,5,30,12,31,1
185,16,14,35,7,27,6,28,15,34,20,2,29,11,25,3,4,32,23,18,19,17,26,13,10,22,21,9,24,8,33,5,30,12,31,1
186,15,13,35,9,26,5,27,16,32,19,2,28,10,29,3,4,33,25,20,17,18,23,14,11,22,24,7,21,8,34,6,31,12,30,1
187,16,14,35,8,24,6,29,17,32,20,2,28,9,27,3,4,33,25,19,18,15,26,13,11,22,21,10,23,7,34,5,31,12,30,1
188,17,14,35,9,26,6,29,16,32,20,2,27,7,28,3,4,33,24,19,18,15,23,13,11,25,21,8,22,10,34,5,30,12,31,1
189,16,14,35,10,25,5,29,15,33,19,2,27,7,28,3,4,32,24,20,17,18,26,13,8,22,21,11,23,9,34,6,30,12,31,1
190,18,15,35,9,26,6,29,14,34,20,2,27,7,28,3,4,32,24,19,17,16,25,13,10,21,22,8,23,11,33,5,30,12,31,1
191,19,14,35,7,24,5,29,15,33,21,2,28,9,25,3,4,32,23,18,17,16,27,13,12,22,20,8,26,10,34,6,30,11,31,1
192,16,13,35,7,25,5,29,17,32,20,2,28,10,26,3,4,33,24,19,18,15,27,14,11,22,21,9,23,8,34,6,31,12,30,1
193,16,15,35,7,27,6,29,14,33,21,2,28,10,26,3,4,32,24,19,18,17,25,13,9,22,20,11,23,8,34,5,30,12,31,1
194,18,14,35,9,26,6,29,15,33,20,2,28,8,25,3,4,32,24,19,17,16,27,13,10,23,21,11,22,7,34,5,31,12,30,1
195,19,13,35,8,26,6,29,16,34,20,2,28,7,27,3,4,32,24,17,18,14,25,15,12,23,21,10,22,9,33,5,30,11,31,1
196,16,13,35,7,25,6,27,15,34,20,2,29,9,28,3,4,32,24,19,18,17,26,14,10,22,21,11,23,8,33,5,30,12,31,1
197,15,14,35,9,25,5,28,17,32,19,2,29,8,27,3,4,33,24,20,18,16,26,13,10,22,21,12,23,7,34,6,30,11,31,1
198,16,14,35,8,27,6,28,18,33,19,2,29,7,24,3,4,32,25,20,17,15,26,13,10,22,23,12,21,9,34,5,30,11,31,1
199,17,13,35,9,26,5,29,16,34,20,2,28,7,27,3,4,33,24,19,18,15,25,14,10,23,21,11,22,8,32,6,30,12,31,1
200,17,15,35,7,26,5,27,14,34,21,2,29,9,28,3,4,32,23,19,18,16,25,13,11,22,20,8,24,10,33,6,30,12,31,1
201,17,16,35,8,26,6,28,15,34,20,2,27,10,29,3,4,32,24,19,18,14,25,13,9,22,23,11,21,7,33,5,30,12,31,1
202,16,13,35,7,27,5,29,15,32,20,2,28,10,25,3,4,33,23,18,19,17,24,14,12,22,26,8,21,9,34,6,30,11,31,1
203,17,14,35,11,25,5,29,16,33,20,2,28,9,27,3,4,32,24,19,18,15,26,13,7,21,22,8,23,10,34,6,30,12,31,1
204,15,14,35,8,26,5,28,16,33,19,2,29,7,24,3,4,34,25,20,18,17,27,13,10,22,21,11,23,9,32,6,30,12,31,1
205,17,15,35,8,25,6,29,16,33,20,2,28,7,27,3,4,32,24,19,18,14,26,13,11,23,21,10,22,9,34,5,31,12,30,1
206,16,13,35,8,26,6,29,17,33,20,2,28,9,27,3,4,32,24,19,15,18,25,14,11,23,21,10,22,7,34,5,30,12,31,1
207,17,14,35,8,26,5,29,15,32,20,2,28,10,27,3,4,34,24,19,16,18,25,13,7,23,21,9,22,11,33,6,31,12,30,1
208,15,14,35,9,26,6,29,16,34,20,2,28,10,27,3,4,33,25,18,19,17,23,13,8,21,24,7,22,11,32,5,30,12,31,1
209,15,13,35,7,26,6,29,17,34,20,2,28,9,27,3,4,33,24,19,18,16,25,14,11,22,21,8,23,10,32,5,30,12,31,1
210,16,14,35,8,25,6,29,17,33,20,2,28,9,26,3,4,32,24,19,18,15,27,13,12,23,21,7,22,10,34,5,30,11,31,1
211,17,13,35,7,27,6,28,14,32,19,2,29,11,26,3,4,33,24,20,18,16,25,15,10,21,22,9,23,8,34,5,31,12,30,1
212,18,15,35,8,22,7,29,16,33,21,2,28,9,23,3,4,34,25,20,17,14,27,13,11,26,19,6,24,10,32,5,30,12,31,1
213,18,13,35,9,26,5,29,15,33,20,2,27,11,28,3,4,32,24,19,17,16,25,14,10,21,23,7,22,8,34,6,30,12,31,1
214,17,14,35,10,27,6,29,16,34,21,2,28,9,23,3,4,33,24,19,18,15,26,13,7,20,22,8,25,11,32,5,31,12,30,1
215,16,14,35,8,26,6,29,15,32,20,2,28,11,27,3,4,34,24,17,18,19,25,13,12,23,22,9,21,7,33,5,30,10,31,1
216,17,14,35,8,26,6,28,16,32,21,2,27,11,29,3,4,33,24,19,18,15,25,13,12,20,23,9,22,10,34,5,31,7,30,1
217,16,15,35,8,26,7,28,14,32,21,2,29,9,27,3,4,33,24,19,18,17,25,13,10,23,20,6,22,11,34,5,31,12,30,1
218,17,14,35,7,27,6,28,16,33,20,2,29,11,24,3,4,34,26,19,18,13,25,15,10,23,21,9,22,8,32,5,30,12,31,1
219,16,14,35,8,26,5,27,15,34,20,2,29,10,28,3,4,33,24,19,17,18,25,13,11,23,21,7,22,9,32,6,31,12,30,1
220,16,14,35,8,26,6,27,18,32,20,2,28,10,29,3,4,33,25,19,15,17,23,13,12,21,24,7,22,9,34,5,30,11,31,1
221,18,14,35,8,26,6,28,16,32,20,2,29,7,27,3,4,34,24,19,17,15,25,13,10,23,21,11,22,9,33,5,30,12,31,1
222,17,15,35,7,25,5,27,14,32,19,2,28,8,29,3,4,34,24,20,18,16,26,13,10,23,22,9,21,11,33,6,31,12,30,1
223,17,14,35,7,27,6,29,16,32,19,2,28,8,22,3,4,33,24,20,18,15,26,13,10,21,25,12,23,9,34,5,30,11,31,1
224,16,13,35,7,28,6,29,15,33,20,2,27,11,21,3,4,32,25,19,18,17,26,14,9,24,23,8,22,10,34,5,30,12,31,1
225,15,14,35,9,26,5,29,16,33,20,2,28,8,27,3,4,34,24,19,17,18,25,13,10,22,23,7,21,11,32,6,31,12,30,1
226,18,15,35,8,27,6,29,16,33,20,2,28,10,23,3,4,32,25,19,17,14,26,13,11,22,21,7,24,9,34,5,30,12,31,1
227,17,14,35,8,27,5,29,16,34,19,2,28,9,26,3,4,32,25,20,18,15,24,13,11,23,21,10,22,7,33,6,30,12,31,1
228,16,14,35,10,26,5,29,15,32,20,2,28,11,27,3,4,34,23,19,18,17,25,13,7,24,21,9,22,8,33,6,31,12,30,1
229,15,14,35,7,26,6,29,16,33,19,2,28,8,27,3,4,34,25,20,18,17,24,13,11,23,21,9,22,10,32,5,30,12,31,1
230,17,14,35,10,26,5,28,16,32,19,2,27,8,30,3,4,34,25,20,18,15,24,13,11,23,21,7,22,9,33,6,29,12,31,1
231,17,15,35,9,23,6,29,13,33,20,2,28,7,24,3,4,32,25,21,19,16,27,14,10,22,18,8,26,12,34,5,31,11,30,1
232,16,14,35,7,26,6,27,15,33,20,2,28,9,29,4,3,32,21,19,18,17,24,13,10,23,25,11,22,8,34,5,30,12,31,1
233,16,14,35,7,26,6,28,17,33,19,2,29,11,25,3,4,32,24,20,18,15,27,13,9,21,23,8,22,10,34,5,30,12,31,1
234,15,13,35,10,28,5,29,17,33,21,2,26,11,27,3,4,32,23,19,18,16,24,14,7,22,20,9,25,8,34,6,31,12,30,1
235,17,14,35,7,24,6,28,15,33,20,2,27,9,29,3,4,32,25,19,18,16,26,13,11,21,22,8,23,10,34,5,30,12,31,1
236,15,16,35,8,26,6,28,17,33,19,2,27,9,29,3,4,32,23,20,18,14,24,13,11,22,25,10,21,7,34,5,30,12,31,1
237,15,13,35,7,27,5,29,17,33,20,2,28,8,26,3,4,32,24,19,18,16,25,14,10,22,21,12,23,9,34,6,30,11,31,1
238,16,13,35,7,27,6,29,15,34,19,2,28,9,24,4,3,33,25,20,18,17,26,14,10,22,21,12,23,8,32,5,30,11,31,1
239,16,14,35,7,27,5,28,15,32,20,2,29,8,25,3,4,34,24,18,17,19,26,13,10,22,23,11,21,9,33,6,31,12,30,1
240,17,15,35,7,26,5,29,14,33,21,2,27,10,28,3,4,32,24,19,18,16,25,13,11,22,20,8,23,9,34,6,30,12,31,1
241,17,14,35,11,27,6,29,16,32,20,2,28,12,26,3,4,33,24,19,18,15,25,13,10,23,21,8,22,7,34,5,31,9,30,1
242,18,14,35,7,26,6,28,15,32,20,2,29,8,27,3,4,33,24,19,17,16,25,13,11,22,21,10,23,9,34,5,31,12,30,1
243,17,14,35,7,26,5,29,16,33,20,2,28,9,27,3,4,32,24,19,18,15,25,13,12,22,23,8,21,10,34,6,31,11,30,1
244,17,15,35,7,26,6,29,16,33,20,2,27,10,28,3,4,34,24,19,18,14,25,13,12,21,22,9,23,8,32,5,30,11,31,1
245,17,15,35,7,26,5,29,16,32,19,2,27,11,28,3,4,33,25,20,18,13,24,14,10,22,21,9,23,8,34,6,30,12,31,1
246,16,14,35,10,25,5,29,15,34,19,2,28,8,27,3,4,32,24,20,18,17,26,13,11,21,22,7,23,9,33,6,30,12,31,1
247,16,14,35,7,26,5,29,15,32,19,2,28,12,27,3,4,33,24,20,18,17,25,13,10,23,21,9,22,8,34,6,30,11,31,1
248,15,13,35,8,27,6,28,16,33,20,2,29,10,26,3,4,32,24,19,17,18,25,14,9,22,21,7,23,11,34,5,30,12,31,1
249,16,14,35,7,24,6,29,15,33,20,2,28,10,22,3,4,32,25,19,18,17,27,13,9,23,21,8,26,12,34,5,30,11,31,1
250,18,13,35,8,26,6,28,15,33,19,2,29,9,27,3,4,32,25,20,17,16,24,14,12,22,23,10,21,7,34,5,30,11,31,1
251,15,14,35,7,26,5,29,16,34,20,2,28,8,27,3,4,32,23,19,18,17,25,13,10,21,24,12,22,9,33,6,30,11,31,1
252,18,14,35,7,28,6,29,16,33,20,2,27,9,26,3,4,32,23,19,15,17,25,13,10,21,22,11,24,8,34,5,30,12,31,1
253,17,14,35,7,27,6,28,16,32,20,2,29,9,21,3,4,33,24,18,19,15,26,13,8,23,22,11,25,12,34,5,30,10,31,1
254,16,14,35,10,25,6,28,15,34,20,2,29,9,27,3,4,32,26,19,18,17,24,13,11,23,21,7,22,8,33,5,31,12,30,1
255,17,14,35,7,25,6,29,16,34,20,2,28,8,27,3,4,32,24,19,18,15,26,13,10,22,21,11,23,9,33,5,30,12,31,1
256,16,13,35,8,26,5,29,17,33,20,2,27,12,28,3,4,32,23,19,18,14,25,15,10,21,22,7,24,9,34,6,31,11,30,1
257,16,14,35,7,26,6,29,15,34,19,2,28,9,27,3,4,32,25,20,18,17,24,13,11,22,21,10,23,8,33,5,30,12,31,1
258,16,14,35,8,26,6,29,15,33,20,2,28,10,23,3,4,32,24,21,17,18,27,13,9,22,19,11,25,7,34,5,30,12,31,1
259,16,14,35,8,27,5,29,15,34,20,2,28,11,25,3,4,33,24,19,18,17,26,13,10,22,21,7,23,9,32,6,31,12,30,1
260,17,15,35,7,26,5,29,14,33,20,2,28,9,27,3,4,32,24,19,18,16,25,13,8,22,21,12,23,10,34,6,30,11,31,1
261,16,14,35,10,26,6,29,15,34,21,2,28,7,27,3,4,32,24,20,19,17,25,13,11,22,18,8,23,9,33,5,30,12,31,1
262,18,14,35,8,26,5,28,15,33,20,2,27,11,29,3,4,32,24,21,17,16,25,13,12,23,19,7,22,9,34,6,31,10,30,1
263,16,13,35,8,26,5,28,17,33,20,2,27,10,29,3,4,32,24,19,18,15,25,14,9,23,21,12,22,7,34,6,31,11,30,1
264,18,14,35,10,26,5,28,15,34,20,2,29,7,27,3,4,32,24,19,16,17,25,13,9,21,23,11,22,8,33,6,31,12,30,1
265,16,14,35,7,27,5,29,18,32,20,2,28,11,26,3,4,34,23,15,17,19,24,13,9,22,25,8,21,10,33,6,31,12,30,1
266,17,14,35,10,26,6,29,15,32,20,2,28,8,27,3,4,34,23,18,19,16,25,13,7,22,24,11,21,9,33,5,30,12,31,1
267,18,13,35,7,27,5,29,16,32,20,2,28,10,25,3,4,33,24,19,17,14,26,15,11,21,22,9,23,8,34,6,31,12,30,1
268,17,14,35,9,27,5,28,16,33,21,2,29,11,26,3,4,32,25,19,18,15,24,13,7,22,20,10,23,8,34,6,31,12,30,1
269,18,13,35,8,26,6,29,15,32,20,2,28,11,27,4,3,34,24,16,19,17,25,14,10,22,21,7,23,9,33,5,31,12,30,1
270,16,13,35,7,26,6,28,15,33,21,2,29,9,27,3,4,32,24,18,19,17,25,14,10,20,23,11,22,8,34,5,30,12,31,1
271,15,13,35,7,26,5,29,17,33,20,2,28,8,27,3,4,32,25,18,19,16,24,14,10,23,21,11,22,9,34,6,31,12,30,1
272,16,13,35,7,27,6,29,15,34,20,2,28,8,22,3,4,32,25,19,17,18,26,14,9,23,24,11,21,10,33,5,31,12,30,1
273,16,14,35,8,26,6,29,17,33,18,2,28,7,27,3,4,32,25,20,19,15,24,13,10,21,22,9,23,11,34,5,31,12,30,1
274,16,14,35,9,26,5,29,15,34,20,2,28,8,27,3,4,33,23,19,17,18,25,13,12,24,21,7,22,10,32,6,30,11,31,1
275,18,14,35,8,27,5,29,17,33,20,2,28,11,26,3,4,32,23,19,16,15,25,13,9,21,22,7,24,10,34,6,31,12,30,1
276,17,14,35,7,24,6,29,18,32,20,2,28,9,27,3,4,34,25,21,19,16,26,13,10,23,15,8,22,11,33,5,31,12,30,1
277,15,14,35,7,26,5,28,16,33,21,2,29,9,27,3,4,32,24,19,18,17,25,13,10,22,20,11,23,8,34,6,30,12,31,1
278,16,13,35,8,26,5,29,15,34,19,2,28,10,27,3,4,33,25,20,18,17,24,14,12,21,22,7,23,9,32,6,31,11,30,1
279,17,14,35,7,27,6,29,15,34,19,2,28,8,25,3,4,33,24,20,18,16,26,13,11,22,23,9,21,10,32,5,30,12,31,1
280,17,14,35,9,25,5,28,16,32,19,2,27,10,29,3,4,33,24,20,18,15,26,13,8,22,21,11,23,7,34,6,30,12,31,1
281,17,14,35,12,24,6,28,15,32,21,2,29,9,27,3,4,33,25,20,18,16,26,13,11,23,19,7,22,8,34,5,31,10,30,1
282,16,14,35,7,25,5,29,15,33,19,2,28,8,27,3,4,32,24,20,17,18,26,13,10,23,21,11,22,9,34,6,30,12,31,1
283,16,15,35,10,25,6,27,14,34,21,2,29,7,28,3,4,32,24,19,18,17,26,13,11,22,20,8,23,9,33,5,30,12,31,1
284,17,16,35,8,27,6,29,15,33,20,2,26,9,28,3,4,32,24,18,19,14,25,13,10,23,22,11,21,7,34,5,30,12,31,1
285,17,14,35,7,27,6,28,16,33,20,2,29,8,26,3,4,32,25,19,18,15,24,13,11,22,21,9,23,10,34,5,31,12,30,1
286,16,14,35,8,26,6,27,15,33,20,2,29,11,28,3,4,32,24,19,18,17,23,13,10,25,22,9,21,7,34,5,30,12,31,1
287,17,13,35,7,24,6,29,15,34,20,2,27,11,28,3,4,32,25,19,18,16,26,14,8,21,23,10,22,9,33,5,30,12,31,1
288,16,13,35,8,26,6,29,18,32,20,2,28,10,27,3,4,34,24,19,17,15,25,14,12,22,21,7,23,9,33,5,30,11,31,1
289,17,13,35,9,26,5,28,14,34,20,2,29,11,27,3,4,33,23,19,18,16,25,15,10,24,21,7,22,8,32,6,31,12,30,1
290,16,14,35,7,23,6,29,17,33,20,2,28,10,27,3,4,32,24,18,19,15,22,13,9,25,21,8,26,11,34,5,30,12,31,1
291,17,14,35,8,27,6,29,15,33,21,2,28,12,24,3,4,32,25,19,18,16,26,13,10,22,20,7,23,11,34,5,31,9,30,1
292,16,13,35,9,26,5,29,15,33,21,2,28,8,27,3,4,32,25,20,18,17,24,14,11,23,19,7,22,10,34,6,30,12,31,1
293,17,14,35,8,26,5,29,19,32,21,2,28,10,27,3,4,33,23,20,18,16,24,13,12,25,15,7,22,9,34,6,30,11,31,1
294,14,15,35,9,26,6,29,17,34,20,2,28,10,27,3,4,32,24,19,18,16,25,13,8,21,22,7,23,11,33,5,30,12,31,1
295,17,15,35,10,27,6,28,13,33,20,2,29,9,26,3,4,34,24,19,18,16,25,14,8,21,23,7,22,11,32,5,30,12,31,1
296,17,14,35,9,26,6,28,16,34,19,2,27,7,29,3,4,33,25,20,18,15,24,13,8,23,21,12,22,11,32,5,30,10,31,1
297,17,14,35,7,27,6,29,16,34,20,2,28,11,25,3,4,32,24,19,18,15,26,13,10,23,21,9,22,8,33,5,31,12,30,1
298,15,14,35,10,25,6,29,17,32,21,2,28,8,26,3,4,33,24,20,18,16,27,13,11,22,19,9,23,7,34,5,30,12,31,1
299,14,13,35,7,26,6,29,16,32,20,2,27,9,28,3,4,34,24,19,18,17,23,15,10,22,25,8,21,11,33,5,30,12,31,1
300,17,14,35,9,25,5,29,15,33,20,2,28,10,27,3,4,34,24,19,18,16,26,13,11,22,21,7,23,8,32,6,30,12,31,1
301,16,14,34,10,27,6,28,15,33,20,2,29,11,26,3,4,32,24,19,18,17,25,13,7,21,22,8,23,9,35,5,30,12,31,1
302,16,14,35,10,25,5,29,18,34,21,2,28,7,27,3,4,33,26,19,17,15,24,13,11,22,20,9,23,8,32,6,31,12,30,1
303,15,14,35,7,27,6,29,17,32,20,2,28,9,26,3,4,33,25,19,18,16,24,13,10,22,21,11,23,8,34,5,31,12,30,1
304,17,14,35,7,27,5,29,15,33,20,2,28,10,25,3,4,32,23,19,18,16,26,13,9,21,22,11,24,8,34,6,30,12,31,1
305,17,14,35,8,26,5,27,16,33,21,2,29,9,28,3,4,34,24,20,18,15,25,13,11,22,19,10,23,7,32,6,30,12,31,1
306,17,14,35,7,26,6,29,16,32,20,2,27,9,28,3,4,33,25,19,18,15,24,13,11,21,23,10,22,8,34,5,30,12,31,1
307,17,14,35,10,25,6,28,16,33,21,2,29,7,27,3,4,32,24,20,19,15,26,13,11,22,18,8,23,9,34,5,31,12,30,1
308,15,14,35,9,26,6,27,16,34,20,2,29,8,28,3,4,33,25,19,18,17,24,13,10,21,22,7,23,11,32,5,31,12,30,1
309,17,14,35,10,27,6,29,15,34,18,2,28,11,22,4,3,32,26,20,19,16,25,13,9,21,24,7,23,8,33,5,30,12,31,1
310,15,14,35,7,24,6,28,16,34,20,2,27,11,29,3,4,32,23,19,18,17,25,13,9,26,22,10,21,8,33,5,30,12,31,1
311,16,13,35,9,26,6,29,15,33,20,2,28,11,27,3,4,32,24,19,18,17,25,14,10,23,22,8,21,7,34,5,30,12,31,1
312,15,13,35,10,26,6,29,16,32,20,2,28,9,27,3,4,33,23,19,17,18,24,14,8,21,25,11,22,7,34,5,31,12,30,1
313,16,13,35,7,27,6,29,17,32,20,2,28,9,21,3,4,33,24,19,18,15,25,14,10,23,26,11,22,8,34,5,30,12,31,1
314,16,14,35,8,27,6,29,17,34,20,2,28,9,26,3,4,33,24,22,19,15,25,13,10,23,18,11,21,7,32,5,31,12,30,1
315,17,14,35,7,24,6,29,16,33,19,2,28,8,27,3,4,34,25,20,18,15,26,13,9,22,23,11,21,10,32,5,30,12,31,1
316,15,14,35,7,27,6,29,16,32,20,2,28,11,26,3,4,34,25,19,18,17,23,13,10,21,22,8,24,9,33,5,31,12,30,1
317,16,14,35,9,26,6,28,18,32,21,2,29,10,27,3,4,33,24,19,17,15,25,13,11,22,20,7,23,8,34,5,30,12,31,1
318,18,13,35,7,26,5,29,14,33,20,2,27,8,28,3,4,32,24,19,17,16,25,15,12,22,23,11,21,10,34,6,31,9,30,1
319,18,14,35,11,26,6,28,16,32,21,2,29,8,27,3,4,33,24,19,17,15,25,13,10,22,20,7,23,9,34,5,30,12,31,1
320,17,13,35,7,27,5,29,15,34,20,2,28,11,26,3,4,32,24,19,18,16,25,14,8,23,21,10,22,9,33,6,31,12,30,1
321,17,14,35,9,28,6,29,15,34,19,2,27,10,25,3,4,33,24,20,18,16,26,13,8,21,22,7,23,11,32,5,30,12,31,1
322,15,14,35,10,23,5,29,16,32,20,2,28,8,27,3,4,33,26,18,17,19,25,13,11,22,24,7,21,9,34,6,31,12,30,1
323,16,15,35,9,25,6,28,14,33,19,2,29,8,27,3,4,32,24,20,18,17,26,13,10,21,22,11,23,7,34,5,31,12,30,1
324,18,14,35,7,24,5,28,15,32,20,2,29,9,27,3,4,33,25,19,17,16,26,13,11,23,21,8,22,10,34,6,31,12,30,1
325,17,14,35,8,23,6,29,16,33,21,2,28,9,27,3,4,32,25,20,18,15,26,13,12,22,19,7,24,10,34,5,30,11,31,1
326,17,13,35,7,27,5,29,14,34,20,2,28,8,24,3,4,32,25,19,16,18,26,15,9,21,23,11,22,12,33,6,30,10,31,1
327,17,13,35,8,27,6,29,15,33,21,2,28,7,25,3,4,32,24,20,18,16,26,14,11,23,19,9,22,10,34,5,30,12,31,1
328,15,14,35,8,26,6,29,18,33,20,2,28,10,27,3,4,34,24,19,17,16,25,13,12,23,22,11,21,7,32,5,30,9,31,1
329,18,15,35,10,26,6,28,14,33,21,2,29,8,27,3,4,32,24,19,17,16,25,13,11,23,20,7,22,9,34,5,30,12,31,1
330,17,14,35,7,26,5,29,15,34,20,2,28,9,27,3,4,32,24,19,18,16,25,13,11,23,22,10,21,8,33,6,31,12,30,1
331,17,14,35,8,26,6,28,15,33,21,2,29,9,27,3,4,32,24,20,16,18,25,13,11,22,19,7,23,10,34,5,30,12,31,1
332,16,14,35,8,26,5,27,17,33,20,2,29,11,28,3,4,32,24,19,18,15,25,13,10,23,22,7,21,9,34,6,30,12,31,1
333,17,15,35,9,27,6,29,16,32,19,2,28,8,26,3,4,33,23,20,18,14,25,13,7,22,21,10,24,11,34,5,30,12,31,1
334,17,14,35,8,26,6,29,15,32,21,2,28,12,23,3,4,33,24,19,18,16,27,13,9,22,20,7,25,10,34,5,30,11,31,1
335,14,13,35,7,27,6,28,16,33,20,2,29,10,26,3,4,32,24,19,17,18,25,15,8,21,22,9,23,11,34,5,30,12,31,1
336,18,13,35,8,27,5,29,15,34,19,2,28,10,26,3,4,33,24,20,16,17,25,14,11,22,23,7,21,9,32,6,31,12,30,1
337,16,13,35,11,26,5,29,15,33,20,2,28,9,27,3,4,32,24,19,18,17,25,14,8,22,23,7,21,12,34,6,30,10,31,1
338,16,14,35,10,24,5,27,17,32,21,2,29,7,28,3,4,33,23,19,20,15,25,13,11,26,18,8,22,9,34,6,31,12,30,1
339,18,14,35,8,24,6,28,17,33,20,2,29,9,27,3,4,32,25,19,16,15,26,13,10,22,21,7,23,11,34,5,30,12,31,1
340,15,13,35,7,27,5,29,16,33,20,2,28,9,26,3,4,32,24,19,18,17,25,14,12,22,21,10,23,8,34,6,30,11,31,1
341,17,14,35,7,26,6,29,15,34,20,2,28,10,22,3,4,32,25,19,18,16,24,13,8,27,21,12,23,9,33,5,31,11,30,1
342,14,15,35,7,25,6,28,16,32,20,2,29,11,27,3,4,33,23,19,18,17,26,13,8,22,24,9,21,10,34,5,31,12,30,1
343,18,15,35,8,26,5,29,14,33,21,2,27,10,28,3,4,32,23,20,17,16,25,13,12,22,19,7,24,9,34,6,30,11,31,1
344,17,14,35,7,27,6,29,15,33,20,2,28,8,26,3,4,32,24,19,18,16,25,13,11,21,22,9,23,10,34,5,30,12,31,1
345,19,15,35,10,26,6,28,14,32,21,2,29,8,27,3,4,33,23,17,20,16,25,13,11,22,18,7,24,9,34,5,30,12,31,1
346,17,14,35,8,26,5,29,16,33,20,2,28,9,27,4,3,32,24,19,18,15,25,13,10,22,23,11,21,7,34,6,30,12,31,1
347,15,14,35,12,24,5,29,16,34,20,2,28,7,27,3,4,32,23,19,17,18,25,13,8,21,22,9,26,10,33,6,30,11,31,1
348,15,14,35,7,27,6,28,16,33,19,2,29,11,26,3,4,32,24,20,18,17,25,13,10,22,21,8,23,9,34,5,31,12,30,1
349,17,14,35,8,24,6,29,15,33,20,2,28,7,27,3,4,32,25,19,18,16,26,13,9,22,21,11,23,10,34,5,31,12,30,1
350,16,15,35,7,26,5,29,14,34,20,2,28,11,27,3,4,32,25,19,17,18,24,13,10,23,21,9,22,8,33,6,30,12,31,1
351,14,17,35,11,27,5,29,15,32,20,2,28,8,26,3,4,33,22,19,18,16,25,13,10,24,21,12,23,9,34,6,31,7,30,1
352,17,14,35,8,26,6,28,16,33,21,2,29,10,27,3,4,32,23,19,18,15,25,13,11,22,20,9,24,7,34,5,31,12,30,1
353,16,15,35,7,27,6,29,17,33,20,2,28,9,25,3,4,34,23,19,18,14,26,13,8,24,22,11,21,10,32,5,31,12,30,1
354,18,13,35,8,27,6,29,17,33,19,2,28,11,23,3,4,32,25,16,20,15,26,14,7,21,22,9,24,10,34,5,31,12,30,1
355,16,13,35,7,27,5,29,15,32,20,2,28,9,24,3,4,34,23,19,17,18,26,14,11,22,25,10,21,8,33,6,30,12,31,1
356,16,14,35,10,26,6,28,15,33,20,2,29,8,27,3,4,32,23,19,18,17,25,13,7,24,21,12,22,9,34,5,31,11,30,1
357,17,13,35,8,23,7,29,16,34,21,2,28,11,27,3,4,32,25,19,18,14,26,15,10,22,20,6,24,9,33,5,30,12,31,1
358,15,14,35,7,26,5,29,17,32,20,2,28,8,27,3,4,33,25,19,18,16,24,13,11,21,23,10,22,9,34,6,31,12,30,1
359,16,14,35,8,26,5,29,17,34,20,2,28,9,27,3,4,33,23,21,18,15,25,13,12,24,19,7,22,10,32,6,31,11,30,1
360,18,13,35,7,27,6,28,15,32,19,2,29,10,25,3,4,33,24,17,20,16,26,14,9,21,23,8,22,11,34,5,30,12,31,1
361,19,14,35,8,24,6,29,16,33,20,2,28,9,27,3,4,32,25,17,18,15,26,13,11,22,21,10,23,7,34,5,31,12,30,1
362,17,14,35,8,26,5,29,16,32,20,2,28,9,27,3,4,33,24,19,18,15,25,13,11,22,21,10,23,7,34,6,31,12,30,1
363,15,13,35,7,26,6,29,16,33,21,2,28,12,27,3,4,32,24,19,17,18,25,14,10,20,22,9,23,11,34,5,31,8,30,1
364,16,13,35,7,26,6,28,15,32,19,2,27,11,30,3,4,33,24,20,18,17,23,14,9,21,25,10,22,8,34,5,31,12,29,1
365,15,14,35,8,27,6,28,16,32,20,2,29,10,26,3,4,33,24,18,19,17,25,13,9,23,21,12,22,7,34,5,30,11,31,1
366,17,14,35,10,26,6,29,16,32,20,2,28,7,24,3,4,33,25,19,18,15,27,13,9,23,21,11,22,8,34,5,30,12,31,1
367,17,14,35,7,26,5,28,16,32,20,2,29,9,27,3,4,34,23,19,18,15,25,13,8,22,21,11,24,10,33,6,31,12,30,1
368,16,14,35,9,27,6,29,15,33,20,2,28,11,26,3,4,32,24,19,18,17,25,13,8,22,21,7,23,10,34,5,30,12,31,1
369,17,13,35,10,27,5,29,16,33,21,2,28,8,24,3,4,32,23,20,18,15,25,14,9,26,19,11,22,7,34,6,30,12,31,1
370,16,14,35,9,26,6,29,17,33,20,2,28,10,27,3,4,32,24,19,18,15,25,13,12,22,21,8,23,7,34,5,30,11,31,1
371,18,13,35,9,25,6,29,15,34,20,2,28,7,24,3,4,33,27,19,16,17,26,14,8,21,22,11,23,10,32,5,30,12,31,1
372,16,14,35,10,25,5,29,18,33,20,2,28,7,27,3,4,32,23,19,17,15,26,13,8,21,24,11,22,9,34,6,31,12,30,1
373,18,13,35,7,24,5,29,15,33,19,2,28,11,27,3,4,32,26,20,17,16,25,14,9,23,22,8,21,10,34,6,30,12,31,1
374,16,14,35,8,25,6,28,15,33,20,2,29,11,27,3,4,32,24,19,17,18,26,13,10,21,22,9,23,7,34,5,31,12,30,1
375,17,13,35,9,26,5,28,16,34,20,2,27,11,29,3,4,32,23,19,18,15,25,14,7,21,22,8,24,10,33,6,30,12,31,1
376,16,15,35,9,27,6,29,14,34,20,2,28,8,24,3,4,33,26,19,18,17,25,13,7,22,21,11,23,10,32,5,30,12,31,1
377,17,15,35,7,26,5,28,16,34,21,2,27,10,29,3,4,32,23,19,18,14,25,13,9,20,24,11,22,8,33,6,30,12,31,1
378,17,13,35,7,27,6,29,15,34,19,2,28,10,25,3,4,32,22,20,18,16,24,14,11,26,23,8,21,9,33,5,31,12,30,1
379,15,13,35,8,26,5,29,16,34,20,2,28,7,27,3,4,32,24,19,17,18,25,14,11,22,23,10,21,9,33,6,30,12,31,1
380,17,15,35,7,27,5,29,16,33,19,2,28,9,22,4,3,34,25,20,18,14,26,13,8,23,21,11,24,10,32,6,30,12,31,1
381,17,14,35,6,27,7,29,16,34,20,2,28,8,26,3,4,32,24,19,18,15,23,13,10,21,25,9,22,11,33,5,30,12,31,1
382,17,16,35,9,25,5,28,14,34,20,2,27,10,29,3,4,33,24,19,18,15,26,13,11,21,22,7,23,8,32,6,30,12,31,1
383,18,15,35,9,26,6,29,14,33,19,2,27,10,28,3,4,32,23,20,17,16,25,13,8,22,24,11,21,7,34,5,30,12,31,1
384,17,14,35,7,26,6,29,16,33,20,2,28,10,27,3,4,34,23,19,18,15,25,13,12,21,24,9,22,8,32,5,31,11,30,1
385,15,14,35,9,26,5,29,18,32,21,2,28,10,27,3,4,33,24,19,16,17,25,13,11,23,20,7,22,8,34,6,31,12,30,1
386,17,15,34,9,25,6,28,13,33,20,2,27,7,29,3,4,32,24,19,18,16,26,14,8,22,23,12,21,10,35,5,30,11,31,1
387,16,14,35,9,27,5,29,15,33,20,2,28,10,23,3,4,32,24,19,18,17,26,13,7,21,25,12,22,8,34,6,30,11,31,1
388,18,14,35,7,25,6,28,15,34,21,2,29,8,24,3,4,33,23,19,17,16,27,13,10,26,20,12,22,9,32,5,30,11,31,1
389,18,13,35,10,23,6,28,14,33,20,2,29,9,27,3,4,32,24,19,17,16,26,15,7,25,21,8,22,11,34,5,30,12,31,1
390,16,14,35,7,24,6,27,15,32,21,2,28,9,29,3,4,33,25,20,18,17,26,13,10,23,19,11,22,8,34,5,31,12,30,1
391,17,14,35,7,26,5,28,15,32,20,2,27,8,29,3,4,33,24,18,19,16,25,13,11,22,21,9,23,10,34,6,30,12,31,1
392,15,13,35,7,26,6,29,17,33,20,2,28,9,27,4,3,32,23,19,18,16,24,14,12,22,25,10,21,8,34,5,30,11,31,1
393,19,14,35,8,25,5,28,16,33,20,2,27,9,29,3,4,32,23,18,17,15,26,13,10,21,24,11,22,7,34,6,31,12,30,1
394,16,14,34,8,25,5,29,15,33,20,2,28,9,27,3,4,32,24,19,18,17,26,13,10,23,21,11,22,7,35,6,31,12,30,1
395,17,13,35,7,27,6,28,16,34,20,2,29,10,26,3,4,32,23,19,18,15,24,14,11,21,25,9,22,8,33,5,31,12,30,1
396,16,15,35,11,27,6,28,14,32,20,2,29,8,22,3,4,33,25,19,18,17,26,13,9,24,21,7,23,10,34,5,31,12,30,1
397,16,14,35,7,26,5,28,15,33,20,2,27,9,29,3,4,32,25,19,18,17,24,13,8,23,22,12,21,10,34,6,31,11,30,1
398,14,15,35,9,26,5,28,17,33,19,2,27,7,29,3,4,32,25,20,18,16,24,13,10,21,23,12,22,8,34,6,30,11,31,1
399,16,15,35,11,26,6,29,14,34,19,2,28,9,27,3,4,32,23,20,18,17,25,13,7,22,21,10,24,8,33,5,30,12,31,1
400,16,14,35,9,25,6,29,17,32,20,2,28,8,27,3,4,33,26,21,19,15,24,13,11,22,18,10,23,7,34,5,30,12,31,1
401,17,14,35,7,25,6,29,16,32,21,2,28,10,27,3,4,33,24,18,19,15,26,13,12,20,22,9,23,8,34,5,30,11,31,1
402,16,14,35,9,27,6,28,15,33,20,2,29,10,26,3,4,32,24,19,17,18,23,13,8,22,25,11,21,7,34,5,30,12,31,1
403,15,13,35,7,24,6,28,16,33,20,2,29,8,27,3,4,34,25,18,19,17,26,14,11,21,23,9,22,10,32,5,30,12,31,1
404,16,13,35,8,25,6,29,15,32,20,2,28,9,26,3,4,34,24,17,19,18,27,14,10,23,21,7,22,11,33,5,30,12,31,1
405,15,14,35,8,25,6,29,16,33,20,2,28,11,27,3,4,32,24,19,17,18,26,13,10,22,21,7,23,9,34,5,30,12,31,1
406,17,14,35,10,27,6,29,15,33,20,2,28,8,26,3,4,32,24,19,18,16,25,13,9,22,21,12,23,7,34,5,30,11,31,1
407,17,14,35,9,24,5,28,15,34,20,2,29,8,27,3,4,32,25,19,18,16,26,13,11,21,23,7,22,10,33,6,30,12,31,1
408,17,14,35,8,26,5,28,16,33,20,2,27,10,29,3,4,32,25,19,18,15,24,13,11,22,21,7,23,9,34,6,30,12,31,1
409,18,14,35,7,26,5,28,16,34,20,2,29,9,22,3,4,32,24,17,15,19,27,13,12,23,21,11,25,8,33,6,31,10,30,1
410,18,13,35,7,26,5,29,15,32,20,2,28,10,27,3,4,33,24,17,19,16,25,14,9,22,23,12,21,8,34,6,30,11,31,1
411,17,14,35,10,27,5,29,15,33,19,2,28,9,24,3,4,34,25,20,18,16,26,13,12,23,21,7,22,8,32,6,30,11,31,1
412,16,13,35,9,26,6,28,14,33,19,2,27,8,29,3,4,32,24,20,18,17,25,15,10,21,22,11,23,7,34,5,30,12,31,1
413,17,13,35,10,26,5,29,16,34,20,2,28,9,27,3,4,32,23,19,18,15,24,14,12,25,21,8,22,7,33,6,31,11,30,1
414,19,13,35,8,27,6,28,16,32,21,2,29,7,18,3,4,34,25,20,17,15,26,14,11,23,22,9,24,10,33,5,30,12,31,1
415,17,15,35,8,25,5,29,16,34,20,2,28,10,27,3,4,32,24,19,18,14,26,13,9,21,23,11,22,7,33,6,30,12,31,1
416,16,13,35,9,26,5,29,17,32,20,2,28,8,27,3,4,33,25,19,18,15,24,14,7,23,22,10,21,11,34,6,30,12,31,1
417,17,14,35,7,26,5,29,16,34,20,2,28,11,27,3,4,32,24,19,18,15,25,13,8,23,21,9,22,10,33,6,30,12,31,1
418,18,14,35,7,27,6,29,16,33,19,2,28,9,26,3,4,32,25,20,17,15,24,13,11,23,21,8,22,12,34,5,31,10,30,1
419,17,16,35,9,27,6,29,14,32,19,2,28,10,25,3,4,33,24,20,15,18,26,13,8,22,21,7,23,11,34,5,30,12,31,1
420,17,14,35,8,26,6,29,15,33,20,2,28,7,22,3,4,32,25,19,18,16,27,13,11,21,23,9,24,10,34,5,31,12,30,1
421,16,14,35,8,25,6,29,15,32,21,2,27,7,28,3,4,33,24,19,17,18,26,13,11,23,20,9,22,10,34,5,31,12,30,1
422,15,14,35,12,26,5,27,16,34,20,2,28,10,29,3,4,32,24,19,18,17,25,13,9,21,23,7,22,8,33,6,30,11,31,1
423,17,13,35,10,27,6,28,15,33,20,2,29,9,26,3,4,32,24,18,19,16,25,14,8,22,21,11,23,7,34,5,30,12,31,1
424,16,13,35,7,26,6,29,15,34,19,2,28,8,27,3,4,32,25,20,18,17,24,14,10,22,21,9,23,11,33,5,30,12,31,1
425,15,14,34,11,26,6,29,16,32,20,2,27,8,28,3,4,35,24,19,18,17,25,13,7,21,22,10,23,9,33,5,31,12,30,1
426,15,14,35,9,26,5,28,17,34,20,2,27,7,29,3,4,33,24,19,18,16,25,13,11,21,23,10,22,8,32,6,30,12,31,1
427,16,14,35,10,25,6,27,15,33,20,2,28,8,30,3,4,32,24,19,18,17,26,13,11,23,21,12,22,7,34,5,29,9,31,1
428,18,13,35,10,27,5,28,14,32,20,2,29,7,25,4,3,33,24,19,17,16,23,15,8,21,26,11,22,9,34,6,31,12,30,1
429,18,14,35,9,26,6,29,15,34,21,2,27,8,28,3,4,32,24,16,19,17,25,13,11,23,20,7,22,10,33,5,30,12,31,1
430,16,14,35,9,27,6,29,15,34,20,2,28,10,26,3,4,32,25,17,19,18,23,13,8,21,24,7,22,11,33,5,30,12,31,1
431,16,14,35,10,26,5,29,15,33,19,2,28,9,24,3,4,32,25,20,18,17,27,13,8,22,21,11,23,7,34,6,30,12,31,1
432,15,13,35,7,27,6,29,17,34,20,2,28,11,21,3,4,33,25,19,18,16,26,14,9,23,24,8,22,10,32,5,30,12,31,1
433,16,15,35,9,26,6,28,14,32,18,2,27,8,29,3,4,34,23,20,19,17,25,13,11,24,21,10,22,7,33,5,30,12,31,1
434,15,14,35,8,26,5,28,17,34,19,2,29,7,27,3,4,32,24,20,18,16,25,13,12,21,23,10,22,9,33,6,31,11,30,1
435,18,13,35,7,26,6,29,15,32,20,2,27,8,28,3,4,33,24,19,16,17,25,14,10,22,21,11,23,9,34,5,31,12,30,1
436,17,14,35,8,26,5,29,15,33,20,2,28,9,27,3,4,32,24,19,18,16,23,13,11,25,22,7,21,10,34,6,31,12,30,1
437,18,14,35,8,27,5,28,16,33,20,2,29,10,24,3,4,32,25,19,17,15,26,13,11,22,21,7,23,9,34,6,30,12,31,1
438,17,14,35,7,26,5,28,15,33,21,2,29,10,27,3,4,32,24,20,18,16,25,13,11,23,19,9,22,8,34,6,31,12,30,1
439,14,13,35,10,26,6,28,16,33,20,2,27,9,29,3,4,32,24,19,18,17,25,15,11,22,21,7,23,8,34,5,30,12,31,1
440,16,14,35,9,27,5,29,15,32,21,2,28,11,25,3,4,33,24,20,19,18,26,13,7,22,17,10,23,8,34,6,31,12,30,1
441,15,14,35,10,26,5,29,17,32,21,2,28,7,27,3,4,34,23,18,19,16,25,13,11,24,20,8,22,9,33,6,31,12,30,1
442,18,15,35,8,26,6,29,16,32,20,2,28,7,27,3,4,33,24,19,17,13,25,14,12,23,21,11,22,9,34,5,30,10,31,1
443,17,16,35,10,26,5,29,14,33,21,2,28,9,27,3,4,32,24,20,19,15,25,13,11,23,18,7,22,8,34,6,30,12,31,1
444,16,14,35,8,26,6,29,15,34,20,2,27,7,28,3,4,33,25,19,18,17,23,13,9,24,22,11,21,10,32,5,31,12,30,1
445,16,14,35,11,27,5,29,15,33,20,2,28,9,24,3,4,32,25,19,17,18,26,13,8,22,23,12,21,10,34,6,30,7,31,1
446,15,14,35,9,26,6,29,16,34,20,2,28,8,27,3,4,33,25,19,18,17,24,13,10,21,22,12,23,7,32,5,30,11,31,1
447,17,16,35,7,27,6,29,14,32,20,2,28,10,25,3,4,33,24,18,19,15,26,13,11,22,21,9,23,8,34,5,30,12,31,1
448,17,15,35,8,26,5,29,13,34,20,2,28,7,23,3,4,33,24,18,16,19,27,14,10,25,22,9,21,11,32,6,30,12,31,1
449,17,14,35,10,27,5,29,16,33,20,2,28,8,26,3,4,32,24,19,18,15,25,13,11,23,21,7,22,9,34,6,31,12,30,1
450,18,15,35,9,26,6,28,14,34,20,2,29,8,27,3,4,33,25,19,17,16,23,13,11,22,21,10,24,7,32,5,30,12,31,1
451,15,14,35,7,26,5,29,16,33,20,2,27,8,28,3,4,32,25,19,18,17,24,13,11,21,22,10,23,9,34,6,30,12,31,1
452,17,14,35,7,26,6,28,15,32,20,2,29,9,27,3,4,33,24,19,18,16,25,13,8,21,22,12,23,10,34,5,30,11,31,1
453,17,14,35,9,26,6,29,15,34,20,2,28,10,27,3,4,33,24,18,19,16,25,13,7,22,21,11,23,12,32,5,30,8,31,1
454,17,13,35,7,26,6,29,15,32,20,2,28,12,27,3,4,34,23,19,18,16,24,14,10,21,25,8,22,9,33,5,31,11,30,1
455,17,14,35,7,27,6,29,15,33,19,2,28,8,25,3,4,32,23,20,18,16,26,13,9,21,22,12,24,10,34,5,30,11,31,1
456,17,15,35,10,27,5,29,16,34,19,2,28,9,25,3,4,32,26,18,20,14,24,13,11,23,21,7,22,8,33,6,30,12,31,1
457,18,14,35,8,25,5,28,16,32,20,2,29,9,27,3,4,33,24,19,17,15,26,13,11,23,21,7,22,10,34,6,31,12,30,1
458,15,14,35,9,27,6,28,16,34,21,2,29,7,26,3,4,32,23,20,19,17,25,13,10,24,18,11,22,8,33,5,30,12,31,1
459,16,14,35,7,26,5,28,17,33,20,2,29,10,25,3,4,32,24,19,18,15,27,13,9,21,23,8,22,11,34,6,31,12,30,1
460,15,14,35,7,27,6,29,16,33,19,2,28,9,22,3,4,32,25,20,18,17,26,13,10,21,24,12,23,8,34,5,30,11,31,1
461,16,14,35,8,26,5,28,15,32,20,2,29,9,27,3,4,33,24,17,19,18,25,13,10,22,21,12,23,7,34,6,30,11,31,1
462,17,14,35,8,27,5,28,15,32,20,2,29,9,25,3,4,33,22,19,18,16,26,13,7,21,23,10,24,11,34,6,30,12,31,1
463,16,13,35,7,24,5,27,15,33,20,2,29,10,28,3,4,32,25,19,17,18,26,14,12,22,21,8,23,9,34,6,31,11,30,1
464,15,14,35,8,26,5,28,16,33,17,2,29,9,27,3,4,32,23,19,18,20,25,13,11,22,24,12,21,7,34,6,31,10,30,1
465,15,14,35,8,25,5,29,16,32,20,2,28,7,27,3,4,33,24,19,18,17,22,13,10,26,21,11,23,9,34,6,30,12,31,1
466,17,14,35,7,27,6,29,15,33,20,2,28,8,26,3,4,34,24,19,18,16,25,13,11,21,22,9,23,10,32,5,30,12,31,1
467,18,14,35,10,25,5,29,15,32,22,2,28,9,27,3,4,33,24,19,17,16,26,13,8,21,20,7,23,11,34,6,31,12,30,1
468,15,14,35,8,28,6,29,16,33,20,2,27,11,24,3,4,32,25,19,17,18,26,13,10,23,22,9,21,7,34,5,30,12,31,1
469,19,14,35,7,27,6,29,15,33,20,2,28,11,24,3,4,34,23,18,16,17,26,13,10,25,22,8,21,9,32,5,31,12,30,1
470,16,13,35,8,26,6,28,15,32,20,2,27,10,29,3,4,33,25,19,17,18,24,14,11,21,22,9,23,7,34,5,30,12,31,1
471,17,14,35,9,27,6,29,16,33,21,2,28,8,26,3,4,32,25,20,19,15,24,13,10,23,18,11,22,7,34,5,31,12,30,1
472,17,14,35,10,26,5,29,15,33,18,2,28,11,27,3,4,32,24,19,20,16,25,13,9,22,23,8,21,7,34,6,31,12,30,1
473,17,14,35,8,27,6,29,15,34,20,2,28,11,24,3,4,32,25,19,18,16,26,13,10,21,22,7,23,9,33,5,30,12,31,1
474,16,13,35,8,27,5,29,14,33,21,2,28,10,22,4,3,32,25,17,19,18,26,15,9,20,24,12,23,7,34,6,30,11,31,1
475,16,14,35,11,26,6,29,15,33,20,2,28,9,27,3,4,32,25,18,19,17,24,13,7,22,21,10,23,8,34,5,30,12,31,1
476,16,13,35,9,26,5,29,17,34,21,2,28,10,27,3,4,32,24,19,18,15,25,14,8,23,20,11,22,7,33,6,30,12,31,1
477,18,13,35,8,27,5,29,14,33,20,2,28,9,26,3,4,32,24,17,19,16,25,15,10,23,21,7,22,11,34,6,31,12,30,1
478,18,14,35,7,26,5,29,16,34,20,2,28,8,27,3,4,33,24,17,19,15,25,13,10,21,22,11,23,9,32,6,30,12,31,1
479,18,14,35,7,27,6,29,16,33,19,2,28,10,25,3,4,32,24,21,17,15,26,13,12,22,20,9,23,8,34,5,31,11,30,1
480,16,15,35,9,27,5,29,14,32,20,2,28,11,21,3,4,33,26,19,18,17,25,13,10,22,23,7,24,8,34,6,30,12,31,1
481,17,14,35,9,26,6,28,16,34,20,2,29,10,27,3,4,32,23,19,18,15,25,13,7,21,24,11,22,8,33,5,30,12,31,1
482,17,13,35,7,27,5,29,14,33,20,2,26,11,28,3,4,34,25,19,18,16,24,15,10,21,22,9,23,8,32,6,31,12,30,1
483,17,14,35,7,27,5,29,15,33,20,2,28,9,24,3,4,34,25,18,16,19,26,13,11,22,23,10,21,8,32,6,31,12,30,1
484,14,15,35,7,26,6,28,16,33,19,2,29,8,27,3,4,32,24,20,18,17,25,13,11,22,21,9,23,10,34,5,30,12,31,1
485,16,14,35,7,25,6,29,15,32,20,2,28,11,26,4,3,33,24,18,17,19,23,13,8,21,27,12,22,9,34,5,31,10,30,1
486,17,13,35,9,27,6,29,14,33,20,2,28,7,24,3,4,32,26,16,19,18,25,15,11,23,21,8,22,10,34,5,31,12,30,1
487,17,14,35,7,26,6,29,15,32,19,2,28,8,27,3,4,33,25,20,18,16,24,13,11,21,23,10,22,9,34,5,30,12,31,1
488,15,14,35,10,27,6,28,16,33,20,2,29,9,24,3,4,32,26,19,18,17,25,13,7,23,21,11,22,8,34,5,30,12,31,1
489,17,14,35,8,26,6,28,16,32,20,2,29,10,27,3,4,33,24,19,18,15,25,13,11,21,23,7,22,9,34,5,30,12,31,1
490,17,14,35,9,26,5,28,15,34,19,2,27,8,29,3,4,32,24,20,18,16,25,13,7,21,22,12,23,11,33,6,31,10,30,1
491,16,14,35,7,27,6,29,15,34,19,2,28,10,24,3,4,32,25,20,18,17,26,13,8,21,22,9,23,11,33,5,30,12,31,1
492,16,14,35,7,26,6,29,15,34,20,2,28,9,27,3,4,32,24,19,18,17,25,13,11,23,21,8,22,10,33,5,30,12,31,1
493,18,14,35,7,25,6,28,16,34,21,2,27,11,29,3,4,32,24,19,17,15,26,13,10,23,20,8,22,9,33,5,30,12,31,1
494,16,14,35,7,28,6,29,18,32,21,2,27,9,26,3,4,33,24,20,17,15,25,13,12,23,19,11,22,10,34,5,31,8,30,1
495,16,13,35,9,26,6,28,15,34,20,2,27,7,29,3,4,32,25,19,18,17,24,14,11,22,21,10,23,8,33,5,30,12,31,1
496,17,14,35,9,24,6,29,13,34,20,2,28,8,27,3,4,33,25,19,18,16,26,15,10,23,21,7,22,11,32,5,30,12,31,1
497,17,13,35,8,25,6,28,16,34,20,2,29,7,26,3,4,32,24,19,18,15,27,14,10,21,22,9,23,12,33,5,30,11,31,1
498,17,14,35,8,27,5,29,16,32,19,2,28,9,25,3,4,33,23,20,18,15,26,13,7,21,22,11,24,10,34,6,30,12,31,1
499,15,14,35,8,25,6,29,16,32,20,2,28,9,23,3,4,34,24,19,18,17,26,13,7,22,27,11,21,10,33,5,31,12,30,1
500,16,13,35,9,27,6,29,17,32,19,2,28,7,22,3,4,33,23,18,20,15,26,14,8,25,21,11,24,10,34,5,30,12,31,1
501,17,14,35,9,26,6,29,15,34,20,2,27,10,28,3,4,32,25,19,18,16,23,13,11,24,21,7,22,8,33,5,30,12,31,1
502,15,14,35,7,24,5,29,17,33,19,2,28,9,27,3,4,32,26,20,18,16,25,13,11,22,21,12,23,8,34,6,31,10,30,1
503,15,14,35,7,26,6,28,16,34,20,2,29,9,27,3,4,32,24,19,17,18,25,13,11,23,21,10,22,8,33,5,30,12,31,1
504,16,14,35,8,27,6,29,15,33,19,2,28,7,25,3,4,34,24,20,17,18,26,13,9,21,23,12,22,11,32,5,30,10,31,1
505,17,16,35,8,26,5,27,14,33,20,2,28,11,29,3,4,32,24,19,18,15,25,13,12,22,21,7,23,10,34,6,30,9,31,1
506,17,14,35,11,27,6,29,16,33,19,2,28,10,25,3,4,34,24,20,18,15,26,13,8,22,21,7,23,9,32,5,30,12,31,1
507,16,13,35,7,26,6,28,15,32,19,2,29,10,27,3,4,33,23,20,18,17,25,14,12,21,24,11,22,8,34,5,30,9,31,1
508,17,15,35,9,26,6,29,16,33,19,2,28,8,27,3,4,32,23,20,18,14,25,13,10,22,21,11,24,7,34,5,30,12,31,1
509,17,16,35,7,27,6,29,14,32,21,2,28,11,23,3,4,33,25,19,18,15,26,13,8,24,20,9,22,10,34,5,31,12,30,1
510,16,15,35,11,27,6,29,14,32,20,2,28,9,23,3,4,33,25,19,18,17,26,13,12,21,24,8,22,10,34,5,30,7,31,1
511,16,13,35,8,26,5,29,17,32,19,1,27,10,28,3,4,33,23,21,18,15,25,14,11,22,20,9,24,7,34,6,30,12,31,2
512,16,14,35,7,25,6,28,15,32,20,2,29,11,27,3,4,33,24,19,18,17,26,13,10,22,21,9,23,8,34,5,31,12,30,1
513,16,15,35,9,26,5,28,17,32,21,2,29,10,27,3,4,34,24,20,18,13,25,14,11,22,19,7,23,8,33,6,31,12,30,1
514,17,14,35,8,24,5,29,15,34,19,2,28,7,25,4,3,32,23,20,18,16,27,13,11,21,26,10,22,9,33,6,30,12,31,1
515,17,14,35,7,26,5,27,16,33,20,2,28,8,29,3,4,32,24,19,18,15,25,13,11,23,21,9,22,10,34,6,30,12,31,1
516,18,14,35,8,27,5,29,16,32,20,2,28,11,26,4,3,33,23,19,17,15,25,13,10,21,22,9,24,7,34,6,31,12,30,1
517,16,14,35,9,24,6,29,15,34,20,2,28,10,27,3,4,33,25,19,18,17,26,13,8,22,23,12,21,7,32,5,30,11,31,1
518,15,14,35,11,26,6,29,17,33,20,2,28,10,27,3,4,32,25,19,18,16,24,13,7,23,22,12,21,9,34,5,30,8,31,1
519,17,13,35,7,27,5,29,15,34,20,2,28,11,25,3,4,32,23,19,18,16,26,14,12,21,22,9,24,8,33,6,30,10,31,1
520,16,14,35,9,26,6,28,15,34,21,2,29,10,27,3,4,33,24,19,17,18,25,13,11,22,20,7,23,8,32,5,30,12,31,1
521,17,14,35,10,26,5,29,15,33,20,2,28,8,27,3,4,32,24,19,18,16,25,13,7,21,22,12,23,9,34,6,30,11,31,1
522,16,14,35,8,27,6,29,15,33,19,2,28,7,26,3,4,32,24,20,18,17,25,13,10,23,21,11,22,9,34,5,30,12,31,1
523,17,14,35,8,27,5,29,16,34,19,2,28,9,26,3,4,32,22,20,18,15,25,13,12,23,24,10,21,7,33,6,31,11,30,1
524,17,14,35,7,26,5,29,15,32,20,2,28,10,27,3,4,33,25,19,18,16,24,13,8,21,22,11,23,9,34,6,30,12,31,1
525,14,15,35,9,26,6,29,16,33,20,2,27,7,28,3,4,32,24,17,18,19,25,13,11,22,21,10,23,8,34,5,30,12,31,1
526,16,14,35,7,27,5,29,15,33,20,2,28,8,26,3,4,32,24,19,18,17,25,13,9,22,23,11,21,10,34,6,30,12,31,1
527,17,14,35,8,28,5,27,15,33,20,2,29,10,26,3,4,32,24,19,18,16,25,13,9,22,21,12,23,11,34,6,30,7,31,1
528,16,13,35,9,26,6,29,14,32,19,2,27,11,28,3,4,34,25,20,18,17,24,15,12,23,21,7,22,8,33,5,31,10,30,1
529,17,14,35,9,26,5,28,15,34,20,2,29,10,27,3,4,32,24,19,18,16,25,13,11,21,22,7,23,8,33,6,31,12,30,1
530,16,14,35,7,26,6,28,15,32,20,2,29,8,24,3,4,33,25,18,19,17,27,13,10,21,23,11,22,9,34,5,30,12,31,1
531,18,13,35,9,27,5,28,16,32,20,2,29,8,26,3,4,33,24,19,17,15,25,14,10,22,21,11,23,7,34,6,31,12,30,1
532,16,14,35,9,27,6,29,15,32,20,2,28,10,26,3,4,34,24,19,18,17,25,13,7,23,21,8,22,11,33,5,31,12,30,1
533,16,14,35,9,25,6,29,15,32,20,2,28,10,27,3,4,33,24,18,19,17,26,13,8,21,23,7,22,11,34,5,30,12,31,1
534,17,14,35,10,26,6,29,15,32,20,2,28,11,27,3,4,34,24,19,18,16,25,13,12,22,21,9,23,7,33,5,30,8,31,1
535,17,13,35,7,27,5,28,15,34,21,2,29,9,24,3,4,33,25,18,20,16,26,14,8,22,19,11,23,12,32,6,30,10,31,1
536,15,14,35,7,26,6,29,16,32,20,2,28,10,27,3,4,33,24,19,18,17,25,13,11,22,21,8,23,9,34,5,31,12,30,1
537,16,13,35,7,27,6,28,17,32,20,2,29,8,25,3,4,33,26,19,18,15,24,14,11,23,21,10,22,9,34,5,31,12,30,1
538,16,15,35,9,25,5,28,14,34,19,2,29,8,27,3,4,33,24,20,17,18,26,13,10,21,23,11,22,7,32,6,30,12,31,1
539,16,13,35,7,26,6,29,14,32,20,2,28,9,27,3,4,33,22,17,18,19,25,15,11,23,21,8,24,10,34,5,30,12,31,1
540,16,14,35,7,26,5,29,17,33,20,2,27,11,28,3,4,32,24,19,18,15,25,13,10,21,22,9,23,8,34,6,30,12,31,1
541,15,14,35,8,26,6,29,16,33,19,2,28,7,27,3,4,32,24,20,17,18,25,13,11,22,23,10,21,9,34,5,30,12,31,1
542,18,14,35,7,23,5,29,15,33,20,2,28,10,25,4,3,32,24,17,16,19,26,13,9,21,27,12,22,8,34,6,31,11,30,1
543,15,14,35,8,25,6,29,17,32,19,2,28,10,26,3,4,33,22,20,18,16,27,13,12,24,21,9,23,7,34,5,31,11,30,1
544,15,13,35,10,27,5,29,16,33,20,2,28,7,26,3,4,32,25,19,17,18,23,14,11,24,21,9,22,8,34,6,30,12,31,1
545,16,14,35,9,27,6,28,15,33,20,2,29,11,26,3,4,32,25,18,17,19,24,13,10,21,22,8,23,7,34,5,30,12,31,1
546,16,13,35,8,24,5,29,18,33,20,2,28,9,27,3,4,34,26,19,17,15,25,14,11,22,21,7,23,10,32,6,30,12,31,1
547,17,14,35,8,26,5,28,15,32,19,2,29,7,23,3,4,33,25,20,18,16,27,13,10,21,24,11,22,9,34,6,30,12,31,1
548,16,14,35,9,26,5,29,18,34,20,2,28,11,27,3,4,32,24,19,17,15,25,13,7,22,21,8,23,10,33,6,30,12,31,1
549,17,14,35,11,27,5,28,15,34,20,2,29,7,26,3,4,32,23,19,18,16,25,13,8,22,21,9,24,10,33,6,30,12,31,1
550,18,14,35,8,26,5,28,15,32,20,2,29,11,27,3,4,33,24,19,16,17,25,13,10,21,23,9,22,7,34,6,31,12,30,1
551,17,16,35,9,26,6,27,15,34,21,2,28,10,29,3,4,32,24,20,19,14,25,13,8,23,18,11,22,7,33,5,30,12,31,1
552,17,14,35,7,26,5,27,15,32,20,2,28,8,30,3,4,34,24,21,18,16,25,13,10,22,19,11,23,9,33,6,31,12,29,1
553,17,14,35,7,27,6,29,16,33,20,2,28,8,26,3,4,32,24,18,19,15,25,13,10,22,21,11,23,9,34,5,30,12,31,1
554,17,16,35,8,27,5,29,14,32,19,2,28,10,24,3,4,33,22,20,18,13,26,15,11,25,21,9,23,7,34,6,30,12,31,1
555,15,14,35,9,27,6,29,16,33,19,2,28,7,25,3,4,32,24,20,17,18,26,13,10,21,23,8,22,11,34,5,31,12,30,1
556,17,14,35,7,26,6,29,15,34,21,2,28,10,27,3,4,32,24,19,18,16,25,13,9,23,20,11,22,8,33,5,30,12,31,1
557,17,14,35,11,27,6,29,18,32,20,2,28,10,26,3,4,33,24,19,15,16,25,13,7,22,21,9,23,8,34,5,31,12,30,1
558,17,14,35,8,26,6,29,16,34,19,2,28,7,27,3,4,32,24,20,18,15,25,13,11,21,23,10,22,9,33,5,30,12,31,1
559,18,13,35,8,26,5,28,15,33,20,2,27,11,29,3,4,32,24,19,16,17,25,14,7,21,22,10,23,9,34,6,31,12,30,1
560,15,13,35,7,24,5,29,16,33,20,2,27,9,28,3,4,32,25,18,19,17,26,14,11,23,21,8,22,10,34,6,31,12,30,1
561,17,13,35,7,27,6,29,15,33,19,2,28,10,26,3,4,34,24,20,16,18,25,14,12,22,21,8,23,9,32,5,31,11,30,1
562,16,14,35,9,25,6,29,15,33,21,2,28,11,27,3,4,32,24,19,18,17,26,13,8,22,20,7,23,10,34,5,30,12,31,1
563,17,14,35,8,27,5,28,15,34,20,2,29,9,26,3,4,32,24,19,18,16,25,13,11,21,23,7,22,10,33,6,30,12,31,1
564,15,14,35,9,26,6,29,16,34,20,2,28,11,27,3,4,33,24,19,18,17,25,13,8,22,21,7,23,10,32,5,30,12,31,1
565,17,14,35,10,27,5,29,16,34,20,2,28,9,25,3,4,32,24,19,18,15,26,13,7,22,21,8,23,11,33,6,30,12,31,1
566,18,14,35,10,27,6,28,16,32,20,2,29,11,25,3,4,33,24,17,19,15,26,13,8,22,21,7,23,9,34,5,30,12,31,1
567,17,14,35,8,26,5,29,15,33,20,2,27,10,28,3,4,32,24,21,18,16,25,13,11,22,19,7,23,9,34,6,30,12,31,1
568,16,13,35,10,24,6,28,15,33,19,2,29,8,27,3,4,32,25,20,18,17,26,14,9,21,23,7,22,11,34,5,30,12,31,1
569,16,15,35,9,26,5,29,17,33,20,2,28,8,27,3,4,32,24,19,18,14,25,13,7,22,23,12,21,10,34,6,31,11,30,1
570,15,14,35,9,27,6,28,18,34,20,2,29,11,26,3,4,32,23,19,16,17,25,13,10,24,21,7,22,8,33,5,30,12,31,1
571,16,14,35,7,27,5,29,18,33,19,2,28,10,24,3,4,32,26,20,17,15,25,13,9,21,23,8,22,11,34,6,31,12,30,1
572,16,13,35,9,27,6,28,15,33,20,1,29,7,25,3,4,32,23,19,17,18,26,14,8,21,22,11,24,10,34,5,30,12,31,2
573,18,13,35,9,26,6,29,15,32,20,2,28,8,27,3,4,34,23,19,17,14,25,16,12,24,21,7,22,10,33,5,30,11,31,1
574,16,14,35,7,27,5,28,15,32,20,2,29,10,22,3,4,33,24,19,17,18,26,13,9,21,25,11,23,8,34,6,31,12,30,1
575,17,14,35,8,26,6,29,16,32,20,2,27,9,28,3,4,33,24,19,18,15,25,13,7,22,21,10,23,11,34,5,30,12,31,1
576,17,14,35,7,27,6,29,15,32,20,2,28,9,26,3,4,33,24,19,18,16,25,13,10,22,21,11,23,8,34,5,31,12,30,1
577,17,15,35,7,27,6,29,14,34,20,2,28,8,26,3,4,32,24,19,18,16,25,13,10,21,23,11,22,9,33,5,30,12,31,1
578,16,14,35,9,26,6,29,17,33,20,2,28,8,27,3,4,32,24,19,18,15,25,13,10,22,21,7,23,12,34,5,31,11,30,1
579,16,14,35,7,25,6,29,15,34,20,2,27,8,28,3,4,33,24,19,17,18,26,13,9,23,21,11,22,10,32,5,31,12,30,1
580,17,15,35,8,25,6,28,16,34,18,1,29,10,26,3,4,32,24,21,20,14,27,13,11,23,19,9,22,7,33,5,30,12,31,2
581,17,13,35,7,26,6,28,16,34,20,2,27,12,29,3,4,33,24,19,18,14,25,15,10,23,22,11,21,8,32,5,30,9,31,1
582,18,14,35,12,27,5,29,17,32,20,2,28,11,25,3,4,34,26,19,16,15,23,13,8,24,22,7,21,10,33,6,31,9,30,1
583,17,15,34,8,26,5,28,16,32,19,2,27,11,29,3,4,35,24,20,18,14,25,13,10,22,23,7,21,9,33,6,31,12,30,1
584,17,13,35,7,26,6,29,18,33,19,2,27,8,28,3,4,32,24,20,16,15,25,14,12,22,21,11,23,9,34,5,30,10,31,1
585,17,14,35,9,25,6,29,15,33,20,2,28,7,27,3,4,32,24,19,18,16,26,13,11,22,21,10,23,8,34,5,30,12,31,1
586,17,14,35,10,28,6,29,15,33,19,2,27,9,26,3,4,34,23,21,16,18,25,13,7,24,20,11,22,8,32,5,31,12,30,1
587,17,13,35,8,25,5,29,16,34,19,2,28,10,27,3,4,33,24,20,18,15,26,14,11,22,21,7,23,9,32,6,30,12,31,1
588,17,14,35,9,24,6,28,15,33,20,2,27,7,29,3,4,32,25,19,18,16,26,13,11,22,23,8,21,10,34,5,30,12,31,1
589,17,13,35,9,27,5,29,16,34,20,2,28,8,26,3,4,33,24,18,19,15,25,14,11,22,21,7,23,10,32,6,30,12,31,1
590,16,13,35,7,24,5,27,18,33,20,2,28,11,30,3,4,32,26,19,17,15,25,14,10,23,22,9,21,8,34,6,31,12,29,1
591,16,14,35,8,24,5,29,17,32,20,2,28,7,21,3,4,34,25,19,18,15,27,13,11,22,26,12,23,10,33,6,31,9,30,1
592,17,14,35,7,27,6,29,16,34,20,2,28,9,24,3,4,32,23,19,15,18,26,13,8,22,25,11,21,10,33,5,30,12,31,1
593,16,13,35,8,26,6,29,15,34,20,2,28,10,25,3,4,33,24,19,18,17,27,14,11,23,21,7,22,9,32,5,30,12,31,1
594,16,13,35,8,27,6,29,17,32,20,2,28,12,26,3,4,33,24,19,18,14,25,15,10,23,21,7,22,9,34,5,30,11,31,1
595,17,14,35,9,26,6,29,15,32,20,2,28,10,27,4,3,33,24,19,18,16,25,13,8,23,22,11,21,7,34,5,30,12,31,1
596,17,14,35,10,25,6,29,16,34,20,2,28,8,27,3,4,32,23,19,18,15,26,13,7,21,24,9,22,11,33,5,31,12,30,1
597,16,14,35,7,26,5,28,15,34,20,2,29,9,27,3,4,32,24,19,18,17,25,13,10,21,22,12,23,8,33,6,31,11,30,1
598,18,14,35,10,25,5,28,16,34,20,2,27,9,29,3,4,33,24,19,17,15,26,13,12,23,21,7,22,8,32,6,31,11,30,1
599,17,13,35,7,23,6,28,14,33,20,2,27,10,29,3,4,32,24,19,18,16,26,15,12,25,22,9,21,8,34,5,30,11,31,1
600,16,14,35,8,27,5,29,17,33,19,2,28,10,26,3,4,32,24,20,18,15,25,13,11,21,22,7,23,9,34,6,30,12,31,1
601,17,13,35,8,25,6,28,15,32,20,2,29,10,27,3,4,34,23,19,18,16,24,14,7,21,26,12,22,9,33,5,30,11,31,1
602,18,14,35,9,27,5,28,15,34,20,2,29,7,26,3,4,32,24,19,17,16,25,13,8,22,21,11,23,10,33,6,31,12,30,1
603,16,14,35,8,26,5,28,17,34,20,2,27,9,29,3,4,33,23,19,18,15,25,13,12,24,21,7,22,10,32,6,30,11,31,1
604,17,14,35,10,25,6,29,16,33,21,2,28,8,27,3,4,32,23,20,18,15,26,13,11,22,19,7,24,9,34,5,31,12,30,1
605,17,13,35,9,26,5,29,15,32,19,2,28,7,27,3,4,33,24,20,18,16,25,14,12,21,22,8,23,10,34,6,30,11,31,1
606,17,14,35,8,27,5,29,15,32,20,2,28,10,26,3,4,34,24,18,19,16,25,13,11,23,21,7,22,9,33,6,31,12,30,1
607,16,15,35,9,26,5,29,13,33,21,2,28,12,27,3,4,34,24,19,18,17,25,14,8,20,22,7,23,10,32,6,30,11,31,1
608,17,15,35,7,26,6,29,16,33,20,2,28,10,27,3,4,32,24,19,18,13,25,14,8,22,21,12,23,9,34,5,31,11,30,1
609,16,15,35,8,26,5,29,13,33,19,2,27,7,28,3,4,32,24,20,18,17,25,14,10,22,21,11,23,9,34,6,31,12,30,1
610,17,15,35,7,25,5,28,14,33,20,2,29,9,27,3,4,32,22,19,18,16,26,13,11,23,21,10,24,8,34,6,30,12,31,1
611,17,15,35,7,26,5,28,16,34,20,2,29,9,27,3,4,32,22,19,18,14,25,13,11,21,24,12,23,8,33,6,31,10,30,1
612,15,13,35,7,27,5,29,16,33,20,2,28,10,26,3,4,32,25,18,19,17,23,14,9,21,24,11,22,8,34,6,31,12,30,1
613,16,14,35,7,26,6,29,15,33,20,2,28,8,27,3,4,32,24,19,18,17,25,13,11,21,22,10,23,9,34,5,31,12,30,1
614,16,14,35,8,27,6,28,15,32,21,2,29,12,25,3,4,33,24,20,17,18,26,13,10,19,22,7,23,9,34,5,30,11,31,1
615,18,14,35,9,27,6,28,15,32,20,2,29,11,26,3,4,33,25,19,17,16,24,13,8,21,23,7,22,10,34,5,30,12,31,1
616,16,14,35,9,26,6,28,15,34,20,2,29,10,27,3,4,32,24,18,19,17,25,13,11,21,22,7,23,8,33,5,30,12,31,1
617,16,14,35,7,26,6,29,18,33,19,2,28,10,27,3,4,32,24,20,17,15,25,13,8,22,23,11,21,9,34,5,30,12,31,1
618,17,13,35,11,25,6,29,14,33,19,2,28,7,27,3,4,32,24,15,18,20,26,16,10,22,21,8,23,9,34,5,30,12,31,1
619,17,14,35,9,26,5,27,16,34,20,2,28,11,29,3,4,32,23,19,18,15,25,13,8,21,24,10,22,7,33,6,30,12,31,1
620,15,14,35,8,26,6,29,16,33,20,2,28,9,27,3,4,32,24,19,17,18,23,13,10,25,22,11,21,7,34,5,30,12,31,1
621,18,14,35,10,27,6,28,15,32,20,2,29,9,22,3,4,34,24,19,17,16,25,13,11,26,21,7,23,8,33,5,31,12,30,1
622,16,14,35,8,26,5,29,15,33,19,2,28,9,27,3,4,32,24,20,17,18,25,13,10,22,23,11,21,7,34,6,30,12,31,1
623,16,14,35,8,27,7,28,17,33,21,2,29,10,26,3,4,32,24,20,18,15,25,13,9,19,23,6,22,11,34,5,30,12,31,1
624,17,14,35,7,24,5,28,16,33,19,2,27,8,29,3,4,32,25,20,18,15,26,13,10,23,22,12,21,9,34,6,31,11,30,1
625,18,15,35,7,26,5,29,14,33,21,2,28,12,27,3,4,32,24,19,17,16,25,13,11,23,20,9,22,8,34,6,31,10,30,1
626,17,14,35,10,27,6,29,16,34,21,2,28,8,26,3,4,32,23,18,19,15,25,13,9,22,20,7,24,11,33,5,30,12,31,1
627,17,16,35,9,25,6,28,14,33,21,2,29,8,27,3,4,34,24,20,18,15,26,13,12,22,19,10,23,7,32,5,31,11,30,1
628,17,13,35,11,27,6,29,15,34,20,2,28,8,26,3,4,33,24,19,18,16,25,14,10,23,21,7,22,9,32,5,30,12,31,1
629,16,14,35,7,28,5,29,15,33,20,2,27,8,24,3,4,34,25,19,17,18,26,13,9,22,21,12,23,10,32,6,30,11,31,1
630,15,14,35,8,25,5,28,16,34,20,2,29,9,27,3,4,32,23,19,17,18,26,13,10,22,24,11,21,7,33,6,31,12,30,1
631,16,13,35,8,25,5,29,15,33,18,2,28,10,27,3,4,32,24,20,19,17,26,14,11,22,21,7,23,9,34,6,31,12,30,1
632,17,13,35,8,27,6,28,16,33,20,2,29,10,25,3,4,32,23,19,18,15,26,14,12,24,21,9,22,7,34,5,30,11,31,1
633,15,14,35,10,26,6,29,16,32,20,2,28,8,27,3,4,33,23,21,18,17,25,13,7,24,19,12,22,9,34,5,31,11,30,1
634,16,15,35,7,27,6,28,14,33,20,2,29,10,26,3,4,32,23,19,18,17,25,13,11,24,21,8,22,9,34,5,30,12,31,1
635,17,13,35,7,27,6,28,15,32,20,2,29,9,26,3,4,34,21,19,18,16,25,14,11,22,24,8,23,10,33,5,31,12,30,1
636,16,13,35,7,26,6,27,15,33,19,2,28,10,29,3,4,32,24,20,18,17,25,14,11,23,21,8,22,9,34,5,31,12,30,1
637,17,14,35,7,26,5,29,16,34,19,2,27,8,28,3,4,32,23,20,18,15,25,13,9,24,21,12,22,10,33,6,30,11,31,1
638,17,14,35,10,27,6,29,16,34,20,2,28,9,23,3,4,32,26,19,18,15,25,13,7,24,21,11,22,8,33,5,30,12,31,1
639,17,13,35,8,27,6,28,16,32,20,2,29,10,24,3,4,34,25,19,18,15,26,14,11,22,21,7,23,9,33,5,30,12,31,1
640,17,14,35,7,27,6,29,16,33,21,2,28,9,26,3,4,32,25,18,19,15,24,13,10,22,20,8,23,11,34,5,31,12,30,1
641,16,14,35,7,27,6,29,17,32,20,2,28,9,24,3,4,34,26,19,15,18,22,13,10,21,25,11,23,8,33,5,30,12,31,1
642,17,14,35,7,27,6,29,15,32,19,2,28,8,25,3,4,34,24,20,18,16,26,13,10,22,21,9,23,11,33,5,31,12,30,1
643,15,13,35,11,27,6,29,16,33,20,2,28,7,24,3,4,32,26,19,18,17,25,14,10,23,21,8,22,9,34,5,30,12,31,1
644,17,14,35,7,27,6,29,16,33,20,2,28,10,24,3,4,34,26,19,18,13,25,15,8,21,23,9,22,11,32,5,30,12,31,1
645,16,13,35,10,23,5,28,15,33,21,2,27,7,29,3,4,32,25,20,19,17,26,14,9,24,18,11,22,8,34,6,31,12,30,1
646,16,13,35,9,26,6,29,15,33,20,2,27,8,28,3,4,32,25,19,18,17,24,14,11,21,23,10,22,7,34,5,30,12,31,1
647,17,13,35,8,26,5,28,15,33,20,2,29,9,27,3,4,32,24,18,19,16,25,14,10,23,21,7,22,11,34,6,30,12,31,1
648,17,15,35,8,27,6,29,16,33,20,2,28,10,23,3,4,34,26,19,18,14,24,13,11,25,22,7,21,9,32,5,30,12,31,1
649,16,14,35,7,26,6,28,15,33,19,2,29,8,27,3,4,32,25,20,18,17,24,13,11,22,23,10,21,9,34,5,30,12,31,1
650,16,14,35,11,27,6,29,15,33,20,2,28,8,24,3,4,34,25,19,18,17,26,13,10,23,22,7,21,9,32,5,30,12,31,1
651,17,13,35,7,25,5,29,16,32,21,2,28,10,27,3,4,33,24,20,19,15,26,14,11,23,18,8,22,9,34,6,30,12,31,1
652,17,15,35,7,27,5,29,14,34,19,2,28,9,23,3,4,32,25,20,18,16,26,13,10,24,22,8,21,11,33,6,30,12,31,1
653,16,14,35,8,26,5,28,17,33,19,2,29,7,27,3,4,34,24,20,18,15,25,13,11,22,21,12,23,9,32,6,30,10,31,1
654,17,14,35,11,26,5,29,16,33,21,2,28,8,24,3,4,34,23,20,18,15,27,13,9,25,19,7,22,10,32,6,31,12,30,1
655,17,14,35,7,26,6,29,16,33,20,2,28,10,24,3,4,32,23,19,18,15,25,13,9,27,21,11,22,8,34,5,30,12,31,1
656,16,14,35,11,25,5,29,15,34,20,2,28,7,27,3,4,32,23,18,19,17,26,13,8,21,24,10,22,9,33,6,30,12,31,1
657,17,15,35,8,25,6,28,16,34,20,2,29,10,27,3,4,32,23,19,18,14,26,13,11,24,21,9,22,7,33,5,30,12,31,1
658,16,15,35,8,26,6,29,17,33,20,2,28,7,25,3,4,32,27,19,18,14,24,13,9,21,23,11,22,10,34,5,30,12,31,1
659,15,14,35,7,26,5,28,16,34,20,2,29,9,27,3,4,32,25,19,18,17,24,13,10,21,23,12,22,8,33,6,30,11,31,1
660,17,13,35,9,23,5,29,16,34,20,2,28,10,26,3,4,32,27,19,18,15,25,14,11,24,21,8,22,7,33,6,31,12,30,1
661,16,14,35,8,27,6,29,15,32,20,2,28,11,26,3,4,33,24,18,19,17,25,13,10,21,22,9,23,7,34,5,30,12,31,1
662,16,14,35,7,27,5,28,17,33,21,2,29,11,25,3,4,32,24,20,18,15,26,13,10,19,22,8,23,9,34,6,31,12,30,1
663,17,14,35,7,26,5,29,15,33,20,2,28,8,27,3,4,32,23,19,18,16,25,13,11,22,21,12,24,10,34,6,31,9,30,1
664,16,14,35,10,26,5,28,15,32,20,2,29,7,27,3,4,33,24,19,18,17,25,13,9,22,23,12,21,8,34,6,30,11,31,1
665,17,14,35,8,26,5,28,15,34,20,2,27,7,29,3,4,33,24,19,16,18,25,13,12,23,21,9,22,10,32,6,30,11,31,1
666,17,14,35,8,27,6,29,16,33,20,2,28,10,25,3,4,32,24,18,19,15,26,13,9,22,21,11,23,7,34,5,30,12,31,1
667,15,14,35,8,26,5,29,17,33,20,2,28,9,27,3,4,32,25,18,19,16,24,13,10,23,22,11,21,7,34,6,31,12,30,1
668,16,14,35,8,25,5,28,15,32,20,2,29,7,27,3,4,33,24,19,17,18,26,13,10,23,21,9,22,11,34,6,31,12,30,1
669,17,14,35,7,27,6,29,16,34,21,2,28,11,26,3,4,32,24,19,18,15,25,13,9,22,20,8,23,10,33,5,30,12,31,1
670,16,15,35,10,26,5,29,14,33,20,2,28,11,27,3,4,32,24,19,18,17,25,13,9,23,21,7,22,8,34,6,31,12,30,1
671,17,14,35,9,27,6,29,16,33,20,2,28,7,26,3,4,32,25,19,18,15,24,13,11,22,21,10,23,8,34,5,30,12,31,1
672,17,14,35,8,26,6,28,18,32,19,2,27,11,29,3,4,33,24,20,16,15,25,13,7,21,22,9,23,10,34,5,31,12,30,1
673,17,14,35,7,26,6,28,16,34,19,2,29,9,27,3,4,32,23,20,18,15,25,13,10,22,21,12,24,8,33,5,30,11,31,1
674,17,15,35,8,26,5,29,16,34,20,2,27,10,28,3,4,32,24,19,18,14,25,13,7,21,22,12,23,9,33,6,31,11,30,1
675,14,13,35,9,26,5,28,18,34,21,2,29,11,27,3,4,32,25,20,17,16,24,15,10,23,19,8,22,7,33,6,30,12,31,1
676,15,14,35,9,26,6,28,17,34,19,2,29,11,27,3,4,33,24,20,18,16,25,13,8,21,22,10,23,7,32,5,30,12,31,1
677,17,13,35,8,26,5,29,16,33,20,2,28,11,22,3,4,34,25,19,18,15,27,14,10,23,24,7,21,9,32,6,30,12,31,1
678,18,15,35,8,26,5,29,16,34,20,2,28,7,27,3,4,33,22,19,17,14,25,13,10,24,21,12,23,9,32,6,30,11,31,1
679,18,14,35,11,23,5,28,15,33,20,2,29,7,27,3,4,32,24,19,17,16,26,13,10,21,25,8,22,9,34,6,30,12,31,1
680,16,14,35,8,27,5,29,15,32,20,2,28,10,22,3,4,33,25,18,19,17,26,13,9,24,23,11,21,7,34,6,31,12,30,1
681,17,15,35,10,26,6,29,14,32,20,2,28,8,27,3,4,34,24,18,19,16,25,13,11,22,21,7,23,9,33,5,31,12,30,1
682,15,16,35,8,27,5,29,18,34,20,2,28,9,24,3,4,32,25,19,17,14,26,13,11,22,23,7,21,10,33,6,30,12,31,1
683,15,14,35,9,26,5,29,16,33,20,2,28,11,27,3,4,34,24,19,18,17,25,13,10,22,21,8,23,7,32,6,30,12,31,1
684,16,13,35,9,25,6,29,15,33,19,2,28,7,27,3,4,32,26,20,18,17,24,14,11,21,22,10,23,8,34,5,31,12,30,1
685,18,16,35,10,26,5,29,15,33,19,2,28,9,27,3,4,32,22,20,17,13,25,14,11,23,21,7,24,8,34,6,30,12,31,1
686,18,14,35,9,26,5,29,16,32,21,2,28,11,27,3,4,33,24,19,17,15,25,13,10,23,20,7,22,8,34,6,31,12,30,1
687,17,14,35,7,24,5,28,15,33,20,2,27,9,29,3,4,32,25,18,19,16,26,13,11,23,21,10,22,8,34,6,30,12,31,1
688,17,13,35,7,26,5,29,18,33,20,2,28,10,27,3,4,32,24,19,16,15,25,14,8,23,21,11,22,9,34,6,30,12,31,1
689,17,14,35,9,26,5,29,15,32,20,2,28,12,27,3,4,33,24,19,18,16,25,13,10,21,22,7,23,8,34,6,31,11,30,1
690,17,12,35,7,27,5,28,16,33,20,2,29,9,25,3,4,32,23,18,19,14,24,15,11,21,26,13,22,8,34,6,31,10,30,1
691,17,14,35,7,26,6,29,15,32,20,2,27,9,28,3,4,34,25,19,18,16,23,13,10,21,24,12,22,8,33,5,30,11,31,1
692,17,14,35,8,27,5,29,15,34,19,2,28,10,26,3,4,32,24,20,18,16,25,13,11,23,21,7,22,9,33,6,31,12,30,1
693,17,14,35,11,27,6,28,15,34,19,2,29,10,25,3,4,32,24,20,18,16,26,13,8,21,23,9,22,7,33,5,30,12,31,1
694,17,16,35,7,26,6,27,15,33,19,2,28,9,29,3,4,32,24,20,18,14,25,13,10,22,23,11,21,8,34,5,30,12,31,1
695,16,13,35,10,26,6,29,15,32,20,2,28,11,27,3,4,33,24,19,18,17,25,14,8,21,22,7,23,9,34,5,30,12,31,1
696,17,14,35,9,24,5,29,15,32,21,2,28,8,27,3,4,33,26,19,18,13,25,16,11,23,20,7,22,10,34,6,31,12,30,1
697,16,14,35,8,27,5,29,15,33,20,2,28,11,26,3,4,32,24,18,19,17,25,13,10,22,21,9,23,7,34,6,30,12,31,1
698,17,14,35,9,24,5,28,15,33,19,2,29,8,27,3,4,34,26,20,16,18,25,13,10,21,23,7,22,11,32,6,30,12,31,1
699,17,14,35,7,26,6,29,13,32,20,2,27,10,28,3,4,33,24,19,18,15,25,16,11,22,23,9,21,8,34,5,30,12,31,1
700,17,14,35,9,26,5,29,16,33,20,2,28,11,27,3,4,32,24,19,18,15,25,13,8,22,21,7,23,10,34,6,31,12,30,1
701,17,14,35,7,27,6,28,15,32,20,2,29,11,25,4,3,33,26,19,18,16,24,13,8,21,23,10,22,9,34,5,31,12,30,1
702,16,14,35,7,26,6,29,15,32,20,2,28,10,27,3,4,33,24,19,18,17,25,13,11,21,22,8,23,9,34,5,31,12,30,1
703,16,13,35,7,26,5,27,15,32,19,2,28,9,29,3,4,34,24,20,18,17,25,14,11,23,21,8,22,10,33,6,30,12,31,1
704,17,16,35,9,26,6,29,15,32,19,2,28,7,25,3,4,33,24,20,18,14,27,13,8,23,21,11,22,10,34,5,30,12,31,1
705,17,14,35,10,24,5,29,16,34,21,2,28,7,27,3,4,33,25,20,19,18,26,13,11,22,15,8,23,9,32,6,30,12,31,1
706,18,14,35,9,27,6,29,16,34,20,2,28,10,26,3,4,31,24,21,19,15,25,13,11,23,17,8,22,7,33,5,30,12,32,1
707,16,14,35,7,26,6,28,17,32,19,2,29,11,27,3,4,33,24,20,18,15,25,13,10,22,21,8,23,9,34,5,31,12,30,1
708,15,14,35,10,27,6,28,16,33,20,2,29,9,26,3,4,34,24,19,18,17,25,13,11,22,21,7,23,8,32,5,30,12,31,1
709,15,13,35,9,27,6,28,16,34,20,2,29,8,21,3,4,32,25,17,18,19,26,14,11,23,22,10,24,7,33,5,30,12,31,1
710,15,13,35,7,27,6,29,14,34,20,2,28,9,25,3,4,32,23,19,18,17,26,16,8,21,24,12,22,10,33,5,30,11,31,1
711,15,13,35,7,27,6,28,16,34,19,2,29,9,25,3,4,32,23,18,17,20,26,14,12,22,24,8,21,10,33,5,30,11,31,1
712,14,17,35,9,26,5,27,16,33,20,2,29,8,28,3,4,32,24,19,18,15,25,13,11,23,21,10,22,7,34,6,30,12,31,1
713,16,14,35,7,27,6,29,18,34,19,2,28,11,26,3,4,32,23,20,17,15,25,13,10,22,21,8,24,9,33,5,30,12,31,1
714,16,14,35,9,26,6,29,15,34,20,2,28,10,27,3,4,33,24,19,17,18,25,13,11,23,22,8,21,7,32,5,30,12,31,1
715,18,14,35,11,25,6,28,15,33,20,2,29,9,22,3,4,32,26,16,19,17,27,13,10,23,21,7,24,8,34,5,31,12,30,1
716,15,14,35,7,26,6,28,17,34,20,2,29,10,27,3,4,32,24,19,18,16,25,13,11,23,22,9,21,8,33,5,31,12,30,1
717,16,14,35,7,26,5,28,15,34,20,2,29,9,27,3,4,32,24,19,17,18,25,13,11,23,21,10,22,8,33,6,30,12,31,1
718,16,14,35,7,27,6,29,15,32,20,2,28,8,23,3,4,33,26,19,18,17,24,13,11,21,22,10,25,9,34,5,31,12,30,1
719,17,16,35,8,23,5,28,14,33,21,2,29,9,27,3,4,32,24,20,15,18,26,13,10,25,19,11,22,7,34,6,30,12,31,1
720,16,14,35,7,26,6,29,15,32,20,2,28,8,25,3,4,33,24,19,18,17,27,13,10,22,21,12,23,9,34,5,31,11,30,1
721,16,15,35,10,25,6,29,17,33,20,2,28,8,26,3,4,32,24,19,18,14,27,13,11,22,21,9,23,7,34,5,30,12,31,1
722,16,13,35,10,25,6,29,17,32,21,2,28,9,26,3,4,34,24,20,18,15,27,14,12,22,19,7,23,8,33,5,31,11,30,1
723,16,13,35,9,26,6,29,15,33,22,2,28,8,27,3,4,34,23,21,18,17,25,14,11,20,19,10,24,7,32,5,30,12,31,1
724,17,14,35,7,26,5,29,15,33,19,2,28,11,27,3,4,32,25,20,18,16,24,13,8,22,21,10,23,9,34,6,30,12,31,1
725,15,14,35,7,26,6,29,17,34,21,2,28,10,27,3,4,32,23,19,18,16,25,13,8,24,20,11,22,9,33,5,30,12,31,1
726,16,13,35,10,26,5,28,17,32,20,2,29,7,27,3,4,33,24,19,18,15,25,14,9,23,22,8,21,11,34,6,31,12,30,1
727,16,14,35,7,24,5,29,18,32,20,2,28,10,27,3,4,33,26,19,17,15,23,13,8,22,25,11,21,9,34,6,30,12,31,1
728,16,13,35,8,27,5,29,14,33,20,2,28,10,24,3,4,32,25,19,17,18,23,15,9,21,26,12,22,7,34,6,30,11,31,1
729,16,14,35,8,26,5,29,15,34,20,2,27,7,28,3,4,32,24,19,18,17,25,13,9,23,21,10,22,11,33,6,31,12,30,1
730,18,14,35,7,26,5,28,13,34,21,2,27,11,29,3,4,32,24,19,17,16,25,15,8,22,20,10,23,9,33,6,31,12,30,1
731,16,14,35,7,27,6,29,15,34,20,2,28,11,25,3,4,33,24,18,19,17,26,13,8,21,22,10,23,9,32,5,30,12,31,1
732,15,13,35,9,27,5,28,17,33,19,2,29,11,24,3,4,32,25,20,18,16,23,14,7,26,21,8,22,10,34,6,31,12,30,1
733,17,14,35,7,26,5,29,16,33,19,2,28,11,23,3,4,32,25,20,18,15,27,13,8,22,21,10,24,9,34,6,31,12,30,1
734,18,14,35,8,27,6,29,13,33,20,2,28,12,26,3,4,34,25,19,17,15,24,16,9,21,23,7,22,10,32,5,30,11,31,1
735,18,14,35,9,25,6,29,15,33,20,2,28,8,27,3,4,32,23,19,17,16,22,13,7,26,24,11,21,10,34,5,30,12,31,1
736,17,14,35,8,23,5,28,15,34,20,2,29,7,27,3,4,32,25,19,18,16,24,13,11,26,21,10,22,9,33,6,31,12,30,1
737,15,14,35,8,25,6,28,16,32,20,2,29,10,27,3,4,33,23,21,18,17,26,13,11,24,19,7,22,9,34,5,30,12,31,1
738,16,14,35,7,26,5,29,18,33,20,2,28,10,27,3,4,32,25,19,17,15,24,13,9,21,22,8,23,11,34,6,31,12,30,1
739,17,14,35,7,26,6,28,13,33,19,2,27,10,29,3,4,34,24,20,18,16,25,15,9,21,22,8,23,11,32,5,30,12,31,1
740,17,13,35,7,25,6,28,16,33,20,2,29,9,23,3,4,32,26,19,18,15,27,14,11,22,24,8,21,10,34,5,30,12,31,1
741,16,14,35,7,26,6,29,18,33,21,2,28,8,27,3,4,34,24,20,17,15,25,13,12,23,19,10,22,9,32,5,30,11,31,1
742,17,15,35,7,25,5,28,16,32,20,2,29,10,27,3,4,34,24,19,18,13,26,14,12,23,21,9,22,8,33,6,31,11,30,1
743,17,14,35,8,27,5,29,16,32,19,2,28,11,25,3,4,33,24,21,18,15,26,13,10,23,20,7,22,9,34,6,31,12,30,1
744,17,14,35,8,27,5,28,15,33,19,2,29,10,25,3,4,32,24,20,18,16,26,13,12,21,22,7,23,9,34,6,31,11,30,1
745,16,14,35,7,26,6,29,15,33,20,2,28,9,27,3,4,32,24,19,17,18,25,13,8,21,22,11,23,10,34,5,31,12,30,1
746,16,15,35,10,26,5,28,14,33,19,2,27,7,29,3,4,32,24,20,17,18,25,13,9,21,22,8,23,11,34,6,30,12,31,1
747,18,14,35,7,25,5,29,15,33,20,2,27,8,28,3,4,32,24,19,17,16,26,13,10,23,22,11,21,9,34,6,31,12,30,1
748,17,13,35,7,26,6,29,16,33,20,2,28,11,27,3,4,32,23,19,18,15,25,14,9,24,21,10,22,8,34,5,31,12,30,1
749,16,13,35,8,27,6,28,15,34,20,2,29,9,24,3,4,32,25,18,19,17,26,14,12,21,23,7,22,10,33,5,30,11,31,1
750,16,13,35,7,26,6,28,15,34,19,2,27,9,29,3,4,32,24,20,18,17,25,14,10,22,21,12,23,8,33,5,30,11,31,1
751,16,13,35,9,26,5,29,18,34,19,2,28,7,27,3,4,32,24,20,17,15,25,14,11,22,21,10,23,8,33,6,30,12,31,1
752,15,14,35,7,25,6,29,17,34,20,2,28,10,26,3,4,32,27,19,18,16,24,13,11,21,22,9,23,8,33,5,30,12,31,1
753,16,15,35,7,28,5,29,17,32,19,2,27,11,23,3,4,34,25,20,18,13,26,14,9,24,22,10,21,8,33,6,30,12,31,1
754,16,15,35,8,26,5,28,14,32,21,2,29,9,27,3,4,33,24,19,17,18,25,13,11,22,20,7,23,10,34,6,30,12,31,1
755,16,14,35,8,25,5,29,15,32,20,2,28,11,27,3,4,33,24,19,18,17,26,13,10,23,21,9,22,7,34,6,31,12,30,1
756,17,15,35,10,24,6,29,14,34,20,2,28,7,25,4,3,32,26,19,18,16,27,13,8,23,22,11,21,9,33,5,31,12,30,1
757,16,15,35,7,25,5,29,14,33,20,2,28,9,27,3,4,32,24,19,17,18,26,13,11,22,21,10,23,8,34,6,30,12,31,1
758,17,14,35,10,26,5,29,16,33,20,2,28,7,27,3,4,32,24,19,18,15,25,13,8,21,22,11,23,9,34,6,31,12,30,1
759,15,13,35,7,27,5,29,16,32,20,2,28,9,26,3,4,34,25,19,18,17,24,14,8,22,23,10,21,11,33,6,31,12,30,1
760,16,14,35,9,25,6,28,15,34,20,2,29,7,23,3,4,32,24,19,18,17,26,13,11,21,27,8,22,10,33,5,30,12,31,1
761,16,15,35,8,26,6,29,13,34,20,2,27,10,28,3,4,33,24,19,18,17,25,14,9,22,21,7,23,11,32,5,30,12,31,1
762,18,13,35,8,27,6,29,16,32,20,2,28,10,26,3,4,34,24,19,17,15,25,14,11,22,21,7,23,9,33,5,31,12,30,1
763,16,14,35,7,27,6,29,15,33,20,2,28,9,26,3,4,32,25,19,18,17,24,13,10,22,23,12,21,8,34,5,31,11,30,1
764,15,13,35,8,27,5,29,17,33,20,2,28,9,24,3,4,32,26,18,16,19,25,14,11,22,21,7,23,10,34,6,31,12,30,1
765,15,14,35,7,26,6,29,17,32,20,2,28,9,27,3,4,33,24,19,18,16,25,13,10,22,21,11,23,8,34,5,31,12,30,1
766,17,14,35,8,26,6,29,15,33,20,2,28,10,27,3,4,32,24,19,18,16,25,13,11,21,22,7,23,9,34,5,31,12,30,1
767,16,14,35,8,27,6,28,15,33,20,2,29,12,26,3,4,32,23,19,18,17,25,13,10,24,21,7,22,9,34,5,30,11,31,1
768,16,14,35,8,26,6,28,15,34,21,2,29,11,27,3,4,33,24,19,18,17,25,13,10,22,20,7,23,9,32,5,30,12,31,1
769,16,14,35,7,26,5,28,15,33,20,2,29,10,25,3,4,32,24,19,18,17,27,13,11,23,21,8,22,9,34,6,31,12,30,1
770,16,14,35,8,25,6,29,15,32,20,2,28,9,24,3,4,33,26,19,18,17,23,13,11,22,27,10,21,7,34,5,30,12,31,1
771,17,14,35,7,26,5,29,15,32,20,2,28,8,27,3,4,33,24,19,18,16,25,13,9,22,23,10,21,11,34,6,30,12,31,1
772,16,14,35,8,26,5,27,15,33,20,2,28,9,29,3,4,32,25,18,19,17,24,13,10,21,23,11,22,7,34,6,30,12,31,1
773,17,16,35,7,26,6,28,14,33,21,2,29,10,27,3,4,32,25,19,18,15,23,13,12,24,20,9,22,11,34,5,30,8,31,1
774,17,14,35,10,26,5,28,15,32,20,2,29,8,27,3,4,33,24,19,18,16,25,13,11,22,21,9,23,7,34,6,30,12,31,1
775,17,14,35,7,27,5,29,16,32,20,2,28,9,26,3,4,33,24,19,18,15,25,13,11,21,22,10,23,8,34,6,31,12,30,1
776,17,14,35,7,26,6,28,15,33,20,2,29,8,27,3,4,32,24,18,19,16,25,13,9,22,23,11,21,10,34,5,30,12,31,1
777,17,13,35,8,27,6,29,15,32,20,2,28,11,24,3,4,33,25,19,18,16,26,14,12,22,21,7,23,9,34,5,31,10,30,1
778,16,13,35,8,25,6,29,17,34,20,2,28,7,27,3,4,32,26,19,18,15,24,14,11,21,23,9,22,10,33,5,31,12,30,1
779,18,17,35,7,27,5,29,15,33,20,2,28,9,24,3,4,32,25,19,16,14,26,13,10,23,21,11,22,8,34,6,31,12,30,1
780,16,14,35,9,26,6,28,17,32,21,2,29,12,25,3,4,33,24,19,18,15,27,13,10,23,20,7,22,8,34,5,30,11,31,1
781,18,15,35,7,26,6,28,14,34,20,2,29,11,27,3,4,33,23,16,19,17,25,13,12,24,21,10,22,9,32,5,30,8,31,1
782,19,14,35,7,26,5,28,15,32,18,2,29,9,25,3,4,33,24,20,16,17,27,13,11,21,22,8,23,10,34,6,31,12,30,1
783,16,14,35,7,27,5,29,15,33,20,2,28,10,26,3,4,32,24,19,18,17,25,13,11,23,21,8,22,9,34,6,31,12,30,1
784,17,14,35,8,27,6,29,16,32,19,2,28,7,25,3,4,33,23,18,20,15,24,13,9,26,21,10,22,11,34,5,31,12,30,1
785,17,13,35,8,26,5,28,16,33,20,2,27,10,29,3,4,32,25,19,18,15,24,14,11,22,21,7,23,9,34,6,30,12,31,1
786,17,13,35,7,24,6,29,15,32,20,2,28,8,27,3,4,33,26,19,18,16,25,14,12,21,23,10,22,9,34,5,30,11,31,1
787,15,16,35,9,25,6,29,14,32,20,2,28,7,27,3,4,34,26,17,18,19,24,13,10,21,23,11,22,8,33,5,31,12,30,1
788,17,13,35,8,26,6,29,14,34,20,2,28,10,27,3,4,33,24,19,16,18,25,15,11,22,21,7,23,9,32,5,30,12,31,1
789,17,14,35,8,25,6,29,15,34,21,2,28,10,27,3,4,33,24,20,19,18,26,13,12,23,16,7,22,9,32,5,30,11,31,1
790,17,14,35,9,26,5,28,16,33,20,2,29,7,24,3,4,32,25,19,18,15,27,13,11,23,21,8,22,10,34,6,31,12,30,1
791,17,14,35,7,26,5,29,16,34,20,2,27,11,28,3,4,32,24,19,18,15,25,13,10,21,23,9,22,8,33,6,31,12,30,1
792,16,14,35,9,26,5,29,17,33,20,2,27,11,28,3,4,32,24,19,18,15,25,13,10,23,21,8,22,7,34,6,30,12,31,1
793,17,14,35,8,27,5,29,16,32,20,2,28,11,26,3,4,34,24,19,18,15,25,13,7,21,22,9,23,10,33,6,30,12,31,1
794,16,14,35,9,26,6,29,15,32,20,2,28,10,27,3,4,33,24,19,18,17,25,13,11,21,23,7,22,8,34,5,30,12,31,1
795,17,13,35,9,27,5,29,16,34,19,2,28,10,25,3,4,33,24,20,18,15,26,14,8,22,21,12,23,7,32,6,30,11,31,1
796,19,13,35,7,26,6,29,15,33,20,2,28,8,27,3,4,32,24,18,16,17,25,14,11,23,21,9,22,10,34,5,30,12,31,1
797,16,13,35,10,26,6,29,15,33,20,2,27,8,28,3,4,32,23,19,18,17,25,14,11,24,21,9,22,7,34,5,30,12,31,1
798,16,14,34,7,27,5,29,18,33,19,2,28,9,25,3,4,32,24,20,17,15,26,13,12,21,22,8,23,11,35,6,31,10,30,1
799,15,14,35,8,26,6,28,17,34,20,2,29,9,27,3,4,32,25,19,18,16,24,13,10,23,21,12,22,7,33,5,30,11,31,1
800,16,13,35,8,27,5,29,17,34,20,2,28,10,25,3,4,33,26,19,18,15,24,14,11,23,21,7,22,9,32,6,30,12,31,1
801,17,14,35,9,26,5,29,16,34,20,2,28,11,27,3,4,32,24,19,18,15,25,13,10,22,21,7,23,8,33,6,30,12,31,1
802,16,13,35,10,26,6,29,17,33,20,2,28,9,24,3,4,32,27,19,18,14,23,15,8,21,22,12,25,7,34,5,30,11,31,1
803,17,13,35,7,28,6,29,15,33,20,2,27,10,25,3,4,32,24,19,18,16,26,14,12,22,21,8,23,9,34,5,30,11,31,1
804,16,14,35,7,25,6,29,17,33,20,2,28,8,24,3,4,32,27,19,18,15,26,13,11,23,21,10,22,9,34,5,30,12,31,1
805,15,13,35,7,25,5,29,16,33,21,2,28,10,26,3,4,32,23,19,17,18,24,14,11,27,20,8,22,9,34,6,30,12,31,1
806,15,14,35,7,26,5,29,17,32,20,2,28,10,27,3,4,33,25,19,18,16,24,13,11,21,22,8,23,9,34,6,31,12,30,1
807,14,13,35,8,27,6,29,15,33,21,2,28,10,22,3,4,34,24,18,19,17,26,16,11,25,20,9,23,7,32,5,31,12,30,1
808,16,14,35,7,25,5,28,17,33,21,2,27,11,29,3,4,32,24,19,18,15,26,13,10,23,20,8,22,9,34,6,30,12,31,1
809,17,14,35,12,27,5,29,15,33,20,2,28,10,26,3,4,32,24,19,18,16,25,13,8,21,23,7,22,9,34,6,31,11,30,1
810,17,13,35,7,27,6,28,15,34,21,2,29,10,26,3,4,32,24,20,18,16,25,14,11,23,19,9,22,8,33,5,30,12,31,1
811,16,13,35,8,27,6,29,17,32,20,2,28,7,22,3,4,33,25,19,18,15,24,14,9,23,21,10,26,11,34,5,30,12,31,1
812,15,14,35,8,26,6,28,18,33,21,2,29,9,27,3,4,32,24,20,17,16,25,13,11,19,23,7,22,10,34,5,30,12,31,1
813,16,14,35,7,24,5,27,15,34,20,2,28,10,29,3,4,33,25,19,18,17,26,13,8,23,22,11,21,9,32,6,30,12,31,1
814,18,13,35,9,27,5,29,15,32,21,2,28,7,23,3,4,34,25,19,17,16,26,14,11,22,20,8,24,10,33,6,31,12,30,1
815,16,14,35,7,27,5,29,17,34,20,2,28,8,25,3,4,32,24,19,18,15,26,13,10,21,22,9,23,11,33,6,30,12,31,1
816,15,13,35,7,26,6,29,16,34,20,2,28,10,27,3,4,32,24,19,18,17,25,14,11,23,22,9,21,8,33,5,30,12,31,1
817,17,13,35,8,27,6,29,18,34,20,2,28,9,22,3,4,32,25,16,19,15,26,14,10,23,21,7,24,11,33,5,30,12,31,1
818,17,13,35,7,26,5,29,16,32,20,2,28,9,27,3,4,34,25,19,18,15,23,14,10,21,24,11,22,8,33,6,30,12,31,1
819,17,14,35,8,26,6,28,16,32,19,2,29,11,27,3,4,34,23,20,18,15,25,13,10,21,22,9,24,7,33,5,31,12,30,1
820,15,14,35,9,25,6,28,17,32,21,2,29,8,27,3,4,33,23,20,19,16,26,13,12,24,18,10,22,7,34,5,30,11,31,1
821,16,15,35,8,27,5,28,17,34,20,2,29,9,26,3,4,33,23,19,18,14,25,13,12,24,21,7,22,11,32,6,30,10,31,1
822,17,15,35,9,27,6,29,14,34,19,2,28,7,26,3,4,32,23,20,18,16,25,13,11,21,22,8,24,10,33,5,30,12,31,1
823,17,14,35,10,27,6,28,16,32,20,2,29,9,21,3,4,33,26,19,18,15,25,13,7,23,24,8,22,11,34,5,31,12,30,1
824,16,14,35,8,27,6,29,17,33,20,2,28,7,25,3,4,34,24,19,18,15,26,13,11,21,23,10,22,9,32,5,30,12,31,1
825,17,14,35,11,26,5,29,16,34,20,2,27,7,28,3,4,33,25,19,18,15,24,13,9,22,21,10,23,8,32,6,30,12,31,1
826,15,14,35,10,26,5,29,17,32,20,2,27,9,28,3,4,33,23,19,18,16,24,13,11,25,22,7,21,8,34,6,31,12,30,1
827,17,14,35,7,26,6,29,15,32,21,2,28,11,27,3,4,33,24,19,18,16,25,13,9,23,20,10,22,8,34,5,31,12,30,1
828,17,13,35,7,26,5,29,15,32,19,2,28,12,27,3,4,34,24,20,18,16,25,14,10,23,21,8,22,9,33,6,31,11,30,1
829,16,14,35,7,26,5,29,15,33,20,2,28,8,27,3,4,34,24,19,17,18,25,13,11,22,23,10,21,9,32,6,31,12,30,1
830,19,13,35,8,24,5,28,14,34,18,2,27,7,29,3,4,32,25,20,17,16,26,15,11,23,21,10,22,9,33,6,30,12,31,1
831,14,13,35,8,27,5,28,15,33,20,2,29,7,22,3,4,32,26,18,19,17,25,16,12,23,21,9,24,10,34,6,30,11,31,1
832,15,14,35,7,26,5,29,16,32,20,2,28,10,25,3,4,33,24,19,18,17,27,13,11,23,21,8,22,9,34,6,31,12,30,1
833,16,14,35,7,25,5,29,17,34,20,2,28,9,27,4,3,32,24,19,18,15,26,13,11,23,21,10,22,8,33,6,30,12,31,1
834,17,13,35,8,26,5,29,16,33,21,2,28,7,27,3,4,32,24,20,19,15,25,14,11,22,18,10,23,9,34,6,30,12,31,1
835,16,14,35,11,25,6,28,15,32,20,2,29,10,27,3,4,33,26,19,17,18,24,13,7,22,21,8,23,9,34,5,30,12,31,1
836,16,14,35,9,26,5,28,19,33,20,2,29,10,27,3,4,34,24,18,17,15,25,13,8,23,21,7,22,11,32,6,30,12,31,1
837,17,14,35,10,27,6,29,16,32,20,2,28,9,26,3,4,34,24,19,18,15,25,13,8,21,22,12,23,7,33,5,31,11,30,1
838,17,14,35,8,27,6,28,15,33,19,2,29,10,26,3,4,32,24,20,18,16,25,13,11,22,21,7,23,9,34,5,31,12,30,1
839,16,13,35,7,26,5,29,15,33,20,2,27,8,28,3,4,32,23,19,18,17,25,14,11,21,24,10,22,9,34,6,30,12,31,1
840,15,13,35,9,26,6,27,16,33,20,2,28,12,29,3,4,31,24,19,17,18,25,14,10,21,23,8,22,7,34,5,30,11,32,1
841,16,13,35,8,27,5,29,15,34,19,2,28,11,26,3,4,32,24,20,18,17,25,14,9,23,21,7,22,10,33,6,30,12,31,1
842,17,14,35,7,27,6,29,15,33,20,2,28,10,26,3,4,32,24,19,16,18,25,13,9,21,22,11,23,8,34,5,31,12,30,1
843,17,14,35,8,26,5,28,15,33,18,2,29,9,24,3,4,32,25,20,19,16,27,13,11,22,21,7,23,10,34,6,30,12,31,1
844,16,14,35,10,27,6,28,18,33,20,2,29,7,24,3,4,32,26,19,17,15,25,13,8,22,21,9,23,11,34,5,30,12,31,1
845,18,14,35,9,26,5,29,15,32,20,2,28,7,27,3,4,33,23,19,17,16,25,13,10,24,21,11,22,8,34,6,31,12,30,1
846,15,13,35,7,26,6,29,16,34,20,2,28,8,27,3,4,32,25,19,18,17,24,14,11,22,21,10,23,9,33,5,30,12,31,1
847,16,14,35,8,27,6,29,17,34,20,2,28,7,24,3,4,32,23,19,18,15,26,13,11,25,21,10,22,9,33,5,30,12,31,1
848,16,13,35,7,24,5,29,15,34,19,2,27,11,28,3,4,32,25,20,17,18,26,14,10,21,23,8,22,9,33,6,30,12,31,1
849,17,14,35,7,26,5,28,16,32,20,2,29,9,27,3,4,34,24,19,18,15,25,13,10,21,22,12,23,8,33,6,31,11,30,1
850,15,14,35,7,24,5,29,16,33,20,2,28,8,27,3,4,32,25,19,17,18,26,13,10,22,21,11,23,9,34,6,30,12,31,1
851,17,13,35,7,26,6,29,15,33,21,2,28,10,27,3,4,32,23,19,18,16,24,14,11,25,20,8,22,9,34,5,31,12,30,1
852,16,14,35,8,26,6,28,15,32,19,2,29,11,27,3,4,33,23,20,17,18,25,13,10,22,21,7,24,9,34,5,31,12,30,1
853,15,13,35,8,25,5,29,16,33,20,2,28,7,27,3,4,32,24,19,18,17,26,14,10,23,22,11,21,9,34,6,30,12,31,1
854,16,14,35,7,27,6,29,15,34,19,2,28,11,26,3,4,32,23,21,18,17,25,13,9,24,20,8,22,10,33,5,30,12,31,1
855,17,15,35,9,27,6,29,16,33,21,2,28,12,25,3,4,32,24,20,18,13,26,14,8,22,19,7,23,11,34,5,30,10,31,1
856,17,13,35,8,27,5,28,15,32,20,2,29,11,22,3,4,33,26,19,18,16,25,14,10,21,23,7,24,9,34,6,30,12,31,1
857,17,14,35,10,25,5,28,16,34,20,2,29,9,27,3,4,33,26,19,18,15,24,13,12,23,21,8,22,7,32,6,31,11,30,1
858,15,13,35,8,25,6,29,17,32,20,2,28,7,27,3,4,33,24,18,19,16,26,14,10,23,22,9,21,11,34,5,30,12,31,1
859,16,14,35,10,25,5,29,15,32,20,2,28,9,27,3,4,33,23,18,19,17,26,13,7,22,24,11,21,8,34,6,30,12,31,1
860,16,14,35,8,25,5,27,15,33,20,2,28,11,29,3,4,32,23,19,18,17,26,13,10,22,21,9,24,7,34,6,31,12,30,1
861,15,13,35,12,27,5,28,16,34,20,2,29,10,26,3,4,33,24,19,17,18,25,14,11,22,23,7,21,8,32,6,31,9,30,1
862,17,14,35,8,27,6,29,16,34,21,2,28,10,26,3,4,32,24,20,18,15,25,13,9,22,19,11,23,7,33,5,30,12,31,1
863,16,14,35,8,26,6,29,15,32,20,2,28,10,27,3,4,33,25,19,18,17,23,13,9,24,21,11,22,7,34,5,31,12,30,1
864,17,14,35,8,26,5,29,18,32,20,2,28,9,27,3,4,34,24,19,16,15,25,13,11,21,22,7,23,10,33,6,30,12,31,1
865,18,14,35,7,24,6,28,15,33,20,2,29,8,23,4,3,32,27,17,16,19,26,13,11,21,25,10,22,9,34,5,30,12,31,1
866,17,14,35,8,24,5,29,16,32,21,2,28,10,25,3,4,34,26,18,19,15,27,13,11,23,20,9,22,7,33,6,30,12,31,1
867,16,15,35,7,23,6,28,17,33,20,2,29,8,26,3,4,32,25,19,18,14,27,13,11,21,24,10,22,12,34,5,31,9,30,1
868,15,13,35,7,26,6,28,17,32,19,2,29,11,27,3,4,33,24,20,18,16,25,14,10,22,23,8,21,9,34,5,30,12,31,1
869,17,14,35,9,27,6,28,16,34,21,2,29,8,25,3,4,32,24,20,18,15,26,13,10,22,19,7,23,11,33,5,31,12,30,1
870,16,15,35,7,26,6,29,17,32,20,2,28,11,27,3,4,33,24,19,18,14,25,13,8,23,21,10,22,9,34,5,30,12,31,1
871,15,14,35,9,27,5,29,16,34,19,2,28,12,26,3,4,33,24,20,18,17,25,13,10,22,23,8,21,7,32,6,30,11,31,1
872,16,15,35,8,26,5,29,13,32,20,2,28,10,27,3,4,33,22,19,17,18,25,14,11,24,23,7,21,9,34,6,30,12,31,1
873,16,14,35,7,27,6,28,15,32,20,2,29,10,26,3,4,33,24,19,18,17,25,13,9,23,21,11,22,8,34,5,30,12,31,1
874,17,13,35,10,24,6,29,16,33,21,2,28,9,27,3,4,32,23,19,18,15,25,14,8,26,20,7,22,11,34,5,30,12,31,1
875,17,14,35,10,25,5,29,18,32,20,2,27,8,28,3,4,33,26,19,16,15,24,13,12,22,21,7,23,9,34,6,31,11,30,1
876,18,15,35,11,26,6,29,14,33,21,2,27,10,28,3,4,32,25,19,17,16,23,13,12,24,20,9,22,7,34,5,30,8,31,1
877,15,14,35,7,25,6,29,17,34,20,2,27,9,28,3,4,33,24,19,18,16,26,13,8,23,21,12,22,10,32,5,31,11,30,1
878,15,14,35,7,27,5,28,16,34,20,2,29,8,24,3,4,33,26,19,17,18,25,13,12,22,21,9,23,10,32,6,31,11,30,1
879,17,14,35,9,27,5,29,15,34,21,2,28,10,23,3,4,33,24,20,19,16,26,13,7,25,18,11,22,8,32,6,31,12,30,1
880,17,13,35,8,28,6,29,15,34,20,2,27,7,24,3,4,32,25,18,19,16,26,14,10,23,21,11,22,9,33,5,30,12,31,1
881,18,13,35,8,24,5,29,15,33,20,2,28,7,22,3,4,32,25,19,16,17,26,14,10,27,21,9,23,11,34,6,30,12,31,1
882,16,14,35,8,26,5,29,17,32,20,2,27,9,28,3,4,33,24,19,18,15,25,13,11,21,23,10,22,7,34,6,31,12,30,1
883,16,14,35,9,26,5,28,15,34,20,2,29,8,27,3,4,32,25,19,18,17,24,13,10,21,23,11,22,7,33,6,30,12,31,1
884,17,14,35,7,27,6,29,15,34,20,2,28,9,26,3,4,32,24,19,18,16,25,13,10,23,22,11,21,8,33,5,30,12,31,1
885,16,14,35,7,26,6,29,17,32,20,2,28,10,27,3,4,33,24,19,18,15,25,13,9,21,23,11,22,8,34,5,30,12,31,1
886,16,14,35,9,26,6,28,17,32,21,1,29,10,27,3,4,33,24,18,19,15,25,13,11,23,20,8,22,7,34,5,30,12,31,2
887,17,13,35,8,26,6,28,16,32,20,2,29,10,24,3,4,33,25,19,18,15,27,14,11,21,23,7,22,9,34,5,30,12,31,1
888,17,13,35,7,26,6,27,19,32,20,2,28,10,29,4,3,34,23,18,16,15,24,14,11,22,25,9,21,8,33,5,30,12,31,1
889,17,14,35,7,26,5,28,16,33,20,2,29,11,27,3,4,32,24,19,18,15,25,13,8,21,22,9,23,10,34,6,30,12,31,1
890,17,14,35,7,26,5,28,15,32,20,2,29,8,27,3,4,34,25,19,16,18,24,13,9,21,23,11,22,10,33,6,31,12,30,1
891,17,13,35,10,26,5,29,15,34,20,2,28,7,27,3,4,32,25,19,18,16,24,14,11,23,22,9,21,8,33,6,31,12,30,1
892,16,14,35,11,26,5,28,17,34,20,2,29,8,27,3,4,32,25,19,18,15,24,13,10,23,21,7,22,9,33,6,30,12,31,1
893,15,13,35,8,25,5,29,16,32,20,2,28,9,27,3,4,34,26,19,18,17,24,14,11,21,22,10,23,7,33,6,31,12,30,1
894,16,14,35,11,26,5,29,15,32,21,2,28,8,27,3,4,33,23,20,18,17,25,13,12,22,19,7,24,9,34,6,31,10,30,1
895,15,14,35,9,27,6,29,16,33,20,2,28,7,26,3,4,32,25,19,18,17,23,13,8,24,21,12,22,10,34,5,30,11,31,1
896,15,14,34,8,25,6,27,16,33,20,2,29,10,28,3,4,32,24,19,17,18,23,13,9,22,26,11,21,7,35,5,31,12,30,1
897,17,14,35,7,27,6,29,18,34,19,2,28,9,25,3,4,33,26,20,16,13,24,15,10,23,21,11,22,8,32,5,30,12,31,1
898,18,13,35,7,26,6,29,14,33,19,2,28,8,27,3,4,32,24,17,20,15,25,16,10,21,23,11,22,9,34,5,30,12,31,1
899,15,14,35,8,25,5,29,16,32,21,2,28,10,27,3,4,33,26,19,18,17,24,13,9,23,20,7,22,11,34,6,31,12,30,1
900,16,14,35,9,25,5,29,17,34,20,2,28,8,27,3,4,33,24,19,18,15,26,13,12,21,23,7,22,11,32,6,30,10,31,1
901,14,15,35,7,26,6,29,17,34,20,2,27,10,28,3,4,32,24,19,18,16,25,13,11,23,21,9,22,8,33,5,30,12,31,1
902,16,14,35,7,26,6,28,13,33,20,2,29,11,27,3,4,32,24,19,17,18,25,15,12,21,23,9,22,8,34,5,30,10,31,1
903,16,13,35,9,26,5,29,15,32,20,1,28,7,27,3,4,33,23,19,18,17,25,14,10,21,24,12,22,8,34,6,30,11,31,2
904,18,14,35,9,24,5,28,16,32,20,2,27,7,30,3,4,33,23,19,17,15,26,13,11,25,22,8,21,10,34,6,31,12,29,1
905,18,13,35,9,26,6,29,15,32,19,2,28,10,27,3,4,33,24,20,16,17,25,14,11,21,23,7,22,8,34,5,31,12,30,1
906,17,15,35,9,27,6,29,16,33,19,2,28,7,22,3,4,32,24,20,18,14,26,13,10,25,21,11,23,8,34,5,30,12,31,1
907,16,13,35,9,26,5,29,15,32,20,2,28,8,27,3,4,33,23,18,17,19,25,14,7,24,21,11,22,10,34,6,31,12,30,1
908,17,13,35,8,27,6,28,15,34,20,2,29,10,25,3,4,32,24,19,18,16,26,14,11,21,23,7,22,9,33,5,31,12,30,1
909,16,14,35,8,25,5,29,17,33,20,2,28,9,27,3,4,32,24,19,18,15,23,13,7,21,26,11,22,10,34,6,30,12,31,1
910,17,14,35,7,27,6,28,16,34,20,2,29,8,26,3,4,32,24,19,18,15,25,13,11,21,23,10,22,9,33,5,30,12,31,1
911,14,13,35,7,25,5,28,18,34,19,2,27,8,29,3,4,33,24,20,17,16,26,15,10,23,21,11,22,9,32,6,30,12,31,1
912,16,13,35,8,26,6,29,15,33,19,2,28,10,27,3,4,34,24,21,17,18,25,14,9,23,20,7,22,11,32,5,30,12,31,1
913,16,14,35,7,25,6,29,15,32,20,2,27,12,28,3,4,33,23,18,19,17,26,13,8,21,24,10,22,11,34,5,31,9,30,1
914,17,14,35,11,27,6,28,15,32,21,2,29,8,26,3,4,33,24,20,18,16,25,13,9,19,22,7,23,10,34,5,30,12,31,1
915,18,14,35,7,27,6,29,15,33,20,2,28,9,25,3,4,32,24,19,17,16,26,13,10,21,23,12,22,8,34,5,31,11,30,1
916,15,13,35,7,26,6,29,18,33,20,2,28,9,27,3,4,32,24,19,16,17,25,14,10,23,21,8,22,11,34,5,30,12,31,1
917,17,13,35,8,26,5,29,16,32,20,2,27,10,28,3,4,33,25,19,18,15,24,14,11,23,21,7,22,9,34,6,30,12,31,1
918,17,14,35,10,25,6,28,15,34,20,2,29,8,27,3,4,32,24,19,16,18,26,13,11,21,22,7,23,9,33,5,30,12,31,1
919,17,13,35,8,27,6,29,16,32,20,2,28,11,22,3,4,34,25,19,18,15,26,14,10,24,21,7,23,9,33,5,31,12,30,1
920,15,14,35,9,25,6,29,16,32,21,2,28,8,27,3,4,34,23,19,17,18,24,13,11,26,20,7,22,10,33,5,30,12,31,1
921,18,13,35,8,25,6,29,14,33,20,2,28,7,27,3,4,32,24,17,19,16,26,15,11,23,21,12,22,9,34,5,30,10,31,1
922,18,16,35,10,25,6,29,15,32,19,2,28,9,27,3,4,34,23,20,17,14,24,13,8,26,21,12,22,7,33,5,31,11,30,1
923,17,14,35,8,27,6,29,15,34,20,2,28,10,26,3,4,33,24,21,18,16,25,13,7,22,19,9,23,11,32,5,30,12,31,1
924,15,14,35,7,26,6,29,16,32,21,1,28,8,25,3,4,33,24,20,18,17,27,13,9,23,19,10,22,11,34,5,31,12,30,2
925,15,13,35,7,24,5,28,17,32,19,2,29,8,27,3,4,34,23,20,16,18,26,14,10,25,22,11,21,9,33,6,30,12,31,1
926,16,14,35,8,27,6,29,17,33,18,2,28,11,26,3,4,32,23,20,19,15,25,13,10,22,21,7,24,9,34,5,30,12,31,1
927,16,14,35,7,27,6,29,17,34,20,2,28,11,26,3,4,32,24,19,18,15,25,13,10,23,21,8,22,9,33,5,30,12,31,1
928,18,14,35,9,27,6,29,16,34,20,2,28,8,25,3,4,32,22,19,17,15,26,13,7,21,23,11,24,10,33,5,30,12,31,1
929,18,14,35,9,25,6,29,15,34,20,2,27,10,28,3,4,32,26,19,17,16,24,13,11,21,22,7,23,8,33,5,30,12,31,1
930,15,14,35,8,27,6,29,17,32,20,2,28,9,25,3,4,33,22,19,18,16,26,13,10,24,23,11,21,7,34,5,30,12,31,1
931,18,13,35,8,26,6,28,16,33,20,2,29,11,27,3,4,34,24,17,19,14,25,15,9,21,23,12,22,7,32,5,31,10,30,1
932,17,15,35,7,26,5,28,16,32,20,2,29,11,25,3,4,33,24,19,18,14,27,13,8,22,21,9,23,10,34,6,30,12,31,1
933,18,15,35,8,26,5,28,14,32,20,2,29,10,27,3,4,34,25,19,17,16,24,13,11,23,21,9,22,7,33,6,31,12,30,1
934,16,14,35,7,27,5,28,15,33,19,2,29,12,25,3,4,34,24,22,18,17,26,13,11,20,21,8,23,9,32,6,30,10,31,1
935,17,14,35,9,26,6,29,16,34,19,2,27,10,28,3,4,32,23,20,18,15,25,13,11,24,21,7,22,8,33,5,30,12,31,1
936,17,13,35,7,26,6,29,16,33,20,2,28,12,27,3,4,32,23,19,18,15,25,14,11,24,21,8,22,10,34,5,31,9,30,1
937,17,14,35,9,26,5,29,16,33,20,2,27,10,28,3,4,32,25,19,18,15,24,13,11,21,22,7,23,8,34,6,31,12,30,1
938,16,14,35,9,26,5,29,17,32,19,2,28,7,27,3,4,34,22,20,18,15,23,13,10,21,24,11,25,8,33,6,31,12,30,1
939,15,14,35,8,27,6,29,18,34,20,2,28,12,24,3,4,33,25,17,19,16,26,13,9,21,22,7,23,10,32,5,31,11,30,1
940,16,14,35,9,27,5,29,15,34,20,2,28,10,22,3,4,32,25,19,18,17,26,13,11,21,23,8,24,7,33,6,30,12,31,1
941,18,14,35,9,26,5,29,15,32,20,2,27,11,28,3,4,33,24,19,17,16,25,13,10,22,21,8,23,7,34,6,31,12,30,1
942,15,14,35,8,26,6,29,17,32,21,2,27,10,28,3,4,33,24,18,19,16,25,13,7,23,20,11,22,9,34,5,31,12,30,1
943,17,14,35,8,27,5,29,15,33,20,2,28,9,26,3,4,32,24,19,18,16,25,13,11,21,22,10,23,7,34,6,30,12,31,1
944,15,14,35,8,27,5,29,18,33,20,2,28,10,25,3,4,32,24,19,17,16,26,13,7,23,21,12,22,9,34,6,30,11,31,1
945,15,14,35,8,27,5,28,18,32,20,2,29,10,26,3,4,33,23,19,17,16,25,13,12,22,21,7,24,9,34,6,31,11,30,1
946,16,14,35,7,26,6,29,15,34,20,2,28,10,27,3,4,32,25,18,19,17,24,13,11,22,21,8,23,9,33,5,30,12,31,1
947,16,15,35,7,27,6,29,14,33,20,2,28,9,26,3,4,32,24,18,19,17,25,13,11,21,23,12,22,8,34,5,31,10,30,1
948,16,14,35,9,24,6,28,15,34,22,2,29,7,27,3,4,32,25,19,17,18,26,13,8,20,23,12,21,10,33,5,30,11,31,1
949,17,14,35,7,26,6,28,15,34,20,2,29,8,27,3,4,32,25,19,18,16,24,13,11,22,21,9,23,10,33,5,30,12,31,1
950,15,14,35,9,27,6,28,19,32,20,2,29,10,26,3,4,33,23,21,18,17,25,13,11,24,16,8,22,7,34,5,31,12,30,1
951,18,14,35,7,26,5,29,16,34,20,2,28,8,27,3,4,32,24,19,15,17,25,13,11,21,23,9,22,12,33,6,30,10,31,1
952,16,13,35,7,24,6,29,17,32,20,2,28,11,27,3,4,33,23,19,18,15,26,14,10,25,21,9,22,8,34,5,31,12,30,1
953,16,14,35,8,26,5,29,18,33,21,2,28,10,27,3,4,34,24,20,17,15,25,13,11,22,19,7,23,9,32,6,31,12,30,1
954,17,16,35,8,26,6,29,13,34,21,2,28,9,27,3,4,33,24,19,18,15,25,14,10,22,20,7,23,11,32,5,30,12,31,1
955,16,13,35,7,27,5,29,15,34,19,2,28,10,25,3,4,32,22,20,18,17,26,14,11,21,24,9,23,8,33,6,31,12,30,1
956,18,14,35,7,25,5,28,15,34,19,2,29,8,23,3,4,32,27,20,16,17,26,12,11,22,24,10,21,9,33,6,30,13,31,1
957,17,13,35,8,27,5,29,16,33,20,2,28,9,24,3,4,32,26,19,18,15,25,14,11,23,22,10,21,7,34,6,30,12,31,1
958,17,14,35,8,26,6,29,15,34,20,2,27,10,28,3,4,32,24,19,18,16,25,13,9,23,22,7,21,12,33,5,30,11,31,1
959,16,13,35,7,24,6,28,15,33,20,2,29,9,27,3,4,32,25,19,18,17,26,14,12,21,23,10,22,8,34,5,30,11,31,1
960,16,14,35,7,24,6,29,17,33,19,2,28,8,27,3,4,32,23,20,18,15,26,13,10,22,21,12,25,9,34,5,31,11,30,1
961,15,14,35,9,27,5,29,16,33,20,2,28,11,26,3,4,32,24,19,18,17,25,13,10,22,21,8,23,7,34,6,31,12,30,1
962,17,14,35,9,27,6,29,16,32,19,2,28,10,26,3,4,33,24,20,18,15,25,13,7,23,22,11,21,8,34,5,30,12,31,1
963,18,14,35,9,27,5,28,16,34,20,2,29,8,26,3,4,32,24,19,17,15,25,13,12,21,22,7,23,11,33,6,30,10,31,1
964,18,13,35,9,27,5,29,17,32,20,2,28,7,26,3,4,33,24,19,16,15,25,14,12,23,22,11,21,8,34,6,30,10,31,1
965,17,13,35,8,26,5,29,16,34,20,2,27,9,28,3,4,32,24,19,18,14,25,15,10,21,22,7,23,11,33,6,30,12,31,1
966,16,13,35,7,24,5,27,18,33,20,2,28,8,29,3,4,32,23,19,17,15,26,14,9,25,21,11,22,10,34,6,31,12,30,1
967,18,13,35,8,25,5,29,15,34,20,2,28,9,27,3,4,32,24,19,17,16,26,14,10,22,21,7,23,11,33,6,30,12,31,1
968,16,14,35,9,27,6,28,15,33,20,2,29,8,22,3,4,32,23,19,18,17,26,13,10,25,21,12,24,7,34,5,31,11,30,1
969,16,15,35,8,26,6,29,17,33,20,2,28,7,27,3,4,32,24,18,19,14,25,13,10,23,21,11,22,9,34,5,31,12,30,1
970,16,14,35,8,27,6,28,15,34,20,2,29,12,26,3,4,33,24,19,18,17,25,13,11,23,21,9,22,7,32,5,30,10,31,1
971,17,13,35,9,25,6,29,15,34,20,2,28,11,27,3,4,32,24,19,18,16,26,14,8,21,22,7,23,10,33,5,30,12,31,1
972,16,14,35,8,26,5,29,15,32,20,2,28,10,27,3,4,33,24,17,18,19,25,13,11,21,23,9,22,7,34,6,31,12,30,1
973,17,14,35,7,26,5,29,15,32,20,2,28,12,27,3,4,33,23,19,18,16,25,13,10,22,21,8,24,9,34,6,31,11,30,1
974,15,14,35,7,27,6,29,16,33,20,2,28,10,26,3,4,32,24,19,17,18,25,13,11,23,22,9,21,8,34,5,30,12,31,1
975,18,14,35,8,27,6,28,16,32,20,2,29,10,23,3,4,34,25,19,15,17,26,13,11,24,22,7,21,9,33,5,30,12,31,1
976,17,15,35,10,27,5,29,14,33,20,2,28,8,26,3,4,32,23,19,16,18,25,13,7,21,22,12,24,9,34,6,30,11,31,1
977,17,14,35,7,24,6,28,15,32,20,2,29,12,27,3,4,34,23,19,18,16,25,13,10,21,26,9,22,11,33,5,31,8,30,1
978,15,14,35,8,27,5,29,18,34,20,2,28,7,26,3,4,33,24,19,17,16,25,13,9,21,23,12,22,10,32,6,30,11,31,1
979,17,14,35,9,26,6,28,13,34,20,2,27,10,29,3,4,32,25,18,19,16,24,15,11,21,22,8,23,7,33,5,30,12,31,1
980,17,13,35,8,27,6,29,16,34,20,2,28,9,22,3,4,32,25,19,18,15,26,14,10,24,21,12,23,7,33,5,30,11,31,1
981,17,14,35,11,26,5,28,15,34,20,2,29,7,27,3,4,32,25,18,19,16,24,13,9,21,22,8,23,10,33,6,30,12,31,1
982,16,14,35,7,26,6,29,15,33,20,2,27,9,28,3,4,32,24,18,19,17,25,13,10,21,23,11,22,8,34,5,30,12,31,1
983,16,14,35,8,26,6,29,15,34,20,2,28,7,23,3,4,32,24,19,17,18,27,13,10,25,21,11,22,9,33,5,30,12,31,1
984,16,14,35,7,25,5,28,18,33,19,2,29,11,27,3,4,32,24,20,17,15,26,12,9,23,22,10,21,8,34,6,30,13,31,1
985,16,14,35,9,27,6,29,15,33,21,2,28,10,26,3,4,32,24,19,18,17,25,13,11,20,23,8,22,7,34,5,30,12,31,1
986,16,14,35,11,26,5,29,15,34,20,2,28,9,27,3,4,32,23,19,18,17,25,13,10,21,24,7,22,8,33,6,31,12,30,1
987,16,13,35,7,25,6,29,15,33,20,2,28,11,27,3,4,32,23,18,17,19,24,14,10,22,21,8,26,9,34,5,30,12,31,1
988,15,13,35,7,26,6,29,16,33,20,2,27,10,28,3,4,34,24,19,18,17,25,14,9,22,23,11,21,8,32,5,30,12,31,1
989,17,14,35,8,26,5,27,15,34,20,2,29,7,28,3,4,32,23,19,18,16,25,13,10,22,21,11,24,9,33,6,30,12,31,1
990,18,14,35,8,27,6,28,17,33,20,2,29,10,26,3,4,32,24,19,16,15,25,13,9,22,21,7,23,11,34,5,31,12,30,1
991,17,14,35,9,26,5,27,16,33,20,2,28,11,30,3,4,32,24,19,18,15,25,13,10,21,23,7,22,8,34,6,31,12,29,1
992,17,15,35,7,26,6,29,16,34,20,2,28,11,27,3,4,33,25,19,18,14,24,13,10,21,23,9,22,8,32,5,30,12,31,1
993,16,14,35,9,26,6,28,15,34,20,2,29,11,27,3,4,32,22,18,19,17,25,13,7,24,21,10,23,8,33,5,30,12,31,1
994,16,13,35,8,24,6,27,17,33,20,2,29,7,28,3,4,32,26,19,18,15,25,14,9,21,23,10,22,11,34,5,30,12,31,1
995,16,15,35,7,26,6,27,17,33,20,2,28,10,29,3,4,32,24,19,18,14,25,13,12,22,21,9,23,8,34,5,30,11,31,1
996,17,14,35,8,24,5,29,15,34,19,2,28,10,27,3,4,32,23,20,18,16,26,13,11,22,21,7,25,9,33,6,30,12,31,1
997,16,14,35,11,23,5,29,17,33,20,2,27,9,28,3,4,32,24,19,18,15,26,13,8,25,21,10,22,7,34,6,31,12,30,1
998,17,13,35,8,27,6,29,16,33,20,2,28,7,25,3,4,32,26,19,18,15,24,14,10,22,21,9,23,11,34,5,30,12,31,1
999,16,14,35,7,24,6,28,17,33,19,2,29,10,27,3,4,32,25,20,18,15,26,13,8,23,22,11,21,9,34,5,30,12,31,1
