ensembl_gene_id,chromosome,start_position,arm,chr_arm
ENSG00000184895,Y,2786855,p,Yp
ENSG00000154620,Y,13703899,q,Yq
ENSG00000067048,Y,12904108,q,Yq
ENSG00000114374,Y,12537650,q,Yq
ENSG00000183878,Y,13234577,q,Yq
ENSG00000012817,Y,19703865,q,Yq
ENSG00000154646,21,18269116,q,21q
ENSG00000156282,21,30165565,q,21q
ENSG00000188694,21,30281309,q,21q
ENSG00000154654,21,20998409,q,21q
ENSG00000156284,21,30214006,q,21q
ENSG00000159256,21,36320189,q,21q
ENSG00000154645,21,17901263,q,21q
ENSG00000223078,21,23281736,q,21q
ENSG00000283300,21,28743208,q,21q
ENSG00000159263,21,36699115,q,21q
ENSG00000183145,21,37006150,q,21q
ENSG00000212136,21,37045530,q,21q
ENSG00000160208,21,43659560,q,21q
ENSG00000160216,21,43865223,q,21q
ENSG00000183036,21,39867438,q,21q
ENSG00000171587,21,40010999,q,21q
ENSG00000183421,21,41739369,q,21q
ENSG00000160181,21,42346357,q,21q
ENSG00000160182,21,42362282,q,21q
ENSG00000160185,21,42403447,q,21q
ENSG00000142182,21,44246339,q,21q
ENSG00000160226,21,44328944,q,21q
ENSG00000266692,21,44437121,q,21q
ENSG00000264452,21,44439035,q,21q
ENSG00000221398,21,34456110,q,21q
ENSG00000184221,21,33070141,q,21q
ENSG00000177398,21,42062959,q,21q
ENSG00000183640,21,30812697,q,21q
ENSG00000274749,21,30829039,q,21q
ENSG00000182591,21,30880644,q,21q
ENSG00000188992,21,14108813,q,21q
ENSG00000160294,21,46235133,q,21q
ENSG00000204899,13,72708367,q,13q
ENSG00000165837,13,45534522,q,13q
ENSG00000150361,13,69700594,q,13q
ENSG00000182670,21,37073226,q,21q
ENSG00000150893,13,38687077,q,13q
ENSG00000174015,13,45702320,q,13q
ENSG00000152192,13,78598362,q,13q
ENSG00000188811,13,39038306,q,13q
ENSG00000102837,13,53028813,q,13q
ENSG00000139734,13,59665583,q,13q
ENSG00000197683,21,30319124,q,21q
ENSG00000206107,21,30337013,q,21q
ENSG00000186970,21,30440275,q,21q
ENSG00000252273,21,16035413,q,21q
ENSG00000207638,21,16539089,q,21q
ENSG00000199030,21,16539828,q,21q
ENSG00000239023,21,16718998,q,21q
ENSG00000160299,21,46324124,q,21q
ENSG00000159140,21,33543038,q,21q
ENSG00000118946,13,57631744,q,13q
ENSG00000136141,13,46553168,q,13q
ENSG00000184564,13,85792790,q,13q
ENSG00000182968,13,112067149,q,13q
ENSG00000041515,13,108596152,q,13q
ENSG00000180530,21,14961235,q,21q
ENSG00000159200,21,34513142,q,21q
ENSG00000185950,13,109752695,q,13q
ENSG00000153498,13,112376355,q,13q
ENSG00000204442,13,107163510,q,13q
ENSG00000185974,13,113667219,q,13q
ENSG00000122042,13,29764371,q,13q
ENSG00000171189,21,29536933,q,21q
ENSG00000179813,13,42781550,q,13q
ENSG00000202395,13,37166352,q,13q
ENSG00000206812,13,75109587,q,13q
ENSG00000201847,13,107320895,q,13q
ENSG00000200072,13,112052078,q,13q
ENSG00000252952,13,23217432,q,13q
ENSG00000198553,13,50015254,q,13q
ENSG00000283785,13,50049119,q,13q
ENSG00000150510,13,51222334,q,13q
ENSG00000189167,13,32303699,q,13q
ENSG00000212564,21,15614283,q,21q
ENSG00000243927,21,34073224,q,21q
ENSG00000133111,13,36819222,q,13q
ENSG00000215475,13,45777242,q,13q
ENSG00000198743,21,34073578,q,21q
ENSG00000175820,13,102729367,q,13q
ENSG00000159197,21,34180729,q,21q
ENSG00000178235,13,83877205,q,13q
ENSG00000244264,13,41121876,q,13q
ENSG00000165572,13,41127569,q,13q
ENSG00000120696,13,41189834,q,13q
ENSG00000166265,21,26466209,q,21q
ENSG00000125249,13,97434169,q,13q
ENSG00000160202,21,43169008,q,21q
ENSG00000222726,13,20612161,q,13q
ENSG00000180730,13,26044597,q,13q
ENSG00000133105,13,31739526,q,13q
ENSG00000073910,13,31846713,q,13q
ENSG00000123171,13,51861969,q,13q
ENSG00000125245,13,99254732,q,13q
ENSG00000102524,13,108251240,q,13q
ENSG00000132932,13,25371974,q,13q
ENSG00000151835,13,23288689,q,13q
ENSG00000231824,18,5142911,p,18p
ENSG00000132874,18,45212995,q,18q
ENSG00000178695,13,76880175,q,13q
ENSG00000102805,13,76990660,q,13q
ENSG00000134489,18,24460637,q,18q
ENSG00000253309,13,51335773,q,13q
ENSG00000177511,18,57352557,q,18q
ENSG00000139780,13,102685747,q,13q
ENSG00000125255,13,103043998,q,13q
ENSG00000081138,18,65750252,q,18q
ENSG00000043355,13,99981784,q,13q
ENSG00000139800,13,99962964,q,13q
ENSG00000169840,13,27792483,q,13q
ENSG00000166603,18,60371062,q,18q
ENSG00000139515,13,27920000,q,13q
ENSG00000172915,13,34942270,q,13q
ENSG00000101542,18,61333430,q,18q
ENSG00000141428,18,35972625,q,18q
ENSG00000141424,18,36108531,q,18q
ENSG00000102678,13,21671073,q,13q
ENSG00000166573,18,77249848,q,18q
ENSG00000202347,13,113478915,q,13q
ENSG00000153531,13,113399611,q,13q
ENSG00000197971,18,76978827,q,18q
ENSG00000120659,13,42562736,q,13q
ENSG00000253710,13,52012391,q,13q
ENSG00000173988,13,46211928,q,13q
ENSG00000280165,13,61409685,q,13q
ENSG00000212293,13,32420390,q,13q
ENSG00000132972,13,24764169,q,13q
ENSG00000102471,13,79481155,q,13q
ENSG00000199272,18,6454962,p,18p
ENSG00000251897,18,6936912,p,18p
ENSG00000222704,18,39016047,q,18q
ENSG00000207797,18,35904818,q,18q
ENSG00000253038,18,39034007,q,18q
ENSG00000252555,18,60018625,q,18q
ENSG00000207072,18,68858934,q,18q
ENSG00000199728,18,78036739,q,18q
ENSG00000175065,18,31376777,q,18q
ENSG00000186009,13,113648804,q,13q
ENSG00000186047,13,50519364,q,13q
ENSG00000139737,13,77697687,q,13q
ENSG00000206602,18,49491283,q,18q
ENSG00000176624,18,51174550,q,18q
ENSG00000119547,18,57435374,q,18q
ENSG00000284440,18,58451074,q,18q
ENSG00000173482,18,7566782,p,18p
ENSG00000133116,13,33016423,q,13q
ENSG00000136099,13,52842889,q,13q
ENSG00000276644,13,71437966,q,13q
ENSG00000200840,13,28232501,q,13q
ENSG00000083635,13,44939249,q,13q
ENSG00000154856,18,10454635,p,18p
ENSG00000180332,13,45192853,q,13q
ENSG00000165566,13,25161679,q,13q
ENSG00000120669,13,36168217,q,13q
ENSG00000221139,18,21450653,q,18q
ENSG00000252677,18,21711950,q,18q
ENSG00000171791,18,63123346,q,18q
ENSG00000242715,13,36222008,q,13q
ENSG00000176194,18,12254361,p,18p
ENSG00000134762,18,30989365,q,18q
ENSG00000134765,18,31129236,q,18q
ENSG00000102794,13,76948511,q,13q
ENSG00000183098,13,93226807,q,13q
ENSG00000080166,13,94436811,q,13q
ENSG00000154611,18,26133852,q,18q
ENSG00000125285,13,94709622,q,13q
ENSG00000185352,13,96090107,q,13q
ENSG00000131196,18,79395856,q,18q
ENSG00000198033,13,19173772,q,13q
ENSG00000179399,13,91398621,q,13q
ENSG00000183463,13,27977717,q,13q
ENSG00000139618,13,32315086,q,13q
ENSG00000153487,13,110712736,q,13q
ENSG00000122034,13,27424619,q,13q
ENSG00000053747,18,23689453,q,18q
ENSG00000283199,13,113953705,q,13q
ENSG00000226792,13,51082119,q,13q
ENSG00000207500,13,27255064,q,13q
ENSG00000207051,13,27255401,q,13q
ENSG00000141404,18,11689264,p,18p
ENSG00000141434,18,32185069,q,18q
ENSG00000167210,18,46476972,q,18q
ENSG00000197641,18,63586989,q,18q
ENSG00000206072,18,63647579,q,18q
ENSG00000187773,18,74434775,q,18q
ENSG00000206043,18,74315839,q,18q
ENSG00000166634,18,63542369,q,18q
ENSG00000141391,18,12407896,p,18p
ENSG00000206418,18,8609437,p,18p
ENSG00000141759,18,79970813,q,18q
ENSG00000101546,18,80034389,q,18q
ENSG00000178184,18,80157232,q,18q
ENSG00000091157,18,56651343,q,18q
ENSG00000177143,18,580380,p,18p
ENSG00000206422,18,7231089,p,18p
ENSG00000168454,18,9885766,p,18p
ENSG00000154864,18,10666483,p,18p
ENSG00000166960,18,32937402,q,18q
ENSG00000176136,18,13824149,p,18p
ENSG00000174448,18,54324358,q,18q
ENSG00000284453,18,21829004,q,18q
ENSG00000252325,18,21879801,q,18q
ENSG00000134443,18,59220158,q,18q
ENSG00000134438,18,59267035,q,18q
ENSG00000166569,18,59275156,q,18q
ENSG00000197046,18,45825675,q,18q
ENSG00000141431,18,33578219,q,18q
ENSG00000175322,18,14057457,p,18p
ENSG00000222018,21,34400112,q,21q
ENSG00000243627,21,34414494,q,21q
ENSG00000242550,18,63907958,q,18q
ENSG00000255112,18,11851413,p,18p
ENSG00000179981,18,75210755,q,18q
ENSG00000252097,18,76800664,q,18q
ENSG00000130856,18,76822557,q,18q
ENSG00000283904,21,25573980,q,21q
ENSG00000182093,21,39377698,q,21q
ENSG00000180011,18,75195113,q,18q
ENSG00000170579,18,3496032,p,18p
ENSG00000205726,21,33642400,q,21q
ENSG00000187323,18,52340197,q,18q
ENSG00000171873,20,4220630,p,20p
ENSG00000125903,20,227258,p,20p
ENSG00000178591,20,87250,p,20p
ENSG00000173404,20,20368104,p,20p
ENSG00000185982,20,187853,p,20p
ENSG00000067900,18,20944612,q,18q
ENSG00000132640,20,11890723,p,20p
ENSG00000101230,20,13221274,p,20p
ENSG00000215397,20,661596,p,20p
ENSG00000215547,20,31257664,q,20q
ENSG00000101447,20,38926312,q,20q
ENSG00000158445,20,49293394,q,20q
ENSG00000124089,20,56248732,q,20q
ENSG00000054803,20,55997357,q,20q
ENSG00000130701,20,62410237,q,20q
ENSG00000124225,20,57648392,q,20q
ENSG00000101115,20,51782331,q,20q
ENSG00000132631,20,18813783,p,20p
ENSG00000125533,20,63005927,q,20q
ENSG00000179242,20,61252261,q,20q
ENSG00000184402,20,62143769,q,20q
ENSG00000196074,20,59863564,q,20q
ENSG00000130702,20,62307955,q,20q
ENSG00000200231,20,24237255,p,20p
ENSG00000252467,20,51902291,q,20q
ENSG00000207158,20,56785981,q,20q
ENSG00000199017,20,62554306,q,20q
ENSG00000124232,20,45306840,q,20q
ENSG00000124251,20,45372557,q,20q
ENSG00000276859,20,58842030,q,20q
ENSG00000274491,20,58850530,q,20q
ENSG00000101162,20,59019429,q,20q
ENSG00000125975,20,35523186,q,20q
ENSG00000160282,21,46136083,q,21q
ENSG00000197296,20,44302840,q,20q
ENSG00000124196,20,43726164,q,20q
ENSG00000099985,22,30262829,q,22q
ENSG00000125879,20,16748358,p,20p
ENSG00000101074,20,44337043,q,20q
ENSG00000100365,22,36860988,q,22q
ENSG00000207598,20,63178500,q,20q
ENSG00000101197,20,63235883,q,20q
ENSG00000101198,20,63240784,q,20q
ENSG00000241945,21,44107358,q,21q
ENSG00000101204,20,63343223,q,20q
ENSG00000100346,22,39570753,q,22q
ENSG00000125863,20,10401009,p,20p
ENSG00000142156,21,45981755,q,21q
ENSG00000260903,20,31968151,q,20q
ENSG00000126003,20,32192504,q,20q
ENSG00000125998,20,35285731,q,20q
ENSG00000101405,20,3071620,p,20p
ENSG00000160223,21,44215382,q,21q
ENSG00000101200,20,3082556,p,20p
ENSG00000179772,20,31844303,q,20q
ENSG00000212555,20,17903762,p,20p
ENSG00000125850,20,17956979,p,20p
ENSG00000159267,21,36748626,q,21q
ENSG00000212232,20,17962710,p,20p
ENSG00000199719,20,18295143,p,20p
ENSG00000232838,20,18137863,p,20p
ENSG00000159261,21,36460616,q,21q
ENSG00000124104,20,45833799,q,20q
ENSG00000176177,22,39743044,q,22q
ENSG00000160179,21,42199689,q,21q
ENSG00000128342,22,30240453,q,22q
ENSG00000100106,22,37697048,q,22q
ENSG00000149609,20,33662327,q,20q
ENSG00000101292,20,5299218,p,20p
ENSG00000125888,20,17693672,p,20p
ENSG00000198900,20,41028822,q,20q
ENSG00000171864,20,4721909,p,20p
ENSG00000188636,22,44492583,q,22q
ENSG00000204103,20,40685848,q,20q
ENSG00000130943,22,46255663,q,22q
ENSG00000124107,20,45252239,q,20q
ENSG00000101446,20,45512461,q,20q
ENSG00000138944,22,44243665,q,22q
ENSG00000142178,21,43414483,q,21q
ENSG00000101448,20,45540626,q,20q
ENSG00000209482,22,39315213,q,22q
ENSG00000209480,22,39313819,q,22q
ENSG00000124116,20,45747944,q,20q
ENSG00000159216,21,34787801,q,21q
ENSG00000196431,22,26621963,q,22q
ENSG00000101470,20,45823214,q,20q
ENSG00000160233,21,44455490,q,21q
ENSG00000157617,21,41885112,q,21q
ENSG00000101188,20,62708836,q,20q
ENSG00000199024,20,3917494,p,20p
ENSG00000247315,20,297570,p,20p
ENSG00000124098,20,56358974,q,20q
ENSG00000133454,22,25742144,q,22q
ENSG00000124201,20,49237946,q,20q
ENSG00000160180,21,42311667,q,21q
ENSG00000243646,21,33266363,q,21q
ENSG00000209042,20,49278940,q,20q
ENSG00000222365,20,49280319,q,20q
ENSG00000212304,20,49280683,q,20q
ENSG00000124217,20,50958818,q,20q
ENSG00000101336,20,32052197,q,20q
ENSG00000185272,21,14216130,q,21q
ENSG00000142185,21,44350072,q,21q
ENSG00000177732,20,325552,p,20p
ENSG00000184226,13,66302834,q,13q
ENSG00000124257,20,45888625,q,20q
ENSG00000168634,20,45702038,q,20q
ENSG00000149651,20,45722347,q,20q
ENSG00000198326,20,2816302,p,20p
ENSG00000125878,20,604257,p,20p
ENSG00000149634,20,45886491,q,20q
ENSG00000125508,20,63538489,q,20q
ENSG00000124203,20,59123381,q,20q
ENSG00000078699,20,33490075,q,20q
ENSG00000243156,22,17787649,q,22q
ENSG00000288649,20,33666943,q,20q
ENSG00000155304,21,14371115,q,21q
ENSG00000198862,21,28928144,q,21q
ENSG00000125823,20,23426104,p,20p
ENSG00000149635,20,46540946,q,20q
ENSG00000158296,20,46557823,q,20q
ENSG00000184787,21,44768580,q,21q
ENSG00000100312,22,50738196,q,22q
ENSG00000124091,20,56491492,q,20q
ENSG00000124140,20,46021690,q,20q
ENSG00000281295,22,33704786,q,22q
ENSG00000075275,22,46360834,q,22q
ENSG00000160218,21,44012309,q,21q
ENSG00000188677,22,43999211,q,22q
ENSG00000125363,X,11293413,p,Xp
ENSG00000149474,20,18137228,p,20p
ENSG00000252928,13,30281765,q,13q
ENSG00000100138,22,41673933,q,22q
ENSG00000125780,20,2296001,p,20p
ENSG00000166948,20,2380901,p,20p
ENSG00000126010,X,16123565,p,Xp
ENSG00000208023,22,20033139,q,22q
ENSG00000284140,22,20085746,q,22q
ENSG00000284464,22,20086058,q,22q
ENSG00000274309,20,38448084,q,20q
ENSG00000199266,20,38449370,q,20q
ENSG00000234409,22,20148416,q,22q
ENSG00000101438,20,38724486,q,20q
ENSG00000185915,X,21654690,p,Xp
ENSG00000149646,20,35954564,q,20q
ENSG00000040608,22,20241415,q,22q
ENSG00000157542,21,37607373,q,21q
ENSG00000250878,13,102880040,q,13q
ENSG00000149970,X,21372801,p,Xp
ENSG00000160214,21,43789513,q,21q
ENSG00000184470,22,19875517,q,22q
ENSG00000130699,20,61953469,q,20q
ENSG00000215595,20,1203454,p,20p
ENSG00000158901,20,45551153,q,20q
ENSG00000284536,13,91350605,q,13q
ENSG00000283815,13,91350751,q,13q
ENSG00000284204,13,91350891,q,13q
ENSG00000283762,13,91351065,q,13q
ENSG00000284375,13,91351192,q,13q
ENSG00000182035,20,38581195,q,20q
ENSG00000201662,13,48987915,q,13q
ENSG00000215251,20,3146519,p,20p
ENSG00000124237,20,58150902,q,20q
ENSG00000124227,20,58216126,q,20q
ENSG00000167098,20,32983773,q,20q
ENSG00000186191,20,33079643,q,20q
ENSG00000131050,20,33161768,q,20q
ENSG00000241837,21,33901028,q,21q
ENSG00000131059,20,33217310,q,20q
ENSG00000186190,20,33053903,q,20q
ENSG00000102466,13,101710804,q,13q
ENSG00000102554,13,73054976,q,13q
ENSG00000102445,13,46334681,q,13q
ENSG00000101003,20,25391008,p,20p
ENSG00000157540,21,37365573,q,21q
ENSG00000232388,20,18567347,p,20p
ENSG00000073150,22,50170731,q,22q
ENSG00000088386,13,98683801,q,13q
ENSG00000207932,22,41900944,q,22q
ENSG00000100292,22,35380361,q,22q
ENSG00000054796,20,57329803,q,20q
ENSG00000166862,22,36560857,q,22q
ENSG00000100191,22,32218464,q,22q
ENSG00000100298,22,39097224,q,22q
ENSG00000132819,20,57391396,q,20q
ENSG00000180424,20,31440632,q,20q
ENSG00000180383,20,31465471,q,20q
ENSG00000197183,20,32443059,q,20q
ENSG00000185264,22,36991120,q,22q
ENSG00000182957,13,23979805,q,13q
ENSG00000124134,20,45091214,q,20q
ENSG00000161180,22,21632716,q,22q
ENSG00000169906,X,16650158,p,Xp
ENSG00000187516,X,37990779,p,Xp
ENSG00000168703,20,45123425,q,20q
ENSG00000215545,20,31303212,q,20q
ENSG00000100023,22,21666000,q,22q
ENSG00000131068,20,31368601,q,20q
ENSG00000180483,20,31377164,q,20q
ENSG00000102313,X,54748918,p,Xp
ENSG00000125813,20,21705659,p,20p
ENSG00000175121,20,45109452,q,20q
ENSG00000088881,20,2692780,p,20p
ENSG00000008086,X,18425583,p,Xp
ENSG00000131044,20,31870634,q,20q
ENSG00000160201,21,43092956,q,21q
ENSG00000126218,13,113122788,q,13q
ENSG00000100027,22,21697536,q,22q
ENSG00000132671,20,23035312,p,20p
ENSG00000178726,20,23045633,p,20p
ENSG00000183798,20,41359962,q,20q
ENSG00000183260,20,63861498,q,20q
ENSG00000130590,20,63974116,q,20q
ENSG00000239127,22,29333163,q,22q
ENSG00000100285,22,29480218,q,22q
ENSG00000169508,13,99294273,q,13q
ENSG00000101251,20,13849247,p,20p
ENSG00000122025,13,28003274,q,13q
ENSG00000100003,22,30396941,q,22q
ENSG00000172264,20,13995369,p,20p
ENSG00000102804,13,44432143,q,13q
ENSG00000147081,X,50190777,p,Xp
ENSG00000165621,13,96985713,q,13q
ENSG00000185808,21,37062846,q,21q
ENSG00000102221,X,46912276,p,Xp
ENSG00000185513,20,43489442,q,20q
ENSG00000133115,13,38965925,q,13q
ENSG00000132975,13,26755200,q,13q
ENSG00000134864,13,100528034,q,13q
ENSG00000189299,X,55623400,p,Xp
ENSG00000187601,X,55452127,p,Xp
ENSG00000080618,13,46052958,q,13q
ENSG00000156239,21,28872191,q,21q
ENSG00000206203,22,19131308,q,22q
ENSG00000063515,22,19146993,q,22q
ENSG00000196468,X,77447389,q,Xq
ENSG00000100218,22,23059415,q,22q
ENSG00000147183,X,88747225,q,Xq
ENSG00000174740,X,91434595,q,Xq
ENSG00000156299,21,31117985,q,21q
ENSG00000174225,X,100969708,q,Xq
ENSG00000100129,22,37848868,q,22q
ENSG00000165288,X,80669503,q,Xq
ENSG00000170191,20,25612935,p,20p
ENSG00000120675,13,43023203,q,13q
ENSG00000151778,13,44373476,q,13q
ENSG00000158813,X,69616067,q,Xq
ENSG00000118922,13,73686089,q,13q
ENSG00000182621,20,8077251,p,20p
ENSG00000165475,13,20403666,q,13q
ENSG00000198934,X,76427710,q,Xq
ENSG00000102760,13,41457532,q,13q
ENSG00000057593,13,113105762,q,13q
ENSG00000217442,22,50551112,q,22q
ENSG00000186675,X,75782987,q,Xq
ENSG00000047597,X,37685791,p,Xp
ENSG00000047648,X,11117651,p,Xp
ENSG00000189060,22,37805229,q,22q
ENSG00000184113,22,19523024,q,22q
ENSG00000184949,22,38578118,q,22q
ENSG00000154642,21,17788974,q,21q
ENSG00000100034,22,21919425,q,22q
ENSG00000136153,13,75620434,q,13q
ENSG00000147082,X,50202713,p,Xp
ENSG00000159231,21,36135079,q,21q
ENSG00000159079,21,32592079,q,21q
ENSG00000196767,X,83508290,q,Xq
ENSG00000102055,X,42777366,p,Xp
ENSG00000183035,X,83861126,q,Xq
ENSG00000147223,X,106900063,q,Xq
ENSG00000182463,20,52972358,q,20q
ENSG00000171940,20,53567071,q,20q
ENSG00000186767,X,63347228,q,Xq
ENSG00000234965,22,41909543,q,22q
ENSG00000189401,X,70062457,q,Xq
ENSG00000223190,20,43063326,q,20q
ENSG00000196090,20,42072752,q,20q
ENSG00000100053,22,25199858,q,22q
ENSG00000073169,22,50201011,q,22q
ENSG00000205670,21,34375131,q,21q
ENSG00000100154,22,27978014,q,22q
ENSG00000102239,X,136487947,q,Xq
ENSG00000125779,20,3888839,p,20p
ENSG00000198881,X,64224194,q,Xq
ENSG00000276950,22,23998401,q,22q
ENSG00000184675,X,64185117,q,Xq
ENSG00000141956,21,41798225,q,21q
ENSG00000184459,22,32413845,q,22q
ENSG00000128165,22,50481543,q,22q
ENSG00000182712,X,155061622,q,Xq
ENSG00000283990,22,46112749,q,22q
ENSG00000182195,X,141111605,q,Xq
ENSG00000285508,20,10413520,p,20p
ENSG00000285723,20,10413708,p,20p
ENSG00000183307,22,17116297,q,22q
ENSG00000102195,X,151176584,q,Xq
ENSG00000166049,X,151563675,q,Xq
ENSG00000132825,20,59936663,q,20q
ENSG00000124249,20,44745865,q,20q
ENSG00000101098,20,44751808,q,20q
ENSG00000187905,22,21045946,q,22q
ENSG00000101327,20,1978757,p,20p
ENSG00000238875,22,39874255,q,22q
ENSG00000275004,22,22484421,q,22q
ENSG00000185010,X,154835788,q,Xq
ENSG00000125817,20,3783851,p,20p
ENSG00000183631,X,126819729,q,Xq
ENSG00000155966,X,148500617,q,Xq
ENSG00000101144,20,57168753,q,20q
ENSG00000100036,22,30635781,q,22q
ENSG00000128285,22,40679273,q,22q
ENSG00000253352,22,30969245,q,22q
ENSG00000215529,20,32858923,q,20q
ENSG00000100201,22,38483438,q,22q
ENSG00000142168,21,31659633,q,21q
ENSG00000156920,X,136300963,q,Xq
ENSG00000149488,20,2536573,p,20p
ENSG00000155961,X,155258235,q,Xq
ENSG00000221116,20,2654212,p,20p
ENSG00000212498,20,2656097,p,20p
ENSG00000229686,20,2656624,p,20p
ENSG00000226572,20,2656939,p,20p
ENSG00000186310,X,93670930,q,Xq
ENSG00000172216,20,50190734,q,20q
ENSG00000132965,13,30713478,q,13q
ENSG00000156253,21,29004384,q,21q
ENSG00000100079,22,37570248,q,22q
ENSG00000133101,13,36431520,q,13q
ENSG00000206733,X,36021939,p,Xp
ENSG00000138892,22,50018575,q,22q
ENSG00000206983,X,37870109,p,Xp
ENSG00000199226,X,46517766,p,Xp
ENSG00000207758,X,50003148,p,Xp
ENSG00000207768,X,50003503,p,Xp
ENSG00000211538,X,50009722,p,Xp
ENSG00000272080,X,50014598,p,Xp
ENSG00000142149,21,31873020,q,21q
ENSG00000284567,X,66018870,q,Xq
ENSG00000196588,22,40410281,q,22q
ENSG00000252016,X,88148792,q,Xq
ENSG00000199051,X,85903636,q,Xq
ENSG00000184900,21,44805617,q,21q
ENSG00000271907,X,115126316,q,Xq
ENSG00000207033,X,116400848,q,Xq
ENSG00000252163,X,138397351,q,Xq
ENSG00000207041,X,141118030,q,Xq
ENSG00000199878,X,143197248,q,Xq
ENSG00000132952,13,30617693,q,13q
ENSG00000202473,X,143090347,q,Xq
ENSG00000202051,X,147827279,q,Xq
ENSG00000173276,21,41986831,q,21q
ENSG00000186810,X,71615916,q,Xq
ENSG00000215474,18,47206169,q,18q
ENSG00000160188,21,42472486,q,21q
ENSG00000136108,13,52455429,q,13q
ENSG00000102178,X,154483717,q,Xq
ENSG00000160191,21,42653591,q,21q
ENSG00000134757,18,31447741,q,18q
ENSG00000184058,22,19756703,q,22q
ENSG00000102743,13,40789412,q,13q
ENSG00000005302,X,11758159,p,Xp
ENSG00000158270,18,316737,p,18p
ENSG00000123179,13,49660674,q,13q
ENSG00000180957,22,27851669,q,22q
ENSG00000046604,18,31497624,q,18q
ENSG00000088387,13,98793429,q,13q
ENSG00000169184,22,27748277,q,22q
ENSG00000211672,22,22871507,q,22q
ENSG00000166401,18,63970029,q,18q
ENSG00000118271,18,31557009,q,18q
ENSG00000134755,18,31058545,q,18q
ENSG00000153495,13,111316184,q,13q
ENSG00000134873,13,95433604,q,13q
ENSG00000278404,22,26657521,q,22q
ENSG00000150456,13,20727970,q,13q
ENSG00000126231,13,113158622,q,13q
ENSG00000128218,22,23752743,q,22q
ENSG00000128408,22,45413693,q,22q
ENSG00000251985,22,45624531,q,22q
ENSG00000241360,22,37658723,q,22q
ENSG00000198832,22,31104772,q,22q
ENSG00000134871,13,110305812,q,13q
ENSG00000271814,X,12614003,p,Xp
ENSG00000196664,X,12867072,p,Xp
ENSG00000100167,22,41969443,q,22q
ENSG00000139832,13,110523066,q,13q
ENSG00000139842,13,113208193,q,13q
ENSG00000185666,22,32507820,q,22q
ENSG00000130054,X,69504326,q,Xq
ENSG00000130638,22,45671798,q,22q
ENSG00000188064,22,45920366,q,22q
ENSG00000165195,X,15319452,p,Xp
ENSG00000078043,18,46803218,q,18q
ENSG00000073146,22,50090006,q,22q
ENSG00000102755,13,28300346,q,13q
ENSG00000134595,X,140502985,q,Xq
ENSG00000202024,X,101325404,q,Xq
ENSG00000206075,18,63476945,q,18q
ENSG00000285025,22,39504231,q,22q
ENSG00000204165,X,71103889,q,Xq
ENSG00000133477,22,39994954,q,22q
ENSG00000101746,18,33851100,q,18q
ENSG00000251322,22,50674408,q,22q
ENSG00000271886,X,53556223,p,Xp
ENSG00000208012,X,53557192,p,Xp
ENSG00000199885,X,74680053,q,Xq
ENSG00000050030,X,74732856,q,Xq
ENSG00000189037,X,44844021,p,Xp
ENSG00000186654,22,44668547,q,22q
ENSG00000147224,X,107628428,q,Xq
ENSG00000152217,18,44680173,q,18q
ENSG00000165370,X,137023929,q,Xq
ENSG00000102001,X,49205063,p,Xp
ENSG00000141665,18,74073344,q,18q
ENSG00000123191,13,51930436,q,13q
ENSG00000134504,18,26454910,q,18q
ENSG00000172404,22,40859549,q,22q
ENSG00000206615,22,31388733,q,22q
ENSG00000206052,18,69400888,q,18q
ENSG00000206069,22,24935098,q,22q
ENSG00000100304,22,43166622,q,22q
ENSG00000166396,18,63752935,q,18q
ENSG00000185133,22,31122731,q,22q
ENSG00000198795,18,25061924,q,18q
ENSG00000188021,X,56563627,p,Xp
ENSG00000085224,X,77504880,q,Xq
ENSG00000166562,18,59139475,q,18q
ENSG00000226742,18,79964582,q,18q
ENSG00000166140,15,40807086,q,15q
ENSG00000171885,18,26852043,q,18q
ENSG00000185053,8,14084845,p,8p
ENSG00000159167,8,23841929,p,8p
ENSG00000156687,8,35235475,p,8p
ENSG00000167306,18,49822789,q,18q
ENSG00000188277,15,40769980,q,15q
ENSG00000182256,15,26971181,q,15q
ENSG00000166450,15,55611544,q,15q
ENSG00000198445,22,16590751,q,22q
ENSG00000101842,X,108044970,q,Xq
ENSG00000000005,X,100584936,q,Xq
ENSG00000185634,15,48823741,q,15q
ENSG00000092964,8,26514031,p,8p
ENSG00000222303,X,50649641,p,Xp
ENSG00000147256,X,131058346,q,Xq
ENSG00000150477,18,36828982,q,18q
ENSG00000171877,15,43870761,q,15q
ENSG00000075673,13,24680408,q,13q
ENSG00000200620,X,15716208,p,Xp
ENSG00000173141,13,21176647,q,13q
ENSG00000102786,13,51354077,q,13q
ENSG00000147454,8,23528956,p,8p
ENSG00000102230,X,24558087,p,Xp
ENSG00000101695,18,32018174,q,18q
ENSG00000177669,8,30131671,p,8p
ENSG00000221890,22,38818452,q,22q
ENSG00000147459,8,25184689,p,8p
ENSG00000004848,X,25003694,p,Xp
ENSG00000168502,18,8705271,p,18p
ENSG00000171989,15,59206843,q,15q
ENSG00000103657,15,63608618,q,15q
ENSG00000101577,18,2885296,p,18p
ENSG00000104660,8,30095408,p,8p
ENSG00000120498,X,70528940,q,Xq
ENSG00000188342,13,45120443,q,13q
ENSG00000120907,8,26748150,p,8p
ENSG00000188779,15,67819704,q,15q
ENSG00000167034,8,23678697,p,8p
ENSG00000136159,13,48037694,q,13q
ENSG00000197705,18,32672601,q,18q
ENSG00000152520,13,28138207,q,13q
ENSG00000171956,15,60004234,q,15q
ENSG00000134779,18,36777647,q,18q
ENSG00000137880,15,40764068,q,15q
ENSG00000197892,8,29067278,p,8p
ENSG00000085185,X,129981107,q,Xq
ENSG00000151287,13,102765888,q,13q
ENSG00000183324,15,73443164,q,15q
ENSG00000133124,X,108719946,q,Xq
ENSG00000167139,15,73873564,q,15q
ENSG00000123576,X,104250038,q,Xq
ENSG00000186866,21,45263928,q,21q
ENSG00000122122,X,129779949,q,Xq
ENSG00000169018,15,68277745,q,15q
ENSG00000133083,13,35768652,q,13q
ENSG00000138622,15,73319859,q,15q
ENSG00000102359,X,100644195,q,Xq
ENSG00000213578,15,74826627,q,15q
ENSG00000104679,8,23270120,p,8p
ENSG00000005812,13,76992598,q,13q
ENSG00000207633,X,139924148,q,Xq
ENSG00000203933,X,139955728,q,Xq
ENSG00000183287,18,59430939,q,18q
ENSG00000208013,X,110055329,q,Xq
ENSG00000187808,X,119758588,q,Xq
ENSG00000152193,13,78614283,q,13q
ENSG00000189369,X,51743442,p,Xp
ENSG00000166342,18,72742314,q,18q
ENSG00000188266,15,78507564,q,15q
ENSG00000252145,X,68102068,q,Xq
ENSG00000136110,13,52703258,q,13q
ENSG00000160213,21,43772511,q,21q
ENSG00000176774,X,26138343,p,Xp
ENSG00000091656,8,76681239,q,8q
ENSG00000160221,21,44133610,q,21q
ENSG00000166173,15,70829130,q,15q
ENSG00000101654,18,13726660,p,18p
ENSG00000069667,15,60488284,q,15q
ENSG00000164749,8,75407914,q,8q
ENSG00000102780,13,42040036,q,13q
ENSG00000185658,21,39184176,q,21q
ENSG00000156103,8,88032011,q,8q
ENSG00000101890,X,109372906,q,Xq
ENSG00000176076,X,109623700,q,Xq
ENSG00000255302,15,48878134,q,15q
ENSG00000202304,X,130310072,q,Xq
ENSG00000102078,X,130339888,q,Xq
ENSG00000176225,18,70003031,q,18q
ENSG00000140443,15,98648539,q,15q
ENSG00000164893,8,86214063,q,8q
ENSG00000185015,8,85220587,q,8q
ENSG00000265817,8,94378377,q,8q
ENSG00000126217,13,112894378,q,13q
ENSG00000184672,8,84182787,q,8q
ENSG00000103995,15,48712928,q,15q
ENSG00000164794,8,109963636,q,8q
ENSG00000147262,X,130379449,q,Xq
ENSG00000147432,8,42697366,p,8p
ENSG00000102174,X,22032325,p,Xp
ENSG00000180543,8,97273488,q,8q
ENSG00000211829,14,22462932,q,14q
ENSG00000156486,8,98426958,q,8q
ENSG00000160209,21,43719094,q,21q
ENSG00000256590,14,22469041,q,14q
ENSG00000019549,8,48917598,q,8q
ENSG00000184302,14,60509146,q,14q
ENSG00000100625,14,60709539,q,14q
ENSG00000156509,8,100133351,q,8q
ENSG00000102287,X,151953124,q,Xq
ENSG00000151838,14,59504539,q,14q
ENSG00000206625,15,67839939,q,15q
ENSG00000200444,15,83824863,q,15q
ENSG00000222617,15,96486582,q,15q
ENSG00000222076,15,95745804,q,15q
ENSG00000104490,8,101686542,q,8q
ENSG00000100731,14,70907405,q,14q
ENSG00000147234,X,107449652,q,Xq
ENSG00000176890,18,657515,p,18p
ENSG00000242866,15,43599563,q,15q
ENSG00000126950,X,101078879,q,Xq
ENSG00000130066,X,23783173,p,Xp
ENSG00000171054,X,131544074,q,Xq
ENSG00000130052,X,68647666,q,Xq
ENSG00000155087,8,102551589,q,8q
ENSG00000166347,18,74250846,q,18q
ENSG00000183778,21,39556442,q,21q
ENSG00000180828,8,64580365,q,8q
ENSG00000179600,14,63312835,q,14q
ENSG00000123165,X,128050962,q,Xq
ENSG00000267909,14,69569799,q,14q
ENSG00000140015,14,62699464,q,14q
ENSG00000141682,18,59899644,q,18q
ENSG00000205038,8,109362461,q,8q
ENSG00000168234,18,23992773,q,18q
ENSG00000126016,X,112774503,q,Xq
ENSG00000155313,21,15729925,q,21q
ENSG00000165480,13,21153594,q,13q
ENSG00000128886,15,43772605,q,15q
ENSG00000165389,14,34432788,q,14q
ENSG00000151812,14,57563920,q,14q
ENSG00000238205,X,40623428,p,Xp
ENSG00000101574,18,2537525,p,18p
ENSG00000221792,15,43793659,q,15q
ENSG00000083642,13,32586315,q,13q
ENSG00000167656,8,142784882,q,8q
ENSG00000176435,14,38254000,q,14q
ENSG00000042832,8,132866958,q,8q
ENSG00000154839,18,50375017,q,18q
ENSG00000125816,20,21395365,p,20p
ENSG00000182732,14,71932429,q,14q
ENSG00000125820,20,21511017,p,20p
ENSG00000166845,18,54357903,q,18q
ENSG00000120158,9,4792944,p,9p
ENSG00000173548,15,75647912,q,15q
ENSG00000166762,15,43628503,q,15q
ENSG00000124216,20,49982980,q,20q
ENSG00000183837,X,153056409,q,Xq
ENSG00000101981,X,139530739,q,Xq
ENSG00000183354,9,5881596,p,9p
ENSG00000152240,18,46104329,q,18q
ENSG00000176399,9,22446824,p,9p
ENSG00000153714,9,12775020,p,9p
ENSG00000176988,X,147981337,q,Xq
ENSG00000284329,15,89368017,q,15q
ENSG00000196092,9,36833269,p,9p
ENSG00000125810,20,23065139,p,20p
ENSG00000140199,15,34229784,q,15q
ENSG00000197353,8,142750150,q,8q
ENSG00000165694,X,132076990,q,Xq
ENSG00000126233,8,142740949,q,8q
ENSG00000120685,13,39009865,q,13q
ENSG00000164796,8,112222928,q,8q
ENSG00000101773,18,22798261,q,18q
ENSG00000132964,13,26253891,q,13q
ENSG00000160194,21,42879644,q,21q
ENSG00000268089,X,152637895,q,Xq
ENSG00000198883,X,152988824,q,Xq
ENSG00000180509,21,34446688,q,21q
ENSG00000188158,X,17375200,p,Xp
ENSG00000216001,X,134540185,q,Xq
ENSG00000199132,X,134540341,q,Xq
ENSG00000207755,X,134540508,q,Xq
ENSG00000207784,X,134541341,q,Xq
ENSG00000284231,X,134546614,q,Xq
ENSG00000157538,21,37223417,q,21q
ENSG00000184083,X,54068324,p,Xp
ENSG00000269556,X,149596556,q,Xq
ENSG00000126733,X,86148451,q,Xq
ENSG00000205476,14,99500190,q,14q
ENSG00000172164,8,120535745,q,8q
ENSG00000141401,18,11981025,p,18p
ENSG00000102606,13,111114559,q,13q
ENSG00000142197,21,36156758,q,21q
ENSG00000170961,8,121612116,q,8q
ENSG00000239175,8,30043801,p,8p
ENSG00000252710,8,48307927,q,8q
ENSG00000206975,8,56917084,q,8q
ENSG00000212473,8,70077906,q,8q
ENSG00000183862,X,151734746,q,Xq
ENSG00000207816,8,64379149,q,8q
ENSG00000118276,18,31621911,q,18q
ENSG00000222231,8,76265543,q,8q
ENSG00000252935,8,78398515,q,8q
ENSG00000140104,14,104985775,q,14q
ENSG00000204116,X,73563197,q,Xq
ENSG00000197506,9,84275457,q,9q
ENSG00000288611,8,52939182,q,8q
ENSG00000230707,X,140091678,q,Xq
ENSG00000185567,14,104937244,q,14q
ENSG00000104415,8,133191039,q,8q
ENSG00000153339,18,31829197,q,18q
ENSG00000107165,9,12685439,p,9p
ENSG00000165496,14,46651010,q,14q
ENSG00000260802,X,111511645,q,Xq
ENSG00000137558,8,74824534,q,8q
ENSG00000253003,14,34675891,q,14q
ENSG00000207004,14,51724103,q,14q
ENSG00000165240,X,77910690,q,Xq
ENSG00000156049,9,77423079,q,9q
ENSG00000199739,14,45274359,q,14q
ENSG00000272439,14,99444306,q,14q
ENSG00000175894,21,44497893,q,21q
ENSG00000261678,8,144330565,q,8q
ENSG00000147804,8,144409742,q,8q
ENSG00000198785,9,101569352,q,9q
ENSG00000160256,21,44939938,q,21q
ENSG00000222028,14,23042212,q,14q
ENSG00000259431,14,23555988,q,14q
ENSG00000155833,9,102995311,q,9q
ENSG00000131668,9,93951627,q,9q
ENSG00000238650,8,56073835,q,8q
ENSG00000172680,8,56112942,q,8q
ENSG00000201811,20,38442036,q,20q
ENSG00000100721,14,95709947,q,14q
ENSG00000104419,8,133237175,q,8q
ENSG00000197969,9,77177445,q,9q
ENSG00000256463,18,78979818,q,18q
ENSG00000177426,18,3411608,p,18p
ENSG00000176219,14,20223710,q,14q
ENSG00000102738,13,40729128,q,13q
ENSG00000185271,14,20425852,q,14q
ENSG00000102104,X,18639688,p,Xp
ENSG00000171433,X,48761747,p,Xp
ENSG00000187682,X,48826513,p,Xp
ENSG00000181803,14,20640696,q,14q
ENSG00000160310,21,46635595,q,21q
ENSG00000207291,X,101634006,q,Xq
ENSG00000196440,X,101418287,q,Xq
ENSG00000133121,13,33103137,q,13q
ENSG00000165794,14,20999255,q,14q
ENSG00000169933,X,11822423,p,Xp
ENSG00000179636,14,21024109,q,14q
ENSG00000203870,X,154823348,q,Xq
ENSG00000206150,14,21032818,q,14q
ENSG00000164151,5,5420664,p,5p
ENSG00000250423,X,119078635,q,Xq
ENSG00000169327,14,21148370,q,14q
ENSG00000075336,18,74148512,q,18q
ENSG00000196976,X,154477775,q,Xq
ENSG00000201882,X,20136066,p,Xp
ENSG00000206900,X,132580117,q,Xq
ENSG00000183654,5,16067139,p,5p
ENSG00000185736,10,1177313,p,10p
ENSG00000272533,14,103337849,q,14q
ENSG00000171004,X,132626015,q,Xq
ENSG00000258986,14,104474678,q,14q
ENSG00000184210,X,70177483,q,Xq
ENSG00000145555,5,16661907,p,5p
ENSG00000080986,18,2571520,p,18p
ENSG00000204195,X,70234655,q,Xq
ENSG00000176244,10,15075475,p,10p
ENSG00000222990,14,88513498,q,14q
ENSG00000186912,X,70258166,q,Xq
ENSG00000120500,X,70268305,q,Xq
ENSG00000107611,10,16823966,p,10p
ENSG00000151849,13,24882276,q,13q
ENSG00000211574,14,100852390,q,14q
ENSG00000199151,14,100874493,q,14q
ENSG00000283159,14,100875033,q,14q
ENSG00000208001,14,100881007,q,14q
ENSG00000207569,14,100881886,q,14q
ENSG00000207608,14,100882979,q,14q
ENSG00000199005,14,100911139,q,14q
ENSG00000201700,14,100929919,q,14q
ENSG00000201672,14,100936491,q,14q
ENSG00000201950,14,100945649,q,14q
ENSG00000199593,14,100972103,q,14q
ENSG00000207749,14,101023794,q,14q
ENSG00000199069,14,101025732,q,14q
ENSG00000194717,14,101029634,q,14q
ENSG00000072315,X,111768011,q,Xq
ENSG00000199020,14,101045920,q,14q
ENSG00000207587,14,101048658,q,14q
ENSG00000283170,14,101054306,q,14q
ENSG00000207993,14,101054687,q,14q
ENSG00000276352,14,101055258,q,14q
ENSG00000207978,14,101059755,q,14q
ENSG00000207961,14,101060573,q,14q
ENSG00000199015,14,101062050,q,14q
ENSG00000216179,14,101064495,q,14q
ENSG00000199012,14,101065447,q,14q
ENSG00000199092,14,101065912,q,14q
ENSG00000243978,X,110358848,q,Xq
ENSG00000101544,18,80109262,q,18q
ENSG00000165309,10,22928024,p,10p
ENSG00000119541,18,63389190,q,18q
ENSG00000238941,15,45354779,q,15q
ENSG00000284386,15,45433050,q,15q
ENSG00000207516,15,45537250,q,15q
ENSG00000104164,15,45587214,q,15q
ENSG00000147168,X,71107404,q,Xq
ENSG00000100987,20,25070885,p,20p
ENSG00000139908,14,24205696,q,14q
ENSG00000223142,22,49738677,q,22q
ENSG00000101935,X,110194186,q,Xq
ENSG00000196943,14,24299850,q,14q
ENSG00000183918,X,124227868,q,Xq
ENSG00000198010,8,737628,p,8p
ENSG00000208839,X,114630797,q,Xq
ENSG00000170236,15,50494018,q,15q
ENSG00000175354,18,12785478,p,18p
ENSG00000130589,20,63558086,q,20q
ENSG00000199001,X,114823454,q,Xq
ENSG00000213906,14,24305734,q,14q
ENSG00000101916,X,12906620,p,Xp
ENSG00000204740,10,19048801,p,10p
ENSG00000136944,9,126613928,q,9q
ENSG00000101353,20,37101226,q,20q
ENSG00000092439,15,50552473,q,15q
ENSG00000214814,8,123851987,q,8q
ENSG00000183580,5,15500180,p,5p
ENSG00000148488,10,17315421,p,10p
ENSG00000100968,14,24365673,q,14q
ENSG00000263761,10,47322454,q,10q
ENSG00000261150,8,143857324,q,8q
ENSG00000186583,8,144012280,q,8q
ENSG00000168267,10,23192312,p,10p
ENSG00000087460,20,58839718,q,20q
ENSG00000180447,9,86944362,q,9q
ENSG00000113100,5,26880597,p,5p
ENSG00000151023,10,24981979,p,10p
ENSG00000139835,13,113324163,q,13q
ENSG00000165443,10,59176643,q,10q
ENSG00000151388,5,33523535,p,5p
ENSG00000235173,8,144137774,q,8q
ENSG00000196739,9,114155537,q,9q
ENSG00000265203,10,47348363,q,10q
ENSG00000175073,8,66628487,q,8q
ENSG00000102145,X,48786540,p,Xp
ENSG00000165757,10,30012803,p,10p
ENSG00000186184,13,27620742,q,13q
ENSG00000156206,15,81007033,q,15q
ENSG00000107984,10,52314281,q,10q
ENSG00000254341,8,66922467,q,8q
ENSG00000174417,8,109086585,q,8q
ENSG00000204025,X,111876051,q,Xq
ENSG00000120533,8,109334324,q,8q
ENSG00000184984,15,33968497,q,15q
ENSG00000134049,18,47152834,q,18q
ENSG00000152932,5,58582221,q,5q
ENSG00000132963,13,28659065,q,13q
ENSG00000101977,X,139581770,q,Xq
ENSG00000171451,18,67506587,q,18q
ENSG00000107789,10,87504875,q,10q
ENSG00000176014,18,12307287,p,18p
ENSG00000213949,5,52787916,q,5q
ENSG00000182771,10,85599552,q,10q
ENSG00000065150,13,97953658,q,13q
ENSG00000169427,8,139600838,q,8q
ENSG00000159495,15,43276271,q,15q
ENSG00000186350,9,134317098,q,9q
ENSG00000169495,8,38974228,p,8p
ENSG00000187553,10,93060798,q,10q
ENSG00000168806,15,43323649,q,15q
ENSG00000104371,8,42374063,p,8p
ENSG00000197361,15,63597353,q,15q
ENSG00000138190,10,92826831,q,10q
ENSG00000166821,15,89677764,q,15q
ENSG00000183665,8,124450820,q,8q
ENSG00000133863,8,30831544,p,8p
ENSG00000038427,5,83471618,q,5q
ENSG00000130559,9,135808487,q,9q
ENSG00000185942,8,62248591,q,8q
ENSG00000088756,18,6729680,p,18p
ENSG00000203499,8,143734139,q,8q
ENSG00000158815,8,22042398,p,8p
ENSG00000168487,8,22165140,p,8p
ENSG00000137877,15,41848146,q,15q
ENSG00000122870,10,58512872,q,10q
ENSG00000148344,9,129738331,q,9q
ENSG00000182752,9,116153791,q,9q
ENSG00000107447,10,96304409,q,10q
ENSG00000207433,9,15544188,p,9p
ENSG00000188095,15,89760591,q,15q
ENSG00000251752,9,83275941,q,9q
ENSG00000223012,9,86258358,q,9q
ENSG00000153391,18,35452230,q,18q
ENSG00000222558,9,107797744,q,9q
ENSG00000189023,X,35798342,p,Xp
ENSG00000206923,9,110903337,q,9q
ENSG00000274755,9,115734392,q,9q
ENSG00000207726,9,114209434,q,9q
ENSG00000207737,9,124693710,q,9q
ENSG00000177613,10,51695486,q,10q
ENSG00000201302,9,127448501,q,9q
ENSG00000160401,9,127706988,q,9q
ENSG00000123200,13,45954364,q,13q
ENSG00000130449,5,61332258,q,5q
ENSG00000136807,9,127785679,q,9q
ENSG00000152223,18,45800581,q,18q
ENSG00000278057,X,154271265,q,Xq
ENSG00000164190,5,36876769,p,5p
ENSG00000169297,X,30304206,p,Xp
ENSG00000095596,10,93073475,q,10q
ENSG00000103710,15,65053337,q,15q
ENSG00000185972,9,36169388,p,9p
ENSG00000201467,X,17044380,p,Xp
ENSG00000171169,9,128061233,q,9q
ENSG00000120051,10,104353833,q,10q
ENSG00000090470,15,65117379,q,15q
ENSG00000171159,9,128160265,q,9q
ENSG00000156313,X,38269163,p,Xp
ENSG00000284185,9,128392618,q,9q
ENSG00000254585,15,23643549,q,15q
ENSG00000196932,10,61406642,q,10q
ENSG00000134042,18,50795120,q,18q
ENSG00000182636,15,23685400,q,15q
ENSG00000188620,10,123135970,q,10q
ENSG00000165118,9,83938311,q,9q
ENSG00000138152,10,122271296,q,10q
ENSG00000234438,15,65076746,q,15q
ENSG00000284179,9,83969748,q,9q
ENSG00000159884,9,35658290,p,9p
ENSG00000140479,15,101289784,q,15q
ENSG00000229544,10,124445243,q,10q
ENSG00000215183,9,35752990,p,9p
ENSG00000204930,9,35816391,p,9p
ENSG00000120008,10,120851305,q,10q
ENSG00000196196,9,35906202,p,9p
ENSG00000125247,13,100603625,q,13q
ENSG00000171843,9,20341669,p,9p
ENSG00000134061,5,67179613,q,5q
ENSG00000186479,5,64506015,q,5q
ENSG00000049759,18,58044050,q,18q
ENSG00000152669,5,55231152,q,5q
ENSG00000207609,9,20716105,p,9p
ENSG00000182154,9,137551879,q,9q
ENSG00000163132,4,4859665,p,4p
ENSG00000200785,14,21397292,q,14q
ENSG00000129472,14,21459020,q,14q
ENSG00000137090,9,841690,p,9p
ENSG00000126970,X,64915802,q,Xq
ENSG00000215612,4,8846076,p,4p
ENSG00000170289,8,86553977,q,8q
ENSG00000186766,10,127737185,q,10q
ENSG00000154478,10,123666355,q,10q
ENSG00000196900,5,126631705,q,5q
ENSG00000198947,X,31097677,p,Xp
ENSG00000140090,14,92322581,q,14q
ENSG00000112273,6,22569566,p,6p
ENSG00000164379,6,1312098,p,6p
ENSG00000164199,5,90529344,q,5q
ENSG00000145990,6,13357830,p,6p
ENSG00000136897,9,101387633,q,9q
ENSG00000188386,9,101591604,q,9q
ENSG00000185737,10,81875194,q,10q
ENSG00000112183,6,17281361,p,6p
ENSG00000120160,9,27284654,p,9p
ENSG00000164830,8,106270144,q,8q
ENSG00000165091,9,72521608,q,9q
ENSG00000163288,4,46993723,p,4p
ENSG00000151025,10,25174802,p,10p
ENSG00000137273,6,1389576,p,6p
ENSG00000124766,6,21593751,p,6p
ENSG00000170370,10,117542445,q,10q
ENSG00000137177,6,17759183,p,6p
ENSG00000196860,14,58395928,q,14q
ENSG00000252049,10,23166985,p,10p
ENSG00000251711,10,25819363,p,10p
ENSG00000252076,10,58869184,q,10q
ENSG00000170516,4,46734827,p,4p
ENSG00000223064,10,85537379,q,10q
ENSG00000100578,14,58427385,q,14q
ENSG00000252292,10,85650012,q,10q
ENSG00000199104,10,86264694,q,10q
ENSG00000181778,9,68536580,q,9q
ENSG00000207068,10,105534659,q,10q
ENSG00000272160,10,109869858,q,10q
ENSG00000136895,9,127224265,q,9q
ENSG00000202569,10,102436512,q,10q
ENSG00000172766,13,41311267,q,13q
ENSG00000120055,10,102449837,q,10q
ENSG00000196475,4,79406361,q,4q
ENSG00000283891,15,55372940,q,15q
ENSG00000203805,10,120457227,q,10q
ENSG00000058335,15,78959906,q,15q
ENSG00000074211,4,6320578,p,4p
ENSG00000180592,10,21513475,p,10p
ENSG00000214285,10,127549309,q,10q
ENSG00000185532,10,50990888,q,10q
ENSG00000145794,5,127290796,q,5q
ENSG00000198824,13,114314482,q,13q
ENSG00000133119,13,33818069,q,13q
ENSG00000187122,10,96998038,q,10q
ENSG00000154734,21,26835755,q,21q
ENSG00000169836,4,103586031,q,4q
ENSG00000185863,9,137170858,q,9q
ENSG00000153064,4,101411286,q,4q
ENSG00000187713,9,137204082,q,9q
ENSG00000198569,9,137230757,q,9q
ENSG00000130487,22,50545899,q,22q
ENSG00000180053,8,23701740,p,8p
ENSG00000180190,8,489803,p,8p
ENSG00000147650,8,104489231,q,8q
ENSG00000179455,15,23565674,q,15q
ENSG00000188163,9,137243584,q,9q
ENSG00000005810,13,77042474,q,13q
ENSG00000171016,15,55538884,q,15q
ENSG00000188986,9,137255327,q,9q
ENSG00000205922,19,1753506,p,19p
ENSG00000182759,8,143419182,q,8q
ENSG00000125910,19,3172346,p,19p
ENSG00000069966,15,52115100,q,15q
ENSG00000204839,8,143566192,q,8q
ENSG00000105428,19,5455417,p,19p
ENSG00000198435,9,137299631,q,9q
ENSG00000060558,19,3136033,p,19p
ENSG00000148156,9,108854588,q,9q
ENSG00000187003,9,108862266,q,9q
ENSG00000207698,9,109046229,q,9q
ENSG00000185437,21,39445855,q,21q
ENSG00000188710,9,130892707,q,9q
ENSG00000130711,9,130664594,q,9q
ENSG00000179886,8,143597831,q,8q
ENSG00000088256,19,3094362,p,19p
ENSG00000164400,5,132073789,q,5q
ENSG00000188483,9,129175552,q,9q
ENSG00000164953,8,93754844,q,8q
ENSG00000120699,13,36998816,q,13q
ENSG00000164318,5,38258409,p,5p
ENSG00000136867,9,113150976,q,9q
ENSG00000160994,19,15010726,p,19p
ENSG00000178363,10,5524961,p,10p
ENSG00000127529,19,14941489,p,19p
ENSG00000169783,15,77613027,q,15q
ENSG00000212447,9,122880213,q,9q
ENSG00000095464,10,93612537,q,10q
ENSG00000205581,21,39342315,q,21q
ENSG00000100146,22,37970686,q,22q
ENSG00000199161,9,136670602,q,9q
ENSG00000108231,10,93757840,q,10q
ENSG00000157766,15,88803436,q,15q
ENSG00000244752,22,25212564,q,22q
ENSG00000198551,19,11559374,p,19p
ENSG00000236699,4,105552620,q,4q
ENSG00000242259,22,19351368,q,22q
ENSG00000105141,19,15049480,p,19p
ENSG00000124875,4,73836640,q,4q
ENSG00000099901,22,20115877,q,22q
ENSG00000165300,13,87671371,q,13q
ENSG00000174599,4,117083554,q,4q
ENSG00000186051,9,105662457,q,9q
ENSG00000120686,13,38349826,q,13q
ENSG00000129595,5,112142441,q,5q
ENSG00000163116,4,97184093,q,4q
ENSG00000070601,9,37650954,p,9p
ENSG00000187522,10,14838306,p,10p
ENSG00000172403,4,118850688,q,4q
ENSG00000100228,22,23145366,q,22q
ENSG00000164304,6,7326656,p,6p
ENSG00000154227,15,100400395,q,15q
ENSG00000102699,13,24420931,q,13q
ENSG00000113369,5,91368631,q,5q
ENSG00000215262,8,36784324,p,8p
ENSG00000207563,9,95085208,q,9q
ENSG00000207864,9,95085445,q,9q
ENSG00000167103,9,127920881,q,9q
ENSG00000138653,4,114827763,q,4q
ENSG00000167487,19,18637025,p,19p
ENSG00000145839,5,135892246,q,5q
ENSG00000100385,22,37118666,q,22q
ENSG00000182333,10,88664441,q,10q
ENSG00000184838,5,120464300,q,5q
ENSG00000132549,8,99013266,q,8q
ENSG00000163114,4,95840093,q,4q
ENSG00000145826,5,135922279,q,5q
ENSG00000222413,9,117276985,q,9q
ENSG00000230601,9,114666434,q,9q
ENSG00000151012,4,138164097,q,4q
ENSG00000131711,5,72107234,q,5q
ENSG00000181634,9,114784652,q,9q
ENSG00000100592,14,59188646,q,14q
ENSG00000100024,22,24494107,q,22q
ENSG00000147869,9,14719724,p,9p
ENSG00000103723,15,82659281,q,15q
ENSG00000173239,10,88802730,q,10q
ENSG00000054598,6,1609915,p,6p
ENSG00000204020,10,88759982,q,10q
ENSG00000187566,6,18120440,p,6p
ENSG00000238300,9,33934296,p,9p
ENSG00000207935,9,70809975,q,9q
ENSG00000170950,6,49785660,p,6p
ENSG00000186881,9,104504263,q,9q
ENSG00000145283,4,86823468,q,4q
ENSG00000186943,9,104569168,q,9q
ENSG00000165868,10,116671192,q,10q
ENSG00000170927,6,51615299,p,6p
ENSG00000141959,21,44300017,q,21q
ENSG00000165029,9,104781006,q,9q
ENSG00000138639,4,85475150,q,4q
ENSG00000164512,5,56099680,q,5q
ENSG00000133937,14,94768223,q,14q
ENSG00000126249,19,34404399,q,19q
ENSG00000211778,14,21736152,q,14q
ENSG00000165409,14,80954989,q,14q
ENSG00000164219,5,115204012,q,5q
ENSG00000166317,10,73644881,q,10q
ENSG00000124449,19,43716076,q,19q
ENSG00000196968,10,73772276,q,10q
ENSG00000138650,4,133149294,q,4q
ENSG00000172586,10,73782047,q,10q
ENSG00000239642,5,131806990,q,5q
ENSG00000214655,10,73785606,q,10q
ENSG00000146006,5,138868921,q,5q
ENSG00000126261,19,34428352,q,19q
ENSG00000201392,X,71965972,q,Xq
ENSG00000186871,X,72204657,q,Xq
ENSG00000186367,5,129748094,q,5q
ENSG00000139514,13,29509410,q,13q
ENSG00000100012,22,30447959,q,22q
ENSG00000169302,5,147234963,q,5q
ENSG00000170153,4,140859807,q,4q
ENSG00000146166,6,63275951,q,6q
ENSG00000154079,6,70566917,q,6q
ENSG00000221303,14,81202695,q,14q
ENSG00000184486,6,98834574,q,6q
ENSG00000156127,14,75522455,q,14q
ENSG00000151962,4,154781213,q,4q
ENSG00000203972,6,49499923,p,6p
ENSG00000155858,5,157743712,q,5q
ENSG00000182197,8,117794490,q,8q
ENSG00000156535,6,73695785,q,6q
ENSG00000139988,14,67701886,q,14q
ENSG00000214360,5,172194172,q,5q
ENSG00000100351,22,39901084,q,22q
ENSG00000188394,9,123033667,q,9q
ENSG00000260230,9,109130293,q,9q
ENSG00000136327,14,36580004,q,14q
ENSG00000174038,9,35041095,p,9p
ENSG00000188334,19,47968046,q,19q
ENSG00000198807,14,36657568,q,14q
ENSG00000145451,4,174636920,q,4q
ENSG00000105507,19,48029383,q,19q
ENSG00000272398,6,106969831,q,6q
ENSG00000102572,13,98445185,q,13q
ENSG00000188508,19,35487324,q,19q
ENSG00000263639,10,46033307,q,10q
ENSG00000100554,14,67294371,q,14q
ENSG00000164756,8,116950273,q,8q
ENSG00000187189,6,116249964,q,6q
ENSG00000155876,9,19049427,p,9p
ENSG00000182489,X,100913445,q,Xq
ENSG00000187871,6,55327469,p,6p
ENSG00000176635,22,30080464,q,22q
ENSG00000182077,10,27397121,p,10p
ENSG00000172724,9,34689570,p,9p
ENSG00000207800,X,138667711,q,Xq
ENSG00000101958,X,14529298,p,Xp
ENSG00000008196,6,50818723,p,6p
ENSG00000273767,10,121949412,q,10q
ENSG00000166189,10,102065349,q,10q
ENSG00000170835,9,133061981,q,9q
ENSG00000198728,10,102106489,q,10q
ENSG00000242732,X,72127110,q,Xq
ENSG00000082293,6,69866556,q,6q
ENSG00000046653,X,13770939,p,Xp
ENSG00000168556,4,183505058,q,4q
ENSG00000100344,22,43923781,q,22q
ENSG00000145779,5,119268692,q,5q
ENSG00000175164,9,133233278,q,9q
ENSG00000182552,4,183639635,q,4q
ENSG00000205883,8,11982256,p,8p
ENSG00000164935,8,104339087,q,8q
ENSG00000119915,10,102226299,q,10q
ENSG00000183775,5,144170873,q,5q
ENSG00000164399,5,132060655,q,5q
ENSG00000131203,8,39902275,p,8p
ENSG00000099284,10,70052544,q,10q
ENSG00000128311,22,37010859,q,22q
ENSG00000164123,4,158893134,q,4q
ENSG00000145819,5,142770377,q,5q
ENSG00000118402,6,79914814,q,6q
ENSG00000206611,9,133349396,q,9q
ENSG00000200831,9,133350095,q,9q
ENSG00000023516,13,42271475,q,13q
ENSG00000038295,4,165873237,q,4q
ENSG00000198870,9,133376366,q,9q
ENSG00000063127,19,49289638,q,19q
ENSG00000100055,22,37282027,q,22q
ENSG00000276730,9,36072686,p,9p
ENSG00000111879,6,118959763,q,6q
ENSG00000200554,9,125303920,q,9q
ENSG00000092009,14,24505353,q,14q
ENSG00000148734,10,70247329,q,10q
ENSG00000168263,9,2717510,p,9p
ENSG00000021645,14,78170373,q,14q
ENSG00000120616,10,32267751,p,10p
ENSG00000121741,13,19958677,q,13q
ENSG00000253117,8,132024216,q,8q
ENSG00000175283,9,128945530,q,9q
ENSG00000184709,9,137168758,q,9q
ENSG00000160469,19,55282072,q,19q
ENSG00000160360,9,136327476,q,9q
ENSG00000205002,8,116938207,q,8q
ENSG00000132297,8,132061480,q,8q
ENSG00000207089,14,68735922,q,14q
ENSG00000254402,8,144522388,q,8q
ENSG00000227051,14,96039362,q,14q
ENSG00000213563,8,144525733,q,8q
ENSG00000168594,4,174829668,q,4q
ENSG00000165821,14,21521080,q,14q
ENSG00000284024,10,14838302,p,10p
ENSG00000183117,8,2935353,p,8p
ENSG00000128340,22,37225270,q,22q
ENSG00000201358,14,50068568,q,14q
ENSG00000092200,14,21280083,q,14q
ENSG00000181867,5,121851882,q,5q
ENSG00000119950,10,110207605,q,10q
ENSG00000185056,5,173973779,q,5q
ENSG00000150628,4,176184579,q,4q
ENSG00000137094,9,34989641,p,9p
ENSG00000183072,5,173232109,q,5q
ENSG00000184108,4,188139441,q,4q
ENSG00000104901,19,49361783,q,19q
ENSG00000187658,5,157671533,q,5q
ENSG00000226650,5,155013755,q,5q
ENSG00000198108,5,129904465,q,5q
ENSG00000197410,4,154231742,q,4q
ENSG00000167104,20,33029189,q,20q
ENSG00000136834,9,122476958,q,9q
ENSG00000198944,5,132813302,q,5q
ENSG00000239590,9,122519141,q,9q
ENSG00000165202,9,122614738,q,9q
ENSG00000099953,22,23768226,q,22q
ENSG00000107249,9,3824127,p,9p
ENSG00000113742,5,173888349,q,5q
ENSG00000125861,20,3659248,p,20p
ENSG00000212027,X,74218547,q,Xq
ENSG00000199168,X,74287286,q,Xq
ENSG00000187969,X,74304180,q,Xq
ENSG00000176401,19,39530987,q,19q
ENSG00000176396,19,39538707,q,19q
ENSG00000101974,X,139726346,q,Xq
ENSG00000204851,19,46486906,q,19q
ENSG00000197380,19,46647551,q,19q
ENSG00000164120,4,174490175,q,4q
ENSG00000187772,6,104936616,q,6q
ENSG00000130545,19,6463777,p,19p
ENSG00000164434,6,122779716,q,6q
ENSG00000099995,22,30331988,q,22q
ENSG00000222640,14,70360892,q,14q
ENSG00000137251,6,54307859,p,6p
ENSG00000125815,20,23491101,p,20p
ENSG00000125657,19,6531026,p,19p
ENSG00000130957,9,94558720,q,9q
ENSG00000170604,19,45883608,q,19q
ENSG00000188425,19,45913214,q,19q
ENSG00000008438,19,46019153,q,19q
ENSG00000119616,14,74713144,q,14q
ENSG00000112837,6,84687351,q,6q
ENSG00000165181,9,111686171,q,9q
ENSG00000104941,19,45795713,q,19q
ENSG00000168143,6,54846771,p,6p
ENSG00000113520,5,132673986,q,5q
ENSG00000151005,4,163471095,q,4q
ENSG00000277864,15,82755945,q,15q
ENSG00000174145,4,37244743,p,4p
ENSG00000126775,14,55366391,q,14q
ENSG00000184983,22,42085526,q,22q
ENSG00000250479,22,23765834,q,22q
ENSG00000185149,4,155208636,q,4q
ENSG00000273540,15,86079871,q,15q
ENSG00000274443,8,73241331,q,8q
ENSG00000072121,14,67727374,q,14q
ENSG00000100170,22,32043050,q,22q
ENSG00000200761,4,4920770,p,4p
ENSG00000064313,8,119730774,q,8q
ENSG00000127452,19,9810267,p,19p
ENSG00000212282,4,12312588,p,4p
ENSG00000202449,4,14690710,p,4p
ENSG00000164325,5,73173193,q,5q
ENSG00000222257,4,45995119,p,4p
ENSG00000199773,5,7980146,p,5p
ENSG00000252913,4,48932755,p,4p
ENSG00000239112,5,9548836,p,5p
ENSG00000136870,9,101398851,q,9q
ENSG00000251874,4,83003412,q,4q
ENSG00000199731,5,32234766,p,5p
ENSG00000252470,4,107435118,q,4q
ENSG00000207052,5,32309662,p,5p
ENSG00000223004,5,24811481,p,5p
ENSG00000252373,5,31820564,p,5p
ENSG00000275994,4,118279190,q,4q
ENSG00000252867,5,28624657,p,5p
ENSG00000252183,4,121192797,q,4q
ENSG00000221803,19,47755853,q,19q
ENSG00000165338,10,91409280,q,10q
ENSG00000283432,4,135315418,q,4q
ENSG00000185838,22,19783223,q,22q
ENSG00000167014,15,44956687,q,15q
ENSG00000171133,9,111327229,q,9q
ENSG00000198680,9,25676969,p,9p
ENSG00000124313,X,53225828,p,Xp
ENSG00000207013,5,86663144,q,5q
ENSG00000251739,4,183705931,q,4q
ENSG00000206593,5,109014834,q,5q
ENSG00000200269,4,48106081,p,4p
ENSG00000238363,5,112161485,q,5q
ENSG00000206786,5,119138859,q,5q
ENSG00000178997,15,41182725,q,15q
ENSG00000128045,4,52862317,q,4q
ENSG00000119138,9,70384604,q,9q
ENSG00000252068,5,157579497,q,5q
ENSG00000199047,5,149732825,q,5q
ENSG00000206819,5,157809098,q,5q
ENSG00000164113,4,122378966,q,4q
ENSG00000252794,5,165609441,q,5q
ENSG00000200555,5,180444509,q,5q
ENSG00000198995,5,180015303,q,5q
ENSG00000196570,5,177400109,q,5q
ENSG00000185028,5,191495,p,5p
ENSG00000177025,19,57958437,q,19q
ENSG00000171855,9,21077104,p,9p
ENSG00000185115,15,29264989,q,15q
ENSG00000140279,15,45092650,q,15q
ENSG00000066230,5,470456,p,5p
ENSG00000100427,22,50059391,q,22q
ENSG00000148357,9,130265760,q,9q
ENSG00000173626,6,116494989,q,6q
ENSG00000220988,19,50802328,q,19q
ENSG00000240294,10,24908522,p,10p
ENSG00000148483,10,17752201,p,10p
ENSG00000160396,19,40379271,q,19q
ENSG00000146378,6,132617022,q,6q
ENSG00000112378,6,138088505,q,6q
ENSG00000156395,10,104641290,q,10q
ENSG00000179751,19,39202825,q,19q
ENSG00000176979,4,165016458,q,4q
ENSG00000187689,4,70518569,q,4q
ENSG00000138135,10,89205629,q,10q
ENSG00000112038,6,154010496,q,6q
ENSG00000168828,9,35869463,p,9p
ENSG00000164972,9,34379019,p,9p
ENSG00000169594,15,83255884,q,15q
ENSG00000196421,20,64034344,q,20q
ENSG00000101871,X,10445310,p,Xp
ENSG00000203883,20,64047582,q,20q
ENSG00000150347,10,61901684,q,10q
ENSG00000169856,15,52755053,q,15q
ENSG00000132464,4,70628744,q,4q
ENSG00000188869,15,81331088,q,15q
ENSG00000165124,9,110365248,q,9q
ENSG00000168348,14,35534164,q,14q
ENSG00000180205,20,45607939,q,20q
ENSG00000166343,10,73423579,q,10q
ENSG00000132467,4,70688532,q,4q
ENSG00000180305,20,45629739,q,20q
ENSG00000207007,4,70852130,q,4q
ENSG00000180083,20,45648563,q,20q
ENSG00000252213,5,139276180,q,5q
ENSG00000200959,5,139278781,q,5q
ENSG00000253015,5,139333038,q,5q
ENSG00000170476,5,139387467,q,5q
ENSG00000140009,14,64084232,q,14q
ENSG00000105085,19,16574907,p,19p
ENSG00000228672,5,139390592,q,5q
ENSG00000178394,5,63957874,q,5q
ENSG00000107815,10,100987367,q,10q
ENSG00000069018,5,136212745,q,5q
ENSG00000250298,4,106357392,q,4q
ENSG00000030304,9,110668779,q,9q
ENSG00000182264,19,48740852,q,19q
ENSG00000170917,4,122888697,q,4q
ENSG00000175606,8,73972437,q,8q
ENSG00000119922,10,89283694,q,10q
ENSG00000105550,19,48755524,q,19q
ENSG00000104808,19,48933699,q,19q
ENSG00000207483,10,28667919,p,10p
ENSG00000109471,4,122451470,q,4q
ENSG00000070748,10,49609095,q,10q
ENSG00000178125,8,66964099,q,8q
ENSG00000173542,4,70902326,q,4q
ENSG00000183476,15,78077808,q,15q
ENSG00000120697,13,36949738,q,13q
ENSG00000184716,15,43794162,q,15q
ENSG00000137101,9,35609982,p,9p
ENSG00000174792,4,75556048,q,4q
ENSG00000172733,8,30995802,p,8p
ENSG00000197818,20,49812713,q,20q
ENSG00000196711,8,52534037,q,8q
ENSG00000252898,4,173446603,q,4q
ENSG00000164107,4,173524969,q,4q
ENSG00000215218,5,6448859,p,5p
ENSG00000180061,19,55312801,q,19q
ENSG00000133466,22,37180166,q,22q
ENSG00000118579,4,17614641,p,4p
ENSG00000145863,5,161547063,q,5q
ENSG00000230778,15,40278372,q,15q
ENSG00000168612,20,45881227,q,20q
ENSG00000205186,8,81458253,q,8q
ENSG00000200520,4,139318378,q,4q
ENSG00000236543,9,135604345,q,9q
ENSG00000148386,9,135663309,q,9q
ENSG00000253598,8,81693631,q,8q
ENSG00000185386,22,50263713,q,22q
ENSG00000164695,8,81732448,q,8q
ENSG00000137766,15,53978201,q,15q
ENSG00000132664,20,18466878,p,20p
ENSG00000160471,19,55349306,q,19q
ENSG00000106689,9,124001670,q,9q
ENSG00000047315,4,56977722,q,4q
ENSG00000136122,13,72727749,q,13q
ENSG00000147536,8,41529218,p,8p
ENSG00000107099,9,214854,p,9p
ENSG00000180043,19,55354908,q,19q
ENSG00000101457,20,45791946,q,20q
ENSG00000139914,14,24130659,q,14q
ENSG00000095752,19,55364382,q,19q
ENSG00000165762,14,19875142,q,14q
ENSG00000177971,15,75639085,q,15q
ENSG00000155249,14,19930917,q,14q
ENSG00000147533,8,41488200,p,8p
ENSG00000243056,5,140547662,q,5q
ENSG00000179954,19,55488404,q,19q
ENSG00000007350,X,154295795,q,Xq
ENSG00000252712,15,66347207,q,15q
ENSG00000131495,5,140638740,q,5q
ENSG00000187714,10,49610310,q,10q
ENSG00000174446,15,66490135,q,15q
ENSG00000180440,13,36673881,q,13q
ENSG00000188816,10,123148136,q,10q
ENSG00000139687,13,48303735,q,13q
ENSG00000256453,5,140670794,q,5q
ENSG00000174373,14,35538352,q,14q
ENSG00000065809,10,14518557,p,10p
ENSG00000199574,15,66501250,q,15q
ENSG00000280554,15,66502019,q,15q
ENSG00000204970,5,140786136,q,5q
ENSG00000199673,15,66502812,q,15q
ENSG00000200623,15,66503243,q,15q
ENSG00000179922,19,55620741,q,19q
ENSG00000112706,6,75921114,q,6q
ENSG00000188467,15,48120990,q,15q
ENSG00000222524,19,55737285,q,19q
ENSG00000204969,5,140794852,q,5q
ENSG00000115266,19,1446302,p,19p
ENSG00000255408,5,140801028,q,5q
ENSG00000204131,X,71910845,q,Xq
ENSG00000204965,5,140821604,q,5q
ENSG00000186212,4,76894152,q,4q
ENSG00000169306,X,28587446,p,Xp
ENSG00000074803,15,48178438,q,15q
ENSG00000125534,20,63520754,q,20q
ENSG00000196159,4,125314918,q,4q
ENSG00000147206,X,103075810,q,Xq
ENSG00000112029,6,152970519,q,6q
ENSG00000139679,13,48389567,q,13q
ENSG00000118491,6,143864436,q,6q
ENSG00000124256,20,57603575,q,20q
ENSG00000154719,21,25585632,q,21q
ENSG00000250120,5,140855883,q,5q
ENSG00000102763,13,41566834,q,13q
ENSG00000099937,22,20774112,q,22q
ENSG00000222765,4,65807240,q,4q
ENSG00000203727,6,147508690,q,6q
ENSG00000171408,6,135851701,q,6q
ENSG00000151615,4,146638893,q,4q
ENSG00000130540,22,43824509,q,22q
ENSG00000249158,5,140868183,q,5q
ENSG00000267710,19,56272748,q,19q
ENSG00000189108,X,104566199,q,Xq
ENSG00000171222,20,35953617,q,20q
ENSG00000138684,4,122610108,q,4q
ENSG00000154059,18,24426634,q,18q
ENSG00000080573,19,9959561,p,19p
ENSG00000102096,X,48913182,p,Xp
ENSG00000130338,6,158232236,q,6q
ENSG00000078898,20,33007704,q,20q
ENSG00000181004,4,122732702,q,4q
ENSG00000102393,X,101393273,q,Xq
ENSG00000185818,4,2059327,p,4p
ENSG00000235608,4,1402932,p,4p
ENSG00000239389,5,140882124,q,5q
ENSG00000255072,4,88520998,q,4q
ENSG00000137449,4,15002481,p,4p
ENSG00000101222,20,3777504,p,20p
ENSG00000146416,6,143060496,q,6q
ENSG00000243232,5,140966470,q,5q
ENSG00000101342,20,36873061,q,20q
ENSG00000081913,18,62715464,q,18q
ENSG00000080511,19,10013249,p,19p
ENSG00000214654,9,120792403,q,9q
ENSG00000147144,X,49053572,p,Xp
ENSG00000205929,21,32790673,q,21q
ENSG00000171815,5,141051374,q,5q
ENSG00000177076,9,19409009,p,9p
ENSG00000164438,5,171309248,q,5q
ENSG00000158856,8,22048995,p,8p
ENSG00000142207,21,32311018,q,21q
ENSG00000168269,5,170105897,q,5q
ENSG00000177468,6,137492199,q,6q
ENSG00000120215,9,5890889,p,9p
ENSG00000164488,6,168292830,q,6q
ENSG00000185129,5,140107777,q,5q
ENSG00000124205,20,59300415,q,20q
ENSG00000182700,5,140125937,q,5q
ENSG00000156384,10,104122058,q,10q
ENSG00000209645,19,10107651,p,19p
ENSG00000196376,6,117907264,q,6q
ENSG00000238531,19,10109757,p,19p
ENSG00000060069,18,79679803,q,18q
ENSG00000176055,5,90458209,q,5q
ENSG00000267534,19,10221433,p,19p
ENSG00000107831,10,101770109,q,10q
ENSG00000168944,5,123344890,q,5q
ENSG00000277411,6,15522195,p,6p
ENSG00000212240,6,28915645,p,6p
ENSG00000212468,6,46018745,p,6p
ENSG00000283329,9,38694266,p,9p
ENSG00000102468,13,46831546,q,13q
ENSG00000207581,9,128244721,q,9q
ENSG00000251946,6,54786387,p,6p
ENSG00000119508,9,99821855,q,9q
ENSG00000272445,6,76557653,q,6q
ENSG00000252156,6,75768059,q,6q
ENSG00000171649,19,57578456,q,19q
ENSG00000201015,6,67546651,q,6q
ENSG00000202283,6,103583135,q,6q
ENSG00000200522,6,110722250,q,6q
ENSG00000201386,6,112971493,q,6q
ENSG00000222445,6,125875168,q,6q
ENSG00000201613,6,126590287,q,6q
ENSG00000206754,6,132815307,q,6q
ENSG00000221500,6,132816802,q,6q
ENSG00000200732,6,119327281,q,6q
ENSG00000200176,10,86889569,q,10q
ENSG00000284499,X,134169378,q,Xq
ENSG00000284107,X,134169671,q,Xq
ENSG00000205755,X,1190490,p,Xp
ENSG00000019186,20,54153446,q,20q
ENSG00000222764,6,141486141,q,6q
ENSG00000234828,4,149351709,q,4q
ENSG00000135355,6,89894469,q,6q
ENSG00000106852,9,122202577,q,9q
ENSG00000119913,10,112283400,q,10q
ENSG00000118412,6,89829894,q,6q
ENSG00000189184,4,137518918,q,4q
ENSG00000204978,19,41443156,q,19q
ENSG00000156574,10,70431936,q,10q
ENSG00000154721,21,25639258,q,21q
ENSG00000256394,4,155829729,q,4q
ENSG00000028839,6,133952170,q,6q
ENSG00000183230,10,65912457,q,10q
ENSG00000100100,22,31281594,q,22q
ENSG00000009694,X,124375903,q,Xq
ENSG00000082516,5,154887411,q,5q
ENSG00000124209,20,58309706,q,20q
ENSG00000128731,15,28111040,q,15q
ENSG00000202198,6,52995620,p,6p
ENSG00000137270,6,53126961,p,6p
ENSG00000253026,6,53153795,p,6p
ENSG00000188981,4,3244369,p,4p
ENSG00000141655,18,62325269,q,18q
ENSG00000124657,6,27957241,p,6p
ENSG00000120440,6,167325071,q,6q
ENSG00000173085,4,83261536,q,4q
ENSG00000167077,22,41699503,q,22q
ENSG00000120658,13,43213004,q,13q
ENSG00000160193,21,42843013,q,21q
ENSG00000189241,6,116267760,q,6q
ENSG00000120436,6,167155247,q,6q
ENSG00000252113,10,67858818,q,10q
ENSG00000008197,6,50713526,p,6p
ENSG00000207550,19,51692612,q,19q
ENSG00000198972,19,51692786,q,19q
ENSG00000208008,19,51693254,q,19q
ENSG00000168994,6,3722614,p,6p
ENSG00000104967,19,45933734,q,19q
ENSG00000077984,20,24949269,p,20p
ENSG00000109511,4,168092537,q,4q
ENSG00000101096,20,51386957,q,20q
ENSG00000096996,19,18058995,p,19p
ENSG00000196670,5,180847611,q,5q
ENSG00000112425,6,145382535,q,6q
ENSG00000148848,10,126012381,q,10q
ENSG00000288661,X,63754485,q,Xq
ENSG00000169057,X,154021573,q,Xq
ENSG00000112983,5,138139770,q,5q
ENSG00000252815,4,55031965,q,4q
ENSG00000100399,22,41229510,q,22q
ENSG00000163394,4,26481396,p,4p
ENSG00000251697,9,34478622,p,9p
ENSG00000175854,9,128275379,q,9q
ENSG00000184076,22,29767369,q,22q
ENSG00000091164,18,56597209,q,18q
ENSG00000196553,14,66411704,q,14q
ENSG00000205301,4,140442262,q,4q
ENSG00000099942,22,20917407,q,22q
ENSG00000100097,22,37675636,q,22q
ENSG00000288706,X,23783278,p,Xp
ENSG00000273820,X,49879484,p,Xp
ENSG00000140406,15,81000923,q,15q
ENSG00000259330,15,40323692,q,15q
ENSG00000111837,6,10762723,p,6p
ENSG00000169105,15,40470984,q,15q
ENSG00000201384,14,77201026,q,14q
ENSG00000180245,4,109827972,q,4q
ENSG00000130522,19,18279694,p,19p
ENSG00000197535,15,52307281,q,15q
ENSG00000199177,9,21512115,p,9p
ENSG00000175489,19,18391137,p,19p
ENSG00000184995,9,21480839,p,9p
ENSG00000186732,22,43411196,q,22q
ENSG00000184394,14,20138820,q,14q
ENSG00000221977,14,21653835,q,14q
ENSG00000130385,X,50910735,p,Xp
ENSG00000105341,19,41431318,q,19q
ENSG00000138813,4,99511012,q,4q
ENSG00000205683,14,72609034,q,14q
ENSG00000159958,22,41922032,q,22q
ENSG00000100253,22,50486784,q,22q
ENSG00000138823,4,99564081,q,4q
ENSG00000237136,4,145680146,q,4q
ENSG00000201444,9,117707996,q,9q
ENSG00000101680,18,6941742,p,18p
ENSG00000147889,9,21967752,p,9p
ENSG00000206703,4,158794590,q,4q
ENSG00000204021,10,88706249,q,10q
ENSG00000124827,6,10873223,p,6p
ENSG00000101280,20,869900,p,20p
ENSG00000152591,4,87608529,q,4q
ENSG00000198879,10,7158624,p,10p
ENSG00000196832,14,20190896,q,14q
ENSG00000207392,6,159780250,q,6q
ENSG00000206910,6,159785594,q,6q
ENSG00000221821,6,42890265,p,6p
ENSG00000165553,14,77265483,q,14q
ENSG00000171611,6,42915989,p,6p
ENSG00000171695,20,64083376,q,20q
ENSG00000104055,15,43232590,q,15q
ENSG00000261587,8,144352219,q,8q
ENSG00000124733,6,43011143,p,6p
ENSG00000252489,4,56288485,q,4q
ENSG00000182585,4,74308470,q,4q
ENSG00000215187,9,35561831,p,9p
ENSG00000196433,X,1615059,p,Xp
ENSG00000206190,15,25677273,q,15q
ENSG00000100065,22,37490362,q,22q
ENSG00000183255,21,44849585,q,21q
ENSG00000161265,19,35742464,q,19q
ENSG00000203909,6,73353063,q,6q
ENSG00000123908,8,140520156,q,8q
ENSG00000203908,6,73362658,q,6q
ENSG00000211809,14,22147995,q,14q
ENSG00000211810,14,22163238,q,14q
ENSG00000112599,6,42183284,p,6p
ENSG00000211813,14,22207522,q,14q
ENSG00000120217,9,5450503,p,9p
ENSG00000112297,6,106360717,q,6q
ENSG00000211818,14,22304054,q,14q
ENSG00000230399,X,118632375,q,Xq
ENSG00000138755,4,76001275,q,4q
ENSG00000201826,X,76244968,q,Xq
ENSG00000169245,4,76021118,q,4q
ENSG00000211899,14,105851705,q,14q
ENSG00000205758,21,33589341,q,21q
ENSG00000147896,9,27524290,p,9p
ENSG00000200295,6,106607716,q,6q
ENSG00000166220,10,70771238,q,10q
ENSG00000150401,13,113455819,q,13q
ENSG00000215966,9,28863626,p,9p
ENSG00000215939,9,28888879,p,9p
ENSG00000133250,19,8509678,p,19p
ENSG00000074771,6,155395368,q,6q
ENSG00000174482,9,27937617,p,9p
ENSG00000107807,10,101131300,q,10q
ENSG00000118804,4,76306733,q,4q
ENSG00000148082,9,89005771,q,9q
ENSG00000254324,8,140732564,q,8q
ENSG00000222895,6,31083010,p,6p
ENSG00000185933,10,103453240,q,10q
ENSG00000105467,19,48364367,q,19q
ENSG00000204542,6,31111223,p,6p
ENSG00000199145,4,112648004,q,4q
ENSG00000183128,10,103472804,q,10q
ENSG00000199102,4,112648363,q,4q
ENSG00000128944,15,40382721,q,15q
ENSG00000102683,13,23180877,q,13q
ENSG00000180801,4,113900284,q,4q
ENSG00000078579,8,16992181,p,8p
ENSG00000182324,19,48455574,q,19q
ENSG00000122375,10,86654518,q,10q
ENSG00000152592,4,87650280,q,4q
ENSG00000222337,9,99284022,q,9q
ENSG00000204539,6,31115087,p,6p
ENSG00000204246,9,104535749,q,9q
ENSG00000204538,6,31137534,p,6p
ENSG00000179055,9,104694518,q,9q
ENSG00000088002,19,48552172,q,19q
ENSG00000214954,8,91101832,q,8q
ENSG00000179774,10,68230595,q,10q
ENSG00000176381,6,166305300,q,6q
ENSG00000196344,4,99412261,q,4q
ENSG00000075073,10,69403903,q,10q
ENSG00000112144,6,53001279,p,6p
ENSG00000107282,9,69427532,q,9q
ENSG00000177202,19,48606742,q,19q
ENSG00000105516,19,48630030,q,19q
ENSG00000207369,8,47667771,q,8q
ENSG00000221869,8,47736913,q,8q
ENSG00000183049,10,12349547,p,10p
ENSG00000119608,14,74852871,q,14q
ENSG00000183779,8,37695782,p,8p
ENSG00000169154,8,37934281,p,8p
ENSG00000161609,19,49388219,q,19q
ENSG00000100156,22,38078134,q,22q
ENSG00000126803,14,64535905,q,14q
ENSG00000136827,9,129812942,q,9q
ENSG00000136352,14,36516392,q,14q
ENSG00000171988,10,63167221,q,10q
ENSG00000188778,8,37962990,p,8p
ENSG00000198796,18,58481247,q,18q
ENSG00000197386,4,3041363,p,4p
ENSG00000248383,5,140926299,q,5q
ENSG00000273899,22,37681673,q,22q
ENSG00000132970,13,26557661,q,13q
ENSG00000158079,9,94030794,q,9q
ENSG00000120903,8,27459756,p,8p
ENSG00000251493,5,73444827,q,5q
ENSG00000203618,22,19723539,q,22q
ENSG00000145888,5,151822513,q,5q
ENSG00000124610,6,26017032,p,6p
ENSG00000099960,22,21028718,q,22q
ENSG00000199631,19,49490615,q,19q
ENSG00000202503,19,49490904,q,19q
ENSG00000187475,6,26107412,p,6p
ENSG00000200259,19,49491175,q,19q
ENSG00000168298,6,26156329,p,6p
ENSG00000200530,19,49497720,q,19q
ENSG00000207782,19,49500785,q,19q
ENSG00000211891,14,105597691,q,14q
ENSG00000138606,15,45167214,q,15q
ENSG00000101751,18,54269510,q,18q
ENSG00000126467,19,49739753,q,19q
ENSG00000199165,9,94175957,q,9q
ENSG00000199133,9,94178834,q,9q
ENSG00000128310,22,37822198,q,22q
ENSG00000136848,9,121567057,q,9q
ENSG00000206599,19,49764524,q,19q
ENSG00000177692,21,33486096,q,21q
ENSG00000197077,22,24952711,q,22q
ENSG00000167619,19,42313309,q,19q
ENSG00000182362,21,46286336,q,21q
ENSG00000171320,8,27771949,p,8p
ENSG00000071246,14,76761468,q,14q
ENSG00000138347,10,68087897,q,10q
ENSG00000164175,5,33944623,p,5p
ENSG00000265236,6,31541101,p,6p
ENSG00000227507,6,31580525,p,6p
ENSG00000278570,15,71792638,q,15q
ENSG00000223174,14,76890263,q,14q
ENSG00000119669,14,77024543,q,14q
ENSG00000200816,6,31623079,p,6p
ENSG00000204444,6,31652416,p,6p
ENSG00000100565,14,76826372,q,14q
ENSG00000169252,5,148826611,q,5q
ENSG00000164266,5,147824572,q,5q
ENSG00000188385,10,132036336,q,10q
ENSG00000283205,9,87956214,q,9q
ENSG00000202242,8,27773645,p,8p
ENSG00000207222,5,134500178,q,5q
ENSG00000204439,6,31658298,p,6p
ENSG00000180776,13,21348784,q,13q
ENSG00000172568,5,157341598,q,5q
ENSG00000136869,9,117704175,q,9q
ENSG00000207201,8,24076997,p,8p
ENSG00000204424,6,31706866,p,6p
ENSG00000069206,8,24440930,p,8p
ENSG00000172548,5,157460213,q,5q
ENSG00000184304,14,29576479,q,14q
ENSG00000187616,9,133514586,q,9q
ENSG00000102595,13,95801580,q,13q
ENSG00000204421,6,31718648,p,6p
ENSG00000129911,19,1852399,p,19p
ENSG00000050767,5,178237476,q,5q
ENSG00000204410,6,31739677,p,6p
ENSG00000196628,18,55222185,q,18q
ENSG00000105429,19,42325609,q,19q
ENSG00000211448,14,80197526,q,14q
ENSG00000200075,8,129868590,q,8q
ENSG00000252464,5,178619728,q,5q
ENSG00000200304,8,130069541,q,8q
ENSG00000156304,21,31670804,q,21q
ENSG00000204659,5,179678560,q,5q
ENSG00000087303,14,52004809,q,14q
ENSG00000179041,8,66429014,q,8q
ENSG00000185963,9,92711363,q,9q
ENSG00000159556,15,76336773,q,15q
ENSG00000183876,5,150296343,q,5q
ENSG00000120738,5,138465479,q,5q
ENSG00000248713,4,99636529,q,4q
ENSG00000169085,8,66492326,q,8q
ENSG00000100362,22,36800682,q,22q
ENSG00000156234,4,77511753,q,4q
ENSG00000187720,15,71096952,q,15q
ENSG00000165023,9,90609832,q,9q
ENSG00000207307,4,76532222,q,4q
ENSG00000184349,5,107376894,q,5q
ENSG00000095383,9,98199011,q,9q
ENSG00000138688,4,122152331,q,4q
ENSG00000204928,5,145858521,q,5q
ENSG00000136367,14,23520857,q,14q
ENSG00000219438,22,48489431,q,22q
ENSG00000164684,8,80628451,q,8q
ENSG00000240849,20,50118254,q,20q
ENSG00000015133,14,91271323,q,14q
ENSG00000100209,22,28742039,q,22q
ENSG00000266477,5,69478997,q,5q
ENSG00000211137,15,62823957,q,15q
ENSG00000166823,15,89749875,q,15q
ENSG00000187866,9,68780065,q,9q
ENSG00000155096,8,102826111,q,8q
ENSG00000188501,15,66547179,q,15q
ENSG00000200969,9,81888918,q,9q
ENSG00000113739,5,173314723,q,5q
ENSG00000198739,10,66926036,q,10q
ENSG00000105427,19,42387019,q,19q
ENSG00000130037,12,5043879,p,12p
ENSG00000165632,10,7818497,p,10p
ENSG00000166523,12,8533305,p,12p
ENSG00000243641,9,36002909,p,9p
ENSG00000182613,5,181147586,q,5q
ENSG00000174788,19,7631611,p,19p
ENSG00000169777,5,9627347,p,5p
ENSG00000150594,10,111077029,q,10q
ENSG00000120210,9,5123880,p,9p
ENSG00000172795,5,112976702,q,5q
ENSG00000122877,10,62811996,q,10q
ENSG00000104918,19,7669049,p,19p
ENSG00000128283,22,37555112,q,22q
ENSG00000139880,14,23047062,q,14q
ENSG00000138835,9,113444731,q,9q
ENSG00000101413,20,38033544,q,20q
ENSG00000170324,10,48153088,q,10q
ENSG00000104921,19,7688758,p,19p
ENSG00000177989,22,50529710,q,22q
ENSG00000159337,15,42067009,q,15q
ENSG00000092068,14,23125295,q,14q
ENSG00000087510,20,56629306,q,20q
ENSG00000100410,22,41459705,q,22q
ENSG00000185372,5,181123122,q,5q
ENSG00000188089,15,41981394,q,15q
ENSG00000039139,5,13690328,p,5p
ENSG00000132792,20,37694030,q,20q
ENSG00000070010,22,19449911,q,22q
ENSG00000103642,15,63121833,q,15q
ENSG00000183248,19,7868719,p,19p
ENSG00000178531,19,7924491,p,19p
ENSG00000183496,15,82041778,q,15q
ENSG00000128965,15,40952962,q,15q
ENSG00000164326,5,71719275,q,5q
ENSG00000125246,13,99606641,q,13q
ENSG00000140391,15,77041404,q,15q
ENSG00000156042,10,73253762,q,10q
ENSG00000204396,6,31765590,p,6p
ENSG00000154153,5,16473038,p,5p
ENSG00000188991,12,16188485,p,12p
ENSG00000176153,14,64939152,q,14q
ENSG00000205846,12,8455962,p,12p
ENSG00000181619,14,59429022,q,14q
ENSG00000156050,14,73931501,q,14q
ENSG00000112619,6,42696598,p,6p
ENSG00000124659,6,42744498,p,6p
ENSG00000182747,6,136922301,q,6q
ENSG00000188373,10,84173801,q,10q
ENSG00000110975,12,33374238,p,12p
ENSG00000204033,10,84220571,q,10q
ENSG00000119614,14,74239449,q,14q
ENSG00000137225,6,44158811,p,6p
ENSG00000148604,10,84230666,q,10q
ENSG00000252474,14,49839725,q,14q
ENSG00000120314,5,140664868,q,5q
ENSG00000165410,14,34709113,q,14q
ENSG00000171262,15,38454127,q,15q
ENSG00000125967,20,33657087,q,20q
ENSG00000139668,13,51583927,q,13q
ENSG00000257987,12,48727435,q,12q
ENSG00000180116,12,39626167,q,12q
ENSG00000173250,5,146513144,q,5q
ENSG00000204956,5,141330514,q,5q
ENSG00000081853,5,141338760,q,5q
ENSG00000100372,22,40769630,q,22q
ENSG00000201823,6,31835263,p,6p
ENSG00000201754,6,31837076,p,6p
ENSG00000204366,6,31899613,p,6p
ENSG00000163982,4,4188726,p,4p
ENSG00000254245,5,141343829,q,5q
ENSG00000204435,6,31665227,p,6p
ENSG00000254221,5,141350099,q,5q
ENSG00000198723,19,7492976,p,19p
ENSG00000262576,5,141355021,q,5q
ENSG00000148602,10,84231520,q,10q
ENSG00000186222,4,6716174,p,4p
ENSG00000170871,4,6781375,p,4p
ENSG00000253910,5,141359994,q,5q
ENSG00000253485,5,141364162,q,5q
ENSG00000253731,5,141373891,q,5q
ENSG00000213471,15,90249530,q,15q
ENSG00000253537,5,141382739,q,5q
ENSG00000185652,12,5432108,p,12p
ENSG00000177465,14,73591873,q,14q
ENSG00000205669,14,73610945,q,14q
ENSG00000032444,19,7534004,p,19p
ENSG00000271271,4,69588417,q,4q
ENSG00000253953,5,141387698,q,5q
ENSG00000176903,14,73711783,q,14q
ENSG00000163749,4,76312997,q,4q
ENSG00000253767,5,141390157,q,5q
ENSG00000043591,10,114043866,q,10q
ENSG00000185069,12,52768155,q,12q
ENSG00000100583,14,77376689,q,14q
ENSG00000107957,10,103594027,q,10q
ENSG00000261934,5,141402778,q,5q
ENSG00000137812,15,40594020,q,15q
ENSG00000253846,5,141412987,q,5q
ENSG00000165555,14,77394021,q,14q
ENSG00000130368,6,159890988,q,6q
ENSG00000254122,5,141417645,q,5q
ENSG00000197081,6,159969082,q,6q
ENSG00000175664,13,30932656,q,13q
ENSG00000139610,12,51328442,q,12q
ENSG00000253873,5,141421047,q,5q
ENSG00000129514,14,37589552,q,14q
ENSG00000187581,14,93347182,q,14q
ENSG00000252720,14,93437400,q,14q
ENSG00000139793,13,97221434,q,13q
ENSG00000182521,14,55414210,q,14q
ENSG00000180346,4,89111533,q,4q
ENSG00000212226,4,89130852,q,4q
ENSG00000145384,4,119317250,q,4q
ENSG00000148735,10,113751262,q,10q
ENSG00000165966,12,41188320,q,12q
ENSG00000253159,5,141430507,q,5q
ENSG00000188517,4,108808725,q,4q
ENSG00000133958,14,93333219,q,14q
ENSG00000240184,5,141475947,q,5q
ENSG00000112539,6,165279664,q,6q
ENSG00000173451,12,71664301,q,12q
ENSG00000126882,9,131258076,q,9q
ENSG00000100216,22,38681924,q,22q
ENSG00000216101,6,30584332,p,6p
ENSG00000172867,12,52644558,q,12q
ENSG00000117983,11,1223066,p,11p
ENSG00000100393,22,41091816,q,22q
ENSG00000182950,15,75724041,q,15q
ENSG00000067064,10,1039152,p,10p
ENSG00000157578,21,39405135,q,21q
ENSG00000133639,12,92140278,q,12q
ENSG00000242419,5,141484997,q,5q
ENSG00000178522,4,70592256,q,4q
ENSG00000165312,10,23439075,p,10p
ENSG00000112146,6,53051991,p,6p
ENSG00000182117,15,34339159,q,15q
ENSG00000240764,5,141489081,q,5q
ENSG00000133640,12,85036314,q,12q
ENSG00000176571,8,86866415,q,8q
ENSG00000215182,11,1157953,p,11p
ENSG00000276547,5,141397947,q,5q
ENSG00000164241,5,127045235,q,5q
ENSG00000132793,20,41340786,q,20q
ENSG00000226807,8,141433829,q,8q
ENSG00000272055,10,13217269,p,10p
ENSG00000255833,5,135444226,q,5q
ENSG00000153233,12,70638073,q,12q
ENSG00000113722,5,150166778,q,5q
ENSG00000213760,6,31544444,p,6p
ENSG00000197191,9,137225174,q,9q
ENSG00000134343,11,26188842,p,11p
ENSG00000145743,5,107859035,q,5q
ENSG00000109684,4,10486395,p,4p
ENSG00000137075,9,36336396,p,9p
ENSG00000026103,10,88953813,q,10q
ENSG00000182175,15,93035271,q,15q
ENSG00000204977,13,49995888,q,13q
ENSG00000226490,8,141514638,q,8q
ENSG00000204420,6,31718594,p,6p
ENSG00000147434,8,42752620,p,8p
ENSG00000185305,5,53883942,q,5q
ENSG00000131773,8,135457456,q,8q
ENSG00000136143,13,47745736,q,13q
ENSG00000169194,5,132656263,q,5q
ENSG00000184508,15,90929968,q,15q
ENSG00000159259,21,36385354,q,21q
ENSG00000145734,5,71455651,q,5q
ENSG00000183032,14,36677921,q,14q
ENSG00000089101,20,20052514,p,20p
ENSG00000187821,4,185018490,q,4q
ENSG00000099949,22,20982223,q,22q
ENSG00000152595,4,87821398,q,4q
ENSG00000197696,15,84655129,q,15q
ENSG00000092096,14,23346314,q,14q
ENSG00000164093,4,110617423,q,4q
ENSG00000170743,11,7238778,p,11p
ENSG00000165066,8,41645177,p,8p
ENSG00000112782,6,45880827,p,6p
ENSG00000274705,8,41660441,p,8p
ENSG00000184140,15,101803509,q,15q
ENSG00000182854,15,101812202,q,15q
ENSG00000252984,15,57405074,q,15q
ENSG00000255529,15,57706695,q,15q
ENSG00000183161,11,22622533,p,11p
ENSG00000199157,14,23388596,q,14q
ENSG00000215991,14,23417987,q,14q
ENSG00000092067,14,23117036,q,14q
ENSG00000173875,19,12610918,p,19p
ENSG00000139865,14,37595629,q,14q
ENSG00000172901,5,115962454,q,5q
ENSG00000029534,8,41653220,p,8p
ENSG00000107187,9,136196250,q,9q
ENSG00000109851,11,20156155,p,11p
ENSG00000123144,19,12730640,p,19p
ENSG00000187398,11,24496970,p,11p
ENSG00000183578,15,51056598,q,15q
ENSG00000171223,19,12791486,p,19p
ENSG00000165661,9,136206333,q,9q
ENSG00000223284,19,40708055,q,19q
ENSG00000142444,19,10928811,p,19p
ENSG00000179431,11,35618460,p,11p
ENSG00000207808,19,13836440,p,19p
ENSG00000207980,19,13836587,p,19p
ENSG00000207613,19,13874699,p,19p
ENSG00000171136,19,14028148,p,19p
ENSG00000260220,9,136249973,q,9q
ENSG00000188032,19,14081624,p,19p
ENSG00000175920,4,3463306,p,4p
ENSG00000130283,19,18868545,p,19p
ENSG00000252658,6,157934168,q,6q
ENSG00000239043,14,45110883,q,14q
ENSG00000135222,4,69955256,q,4q
ENSG00000182545,14,20505537,q,14q
ENSG00000288701,9,131373636,q,9q
ENSG00000258436,14,20590073,q,14q
ENSG00000198168,11,22813799,p,11p
ENSG00000078269,6,157981863,q,6q
ENSG00000172717,14,67189393,q,14q
ENSG00000141933,19,507497,p,19p
ENSG00000197540,19,544034,p,19p
ENSG00000181617,4,70226124,q,4q
ENSG00000186509,11,58023881,q,11q
ENSG00000100360,22,36758202,q,22q
ENSG00000174137,4,1617915,p,4p
ENSG00000131504,5,141515016,q,5q
ENSG00000090382,12,69348381,q,12q
ENSG00000129355,19,10566460,p,19p
ENSG00000145416,4,163524298,q,4q
ENSG00000207752,19,10817426,p,19p
ENSG00000067798,12,77324641,q,12q
ENSG00000105723,19,42226225,q,19q
ENSG00000133106,13,42886388,q,13q
ENSG00000255359,11,22846922,p,11p
ENSG00000167825,11,55935456,q,11q
ENSG00000156256,21,29024629,q,21q
ENSG00000227729,14,103940426,q,14q
ENSG00000124942,11,62433542,q,11q
ENSG00000283165,14,104117418,q,14q
ENSG00000178403,4,112513516,q,4q
ENSG00000179841,14,64465499,q,14q
ENSG00000176884,9,137138346,q,9q
ENSG00000273238,4,573880,p,4p
ENSG00000133256,4,625573,p,4p
ENSG00000064205,20,44714270,q,20q
ENSG00000222111,5,175628188,q,5q
ENSG00000145741,5,73498408,q,5q
ENSG00000100297,22,35400123,q,22q
ENSG00000136114,13,52377163,q,13q
ENSG00000205029,11,55838752,q,11q
ENSG00000176971,11,26994112,p,11p
ENSG00000069020,5,66596380,q,5q
ENSG00000101343,20,20034368,p,20p
ENSG00000170468,14,73490933,q,14q
ENSG00000011478,19,45692403,q,19q
ENSG00000127152,14,99169287,q,14q
ENSG00000169550,11,26559032,p,11p
ENSG00000185896,13,113297088,q,13q
ENSG00000197961,19,9560329,p,19p
ENSG00000185198,19,685546,p,19p
ENSG00000206969,14,102865856,q,14q
ENSG00000151322,14,32934396,q,14q
ENSG00000021300,11,73646178,q,11q
ENSG00000167483,19,17523301,p,19p
ENSG00000251878,4,184431966,q,4q
ENSG00000134460,10,6010689,p,10p
ENSG00000181541,4,150582151,q,4q
ENSG00000124882,4,74365145,q,4q
ENSG00000180316,6,36243203,p,6p
ENSG00000249581,4,17515165,p,4p
ENSG00000127870,13,26132115,q,13q
ENSG00000130997,4,2071918,p,4p
ENSG00000252994,10,102803929,q,10q
ENSG00000198246,10,71319259,q,10q
ENSG00000166211,12,101475336,q,12q
ENSG00000140481,15,74202705,q,15q
ENSG00000159733,4,2269582,p,4p
ENSG00000180318,12,85280220,q,12q
ENSG00000172538,10,49131154,q,10q
ENSG00000138623,15,74409289,q,15q
ENSG00000165383,10,48909480,q,10q
ENSG00000197651,12,90905622,q,12q
ENSG00000187021,10,116590385,q,10q
ENSG00000167768,12,52674736,q,12q
ENSG00000201012,6,135474504,q,6q
ENSG00000118434,6,88047841,q,6q
ENSG00000171310,12,104455295,q,12q
ENSG00000101160,20,58985686,q,20q
ENSG00000184357,6,27866792,p,6p
ENSG00000253305,5,141408021,q,5q
ENSG00000139287,12,71938845,q,12q
ENSG00000275856,6,30058115,p,6p
ENSG00000175471,5,94703690,q,5q
ENSG00000204619,6,30066709,p,6p
ENSG00000276168,14,49586580,q,14q
ENSG00000168282,14,49620799,q,14q
ENSG00000165506,14,49625174,q,14q
ENSG00000182253,15,99098217,q,15q
ENSG00000121390,13,19674752,q,13q
ENSG00000204613,6,30151943,p,6p
ENSG00000189182,12,52689626,q,12q
ENSG00000182107,14,61277370,q,14q
ENSG00000152208,4,92303966,q,4q
ENSG00000187676,13,31199975,q,13q
ENSG00000176406,8,103500610,q,8q
ENSG00000182472,19,38730187,q,19q
ENSG00000123178,13,49912702,q,13q
ENSG00000184436,22,20999104,q,22q
ENSG00000172238,4,93828753,q,4q
ENSG00000173575,15,92886203,q,15q
ENSG00000109132,4,41744082,p,4p
ENSG00000199082,14,100109655,q,14q
ENSG00000197119,14,100291116,q,14q
ENSG00000165972,12,95867048,q,12q
ENSG00000141867,19,15235519,p,19p
ENSG00000188848,4,42110853,p,4p
ENSG00000204304,6,32184733,p,6p
ENSG00000100302,22,35539796,q,22q
ENSG00000198542,13,101452593,q,13q
ENSG00000101323,20,7882985,p,20p
ENSG00000215203,4,42892713,p,4p
ENSG00000199664,10,77776951,q,10q
ENSG00000186895,11,69809968,q,11q
ENSG00000187051,22,39529088,q,22q
ENSG00000184305,4,90127394,q,4q
ENSG00000137285,6,3223324,p,6p
ENSG00000054793,20,51596514,q,20q
ENSG00000175535,10,116545931,q,10q
ENSG00000137266,6,3268962,p,6p
ENSG00000198984,14,100307859,q,14q
ENSG00000140107,14,100323339,q,14q
ENSG00000176956,8,143157914,q,8q
ENSG00000130948,9,96235306,q,9q
ENSG00000100139,22,37905657,q,22q
ENSG00000266200,10,116620953,q,10q
ENSG00000170967,11,104036640,q,11q
ENSG00000258597,14,94364316,q,14q
ENSG00000214279,10,133453928,q,10q
ENSG00000100811,14,100238298,q,14q
ENSG00000077498,11,89177875,q,11q
ENSG00000136040,12,94148577,q,12q
ENSG00000184160,4,3766348,p,4p
ENSG00000164112,4,121758881,q,4q
ENSG00000289653,8,102858046,q,8q
ENSG00000120875,8,29333064,p,8p
ENSG00000101076,20,44355699,q,20q
ENSG00000118113,11,102711796,q,11q
ENSG00000119919,10,99532942,q,10q
ENSG00000290292,14,23272422,q,14q
ENSG00000164683,8,79762371,q,8q
ENSG00000223107,10,60912765,q,10q
ENSG00000148826,10,132783179,q,10q
ENSG00000139946,14,56117814,q,14q
ENSG00000244754,13,32432417,q,13q
ENSG00000171811,10,132808392,q,10q
ENSG00000164404,5,132861181,q,5q
ENSG00000168772,4,104468308,q,4q
ENSG00000186352,4,185396021,q,4q
ENSG00000077616,11,90131515,q,11q
ENSG00000207276,9,96256216,q,9q
ENSG00000165244,9,96385941,q,9q
ENSG00000100387,22,40951277,q,22q
ENSG00000176281,14,19920607,q,14q
ENSG00000166090,14,23372809,q,14q
ENSG00000122711,9,33218365,p,9p
ENSG00000133962,14,91580696,q,14q
ENSG00000112852,5,141094606,q,5q
ENSG00000107262,9,33247820,p,9p
ENSG00000113205,5,141100473,q,5q
ENSG00000007866,6,35473597,p,6p
ENSG00000113211,5,141150057,q,5q
ENSG00000188051,19,17435509,p,19p
ENSG00000113212,5,141172644,q,5q
ENSG00000272674,5,141182387,q,5q
ENSG00000171773,19,17455425,p,19p
ENSG00000111785,12,106774621,q,12q
ENSG00000167769,19,6306142,p,19p
ENSG00000187372,5,141213919,q,5q
ENSG00000120327,5,141223343,q,5q
ENSG00000082556,8,53225724,q,8q
ENSG00000128268,22,39447127,q,22q
ENSG00000113248,5,141245395,q,5q
ENSG00000178913,5,141259884,q,5q
ENSG00000181240,19,6426037,p,19p
ENSG00000131951,14,59919713,q,14q
ENSG00000120329,5,141302635,q,5q
ENSG00000078795,5,137887968,q,5q
ENSG00000151474,10,13643706,p,10p
ENSG00000100225,22,32474676,q,22q
ENSG00000136997,8,127735434,q,8q
ENSG00000112041,6,35497874,p,6p
ENSG00000130377,19,6135247,p,19p
ENSG00000109689,4,26857601,p,4p
ENSG00000102580,13,95677114,q,13q
ENSG00000137675,11,102691487,q,11q
ENSG00000164933,8,103398635,q,8q
ENSG00000136811,9,128455186,q,9q
ENSG00000165895,11,100687288,q,11q
ENSG00000168350,14,100143957,q,14q
ENSG00000164220,5,76615482,q,5q
ENSG00000100664,14,103333544,q,14q
ENSG00000188596,12,96489571,q,12q
ENSG00000185019,20,3107573,p,20p
ENSG00000181104,5,76716126,q,5q
ENSG00000164736,8,54457935,q,8q
ENSG00000164251,5,76818933,q,5q
ENSG00000104237,8,54509422,q,8q
ENSG00000240972,22,23894372,q,22q
ENSG00000145642,5,64690442,q,5q
ENSG00000124215,20,59958423,q,20q
ENSG00000153015,5,64766368,q,5q
ENSG00000100162,22,41927514,q,22q
ENSG00000181333,11,94021354,q,11q
ENSG00000134874,13,95578202,q,13q
ENSG00000146267,6,99271168,q,6q
ENSG00000184156,8,132120861,q,8q
ENSG00000153291,6,46652915,p,6p
ENSG00000100985,20,46008908,q,20q
ENSG00000111049,12,80716912,q,12q
ENSG00000180113,6,46687875,p,6p
ENSG00000049192,5,65148738,q,5q
ENSG00000166206,15,26543552,q,15q
ENSG00000124177,20,41402083,q,20q
ENSG00000100075,22,19175575,q,22q
ENSG00000124575,6,26234212,p,6p
ENSG00000274618,6,26240393,p,6p
ENSG00000104756,8,25427847,p,8p
ENSG00000291313,14,103334237,q,14q
ENSG00000165617,14,58633967,q,14q
ENSG00000203734,6,138795911,q,6q
ENSG00000139352,12,102957674,q,12q
ENSG00000177103,11,117427772,q,11q
ENSG00000105258,19,36113709,q,19q
ENSG00000182240,21,41167801,q,21q
ENSG00000151136,12,107318421,q,12q
ENSG00000197406,14,101560139,q,14q
ENSG00000175857,5,58491435,q,5q
ENSG00000139915,14,46840092,q,14q
ENSG00000101236,20,3927309,p,20p
ENSG00000075702,19,36054649,q,19q
ENSG00000061492,5,138083990,q,5q
ENSG00000171209,4,70238382,q,4q
ENSG00000156011,8,18527303,p,8p
ENSG00000137252,6,55106460,p,6p
ENSG00000183090,4,143577302,q,4q
ENSG00000251735,14,46960423,q,14q
ENSG00000203907,6,73368555,q,6q
ENSG00000184481,X,71095851,q,Xq
ENSG00000268223,5,116032324,q,5q
ENSG00000205279,5,127649082,q,5q
ENSG00000165995,10,18140424,p,10p
ENSG00000145975,6,4049434,p,6p
ENSG00000222985,14,65124352,q,14q
ENSG00000178172,5,148202794,q,5q
ENSG00000182185,14,67819779,q,14q
ENSG00000124143,20,38601775,q,20q
ENSG00000196476,20,270863,p,20p
ENSG00000248109,5,148221650,q,5q
ENSG00000140521,15,89305198,q,15q
ENSG00000214510,5,148268180,q,5q
ENSG00000215440,20,58689131,q,20q
ENSG00000173612,6,116792085,q,6q
ENSG00000196800,5,148168546,q,5q
ENSG00000165556,13,27960914,q,13q
ENSG00000145777,5,111070062,q,5q
ENSG00000126216,13,112485005,q,13q
ENSG00000077935,22,45344063,q,22q
ENSG00000164334,5,119629558,q,5q
ENSG00000151952,12,129071725,q,12q
ENSG00000156273,21,29194071,q,21q
ENSG00000185002,6,116877212,q,6q
ENSG00000171495,5,40998017,p,5p
ENSG00000135111,12,114670255,q,12q
ENSG00000105617,19,54155161,q,19q
ENSG00000261652,15,55408495,q,15q
ENSG00000188655,14,20556093,q,14q
ENSG00000183530,22,31676256,q,22q
ENSG00000212314,19,54263951,q,19q
ENSG00000104880,19,7348937,p,19p
ENSG00000124812,6,49834257,p,6p
ENSG00000166111,12,108907741,q,12q
ENSG00000206579,8,55102028,q,8q
ENSG00000125870,20,16729958,p,20p
ENSG00000261341,19,50776141,q,19q
ENSG00000125743,19,45687460,q,19q
ENSG00000129003,15,61852389,q,15q
ENSG00000157551,21,38155549,q,21q
ENSG00000261949,19,49423749,q,19q
ENSG00000214642,6,49968677,p,6p
ENSG00000091664,11,22338381,p,11p
ENSG00000203970,6,50009138,p,6p
ENSG00000094661,19,15082211,p,19p
ENSG00000244694,6,47856673,p,6p
ENSG00000181781,19,463346,p,19p
ENSG00000176165,14,28764329,q,14q
ENSG00000135298,6,68635282,q,6q
ENSG00000182652,14,19743571,q,14q
ENSG00000139910,14,26443090,q,14q
ENSG00000149256,11,78652829,q,11q
ENSG00000145934,5,166979029,q,5q
ENSG00000277604,8,80484589,q,8q
ENSG00000099904,22,20129456,q,22q
ENSG00000112462,6,29373423,p,6p
ENSG00000147724,8,138130023,q,8q
ENSG00000135002,9,76385526,q,9q
ENSG00000235863,6,33277123,p,6p
ENSG00000227057,6,33279108,p,6p
ENSG00000154127,11,122655722,q,11q
ENSG00000201780,12,8484746,p,12p
ENSG00000126583,19,53879190,q,19q
ENSG00000205808,9,4662294,p,9p
ENSG00000212475,12,33576095,p,12p
ENSG00000202471,12,59586793,q,12q
ENSG00000200296,12,62850738,q,12q
ENSG00000200183,12,50656973,q,12q
ENSG00000188312,9,92325953,q,9q
ENSG00000199172,12,95308420,q,12q
ENSG00000183844,21,41304212,q,21q
ENSG00000204300,11,123882920,q,11q
ENSG00000206614,5,169552449,q,5q
ENSG00000171501,9,122553112,q,9q
ENSG00000204767,5,169861303,q,5q
ENSG00000222255,12,101765406,q,12q
ENSG00000132356,5,40759389,p,5p
ENSG00000148215,9,122788933,q,9q
ENSG00000149571,11,126423358,q,11q
ENSG00000252827,12,96427200,q,12q
ENSG00000125492,9,132582606,q,9q
ENSG00000204695,6,29301701,p,6p
ENSG00000207582,8,134800520,q,8q
ENSG00000199153,8,134804876,q,8q
ENSG00000197283,6,33419661,p,6p
ENSG00000151062,12,1791963,p,12p
ENSG00000152969,4,6026199,p,4p
ENSG00000056487,22,44881162,q,22q
ENSG00000125901,20,3046041,p,20p
ENSG00000105605,19,53909278,q,19q
ENSG00000206996,8,13044350,p,8p
ENSG00000129480,14,31446036,q,14q
ENSG00000174306,20,41178448,q,20q
ENSG00000212296,5,40832656,p,5p
ENSG00000164743,8,13566869,p,8p
ENSG00000214943,14,31482875,q,14q
ENSG00000099954,22,17359949,q,22q
ENSG00000006837,5,134286350,q,5q
ENSG00000154143,11,124611428,q,11q
ENSG00000142408,19,53962937,q,19q
ENSG00000159212,21,34668994,q,21q
ENSG00000185920,9,95442980,q,9q
ENSG00000189139,14,44504149,q,14q
ENSG00000200146,11,80527960,q,11q
ENSG00000211997,11,79402022,q,11q
ENSG00000159110,21,33205282,q,21q
ENSG00000199709,11,122927034,q,11q
ENSG00000222844,11,125277552,q,11q
ENSG00000100865,14,102341102,q,14q
ENSG00000199090,11,75335092,q,11q
ENSG00000206941,11,75400391,q,11q
ENSG00000207445,11,75404421,q,11q
ENSG00000253958,8,8701937,p,8p
ENSG00000147324,8,8783354,p,8p
ENSG00000198911,22,41833099,q,22q
ENSG00000166928,11,60378530,q,11q
ENSG00000025772,20,44942130,q,20q
ENSG00000200713,8,8895813,p,8p
ENSG00000173281,8,9136255,p,8p
ENSG00000237190,5,134402065,q,5q
ENSG00000201815,8,9371090,p,8p
ENSG00000284321,8,9903388,p,8p
ENSG00000113302,5,159314780,q,5q
ENSG00000222761,14,104400943,q,14q
ENSG00000207128,8,10476223,p,8p
ENSG00000253649,8,10482878,p,8p
ENSG00000184647,8,10525532,p,8p
ENSG00000183638,8,10606349,p,8p
ENSG00000166930,11,60429572,q,11q
ENSG00000145850,5,156919292,q,5q
ENSG00000183397,19,3539171,p,19p
ENSG00000171060,8,10672628,p,8p
ENSG00000124092,20,57495966,q,20q
ENSG00000137709,11,120236640,q,11q
ENSG00000171056,8,10723768,p,8p
ENSG00000170613,5,157161846,q,5q
ENSG00000171044,8,10896045,p,8p
ENSG00000207600,8,11035206,p,8p
ENSG00000175325,5,177992235,q,5q
ENSG00000147036,X,37571569,p,Xp
ENSG00000211445,5,151020591,q,5q
ENSG00000274303,11,120365666,q,11q
ENSG00000198576,8,142611049,q,8q
ENSG00000219435,11,64300358,q,11q
ENSG00000186334,5,151276358,q,5q
ENSG00000117877,19,45406644,q,19q
ENSG00000170929,19,9087061,p,19p
ENSG00000207870,X,45746157,p,Xp
ENSG00000207725,X,45747015,p,Xp
ENSG00000166963,15,43510958,q,15q
ENSG00000286131,8,32647202,p,8p
ENSG00000186335,5,151314972,q,5q
ENSG00000109705,4,13540830,p,4p
ENSG00000104221,8,37843268,p,8p
ENSG00000147202,X,96684712,q,Xq
ENSG00000127533,19,16888999,p,19p
ENSG00000168412,4,186526792,q,4q
ENSG00000168229,14,52267698,q,14q
ENSG00000197891,11,64590641,q,11q
ENSG00000178718,15,74954418,q,15q
ENSG00000187902,19,55428740,q,19q
ENSG00000207385,4,53265461,q,4q
ENSG00000164418,6,100962701,q,6q
ENSG00000125384,14,52314305,q,14q
ENSG00000277531,19,46424697,q,19q
ENSG00000283567,19,55463001,q,19q
ENSG00000284491,19,12802031,p,19p
ENSG00000159248,15,34751032,q,15q
ENSG00000181588,19,1554672,p,19p
ENSG00000223802,19,18868545,p,19p
ENSG00000145248,4,48483343,p,4p
ENSG00000166073,15,39799008,q,15q
ENSG00000182223,4,48490252,p,4p
ENSG00000145700,5,75068275,q,5q
ENSG00000221245,4,119569699,q,4q
ENSG00000214367,4,2227464,p,4p
ENSG00000214013,15,42273201,q,15q
ENSG00000124788,6,16299112,p,6p
ENSG00000104848,19,49067397,q,19q
ENSG00000142235,19,48485271,q,19q
ENSG00000122012,5,76083383,q,5q
ENSG00000154723,21,25716005,q,21q
ENSG00000200151,8,91594965,q,8q
ENSG00000283926,11,64891137,q,11q
ENSG00000149735,11,64934471,q,11q
ENSG00000176907,8,40153482,p,8p
ENSG00000168062,11,64987945,q,11q
ENSG00000151475,4,127730400,q,4q
ENSG00000181790,8,142449430,q,8q
ENSG00000204519,19,57681969,q,19q
ENSG00000278870,11,4923374,p,11p
ENSG00000205495,11,5046526,p,11p
ENSG00000251821,4,127891991,q,4q
ENSG00000176787,11,5058650,p,11p
ENSG00000112576,6,41934934,p,6p
ENSG00000164040,4,128269237,q,4q
ENSG00000145703,5,76403285,q,5q
ENSG00000154553,4,185500660,q,4q
ENSG00000213022,19,51002508,q,19q
ENSG00000213931,11,5268345,p,11p
ENSG00000167759,19,51055626,q,19q
ENSG00000183251,11,5301014,p,11p
ENSG00000181609,11,5488685,p,11p
ENSG00000175520,11,5507300,p,11p
ENSG00000205884,8,11973937,p,8p
ENSG00000175518,11,5514393,p,11p
ENSG00000187747,11,5580877,p,11p
ENSG00000166159,12,1820267,p,12p
ENSG00000182170,11,3217944,p,11p
ENSG00000184350,11,3225030,p,11p
ENSG00000185989,13,113977783,q,13q
ENSG00000110042,11,59171430,q,11q
ENSG00000142549,19,51311644,q,19q
ENSG00000139187,12,8950044,p,12p
ENSG00000204618,6,30070266,p,6p
ENSG00000160318,19,51367098,q,19q
ENSG00000174749,4,112145454,q,4q
ENSG00000163623,4,84491985,q,4q
ENSG00000154764,3,13816258,p,3p
ENSG00000163625,4,84668765,q,4q
ENSG00000262874,19,51388289,q,19q
ENSG00000222982,12,114504876,q,12q
ENSG00000201198,12,57415296,q,12q
ENSG00000179213,19,51246348,q,19q
ENSG00000175189,12,57434784,q,12q
ENSG00000206474,6,29439306,p,6p
ENSG00000186416,X,119588337,q,Xq
ENSG00000177225,11,767220,p,11p
ENSG00000139266,12,57755103,q,12q
ENSG00000134121,3,196763,p,3p
ENSG00000123427,12,57771492,q,12q
ENSG00000241058,10,18545561,p,10p
ENSG00000248385,19,54069895,q,19q
ENSG00000100403,22,41301457,q,22q
ENSG00000165805,12,87980035,q,12q
ENSG00000135577,6,142058330,q,6q
ENSG00000124557,6,26500303,p,6p
ENSG00000275183,19,54461732,q,19q
ENSG00000131398,19,50311937,q,19q
ENSG00000136100,13,52412602,q,13q
ENSG00000155085,6,109492855,q,6q
ENSG00000101057,20,43667019,q,20q
ENSG00000150275,10,53802771,q,10q
ENSG00000204671,12,122172029,q,12q
ENSG00000188959,9,110190048,q,9q
ENSG00000269404,19,50418938,q,19q
ENSG00000204193,9,110303476,q,9q
ENSG00000133136,X,110346103,q,Xq
ENSG00000176383,12,122203681,q,12q
ENSG00000072832,4,5748084,p,4p
ENSG00000212443,12,98599635,q,12q
ENSG00000166130,12,98613405,q,12q
ENSG00000168619,8,39584489,p,8p
ENSG00000137040,9,6011025,p,9p
ENSG00000146950,X,9786429,p,Xp
ENSG00000280094,9,122628125,q,9q
ENSG00000149300,11,111918032,q,11q
ENSG00000161671,19,50476400,q,19q
ENSG00000150779,11,112084800,q,11q
ENSG00000135643,12,70366290,q,12q
ENSG00000146399,6,132643312,q,6q
ENSG00000146360,6,109978256,q,6q
ENSG00000092529,15,42359498,q,15q
ENSG00000185760,6,72621792,q,6q
ENSG00000166148,12,63142759,q,12q
ENSG00000133858,12,71609599,q,12q
ENSG00000188771,11,112248153,q,11q
ENSG00000238961,5,77080434,q,5q
ENSG00000184788,X,85092284,q,Xq
ENSG00000159055,21,32268224,q,21q
ENSG00000184956,11,1012823,p,11p
ENSG00000185608,22,19432467,q,22q
ENSG00000083067,9,70529060,q,9q
ENSG00000113231,5,77210449,q,5q
ENSG00000160298,21,46300181,q,21q
ENSG00000183479,X,153444473,q,Xq
ENSG00000075218,22,46296870,q,22q
ENSG00000177191,19,41425359,q,19q
ENSG00000174898,19,5720637,p,19p
ENSG00000212123,19,5782960,p,19p
ENSG00000104755,8,39743735,p,8p
ENSG00000131379,3,14675141,p,3p
ENSG00000199179,12,62603686,q,12q
ENSG00000187650,19,5904872,p,19p
ENSG00000284010,11,1996759,p,11p
ENSG00000206775,19,3982507,p,19p
ENSG00000139151,12,18683169,p,12p
ENSG00000197238,6,27824092,p,6p
ENSG00000147231,X,106611930,q,Xq
ENSG00000198092,4,68053198,q,4q
ENSG00000183313,11,5985892,p,11p
ENSG00000008441,19,12995475,p,19p
ENSG00000112541,6,165327287,q,6q
ENSG00000099958,22,23834503,q,22q
ENSG00000152402,11,106674019,q,11q
ENSG00000087128,4,68447463,q,4q
ENSG00000102245,X,136648158,q,Xq
ENSG00000200350,4,154543933,q,4q
ENSG00000138685,4,122826682,q,4q
ENSG00000160285,21,46188141,q,21q
ENSG00000120662,13,41216145,q,13q
ENSG00000169635,22,21416504,q,22q
ENSG00000176340,11,63974620,q,11q
ENSG00000251916,6,32549940,p,6p
ENSG00000206979,X,136879199,q,Xq
ENSG00000207012,11,72047873,q,11q
ENSG00000165462,11,72239077,q,11q
ENSG00000173011,4,7041899,p,4p
ENSG00000196569,6,128883138,q,6q
ENSG00000163576,3,19879472,p,3p
ENSG00000100142,22,37952607,q,22q
ENSG00000178597,4,7430285,p,4p
ENSG00000130700,20,62463481,q,20q
ENSG00000177938,12,18738119,p,12p
ENSG00000207008,11,2963771,p,11p
ENSG00000083782,12,90963682,q,12q
ENSG00000201564,11,9680924,p,11p
ENSG00000120251,4,157204182,q,4q
ENSG00000234776,11,45906513,p,11p
ENSG00000171456,20,32358266,q,20q
ENSG00000199394,12,48892130,q,12q
ENSG00000077458,11,95768953,q,11q
ENSG00000169884,12,48965340,q,12q
ENSG00000183977,3,19979961,p,3p
ENSG00000200303,12,48975543,q,12q
ENSG00000181418,12,48995149,q,12q
ENSG00000128228,22,21642302,q,22q
ENSG00000139549,12,49086656,q,12q
ENSG00000164941,8,94813311,q,8q
ENSG00000090776,X,68828992,q,Xq
ENSG00000157152,3,12004388,p,3p
ENSG00000207713,12,6963699,p,12p
ENSG00000238795,12,6967337,p,12p
ENSG00000284194,22,50523564,q,22q
ENSG00000118972,12,4368227,p,12p
ENSG00000065923,X,46599251,p,Xp
ENSG00000135414,12,55743122,q,12q
ENSG00000100221,22,38685543,q,22q
ENSG00000175602,11,65890673,q,11q
ENSG00000175573,11,65916810,q,11q
ENSG00000175550,11,65919274,q,11q
ENSG00000111644,12,6638075,p,12p
ENSG00000198300,19,56810077,q,19q
ENSG00000076770,X,132369320,q,Xq
ENSG00000171540,5,77628712,q,5q
ENSG00000172348,6,46220736,p,6p
ENSG00000175315,11,66012008,q,11q
ENSG00000133710,5,148025683,q,5q
ENSG00000175294,11,66016752,q,11q
ENSG00000112761,6,112054075,q,6q
ENSG00000093009,22,19479457,q,22q
ENSG00000170426,12,56923133,q,12q
ENSG00000174871,11,66278175,q,11q
ENSG00000125812,20,23362000,p,20p
ENSG00000222635,12,48081319,q,12q
ENSG00000111358,12,123633739,q,12q
ENSG00000179292,11,66291894,q,11q
ENSG00000174807,11,66314494,q,11q
ENSG00000202317,11,66393449,q,11q
ENSG00000175115,11,66070272,q,11q
ENSG00000198963,9,74497335,q,9q
ENSG00000144724,3,61561569,p,3p
ENSG00000125831,20,23450403,p,20p
ENSG00000131067,20,34844714,q,20q
ENSG00000119121,9,74722495,q,9q
ENSG00000129152,11,17719571,p,11p
ENSG00000283434,3,88338416,p,3p
ENSG00000160886,8,142700111,q,8q
ENSG00000129159,11,17734774,p,11p
ENSG00000170881,8,124474866,q,8q
ENSG00000147509,8,53851795,q,8q
ENSG00000163376,3,66998307,p,3p
ENSG00000087053,11,95821766,q,11q
ENSG00000121440,3,73382431,p,3p
ENSG00000283288,5,139471004,q,5q
ENSG00000153347,5,95391366,q,5q
ENSG00000169083,X,67543353,q,Xq
ENSG00000272333,19,35717973,q,19q
ENSG00000061337,8,20246165,p,8p
ENSG00000152670,5,55738017,q,5q
ENSG00000152137,12,119171555,q,12q
ENSG00000173334,8,125430358,q,8q
ENSG00000242114,22,30425623,q,22q
ENSG00000174236,12,27696447,p,12p
ENSG00000081148,3,101222546,q,3q
ENSG00000183908,11,57181747,q,11q
ENSG00000101605,18,3066693,p,18p
ENSG00000156575,11,57376769,q,11q
ENSG00000149599,20,31847637,q,20q
ENSG00000139330,12,91050491,q,12q
ENSG00000160183,21,42371840,q,21q
ENSG00000171365,X,49922596,p,Xp
ENSG00000173486,11,64241003,q,11q
ENSG00000123066,12,115957905,q,12q
ENSG00000131100,22,17592136,q,22q
ENSG00000102543,13,49247917,q,13q
ENSG00000250821,4,55819790,q,4q
ENSG00000202358,4,55885595,q,4q
ENSG00000138675,4,80266639,q,4q
ENSG00000249992,3,45224466,p,3p
ENSG00000135045,9,74946583,q,9q
ENSG00000249693,4,56530606,q,4q
ENSG00000172938,11,68980021,q,11q
ENSG00000128040,4,56809860,q,4q
ENSG00000286264,11,64241095,q,11q
ENSG00000170837,3,71753855,p,3p
ENSG00000125821,20,18587920,p,20p
ENSG00000110031,11,58526871,q,11q
ENSG00000132938,13,28820021,q,13q
ENSG00000206530,3,113286930,q,3q
ENSG00000177098,11,118133377,q,11q
ENSG00000174473,4,171812254,q,4q
ENSG00000101442,20,38748457,q,20q
ENSG00000004777,19,35774532,q,19q
ENSG00000139508,13,28700064,q,13q
ENSG00000198759,X,13569601,p,Xp
ENSG00000179058,9,129612225,q,9q
ENSG00000152705,5,134967907,q,5q
ENSG00000149201,11,86374736,q,11q
ENSG00000114487,3,108958248,q,3q
ENSG00000124212,20,49503874,q,20q
ENSG00000069011,5,135027734,q,5q
ENSG00000130224,X,115110616,q,Xq
ENSG00000182903,4,425815,p,4p
ENSG00000198642,9,21320024,p,9p
ENSG00000178919,9,97853226,q,9q
ENSG00000181965,5,135534282,q,5q
ENSG00000102452,13,101053773,q,13q
ENSG00000100219,22,28794555,q,22q
ENSG00000011083,5,150190062,q,5q
ENSG00000199483,9,83596444,q,9q
ENSG00000101166,20,59033143,q,20q
ENSG00000124334,X,155997696,q,Xq
ENSG00000099889,22,19969892,q,22q
ENSG00000113262,5,178977587,q,5q
ENSG00000226763,19,43596617,q,19q
ENSG00000137720,11,111878935,q,11q
ENSG00000104899,19,2249309,p,19p
ENSG00000088356,20,31944337,q,20q
ENSG00000102271,X,87517409,q,Xq
ENSG00000163519,3,108822770,q,3q
ENSG00000251983,5,62146665,q,5q
ENSG00000205838,5,34838833,p,5p
ENSG00000152229,18,45983536,q,18q
ENSG00000205693,12,27762427,p,12p
ENSG00000139445,12,109277978,q,12q
ENSG00000170819,3,133400056,q,3q
ENSG00000180739,19,10512742,p,19p
ENSG00000252192,12,122492113,q,12q
ENSG00000173610,4,69588417,q,4q
ENSG00000184445,12,122527246,q,12q
ENSG00000174957,11,56176618,q,11q
ENSG00000248483,5,93733220,q,5q
ENSG00000175745,5,93583222,q,5q
ENSG00000241356,11,56819573,q,11q
ENSG00000163421,3,71771655,p,3p
ENSG00000128309,22,37019635,q,22q
ENSG00000141449,18,21242229,q,18q
ENSG00000165169,X,37836757,p,Xp
ENSG00000197826,4,80335730,q,4q
ENSG00000176200,11,59503576,q,11q
ENSG00000172199,11,56375624,q,11q
ENSG00000168875,3,137764315,q,3q
ENSG00000178338,5,178859953,q,5q
ENSG00000279961,11,56417258,q,11q
ENSG00000152977,3,147393422,q,3q
ENSG00000182168,4,95162504,q,4q
ENSG00000070031,11,626309,p,11p
ENSG00000069696,11,637269,p,11p
ENSG00000187823,X,112082965,q,Xq
ENSG00000123728,X,132203024,q,Xq
ENSG00000163590,3,160755602,q,3q
ENSG00000100084,22,19330693,q,22q
ENSG00000252769,11,7889182,p,11p
ENSG00000198674,11,123994163,q,11q
ENSG00000208009,11,57641198,q,11q
ENSG00000277194,11,62852910,q,11q
ENSG00000274544,11,62854621,q,11q
ENSG00000163630,3,63228315,p,3p
ENSG00000276788,11,62855292,q,11q
ENSG00000275043,11,62855564,q,11q
ENSG00000136144,13,49531944,q,13q
ENSG00000174358,5,1201595,p,5p
ENSG00000166793,11,57645087,q,11q
ENSG00000126464,19,49591182,q,19q
ENSG00000154640,21,17593650,q,21q
ENSG00000232593,X,53094142,p,Xp
ENSG00000198099,4,99123657,q,4q
ENSG00000164363,5,1225381,p,5p
ENSG00000186462,X,73212299,q,Xq
ENSG00000198088,X,107123427,q,Xq
ENSG00000199975,11,73832382,q,11q
ENSG00000132205,18,2846930,p,18p
ENSG00000175505,11,67364168,q,11q
ENSG00000177045,19,45764785,q,19q
ENSG00000133135,X,106693794,q,Xq
ENSG00000141639,18,50559451,q,18q
ENSG00000253024,11,67395210,q,11q
ENSG00000213402,11,67435510,q,11q
ENSG00000175514,11,67451301,q,11q
ENSG00000207732,4,20528275,p,4p
ENSG00000185774,4,20728606,p,4p
ENSG00000238622,11,10801467,p,11p
ENSG00000196917,12,122726076,q,12q
ENSG00000171388,X,129645259,q,Xq
ENSG00000160460,19,40466241,q,19q
ENSG00000243279,X,49071161,p,Xp
ENSG00000131808,11,30231014,p,11p
ENSG00000090402,3,164978898,q,3q
ENSG00000157625,X,30827442,p,Xp
ENSG00000185261,5,94150851,q,5q
ENSG00000112077,6,49605175,p,6p
ENSG00000167612,12,51888009,q,12q
ENSG00000197632,18,63871692,q,18q
ENSG00000038382,5,14143342,p,5p
ENSG00000161835,12,52006946,q,12q
ENSG00000139826,13,108218167,q,13q
ENSG00000032742,13,20566600,q,13q
ENSG00000124479,X,43948772,p,Xp
ENSG00000175536,11,74490519,q,11q
ENSG00000214827,X,155064034,q,Xq
ENSG00000101138,20,56392371,q,20q
ENSG00000136011,12,103587273,q,12q
ENSG00000142188,21,33432485,q,21q
ENSG00000186907,11,57460528,q,11q
ENSG00000174343,4,40335333,p,4p
ENSG00000197261,6,49550666,p,6p
ENSG00000018610,X,119535669,q,Xq
ENSG00000156587,11,57551656,q,11q
ENSG00000156140,4,72280969,q,4q
ENSG00000135569,6,132588592,q,6q
ENSG00000166974,18,34976928,q,18q
ENSG00000120279,6,152697897,q,6q
ENSG00000244355,6,31715348,p,6p
ENSG00000149575,11,118162806,q,11q
ENSG00000102385,X,101219769,q,Xq
ENSG00000189134,6,28259297,p,6p
ENSG00000158553,6,27285903,p,6p
ENSG00000137413,6,42050513,p,6p
ENSG00000180425,11,114391443,q,11q
ENSG00000111412,12,116710171,q,12q
ENSG00000081051,4,73431138,q,4q
ENSG00000109927,11,121101243,q,11q
ENSG00000144962,3,172889357,q,3q
ENSG00000135116,12,116856144,q,12q
ENSG00000205327,12,55492378,q,12q
ENSG00000155307,21,14485228,q,21q
ENSG00000133138,X,106802673,q,Xq
ENSG00000207031,12,56645027,q,12q
ENSG00000170374,12,53326575,q,12q
ENSG00000204869,19,46039182,q,19q
ENSG00000120451,11,130866250,q,11q
ENSG00000156194,4,75859864,q,4q
ENSG00000199122,12,54337216,q,12q
ENSG00000239002,12,6510222,p,12p
ENSG00000177694,3,174438573,q,3q
ENSG00000101132,20,54207817,q,20q
ENSG00000252917,12,42347061,q,12q
ENSG00000252886,12,119631090,q,12q
ENSG00000111725,12,119667864,q,12q
ENSG00000163995,4,7965310,p,4p
ENSG00000203872,6,87344813,q,6q
ENSG00000182566,19,7728957,p,19p
ENSG00000156261,21,29055805,q,21q
ENSG00000179300,X,78656068,q,Xq
ENSG00000169562,X,71212811,q,Xq
ENSG00000075043,20,63400208,q,20q
ENSG00000187556,19,13862063,p,19p
ENSG00000103994,15,42412823,q,15q
ENSG00000175544,11,67452406,q,11q
ENSG00000255150,12,104303739,q,12q
ENSG00000130270,19,1782075,p,19p
ENSG00000135119,12,116738178,q,12q
ENSG00000085276,3,169083499,q,3q
ENSG00000212122,5,113432553,q,5q
ENSG00000204979,11,60515392,q,11q
ENSG00000171444,5,113022106,q,5q
ENSG00000112137,6,12716312,p,6p
ENSG00000124429,X,85276746,q,Xq
ENSG00000139190,12,6462237,p,12p
ENSG00000197467,10,69801880,q,10q
ENSG00000168675,18,13216173,p,18p
ENSG00000178222,4,1056250,p,4p
ENSG00000178026,22,24585620,q,22q
ENSG00000204290,6,32393339,p,6p
ENSG00000205927,21,33025327,q,21q
ENSG00000172757,11,65823022,q,11q
ENSG00000203877,6,83853360,q,6q
ENSG00000160190,21,42495994,q,21q
ENSG00000111404,12,18080869,p,12p
ENSG00000215193,22,18077923,q,22q
ENSG00000099822,19,589881,p,19p
ENSG00000204536,6,31142439,p,6p
ENSG00000113712,5,149492982,q,5q
ENSG00000147138,X,79144678,q,Xq
ENSG00000102243,X,136532154,q,Xq
ENSG00000070388,19,639879,p,19p
ENSG00000181215,4,5897373,p,4p
ENSG00000248771,4,164754064,q,4q
ENSG00000182518,X,55143102,p,Xp
ENSG00000134640,11,92969651,q,11q
ENSG00000159873,22,28772674,q,22q
ENSG00000139220,12,81257975,q,12q
ENSG00000125650,19,6375148,p,19p
ENSG00000102032,X,153935269,q,Xq
ENSG00000088247,19,6413102,p,19p
ENSG00000171053,11,125746279,q,11q
ENSG00000196844,11,125776113,q,11q
ENSG00000183864,22,41433489,q,22q
ENSG00000184985,4,7192538,p,4p
ENSG00000017797,18,9474991,p,18p
ENSG00000126243,19,35935358,q,19q
ENSG00000236027,11,125788127,q,11q
ENSG00000133103,13,39655627,q,13q
ENSG00000237353,11,125833316,q,11q
ENSG00000205138,19,35995188,q,19q
ENSG00000184117,22,29554808,q,22q
ENSG00000101856,X,119236244,q,Xq
ENSG00000130477,19,17601336,p,19p
ENSG00000222067,11,126214260,q,11q
ENSG00000155511,5,153489615,q,5q
ENSG00000184507,15,34343315,q,15q
ENSG00000006118,11,60924460,q,11q
ENSG00000129682,X,138614727,q,Xq
ENSG00000134160,15,31001065,q,15q
ENSG00000201264,4,151102057,q,4q
ENSG00000208797,4,151103827,q,4q
ENSG00000189099,4,151277161,q,4q
ENSG00000129749,11,3665587,p,11p
ENSG00000150630,4,176683538,q,4q
ENSG00000102100,X,48903180,p,Xp
ENSG00000175040,3,143119771,q,3q
ENSG00000100092,22,37634654,q,22q
ENSG00000175077,3,187197486,q,3q
ENSG00000201931,4,177457111,q,4q
ENSG00000187079,11,12674421,p,11p
ENSG00000272856,4,87460802,q,4q
ENSG00000248099,19,17816512,p,19p
ENSG00000130513,19,18374731,p,19p
ENSG00000163736,4,73985966,q,4q
ENSG00000121853,3,172443291,q,3q
ENSG00000124466,19,43460787,q,19q
ENSG00000174948,3,154334943,q,3q
ENSG00000109220,4,53994803,q,4q
ENSG00000118156,19,47520690,q,19q
ENSG00000180613,4,54099523,q,4q
ENSG00000182103,11,82729940,q,11q
ENSG00000158258,3,139935185,q,3q
ENSG00000160305,21,46458877,q,21q
ENSG00000177432,4,88695913,q,4q
ENSG00000134440,18,57600000,q,18q
ENSG00000174885,11,278407,p,11p
ENSG00000136514,3,187368385,q,3q
ENSG00000268480,19,8630633,p,19p
ENSG00000204694,6,29425504,p,6p
ENSG00000179846,19,45149744,q,19q
ENSG00000138246,3,132417502,q,3q
ENSG00000206013,11,298200,p,11p
ENSG00000161888,19,11131520,p,19p
ENSG00000102753,13,49697744,q,13q
ENSG00000167749,19,50906351,q,19q
ENSG00000206583,11,85509938,q,11q
ENSG00000171204,11,85628573,q,11q
ENSG00000100418,22,41598028,q,22q
ENSG00000145879,5,148312419,q,5q
ENSG00000099940,22,20858537,q,22q
ENSG00000230561,5,127703361,q,5q
ENSG00000147027,X,34627075,p,Xp
ENSG00000080709,5,114055926,q,5q
ENSG00000179071,11,85683848,q,11q
ENSG00000176463,15,91853708,q,15q
ENSG00000151364,11,78015715,q,11q
ENSG00000155890,3,140678064,q,3q
ENSG00000172738,6,37212180,p,6p
ENSG00000145757,5,95652181,q,5q
ENSG00000172578,3,183487551,q,3q
ENSG00000196839,20,44584896,q,20q
ENSG00000122121,X,129738949,q,Xq
ENSG00000166341,11,6621330,p,11p
ENSG00000166897,22,37367960,q,22q
ENSG00000284447,5,88666853,q,5q
ENSG00000125304,13,99446311,q,13q
ENSG00000163638,3,64515654,p,3p
ENSG00000099991,22,24011192,q,22q
ENSG00000152377,5,136975298,q,5q
ENSG00000254550,11,77102840,q,11q
ENSG00000216009,5,137647572,q,5q
ENSG00000176029,11,8920076,p,11p
ENSG00000164236,5,10564070,p,5p
ENSG00000189420,X,153411434,q,Xq
ENSG00000141448,18,22168837,q,18q
ENSG00000184347,5,168661740,q,5q
ENSG00000123572,X,105822394,q,Xq
ENSG00000201998,11,9428773,p,11p
ENSG00000158578,X,55009055,p,Xp
ENSG00000213822,19,51478539,q,19q
ENSG00000105672,19,35641745,q,19q
ENSG00000235711,15,79282722,q,15q
ENSG00000188112,6,42092233,p,6p
ENSG00000198838,15,33310962,q,15q
ENSG00000101624,18,12661833,p,18p
ENSG00000180660,13,35473419,q,13q
ENSG00000157343,6,35737032,p,6p
ENSG00000175066,3,142157527,q,3q
ENSG00000136104,13,50909747,q,13q
ENSG00000105668,19,35666517,q,19q
ENSG00000207739,5,168768146,q,5q
ENSG00000185662,5,171782432,q,5q
ENSG00000207507,19,893484,p,19p
ENSG00000250722,5,42799880,p,5p
ENSG00000196415,19,840999,p,19p
ENSG00000197753,6,35797206,p,6p
ENSG00000112679,6,291630,p,6p
ENSG00000204950,11,61508749,q,11q
ENSG00000178297,19,2360238,p,19p
ENSG00000149480,11,62593214,q,11q
ENSG00000174013,3,196568611,q,3q
ENSG00000134265,18,10525905,p,18p
ENSG00000212370,5,112778363,q,5q
ENSG00000182132,5,170353487,q,5q
ENSG00000163961,3,196468783,q,3q
ENSG00000100341,22,43878568,q,22q
ENSG00000149489,11,62611722,q,11q
ENSG00000158290,X,120505920,q,Xq
ENSG00000180611,3,192796815,q,3q
ENSG00000125741,19,45527767,q,19q
ENSG00000185085,11,62646848,q,11q
ENSG00000205835,3,190852737,q,3q
ENSG00000284544,19,45638994,q,19q
ENSG00000128271,22,24417879,q,22q
ENSG00000105639,19,17824780,p,19p
ENSG00000278615,11,62662817,q,11q
ENSG00000206597,11,62665422,q,11q
ENSG00000182836,5,41306952,p,5p
ENSG00000173261,5,146084313,q,5q
ENSG00000079841,6,71886550,q,6q
ENSG00000141384,18,26226393,q,18q
ENSG00000251773,3,86235321,p,3p
ENSG00000252889,3,109225129,q,3q
ENSG00000165325,11,93329971,q,11q
ENSG00000173210,5,149141483,q,5q
ENSG00000222499,3,157017342,q,3q
ENSG00000252082,3,172703124,q,3q
ENSG00000253020,3,174631823,q,3q
ENSG00000207156,3,146996607,q,3q
ENSG00000199488,3,170994870,q,3q
ENSG00000166979,21,32411710,q,21q
ENSG00000187848,12,132618776,q,12q
ENSG00000207166,19,17862588,p,19p
ENSG00000199363,3,183453814,q,3q
ENSG00000105641,19,17871945,p,19p
ENSG00000212489,3,190165417,q,3q
ENSG00000019995,10,124942123,q,10q
ENSG00000158470,20,49632945,q,20q
ENSG00000207130,3,128714571,q,3q
ENSG00000119938,10,91628442,q,10q
ENSG00000081154,3,101574180,q,3q
ENSG00000128294,22,26521996,q,22q
ENSG00000176798,11,4994851,p,11p
ENSG00000189430,19,54906148,q,19q
ENSG00000154493,10,126424997,q,10q
ENSG00000181518,11,123902167,q,11q
ENSG00000253087,3,134780527,q,3q
ENSG00000181009,11,5776165,p,11p
ENSG00000163705,3,10081317,p,3p
ENSG00000101282,20,958452,p,20p
ENSG00000172324,11,59416969,q,11q
ENSG00000148680,10,90740823,q,10q
ENSG00000181001,11,5786471,p,11p
ENSG00000172365,11,58421238,q,11q
ENSG00000197125,11,124437445,q,11q
ENSG00000199032,3,49020148,p,3p
ENSG00000207605,3,49020618,p,3p
ENSG00000188817,3,63652675,p,3p
ENSG00000124159,20,45293445,q,20q
ENSG00000160439,19,55039108,q,19q
ENSG00000163634,3,63833870,p,3p
ENSG00000176105,18,721588,p,18p
ENSG00000127743,5,149371324,q,5q
ENSG00000252611,10,114969460,q,10q
ENSG00000284182,5,149428918,q,5q
ENSG00000276365,5,149430646,q,5q
ENSG00000145860,5,159157409,q,5q
ENSG00000156113,10,76869601,q,10q
ENSG00000240045,3,155290227,q,3q
ENSG00000124440,19,46297042,q,19q
ENSG00000172367,11,119185457,q,11q
ENSG00000181744,3,143971823,q,3q
ENSG00000221120,3,184241405,q,3q
ENSG00000160200,21,43050900,q,21q
ENSG00000022277,20,56468585,q,20q
ENSG00000167791,11,67518912,q,11q
ENSG00000163888,3,184259213,q,3q
ENSG00000206708,3,39025987,p,3p
ENSG00000188573,5,168529305,q,5q
ENSG00000181585,3,46694528,p,3p
ENSG00000199035,5,168560896,q,5q
ENSG00000139372,12,103965822,q,12q
ENSG00000283706,3,46712117,p,3p
ENSG00000113448,5,58969038,q,5q
ENSG00000170782,11,6876625,p,11p
ENSG00000199796,19,46306470,q,19q
ENSG00000169515,19,46410329,q,19q
ENSG00000174914,11,56699095,q,11q
ENSG00000172061,3,194355249,q,3q
ENSG00000154832,18,50282331,q,18q
ENSG00000185112,3,194685883,q,3q
ENSG00000188162,11,17547259,p,11p
ENSG00000288645,15,50648802,q,15q
ENSG00000166147,15,48408313,q,15q
ENSG00000134109,3,5187646,p,3p
ENSG00000139304,12,80402178,q,12q
ENSG00000166359,19,33132090,q,19q
ENSG00000130881,19,33177603,q,19q
ENSG00000110244,11,116820700,q,11q
ENSG00000168356,3,38845764,p,3p
ENSG00000149657,20,62122444,q,20q
ENSG00000165899,12,80099537,q,12q
ENSG00000077713,X,119399336,q,Xq
ENSG00000184698,11,5383812,p,11p
ENSG00000099998,22,24218000,q,22q
ENSG00000187918,11,5449323,p,11p
ENSG00000181963,11,4449295,p,11p
ENSG00000076944,19,7636772,p,19p
ENSG00000182791,11,66590176,q,11q
ENSG00000147246,X,114584078,q,Xq
ENSG00000197790,11,4545191,p,11p
ENSG00000196396,20,50510321,q,20q
ENSG00000155008,X,85003871,q,Xq
ENSG00000176925,11,4821321,p,11p
ENSG00000172320,11,59436469,q,11q
ENSG00000183087,13,113820468,q,13q
ENSG00000176893,11,4912588,p,11p
ENSG00000176895,11,4903783,p,11p
ENSG00000184194,X,53048789,p,Xp
ENSG00000172987,10,98457077,q,10q
ENSG00000180974,11,5880629,p,11p
ENSG00000184933,11,6791736,p,11p
ENSG00000156504,X,134769566,q,Xq
ENSG00000197428,11,4637477,p,11p
ENSG00000180785,11,4643420,p,11p
ENSG00000101104,20,44910060,q,20q
ENSG00000023839,10,99782640,q,10q
ENSG00000177558,19,35224800,q,19q
ENSG00000187068,3,185076838,q,3q
ENSG00000222783,3,130811768,q,3q
ENSG00000167332,11,4680171,p,11p
ENSG00000163347,3,190305707,q,3q
ENSG00000179119,11,18606403,p,11p
ENSG00000187105,14,73478484,q,14q
ENSG00000174963,3,147386046,q,3q
ENSG00000205126,11,44047981,p,11p
ENSG00000273111,19,41837074,q,19q
ENSG00000142025,19,41844743,q,19q
ENSG00000204272,X,56729219,p,Xp
ENSG00000052850,11,44260440,p,11p
ENSG00000171657,X,41724181,p,Xp
ENSG00000124743,6,53647916,p,6p
ENSG00000212464,10,100237156,q,10q
ENSG00000149968,11,102835801,q,11q
ENSG00000107593,10,100288149,q,10q
ENSG00000158352,X,50586796,p,Xp
ENSG00000178033,6,116511639,q,6q
ENSG00000164451,6,116529013,q,6q
ENSG00000268041,19,41907704,q,19q
ENSG00000105369,19,41877279,q,19q
ENSG00000088836,20,3227417,p,20p
ENSG00000111832,6,116571409,q,6q
ENSG00000111335,12,112978395,q,12q
ENSG00000202601,5,59703606,q,5q
ENSG00000105392,19,47819779,q,19q
ENSG00000262406,11,102862736,q,11q
ENSG00000165655,10,75397830,q,10q
ENSG00000158571,X,54931434,p,Xp
ENSG00000148655,10,75431624,q,10q
ENSG00000019505,11,45240302,p,11p
ENSG00000120708,5,136028988,q,5q
ENSG00000177595,11,799179,p,11p
ENSG00000086544,19,40717112,q,19q
ENSG00000111834,6,116616479,q,6q
ENSG00000201954,10,76260800,q,10q
ENSG00000181915,10,62804720,q,10q
ENSG00000145020,3,49416778,p,3p
ENSG00000283545,12,45554590,q,12q
ENSG00000107854,10,91798426,q,10q
ENSG00000253090,6,107985659,q,6q
ENSG00000204498,6,31546870,p,6p
ENSG00000111237,12,110491083,q,12q
ENSG00000105613,19,12833951,p,19p
ENSG00000151164,12,110501655,q,12q
ENSG00000174721,10,91906584,q,10q
ENSG00000151553,10,114821744,q,10q
ENSG00000169976,6,144094884,q,6q
ENSG00000048649,11,77660009,q,11q
ENSG00000083097,6,83067666,q,6q
ENSG00000184497,13,113759194,q,13q
ENSG00000271824,5,136191468,q,5q
ENSG00000131944,19,32972209,q,19q
ENSG00000108018,10,106573663,q,10q
ENSG00000101109,20,44966494,q,20q
ENSG00000183378,11,7689437,p,11p
ENSG00000105650,19,18207965,p,19p
ENSG00000164509,5,55851357,q,5q
ENSG00000171014,11,123939617,q,11q
ENSG00000150261,11,56346039,q,11q
ENSG00000172154,11,56093308,q,11q
ENSG00000172459,11,56663686,q,11q
ENSG00000148426,10,11823339,p,10p
ENSG00000134884,13,106541673,q,13q
ENSG00000186298,12,110719680,q,12q
ENSG00000251957,10,11923181,p,10p
ENSG00000107562,10,44370165,q,10q
ENSG00000139517,13,27545911,q,13q
ENSG00000100105,22,31325804,q,22q
ENSG00000178645,10,49679651,q,10q
ENSG00000186513,11,58189070,q,11q
ENSG00000283551,10,68755172,q,10q
ENSG00000181785,11,56027654,q,11q
ENSG00000107859,10,102230189,q,10q
ENSG00000188613,10,119029714,q,10q
ENSG00000222588,10,119060983,q,10q
ENSG00000176900,11,4881819,p,11p
ENSG00000221931,11,123753580,q,11q
ENSG00000100348,22,36466895,q,22q
ENSG00000280090,11,124423942,q,11q
ENSG00000169609,15,82988441,q,15q
ENSG00000132801,20,45857614,q,20q
ENSG00000089116,12,113462033,q,12q
ENSG00000181371,11,56490435,q,11q
ENSG00000125966,20,35226559,q,20q
ENSG00000126226,13,113177536,q,13q
ENSG00000165182,X,23907807,p,Xp
ENSG00000079393,10,75094432,q,10q
ENSG00000204296,6,32288526,p,6p
ENSG00000139645,12,56237807,q,12q
ENSG00000234465,19,43575801,q,19q
ENSG00000198283,11,58506807,q,11q
ENSG00000185231,18,13882043,p,18p
ENSG00000165376,X,106900125,q,Xq
ENSG00000167359,11,5440570,p,11p
ENSG00000080839,20,36996349,q,20q
ENSG00000181616,11,5544489,p,11p
ENSG00000166949,15,67063763,q,15q
ENSG00000128789,18,12658043,p,18p
ENSG00000078589,X,78945332,q,Xq
ENSG00000186714,11,32602721,p,11p
ENSG00000186838,19,39515139,q,19q
ENSG00000181191,X,69160721,q,Xq
ENSG00000130748,19,47045909,q,19q
ENSG00000130749,19,47064187,q,19q
ENSG00000165186,X,23334318,p,Xp
ENSG00000110944,12,56334174,q,12q
ENSG00000172464,11,56641489,q,11q
ENSG00000166884,11,59456961,q,11q
ENSG00000164061,3,49554477,p,3p
ENSG00000170638,22,50184717,q,22q
ENSG00000102048,X,15235288,p,Xp
ENSG00000137727,11,110577042,q,11q
ENSG00000183559,10,122697709,q,10q
ENSG00000111711,12,21501781,p,12p
ENSG00000099341,19,38374563,q,19q
ENSG00000176020,3,49716829,p,3p
ENSG00000238942,3,186784796,q,3q
ENSG00000200418,3,186786323,q,3q
ENSG00000200320,3,186787300,q,3q
ENSG00000263776,3,186787612,q,3q
ENSG00000183770,3,138944224,q,3q
ENSG00000166947,15,43197227,q,15q
ENSG00000119965,10,122930901,q,10q
ENSG00000147113,X,45148373,p,Xp
ENSG00000134548,12,21526296,p,12p
ENSG00000196132,20,64102222,q,20q
ENSG00000179988,10,122954381,q,10q
ENSG00000104856,19,45001461,q,19q
ENSG00000049768,X,49250436,p,Xp
ENSG00000164244,5,127517617,q,5q
ENSG00000172602,12,48857145,q,12q
ENSG00000207779,3,160404588,q,3q
ENSG00000198987,3,160404745,q,3q
ENSG00000179674,3,160677160,q,3q
ENSG00000083937,3,87227271,p,3p
ENSG00000170684,19,45071500,q,19q
ENSG00000088812,20,3471018,p,20p
ENSG00000065060,6,34792083,p,6p
ENSG00000114251,3,55465715,p,3p
ENSG00000130158,19,11199295,p,19p
ENSG00000154237,15,100919327,q,15q
ENSG00000101557,18,158351,p,18p
ENSG00000184992,12,124993645,q,12q
ENSG00000180929,3,51955381,p,3p
ENSG00000124678,6,35118071,p,6p
ENSG00000176087,5,140564819,q,5q
ENSG00000170549,5,3595832,p,5p
ENSG00000074590,12,106063345,q,12q
ENSG00000182667,11,131370478,q,11q
ENSG00000113595,5,65589690,q,5q
ENSG00000179695,12,55444069,q,12q
ENSG00000178217,10,80537902,q,10q
ENSG00000214700,12,27081057,p,12p
ENSG00000111490,12,64759484,q,12q
ENSG00000101350,20,32277651,q,20q
ENSG00000184719,10,88273864,q,10q
ENSG00000120688,13,41061509,q,13q
ENSG00000125864,20,17493905,p,20p
ENSG00000015285,X,48676593,p,Xp
ENSG00000151379,2,17816460,p,2p
ENSG00000113597,5,65624789,q,5q
ENSG00000022840,12,120533480,q,12q
ENSG00000099617,19,1285873,p,19p
ENSG00000134278,18,12446512,p,18p
ENSG00000164086,3,52048919,p,3p
ENSG00000177291,10,35605341,p,10p
ENSG00000068650,13,112689911,q,13q
ENSG00000178795,11,77216558,q,11q
ENSG00000177283,10,35638247,p,10p
ENSG00000199150,3,52268278,p,3p
ENSG00000207926,3,52294219,p,3p
ENSG00000163930,3,52401008,p,3p
ENSG00000101000,20,35171850,q,20q
ENSG00000143869,2,20667144,p,2p
ENSG00000261594,11,75240774,q,11q
ENSG00000201586,11,17115652,p,11p
ENSG00000124172,20,59025475,q,20q
ENSG00000185650,14,68787655,q,14q
ENSG00000118096,11,118544528,q,11q
ENSG00000171126,2,42442017,p,2p
ENSG00000170820,2,48962157,p,2p
ENSG00000125971,20,34516379,q,20q
ENSG00000099968,22,17628848,q,22q
ENSG00000269855,19,58395656,q,19q
ENSG00000124181,20,41136931,q,20q
ENSG00000123561,X,106032425,q,Xq
ENSG00000113555,5,141943581,q,5q
ENSG00000166224,10,70815905,q,10q
ENSG00000180697,3,126526999,q,3q
ENSG00000133110,13,37562582,q,13q
ENSG00000086717,X,18675909,p,Xp
ENSG00000177733,5,137745651,q,5q
ENSG00000175161,3,84958989,p,3p
ENSG00000187783,10,44911316,q,10q
ENSG00000123374,12,55966781,q,12q
ENSG00000283758,19,35586161,q,19q
ENSG00000273173,15,24954987,q,15q
ENSG00000027075,14,61187559,q,14q
ENSG00000115464,2,61187463,p,2p
ENSG00000207275,10,82340771,q,10q
ENSG00000075290,10,100463009,q,10q
ENSG00000276314,15,24981994,q,15q
ENSG00000214872,11,57537595,q,11q
ENSG00000276610,15,24985100,q,15q
ENSG00000112972,5,43287470,p,5p
ENSG00000136750,10,26216665,p,10p
ENSG00000176922,11,4848237,p,11p
ENSG00000236980,3,49177634,p,3p
ENSG00000163646,3,150926163,q,3q
ENSG00000173338,11,65592836,q,11q
ENSG00000232810,6,31575565,p,6p
ENSG00000151882,5,43376645,p,5p
ENSG00000036473,X,38327598,p,Xp
ENSG00000139278,12,75480753,q,12q
ENSG00000206974,6,108292766,q,6q
ENSG00000081087,6,108029245,q,6q
ENSG00000206759,3,66293114,p,3p
ENSG00000174695,5,83052846,q,5q
ENSG00000088726,3,12733528,p,3p
ENSG00000283703,11,125946044,q,11q
ENSG00000201260,10,16207821,p,10p
ENSG00000165985,10,16513734,p,10p
ENSG00000238835,5,83064204,q,5q
ENSG00000184702,22,19714467,q,22q
ENSG00000105443,19,48469208,q,19q
ENSG00000122862,10,69088103,q,10q
ENSG00000072657,12,72087266,q,12q
ENSG00000165923,11,47659591,p,11p
ENSG00000165194,X,100291644,q,Xq
ENSG00000252697,6,87083233,q,6q
ENSG00000222107,5,125350868,q,5q
ENSG00000135346,6,87085498,q,6q
ENSG00000049860,5,74640023,q,5q
ENSG00000207604,6,52144349,p,6p
ENSG00000199080,6,52148923,p,6p
ENSG00000112115,6,52186375,p,6p
ENSG00000269313,X,49162564,p,Xp
ENSG00000112116,6,52236681,p,6p
ENSG00000213626,2,30231534,p,2p
ENSG00000187857,12,55362975,q,12q
ENSG00000203733,6,142132925,q,6q
ENSG00000082175,11,101029624,q,11q
ENSG00000240053,6,31669976,p,6p
ENSG00000237110,6,132538277,q,6q
ENSG00000131264,X,73447053,q,Xq
ENSG00000286105,6,37212181,p,6p
ENSG00000072133,X,84058346,q,Xq
ENSG00000204428,6,31676684,p,6p
ENSG00000167531,12,48567684,q,12q
ENSG00000237988,6,29550407,p,6p
ENSG00000146243,6,78867551,q,6q
ENSG00000123307,12,55019974,q,12q
ENSG00000221611,12,12972053,p,12p
ENSG00000119866,2,60450520,p,2p
ENSG00000181929,12,49002274,q,12q
ENSG00000156564,6,40391591,p,6p
ENSG00000075643,18,36186894,q,18q
ENSG00000125885,20,5949767,p,20p
ENSG00000188315,3,49268596,p,3p
ENSG00000205593,22,50309030,q,22q
ENSG00000112159,6,89642498,q,6q
ENSG00000086570,5,151504092,q,5q
ENSG00000177947,11,196761,p,11p
ENSG00000073282,3,189631389,q,3q
ENSG00000180304,15,64687573,q,15q
ENSG00000120149,5,174724582,q,5q
ENSG00000145491,5,10441524,p,5p
ENSG00000110171,11,6448613,p,11p
ENSG00000124772,6,36740775,p,6p
ENSG00000245848,19,33299934,q,19q
ENSG00000198597,19,30224891,q,19q
ENSG00000089195,20,5937228,p,20p
ENSG00000115353,2,75046463,p,2p
ENSG00000130598,11,1838981,p,11p
ENSG00000186951,22,46149924,q,22q
ENSG00000178199,6,149446795,q,6q
ENSG00000201428,12,112267077,q,12q
ENSG00000157884,2,26581205,p,2p
ENSG00000173064,12,112160188,q,12q
ENSG00000174132,5,100535338,q,5q
ENSG00000157554,21,38380027,q,21q
ENSG00000048545,6,42173364,p,6p
ENSG00000134571,11,47331406,p,11p
ENSG00000169067,5,57480018,q,5q
ENSG00000149346,20,10435299,p,20p
ENSG00000164508,6,25723397,p,6p
ENSG00000146047,6,25726777,p,6p
ENSG00000112164,6,39048781,p,6p
ENSG00000168461,18,9708246,p,18p
ENSG00000088766,20,6006052,p,20p
ENSG00000115423,2,84516455,p,2p
ENSG00000112167,6,39104063,p,6p
ENSG00000156453,5,141853090,q,5q
ENSG00000189001,19,35523367,q,19q
ENSG00000105679,19,35533455,q,19q
ENSG00000184530,6,127519455,q,6q
ENSG00000214338,6,127472806,q,6q
ENSG00000111241,12,4428155,p,12p
ENSG00000175197,12,57516588,q,12q
ENSG00000198646,20,34689097,q,20q
ENSG00000146216,6,43243481,p,6p
ENSG00000105675,19,35550031,q,19q
ENSG00000149972,11,99020949,q,11q
ENSG00000167315,18,49782164,q,18q
ENSG00000184731,2,38814,p,2p
ENSG00000181234,12,128267170,q,12q
ENSG00000181704,X,68498562,q,Xq
ENSG00000256660,12,10010627,p,12p
ENSG00000171094,2,29192774,p,2p
ENSG00000170262,21,32291813,q,21q
ENSG00000252641,3,133664926,q,3q
ENSG00000242120,3,70194479,p,3p
ENSG00000163684,3,58306245,p,3p
ENSG00000160255,21,44885948,q,21q
ENSG00000273777,19,44501677,q,19q
ENSG00000187855,12,107774704,q,12q
ENSG00000139364,12,125186386,q,12q
ENSG00000100109,22,26490988,q,22q
ENSG00000273658,12,53464720,q,12q
ENSG00000114757,3,179794958,q,3q
ENSG00000198774,12,85800703,q,12q
ENSG00000173275,X,135344199,q,Xq
ENSG00000213892,19,44699151,q,19q
ENSG00000139132,12,32399558,p,12p
ENSG00000267673,19,10309916,p,19p
ENSG00000068323,X,49028726,p,Xp
ENSG00000166833,11,19350724,p,11p
ENSG00000167468,19,1103982,p,19p
ENSG00000121743,13,20138252,q,13q
ENSG00000152818,6,144285335,q,6q
ENSG00000132953,13,20777329,q,13q
ENSG00000198910,X,153861511,q,Xq
ENSG00000088451,13,94574054,q,13q
ENSG00000104804,19,48880965,q,19q
ENSG00000173557,2,26562585,p,2p
ENSG00000125538,2,112829751,q,2q
ENSG00000104960,19,49850735,q,19q
ENSG00000215421,18,74597848,q,18q
ENSG00000187498,13,110148963,q,13q
ENSG00000172985,2,109129205,q,2q
ENSG00000151914,6,56457987,p,6p
ENSG00000170417,2,102736905,q,2q
ENSG00000141458,18,23506184,q,18q
ENSG00000101182,20,62136728,q,20q
ENSG00000100426,22,49853827,q,22q
ENSG00000100104,22,26483877,q,22q
ENSG00000173418,20,20017310,p,20p
ENSG00000100276,22,29312933,q,22q
ENSG00000205329,12,55330043,q,12q
ENSG00000183066,22,41998725,q,22q
ENSG00000101412,20,33675477,q,20q
ENSG00000144227,2,138669157,q,2q
ENSG00000170477,12,52806549,q,12q
ENSG00000185640,12,52821408,q,12q
ENSG00000125877,20,3208868,p,20p
ENSG00000255154,3,58306262,p,3p
ENSG00000100281,22,35257452,q,22q
ENSG00000226479,2,120217479,q,2q
ENSG00000170423,12,52837804,q,12q
ENSG00000213139,3,186538441,q,3q
ENSG00000197706,12,55244609,q,12q
ENSG00000246705,12,14774405,p,12p
ENSG00000139055,12,14914039,p,12p
ENSG00000091181,3,3066324,p,3p
ENSG00000175398,12,55636892,q,12q
ENSG00000119715,14,76310712,q,14q
ENSG00000187994,19,38867830,q,19q
ENSG00000167548,12,49018975,q,12q
ENSG00000262484,19,38908980,q,19q
ENSG00000198142,2,109614364,q,2q
ENSG00000100347,22,43955399,q,22q
ENSG00000105204,19,39825350,q,19q
ENSG00000123901,11,94377316,q,11q
ENSG00000168702,2,140231423,q,2q
ENSG00000054654,14,63761899,q,14q
ENSG00000205177,11,33698261,p,11p
ENSG00000141452,18,23503483,q,18q
ENSG00000172457,11,56741223,q,11q
ENSG00000188486,11,119093874,q,11q
ENSG00000291312,19,39830482,q,19q
ENSG00000220201,19,10304803,p,19p
ENSG00000101474,20,24962925,p,20p
ENSG00000134817,11,57233577,q,11q
ENSG00000149305,11,113904796,q,11q
ENSG00000162989,2,154697855,q,2q
ENSG00000090372,19,46719511,q,19q
ENSG00000120694,13,31134876,q,13q
ENSG00000188419,X,85861180,q,Xq
ENSG00000101180,20,62214960,q,20q
ENSG00000178694,3,94062980,q,3q
ENSG00000159086,21,32733899,q,21q
ENSG00000101191,20,62877738,q,20q
ENSG00000125084,12,48978322,q,12q
ENSG00000169379,3,93980139,q,3q
ENSG00000170439,12,55681736,q,12q
ENSG00000136535,2,161416297,q,2q
ENSG00000089250,12,117208142,q,12q
ENSG00000182902,22,17563086,q,22q
ENSG00000102309,X,72181353,q,Xq
ENSG00000110777,11,111352255,q,11q
ENSG00000152214,18,42743218,q,18q
ENSG00000253099,11,111383092,q,11q
ENSG00000207811,11,111512938,q,11q
ENSG00000207562,11,111513439,q,11q
ENSG00000137707,11,111467526,q,11q
ENSG00000177576,18,49477243,q,18q
ENSG00000151117,11,18693122,p,11p
ENSG00000086758,X,53532096,p,Xp
ENSG00000141644,18,50266746,q,18q
ENSG00000188039,19,16719847,p,19p
ENSG00000155957,12,66135846,q,12q
ENSG00000101473,20,45841709,q,20q
ENSG00000277932,11,5893208,p,11p
ENSG00000183560,11,94304580,q,11q
ENSG00000166337,11,6606294,p,11p
ENSG00000176009,11,8937578,p,11p
ENSG00000150750,11,111245725,q,11q
ENSG00000214290,11,111298546,q,11q
ENSG00000154727,21,25734570,q,21q
ENSG00000180432,3,42856005,p,3p
ENSG00000173389,3,51894876,p,3p
ENSG00000223953,11,119338942,q,11q
ENSG00000235718,11,119338942,q,11q
ENSG00000088325,20,31739248,q,20q
ENSG00000215009,12,7304072,p,12p
ENSG00000214681,3,51873721,p,3p
ENSG00000185313,3,38696802,p,3p
ENSG00000076555,12,109116587,q,12q
ENSG00000181786,19,8697400,p,19p
ENSG00000197483,19,55476617,q,19q
ENSG00000075388,11,69771022,q,11q
ENSG00000160683,11,118883892,q,11q
ENSG00000163083,2,120346136,q,2q
ENSG00000110375,11,118925164,q,11q
ENSG00000144331,2,179441982,q,2q
ENSG00000144597,3,15427598,p,3p
ENSG00000176302,11,118971712,q,11q
ENSG00000206926,3,15433110,p,3p
ENSG00000213689,3,48465811,p,3p
ENSG00000145040,3,48561718,p,3p
ENSG00000182261,11,7957537,p,11p
ENSG00000284251,3,48578902,p,3p
ENSG00000183396,3,48620759,p,3p
ENSG00000188042,2,234493041,q,2q
ENSG00000183762,22,29072950,q,22q
ENSG00000008300,3,48636463,p,3p
ENSG00000138400,2,206737763,q,2q
ENSG00000142453,19,10871553,p,19p
ENSG00000174032,13,45393316,q,13q
ENSG00000184792,22,30693782,q,22q
ENSG00000255274,11,118003634,q,11q
ENSG00000242441,2,48617798,p,2p
ENSG00000182310,19,51688346,q,19q
ENSG00000184271,12,51186936,q,12q
ENSG00000130173,19,11237502,p,19p
ENSG00000130312,19,17292609,p,19p
ENSG00000179088,12,103237591,q,12q
ENSG00000074855,19,17323223,p,19p
ENSG00000007372,11,31784779,p,11p
ENSG00000152749,13,94601857,q,13q
ENSG00000163012,2,186827475,q,2q
ENSG00000132950,13,19823482,q,13q
ENSG00000269720,19,17387196,p,19p
ENSG00000125207,12,130337887,q,12q
ENSG00000138434,2,181891730,q,2q
ENSG00000136111,13,75283503,q,13q
ENSG00000163964,3,196639775,q,3q
ENSG00000112280,6,70216040,q,6q
ENSG00000188735,12,121712752,q,12q
ENSG00000197763,3,126571779,q,3q
ENSG00000159131,21,33503371,q,21q
ENSG00000125740,19,45467995,q,19q
ENSG00000165487,13,21492691,q,13q
ENSG00000139725,12,121777754,q,12q
ENSG00000151320,14,32329298,q,14q
ENSG00000130055,X,70423031,q,Xq
ENSG00000239732,3,52221080,p,3p
ENSG00000180044,3,160225422,q,3q
ENSG00000100196,22,38468043,q,22q
ENSG00000198398,3,190428655,q,3q
ENSG00000231213,3,146576555,q,3q
ENSG00000100425,22,49773278,q,22q
ENSG00000130032,X,151694607,q,Xq
ENSG00000144852,3,119780484,q,3q
ENSG00000173674,X,20124525,p,Xp
ENSG00000207789,12,57824609,q,12q
ENSG00000170948,19,8832377,p,19p
ENSG00000205592,12,40393395,q,12q
ENSG00000181143,19,8848844,p,19p
ENSG00000100603,14,77717599,q,14q
ENSG00000150403,13,113490816,q,13q
ENSG00000114854,3,52451100,p,3p
ENSG00000256162,6,130827406,q,6q
ENSG00000165175,X,38801417,p,Xp
ENSG00000204469,6,31620715,p,6p
ENSG00000175497,2,114442299,q,2q
ENSG00000114841,3,52316319,p,3p
ENSG00000135407,12,57797376,q,12q
ENSG00000100324,22,39399778,q,22q
ENSG00000185100,14,104724174,q,14q
ENSG00000152822,6,146027646,q,6q
ENSG00000114646,3,47562238,p,3p
ENSG00000147164,X,71056332,q,Xq
ENSG00000174453,2,214411054,q,2q
ENSG00000110848,12,9752486,p,12p
ENSG00000187860,22,30356635,q,22q
ENSG00000198732,14,69854131,q,14q
ENSG00000164047,3,48223347,p,3p
ENSG00000102053,X,65034788,q,Xq
ENSG00000125266,13,106489745,q,13q
ENSG00000100364,22,45192244,q,22q
ENSG00000175063,20,45812576,q,20q
ENSG00000120690,13,40931242,q,13q
ENSG00000144452,2,214931542,q,2q
ENSG00000170777,9,6328375,p,9p
ENSG00000171777,19,38409051,q,19q
ENSG00000112309,6,70856679,q,6q
ENSG00000029993,X,150980509,q,Xq
ENSG00000114554,3,126982693,q,3q
ENSG00000172322,12,9951316,p,12p
ENSG00000112715,6,43770184,p,6p
ENSG00000100029,22,30576625,q,22q
ENSG00000251761,3,18954943,p,3p
ENSG00000180182,X,40648305,p,Xp
ENSG00000170054,14,94462717,q,14q
ENSG00000283473,3,46612525,p,3p
ENSG00000163825,3,46494611,p,3p
ENSG00000252079,12,132835374,q,12q
ENSG00000276626,3,124792319,q,3q
ENSG00000088448,13,110878540,q,13q
ENSG00000160145,3,124033369,q,3q
ENSG00000111291,12,12940575,p,12p
ENSG00000010219,12,4562208,p,12p
ENSG00000135916,2,230864639,q,2q
ENSG00000185347,14,105489855,q,14q
ENSG00000139505,13,25245495,q,13q
ENSG00000151079,12,4809334,p,12p
ENSG00000111262,12,4909905,p,12p
ENSG00000199824,12,51162901,q,12q
ENSG00000186452,12,50842920,q,12q
ENSG00000182329,2,202073255,q,2q
ENSG00000214511,12,50952538,q,12q
ENSG00000064835,3,87259404,p,3p
ENSG00000111732,12,8602155,p,12p
ENSG00000175198,13,100089015,q,13q
ENSG00000188559,20,20389530,p,20p
ENSG00000275074,8,22105748,p,8p
ENSG00000221823,2,68178857,p,2p
ENSG00000184898,2,151247940,q,2q
ENSG00000153820,2,227979955,q,2q
ENSG00000150676,11,85855101,q,11q
ENSG00000100307,22,39120167,q,22q
ENSG00000196218,19,38433691,q,19q
ENSG00000033327,11,78215293,q,11q
ENSG00000126821,14,63684216,q,14q
ENSG00000196227,20,59933643,q,20q
ENSG00000140057,14,96392128,q,14q
ENSG00000089818,12,8076939,p,12p
ENSG00000185917,21,36034534,q,21q
ENSG00000168918,2,233059967,q,2q
ENSG00000167037,22,24806169,q,22q
ENSG00000167910,8,58490178,q,8q
ENSG00000124126,20,48624249,q,20q
ENSG00000144671,3,38282294,p,3p
ENSG00000183734,11,2268498,p,11p
ENSG00000170044,3,102099244,q,3q
ENSG00000204361,11,114678527,q,11q
ENSG00000100601,14,77672404,q,14q
ENSG00000181544,X,14690388,p,Xp
ENSG00000168061,11,65040901,q,11q
ENSG00000168060,11,65044818,q,11q
ENSG00000165898,14,74493756,q,14q
ENSG00000104833,19,6494319,p,19p
ENSG00000100558,14,67385652,q,14q
ENSG00000244687,20,50081122,q,20q
ENSG00000150995,3,4493345,p,3p
ENSG00000203952,X,134237047,q,Xq
ENSG00000223145,2,7141227,p,2p
ENSG00000207170,2,18583367,p,2p
ENSG00000205704,22,41947178,q,22q
ENSG00000207183,2,12411398,p,2p
ENSG00000180964,X,103252863,q,Xq
ENSG00000251889,2,48340687,p,2p
ENSG00000111729,12,8123617,p,12p
ENSG00000100116,22,37807872,q,22q
ENSG00000127528,19,16324826,p,19p
ENSG00000200701,2,85204926,p,2p
ENSG00000212283,2,101272936,q,2q
ENSG00000222923,2,114420125,q,2q
ENSG00000223573,19,5558167,p,19p
ENSG00000222068,2,133391109,q,2q
ENSG00000147400,X,152826994,q,Xq
ENSG00000139899,14,24423886,q,14q
ENSG00000289762,19,14112324,p,19p
ENSG00000201813,2,195670372,q,2q
ENSG00000146670,11,65066300,q,11q
ENSG00000222845,2,187122562,q,2q
ENSG00000118492,6,146598967,q,6q
ENSG00000202216,2,179934402,q,2q
ENSG00000077721,X,119474802,q,Xq
ENSG00000100445,14,24439766,q,14q
ENSG00000201044,2,230752141,q,2q
ENSG00000162976,2,11155198,p,2p
ENSG00000101311,20,6070288,p,20p
ENSG00000187066,11,65084979,q,11q
ENSG00000167767,12,52168996,q,12q
ENSG00000174276,11,65116403,q,11q
ENSG00000222477,11,65147584,q,11q
ENSG00000070985,11,2404515,p,11p
ENSG00000197381,21,45073839,q,21q
ENSG00000251935,2,190553264,q,2q
ENSG00000207402,2,191121950,q,2q
ENSG00000178093,19,19512418,p,19p
ENSG00000167604,19,35887630,q,19q
ENSG00000164485,6,137143820,q,6q
ENSG00000198125,22,35606764,q,22q
ENSG00000135443,12,52360006,q,12q
ENSG00000169188,X,55000331,p,Xp
ENSG00000168477,6,32041153,p,6p
ENSG00000124194,20,44247099,q,20q
ENSG00000161849,12,52377812,q,12q
ENSG00000161850,12,52393931,q,12q
ENSG00000196632,X,54192823,p,Xp
ENSG00000105549,19,361747,p,19p
ENSG00000170454,12,52424070,q,12q
ENSG00000126001,20,35455164,q,20q
ENSG00000241635,2,233760270,q,2q
ENSG00000153157,6,10886831,p,6p
ENSG00000123485,2,233833416,q,2q
ENSG00000139648,12,52543909,q,12q
ENSG00000207397,19,22555261,p,19p
ENSG00000179532,11,6497260,p,11p
ENSG00000124721,6,38715311,p,6p
ENSG00000186471,X,119895837,q,Xq
ENSG00000170486,12,52585589,q,12q
ENSG00000281159,2,130929762,q,2q
ENSG00000281516,2,130929762,q,2q
ENSG00000115274,2,74455087,p,2p
ENSG00000186049,12,52607570,q,12q
ENSG00000147145,X,78747680,q,Xq
ENSG00000133107,13,37632063,q,13q
ENSG00000198431,12,104215779,q,12q
ENSG00000115297,2,74513463,p,2p
ENSG00000175352,11,8965682,p,11p
ENSG00000134597,X,130401922,q,Xq
ENSG00000121297,19,31149979,q,19q
ENSG00000152254,2,168901291,q,2q
ENSG00000100122,22,26599277,q,22q
ENSG00000101443,20,45469386,q,20q
ENSG00000126262,19,35443907,q,19q
ENSG00000160199,21,42974328,q,21q
ENSG00000134627,11,94543840,q,11q
ENSG00000267041,19,36714383,q,19q
ENSG00000156925,X,137563314,q,Xq
ENSG00000081479,2,169127109,q,2q
ENSG00000126768,X,48893447,p,Xp
ENSG00000128245,22,31944522,q,22q
ENSG00000149639,20,36777447,q,20q
ENSG00000100350,22,36487190,q,22q
ENSG00000196371,11,94543921,q,11q
ENSG00000112499,6,160171061,q,6q
ENSG00000268182,19,56643159,q,19q
ENSG00000125995,20,35699254,q,20q
ENSG00000228607,11,113779796,q,11q
ENSG00000185345,6,161347417,q,6q
ENSG00000201687,11,113859346,q,11q
ENSG00000110400,11,119623408,q,11q
ENSG00000112530,6,162727132,q,6q
ENSG00000182208,11,1469457,p,11p
ENSG00000101203,20,63293186,q,20q
ENSG00000102390,X,76173034,q,Xq
ENSG00000186280,11,94973709,q,11q
ENSG00000149212,11,95165513,q,11q
ENSG00000165349,X,70925575,q,Xq
ENSG00000132002,19,14513789,p,19p
ENSG00000121377,12,10801532,p,12p
ENSG00000135436,12,49582885,q,12q
ENSG00000205784,19,4890437,p,19p
ENSG00000124818,6,47781982,p,6p
ENSG00000166349,11,36510372,p,11p
ENSG00000170396,2,184598529,q,2q
ENSG00000175097,11,36575574,p,11p
ENSG00000199237,12,49593104,q,12q
ENSG00000105402,19,47487637,q,19q
ENSG00000123364,12,53938831,q,12q
ENSG00000213995,13,110615512,q,13q
ENSG00000173653,11,66842835,q,11q
ENSG00000123407,12,53954903,q,12q
ENSG00000277994,12,53965965,q,12q
ENSG00000208772,2,86135870,p,2p
ENSG00000123388,12,53973126,q,12q
ENSG00000132313,2,86199355,p,2p
ENSG00000180818,12,53985065,q,12q
ENSG00000197757,12,53990624,q,12q
ENSG00000251974,2,86364136,p,2p
ENSG00000207924,12,53991738,q,12q
ENSG00000180806,12,53994895,q,12q
ENSG00000009413,6,111299028,q,6q
ENSG00000037965,12,54008985,q,12q
ENSG00000251971,2,238028971,q,2q
ENSG00000178752,2,238158970,q,2q
ENSG00000174527,12,109347900,q,12q
ENSG00000173237,11,66975277,q,11q
ENSG00000159082,21,32628757,q,21q
ENSG00000137700,11,119023751,q,11q
ENSG00000125798,20,22580998,p,20p
ENSG00000053702,12,2825348,p,12p
ENSG00000134901,13,102784281,q,13q
ENSG00000124145,20,45325288,q,20q
ENSG00000283297,12,2849046,p,12p
ENSG00000079435,19,42401497,q,19q
ENSG00000197905,12,2959330,p,12p
ENSG00000125531,20,63547891,q,20q
ENSG00000141977,19,16161368,p,19p
ENSG00000101224,20,3786772,p,20p
ENSG00000080561,X,107825755,q,Xq
ENSG00000252962,19,2503047,p,19p
ENSG00000136167,13,46125920,q,13q
ENSG00000237412,2,232520388,q,2q
ENSG00000095932,19,3473986,p,19p
ENSG00000196811,2,232539692,q,2q
ENSG00000284638,19,3482110,p,19p
ENSG00000165935,12,27446736,p,12p
ENSG00000284723,12,48525632,q,12q
ENSG00000283536,12,53241900,q,12q
ENSG00000198678,12,48559882,q,12q
ENSG00000260286,6,24797335,p,6p
ENSG00000200247,12,19445949,p,12p
ENSG00000251982,2,217251556,q,2q
ENSG00000135316,6,85607779,q,6q
ENSG00000160307,21,46598508,q,21q
ENSG00000278144,11,65423273,q,11q
ENSG00000208892,12,132031224,q,12q
ENSG00000206587,11,67895631,q,11q
ENSG00000111537,12,68154768,q,12q
ENSG00000110719,11,68039025,q,11q
ENSG00000159128,21,33403369,q,21q
ENSG00000165474,13,20187463,q,13q
ENSG00000156709,X,130124666,q,Xq
ENSG00000163331,2,158795317,q,2q
ENSG00000152213,13,49628464,q,13q
ENSG00000174405,13,108207439,q,13q
ENSG00000178882,12,123973241,q,12q
ENSG00000168135,22,38426327,q,22q
ENSG00000083535,13,72781641,q,13q
ENSG00000185339,22,30607003,q,22q
ENSG00000198353,12,54016931,q,12q
ENSG00000172789,12,54033050,q,12q
ENSG00000142192,21,25880535,q,21q
ENSG00000256537,12,11171194,p,12p
ENSG00000196876,12,51590266,q,12q
ENSG00000149177,11,47980425,p,11p
ENSG00000188729,3,191199241,q,3q
ENSG00000176567,11,48263861,p,11p
ENSG00000207280,2,231456444,q,2q
ENSG00000202400,2,231460371,q,2q
ENSG00000163914,3,129528639,q,3q
ENSG00000171596,2,231523187,q,2q
ENSG00000166405,11,8106056,p,11p
ENSG00000178804,3,129543175,q,3q
ENSG00000174946,3,151197832,q,3q
ENSG00000138271,3,151294086,q,3q
ENSG00000171450,2,218959666,q,2q
ENSG00000163497,2,218981087,q,2q
ENSG00000181631,3,151326312,q,3q
ENSG00000198973,2,219001645,q,2q
ENSG00000163501,2,219054424,q,2q
ENSG00000171703,20,64049836,q,20q
ENSG00000173769,3,44241886,p,3p
ENSG00000119147,2,106063246,q,2q
ENSG00000083520,13,72752169,q,13q
ENSG00000183570,21,45643694,q,21q
ENSG00000199075,3,37969404,p,3p
ENSG00000100077,22,25564432,q,22q
ENSG00000202379,3,108574565,q,3q
ENSG00000144821,3,108380368,q,3q
ENSG00000197674,11,4690423,p,11p
ENSG00000197309,11,124183345,q,11q
ENSG00000188542,2,240560054,q,2q
ENSG00000181958,11,55367974,q,11q
ENSG00000175513,11,65945480,q,11q
ENSG00000196248,11,123976661,q,11q
ENSG00000115009,2,227805739,q,2q
ENSG00000189431,11,13009316,p,11p
ENSG00000110395,11,119206298,q,11q
ENSG00000275372,2,144518447,q,2q
ENSG00000277444,2,144521039,q,2q
ENSG00000232125,2,206651621,q,2q
ENSG00000120645,12,66767,p,12p
ENSG00000178732,3,194394821,q,3q
ENSG00000168779,3,158095905,q,3q
ENSG00000100258,22,50502947,q,22q
ENSG00000142611,1,3069168,p,1p
ENSG00000110066,11,68154863,q,11q
ENSG00000187527,3,193274789,q,3q
ENSG00000073614,12,280057,p,12p
ENSG00000204406,2,148021011,q,2q
ENSG00000169855,3,78597239,p,3p
ENSG00000111886,6,89254464,q,6q
ENSG00000182508,X,112625372,q,Xq
ENSG00000134900,13,102596958,q,13q
ENSG00000188580,6,123803865,q,6q
ENSG00000198171,20,3188734,p,20p
ENSG00000198908,X,102720688,q,Xq
ENSG00000146373,6,124962437,q,6q
ENSG00000126903,X,154487306,q,Xq
ENSG00000149527,1,2425980,p,1p
ENSG00000289766,12,13088784,p,12p
ENSG00000183395,12,102196459,q,12q
ENSG00000111907,6,125119049,q,6q
ENSG00000199077,11,43581394,p,11p
ENSG00000187479,11,43942637,p,11p
ENSG00000176915,12,132725503,q,12q
ENSG00000204403,11,104885718,q,11q
ENSG00000163632,3,63819299,p,3p
ENSG00000136161,13,48488959,q,13q
ENSG00000196220,3,8980591,p,3p
ENSG00000169446,X,135960588,q,Xq
ENSG00000071909,2,170178145,q,2q
ENSG00000149600,20,32702648,q,20q
ENSG00000152266,11,13492054,p,11p
ENSG00000142606,1,2590639,p,1p
ENSG00000188130,22,50245450,q,22q
ENSG00000274588,X,50365405,p,Xp
ENSG00000135547,6,125747664,q,6q
ENSG00000120458,11,124766498,q,11q
ENSG00000101460,20,34546838,q,20q
ENSG00000160224,21,44285838,q,21q
ENSG00000257594,12,89519412,q,12q
ENSG00000154134,11,124865432,q,11q
ENSG00000183662,3,68004247,p,3p
ENSG00000113811,3,53884417,p,3p
ENSG00000090889,X,70290067,q,Xq
ENSG00000154781,3,14651762,p,3p
ENSG00000184012,21,41464296,q,21q
ENSG00000101150,20,63865228,q,20q
ENSG00000048707,1,12230030,p,1p
ENSG00000180767,3,126524155,q,3q
ENSG00000135406,12,49295147,q,12q
ENSG00000278554,3,73959642,p,3p
ENSG00000197980,3,156825481,q,3q
ENSG00000170890,12,120322115,q,12q
ENSG00000174844,3,57293699,p,3p
ENSG00000111432,12,130162459,q,12q
ENSG00000139154,12,19404045,p,12p
ENSG00000252355,11,43435132,p,11p
ENSG00000181109,11,5726502,p,11p
ENSG00000207971,11,122099757,q,11q
ENSG00000207994,11,122152229,q,11q
ENSG00000182793,6,52831655,p,6p
ENSG00000199944,6,109059509,q,6q
ENSG00000110076,11,64606174,q,11q
ENSG00000173531,3,49683947,p,3p
ENSG00000144395,2,196639554,q,2q
ENSG00000077942,22,45502238,q,22q
ENSG00000131018,6,152121687,q,6q
ENSG00000139289,12,76025447,q,12q
ENSG00000177875,12,48183644,q,12q
ENSG00000187166,12,48328980,q,12q
ENSG00000198176,13,113584525,q,13q
ENSG00000185046,12,98726457,q,12q
ENSG00000202363,3,39411054,p,3p
ENSG00000187944,2,196804417,q,2q
ENSG00000180251,2,102473226,q,2q
ENSG00000125775,20,1309909,p,20p
ENSG00000158411,2,99161427,q,2q
ENSG00000178074,2,199911293,q,2q
ENSG00000187033,3,169911572,q,3q
ENSG00000154479,2,169645425,q,2q
ENSG00000197921,1,2528745,p,1p
ENSG00000188306,3,169812870,q,3q
ENSG00000214686,3,51778561,p,3p
ENSG00000189337,1,13892792,p,1p
ENSG00000252807,2,170119996,q,2q
ENSG00000171552,20,31664452,q,20q
ENSG00000115263,2,162142882,q,2q
ENSG00000114503,3,196935402,q,3q
ENSG00000177485,X,120250752,q,Xq
ENSG00000159147,21,33559542,q,21q
ENSG00000177673,2,231592864,q,2q
ENSG00000147257,X,133535745,q,Xq
ENSG00000164483,6,130144315,q,6q
ENSG00000270170,3,196942674,q,3q
ENSG00000163602,3,72371825,p,3p
ENSG00000206384,3,130517177,q,3q
ENSG00000136158,13,80335518,q,13q
ENSG00000125970,20,33993632,q,20q
ENSG00000134317,2,9951693,p,2p
ENSG00000128298,22,38084652,q,22q
ENSG00000130177,13,114234856,q,13q
ENSG00000255307,11,6169355,p,11p
ENSG00000180878,11,6205557,p,11p
ENSG00000223202,11,74685224,q,11q
ENSG00000054938,11,74696429,q,11q
ENSG00000100271,22,43039516,q,22q
ENSG00000163873,1,36795527,p,1p
ENSG00000144560,3,11556069,p,3p
ENSG00000117215,1,20111939,p,1p
ENSG00000288712,6,68635890,q,6q
ENSG00000072195,2,219434843,q,2q
ENSG00000152936,12,25409307,p,12p
ENSG00000288646,6,53065602,p,6p
ENSG00000147162,X,71533083,q,Xq
ENSG00000096696,6,7541326,p,6p
ENSG00000276747,1,17372196,p,1p
ENSG00000159339,1,17308195,p,1p
ENSG00000166435,11,74807739,q,11q
ENSG00000117000,1,40161387,p,1p
ENSG00000173638,21,45493572,q,21q
ENSG00000111305,12,13083532,p,12p
ENSG00000116544,1,34865436,p,1p
ENSG00000147119,X,46573391,p,Xp
ENSG00000171872,1,44118821,p,1p
ENSG00000156500,X,134796389,q,Xq
ENSG00000123999,2,219569162,q,2q
ENSG00000163877,1,37534449,p,1p
ENSG00000143878,2,20447074,p,2p
ENSG00000283039,1,44137821,p,1p
ENSG00000217236,2,174334954,q,2q
ENSG00000174173,3,101561868,q,3q
ENSG00000154027,1,77282019,p,1p
ENSG00000187492,3,49790732,p,3p
ENSG00000115474,2,232765802,q,2q
ENSG00000138435,2,174747592,q,2q
ENSG00000139546,12,53500921,q,12q
ENSG00000114013,3,122055362,q,3q
ENSG00000205560,22,50568856,q,22q
ENSG00000116675,1,65248219,p,1p
ENSG00000102098,X,18239307,p,Xp
ENSG00000134905,13,110641411,q,13q
ENSG00000166436,11,8612037,p,11p
ENSG00000165953,14,94487274,q,14q
ENSG00000010704,6,26087226,p,6p
ENSG00000114023,3,122384161,q,3q
ENSG00000213625,1,65420587,p,1p
ENSG00000065911,2,74186172,p,2p
ENSG00000100557,14,57469300,q,14q
ENSG00000110680,11,14966622,p,11p
ENSG00000134602,X,132023226,q,Xq
ENSG00000163840,3,122564338,q,3q
ENSG00000206712,3,98804978,q,3q
ENSG00000172260,1,71395943,p,1p
ENSG00000207251,3,27265580,p,3p
ENSG00000110321,11,10797050,p,11p
ENSG00000151276,3,65353525,p,3p
ENSG00000182183,1,52633168,p,1p
ENSG00000067334,1,93866284,p,1p
ENSG00000126746,12,6666477,p,12p
ENSG00000166428,14,104924713,q,14q
ENSG00000127863,13,23570370,q,13q
ENSG00000207393,2,218589214,q,2q
ENSG00000100599,14,92513615,q,14q
ENSG00000201782,8,128220504,q,8q
ENSG00000115155,2,26457203,p,2p
ENSG00000151067,12,1970772,p,12p
ENSG00000223321,6,12406486,p,6p
ENSG00000100739,14,96256182,q,14q
ENSG00000116157,1,52602371,p,1p
ENSG00000140022,14,81260652,q,14q
ENSG00000237388,11,48488793,p,11p
ENSG00000139684,13,46770748,q,13q
ENSG00000188996,6,655939,p,6p
ENSG00000174016,X,80335504,q,Xq
ENSG00000165861,14,72969451,q,14q
ENSG00000150672,11,83455012,q,11q
ENSG00000101901,X,111665811,q,Xq
ENSG00000114656,3,128909866,q,3q
ENSG00000071994,6,170575295,q,6q
ENSG00000143032,1,90711539,p,1p
ENSG00000169605,2,68974573,p,2p
ENSG00000160791,3,46370946,p,3p
ENSG00000179407,3,128462437,q,3q
ENSG00000171121,3,179236691,q,3q
ENSG00000198162,1,117367449,p,1p
ENSG00000182447,3,161496808,q,3q
ENSG00000160284,21,46161148,q,21q
ENSG00000222327,9,112137797,q,9q
ENSG00000173947,1,111346600,p,1p
ENSG00000252982,3,174057641,q,3q
ENSG00000125843,20,3811384,p,20p
ENSG00000183185,3,97985102,q,3q
ENSG00000124602,6,41026895,p,6p
ENSG00000134253,1,117111060,p,1p
ENSG00000066032,2,79185231,p,2p
ENSG00000157557,21,38805115,q,21q
ENSG00000114204,3,167441914,q,3q
ENSG00000179388,8,22687659,p,8p
ENSG00000112212,6,41042467,p,6p
ENSG00000125977,20,34088309,q,20q
ENSG00000133104,13,36301638,q,13q
ENSG00000165417,14,81175452,q,14q
ENSG00000186666,12,49836043,q,12q
ENSG00000135312,6,77460924,q,6q
ENSG00000269964,6,77650274,q,6q
ENSG00000167580,12,49950737,q,12q
ENSG00000224531,6,11093834,p,6p
ENSG00000202313,6,11503509,p,6p
ENSG00000171435,12,117453012,q,12q
ENSG00000198765,1,114854863,p,1p
ENSG00000165943,14,93182176,q,14q
ENSG00000205442,9,24542952,p,9p
ENSG00000139718,12,121804009,q,12q
ENSG00000180998,14,52552823,q,14q
ENSG00000179476,14,44897200,q,14q
ENSG00000172752,3,130345516,q,3q
ENSG00000100580,14,77335029,q,14q
ENSG00000134321,2,6865557,p,2p
ENSG00000066455,14,92794230,q,14q
ENSG00000134200,1,115029826,p,1p
ENSG00000123610,2,151357592,q,2q
ENSG00000155761,1,117953590,p,1p
ENSG00000088367,20,36091504,q,20q
ENSG00000125356,X,119871796,q,Xq
ENSG00000185222,X,103356461,q,Xq
ENSG00000249715,2,96642737,q,2q
ENSG00000101850,X,9724039,p,Xp
ENSG00000047617,12,5531869,p,12p
ENSG00000156466,8,96142333,q,8q
ENSG00000188846,3,40457292,p,3p
ENSG00000142173,21,46096722,q,21q
ENSG00000112195,6,41189749,p,6p
ENSG00000124003,2,222671658,q,2q
ENSG00000188056,6,41228339,p,6p
ENSG00000163155,1,151159748,q,1q
ENSG00000251840,8,123588759,q,8q
ENSG00000242028,15,43796142,q,15q
ENSG00000155749,2,201288271,q,2q
ENSG00000175946,8,123644442,q,8q
ENSG00000124731,6,41267100,p,6p
ENSG00000057294,12,32790745,p,12p
ENSG00000187837,6,26054760,p,6p
ENSG00000157093,3,42397083,p,3p
ENSG00000007944,6,16129086,p,6p
ENSG00000056277,X,130202707,q,Xq
ENSG00000080224,3,96814581,q,3q
ENSG00000138395,2,201790461,q,2q
ENSG00000067992,X,24465244,p,Xp
ENSG00000047410,1,186311652,q,1q
ENSG00000102030,X,153929225,q,Xq
ENSG00000273542,6,27830918,p,6p
ENSG00000273079,12,13437942,p,12p
ENSG00000080200,3,97822011,q,3q
ENSG00000164440,6,139239083,q,6q
ENSG00000052749,10,97356357,q,10q
ENSG00000115137,2,24943636,p,2p
ENSG00000157103,3,10992186,p,3p
ENSG00000173349,2,127701497,q,2q
ENSG00000231292,2,113406396,q,2q
ENSG00000177483,2,237798389,q,2q
ENSG00000110723,11,108505435,q,11q
ENSG00000172943,X,53936676,p,Xp
ENSG00000222126,2,148825691,q,2q
ENSG00000169139,8,48008410,q,8q
ENSG00000168280,2,148875227,q,2q
ENSG00000178202,11,108472112,q,11q
ENSG00000205328,12,55400529,q,12q
ENSG00000134882,13,99200758,q,13q
ENSG00000175215,12,57819927,q,12q
ENSG00000160588,11,118226690,q,11q
ENSG00000277494,8,143213019,q,8q
ENSG00000121039,8,73294602,q,8q
ENSG00000172689,11,60785333,q,11q
ENSG00000283268,11,62832321,q,11q
ENSG00000183715,11,132414977,q,11q
ENSG00000104361,8,98189826,q,8q
ENSG00000184155,1,159535078,q,1q
ENSG00000179104,12,82686880,q,12q
ENSG00000165416,13,52652682,q,13q
ENSG00000283489,11,132525809,q,11q
ENSG00000104228,8,27284886,p,8p
ENSG00000212135,11,46762389,p,11p
ENSG00000200877,11,86153227,q,11q
ENSG00000174804,11,86945679,q,11q
ENSG00000060749,11,32892811,p,11p
ENSG00000046889,8,67951955,q,8q
ENSG00000176547,11,48324920,p,11p
ENSG00000176540,11,48365485,p,11p
ENSG00000186197,1,236348257,q,1q
ENSG00000214782,11,60724720,q,11q
ENSG00000175701,2,110211529,q,2q
ENSG00000102781,13,30202630,q,13q
ENSG00000111339,12,14825569,p,12p
ENSG00000176204,2,76747685,p,2p
ENSG00000174576,11,66421035,q,11q
ENSG00000162761,1,165201867,q,1q
ENSG00000155760,2,202033855,q,2q
ENSG00000199905,9,107475036,q,9q
ENSG00000136826,9,107484852,q,9q
ENSG00000223265,11,122579205,q,11q
ENSG00000123104,12,26335352,p,12p
ENSG00000003137,2,72129238,p,2p
ENSG00000099204,10,114431110,q,10q
ENSG00000143199,1,167809386,q,1q
ENSG00000147586,8,79918401,q,8q
ENSG00000221996,11,4367263,p,11p
ENSG00000274097,11,102057854,q,11q
ENSG00000204612,9,77018706,q,9q
ENSG00000137674,11,102576832,q,11q
ENSG00000134326,2,6840570,p,2p
ENSG00000150457,13,20973029,q,13q
ENSG00000100014,22,24270817,q,22q
ENSG00000149294,11,112961275,q,11q
ENSG00000207116,2,200830009,q,2q
ENSG00000252148,2,201079842,q,2q
ENSG00000136573,8,11486894,p,8p
ENSG00000007908,1,169722640,q,1q
ENSG00000185610,12,45014672,q,12q
ENSG00000178719,8,143990053,q,8q
ENSG00000111405,12,47709734,q,12q
ENSG00000123131,X,23664262,p,Xp
ENSG00000116574,1,228735479,q,1q
ENSG00000115232,2,181457202,q,2q
ENSG00000116132,1,170662728,q,1q
ENSG00000151577,3,114127580,q,3q
ENSG00000182871,21,45405123,q,21q
ENSG00000221491,12,48654382,q,12q
ENSG00000038945,8,16107878,p,8p
ENSG00000170209,11,113387779,q,11q
ENSG00000213809,12,10372353,p,12p
ENSG00000170893,3,129974688,q,3q
ENSG00000134940,11,125671522,q,11q
ENSG00000131871,15,101270531,q,15q
ENSG00000143355,1,197911902,q,1q
ENSG00000144935,3,142724034,q,3q
ENSG00000204007,9,135623648,q,9q
ENSG00000221023,2,181738606,q,2q
ENSG00000214336,2,88446787,p,2p
ENSG00000100528,14,54423561,q,14q
ENSG00000172073,2,88524649,p,2p
ENSG00000211592,2,88857161,p,2p
ENSG00000147883,9,22002903,p,9p
ENSG00000162849,1,245154985,q,1q
ENSG00000167136,9,128818461,q,9q
ENSG00000169564,2,70087477,p,2p
ENSG00000099139,9,75890644,q,9q
ENSG00000178053,3,158571163,q,3q
ENSG00000237651,2,61145068,p,2p
ENSG00000100078,22,31134765,q,22q
ENSG00000100652,14,69775358,q,14q
ENSG00000104321,8,72019608,q,8q
ENSG00000152104,1,214348700,q,1q
ENSG00000150907,13,40555667,q,13q
ENSG00000128714,2,176092721,q,2q
ENSG00000099956,22,23786931,q,22q
ENSG00000170178,2,176099795,q,2q
ENSG00000151773,13,43823909,q,13q
ENSG00000128713,2,176104216,q,2q
ENSG00000128710,2,176108790,q,2q
ENSG00000181927,11,55635113,q,11q
ENSG00000100448,14,24573518,q,14q
ENSG00000171561,11,75081753,q,11q
ENSG00000128709,2,176122719,q,2q
ENSG00000175879,2,176129694,q,2q
ENSG00000207744,2,176150303,q,2q
ENSG00000170166,2,176151550,q,2q
ENSG00000207462,11,118702342,q,11q
ENSG00000185189,8,143833583,q,8q
ENSG00000150681,1,192158462,q,1q
ENSG00000144218,2,99545419,q,2q
ENSG00000092969,1,218345336,q,1q
ENSG00000135114,12,121017763,q,12q
ENSG00000160131,X,151396515,q,Xq
ENSG00000149289,11,110093392,q,11q
ENSG00000162669,1,91260766,p,1p
ENSG00000153707,9,8314246,p,9p
ENSG00000011677,X,152166234,q,Xq
ENSG00000174851,11,66284572,q,11q
ENSG00000077274,X,111245099,q,Xq
ENSG00000079257,3,158645822,q,3q
ENSG00000083544,13,60396457,q,13q
ENSG00000130193,8,142727191,q,8q
ENSG00000010932,1,171248471,q,1q
ENSG00000067840,X,153802166,q,Xq
ENSG00000166126,14,102922663,q,14q
ENSG00000104369,8,74234700,q,8q
ENSG00000206932,3,181231737,q,3q
ENSG00000111012,12,57762334,q,12q
ENSG00000138231,3,138160988,q,3q
ENSG00000170500,2,100271875,q,2q
ENSG00000169583,9,136994608,q,9q
ENSG00000100234,22,32801576,q,22q
ENSG00000241343,X,101390824,q,Xq
ENSG00000179630,13,43878917,q,13q
ENSG00000196405,14,99971449,q,14q
ENSG00000006071,11,17392498,p,11p
ENSG00000116183,1,176463171,q,1q
ENSG00000125046,3,8619386,p,3p
ENSG00000086062,9,33100493,p,9p
ENSG00000138381,2,189661385,q,2q
ENSG00000100429,22,50245183,q,22q
ENSG00000134444,18,62187255,q,18q
ENSG00000188676,8,39934614,p,8p
ENSG00000123454,9,133636314,q,9q
ENSG00000102119,X,154379244,q,Xq
ENSG00000164823,8,89901849,q,8q
ENSG00000286053,2,189661452,q,2q
ENSG00000173728,1,244352635,q,1q
ENSG00000151687,2,189674290,q,2q
ENSG00000232434,9,136842478,q,9q
ENSG00000185523,1,212830141,q,1q
ENSG00000095303,9,122370530,q,9q
ENSG00000157060,1,182899865,q,1q
ENSG00000102384,X,101098167,q,Xq
ENSG00000147488,8,52110838,q,8q
ENSG00000207654,2,135665397,q,2q
ENSG00000115850,2,135787850,q,2q
ENSG00000182533,3,8733802,p,3p
ENSG00000180574,12,10505602,p,12p
ENSG00000136098,13,52132639,q,13q
ENSG00000157014,3,10248023,p,3p
ENSG00000168955,2,227362038,q,2q
ENSG00000089022,12,111842013,q,12q
ENSG00000289763,3,10249042,p,3p
ENSG00000157833,2,26173088,p,2p
ENSG00000176040,3,112034736,q,3q
ENSG00000151748,14,50632058,q,14q
ENSG00000116903,1,231332753,q,1q
ENSG00000102302,X,54445454,p,Xp
ENSG00000081052,2,227002714,q,2q
ENSG00000101367,20,32819769,q,20q
ENSG00000170099,14,94304248,q,14q
ENSG00000199327,3,125119097,q,3q
ENSG00000168811,3,159988835,q,3q
ENSG00000253719,12,74537835,q,12q
ENSG00000253148,1,192316992,q,1q
ENSG00000119689,14,74881891,q,14q
ENSG00000042781,1,215622891,q,1q
ENSG00000012174,X,21839610,p,Xp
ENSG00000173950,3,195068284,q,3q
ENSG00000136531,2,165194993,q,2q
ENSG00000172458,13,20702127,q,13q
ENSG00000144771,3,54918231,p,3p
ENSG00000106780,9,120600811,q,9q
ENSG00000136152,13,45464898,q,13q
ENSG00000130150,X,14873421,p,Xp
ENSG00000025293,20,35771968,q,20q
ENSG00000136932,9,97894512,q,9q
ENSG00000174579,3,136148917,q,3q
ENSG00000035687,1,244408494,q,1q
ENSG00000163508,3,27715949,p,3p
ENSG00000173706,3,124965710,q,3q
ENSG00000197416,8,81524974,q,8q
ENSG00000180287,1,242082986,q,1q
ENSG00000133742,8,85327608,q,8q
ENSG00000280904,3,52688882,p,3p
ENSG00000212493,3,52689248,p,3p
ENSG00000238862,3,52690744,p,3p
ENSG00000212452,3,52692736,p,3p
ENSG00000101638,18,46667821,q,18q
ENSG00000070159,9,109375466,q,9q
ENSG00000198842,1,167094075,q,1q
ENSG00000176542,3,113648385,q,3q
ENSG00000150637,18,69831158,q,18q
ENSG00000136146,13,48053323,q,13q
ENSG00000198756,1,183929854,q,1q
ENSG00000184261,2,47509290,p,2p
ENSG00000172071,2,88556741,p,2p
ENSG00000233276,3,49357174,p,3p
ENSG00000119318,9,107283137,q,9q
ENSG00000183780,1,233904676,q,1q
ENSG00000089048,20,13714322,p,20p
ENSG00000154080,18,26906481,q,18q
ENSG00000143194,1,166975582,q,1q
ENSG00000128791,18,9334694,p,18p
ENSG00000119403,9,120855651,q,9q
ENSG00000145113,3,195746765,q,3q
ENSG00000119537,18,63327566,q,18q
ENSG00000152484,13,27066150,q,13q
ENSG00000109794,4,186104419,q,4q
ENSG00000152767,13,98142165,q,13q
ENSG00000128159,22,50217688,q,22q
ENSG00000104765,8,26383037,p,8p
ENSG00000101294,20,31514370,q,20q
ENSG00000198718,14,44962190,q,14q
ENSG00000203737,1,174447964,q,1q
ENSG00000185420,1,245749342,q,1q
ENSG00000188452,2,181535041,q,2q
ENSG00000106927,9,114060127,q,9q
ENSG00000100916,14,35826310,q,14q
ENSG00000137561,8,63048553,q,8q
ENSG00000184979,22,18148399,q,22q
ENSG00000256053,14,103562960,q,14q
ENSG00000143341,1,185734391,q,1q
ENSG00000162992,2,181668295,q,2q
ENSG00000147592,8,70631109,q,8q
ENSG00000152242,18,46173508,q,18q
ENSG00000213889,19,45488777,q,19q
ENSG00000260596,4,190173774,q,4q
ENSG00000172845,2,173880850,q,2q
ENSG00000104671,8,30156319,p,8p
ENSG00000116703,1,186443566,q,1q
ENSG00000101665,18,48919853,q,18q
ENSG00000071575,2,12716910,p,2p
ENSG00000252151,1,14124233,p,1p
ENSG00000139974,14,60981114,q,14q
ENSG00000284357,1,9151668,p,1p
ENSG00000207328,1,37203610,p,1p
ENSG00000154736,21,26917922,q,21q
ENSG00000206627,1,52805108,p,1p
ENSG00000102057,X,48960982,p,Xp
ENSG00000212624,1,51724775,p,1p
ENSG00000251825,1,73191604,p,1p
ENSG00000138794,4,109688622,q,4q
ENSG00000134490,18,23197144,q,18q
ENSG00000207962,1,40757284,p,1p
ENSG00000167700,8,144509070,q,8q
ENSG00000142166,21,33324387,q,21q
ENSG00000099999,22,30368811,q,22q
ENSG00000166681,X,103376299,q,Xq
ENSG00000147853,9,4709556,p,9p
ENSG00000202329,1,200014689,q,1q
ENSG00000252860,1,200054061,q,1q
ENSG00000284485,1,209432133,q,1q
ENSG00000181638,8,143246821,q,8q
ENSG00000252084,1,242188647,q,1q
ENSG00000132541,8,98102336,q,8q
ENSG00000183114,1,20552573,p,1p
ENSG00000100379,22,37051739,q,22q
ENSG00000238754,1,193057281,q,1q
ENSG00000126756,X,47651792,p,Xp
ENSG00000101276,20,758695,p,20p
ENSG00000132703,1,159587826,q,1q
ENSG00000198730,11,10751018,p,11p
ENSG00000132693,1,159712289,q,1q
ENSG00000243284,1,159854316,q,1q
ENSG00000180694,8,90621995,q,8q
ENSG00000125510,20,64079967,q,20q
ENSG00000187533,4,70133616,q,4q
ENSG00000100354,22,40044817,q,22q
ENSG00000213085,1,159872364,q,1q
ENSG00000147676,8,119165034,q,8q
ENSG00000042317,14,88384924,q,14q
ENSG00000188909,11,122977570,q,11q
ENSG00000125872,20,6037376,p,20p
ENSG00000145309,4,70334981,q,4q
ENSG00000168078,8,27809621,p,8p
ENSG00000200879,11,123058077,q,11q
ENSG00000207118,11,123058909,q,11q
ENSG00000202252,11,123059335,q,11q
ENSG00000160207,21,43529186,q,21q
ENSG00000148943,11,27494418,p,11p
ENSG00000124151,20,47501864,q,20q
ENSG00000162723,1,159951492,q,1q
ENSG00000169760,3,173396284,q,3q
ENSG00000252762,4,81928313,q,4q
ENSG00000147130,X,71239617,q,Xq
ENSG00000183527,21,39174769,q,21q
ENSG00000095794,10,35126791,p,10p
ENSG00000184897,3,129314771,q,3q
ENSG00000249242,4,82483170,q,4q
ENSG00000172046,3,49108046,p,3p
ENSG00000268655,19,49017968,q,19q
ENSG00000243364,1,155063737,q,1q
ENSG00000120913,8,22578058,p,8p
ENSG00000134508,18,23134564,q,18q
ENSG00000143627,1,155289293,q,1q
ENSG00000144426,2,203014608,q,2q
ENSG00000196576,22,50274978,q,22q
ENSG00000136160,13,77895481,q,13q
ENSG00000109163,4,67737118,q,4q
ENSG00000153802,4,67820876,q,4q
ENSG00000119457,9,112878920,q,9q
ENSG00000176919,9,136944870,q,9q
ENSG00000244617,2,69960089,p,2p
ENSG00000284308,2,74414176,p,2p
ENSG00000201746,1,10163268,p,1p
ENSG00000129473,14,23298790,q,14q
ENSG00000264501,1,10306465,p,1p
ENSG00000141441,18,32124877,q,18q
ENSG00000187054,4,67909395,q,4q
ENSG00000136155,13,77535605,q,13q
ENSG00000116127,2,73385758,p,2p
ENSG00000165501,14,49598761,q,14q
ENSG00000141627,18,49036387,q,18q
ENSG00000175279,1,10430433,p,1p
ENSG00000103599,15,67254786,q,15q
ENSG00000158156,1,27959588,p,1p
ENSG00000148158,9,112750760,q,9q
ENSG00000235194,14,23295652,q,14q
ENSG00000165271,9,33461353,p,9p
ENSG00000092295,14,24249114,q,14q
ENSG00000152049,2,223052190,q,2q
ENSG00000154040,18,24138987,q,18q
ENSG00000130561,2,233307816,q,2q
ENSG00000014257,3,132317369,q,3q
ENSG00000137098,9,35808045,p,9p
ENSG00000129467,14,24318349,q,14q
ENSG00000189227,15,67521131,q,15q
ENSG00000188659,15,82262810,q,15q
ENSG00000105339,8,141117278,q,8q
ENSG00000229972,3,51826883,p,3p
ENSG00000218336,4,182143918,q,4q
ENSG00000184384,11,95976598,q,11q
ENSG00000144802,3,101827991,q,3q
ENSG00000201013,2,233379843,q,2q
ENSG00000106952,9,114893343,q,9q
ENSG00000186326,19,32675848,q,19q
ENSG00000167286,11,118334537,q,11q
ENSG00000178031,9,17906563,p,9p
ENSG00000213965,19,32691821,q,19q
ENSG00000183091,2,151485336,q,2q
ENSG00000173809,19,32719753,q,19q
ENSG00000181649,11,2928273,p,11p
ENSG00000207933,1,156420341,q,1q
ENSG00000167995,11,61950063,q,11q
ENSG00000254726,1,156072013,q,1q
ENSG00000186790,1,47416285,p,1p
ENSG00000162763,1,165544000,q,1q
ENSG00000147614,8,85987323,q,8q
ENSG00000168275,1,234373456,q,1q
ENSG00000070190,4,99816816,q,4q
ENSG00000175787,9,94259298,q,9q
ENSG00000241563,1,10450031,p,1p
ENSG00000116678,1,65420652,p,1p
ENSG00000074657,18,58862600,q,18q
ENSG00000145414,4,163110073,q,4q
ENSG00000173273,8,9555912,p,8p
ENSG00000180549,9,137030174,q,9q
ENSG00000100918,14,24171853,q,14q
ENSG00000168913,9,34521043,p,9p
ENSG00000205143,9,34621049,p,9p
ENSG00000183337,X,40049815,p,Xp
ENSG00000176909,19,48711737,q,19q
ENSG00000122741,9,37800554,p,9p
ENSG00000135220,4,68928459,q,4q
ENSG00000053501,19,17215346,p,19p
ENSG00000165970,11,20599594,p,11p
ENSG00000164100,4,118033579,q,4q
ENSG00000206918,3,57512450,p,3p
ENSG00000163810,3,44874608,p,3p
ENSG00000122735,9,34457414,p,9p
ENSG00000107736,10,71396920,q,10q
ENSG00000142731,4,127880890,q,4q
ENSG00000107341,9,33817160,p,9p
ENSG00000186564,1,47438044,p,1p
ENSG00000244038,1,20651767,p,1p
ENSG00000157654,9,109498325,q,9q
ENSG00000158786,1,20139323,p,1p
ENSG00000139874,14,38207904,q,14q
ENSG00000157087,3,10324023,p,3p
ENSG00000173080,1,155941638,q,1q
ENSG00000126790,14,59460363,q,14q
ENSG00000201801,1,11909808,p,1p
ENSG00000120949,1,12063303,p,1p
ENSG00000087299,14,50237563,q,14q
ENSG00000204882,8,141356470,q,8q
ENSG00000167595,19,35758143,q,19q
ENSG00000156804,8,123497889,q,8q
ENSG00000079557,4,73481665,q,4q
ENSG00000088899,20,3162617,p,20p
ENSG00000162521,1,32651142,p,1p
ENSG00000104412,8,108443601,q,8q
ENSG00000100626,14,69259277,q,14q
ENSG00000175764,9,121815674,q,9q
ENSG00000164932,8,103371538,q,8q
ENSG00000148219,9,116423112,q,9q
ENSG00000100593,14,77474394,q,14q
ENSG00000184374,8,118995452,q,8q
ENSG00000169744,4,16501534,p,4p
ENSG00000131864,19,57119138,q,19q
ENSG00000029364,14,69398015,q,14q
ENSG00000123119,8,90791741,q,8q
ENSG00000206921,1,161401289,q,1q
ENSG00000099899,22,20111875,q,22q
ENSG00000115275,2,74461057,p,2p
ENSG00000121634,1,147902795,q,1q
ENSG00000184634,X,71118543,q,Xq
ENSG00000238382,1,232700204,q,1q
ENSG00000082212,18,50878819,q,18q
ENSG00000207190,1,64028894,p,1p
ENSG00000188800,1,40245947,p,1p
ENSG00000078747,20,34363235,q,20q
ENSG00000182504,3,101724534,q,3q
ENSG00000134028,8,24384285,p,8p
ENSG00000127423,1,25831913,p,1p
ENSG00000148123,9,101028727,q,9q
ENSG00000252066,15,53651977,q,15q
ENSG00000248905,15,32765544,q,15q
ENSG00000126106,1,44635238,p,1p
ENSG00000212309,2,202278108,q,2q
ENSG00000264294,1,44775864,p,1p
ENSG00000271852,2,202291332,q,2q
ENSG00000168564,4,183444635,q,4q
ENSG00000200913,1,44776490,p,1p
ENSG00000202031,1,44777843,p,1p
ENSG00000281859,1,44778390,p,1p
ENSG00000011114,14,93237550,q,14q
ENSG00000204217,2,202376327,q,2q
ENSG00000173662,1,6555307,p,1p
ENSG00000109586,4,173168811,q,4q
ENSG00000148053,9,84668375,q,9q
ENSG00000156471,8,96261902,q,8q
ENSG00000070886,1,22563489,p,1p
ENSG00000170509,4,87303789,q,4q
ENSG00000188649,10,95907603,q,10q
ENSG00000140067,14,93918894,q,14q
ENSG00000138439,2,202634969,q,2q
ENSG00000159363,1,16985958,p,1p
ENSG00000165527,14,49892608,q,14q
ENSG00000232119,X,120594010,q,Xq
ENSG00000274286,2,96112876,q,2q
ENSG00000234616,8,142657460,q,8q
ENSG00000142513,19,50790415,q,19q
ENSG00000152953,4,5051480,p,4p
ENSG00000203942,10,97589721,q,10q
ENSG00000203485,14,104681146,q,14q
ENSG00000155254,10,97713173,q,10q
ENSG00000138483,3,107377439,q,3q
ENSG00000163092,2,166888480,q,2q
ENSG00000120057,10,97766751,q,10q
ENSG00000114279,3,192139390,q,3q
ENSG00000188937,X,41445383,p,Xp
ENSG00000100417,22,41576896,q,22q
ENSG00000172466,18,35332227,q,18q
ENSG00000213397,X,153447655,q,Xq
ENSG00000254093,8,10764961,p,8p
ENSG00000148704,10,117128521,q,10q
ENSG00000186795,10,117196957,q,10q
ENSG00000173578,3,46016990,p,3p
ENSG00000123739,4,109709989,q,4q
ENSG00000101187,20,62642440,q,20q
ENSG00000155792,8,119873717,q,8q
ENSG00000196277,3,6770001,p,3p
ENSG00000122490,18,79902420,q,18q
ENSG00000138756,4,78776342,q,4q
ENSG00000122694,9,36136536,p,9p
ENSG00000175018,10,125576522,q,10q
ENSG00000142623,1,17205128,p,1p
ENSG00000176771,2,132671788,q,2q
ENSG00000148346,9,128149071,q,9q
ENSG00000130829,X,153642401,q,Xq
ENSG00000100288,22,50578959,q,22q
ENSG00000134962,4,39406930,p,4p
ENSG00000104904,19,2269509,p,19p
ENSG00000142619,1,17249098,p,1p
ENSG00000091879,8,6499632,p,8p
ENSG00000206113,4,2418955,p,4p
ENSG00000147378,X,151714192,q,Xq
ENSG00000164344,4,186225424,q,4q
ENSG00000203880,20,64254921,q,20q
ENSG00000126953,X,101345652,q,Xq
ENSG00000154485,10,125753580,q,10q
ENSG00000148290,9,133351758,q,9q
ENSG00000143512,1,222522258,q,1q
ENSG00000114784,3,40309707,p,3p
ENSG00000125931,X,72301638,q,Xq
ENSG00000150656,18,74534400,q,18q
ENSG00000180155,8,142771197,q,8q
ENSG00000291315,3,40312086,p,3p
ENSG00000013293,3,170459548,q,3q
ENSG00000283136,1,43023549,p,1p
ENSG00000178473,10,5364966,p,10p
ENSG00000178462,10,5393101,p,10p
ENSG00000114026,3,9749944,p,3p
ENSG00000233198,9,137226908,q,9q
ENSG00000134249,1,119893533,p,1p
ENSG00000027644,1,156840063,q,1q
ENSG00000144229,2,136765545,q,2q
ENSG00000147874,9,19053141,p,9p
ENSG00000109452,4,142023160,q,4q
ENSG00000175806,8,10054278,p,8p
ENSG00000005022,X,119468395,q,Xq
ENSG00000227877,10,59736692,q,10q
ENSG00000178980,19,47778677,q,19q
ENSG00000144451,2,213284389,q,2q
ENSG00000091482,X,21705978,p,Xp
ENSG00000071991,18,66501083,q,18q
ENSG00000198924,10,113834725,q,10q
ENSG00000068354,X,48539684,p,Xp
ENSG00000132669,20,19757606,p,20p
ENSG00000143125,1,110451149,p,1p
ENSG00000143105,1,110517217,p,1p
ENSG00000172346,22,41560858,q,22q
ENSG00000171303,2,26692722,p,2p
ENSG00000120896,8,22544986,p,8p
ENSG00000063601,X,150692971,q,Xq
ENSG00000100867,14,23630115,q,14q
ENSG00000170677,18,70288888,q,18q
ENSG00000179915,2,49918503,p,2p
ENSG00000133488,22,30488902,q,22q
ENSG00000144711,3,12897043,p,3p
ENSG00000116396,1,110210314,p,1p
ENSG00000116032,19,1000419,p,19p
ENSG00000207357,19,1021522,p,19p
ENSG00000141380,18,26016253,q,18q
ENSG00000213221,9,136359480,q,9q
ENSG00000174125,4,38787555,p,4p
ENSG00000064687,19,1039997,p,19p
ENSG00000171700,20,64073181,q,20q
ENSG00000164946,9,14734671,p,9p
ENSG00000178828,1,19814029,p,1p
ENSG00000089723,14,94026340,q,14q
ENSG00000188784,1,19920009,p,1p
ENSG00000159788,4,3293021,p,4p
ENSG00000162456,1,46545641,p,1p
ENSG00000080823,14,102224500,q,14q
ENSG00000100994,20,25248030,p,20p
ENSG00000148204,9,123356170,q,9q
ENSG00000189283,3,59747277,p,3p
ENSG00000166069,15,37921858,q,15q
ENSG00000196236,22,40857077,q,22q
ENSG00000252562,3,23613661,p,3p
ENSG00000228594,1,1598012,p,1p
ENSG00000126878,9,131096476,q,9q
ENSG00000162892,1,206897443,q,1q
ENSG00000129007,15,68190705,q,15q
ENSG00000196459,X,13712244,p,Xp
ENSG00000173705,3,33150043,p,3p
ENSG00000148584,10,50799409,q,10q
ENSG00000119125,9,72114595,q,9q
ENSG00000099840,19,2096429,p,19p
ENSG00000145050,3,51385291,p,3p
ENSG00000170873,8,124550776,q,8q
ENSG00000259956,3,51391285,p,3p
ENSG00000172771,3,129401321,q,3q
ENSG00000168843,4,161383897,q,4q
ENSG00000162897,1,206957965,q,1q
ENSG00000240891,3,111674676,q,3q
ENSG00000104154,15,45479606,q,15q
ENSG00000207651,3,188688781,q,3q
ENSG00000004961,X,11111299,p,Xp
ENSG00000157005,3,187668912,q,3q
ENSG00000198890,1,107056674,p,1p
ENSG00000169442,1,26317958,p,1p
ENSG00000113916,3,187721377,q,3q
ENSG00000126785,14,63204114,q,14q
ENSG00000196547,15,90902218,q,15q
ENSG00000185155,1,226223618,q,1q
ENSG00000125484,9,132670035,q,9q
ENSG00000164099,4,118280038,q,4q
ENSG00000119636,14,74019347,q,14q
ENSG00000086712,X,16786432,p,Xp
ENSG00000174279,2,176077472,q,2q
ENSG00000276103,1,150608507,q,1q
ENSG00000143452,1,150698060,q,1q
ENSG00000174500,3,112120839,q,3q
ENSG00000148143,9,106862286,q,9q
ENSG00000121410,19,58345178,q,19q
ENSG00000131979,14,54842008,q,14q
ENSG00000072182,2,219514170,q,2q
ENSG00000235034,19,50648792,q,19q
ENSG00000172139,3,112140898,q,3q
ENSG00000106948,9,114334156,q,9q
ENSG00000161681,19,50659255,q,19q
ENSG00000138068,2,37167820,p,2p
ENSG00000206931,1,150701866,q,1q
ENSG00000143384,1,150560895,q,1q
ENSG00000182512,14,95533503,q,14q
ENSG00000186143,2,27136848,p,2p
ENSG00000151014,4,139015772,q,4q
ENSG00000119714,14,91232532,q,14q
ENSG00000163793,2,27275433,p,2p
ENSG00000169752,15,75935969,q,15q
ENSG00000177034,5,79976716,q,5q
ENSG00000005059,4,109560209,q,4q
ENSG00000140030,14,88005135,q,14q
ENSG00000163794,2,27307400,p,2p
ENSG00000140025,14,89794669,q,14q
ENSG00000169432,2,166195185,q,2q
ENSG00000164299,5,80319625,q,5q
ENSG00000164007,1,42733093,p,1p
ENSG00000101752,18,21704957,q,18q
ENSG00000087495,20,59577495,q,20q
ENSG00000116539,1,155335268,q,1q
ENSG00000095370,9,127738317,q,9q
ENSG00000239388,3,57268342,p,3p
ENSG00000004468,4,15778275,p,4p
ENSG00000169891,X,16946658,p,Xp
ENSG00000175785,14,93718298,q,14q
ENSG00000169282,3,156037701,q,3q
ENSG00000129038,15,73925989,q,15q
ENSG00000089902,14,102592649,q,14q
ENSG00000036565,8,20144855,p,8p
ENSG00000154655,18,5952760,p,18p
ENSG00000186417,15,51341611,q,15q
ENSG00000173597,4,69721167,q,4q
ENSG00000139890,14,22883136,q,14q
ENSG00000139921,14,51240162,q,14q
ENSG00000159871,19,43785874,q,19q
ENSG00000100941,14,39175163,q,14q
ENSG00000157890,15,65895079,q,15q
ENSG00000050730,4,121131408,q,4q
ENSG00000155755,2,201620184,q,2q
ENSG00000100982,20,45934678,q,20q
ENSG00000092203,14,21476597,q,14q
ENSG00000154330,9,68328308,q,9q
ENSG00000170006,4,152618628,q,4q
ENSG00000162526,1,32351521,p,1p
ENSG00000151623,4,148078762,q,4q
ENSG00000177917,2,152717647,q,2q
ENSG00000206560,3,15667236,p,3p
ENSG00000054179,9,137048107,q,9q
ENSG00000156222,15,84884612,q,15q
ENSG00000162817,1,220690363,q,1q
ENSG00000197852,1,111680630,p,1p
ENSG00000228486,2,97664217,q,2q
ENSG00000171487,19,55986775,q,19q
ENSG00000096872,9,26947039,p,9p
ENSG00000141622,18,46326809,q,18q
ENSG00000102362,X,100671783,q,Xq
ENSG00000186517,1,161046946,q,1q
ENSG00000104231,8,81701313,q,8q
ENSG00000187867,19,14053363,p,19p
ENSG00000151458,4,124664048,q,4q
ENSG00000129518,14,34515938,q,14q
ENSG00000198026,20,45948653,q,20q
ENSG00000178127,18,9102433,p,18p
ENSG00000137473,4,146706617,q,4q
ENSG00000165516,14,49767677,q,14q
ENSG00000161281,19,36150922,q,19q
ENSG00000092345,3,16586792,p,3p
ENSG00000187980,1,20161253,p,1p
ENSG00000136859,9,127087348,q,9q
ENSG00000201806,2,97664591,q,2q
ENSG00000288636,1,17005068,p,1p
ENSG00000049769,X,49269793,p,Xp
ENSG00000107159,9,35673928,p,9p
ENSG00000138767,4,77713387,q,4q
ENSG00000101417,20,33702758,q,20q
ENSG00000069399,19,44747705,q,19q
ENSG00000198160,1,66924895,p,1p
ENSG00000154165,3,98531978,q,3q
ENSG00000124193,20,43457893,q,20q
ENSG00000136872,9,101420560,q,9q
ENSG00000125089,4,8182072,p,4p
ENSG00000176601,2,134964485,q,2q
ENSG00000167088,18,21612314,q,18q
ENSG00000214021,3,9808086,p,3p
ENSG00000174837,19,6887566,p,19p
ENSG00000126773,14,60091911,q,14q
ENSG00000101361,20,2652592,p,20p
ENSG00000198932,X,102650345,q,Xq
ENSG00000186812,18,35240508,q,18q
ENSG00000137563,8,63014881,q,8q
ENSG00000102547,13,49308629,q,13q
ENSG00000206432,18,5882072,p,18p
ENSG00000187790,14,45135909,q,14q
ENSG00000102010,X,15464246,p,Xp
ENSG00000154889,18,11882622,p,18p
ENSG00000168453,8,22114419,p,8p
ENSG00000151790,4,155854738,q,4q
ENSG00000148300,9,133406059,q,9q
ENSG00000179270,2,29060976,p,2p
ENSG00000180745,10,127877841,q,10q
ENSG00000281780,2,206161841,q,2q
ENSG00000207047,2,206161878,q,2q
ENSG00000183671,2,206175316,q,2q
ENSG00000183423,4,109846013,q,4q
ENSG00000108176,10,67796668,q,10q
ENSG00000121895,4,38965999,p,4p
ENSG00000257704,19,47274373,q,19q
ENSG00000126945,X,101408114,q,Xq
ENSG00000252716,2,206260066,q,2q
ENSG00000197405,19,47290023,q,19q
ENSG00000201737,2,200775584,q,2q
ENSG00000163464,2,218162841,q,2q
ENSG00000136169,13,49443794,q,13q
ENSG00000101391,20,33358437,q,20q
ENSG00000156026,10,72692110,q,10q
ENSG00000136881,9,101354182,q,9q
ENSG00000199121,2,218402646,q,2q
ENSG00000120519,4,146253975,q,4q
ENSG00000214050,8,28348287,p,8p
ENSG00000105323,19,41262496,q,19q
ENSG00000102081,X,147911858,q,Xq
ENSG00000183722,13,39209116,q,13q
ENSG00000140287,15,50241947,q,15q
ENSG00000214216,3,158962928,q,3q
ENSG00000169507,2,164894354,q,2q
ENSG00000148057,9,83623049,q,9q
ENSG00000122033,13,27435634,q,13q
ENSG00000128815,10,48684873,q,10q
ENSG00000059769,9,111631334,q,9q
ENSG00000151967,3,159273244,q,3q
ENSG00000169499,8,38901235,p,8p
ENSG00000064218,9,976373,p,9p
ENSG00000212864,9,137220246,q,9q
ENSG00000136936,9,97674909,q,9q
ENSG00000119737,2,53852912,p,2p
ENSG00000079150,2,178463664,q,2q
ENSG00000152990,4,22345071,p,4p
ENSG00000136883,9,114086126,q,9q
ENSG00000140577,15,90529890,q,15q
ENSG00000157110,8,30384416,p,8p
ENSG00000133216,1,22710839,p,1p
ENSG00000138315,10,72893573,q,10q
ENSG00000226321,2,240906330,q,2q
ENSG00000137142,9,38406528,p,9p
ENSG00000205795,2,10056473,p,2p
ENSG00000106993,9,4679559,p,9p
ENSG00000214842,2,17510579,p,2p
ENSG00000169062,13,114281568,q,13q
ENSG00000185038,2,233775679,q,2q
ENSG00000148516,10,31318495,p,10p
ENSG00000174840,3,57556274,p,3p
ENSG00000164168,4,147617386,q,4q
ENSG00000119523,9,99216425,q,9q
ENSG00000119661,14,73644875,q,14q
ENSG00000130222,9,89605012,q,9q
ENSG00000176256,1,33860475,p,1p
ENSG00000138758,4,76949747,q,4q
ENSG00000162972,2,199955317,q,2q
ENSG00000031823,19,5916139,p,19p
ENSG00000106819,9,92456205,q,9q
ENSG00000116525,1,33145399,p,1p
ENSG00000166128,15,63189560,q,15q
ENSG00000197168,13,52033611,q,13q
ENSG00000128655,2,177623244,q,2q
ENSG00000169413,14,20781068,q,14q
ENSG00000206199,3,149761100,q,3q
ENSG00000160323,9,133414358,q,9q
ENSG00000107643,10,48306639,q,10q
ENSG00000198843,3,150602875,q,3q
ENSG00000100522,14,52770976,q,14q
ENSG00000122035,13,27270810,q,13q
ENSG00000168522,8,43034194,p,8p
ENSG00000121742,13,20221962,q,13q
ENSG00000163645,3,150659885,q,3q
ENSG00000104140,15,40872214,q,15q
ENSG00000073756,1,186671791,q,1q
ENSG00000256061,15,55410525,q,15q
ENSG00000125257,13,95019835,q,13q
ENSG00000250366,14,95866587,q,14q
ENSG00000179008,14,60396469,q,14q
ENSG00000214237,3,150870376,q,3q
ENSG00000172955,4,99202436,q,4q
ENSG00000186073,15,36579626,q,15q
ENSG00000181449,3,181711925,q,3q
ENSG00000186118,1,46668855,p,1p
ENSG00000197953,3,151733916,q,3q
ENSG00000116035,2,70900576,p,2p
ENSG00000159658,1,46674659,p,1p
ENSG00000169860,3,152835131,q,3q
ENSG00000163145,4,15339818,p,4p
ENSG00000185267,10,14818270,p,10p
ENSG00000165828,10,133347196,q,10q
ENSG00000118707,20,36571894,q,20q
ENSG00000197102,14,101964573,q,14q
ENSG00000182600,2,232857270,q,2q
ENSG00000251759,3,166670029,q,3q
ENSG00000171772,10,133553901,q,10q
ENSG00000170385,1,211571568,q,1q
ENSG00000173253,9,1049000,p,9p
ENSG00000207241,1,75787889,p,1p
ENSG00000201487,1,75789477,p,1p
ENSG00000057468,1,75796882,p,1p
ENSG00000182606,3,42013624,p,3p
ENSG00000140464,15,73994673,q,15q
ENSG00000124120,20,44470527,q,20q
ENSG00000150471,4,61200326,q,4q
ENSG00000118245,2,216859458,q,2q
ENSG00000144460,2,225399710,q,2q
ENSG00000167157,9,129665630,q,9q
ENSG00000166272,10,102743948,q,10q
ENSG00000186638,9,34252380,p,9p
ENSG00000206970,2,203782037,q,2q
ENSG00000117020,1,243488233,q,1q
ENSG00000247626,2,197705369,q,2q
ENSG00000121966,2,136114349,q,2q
ENSG00000150201,10,43371635,q,10q
ENSG00000083307,8,101492439,q,8q
ENSG00000165072,9,70043820,q,9q
ENSG00000178904,19,32405543,q,19q
ENSG00000197177,10,133087924,q,10q
ENSG00000147647,8,104329333,q,8q
ENSG00000155886,9,19507452,p,9p
ENSG00000187908,10,122560643,q,10q
ENSG00000163599,2,203853888,q,2q
ENSG00000185565,3,115802374,q,3q
ENSG00000131269,X,75051048,q,Xq
ENSG00000252214,2,74319399,p,2p
ENSG00000136688,2,112973203,q,2q
ENSG00000239268,3,117672154,q,3q
ENSG00000105518,19,11342776,p,19p
ENSG00000155158,9,15163622,p,9p
ENSG00000136694,2,113005459,q,2q
ENSG00000134086,3,10141778,p,3p
ENSG00000136697,2,113067970,q,2q
ENSG00000136689,2,113099315,q,2q
ENSG00000198912,1,3889125,p,1p
ENSG00000102802,13,30906271,q,13q
ENSG00000105370,19,51379909,q,19q
ENSG00000134775,18,36297676,q,18q
ENSG00000181467,3,153162226,q,3q
ENSG00000188243,13,75525214,q,13q
ENSG00000189306,22,42507982,q,22q
ENSG00000237330,1,1070967,p,1p
ENSG00000183813,3,32951644,p,3p
ENSG00000179855,19,3585478,p,19p
ENSG00000156876,1,100083563,p,1p
ENSG00000136695,2,113058638,q,2q
ENSG00000170266,3,32996609,p,3p
ENSG00000164983,8,124306189,q,8q
ENSG00000137076,9,35696948,p,9p
ENSG00000172379,15,80404315,q,15q
ENSG00000102710,13,37009312,q,13q
ENSG00000114993,2,74425835,p,2p
ENSG00000147588,8,81440326,q,8q
ENSG00000164089,4,108741969,q,4q
ENSG00000137948,1,91949343,p,1p
ENSG00000183172,22,42079564,q,22q
ENSG00000181007,19,36383120,q,19q
ENSG00000174429,8,106759483,q,8q
ENSG00000147689,8,123178960,q,8q
ENSG00000131116,19,43607223,q,19q
ENSG00000124164,20,58389119,q,20q
ENSG00000100439,14,22598249,q,14q
ENSG00000100056,22,19130279,q,22q
ENSG00000188167,3,33090421,p,3p
ENSG00000163958,3,196197452,q,3q
ENSG00000155090,8,102648783,q,8q
ENSG00000115267,2,162267074,q,2q
ENSG00000188505,19,39196964,q,19q
ENSG00000149654,20,46173737,q,20q
ENSG00000169136,19,49923910,q,19q
ENSG00000188282,2,218034960,q,2q
ENSG00000145107,3,196319342,q,3q
ENSG00000197275,8,94371960,q,8q
ENSG00000100523,14,53036745,q,14q
ENSG00000238227,9,136114580,q,9q
ENSG00000212146,3,196341609,q,3q
ENSG00000206644,3,196393710,q,3q
ENSG00000101335,20,36541490,q,20q
ENSG00000204335,2,170715337,q,2q
ENSG00000204334,2,170766878,q,2q
ENSG00000169926,15,31326706,q,15q
ENSG00000131941,19,32978592,q,19q
ENSG00000100151,22,38056311,q,22q
ENSG00000188647,9,69709522,q,9q
ENSG00000103569,15,58138169,q,15q
ENSG00000147394,X,152896695,q,Xq
ENSG00000109458,4,143336402,q,4q
ENSG00000155827,9,101533853,q,9q
ENSG00000163219,2,68679601,p,2p
ENSG00000130303,19,17402933,p,19p
ENSG00000140505,15,74748795,q,15q
ENSG00000025800,1,32108056,p,1p
ENSG00000140396,8,70109772,q,8q
ENSG00000167754,19,50943299,q,19q
ENSG00000029559,4,87799546,q,4q
ENSG00000173320,4,183797692,q,4q
ENSG00000206680,1,92837289,p,1p
ENSG00000207523,1,92840719,p,1p
ENSG00000101017,20,46118249,q,20q
ENSG00000138379,2,190055700,q,2q
ENSG00000140522,15,89209869,q,15q
ENSG00000178177,4,17841187,p,4p
ENSG00000129566,14,20365667,q,14q
ENSG00000165238,9,93184122,q,9q
ENSG00000125630,2,112541915,q,2q
ENSG00000117298,1,21217247,p,1p
ENSG00000140280,15,51723011,q,15q
ENSG00000164070,4,127781821,q,4q
ENSG00000165644,10,75233641,q,10q
ENSG00000253729,8,47773108,q,8q
ENSG00000166716,15,84748362,q,15q
ENSG00000101384,20,10637684,p,20p
ENSG00000138867,22,24540423,q,22q
ENSG00000138162,10,121989163,q,10q
ENSG00000105374,19,51371606,q,19q
ENSG00000128917,15,40929338,q,15q
ENSG00000167654,19,3879864,p,19p
ENSG00000145147,4,20251903,p,4p
ENSG00000101493,18,76357682,q,18q
ENSG00000251789,1,223373822,q,1q
ENSG00000081014,15,50908672,q,15q
ENSG00000178395,1,223393415,q,1q
ENSG00000162620,1,74026015,p,1p
ENSG00000015475,22,17734138,q,22q
ENSG00000198003,19,11420604,p,19p
ENSG00000187024,9,127690348,q,9q
ENSG00000125611,2,112584240,q,2q
ENSG00000178965,1,74568117,p,1p
ENSG00000134046,18,54151606,q,18q
ENSG00000165275,9,37753774,p,9p
ENSG00000178342,18,79797904,q,18q
ENSG00000101333,20,9067825,p,20p
ENSG00000129474,14,22971177,q,14q
ENSG00000101596,18,2655668,p,18p
ENSG00000163803,2,28457145,p,2p
ENSG00000161010,5,179835133,q,5q
ENSG00000053770,14,57268504,q,14q
ENSG00000243708,15,41837775,q,15q
ENSG00000137801,15,39580130,q,15q
ENSG00000180008,14,55027120,q,14q
ENSG00000200381,1,228616991,q,1q
ENSG00000201321,1,228628148,q,1q
ENSG00000199910,1,228630390,q,1q
ENSG00000202526,1,228637096,q,1q
ENSG00000104435,8,79611117,q,8q
ENSG00000196642,9,136807927,q,9q
ENSG00000079134,18,214515,p,18p
ENSG00000080824,14,102080738,q,14q
ENSG00000154358,1,228208044,q,1q
ENSG00000140368,15,76993325,q,15q
ENSG00000178860,8,71841552,q,8q
ENSG00000100422,22,46684410,q,22q
ENSG00000155897,8,130780300,q,8q
ENSG00000147065,X,65588377,q,Xq
ENSG00000164106,4,173384701,q,4q
ENSG00000151612,4,145757627,q,4q
ENSG00000163806,2,28782517,p,2p
ENSG00000188921,9,20999509,p,9p
ENSG00000157303,9,93058688,q,9q
ENSG00000169490,8,38988808,p,8p
ENSG00000131089,X,63634967,q,Xq
ENSG00000264994,2,28913664,p,2p
ENSG00000265145,2,28927067,p,2p
ENSG00000265706,2,28927983,p,2p
ENSG00000188493,19,40740856,q,19q
ENSG00000239605,2,47045538,p,2p
ENSG00000100376,22,45308968,q,22q
ENSG00000177182,8,61057158,q,8q
ENSG00000148408,9,137877782,q,9q
ENSG00000222685,2,47359505,p,2p
ENSG00000134030,18,48539005,q,18q
ENSG00000135905,2,224765090,q,2q
ENSG00000160007,19,46860997,q,19q
ENSG00000147596,8,70049063,q,8q
ENSG00000103769,15,65726054,q,15q
ENSG00000100483,14,50108632,q,14q
ENSG00000123154,19,12666802,p,19p
ENSG00000147601,8,73008833,q,8q
ENSG00000119705,14,77708045,q,14q
ENSG00000171766,15,45361124,q,15q
ENSG00000088926,4,186260159,q,4q
ENSG00000176853,8,123768439,q,8q
ENSG00000175985,14,69484692,q,14q
ENSG00000172590,14,22829875,q,14q
ENSG00000105583,19,12668073,p,19p
ENSG00000183963,22,31064105,q,22q
ENSG00000160161,19,19538248,p,19p
ENSG00000205639,2,24010081,p,2p
ENSG00000177943,9,136850943,q,9q
ENSG00000023608,14,61762325,q,14q
ENSG00000161016,8,144789765,q,8q
ENSG00000103740,15,78167468,q,15q
ENSG00000163026,2,24029347,p,2p
ENSG00000119782,2,24049701,p,2p
ENSG00000170270,14,93202890,q,14q
ENSG00000177994,2,54330034,p,2p
ENSG00000104881,19,45379634,q,19q
ENSG00000092201,14,21351472,q,14q
ENSG00000080644,15,78593052,q,15q
ENSG00000109265,4,56049098,q,4q
ENSG00000214595,2,54723499,p,2p
ENSG00000165060,9,69035750,q,9q
ENSG00000198753,X,153764186,q,Xq
ENSG00000101670,18,49560699,q,18q
ENSG00000155629,10,96593043,q,10q
ENSG00000185442,15,92617448,q,15q
ENSG00000184260,1,149886918,q,1q
ENSG00000184270,1,149887469,q,1q
ENSG00000176101,9,137188657,q,9q
ENSG00000170128,1,200872981,q,1q
ENSG00000201032,1,200933345,q,1q
ENSG00000170088,4,165070608,q,4q
ENSG00000156795,8,123416723,q,8q
ENSG00000196990,9,133577076,q,9q
ENSG00000116852,1,200969390,q,1q
ENSG00000134146,15,35217345,q,15q
ENSG00000200563,2,86515204,p,2p
ENSG00000144233,2,127861630,q,2q
ENSG00000168884,4,2741648,p,4p
ENSG00000078142,18,41955207,q,18q
ENSG00000186130,9,122908053,q,9q
ENSG00000138604,15,69160584,q,15q
ENSG00000108242,10,94682944,q,10q
ENSG00000145242,4,65319563,q,4q
ENSG00000183741,22,38861422,q,22q
ENSG00000213996,19,19264109,p,19p
ENSG00000177108,14,77131270,q,14q
ENSG00000157734,15,64151713,q,15q
ENSG00000165997,10,18659304,p,10p
ENSG00000134330,2,9473658,p,2p
ENSG00000027001,13,23730176,q,13q
ENSG00000008735,22,50600677,q,22q
ENSG00000100697,14,95086228,q,14q
ENSG00000165650,10,117277274,q,10q
ENSG00000071894,8,144393229,q,8q
ENSG00000165115,9,83834099,q,9q
ENSG00000167173,15,75195623,q,15q
ENSG00000188993,4,51993614,q,4q
ENSG00000151468,10,12896625,p,10p
ENSG00000035720,4,67558482,q,4q
ENSG00000083807,19,58479512,q,19q
ENSG00000167216,18,46917492,q,18q
ENSG00000201910,5,104098874,q,5q
ENSG00000166035,15,58410380,q,15q
ENSG00000151150,10,60026298,q,10q
ENSG00000196782,4,139716753,q,4q
ENSG00000179222,X,51803007,p,Xp
ENSG00000168916,5,124636913,q,5q
ENSG00000163395,1,201190824,q,1q
ENSG00000109158,4,46918900,p,4p
ENSG00000130203,19,44903787,q,19q
ENSG00000168505,2,236165236,q,2q
ENSG00000137054,9,37481695,p,9p
ENSG00000197057,4,36281616,p,4p
ENSG00000157985,2,235494043,q,2q
ENSG00000203943,1,84298366,p,1p
ENSG00000166479,18,68673688,q,18q
ENSG00000074266,11,86201212,q,11q
ENSG00000109189,4,52590960,q,4q
ENSG00000185340,22,29306394,q,22q
ENSG00000139746,13,79311824,q,13q
ENSG00000174529,1,205083129,q,1q
ENSG00000130518,19,18257098,p,19p
ENSG00000148308,9,133030675,q,9q
ENSG00000254858,19,18193218,p,19p
ENSG00000165782,14,20457681,q,14q
ENSG00000163293,4,47914142,p,4p
ENSG00000141433,18,904871,p,18p
ENSG00000063322,19,39391303,q,19q
ENSG00000109193,4,69838259,q,4q
ENSG00000141642,18,50967989,q,18q
ENSG00000171951,2,223596940,q,2q
ENSG00000169271,5,54455699,q,5q
ENSG00000164283,5,54977867,q,5q
ENSG00000153563,2,86784610,p,2p
ENSG00000129493,14,31290636,q,14q
ENSG00000185721,22,31399560,q,22q
ENSG00000113088,5,55024256,q,5q
ENSG00000101745,18,9136228,p,18p
ENSG00000137504,11,85657742,q,11q
ENSG00000145649,5,55102646,q,5q
ENSG00000164287,5,55112971,q,5q
ENSG00000177380,19,49119418,q,19q
ENSG00000184937,11,32387775,p,11p
ENSG00000198983,5,55170532,q,5q
ENSG00000234602,5,55219564,q,5q
ENSG00000137809,15,68296532,q,15q
ENSG00000171564,4,154562971,q,4q
ENSG00000185013,2,18562871,p,2p
ENSG00000085415,18,12947133,p,18p
ENSG00000100319,22,29728138,q,22q
ENSG00000173699,2,230990324,q,2q
ENSG00000135069,9,78297094,q,9q
ENSG00000133980,14,74303069,q,14q
ENSG00000081059,5,134114681,q,5q
ENSG00000100836,14,23321457,q,14q
ENSG00000288658,2,222314148,q,2q
ENSG00000169758,15,76059936,q,15q
ENSG00000253089,12,127321355,q,12q
ENSG00000056050,4,169729468,q,4q
ENSG00000115760,2,32357023,p,2p
ENSG00000183955,12,123384132,q,12q
ENSG00000099814,14,104864541,q,14q
ENSG00000145476,4,186191475,q,4q
ENSG00000100280,22,29327680,q,22q
ENSG00000273908,11,32439716,p,11p
ENSG00000099810,9,21802636,p,9p
ENSG00000127666,19,4815932,p,19p
ENSG00000161270,19,35825372,q,19q
ENSG00000179331,11,107928448,q,11q
ENSG00000214575,15,82543201,q,15q
ENSG00000155275,4,8436140,p,4p
ENSG00000168209,10,72273919,q,10q
ENSG00000100804,14,23016543,q,14q
ENSG00000151224,10,80269780,q,10q
ENSG00000139597,13,32400723,q,13q
ENSG00000164294,5,55160167,q,5q
ENSG00000124406,4,42408373,p,4p
ENSG00000066735,14,104136454,q,14q
ENSG00000178996,5,54517727,q,5q
ENSG00000164902,5,126600925,q,5q
ENSG00000113494,5,35048756,p,5p
ENSG00000077420,10,26438341,p,10p
ENSG00000136156,13,48232612,q,13q
ENSG00000258289,14,64914361,q,14q
ENSG00000136930,9,124352999,q,9q
ENSG00000189377,19,42428278,q,19q
ENSG00000188738,2,185738804,q,2q
ENSG00000152782,10,89579497,q,10q
ENSG00000102531,13,48975912,q,13q
ENSG00000260001,19,7914803,p,19p
ENSG00000128881,15,42738730,q,15q
ENSG00000261221,19,55605638,q,19q
ENSG00000165807,14,64549918,q,14q
ENSG00000197487,19,56176008,q,19q
ENSG00000100314,22,29720003,q,22q
ENSG00000138193,10,93993894,q,10q
ENSG00000182307,8,145052425,q,8q
ENSG00000100220,22,32387576,q,22q
ENSG00000167644,19,38304164,q,19q
ENSG00000183733,2,70777310,p,2p
ENSG00000165233,9,93096161,q,9q
ENSG00000081181,14,67619920,q,14q
ENSG00000152672,2,70808643,p,2p
ENSG00000116031,2,70830211,p,2p
ENSG00000137821,15,70853239,q,15q
ENSG00000139977,14,57390544,q,14q
ENSG00000144043,2,70968325,p,2p
ENSG00000205744,19,6467207,p,19p
ENSG00000100568,14,67646904,q,14q
ENSG00000162999,2,183078559,q,2q
ENSG00000044459,9,17134982,p,9p
ENSG00000171557,4,154604134,q,4q
ENSG00000157227,14,22836532,q,14q
ENSG00000178209,8,143915152,q,8q
ENSG00000119650,14,75902136,q,14q
ENSG00000165689,9,136401922,q,9q
ENSG00000100284,22,35299275,q,22q
ENSG00000196199,13,19633659,q,13q
ENSG00000041353,18,54717857,q,18q
ENSG00000079308,2,217799588,q,2q
ENSG00000099812,19,748404,p,19p
ENSG00000135077,5,157085422,q,5q
ENSG00000109819,4,23755041,p,4p
ENSG00000067082,10,3775996,p,10p
ENSG00000184990,14,104753131,q,14q
ENSG00000154845,18,9546791,p,18p
ENSG00000164307,5,96760810,q,5q
ENSG00000139496,13,25301524,q,13q
ENSG00000151532,10,112446998,q,10q
ENSG00000155816,1,240014348,q,1q
ENSG00000185681,9,122159903,q,9q
ENSG00000126814,14,60971441,q,14q
ENSG00000140285,15,49423170,q,15q
ENSG00000133985,14,70641665,q,14q
ENSG00000132005,19,13961529,p,19p
ENSG00000119383,9,129110550,q,9q
ENSG00000153485,14,93184951,q,14q
ENSG00000152455,10,14878820,p,10p
ENSG00000166091,14,23376627,q,14q
ENSG00000246922,15,65092760,q,15q
ENSG00000166923,15,32716998,q,15q
ENSG00000101199,20,63272785,q,20q
ENSG00000120054,10,100042193,q,10q
ENSG00000172349,15,81159575,q,15q
ENSG00000184007,1,31906421,p,1p
ENSG00000165471,10,52765377,q,10q
ENSG00000100211,22,38656375,q,22q
ENSG00000100526,14,54396849,q,14q
ENSG00000166275,10,102854259,q,10q
ENSG00000105248,19,4247080,p,19p
ENSG00000152785,4,81030632,q,4q
ENSG00000165476,10,63521397,q,10q
ENSG00000173083,4,83292461,q,4q
ENSG00000214212,19,10836567,p,19p
ENSG00000121753,1,31727117,p,1p
ENSG00000168621,5,37812677,p,5p
ENSG00000145545,5,6633290,p,5p
ENSG00000166704,19,57977076,q,19q
ENSG00000197563,18,61905255,q,18q
ENSG00000145604,5,36151989,p,5p
ENSG00000179284,19,12965159,p,19p
ENSG00000014919,10,99710868,q,10q
ENSG00000181090,9,137618977,q,9q
ENSG00000161179,22,21628089,q,22q
ENSG00000134830,19,47332148,q,19q
ENSG00000100320,22,35738736,q,22q
ENSG00000178343,4,42397488,p,4p
ENSG00000184178,4,52872982,q,4q
ENSG00000153902,19,35124510,q,19q
ENSG00000198498,4,163494442,q,4q
ENSG00000089094,12,121429096,q,12q
ENSG00000188917,X,101009346,q,Xq
ENSG00000138593,15,48988476,q,15q
ENSG00000121207,4,154626945,q,4q
ENSG00000125375,14,50312301,q,14q
ENSG00000162745,1,161983192,q,1q
ENSG00000070808,5,150219491,q,5q
ENSG00000129451,19,51012739,q,19q
ENSG00000162891,1,206865623,q,1q
ENSG00000198589,4,150264435,q,4q
ENSG00000175874,2,101345550,q,2q
ENSG00000129521,14,33924227,q,14q
ENSG00000137976,1,84398484,p,1p
ENSG00000162775,1,110338506,p,1p
ENSG00000092140,14,30559148,q,14q
ENSG00000104147,15,41309268,q,15q
ENSG00000179023,1,18480930,p,1p
ENSG00000173171,1,155208695,q,1q
ENSG00000148702,10,113550837,q,10q
ENSG00000160219,X,154675249,q,Xq
ENSG00000170075,1,202122886,q,1q
ENSG00000266964,19,35137159,q,19q
ENSG00000159409,1,151700058,q,1q
ENSG00000130649,10,133520406,q,10q
ENSG00000174442,15,66504959,q,15q
ENSG00000158169,9,95099054,q,9q
ENSG00000067842,X,153517637,q,Xq
ENSG00000178796,1,151710433,q,1q
ENSG00000119596,14,74763316,q,14q
ENSG00000143436,1,151759647,q,1q
ENSG00000075891,10,100735396,q,10q
ENSG00000115956,2,68365282,p,2p
ENSG00000143450,1,151762899,q,1q
ENSG00000128203,22,26428729,q,22q
ENSG00000100442,14,45115599,q,14q
ENSG00000100412,22,41447830,q,22q
ENSG00000213171,1,151800264,q,1q
ENSG00000196407,1,151847101,q,1q
ENSG00000080189,20,46345980,q,20q
ENSG00000116819,1,35573314,p,1p
ENSG00000054690,14,67533290,q,14q
ENSG00000182389,2,151832771,q,2q
ENSG00000186603,1,45326895,p,1p
ENSG00000107742,10,72059034,q,10q
ENSG00000037749,5,154038959,q,5q
ENSG00000154429,1,229321011,q,1q
ENSG00000252506,1,229383128,q,1q
ENSG00000184216,X,154010504,q,Xq
ENSG00000125485,9,132592787,q,9q
ENSG00000221539,1,28578749,p,1p
ENSG00000273544,1,28580381,p,1p
ENSG00000274582,1,28580920,p,1p
ENSG00000188060,1,28592200,p,1p
ENSG00000164327,5,38937920,p,5p
ENSG00000138311,10,62374192,q,10q
ENSG00000277075,6,26216921,p,6p
ENSG00000203910,1,92217915,p,1p
ENSG00000151151,10,58191517,q,10q
ENSG00000146278,6,89080751,q,6q
ENSG00000203757,1,158716327,q,1q
ENSG00000152766,10,88819896,q,10q
ENSG00000154548,6,89093949,q,6q
ENSG00000148730,10,70404144,q,10q
ENSG00000197591,1,247840928,q,1q
ENSG00000162722,1,247857187,q,1q
ENSG00000107560,10,118004916,q,10q
ENSG00000197532,1,158544550,q,1q
ENSG00000198794,15,74957219,q,15q
ENSG00000198104,1,248375746,q,1q
ENSG00000266524,10,47300171,q,10q
ENSG00000119414,9,125146573,q,9q
ENSG00000198704,6,28503296,p,6p
ENSG00000173269,10,86935540,q,10q
ENSG00000183888,1,16004236,p,1p
ENSG00000119446,9,122237622,q,9q
ENSG00000105610,19,12884422,p,19p
ENSG00000170608,19,45863989,q,19q
ENSG00000133678,10,80078646,q,10q
ENSG00000169214,1,247711436,q,1q
ENSG00000177464,19,45589764,q,19q
ENSG00000228336,1,247770169,q,1q
ENSG00000173285,1,158461574,q,1q
ENSG00000170906,19,54102728,q,19q
ENSG00000048828,9,93451685,q,9q
ENSG00000197437,1,247670812,q,1q
ENSG00000137203,6,10393186,p,6p
ENSG00000197403,1,158747814,q,1q
ENSG00000198967,1,158605268,q,1q
ENSG00000163554,1,158610704,q,1q
ENSG00000095585,10,96189171,q,10q
ENSG00000145354,4,102868971,q,4q
ENSG00000207721,1,71067631,p,1p
ENSG00000143443,1,151047751,q,1q
ENSG00000132463,4,70815783,q,4q
ENSG00000162783,1,181088700,q,1q
ENSG00000054277,1,241590102,q,1q
ENSG00000021488,19,32830508,q,19q
ENSG00000131080,X,66594384,q,Xq
ENSG00000203668,1,241628851,q,1q
ENSG00000116128,1,147541501,q,1q
ENSG00000189376,8,123219967,q,8q
ENSG00000169684,15,78565520,q,15q
ENSG00000196289,1,241957767,q,1q
ENSG00000162843,1,241652278,q,1q
ENSG00000269743,X,104099214,q,Xq
ENSG00000136810,9,110243810,q,9q
ENSG00000117899,15,80946289,q,15q
ENSG00000101938,X,110673856,q,Xq
ENSG00000003987,8,17296794,p,8p
ENSG00000172345,15,81309053,q,15q
ENSG00000112977,5,10679230,p,5p
ENSG00000173258,9,111525054,q,9q
ENSG00000185842,1,224896262,q,1q
ENSG00000214357,5,172641248,q,5q
ENSG00000163069,4,52020706,q,4q
ENSG00000119718,14,75002894,q,14q
ENSG00000159459,15,42942897,q,15q
ENSG00000113269,5,179911651,q,5q
ENSG00000138771,4,76435229,q,4q
ENSG00000107338,9,37915898,p,9p
ENSG00000104356,8,98117293,q,8q
ENSG00000177125,9,126860632,q,9q
ENSG00000088808,14,103733195,q,14q
ENSG00000127080,9,92613181,q,9q
ENSG00000125652,19,6372763,p,19p
ENSG00000078177,4,40056658,p,4p
ENSG00000087088,19,48954815,q,19q
ENSG00000174607,4,114598374,q,4q
ENSG00000111701,12,7649400,p,12p
ENSG00000102158,X,77825747,q,Xq
ENSG00000179046,4,188091247,q,4q
ENSG00000184344,12,7689784,p,12p
ENSG00000164171,5,52989320,q,5q
ENSG00000126883,9,131124868,q,9q
ENSG00000133246,19,8490056,p,19p
ENSG00000277586,8,24950955,p,8p
ENSG00000104447,8,115408496,q,8q
ENSG00000119655,14,74476192,q,14q
ENSG00000109775,4,185399527,q,4q
ENSG00000250799,19,35799975,q,19q
ENSG00000100413,22,41525799,q,22q
ENSG00000078596,X,79360384,q,Xq
ENSG00000276045,12,121626509,q,12q
ENSG00000143479,1,206635536,q,1q
ENSG00000213341,10,100188300,q,10q
ENSG00000120337,1,173039202,q,1q
ENSG00000212916,1,232805416,q,1q
ENSG00000119283,1,231162058,q,1q
ENSG00000006432,14,70722526,q,14q
ENSG00000178896,8,144078621,q,8q
ENSG00000157593,6,44254096,p,6p
ENSG00000006638,19,3594506,p,19p
ENSG00000253250,8,90958084,q,8q
ENSG00000182287,X,15825806,p,Xp
ENSG00000172410,1,66797740,p,1p
ENSG00000197241,1,9002973,p,1p
ENSG00000175324,8,38163335,p,8p
ENSG00000105472,19,50723286,q,19q
ENSG00000169989,4,152768155,q,4q
ENSG00000196171,1,158699678,q,1q
ENSG00000169717,1,3021467,p,1p
ENSG00000178233,6,44270450,p,6p
ENSG00000054611,22,46762617,q,22q
ENSG00000187942,1,21812265,p,1p
ENSG00000166912,15,30938941,q,15q
ENSG00000164162,4,144831908,q,4q
ENSG00000142798,1,21822244,p,1p
ENSG00000104413,8,94640987,q,8q
ENSG00000115257,19,1481428,p,19p
ENSG00000101146,20,57351223,q,20q
ENSG00000119973,10,118589997,q,10q
ENSG00000095539,10,100969498,q,10q
ENSG00000133997,14,70581257,q,14q
ENSG00000155545,5,56919602,q,5q
ENSG00000189114,19,45178745,q,19q
ENSG00000204653,19,50511568,q,19q
ENSG00000128915,15,60419608,q,15q
ENSG00000221479,12,97491909,q,12q
ENSG00000207586,12,97563812,q,12q
ENSG00000198049,1,206106936,q,1q
ENSG00000185453,19,48170645,q,19q
ENSG00000155850,5,149960758,q,5q
ENSG00000153253,2,165087526,q,2q
ENSG00000152061,1,174159410,q,1q
ENSG00000094755,5,170763350,q,5q
ENSG00000173928,19,11374666,p,19p
ENSG00000171236,19,4536402,p,19p
ENSG00000186136,12,11185993,p,12p
ENSG00000225830,10,49454168,q,10q
ENSG00000105717,19,19561707,p,19p
ENSG00000102316,X,54807599,p,Xp
ENSG00000198604,14,34752028,q,14q
ENSG00000130584,20,63743668,q,20q
ENSG00000101193,20,62937060,q,20q
ENSG00000151655,10,7699386,p,10p
ENSG00000175766,5,176630582,q,5q
ENSG00000141446,18,21529041,q,18q
ENSG00000105698,19,35268962,q,19q
ENSG00000113263,5,157142933,q,5q
ENSG00000118705,20,37178396,q,20q
ENSG00000137078,9,35649288,p,9p
ENSG00000132466,4,73073376,q,4q
ENSG00000164967,9,34610486,p,9p
ENSG00000167130,9,129081100,q,9q
ENSG00000186897,12,49332409,q,12q
ENSG00000170214,5,159865080,q,5q
ENSG00000164841,8,108606850,q,8q
ENSG00000123213,5,65722205,q,5q
ENSG00000183785,22,18110100,q,22q
ENSG00000155099,8,90990482,q,8q
ENSG00000151743,12,31671142,p,12p
ENSG00000166377,18,79069272,q,18q
ENSG00000198826,15,32615144,q,15q
ENSG00000116748,1,114673090,p,1p
ENSG00000071859,X,154444103,q,Xq
ENSG00000099917,22,20495913,q,22q
ENSG00000104327,8,90058608,q,8q
ENSG00000142039,19,41310172,q,19q
ENSG00000250803,5,122129622,q,5q
ENSG00000100888,14,21385194,q,14q
ENSG00000148200,9,124517275,q,9q
ENSG00000164176,5,83940554,q,5q
ENSG00000177414,1,64203623,p,1p
ENSG00000167615,19,54449157,q,19q
ENSG00000212167,2,175022214,q,2q
ENSG00000277948,2,175092401,q,2q
ENSG00000179528,2,74497517,p,2p
ENSG00000115596,2,218859805,q,2q
ENSG00000122584,7,8433609,p,7p
ENSG00000143536,1,152409243,q,1q
ENSG00000080031,19,55181230,q,19q
ENSG00000218823,7,4857738,p,7p
ENSG00000123384,12,57128483,q,12q
ENSG00000237524,2,126898864,q,2q
ENSG00000171812,1,36095239,p,1p
ENSG00000168672,8,126552443,q,8q
ENSG00000164181,5,60751791,q,5q
ENSG00000184389,1,33306766,p,1p
ENSG00000181085,8,143716279,q,8q
ENSG00000222112,1,33336566,p,1p
ENSG00000232237,1,201113943,q,1q
ENSG00000151360,2,3658200,p,2p
ENSG00000135823,1,180972712,q,1q
ENSG00000122691,7,19020991,p,7p
ENSG00000178171,2,130755540,q,2q
ENSG00000212410,2,157985789,q,2q
ENSG00000140263,15,45023147,q,15q
ENSG00000132326,2,238244044,q,2q
ENSG00000145824,5,135570679,q,5q
ENSG00000179869,7,48171458,p,7p
ENSG00000120370,1,170531819,q,1q
ENSG00000010671,X,101349338,q,Xq
ENSG00000164300,5,80111228,q,5q
ENSG00000155621,9,71911457,q,9q
ENSG00000206935,1,23162704,p,1p
ENSG00000310560,9,136992403,q,9q
ENSG00000184148,1,152970648,q,1q
ENSG00000163209,1,153001747,q,1q
ENSG00000120159,9,26840685,p,9p
ENSG00000202099,2,238412642,q,2q
ENSG00000179639,1,159289714,q,1q
ENSG00000214866,2,3703575,p,2p
ENSG00000120129,5,172766992,q,5q
ENSG00000176887,2,5692384,p,2p
ENSG00000182379,12,57216794,q,12q
ENSG00000170776,15,85380571,q,15q
ENSG00000152380,5,80487969,q,5q
ENSG00000188133,9,32783540,p,9p
ENSG00000163435,1,202007945,q,1q
ENSG00000118257,2,205681990,q,2q
ENSG00000167112,9,128305159,q,9q
ENSG00000113583,5,133955510,q,5q
ENSG00000112996,5,44808947,p,5p
ENSG00000164406,5,132873444,q,5q
ENSG00000104408,8,108162787,q,8q
ENSG00000148297,9,133338312,q,9q
ENSG00000131183,5,177379235,q,5q
ENSG00000165660,10,124801805,q,10q
ENSG00000117036,1,157121191,q,1q
ENSG00000011590,19,35704558,q,19q
ENSG00000148450,10,23095579,p,10p
ENSG00000142698,1,34166883,p,1p
ENSG00000249915,5,271621,p,5p
ENSG00000109519,4,7058643,p,4p
ENSG00000169288,4,77862826,q,4q
ENSG00000148396,9,136440096,q,9q
ENSG00000187258,7,34658218,p,7p
ENSG00000121904,1,33513998,p,1p
ENSG00000182013,19,46466491,q,19q
ENSG00000213999,19,19145567,p,19p
ENSG00000185958,12,50326230,q,12q
ENSG00000164197,5,64165291,q,5q
ENSG00000163743,4,75479033,q,4q
ENSG00000135517,12,56449502,q,12q
ENSG00000176422,12,56468578,q,12q
ENSG00000104903,19,13099033,p,19p
ENSG00000125851,20,17226107,p,20p
ENSG00000163348,1,154957026,q,1q
ENSG00000241644,7,30697985,p,7p
ENSG00000165355,14,39397684,q,14q
ENSG00000126461,19,49640488,q,19q
ENSG00000163354,1,155018520,q,1q
ENSG00000048740,10,10798397,p,10p
ENSG00000221900,7,53035633,p,7p
ENSG00000198812,12,69608564,q,12q
ENSG00000255690,7,28953358,p,7p
ENSG00000136274,7,45080437,p,7p
ENSG00000106803,9,99222064,q,9q
ENSG00000166268,12,69825227,q,12q
ENSG00000163357,1,155033824,q,1q
ENSG00000178665,7,55887456,p,7p
ENSG00000137106,9,37422664,p,9p
ENSG00000198752,14,102932380,q,14q
ENSG00000244588,20,1226027,p,20p
ENSG00000141664,18,62523025,q,18q
ENSG00000168685,5,35852695,p,5p
ENSG00000142528,19,50025714,q,19q
ENSG00000116117,2,204545475,q,2q
ENSG00000182348,7,88759700,q,7q
ENSG00000140564,15,90868588,q,15q
ENSG00000047230,X,16587950,p,Xp
ENSG00000227868,1,23010834,p,1p
ENSG00000130783,12,122774526,q,12q
ENSG00000101220,20,3753505,p,20p
ENSG00000113525,5,132541445,q,5q
ENSG00000186094,1,48532854,p,1p
ENSG00000104951,19,49889654,q,19q
ENSG00000177150,18,13663347,p,18p
ENSG00000196636,7,97117698,q,7q
ENSG00000183323,5,69280175,q,5q
ENSG00000204006,1,51102221,p,1p
ENSG00000185483,1,63774017,p,1p
ENSG00000226174,14,105398525,q,14q
ENSG00000164645,7,88794106,q,7q
ENSG00000072042,14,67676800,q,14q
ENSG00000142609,1,1921951,p,1p
ENSG00000167193,17,1420689,p,17p
ENSG00000197653,12,123762188,q,12q
ENSG00000113196,5,154474969,q,5q
ENSG00000074695,18,59327823,q,18q
ENSG00000148400,9,136494433,q,9q
ENSG00000178568,2,211375717,q,2q
ENSG00000183718,5,181254077,q,5q
ENSG00000019991,7,81699010,q,7q
ENSG00000175414,5,176365487,q,5q
ENSG00000167693,17,799310,p,17p
ENSG00000170482,5,139367196,q,5q
ENSG00000165105,9,82979590,q,9q
ENSG00000201791,1,178753654,q,1q
ENSG00000099308,19,18097749,p,19p
ENSG00000184611,2,162371407,q,2q
ENSG00000075151,1,20806292,p,1p
ENSG00000155100,8,91070196,q,8q
ENSG00000138759,4,78057323,q,4q
ENSG00000143919,2,44361947,p,2p
ENSG00000266919,17,30117079,q,17q
ENSG00000131055,20,31637875,q,20q
ENSG00000141469,18,45687025,q,18q
ENSG00000213463,14,70366499,q,14q
ENSG00000123453,9,133663528,q,9q
ENSG00000278540,17,37084992,q,17q
ENSG00000101181,20,62183025,q,20q
ENSG00000274520,2,44932320,p,2p
ENSG00000276229,2,44935294,p,2p
ENSG00000138083,2,44941702,p,2p
ENSG00000100577,14,77320996,q,14q
ENSG00000115896,2,197804593,q,2q
ENSG00000008988,8,56067254,q,8q
ENSG00000152939,5,69415065,q,5q
ENSG00000183840,2,132416805,q,2q
ENSG00000101425,20,38260141,q,20q
ENSG00000200718,2,132523617,q,2q
ENSG00000138028,2,27098889,p,2p
ENSG00000104332,8,41261956,p,8p
ENSG00000168081,8,28316986,p,8p
ENSG00000011304,19,797075,p,19p
ENSG00000146433,6,158536436,q,6q
ENSG00000147669,8,100150622,q,8q
ENSG00000084674,2,21001429,p,2p
ENSG00000169223,5,177315805,q,5q
ENSG00000124171,20,50731382,q,20q
ENSG00000101082,20,36612318,q,20q
ENSG00000167244,11,2129112,p,11p
ENSG00000065665,10,12129637,p,10p
ENSG00000174799,4,55948819,q,4q
ENSG00000113600,5,39283982,p,5p
ENSG00000172728,8,33370824,p,8p
ENSG00000088930,20,21303304,p,20p
ENSG00000174197,15,41621134,q,15q
ENSG00000159307,22,43197280,q,22q
ENSG00000165084,8,68330669,q,8q
ENSG00000146856,7,134986508,q,7q
ENSG00000284779,11,2131395,p,11p
ENSG00000178401,12,49345607,q,12q
ENSG00000164037,4,102885048,q,4q
ENSG00000168631,6,30940973,p,6p
ENSG00000166710,15,44711253,q,15q
ENSG00000110900,12,30926428,p,12p
ENSG00000182400,14,39147811,q,14q
ENSG00000275714,6,26020451,p,6p
ENSG00000167220,18,47076104,q,18q
ENSG00000165609,10,12165328,p,10p
ENSG00000168658,2,98087116,q,2q
ENSG00000140471,15,100559369,q,15q
ENSG00000025770,22,50508213,q,22q
ENSG00000125952,14,65006174,q,14q
ENSG00000179165,6,36390551,p,6p
ENSG00000134014,8,28089673,p,8p
ENSG00000164270,5,148446042,q,5q
ENSG00000111077,12,53046969,q,12q
ENSG00000134812,11,59829273,q,11q
ENSG00000184408,7,120273175,q,7q
ENSG00000184903,7,110662644,q,7q
ENSG00000284873,11,59938432,q,11q
ENSG00000181827,15,56087280,q,15q
ENSG00000105880,7,97020396,q,7q
ENSG00000149507,11,60040409,q,11q
ENSG00000149516,11,60056587,q,11q
ENSG00000165076,7,141836300,q,7q
ENSG00000170891,4,5014586,p,4p
ENSG00000166133,15,40569299,q,15q
ENSG00000196177,10,123008972,q,10q
ENSG00000163319,4,83455932,q,4q
ENSG00000179361,15,74541188,q,15q
ENSG00000112964,5,42423439,p,5p
ENSG00000006377,7,97005553,q,7q
ENSG00000283787,11,1888078,p,11p
ENSG00000143970,2,25733753,p,2p
ENSG00000155463,14,22766522,q,14q
ENSG00000156970,15,40161023,q,15q
ENSG00000236279,7,139523685,q,7q
ENSG00000101608,18,3247481,p,18p
ENSG00000121898,10,123706207,q,10q
ENSG00000155016,4,107931531,q,4q
ENSG00000127362,7,141764097,q,7q
ENSG00000284479,2,131034928,q,2q
ENSG00000164713,7,98252379,q,7q
ENSG00000083857,4,186587791,q,4q
ENSG00000072401,10,58334975,q,10q
ENSG00000214513,2,73202574,p,2p
ENSG00000163013,2,73254682,p,2p
ENSG00000234224,7,124030921,q,7q
ENSG00000205978,14,24399003,q,14q
ENSG00000101972,X,123960212,q,Xq
ENSG00000129562,14,22564902,q,14q
ENSG00000104714,8,614746,p,8p
ENSG00000165730,10,68827199,q,10q
ENSG00000145423,4,153780591,q,4q
ENSG00000164898,7,139339457,q,7q
ENSG00000128039,4,55346213,q,4q
ENSG00000156966,2,231395671,q,2q
ENSG00000066739,14,96279195,q,14q
ENSG00000158623,7,130506238,q,7q
ENSG00000242689,11,58622665,q,11q
ENSG00000164134,4,139301446,q,4q
ENSG00000149124,11,58640426,q,11q
ENSG00000131471,17,42851184,q,17q
ENSG00000213390,10,97222173,q,10q
ENSG00000153094,2,111119378,q,2q
ENSG00000112238,6,99606774,q,6q
ENSG00000076554,8,80034745,q,8q
ENSG00000176563,17,42798800,q,17q
ENSG00000185127,6,169702126,q,6q
ENSG00000287363,6,42142693,p,6p
ENSG00000108848,17,50719565,q,17q
ENSG00000129559,14,24216802,q,14q
ENSG00000182898,1,152084141,q,1q
ENSG00000135540,6,138422043,q,6q
ENSG00000215853,1,152153595,q,1q
ENSG00000197915,1,152212076,q,1q
ENSG00000175793,1,26863149,p,1p
ENSG00000215018,7,7356203,p,7p
ENSG00000104059,15,29120252,q,15q
ENSG00000131910,1,26911489,p,1p
ENSG00000165588,14,56799905,q,14q
ENSG00000158246,1,27005020,p,1p
ENSG00000141385,18,12328932,p,18p
ENSG00000188782,1,26190561,p,1p
ENSG00000167614,19,54415219,q,19q
ENSG00000196260,6,30931353,p,6p
ENSG00000136888,9,114587706,q,9q
ENSG00000185585,9,124777122,q,9q
ENSG00000144355,2,172084740,q,2q
ENSG00000128463,15,34225013,q,15q
ENSG00000131914,1,26410817,p,1p
ENSG00000158615,1,204396492,q,1q
ENSG00000143006,1,53459399,p,1p
ENSG00000206838,7,45104349,p,7p
ENSG00000201772,7,45104906,p,7p
ENSG00000199629,7,53366058,p,7p
ENSG00000113073,5,140360188,q,5q
ENSG00000187922,9,136738167,q,9q
ENSG00000252126,7,66344303,q,7q
ENSG00000182901,1,240767636,q,1q
ENSG00000206763,7,92701708,q,7q
ENSG00000207115,7,96341140,q,7q
ENSG00000065621,10,104268873,q,10q
ENSG00000202377,7,115581315,q,7q
ENSG00000182979,14,105419808,q,14q
ENSG00000144406,2,209771569,q,2q
ENSG00000166794,15,64155740,q,15q
ENSG00000167118,9,128371349,q,9q
ENSG00000131480,17,42844580,q,17q
ENSG00000154415,7,113876777,q,7q
ENSG00000148798,10,103277138,q,10q
ENSG00000183978,17,42795147,q,17q
ENSG00000186862,10,101007679,q,10q
ENSG00000169330,15,79431003,q,15q
ENSG00000186642,11,72576141,q,11q
ENSG00000141200,17,53822927,q,17q
ENSG00000095981,6,39314698,p,6p
ENSG00000164778,7,155458129,q,7q
ENSG00000166192,15,72114258,q,15q
ENSG00000257138,7,141972631,q,7q
ENSG00000132294,8,131904077,q,8q
ENSG00000170775,7,124743885,q,7q
ENSG00000107036,9,5629025,p,9p
ENSG00000188822,1,23870515,p,1p
ENSG00000225973,15,55317175,q,15q
ENSG00000033030,12,122471600,q,12q
ENSG00000171954,19,15508477,p,19p
ENSG00000104112,15,51681492,q,15q
ENSG00000158055,1,24199558,p,1p
ENSG00000164104,4,173331376,q,4q
ENSG00000165813,10,114120862,q,10q
ENSG00000207547,7,100093560,q,7q
ENSG00000208036,7,100093993,q,7q
ENSG00000164627,6,39329990,p,6p
ENSG00000185955,7,100456620,q,7q
ENSG00000207204,7,98794718,q,7q
ENSG00000164500,7,50095883,p,7p
ENSG00000180901,17,75032575,q,17q
ENSG00000127364,7,141776674,q,7q
ENSG00000267796,19,35748361,q,19q
ENSG00000139354,12,100573681,q,12q
ENSG00000187260,7,151375909,q,7q
ENSG00000148606,10,77953148,q,10q
ENSG00000141570,17,79792132,q,17q
ENSG00000252990,6,39620345,p,6p
ENSG00000125726,19,6583183,p,19p
ENSG00000125735,19,6658085,p,19p
ENSG00000006652,7,112422887,q,7q
ENSG00000141179,17,55751051,q,17q
ENSG00000041357,15,78540089,q,15q
ENSG00000139722,12,122865330,q,12q
ENSG00000138760,4,76158737,q,4q
ENSG00000120802,12,98515561,q,12q
ENSG00000267467,19,44942235,q,19q
ENSG00000136696,2,113022089,q,2q
ENSG00000196361,19,11451326,p,19p
ENSG00000170634,2,53970838,p,2p
ENSG00000197959,1,171817887,q,1q
ENSG00000222679,17,30288071,q,17q
ENSG00000115844,2,172099438,q,2q
ENSG00000252685,17,66638271,q,17q
ENSG00000180089,19,55226638,q,19q
ENSG00000118242,2,215942584,q,2q
ENSG00000187664,19,19254756,p,19p
ENSG00000138180,10,93496579,q,10q
ENSG00000104728,8,1823332,p,8p
ENSG00000144583,2,216257865,q,2q
ENSG00000207180,6,71182612,q,6q
ENSG00000213551,10,73183362,q,10q
ENSG00000278685,7,151190873,q,7q
ENSG00000213015,19,55635003,q,19q
ENSG00000173068,9,16409503,p,9p
ENSG00000165512,10,45000293,q,10q
ENSG00000139144,12,18242960,p,12p
ENSG00000144285,2,165984641,q,2q
ENSG00000148688,10,90871487,q,10q
ENSG00000169035,19,50976468,q,19q
ENSG00000207656,7,93483936,q,7q
ENSG00000106536,7,38977909,p,7p
ENSG00000119900,6,71288811,q,6q
ENSG00000199094,6,71376960,q,6q
ENSG00000207827,6,71403551,q,6q
ENSG00000219607,6,5085341,p,6p
ENSG00000137038,9,7796500,p,9p
ENSG00000097007,9,130713043,q,9q
ENSG00000109685,4,1870559,p,4p
ENSG00000166329,17,57744495,q,17q
ENSG00000277583,7,116953214,q,7q
ENSG00000283844,1,172138798,q,1q
ENSG00000208024,1,172144535,q,1q
ENSG00000180999,1,172420685,q,1q
ENSG00000278526,7,117190133,q,7q
ENSG00000063180,19,48637946,q,19q
ENSG00000251754,1,245043928,q,1q
ENSG00000201170,1,245133927,q,1q
ENSG00000158516,7,130266863,q,7q
ENSG00000168148,1,228424845,q,1q
ENSG00000075035,12,108129288,q,12q
ENSG00000198691,1,93992834,p,1p
ENSG00000148296,9,133328776,q,9q
ENSG00000273703,6,27815022,p,6p
ENSG00000172673,6,127708072,q,6q
ENSG00000119946,10,99329356,q,10q
ENSG00000100532,14,54509812,q,14q
ENSG00000241484,22,44752547,q,22q
ENSG00000238917,17,7576811,p,17p
ENSG00000277985,17,7577955,p,17p
ENSG00000129194,17,7588178,p,17p
ENSG00000146476,6,151452258,q,6q
ENSG00000128510,7,130293134,q,7q
ENSG00000095397,9,114402078,q,9q
ENSG00000118680,18,3261479,p,18p
ENSG00000108947,17,7705202,p,17p
ENSG00000112333,6,108166022,q,6q
ENSG00000110427,11,33376108,p,11p
ENSG00000013523,14,76781733,q,14q
ENSG00000109084,17,28319200,q,17q
ENSG00000120549,10,23694746,p,10p
ENSG00000185591,12,53380176,q,12q
ENSG00000101639,18,12991315,p,18p
ENSG00000105514,19,11322068,p,19p
ENSG00000185561,17,1702816,p,17p
ENSG00000188428,6,8013566,p,6p
ENSG00000283824,17,1713903,p,17p
ENSG00000106484,7,130486171,q,7q
ENSG00000133983,14,70325081,q,14q
ENSG00000132915,5,149857953,q,5q
ENSG00000105227,19,40393764,q,19q
ENSG00000117523,1,171485530,q,1q
ENSG00000185294,17,45844881,q,17q
ENSG00000204610,6,30163194,p,6p
ENSG00000076067,12,56521820,q,12q
ENSG00000121104,17,49710332,q,17q
ENSG00000172289,11,59712916,q,11q
ENSG00000126787,14,55148110,q,14q
ENSG00000197446,19,41114432,q,19q
ENSG00000119401,9,116687305,q,9q
ENSG00000061455,5,123089241,q,5q
ENSG00000174498,15,65327127,q,15q
ENSG00000146477,6,160348373,q,6q
ENSG00000054148,9,136848724,q,9q
ENSG00000111911,6,125956733,q,6q
ENSG00000001084,6,53497341,p,6p
ENSG00000071539,5,892884,p,5p
ENSG00000115165,2,157409360,q,2q
ENSG00000064195,17,49990005,q,17q
ENSG00000224877,17,81239305,q,17q
ENSG00000132849,1,61742477,p,1p
ENSG00000244187,9,136791303,q,9q
ENSG00000240505,17,16929816,p,17p
ENSG00000104613,8,19817339,p,8p
ENSG00000148411,9,136006537,q,9q
ENSG00000158985,5,131245493,q,5q
ENSG00000177519,2,153477338,q,2q
ENSG00000044574,9,125234853,q,9q
ENSG00000179598,17,17200995,p,17p
ENSG00000170091,5,174045706,q,5q
ENSG00000272036,11,72615063,q,11q
ENSG00000141026,17,17476994,p,17p
ENSG00000176894,12,132687587,q,12q
ENSG00000068079,17,43006740,q,17q
ENSG00000090061,14,99481169,q,14q
ENSG00000165323,11,92224818,q,11q
ENSG00000164185,5,122129546,q,5q
ENSG00000139292,12,71439797,q,12q
ENSG00000120278,6,150599848,q,6q
ENSG00000182575,17,49575871,q,17q
ENSG00000167740,17,4143168,p,17p
ENSG00000173930,5,102233986,q,5q
ENSG00000284701,2,46479565,p,2p
ENSG00000124490,6,49692358,p,6p
ENSG00000104133,15,44554818,q,15q
ENSG00000166004,11,93661682,q,11q
ENSG00000132357,5,40841308,p,5p
ENSG00000169992,17,7404874,p,17p
ENSG00000070778,14,88465778,q,14q
ENSG00000132840,5,79069636,q,5q
ENSG00000104290,8,28494205,p,8p
ENSG00000105767,19,43622366,q,19q
ENSG00000198914,2,104853287,q,2q
ENSG00000181323,17,7420324,p,17p
ENSG00000182177,2,236193459,q,2q
ENSG00000184560,17,7425616,p,17p
ENSG00000283439,17,7428857,p,17p
ENSG00000182318,19,58326994,q,19q
ENSG00000170175,17,7445061,p,17p
ENSG00000273885,11,93721797,q,11q
ENSG00000202314,11,93731502,q,11q
ENSG00000207145,11,93733466,q,11q
ENSG00000099860,19,2476122,p,19p
ENSG00000283654,14,23099062,q,14q
ENSG00000147684,8,124539101,q,8q
ENSG00000179933,14,23094692,q,14q
ENSG00000207798,2,55988950,p,2p
ENSG00000211520,2,56000714,p,2p
ENSG00000178358,11,6921002,p,11p
ENSG00000255009,11,90085950,q,11q
ENSG00000200101,2,59647621,p,2p
ENSG00000171105,19,7112255,p,19p
ENSG00000133835,5,119452465,q,5q
ENSG00000066629,14,99737693,q,14q
ENSG00000175485,11,6199224,p,11p
ENSG00000124713,6,42960690,p,6p
ENSG00000182224,17,7857746,p,17p
ENSG00000130227,8,21919641,p,8p
ENSG00000252835,17,7906122,p,17p
ENSG00000132518,17,8002615,p,17p
ENSG00000149534,11,60088261,q,11q
ENSG00000051620,6,138403531,q,6q
ENSG00000179477,17,8072636,p,17p
ENSG00000146374,6,127118663,q,6q
ENSG00000161798,12,49961811,q,12q
ENSG00000249481,6,44342650,p,6p
ENSG00000163462,1,155173787,q,1q
ENSG00000128052,4,55078476,q,4q
ENSG00000179111,17,8120592,p,17p
ENSG00000148303,9,133348194,q,9q
ENSG00000123360,12,54549601,q,12q
ENSG00000199043,7,130496111,q,7q
ENSG00000176182,19,45890020,q,19q
ENSG00000196544,17,8188345,p,17p
ENSG00000088053,19,55013705,q,19q
ENSG00000124787,6,4994717,p,6p
ENSG00000185156,17,8797110,p,17p
ENSG00000166596,17,9576627,p,17p
ENSG00000176402,7,99923266,q,7q
ENSG00000174469,7,146116002,q,7q
ENSG00000110104,11,60842113,q,11q
ENSG00000183134,11,60850933,q,11q
ENSG00000108021,10,5684731,p,10p
ENSG00000149506,11,60867542,q,11q
ENSG00000164142,4,151409118,q,4q
ENSG00000142303,19,8580240,p,19p
ENSG00000101084,20,36605779,q,20q
ENSG00000155657,2,178525989,q,2q
ENSG00000112294,6,24494798,p,6p
ENSG00000166118,11,133840631,q,11q
ENSG00000165623,10,13221762,p,10p
ENSG00000109047,17,9896320,p,17p
ENSG00000107175,9,35732296,p,9p
ENSG00000080854,11,133896438,q,11q
ENSG00000125871,20,17968213,p,20p
ENSG00000151651,10,133262416,q,10q
ENSG00000006788,17,10300865,p,17p
ENSG00000154447,4,169094259,q,4q
ENSG00000132341,12,130872037,q,12q
ENSG00000207318,7,147831770,q,7q
ENSG00000160345,9,135495180,q,9q
ENSG00000177679,7,76201896,q,7q
ENSG00000164164,4,145110838,q,4q
ENSG00000177951,11,167784,p,11p
ENSG00000133020,17,10390322,p,17p
ENSG00000136816,9,129803157,q,9q
ENSG00000004776,19,35754566,q,19q
ENSG00000170027,7,76326799,q,7q
ENSG00000088882,20,2794069,p,20p
ENSG00000179271,19,12953119,p,19p
ENSG00000137133,9,35812960,p,9p
ENSG00000154065,18,23598926,q,18q
ENSG00000183765,22,28687738,q,22q
ENSG00000171243,7,16461481,p,7p
ENSG00000169925,9,134030305,q,9q
ENSG00000134909,11,128965060,q,11q
ENSG00000125869,20,9514316,p,20p
ENSG00000082014,7,151238764,q,7q
ENSG00000188820,6,116461370,q,6q
ENSG00000188803,17,11241213,p,17p
ENSG00000070501,8,42338454,p,8p
ENSG00000074842,19,4641374,p,19p
ENSG00000124214,20,49113338,q,20q
ENSG00000134759,18,36129444,q,18q
ENSG00000146112,6,30676389,p,6p
ENSG00000203780,10,125896538,q,10q
ENSG00000007174,17,11598470,p,17p
ENSG00000116014,19,917287,p,19p
ENSG00000124564,6,25833066,p,6p
ENSG00000011275,7,5620047,p,7p
ENSG00000171840,12,562852,p,12p
ENSG00000148803,10,133353952,q,10q
ENSG00000100644,14,61695456,q,14q
ENSG00000130244,19,38403093,q,19q
ENSG00000165264,9,32553001,p,9p
ENSG00000123096,12,26121991,p,12p
ENSG00000127399,7,150323263,q,7q
ENSG00000179256,12,14804650,p,12p
ENSG00000070061,9,108866898,q,9q
ENSG00000106080,7,30010587,p,7p
ENSG00000198855,12,108513710,q,12q
ENSG00000095777,10,25934214,p,10p
ENSG00000043039,11,129375848,q,11q
ENSG00000176410,7,73680918,q,7q
ENSG00000165215,7,73768997,q,7q
ENSG00000123338,12,54497721,q,12q
ENSG00000175877,7,73861159,q,7q
ENSG00000150961,4,118722822,q,4q
ENSG00000174165,11,66520625,q,11q
ENSG00000168876,11,94493979,q,11q
ENSG00000105122,19,15451624,p,19p
ENSG00000132286,11,6481496,p,11p
ENSG00000104312,8,89757783,q,8q
ENSG00000169220,5,177357895,q,5q
ENSG00000198851,11,118304730,q,11q
ENSG00000164620,5,141636950,q,5q
ENSG00000157240,7,91264433,q,7q
ENSG00000251154,7,90469639,q,7q
ENSG00000129596,5,115804733,q,5q
ENSG00000137699,11,120111286,q,11q
ENSG00000104341,8,97775057,q,8q
ENSG00000167779,12,53097436,q,12q
ENSG00000166278,6,31897785,p,6p
ENSG00000275158,7,142580917,q,7q
ENSG00000053108,5,133196455,q,5q
ENSG00000185344,12,123712342,q,12q
ENSG00000266297,17,12081899,p,17p
ENSG00000062370,19,44326555,q,19q
ENSG00000153976,17,13494032,p,17p
ENSG00000146676,7,44876299,p,7p
ENSG00000284261,7,44881748,p,7p
ENSG00000222164,7,18807993,p,7p
ENSG00000196865,10,113854475,q,10q
ENSG00000127951,7,77193369,q,7q
ENSG00000125430,17,14301081,p,17p
ENSG00000104427,8,78666050,q,8q
ENSG00000186567,19,44662278,q,19q
ENSG00000161544,17,76527356,q,17q
ENSG00000131187,5,177402133,q,5q
ENSG00000198791,8,17224966,p,8p
ENSG00000214140,17,76527586,q,17q
ENSG00000171311,10,97428014,q,10q
ENSG00000237254,7,142812586,q,7q
ENSG00000216588,19,44613563,q,19q
ENSG00000165125,7,142871208,q,7q
ENSG00000151883,5,50665899,q,5q
ENSG00000078237,12,4307763,p,12p
ENSG00000105464,19,48393668,q,19q
ENSG00000278261,17,76561634,q,17q
ENSG00000198056,12,56730438,q,12q
ENSG00000105619,19,54107020,q,19q
ENSG00000254535,4,134196333,q,4q
ENSG00000089057,20,4851729,p,20p
ENSG00000174780,4,56467595,q,4q
ENSG00000127412,7,142908101,q,7q
ENSG00000118094,11,118657316,q,11q
ENSG00000161847,19,10316212,p,19p
ENSG00000159763,7,143132077,q,7q
ENSG00000165131,7,142939343,q,7q
ENSG00000170807,7,123655866,q,7q
ENSG00000111728,12,22063773,p,12p
ENSG00000130427,7,100720468,q,7q
ENSG00000105738,19,37907208,q,19q
ENSG00000167325,11,4094707,p,11p
ENSG00000182180,10,73248843,q,10q
ENSG00000125409,17,15303811,p,17p
ENSG00000146839,7,100733595,q,7q
ENSG00000170473,12,55901413,q,12q
ENSG00000107443,10,96043394,q,10q
ENSG00000257108,16,567005,p,16p
ENSG00000180263,12,95076749,q,12q
ENSG00000158301,X,102712056,q,Xq
ENSG00000100504,14,50857891,q,14q
ENSG00000182601,16,25691959,p,16p
ENSG00000005339,16,3725054,p,16p
ENSG00000185298,17,81666737,q,17q
ENSG00000071553,X,154428618,q,Xq
ENSG00000148834,10,104235356,q,10q
ENSG00000186765,17,81528377,q,17q
ENSG00000104897,19,2236823,p,19p
ENSG00000138735,4,119494397,q,4q
ENSG00000132471,17,75845699,q,17q
ENSG00000166987,12,57520710,q,12q
ENSG00000107949,10,125823525,q,10q
ENSG00000198488,11,77034398,q,11q
ENSG00000180720,11,46383589,p,11p
ENSG00000118137,11,116835750,q,11q
ENSG00000116329,1,28812170,p,1p
ENSG00000129680,X,136213220,q,Xq
ENSG00000167535,12,48813794,q,12q
ENSG00000128524,7,128862856,q,7q
ENSG00000147419,8,27733316,p,8p
ENSG00000122254,16,22814162,p,16p
ENSG00000272899,7,128866330,q,7q
ENSG00000265763,10,47356520,q,10q
ENSG00000130254,19,5586981,p,19p
ENSG00000177535,1,247449118,q,1q
ENSG00000130720,9,130900194,q,9q
ENSG00000188340,1,158774222,q,1q
ENSG00000161055,5,180590105,q,5q
ENSG00000203814,1,149782689,q,1q
ENSG00000170419,7,54542325,p,7p
ENSG00000169032,15,66386825,q,15q
ENSG00000138182,10,89701583,q,10q
ENSG00000113361,5,31193686,p,5p
ENSG00000203811,1,149840687,q,1q
ENSG00000175143,1,248403048,q,1q
ENSG00000142224,1,206770764,q,1q
ENSG00000149328,11,134331886,q,11q
ENSG00000147854,9,6413151,p,9p
ENSG00000127804,17,2405562,p,17p
ENSG00000158525,7,130344816,q,7q
ENSG00000156968,16,15395754,p,16p
ENSG00000179862,1,40861054,p,1p
ENSG00000152684,5,52787916,q,5q
ENSG00000081277,1,201283452,q,1q
ENSG00000138750,4,76107562,q,4q
ENSG00000152611,5,35904288,p,5p
ENSG00000122299,16,11750586,p,16p
ENSG00000166959,11,60699585,q,11q
ENSG00000128191,22,20080035,q,22q
ENSG00000101247,20,13785007,p,20p
ENSG00000136450,17,58000919,q,17q
ENSG00000082196,5,34017858,p,5p
ENSG00000105193,19,39433136,q,19q
ENSG00000121053,17,58192726,q,17q
ENSG00000214753,11,62712630,q,11q
ENSG00000172497,5,81329862,q,5q
ENSG00000167716,17,1716523,p,17p
ENSG00000198060,10,92291167,q,10q
ENSG00000086159,12,49967194,q,12q
ENSG00000243335,7,66628881,q,7q
ENSG00000107833,10,101781318,q,10q
ENSG00000197901,11,62936385,q,11q
ENSG00000087245,16,55389700,q,16q
ENSG00000156735,8,38176533,p,8p
ENSG00000174307,1,201464278,q,1q
ENSG00000139117,12,38646822,q,12q
ENSG00000024862,6,138773493,q,6q
ENSG00000101190,20,62841005,q,20q
ENSG00000170458,5,140631728,q,5q
ENSG00000148291,9,133356545,q,9q
ENSG00000014164,8,143437655,q,8q
ENSG00000168016,3,36826817,p,3p
ENSG00000201796,7,106208167,q,7q
ENSG00000207597,7,136903167,q,7q
ENSG00000146858,7,139025706,q,7q
ENSG00000146063,5,181222499,q,5q
ENSG00000184599,1,112718905,p,1p
ENSG00000070413,22,19036280,q,22q
ENSG00000170471,20,38472816,q,20q
ENSG00000173581,19,55641062,q,19q
ENSG00000140575,15,90388207,q,15q
ENSG00000173868,17,49223366,q,17q
ENSG00000138175,10,102673731,q,10q
ENSG00000183807,6,116751703,q,6q
ENSG00000189056,7,103471381,q,7q
ENSG00000225921,6,13615335,p,6p
ENSG00000197780,1,109062496,p,1p
ENSG00000207624,1,220118157,q,1q
ENSG00000222370,1,220200546,q,1q
ENSG00000182896,17,7355123,p,17p
ENSG00000178567,3,36985043,p,3p
ENSG00000172172,8,120380761,q,8q
ENSG00000082515,5,154941073,q,5q
ENSG00000168539,11,62908679,q,11q
ENSG00000238423,17,28720550,q,17q
ENSG00000026950,6,26402237,p,6p
ENSG00000238578,17,28722582,q,17q
ENSG00000179934,3,39329709,p,3p
ENSG00000238649,17,28723429,q,17q
ENSG00000160606,17,28724348,q,17q
ENSG00000169439,8,96493410,q,8q
ENSG00000095319,9,128947683,q,9q
ENSG00000134539,12,10226058,p,12p
ENSG00000127603,1,39081316,p,1p
ENSG00000133812,11,9776776,p,11p
ENSG00000172986,3,72888046,p,3p
ENSG00000164182,5,60945177,q,5q
ENSG00000100714,14,64388031,q,14q
ENSG00000145781,5,116085007,q,5q
ENSG00000173175,3,123282296,q,3q
ENSG00000157869,4,13361354,p,4p
ENSG00000102970,16,57404767,q,16q
ENSG00000105185,19,32581188,q,19q
ENSG00000120137,5,168548495,q,5q
ENSG00000182687,17,76074781,q,17q
ENSG00000256812,16,55566684,q,16q
ENSG00000068489,17,59155732,q,17q
ENSG00000065328,10,13161554,p,10p
ENSG00000082074,5,39105252,p,5p
ENSG00000111713,12,21536107,p,12p
ENSG00000171724,16,77788564,q,16q
ENSG00000147654,8,109539711,q,8q
ENSG00000178573,16,79585843,q,16q
ENSG00000185924,17,1934677,p,17p
ENSG00000108963,17,2030137,p,17p
ENSG00000213886,6,29555515,p,6p
ENSG00000196684,19,16134028,p,19p
ENSG00000137265,6,391739,p,6p
ENSG00000038002,4,177430774,q,4q
ENSG00000176692,16,86566829,q,16q
ENSG00000205078,16,77199408,q,16q
ENSG00000103111,16,77190835,q,16q
ENSG00000075539,4,48497357,p,4p
ENSG00000105171,19,29606283,q,19q
ENSG00000165682,12,9985642,p,12p
ENSG00000128617,7,128772485,q,7q
ENSG00000262664,17,2042022,p,17p
ENSG00000179941,12,76344474,q,12q
ENSG00000184939,16,68530090,q,16q
ENSG00000267200,17,2049908,p,17p
ENSG00000145708,5,76953044,q,5q
ENSG00000236398,7,143183419,q,7q
ENSG00000151490,12,15322257,p,12p
ENSG00000221937,7,143222037,q,7q
ENSG00000077264,X,110944285,q,Xq
ENSG00000185899,7,143443453,q,7q
ENSG00000221855,7,143477873,q,7q
ENSG00000142534,19,49496365,q,19q
ENSG00000171316,8,60678740,q,8q
ENSG00000186834,17,45148475,q,17q
ENSG00000141748,17,39156894,q,17q
ENSG00000106682,7,74174231,q,7q
ENSG00000137745,11,102942995,q,11q
ENSG00000181222,17,7484366,p,17p
ENSG00000169126,10,27775186,p,10p
ENSG00000167741,17,4556927,p,17p
ENSG00000189143,7,73799542,q,7q
ENSG00000140948,16,87406246,q,16q
ENSG00000258083,7,141916399,q,7q
ENSG00000160877,19,13116468,p,19p
ENSG00000161905,17,4630919,p,17p
ENSG00000240720,7,92141643,q,7q
ENSG00000146776,7,105604772,q,7q
ENSG00000129167,11,18017555,p,11p
ENSG00000038274,5,163503114,q,5q
ENSG00000168476,8,22138019,p,8p
ENSG00000130255,19,5674947,p,19p
ENSG00000154118,16,87601835,q,16q
ENSG00000182853,17,4785285,p,17p
ENSG00000134569,11,46856717,p,11p
ENSG00000166143,15,40815446,q,15q
ENSG00000182327,17,4788964,p,17p
ENSG00000108556,17,4897771,p,17p
ENSG00000243789,15,41828092,q,15q
ENSG00000055609,7,152134922,q,7q
ENSG00000158480,20,49903391,q,20q
ENSG00000006210,16,57372477,q,16q
ENSG00000108786,17,42552922,q,17q
ENSG00000100490,14,50326265,q,14q
ENSG00000101464,20,34560542,q,20q
ENSG00000140836,16,72782885,q,16q
ENSG00000167680,19,4542588,p,19p
ENSG00000068120,17,42561467,q,17q
ENSG00000164096,4,119296419,q,4q
ENSG00000184277,15,101621444,q,15q
ENSG00000063978,4,2462220,p,4p
ENSG00000186468,5,82273320,q,5q
ENSG00000109846,11,111908564,q,11q
ENSG00000140873,16,77247813,q,16q
ENSG00000213983,14,23559557,q,14q
ENSG00000070193,5,44300247,p,5p
ENSG00000131470,17,42572310,q,17q
ENSG00000172201,6,19837366,p,6p
ENSG00000175449,5,95646718,q,5q
ENSG00000163424,3,119146151,q,3q
ENSG00000095787,10,28532493,p,10p
ENSG00000204673,19,49869033,q,19q
ENSG00000124568,6,25781532,p,6p
ENSG00000140319,15,40035690,q,15q
ENSG00000101310,20,18507520,p,20p
ENSG00000103241,16,86510527,q,16q
ENSG00000239282,22,30285114,q,22q
ENSG00000275342,8,8317736,p,8p
ENSG00000176928,5,75025346,q,5q
ENSG00000147687,8,124488485,q,8q
ENSG00000133800,11,10556966,p,11p
ENSG00000145808,5,129459686,q,5q
ENSG00000166426,15,78340260,q,15q
ENSG00000200062,16,59540126,q,16q
ENSG00000252814,16,76287630,q,16q
ENSG00000213937,16,3012923,p,16p
ENSG00000252561,16,3069523,p,16p
ENSG00000200204,16,3086143,p,16p
ENSG00000130182,16,3088890,p,16p
ENSG00000087842,X,15384799,p,Xp
ENSG00000140451,15,64815629,q,15q
ENSG00000170448,4,47847233,p,4p
ENSG00000180210,11,46719166,p,11p
ENSG00000168158,16,3355889,p,16p
ENSG00000167981,16,3432414,p,16p
ENSG00000089558,17,42156891,q,17q
ENSG00000215131,16,3493484,p,16p
ENSG00000161610,17,42184060,q,17q
ENSG00000184544,17,9771434,p,17p
ENSG00000164284,5,149345430,q,5q
ENSG00000108684,17,33013087,q,17q
ENSG00000113719,5,172834251,q,5q
ENSG00000175938,16,30949068,p,16p
ENSG00000064545,19,19119169,p,19p
ENSG00000146250,6,83512508,q,6q
ENSG00000103510,16,31114489,p,16p
ENSG00000137135,9,35658875,p,9p
ENSG00000184361,17,45254393,q,17q
ENSG00000167916,17,40697991,q,17q
ENSG00000100345,22,36281279,q,22q
ENSG00000232629,6,32756094,p,6p
ENSG00000204897,17,40748021,q,17q
ENSG00000171446,17,40776808,q,17q
ENSG00000112697,6,75252924,q,6q
ENSG00000146678,7,45888360,p,7p
ENSG00000173908,17,40792196,q,17q
ENSG00000160447,9,128702499,q,9q
ENSG00000068400,X,48973719,p,Xp
ENSG00000186395,17,40818117,q,17q
ENSG00000103490,16,31201486,p,16p
ENSG00000176018,5,90515611,q,5q
ENSG00000187242,17,40861303,q,17q
ENSG00000103310,16,21197450,p,16p
ENSG00000222506,3,171439526,q,3q
ENSG00000164610,7,33094797,p,7p
ENSG00000108244,17,40922700,q,17q
ENSG00000205085,7,128671693,q,7q
ENSG00000091010,5,146338648,q,5q
ENSG00000177556,5,151738084,q,5q
ENSG00000222357,3,168475198,q,3q
ENSG00000187416,7,104328603,q,7q
ENSG00000175311,16,21233699,p,16p
ENSG00000145782,5,115828200,q,5q
ENSG00000254469,11,71865504,q,11q
ENSG00000221813,7,144000320,q,7q
ENSG00000135437,12,55720367,q,12q
ENSG00000109133,4,41934403,p,4p
ENSG00000146618,7,19144782,p,7p
ENSG00000102891,16,56565073,q,16q
ENSG00000221836,7,144048948,q,7q
ENSG00000221933,7,144069811,q,7q
ENSG00000157613,11,46277637,p,11p
ENSG00000221858,7,144086278,q,7q
ENSG00000133874,8,33547754,p,8p
ENSG00000111011,12,122503454,q,12q
ENSG00000007314,17,63938554,q,17q
ENSG00000137204,6,43295694,p,6p
ENSG00000184863,7,155644451,q,7q
ENSG00000090932,19,39498895,q,19q
ENSG00000207248,16,21642054,p,16p
ENSG00000078295,5,7395681,p,5p
ENSG00000152234,18,46080248,q,18q
ENSG00000188322,16,28259246,p,16p
ENSG00000275591,8,6805013,p,8p
ENSG00000165699,9,132891348,q,9q
ENSG00000224383,17,63998351,q,17q
ENSG00000185728,8,63168553,q,8q
ENSG00000063244,19,55654146,q,19q
ENSG00000197272,16,28499362,p,16p
ENSG00000170788,10,80336105,q,10q
ENSG00000178607,17,64039080,q,17q
ENSG00000164690,7,155799980,q,7q
ENSG00000177455,16,28931965,p,16p
ENSG00000183060,15,99715697,q,15q
ENSG00000038219,4,13568738,p,4p
ENSG00000130675,7,156994051,q,7q
ENSG00000152464,10,15097120,p,10p
ENSG00000199753,17,64146083,q,17q
ENSG00000277887,17,64146339,q,17q
ENSG00000221044,17,44025020,q,17q
ENSG00000161664,17,44170447,q,17q
ENSG00000106633,7,44143213,p,7p
ENSG00000150783,11,112167372,q,11q
ENSG00000138161,10,122832158,q,10q
ENSG00000131931,8,42836674,p,8p
ENSG00000074410,15,63321378,q,15q
ENSG00000110245,11,116827019,q,11q
ENSG00000183979,17,81900745,q,17q
ENSG00000184451,17,42678889,q,17q
ENSG00000160973,8,144473412,q,8q
ENSG00000135426,12,54948015,q,12q
ENSG00000108797,17,42682531,q,17q
ENSG00000176171,10,131966461,q,10q
ENSG00000146352,6,122996131,q,6q
ENSG00000147548,8,38269704,p,8p
ENSG00000169682,16,28974221,p,16p
ENSG00000111860,6,118460772,q,6q
ENSG00000196305,9,92210207,q,9q
ENSG00000169740,10,43643859,q,10q
ENSG00000129455,19,50996007,q,19q
ENSG00000167695,17,732412,p,17p
ENSG00000138166,10,110497907,q,10q
ENSG00000109270,4,99878336,q,4q
ENSG00000179409,17,744421,p,17p
ENSG00000184381,22,38111495,q,22q
ENSG00000250719,1,46175486,p,1p
ENSG00000171357,1,46203334,p,1p
ENSG00000202354,7,148983755,q,7q
ENSG00000201098,7,148987136,q,7q
ENSG00000107937,10,988418,p,10p
ENSG00000203685,1,226548764,q,1q
ENSG00000284844,11,72103506,q,11q
ENSG00000121690,11,33015876,p,11p
ENSG00000109654,4,153152163,q,4q
ENSG00000073598,17,35121615,q,17q
ENSG00000164631,7,6688433,p,7p
ENSG00000175387,18,47808957,q,18q
ENSG00000118520,6,131470832,q,6q
ENSG00000137815,15,41408408,q,15q
ENSG00000169876,7,101020072,q,7q
ENSG00000162413,1,6590724,p,1p
ENSG00000174684,11,66345374,q,11q
ENSG00000158104,12,121839277,q,12q
ENSG00000141252,17,508503,p,17p
ENSG00000255561,11,111874056,q,11q
ENSG00000160472,19,55376816,q,19q
ENSG00000066336,11,47354860,p,11p
ENSG00000105991,7,27092993,p,7p
ENSG00000127481,1,19074510,p,1p
ENSG00000180357,15,64460578,q,15q
ENSG00000278129,19,58278955,q,19q
ENSG00000105996,7,27100354,p,7p
ENSG00000106004,7,27141052,p,7p
ENSG00000106006,7,27145396,p,7p
ENSG00000168070,11,64937517,q,11q
ENSG00000122592,7,27153716,p,7p
ENSG00000176490,19,2714566,p,19p
ENSG00000078399,7,27162438,p,7p
ENSG00000140374,15,76188555,q,15q
ENSG00000185008,3,75906695,p,3p
ENSG00000283745,7,27169480,p,7p
ENSG00000184232,11,120211032,q,11q
ENSG00000005073,7,27181157,p,7p
ENSG00000178982,19,38619055,q,19q
ENSG00000273961,7,27185433,p,7p
ENSG00000278334,7,27185832,p,7p
ENSG00000106031,7,27193503,p,7p
ENSG00000106038,7,27242700,p,7p
ENSG00000077800,7,73328161,q,7q
ENSG00000157111,5,73120569,q,5q
ENSG00000145247,4,48885019,p,4p
ENSG00000102886,16,30104810,p,16p
ENSG00000166016,11,34150987,p,11p
ENSG00000131013,6,149504495,q,6q
ENSG00000072786,5,172042079,q,5q
ENSG00000118514,6,134917298,q,6q
ENSG00000180269,16,20028239,p,16p
ENSG00000110169,11,6431006,p,11p
ENSG00000274070,7,74964705,q,7q
ENSG00000225614,16,88382959,q,16q
ENSG00000205268,8,65714334,q,8q
ENSG00000155719,16,21663968,p,16p
ENSG00000188763,7,73433778,q,7q
ENSG00000004846,7,20615667,p,7p
ENSG00000122882,10,73130155,q,10q
ENSG00000226979,6,31572054,p,6p
ENSG00000163440,4,55556519,q,4q
ENSG00000145592,5,40825262,p,5p
ENSG00000111875,6,118894152,q,6q
ENSG00000197894,4,99070978,q,4q
ENSG00000119698,14,94146128,q,14q
ENSG00000112514,6,33416442,p,6p
ENSG00000169131,5,178711512,q,5q
ENSG00000211454,1,19265982,p,1p
ENSG00000175691,19,2933218,p,19p
ENSG00000128346,22,37943050,q,22q
ENSG00000116731,1,13700188,p,1p
ENSG00000105131,19,15226899,p,19p
ENSG00000197451,5,178204479,q,5q
ENSG00000184220,3,99817837,q,3q
ENSG00000149596,20,44106590,q,20q
ENSG00000175643,16,11249619,p,16p
ENSG00000032219,14,58298504,q,14q
ENSG00000182095,7,5306790,p,7p
ENSG00000185022,22,38200767,q,22q
ENSG00000178279,16,11267748,p,16p
ENSG00000168386,3,99828811,q,3q
ENSG00000178257,16,11273199,p,16p
ENSG00000147535,8,38263130,p,8p
ENSG00000122304,16,11275639,p,16p
ENSG00000186806,19,51331536,q,19q
ENSG00000169314,22,23762990,q,22q
ENSG00000124222,20,58651261,q,20q
ENSG00000172007,4,139453232,q,4q
ENSG00000167601,19,41219174,q,19q
ENSG00000148600,10,84194537,q,10q
ENSG00000223496,16,70246778,q,16q
ENSG00000154917,3,133824235,q,3q
ENSG00000157404,4,54657267,q,4q
ENSG00000221514,16,70529509,q,16q
ENSG00000221066,16,70538005,q,16q
ENSG00000198792,22,38219290,q,22q
ENSG00000034713,16,75566375,q,16q
ENSG00000146281,6,89146055,q,6q
ENSG00000184661,8,25459199,p,8p
ENSG00000146282,6,87513459,q,6q
ENSG00000114349,3,50191610,p,3p
ENSG00000148942,11,26667020,p,11p
ENSG00000064652,5,122843439,q,5q
ENSG00000130656,16,142728,p,16p
ENSG00000148331,9,129634602,q,9q
ENSG00000167780,12,53103461,q,12q
ENSG00000182810,16,68020916,q,16q
ENSG00000164600,7,31337465,p,7p
ENSG00000242616,9,111661561,q,9q
ENSG00000072736,16,68084751,q,16q
ENSG00000164808,8,47260878,q,8q
ENSG00000109956,11,134378504,q,11q
ENSG00000140006,14,63597039,q,14q
ENSG00000165629,10,7788092,p,10p
ENSG00000204711,9,69820815,q,9q
ENSG00000132911,5,152391542,q,5q
ENSG00000157379,14,24290598,q,14q
ENSG00000168228,4,25312774,p,4p
ENSG00000009954,7,73440406,q,7q
ENSG00000131732,5,81301583,q,5q
ENSG00000204640,2,100470482,q,2q
ENSG00000241839,15,64839231,q,15q
ENSG00000186660,11,58578476,q,11q
ENSG00000272020,3,126160283,q,3q
ENSG00000100359,22,40370564,q,22q
ENSG00000136720,2,128236716,q,2q
ENSG00000107223,9,136862115,q,9q
ENSG00000187605,2,73984910,p,2p
ENSG00000101782,18,23453280,q,18q
ENSG00000036828,3,122183668,q,3q
ENSG00000095970,6,41158488,p,6p
ENSG00000132823,20,44195939,q,20q
ENSG00000169918,15,31475398,q,15q
ENSG00000011332,19,38211006,q,19q
ENSG00000169020,4,672423,p,4p
ENSG00000135587,6,109440678,q,6q
ENSG00000166797,15,64072114,q,15q
ENSG00000101407,20,37983007,q,20q
ENSG00000130717,9,131523786,q,9q
ENSG00000100575,14,58407461,q,14q
ENSG00000183801,11,7485362,p,11p
ENSG00000112337,6,25906892,p,6p
ENSG00000135973,2,105241743,q,2q
ENSG00000164105,4,173369969,q,4q
ENSG00000158683,7,47740202,p,7p
ENSG00000178562,2,203706517,q,2q
ENSG00000078140,4,39698109,p,4p
ENSG00000175455,3,123897305,q,3q
ENSG00000166961,11,60756863,q,11q
ENSG00000187446,15,41230824,q,15q
ENSG00000132563,5,138438988,q,5q
ENSG00000197122,20,37344673,q,20q
ENSG00000139344,12,95943301,q,12q
ENSG00000084092,4,56962876,q,4q
ENSG00000104093,15,51447711,q,15q
ENSG00000166171,10,101570560,q,10q
ENSG00000164114,4,155342658,q,4q
ENSG00000165478,11,124919205,q,11q
ENSG00000166183,14,104085537,q,14q
ENSG00000135083,5,160249083,q,5q
ENSG00000132259,11,6234765,p,11p
ENSG00000206538,3,86876388,p,3p
ENSG00000149577,11,117178736,q,11q
ENSG00000146038,6,24171755,p,6p
ENSG00000141425,18,35984387,q,18q
ENSG00000164651,7,20782279,p,7p
ENSG00000121594,3,119523898,q,3q
ENSG00000092421,5,116443555,q,5q
ENSG00000128512,7,111726110,q,7q
ENSG00000101189,20,62796473,q,20q
ENSG00000093217,3,38346760,p,3p
ENSG00000125875,20,423596,p,20p
ENSG00000150867,10,22534854,p,10p
ENSG00000185900,8,43093498,p,8p
ENSG00000081923,18,57646426,q,18q
ENSG00000205208,4,158666675,q,4q
ENSG00000196526,4,7758713,p,4p
ENSG00000151746,12,32106817,p,12p
ENSG00000172167,8,120445400,q,8q
ENSG00000095564,10,91923770,q,10q
ENSG00000172493,4,86934237,q,4q
ENSG00000112282,6,131573966,q,6q
ENSG00000110243,11,116789014,q,11q
ENSG00000147570,8,66021553,q,8q
ENSG00000110934,12,51281038,q,12q
ENSG00000136868,9,113221191,q,9q
ENSG00000101216,20,63587601,q,20q
ENSG00000177042,11,695591,p,11p
ENSG00000164924,8,100916523,q,8q
ENSG00000119522,9,123379648,q,9q
ENSG00000132275,11,6595072,p,11p
ENSG00000088827,20,3686970,p,20p
ENSG00000125755,19,45815410,q,19q
ENSG00000166323,11,108308519,q,11q
ENSG00000109381,4,139028112,q,4q
ENSG00000170558,18,27932879,q,18q
ENSG00000176371,15,84600986,q,15q
ENSG00000125826,20,407498,p,20p
ENSG00000153006,5,64718148,q,5q
ENSG00000198408,10,101784443,q,10q
ENSG00000101843,X,108084202,q,Xq
ENSG00000149021,11,62405103,q,11q
ENSG00000164366,5,196868,p,5p
ENSG00000014138,11,65261913,q,11q
ENSG00000145536,5,5140329,p,5p
ENSG00000188229,9,137241287,q,9q
ENSG00000163352,1,154993586,q,1q
ENSG00000010610,12,6786858,p,12p
ENSG00000141337,17,68259182,q,17q
ENSG00000162704,1,183620846,q,1q
ENSG00000114771,3,151813931,q,3q
ENSG00000157483,15,59132434,q,15q
ENSG00000173627,1,183646275,q,1q
ENSG00000188566,9,137205667,q,9q
ENSG00000165359,X,135520622,q,Xq
ENSG00000204614,6,30136028,p,6p
ENSG00000162641,1,108815898,p,1p
ENSG00000164663,6,41789896,p,6p
ENSG00000112486,6,167111795,q,6q
ENSG00000213859,17,7351889,p,17p
ENSG00000175182,3,184335926,q,3q
ENSG00000179859,17,7913339,p,17p
ENSG00000156886,16,31393335,p,16p
ENSG00000197226,5,179862058,q,5q
ENSG00000176108,17,80991598,q,17q
ENSG00000080546,6,108984309,q,6q
ENSG00000164163,4,145098248,q,4q
ENSG00000175104,11,36483769,p,11p
ENSG00000205899,17,1270444,p,17p
ENSG00000184588,1,65792514,p,1p
ENSG00000184811,17,1279662,p,17p
ENSG00000036672,11,119355215,q,11q
ENSG00000073464,X,10156943,p,Xp
ENSG00000121060,17,56836387,q,17q
ENSG00000114200,3,165772904,q,3q
ENSG00000120805,12,101393116,q,12q
ENSG00000112299,6,132680849,q,6q
ENSG00000050393,6,13786557,p,6p
ENSG00000197958,9,127447422,q,9q
ENSG00000141579,17,82829434,q,17q
ENSG00000172939,3,38165089,p,3p
ENSG00000184986,14,105525996,q,14q
ENSG00000134758,18,32091871,q,18q
ENSG00000176845,17,83079609,q,17q
ENSG00000155465,14,22773222,q,14q
ENSG00000139178,12,7089587,p,12p
ENSG00000110442,11,36269284,p,11p
ENSG00000183826,6,38168451,p,6p
ENSG00000146555,7,3301252,p,7p
ENSG00000104738,8,47960185,q,8q
ENSG00000175213,11,46701016,p,11p
ENSG00000132872,18,43267892,q,18q
ENSG00000149218,11,95089817,q,11q
ENSG00000166311,11,6390414,p,11p
ENSG00000116455,1,111439890,p,1p
ENSG00000112394,6,111087503,q,6q
ENSG00000141447,18,24162045,q,18q
ENSG00000135423,12,56470945,q,12q
ENSG00000118507,6,131135467,q,6q
ENSG00000011028,17,62627670,q,17q
ENSG00000121933,1,111483348,p,1p
ENSG00000100330,22,29883141,q,22q
ENSG00000106003,7,2512529,p,7p
ENSG00000148153,9,112683926,q,9q
ENSG00000282608,1,111499429,p,1p
ENSG00000131378,3,16313574,p,3p
ENSG00000204060,1,41361922,p,1p
ENSG00000196284,6,44809317,p,6p
ENSG00000151365,11,78063861,q,11q
ENSG00000153936,1,86914635,p,1p
ENSG00000117971,15,78624111,q,15q
ENSG00000188523,9,132410043,q,9q
ENSG00000010404,X,149476988,q,Xq
ENSG00000204472,6,31615217,p,6p
ENSG00000164744,7,47987148,p,7p
ENSG00000174903,11,66268590,q,11q
ENSG00000165684,9,136375567,q,9q
ENSG00000199697,17,62683905,q,17q
ENSG00000004939,17,44248390,q,17q
ENSG00000167196,15,75903876,q,15q
ENSG00000162040,16,1911475,p,16p
ENSG00000181218,1,228434777,q,1q
ENSG00000196890,1,228458103,q,1q
ENSG00000164338,5,73565443,q,5q
ENSG00000153060,16,10627501,p,16p
ENSG00000107554,10,99875577,q,10q
ENSG00000137968,1,75202129,p,1p
ENSG00000086102,9,33290428,p,9p
ENSG00000124813,6,45328157,p,6p
ENSG00000196914,11,120336238,q,11q
ENSG00000182108,16,10928891,p,16p
ENSG00000083896,4,68310387,q,4q
ENSG00000253276,7,106654360,q,7q
ENSG00000196683,7,22812628,p,7p
ENSG00000103356,16,23520754,p,16p
ENSG00000042062,20,50585180,q,20q
ENSG00000253293,7,27170605,p,7p
ENSG00000074621,15,65611366,q,15q
ENSG00000261115,7,141074064,q,7q
ENSG00000105877,7,21543039,p,7p
ENSG00000225828,1,32361270,p,1p
ENSG00000159450,1,152106317,q,1q
ENSG00000036530,14,99684250,q,14q
ENSG00000101331,20,32010408,q,20q
ENSG00000095587,10,96364608,q,10q
ENSG00000283324,1,150887136,q,1q
ENSG00000086619,1,236214681,q,1q
ENSG00000162068,16,2471297,p,16p
ENSG00000114744,3,149734667,q,3q
ENSG00000252628,17,44307088,q,17q
ENSG00000283819,17,28861533,q,17q
ENSG00000026559,20,51003655,q,20q
ENSG00000182040,17,74916083,q,17q
ENSG00000283736,16,15643294,p,16p
ENSG00000184166,17,3088484,p,17p
ENSG00000200084,16,89561434,q,16q
ENSG00000146233,6,46549383,p,6p
ENSG00000150281,16,30896614,p,16p
ENSG00000155714,16,21983865,p,16p
ENSG00000141255,17,3440019,p,17p
ENSG00000140807,16,50548396,q,16q
ENSG00000203786,1,152758025,q,1q
ENSG00000135824,1,182641816,q,1q
ENSG00000172175,18,58671426,q,18q
ENSG00000186265,3,112461067,q,3q
ENSG00000180815,X,19360056,p,Xp
ENSG00000174227,4,499210,p,4p
ENSG00000140534,15,89575469,q,15q
ENSG00000118017,3,138122901,q,3q
ENSG00000145088,3,121835183,q,3q
ENSG00000153292,6,46997708,p,6p
ENSG00000164615,5,134737608,q,5q
ENSG00000124226,20,49936336,q,20q
ENSG00000179097,3,87792704,p,3p
ENSG00000143126,1,109249539,p,1p
ENSG00000174640,3,133932699,q,3q
ENSG00000100813,14,23058561,q,14q
ENSG00000207649,16,56858518,q,16q
ENSG00000102931,16,57245259,q,16q
ENSG00000113522,5,132556019,q,5q
ENSG00000107882,10,102503952,q,10q
ENSG00000289360,7,105040848,q,7q
ENSG00000125149,16,67109941,q,16q
ENSG00000131725,X,118345968,q,Xq
ENSG00000186193,9,137062127,q,9q
ENSG00000219200,17,7012417,p,17p
ENSG00000198901,15,90966038,q,15q
ENSG00000215906,1,22953043,p,1p
ENSG00000101400,20,33407955,q,20q
ENSG00000284112,17,7017615,p,17p
ENSG00000165283,9,35099606,p,9p
ENSG00000284027,17,7017911,p,17p
ENSG00000174327,17,7036015,p,17p
ENSG00000040633,17,7235029,p,17p
ENSG00000161911,6,41149167,p,6p
ENSG00000164532,7,35202430,p,7p
ENSG00000181652,7,151012209,q,7q
ENSG00000146232,6,44258166,p,6p
ENSG00000080845,20,36306302,q,20q
ENSG00000111816,6,115931149,q,6q
ENSG00000164900,7,151148009,q,7q
ENSG00000248767,7,290170,p,7p
ENSG00000168701,16,67227103,q,16q
ENSG00000154438,7,117363222,q,7q
ENSG00000129646,17,76274049,q,17q
ENSG00000112293,6,24424565,p,6p
ENSG00000171786,1,160367071,q,1q
ENSG00000188368,19,42302098,q,19q
ENSG00000137975,1,86424171,p,1p
ENSG00000132164,3,10816201,p,3p
ENSG00000138336,10,68560310,q,10q
ENSG00000187840,8,38030512,p,8p
ENSG00000161652,19,50152537,q,19q
ENSG00000168676,16,67289428,q,16q
ENSG00000136982,8,119833944,q,8q
ENSG00000270806,17,35760887,q,17q
ENSG00000168792,17,29560547,q,17q
ENSG00000079462,19,42297023,q,19q
ENSG00000122859,10,69571485,q,10q
ENSG00000151657,10,7750962,p,10p
ENSG00000198081,18,5288863,p,18p
ENSG00000031081,3,119294352,q,3q
ENSG00000186409,1,42463221,p,1p
ENSG00000077063,7,117710651,q,7q
ENSG00000183475,15,100602547,q,15q
ENSG00000133872,8,30063003,p,8p
ENSG00000109670,4,152320544,q,4q
ENSG00000159708,16,67326798,q,16q
ENSG00000099624,19,1241746,p,19p
ENSG00000153283,3,111292719,q,3q
ENSG00000197457,20,63639705,q,20q
ENSG00000176641,18,61808067,q,18q
ENSG00000166831,15,64739886,q,15q
ENSG00000125845,20,6767686,p,20p
ENSG00000148843,10,103396626,q,10q
ENSG00000088854,20,3249306,p,20p
ENSG00000166682,11,113687543,q,11q
ENSG00000145832,5,135476913,q,5q
ENSG00000104381,8,74320613,q,8q
ENSG00000142273,19,44777845,q,19q
ENSG00000140284,15,50182196,q,15q
ENSG00000033100,7,151232483,q,7q
ENSG00000131828,X,19343893,p,Xp
ENSG00000139131,12,32727490,p,12p
ENSG00000157653,9,113410054,q,9q
ENSG00000213380,16,69320140,q,16q
ENSG00000087448,12,27780000,p,12p
ENSG00000135248,7,128709061,q,7q
ENSG00000022567,8,141207166,q,8q
ENSG00000013288,4,6575174,p,4p
ENSG00000258429,16,69326913,q,16q
ENSG00000112877,5,612330,p,5p
ENSG00000009765,6,150368892,q,6q
ENSG00000179520,12,100356842,q,12q
ENSG00000179918,16,30443631,p,16p
ENSG00000169957,16,30524004,p,16p
ENSG00000163818,3,45823316,p,3p
ENSG00000148229,9,113407232,q,9q
ENSG00000162510,1,30711277,p,1p
ENSG00000196935,12,63843761,q,12q
ENSG00000113368,5,126776623,q,5q
ENSG00000157456,15,59105078,q,15q
ENSG00000156860,16,30658431,p,16p
ENSG00000116560,1,35176378,p,1p
ENSG00000188186,7,100148912,q,7q
ENSG00000123975,9,89311155,q,9q
ENSG00000077348,19,41386353,q,19q
ENSG00000137574,8,55773432,q,8q
ENSG00000204252,6,33004178,p,6p
ENSG00000148154,9,111896814,q,9q
ENSG00000103023,16,58279997,q,16q
ENSG00000105640,19,17859868,p,19p
ENSG00000135253,7,128862042,q,7q
ENSG00000204713,6,28903002,p,6p
ENSG00000179958,16,30423615,p,16p
ENSG00000125818,20,1113240,p,20p
ENSG00000128266,22,23070325,q,22q
ENSG00000072501,X,53374149,p,Xp
ENSG00000166152,16,49373804,q,16q
ENSG00000148341,9,129007036,q,9q
ENSG00000100290,22,43110748,q,22q
ENSG00000111052,12,80792520,q,12q
ENSG00000153140,5,90392257,q,5q
ENSG00000186652,11,57386780,q,11q
ENSG00000137547,8,54135183,q,8q
ENSG00000146857,7,135231979,q,7q
ENSG00000102935,16,49487524,q,16q
ENSG00000125962,X,102599168,q,Xq
ENSG00000275572,7,2474728,p,7p
ENSG00000163947,3,56727418,p,3p
ENSG00000205307,7,100572228,q,7q
ENSG00000158423,X,53421951,p,Xp
ENSG00000240065,6,32844136,p,6p
ENSG00000111331,12,112938051,q,12q
ENSG00000131737,17,41377669,q,17q
ENSG00000283267,7,90316503,q,7q
ENSG00000131051,20,35701347,q,20q
ENSG00000185522,11,554850,p,11p
ENSG00000100242,22,38733280,q,22q
ENSG00000166803,15,64364304,q,15q
ENSG00000043514,1,39838110,p,1p
ENSG00000161243,19,38990714,q,19q
ENSG00000215045,7,6496778,p,7p
ENSG00000121281,16,50246137,q,16q
ENSG00000134986,5,111662621,q,5q
ENSG00000066777,8,67173511,q,8q
ENSG00000156639,6,37819429,p,6p
ENSG00000176619,19,2427638,p,19p
ENSG00000153982,17,59220467,q,17q
ENSG00000172922,11,65714005,q,11q
ENSG00000137601,4,169369704,q,4q
ENSG00000137876,15,55180797,q,15q
ENSG00000111863,6,11712054,p,6p
ENSG00000101811,X,100820369,q,Xq
ENSG00000237621,7,141887148,q,7q
ENSG00000164619,7,33904308,p,7p
ENSG00000175155,17,59331655,q,17q
ENSG00000110693,11,15966449,p,11p
ENSG00000172594,6,122789049,q,6q
ENSG00000109805,4,17810844,p,4p
ENSG00000161955,17,7558292,p,17p
ENSG00000084112,12,108778191,q,12q
ENSG00000168813,19,32345594,q,19q
ENSG00000165959,14,95181940,q,14q
ENSG00000112379,6,138161939,q,6q
ENSG00000136379,15,80679684,q,15q
ENSG00000179151,15,74630557,q,15q
ENSG00000121274,16,50152911,q,16q
ENSG00000105245,19,40665905,q,19q
ENSG00000072506,X,53431258,p,Xp
ENSG00000121351,12,21354959,p,12p
ENSG00000148840,10,102132994,q,10q
ENSG00000196859,17,40958417,q,17q
ENSG00000147439,8,22620418,p,8p
ENSG00000131969,14,50872053,q,14q
ENSG00000139428,12,109553715,q,12q
ENSG00000217555,16,66552563,q,16q
ENSG00000146221,6,44278734,p,6p
ENSG00000196584,7,152644776,q,7q
ENSG00000212901,17,41008521,q,17q
ENSG00000169239,X,15688830,p,Xp
ENSG00000165097,6,18155329,p,6p
ENSG00000114541,3,69168782,p,3p
ENSG00000276819,7,142592928,q,7q
ENSG00000158402,5,138285251,q,5q
ENSG00000211746,7,142618849,q,7q
ENSG00000125354,X,119615724,q,Xq
ENSG00000204889,17,40977715,q,17q
ENSG00000211753,7,142720660,q,7q
ENSG00000232869,7,142740206,q,7q
ENSG00000153879,19,33373685,q,19q
ENSG00000105879,7,107743073,q,7q
ENSG00000141194,17,58148384,q,17q
ENSG00000087302,14,51989441,q,14q
ENSG00000174917,19,5678421,p,19p
ENSG00000183723,16,66614750,q,16q
ENSG00000104067,15,29699367,q,15q
ENSG00000240021,1,178513109,q,1q
ENSG00000155530,7,134127299,q,7q
ENSG00000130816,19,10133342,p,19p
ENSG00000146469,6,152749922,q,6q
ENSG00000104549,8,124998467,q,8q
ENSG00000166548,16,66508003,q,16q
ENSG00000114638,3,119173517,q,3q
ENSG00000109674,4,177309860,q,4q
ENSG00000065357,12,55927319,q,12q
ENSG00000157999,7,6031376,p,7p
ENSG00000204314,6,32148323,p,6p
ENSG00000136634,1,206767602,q,1q
ENSG00000236320,17,35543985,q,17q
ENSG00000233822,6,27838545,p,6p
ENSG00000170522,4,110045846,q,4q
ENSG00000175003,6,160121815,q,6q
ENSG00000207297,17,35573657,q,17q
ENSG00000284032,7,130876747,q,7q
ENSG00000283797,7,130877459,q,7q
ENSG00000154258,17,68974488,q,17q
ENSG00000135744,1,230690776,q,1q
ENSG00000158321,7,69598296,q,7q
ENSG00000165138,9,98731329,q,9q
ENSG00000179059,4,187994044,q,4q
ENSG00000163263,1,154199085,q,1q
ENSG00000201129,1,154259727,q,1q
ENSG00000188761,1,113876816,p,1p
ENSG00000139985,14,70417107,q,14q
ENSG00000151240,10,274201,p,10p
ENSG00000056291,4,72031902,q,4q
ENSG00000100897,14,24114010,q,14q
ENSG00000170791,8,56211686,q,8q
ENSG00000203963,1,67092165,p,1p
ENSG00000145386,4,121816444,q,4q
ENSG00000145192,3,186612776,q,3q
ENSG00000119906,10,100912963,q,10q
ENSG00000206803,1,235915415,q,1q
ENSG00000188984,1,12716110,p,1p
ENSG00000138738,4,120684919,q,4q
ENSG00000157330,1,12746200,p,1p
ENSG00000110108,11,60912521,q,11q
ENSG00000111799,6,75084326,q,6q
ENSG00000167904,8,55696424,q,8q
ENSG00000148965,11,18231344,p,11p
ENSG00000136938,9,97983215,q,9q
ENSG00000144596,3,14489107,p,3p
ENSG00000150787,11,112226367,q,11q
ENSG00000133313,18,74494112,q,18q
ENSG00000127084,9,92947486,q,9q
ENSG00000162594,1,67138907,p,1p
ENSG00000165197,X,15345594,p,Xp
ENSG00000147403,X,154389955,q,Xq
ENSG00000005483,7,104940943,q,7q
ENSG00000162300,11,65084210,q,11q
ENSG00000114737,3,50606456,p,3p
ENSG00000174292,17,7380534,p,17p
ENSG00000174611,3,134599923,q,3q
ENSG00000162494,1,13474973,p,1p
ENSG00000196233,10,96831803,q,10q
ENSG00000143669,1,235661041,q,1q
ENSG00000113240,5,178602664,q,5q
ENSG00000121211,4,153344623,q,4q
ENSG00000158077,11,7020462,p,11p
ENSG00000156170,8,94895533,q,8q
ENSG00000169903,3,149474697,q,3q
ENSG00000254470,11,65773898,q,11q
ENSG00000151465,10,12195950,p,10p
ENSG00000206527,3,123490820,q,3q
ENSG00000108759,17,41459513,q,17q
ENSG00000126337,17,41486136,q,17q
ENSG00000163701,3,9902612,p,3p
ENSG00000171346,17,41513745,q,17q
ENSG00000136986,8,123013170,q,8q
ENSG00000099364,16,30923055,p,16p
ENSG00000250317,4,25861830,p,4p
ENSG00000153147,4,143513445,q,4q
ENSG00000171403,17,41565836,q,17q
ENSG00000136383,15,84817176,q,15q
ENSG00000188153,X,108439745,q,Xq
ENSG00000006534,11,68008563,q,11q
ENSG00000186847,17,41582279,q,17q
ENSG00000089505,16,66566393,q,16q
ENSG00000186832,17,41609778,q,17q
ENSG00000185088,15,63125872,q,15q
ENSG00000015153,12,42157104,q,12q
ENSG00000197079,17,41476710,q,17q
ENSG00000277200,17,2720801,p,17p
ENSG00000204347,17,74356416,q,17q
ENSG00000137871,15,56630176,q,15q
ENSG00000173894,17,79778148,q,17q
ENSG00000164346,5,74766991,q,5q
ENSG00000154997,7,55793540,p,7p
ENSG00000126861,17,31272013,q,17q
ENSG00000136026,12,106237880,q,12q
ENSG00000130560,9,135932403,q,9q
ENSG00000204583,12,132603150,q,12q
ENSG00000207614,17,31559996,q,17q
ENSG00000147679,8,116766505,q,8q
ENSG00000141371,17,60392429,q,17q
ENSG00000168137,3,9397609,p,3p
ENSG00000135094,12,113392423,q,12q
ENSG00000129295,8,132570416,q,8q
ENSG00000169340,16,20359175,p,16p
ENSG00000252383,17,16098704,p,17p
ENSG00000199674,17,16137768,p,17p
ENSG00000184292,1,58575433,p,1p
ENSG00000108474,17,16217191,p,17p
ENSG00000086289,7,37920640,p,7p
ENSG00000167194,16,30023198,p,16p
ENSG00000257315,1,203795623,q,1q
ENSG00000059915,10,102402614,q,10q
ENSG00000177272,1,110653560,p,1p
ENSG00000206952,16,58559796,q,16q
ENSG00000281910,16,58559796,q,16q
ENSG00000187140,1,63322567,p,1p
ENSG00000011454,9,122940833,q,9q
ENSG00000086288,7,37848597,p,7p
ENSG00000258947,16,89921392,q,16q
ENSG00000151418,1,198523222,q,1q
ENSG00000207975,1,198858873,q,1q
ENSG00000207759,1,198859044,q,1q
ENSG00000284713,11,69155478,q,11q
ENSG00000187688,17,16415571,p,17p
ENSG00000116741,1,192809039,q,1q
ENSG00000072952,11,10573091,p,11p
ENSG00000147481,8,49909789,q,8q
ENSG00000124701,6,41053201,p,6p
ENSG00000176092,1,26321698,p,1p
ENSG00000204052,6,43506965,p,6p
ENSG00000112246,6,100385009,q,6q
ENSG00000277108,17,16439505,p,17p
ENSG00000277370,17,16440036,p,17p
ENSG00000277512,17,16441226,p,17p
ENSG00000139193,12,6444941,p,12p
ENSG00000160055,1,32214472,p,1p
ENSG00000112799,6,6588108,p,6p
ENSG00000178502,17,41848518,q,17q
ENSG00000070729,16,57882340,q,16q
ENSG00000173786,17,41966763,q,17q
ENSG00000187045,22,37065005,q,22q
ENSG00000112175,6,55753653,p,6p
ENSG00000145321,4,71735436,q,4q
ENSG00000260325,17,42122804,q,17q
ENSG00000185245,17,4932277,p,17p
ENSG00000137274,6,3118374,p,6p
ENSG00000076604,17,28744011,q,17q
ENSG00000116717,1,67685201,p,1p
ENSG00000164362,5,1253147,p,5p
ENSG00000105298,19,3610645,p,19p
ENSG00000095574,10,122990806,q,10q
ENSG00000196482,1,216503246,q,1q
ENSG00000199158,7,129774692,q,7q
ENSG00000207691,7,129774905,q,7q
ENSG00000005889,X,24148976,p,Xp
ENSG00000196367,7,98877933,q,7q
ENSG00000197045,14,54474466,q,14q
ENSG00000107902,10,124461792,q,10q
ENSG00000197299,15,90717340,q,15q
ENSG00000124596,6,41033627,p,6p
ENSG00000105404,19,41956681,q,19q
ENSG00000184363,11,392614,p,11p
ENSG00000205730,16,19113932,p,16p
ENSG00000174238,17,1517718,p,17p
ENSG00000126856,16,90056566,q,16q
ENSG00000154328,8,11769639,p,8p
ENSG00000119953,10,110290730,q,10q
ENSG00000176973,11,65572349,q,11q
ENSG00000128016,19,39406847,q,19q
ENSG00000151366,11,78068297,q,11q
ENSG00000182809,14,105472962,q,14q
ENSG00000152503,5,115124762,q,5q
ENSG00000099875,19,2037465,p,19p
ENSG00000252887,16,89443318,q,16q
ENSG00000172613,11,67317871,q,11q
ENSG00000252339,16,71563430,q,16q
ENSG00000140832,16,71626161,q,16q
ENSG00000111664,12,6839954,p,12p
ENSG00000223224,16,71758402,q,16q
ENSG00000173848,10,5412557,p,10p
ENSG00000166509,16,78022515,q,16q
ENSG00000063015,17,28954901,q,17q
ENSG00000164209,5,110738136,q,5q
ENSG00000008513,8,133454848,q,8q
ENSG00000175595,16,13920138,p,16p
ENSG00000019102,11,124747472,q,11q
ENSG00000170293,3,32237207,p,3p
ENSG00000129354,19,10572670,p,19p
ENSG00000160716,1,154567778,q,1q
ENSG00000137673,11,102520508,q,11q
ENSG00000205269,6,11537748,p,6p
ENSG00000131016,6,151239936,q,6q
ENSG00000164332,5,159263285,q,5q
ENSG00000203784,1,153203430,q,1q
ENSG00000109332,4,102793516,q,4q
ENSG00000203783,1,153217584,q,1q
ENSG00000176945,3,195720884,q,3q
ENSG00000167996,11,61959718,q,11q
ENSG00000159527,1,153297116,q,1q
ENSG00000165731,10,43077026,q,10q
ENSG00000118526,6,133889113,q,6q
ENSG00000150977,12,123409714,q,12q
ENSG00000112796,6,46158482,p,6p
ENSG00000114021,3,100334625,q,3q
ENSG00000166595,16,66932065,q,16q
ENSG00000163218,1,153330120,q,1q
ENSG00000110871,12,120503279,q,12q
ENSG00000108641,17,19334308,p,17p
ENSG00000207321,1,153331622,q,1q
ENSG00000164694,6,159169353,q,6q
ENSG00000204628,5,181236897,q,5q
ENSG00000186891,1,1203508,p,1p
ENSG00000169908,3,149369022,q,3q
ENSG00000132744,11,67642551,q,11q
ENSG00000176022,1,1232237,p,1p
ENSG00000144820,3,100609601,q,3q
ENSG00000240771,12,57610180,q,12q
ENSG00000184163,1,1242446,p,1p
ENSG00000159648,16,57976435,q,16q
ENSG00000023902,1,150149183,q,1q
ENSG00000171100,X,150568417,q,Xq
ENSG00000197774,16,1772810,p,16p
ENSG00000177352,3,49161063,p,3p
ENSG00000230873,6,17102050,p,6p
ENSG00000178075,3,113828182,q,3q
ENSG00000159208,1,150282543,q,1q
ENSG00000185559,14,100725705,q,14q
ENSG00000146285,6,107702154,q,6q
ENSG00000162148,11,61481120,q,11q
ENSG00000168418,16,84218657,q,16q
ENSG00000079313,19,1815248,p,19p
ENSG00000277481,16,71929538,q,16q
ENSG00000180616,17,73165010,q,17q
ENSG00000187959,17,73248449,q,17q
ENSG00000119421,9,122144058,q,9q
ENSG00000252391,17,78696694,q,17q
ENSG00000212657,17,41307700,q,17q
ENSG00000189051,17,8390702,p,17p
ENSG00000187997,17,78146385,q,17q
ENSG00000119471,9,112380051,q,9q
ENSG00000108064,10,58385345,q,10q
ENSG00000214978,17,9800608,p,17p
ENSG00000135100,12,120978543,q,12q
ENSG00000169962,1,1331280,p,1p
ENSG00000183914,17,7717744,p,17p
ENSG00000171217,6,155264013,q,6q
ENSG00000133731,8,81656914,q,8q
ENSG00000188994,6,87151803,q,6q
ENSG00000177200,16,53054991,q,16q
ENSG00000251943,1,172613428,q,1q
ENSG00000110448,11,61102489,q,11q
ENSG00000152661,6,121435577,q,6q
ENSG00000105426,19,5158495,p,19p
ENSG00000197977,6,10980759,p,6p
ENSG00000148773,10,128096659,q,10q
ENSG00000187726,11,73951014,q,11q
ENSG00000111962,6,148746913,q,6q
ENSG00000112659,6,43182181,p,6p
ENSG00000273604,17,38671703,q,17q
ENSG00000013725,11,60971675,q,11q
ENSG00000275489,17,38835086,q,17q
ENSG00000136485,17,63550222,q,17q
ENSG00000141971,19,17405722,p,19p
ENSG00000107731,10,71212523,q,10q
ENSG00000165716,9,136712468,q,9q
ENSG00000047457,3,149162410,q,3q
ENSG00000165724,9,137582081,q,9q
ENSG00000257008,17,74367458,q,17q
ENSG00000176769,10,131092391,q,10q
ENSG00000176927,17,29929200,q,17q
ENSG00000148356,9,127451469,q,9q
ENSG00000049245,1,7771296,p,1p
ENSG00000108091,10,59788747,q,10q
ENSG00000049247,1,7843083,p,1p
ENSG00000235162,12,105235290,q,12q
ENSG00000165863,10,116662208,q,10q
ENSG00000175262,1,10946471,p,1p
ENSG00000183828,14,105172937,q,14q
ENSG00000171206,10,102642503,q,10q
ENSG00000122545,7,35800932,p,7p
ENSG00000199135,1,65058434,p,1p
ENSG00000157895,12,121000486,q,12q
ENSG00000230667,1,92074533,p,1p
ENSG00000163545,1,205302063,q,1q
ENSG00000170921,17,62966235,q,17q
ENSG00000105327,19,47220822,q,19q
ENSG00000170348,14,75131443,q,14q
ENSG00000186007,1,205381378,q,1q
ENSG00000134970,5,115613210,q,5q
ENSG00000137392,6,35794982,p,6p
ENSG00000214113,6,5102595,p,6p
ENSG00000119048,5,134371184,q,5q
ENSG00000241973,22,20707691,q,22q
ENSG00000132821,20,37903111,q,20q
ENSG00000119686,14,75578594,q,14q
ENSG00000063169,19,47608196,q,19q
ENSG00000274059,1,207708898,q,1q
ENSG00000143469,1,209900923,q,1q
ENSG00000197586,20,25195693,p,20p
ENSG00000164741,8,13083361,p,8p
ENSG00000138834,16,1706166,p,16p
ENSG00000066468,10,121478332,q,10q
ENSG00000183273,12,119334703,q,12q
ENSG00000174886,19,5891207,p,19p
ENSG00000163815,3,45001548,p,3p
ENSG00000122126,X,129539849,q,Xq
ENSG00000137770,15,44427599,q,15q
ENSG00000114019,3,134355347,q,3q
ENSG00000105699,19,35248330,q,19q
ENSG00000175336,12,56360568,q,12q
ENSG00000089692,12,6772360,p,12p
ENSG00000058729,5,97160867,q,5q
ENSG00000118513,6,135181308,q,6q
ENSG00000134769,18,34493291,q,18q
ENSG00000110436,11,35251205,p,11p
ENSG00000143816,1,227918656,q,1q
ENSG00000185630,1,164555584,q,1q
ENSG00000111554,12,68272443,q,12q
ENSG00000123643,5,151437046,q,5q
ENSG00000140093,14,94278767,q,14q
ENSG00000144848,3,112532510,q,3q
ENSG00000198918,X,119786497,q,Xq
ENSG00000156298,X,38561498,p,Xp
ENSG00000171246,17,80466834,q,17q
ENSG00000180433,1,158754720,q,1q
ENSG00000162746,1,161721544,q,1q
ENSG00000108688,17,34270221,q,17q
ENSG00000289491,16,30610211,p,16p
ENSG00000172156,17,34285742,q,17q
ENSG00000178761,15,74899992,q,15q
ENSG00000185888,1,227815675,q,1q
ENSG00000134285,12,48921518,q,12q
ENSG00000100764,14,90256527,q,14q
ENSG00000108691,17,34255274,q,17q
ENSG00000215912,1,2636986,p,1p
ENSG00000104635,8,22366727,p,8p
ENSG00000144837,3,119597808,q,3q
ENSG00000125355,X,120258650,q,Xq
ENSG00000161929,17,5208920,p,17p
ENSG00000137802,15,41774434,q,15q
ENSG00000136010,12,105019784,q,12q
ENSG00000133398,5,6371874,p,5p
ENSG00000206917,17,58677574,q,17q
ENSG00000092330,14,24238286,q,14q
ENSG00000200997,17,58679527,q,17q
ENSG00000108255,17,29246859,q,17q
ENSG00000157219,7,155070324,q,7q
ENSG00000113734,5,173144442,q,5q
ENSG00000132613,16,70661204,q,16q
ENSG00000130226,7,153748133,q,7q
ENSG00000259207,17,47253827,q,17q
ENSG00000179152,3,44338119,p,3p
ENSG00000179002,1,18839599,p,1p
ENSG00000186827,1,1211326,p,1p
ENSG00000130119,X,54529900,p,Xp
ENSG00000180096,16,30378135,p,16p
ENSG00000111424,12,47841537,q,12q
ENSG00000165525,14,49782083,q,14q
ENSG00000105649,19,18196752,p,19p
ENSG00000146007,5,140698680,q,5q
ENSG00000125744,19,45485294,q,19q
ENSG00000178852,17,47323290,q,17q
ENSG00000162779,1,179365720,q,1q
ENSG00000170561,5,2741794,p,5p
ENSG00000169258,5,176595802,q,5q
ENSG00000140798,16,48080882,q,16q
ENSG00000084444,12,13044185,p,12p
ENSG00000274529,17,28363506,q,17q
ENSG00000153922,5,98853985,q,5q
ENSG00000111727,12,104064531,q,12q
ENSG00000168802,16,69118010,q,16q
ENSG00000165934,14,92121512,q,14q
ENSG00000286140,16,69118010,q,16q
ENSG00000207405,16,1962973,p,16p
ENSG00000179580,16,1966823,p,16p
ENSG00000183186,19,405443,p,19p
ENSG00000049883,5,72320318,q,5q
ENSG00000171819,1,11189355,p,1p
ENSG00000221656,16,2090195,p,16p
ENSG00000174109,16,1419752,p,16p
ENSG00000284395,16,1431078,p,16p
ENSG00000197417,17,3608240,p,17p
ENSG00000178878,12,12725917,p,12p
ENSG00000197599,16,1434383,p,16p
ENSG00000120942,1,11273198,p,1p
ENSG00000177602,17,3723903,p,17p
ENSG00000110799,12,5948877,p,12p
ENSG00000103152,16,77007,p,16p
ENSG00000101940,X,48589838,p,Xp
ENSG00000091513,3,133746040,q,3q
ENSG00000158955,17,46833201,q,17q
ENSG00000232258,16,8537605,p,16p
ENSG00000105058,19,16185380,p,19p
ENSG00000140945,16,82626965,q,16q
ENSG00000108433,17,46923075,q,17q
ENSG00000179603,7,126438598,q,7q
ENSG00000100373,22,45284924,q,22q
ENSG00000166503,15,83112738,q,15q
ENSG00000105143,19,14950033,p,19p
ENSG00000100227,22,42583717,q,22q
ENSG00000174485,15,65658046,q,15q
ENSG00000131686,1,8945867,p,1p
ENSG00000165502,14,49618530,q,14q
ENSG00000159761,16,67666814,q,16q
ENSG00000100441,14,24423052,q,14q
ENSG00000057704,12,94567122,q,12q
ENSG00000163581,3,170995125,q,3q
ENSG00000207692,7,127058088,q,7q
ENSG00000168286,16,67842320,q,16q
ENSG00000157680,7,137381037,q,7q
ENSG00000102218,X,46836928,p,Xp
ENSG00000188038,16,67884885,q,16q
ENSG00000065526,1,15836095,p,1p
ENSG00000173391,12,10158301,p,12p
ENSG00000159792,16,67893254,q,16q
ENSG00000082458,X,70444835,q,Xq
ENSG00000141086,16,67927640,q,16q
ENSG00000145723,5,103086000,q,5q
ENSG00000105220,19,34359480,q,19q
ENSG00000162923,1,224385146,q,1q
ENSG00000129315,12,48688458,q,12q
ENSG00000213398,16,67939750,q,16q
ENSG00000119638,14,75079353,q,14q
ENSG00000106436,7,101613330,q,7q
ENSG00000164045,3,48157146,p,3p
ENSG00000091704,7,130380339,q,7q
ENSG00000164291,5,95555101,q,5q
ENSG00000263201,16,68013436,q,16q
ENSG00000179588,16,88453280,q,16q
ENSG00000182774,15,82536748,q,15q
ENSG00000099910,22,20441519,q,22q
ENSG00000124391,16,88638572,q,16q
ENSG00000082213,5,31532287,p,5p
ENSG00000179562,7,127580628,q,7q
ENSG00000185669,16,88677688,q,16q
ENSG00000139269,12,57452323,q,12q
ENSG00000106328,7,127591409,q,7q
ENSG00000139263,12,58872037,q,12q
ENSG00000069764,16,14672548,p,16p
ENSG00000185274,7,71132144,q,7q
ENSG00000166200,15,49106068,q,15q
ENSG00000244242,11,1732406,p,11p
ENSG00000155093,7,157539056,q,7q
ENSG00000079482,X,67949349,q,Xq
ENSG00000143322,1,179099330,q,1q
ENSG00000014216,11,65180566,q,11q
ENSG00000172058,5,70900669,q,5q
ENSG00000159753,16,67644988,q,16q
ENSG00000125037,3,9962682,p,3p
ENSG00000100124,22,37830853,q,22q
ENSG00000242110,5,33986165,p,5p
ENSG00000089060,12,113298759,q,12q
ENSG00000163956,4,3503612,p,4p
ENSG00000187391,7,78017055,q,7q
ENSG00000121579,3,113716458,q,3q
ENSG00000179673,17,46978156,q,17q
ENSG00000100711,14,103715730,q,14q
ENSG00000129993,16,88874858,q,16q
ENSG00000035499,5,60596912,q,5q
ENSG00000175175,17,58755854,q,17q
ENSG00000200560,17,63573242,q,17q
ENSG00000145029,3,49422333,p,3p
ENSG00000147160,X,70040542,q,Xq
ENSG00000069509,X,44523639,p,Xp
ENSG00000188766,19,38388421,q,19q
ENSG00000100083,22,37608474,q,22q
ENSG00000169946,8,104590733,q,8q
ENSG00000197724,9,93576584,q,9q
ENSG00000102038,X,129446501,q,Xq
ENSG00000207266,16,27998295,p,16p
ENSG00000127554,16,1984193,p,16p
ENSG00000178057,3,49020459,p,3p
ENSG00000167600,19,41193045,q,19q
ENSG00000127184,5,86617905,q,5q
ENSG00000079459,8,11795570,p,8p
ENSG00000159692,4,1211434,p,4p
ENSG00000116260,1,180154869,q,1q
ENSG00000170345,14,75278826,q,14q
ENSG00000113905,3,186660216,q,3q
ENSG00000112984,5,138178719,q,5q
ENSG00000207639,16,14303967,p,16p
ENSG00000199130,16,14309285,p,16p
ENSG00000227500,19,1905214,p,19p
ENSG00000139767,12,118981541,q,12q
ENSG00000119681,14,74498183,q,14q
ENSG00000167004,15,43746394,q,15q
ENSG00000150048,12,10069554,p,12p
ENSG00000101194,20,62952668,q,20q
ENSG00000148343,9,129036614,q,9q
ENSG00000109101,17,28506243,q,17q
ENSG00000266074,17,81395457,q,17q
ENSG00000163946,3,56620132,p,3p
ENSG00000048462,16,11965210,p,16p
ENSG00000136237,7,22118236,p,7p
ENSG00000158486,16,20933111,p,16p
ENSG00000141564,17,80544819,q,17q
ENSG00000089041,12,121132819,q,12q
ENSG00000137642,11,121452314,q,11q
ENSG00000197576,7,27128507,p,7p
ENSG00000088320,20,31474979,q,20q
ENSG00000101489,18,37243040,q,18q
ENSG00000170615,7,103352730,q,7q
ENSG00000179454,14,44924324,q,14q
ENSG00000114853,3,42652900,p,3p
ENSG00000213347,5,177301461,q,5q
ENSG00000101452,20,38962299,q,20q
ENSG00000100605,14,92936914,q,14q
ENSG00000251692,16,1485886,p,16p
ENSG00000113790,3,185190624,q,3q
ENSG00000180185,16,1826967,p,16p
ENSG00000215148,16,2798470,p,16p
ENSG00000181847,3,114276913,q,3q
ENSG00000151006,16,31083437,p,16p
ENSG00000164405,5,132866626,q,5q
ENSG00000106991,9,127811130,q,9q
ENSG00000205022,16,88863333,q,16q
ENSG00000151923,10,119571802,q,10q
ENSG00000173702,3,124905440,q,3q
ENSG00000158748,1,19664875,p,1p
ENSG00000020633,1,24899511,p,1p
ENSG00000198865,5,42756799,p,5p
ENSG00000005381,17,58269855,q,17q
ENSG00000181019,16,69706996,q,16q
ENSG00000169964,3,44861889,p,3p
ENSG00000163885,3,126394656,q,3q
ENSG00000005379,17,58301228,q,17q
ENSG00000159388,1,203305491,q,1q
ENSG00000116254,1,6101787,p,1p
ENSG00000140519,15,89471398,q,15q
ENSG00000068796,5,62306162,q,5q
ENSG00000012983,14,50417845,q,14q
ENSG00000004399,3,129555213,q,3q
ENSG00000166546,16,66427295,q,16q
ENSG00000138160,10,92574105,q,10q
ENSG00000198959,20,38127385,q,20q
ENSG00000175318,15,72159806,q,15q
ENSG00000061273,12,47782722,q,12q
ENSG00000196497,14,24180219,q,14q
ENSG00000008710,16,2088708,p,16p
ENSG00000173673,1,6244179,p,1p
ENSG00000207730,1,1167104,p,1p
ENSG00000207607,1,1167863,p,1p
ENSG00000205116,1,1425871,p,1p
ENSG00000184056,15,90998673,q,15q
ENSG00000149243,11,75422394,q,11q
ENSG00000178104,1,148808140,q,1q
ENSG00000284353,17,58331232,q,17q
ENSG00000213246,17,58345175,q,17q
ENSG00000170525,10,6144928,p,10p
ENSG00000168004,11,63461404,q,11q
ENSG00000163884,3,126342635,q,3q
ENSG00000007952,X,100843324,q,Xq
ENSG00000185614,3,49803240,p,3p
ENSG00000197584,3,178272932,q,3q
ENSG00000100206,22,38518905,q,22q
ENSG00000162139,11,74984361,q,11q
ENSG00000125868,20,17569152,p,20p
ENSG00000180914,3,8750381,p,3p
ENSG00000172818,11,65786714,q,11q
ENSG00000149295,11,113409605,q,11q
ENSG00000179021,3,88149647,p,3p
ENSG00000203896,20,63736283,q,20q
ENSG00000144741,3,66133610,p,3p
ENSG00000167461,19,16111843,p,19p
ENSG00000170965,X,134565837,q,Xq
ENSG00000109756,4,159103013,q,4q
ENSG00000101290,20,5126879,p,20p
ENSG00000008056,X,47571901,p,Xp
ENSG00000101558,18,9913916,p,18p
ENSG00000110172,11,90200429,q,11q
ENSG00000213265,7,130668643,q,7q
ENSG00000105146,19,57231009,q,19q
ENSG00000266265,7,130730697,q,7q
ENSG00000039600,5,157625679,q,5q
ENSG00000183166,7,71779491,q,7q
ENSG00000157514,X,107713221,q,Xq
ENSG00000178460,8,66870749,q,8q
ENSG00000242372,20,35278906,q,20q
ENSG00000131437,5,132692628,q,5q
ENSG00000207705,7,128207872,q,7q
ENSG00000008226,3,38039205,p,3p
ENSG00000142538,19,49422419,q,19q
ENSG00000206630,16,2155023,p,16p
ENSG00000167971,16,2177180,p,16p
ENSG00000117152,1,163068775,q,1q
ENSG00000007264,19,3777969,p,19p
ENSG00000100095,22,26169462,q,22q
ENSG00000141646,18,51028528,q,18q
ENSG00000185742,11,109422190,q,11q
ENSG00000205678,4,64275257,q,4q
ENSG00000182685,16,2209253,p,16p
ENSG00000172425,11,118527437,q,11q
ENSG00000172575,15,38488103,q,15q
ENSG00000184207,16,2211593,p,16p
ENSG00000157211,1,54132687,p,1p
ENSG00000165259,X,84317874,q,Xq
ENSG00000167968,16,2235816,p,16p
ENSG00000126500,11,64035931,q,11q
ENSG00000143552,1,153992690,q,1q
ENSG00000187049,11,61392393,q,11q
ENSG00000110047,11,64851642,q,11q
ENSG00000141429,18,35580892,q,18q
ENSG00000156162,8,94719703,q,8q
ENSG00000127377,7,151428832,q,7q
ENSG00000205937,16,2253116,p,16p
ENSG00000148429,10,11460328,p,10p
ENSG00000164707,7,135681231,q,7q
ENSG00000121236,11,5596109,p,11p
ENSG00000225526,3,12514934,p,3p
ENSG00000187017,1,6424776,p,1p
ENSG00000170464,5,139408588,q,5q
ENSG00000180042,17,3385930,p,17p
ENSG00000263429,17,10794908,p,17p
ENSG00000198954,10,68988803,q,10q
ENSG00000186393,17,40766238,q,17q
ENSG00000110887,12,108858932,q,12q
ENSG00000008324,3,42581840,p,3p
ENSG00000138668,4,82351523,q,4q
ENSG00000090512,3,186634558,q,3q
ENSG00000198216,1,181317690,q,1q
ENSG00000165695,9,132725573,q,9q
ENSG00000236383,17,43216941,q,17q
ENSG00000171858,20,62385948,q,20q
ENSG00000109943,11,122829482,q,11q
ENSG00000078061,X,47561182,p,Xp
ENSG00000189320,7,135728348,q,7q
ENSG00000165672,10,119167699,q,10q
ENSG00000199700,7,135960703,q,7q
ENSG00000171617,5,74627406,q,5q
ENSG00000274452,17,43290291,q,17q
ENSG00000165120,7,130206344,q,7q
ENSG00000153930,17,55882301,q,17q
ENSG00000170946,11,31369840,p,11p
ENSG00000148358,9,130053426,q,9q
ENSG00000048392,8,102204502,q,8q
ENSG00000196335,7,23710203,p,7p
ENSG00000172239,5,43526267,p,5p
ENSG00000125991,20,35542024,q,20q
ENSG00000053918,11,2444654,p,11p
ENSG00000183691,17,56593699,q,17q
ENSG00000082701,3,119821321,q,3q
ENSG00000068438,X,48476021,p,Xp
ENSG00000166439,11,74748849,q,11q
ENSG00000110344,11,118359587,q,11q
ENSG00000158201,18,21650898,q,18q
ENSG00000179930,1,182054570,q,1q
ENSG00000206764,1,182327068,q,1q
ENSG00000122432,1,84506300,p,1p
ENSG00000182645,10,116324388,q,10q
ENSG00000156150,1,110059870,p,1p
ENSG00000186150,1,110112443,p,1p
ENSG00000198513,14,50532509,q,14q
ENSG00000154007,1,75918873,p,1p
ENSG00000100296,22,29505879,q,22q
ENSG00000184005,1,76074746,p,1p
ENSG00000119969,10,94545329,q,10q
ENSG00000141668,18,72534118,q,18q
ENSG00000136940,9,122798389,q,9q
ENSG00000166510,18,54901504,q,18q
ENSG00000151233,12,42081845,q,12q
ENSG00000119707,14,73058532,q,14q
ENSG00000155868,5,157137424,q,5q
ENSG00000127191,9,136881903,q,9q
ENSG00000123219,5,65517766,q,5q
ENSG00000111341,12,14880864,p,12p
ENSG00000069424,1,5990927,p,1p
ENSG00000102265,X,47582408,p,Xp
ENSG00000163751,3,148865296,q,3q
ENSG00000013583,12,12974867,p,12p
ENSG00000183283,12,51238724,q,12q
ENSG00000146834,7,100428322,q,7q
ENSG00000176485,11,63573172,q,11q
ENSG00000168032,3,40387184,p,3p
ENSG00000102144,X,77910739,q,Xq
ENSG00000105270,19,36014660,q,19q
ENSG00000078328,16,5239802,p,16p
ENSG00000138615,15,65194760,q,15q
ENSG00000162236,11,62806860,q,11q
ENSG00000184828,18,48026672,q,18q
ENSG00000197992,12,10030678,p,12p
ENSG00000006283,17,50560715,q,17q
ENSG00000125351,X,119833808,q,Xq
ENSG00000017427,12,102395874,q,12q
ENSG00000188582,3,142949164,q,3q
ENSG00000263155,15,57591900,q,15q
ENSG00000164951,8,93857788,q,8q
ENSG00000183760,19,39083913,q,19q
ENSG00000104691,8,30729131,p,8p
ENSG00000211693,7,38291616,p,7p
ENSG00000185290,7,56114681,p,7p
ENSG00000171759,12,102836889,q,12q
ENSG00000130402,19,38647605,q,19q
ENSG00000214415,7,80458635,q,7q
ENSG00000101346,20,32207851,q,20q
ENSG00000068308,X,48922024,p,Xp
ENSG00000239075,7,89754620,q,7q
ENSG00000127920,7,93921735,q,7q
ENSG00000163959,3,196211487,q,3q
ENSG00000164172,5,53095679,q,5q
ENSG00000087589,20,56412049,q,20q
ENSG00000162344,11,69698232,q,11q
ENSG00000082397,18,5392379,p,18p
ENSG00000181804,3,143265222,q,3q
ENSG00000125898,20,833715,p,20p
ENSG00000153790,7,25134692,p,7p
ENSG00000072518,11,63838923,q,11q
ENSG00000100934,14,39031918,q,14q
ENSG00000124191,20,43914844,q,20q
ENSG00000105954,7,25224570,p,7p
ENSG00000104643,8,11284523,p,8p
ENSG00000127249,3,193398967,q,3q
ENSG00000101966,X,123859693,q,Xq
ENSG00000106211,7,76302673,q,7q
ENSG00000180481,12,75391089,q,12q
ENSG00000123560,X,103769047,q,Xq
ENSG00000178397,7,6329411,p,7p
ENSG00000154319,8,11421463,p,8p
ENSG00000221989,7,144109583,q,7q
ENSG00000124155,20,45416084,q,20q
ENSG00000111653,12,6650300,p,12p
ENSG00000106404,7,101232092,q,7q
ENSG00000186918,8,28345590,p,8p
ENSG00000241224,3,109118252,q,3q
ENSG00000186329,3,171843349,q,3q
ENSG00000207454,7,101269938,q,7q
ENSG00000183597,22,20016615,q,22q
ENSG00000128581,7,101310914,q,7q
ENSG00000114383,3,50320027,p,3p
ENSG00000156463,5,145936425,q,5q
ENSG00000170860,3,14178801,p,3p
ENSG00000163633,4,86876205,q,4q
ENSG00000163687,3,58192257,p,3p
ENSG00000072201,4,53459301,q,4q
ENSG00000188050,7,122697735,q,7q
ENSG00000235631,7,122701668,q,7q
ENSG00000099219,9,5749832,p,9p
ENSG00000128519,7,122994704,q,7q
ENSG00000213145,14,105484603,q,14q
ENSG00000114378,3,50299883,p,3p
ENSG00000070814,5,150357629,q,5q
ENSG00000151617,4,147480917,q,4q
ENSG00000164938,8,94925972,q,8q
ENSG00000119703,14,75064109,q,14q
ENSG00000148835,10,103367964,q,10q
ENSG00000123124,8,86342547,q,8q
ENSG00000047365,4,35948221,p,4p
ENSG00000154473,10,123154395,q,10q
ENSG00000174564,3,136946230,q,3q
ENSG00000111087,12,57459785,q,12q
ENSG00000156411,14,103912281,q,14q
ENSG00000129437,19,51077317,q,19q
ENSG00000174004,3,196639694,q,3q
ENSG00000163659,3,156673235,q,3q
ENSG00000104047,15,49621031,q,15q
ENSG00000158113,12,122167738,q,12q
ENSG00000121797,3,46407144,p,3p
ENSG00000174206,12,64186226,q,12q
ENSG00000196116,9,97412069,q,9q
ENSG00000227345,10,49815137,q,10q
ENSG00000111276,12,12685498,p,12p
ENSG00000022976,14,102317377,q,14q
ENSG00000157017,3,10285666,p,3p
ENSG00000165675,X,130622325,q,Xq
ENSG00000047621,12,4487735,p,12p
ENSG00000163312,4,83407343,q,4q
ENSG00000173546,15,75674322,q,15q
ENSG00000241697,9,100473121,q,9q
ENSG00000186575,22,29603546,q,22q
ENSG00000174444,15,66498015,q,15q
ENSG00000111199,12,109783087,q,12q
ENSG00000089737,14,94048287,q,14q
ENSG00000177707,3,111070071,q,3q
ENSG00000189129,10,80131682,q,10q
ENSG00000103495,16,29806106,p,16p
ENSG00000118785,4,87975667,q,4q
ENSG00000166136,10,100523668,q,10q
ENSG00000122707,9,36036905,p,9p
ENSG00000071794,3,149030122,q,3q
ENSG00000149798,11,65314834,q,11q
ENSG00000175470,10,131900977,q,10q
ENSG00000172350,11,119149052,q,11q
ENSG00000208017,16,69933081,q,16q
ENSG00000100784,14,90847861,q,14q
ENSG00000261236,8,144262045,q,8q
ENSG00000148841,10,104309698,q,10q
ENSG00000137460,4,152935887,q,4q
ENSG00000136877,9,127794597,q,9q
ENSG00000110148,11,6259806,p,11p
ENSG00000183346,10,61662929,q,10q
ENSG00000143442,1,151402724,q,1q
ENSG00000107874,10,102423242,q,10q
ENSG00000163683,4,39546336,p,4p
ENSG00000173457,11,64244478,q,11q
ENSG00000102317,X,48574056,p,Xp
ENSG00000134917,11,130404923,q,11q
ENSG00000157045,16,15037854,p,16p
ENSG00000163704,3,9939450,p,3p
ENSG00000229474,15,44665732,q,15q
ENSG00000170142,3,23805955,p,3p
ENSG00000127511,19,16829387,p,19p
ENSG00000131831,X,17799788,p,Xp
ENSG00000169129,10,114293604,q,10q
ENSG00000197136,11,65615754,q,11q
ENSG00000140307,15,59638058,q,15q
ENSG00000100949,14,24265538,q,14q
ENSG00000183971,16,2009926,p,16p
ENSG00000066422,3,101648889,q,3q
ENSG00000237515,16,12901598,p,16p
ENSG00000094631,X,48801377,p,Xp
ENSG00000186153,16,78099400,q,16q
ENSG00000114315,3,194136142,q,3q
ENSG00000164056,4,123396754,q,4q
ENSG00000174748,3,23916591,p,3p
ENSG00000109572,4,169612438,q,4q
ENSG00000155330,16,46796603,q,16q
ENSG00000110092,11,69641143,q,11q
ENSG00000233932,15,48177875,q,15q
ENSG00000012504,12,100473708,q,12q
ENSG00000177606,1,58776845,p,1p
ENSG00000171735,1,6785454,p,1p
ENSG00000034053,15,28884449,q,15q
ENSG00000168569,11,62771629,q,11q
ENSG00000173465,11,65570459,q,11q
ENSG00000166164,16,50313487,q,16q
ENSG00000162399,1,54998933,p,1p
ENSG00000179241,11,35943981,p,11p
ENSG00000257365,14,64986837,q,14q
ENSG00000205090,1,1534778,p,1p
ENSG00000144730,3,57089982,p,3p
ENSG00000105137,19,15107364,p,19p
ENSG00000260428,8,144266453,q,8q
ENSG00000203995,1,52842511,p,1p
ENSG00000186174,11,118893875,q,11q
ENSG00000123933,4,2247432,p,4p
ENSG00000070718,8,42152946,p,8p
ENSG00000155252,10,97640671,q,10q
ENSG00000137692,11,103050686,q,11q
ENSG00000162383,1,53087179,p,1p
ENSG00000161981,16,53828,p,16p
ENSG00000181826,4,37590800,p,4p
ENSG00000127578,16,629239,p,16p
ENSG00000168826,4,4290238,p,4p
ENSG00000162006,16,769428,p,16p
ENSG00000129535,14,24078662,q,14q
ENSG00000167978,16,2752626,p,16p
ENSG00000077150,10,102394110,q,10q
ENSG00000164687,8,81280535,q,8q
ENSG00000072110,14,68874121,q,14q
ENSG00000197265,8,30578318,p,8p
ENSG00000177051,19,45710624,q,19q
ENSG00000007047,19,45079288,q,19q
ENSG00000010322,3,52455118,p,3p
ENSG00000175329,22,35066136,q,22q
ENSG00000110237,11,73308276,q,11q
ENSG00000186716,22,23179704,q,22q
ENSG00000143321,1,156742109,q,1q
ENSG00000085644,16,3129777,p,16p
ENSG00000188859,1,166057426,q,1q
ENSG00000177238,16,31214119,p,16p
ENSG00000102924,16,49277917,q,16q
ENSG00000162341,11,69048850,q,11q
ENSG00000249961,16,66754640,q,16q
ENSG00000094975,1,172532349,q,1q
ENSG00000178538,8,60185412,q,8q
ENSG00000130045,9,88534033,q,9q
ENSG00000077312,19,40750585,q,19q
ENSG00000095321,9,129094142,q,9q
ENSG00000147526,8,38728166,p,8p
ENSG00000168748,16,66844414,q,16q
ENSG00000111530,12,67269358,q,12q
ENSG00000262179,6,44216926,p,6p
ENSG00000120742,3,150541998,q,3q
ENSG00000153789,16,85098358,q,16q
ENSG00000204231,6,33193588,p,6p
ENSG00000066926,18,57544377,q,18q
ENSG00000157423,16,70802084,q,16q
ENSG00000105246,19,4229314,p,19p
ENSG00000129071,3,129430947,q,3q
ENSG00000099957,22,21009808,q,22q
ENSG00000105722,19,42247569,q,19q
ENSG00000185633,12,57234903,q,12q
ENSG00000252552,1,174996524,q,1q
ENSG00000159173,1,201403784,q,1q
ENSG00000166046,12,106301929,q,12q
ENSG00000105642,19,17947484,p,19p
ENSG00000136854,9,127579370,q,9q
ENSG00000213079,6,154733378,q,6q
ENSG00000162771,1,212624474,q,1q
ENSG00000123685,1,212686417,q,1q
ENSG00000143756,1,224114111,q,1q
ENSG00000211584,12,47753916,q,12q
ENSG00000144554,3,10026370,p,3p
ENSG00000111679,12,6946417,p,12p
ENSG00000076924,19,7619523,p,19p
ENSG00000137500,11,83259081,q,11q
ENSG00000170113,15,22773063,q,15q
ENSG00000236104,6,33314406,p,6p
ENSG00000198951,22,42058334,q,22q
ENSG00000198185,20,46499630,q,20q
ENSG00000214688,10,71711701,q,10q
ENSG00000130396,6,167826859,q,6q
ENSG00000138346,10,68414061,q,10q
ENSG00000196557,16,1153103,p,16p
ENSG00000092445,15,41557675,q,15q
ENSG00000162946,1,231626790,q,1q
ENSG00000152359,5,75674124,q,5q
ENSG00000101079,20,36651766,q,20q
ENSG00000167074,22,41367333,q,22q
ENSG00000172461,6,96015436,q,6q
ENSG00000100353,22,36510850,q,22q
ENSG00000111231,12,110452486,q,12q
ENSG00000113441,5,96935394,q,5q
ENSG00000150768,11,112025033,q,11q
ENSG00000272325,6,34279679,p,6p
ENSG00000105261,19,36111116,q,19q
ENSG00000183150,12,12660047,p,12p
ENSG00000262919,X,153587925,q,Xq
ENSG00000104889,19,12806505,p,19p
ENSG00000091844,6,153004459,q,6q
ENSG00000259417,15,80195481,q,15q
ENSG00000253251,5,65624765,q,5q
ENSG00000077147,10,96518110,q,10q
ENSG00000186687,5,131170918,q,5q
ENSG00000124802,6,8073360,p,6p
ENSG00000182544,12,53251251,q,12q
ENSG00000111707,12,118376531,q,12q
ENSG00000105176,19,29923644,q,19q
ENSG00000168246,5,172209645,q,5q
ENSG00000100814,14,20311353,q,14q
ENSG00000146414,6,145864245,q,6q
ENSG00000163626,4,73052362,q,4q
ENSG00000072571,5,163460203,q,5q
ENSG00000005893,X,120426148,q,Xq
ENSG00000109171,4,48341472,p,4p
ENSG00000149948,12,65824460,q,12q
ENSG00000140416,15,63042481,q,15q
ENSG00000253457,8,30638576,p,8p
ENSG00000125656,19,6361427,p,19p
ENSG00000157168,8,31639222,p,8p
ENSG00000101213,20,63528001,q,20q
ENSG00000138663,4,83034447,q,4q
ENSG00000218891,19,55576774,q,19q
ENSG00000237452,19,45733439,q,19q
ENSG00000166913,20,44885676,q,20q
ENSG00000104883,19,7476869,p,19p
ENSG00000111445,12,118013588,q,12q
ENSG00000121653,11,45885618,p,11p
ENSG00000124783,6,7268306,p,6p
ENSG00000167670,19,4402617,p,19p
ENSG00000173681,X,19912860,p,Xp
ENSG00000165698,9,132878027,q,9q
ENSG00000109771,4,185363655,q,4q
ENSG00000162105,11,70467805,q,11q
ENSG00000148225,9,113313222,q,9q
ENSG00000116176,16,1221651,p,16p
ENSG00000131043,20,36236131,q,20q
ENSG00000188958,3,191267168,q,3q
ENSG00000138772,4,78551621,q,4q
ENSG00000138119,10,93306429,q,10q
ENSG00000198937,6,37482920,p,6p
ENSG00000131023,6,149658153,q,6q
ENSG00000105281,19,46774883,q,19q
ENSG00000171135,3,9890574,p,3p
ENSG00000075188,12,102073103,q,12q
ENSG00000163530,3,109293788,q,3q
ENSG00000005513,16,981444,p,16p
ENSG00000126759,X,47621537,p,Xp
ENSG00000066117,12,50085200,q,12q
ENSG00000088826,20,4120980,p,20p
ENSG00000064666,19,1026547,p,19p
ENSG00000112812,6,27247701,p,6p
ENSG00000003096,X,117897794,q,Xq
ENSG00000135052,9,86026138,q,9q
ENSG00000172780,3,129087569,q,3q
ENSG00000167962,16,1997654,p,16p
ENSG00000100629,14,80476969,q,14q
ENSG00000171530,5,77691166,q,5q
ENSG00000160097,1,32862268,p,1p
ENSG00000221963,22,35648386,q,22q
ENSG00000099994,22,24181481,q,22q
ENSG00000168273,3,52533950,p,3p
ENSG00000123892,11,88113251,q,11q
ENSG00000284214,1,207801852,q,1q
ENSG00000284203,1,207802443,q,1q
ENSG00000144827,3,111978972,q,3q
ENSG00000160818,1,156594301,q,1q
ENSG00000134056,5,69217712,q,5q
ENSG00000262152,16,2988256,p,16p
ENSG00000166507,10,73801910,q,10q
ENSG00000164258,5,53560633,q,5q
ENSG00000254999,3,10115673,p,3p
ENSG00000177189,X,20149911,p,Xp
ENSG00000111843,6,10722915,p,6p
ENSG00000213593,11,57712562,q,11q
ENSG00000132182,3,13316231,p,3p
ENSG00000150756,5,10225507,p,5p
ENSG00000162039,16,1833986,p,16p
ENSG00000116990,1,39895428,p,1p
ENSG00000110917,12,120687125,q,12q
ENSG00000112218,6,96794125,q,6q
ENSG00000125945,1,23359448,p,1p
ENSG00000130772,1,28329002,p,1p
ENSG00000123552,6,99432325,q,6q
ENSG00000134058,5,69234795,q,5q
ENSG00000135441,12,55716033,q,12q
ENSG00000061656,20,35615829,q,20q
ENSG00000089154,12,120127202,q,12q
ENSG00000090013,19,40447765,q,19q
ENSG00000165304,9,36572074,p,9p
ENSG00000138769,4,75576494,q,4q
ENSG00000009830,14,77274956,q,14q
ENSG00000167992,11,61255672,q,11q
ENSG00000108039,10,109864494,q,10q
ENSG00000131069,20,34872146,q,20q
ENSG00000166473,16,81100875,q,16q
ENSG00000109758,4,3441924,p,4p
ENSG00000211452,1,53891239,p,1p
ENSG00000140157,15,22838625,q,15q
ENSG00000128274,22,42691010,q,22q
ENSG00000173545,5,16451518,p,5p
ENSG00000204287,6,32439872,p,6p
ENSG00000222784,1,30843823,p,1p
ENSG00000162592,1,3746460,p,1p
ENSG00000169398,8,140657900,q,8q
ENSG00000113194,5,176447628,q,5q
ENSG00000156097,1,109539872,p,1p
ENSG00000118518,6,127266582,q,6q
ENSG00000159398,16,55846154,q,16q
ENSG00000213186,3,160432445,q,3q
ENSG00000143258,1,161159450,q,1q
ENSG00000118420,6,82892390,q,6q
ENSG00000278195,22,37204237,q,22q
ENSG00000119574,19,58513530,q,19q
ENSG00000182944,22,29268009,q,22q
ENSG00000182247,3,23203020,p,3p
ENSG00000109854,11,20355910,p,11p
ENSG00000145494,5,1801363,p,5p
ENSG00000174951,19,48748011,q,19q
ENSG00000196104,4,166733384,q,4q
ENSG00000161021,5,179732822,q,5q
ENSG00000075945,1,169921326,q,1q
ENSG00000163808,3,44761721,p,3p
ENSG00000137331,6,30743199,p,6p
ENSG00000171421,5,1798381,p,5p
ENSG00000167645,19,38303558,q,19q
ENSG00000112304,6,24666921,p,6p
ENSG00000113319,5,80960310,q,5q
ENSG00000134954,11,128458761,q,11q
ENSG00000146215,6,43299710,p,6p
ENSG00000133943,14,91060044,q,14q
ENSG00000137338,6,28281493,p,6p
ENSG00000135835,1,180912897,q,1q
ENSG00000081248,1,201039512,q,1q
ENSG00000164430,6,73413515,q,6q
ENSG00000113119,5,140639427,q,5q
ENSG00000135503,12,51951679,q,12q
ENSG00000118523,6,131948176,q,6q
ENSG00000156603,11,57703710,q,11q
ENSG00000143337,1,179882042,q,1q
ENSG00000170903,11,105995623,q,11q
ENSG00000055208,6,149218641,q,6q
ENSG00000177508,16,54283304,q,16q
ENSG00000166689,11,16777297,p,11p
ENSG00000112365,6,109460632,q,6q
ENSG00000115268,19,1438354,p,19p
ENSG00000113068,5,140245035,q,5q
ENSG00000076716,X,133300103,q,Xq
ENSG00000136014,12,95516560,q,12q
ENSG00000164180,5,88185575,q,5q
ENSG00000116745,1,68428822,p,1p
ENSG00000130208,19,44913133,q,19q
ENSG00000116147,1,175315194,q,1q
ENSG00000152219,11,30323104,p,11p
ENSG00000183943,X,3604340,p,Xp
ENSG00000175868,11,14904997,p,11p
ENSG00000099330,19,17226198,p,19p
ENSG00000198626,1,237042184,q,1q
ENSG00000154102,16,85690084,q,16q
ENSG00000110107,11,60890547,q,11q
ENSG00000068366,X,109624244,q,Xq
ENSG00000214435,10,102869470,q,10q
ENSG00000167522,16,89267619,q,16q
ENSG00000151552,4,17460261,p,4p
ENSG00000099795,19,14566078,p,19p
ENSG00000163807,3,44737661,p,3p
ENSG00000165816,10,114239254,q,10q
ENSG00000168394,6,32845206,p,6p
ENSG00000105447,19,48445824,q,19q
ENSG00000041802,3,194640791,q,3q
ENSG00000113273,5,78777209,q,5q
ENSG00000165526,11,126202095,q,11q
ENSG00000060982,12,24810024,p,12p
ENSG00000078403,10,21524617,p,10p
ENSG00000170234,5,160061801,q,5q
ENSG00000105677,19,35545600,q,19q
ENSG00000197345,11,68891276,q,11q
ENSG00000086589,5,150690792,q,5q
ENSG00000163377,3,68731764,p,3p
ENSG00000119812,2,33532744,p,2p
ENSG00000114353,3,50226292,p,3p
ENSG00000150667,15,39588357,q,15q
ENSG00000124920,11,61752593,q,11q
ENSG00000217128,5,131641714,q,5q
ENSG00000112578,6,41921229,p,6p
ENSG00000069974,15,55202966,q,15q
ENSG00000105371,19,10286955,p,19p
ENSG00000257446,19,12040992,p,19p
ENSG00000055211,6,149566206,q,6q
ENSG00000138821,4,102251080,q,4q
ENSG00000008018,6,170535116,q,6q
ENSG00000124767,6,38675925,p,6p
ENSG00000183454,16,9753404,p,16p
ENSG00000126259,19,35851369,q,19q
ENSG00000048162,5,176383933,q,5q
ENSG00000127334,12,67647913,q,12q
ENSG00000196814,9,126326815,q,9q
ENSG00000163666,3,57197838,p,3p
ENSG00000137404,6,30688047,p,6p
ENSG00000162753,1,173500460,q,1q
ENSG00000206557,3,32817526,p,3p
ENSG00000111206,12,2857676,p,12p
ENSG00000114902,3,52704955,p,3p
ENSG00000188770,1,203494121,q,1q
ENSG00000064655,20,46894587,q,20q
ENSG00000214160,3,184242301,q,3q
ENSG00000123240,10,13099449,p,10p
ENSG00000120156,9,27109030,p,9p
ENSG00000283899,1,51836344,p,1p
ENSG00000198841,1,52032103,p,1p
ENSG00000131503,5,140401660,q,5q
ENSG00000162877,1,205828025,q,1q
ENSG00000130826,X,154762742,q,Xq
ENSG00000127418,4,1008649,p,4p
ENSG00000204308,6,32178405,p,6p
ENSG00000140265,15,43357920,q,15q
ENSG00000076201,3,47381011,p,3p
ENSG00000164458,6,166157656,q,6q
ENSG00000140367,15,75843307,q,15q
ENSG00000149554,11,125625163,q,11q
ENSG00000164066,4,127623271,q,4q
ENSG00000198960,X,101615118,q,Xq
ENSG00000124535,6,2765393,p,6p
ENSG00000104979,19,13774454,p,19p
ENSG00000197594,6,131807993,q,6q
ENSG00000105662,19,18683640,p,19p
ENSG00000143315,1,160024953,q,1q
ENSG00000132681,1,160151586,q,1q
ENSG00000124228,20,49219347,q,20q
ENSG00000110851,12,107732867,q,12q
ENSG00000186792,3,50292831,p,3p
ENSG00000147003,X,15627085,p,Xp
ENSG00000243477,3,50296402,p,3p
ENSG00000165671,5,177131787,q,5q
ENSG00000163631,4,73397114,q,4q
ENSG00000200033,1,221837334,q,1q
ENSG00000112658,6,43171269,p,6p
ENSG00000112367,6,109690609,q,6q
ENSG00000206559,3,28348721,p,3p
ENSG00000184752,12,94895297,q,12q
ENSG00000145681,5,83637805,q,5q
ENSG00000177192,12,131929200,q,12q
ENSG00000172020,3,115623510,q,3q
ENSG00000164265,5,147869800,q,5q
ENSG00000160124,3,122359587,q,3q
ENSG00000176444,1,155262868,q,1q
ENSG00000162298,11,65121780,q,11q
ENSG00000104973,19,49818277,q,19q
ENSG00000196981,3,122411846,q,3q
ENSG00000184840,5,177592195,q,5q
ENSG00000075914,3,44975241,p,3p
ENSG00000137842,15,43123279,q,15q
ENSG00000113732,5,172983771,q,5q
ENSG00000196998,X,49074433,p,Xp
ENSG00000153037,5,112861188,q,5q
ENSG00000060762,6,166364919,q,6q
ENSG00000136918,9,124853266,q,9q
ENSG00000135333,6,93240020,q,6q
ENSG00000110987,12,122019422,q,12q
ENSG00000113638,5,40512333,p,5p
ENSG00000135446,12,57747722,q,12q
ENSG00000284202,1,98046070,p,1p
ENSG00000114346,3,172750682,q,3q
ENSG00000196743,5,151212150,q,5q
ENSG00000092607,1,118883046,p,1p
ENSG00000165152,9,101473170,q,9q
ENSG00000140525,15,89243854,q,15q
ENSG00000129625,5,112876385,q,5q
ENSG00000165140,9,94603133,q,9q
ENSG00000206880,1,168263375,q,1q
ENSG00000143178,1,168280877,q,1q
ENSG00000124782,6,7107418,p,6p
ENSG00000132570,5,134905114,q,5q
ENSG00000167550,12,49064676,q,12q
ENSG00000113657,5,147390808,q,5q
ENSG00000100979,20,45898621,q,20q
ENSG00000181656,1,100538139,p,1p
ENSG00000180667,1,207043849,q,1q
ENSG00000136875,9,113275642,q,9q
ENSG00000205323,12,55752463,q,12q
ENSG00000156467,8,96222947,q,8q
ENSG00000149792,11,65122183,q,11q
ENSG00000104814,19,38587641,q,19q
ENSG00000113083,5,122063195,q,5q
ENSG00000064199,11,124673796,q,11q
ENSG00000104368,8,42174718,p,8p
ENSG00000169372,12,93677375,q,12q
ENSG00000166402,11,8019244,p,11p
ENSG00000146083,5,176526700,q,5q
ENSG00000204856,12,110468411,q,12q
ENSG00000184465,6,169457211,q,6q
ENSG00000222009,1,44808523,p,1p
ENSG00000175582,11,73675638,q,11q
ENSG00000107362,9,71862452,q,9q
ENSG00000232113,1,173635338,q,1q
ENSG00000138829,5,128257909,q,5q
ENSG00000139116,12,39293228,q,12q
ENSG00000187144,1,16387117,p,1p
ENSG00000130703,20,62231922,q,20q
ENSG00000073754,1,157830911,q,1q
ENSG00000197498,6,110982015,q,6q
ENSG00000106772,9,76611376,q,9q
ENSG00000105364,19,10251901,p,19p
ENSG00000242247,22,42796502,q,22q
ENSG00000204264,6,32840717,p,6p
ENSG00000122188,1,203765177,q,1q
ENSG00000175390,11,7970251,p,11p
ENSG00000187239,9,129887179,q,9q
ENSG00000162398,1,54806063,p,1p
ENSG00000180628,10,91162339,q,10q
ENSG00000153989,6,117675469,q,6q
ENSG00000143001,1,54886833,p,1p
ENSG00000196748,6,35776535,p,6p
ENSG00000166483,11,9573668,p,11p
ENSG00000096080,6,43671202,p,6p
ENSG00000113615,5,134648588,q,5q
ENSG00000124562,6,34757454,p,6p
ENSG00000162191,11,62676498,q,11q
ENSG00000100099,22,26443107,q,22q
ENSG00000025156,6,122399551,q,6q
ENSG00000166169,10,101576051,q,10q
ENSG00000115286,19,1383527,p,19p
ENSG00000104497,8,81799581,q,8q
ENSG00000124688,6,43629494,p,6p
ENSG00000112149,6,14117256,p,6p
ENSG00000159685,3,126704214,q,3q
ENSG00000170469,5,139396563,q,5q
ENSG00000013392,6,83193337,q,6q
ENSG00000172869,5,119037772,q,5q
ENSG00000204385,6,31863192,p,6p
ENSG00000175305,8,94879641,q,8q
ENSG00000169981,3,44648732,p,3p
ENSG00000139182,12,7128077,p,12p
ENSG00000204291,9,98942680,q,9q
ENSG00000114739,3,38453890,p,3p
ENSG00000172932,11,67289291,q,11q
ENSG00000101158,20,58981208,q,20q
ENSG00000267855,19,8308768,p,19p
ENSG00000126264,19,35900635,q,19q
ENSG00000163507,3,108549864,q,3q
ENSG00000095951,6,12008762,p,6p
ENSG00000076826,19,7595826,p,19p
ENSG00000151917,6,56954924,p,6p
ENSG00000145833,5,134758771,q,5q
ENSG00000132561,8,97868840,q,8q
ENSG00000123545,6,96889313,q,6q
ENSG00000163832,3,47495640,p,3p
ENSG00000162337,11,68312447,q,11q
ENSG00000228727,6,31762656,p,6p
ENSG00000165891,12,77021246,q,12q
ENSG00000130812,19,10092337,p,19p
ENSG00000185219,3,44431705,p,3p
ENSG00000169567,5,131155383,q,5q
ENSG00000105676,19,19033575,p,19p
ENSG00000198015,12,93467490,q,12q
ENSG00000049167,5,60866454,q,5q
ENSG00000129810,3,20160593,p,3p
ENSG00000204228,6,33204631,p,6p
ENSG00000197694,9,128552558,q,9q
ENSG00000186104,11,14877440,p,11p
ENSG00000164626,6,39188128,p,6p
ENSG00000112200,6,57086844,p,6p
ENSG00000100226,22,38705742,q,22q
ENSG00000166441,11,8682732,p,11p
ENSG00000071655,19,1573596,p,19p
ENSG00000064601,20,45890144,q,20q
ENSG00000165669,10,118297925,q,10q
ENSG00000149548,11,124954095,q,11q
ENSG00000127328,12,69738860,q,12q
ENSG00000128272,22,39519695,q,22q
ENSG00000158042,11,6680385,p,11p
ENSG00000105556,19,305573,p,19p
ENSG00000177666,11,818914,p,11p
ENSG00000100150,22,31753867,q,22q
ENSG00000011132,19,3750772,p,19p
ENSG00000232040,6,28570535,p,6p
ENSG00000064042,4,41359574,p,4p
ENSG00000114686,3,131462202,q,3q
ENSG00000156172,8,95244913,q,8q
ENSG00000112651,6,43054029,p,6p
ENSG00000145912,5,178149459,q,5q
ENSG00000168495,8,22245094,p,8p
ENSG00000164309,5,79689777,q,5q
ENSG00000169826,10,43137831,q,10q
ENSG00000149782,11,64251514,q,11q
ENSG00000037474,5,6599237,p,5p
ENSG00000107779,10,86755763,q,10q
ENSG00000135535,6,109366514,q,6q
ENSG00000074181,19,15159038,p,19p
ENSG00000121871,3,165186325,q,3q
ENSG00000034239,8,48710789,q,8q
ENSG00000114742,3,39051999,p,3p
ENSG00000123416,12,49127782,q,12q
ENSG00000104388,8,60516936,q,8q
ENSG00000205155,19,35745070,q,19q
ENSG00000112559,6,41636840,p,6p
ENSG00000063176,19,48619291,q,19q
ENSG00000184047,12,122207394,q,12q
ENSG00000100890,14,35121842,q,14q
ENSG00000172426,6,43644229,p,6p
ENSG00000065518,3,120596303,q,3q
ENSG00000083123,6,80106647,q,6q
ENSG00000175895,8,95115642,q,8q
ENSG00000087076,19,48813014,q,19q
ENSG00000185875,10,25016612,p,10p
ENSG00000232112,3,48440213,p,3p
ENSG00000146263,6,97142161,q,6q
ENSG00000122863,10,71964395,q,10q
ENSG00000171720,5,141620778,q,5q
ENSG00000101019,20,35302566,q,20q
ENSG00000114529,3,112086335,q,3q
ENSG00000107537,10,13277796,p,10p
ENSG00000131981,14,55121352,q,14q
ENSG00000142065,19,36334453,q,19q
ENSG00000139324,12,88142181,q,12q
ENSG00000073111,3,127598223,q,3q
ENSG00000123810,19,41354417,q,19q
ENSG00000269058,19,16479061,p,19p
ENSG00000203760,6,126340115,q,6q
ENSG00000149503,11,62123998,q,11q
ENSG00000204248,6,33162681,p,6p
ENSG00000130332,19,2321520,p,19p
ENSG00000079102,8,91954972,q,8q
ENSG00000105254,19,36114289,q,19q
ENSG00000196793,10,43554516,q,10q
ENSG00000090615,12,132768902,q,12q
ENSG00000163918,3,186789880,q,3q
ENSG00000028277,19,42086110,q,19q
ENSG00000078124,11,76860859,q,11q
ENSG00000082068,5,37379281,p,5p
ENSG00000198873,10,119207543,q,10q
ENSG00000129515,14,34561093,q,14q
ENSG00000136603,3,170357287,q,3q
ENSG00000182899,3,197950000,q,3q
ENSG00000151704,11,128836315,q,11q
ENSG00000008083,6,15244937,p,6p
ENSG00000149451,20,3667962,p,20p
ENSG00000107518,10,115093365,q,10q
ENSG00000091009,5,146203550,q,5q
ENSG00000168014,11,74012718,q,11q
ENSG00000112249,6,100508194,q,6q
ENSG00000204175,10,46541736,q,10q
ENSG00000205981,3,180983635,q,3q
ENSG00000008853,8,22987222,p,8p
ENSG00000161217,3,196214222,q,3q
ENSG00000122376,10,87094006,q,10q
ENSG00000018869,19,56375846,q,19q
ENSG00000166902,11,59806140,q,11q
ENSG00000064651,5,128083714,q,5q
ENSG00000166398,19,34254543,q,19q
ENSG00000110422,11,33256672,p,11p
ENSG00000186106,8,100509752,q,8q
ENSG00000144566,3,19947097,p,3p
ENSG00000123353,12,55818041,q,12q
ENSG00000257218,12,120446444,q,12q
ENSG00000130234,X,15494566,p,Xp
ENSG00000204954,12,103940763,q,12q
ENSG00000160799,3,46916634,p,3p
ENSG00000125651,19,6379572,p,19p
ENSG00000104687,8,30678064,p,8p
ENSG00000115592,2,218819050,q,2q
ENSG00000111678,12,6942938,p,12p
ENSG00000171467,6,43307134,p,6p
ENSG00000130985,X,47190713,p,Xp
ENSG00000163673,3,36712421,p,3p
ENSG00000127311,12,66302493,q,12q
ENSG00000146242,6,82363206,q,6q
ENSG00000213465,11,65014144,q,11q
ENSG00000114395,3,50350839,p,3p
ENSG00000112081,6,36593787,p,6p
ENSG00000146021,5,137617500,q,5q
ENSG00000144681,3,36380321,p,3p
ENSG00000149100,11,32583785,p,11p
ENSG00000121749,12,71839707,q,12q
ENSG00000101463,20,24468025,p,20p
ENSG00000161249,19,35497220,q,19q
ENSG00000214736,6,41787652,p,6p
ENSG00000164237,5,10275875,p,5p
ENSG00000101349,20,9537370,p,20p
ENSG00000040341,8,73420369,q,8q
ENSG00000047579,6,15522807,p,6p
ENSG00000101049,20,43558968,q,20q
ENSG00000171202,11,85647956,q,11q
ENSG00000108561,17,5432777,p,17p
ENSG00000153551,3,32391686,p,3p
ENSG00000005100,17,5440917,p,17p
ENSG00000171368,5,659862,p,5p
ENSG00000165424,10,79382325,q,10q
ENSG00000148459,10,26697669,p,10p
ENSG00000146109,6,26596953,p,6p
ENSG00000188338,3,50202871,p,3p
ENSG00000096433,6,33620365,p,6p
ENSG00000167941,17,43753738,q,17q
ENSG00000231256,17,43780435,q,17q
ENSG00000197043,5,151100706,q,5q
ENSG00000188716,10,75037472,q,10q
ENSG00000101134,20,54475593,q,20q
ENSG00000125772,20,5544404,p,20p
ENSG00000138621,15,75023586,q,15q
ENSG00000241370,6,30345125,p,6p
ENSG00000278023,17,35918066,q,17q
ENSG00000214694,2,38889875,p,2p
ENSG00000150990,12,124946825,q,12q
ENSG00000166411,15,78131498,q,15q
ENSG00000173567,2,26308173,p,2p
ENSG00000100325,22,29788608,q,22q
ENSG00000066379,6,30058899,p,6p
ENSG00000088298,20,35115360,q,20q
ENSG00000138018,2,26308547,p,2p
ENSG00000139233,12,66116555,q,12q
ENSG00000185101,11,417921,p,11p
ENSG00000275722,17,35934518,q,17q
ENSG00000165714,12,12357078,p,12p
ENSG00000134107,3,4978715,p,3p
ENSG00000166863,12,57010000,q,12q
ENSG00000163064,2,118842171,q,2q
ENSG00000144119,2,119156243,q,2q
ENSG00000120992,8,54046367,q,8q
ENSG00000221955,3,125082636,q,3q
ENSG00000101363,20,37289559,q,20q
ENSG00000104142,15,40894415,q,15q
ENSG00000121621,11,28020618,p,11p
ENSG00000020256,20,52051663,q,20q
ENSG00000140463,15,72686186,q,15q
ENSG00000170004,17,7884796,p,17p
ENSG00000050438,12,51391317,q,12q
ENSG00000196072,10,100273280,q,10q
ENSG00000112276,6,105096822,q,6q
ENSG00000149658,20,63195429,q,20q
ENSG00000182698,2,219327407,q,2q
ENSG00000064787,20,53936777,q,20q
ENSG00000108100,10,35247025,p,10p
ENSG00000110700,11,17074385,p,11p
ENSG00000115488,2,233023032,q,2q
ENSG00000035664,15,63907036,q,15q
ENSG00000213676,6,32115264,p,6p
ENSG00000132740,11,68903863,q,11q
ENSG00000153815,16,81444808,q,16q
ENSG00000166145,15,40843513,q,15q
ENSG00000173230,3,121663199,q,3q
ENSG00000155846,5,149729994,q,5q
ENSG00000222363,17,29388560,q,17q
ENSG00000171823,12,1565993,p,12p
ENSG00000127337,12,69359710,q,12q
ENSG00000277399,17,38324571,q,17q
ENSG00000274211,17,38351844,q,17q
ENSG00000122861,10,73909177,q,10q
ENSG00000277363,17,38530031,q,17q
ENSG00000120800,12,101280105,q,12q
ENSG00000125999,20,33273480,q,20q
ENSG00000164934,8,103414714,q,8q
ENSG00000141316,17,32970376,q,17q
ENSG00000186188,10,93566665,q,10q
ENSG00000138138,10,87751512,q,10q
ENSG00000277443,6,113857345,q,6q
ENSG00000266714,17,75587800,q,17q
ENSG00000166908,12,57591174,q,12q
ENSG00000204256,6,32968594,p,6p
ENSG00000180354,7,30134986,p,7p
ENSG00000137713,11,111726908,q,11q
ENSG00000129465,14,24336025,q,14q
ENSG00000249751,5,139446541,q,5q
ENSG00000104723,8,15417215,p,8p
ENSG00000272393,7,133082829,q,7q
ENSG00000137767,15,45631148,q,15q
ENSG00000170653,12,53507856,q,12q
ENSG00000240230,7,898778,p,7p
ENSG00000100462,14,22920525,q,14q
ENSG00000101004,20,25451594,p,20p
ENSG00000075234,22,46267961,q,22q
ENSG00000073067,7,983181,p,7p
ENSG00000172667,3,178960121,q,3q
ENSG00000183111,5,149551947,q,5q
ENSG00000199023,7,1022933,p,7p
ENSG00000170312,10,60778312,q,10q
ENSG00000164853,7,1232872,p,7p
ENSG00000120094,17,48528526,q,17q
ENSG00000173917,17,48540894,q,17q
ENSG00000182742,17,48575507,q,17q
ENSG00000284038,17,48579838,q,17q
ENSG00000120075,17,48591257,q,17q
ENSG00000260027,17,48607232,q,17q
ENSG00000170689,17,48621156,q,17q
ENSG00000164091,3,52254434,p,3p
ENSG00000198780,5,74777574,q,5q
ENSG00000170425,17,15945130,p,17p
ENSG00000129245,17,7591230,p,17p
ENSG00000163577,3,170888418,q,3q
ENSG00000020181,8,37784191,p,8p
ENSG00000101210,20,63477488,q,20q
ENSG00000135097,12,120341329,q,12q
ENSG00000175193,3,183829271,q,3q
ENSG00000100380,22,40824535,q,22q
ENSG00000180822,6,3231403,p,6p
ENSG00000107719,10,70477658,q,10q
ENSG00000124275,5,7851186,p,5p
ENSG00000187240,11,103109410,q,11q
ENSG00000170265,7,149195546,q,7q
ENSG00000204267,6,32821833,p,6p
ENSG00000197019,19,40421589,q,19q
ENSG00000088038,19,54137710,q,19q
ENSG00000176595,8,1973677,p,8p
ENSG00000139637,12,53299695,q,12q
ENSG00000165119,9,83966766,q,9q
ENSG00000168754,2,96875882,q,2q
ENSG00000164733,8,11842524,p,8p
ENSG00000100983,20,34928432,q,20q
ENSG00000163938,3,52681156,p,3p
ENSG00000185306,12,64264762,q,12q
ENSG00000111266,12,12473282,p,12p
ENSG00000175792,3,128064778,q,3q
ENSG00000119688,14,74285269,q,14q
ENSG00000182446,17,81556887,q,17q
ENSG00000189007,6,143422832,q,6q
ENSG00000172469,6,95577485,q,6q
ENSG00000120832,12,106973120,q,12q
ENSG00000257093,7,141656728,q,7q
ENSG00000139318,12,89347235,q,12q
ENSG00000071677,2,237559555,q,2q
ENSG00000213654,6,32190766,p,6p
ENSG00000215021,12,6965327,p,12p
ENSG00000152582,5,35617844,p,5p
ENSG00000212153,7,141727984,q,7q
ENSG00000204576,6,30557274,p,6p
ENSG00000166922,15,32641385,q,15q
ENSG00000152430,2,197726879,q,2q
ENSG00000009844,6,142147162,q,6q
ENSG00000107954,10,103493705,q,10q
ENSG00000284753,3,184249609,q,3q
ENSG00000010292,12,6493356,p,12p
ENSG00000173821,17,80260852,q,17q
ENSG00000165678,10,84139482,q,10q
ENSG00000157020,3,10293131,p,3p
ENSG00000134824,11,61792980,q,11q
ENSG00000168216,6,69672757,q,6q
ENSG00000157470,15,59372692,q,15q
ENSG00000168172,8,42896900,p,8p
ENSG00000101161,20,63981072,q,20q
ENSG00000105737,19,41998316,q,19q
ENSG00000146067,5,177519788,q,5q
ENSG00000182325,8,144355427,q,8q
ENSG00000198105,10,37776526,p,10p
ENSG00000104044,15,27754874,q,15q
ENSG00000089123,20,13388891,p,20p
ENSG00000252882,17,43395993,q,17q
ENSG00000251763,17,43412427,q,17q
ENSG00000252729,17,43473585,q,17q
ENSG00000180104,5,442522,p,5p
ENSG00000105732,19,42068477,q,19q
ENSG00000169021,19,29205320,q,19q
ENSG00000181378,2,219002846,q,2q
ENSG00000204922,11,62670273,q,11q
ENSG00000100902,14,35278633,q,14q
ENSG00000170017,3,105366706,q,3q
ENSG00000196700,20,63956704,q,20q
ENSG00000178301,11,77589391,q,11q
ENSG00000196655,11,119018733,q,11q
ENSG00000142319,5,1392794,p,5p
ENSG00000136738,10,17644124,p,10p
ENSG00000181026,15,88620070,q,15q
ENSG00000156787,8,123041968,q,8q
ENSG00000101337,20,32109714,q,20q
ENSG00000130299,19,17334920,p,19p
ENSG00000171634,17,67825503,q,17q
ENSG00000169410,15,75463251,q,15q
ENSG00000111639,12,6491886,p,12p
ENSG00000163814,3,45082277,p,3p
ENSG00000144481,2,233917373,q,2q
ENSG00000120438,6,159778498,q,6q
ENSG00000111247,12,4538798,p,12p
ENSG00000165905,11,45918146,p,11p
ENSG00000175697,3,120164645,q,3q
ENSG00000256235,5,150778741,q,5q
ENSG00000186314,5,145471799,q,5q
ENSG00000008952,3,169966635,q,3q
ENSG00000197893,10,113588714,q,10q
ENSG00000182218,14,99645129,q,14q
ENSG00000175416,5,176392494,q,5q
ENSG00000064726,15,83016423,q,15q
ENSG00000197860,5,65665928,q,5q
ENSG00000176358,17,49838300,q,17q
ENSG00000144488,2,238100340,q,2q
ENSG00000013275,19,39971162,q,19q
ENSG00000165795,14,21016763,q,14q
ENSG00000118058,11,118436456,q,11q
ENSG00000048544,6,42206694,p,6p
ENSG00000144840,3,120684938,q,3q
ENSG00000275832,17,38419280,q,17q
ENSG00000146143,6,57314805,p,6p
ENSG00000113645,5,168291563,q,5q
ENSG00000089063,20,5068232,p,20p
ENSG00000184502,17,41712331,q,17q
ENSG00000185798,3,196552228,q,3q
ENSG00000182199,12,57226554,q,12q
ENSG00000156232,15,82809599,q,15q
ENSG00000165046,8,38386207,p,8p
ENSG00000141527,17,80169992,q,17q
ENSG00000067141,15,73051645,q,15q
ENSG00000130311,19,17309518,p,19p
ENSG00000146386,6,139027494,q,6q
ENSG00000051341,3,121431426,q,3q
ENSG00000149313,11,106075501,q,11q
ENSG00000160117,19,17281645,p,19p
ENSG00000143889,2,38561969,p,2p
ENSG00000102181,X,150766336,q,Xq
ENSG00000172409,11,57648188,q,11q
ENSG00000164442,6,139371807,q,6q
ENSG00000133401,5,31639121,p,5p
ENSG00000180834,3,183815884,q,3q
ENSG00000066651,6,125986428,q,6q
ENSG00000110492,11,46380756,p,11p
ENSG00000158863,8,22089139,p,8p
ENSG00000065485,3,123067025,q,3q
ENSG00000108733,17,35574795,q,17q
ENSG00000108924,17,55264960,q,17q
ENSG00000220008,19,2287164,p,19p
ENSG00000198356,19,12737139,p,19p
ENSG00000188010,2,38875976,p,2p
ENSG00000120306,5,140175072,q,5q
ENSG00000178404,17,78890579,q,17q
ENSG00000118482,6,63635802,q,6q
ENSG00000154767,3,14145145,p,3p
ENSG00000158122,9,96639577,q,9q
ENSG00000161082,19,3224650,p,19p
ENSG00000202026,17,31713753,q,17q
ENSG00000064300,17,49495293,q,17q
ENSG00000170445,5,140673035,q,5q
ENSG00000163254,2,208128137,q,2q
ENSG00000154957,17,11977439,p,17p
ENSG00000044446,X,18892298,p,Xp
ENSG00000182187,2,208142573,q,2q
ENSG00000130653,9,137459952,q,9q
ENSG00000101152,20,63894641,q,20q
ENSG00000147571,8,66176376,q,8q
ENSG00000168582,2,208160740,q,2q
ENSG00000110025,11,65027437,q,11q
ENSG00000155115,6,110958477,q,6q
ENSG00000144407,2,208359714,q,2q
ENSG00000167525,17,28703197,q,17q
ENSG00000145022,3,49412212,p,3p
ENSG00000090339,19,10271093,p,19p
ENSG00000132639,20,10172395,p,20p
ENSG00000044524,3,89107522,p,3p
ENSG00000166896,12,57906039,q,12q
ENSG00000124493,6,34018643,p,6p
ENSG00000172817,8,64587763,q,8q
ENSG00000131351,19,17049729,p,19p
ENSG00000065361,12,56076799,q,12q
ENSG00000147799,8,144529179,q,8q
ENSG00000134809,11,57528406,q,11q
ENSG00000107130,9,130172347,q,9q
ENSG00000141376,17,60677453,q,17q
ENSG00000135903,2,222199887,q,2q
ENSG00000166105,11,134274245,q,11q
ENSG00000039537,5,41140236,p,5p
ENSG00000119333,9,128633646,q,9q
ENSG00000164751,8,76980258,q,8q
ENSG00000104885,19,2163933,p,19p
ENSG00000147274,X,136848004,q,Xq
ENSG00000107021,9,128787233,q,9q
ENSG00000156959,3,9498361,p,3p
ENSG00000085872,19,16517882,p,19p
ENSG00000132661,20,23350767,p,20p
ENSG00000176623,8,86468257,q,8q
ENSG00000175928,3,3799378,p,3p
ENSG00000149633,20,38210503,q,20q
ENSG00000186318,11,117285232,q,11q
ENSG00000283428,2,224703764,q,2q
ENSG00000144893,3,151085286,q,3q
ENSG00000196781,9,81582313,q,9q
ENSG00000025039,6,89364616,q,6q
ENSG00000173198,X,78271468,q,Xq
ENSG00000181472,6,151364105,q,6q
ENSG00000271303,20,646615,p,20p
ENSG00000180340,17,44557484,q,17q
ENSG00000103187,16,84565596,q,16q
ENSG00000140365,15,75336009,q,15q
ENSG00000101040,20,47209214,q,20q
ENSG00000123595,X,13689122,p,Xp
ENSG00000112742,6,80003887,q,6q
ENSG00000101892,X,120362085,q,Xq
ENSG00000168589,16,80540734,q,16q
ENSG00000136504,17,49788624,q,17q
ENSG00000174243,12,48829756,q,12q
ENSG00000202029,2,159027036,q,2q
ENSG00000152580,3,151425384,q,3q
ENSG00000130827,X,154458280,q,Xq
ENSG00000113845,3,119498515,q,3q
ENSG00000103257,16,87830016,q,16q
ENSG00000158428,2,218356857,q,2q
ENSG00000198736,16,1938229,p,16p
ENSG00000132017,19,13952459,p,19p
ENSG00000166881,12,57055643,q,12q
ENSG00000145016,3,197668867,q,3q
ENSG00000084731,2,25926589,p,2p
ENSG00000130822,X,153669730,q,Xq
ENSG00000075089,12,100199122,q,12q
ENSG00000248712,11,119190055,q,11q
ENSG00000198258,19,9827892,p,19p
ENSG00000173193,3,122680839,q,3q
ENSG00000076043,11,114439386,q,11q
ENSG00000154188,8,107249482,q,8q
ENSG00000147316,8,6406592,p,8p
ENSG00000144191,2,98346188,q,2q
ENSG00000146411,6,133987581,q,6q
ENSG00000113966,3,97764521,q,3q
ENSG00000130876,19,33208657,q,19q
ENSG00000204392,6,31797392,p,6p
ENSG00000186998,22,29205809,q,22q
ENSG00000214447,17,44903433,q,17q
ENSG00000115317,2,74529596,p,2p
ENSG00000137845,15,58588809,q,15q
ENSG00000133243,19,1985438,p,19p
ENSG00000213918,16,3611728,p,16p
ENSG00000133636,12,85874162,q,12q
ENSG00000091317,3,32474175,p,3p
ENSG00000111665,12,6844793,p,12p
ENSG00000284862,3,180602858,q,3q
ENSG00000112031,6,152987362,q,6q
ENSG00000108946,17,68511780,q,17q
ENSG00000065989,19,10416773,p,19p
ENSG00000278224,6,41780739,p,6p
ENSG00000146376,6,129576132,q,6q
ENSG00000179796,3,26622772,p,3p
ENSG00000188343,8,93698561,q,8q
ENSG00000188827,16,3581181,p,16p
ENSG00000173166,2,203394345,q,2q
ENSG00000144649,3,42979087,p,3p
ENSG00000122966,12,119685791,q,12q
ENSG00000183921,16,22162492,p,16p
ENSG00000144736,3,72749277,p,3p
ENSG00000111913,6,24803362,p,6p
ENSG00000069849,3,141876124,q,3q
ENSG00000161914,19,11483427,p,19p
ENSG00000147576,8,66432467,q,8q
ENSG00000091542,17,18183078,p,17p
ENSG00000271503,17,35871491,q,17q
ENSG00000141837,19,13206442,p,19p
ENSG00000145721,5,97091867,q,5q
ENSG00000183773,22,20965108,q,22q
ENSG00000113593,5,65563236,q,5q
ENSG00000070087,3,149964904,q,3q
ENSG00000284526,17,76563710,q,17q
ENSG00000130830,X,154778684,q,Xq
ENSG00000129221,17,6393693,p,17p
ENSG00000118557,16,72112157,q,16q
ENSG00000273749,15,22867052,q,15q
ENSG00000114933,2,205993721,q,2q
ENSG00000175054,3,142449007,q,3q
ENSG00000196358,9,132161020,q,9q
ENSG00000049618,6,156776020,q,6q
ENSG00000118322,5,160563120,q,5q
ENSG00000127588,16,798041,p,16p
ENSG00000132031,2,19992052,p,2p
ENSG00000149483,11,61361964,q,11q
ENSG00000205832,16,4556340,p,16p
ENSG00000140623,16,4777606,p,16p
ENSG00000152127,2,134119933,q,2q
ENSG00000131669,9,93121496,q,9q
ENSG00000150316,11,94962620,q,11q
ENSG00000130988,X,47078190,p,Xp
ENSG00000168481,8,22146824,p,8p
ENSG00000130508,2,1631887,p,2p
ENSG00000091622,17,6451263,p,17p
ENSG00000177239,9,137086857,q,9q
ENSG00000167470,19,1248331,p,19p
ENSG00000175538,11,74454841,q,11q
ENSG00000105173,19,29811471,q,19q
ENSG00000183309,8,143635518,q,8q
ENSG00000173825,11,65354751,q,11q
ENSG00000165490,11,82899975,q,11q
ENSG00000168484,8,22156913,p,8p
ENSG00000198920,17,6578147,p,17p
ENSG00000113327,5,162000057,q,5q
ENSG00000084710,2,25042048,p,2p
ENSG00000121570,3,109326144,q,3q
ENSG00000129675,X,136665547,q,Xq
ENSG00000282936,17,6578147,p,17p
ENSG00000183401,19,11344684,p,19p
ENSG00000108590,17,6643311,p,17p
ENSG00000182985,11,115169218,q,11q
ENSG00000283516,16,8875704,p,16p
ENSG00000134996,9,75088480,q,9q
ENSG00000256806,17,6651762,p,17p
ENSG00000042980,8,24294016,p,8p
ENSG00000111906,6,125219962,q,6q
ENSG00000140943,16,84053761,q,16q
ENSG00000141068,17,27456448,q,17q
ENSG00000139219,12,47972967,q,12q
ENSG00000181788,3,150741125,q,3q
ENSG00000144559,3,11790442,p,3p
ENSG00000112242,6,20401847,p,6p
ENSG00000262165,17,4801159,p,17p
ENSG00000141298,17,29625938,q,17q
ENSG00000112357,6,136822548,q,6q
ENSG00000197579,9,32540544,p,9p
ENSG00000119321,9,113161006,q,9q
ENSG00000071967,2,171522247,q,2q
ENSG00000109881,11,27330827,p,11p
ENSG00000158373,6,26158122,p,6p
ENSG00000116017,19,924528,p,19p
ENSG00000058262,3,128051641,q,3q
ENSG00000137337,6,30699807,p,6p
ENSG00000135625,2,73290927,p,2p
ENSG00000120280,X,30557707,p,Xp
ENSG00000131620,11,69985907,q,11q
ENSG00000017483,X,48458537,p,Xp
ENSG00000204262,2,189031898,q,2q
ENSG00000147408,8,19404156,p,8p
ENSG00000179148,17,8095900,p,17p
ENSG00000006194,16,3263800,p,16p
ENSG00000002745,7,121325367,q,7q
ENSG00000106648,7,151956379,q,7q
ENSG00000182557,17,4433940,p,17p
ENSG00000132003,19,13795398,p,19p
ENSG00000021776,15,34851782,q,15q
ENSG00000170085,5,176238367,q,5q
ENSG00000139323,12,89419718,q,12q
ENSG00000124635,6,27122657,p,6p
ENSG00000137267,6,3153497,p,6p
ENSG00000105278,19,3804024,p,19p
ENSG00000132535,17,7187187,p,17p
ENSG00000091972,3,112332235,q,3q
ENSG00000147852,9,2621182,p,9p
ENSG00000284191,7,151238421,q,7q
ENSG00000164889,7,151057210,q,7q
ENSG00000126267,19,35648230,q,19q
ENSG00000172531,11,67398179,q,11q
ENSG00000113810,3,160399274,q,3q
ENSG00000102172,X,21940709,p,Xp
ENSG00000182541,22,31212193,q,22q
ENSG00000104957,19,13731752,p,19p
ENSG00000112855,5,140691430,q,5q
ENSG00000204568,6,30617823,p,6p
ENSG00000101945,X,48695554,p,Xp
ENSG00000213901,2,219161465,q,2q
ENSG00000136928,9,98288096,q,9q
ENSG00000101883,X,120109050,q,Xq
ENSG00000103150,16,83899115,q,16q
ENSG00000060237,12,752536,p,12p
ENSG00000147044,X,41514934,p,Xp
ENSG00000103254,16,720581,p,16p
ENSG00000099800,19,2425625,p,19p
ENSG00000073734,2,168915498,q,2q
ENSG00000231500,6,33272075,p,6p
ENSG00000054965,11,73400487,q,11q
ENSG00000176387,16,67430652,q,16q
ENSG00000128918,15,57953424,q,15q
ENSG00000076650,19,33080899,q,19q
ENSG00000205643,22,46244011,q,22q
ENSG00000196230,6,30717435,p,6p
ENSG00000124074,16,67662945,q,16q
ENSG00000198363,8,61500549,q,8q
ENSG00000107290,9,132261356,q,9q
ENSG00000171174,2,27780857,p,2p
ENSG00000137343,6,30626842,p,6p
ENSG00000175581,11,73787872,q,11q
ENSG00000185338,16,11249101,p,16p
ENSG00000166188,16,57994673,q,16q
ENSG00000140961,16,83931311,q,16q
ENSG00000177663,22,17084934,q,22q
ENSG00000116016,2,46293667,p,2p
ENSG00000183617,19,3762672,p,19p
ENSG00000167625,19,42216774,q,19q
ENSG00000288634,7,112450487,q,7q
ENSG00000284797,19,18249950,p,19p
ENSG00000199846,7,129484504,q,7q
ENSG00000225950,19,49061066,q,19q
ENSG00000161860,19,12898786,p,19p
ENSG00000006007,16,19501693,p,16p
ENSG00000149260,11,77066961,q,11q
ENSG00000104129,15,40765161,q,15q
ENSG00000099992,22,30291990,q,22q
ENSG00000131507,5,142108762,q,5q
ENSG00000187764,9,89360787,q,9q
ENSG00000105287,19,46674275,q,19q
ENSG00000082146,2,201387858,q,2q
ENSG00000164221,5,115267190,q,5q
ENSG00000136522,3,179582420,q,3q
ENSG00000204220,6,33288680,p,6p
ENSG00000183960,3,19148102,p,3p
ENSG00000074603,15,65442463,q,15q
ENSG00000286075,7,6329411,p,7p
ENSG00000005108,7,11370365,p,7p
ENSG00000112695,6,75237675,q,6q
ENSG00000169570,5,118836074,q,5q
ENSG00000134453,10,6086898,p,10p
ENSG00000163960,3,196347659,q,3q
ENSG00000028310,5,850291,p,5p
ENSG00000132254,11,6474683,p,11p
ENSG00000205111,2,39168045,p,2p
ENSG00000079931,6,132296055,q,6q
ENSG00000145087,3,120908072,q,3q
ENSG00000183579,22,28883565,q,22q
ENSG00000176946,2,241584405,q,2q
ENSG00000167371,16,29811382,p,16p
ENSG00000167552,12,49184686,q,12q
ENSG00000131409,19,50516892,q,19q
ENSG00000179468,7,143026200,q,7q
ENSG00000277947,17,19112419,p,17p
ENSG00000135144,12,113056710,q,12q
ENSG00000176125,7,100888721,q,7q
ENSG00000187266,19,11377207,p,19p
ENSG00000146197,6,35213859,p,6p
ENSG00000100401,22,41244779,q,22q
ENSG00000123243,10,7559270,p,10p
ENSG00000196408,16,1978912,p,16p
ENSG00000115607,2,102418570,q,2q
ENSG00000139112,12,10212458,p,12p
ENSG00000124789,6,17614707,p,6p
ENSG00000235118,2,206642417,q,2q
ENSG00000115468,2,232606057,q,2q
ENSG00000139343,12,95858931,q,12q
ENSG00000079432,19,42268537,q,19q
ENSG00000110218,11,94128828,q,11q
ENSG00000163689,3,58717365,p,3p
ENSG00000089234,12,111642146,q,12q
ENSG00000081189,5,88717117,q,5q
ENSG00000047578,16,27550133,p,16p
ENSG00000144152,2,112138385,q,2q
ENSG00000106853,9,111549722,q,9q
ENSG00000175348,11,8947202,p,11p
ENSG00000122367,10,86666664,q,10q
ENSG00000084734,2,27496532,p,2p
ENSG00000169344,16,20331549,p,16p
ENSG00000183340,11,96389989,q,11q
ENSG00000163635,3,63863155,p,3p
ENSG00000167272,12,120578764,q,12q
ENSG00000168066,11,64764606,q,11q
ENSG00000007255,19,45162928,q,19q
ENSG00000177294,17,6776215,p,17p
ENSG00000167858,17,6789133,p,17p
ENSG00000094916,12,54230942,q,12q
ENSG00000196872,2,98793845,q,2q
ENSG00000130725,19,58555709,q,19q
ENSG00000163607,3,112990978,q,3q
ENSG00000107771,10,84328586,q,10q
ENSG00000188886,2,96122818,q,2q
ENSG00000183207,19,48993562,q,19q
ENSG00000065802,2,238426742,q,2q
ENSG00000114115,3,139517434,q,3q
ENSG00000187775,17,78423697,q,17q
ENSG00000115946,2,68157888,p,2p
ENSG00000135457,12,51093656,q,12q
ENSG00000164087,3,52074590,p,3p
ENSG00000138136,10,101226180,q,10q
ENSG00000107829,10,101610663,q,10q
ENSG00000112561,6,41683978,p,6p
ENSG00000115107,2,119222447,q,2q
ENSG00000137033,9,6215136,p,9p
ENSG00000148677,10,90912092,q,10q
ENSG00000163235,2,70447284,p,2p
ENSG00000252699,17,38851524,q,17q
ENSG00000199293,17,38852863,q,17q
ENSG00000103546,16,55655988,q,16q
ENSG00000167384,19,44470957,q,19q
ENSG00000204952,17,38936432,q,17q
ENSG00000176160,17,58420167,q,17q
ENSG00000136527,3,185914558,q,3q
ENSG00000183621,10,30820207,p,10p
ENSG00000110721,11,68052859,q,11q
ENSG00000162944,2,197568224,q,2q
ENSG00000133773,12,82223681,q,12q
ENSG00000148187,9,122264603,q,9q
ENSG00000213337,2,96836611,q,2q
ENSG00000089639,19,19629473,p,19p
ENSG00000111319,12,6346843,p,12p
ENSG00000131368,3,15009611,p,3p
ENSG00000115350,2,74958643,p,2p
ENSG00000116096,2,72887379,p,2p
ENSG00000177054,11,19117099,p,11p
ENSG00000180644,10,70596401,q,10q
ENSG00000169031,2,227164624,q,2q
ENSG00000120049,10,101825969,q,10q
ENSG00000140675,16,31483002,p,16p
ENSG00000075429,17,66835117,q,17q
ENSG00000107020,9,5357966,p,9p
ENSG00000145041,3,51395867,p,3p
ENSG00000065413,2,196967017,q,2q
ENSG00000136866,9,113038377,q,9q
ENSG00000174939,16,29900375,p,16p
ENSG00000166471,11,9280654,p,11p
ENSG00000086065,9,33264017,p,9p
ENSG00000187244,19,44809070,q,19q
ENSG00000274180,17,21238870,p,17p
ENSG00000114302,3,48744591,p,3p
ENSG00000174177,16,88706473,q,16q
ENSG00000118363,11,74949259,q,11q
ENSG00000178662,2,165469647,q,2q
ENSG00000167553,12,49188736,q,12q
ENSG00000165188,9,113297093,q,9q
ENSG00000118690,6,108848416,q,6q
ENSG00000187624,17,410325,p,17p
ENSG00000122733,9,34957608,p,9p
ENSG00000076248,12,109097572,q,12q
ENSG00000183688,17,439978,p,17p
ENSG00000167311,11,3638503,p,11p
ENSG00000140262,15,56918099,q,15q
ENSG00000116039,2,70935771,p,2p
ENSG00000106789,9,98120975,q,9q
ENSG00000178789,17,74519000,q,17q
ENSG00000099783,19,8444767,p,19p
ENSG00000110318,11,101915010,q,11q
ENSG00000112511,6,33410382,p,6p
ENSG00000159184,17,48724763,q,17q
ENSG00000170703,17,48762234,q,17q
ENSG00000114127,3,142306607,q,3q
ENSG00000107077,9,6720863,p,9p
ENSG00000166340,11,6612768,p,11p
ENSG00000159224,17,48958554,q,17q
ENSG00000090975,12,122983480,q,12q
ENSG00000156531,X,134373286,q,Xq
ENSG00000171132,2,45651205,p,2p
ENSG00000271605,17,64449037,q,17q
ENSG00000140937,16,64943753,q,16q
ENSG00000131094,17,44959693,q,17q
ENSG00000207947,17,48037161,q,17q
ENSG00000206954,17,48088678,q,17q
ENSG00000206877,7,24537332,p,7p
ENSG00000115041,2,95297327,q,2q
ENSG00000106128,7,30938669,p,7p
ENSG00000111666,12,101696947,q,12q
ENSG00000166869,16,23754618,p,16p
ENSG00000180035,16,30378106,p,16p
ENSG00000171659,X,41688973,p,Xp
ENSG00000137154,9,19375715,p,9p
ENSG00000167984,16,3539033,p,16p
ENSG00000099203,19,10832067,p,19p
ENSG00000089472,X,66162483,q,Xq
ENSG00000148468,10,15211643,p,10p
ENSG00000257335,7,141907813,q,7q
ENSG00000155066,2,95274444,q,2q
ENSG00000170627,12,54455950,q,12q
ENSG00000171798,10,133160034,q,10q
ENSG00000184857,16,8780384,p,16p
ENSG00000087258,16,56189660,q,16q
ENSG00000135482,12,56118256,q,12q
ENSG00000179115,19,12922276,p,19p
ENSG00000111775,12,120438090,q,12q
ENSG00000139719,12,122229564,q,12q
ENSG00000114779,3,51968510,p,3p
ENSG00000135018,9,83657386,q,9q
ENSG00000257743,7,142111718,q,7q
ENSG00000065613,10,103966916,q,10q
ENSG00000127561,16,1989660,p,16p
ENSG00000258223,7,142252143,q,7q
ENSG00000165494,11,83156988,q,11q
ENSG00000004809,6,110424687,q,6q
ENSG00000140749,16,21639550,p,16p
ENSG00000226660,7,142300924,q,7q
ENSG00000237702,7,142308542,q,7q
ENSG00000007402,3,50362613,p,3p
ENSG00000176533,19,2511214,p,19p
ENSG00000120265,6,149749431,q,6q
ENSG00000185716,16,22007638,p,16p
ENSG00000186472,7,82754012,q,7q
ENSG00000171984,20,5750372,p,20p
ENSG00000005001,16,2852728,p,16p
ENSG00000130758,19,40191426,q,19q
ENSG00000078804,20,34701662,q,20q
ENSG00000149196,11,86302181,q,11q
ENSG00000160326,9,133471088,q,9q
ENSG00000085721,16,15060022,p,16p
ENSG00000137393,6,18387346,p,6p
ENSG00000157259,7,92447482,q,7q
ENSG00000101440,20,34194569,q,20q
ENSG00000111676,12,6924463,p,12p
ENSG00000169169,19,49690898,q,19q
ENSG00000258366,20,63657810,q,20q
ENSG00000127993,7,92528773,q,7q
ENSG00000204394,6,31777518,p,6p
ENSG00000233436,11,57743514,q,11q
ENSG00000109917,11,116773799,q,11q
ENSG00000153443,16,4608883,p,16p
ENSG00000135636,2,71453561,p,2p
ENSG00000170855,12,120443958,q,12q
ENSG00000165282,9,35085493,p,9p
ENSG00000185664,12,55954104,q,12q
ENSG00000184730,16,28494639,p,16p
ENSG00000166828,16,23182677,p,16p
ENSG00000148634,10,67921899,q,10q
ENSG00000059145,16,1363205,p,16p
ENSG00000141096,16,67975663,q,16q
ENSG00000174775,11,532242,p,11p
ENSG00000107104,9,470291,p,9p
ENSG00000111249,12,111033853,q,12q
ENSG00000006116,16,24256286,p,16p
ENSG00000168040,11,70203295,q,11q
ENSG00000175267,16,22092528,p,16p
ENSG00000166387,11,7513298,p,11p
ENSG00000135541,6,135283407,q,6q
ENSG00000120860,12,102011769,q,12q
ENSG00000167397,16,31090842,p,16p
ENSG00000140905,16,81081945,q,16q
ENSG00000182087,19,1009648,p,19p
ENSG00000144746,3,69084937,p,3p
ENSG00000100030,22,21755537,q,22q
ENSG00000139044,12,459923,p,12p
ENSG00000085274,3,169773377,q,3q
ENSG00000111696,12,103770453,q,12q
ENSG00000166813,15,89608789,q,15q
ENSG00000139168,12,42312086,q,12q
ENSG00000100335,22,39499432,q,22q
ENSG00000144834,3,111998739,q,3q
ENSG00000139209,12,46763642,q,12q
ENSG00000100416,22,46330875,q,22q
ENSG00000164082,3,51707061,p,3p
ENSG00000113360,5,31400494,p,5p
ENSG00000089597,11,62624824,q,11q
ENSG00000130751,19,47019474,q,19q
ENSG00000229937,7,18026770,p,7p
ENSG00000106410,7,144396895,q,7q
ENSG00000102978,16,57462660,q,16q
ENSG00000224940,7,128350325,q,7q
ENSG00000146909,7,156949712,q,7q
ENSG00000163872,3,183697748,q,3q
ENSG00000090447,16,4257186,p,16p
ENSG00000128607,7,130070534,q,7q
ENSG00000185052,20,19212510,p,20p
ENSG00000140450,15,97960703,q,15q
ENSG00000088970,20,21125975,p,20p
ENSG00000100299,22,50622754,q,22q
ENSG00000091138,7,107764219,q,7q
ENSG00000177889,12,93405673,q,12q
ENSG00000261609,16,81314944,q,16q
ENSG00000104064,15,50275389,q,15q
ENSG00000187569,12,7711402,p,12p
ENSG00000181938,16,58295080,q,16q
ENSG00000182993,12,14802864,p,12p
ENSG00000181894,19,58126248,q,19q
ENSG00000111229,12,110434582,q,12q
ENSG00000004779,16,23581014,p,16p
ENSG00000121413,19,58083834,q,19q
ENSG00000102904,16,67806765,q,16q
ENSG00000168734,20,44531762,q,20q
ENSG00000136051,12,105107324,q,12q
ENSG00000177096,22,42073789,q,22q
ENSG00000104805,19,48900050,q,19q
ENSG00000197885,3,23889951,p,3p
ENSG00000013375,6,83147324,q,6q
ENSG00000237172,16,67148104,q,16q
ENSG00000079112,8,94124381,q,8q
ENSG00000134398,16,23690292,p,16p
ENSG00000157600,X,110002631,q,Xq
ENSG00000106125,7,30771417,p,7p
ENSG00000175166,3,184299157,q,3q
ENSG00000101888,X,109535781,q,Xq
ENSG00000146540,7,996973,p,7p
ENSG00000196338,X,71143286,q,Xq
ENSG00000173157,12,43352771,q,12q
ENSG00000069482,11,68683020,q,11q
ENSG00000127083,9,92412380,q,9q
ENSG00000148335,9,129606704,q,9q
ENSG00000164542,7,36324152,p,7p
ENSG00000177156,11,747399,p,11p
ENSG00000125814,20,23374519,p,20p
ENSG00000260916,15,55340032,q,15q
ENSG00000123575,X,104166453,q,Xq
ENSG00000133606,7,140453033,q,7q
ENSG00000123349,12,53295291,q,12q
ENSG00000136878,9,129834698,q,9q
ENSG00000110711,11,67468174,q,11q
ENSG00000124198,20,48921711,q,20q
ENSG00000138942,22,31160158,q,22q
ENSG00000145949,6,2663629,p,6p
ENSG00000149761,11,64225941,q,11q
ENSG00000140750,16,24919389,p,16p
ENSG00000127720,12,82358500,q,12q
ENSG00000107864,10,92046692,q,10q
ENSG00000047346,15,52581317,q,15q
ENSG00000198833,6,89326608,q,6q
ENSG00000068903,19,38878555,q,19q
ENSG00000009950,7,73593194,q,7q
ENSG00000083312,5,72816312,q,5q
ENSG00000110046,11,64894531,q,11q
ENSG00000122335,6,158109515,q,6q
ENSG00000151131,12,104986316,q,12q
ENSG00000164920,8,98940116,q,8q
ENSG00000100246,22,38778508,q,22q
ENSG00000111615,12,75490863,q,12q
ENSG00000101365,20,2658393,p,20p
ENSG00000100147,22,41800321,q,22q
ENSG00000166348,10,73497538,q,10q
ENSG00000138964,22,44172956,q,22q
ENSG00000204209,6,33318558,p,6p
ENSG00000166743,16,20623233,p,16p
ENSG00000137494,11,83193712,q,11q
ENSG00000111252,12,111405000,q,12q
ENSG00000125848,20,14322985,p,20p
ENSG00000069943,15,55318960,q,15q
ENSG00000149636,20,36751791,q,20q
ENSG00000103089,16,74712955,q,16q
ENSG00000109861,11,88265069,q,11q
ENSG00000169347,16,20309574,p,16p
ENSG00000078246,12,2877223,p,12p
ENSG00000123496,X,115003975,q,Xq
ENSG00000162951,2,80288351,p,2p
ENSG00000068305,15,99565404,q,15q
ENSG00000182568,3,18345377,p,3p
ENSG00000172005,2,95025677,q,2q
ENSG00000239306,11,66616626,q,11q
ENSG00000186010,19,19515736,p,19p
ENSG00000177700,11,837356,p,11p
ENSG00000072080,2,234050617,q,2q
ENSG00000183495,12,131949931,q,12q
ENSG00000167797,11,67506490,q,11q
ENSG00000197321,10,29457332,p,10p
ENSG00000137513,11,78435620,q,11q
ENSG00000130164,19,11089418,p,19p
ENSG00000072682,5,132190094,q,5q
ENSG00000131634,16,1528688,p,16p
ENSG00000123411,12,56007430,q,12q
ENSG00000107242,9,68705190,q,9q
ENSG00000172478,2,240886048,q,2q
ENSG00000188730,7,49772822,p,7p
ENSG00000167208,16,50666300,q,16q
ENSG00000093010,22,19941371,q,22q
ENSG00000002746,7,43112629,p,7p
ENSG00000086696,16,82034988,q,16q
ENSG00000133704,12,30628981,p,12p
ENSG00000127824,2,219249710,q,2q
ENSG00000065491,6,37257772,p,6p
ENSG00000079950,6,132445867,q,6q
ENSG00000135697,16,81238576,q,16q
ENSG00000136541,2,157318626,q,2q
ENSG00000048471,16,11976734,p,16p
ENSG00000154359,8,12721906,p,8p
ENSG00000059728,2,69897688,p,2p
ENSG00000214456,19,4522531,p,19p
ENSG00000106305,7,6009255,p,7p
ENSG00000132155,3,12582101,p,3p
ENSG00000149485,11,61799624,q,11q
ENSG00000187193,16,56682468,q,16q
ENSG00000179776,16,66366636,q,16q
ENSG00000128645,2,176188667,q,2q
ENSG00000076108,12,56595596,q,12q
ENSG00000104626,8,9002147,p,8p
ENSG00000275111,2,95165432,q,2q
ENSG00000136574,8,11676785,p,8p
ENSG00000178385,2,207821288,q,2q
ENSG00000135631,2,73073382,p,2p
ENSG00000126456,19,49659569,q,19q
ENSG00000176953,16,28950807,p,16p
ENSG00000122756,9,34551423,p,9p
ENSG00000153214,2,112055269,q,2q
ENSG00000120256,6,149818757,q,6q
ENSG00000198650,16,71565660,q,16q
ENSG00000118496,6,145793502,q,6q
ENSG00000204310,6,32168205,p,6p
ENSG00000030066,11,47778087,p,11p
ENSG00000102034,X,130063955,q,Xq
ENSG00000182551,2,3497366,p,2p
ENSG00000182378,X,276322,p,Xp
ENSG00000072364,5,132875395,q,5q
ENSG00000103005,16,57999546,q,16q
ENSG00000158941,8,22604629,p,8p
ENSG00000158125,2,31334320,p,2p
ENSG00000067829,X,153785735,q,Xq
ENSG00000187546,7,15200317,p,7p
ENSG00000102870,16,30778456,p,16p
ENSG00000162073,16,2969242,p,16p
ENSG00000164188,5,36246913,p,5p
ENSG00000159618,16,57542643,q,16q
ENSG00000128590,7,108569847,q,7q
ENSG00000099769,16,1790413,p,16p
ENSG00000015520,7,44512535,p,7p
ENSG00000166619,20,37492472,q,20q
ENSG00000130707,9,130443282,q,9q
ENSG00000229809,16,30569281,p,16p
ENSG00000118985,5,95885098,q,5q
ENSG00000065615,6,83859646,q,6q
ENSG00000111752,12,8913827,p,12p
ENSG00000182263,2,163593396,q,2q
ENSG00000070915,16,56865207,q,16q
ENSG00000125835,20,2461634,p,20p
ENSG00000086200,5,62403518,q,5q
ENSG00000115112,2,121216587,q,2q
ENSG00000147099,X,72329516,q,Xq
ENSG00000146205,2,241188509,q,2q
ENSG00000106617,7,151556117,q,7q
ENSG00000101298,20,1266269,p,20p
ENSG00000090924,19,39412669,q,19q
ENSG00000185033,15,90160604,q,15q
ENSG00000125895,20,1180561,p,20p
ENSG00000241404,6,32163918,p,6p
ENSG00000197114,20,63707353,q,20q
ENSG00000197635,2,161992244,q,2q
ENSG00000113504,5,1050384,p,5p
ENSG00000291237,6,159669069,q,6q
ENSG00000163106,4,94298507,q,4q
ENSG00000205129,4,185426014,q,4q
ENSG00000086189,5,62347284,q,5q
ENSG00000204381,11,111540280,q,11q
ENSG00000067167,8,70573218,q,8q
ENSG00000168874,2,85751344,p,2p
ENSG00000213780,6,30907522,p,6p
ENSG00000157703,7,138594285,q,7q
ENSG00000140506,15,74812716,q,15q
ENSG00000138768,4,75724522,q,4q
ENSG00000168906,2,85539165,p,2p
ENSG00000149308,11,108155280,q,11q
ENSG00000160862,7,99966720,q,7q
ENSG00000118046,19,1177558,p,19p
ENSG00000164985,9,15464065,p,9p
ENSG00000144228,2,138501770,q,2q
ENSG00000172890,11,71453109,q,11q
ENSG00000167065,22,30652051,q,22q
ENSG00000169894,7,100949422,q,7q
ENSG00000133661,10,79937128,q,10q
ENSG00000103381,16,12659799,p,16p
ENSG00000104205,8,66712484,q,8q
ENSG00000106331,7,127610292,q,7q
ENSG00000116001,2,70209444,p,2p
ENSG00000132465,4,70655541,q,4q
ENSG00000169118,15,64165525,q,15q
ENSG00000177058,5,55623437,q,5q
ENSG00000262246,16,4354542,p,16p
ENSG00000133424,22,33162226,q,22q
ENSG00000184343,X,153781001,q,Xq
ENSG00000135341,6,90513573,q,6q
ENSG00000062598,20,46366047,q,20q
ENSG00000214128,7,138797952,q,7q
ENSG00000089351,19,34994784,q,19q
ENSG00000122574,7,29806486,p,7p
ENSG00000138757,4,75641849,q,4q
ENSG00000240583,7,30911720,p,7p
ENSG00000026025,10,17228241,p,10p
ENSG00000243317,7,135662483,q,7q
ENSG00000005486,7,75842602,q,7q
ENSG00000139651,12,53180694,q,12q
ENSG00000152578,11,105609535,q,11q
ENSG00000175600,7,40134044,p,7p
ENSG00000129317,12,43718992,q,12q
ENSG00000067177,X,72578814,q,Xq
ENSG00000136819,9,129827194,q,9q
ENSG00000143921,2,43831942,p,2p
ENSG00000130635,9,134641803,q,9q
ENSG00000198355,22,49960463,q,22q
ENSG00000107796,10,88934822,q,10q
ENSG00000100263,22,29259852,q,22q
ENSG00000132749,11,68707440,q,11q
ENSG00000138075,2,43812472,p,2p
ENSG00000099625,19,1228284,p,19p
ENSG00000166736,11,113975075,q,11q
ENSG00000187672,3,55508286,p,3p
ENSG00000124762,6,36676441,p,6p
ENSG00000100243,22,42615730,q,22q
ENSG00000169967,2,127298668,q,2q
ENSG00000126254,19,35628989,q,19q
ENSG00000103365,16,23462213,p,16p
ENSG00000111145,12,96193978,q,12q
ENSG00000177084,12,132623753,q,12q
ENSG00000109743,4,15703000,p,4p
ENSG00000206535,3,100401192,q,3q
ENSG00000177453,5,43192071,p,5p
ENSG00000124664,6,34537796,p,6p
ENSG00000164081,3,51662693,p,3p
ENSG00000166012,11,93729948,q,11q
ENSG00000198961,5,109334704,q,5q
ENSG00000131263,X,74582976,q,Xq
ENSG00000083099,6,89568144,q,6q
ENSG00000138629,15,74445187,q,15q
ENSG00000162078,16,2830162,p,16p
ENSG00000090238,16,30092314,p,16p
ENSG00000176248,9,137174784,q,9q
ENSG00000105887,7,135926760,q,7q
ENSG00000166228,10,70882280,q,10q
ENSG00000071889,X,154506159,q,Xq
ENSG00000074317,5,176620082,q,5q
ENSG00000135549,6,122471917,q,6q
ENSG00000168993,4,784957,p,4p
ENSG00000071243,7,120950763,q,7q
ENSG00000172671,10,45613375,q,10q
ENSG00000277893,2,31522480,p,2p
ENSG00000243147,2,27771717,p,2p
ENSG00000284190,17,59841266,q,17q
ENSG00000201524,17,59847438,q,17q
ENSG00000157315,16,69343250,q,16q
ENSG00000164023,4,107824563,q,4q
ENSG00000174990,16,87881546,q,16q
ENSG00000198331,11,125883614,q,11q
ENSG00000128683,2,170813213,q,2q
ENSG00000196437,19,37410878,q,19q
ENSG00000110060,11,125893485,q,11q
ENSG00000186166,11,118998138,q,11q
ENSG00000106636,7,44200959,p,7p
ENSG00000153066,16,11679079,p,16p
ENSG00000138796,4,107989714,q,4q
ENSG00000083838,19,58474017,q,19q
ENSG00000100239,22,50343300,q,22q
ENSG00000171953,17,17977409,p,17p
ENSG00000205213,11,27365961,p,11p
ENSG00000136931,9,124481231,q,9q
ENSG00000170260,7,149239651,q,7q
ENSG00000169228,5,177301198,q,5q
ENSG00000178409,6,107065138,q,6q
ENSG00000105438,19,48382575,q,19q
ENSG00000139291,12,71686082,q,12q
ENSG00000075975,3,12557020,p,3p
ENSG00000183549,16,20409308,p,16p
ENSG00000173467,7,16859412,p,7p
ENSG00000091536,17,18108756,p,17p
ENSG00000168300,8,51817575,q,8q
ENSG00000124571,6,43522334,p,6p
ENSG00000171827,19,37467508,q,19q
ENSG00000123395,12,52069246,q,12q
ENSG00000196542,3,161344798,q,3q
ENSG00000163513,3,30606478,p,3p
ENSG00000136937,9,97633448,q,9q
ENSG00000151893,10,118674167,q,10q
ENSG00000129933,19,19320811,p,19p
ENSG00000102241,X,136496932,q,Xq
ENSG00000197150,7,151028422,q,7q
ENSG00000166266,11,108008898,q,11q
ENSG00000111261,12,12326056,p,12p
ENSG00000138669,4,81086874,q,4q
ENSG00000155970,8,17026877,p,8p
ENSG00000101246,20,63698622,q,20q
ENSG00000111110,12,62643994,q,12q
ENSG00000108061,10,110917932,q,10q
ENSG00000136518,3,179562886,q,3q
ENSG00000131446,5,180784780,q,5q
ENSG00000179262,19,12945848,p,19p
ENSG00000183044,16,8674596,p,16p
ENSG00000137492,11,76349898,q,11q
ENSG00000215301,X,41333348,p,Xp
ENSG00000149016,11,62575045,q,11q
ENSG00000113492,5,34997427,p,5p
ENSG00000133884,11,65333821,q,11q
ENSG00000118564,4,15604381,p,4p
ENSG00000160959,8,144517965,q,8q
ENSG00000238793,17,40027542,q,17q
ENSG00000126368,17,40092793,q,17q
ENSG00000124795,6,18223860,p,6p
ENSG00000198682,10,87659613,q,10q
ENSG00000108352,17,40177010,q,17q
ENSG00000165643,9,135693407,q,9q
ENSG00000104872,19,49446291,q,19q
ENSG00000121680,11,45909663,p,11p
ENSG00000154582,8,73939169,q,8q
ENSG00000137944,1,88935773,p,1p
ENSG00000196498,12,124324407,q,12q
ENSG00000136842,9,97501180,q,9q
ENSG00000166448,7,98846488,q,7q
ENSG00000183153,17,40360652,q,17q
ENSG00000162738,1,160400564,q,1q
ENSG00000107581,10,119033670,q,10q
ENSG00000166924,7,100483605,q,7q
ENSG00000204370,11,112086824,q,11q
ENSG00000173889,3,170086732,q,3q
ENSG00000122679,7,45157648,p,7p
ENSG00000118702,20,37251086,q,20q
ENSG00000197496,20,46709577,q,20q
ENSG00000164746,7,48035501,p,7p
ENSG00000146054,5,181193924,q,5q
ENSG00000154930,20,25006230,p,20p
ENSG00000196821,6,34587288,p,6p
ENSG00000171219,11,64823051,q,11q
ENSG00000185668,1,38043829,p,1p
ENSG00000166289,19,29665398,q,19q
ENSG00000160993,7,102456238,q,7q
ENSG00000064490,19,19191957,p,19p
ENSG00000112319,6,133240514,q,6q
ENSG00000043143,5,134523979,q,5q
ENSG00000136830,9,127505339,q,9q
ENSG00000253368,1,26993692,p,1p
ENSG00000173992,11,66593153,q,11q
ENSG00000059691,4,151670458,q,4q
ENSG00000185418,15,101653596,q,15q
ENSG00000165449,10,59650762,q,10q
ENSG00000155926,8,133036728,q,8q
ENSG00000168439,11,64185272,q,11q
ENSG00000103449,16,51135982,q,16q
ENSG00000177853,10,96129695,q,10q
ENSG00000166847,16,23641381,p,16p
ENSG00000106336,7,100583982,q,7q
ENSG00000196678,16,20780193,p,16p
ENSG00000061936,12,131711081,q,12q
ENSG00000124253,20,57560573,q,20q
ENSG00000136925,9,97600080,q,9q
ENSG00000115085,2,97713576,q,2q
ENSG00000122787,7,138002324,q,7q
ENSG00000138698,4,98261243,q,4q
ENSG00000086475,10,13317425,p,10p
ENSG00000244274,20,45405616,q,20q
ENSG00000135049,9,85546539,q,9q
ENSG00000103591,15,67200667,q,15q
ENSG00000114098,3,138187248,q,3q
ENSG00000156475,5,146580742,q,5q
ENSG00000144579,2,218397136,q,2q
ENSG00000186480,7,155296731,q,7q
ENSG00000147649,8,97644013,q,8q
ENSG00000155980,12,57546026,q,12q
ENSG00000004948,7,93424486,q,7q
ENSG00000103044,16,69105653,q,16q
ENSG00000203791,10,124748149,q,10q
ENSG00000137868,15,74179466,q,15q
ENSG00000135898,2,230907318,q,2q
ENSG00000111224,12,3791047,p,12p
ENSG00000133247,19,55339367,q,19q
ENSG00000103460,16,52436417,q,16q
ENSG00000213699,2,26764240,p,2p
ENSG00000152463,10,15032227,p,10p
ENSG00000196562,20,47656197,q,20q
ENSG00000197140,8,39106990,p,8p
ENSG00000173621,11,66856546,q,11q
ENSG00000149136,11,57325982,q,11q
ENSG00000007001,2,157876557,q,2q
ENSG00000149930,16,29973868,p,16p
ENSG00000111196,12,10604190,p,12p
ENSG00000146453,6,159800249,q,6q
ENSG00000144231,2,127843553,q,2q
ENSG00000197889,10,14954194,p,10p
ENSG00000072422,10,60869438,q,10q
ENSG00000116106,2,221418027,q,2q
ENSG00000177169,12,131894621,q,12q
ENSG00000180347,7,31514090,p,7p
ENSG00000137193,6,37170152,p,6p
ENSG00000160113,19,17231883,p,19p
ENSG00000160410,19,40576844,q,19q
ENSG00000055147,5,153990148,q,5q
ENSG00000088833,20,1442162,p,20p
ENSG00000091137,7,107660594,q,7q
ENSG00000131149,16,85169525,q,16q
ENSG00000070018,12,12116025,p,12p
ENSG00000146192,6,37005645,p,6p
ENSG00000107872,10,102418520,q,10q
ENSG00000170145,11,111602404,q,11q
ENSG00000164597,7,107201372,q,7q
ENSG00000108010,10,130136385,q,10q
ENSG00000166889,11,59636716,q,11q
ENSG00000147606,8,91209494,q,8q
ENSG00000112592,6,170554302,q,6q
ENSG00000186487,2,1789113,p,2p
ENSG00000247746,X,55484616,p,Xp
ENSG00000122705,9,36190856,p,9p
ENSG00000083750,X,55717743,p,Xp
ENSG00000135205,7,77122434,q,7q
ENSG00000166788,11,18069935,p,11p
ENSG00000101306,20,31819287,q,20q
ENSG00000152457,10,14897359,p,10p
ENSG00000198931,16,88809339,q,16q
ENSG00000147140,X,71254270,q,Xq
ENSG00000112214,6,96562548,q,6q
ENSG00000160563,9,131852928,q,9q
ENSG00000106397,7,101205977,q,7q
ENSG00000118515,6,134169248,q,6q
ENSG00000139574,12,53506684,q,12q
ENSG00000172296,20,13008972,p,20p
ENSG00000133703,12,25205246,p,12p
ENSG00000132623,20,9986126,p,20p
ENSG00000166783,16,15594302,p,16p
ENSG00000198707,12,88049016,q,12q
ENSG00000165185,9,112486827,q,9q
ENSG00000089091,20,18383361,p,20p
ENSG00000169692,9,136673142,q,9q
ENSG00000214087,17,81681165,q,17q
ENSG00000188175,7,93188534,q,7q
ENSG00000160404,9,127731516,q,9q
ENSG00000122687,7,2234195,p,7p
ENSG00000166796,11,18412306,p,11p
ENSG00000170381,7,83363238,q,7q
ENSG00000050748,5,180233143,q,5q
ENSG00000198467,9,35681992,p,9p
ENSG00000244405,3,186046314,q,3q
ENSG00000151611,4,145599042,q,4q
ENSG00000177082,15,84639285,q,15q
ENSG00000104343,8,73780097,q,8q
ENSG00000105971,7,116287380,q,7q
ENSG00000152954,6,24126154,p,6p
ENSG00000164122,4,176213673,q,4q
ENSG00000168566,6,7590189,p,6p
ENSG00000181016,7,112480853,q,7q
ENSG00000181924,11,73869846,q,11q
ENSG00000005421,7,95297173,q,7q
ENSG00000189325,6,36315757,p,6p
ENSG00000145220,4,4267572,p,4p
ENSG00000089199,20,5911394,p,20p
ENSG00000130382,19,6210377,p,19p
ENSG00000178105,11,108665053,q,11q
ENSG00000136404,15,83107454,q,15q
ENSG00000204070,20,45359977,q,20q
ENSG00000023330,3,52198086,p,3p
ENSG00000184162,19,19201409,p,19p
ENSG00000065029,6,35258909,p,6p
ENSG00000185467,7,99173572,q,7q
ENSG00000036448,8,2044682,p,8p
ENSG00000164073,4,127917799,q,4q
ENSG00000184434,9,26993136,p,9p
ENSG00000166848,16,75647765,q,16q
ENSG00000124207,20,49046246,q,20q
ENSG00000008282,7,106090500,q,7q
ENSG00000113013,5,138553756,q,5q
ENSG00000167123,9,128411751,q,9q
ENSG00000149823,11,65089324,q,11q
ENSG00000051180,15,40694774,q,15q
ENSG00000161980,16,46407,p,16p
ENSG00000105357,19,50188186,q,19q
ENSG00000161992,16,559688,p,16p
ENSG00000170759,10,32009014,p,10p
ENSG00000200783,17,72663823,q,17q
ENSG00000069188,17,73334384,q,17q
ENSG00000167395,16,31074403,p,16p
ENSG00000172366,16,636817,p,16p
ENSG00000175782,12,68746125,q,12q
ENSG00000157741,7,139230356,q,7q
ENSG00000149179,11,46936689,p,11p
ENSG00000062038,16,68636189,q,16q
ENSG00000168952,14,24809454,q,14q
ENSG00000118308,12,25004342,p,12p
ENSG00000105855,7,20330609,p,7p
ENSG00000150551,2,132643286,q,2q
ENSG00000010282,3,42692661,p,3p
ENSG00000115977,2,69457997,p,2p
ENSG00000131652,16,3022541,p,16p
ENSG00000129009,15,74172414,q,15q
ENSG00000182054,15,90083045,q,15q
ENSG00000054967,11,73376325,q,11q
ENSG00000100241,22,50443219,q,22q
ENSG00000146648,7,55018820,p,7p
ENSG00000119509,9,100098699,q,9q
ENSG00000115159,2,156435290,q,2q
ENSG00000126778,14,60643421,q,14q
ENSG00000092098,14,24146683,q,14q
ENSG00000079332,10,70147289,q,10q
ENSG00000149532,11,61402641,q,11q
ENSG00000244005,20,35668052,q,20q
ENSG00000140323,15,40358219,q,15q
ENSG00000153774,16,75293698,q,16q
ENSG00000148120,9,94726604,q,9q
ENSG00000128951,15,48331011,q,15q
ENSG00000170540,16,18791609,p,16p
ENSG00000003056,12,8940358,p,12p
ENSG00000125733,19,6737925,p,19p
ENSG00000120915,8,27490775,p,8p
ENSG00000100647,14,69611591,q,14q
ENSG00000122873,10,58269151,q,10q
ENSG00000131876,15,101281510,q,15q
ENSG00000154556,4,185585444,q,4q
ENSG00000165832,10,114938195,q,10q
ENSG00000143942,2,53767804,p,2p
ENSG00000241106,6,32812763,p,6p
ENSG00000134987,5,111092303,q,5q
ENSG00000106771,9,109015135,q,9q
ENSG00000162066,16,2520340,p,16p
ENSG00000169604,2,69013176,p,2p
ENSG00000090060,14,96501433,q,14q
ENSG00000148824,10,133394094,q,10q
ENSG00000087586,20,56369382,q,20q
ENSG00000204599,6,30325880,p,6p
ENSG00000173156,11,67056839,q,11q
ENSG00000182158,7,137874979,q,7q
ENSG00000139644,12,49707725,q,12q
ENSG00000137841,15,40278176,q,15q
ENSG00000163714,3,142964497,q,3q
ENSG00000130962,X,37349309,p,Xp
ENSG00000172301,17,31851871,q,17q
ENSG00000203772,10,133420666,q,10q
ENSG00000113761,5,177022696,q,5q
ENSG00000107614,10,17137336,p,10p
ENSG00000181291,17,34579487,q,17q
ENSG00000105825,7,93885396,q,7q
ENSG00000137726,11,117836976,q,11q
ENSG00000101928,X,134887613,q,Xq
ENSG00000173762,17,82313564,q,17q
ENSG00000153975,6,116635616,q,6q
ENSG00000102349,X,56232356,p,Xp
ENSG00000178952,16,28842410,p,16p
ENSG00000112234,6,98868535,q,6q
ENSG00000105852,7,95357618,q,7q
ENSG00000126895,X,153902531,q,Xq
ENSG00000213923,22,38290691,q,22q
ENSG00000101997,X,49235444,p,Xp
ENSG00000270379,17,35854946,q,17q
ENSG00000175426,5,96390333,q,5q
ENSG00000150540,2,137964020,q,2q
ENSG00000095203,9,109171463,q,9q
ENSG00000091106,2,32224453,p,2p
ENSG00000029363,6,136256627,q,6q
ENSG00000148737,10,112950205,q,10q
ENSG00000169994,2,127535683,q,2q
ENSG00000106236,7,98617285,q,7q
ENSG00000120784,19,37613749,q,19q
ENSG00000169045,5,179614170,q,5q
ENSG00000042813,7,49850421,p,7p
ENSG00000196428,3,150408298,q,3q
ENSG00000137806,15,41387218,q,15q
ENSG00000172382,16,2712419,p,16p
ENSG00000106511,7,15611211,p,7p
ENSG00000099365,16,30989256,p,16p
ENSG00000157927,7,4797055,p,7p
ENSG00000172534,X,153946434,q,Xq
ENSG00000284188,1,244729701,q,1q
ENSG00000104218,8,67062381,q,8q
ENSG00000172183,15,88635618,q,15q
ENSG00000173611,9,124942608,q,9q
ENSG00000132170,3,12287368,p,3p
ENSG00000075618,7,5592809,p,7p
ENSG00000103671,15,64387748,q,15q
ENSG00000182149,16,71845996,q,16q
ENSG00000118960,2,20560448,p,2p
ENSG00000122591,7,22889371,p,7p
ENSG00000198783,17,34961540,q,17q
ENSG00000183648,14,92116119,q,14q
ENSG00000214309,7,100126694,q,7q
ENSG00000064393,7,139561570,q,7q
ENSG00000163600,2,203936763,q,2q
ENSG00000125618,2,113215997,q,2q
ENSG00000137103,9,35814451,p,9p
ENSG00000186198,15,65045387,q,15q
ENSG00000146674,7,45912245,p,7p
ENSG00000182858,22,49900229,q,22q
ENSG00000140299,15,59659146,q,15q
ENSG00000151332,14,36298555,q,14q
ENSG00000012211,X,49174802,p,Xp
ENSG00000119411,9,113349520,q,9q
ENSG00000243566,7,76510525,q,7q
ENSG00000171448,9,122915566,q,9q
ENSG00000196712,17,31094927,q,17q
ENSG00000106683,7,74082933,q,7q
ENSG00000012232,8,28600469,p,8p
ENSG00000156345,9,87964906,q,9q
ENSG00000176732,2,24114637,p,2p
ENSG00000102401,X,101622797,q,Xq
ENSG00000140459,15,74337746,q,15q
ENSG00000244486,22,20424584,q,22q
ENSG00000126214,14,103561896,q,14q
ENSG00000198286,7,2906141,p,7p
ENSG00000106571,7,41960949,p,7p
ENSG00000134138,15,36889204,q,15q
ENSG00000162980,2,151788984,q,2q
ENSG00000198042,8,33484696,p,8p
ENSG00000107281,9,137039459,q,9q
ENSG00000105664,19,18782773,p,19p
ENSG00000196228,2,108239968,q,2q
ENSG00000184164,22,49917989,q,22q
ENSG00000135929,2,218781738,q,2q
ENSG00000155097,8,103021063,q,8q
ENSG00000006625,7,30496620,p,7p
ENSG00000070047,11,576170,p,11p
ENSG00000056972,6,111555381,q,6q
ENSG00000147118,X,47974851,p,Xp
ENSG00000164877,7,1428465,p,7p
ENSG00000106809,9,92383268,q,9q
ENSG00000158526,X,54440402,p,Xp
ENSG00000182916,X,103330178,q,Xq
ENSG00000135999,2,148644440,q,2q
ENSG00000197859,9,133532164,q,9q
ENSG00000152056,2,223667680,q,2q
ENSG00000153310,8,129839593,q,8q
ENSG00000106278,7,121873089,q,7q
ENSG00000123405,12,54292107,q,12q
ENSG00000153086,2,134838312,q,2q
ENSG00000171453,6,43509702,p,6p
ENSG00000131061,20,33731657,q,20q
ENSG00000182050,12,85955666,q,12q
ENSG00000074219,19,49340585,q,19q
ENSG00000162063,16,2429394,p,16p
ENSG00000068394,X,49113396,p,Xp
ENSG00000140600,15,83447228,q,15q
ENSG00000178445,9,6532467,p,9p
ENSG00000278505,17,37375985,q,17q
ENSG00000176896,X,13653078,p,Xp
ENSG00000111605,12,69239543,q,12q
ENSG00000138079,2,44275458,p,2p
ENSG00000147100,X,74421383,q,Xq
ENSG00000006327,16,3018445,p,16p
ENSG00000089050,20,18486540,p,20p
ENSG00000182831,16,9091610,p,16p
ENSG00000140382,15,77419830,q,15q
ENSG00000175556,X,118974614,q,Xq
ENSG00000060491,20,62804178,q,20q
ENSG00000197006,16,21597218,p,16p
ENSG00000023892,6,35297818,p,6p
ENSG00000197565,X,108155607,q,Xq
ENSG00000140718,16,53701692,q,16q
ENSG00000215305,20,2840689,p,20p
ENSG00000137161,6,42929115,p,6p
ENSG00000108813,17,49968588,q,17q
ENSG00000164674,6,158644387,q,6q
ENSG00000163121,2,96497644,q,2q
ENSG00000204822,2,74471982,p,2p
ENSG00000106537,7,16753745,p,7p
ENSG00000123612,2,157526767,q,2q
ENSG00000152583,4,87473329,q,4q
ENSG00000137824,15,40733696,q,15q
ENSG00000164329,5,79611811,q,5q
ENSG00000080802,7,135361795,q,7q
ENSG00000092820,6,158765741,q,6q
ENSG00000131153,16,85676198,q,16q
ENSG00000168795,9,37437687,p,9p
ENSG00000166446,16,80597907,q,16q
ENSG00000167106,9,127940582,q,9q
ENSG00000115568,2,218633329,q,2q
ENSG00000100038,22,21957025,q,22q
ENSG00000173991,17,39665349,q,17q
ENSG00000103363,16,2771414,p,16p
ENSG00000148288,9,133152938,q,9q
ENSG00000141744,17,39667981,q,17q
ENSG00000111254,12,4613383,p,12p
ENSG00000115616,2,102619553,q,2q
ENSG00000161395,17,39671122,q,17q
ENSG00000160963,7,101362407,q,7q
ENSG00000096384,6,44245808,p,6p
ENSG00000141101,16,69741871,q,16q
ENSG00000140526,15,89087459,q,15q
ENSG00000166532,12,8681483,p,12p
ENSG00000172482,2,240868543,q,2q
ENSG00000161405,17,39757715,q,17q
ENSG00000103202,16,396725,p,16p
ENSG00000157119,3,42685447,p,3p
ENSG00000171757,3,169793003,q,3q
ENSG00000180176,11,2163929,p,11p
ENSG00000139613,12,56162359,q,12q
ENSG00000164970,9,34398184,p,9p
ENSG00000132635,20,2835314,p,20p
ENSG00000166822,16,75443054,q,16q
ENSG00000012171,3,50267542,p,3p
ENSG00000080503,9,1980290,p,9p
ENSG00000205084,16,75536741,q,16q
ENSG00000165801,14,21069647,q,14q
ENSG00000131435,5,132257644,q,5q
ENSG00000106638,7,73567537,q,7q
ENSG00000140955,16,84191125,q,16q
ENSG00000122386,16,3112550,p,16p
ENSG00000186075,17,39868202,q,17q
ENSG00000164588,5,45254948,p,5p
ENSG00000189157,4,76214040,q,4q
ENSG00000188997,11,78171245,q,11q
ENSG00000077279,X,111293779,q,Xq
ENSG00000171867,20,4685730,p,20p
ENSG00000115602,2,102311502,q,2q
ENSG00000204913,17,39927732,q,17q
ENSG00000174136,5,98768004,q,5q
ENSG00000100321,22,39349909,q,22q
ENSG00000138600,15,50702266,q,15q
ENSG00000173327,11,65597755,q,11q
ENSG00000214194,7,113116718,q,7q
ENSG00000132824,20,44496221,q,20q
ENSG00000166676,16,10760919,p,16p
ENSG00000128610,7,122301303,q,7q
ENSG00000121897,4,39459004,p,4p
ENSG00000179761,17,28950513,q,17q
ENSG00000197208,5,132293769,q,5q
ENSG00000183569,22,42553617,q,22q
ENSG00000144550,3,9703691,p,3p
ENSG00000178602,2,240139026,q,2q
ENSG00000170276,11,111912159,q,11q
ENSG00000155666,16,27203486,p,16p
ENSG00000175334,11,66002228,q,11q
ENSG00000115598,2,102186980,q,2q
ENSG00000147041,X,38006515,p,Xp
ENSG00000120725,5,138946720,q,5q
ENSG00000105821,7,103312289,q,7q
ENSG00000132646,20,5114953,p,20p
ENSG00000144369,2,186694019,q,2q
ENSG00000270765,17,35744511,q,17q
ENSG00000151092,3,25718717,p,3p
ENSG00000035141,2,70295976,p,2p
ENSG00000198844,17,8310241,p,17p
ENSG00000166851,16,23677656,p,16p
ENSG00000186297,15,26866911,q,15q
ENSG00000134575,11,47238400,p,11p
ENSG00000144354,2,173354820,q,2q
ENSG00000125965,20,35433347,q,20q
ENSG00000129988,20,38346482,q,20q
ENSG00000183690,X,44146255,p,Xp
ENSG00000005700,6,82169984,q,6q
ENSG00000288859,1,149851061,q,1q
ENSG00000121075,17,61451906,q,17q
ENSG00000128534,7,118183976,q,7q
ENSG00000164167,4,146175685,q,4q
ENSG00000069535,X,43766400,p,Xp
ENSG00000161057,7,103328570,q,7q
ENSG00000015532,17,50346080,q,17q
ENSG00000166068,15,38252139,q,15q
ENSG00000169116,4,74933041,q,4q
ENSG00000126602,16,3651639,p,16p
ENSG00000143631,1,152302165,q,1q
ENSG00000143520,1,152348735,q,1q
ENSG00000135245,7,128455829,q,7q
ENSG00000163945,4,1345691,p,4p
ENSG00000125834,20,2101767,p,20p
ENSG00000153993,7,84995195,q,7q
ENSG00000198854,1,152719522,q,1q
ENSG00000285946,1,152859996,q,1q
ENSG00000166734,15,44288699,q,15q
ENSG00000123700,17,70168302,q,17q
ENSG00000100060,22,37469063,q,22q
ENSG00000071462,7,73683568,q,7q
ENSG00000155438,2,121726945,q,2q
ENSG00000170571,5,50396192,q,5q
ENSG00000101445,20,38804915,q,20q
ENSG00000235568,22,42380407,q,22q
ENSG00000123636,2,159315312,q,2q
ENSG00000239900,22,40346461,q,22q
ENSG00000101911,X,12791355,p,Xp
ENSG00000131899,17,18225569,p,17p
ENSG00000047188,5,113513694,q,5q
ENSG00000169851,4,30720369,p,4p
ENSG00000084093,4,56907876,q,4q
ENSG00000103653,15,74782055,q,15q
ENSG00000101846,X,7147237,p,Xp
ENSG00000150433,11,125094386,q,11q
ENSG00000101255,20,362835,p,20p
ENSG00000130021,X,6667865,p,Xp
ENSG00000198276,20,63939828,q,20q
ENSG00000164675,7,123452174,q,7q
ENSG00000171155,X,120625674,q,Xq
ENSG00000131171,X,81202005,q,Xq
ENSG00000164109,4,120055623,q,4q
ENSG00000123570,X,103822327,q,Xq
ENSG00000011426,7,36389727,p,7p
ENSG00000114480,3,81489699,p,3p
ENSG00000053254,14,89124871,q,14q
ENSG00000115109,2,120013066,q,2q
ENSG00000214944,5,73625757,q,5q
ENSG00000089169,12,112570380,q,12q
ENSG00000132622,20,3730248,p,20p
ENSG00000178467,3,48989889,p,3p
ENSG00000168803,15,43330307,q,15q
ENSG00000253005,1,28142737,p,1p
ENSG00000126215,14,103697569,q,14q
ENSG00000038532,16,10944539,p,16p
ENSG00000167874,17,7855059,p,17p
ENSG00000203879,X,154436600,q,Xq
ENSG00000100395,22,41205282,q,22q
ENSG00000180336,17,44656404,q,17q
ENSG00000137764,15,67542611,q,15q
ENSG00000106070,7,50590063,p,7p
ENSG00000214193,1,36306368,p,1p
ENSG00000151093,3,25782917,p,3p
ENSG00000129214,17,7613946,p,17p
ENSG00000150764,11,111927144,q,11q
ENSG00000022556,19,54953130,q,19q
ENSG00000163754,3,148991408,q,3q
ENSG00000129696,8,33473386,p,8p
ENSG00000131650,16,2963960,p,16p
ENSG00000122958,10,69123512,q,10q
ENSG00000100997,20,25294742,p,20p
ENSG00000117713,1,26693236,p,1p
ENSG00000158669,8,41577187,p,8p
ENSG00000178295,2,17753278,p,2p
ENSG00000148484,10,16590611,p,10p
ENSG00000142082,11,215028,p,11p
ENSG00000170100,16,89217692,q,16q
ENSG00000169249,X,15790106,p,Xp
ENSG00000095015,5,56815538,q,5q
ENSG00000156853,16,30602558,p,16p
ENSG00000075240,22,46575644,q,22q
ENSG00000168101,16,4693562,p,16p
ENSG00000138092,2,24793111,p,2p
ENSG00000182179,3,49805205,p,3p
ENSG00000148908,10,119499817,q,10q
ENSG00000152556,12,48105139,q,12q
ENSG00000179913,19,17794697,p,19p
ENSG00000140830,16,72084854,q,16q
ENSG00000069998,22,17137510,q,22q
ENSG00000164591,5,150660450,q,5q
ENSG00000126947,X,101550411,q,Xq
ENSG00000133315,11,63998553,q,11q
ENSG00000107798,10,89212830,q,10q
ENSG00000101265,20,4780019,p,20p
ENSG00000104894,19,49335171,q,19q
ENSG00000140632,16,4803202,p,16p
ENSG00000158552,2,219195237,q,2q
ENSG00000152620,5,36192589,p,5p
ENSG00000112667,6,43225629,p,6p
ENSG00000148935,11,22625509,p,11p
ENSG00000215712,6,157289025,q,6q
ENSG00000000419,20,50934852,q,20q
ENSG00000137171,6,43040777,p,6p
ENSG00000158887,1,161304735,q,1q
ENSG00000102575,19,11574653,p,19p
ENSG00000166508,7,100092233,q,7q
ENSG00000164466,5,175477062,q,5q
ENSG00000161973,17,8729930,p,17p
ENSG00000172465,X,103628701,q,Xq
ENSG00000196419,22,41620786,q,22q
ENSG00000177370,17,997118,p,17p
ENSG00000187824,17,10699015,p,17p
ENSG00000157502,X,106168304,q,Xq
ENSG00000132670,20,2870754,p,20p
ENSG00000269190,19,38941401,q,19q
ENSG00000168490,8,22219703,p,8p
ENSG00000196924,X,154348524,q,Xq
ENSG00000108381,17,3472374,p,17p
ENSG00000075340,2,70607618,p,2p
ENSG00000149716,11,69653076,q,11q
ENSG00000215695,1,15659713,p,1p
ENSG00000126353,17,40551081,q,17q
ENSG00000169641,1,23084030,p,1p
ENSG00000164930,8,103298433,q,8q
ENSG00000162430,1,25800193,p,1p
ENSG00000173818,17,80415158,q,17q
ENSG00000145868,5,148383826,q,5q
ENSG00000153814,7,27830573,p,7p
ENSG00000229833,19,7629711,p,19p
ENSG00000165804,14,21090053,q,14q
ENSG00000177963,11,207499,p,11p
ENSG00000183291,1,86862445,p,1p
ENSG00000130724,19,58551452,q,19q
ENSG00000213420,7,100169606,q,7q
ENSG00000147813,8,143574782,q,8q
ENSG00000146904,7,143390289,q,7q
ENSG00000090054,9,92000087,q,9q
ENSG00000166197,10,102152175,q,10q
ENSG00000103540,16,19523811,p,16p
ENSG00000161267,3,197509776,q,3q
ENSG00000157212,7,154943687,q,7q
ENSG00000198198,1,43389882,p,1p
ENSG00000080815,14,73136418,q,14q
ENSG00000153822,17,70053429,q,17q
ENSG00000140332,15,70047790,q,15q
ENSG00000185105,17,81939645,q,17q
ENSG00000006047,17,7288263,p,17p
ENSG00000164742,7,45574140,p,7p
ENSG00000007080,19,17932588,p,19p
ENSG00000151640,10,132186897,q,10q
ENSG00000006740,17,12789498,p,17p
ENSG00000106346,7,6104934,p,7p
ENSG00000127585,16,692498,p,16p
ENSG00000176386,9,113255835,q,9q
ENSG00000181029,19,7680833,p,19p
ENSG00000140990,16,1959508,p,16p
ENSG00000123143,19,14433053,p,19p
ENSG00000074319,11,18468336,p,11p
ENSG00000084774,2,27217369,p,2p
ENSG00000167964,16,2140803,p,16p
ENSG00000158220,3,138434586,q,3q
ENSG00000105939,7,139043515,q,7q
ENSG00000160293,9,133761892,q,9q
ENSG00000099250,10,33177492,p,10p
ENSG00000106330,7,100612102,q,7q
ENSG00000188157,1,1020120,p,1p
ENSG00000126603,16,4314761,p,16p
ENSG00000140835,16,71525233,q,16q
ENSG00000260734,16,71429980,q,16q
ENSG00000196353,3,131533555,q,3q
ENSG00000158792,16,89696357,q,16q
ENSG00000008516,16,3046062,p,16p
ENSG00000135362,11,36296120,p,11p
ENSG00000155561,7,135557726,q,7q
ENSG00000258839,16,89912119,q,16q
ENSG00000070444,17,2384073,p,17p
ENSG00000241852,8,22599594,p,8p
ENSG00000135740,16,67237683,q,16q
ENSG00000145901,5,151029939,q,5q
ENSG00000141854,19,14072108,p,19p
ENSG00000091947,17,44011188,q,17q
ENSG00000105671,19,18919700,p,19p
ENSG00000202609,1,177029363,q,1q
ENSG00000136710,2,130337922,q,2q
ENSG00000205710,17,4899418,p,17p
ENSG00000007237,17,9910606,p,17p
ENSG00000054983,14,87837820,q,14q
ENSG00000115425,2,215996329,q,2q
ENSG00000103061,16,68284503,q,16q
ENSG00000115457,2,216632828,q,2q
ENSG00000104219,8,17155974,p,8p
ENSG00000141098,16,67674531,q,16q
ENSG00000131126,19,43401496,q,19q
ENSG00000155368,2,119366917,q,2q
ENSG00000162062,16,2460086,p,16p
ENSG00000015592,8,27235308,p,8p
ENSG00000106992,9,127866486,q,9q
ENSG00000198663,6,36871870,p,6p
ENSG00000142484,17,4771849,p,17p
ENSG00000129654,17,76136333,q,17q
ENSG00000144791,3,45555394,p,3p
ENSG00000163453,4,57030766,q,4q
ENSG00000276293,17,38765691,q,17q
ENSG00000232070,14,21098811,q,14q
ENSG00000138039,2,48686774,p,2p
ENSG00000160953,19,1354293,p,19p
ENSG00000128422,17,41619437,q,17q
ENSG00000172113,3,48290288,p,3p
ENSG00000138785,4,105682016,q,4q
ENSG00000167513,16,88803789,q,16q
ENSG00000213424,17,40654665,q,17q
ENSG00000134001,14,67360011,q,14q
ENSG00000115661,2,219245455,q,2q
ENSG00000174996,11,66257294,q,11q
ENSG00000141505,17,7172535,p,17p
ENSG00000103067,16,68229033,q,16q
ENSG00000106591,7,42932346,p,7p
ENSG00000155660,7,149003046,q,7q
ENSG00000147789,8,144826894,q,8q
ENSG00000100596,14,77505997,q,14q
ENSG00000025708,22,50525752,q,22q
ENSG00000165192,X,15281697,p,Xp
ENSG00000105053,19,49976127,q,19q
ENSG00000106688,9,4490225,p,9p
ENSG00000127124,1,41506365,p,1p
ENSG00000179542,X,143622790,q,Xq
ENSG00000215277,14,23185316,q,14q
ENSG00000115904,2,38962206,p,2p
ENSG00000185883,16,2513713,p,16p
ENSG00000198689,X,135973841,q,Xq
ENSG00000044012,1,42153410,p,1p
ENSG00000153162,6,7726049,p,6p
ENSG00000075213,7,83955777,q,7q
ENSG00000145014,3,194587673,q,3q
ENSG00000003249,16,90004871,q,16q
ENSG00000198876,9,34086384,p,9p
ENSG00000135821,1,182378098,q,1q
ENSG00000085511,6,160991473,q,6q
ENSG00000151445,14,77426675,q,14q
ENSG00000107679,10,122374675,q,10q
ENSG00000056586,9,122844556,q,9q
ENSG00000176476,16,28553915,p,16p
ENSG00000137573,8,69466624,q,8q
ENSG00000121446,1,182409192,q,1q
ENSG00000140876,16,77722485,q,16q
ENSG00000181220,7,149472696,q,7q
ENSG00000157426,4,56337994,q,4q
ENSG00000154978,7,55436056,p,7p
ENSG00000182156,17,79728809,q,17q
ENSG00000152404,11,107321601,q,11q
ENSG00000095485,10,100232296,q,10q
ENSG00000039068,16,68737292,q,16q
ENSG00000185262,17,76265348,q,17q
ENSG00000115963,2,150468195,q,2q
ENSG00000198829,3,151873643,q,3q
ENSG00000183833,3,119703022,q,3q
ENSG00000131724,X,118727133,q,Xq
ENSG00000141551,17,82239023,q,17q
ENSG00000137817,15,72241176,q,15q
ENSG00000119986,10,97677422,q,10q
ENSG00000089006,20,17941597,p,20p
ENSG00000136231,7,23310209,p,7p
ENSG00000158022,1,26051301,p,1p
ENSG00000165702,9,132944000,q,9q
ENSG00000128242,22,30554632,q,22q
ENSG00000282872,1,26164101,p,1p
ENSG00000168758,2,96859718,q,2q
ENSG00000142684,1,26169908,p,1p
ENSG00000168306,3,58504544,p,3p
ENSG00000241127,7,39566379,p,7p
ENSG00000107672,10,121953334,q,10q
ENSG00000080608,9,2720469,p,9p
ENSG00000189043,7,10931943,p,7p
ENSG00000183317,1,37713880,p,1p
ENSG00000184517,16,75148494,q,16q
ENSG00000102125,X,154409456,q,Xq
ENSG00000167419,17,58218548,q,17q
ENSG00000164548,7,23504780,p,7p
ENSG00000149922,16,30085793,p,16p
ENSG00000101052,20,43590925,q,20q
ENSG00000197982,1,37806979,p,1p
ENSG00000260456,16,87083562,q,16q
ENSG00000125378,14,53949736,q,14q
ENSG00000033122,1,69567922,p,1p
ENSG00000177354,10,49299165,q,10q
ENSG00000080603,16,30698166,p,16p
ENSG00000101347,20,36890229,q,20q
ENSG00000181409,17,81110487,q,17q
ENSG00000129158,11,17788043,p,11p
ENSG00000118900,16,4846665,p,16p
ENSG00000128567,7,131500254,q,7q
ENSG00000139926,14,51489100,q,14q
ENSG00000127527,19,16355225,p,19p
ENSG00000186976,22,43528744,q,22q
ENSG00000189195,1,92080305,p,1p
ENSG00000131095,17,44903159,q,17q
ENSG00000109625,4,8592660,p,4p
ENSG00000184489,8,141391497,q,8q
ENSG00000160679,1,153633982,q,1q
ENSG00000148541,10,59246118,q,10q
ENSG00000170537,16,18983934,p,16p
ENSG00000090530,3,189956728,q,3q
ENSG00000239264,6,7881440,p,6p
ENSG00000134207,1,114089291,p,1p
ENSG00000100266,22,42835412,q,22q
ENSG00000146955,7,140404047,q,7q
ENSG00000077684,4,128809576,q,4q
ENSG00000122557,7,35632659,p,7p
ENSG00000137168,6,36854825,p,6p
ENSG00000046647,X,13998099,p,Xp
ENSG00000111961,6,148272304,q,6q
ENSG00000007545,16,1612337,p,16p
ENSG00000175634,11,67428460,q,11q
ENSG00000013563,X,154401236,q,Xq
ENSG00000213123,3,196291219,q,3q
ENSG00000055957,3,52777567,p,3p
ENSG00000120029,10,101845599,q,10q
ENSG00000106299,7,123681938,q,7q
ENSG00000014123,6,96521595,q,6q
ENSG00000125841,20,346705,p,20p
ENSG00000125686,17,39404285,q,17q
ENSG00000122390,16,3443649,p,16p
ENSG00000112335,6,108211222,q,6q
ENSG00000103966,15,41895933,q,15q
ENSG00000006634,7,87876216,q,7q
ENSG00000283526,9,131545520,q,9q
ENSG00000133740,8,85177154,q,8q
ENSG00000148218,9,113386304,q,9q
ENSG00000100991,20,34995209,q,20q
ENSG00000137312,6,30727709,p,6p
ENSG00000137869,15,51208057,q,15q
ENSG00000119682,14,74653437,q,14q
ENSG00000182612,17,81637171,q,17q
ENSG00000132554,8,99960936,q,8q
ENSG00000173714,17,50834650,q,17q
ENSG00000170836,17,60599735,q,17q
ENSG00000089682,X,107052095,q,Xq
ENSG00000114796,3,183635602,q,3q
ENSG00000177030,11,644224,p,11p
ENSG00000106144,7,143288215,q,7q
ENSG00000167880,17,76004502,q,17q
ENSG00000102312,X,48508574,p,Xp
ENSG00000157992,2,27442337,p,2p
ENSG00000155256,10,97737117,q,10q
ENSG00000164897,7,151081082,q,7q
ENSG00000018189,4,70704204,q,4q
ENSG00000136381,15,78437431,q,15q
ENSG00000102103,X,48890197,p,Xp
ENSG00000106615,7,151466012,q,7q
ENSG00000220205,17,8159149,p,17p
ENSG00000158050,2,96143166,q,2q
ENSG00000149262,11,77874418,q,11q
ENSG00000063761,14,77800064,q,14q
ENSG00000176731,8,85214048,q,8q
ENSG00000153574,2,88691642,p,2p
ENSG00000126562,17,42780610,q,17q
ENSG00000106268,7,2242203,p,7p
ENSG00000186260,16,14071058,p,16p
ENSG00000114956,2,73926794,p,2p
ENSG00000151466,4,128864921,q,4q
ENSG00000167524,17,28455752,q,17q
ENSG00000166415,15,53513741,q,15q
ENSG00000128602,7,129188511,q,7q
ENSG00000172794,17,74670578,q,17q
ENSG00000081320,2,196133583,q,2q
ENSG00000131323,14,102777326,q,14q
ENSG00000000003,X,100627108,q,Xq
ENSG00000170264,2,61824848,p,2p
ENSG00000104517,8,102250608,q,8q
ENSG00000173267,10,86955771,q,10q
ENSG00000122585,7,24284188,p,7p
ENSG00000085265,9,134903232,q,9q
ENSG00000196549,3,155024124,q,3q
ENSG00000070761,16,58113588,q,16q
ENSG00000127914,7,91940840,q,7q
ENSG00000185477,4,89236383,q,4q
ENSG00000138376,2,214725646,q,2q
ENSG00000171307,10,97446142,q,10q
ENSG00000138795,4,108047545,q,4q
ENSG00000169877,16,31527876,p,16p
ENSG00000081386,9,96754553,q,9q
ENSG00000184254,15,100861924,q,15q
ENSG00000086504,16,365916,p,16p
ENSG00000130713,9,130693721,q,9q
ENSG00000121058,17,56938199,q,17q
ENSG00000166432,X,101882288,q,Xq
ENSG00000100600,14,92703798,q,14q
ENSG00000184640,17,77280569,q,17q
ENSG00000078814,20,34955810,q,20q
ENSG00000025423,12,56751817,q,12q
ENSG00000133131,X,106813871,q,Xq
ENSG00000140297,15,59594875,q,15q
ENSG00000109182,4,48986162,p,4p
ENSG00000154269,6,131628292,q,6q
ENSG00000106367,7,101154352,q,7q
ENSG00000125827,20,7977346,p,20p
ENSG00000103855,15,73683966,q,15q
ENSG00000127580,16,684621,p,16p
ENSG00000198157,X,81112915,q,Xq
ENSG00000143845,1,204131062,q,1q
ENSG00000125844,20,17613678,p,20p
ENSG00000104866,19,45091396,q,19q
ENSG00000184924,2,24789728,p,2p
ENSG00000127928,7,93591329,q,7q
ENSG00000148399,9,137554444,q,9q
ENSG00000145996,6,20534447,p,6p
ENSG00000086991,11,89324353,q,11q
ENSG00000103024,16,1770317,p,16p
ENSG00000118640,2,85561562,p,2p
ENSG00000100316,22,39312870,q,22q
ENSG00000106244,7,99392048,q,7q
ENSG00000157933,1,2227388,p,1p
ENSG00000115163,2,26764289,p,2p
ENSG00000143839,1,204154815,q,1q
ENSG00000106266,7,2251770,p,7p
ENSG00000177981,12,48147789,q,12q
ENSG00000130202,19,44846175,q,19q
ENSG00000103489,16,17101769,p,16p
ENSG00000124370,2,71109684,p,2p
ENSG00000136856,9,127397138,q,9q
ENSG00000112118,6,52264011,p,6p
ENSG00000163864,3,139558709,q,3q
ENSG00000116824,1,116754370,p,1p
ENSG00000164252,5,77029251,q,5q
ENSG00000196503,4,56505209,q,4q
ENSG00000087274,4,2843576,p,4p
ENSG00000177301,1,110519837,p,1p
ENSG00000103154,16,83968244,q,16q
ENSG00000147251,X,118495814,q,Xq
ENSG00000115392,2,58159243,p,2p
ENSG00000103502,16,29858357,p,16p
ENSG00000049541,7,74223231,q,7q
ENSG00000163909,1,39623435,p,1p
ENSG00000126934,19,4090317,p,19p
ENSG00000156869,1,99703970,p,1p
ENSG00000113649,5,146447311,q,5q
ENSG00000120798,12,95020229,q,12q
ENSG00000144668,3,37452090,p,3p
ENSG00000162460,1,15742499,p,1p
ENSG00000140538,15,87859751,q,15q
ENSG00000116191,1,178725165,q,1q
ENSG00000141985,19,4360367,p,19p
ENSG00000101126,20,50888916,q,20q
ENSG00000184144,1,205042937,q,1q
ENSG00000127564,16,2968024,p,16p
ENSG00000129534,14,45203190,q,14q
ENSG00000181523,17,80206716,q,17q
ENSG00000188706,X,129803288,q,Xq
ENSG00000149679,20,62388630,q,20q
ENSG00000112531,6,163414000,q,6q
ENSG00000161958,17,7438265,p,17p
ENSG00000088888,20,3842694,p,20p
ENSG00000135046,9,73148874,q,9q
ENSG00000156469,8,96238169,q,8q
ENSG00000131746,17,40475828,q,17q
ENSG00000039987,19,12751702,p,19p
ENSG00000170854,3,97941815,q,3q
ENSG00000125968,20,31573014,q,20q
ENSG00000071537,14,81471547,q,14q
ENSG00000108375,17,58353676,q,17q
ENSG00000124160,20,46060985,q,20q
ENSG00000100311,22,39223359,q,22q
ENSG00000105696,19,18607430,p,19p
ENSG00000172171,17,30897336,q,17q
ENSG00000149926,16,30024426,p,16p
ENSG00000100028,22,24555957,q,22q
ENSG00000103978,15,42210447,q,15q
ENSG00000005884,17,50055968,q,17q
ENSG00000109832,11,125903348,q,11q
ENSG00000169592,16,29995715,p,16p
ENSG00000183891,2,19896631,p,2p
ENSG00000100300,22,43151077,q,22q
ENSG00000243667,2,68122936,p,2p
ENSG00000175221,19,867630,p,19p
ENSG00000167588,12,50103982,q,12q
ENSG00000180900,8,143790920,q,8q
ENSG00000127022,5,179678628,q,5q
ENSG00000185985,X,145817819,q,Xq
ENSG00000001629,7,92245973,q,7q
ENSG00000157131,1,56854768,p,1p
ENSG00000229453,3,48306842,p,3p
ENSG00000147255,X,131273506,q,Xq
ENSG00000153107,2,111611639,q,2q
ENSG00000042088,14,89954939,q,14q
ENSG00000090020,1,27098809,p,1p
ENSG00000120253,6,149724315,q,6q
ENSG00000106341,7,31687215,p,7p
ENSG00000100294,22,43132209,q,22q
ENSG00000188026,12,123470054,q,12q
ENSG00000050344,7,26152190,p,7p
ENSG00000149564,11,124752583,q,11q
ENSG00000198089,22,31488688,q,22q
ENSG00000127922,7,96481626,q,7q
ENSG00000141522,17,81867719,q,17q
ENSG00000103316,16,21238874,p,16p
ENSG00000159251,15,34790107,q,15q
ENSG00000114126,3,141944428,q,3q
ENSG00000089220,12,118136071,q,12q
ENSG00000110048,11,59574398,q,11q
ENSG00000107317,9,136975053,q,9q
ENSG00000249853,6,114055093,q,6q
ENSG00000105926,7,24572936,p,7p
ENSG00000139567,12,51906908,q,12q
ENSG00000143851,1,202147012,q,1q
ENSG00000130347,6,106570771,q,6q
ENSG00000127586,16,788046,p,16p
ENSG00000151729,4,185143233,q,4q
ENSG00000197798,11,126211687,q,11q
ENSG00000158691,6,28378821,p,6p
ENSG00000062524,15,41503634,q,15q
ENSG00000110876,12,108620413,q,12q
ENSG00000137411,6,30914205,p,6p
ENSG00000061794,12,27710801,p,12p
ENSG00000145287,4,83059493,q,4q
ENSG00000198887,9,70258270,q,9q
ENSG00000122884,10,73005811,q,10q
ENSG00000130811,19,10115010,p,19p
ENSG00000114904,3,52708444,p,3p
ENSG00000125398,17,72121020,q,17q
ENSG00000275023,17,38705273,q,17q
ENSG00000110811,12,6828381,p,12p
ENSG00000178381,7,1151903,p,7p
ENSG00000271601,1,145933423,q,1q
ENSG00000091583,17,66211595,q,17q
ENSG00000165156,8,123248451,q,8q
ENSG00000183513,2,98598242,q,2q
ENSG00000123080,1,50960745,p,1p
ENSG00000163795,2,27377235,p,2p
ENSG00000145365,4,112272968,q,4q
ENSG00000205309,17,17303331,p,17p
ENSG00000164117,4,174236658,q,4q
ENSG00000104522,8,143612617,q,8q
ENSG00000108798,17,49210411,q,17q
ENSG00000198919,3,108589480,q,3q
ENSG00000272031,1,145959441,q,1q
ENSG00000143162,1,167529117,q,1q
ENSG00000103888,15,80779343,q,15q
ENSG00000028203,12,95217746,q,12q
ENSG00000188732,7,23680114,p,7p
ENSG00000079616,16,29790718,p,16p
ENSG00000198492,1,28736621,p,1p
ENSG00000196235,19,39436156,q,19q
ENSG00000205436,14,103094538,q,14q
ENSG00000143153,1,169105697,q,1q
ENSG00000189159,17,75135248,q,17q
ENSG00000170779,14,105008533,q,14q
ENSG00000100485,14,50117130,q,14q
ENSG00000184205,X,53082326,p,Xp
ENSG00000174080,11,66563463,q,11q
ENSG00000126545,4,69931068,q,4q
ENSG00000136754,10,26745942,p,10p
ENSG00000070366,17,2059839,p,17p
ENSG00000147364,8,406428,p,8p
ENSG00000122643,7,33014113,p,7p
ENSG00000050555,9,131009149,q,9q
ENSG00000113407,5,33440696,p,5p
ENSG00000166233,15,72474308,q,15q
ENSG00000171488,1,89632707,p,1p
ENSG00000134258,1,117143587,p,1p
ENSG00000101882,X,119920672,q,Xq
ENSG00000161996,16,649287,p,16p
ENSG00000117069,1,76867447,p,1p
ENSG00000178605,X,303346,p,Xp
ENSG00000166750,17,35243043,q,17q
ENSG00000129187,4,182890060,q,4q
ENSG00000184313,1,54641754,p,1p
ENSG00000074755,17,4004445,p,17p
ENSG00000130958,9,96313444,q,9q
ENSG00000185055,7,105565120,q,7q
ENSG00000094841,X,75156388,q,Xq
ENSG00000169047,2,226731312,q,2q
ENSG00000180535,7,98211439,q,7q
ENSG00000075292,2,71276537,p,2p
ENSG00000164715,7,98106860,q,7q
ENSG00000100614,14,60245752,q,14q
ENSG00000132000,19,13931183,p,19p
ENSG00000069869,15,55826917,q,15q
ENSG00000213719,6,31730581,p,6p
ENSG00000135185,7,87196158,q,7q
ENSG00000063438,5,320682,p,5p
ENSG00000123297,12,57782731,q,12q
ENSG00000129353,19,10602457,p,19p
ENSG00000106443,7,10973336,p,7p
ENSG00000167182,17,47896150,q,17q
ENSG00000182934,11,126262912,q,11q
ENSG00000182872,X,47144284,p,Xp
ENSG00000164078,3,49886902,p,3p
ENSG00000196150,8,144876497,q,8q
ENSG00000019582,5,150401637,q,5q
ENSG00000183615,1,32247222,p,1p
ENSG00000107295,9,17579066,p,9p
ENSG00000116661,1,11637018,p,1p
ENSG00000120068,17,48611377,q,17q
ENSG00000109466,4,165207561,q,4q
ENSG00000132141,17,34927859,q,17q
ENSG00000130714,9,131502789,q,9q
ENSG00000122644,7,12686602,p,7p
ENSG00000187730,1,2019329,p,1p
ENSG00000198742,7,99027435,q,7q
ENSG00000110841,12,27523431,p,12p
ENSG00000205765,5,41904188,p,5p
ENSG00000055044,2,202265725,q,2q
ENSG00000189367,6,127438406,q,6q
ENSG00000103260,16,715118,p,16p
ENSG00000166199,11,43880811,p,11p
ENSG00000145916,5,178129068,q,5q
ENSG00000162367,1,47216290,p,1p
ENSG00000166482,17,19383442,p,17p
ENSG00000267795,16,4788397,p,16p
ENSG00000091831,6,151651284,q,6q
ENSG00000221983,19,18571730,p,19p
ENSG00000143365,1,151806071,q,1q
ENSG00000167186,16,19067614,p,16p
ENSG00000163322,4,83459517,q,4q
ENSG00000082996,3,149809445,q,3q
ENSG00000173805,17,41717742,q,17q
ENSG00000170786,8,56300005,q,8q
ENSG00000120899,8,27311456,p,8p
ENSG00000103035,16,74296809,q,16q
ENSG00000161921,17,4733533,p,17p
ENSG00000089916,14,76151916,q,14q
ENSG00000214022,7,150368071,q,7q
ENSG00000161920,17,4731428,p,17p
ENSG00000112473,6,33200305,p,6p
ENSG00000155011,4,106921802,q,4q
ENSG00000167131,17,44899142,q,17q
ENSG00000167005,16,56429133,q,16q
ENSG00000132321,2,236324147,q,2q
ENSG00000006453,7,98291648,q,7q
ENSG00000127419,4,932168,p,4p
ENSG00000162409,1,56645314,p,1p
ENSG00000006695,17,14069490,p,17p
ENSG00000196586,6,75749175,q,6q
ENSG00000132603,16,69337996,q,16q
ENSG00000152315,14,90061994,q,14q
ENSG00000072415,14,67240713,q,14q
ENSG00000009724,1,11022009,p,1p
ENSG00000122257,16,24537693,p,16p
ENSG00000020577,14,54566117,q,14q
ENSG00000007171,17,27756766,q,17q
ENSG00000122512,7,5970925,p,7p
ENSG00000116690,1,186296270,q,1q
ENSG00000188760,2,219543130,q,2q
ENSG00000123989,2,219538949,q,2q
ENSG00000131943,19,29698937,q,19q
ENSG00000211460,2,121737103,q,2q
ENSG00000183856,1,156525405,q,1q
ENSG00000176454,15,34358633,q,15q
ENSG00000164403,5,132822141,q,5q
ENSG00000186469,14,51826195,q,14q
ENSG00000189362,2,190504338,q,2q
ENSG00000138741,4,121874481,q,4q
ENSG00000123815,19,40691514,q,19q
ENSG00000119402,9,120751978,q,9q
ENSG00000168887,2,85605254,p,2p
ENSG00000168124,16,3188204,p,16p
ENSG00000086848,11,111782195,q,11q
ENSG00000151929,10,119650879,q,10q
ENSG00000125107,16,58519951,q,16q
ENSG00000140543,15,88494440,q,15q
ENSG00000171863,2,3575198,p,2p
ENSG00000204179,10,46911396,q,10q
ENSG00000066185,1,42430329,p,1p
ENSG00000139990,14,69050881,q,14q
ENSG00000163534,1,157792249,q,1q
ENSG00000154262,17,69074255,q,17q
ENSG00000140398,15,75346878,q,15q
ENSG00000147050,X,44873130,p,Xp
ENSG00000145388,4,118685387,q,4q
ENSG00000196923,5,177483393,q,5q
ENSG00000143514,1,223779893,q,1q
ENSG00000183576,14,99395061,q,14q
ENSG00000164342,4,186068911,q,4q
ENSG00000118816,4,77047155,q,4q
ENSG00000149591,11,117197509,q,11q
ENSG00000163053,2,230034974,q,2q
ENSG00000085449,2,223855716,q,2q
ENSG00000158315,1,38885807,p,1p
ENSG00000131482,17,42900797,q,17q
ENSG00000142599,1,8352397,p,1p
ENSG00000180979,15,42537820,q,15q
ENSG00000172059,2,10042849,p,2p
ENSG00000176658,17,32492522,q,17q
ENSG00000178750,3,94012043,q,3q
ENSG00000168769,4,105145875,q,4q
ENSG00000134152,15,34140365,q,15q
ENSG00000107105,9,23690099,p,9p
ENSG00000143882,2,10721100,p,2p
ENSG00000168297,3,58332686,p,3p
ENSG00000204356,6,31952087,p,6p
ENSG00000106077,7,73736091,q,7q
ENSG00000189221,X,43654907,p,Xp
ENSG00000109339,4,85990007,q,4q
ENSG00000120509,X,70281118,q,Xq
ENSG00000162728,1,160081501,q,1q
ENSG00000100852,14,32075794,q,14q
ENSG00000105974,7,116524994,q,7q
ENSG00000116882,1,119368727,p,1p
ENSG00000088205,2,117814673,q,2q
ENSG00000138134,10,88879380,q,10q
ENSG00000062582,7,43866557,p,7p
ENSG00000087884,11,77821100,q,11q
ENSG00000004059,7,127588370,q,7q
ENSG00000151413,14,31489956,q,14q
ENSG00000106701,9,105447796,q,9q
ENSG00000046651,X,13734675,p,Xp
ENSG00000069956,15,51952106,q,15q
ENSG00000168591,17,44186966,q,17q
ENSG00000166166,14,103521582,q,14q
ENSG00000167094,9,127716079,q,9q
ENSG00000152779,10,89430174,q,10q
ENSG00000106477,7,130393771,q,7q
ENSG00000028528,15,64094123,q,15q
ENSG00000156381,14,102501767,q,14q
ENSG00000144120,2,119679137,q,2q
ENSG00000137073,9,33921691,p,9p
ENSG00000127774,17,3668812,p,17p
ENSG00000174326,17,7041621,p,17p
ENSG00000172954,2,30447221,p,2p
ENSG00000181192,10,12068926,p,10p
ENSG00000165457,11,72216601,q,11q
ENSG00000165379,14,41606733,q,14q
ENSG00000184708,22,31436977,q,22q
ENSG00000175866,17,81035122,q,17q
ENSG00000178096,1,149887890,q,1q
ENSG00000166165,14,103519660,q,14q
ENSG00000102109,X,48831088,p,Xp
ENSG00000117501,1,170935429,q,1q
ENSG00000204438,6,31661228,p,6p
ENSG00000013619,X,150361422,q,Xq
ENSG00000173212,1,116111399,p,1p
ENSG00000102054,X,16839283,p,Xp
ENSG00000143473,1,210676823,q,1q
ENSG00000129460,14,23469679,q,14q
ENSG00000113391,5,93615442,q,5q
ENSG00000102858,16,4616493,p,16p
ENSG00000082258,2,134918235,q,2q
ENSG00000075131,15,66336191,q,15q
ENSG00000146576,7,6589978,p,7p
ENSG00000198315,6,28141732,p,6p
ENSG00000110713,11,3671083,p,11p
ENSG00000092020,14,35085467,q,14q
ENSG00000187257,7,77696459,q,7q
ENSG00000156017,9,74980790,q,9q
ENSG00000105695,19,35291647,q,19q
ENSG00000118004,2,3592791,p,2p
ENSG00000231925,6,33299694,p,6p
ENSG00000106355,7,32485338,p,7p
ENSG00000128849,15,57375967,q,15q
ENSG00000113070,5,140332843,q,5q
ENSG00000173915,10,103388991,q,10q
ENSG00000169230,5,177303790,q,5q
ENSG00000174502,1,205913048,q,1q
ENSG00000269335,X,154541179,q,Xq
ENSG00000048052,7,18086949,p,7p
ENSG00000152700,5,134601149,q,5q
ENSG00000133935,14,75649791,q,14q
ENSG00000050628,1,70852353,p,1p
ENSG00000140044,14,75427716,q,14q
ENSG00000134452,10,5890203,p,10p
ENSG00000159445,1,151870866,q,1q
ENSG00000087301,14,52429472,q,14q
ENSG00000065609,6,83552880,q,6q
ENSG00000159588,1,45620044,p,1p
ENSG00000167565,19,40440642,q,19q
ENSG00000090554,19,49474150,q,19q
ENSG00000144644,3,30726197,p,3p
ENSG00000026751,1,160739057,q,1q
ENSG00000184845,5,175440027,q,5q
ENSG00000113430,5,1877413,p,5p
ENSG00000161202,3,184155159,q,3q
ENSG00000132581,17,28648346,q,17q
ENSG00000074696,15,65530418,q,15q
ENSG00000145861,5,160347754,q,5q
ENSG00000092094,14,20446401,q,14q
ENSG00000113552,5,141991749,q,5q
ENSG00000126860,17,31316410,q,17q
ENSG00000134532,12,23529504,p,12p
ENSG00000168411,16,74621393,q,16q
ENSG00000186205,1,220786352,q,1q
ENSG00000065325,17,9822206,p,17p
ENSG00000169679,2,110636333,q,2q
ENSG00000137941,1,83865024,p,1p
ENSG00000185070,14,85530017,q,14q
ENSG00000100823,14,20454525,q,14q
ENSG00000161940,17,7023050,p,17p
ENSG00000103037,16,58515479,q,16q
ENSG00000129951,19,812487,p,19p
ENSG00000198146,15,34978341,q,15q
ENSG00000147573,8,66126896,q,8q
ENSG00000141519,17,80036632,q,17q
ENSG00000167515,16,88856220,q,16q
ENSG00000076356,1,208022242,q,1q
ENSG00000124299,19,33386950,q,19q
ENSG00000134982,5,112707498,q,5q
ENSG00000163527,3,31532521,p,3p
ENSG00000103335,16,88715338,q,16q
ENSG00000154975,17,51630313,q,17q
ENSG00000106399,7,7634843,p,7p
ENSG00000113140,5,151661096,q,5q
ENSG00000106624,7,44104295,p,7p
ENSG00000165078,8,67422038,q,8q
ENSG00000165168,X,37780018,p,Xp
ENSG00000102383,X,75368427,q,Xq
ENSG00000170323,8,81477651,q,8q
ENSG00000154451,1,89256189,p,1p
ENSG00000183655,15,85759326,q,15q
ENSG00000104365,8,42271302,p,8p
ENSG00000140598,15,82130206,q,15q
ENSG00000102934,16,57248547,q,16q
ENSG00000167723,17,3510502,p,17p
ENSG00000131381,3,15068571,p,3p
ENSG00000153406,16,4461684,p,16p
ENSG00000102003,X,49187807,p,Xp
ENSG00000168907,15,42139034,q,15q
ENSG00000153904,1,85318481,p,1p
ENSG00000136824,9,104093695,q,9q
ENSG00000122145,X,80014753,q,Xq
ENSG00000078304,14,101761682,q,14q
ENSG00000179902,1,109105951,p,1p
ENSG00000185825,X,153698006,q,Xq
ENSG00000107669,10,121709393,q,10q
ENSG00000143614,1,153789030,q,1q
ENSG00000135250,7,105110704,q,7q
ENSG00000118971,12,4269771,p,12p
ENSG00000074071,16,1771890,p,16p
ENSG00000187164,10,116881477,q,10q
ENSG00000184697,16,3014705,p,16p
ENSG00000110931,12,121237675,q,12q
ENSG00000171241,16,46578591,q,16q
ENSG00000163492,2,178829757,q,2q
ENSG00000225968,7,1665745,p,7p
ENSG00000118855,3,158732198,q,3q
ENSG00000075142,7,88205115,q,7q
ENSG00000163485,1,203090654,q,1q
ENSG00000115368,2,189441429,q,2q
ENSG00000140465,15,74719542,q,15q
ENSG00000132688,1,156668763,q,1q
ENSG00000161011,5,179806398,q,5q
ENSG00000143110,1,111473792,p,1p
ENSG00000188603,16,28474111,p,16p
ENSG00000189319,10,124619292,q,10q
ENSG00000273706,17,36936784,q,17q
ENSG00000155659,X,66021738,q,Xq
ENSG00000198892,1,201888679,q,1q
ENSG00000055950,10,100969458,q,10q
ENSG00000133027,17,17505561,p,17p
ENSG00000020129,1,35557456,p,1p
ENSG00000126804,14,64502152,q,14q
ENSG00000104936,19,45769709,q,19q
ENSG00000138592,15,50424372,q,15q
ENSG00000241258,7,66114604,q,7q
ENSG00000204161,10,49154725,q,10q
ENSG00000089775,14,64449106,q,14q
ENSG00000023318,9,99979185,q,9q
ENSG00000114520,3,125446644,q,3q
ENSG00000169895,X,16719545,p,Xp
ENSG00000164916,7,4682295,p,7p
ENSG00000143183,1,165724293,q,1q
ENSG00000152284,2,85133392,p,2p
ENSG00000188725,5,61157704,q,5q
ENSG00000095627,10,114179270,q,10q
ENSG00000106028,7,141737456,q,7q
ENSG00000185024,14,105209277,q,14q
ENSG00000169733,17,82047902,q,17q
ENSG00000113721,5,150113839,q,5q
ENSG00000011422,19,43646095,q,19q
ENSG00000107371,9,37759234,p,9p
ENSG00000151892,10,116056925,q,10q
ENSG00000068784,2,45388679,p,2p
ENSG00000084073,1,40258041,p,1p
ENSG00000135063,9,69324567,q,9q
ENSG00000104524,8,143603210,q,8q
ENSG00000133028,17,10672474,p,17p
ENSG00000089820,X,153907367,q,Xq
ENSG00000163491,3,27106484,p,3p
ENSG00000095209,9,105694519,q,9q
ENSG00000162961,2,31867809,p,2p
ENSG00000163431,1,201896456,q,1q
ENSG00000047249,8,53715543,q,8q
ENSG00000185862,17,31303770,q,17q
ENSG00000177807,1,159998651,q,1q
ENSG00000171431,17,40874934,q,17q
ENSG00000106785,9,98068968,q,9q
ENSG00000180787,17,5078467,p,17p
ENSG00000049089,1,40300487,p,1p
ENSG00000131477,17,42758447,q,17q
ENSG00000107821,10,101061171,q,10q
ENSG00000151665,2,46580937,p,2p
ENSG00000130165,19,11551147,p,19p
ENSG00000174944,3,151212115,q,3q
ENSG00000107551,10,44959407,q,10q
ENSG00000095380,9,98056674,q,9q
ENSG00000088538,3,50674927,p,3p
ENSG00000110756,11,18278668,p,11p
ENSG00000119878,2,46616416,p,2p
ENSG00000130204,19,44890569,q,19q
ENSG00000166529,7,100049772,q,7q
ENSG00000169599,2,69396113,p,2p
ENSG00000170681,9,100578033,q,9q
ENSG00000275410,17,37686431,q,17q
ENSG00000066923,7,100177563,q,7q
ENSG00000138496,3,122527910,q,3q
ENSG00000138185,10,95711779,q,10q
ENSG00000132359,17,2755705,p,17p
ENSG00000106733,9,75060573,q,9q
ENSG00000120341,1,177923956,q,1q
ENSG00000184887,14,105248533,q,14q
ENSG00000160951,19,14472466,p,19p
ENSG00000122085,2,241072169,q,2q
ENSG00000130734,19,10543533,p,19p
ENSG00000133961,14,73274146,q,14q
ENSG00000171643,5,76850001,q,5q
ENSG00000101986,X,153724495,q,Xq
ENSG00000172244,5,43486709,p,5p
ENSG00000165507,10,44970981,q,10q
ENSG00000165568,10,4786629,p,10p
ENSG00000157510,5,149271823,q,5q
ENSG00000023171,11,123358251,q,11q
ENSG00000067445,X,54920462,p,Xp
ENSG00000108306,17,39252663,q,17q
ENSG00000151575,15,56243971,q,15q
ENSG00000129990,19,55171196,q,19q
ENSG00000146700,7,76389017,q,7q
ENSG00000148481,10,15778170,p,10p
ENSG00000153044,5,69189542,q,5q
ENSG00000138587,15,56421544,q,15q
ENSG00000122783,7,135092363,q,7q
ENSG00000012822,12,53708517,q,12q
ENSG00000253304,1,29119429,p,1p
ENSG00000166819,15,89664365,q,15q
ENSG00000171992,5,150601080,q,5q
ENSG00000180098,1,28553001,p,1p
ENSG00000166167,10,101354033,q,10q
ENSG00000132846,5,77072072,q,5q
ENSG00000160570,19,42198593,q,19q
ENSG00000159784,7,143353400,q,7q
ENSG00000113594,5,38474668,p,5p
ENSG00000073861,17,47733236,q,17q
ENSG00000198929,1,162069691,q,1q
ENSG00000161653,17,44004581,q,17q
ENSG00000169251,3,161104681,q,3q
ENSG00000138614,15,65578753,q,15q
ENSG00000128011,19,39306566,q,19q
ENSG00000125648,19,6436079,p,19p
ENSG00000183742,7,20134655,p,7p
ENSG00000276231,17,8802722,p,17p
ENSG00000134193,1,119794017,p,1p
ENSG00000115540,2,197515571,q,2q
ENSG00000134183,1,109601407,p,1p
ENSG00000050327,7,144355288,q,7q
ENSG00000062725,17,60443158,q,17q
ENSG00000186994,19,8322582,p,19p
ENSG00000221914,8,26291508,p,8p
ENSG00000198478,6,79537185,q,6q
ENSG00000134248,1,110401249,p,1p
ENSG00000112339,6,134960378,q,6q
ENSG00000162772,1,212565334,q,1q
ENSG00000156521,10,70137981,q,10q
ENSG00000062194,5,57173821,q,5q
ENSG00000156510,10,69220292,q,10q
ENSG00000141040,17,16546954,p,17p
ENSG00000213413,7,100218241,q,7q
ENSG00000185518,15,91099869,q,15q
ENSG00000142677,1,24119771,p,1p
ENSG00000179133,10,23202696,p,10p
ENSG00000057757,1,23778393,p,1p
ENSG00000158457,7,129144690,q,7q
ENSG00000260314,10,17809014,p,10p
ENSG00000115128,2,24067579,p,2p
ENSG00000197106,1,110150494,p,1p
ENSG00000161647,17,43800799,q,17q
ENSG00000042429,11,93784227,q,11q
ENSG00000213064,1,168225938,q,1q
ENSG00000185674,2,99242169,q,2q
ENSG00000106605,7,43758009,p,7p
ENSG00000159374,2,74557883,p,2p
ENSG00000122224,1,160796074,q,1q
ENSG00000035681,8,58583504,q,8q
ENSG00000159322,15,72751294,q,15q
ENSG00000128482,17,19410959,p,17p
ENSG00000132394,3,128153433,q,3q
ENSG00000186591,7,129830732,q,7q
ENSG00000105409,19,41966582,q,19q
ENSG00000185787,15,78810487,q,15q
ENSG00000138448,2,186590010,q,2q
ENSG00000143603,1,154697455,q,1q
ENSG00000087365,11,66050729,q,11q
ENSG00000147155,X,48521089,p,Xp
ENSG00000099282,10,69451150,q,10q
ENSG00000169255,3,161083612,q,3q
ENSG00000106123,7,142854930,q,7q
ENSG00000118729,1,115698038,p,1p
ENSG00000198223,X,1268779,p,Xp
ENSG00000117601,1,173903519,q,1q
ENSG00000005102,17,43640389,q,17q
ENSG00000184831,X,23833353,p,Xp
ENSG00000109089,17,74987583,q,17q
ENSG00000141560,17,82716706,q,17q
ENSG00000248485,1,161258136,q,1q
ENSG00000157911,1,2403964,p,1p
ENSG00000165061,8,40530590,p,8p
ENSG00000167363,17,82735603,q,17q
ENSG00000013588,12,12890782,p,12p
ENSG00000117560,1,172659102,q,1q
ENSG00000131558,7,133253071,q,7q
ENSG00000180879,X,153793516,q,Xq
ENSG00000152465,10,15102584,p,10p
ENSG00000010818,6,142751467,q,6q
ENSG00000021852,1,56929099,p,1p
ENSG00000139218,12,45919131,q,12q
ENSG00000155189,8,6708341,p,8p
ENSG00000132510,17,7834193,p,17p
ENSG00000049249,1,7915871,p,1p
ENSG00000233927,19,8320900,p,19p
ENSG00000137571,8,69667041,q,8q
ENSG00000155906,6,151398898,q,6q
ENSG00000147383,X,152830967,q,Xq
ENSG00000185860,1,162824458,q,1q
ENSG00000171051,19,51745172,q,19q
ENSG00000005007,19,18831905,p,19p
ENSG00000124523,6,13574210,p,6p
ENSG00000139180,12,4649095,p,12p
ENSG00000198915,10,43194533,q,10q
ENSG00000164754,8,116845934,q,8q
ENSG00000136449,17,50508409,q,17q
ENSG00000105929,7,138706289,q,7q
ENSG00000105376,19,10289952,p,19p
ENSG00000130956,9,96450160,q,9q
ENSG00000162426,1,8318104,p,1p
ENSG00000095637,10,95311390,q,10q
ENSG00000126767,X,47631621,p,Xp
ENSG00000147471,8,37762585,p,8p
ENSG00000127129,1,41478774,p,1p
ENSG00000131469,17,42998273,q,17q
ENSG00000136908,9,127935090,q,9q
ENSG00000096092,6,52671072,p,6p
ENSG00000117362,1,150265399,q,1q
ENSG00000137857,15,45129468,q,15q
ENSG00000174547,11,66435075,q,11q
ENSG00000139537,12,48904110,q,12q
ENSG00000112640,6,42984538,p,6p
ENSG00000101955,X,38149336,p,Xp
ENSG00000196363,9,134134346,q,9q
ENSG00000239672,17,51152949,q,17q
ENSG00000174437,12,110280669,q,12q
ENSG00000066382,11,30384493,p,11p
ENSG00000119778,2,23748664,p,2p
ENSG00000187037,7,37683721,p,7p
ENSG00000102024,X,115560928,q,Xq
ENSG00000162391,1,54609178,p,1p
ENSG00000071564,19,1609291,p,19p
ENSG00000188404,1,169690665,q,1q
ENSG00000146918,7,158628224,q,7q
ENSG00000178966,9,83980355,q,9q
ENSG00000147416,8,20197381,p,8p
ENSG00000154146,11,124739939,q,11q
ENSG00000108298,17,39200283,q,17q
ENSG00000143653,1,246724064,q,1q
ENSG00000137760,11,107502727,q,11q
ENSG00000148334,9,128120693,q,9q
ENSG00000135900,2,223957403,q,2q
ENSG00000153012,4,24998847,p,4p
ENSG00000135439,12,57723761,q,12q
ENSG00000135972,2,105038025,q,2q
ENSG00000150627,4,176065840,q,4q
ENSG00000157106,16,18804860,p,16p
ENSG00000147642,8,109573978,q,8q
ENSG00000177105,11,3826978,p,11p
ENSG00000142675,1,26177476,p,1p
ENSG00000184557,17,78356778,q,17q
ENSG00000142102,11,289095,p,11p
ENSG00000186665,17,67991099,q,17q
ENSG00000139631,12,53157663,q,12q
ENSG00000174231,17,1650624,p,17p
ENSG00000113758,5,177456607,q,5q
ENSG00000100767,14,73236338,q,14q
ENSG00000080345,2,151409883,q,2q
ENSG00000140557,15,92393881,q,15q
ENSG00000138802,4,109433602,q,4q
ENSG00000130595,11,1919456,p,11p
ENSG00000137843,15,40217428,q,15q
ENSG00000068001,3,50315845,p,3p
ENSG00000147872,9,19108375,p,9p
ENSG00000114248,3,169837917,q,3q
ENSG00000073578,5,218274,p,5p
ENSG00000069329,16,46656132,q,16q
ENSG00000121542,3,123201859,q,3q
ENSG00000117090,1,160608100,q,1q
ENSG00000269113,1,47760528,p,1p
ENSG00000187735,8,53966552,q,8q
ENSG00000137965,1,78647078,p,1p
ENSG00000165548,14,77116568,q,14q
ENSG00000181885,17,7259347,p,17p
ENSG00000163539,3,33496187,p,3p
ENSG00000117174,1,85649417,p,1p
ENSG00000140254,15,45117364,q,15q
ENSG00000162551,1,21509397,p,1p
ENSG00000141034,17,18039408,p,17p
ENSG00000100889,14,24094053,q,14q
ENSG00000107263,9,131576758,q,9q
ENSG00000137200,6,37433094,p,6p
ENSG00000121005,8,74984502,q,8q
ENSG00000165704,X,134460155,q,Xq
ENSG00000174652,19,9412424,p,19p
ENSG00000256525,17,64477781,q,17q
ENSG00000140848,16,57092549,q,16q
ENSG00000143340,1,179743291,q,1q
ENSG00000154511,1,92832737,p,1p
ENSG00000114978,2,74152528,p,2p
ENSG00000184368,X,20006713,p,Xp
ENSG00000143195,1,166895711,q,1q
ENSG00000258315,17,7014495,p,17p
ENSG00000240857,2,18554723,p,2p
ENSG00000152944,12,27022546,p,12p
ENSG00000135317,6,85504776,q,6q
ENSG00000143971,2,67397322,p,2p
ENSG00000158987,5,131423921,q,5q
ENSG00000196505,1,117863485,p,1p
ENSG00000177303,17,75500261,q,17q
ENSG00000198554,14,54938949,q,14q
ENSG00000104825,19,38899700,q,19q
ENSG00000198522,2,27628247,p,2p
ENSG00000075415,12,98592455,q,12q
ENSG00000187954,8,144449582,q,8q
ENSG00000128585,7,131110096,q,7q
ENSG00000023287,8,52622458,q,8q
ENSG00000183508,1,117606048,p,1p
ENSG00000188786,1,37809574,p,1p
ENSG00000012124,19,35319261,q,19q
ENSG00000184860,16,81988855,q,16q
ENSG00000196581,1,4654609,p,1p
ENSG00000235387,9,35909488,p,9p
ENSG00000189067,16,11546875,p,16p
ENSG00000106686,9,4553386,p,9p
ENSG00000171033,8,78516303,q,8q
ENSG00000102226,X,47232866,p,Xp
ENSG00000168434,16,23388493,p,16p
ENSG00000104213,8,17576433,p,8p
ENSG00000136874,9,99906654,q,9q
ENSG00000104267,8,85463968,q,8q
ENSG00000198265,17,67070444,q,17q
ENSG00000106665,7,74289407,q,7q
ENSG00000121022,8,67043079,q,8q
ENSG00000134247,1,116909894,p,1p
ENSG00000198856,4,108650585,q,4q
ENSG00000162642,1,85249953,p,1p
ENSG00000178537,3,48856926,p,3p
ENSG00000162676,1,92472360,p,1p
ENSG00000239779,2,74458400,p,2p
ENSG00000092036,14,22946228,q,14q
ENSG00000138780,4,105708778,q,4q
ENSG00000104432,8,78675743,q,8q
ENSG00000122140,9,135499984,q,9q
ENSG00000163428,3,120324509,q,3q
ENSG00000196465,12,56151966,q,12q
ENSG00000117425,1,44819154,p,1p
ENSG00000080819,3,98579446,q,3q
ENSG00000160446,9,128720864,q,9q
ENSG00000129422,8,17643794,p,8p
ENSG00000147166,X,71301747,q,Xq
ENSG00000102962,16,57357925,q,16q
ENSG00000134686,1,33323623,p,1p
ENSG00000134419,16,18781295,p,16p
ENSG00000198399,2,24202864,p,2p
ENSG00000078725,9,119153458,q,9q
ENSG00000172995,3,35638945,p,3p
ENSG00000104852,19,49085164,q,19q
ENSG00000147010,X,19533977,p,Xp
ENSG00000198000,9,92297358,q,9q
ENSG00000151247,4,98878761,q,4q
ENSG00000181264,11,120325180,q,11q
ENSG00000136213,7,2403442,p,7p
ENSG00000188883,7,139450625,q,7q
ENSG00000148925,11,13388004,p,11p
ENSG00000262814,17,81703367,q,17q
ENSG00000136250,7,36509308,p,7p
ENSG00000151725,4,184694085,q,4q
ENSG00000162687,1,196225779,q,1q
ENSG00000133687,12,29500840,p,12p
ENSG00000167447,17,59209400,q,17q
ENSG00000173826,17,63523310,q,17q
ENSG00000090863,16,74447427,q,16q
ENSG00000161558,19,48332355,q,19q
ENSG00000113658,5,136132845,q,5q
ENSG00000071127,4,10068089,p,4p
ENSG00000167536,17,28897781,q,17q
ENSG00000112685,6,485133,p,6p
ENSG00000104324,8,96645240,q,8q
ENSG00000109103,17,28546708,q,17q
ENSG00000183160,12,108589851,q,12q
ENSG00000177706,7,192034,p,7p
ENSG00000186185,17,44924707,q,17q
ENSG00000115875,2,38743599,p,2p
ENSG00000139714,12,121648742,q,12q
ENSG00000105072,19,16496394,p,19p
ENSG00000033170,14,65410592,q,14q
ENSG00000168067,11,64784918,q,11q
ENSG00000162931,1,228406860,q,1q
ENSG00000185122,8,144291529,q,8q
ENSG00000049130,12,88492789,q,12q
ENSG00000151726,4,184755501,q,4q
ENSG00000146729,7,55951793,p,7p
ENSG00000136840,9,127907876,q,9q
ENSG00000185324,16,89680737,q,16q
ENSG00000161654,17,44034328,q,17q
ENSG00000203985,1,54007298,p,1p
ENSG00000124459,19,43910549,q,19q
ENSG00000108592,17,63819433,q,17q
ENSG00000139620,12,48653211,q,12q
ENSG00000086061,9,33025206,p,9p
ENSG00000141756,17,41812680,q,17q
ENSG00000118733,1,101802560,p,1p
ENSG00000106113,7,30651444,p,7p
ENSG00000130038,12,3606633,p,12p
ENSG00000018510,2,177392576,q,2q
ENSG00000158008,1,26019884,p,1p
ENSG00000103375,16,25215731,p,16p
ENSG00000137145,9,19230435,p,9p
ENSG00000136999,8,119416446,q,8q
ENSG00000140274,15,45114325,q,15q
ENSG00000186529,19,15640795,p,19p
ENSG00000158869,1,161215234,q,1q
ENSG00000172840,16,66878589,q,16q
ENSG00000174226,8,100572882,q,8q
ENSG00000166946,15,43185118,q,15q
ENSG00000197147,1,89524829,p,1p
ENSG00000111716,12,21635340,p,12p
ENSG00000196449,1,37802945,p,1p
ENSG00000125675,X,123184023,q,Xq
ENSG00000106034,7,120988697,q,7q
ENSG00000104763,8,18055992,p,8p
ENSG00000090565,16,425593,p,16p
ENSG00000160678,1,153627926,q,1q
ENSG00000173914,11,66664996,q,11q
ENSG00000160838,1,156920631,q,1q
ENSG00000122223,1,160830160,q,1q
ENSG00000136935,9,124878275,q,9q
ENSG00000166037,11,95789965,q,11q
ENSG00000134594,X,130171950,q,Xq
ENSG00000123562,X,103675360,q,Xq
ENSG00000115539,2,100562968,q,2q
ENSG00000141562,17,82458180,q,17q
ENSG00000105894,7,137227341,q,7q
ENSG00000126777,14,55559072,q,14q
ENSG00000096088,6,41736711,p,6p
ENSG00000121152,2,96335734,q,2q
ENSG00000130787,12,122834453,q,12q
ENSG00000172775,16,57152466,q,16q
ENSG00000128989,15,52547045,q,15q
ENSG00000112033,6,35342530,p,6p
ENSG00000104823,19,38815417,q,19q
ENSG00000146802,7,112762377,q,7q
ENSG00000113328,5,163437569,q,5q
ENSG00000128829,15,39934115,q,15q
ENSG00000163378,3,68975217,p,3p
ENSG00000006459,7,140084746,q,7q
ENSG00000107186,9,13104620,p,9p
ENSG00000134363,5,53480210,q,5q
ENSG00000010072,1,231337104,q,1q
ENSG00000135387,11,34051674,p,11p
ENSG00000090674,19,7522611,p,19p
ENSG00000170296,17,7240008,p,17p
ENSG00000177879,5,115841422,q,5q
ENSG00000143382,1,150549369,q,1q
ENSG00000122507,7,33109557,p,7p
ENSG00000102225,X,47217860,p,Xp
ENSG00000157500,3,57227726,p,3p
ENSG00000076382,17,28577565,q,17q
ENSG00000168938,5,123022052,q,5q
ENSG00000181751,5,103258388,q,5q
ENSG00000110955,12,56638171,q,12q
ENSG00000113643,5,168486447,q,5q
ENSG00000146426,6,154832697,q,6q
ENSG00000105221,19,40230317,q,19q
ENSG00000162695,1,100896061,p,1p
ENSG00000067221,15,73978926,q,15q
ENSG00000158089,2,30910467,p,2p
ENSG00000134240,1,119747979,p,1p
ENSG00000127325,12,69643360,q,12q
ENSG00000174669,11,66362520,q,11q
ENSG00000163785,3,134065303,q,3q
ENSG00000109066,17,74776477,q,17q
ENSG00000196660,1,219685427,q,1q
ENSG00000136425,15,78104606,q,15q
ENSG00000213047,1,197504748,q,1q
ENSG00000135404,12,55723511,q,12q
ENSG00000057019,3,98795941,q,3q
ENSG00000129255,17,7583529,p,17p
ENSG00000181991,15,88467421,q,15q
ENSG00000034510,2,84904923,p,2p
ENSG00000151715,11,129815791,q,11q
ENSG00000140320,15,40436611,q,15q
ENSG00000084693,2,27042364,p,2p
ENSG00000144713,3,12834485,p,3p
ENSG00000143067,1,119619377,p,1p
ENSG00000085382,6,104728094,q,6q
ENSG00000187678,5,142310420,q,5q
ENSG00000157823,15,89830599,q,15q
ENSG00000020922,11,94415570,q,11q
ENSG00000113648,5,135333609,q,5q
ENSG00000228474,2,27070470,p,2p
ENSG00000103196,16,84819981,q,16q
ENSG00000115738,2,8678845,p,2p
ENSG00000170275,3,33113956,p,3p
ENSG00000152253,2,168834132,q,2q
ENSG00000141480,17,4710393,p,17p
ENSG00000114790,3,154121003,q,3q
ENSG00000162396,1,54756594,p,1p
ENSG00000181754,1,109504178,p,1p
ENSG00000052723,1,114769479,p,1p
ENSG00000140395,15,78274515,q,15q
ENSG00000186063,1,222668013,q,1q
ENSG00000167701,8,144502608,q,8q
ENSG00000180772,X,116170744,q,Xq
ENSG00000184867,X,101655157,q,Xq
ENSG00000185278,1,173868082,q,1q
ENSG00000103197,16,2047345,p,16p
ENSG00000158109,1,3624979,p,1p
ENSG00000198821,1,167425027,q,1q
ENSG00000157150,3,12153068,p,3p
ENSG00000115364,2,75646783,p,2p
ENSG00000091527,3,133573686,q,3q
ENSG00000140403,15,78264086,q,15q
ENSG00000168438,6,110180141,q,6q
ENSG00000064225,3,98732175,q,3q
ENSG00000158874,1,161222290,q,1q
ENSG00000115687,2,241106099,q,2q
ENSG00000105963,7,897900,p,7p
ENSG00000181195,8,56436674,q,8q
ENSG00000072818,17,7332960,p,17p
ENSG00000170619,8,144837978,q,8q
ENSG00000064995,6,34877462,p,6p
ENSG00000164944,8,94487689,q,8q
ENSG00000162702,1,200404940,q,1q
ENSG00000265491,1,145738868,q,1q
ENSG00000147862,9,14081843,p,9p
ENSG00000140326,15,42723544,q,15q
ENSG00000026652,6,161129967,q,6q
ENSG00000175482,11,67350772,q,11q
ENSG00000169972,1,1308567,p,1p
ENSG00000116833,1,200027597,q,1q
ENSG00000149292,11,113314579,q,11q
ENSG00000108839,17,6996049,p,17p
ENSG00000112053,6,35943516,p,6p
ENSG00000261787,8,66946491,q,8q
ENSG00000131459,5,180300682,q,5q
ENSG00000205189,8,80485596,q,8q
ENSG00000141349,17,44070620,q,17q
ENSG00000111203,12,2812622,p,12p
ENSG00000173698,X,18989307,p,Xp
ENSG00000158806,8,22024125,p,8p
ENSG00000170315,17,16380667,p,17p
ENSG00000142875,1,84078062,p,1p
ENSG00000132424,6,99397629,q,6q
ENSG00000175711,17,82942149,q,17q
ENSG00000069431,12,21797389,p,12p
ENSG00000106462,7,148807257,q,7q
ENSG00000163249,2,207711524,q,2q
ENSG00000113048,5,72214953,q,5q
ENSG00000275835,15,22983192,q,15q
ENSG00000147457,8,23243635,p,8p
ENSG00000123609,2,151270467,q,2q
ENSG00000179832,8,144147997,q,8q
ENSG00000182628,17,59109857,q,17q
ENSG00000163694,4,40423267,p,4p
ENSG00000198612,2,237085882,q,2q
ENSG00000074370,17,3923866,p,17p
ENSG00000175229,11,66040748,q,11q
ENSG00000130803,19,9140380,p,19p
ENSG00000198722,9,35161829,p,9p
ENSG00000173715,11,66744451,q,11q
ENSG00000137819,15,69298888,q,15q
ENSG00000164855,7,1542235,p,7p
ENSG00000143252,1,161314381,q,1q
ENSG00000144045,2,74518131,p,2p
ENSG00000103876,15,80152292,q,15q
ENSG00000196345,3,44555193,p,3p
ENSG00000131730,5,81233320,q,5q
ENSG00000135930,2,232550659,q,2q
ENSG00000121931,1,110946652,p,1p
ENSG00000186088,7,77310751,q,7q
ENSG00000174099,12,65278643,q,12q
ENSG00000143278,1,197038737,q,1q
ENSG00000138641,4,88592434,q,4q
ENSG00000132855,1,62597464,p,1p
ENSG00000136068,3,58008398,p,3p
ENSG00000164867,7,150991017,q,7q
ENSG00000179403,1,1434861,p,1p
ENSG00000073331,4,112285509,q,4q
ENSG00000171385,1,111770662,p,1p
ENSG00000198369,2,65310851,p,2p
ENSG00000176783,5,179550542,q,5q
ENSG00000068654,2,86020216,p,2p
ENSG00000108344,17,39980800,q,17q
ENSG00000007933,1,171085113,q,1q
ENSG00000048342,4,15469865,p,4p
ENSG00000179912,12,57253762,q,12q
ENSG00000203710,1,207496147,q,1q
ENSG00000169371,15,75598083,q,15q
ENSG00000133574,7,150567242,q,7q
ENSG00000110514,11,47269161,p,11p
ENSG00000171848,2,10120698,p,2p
ENSG00000128563,7,102363872,q,7q
ENSG00000064692,5,122311354,q,5q
ENSG00000091136,7,107923715,q,7q
ENSG00000108830,17,43025222,q,17q
ENSG00000181690,8,56160909,q,8q
ENSG00000181610,17,57834781,q,17q
ENSG00000133739,8,85107116,q,8q
ENSG00000185527,17,81650459,q,17q
ENSG00000160551,17,29390351,q,17q
ENSG00000152894,6,127968780,q,6q
ENSG00000143061,1,116574399,p,1p
ENSG00000148110,9,94374403,q,9q
ENSG00000291317,8,144463817,q,8q
ENSG00000109680,4,26576437,p,4p
ENSG00000153317,8,130052104,q,8q
ENSG00000171763,15,45402336,q,15q
ENSG00000181284,17,7435430,p,17p
ENSG00000183011,17,7856685,p,17p
ENSG00000166920,15,45430579,q,15q
ENSG00000196730,9,87497228,q,9q
ENSG00000121101,17,58556678,q,17q
ENSG00000140497,15,74843728,q,15q
ENSG00000121316,12,14503660,p,12p
ENSG00000124383,2,71130310,p,2p
ENSG00000085831,1,51287258,p,1p
ENSG00000153561,2,86720291,p,2p
ENSG00000111481,12,54301202,q,12q
ENSG00000021574,2,32063530,p,2p
ENSG00000068745,3,48688003,p,3p
ENSG00000092531,15,42491233,q,15q
ENSG00000104537,8,123680794,q,8q
ENSG00000155959,X,155197007,q,Xq
ENSG00000171566,4,154535005,q,4q
ENSG00000170577,2,45005182,p,2p
ENSG00000171227,2,119429901,q,2q
ENSG00000089685,17,78214186,q,17q
ENSG00000115825,2,37250502,p,2p
ENSG00000175727,12,122078666,q,12q
ENSG00000197976,X,1591604,p,Xp
ENSG00000154589,8,73991392,q,8q
ENSG00000164211,5,111495551,q,5q
ENSG00000136960,8,119557085,q,8q
ENSG00000133275,19,1941146,p,19p
ENSG00000185753,X,40626921,p,Xp
ENSG00000109016,17,21123364,p,17p
ENSG00000179299,4,40749776,p,4p
ENSG00000182492,X,153488654,q,Xq
ENSG00000131096,17,43952733,q,17q
ENSG00000141027,17,16029065,p,17p
ENSG00000119231,3,196867856,q,3q
ENSG00000154162,5,21750673,p,5p
ENSG00000089248,12,112012815,q,12q
ENSG00000204178,1,25430853,p,1p
ENSG00000198055,5,177403204,q,5q
ENSG00000138674,4,82818081,q,4q
ENSG00000131370,3,15254353,p,3p
ENSG00000161638,12,54395261,q,12q
ENSG00000058404,7,44209993,p,7p
ENSG00000124486,X,41085431,p,Xp
ENSG00000172339,1,94974405,p,1p
ENSG00000131747,17,40388525,q,17q
ENSG00000116299,1,109113175,p,1p
ENSG00000130475,19,17747718,p,19p
ENSG00000183571,15,98966720,q,15q
ENSG00000162971,2,199928913,q,2q
ENSG00000103942,15,82834664,q,15q
ENSG00000004897,17,47117703,q,17q
ENSG00000151353,2,663877,p,2p
ENSG00000089225,12,114353911,q,12q
ENSG00000135924,2,219279342,q,2q
ENSG00000167178,15,74100311,q,15q
ENSG00000156802,8,123319850,q,8q
ENSG00000120727,5,139341587,q,5q
ENSG00000140470,15,99971437,q,15q
ENSG00000114867,3,184314490,q,3q
ENSG00000167302,17,81228277,q,17q
ENSG00000116030,2,202206182,q,2q
ENSG00000187325,X,78129748,q,Xq
ENSG00000185551,15,96325797,q,15q
ENSG00000001497,X,65438549,q,Xq
ENSG00000186628,15,82755362,q,15q
ENSG00000090104,1,192575763,q,1q
ENSG00000136045,12,107685766,q,12q
ENSG00000204815,17,41930617,q,17q
ENSG00000066583,5,129094711,q,5q
ENSG00000169242,1,155127876,q,1q
ENSG00000167105,17,50271406,q,17q
ENSG00000113578,5,142592166,q,5q
ENSG00000104611,8,19313693,p,8p
ENSG00000162777,1,111185969,p,1p
ENSG00000169764,2,63840950,p,2p
ENSG00000108849,17,43940804,q,17q
ENSG00000187742,9,89318460,q,9q
ENSG00000109083,17,28328319,q,17q
ENSG00000103353,16,23557721,p,16p
ENSG00000163154,1,151156621,q,1q
ENSG00000116704,1,66999350,p,1p
ENSG00000160972,8,144475989,q,8q
ENSG00000135424,12,55684568,q,12q
ENSG00000174010,X,23983716,p,Xp
ENSG00000116218,1,179550494,q,1q
ENSG00000101868,X,24693864,p,Xp
ENSG00000103319,16,22206272,p,16p
ENSG00000117091,1,160678746,q,1q
ENSG00000166887,15,42158701,q,15q
ENSG00000178307,17,21197954,p,17p
ENSG00000188910,1,34781214,p,1p
ENSG00000185722,17,4163821,p,17p
ENSG00000112186,6,17393375,p,6p
ENSG00000075391,1,178093768,q,1q
ENSG00000055163,5,157266079,q,5q
ENSG00000141084,16,67723070,q,16q
ENSG00000143167,1,167048289,q,1q
ENSG00000148384,9,136428618,q,9q
ENSG00000072310,17,17810399,p,17p
ENSG00000197816,9,97307304,q,9q
ENSG00000147180,X,85243839,q,Xq
ENSG00000267206,9,136744017,q,9q
ENSG00000006555,1,54779712,p,1p
ENSG00000144580,2,218568580,q,2q
ENSG00000106868,9,112040777,q,9q
ENSG00000119280,1,230837119,q,1q
ENSG00000198734,1,169511951,q,1q
ENSG00000091651,16,46689394,q,16q
ENSG00000128656,2,174798809,q,2q
ENSG00000050820,16,75228181,q,16q
ENSG00000182220,X,40579372,p,Xp
ENSG00000143257,1,161229666,q,1q
ENSG00000103852,15,99136323,q,15q
ENSG00000167863,17,75038855,q,17q
ENSG00000221829,9,35073820,p,9p
ENSG00000144567,2,219176225,q,2q
ENSG00000178188,16,28846600,p,16p
ENSG00000120071,17,46029916,q,17q
ENSG00000147475,8,37736601,p,8p
ENSG00000181315,6,26634383,p,6p
ENSG00000119777,2,27032910,p,2p
ENSG00000153721,6,154387515,q,6q
ENSG00000168096,16,4696510,p,16p
ENSG00000161298,19,36604817,q,19q
ENSG00000086666,15,80058894,q,15q
ENSG00000112062,6,36027738,p,6p
ENSG00000095059,19,12673411,p,19p
ENSG00000160445,9,128729785,q,9q
ENSG00000179950,8,143816344,q,8q
ENSG00000138085,2,27212041,p,2p
ENSG00000095906,16,1782932,p,16p
ENSG00000173065,17,28755971,q,17q
ENSG00000185236,19,8389981,p,19p
ENSG00000074047,2,120735623,q,2q
ENSG00000135486,12,54280193,q,12q
ENSG00000099866,19,489176,p,19p
ENSG00000119888,2,47345158,p,2p
ENSG00000183048,17,81711951,q,17q
ENSG00000007038,16,2817180,p,16p
ENSG00000172432,6,43605316,p,6p
ENSG00000130479,19,17718607,p,19p
ENSG00000129636,16,47154387,q,16q
ENSG00000124491,6,6144080,p,6p
ENSG00000187595,17,42025576,q,17q
ENSG00000187210,9,76419850,q,9q
ENSG00000213977,17,3662895,p,17p
ENSG00000007312,17,63928738,q,17q
ENSG00000163214,2,38797724,p,2p
ENSG00000112699,6,1623793,p,6p
ENSG00000106723,9,88387434,q,9q
ENSG00000169683,17,82023294,q,17q
ENSG00000111817,6,116253604,q,6q
ENSG00000116857,1,201134772,q,1q
ENSG00000162076,16,2883165,p,16p
ENSG00000115944,2,42333546,p,2p
ENSG00000197062,6,28267058,p,6p
ENSG00000169217,16,30350767,p,16p
ENSG00000011485,19,46347003,q,19q
ENSG00000169896,16,31259967,p,16p
ENSG00000176390,17,30769388,q,17q
ENSG00000165071,8,132685007,q,8q
ENSG00000254685,1,74198238,p,1p
ENSG00000176978,9,137110540,q,9q
ENSG00000115355,2,55287818,p,2p
ENSG00000136463,17,63600882,q,17q
ENSG00000116981,1,39651229,p,1p
ENSG00000177459,8,98064271,q,8q
ENSG00000139053,12,14973042,p,12p
ENSG00000075461,17,66964707,q,17q
ENSG00000203724,1,197902449,q,1q
ENSG00000188522,17,18968789,p,17p
ENSG00000133878,8,33591330,p,8p
ENSG00000087470,12,32679200,p,12p
ENSG00000179526,8,144097513,q,8q
ENSG00000169862,5,10971836,p,5p
ENSG00000108468,17,48070052,q,17q
ENSG00000214046,19,16630751,p,19p
ENSG00000119487,9,125437393,q,9q
ENSG00000117834,1,48222685,p,1p
ENSG00000167258,17,39461437,q,17q
ENSG00000103269,16,675671,p,16p
ENSG00000164929,8,103140433,q,8q
ENSG00000179632,8,144103112,q,8q
ENSG00000175832,17,43527842,q,17q
ENSG00000040199,16,71637835,q,16q
ENSG00000006015,19,18588685,p,19p
ENSG00000126266,19,35347902,q,19q
ENSG00000198816,19,7515292,p,19p
ENSG00000183019,19,7677088,p,19p
ENSG00000167671,19,4444999,p,19p
ENSG00000183010,17,81932378,q,17q
ENSG00000104450,8,100157906,q,8q
ENSG00000156885,16,31427731,p,16p
ENSG00000119392,9,128504655,q,9q
ENSG00000103175,16,84294615,q,16q
ENSG00000078070,3,183015218,q,3q
ENSG00000158106,8,143368810,q,8q
ENSG00000103485,16,29663279,p,16p
ENSG00000130520,19,18306231,p,19p
ENSG00000122203,5,176339650,q,5q
ENSG00000142208,14,104769348,q,14q
ENSG00000141002,16,89873566,q,16q
ENSG00000130517,19,18340587,p,19p
ENSG00000130726,19,58543740,q,19q
ENSG00000177570,8,118189455,q,8q
ENSG00000187955,8,120059780,q,8q
ENSG00000105819,7,103295717,q,7q
ENSG00000188931,1,161364733,q,1q
ENSG00000124532,6,24402908,p,6p
ENSG00000222046,1,32209079,p,1p
ENSG00000198898,7,116811070,q,7q
ENSG00000187607,17,15699577,p,17p
ENSG00000116337,1,109616104,p,1p
ENSG00000131844,5,71579531,q,5q
ENSG00000034693,6,143450805,q,6q
ENSG00000113387,5,32531633,p,5p
ENSG00000204386,6,31857063,p,6p
ENSG00000159840,7,143381295,q,7q
ENSG00000116138,1,15526813,p,1p
ENSG00000165802,9,137447570,q,9q
ENSG00000111885,6,119177204,q,6q
ENSG00000204569,6,30600400,p,6p
ENSG00000196123,16,67175599,q,16q
ENSG00000164764,8,73064543,q,8q
ENSG00000213024,19,49906825,q,19q
ENSG00000136492,17,61679139,q,17q
ENSG00000160932,8,143012722,q,8q
ENSG00000103018,16,69398402,q,16q
ENSG00000012223,3,46435645,p,3p
ENSG00000140939,16,67170154,q,16q
ENSG00000138594,15,51829628,q,15q
ENSG00000164649,7,21899974,p,7p
ENSG00000182768,15,90265659,q,15q
ENSG00000134153,15,34083980,q,15q
ENSG00000113108,5,140558268,q,5q
ENSG00000178741,15,74919791,q,15q
ENSG00000011007,1,23743448,p,1p
ENSG00000118432,6,88139863,q,6q
ENSG00000007384,16,58058,p,16p
ENSG00000264522,1,149937812,q,1q
ENSG00000103742,15,65381479,q,15q
ENSG00000135338,6,79484991,q,6q
ENSG00000278845,17,38297023,q,17q
ENSG00000123136,19,14408798,p,19p
ENSG00000111897,6,122443348,q,6q
ENSG00000167889,17,76868404,q,17q
ENSG00000140563,15,94231526,q,15q
ENSG00000186231,6,96924620,q,6q
ENSG00000117650,1,211658657,q,1q
ENSG00000132361,17,2689386,p,17p
ENSG00000213339,19,10701430,p,19p
ENSG00000112769,6,112106077,q,6q
ENSG00000106069,7,29146547,p,7p
ENSG00000139174,12,42456753,q,12q
ENSG00000114446,3,108160812,q,3q
ENSG00000166938,15,66293217,q,15q
ENSG00000104313,8,71197432,q,8q
ENSG00000184925,9,136949551,q,9q
ENSG00000145569,5,14581792,p,5p
ENSG00000131373,3,15560582,p,3p
ENSG00000103522,16,27402174,p,16p
ENSG00000160271,9,133097719,q,9q
ENSG00000213523,5,140537340,q,5q
ENSG00000112941,5,6713291,p,5p
ENSG00000239789,7,55950705,p,7p
ENSG00000170222,17,10697594,p,17p
ENSG00000100938,14,24232211,q,14q
ENSG00000129195,17,6443807,p,17p
ENSG00000059122,16,2911599,p,16p
ENSG00000172009,19,2785494,p,19p
ENSG00000004799,7,95583497,q,7q
ENSG00000110717,11,68030617,q,11q
ENSG00000073417,15,84980440,q,15q
ENSG00000116062,2,47695530,p,2p
ENSG00000169750,17,82031637,q,17q
ENSG00000145882,5,149358002,q,5q
ENSG00000146809,7,123567010,q,7q
ENSG00000164253,5,77425970,q,5q
ENSG00000166860,12,56998836,q,12q
ENSG00000172375,11,119102198,q,11q
ENSG00000132478,17,75784806,q,17q
ENSG00000175203,12,57529633,q,12q
ENSG00000077238,16,27313462,p,16p
ENSG00000159217,17,48997225,q,17q
ENSG00000128536,7,105876796,q,7q
ENSG00000166484,17,19377721,p,17p
ENSG00000161677,19,50505995,q,19q
ENSG00000157764,7,140719327,q,7q
ENSG00000115073,2,97655939,q,2q
ENSG00000147443,8,21908873,p,8p
ENSG00000162366,1,47183582,p,1p
ENSG00000105612,19,12875209,p,19p
ENSG00000111364,12,123602077,q,12q
ENSG00000152760,1,66751741,p,1p
ENSG00000120318,5,141653240,q,5q
ENSG00000164758,8,117520710,q,8q
ENSG00000176994,17,18315293,p,17p
ENSG00000140488,15,72284727,q,15q
ENSG00000141580,17,82614562,q,17q
ENSG00000004455,1,33007986,p,1p
ENSG00000156831,8,125091673,q,8q
ENSG00000142347,19,8517463,p,19p
ENSG00000144339,2,191949043,q,2q
ENSG00000157782,12,120640590,q,12q
ENSG00000169155,9,126804988,q,9q
ENSG00000169375,15,75369379,q,15q
ENSG00000173227,11,67006772,q,11q
ENSG00000177181,1,42380792,p,1p
ENSG00000122971,12,120725774,q,12q
ENSG00000127074,1,192636061,q,1q
ENSG00000169607,2,112736349,q,2q
ENSG00000179091,8,144095039,q,8q
ENSG00000171722,1,162373203,q,1q
ENSG00000163251,2,207762598,q,2q
ENSG00000134115,3,1092658,p,3p
ENSG00000162490,1,11690958,p,1p
ENSG00000115652,2,106093303,q,2q
ENSG00000108829,17,50375059,q,17q
ENSG00000126067,1,35599541,p,1p
ENSG00000172269,11,119096025,q,11q
ENSG00000117868,7,158730995,q,7q
ENSG00000163156,1,151156664,q,1q
ENSG00000064102,12,26904250,p,12p
ENSG00000179029,17,8172457,p,17p
ENSG00000162104,16,3953387,p,16p
ENSG00000136448,17,44957992,q,17q
ENSG00000198169,8,144720515,q,8q
ENSG00000243749,1,34981380,p,1p
ENSG00000092978,1,217426992,q,1q
ENSG00000197603,5,37106228,p,5p
ENSG00000221818,8,25841725,p,8p
ENSG00000104886,19,2230084,p,19p
ENSG00000166582,17,16342534,p,17p
ENSG00000131791,1,147155106,q,1q
ENSG00000176058,9,137191617,q,9q
ENSG00000108984,17,69414683,q,17q
ENSG00000165219,9,125261780,q,9q
ENSG00000105618,19,54115410,q,19q
ENSG00000182372,8,1755778,p,8p
ENSG00000077235,16,27459555,p,16p
ENSG00000128609,7,123536997,q,7q
ENSG00000162144,11,61348748,q,11q
ENSG00000115306,2,54456288,p,2p
ENSG00000143228,1,163266576,q,1q
ENSG00000152495,5,111223653,q,5q
ENSG00000172809,17,74202841,q,17q
ENSG00000164961,8,125024260,q,8q
ENSG00000213782,12,12813316,p,12p
ENSG00000077092,3,24687887,p,3p
ENSG00000108826,17,50367857,q,17q
ENSG00000154124,5,14664664,p,5p
ENSG00000186566,17,44395281,q,17q
ENSG00000015479,5,139273752,q,5q
ENSG00000158560,7,95772459,q,7q
ENSG00000178498,12,57604484,q,12q
ENSG00000141295,17,47837683,q,17q
ENSG00000137872,15,47184101,q,15q
ENSG00000127220,19,17292131,p,19p
ENSG00000162384,1,53214099,p,1p
ENSG00000150782,11,112143251,q,11q
ENSG00000158716,1,159780932,q,1q
ENSG00000120063,17,65009289,q,17q
ENSG00000175707,1,26949556,p,1p
ENSG00000179094,17,8140467,p,17p
ENSG00000171067,11,68261335,q,11q
ENSG00000196517,1,43991500,p,1p
ENSG00000020426,14,60734742,q,14q
ENSG00000130175,19,11422369,p,19p
ENSG00000197111,12,53451900,q,12q
ENSG00000174738,3,23945286,p,3p
ENSG00000137522,11,71929018,q,11q
ENSG00000203797,6,110391771,q,6q
ENSG00000131966,14,58200080,q,14q
ENSG00000135604,6,144149970,q,6q
ENSG00000124574,6,43427366,p,6p
ENSG00000144648,3,42804586,p,3p
ENSG00000144040,2,72942036,p,2p
ENSG00000114544,3,126005662,q,3q
ENSG00000175463,11,67398454,q,11q
ENSG00000175893,9,14586766,p,9p
ENSG00000171462,6,43450351,p,6p
ENSG00000171723,14,66507407,q,14q
ENSG00000104325,8,90001330,q,8q
ENSG00000167085,17,49404009,q,17q
ENSG00000159387,16,55323974,q,16q
ENSG00000198729,6,150143044,q,6q
ENSG00000172159,9,83242990,q,9q
ENSG00000163141,1,151036321,q,1q
ENSG00000137207,6,43511821,p,6p
ENSG00000135372,11,34105608,p,11p
ENSG00000103494,16,53598153,q,16q
ENSG00000127831,2,218419083,q,2q
ENSG00000148019,9,78236042,q,9q
ENSG00000189266,1,23956839,p,1p
ENSG00000135801,1,229593111,q,1q
ENSG00000135749,1,232983435,q,1q
ENSG00000141934,19,278504,p,19p
ENSG00000003989,8,17496975,p,8p
ENSG00000273611,17,36486629,q,17q
ENSG00000044090,6,43037617,p,6p
ENSG00000083845,19,58380570,q,19q
ENSG00000163728,3,180602163,q,3q
ENSG00000108523,17,4939997,p,17p
ENSG00000089486,16,4510619,p,16p
ENSG00000163125,1,150363091,q,1q
ENSG00000137100,9,34613545,p,9p
ENSG00000145979,6,13266542,p,6p
ENSG00000147905,9,37120478,p,9p
ENSG00000105499,19,48047843,q,19q
ENSG00000198837,1,153928864,q,1q
ENSG00000149231,11,96349241,q,11q
ENSG00000156973,2,231732354,q,2q
ENSG00000108518,17,4945652,p,17p
ENSG00000127948,7,75899200,q,7q
ENSG00000119711,14,74056847,q,14q
ENSG00000185000,8,144314584,q,8q
ENSG00000108370,17,65100812,q,17q
ENSG00000075420,3,172039547,q,3q
ENSG00000182885,16,57668277,q,16q
ENSG00000115816,2,37201570,p,2p
ENSG00000160688,1,154983338,q,1q
ENSG00000167965,16,2204248,p,16p
ENSG00000129538,14,20801228,q,14q
ENSG00000165113,9,83739423,q,9q
ENSG00000074276,5,176542511,q,5q
ENSG00000125691,17,38847860,q,17q
ENSG00000100479,14,49643555,q,14q
ENSG00000169016,2,11444375,p,2p
ENSG00000149573,11,118253416,q,11q
ENSG00000259494,15,88459468,q,15q
ENSG00000143622,1,155897808,q,1q
ENSG00000129932,19,3490821,p,19p
ENSG00000180921,8,143723933,q,8q
ENSG00000064763,12,29149016,p,12p
ENSG00000137804,15,41320794,q,15q
ENSG00000109991,11,57338352,q,11q
ENSG00000126653,17,30115521,q,17q
ENSG00000142544,19,51097606,q,19q
ENSG00000077782,8,38400215,p,8p
ENSG00000160325,9,133459965,q,9q
ENSG00000105393,19,17267343,p,19p
ENSG00000170421,12,52897182,q,12q
ENSG00000097046,1,91500535,p,1p
ENSG00000100906,14,35401079,q,14q
ENSG00000107372,9,72351412,q,9q
ENSG00000197324,14,22871709,q,14q
ENSG00000177697,11,832705,p,11p
ENSG00000151693,2,9206758,p,2p
ENSG00000108465,17,47967810,q,17q
ENSG00000100650,14,69726893,q,14q
ENSG00000122729,9,32384603,p,9p
ENSG00000189127,5,80556755,q,5q
ENSG00000138382,2,169810081,q,2q
ENSG00000163472,1,156282935,q,1q
ENSG00000156218,15,83653683,q,15q
ENSG00000084070,1,40344850,p,1p
ENSG00000197822,5,69492184,q,5q
ENSG00000181982,4,24803514,p,4p
ENSG00000164022,4,106315544,q,4q
ENSG00000115942,2,200908973,q,2q
ENSG00000162736,1,160343294,q,1q
ENSG00000109118,17,28905250,q,17q
ENSG00000137807,15,69414246,q,15q
ENSG00000113749,5,175657797,q,5q
ENSG00000155506,5,154682986,q,5q
ENSG00000140105,14,100333784,q,14q
ENSG00000111057,12,52945688,q,12q
ENSG00000108379,17,46762506,q,17q
ENSG00000166313,11,6395111,p,11p
ENSG00000138798,4,109912883,q,4q
ENSG00000277791,17,38752736,q,17q
ENSG00000037280,5,180601506,q,5q
ENSG00000068097,17,60041008,q,17q
ENSG00000111142,12,95473520,q,12q
ENSG00000105849,7,19695461,p,7p
ENSG00000003147,7,8113181,p,7p
ENSG00000161091,19,3538261,p,19p
ENSG00000117016,1,40620679,p,1p
ENSG00000198885,2,96324977,q,2q
ENSG00000162994,2,55172547,p,2p
ENSG00000114120,3,140941801,q,3q
ENSG00000143222,1,161152776,q,1q
ENSG00000105325,19,3506277,p,19p
ENSG00000171490,16,11833850,p,16p
ENSG00000145246,4,47485275,p,4p
ENSG00000142867,1,85265776,p,1p
ENSG00000168393,2,241675742,q,2q
ENSG00000163568,1,159056129,q,1q
ENSG00000120647,12,389273,p,12p
ENSG00000142784,1,27233776,p,1p
ENSG00000073536,17,35128730,q,17q
ENSG00000004534,3,49940007,p,3p
ENSG00000164187,5,36098407,p,5p
ENSG00000157827,2,152335136,q,2q
ENSG00000063854,16,1795620,p,16p
ENSG00000149182,11,47164299,p,11p
ENSG00000107738,10,71747556,q,10q
ENSG00000168785,4,98470365,q,4q
ENSG00000178776,5,147879632,q,5q
ENSG00000153071,5,39371675,p,5p
ENSG00000132382,17,4538897,p,17p
ENSG00000156398,10,102714538,q,10q
ENSG00000066279,1,197084121,q,1q
ENSG00000167114,9,128340506,q,9q
ENSG00000139155,12,20695332,p,12p
ENSG00000163644,4,88257620,q,4q
ENSG00000182511,15,90883695,q,15q
ENSG00000196460,2,101397359,q,2q
ENSG00000174808,4,74744759,q,4q
ENSG00000109610,4,24789912,p,4p
ENSG00000103342,16,11868128,p,16p
ENSG00000002587,4,11393150,p,4p
ENSG00000171509,4,158315311,q,4q
ENSG00000197142,10,112372400,q,10q
ENSG00000163170,2,74135397,p,2p
ENSG00000183155,1,202878282,q,1q
ENSG00000179456,1,244048547,q,1q
ENSG00000097096,1,85156851,p,1p
ENSG00000152128,2,134455759,q,2q
ENSG00000242485,1,1401908,p,1p
ENSG00000132330,2,238060924,q,2q
ENSG00000117450,1,45510914,p,1p
ENSG00000124588,6,2987987,p,6p
ENSG00000095261,9,120815496,q,9q
ENSG00000011258,17,51177419,q,17q
ENSG00000136861,9,120388875,q,9q
ENSG00000148950,11,31432399,p,11p
ENSG00000189280,1,34755034,p,1p
ENSG00000007968,1,23506438,p,1p
ENSG00000120333,1,175010789,q,1q
ENSG00000117597,1,209827972,q,1q
ENSG00000145817,5,144158162,q,5q
ENSG00000091073,7,76461656,q,7q
ENSG00000162882,2,42765709,p,2p
ENSG00000172803,11,65833834,q,11q
ENSG00000178999,17,8204335,p,17p
ENSG00000163558,3,170222124,q,3q
ENSG00000215217,5,7830378,p,5p
ENSG00000103184,16,4958295,p,16p
ENSG00000152092,1,176857302,q,1q
ENSG00000150712,5,32226994,p,5p
ENSG00000256043,4,155921580,q,4q
ENSG00000172554,2,950849,p,2p
ENSG00000105223,19,40348453,q,19q
ENSG00000157350,16,70375977,q,16q
ENSG00000135472,12,49866896,q,12q
ENSG00000164303,4,184088706,q,4q
ENSG00000152784,4,80183879,q,4q
ENSG00000196591,6,113933028,q,6q
ENSG00000213639,2,28751562,p,2p
ENSG00000070182,14,64746283,q,14q
ENSG00000150967,12,122920951,q,12q
ENSG00000169019,4,47450787,p,4p
ENSG00000103245,16,729759,p,16p
ENSG00000163950,4,1692731,p,4p
ENSG00000084072,1,39692182,p,1p
ENSG00000145198,3,184228996,q,3q
ENSG00000113456,5,34900072,p,5p
ENSG00000126351,17,40058290,q,17q
ENSG00000198208,14,74903951,q,14q
ENSG00000138709,4,128060801,q,4q
ENSG00000031003,5,137937960,q,5q
ENSG00000103194,16,84699971,q,16q
ENSG00000086827,11,113733183,q,11q
ENSG00000116754,1,70205670,p,1p
ENSG00000070495,17,76712832,q,17q
ENSG00000040933,2,98444246,q,2q
ENSG00000164484,6,130365404,q,6q
ENSG00000146072,6,47231532,p,6p
ENSG00000167862,17,75012664,q,17q
ENSG00000149452,11,62989154,q,11q
ENSG00000112130,6,37353979,p,6p
ENSG00000107819,10,101031229,q,10q
ENSG00000185246,14,45084107,q,14q
ENSG00000176208,17,30831966,q,17q
ENSG00000091262,16,16149565,p,16p
ENSG00000090376,12,66188995,q,12q
ENSG00000136521,3,179604690,q,3q
ENSG00000183605,10,119140767,q,10q
ENSG00000149091,11,46332905,p,11p
ENSG00000131475,17,42773449,q,17q
ENSG00000157107,5,72955988,q,5q
ENSG00000096063,6,35832966,p,6p
ENSG00000010278,12,6199715,p,12p
ENSG00000198133,14,67447084,q,14q
ENSG00000204237,17,81665036,q,17q
ENSG00000197157,7,127652145,q,7q
ENSG00000161960,17,7572760,p,17p
ENSG00000205659,14,74084956,q,14q
ENSG00000196372,10,5638857,p,10p
ENSG00000114491,3,124730433,q,3q
ENSG00000139971,14,57999735,q,14q
ENSG00000122952,10,56356736,q,10q
ENSG00000117862,1,52020130,p,1p
ENSG00000164331,5,73552190,q,5q
ENSG00000100591,14,77457743,q,14q
ENSG00000158458,5,139846779,q,5q
ENSG00000109618,4,25120014,p,4p
ENSG00000100796,14,91457139,q,14q
ENSG00000186501,1,27322139,p,1p
ENSG00000144847,3,118900557,q,3q
ENSG00000168575,8,42416449,p,8p
ENSG00000111726,12,22046174,p,12p
ENSG00000087008,4,8365885,p,4p
ENSG00000165983,10,16436940,p,10p
ENSG00000143674,1,233327714,q,1q
ENSG00000048140,5,176647387,q,5q
ENSG00000144843,3,119579268,q,3q
ENSG00000178691,17,31936995,q,17q
ENSG00000008405,12,106991364,q,12q
ENSG00000114654,3,129001304,q,3q
ENSG00000143545,1,153981617,q,1q
ENSG00000146410,6,136231024,q,6q
ENSG00000120053,10,99396870,q,10q
ENSG00000154310,3,171058414,q,3q
ENSG00000171160,10,97614551,q,10q
ENSG00000118600,12,63779833,q,12q
ENSG00000128923,15,58771117,q,15q
ENSG00000108423,17,59859426,q,17q
ENSG00000145495,5,10353695,p,5p
ENSG00000163159,1,151176304,q,1q
ENSG00000112110,6,159789812,q,6q
ENSG00000184601,14,104579550,q,14q
ENSG00000075826,10,100486639,q,10q
ENSG00000203778,6,112087122,q,6q
ENSG00000084110,12,95972662,q,12q
ENSG00000189077,7,75986831,q,7q
ENSG00000204482,6,31586124,p,6p
ENSG00000179627,14,104799415,q,14q
ENSG00000186910,14,94442464,q,14q
ENSG00000132718,1,155859449,q,1q
ENSG00000166170,14,103556545,q,14q
ENSG00000181392,19,36003282,q,19q
ENSG00000176473,14,100376418,q,14q
ENSG00000116761,1,70406194,p,1p
ENSG00000175445,8,19901717,p,8p
ENSG00000181350,17,16441577,p,17p
ENSG00000172057,17,39921037,q,17q
ENSG00000128891,15,40528683,q,15q
ENSG00000154518,2,175176258,q,2q
ENSG00000197555,14,71320277,q,14q
ENSG00000132680,1,155913043,q,1q
ENSG00000188283,19,37217926,q,19q
ENSG00000167702,8,144465940,q,8q
ENSG00000124641,6,41905354,p,6p
ENSG00000277639,16,53035690,q,16q
ENSG00000166454,16,81035842,q,16q
ENSG00000187514,2,231706895,q,2q
ENSG00000108256,17,29255839,q,17q
ENSG00000170852,7,32868166,p,7p
ENSG00000166557,15,79311109,q,15q
ENSG00000213066,6,166999174,q,6q
ENSG00000283632,19,45212370,q,19q
ENSG00000129925,16,370788,p,16p
ENSG00000108510,17,61942605,q,17q
ENSG00000169857,15,33858782,q,15q
ENSG00000176209,8,42541155,p,8p
ENSG00000254004,19,36510687,q,19q
ENSG00000140400,15,75355207,q,15q
ENSG00000158825,1,20588932,p,1p
ENSG00000107625,10,68901264,q,10q
ENSG00000123146,19,14380501,p,19p
ENSG00000122515,7,44748560,p,7p
ENSG00000132692,1,156641390,q,1q
ENSG00000056097,5,32354350,p,5p
ENSG00000125319,17,44141903,q,17q
ENSG00000165392,8,31033779,p,8p
ENSG00000096093,6,52362123,p,6p
ENSG00000166558,16,84009667,q,16q
ENSG00000067182,12,6328757,p,12p
ENSG00000056558,9,120902393,q,9q
ENSG00000165458,11,72223524,q,11q
ENSG00000108578,17,30248200,q,17q
ENSG00000169914,1,19882395,p,1p
ENSG00000197223,2,68041130,p,2p
ENSG00000162813,1,220057079,q,1q
ENSG00000172270,19,571277,p,19p
ENSG00000119397,9,121074660,q,9q
ENSG00000250305,8,12945642,p,8p
ENSG00000138316,10,70672367,q,10q
ENSG00000157856,2,26401920,p,2p
ENSG00000103549,16,30761745,p,16p
ENSG00000108854,17,64542282,q,17q
ENSG00000147677,8,116642130,q,8q
ENSG00000144535,2,231961245,q,2q
ENSG00000143363,1,151008420,q,1q
ENSG00000113532,5,100806933,q,5q
ENSG00000096968,9,4984390,p,9p
ENSG00000146223,6,42879616,p,6p
ENSG00000065675,10,6427136,p,10p
ENSG00000135390,12,53632726,q,12q
ENSG00000112851,5,65883128,q,5q
ENSG00000170734,6,43575537,p,6p
ENSG00000164761,8,118923557,q,8q
ENSG00000123159,19,14477759,p,19p
ENSG00000182004,1,203861598,q,1q
ENSG00000266967,17,42950431,q,17q
ENSG00000142627,1,16124337,p,1p
ENSG00000198846,8,58805412,q,8q
ENSG00000146085,6,49430360,p,6p
ENSG00000240682,3,129127415,q,3q
ENSG00000147421,8,28890292,p,8p
ENSG00000173852,7,34921469,p,7p
ENSG00000139146,12,31280584,p,12p
ENSG00000143303,1,156728442,q,1q
ENSG00000233608,2,238848032,q,2q
ENSG00000169676,4,9781387,p,4p
ENSG00000170322,11,129863636,q,11q
ENSG00000109606,4,24517441,p,4p
ENSG00000187736,2,219069355,q,2q
ENSG00000123358,12,52022832,q,12q
ENSG00000128594,7,128027071,q,7q
ENSG00000198523,6,118543971,q,6q
ENSG00000144747,3,69019827,p,3p
ENSG00000141506,17,8878911,p,17p
ENSG00000143494,1,212950520,q,1q
ENSG00000157224,7,90383721,q,7q
ENSG00000105707,19,35040506,q,19q
ENSG00000112320,6,107490073,q,6q
ENSG00000204128,2,231037342,q,2q
ENSG00000138640,4,88725955,q,4q
ENSG00000144485,2,238238267,q,2q
ENSG00000082269,6,70412941,q,6q
ENSG00000015413,16,89613308,q,16q
ENSG00000143353,1,219173853,q,1q
ENSG00000078687,17,77958624,q,17q
ENSG00000185414,2,99181111,q,2q
ENSG00000107164,9,130578965,q,9q
ENSG00000146587,7,5045821,p,7p
ENSG00000163412,3,71675414,p,3p
ENSG00000108179,10,79347466,q,10q
ENSG00000163499,2,218990189,q,2q
ENSG00000146966,7,140518418,q,7q
ENSG00000182010,10,62183035,q,10q
ENSG00000078900,1,3652516,p,1p
ENSG00000250506,17,76000644,q,17q
ENSG00000183020,11,924881,p,11p
ENSG00000068697,2,20032649,p,2p
ENSG00000141367,17,59619680,q,17q
ENSG00000182923,3,134485699,q,3q
ENSG00000165322,10,31805398,p,10p
ENSG00000153446,16,5044122,p,16p
ENSG00000166225,12,69470349,q,12q
ENSG00000144182,2,99154955,q,2q
ENSG00000136950,9,124862130,q,9q
ENSG00000162004,16,722581,p,16p
ENSG00000198113,9,137274854,q,9q
ENSG00000164976,9,34366666,p,9p
ENSG00000125482,9,132375548,q,9q
ENSG00000106635,7,73536355,q,7q
ENSG00000149357,11,72085895,q,11q
ENSG00000115486,2,85544720,p,2p
ENSG00000171503,4,158671968,q,4q
ENSG00000187135,19,29524739,q,19q
ENSG00000174891,3,158105675,q,3q
ENSG00000174562,19,50825289,q,19q
ENSG00000119326,9,108942569,q,9q
ENSG00000162222,11,62727687,q,11q
ENSG00000104760,8,17863528,p,8p
ENSG00000055118,7,150944064,q,7q
ENSG00000090581,16,1351931,p,16p
ENSG00000149582,11,118531041,q,11q
ENSG00000130287,19,19211948,p,19p
ENSG00000119328,9,108934400,q,9q
ENSG00000171097,9,128832937,q,9q
ENSG00000125753,19,45506579,q,19q
ENSG00000141741,17,39728496,q,17q
ENSG00000175906,17,43398150,q,17q
ENSG00000108960,17,55392616,q,17q
ENSG00000117616,1,25242248,p,1p
ENSG00000184500,3,93873046,q,3q
ENSG00000133619,7,149714781,q,7q
ENSG00000167881,17,76038775,q,17q
ENSG00000174606,1,212992182,q,1q
ENSG00000167646,19,55158661,q,19q
ENSG00000171497,4,158709127,q,4q
ENSG00000099385,16,30833626,p,16p
ENSG00000112739,6,4021266,p,6p
ENSG00000168646,17,65528561,q,17q
ENSG00000117600,1,99264292,p,1p
ENSG00000137628,4,168216291,q,4q
ENSG00000147437,8,25419258,p,8p
ENSG00000173436,1,19484403,p,1p
ENSG00000078668,8,42391624,p,8p
ENSG00000197943,16,81738248,q,16q
ENSG00000076984,19,7903843,p,19p
ENSG00000074356,17,3802158,p,17p
ENSG00000198373,16,69762281,q,16q
ENSG00000031691,6,49463335,p,6p
ENSG00000170390,4,150078176,q,4q
ENSG00000204390,6,31809619,p,6p
ENSG00000154914,17,9644663,p,17p
ENSG00000111802,6,24649978,p,6p
ENSG00000133816,11,12094008,p,11p
ENSG00000099622,19,1259384,p,19p
ENSG00000084754,2,26190635,p,2p
ENSG00000012660,6,53260285,p,6p
ENSG00000130768,1,27935000,p,1p
ENSG00000106052,7,27739331,p,7p
ENSG00000094804,17,40287831,q,17q
ENSG00000164919,8,99873200,q,8q
ENSG00000134668,1,31790422,p,1p
ENSG00000119723,14,73949926,q,14q
ENSG00000177752,4,44622088,p,4p
ENSG00000075711,3,197042560,q,3q
ENSG00000132405,4,6909242,p,4p
ENSG00000197442,6,136557034,q,6q
ENSG00000107485,10,8045315,p,10p
ENSG00000178685,8,143977153,q,8q
ENSG00000082641,17,48047889,q,17q
ENSG00000087253,16,55508994,q,16q
ENSG00000156671,10,75099586,q,10q
ENSG00000162755,1,161098361,q,1q
ENSG00000116898,1,36455718,p,1p
ENSG00000205220,16,67934506,q,16q
ENSG00000256574,10,45302298,q,10q
ENSG00000156502,10,69180234,q,10q
ENSG00000065559,17,12020828,p,17p
ENSG00000124496,6,42224931,p,6p
ENSG00000181904,5,134845680,q,5q
ENSG00000188352,9,20658305,p,9p
ENSG00000165914,14,90524564,q,14q
ENSG00000188215,16,20854897,p,16p
ENSG00000112902,5,9035033,p,5p
ENSG00000151806,4,44678420,p,4p
ENSG00000007376,16,784974,p,16p
ENSG00000060718,1,102876467,p,1p
ENSG00000129244,17,7646627,p,17p
ENSG00000189120,17,47844908,q,17q
ENSG00000161956,17,7561919,p,17p
ENSG00000110906,12,109448655,q,12q
ENSG00000109321,4,74444999,q,4q
ENSG00000163629,4,86593944,q,4q
ENSG00000140691,16,31458080,p,16p
ENSG00000277161,17,36534987,q,17q
ENSG00000171861,17,782345,p,17p
ENSG00000130643,10,133324072,q,10q
ENSG00000170456,12,31382226,p,12p
ENSG00000167653,8,142670308,q,8q
ENSG00000100842,14,23353248,q,14q
ENSG00000156675,8,37858618,p,8p
ENSG00000169738,17,82035136,q,17q
ENSG00000163596,2,202773150,q,2q
ENSG00000100815,14,91965991,q,14q
ENSG00000152422,5,83077498,q,5q
ENSG00000197748,10,104129888,q,10q
ENSG00000171914,15,62390512,q,15q
ENSG00000132912,5,150706840,q,5q
ENSG00000135336,6,87590067,q,6q
ENSG00000168615,8,38996754,p,8p
ENSG00000165752,10,132207483,q,10q
ENSG00000165646,10,117240830,q,10q
ENSG00000104695,8,30774096,p,8p
ENSG00000136003,12,108562582,q,12q
ENSG00000155508,5,154857529,q,5q
ENSG00000120885,8,27596917,p,8p
ENSG00000196792,14,30893799,q,14q
ENSG00000172638,11,65866441,q,11q
ENSG00000107438,10,95237569,q,10q
ENSG00000009335,7,157138922,q,7q
ENSG00000182022,10,124007668,q,10q
ENSG00000135108,12,117141991,q,12q
ENSG00000033800,15,68054301,q,15q
ENSG00000104969,19,2754711,p,19p
ENSG00000197930,14,52639915,q,14q
ENSG00000011021,1,11806096,p,1p
ENSG00000165633,10,49014236,q,10q
ENSG00000139438,12,109713825,q,12q
ENSG00000133641,12,88033846,q,12q
ENSG00000119977,10,95659823,q,10q
ENSG00000100478,14,31024996,q,14q
ENSG00000115138,2,25160853,p,2p
ENSG00000128872,15,51751564,q,15q
ENSG00000166986,12,57475445,q,12q
ENSG00000132432,7,54752180,p,7p
ENSG00000157064,1,183248237,q,1q
ENSG00000136802,9,128882133,q,9q
ENSG00000119844,2,64524289,p,2p
ENSG00000185215,14,103121407,q,14q
ENSG00000198933,17,47694030,q,17q
ENSG00000143256,1,161100556,q,1q
ENSG00000166839,15,64911861,q,15q
ENSG00000146409,6,132769370,q,6q
ENSG00000135750,1,233614106,q,1q
ENSG00000213203,7,150716606,q,7q
ENSG00000166741,11,114257765,q,11q
ENSG00000100473,14,30874438,q,14q
ENSG00000136286,7,44962662,p,7p
ENSG00000277258,17,38733894,q,17q
ENSG00000169071,9,91563091,q,9q
ENSG00000145982,6,5261044,p,6p
ENSG00000162782,1,179591613,q,1q
ENSG00000198018,10,99659415,q,10q
ENSG00000149257,11,75561564,q,11q
ENSG00000108175,10,79068929,q,10q
ENSG00000159899,9,35791003,p,9p
ENSG00000115484,2,61868085,p,2p
ENSG00000092470,15,43824498,q,15q
ENSG00000160014,19,46601074,q,19q
ENSG00000183814,1,226231149,q,1q
ENSG00000070610,9,35736864,p,9p
ENSG00000178826,7,143279937,q,7q
ENSG00000156711,6,36127809,p,6p
ENSG00000119699,14,75958097,q,14q
ENSG00000277972,17,38730318,q,17q
ENSG00000150054,10,28050993,p,10p
ENSG00000125434,17,8287763,p,17p
ENSG00000004866,7,116952980,q,7q
ENSG00000125912,19,3185563,p,19p
ENSG00000166002,11,93478468,q,11q
ENSG00000108961,17,8288631,p,17p
ENSG00000100567,14,58244740,q,14q
ENSG00000142507,17,4796144,p,17p
ENSG00000213930,9,34637367,p,9p
ENSG00000134825,11,61768501,q,11q
ENSG00000129235,17,6640712,p,17p
ENSG00000173137,8,144373101,q,8q
ENSG00000135318,6,85449584,q,6q
ENSG00000108651,17,31860904,q,17q
ENSG00000110013,11,124633113,q,11q
ENSG00000138303,10,72096018,q,10q
ENSG00000223501,6,33250272,p,6p
ENSG00000085733,11,70398404,q,11q
ENSG00000213190,1,151057871,q,1q
ENSG00000169598,1,3857267,p,1p
ENSG00000261308,12,51817899,q,12q
ENSG00000086598,12,123584526,q,12q
ENSG00000113621,5,134874318,q,5q
ENSG00000158816,1,20290875,p,1p
ENSG00000111669,12,6867119,p,12p
ENSG00000115935,2,174559563,q,2q
ENSG00000120526,8,109240919,q,8q
ENSG00000039560,5,34656328,p,5p
ENSG00000100503,14,50719763,q,14q
ENSG00000197768,9,137250608,q,9q
ENSG00000162385,1,53226890,p,1p
ENSG00000189433,1,34759740,p,1p
ENSG00000166295,10,72215863,q,10q
ENSG00000143190,1,167220876,q,1q
ENSG00000108528,17,4934570,p,17p
ENSG00000125730,19,6677704,p,19p
ENSG00000107185,9,35748613,p,9p
ENSG00000103707,15,65001512,q,15q
ENSG00000122986,12,110627841,q,12q
ENSG00000164031,4,99896248,q,4q
ENSG00000165102,8,43140376,p,8p
ENSG00000164975,9,15422734,p,9p
ENSG00000047662,4,17629306,p,4p
ENSG00000140545,15,88898683,q,15q
ENSG00000278619,17,36601583,q,17q
ENSG00000179387,4,140524164,q,4q
ENSG00000169710,17,82078338,q,17q
ENSG00000106976,9,128191655,q,9q
ENSG00000132024,19,13906160,p,19p
ENSG00000013810,4,1712858,p,4p
ENSG00000112624,6,42781931,p,6p
ENSG00000123329,12,57472262,q,12q
ENSG00000155975,8,17246896,p,8p
ENSG00000001167,6,41072946,p,6p
ENSG00000126698,1,28199456,p,1p
ENSG00000138029,2,26243170,p,2p
ENSG00000109919,11,47616697,p,11p
ENSG00000197747,1,151982903,q,1q
ENSG00000117399,1,43358928,p,1p
ENSG00000157450,15,58865175,q,15q
ENSG00000172336,7,100705445,q,7q
ENSG00000005469,7,87345664,q,7q
ENSG00000083168,8,41929479,p,8p
ENSG00000185909,3,49171239,p,3p
ENSG00000114573,3,113746770,q,3q
ENSG00000048028,11,113797870,q,11q
ENSG00000016402,6,136999971,q,6q
ENSG00000168936,4,1715951,p,4p
ENSG00000183520,1,38009111,p,1p
ENSG00000183783,4,44173903,p,4p
ENSG00000136205,7,47275154,p,7p
ENSG00000109323,4,102630770,q,4q
ENSG00000143376,1,151612006,q,1q
ENSG00000134291,12,47963569,q,12q
ENSG00000024422,19,47713416,q,19q
ENSG00000025796,6,107867756,q,6q
ENSG00000129484,14,20343601,q,14q
ENSG00000171119,19,5805056,p,19p
ENSG00000105251,19,4279030,p,19p
ENSG00000145730,5,102753981,q,5q
ENSG00000179564,3,50279030,p,3p
ENSG00000176095,3,49724294,p,3p
ENSG00000198242,17,28719983,q,17q
ENSG00000197858,8,144082337,q,8q
ENSG00000258484,15,68818221,q,15q
ENSG00000168781,15,43533462,q,15q
ENSG00000168374,3,57571363,p,3p
ENSG00000173812,17,41688883,q,17q
ENSG00000073050,19,43543306,q,19q
ENSG00000153944,17,57255851,q,17q
ENSG00000214706,3,50287732,p,3p
ENSG00000155393,16,50065964,q,16q
ENSG00000139625,12,53479669,q,12q
ENSG00000198517,7,1530702,p,7p
ENSG00000162735,1,160276807,q,1q
ENSG00000176438,14,95407266,q,14q
ENSG00000128833,15,52192309,q,15q
ENSG00000091127,7,105439661,q,7q
ENSG00000112139,6,37630679,p,6p
ENSG00000139083,12,11649623,p,12p
ENSG00000103275,16,1291357,p,16p
ENSG00000148175,9,121338987,q,9q
ENSG00000123415,12,54121277,q,12q
ENSG00000155111,6,110609978,q,6q
ENSG00000145431,4,156760454,q,4q
ENSG00000161509,17,74842022,q,17q
ENSG00000116698,1,183471957,q,1q
ENSG00000197646,9,5510491,p,9p
ENSG00000231274,19,55539018,q,19q
ENSG00000185619,4,705748,p,4p
ENSG00000070269,14,56488354,q,14q
ENSG00000076928,19,41883079,q,19q
ENSG00000076242,3,36993226,p,3p
ENSG00000147894,9,27535640,p,9p
ENSG00000111859,6,11183298,p,6p
ENSG00000158604,7,44576392,p,7p
ENSG00000087116,5,179110853,q,5q
ENSG00000120088,17,45784277,q,17q
ENSG00000128578,7,129434392,q,7q
ENSG00000137831,15,70654554,q,15q
ENSG00000181513,17,45132600,q,17q
ENSG00000254087,8,55879825,q,8q
ENSG00000139973,14,61811849,q,14q
ENSG00000119630,14,74941830,q,14q
ENSG00000093144,6,127288712,q,6q
ENSG00000165688,9,136410630,q,9q
ENSG00000137502,11,82973133,q,11q
ENSG00000134851,4,55395652,q,4q
ENSG00000213928,14,24161101,q,14q
ENSG00000104518,8,143553207,q,8q
ENSG00000157765,4,25648011,p,4p
ENSG00000137834,15,66702236,q,15q
ENSG00000134287,12,48935723,q,12q
ENSG00000152942,5,69369293,q,5q
ENSG00000138617,15,65234460,q,15q
ENSG00000213614,15,72340924,q,15q
ENSG00000188070,11,63759892,q,11q
ENSG00000108599,17,19904302,p,17p
ENSG00000109911,11,31509755,p,11p
ENSG00000167566,12,49791140,q,12q
ENSG00000136319,14,20256558,q,14q
ENSG00000145391,4,139492974,q,4q
ENSG00000135537,6,108294926,q,6q
ENSG00000111450,12,130789600,q,12q
ENSG00000167632,8,139727725,q,8q
ENSG00000137440,4,15934507,p,4p
ENSG00000183092,14,100537147,q,14q
ENSG00000135605,4,48135783,p,4p
ENSG00000149929,16,29992330,p,16p
ENSG00000122641,7,41667168,p,7p
ENSG00000092054,14,23412733,q,14q
ENSG00000164414,6,87470623,q,6q
ENSG00000146963,7,139340359,q,7q
ENSG00000198917,9,128819651,q,9q
ENSG00000161542,17,76309478,q,17q
ENSG00000159713,16,67389027,q,16q
ENSG00000138722,4,89879532,q,4q
ENSG00000204852,12,110614027,q,12q
ENSG00000042445,2,85341954,p,2p
ENSG00000074935,6,112070663,q,6q
ENSG00000164144,4,152779096,q,4q
ENSG00000103174,16,5024756,p,16p
ENSG00000110330,11,102347208,q,11q
ENSG00000213588,6,33453970,p,6p
ENSG00000108469,17,75626845,q,17q
ENSG00000164535,7,6407846,p,7p
ENSG00000172977,11,65711996,q,11q
ENSG00000148337,9,128161251,q,9q
ENSG00000065135,1,109548584,p,1p
ENSG00000151692,2,6917386,p,2p
ENSG00000164879,8,85373436,q,8q
ENSG00000010310,19,45668221,q,19q
ENSG00000133056,1,204422628,q,1q
ENSG00000115694,2,241492670,q,2q
ENSG00000065833,6,83210393,q,6q
ENSG00000104299,8,28767661,p,8p
ENSG00000172824,16,66988585,q,16q
ENSG00000177685,11,826144,p,11p
ENSG00000164077,3,49907160,p,3p
ENSG00000137822,15,43369221,q,15q
ENSG00000167757,19,51022216,q,19q
ENSG00000196453,7,149431363,q,7q
ENSG00000004864,7,96120218,q,7q
ENSG00000204160,1,26826688,p,1p
ENSG00000096060,6,35572945,p,6p
ENSG00000166106,11,130448645,q,11q
ENSG00000243678,17,51163013,q,17q
ENSG00000164050,3,48403849,p,3p
ENSG00000143751,1,225982702,q,1q
ENSG00000170242,11,11841423,p,11p
ENSG00000132698,1,156061148,q,1q
ENSG00000103145,16,3022625,p,16p
ENSG00000142530,19,50466785,q,19q
ENSG00000134020,8,22713237,p,8p
ENSG00000090266,7,140690777,q,7q
ENSG00000143333,1,182598623,q,1q
ENSG00000105135,19,15114976,p,19p
ENSG00000240694,8,26504701,p,8p
ENSG00000089280,16,31180134,p,16p
ENSG00000104043,15,49858238,q,15q
ENSG00000120910,8,22440819,p,8p
ENSG00000122778,7,138831381,q,7q
ENSG00000108846,17,50634609,q,17q
ENSG00000068078,4,1793286,p,4p
ENSG00000113163,5,75356345,q,5q
ENSG00000204580,6,30876421,p,6p
ENSG00000128928,15,40405485,q,15q
ENSG00000091732,7,130018286,q,7q
ENSG00000159023,1,28887091,p,1p
ENSG00000169299,4,37826660,p,4p
ENSG00000135974,2,105337532,q,2q
ENSG00000123268,12,50763710,q,12q
ENSG00000127990,7,94524204,q,7q
ENSG00000118160,19,47428017,q,19q
ENSG00000067369,15,43403061,q,15q
ENSG00000162869,2,48440598,p,2p
ENSG00000105373,19,47745520,q,19q
ENSG00000137575,8,58552924,q,8q
ENSG00000168092,11,117144284,q,11q
ENSG00000198598,12,131828393,q,12q
ENSG00000067715,12,78863650,q,12q
ENSG00000002549,4,17577198,p,4p
ENSG00000109205,4,70195706,q,4q
ENSG00000167414,19,46633953,q,19q
ENSG00000037757,19,13764522,p,19p
ENSG00000177542,11,790474,p,11p
ENSG00000063245,19,55675109,q,19q
ENSG00000138642,4,88378739,q,4q
ENSG00000174938,16,29871159,p,16p
ENSG00000197329,2,64092652,p,2p
ENSG00000100678,14,70044215,q,14q
ENSG00000140612,15,84669529,q,15q
ENSG00000109445,4,141220280,q,4q
ENSG00000164292,5,95713522,q,5q
ENSG00000144455,3,3700814,p,3p
ENSG00000173221,5,95751319,q,5q
ENSG00000113396,5,128538013,q,5q
ENSG00000120925,8,42849637,p,8p
ENSG00000119725,14,73886201,q,14q
ENSG00000118762,4,88007629,q,4q
ENSG00000139697,12,123289109,q,12q
ENSG00000145907,5,151770951,q,5q
ENSG00000130294,2,240713761,q,2q
ENSG00000144677,3,37861880,p,3p
ENSG00000160948,8,144423601,q,8q
ENSG00000109424,4,140559431,q,4q
ENSG00000198121,9,110871773,q,9q
ENSG00000168310,4,184385702,q,4q
ENSG00000013364,16,29820394,p,16p
ENSG00000111647,12,100028455,q,12q
ENSG00000140474,15,74836116,q,15q
ENSG00000144824,3,111732403,q,3q
ENSG00000102879,16,30182817,p,16p
ENSG00000079999,19,10486119,p,19p
ENSG00000164347,5,74721206,q,5q
ENSG00000151470,4,129093317,q,4q
ENSG00000064115,12,26971579,p,12p
ENSG00000172889,9,136658284,q,9q
ENSG00000064607,19,18990888,p,19p
ENSG00000184916,14,105140982,q,14q
ENSG00000176273,10,93893937,q,10q
ENSG00000164035,4,100395341,q,4q
ENSG00000165996,10,17588316,p,10p
ENSG00000134463,10,11742366,p,10p
ENSG00000173588,12,94306449,q,12q
ENSG00000107929,10,806915,p,10p
ENSG00000167377,16,71447597,q,16q
ENSG00000276043,19,4903080,p,19p
ENSG00000187486,11,17365172,p,11p
ENSG00000148700,10,109996356,q,10q
ENSG00000103534,16,19410428,p,16p
ENSG00000173933,11,66638658,q,11q
ENSG00000076513,12,109999186,q,12q
ENSG00000109501,4,6269839,p,4p
ENSG00000134013,8,23296897,p,8p
ENSG00000205302,5,122775010,q,5q
ENSG00000072954,19,16661129,p,19p
ENSG00000129151,11,27040698,p,11p
ENSG00000139970,14,59595976,q,14q
ENSG00000078674,8,17922746,p,8p
ENSG00000125746,19,45606994,q,19q
ENSG00000204323,17,75628368,q,17q
ENSG00000137825,15,41493360,q,15q
ENSG00000163291,4,78887127,q,4q
ENSG00000178802,15,74890005,q,15q
ENSG00000273559,17,38800441,q,17q
ENSG00000012963,14,93207241,q,14q
ENSG00000052795,4,158769026,q,4q
ENSG00000151500,11,134248270,q,11q
ENSG00000130921,12,123232142,q,12q
ENSG00000188878,17,75909574,q,17q
ENSG00000173040,4,5542772,p,4p
ENSG00000123064,12,113157173,q,12q
ENSG00000177932,5,179060361,q,5q
ENSG00000100884,14,24070837,q,14q
ENSG00000151422,5,108747841,q,5q
ENSG00000149131,11,57597387,q,11q
ENSG00000022355,5,161847063,q,5q
ENSG00000125445,17,75261670,q,17q
ENSG00000154001,14,63371364,q,14q
ENSG00000040531,17,3636459,p,17p
ENSG00000010319,3,52433035,p,3p
ENSG00000104946,19,49877501,q,19q
ENSG00000131165,16,89640816,q,16q
ENSG00000041880,3,51942252,p,3p
ENSG00000138696,4,94757937,q,4q
ENSG00000125457,17,75266228,q,17q
ENSG00000132612,16,69311336,q,16q
ENSG00000110628,11,2899718,p,11p
ENSG00000180209,16,30370332,p,16p
ENSG00000105778,7,32495426,p,7p
ENSG00000170876,3,14125015,p,3p
ENSG00000186710,12,113149716,q,12q
ENSG00000104964,19,3052909,p,19p
ENSG00000170545,12,51244558,q,12q
ENSG00000119139,9,69121264,q,9q
ENSG00000131473,17,41866916,q,17q
ENSG00000151304,5,121961965,q,5q
ENSG00000090905,16,24610209,p,16p
ENSG00000109472,4,165361194,q,4q
ENSG00000171792,12,2876258,p,12p
ENSG00000234284,5,179023804,q,5q
ENSG00000163071,4,52051304,q,4q
ENSG00000198690,15,30890559,q,15q
ENSG00000166598,12,103930107,q,12q
ENSG00000155034,7,5431335,p,7p
ENSG00000170365,4,145480769,q,4q
ENSG00000136261,7,16644653,p,7p
ENSG00000145194,3,184275531,q,3q
ENSG00000162493,1,13583465,p,1p
ENSG00000105726,19,19645198,p,19p
ENSG00000100749,14,96797304,q,14q
ENSG00000205629,16,25111731,p,16p
ENSG00000164398,5,131949973,q,5q
ENSG00000214114,1,38862493,p,1p
ENSG00000164074,4,127965267,q,4q
ENSG00000129744,11,3645115,p,11p
ENSG00000204624,1,11478905,p,1p
ENSG00000137496,11,71998613,q,11q
ENSG00000221866,7,132123340,q,7q
ENSG00000159625,16,57694793,q,16q
ENSG00000059378,7,140023746,q,7q
ENSG00000119720,14,90267860,q,14q
ENSG00000092850,1,36084094,p,1p
ENSG00000168924,4,1811479,p,4p
ENSG00000144659,3,39383347,p,3p
ENSG00000164949,8,94249249,q,8q
ENSG00000188549,15,40331452,q,15q
ENSG00000165006,9,34179005,p,9p
ENSG00000161642,12,54369129,q,12q
ENSG00000164054,3,48467798,p,3p
ENSG00000100564,14,67581955,q,14q
ENSG00000173517,15,77100656,q,15q
ENSG00000185475,11,62787387,q,11q
ENSG00000142279,19,34481682,q,19q
ENSG00000143590,1,155078823,q,1q
ENSG00000176148,11,33039417,p,11p
ENSG00000106524,7,16599779,p,7p
ENSG00000100908,14,24138958,q,14q
ENSG00000130770,1,28236084,p,1p
ENSG00000184428,8,143304384,q,8q
ENSG00000145439,4,168863770,q,4q
ENSG00000142233,19,48661407,q,19q
ENSG00000131873,15,101175727,q,15q
ENSG00000163467,1,156337314,q,1q
ENSG00000166262,15,49326962,q,15q
ENSG00000105607,19,12891128,p,19p
ENSG00000138764,4,77157207,q,4q
ENSG00000092010,14,24136156,q,14q
ENSG00000007392,16,188961,p,16p
ENSG00000163380,3,69106065,p,3p
ENSG00000157036,3,38496127,p,3p
ENSG00000050426,12,51047962,q,12q
ENSG00000132906,1,15490832,p,1p
ENSG00000090487,15,64963022,q,15q
ENSG00000170185,4,143184917,q,4q
ENSG00000165917,11,47437762,p,11p
ENSG00000263001,7,74650231,q,7q
ENSG00000163463,1,155169408,q,1q
ENSG00000109534,4,109815500,q,4q
ENSG00000149187,11,47465933,p,11p
ENSG00000162623,1,74733152,p,1p
ENSG00000169122,8,57993956,q,8q
ENSG00000163932,3,53156009,p,3p
ENSG00000179364,14,105300563,q,14q
ENSG00000066827,8,134477788,q,8q
ENSG00000143119,1,110871176,p,1p
ENSG00000103479,16,53433977,q,16q
ENSG00000153130,4,140257286,q,4q
ENSG00000167657,19,3958453,p,19p
ENSG00000106829,9,79571773,q,9q
ENSG00000188906,12,40196744,q,12q
ENSG00000125503,19,55090913,q,19q
ENSG00000109787,4,38664032,p,4p
ENSG00000198301,4,75940950,q,4q
ENSG00000086015,1,45786987,p,1p
ENSG00000175084,2,219417474,q,2q
ENSG00000242612,16,401854,p,16p
ENSG00000013573,12,31073282,p,12p
ENSG00000137509,11,82822936,q,11q
ENSG00000104320,8,89924515,q,8q
ENSG00000064932,19,1107636,p,19p
ENSG00000166971,16,53490502,q,16q
ENSG00000145526,5,19471296,p,5p
ENSG00000172399,4,119128431,q,4q
ENSG00000134461,10,5861616,p,10p
ENSG00000134853,4,54229130,q,4q
ENSG00000081791,5,141923819,q,5q
ENSG00000174672,11,1389899,p,11p
ENSG00000176986,10,73744366,q,10q
ENSG00000147955,9,34634720,p,9p
ENSG00000253313,1,43281866,p,1p
ENSG00000156958,15,49155656,q,15q
ENSG00000148248,9,133361450,q,9q
ENSG00000143379,1,150926263,q,1q
ENSG00000176049,5,147585438,q,5q
ENSG00000105011,19,14119512,p,19p
ENSG00000105127,19,15353385,p,19p
ENSG00000122692,9,33041765,p,9p
ENSG00000135686,16,84643425,q,16q
ENSG00000003393,2,201700267,q,2q
ENSG00000166747,16,71729000,q,16q
ENSG00000189050,17,59952240,q,17q
ENSG00000141753,17,40443446,q,17q
ENSG00000141497,17,4739108,p,17p
ENSG00000145623,5,38845852,p,5p
ENSG00000175376,11,65996545,q,11q
ENSG00000165819,14,21498128,q,14q
ENSG00000178764,8,122781311,q,8q
ENSG00000185436,1,24154168,p,1p
ENSG00000166855,15,65148219,q,15q
ENSG00000196422,9,135479073,q,9q
ENSG00000221947,8,70669332,q,8q
ENSG00000117322,1,207453024,q,1q
ENSG00000204001,9,136754386,q,9q
ENSG00000085788,8,38225218,p,8p
ENSG00000197746,10,71816289,q,10q
ENSG00000178950,4,849275,p,4p
ENSG00000144712,3,12796472,p,3p
ENSG00000166326,11,35662537,p,11p
ENSG00000170624,5,155870344,q,5q
ENSG00000165792,14,20989973,q,14q
ENSG00000179168,19,38384267,q,19q
ENSG00000140386,15,76347904,q,15q
ENSG00000168010,11,72814138,q,11q
ENSG00000167815,19,12796817,p,19p
ENSG00000123472,1,46632071,p,1p
ENSG00000105656,19,18442663,p,19p
ENSG00000183258,5,177511569,q,5q
ENSG00000132530,17,6755377,p,17p
ENSG00000163608,3,113002444,q,3q
ENSG00000138131,10,98247690,q,10q
ENSG00000076641,8,80967810,q,8q
ENSG00000129991,19,55151767,q,19q
ENSG00000225556,1,151837818,q,1q
ENSG00000116649,1,11054584,p,1p
ENSG00000142655,1,10472288,p,1p
ENSG00000168077,8,27633414,p,8p
ENSG00000172731,10,70298970,q,10q
ENSG00000171747,19,38801671,q,19q
ENSG00000126822,14,64704102,q,14q
ENSG00000173890,3,170037451,q,3q
ENSG00000006025,17,47807367,q,17q
ENSG00000116288,1,7954264,p,1p
ENSG00000165886,10,97498913,q,10q
ENSG00000065308,6,52497408,p,6p
ENSG00000107863,10,24583609,p,10p
ENSG00000104472,8,140511311,q,8q
ENSG00000215114,8,58411349,q,8q
ENSG00000120733,5,138352681,q,5q
ENSG00000087074,19,48872212,q,19q
ENSG00000158636,11,76444887,q,11q
ENSG00000145945,6,3849373,p,6p
ENSG00000130433,19,53991637,q,19q
ENSG00000092208,14,39114285,q,14q
ENSG00000047936,6,117287353,q,6q
ENSG00000140511,15,88877294,q,15q
ENSG00000196867,19,56538948,q,19q
ENSG00000197181,8,22275316,p,8p
ENSG00000140527,15,89690811,q,15q
ENSG00000142002,19,4674341,p,19p
ENSG00000121577,3,119636457,q,3q
ENSG00000099377,16,30985143,p,16p
ENSG00000145012,3,188152994,q,3q
ENSG00000161970,17,8377503,p,17p
ENSG00000146039,6,25753300,p,6p
ENSG00000242498,15,89895006,q,15q
ENSG00000128739,15,24823637,q,15q
ENSG00000174021,1,84498284,p,1p
ENSG00000136305,14,24305187,q,14q
ENSG00000162650,1,109483479,p,1p
ENSG00000169174,1,55039445,p,1p
ENSG00000060339,10,68721012,q,10q
ENSG00000132842,5,77991640,q,5q
ENSG00000140043,14,73851799,q,14q
ENSG00000180596,6,26086317,p,6p
ENSG00000072958,19,16197854,p,19p
ENSG00000119899,6,73593364,q,6q
ENSG00000168079,8,27869883,p,8p
ENSG00000189091,16,70523782,q,16q
ENSG00000060688,1,31259568,p,1p
ENSG00000118418,6,79200929,q,6q
ENSG00000076351,17,28394642,q,17q
ENSG00000085719,8,86514435,q,8q
ENSG00000054116,1,36136570,p,1p
ENSG00000175931,17,76389456,q,17q
ENSG00000158186,3,138347648,q,3q
ENSG00000134215,1,107571161,p,1p
ENSG00000067225,15,72199026,q,15q
ENSG00000167107,17,50426158,q,17q
ENSG00000188747,9,137423350,q,9q
ENSG00000082805,12,989998,p,12p
ENSG00000100926,14,24189140,q,14q
ENSG00000122194,6,160702105,q,6q
ENSG00000187288,3,9866710,p,3p
ENSG00000249115,19,35612735,q,19q
ENSG00000143373,1,151281502,q,1q
ENSG00000255587,6,36697826,p,6p
ENSG00000188001,3,188947214,q,3q
ENSG00000135334,6,87674860,q,6q
ENSG00000027697,6,137197483,q,6q
ENSG00000156414,14,103928456,q,14q
ENSG00000164904,5,126531200,q,5q
ENSG00000134250,1,119911553,p,1p
ENSG00000138380,2,202912214,q,2q
ENSG00000147912,9,37510892,p,9p
ENSG00000185697,8,66562175,q,8q
ENSG00000196961,19,49766990,q,19q
ENSG00000146151,6,55434368,p,6p
ENSG00000164053,3,48446710,p,3p
ENSG00000100744,14,96363452,q,14q
ENSG00000188833,9,137434362,q,9q
ENSG00000166181,11,43311955,p,11p
ENSG00000100604,14,92922630,q,14q
ENSG00000135469,12,56266846,q,12q
ENSG00000183831,1,173608336,q,1q
ENSG00000116161,1,174999163,q,1q
ENSG00000167772,19,8363223,p,19p
ENSG00000186577,6,34246381,p,6p
ENSG00000189046,12,109088188,q,12q
ENSG00000163297,4,79901146,q,4q
ENSG00000105397,19,10350528,p,19p
ENSG00000187796,9,136363956,q,9q
ENSG00000118200,1,200738893,q,1q
ENSG00000168546,8,21690398,p,8p
ENSG00000161800,12,49976923,q,12q
ENSG00000103248,16,86530178,q,16q
ENSG00000183624,3,129278441,q,3q
ENSG00000143742,1,225777699,q,1q
ENSG00000171714,11,21782659,p,11p
ENSG00000147655,8,107899316,q,8q
ENSG00000181773,1,27392622,p,1p
ENSG00000067533,1,218285290,q,1q
ENSG00000143633,1,231223763,q,1q
ENSG00000066855,8,65644684,q,8q
ENSG00000132600,16,68310916,q,16q
ENSG00000063660,2,240435636,q,2q
ENSG00000136457,17,50464496,q,17q
ENSG00000090432,1,20499445,p,1p
ENSG00000166263,17,54968727,q,17q
ENSG00000203667,1,244835616,q,1q
ENSG00000100519,14,52707156,q,14q
ENSG00000105711,19,35030447,q,19q
ENSG00000162408,1,6521347,p,1p
ENSG00000118961,2,20684014,p,2p
ENSG00000010361,19,49806866,q,19q
ENSG00000106692,9,105558122,q,9q
ENSG00000151576,3,114005833,q,3q
ENSG00000162585,1,2184461,p,1p
ENSG00000113272,5,157731412,q,5q
ENSG00000108654,17,64498254,q,17q
ENSG00000175356,11,9019476,p,11p
ENSG00000156030,14,73715122,q,14q
ENSG00000160949,8,144428767,q,8q
ENSG00000153832,2,229922302,q,2q
ENSG00000189045,5,75611182,q,5q
ENSG00000115290,2,164492417,q,2q
ENSG00000140859,16,57755668,q,16q
ENSG00000107951,10,30309801,p,10p
ENSG00000168398,14,96204526,q,14q
ENSG00000155903,3,141486967,q,3q
ENSG00000215788,1,6460786,p,1p
ENSG00000113282,5,157785743,q,5q
ENSG00000197616,14,23381576,q,14q
ENSG00000104375,8,98371228,q,8q
ENSG00000164039,4,103077592,q,4q
ENSG00000107897,10,27168135,p,10p
ENSG00000076003,2,135839626,q,2q
ENSG00000167641,19,38251237,q,19q
ENSG00000160408,9,127885321,q,9q
ENSG00000170909,19,54094668,q,19q
ENSG00000145191,3,184135038,q,3q
ENSG00000137218,6,41770174,p,6p
ENSG00000205133,8,92883530,q,8q
ENSG00000057663,6,106045423,q,6q
ENSG00000105559,19,48837091,q,19q
ENSG00000171533,11,75586916,q,11q
ENSG00000121989,2,147844378,q,2q
ENSG00000138686,4,121824329,q,4q
ENSG00000070081,11,17208072,p,11p
ENSG00000136813,9,111360685,q,9q
ENSG00000051596,5,175916677,q,5q
ENSG00000047056,10,1049265,p,10p
ENSG00000120820,12,103988612,q,12q
ENSG00000117118,1,17018664,p,1p
ENSG00000198515,4,47935128,p,4p
ENSG00000239382,19,36009120,q,19q
ENSG00000145725,5,103120149,q,5q
ENSG00000103811,15,78921058,q,15q
ENSG00000230062,6,46746933,p,6p
ENSG00000136021,12,100266830,q,12q
ENSG00000068615,2,86213993,p,2p
ENSG00000112406,6,139135080,q,6q
ENSG00000072858,3,113532400,q,3q
ENSG00000137166,6,41546363,p,6p
ENSG00000157796,4,39182494,p,4p
ENSG00000011260,17,51260491,q,17q
ENSG00000081870,1,53916574,p,1p
ENSG00000169813,10,43385617,q,10q
ENSG00000187147,1,44405185,p,1p
ENSG00000134294,12,46358185,q,12q
ENSG00000163466,2,218216630,q,2q
ENSG00000171017,19,7888500,p,19p
ENSG00000118849,3,158696892,q,3q
ENSG00000105576,19,12699201,p,19p
ENSG00000182676,17,81833488,q,17q
ENSG00000204590,6,30541381,p,6p
ENSG00000114113,3,139452884,q,3q
ENSG00000070731,17,76565377,q,17q
ENSG00000073803,3,185282941,q,3q
ENSG00000109390,4,139266880,q,4q
ENSG00000165637,10,75209983,q,10q
ENSG00000197702,11,12377482,p,11p
ENSG00000103507,16,31106107,p,16p
ENSG00000120963,8,101177720,q,8q
ENSG00000198700,1,201829104,q,1q
ENSG00000136444,17,50478820,q,17q
ENSG00000157693,9,114611206,q,9q
ENSG00000179335,15,74598500,q,15q
ENSG00000108828,17,43010692,q,17q
ENSG00000120162,9,27325209,p,9p
ENSG00000198471,3,187698259,q,3q
ENSG00000100505,14,50975261,q,14q
ENSG00000187109,12,76032987,q,12q
ENSG00000165495,11,125164537,q,11q
ENSG00000180537,6,13924446,p,6p
ENSG00000066697,9,100426693,q,9q
ENSG00000154945,17,50693198,q,17q
ENSG00000104442,8,65602456,q,8q
ENSG00000204315,6,32128697,p,6p
ENSG00000136828,9,126914774,q,9q
ENSG00000178425,6,116100837,q,6q
ENSG00000100628,14,93933783,q,14q
ENSG00000178038,3,46668994,p,3p
ENSG00000164125,4,158124474,q,4q
ENSG00000124785,6,5997999,p,6p
ENSG00000204427,6,31686954,p,6p
ENSG00000144136,2,112645854,q,2q
ENSG00000109814,4,39498755,p,4p
ENSG00000110697,11,67491760,q,11q
ENSG00000129691,8,38105493,p,8p
ENSG00000108509,17,4967992,p,17p
ENSG00000143412,1,150981321,q,1q
ENSG00000119431,9,113373417,q,9q
ENSG00000160539,9,131289459,q,9q
ENSG00000187741,16,89726683,q,16q
ENSG00000140455,15,63504501,q,15q
ENSG00000157657,9,113876052,q,9q
ENSG00000115556,2,218607855,q,2q
ENSG00000167491,19,19385638,p,19p
ENSG00000173376,4,121033326,q,4q
ENSG00000171729,1,15152498,p,1p
ENSG00000164609,5,160401641,q,5q
ENSG00000163624,4,84582879,q,4q
ENSG00000116586,1,156054738,q,1q
ENSG00000142405,19,53792139,q,19q
ENSG00000143772,1,226631688,q,1q
ENSG00000166257,11,123629187,q,11q
ENSG00000188389,2,241849884,q,2q
ENSG00000168488,16,28822999,p,16p
ENSG00000041982,9,115019575,q,9q
ENSG00000174371,1,241847967,q,1q
ENSG00000182578,5,150053291,q,5q
ENSG00000071205,4,147731922,q,4q
ENSG00000178814,8,144051265,q,8q
ENSG00000165912,11,47177520,p,11p
ENSG00000011600,19,35904401,q,19q
ENSG00000114948,2,206443498,q,2q
ENSG00000105289,19,3708356,p,19p
ENSG00000140092,14,91869410,q,14q
ENSG00000042286,10,70097053,q,10q
ENSG00000179604,17,73283624,q,17q
ENSG00000017260,3,130850511,q,3q
ENSG00000153294,6,47685864,p,6p
ENSG00000135778,1,232950564,q,1q
ENSG00000156642,15,73560003,q,15q
ENSG00000161896,6,33721315,p,6p
ENSG00000160094,1,33256359,p,1p
ENSG00000134057,5,69167004,q,5q
ENSG00000143320,1,156699597,q,1q
ENSG00000148690,10,93667883,q,10q
ENSG00000168653,1,39026318,p,1p
ENSG00000112078,6,36442767,p,6p
ENSG00000178974,14,55271344,q,14q
ENSG00000104081,15,40087889,q,15q
ENSG00000075413,14,103385361,q,14q
ENSG00000175592,11,65892049,q,11q
ENSG00000142945,1,44739817,p,1p
ENSG00000196531,12,56712305,q,12q
ENSG00000166250,11,123069853,q,11q
ENSG00000103496,16,31032889,p,16p
ENSG00000166825,15,89784875,q,15q
ENSG00000198939,5,178895889,q,5q
ENSG00000160613,11,117204337,q,11q
ENSG00000120709,5,138331935,q,5q
ENSG00000165806,10,113679162,q,10q
ENSG00000109738,4,157076100,q,4q
ENSG00000132837,5,78996974,q,5q
ENSG00000089356,19,35115521,q,19q
ENSG00000186648,14,24052009,q,14q
ENSG00000158805,16,89720400,q,16q
ENSG00000151834,4,46243548,p,4p
ENSG00000137776,15,58879049,q,15q
ENSG00000159921,9,36214441,p,9p
ENSG00000096717,10,67884656,q,10q
ENSG00000188488,14,94561442,q,14q
ENSG00000164576,5,154445997,q,5q
ENSG00000130349,6,107028184,q,6q
ENSG00000160957,8,144511288,q,8q
ENSG00000161013,5,179797597,q,5q
ENSG00000005194,16,57428177,q,16q
ENSG00000112773,6,81491439,q,6q
ENSG00000170915,6,52361421,p,6p
ENSG00000153234,2,156324432,q,2q
ENSG00000183137,6,109095105,q,6q
ENSG00000138286,10,73168119,q,10q
ENSG00000139998,14,64945814,q,14q
ENSG00000107147,9,135702185,q,9q
ENSG00000179051,1,17406755,p,1p
ENSG00000111275,12,111766887,q,12q
ENSG00000109184,4,51843000,q,4q
ENSG00000108669,17,78674048,q,17q
ENSG00000081177,14,69191498,q,14q
ENSG00000151376,11,86438751,q,11q
ENSG00000122378,10,80406443,q,10q
ENSG00000147465,8,38141747,p,8p
ENSG00000129292,8,132775311,q,8q
ENSG00000135373,11,34617044,p,11p
ENSG00000167117,17,50760971,q,17q
ENSG00000073712,14,52857267,q,14q
ENSG00000134516,5,169637249,q,5q
ENSG00000103160,16,84122141,q,16q
ENSG00000168610,17,42313324,q,17q
ENSG00000119285,1,236549005,q,1q
ENSG00000118898,16,4882507,p,16p
ENSG00000074966,4,48063158,p,4p
ENSG00000237489,10,130020025,q,10q
ENSG00000103932,15,41517176,q,15q
ENSG00000148795,10,102830461,q,10q
ENSG00000155744,2,200973718,q,2q
ENSG00000156219,4,76011184,q,4q
ENSG00000112419,6,143536845,q,6q
ENSG00000168872,16,70346861,q,16q
ENSG00000104331,8,56957931,q,8q
ENSG00000163362,1,200891003,q,1q
ENSG00000142552,19,49526534,q,19q
ENSG00000138207,10,93590170,q,10q
ENSG00000104529,8,143579697,q,8q
ENSG00000213585,5,133971871,q,5q
ENSG00000142252,19,45075575,q,19q
ENSG00000156110,10,74151191,q,10q
ENSG00000092051,14,23568038,q,14q
ENSG00000143398,1,151197949,q,1q
ENSG00000179218,19,12938578,p,19p
ENSG00000153179,12,64507001,q,12q
ENSG00000166669,16,10326434,p,16p
ENSG00000183208,15,90233471,q,15q
ENSG00000129170,11,19176519,p,11p
ENSG00000070367,14,57200507,q,14q
ENSG00000137814,15,42548828,q,15q
ENSG00000121361,12,21764950,p,12p
ENSG00000107959,10,3137728,p,10p
ENSG00000172572,12,20368537,p,12p
ENSG00000064547,19,19623639,p,19p
ENSG00000185043,15,90229975,q,15q
ENSG00000213694,9,88990863,q,9q
ENSG00000198925,2,219219380,q,2q
ENSG00000119314,9,112215071,q,9q
ENSG00000091039,12,76351797,q,12q
ENSG00000205363,15,73735441,q,15q
ENSG00000137269,6,53794497,p,6p
ENSG00000137648,11,118077012,q,11q
ENSG00000114062,15,25333728,q,15q
ENSG00000113384,5,32124712,p,5p
ENSG00000100433,14,88180103,q,14q
ENSG00000204616,6,30102886,p,6p
ENSG00000040275,5,169583632,q,5q
ENSG00000167608,19,54160095,q,19q
ENSG00000179044,16,67184314,q,16q
ENSG00000119684,14,75013769,q,14q
ENSG00000163281,4,44682200,p,4p
ENSG00000112562,6,168440656,q,6q
ENSG00000159674,4,1166932,p,4p
ENSG00000107758,10,73436418,q,10q
ENSG00000138777,4,105369077,q,4q
ENSG00000146070,6,46704201,p,6p
ENSG00000080298,9,3218297,p,9p
ENSG00000145675,5,68215740,q,5q
ENSG00000112312,6,24774892,p,6p
ENSG00000156858,16,30650717,p,16p
ENSG00000151338,14,37197891,q,14q
ENSG00000173218,1,115641854,p,1p
ENSG00000169181,16,27787526,p,16p
ENSG00000165030,9,91408748,q,9q
ENSG00000165406,10,45454585,q,10q
ENSG00000148090,9,91213815,q,9q
ENSG00000143033,1,93079235,p,1p
ENSG00000005206,19,2328613,p,19p
ENSG00000051108,16,56930815,q,16q
ENSG00000164465,6,117453817,q,6q
ENSG00000092108,14,30622291,q,14q
ENSG00000173599,11,66848208,q,11q
ENSG00000135679,12,68808175,q,12q
ENSG00000062650,10,86435256,q,10q
ENSG00000197070,9,137605619,q,9q
ENSG00000135299,6,89433119,q,6q
ENSG00000171476,4,56647989,q,4q
ENSG00000165929,14,91779746,q,14q
ENSG00000137124,9,38392623,p,9p
ENSG00000128908,15,40978880,q,15q
ENSG00000165280,9,35053928,p,9p
ENSG00000072840,4,5711201,p,4p
ENSG00000157349,16,70289663,q,16q
ENSG00000116584,1,155946851,q,1q
ENSG00000160867,5,177086456,q,5q
ENSG00000105321,19,47255980,q,19q
ENSG00000075884,2,143091362,q,2q
ENSG00000198948,4,169986597,q,4q
ENSG00000164169,4,147635654,q,4q
ENSG00000079805,19,10717974,p,19p
ENSG00000169814,3,15601341,p,3p
ENSG00000145241,4,67468762,q,4q
ENSG00000165626,10,13438484,p,10p
ENSG00000115750,2,9843443,p,2p
ENSG00000258818,14,20682598,q,14q
ENSG00000198894,14,77098126,q,14q
ENSG00000168497,2,191834305,q,2q
ENSG00000171224,10,69630241,q,10q
ENSG00000144224,2,135741631,q,2q
ENSG00000196663,14,102362941,q,14q
ENSG00000165887,10,97572499,q,10q
ENSG00000091490,4,25747433,p,4p
ENSG00000168904,15,99250937,q,15q
ENSG00000188690,10,125784980,q,10q
ENSG00000162402,1,55066359,p,1p
ENSG00000154175,3,100749155,q,3q
ENSG00000197776,14,49693105,q,14q
ENSG00000166965,15,90954825,q,15q
ENSG00000165521,14,88612240,q,14q
ENSG00000177868,1,42807040,p,1p
ENSG00000115677,2,241227264,q,2q
ENSG00000166589,16,66908122,q,16q
ENSG00000197614,12,8637346,p,12p
ENSG00000188807,1,9588721,p,1p
ENSG00000138778,4,103105349,q,4q
ENSG00000104980,19,7926718,p,19p
ENSG00000107201,9,32455302,p,9p
ENSG00000185880,15,44728988,q,15q
ENSG00000116954,1,38838198,p,1p
ENSG00000231852,6,32038298,p,6p
ENSG00000100802,14,22985894,q,14q
ENSG00000197587,1,46489822,p,1p
ENSG00000116874,1,119030284,p,1p
ENSG00000137693,11,102110099,q,11q
ENSG00000010165,1,171781660,q,1q
ENSG00000128973,15,68206992,q,15q
ENSG00000181035,19,19061697,p,19p
ENSG00000142494,17,19495385,p,17p
ENSG00000185988,19,1508023,p,19p
ENSG00000174718,12,31959370,p,12p
ENSG00000164978,9,34329506,p,9p
ENSG00000118193,1,200551497,q,1q
ENSG00000118369,11,78188812,q,11q
ENSG00000117906,15,76931738,q,15q
ENSG00000163874,1,37474496,p,1p
ENSG00000136891,9,100302072,q,9q
ENSG00000133265,19,55262219,q,19q
ENSG00000004139,17,28364356,q,17q
ENSG00000240563,1,62194257,p,1p
ENSG00000010295,12,6538961,p,12p
ENSG00000156136,4,70992538,q,4q
ENSG00000173020,11,67266391,q,11q
ENSG00000140553,15,90930180,q,15q
ENSG00000162624,1,75128434,p,1p
ENSG00000167900,17,78172780,q,17q
ENSG00000165533,14,88824153,q,14q
ENSG00000160075,1,1541673,p,1p
ENSG00000164118,4,174283295,q,4q
ENSG00000112305,6,70667776,q,6q
ENSG00000129347,19,10553085,p,19p
ENSG00000116251,1,6185020,p,1p
ENSG00000179593,17,8039011,p,17p
ENSG00000123352,12,49366240,q,12q
ENSG00000177674,1,11736084,p,1p
ENSG00000012779,10,45374150,q,10q
ENSG00000137074,9,32886601,p,9p
ENSG00000065882,4,37890836,p,4p
ENSG00000105355,19,4838339,p,19p
ENSG00000030582,17,44345108,q,17q
ENSG00000175756,1,1373729,p,1p
ENSG00000204463,6,31638544,p,6p
ENSG00000167207,16,50693217,q,16q
ENSG00000187097,14,73958010,q,14q
ENSG00000117751,1,27830782,p,1p
ENSG00000090857,16,70114246,q,16q
ENSG00000174915,11,448268,p,11p
ENSG00000105523,19,48599961,q,19q
ENSG00000132485,1,71063251,p,1p
ENSG00000070423,19,647526,p,19p
ENSG00000168000,11,62689289,q,11q
ENSG00000167202,15,77984036,q,15q
ENSG00000138279,10,73375101,q,10q
ENSG00000127329,12,70515870,q,12q
ENSG00000141012,16,88813733,q,16q
ENSG00000121454,1,180230188,q,1q
ENSG00000177469,17,42402449,q,17q
ENSG00000196365,19,5691834,p,19p
ENSG00000087157,17,78378637,q,17q
ENSG00000132122,1,48295373,p,1p
ENSG00000110768,11,18322276,p,11p
ENSG00000066933,15,71822291,q,15q
ENSG00000119514,9,98807613,q,9q
ENSG00000197562,16,589007,p,16p
ENSG00000167280,17,79074824,q,17q
ENSG00000122481,1,95234189,p,1p
ENSG00000165272,9,33441156,p,9p
ENSG00000137055,9,26903372,p,9p
ENSG00000143543,1,153974269,q,1q
ENSG00000090861,16,70251983,q,16q
ENSG00000267060,17,42968088,q,17q
ENSG00000131188,5,177446445,q,5q
ENSG00000145780,5,115520908,q,5q
ENSG00000204764,5,170861870,q,5q
ENSG00000162188,11,62706400,q,11q
ENSG00000083290,17,19770829,p,17p
ENSG00000166477,15,51938025,q,15q
ENSG00000116771,1,15571699,p,1p
ENSG00000184545,11,1554051,p,11p
ENSG00000117419,1,44221070,p,1p
ENSG00000182919,11,93741570,q,11q
ENSG00000182718,15,60347134,q,15q
ENSG00000107331,9,137007234,q,9q
ENSG00000154277,4,41256413,p,4p
ENSG00000100722,14,88562948,q,14q
ENSG00000162601,1,58643440,p,1p
ENSG00000136436,17,48830971,q,17q
ENSG00000143858,1,202590596,q,1q
ENSG00000127946,7,75533298,q,7q
ENSG00000273274,1,32465050,p,1p
ENSG00000196754,1,153560950,q,1q
ENSG00000135040,9,85941002,q,9q
ENSG00000151881,5,43444252,p,5p
ENSG00000213281,1,114704469,p,1p
ENSG00000187094,3,42257823,p,3p
ENSG00000197561,19,850951,p,19p
ENSG00000164076,3,49857214,p,3p
ENSG00000145332,4,87159981,q,4q
ENSG00000154380,1,225486765,q,1q
ENSG00000129968,19,1876810,p,19p
ENSG00000067248,5,55256055,q,5q
ENSG00000002016,12,910870,p,12p
ENSG00000008256,7,6161776,p,7p
ENSG00000203867,10,110643948,q,10q
ENSG00000159069,9,136940435,q,9q
ENSG00000099821,19,617168,p,19p
ENSG00000065618,10,104030753,q,10q
ENSG00000105928,7,24698355,p,7p
ENSG00000175287,9,128920966,q,9q
ENSG00000010256,3,48599002,p,3p
ENSG00000105792,7,90245161,q,7q
ENSG00000145715,5,87267778,q,5q
ENSG00000169435,4,73571550,q,4q
ENSG00000116830,1,117060294,p,1p
ENSG00000103043,16,70687439,q,16q
ENSG00000012048,17,43044292,q,17q
ENSG00000166888,12,57095404,q,12q
ENSG00000158092,3,136862177,q,3q
ENSG00000132406,4,4235541,p,4p
ENSG00000197993,7,142941114,q,7q
ENSG00000163349,1,113929324,p,1p
ENSG00000138670,4,81426393,q,4q
ENSG00000140740,16,21952636,p,16p
ENSG00000114698,3,146192335,q,3q
ENSG00000150760,10,126905397,q,10q
ENSG00000205903,7,6637298,p,7p
ENSG00000219545,7,7640661,p,7p
ENSG00000172262,5,43065176,p,5p
ENSG00000106366,7,101122158,q,7q
ENSG00000145244,4,47593999,p,4p
ENSG00000198668,14,90396502,q,14q
ENSG00000165209,9,123109500,q,9q
ENSG00000222011,7,102748969,q,7q
ENSG00000166333,11,6603708,p,11p
ENSG00000183379,14,74405894,q,14q
ENSG00000092148,14,31100115,q,14q
ENSG00000134480,5,87318416,q,5q
ENSG00000128591,7,128830312,q,7q
ENSG00000018408,3,149517235,q,3q
ENSG00000151208,10,77790778,q,10q
ENSG00000264364,17,58082863,q,17q
ENSG00000131389,3,14402565,p,3p
ENSG00000141994,19,5784832,p,19p
ENSG00000151292,5,123512067,q,5q
ENSG00000072778,17,7217125,p,17p
ENSG00000117154,1,18107710,p,1p
ENSG00000159593,16,66802874,q,16q
ENSG00000266094,1,206507531,q,1q
ENSG00000116221,1,54184041,p,1p
ENSG00000099326,19,58561915,q,19q
ENSG00000059377,7,139777051,q,7q
ENSG00000162636,1,108560036,p,1p
ENSG00000070214,9,105244536,q,9q
ENSG00000188916,10,127135426,q,10q
ENSG00000110324,11,117986370,q,11q
ENSG00000163827,3,46515385,p,3p
ENSG00000148814,10,132332154,q,10q
ENSG00000065717,19,2997639,p,19p
ENSG00000008118,1,209583714,q,1q
ENSG00000110446,11,60937060,q,11q
ENSG00000169714,3,129167818,q,3q
ENSG00000167323,11,3854527,p,11p
ENSG00000123737,4,121801318,q,4q
ENSG00000171813,10,132397168,q,10q
ENSG00000092847,1,35869808,p,1p
ENSG00000108001,10,129835233,q,10q
ENSG00000106631,7,44138864,p,7p
ENSG00000266412,10,46005085,q,10q
ENSG00000110651,11,2376166,p,11p
ENSG00000165025,9,90801579,q,9q
ENSG00000146826,7,100154420,q,7q
ENSG00000104953,19,2977538,p,19p
ENSG00000172331,7,134646811,q,7q
ENSG00000134077,3,9362967,p,3p
ENSG00000105976,7,116672051,q,7q
ENSG00000151498,11,134253514,q,11q
ENSG00000066044,19,7958573,p,19p
ENSG00000118777,4,88090150,q,4q
ENSG00000146013,5,138252380,q,5q
ENSG00000072803,5,171861548,q,5q
ENSG00000144468,2,226835581,q,2q
ENSG00000105701,19,18531751,p,19p
ENSG00000174628,16,19716456,p,16p
ENSG00000075624,7,5526409,p,7p
ENSG00000186952,5,110289233,q,5q
ENSG00000166455,16,81053497,q,16q
ENSG00000150455,11,126282497,q,11q
ENSG00000168140,16,4371848,p,16p
ENSG00000186889,2,62500218,p,2p
ENSG00000145911,5,178113167,q,5q
ENSG00000167113,9,128322515,q,9q
ENSG00000070770,16,58157907,q,16q
ENSG00000166033,10,122458551,q,10q
ENSG00000013016,2,31233961,p,2p
ENSG00000145936,5,170374671,q,5q
ENSG00000198643,3,58633941,p,3p
ENSG00000175309,5,178207144,q,5q
ENSG00000080493,4,71062667,q,4q
ENSG00000137656,11,116748170,q,11q
ENSG00000134318,2,11179759,p,2p
ENSG00000107140,9,35605262,p,9p
ENSG00000166123,16,46882857,q,16q
ENSG00000110435,11,34915829,p,11p
ENSG00000023041,10,112424428,q,10q
ENSG00000141750,17,39210540,q,17q
ENSG00000106823,9,92493554,q,9q
ENSG00000105989,7,117275451,q,7q
ENSG00000111596,12,70243002,q,12q
ENSG00000171298,17,80101533,q,17q
ENSG00000005020,7,26667003,p,7p
ENSG00000198853,9,35489712,p,9p
ENSG00000161714,17,45108959,q,17q
ENSG00000167081,9,125746737,q,9q
ENSG00000160695,11,119067789,q,11q
ENSG00000135698,16,82147798,q,16q
ENSG00000181045,17,80219699,q,17q
ENSG00000095713,10,97865000,q,10q
ENSG00000115970,2,43230836,p,2p
ENSG00000103047,16,68843531,q,16q
ENSG00000130558,9,135075422,q,9q
ENSG00000001626,7,117287120,q,7q
ENSG00000172663,11,67461710,q,11q
ENSG00000106799,9,99104038,q,9q
ENSG00000134470,10,5943639,p,10p
ENSG00000157368,16,70579878,q,16q
ENSG00000127663,19,4969107,p,19p
ENSG00000186635,11,72683204,q,11q
ENSG00000196155,16,67277510,q,16q
ENSG00000164989,9,15552899,p,9p
ENSG00000103647,15,68578971,q,15q
ENSG00000166886,12,57089014,q,12q
ENSG00000168421,4,40191011,p,4p
ENSG00000173726,1,235109341,q,1q
ENSG00000136378,15,78759204,q,15q
ENSG00000081803,7,122318411,q,7q
ENSG00000024526,1,68474152,p,1p
ENSG00000135048,9,71683364,q,9q
ENSG00000175970,12,120710440,q,12q
ENSG00000184209,12,123458078,q,12q
ENSG00000198087,6,47477752,p,6p
ENSG00000085365,5,78360114,q,5q
ENSG00000061987,12,62466799,q,12q
ENSG00000243449,4,2040628,p,4p
ENSG00000152642,3,32105689,p,3p
ENSG00000168214,4,26163455,p,4p
ENSG00000155265,10,97849295,q,10q
ENSG00000107816,10,100996539,q,10q
ENSG00000152492,3,191329085,q,3q
ENSG00000143107,1,108712907,p,1p
ENSG00000039123,5,55307736,q,5q
ENSG00000103404,16,23061406,p,16p
ENSG00000163191,1,152032504,q,1q
ENSG00000160803,1,156035299,q,1q
ENSG00000103550,16,19701937,p,16p
ENSG00000071626,19,1407536,p,19p
ENSG00000005238,9,35104112,p,9p
ENSG00000168038,3,41246599,p,3p
ENSG00000148572,10,63133247,q,10q
ENSG00000146147,6,53929982,p,6p
ENSG00000085999,1,46246461,p,1p
ENSG00000166816,16,75111855,q,16q
ENSG00000148498,10,34109560,p,10p
ENSG00000127415,4,986997,p,4p
ENSG00000174992,16,29777882,p,16p
ENSG00000127241,3,187217282,q,3q
ENSG00000108342,17,40015361,q,17q
ENSG00000176678,16,86576340,q,16q
ENSG00000124508,6,26383092,p,6p
ENSG00000182473,17,76080995,q,17q
ENSG00000148339,9,128068169,q,9q
ENSG00000175130,1,32333827,p,1p
ENSG00000137463,4,139266165,q,4q
ENSG00000163875,1,37489993,p,1p
ENSG00000172340,3,67360460,p,3p
ENSG00000179820,19,53864763,q,19q
ENSG00000116205,1,54052867,p,1p
ENSG00000153266,3,62369681,p,3p
ENSG00000083223,9,86287725,q,9q
ENSG00000142751,1,26876132,p,1p
ENSG00000170271,5,154818492,q,5q
ENSG00000127540,19,1597154,p,19p
ENSG00000181555,3,47016428,p,3p
ENSG00000142937,1,44775251,p,1p
ENSG00000124302,19,33621942,q,19q
ENSG00000116209,1,54026681,p,1p
ENSG00000145217,4,979073,p,4p
ENSG00000174521,19,40216058,q,19q
ENSG00000151718,4,183099126,q,4q
ENSG00000094880,5,138187644,q,5q
ENSG00000132423,6,99369401,q,6q
ENSG00000103021,16,58231157,q,16q
ENSG00000185250,6,109390215,q,6q
ENSG00000131037,19,55072020,q,19q
ENSG00000178773,16,89575732,q,16q
ENSG00000136933,9,125200538,q,9q
ENSG00000067113,5,55424849,q,5q
ENSG00000090097,3,51957448,p,3p
ENSG00000130305,7,73302516,q,7q
ENSG00000013561,5,141958328,q,5q
ENSG00000253831,1,157092043,q,1q
ENSG00000137486,11,75260122,q,11q
ENSG00000102981,16,67660909,q,16q
ENSG00000029639,6,155256134,q,6q
ENSG00000143786,1,224434660,q,1q
ENSG00000197355,9,137077483,q,9q
ENSG00000125166,16,58707130,q,16q
ENSG00000111880,6,88609897,q,6q
ENSG00000146842,7,130164713,q,7q
ENSG00000183439,4,164954446,q,4q
ENSG00000176261,1,32600172,p,1p
ENSG00000134852,4,55427903,q,4q
ENSG00000119408,9,124257606,q,9q
ENSG00000121289,19,32875925,q,19q
ENSG00000163481,2,218663866,q,2q
ENSG00000105854,7,95404861,q,7q
ENSG00000146463,1,35268667,p,1p
ENSG00000124541,6,43021593,p,6p
ENSG00000153048,16,8852942,p,16p
ENSG00000198755,6,35468366,p,6p
ENSG00000176531,19,43473625,q,19q
ENSG00000146122,6,39792298,p,6p
ENSG00000171522,5,40679915,p,5p
ENSG00000141905,19,3314403,p,19p
ENSG00000120868,12,98645149,q,12q
ENSG00000119729,2,46541806,p,2p
ENSG00000079215,5,36596588,p,5p
ENSG00000138081,2,47789316,p,2p
ENSG00000196937,7,121347792,q,7q
ENSG00000148180,9,121201324,q,9q
ENSG00000175567,11,73974061,q,11q
ENSG00000108424,17,47649476,q,17q
ENSG00000116774,1,113979024,p,1p
ENSG00000137942,1,93448055,p,1p
ENSG00000006715,7,38722974,p,7p
ENSG00000141873,19,2732204,p,19p
ENSG00000143771,1,224356858,q,1q
ENSG00000014824,4,41990496,p,4p
ENSG00000104983,19,45995444,q,19q
ENSG00000166444,11,8693343,p,11p
ENSG00000115211,2,27363420,p,2p
ENSG00000159377,1,151399556,q,1q
ENSG00000113312,5,160009100,q,5q
ENSG00000153786,16,84974175,q,16q
ENSG00000243649,6,31945650,p,6p
ENSG00000127125,1,42456117,p,1p
ENSG00000132763,1,45500300,p,1p
ENSG00000112874,5,103548855,q,5q
ENSG00000149923,16,30075967,p,16p
ENSG00000143748,1,224227334,q,1q
ENSG00000141569,17,75880335,q,17q
ENSG00000112981,5,138115169,q,5q
ENSG00000126247,19,36139953,q,19q
ENSG00000145506,5,1008021,p,5p
ENSG00000180329,17,44673069,q,17q
ENSG00000109790,4,39044721,p,4p
ENSG00000141698,17,41825057,q,17q
ENSG00000128050,4,56435058,q,4q
ENSG00000198624,5,151181052,q,5q
ENSG00000124615,6,39899578,p,6p
ENSG00000164587,5,150442635,q,5q
ENSG00000104863,19,49114324,q,19q
ENSG00000122566,7,26171151,p,7p
ENSG00000103056,16,68358327,q,16q
ENSG00000126561,17,42287547,q,17q
ENSG00000143106,1,109399042,p,1p
ENSG00000169247,5,148923639,q,5q
ENSG00000104812,19,48968125,q,19q
ENSG00000038210,4,25160663,p,4p
ENSG00000204227,6,33208491,p,6p
ENSG00000163586,2,88122982,p,2p
ENSG00000122406,1,92831990,p,1p
ENSG00000168743,4,105894775,q,4q
ENSG00000112343,6,25962777,p,6p
ENSG00000178226,16,31138926,p,16p
ENSG00000171604,5,139646375,q,5q
ENSG00000204351,6,31959116,p,6p
ENSG00000111670,12,101745486,q,12q
ENSG00000126453,19,49664622,q,19q
ENSG00000053372,1,19251796,p,1p
ENSG00000168385,2,241314923,q,2q
ENSG00000103429,16,14632830,p,16p
ENSG00000154122,5,14704800,p,5p
ENSG00000123094,12,25958068,p,12p
ENSG00000084636,1,31652260,p,1p
ENSG00000150753,5,10249929,p,5p
ENSG00000140968,16,85899116,q,16q
ENSG00000205403,4,109731008,q,4q
ENSG00000023697,12,15911284,p,12p
ENSG00000052802,4,165327667,q,4q
ENSG00000105290,19,35867899,q,19q
ENSG00000214941,17,15976560,p,17p
ENSG00000163738,4,74114174,q,4q
ENSG00000135473,12,56316223,q,12q
ENSG00000163703,3,9933793,p,3p
ENSG00000168818,4,4415742,p,4p
ENSG00000153132,4,140387952,q,4q
ENSG00000134690,1,37692481,p,1p
ENSG00000168824,4,4348140,p,4p
ENSG00000164330,5,158695920,q,5q
ENSG00000198793,1,11106531,p,1p
ENSG00000251258,6,112347330,q,6q
ENSG00000010017,6,13621498,p,6p
ENSG00000145331,4,99546709,q,4q
ENSG00000112237,6,99542387,q,6q
ENSG00000138678,4,83535619,q,4q
ENSG00000104907,19,13104899,p,19p
ENSG00000169762,4,16160505,p,4p
ENSG00000005844,16,30472658,p,16p
ENSG00000087266,4,2793020,p,4p
ENSG00000106415,7,7968796,p,7p
ENSG00000248487,3,51971426,p,3p
ENSG00000166024,10,98134608,q,10q
ENSG00000042753,19,46838136,q,19q
ENSG00000144895,3,150546678,q,3q
ENSG00000181444,7,149764175,q,7q
ENSG00000127526,19,16549831,p,19p
ENSG00000261857,19,40768997,q,19q
ENSG00000135454,12,57623409,q,12q
ENSG00000132589,17,28879335,q,17q
ENSG00000197050,19,37007823,q,19q
ENSG00000157954,7,5190182,p,7p
ENSG00000103355,16,2783926,p,16p
ENSG00000177551,1,115836377,p,1p
ENSG00000077152,1,202328714,q,1q
ENSG00000140854,16,57735669,q,16q
ENSG00000089876,10,125836337,q,10q
ENSG00000114631,3,127629143,q,3q
ENSG00000110888,12,30709512,p,12p
ENSG00000163520,3,13549073,p,3p
ENSG00000122359,10,80150889,q,10q
ENSG00000138814,4,101023409,q,4q
ENSG00000197256,19,11164267,p,19p
ENSG00000127980,7,92487020,q,7q
ENSG00000086205,11,49145092,p,11p
ENSG00000171962,17,17972813,p,17p
ENSG00000081019,1,113761832,p,1p
ENSG00000186439,6,123215088,q,6q
ENSG00000163285,4,46035769,p,4p
ENSG00000142669,1,26280057,p,1p
ENSG00000164116,4,155666707,q,4q
ENSG00000117724,1,214603172,q,1q
ENSG00000117614,1,25222276,p,1p
ENSG00000266472,1,150293854,q,1q
ENSG00000104892,19,45333434,q,19q
ENSG00000121578,3,119211628,q,3q
ENSG00000164008,1,42767245,p,1p
ENSG00000169221,16,30357102,p,16p
ENSG00000117500,1,93149742,p,1p
ENSG00000117697,1,212726153,q,1q
ENSG00000224470,16,71808439,q,16q
ENSG00000167977,16,2682521,p,16p
ENSG00000170889,19,54200484,q,19q
ENSG00000117748,1,27891524,p,1p
ENSG00000005189,16,20806157,p,16p
ENSG00000182255,11,30009552,p,11p
ENSG00000110367,11,118747763,q,11q
ENSG00000161682,17,44353215,q,17q
ENSG00000143476,1,212035553,q,1q
ENSG00000239697,17,7548508,p,17p
ENSG00000164494,6,107152556,q,6q
ENSG00000167705,17,1646143,p,17p
ENSG00000111877,6,118813442,q,6q
ENSG00000002834,17,38869185,q,17q
ENSG00000105568,19,52170936,q,19q
ENSG00000135315,6,84124241,q,6q
ENSG00000108953,17,1344275,p,17p
ENSG00000134369,1,201538982,q,1q
ENSG00000103313,16,3240392,p,16p
ENSG00000073969,17,46590669,q,17q
ENSG00000001561,6,46129964,p,6p
ENSG00000204371,6,31879758,p,6p
ENSG00000149090,11,35431823,p,11p
ENSG00000160796,3,46979666,p,3p
ENSG00000130313,19,17511620,p,19p
ENSG00000060566,19,4153621,p,19p
ENSG00000159720,16,67438005,q,16q
ENSG00000162851,1,246540561,q,1q
ENSG00000145335,4,89700345,q,4q
ENSG00000149541,11,62615296,q,11q
ENSG00000197785,1,1512147,p,1p
ENSG00000059573,10,95605937,q,10q
ENSG00000129757,11,2883213,p,11p
ENSG00000093167,3,37052626,p,3p
ENSG00000164880,7,1470276,p,7p
ENSG00000110075,11,68460475,q,11q
ENSG00000103148,16,83205,p,16p
ENSG00000108602,17,19737984,p,17p
ENSG00000104824,19,38836370,q,19q
ENSG00000092621,1,119648411,p,1p
ENSG00000150593,10,110871795,q,10q
ENSG00000151694,2,9488486,p,2p
ENSG00000104835,19,38915266,q,19q
ENSG00000171345,17,41523613,q,17q
ENSG00000168538,4,183659267,q,4q
ENSG00000182173,17,75515944,q,17q
ENSG00000176788,5,17065598,p,5p
ENSG00000178175,5,72439903,q,5q
ENSG00000122008,5,75511782,q,5q
ENSG00000184922,17,45220736,q,17q
ENSG00000143158,1,167916675,q,1q
ENSG00000106392,7,7156934,p,7p
ENSG00000179134,19,39342421,q,19q
ENSG00000168283,10,22321078,p,10p
ENSG00000156076,12,65050626,q,12q
ENSG00000115446,2,98608434,q,2q
ENSG00000174567,1,204198158,q,1q
ENSG00000142541,19,49487510,q,19q
ENSG00000145293,4,82430589,q,4q
ENSG00000157216,1,54225432,p,1p
ENSG00000128059,4,56393362,q,4q
ENSG00000141232,17,50862223,q,17q
ENSG00000127314,12,68610410,q,12q
ENSG00000188895,17,40121971,q,17q
ENSG00000138002,2,27444377,p,2p
ENSG00000183018,17,4498850,p,17p
ENSG00000099785,19,8411460,p,19p
ENSG00000145864,5,161288429,q,5q
ENSG00000105967,7,115935148,q,7q
ENSG00000177302,17,18271428,p,17p
ENSG00000189409,1,1631665,p,1p
ENSG00000170502,4,87422573,q,4q
ENSG00000170430,10,129466679,q,10q
ENSG00000095066,19,12762640,p,19p
ENSG00000164463,5,173056352,q,5q
ENSG00000103091,16,74871362,q,16q
ENSG00000112039,6,35452318,p,6p
ENSG00000180817,10,70202831,q,10q
ENSG00000137960,1,77979542,p,1p
ENSG00000162373,1,48727519,p,1p
ENSG00000270647,17,35809481,q,17q
ENSG00000179085,1,155139886,q,1q
ENSG00000069275,1,205712822,q,1q
ENSG00000169026,4,681824,p,4p
ENSG00000112290,6,110099817,q,6q
ENSG00000146592,7,28299321,p,7p
ENSG00000105063,19,55229776,q,19q
ENSG00000125347,5,132440440,q,5q
ENSG00000162512,1,30869466,p,1p
ENSG00000214413,10,110898730,q,10q
ENSG00000058453,1,16740273,p,1p
ENSG00000132434,7,55365337,p,7p
ENSG00000109180,4,48805141,p,4p
ENSG00000067057,10,3066333,p,10p
ENSG00000029725,17,5282259,p,17p
ENSG00000131653,16,2155692,p,16p
ENSG00000160991,7,102433106,q,7q
ENSG00000070614,5,150485648,q,5q
ENSG00000169919,7,65960677,q,7q
ENSG00000117505,1,93345907,p,1p
ENSG00000064703,1,111754832,p,1p
ENSG00000170162,6,117265558,q,6q
ENSG00000198563,6,31530218,p,6p
ENSG00000145687,5,81412804,q,5q
ENSG00000000460,1,169662007,q,1q
ENSG00000095739,10,28677510,p,10p
ENSG00000115170,2,157736249,q,2q
ENSG00000175395,10,37949573,p,10p
ENSG00000197430,10,96343216,q,10q
ENSG00000154678,7,31751179,p,7p
ENSG00000167720,17,2303383,p,17p
ENSG00000078114,10,20779973,p,10p
ENSG00000166685,17,73193038,q,17q
ENSG00000185361,19,4639511,p,19p
ENSG00000158717,16,88696495,q,16q
ENSG00000142694,1,36322030,p,1p
ENSG00000167721,17,2322392,p,17p
ENSG00000167967,16,2223440,p,16p
ENSG00000139192,12,6451690,p,12p
ENSG00000119979,10,119104086,q,10q
ENSG00000167543,17,29566052,q,17q
ENSG00000139531,12,55996855,q,12q
ENSG00000148832,10,133379246,q,10q
ENSG00000104870,19,49506806,q,19q
ENSG00000055483,17,78787381,q,17q
ENSG00000074582,2,218658764,q,2q
ENSG00000198964,10,50305586,q,10q
ENSG00000171806,1,169792529,q,1q
ENSG00000162814,1,217631324,q,1q
ENSG00000007516,16,1333638,p,16p
ENSG00000134744,1,52408282,p,1p
ENSG00000048540,12,16548148,p,12p
ENSG00000030110,6,33572547,p,6p
ENSG00000126522,7,66075800,q,7q
ENSG00000157637,17,81244811,q,17q
ENSG00000204936,19,43353686,q,19q
ENSG00000137309,6,34235618,p,6p
ENSG00000136770,10,21756538,p,10p
ENSG00000119559,19,1461143,p,19p
ENSG00000111684,12,6976176,p,12p
ENSG00000117602,1,24502340,p,1p
ENSG00000181027,19,46746046,q,19q
ENSG00000107521,10,98410939,q,10q
ENSG00000131508,5,139526431,q,5q
ENSG00000132773,1,45340012,p,1p
ENSG00000174130,4,38822897,p,4p
ENSG00000178163,4,10439873,p,4p
ENSG00000234127,6,30184446,p,6p
ENSG00000092853,1,35720218,p,1p
ENSG00000145358,4,100185870,q,4q
ENSG00000044115,5,138610967,q,5q
ENSG00000150625,4,175632934,q,4q
ENSG00000130300,19,17351450,p,19p
ENSG00000142546,19,49555468,q,19q
ENSG00000052126,12,19129524,p,12p
ENSG00000108384,17,58692573,q,17q
ENSG00000082898,2,61476032,p,2p
ENSG00000109320,4,102500937,q,4q
ENSG00000141526,17,82217878,q,17q
ENSG00000272514,6,87407972,q,6q
ENSG00000143842,1,204073111,q,1q
ENSG00000204655,6,29656598,p,6p
ENSG00000141968,19,6772694,p,19p
ENSG00000215845,1,161037631,q,1q
ENSG00000117245,1,20664011,p,1p
ENSG00000060140,12,10618919,p,12p
ENSG00000164306,4,184648461,q,4q
ENSG00000115504,2,62673851,p,2p
ENSG00000135837,1,179954674,q,1q
ENSG00000112787,12,132489551,q,12q
ENSG00000104859,19,45039045,q,19q
ENSG00000146350,6,121079494,q,6q
ENSG00000001460,1,24355886,p,1p
ENSG00000087269,4,2937933,p,4p
ENSG00000159479,1,43383917,p,1p
ENSG00000008294,17,50962174,q,17q
ENSG00000247077,12,132710786,q,12q
ENSG00000162377,1,52684449,p,1p
ENSG00000122550,7,23105757,p,7p
ENSG00000117519,1,94896949,p,1p
ENSG00000060138,12,10699077,p,12p
ENSG00000126458,19,49635292,q,19q
ENSG00000221988,6,32146580,p,6p
ENSG00000137462,4,153684050,q,4q
ENSG00000087250,16,56589074,q,16q
ENSG00000090316,4,1289876,p,4p
ENSG00000079156,2,178193711,q,2q
ENSG00000130731,16,634412,p,16p
ENSG00000198822,7,86643909,q,7q
ENSG00000130176,19,11538767,p,19p
ENSG00000164815,7,104126341,q,7q
ENSG00000162694,1,100872372,p,1p
ENSG00000172081,19,2071032,p,19p
ENSG00000060656,1,29236505,p,1p
ENSG00000007520,16,1349237,p,16p
ENSG00000148985,11,3797724,p,11p
ENSG00000125505,19,54173412,q,19q
ENSG00000139540,12,56230039,q,12q
ENSG00000166592,16,66921682,q,16q
ENSG00000091129,7,108147623,q,7q
ENSG00000040731,5,24487099,p,5p
ENSG00000109686,4,151102751,q,4q
ENSG00000118689,6,108559652,q,6q
ENSG00000146094,5,177501904,q,5q
ENSG00000137364,6,18128311,p,6p
ENSG00000167460,19,16067021,p,19p
ENSG00000027847,5,177600114,q,5q
ENSG00000076685,10,103087141,q,10q
ENSG00000133302,5,94618054,q,5q
ENSG00000047932,6,117560269,q,6q
ENSG00000205250,16,67192155,q,16q
ENSG00000117410,1,43974487,p,1p
ENSG00000121380,12,12049844,p,12p
ENSG00000107745,10,72367328,q,10q
ENSG00000185049,4,1982717,p,4p
ENSG00000149806,11,65120626,q,11q
ENSG00000156427,5,171419645,q,5q
ENSG00000113389,5,32689070,p,5p
ENSG00000142459,19,7830182,p,19p
ENSG00000204644,6,29672483,p,6p
ENSG00000102977,16,67657512,q,16q
ENSG00000135525,6,136342281,q,6q
ENSG00000143155,1,168178918,q,1q
ENSG00000158555,11,75434638,q,11q
ENSG00000197712,4,38867677,p,4p
ENSG00000124279,5,7859159,p,5p
ENSG00000163344,1,154924732,q,1q
ENSG00000049656,5,1317744,p,5p
ENSG00000143179,1,165827586,q,1q
ENSG00000138744,4,75910655,q,4q
ENSG00000111344,12,113096517,q,12q
ENSG00000103042,16,58663015,q,16q
ENSG00000145362,4,112818032,q,4q
ENSG00000269858,19,40798996,q,19q
ENSG00000097021,1,6264268,p,1p
ENSG00000138172,10,103446784,q,10q
ENSG00000198825,10,119726035,q,10q
ENSG00000141338,17,68866052,q,17q
ENSG00000167969,16,2239402,p,16p
ENSG00000168724,5,34929548,p,5p
ENSG00000185800,19,45782947,q,19q
ENSG00000143368,1,149923317,q,1q
ENSG00000164506,6,147203710,q,6q
ENSG00000090971,19,55485188,q,19q
ENSG00000130529,19,49157741,q,19q
ENSG00000135773,1,230747348,q,1q
ENSG00000179965,16,30407143,p,16p
ENSG00000099246,10,27504174,p,10p
ENSG00000102908,16,69565094,q,16q
ENSG00000158793,1,161118082,q,1q
ENSG00000152409,5,79236128,q,5q
ENSG00000137691,11,102047435,q,11q
ENSG00000180233,7,30284418,p,7p
ENSG00000023445,11,102317484,q,11q
ENSG00000146090,5,180100795,q,5q
ENSG00000214960,7,16087525,p,7p
ENSG00000119927,10,112149865,q,10q
ENSG00000133597,7,140672885,q,7q
ENSG00000079387,12,48039784,q,12q
ENSG00000110497,11,46396414,p,11p
ENSG00000142973,1,46757838,p,1p
ENSG00000146276,6,89177504,q,6q
ENSG00000272047,6,158168338,q,6q
ENSG00000112210,6,57186992,p,6p
ENSG00000105851,7,106865278,q,7q
ENSG00000167775,19,8302126,p,19p
ENSG00000111371,12,46183054,q,12q
ENSG00000105202,19,39834453,q,19q
ENSG00000149380,11,74235801,q,11q
ENSG00000159461,16,56361449,q,16q
ENSG00000024048,6,42563995,p,6p
ENSG00000185009,10,74120255,q,10q
ENSG00000152078,1,95117292,p,1p
ENSG00000144476,2,236567692,q,2q
ENSG00000173838,17,62701314,q,17q
ENSG00000137261,6,24544104,p,6p
ENSG00000082438,2,164653624,q,2q
ENSG00000181830,11,45804072,p,11p
ENSG00000016082,5,51383443,q,5q
ENSG00000204219,1,23370591,p,1p
ENSG00000110200,11,72106378,q,11q
ENSG00000067365,16,8621682,p,16p
ENSG00000213316,5,179793980,q,5q
ENSG00000130159,19,11505927,p,19p
ENSG00000148660,10,73812501,q,10q
ENSG00000153395,5,1456480,p,5p
ENSG00000133030,17,17042457,p,17p
ENSG00000112701,6,75601509,q,6q
ENSG00000221978,1,1385711,p,1p
ENSG00000113300,5,180494334,q,5q
ENSG00000196118,16,30757423,p,16p
ENSG00000170231,5,160187363,q,5q
ENSG00000064270,16,84368476,q,16q
ENSG00000113575,5,134193978,q,5q
ENSG00000055070,1,16352575,p,1p
ENSG00000072071,19,14147743,p,19p
ENSG00000170606,5,133051946,q,5q
ENSG00000132004,19,12688053,p,19p
ENSG00000166292,17,55718739,q,17q
ENSG00000104998,19,14031644,p,19p
ENSG00000185624,17,81843159,q,17q
ENSG00000117114,1,81306112,p,1p
ENSG00000214530,11,72753216,q,11q
ENSG00000064961,19,3572741,p,19p
ENSG00000115507,2,63050057,p,2p
ENSG00000168883,2,85602856,p,2p
ENSG00000119396,9,121178133,q,9q
ENSG00000162069,16,3027682,p,16p
ENSG00000112893,5,109689375,q,5q
ENSG00000154920,17,50373220,q,17q
ENSG00000254901,19,19176902,p,19p
ENSG00000179889,16,14974591,p,16p
ENSG00000075223,7,80742538,q,7q
ENSG00000105538,19,48720571,q,19q
ENSG00000124507,6,34466061,p,6p
ENSG00000215041,17,7315628,p,17p
ENSG00000146247,6,78934419,q,6q
ENSG00000170340,2,62195485,p,2p
ENSG00000160584,11,116843402,q,11q
ENSG00000138032,2,44167969,p,2p
ENSG00000105771,19,43727983,q,19q
ENSG00000135480,12,52232520,q,12q
ENSG00000120729,5,137867858,q,5q
ENSG00000112208,6,57172319,p,6p
ENSG00000130024,6,169703902,q,6q
ENSG00000049540,7,74027789,q,7q
ENSG00000145740,5,69093991,q,5q
ENSG00000105401,19,10391090,p,19p
ENSG00000092871,17,35005990,q,17q
ENSG00000198001,12,43758944,q,12q
ENSG00000124608,6,44298726,p,6p
ENSG00000115318,2,74532258,p,2p
ENSG00000105229,19,4007695,p,19p
ENSG00000113558,5,134148935,q,5q
ENSG00000124702,6,43014103,p,6p
ENSG00000178951,19,4043303,p,19p
ENSG00000108788,17,42567072,q,17q
ENSG00000099337,19,38319845,q,19q
ENSG00000198858,19,896503,p,19p
ENSG00000135392,12,55820746,q,12q
ENSG00000043462,5,170246233,q,5q
ENSG00000089009,12,112405170,q,12q
ENSG00000132470,17,75721190,q,17q
ENSG00000130669,19,39125728,q,19q
ENSG00000173926,5,126867714,q,5q
ENSG00000113318,5,80654650,q,5q
ENSG00000162949,2,30722771,p,2p
ENSG00000167986,11,61299447,q,11q
ENSG00000140992,16,2537978,p,16p
ENSG00000132429,6,105157892,q,6q
ENSG00000204305,6,32180963,p,6p
ENSG00000115325,2,74548875,p,2p
ENSG00000239474,2,169509687,q,2q
ENSG00000082153,2,200810594,q,2q
ENSG00000167613,19,54351384,q,19q
ENSG00000198677,5,95461755,q,5q
ENSG00000103126,16,287440,p,16p
ENSG00000148444,10,22315980,p,10p
ENSG00000108219,10,80454162,q,10q
ENSG00000102897,16,20899821,p,16p
ENSG00000251247,19,36850338,q,19q
ENSG00000104774,19,12643831,p,19p
ENSG00000168807,16,69187142,q,16q
ENSG00000103121,16,80966448,q,16q
ENSG00000144214,2,99284238,q,2q
ENSG00000184182,2,237966827,q,2q
ENSG00000150394,16,61647242,q,16q
ENSG00000197948,5,141639302,q,5q
ENSG00000001036,6,143493961,q,6q
ENSG00000116641,1,62454298,p,1p
ENSG00000139436,12,109929792,q,12q
ENSG00000198945,6,130013699,q,6q
ENSG00000149932,16,29940885,p,16p
ENSG00000166451,16,81006506,q,16q
ENSG00000138308,10,72933098,q,10q
ENSG00000164574,5,154190514,q,5q
ENSG00000107862,10,102245371,q,10q
ENSG00000130511,19,18418864,p,19p
ENSG00000102984,16,71859680,q,16q
ENSG00000152348,5,81971615,q,5q
ENSG00000137288,6,33690635,p,6p
ENSG00000111845,6,10694633,p,6p
ENSG00000112584,6,170290703,q,6q
ENSG00000105186,19,32597000,q,19q
ENSG00000146005,5,139795808,q,5q
ENSG00000113161,5,75336329,q,5q
ENSG00000140983,16,668100,p,16p
ENSG00000143867,2,19351485,p,2p
ENSG00000187123,2,149329985,q,2q
ENSG00000198719,6,170282202,q,6q
ENSG00000003756,3,50088919,p,3p
ENSG00000184281,11,2400488,p,11p
ENSG00000095002,2,47403067,p,2p
ENSG00000108559,17,5359668,p,17p
ENSG00000010810,6,111660332,q,6q
ENSG00000149476,11,61333210,q,11q
ENSG00000140678,16,31355134,p,16p
ENSG00000176102,11,33077188,p,11p
ENSG00000152910,16,76277278,q,16q
ENSG00000151572,12,100717244,q,12q
ENSG00000187550,19,55528609,q,19q
ENSG00000180448,19,1065923,p,19p
ENSG00000095139,11,118572390,q,11q
ENSG00000129250,17,4997722,p,17p
ENSG00000102967,16,72008588,q,16q
ENSG00000126391,11,65386592,q,11q
ENSG00000144647,3,43079229,p,3p
ENSG00000067955,16,67028984,q,16q
ENSG00000181322,3,138261437,q,3q
ENSG00000172456,1,59295910,p,1p
ENSG00000156599,11,57667433,q,11q
ENSG00000156873,16,30748293,p,16p
ENSG00000175899,12,9067664,p,12p
ENSG00000055955,3,52812918,p,3p
ENSG00000213023,19,50621307,q,19q
ENSG00000002330,11,64269828,q,11q
ENSG00000143951,2,63119559,p,2p
ENSG00000070404,19,676392,p,19p
ENSG00000166394,11,7665097,p,11p
ENSG00000065427,16,75627472,q,16q
ENSG00000035403,10,73995193,q,10q
ENSG00000072210,17,19647291,p,17p
ENSG00000011243,19,15380050,p,19p
ENSG00000143933,2,47160084,p,2p
ENSG00000103222,16,15949138,p,16p
ENSG00000170955,11,6318946,p,11p
ENSG00000173264,11,64270062,q,11q
ENSG00000119943,10,98383565,q,10q
ENSG00000112308,6,24704856,p,6p
ENSG00000065548,2,186486222,q,2q
ENSG00000156650,10,74824912,q,10q
ENSG00000154133,11,124883666,q,11q
ENSG00000172137,16,71358713,q,16q
ENSG00000162545,1,20482391,p,1p
ENSG00000163032,2,17539020,p,2p
ENSG00000164002,1,40508441,p,1p
ENSG00000185761,19,1505022,p,19p
ENSG00000074706,6,154154496,q,6q
ENSG00000138792,4,110365733,q,4q
ENSG00000169696,17,81976807,q,17q
ENSG00000105048,19,55132698,q,19q
ENSG00000099260,1,99645499,p,1p
ENSG00000169180,16,28097976,p,16p
ENSG00000162419,1,28668280,p,1p
ENSG00000172247,11,47589666,p,11p
ENSG00000172292,2,168456249,q,2q
ENSG00000110583,11,63938669,q,11q
ENSG00000144115,2,88170295,p,2p
ENSG00000099834,11,616405,p,11p
ENSG00000250510,12,6821624,p,12p
ENSG00000169213,1,51907956,p,1p
ENSG00000057657,6,105993463,q,6q
ENSG00000109736,4,2930559,p,4p
ENSG00000068137,17,42667914,q,17q
ENSG00000134245,1,112466541,p,1p
ENSG00000189079,12,45728910,q,12q
ENSG00000168763,2,96816245,q,2q
ENSG00000071242,6,166409364,q,6q
ENSG00000127054,1,1311585,p,1p
ENSG00000196388,17,4988130,p,17p
ENSG00000103343,16,3401215,p,16p
ENSG00000102871,16,67153969,q,16q
ENSG00000144290,2,161424332,q,2q
ENSG00000110925,12,51061205,q,12q
ENSG00000103051,16,70480568,q,16q
ENSG00000123342,12,55835433,q,12q
ENSG00000141510,17,7661779,p,17p
ENSG00000109667,4,9771153,p,4p
ENSG00000023734,12,15882356,p,12p
ENSG00000035928,4,39287456,p,4p
ENSG00000079246,2,216107464,q,2q
ENSG00000006712,19,39385629,q,19q
ENSG00000166856,12,56994492,q,12q
ENSG00000170515,12,56104349,q,12q
ENSG00000137198,6,16238555,p,6p
ENSG00000166575,11,87037831,q,11q
ENSG00000107938,10,125719515,q,10q
ENSG00000230989,16,83719311,q,16q
ENSG00000140853,16,56989485,q,16q
ENSG00000099817,19,1085104,p,19p
ENSG00000144909,3,125528858,q,3q
ENSG00000164128,4,163323962,q,4q
ENSG00000125388,4,2963571,p,4p
ENSG00000165810,5,181040225,q,5q
ENSG00000050405,12,50175788,q,12q
ENSG00000154813,3,16257061,p,3p
ENSG00000163811,2,28894638,p,2p
ENSG00000154814,3,16265160,p,3p
ENSG00000173145,10,94333226,q,10q
ENSG00000169519,11,28108248,p,11p
ENSG00000145685,5,78485215,q,5q
ENSG00000090661,19,8206736,p,19p
ENSG00000166900,11,59713456,q,11q
ENSG00000198203,2,108288639,q,2q
ENSG00000177791,10,73631571,q,10q
ENSG00000170584,5,163446526,q,5q
ENSG00000113569,5,37288137,p,5p
ENSG00000108055,10,110567680,q,10q
ENSG00000145348,4,106041599,q,4q
ENSG00000111652,12,6724014,p,12p
ENSG00000157077,1,52141888,p,1p
ENSG00000051009,11,6211335,p,11p
ENSG00000135722,16,67159932,q,16q
ENSG00000186187,16,74999014,q,16q
ENSG00000168002,11,62761554,q,11q
ENSG00000103544,16,19555240,p,16p
ENSG00000118473,1,66533267,p,1p
ENSG00000121691,11,34438906,p,11p
ENSG00000197771,10,119829060,q,10q
ENSG00000161904,6,33771202,p,6p
ENSG00000155287,10,99610518,q,10q
ENSG00000124784,6,7389467,p,6p
ENSG00000163898,3,185506262,q,3q
ENSG00000150093,10,32887273,p,10p
ENSG00000164129,4,163343583,q,4q
ENSG00000198561,11,57753243,q,11q
ENSG00000109255,4,55595229,q,4q
ENSG00000113460,5,34915273,p,5p
ENSG00000189058,3,195568705,q,3q
ENSG00000137275,6,3063824,p,6p
ENSG00000163781,3,133598175,q,3q
ENSG00000276023,17,37488397,q,17q
ENSG00000137216,6,44126614,p,6p
ENSG00000087206,5,176902226,q,5q
ENSG00000033178,4,67612652,q,4q
ENSG00000083457,17,3714628,p,17p
ENSG00000122912,10,68473079,q,10q
ENSG00000113296,5,79991311,q,5q
ENSG00000011376,3,45388527,p,3p
ENSG00000123095,12,26120030,p,12p
ENSG00000111642,12,6570081,p,12p
ENSG00000151876,5,41925210,p,5p
ENSG00000108774,17,42124976,q,17q
ENSG00000165733,10,42782783,q,10q
ENSG00000028137,1,12166977,p,1p
ENSG00000164136,4,141636237,q,4q
ENSG00000113763,5,176810505,q,5q
ENSG00000105509,19,51713112,q,19q
ENSG00000152413,5,79372636,q,5q
ENSG00000142227,19,48321310,q,19q
ENSG00000112759,6,44219245,p,6p
ENSG00000117153,1,202891096,q,1q
ENSG00000133706,5,146110566,q,5q
ENSG00000141568,17,82519689,q,17q
ENSG00000165630,10,13586939,p,10p
ENSG00000160392,19,40319536,q,19q
ENSG00000125459,1,155563235,q,1q
ENSG00000119203,2,9423631,p,2p
ENSG00000070526,17,76624756,q,17q
ENSG00000065000,19,2100982,p,19p
ENSG00000161533,17,75941507,q,17q
ENSG00000175093,3,141050744,q,3q
ENSG00000109762,4,185204237,q,4q
ENSG00000243989,3,51983047,p,3p
ENSG00000134242,1,113813811,p,1p
ENSG00000141485,17,6684715,p,17p
ENSG00000175029,10,124981657,q,10q
ENSG00000034152,17,21284672,p,17p
ENSG00000135736,16,57511999,q,16q
ENSG00000164323,4,185159665,q,4q
ENSG00000109475,4,108620508,q,4q
ENSG00000140694,16,14435699,p,16p
ENSG00000129116,4,168497052,q,4q
ENSG00000176155,17,82101459,q,17q
ENSG00000142583,1,9035106,p,1p
ENSG00000181396,17,82389210,q,17q
ENSG00000164161,4,144646156,q,4q
ENSG00000154222,1,52345723,p,1p
ENSG00000167642,19,38244035,q,19q
ENSG00000163110,4,94451857,q,4q
ENSG00000005961,17,44372177,q,17q
ENSG00000160883,5,176880820,q,5q
ENSG00000198740,17,49289206,q,17q
ENSG00000167635,19,36214602,q,19q
ENSG00000091640,17,4959226,p,17p
ENSG00000162873,1,205336061,q,1q
ENSG00000099864,19,708935,p,19p
ENSG00000113716,5,150000046,q,5q
ENSG00000174282,17,7459366,p,17p
ENSG00000141076,16,69131291,q,16q
ENSG00000008382,19,4343527,p,19p
ENSG00000270885,17,35731639,q,17q
ENSG00000123977,2,227870931,q,2q
ENSG00000169660,17,82418318,q,17q
ENSG00000144674,3,37243184,p,3p
ENSG00000184584,5,139475528,q,5q
ENSG00000116750,1,193012246,q,1q
ENSG00000134352,5,55935095,q,5q
ENSG00000109107,17,28573115,q,17q
ENSG00000132026,19,12825477,p,19p
ENSG00000118307,12,25108289,p,12p
ENSG00000136717,2,127048017,q,2q
ENSG00000065054,16,2025356,p,16p
ENSG00000134815,19,47349312,q,19q
ENSG00000111321,12,6375045,p,12p
ENSG00000137414,6,17600302,p,6p
ENSG00000039650,19,49859882,q,19q
ENSG00000079691,6,25279078,p,6p
ENSG00000114423,3,105655461,q,3q
ENSG00000167508,16,88651934,q,16q
ENSG00000170801,4,8269749,p,4p
ENSG00000174705,5,172325000,q,5q
ENSG00000141542,17,82654973,q,17q
ENSG00000175087,1,26111157,p,1p
ENSG00000170382,1,204617170,q,1q
ENSG00000151229,12,39755025,q,12q
ENSG00000178927,17,82440912,q,17q
ENSG00000165606,10,49364065,q,10q
ENSG00000145920,5,175796306,q,5q
ENSG00000121940,1,108881885,p,1p
ENSG00000148719,10,72332830,q,10q
ENSG00000135655,12,62260338,q,12q
ENSG00000103066,16,68245304,q,16q
ENSG00000077943,10,15513954,p,10p
ENSG00000113580,5,143277931,q,5q
ENSG00000180992,6,44112290,p,6p
ENSG00000096746,10,68331174,q,10q
ENSG00000103274,16,10743786,p,16p
ENSG00000189308,4,82909973,q,4q
ENSG00000108666,17,32324565,q,17q
ENSG00000162729,1,160091340,q,1q
ENSG00000175662,17,17843507,p,17p
ENSG00000114812,3,42489299,p,3p
ENSG00000197444,10,49734641,q,10q
ENSG00000256870,12,101155493,q,12q
ENSG00000088986,12,120469804,q,12q
ENSG00000183751,16,1972050,p,16p
ENSG00000104884,19,45349773,q,19q
ENSG00000109576,4,170060219,q,4q
ENSG00000198673,12,61707341,q,12q
ENSG00000068383,10,132537772,q,10q
ENSG00000143207,1,175944828,q,1q
ENSG00000111671,12,6870934,p,12p
ENSG00000112936,5,40909419,p,5p
ENSG00000111786,12,120456138,q,12q
ENSG00000111046,12,80707633,q,12q
ENSG00000155329,5,132996985,q,5q
ENSG00000164024,4,98995359,q,4q
ENSG00000196458,12,132918306,q,12q
ENSG00000157388,3,53328963,p,3p
ENSG00000155324,5,126360132,q,5q
ENSG00000118596,12,59596027,q,12q
ENSG00000163138,4,20696282,p,4p
ENSG00000138111,10,102461363,q,10q
ENSG00000088682,16,57447425,q,16q
ENSG00000135452,12,57738013,q,12q
ENSG00000164402,5,132750814,q,5q
ENSG00000169718,17,82057506,q,17q
ENSG00000134531,12,13196723,p,12p
ENSG00000184602,16,11668027,p,16p
ENSG00000158865,16,24845841,p,16p
ENSG00000123106,12,28133249,p,12p
ENSG00000119929,10,99702558,q,10q
ENSG00000069248,1,229440259,q,1q
ENSG00000108309,17,44307947,q,17q
ENSG00000145632,5,58453982,q,5q
ENSG00000076344,16,268301,p,16p
ENSG00000204681,6,29555629,p,6p
ENSG00000161618,19,49453146,q,19q
ENSG00000131462,17,42609637,q,17q
ENSG00000167100,17,50110040,q,17q
ENSG00000120705,5,138506093,q,5q
ENSG00000114054,3,136250314,q,3q
ENSG00000162896,1,206928522,q,1q
ENSG00000173918,17,79022729,q,17q
ENSG00000153885,19,33795933,q,19q
ENSG00000178187,5,178940827,q,5q
ENSG00000111361,12,123620406,q,12q
ENSG00000083720,5,41730064,p,5p
ENSG00000171475,17,40218743,q,17q
ENSG00000004478,12,2794290,p,12p
ENSG00000166246,16,4734344,p,16p
ENSG00000171517,1,84811601,p,1p
ENSG00000142230,19,47113274,q,19q
ENSG00000102974,16,67561831,q,16q
ENSG00000121957,1,108875350,p,1p
ENSG00000004975,17,7225342,p,17p
ENSG00000151948,12,128853427,q,12q
ENSG00000105647,19,18153160,p,19p
ENSG00000164111,4,121667396,q,4q
ENSG00000135597,6,138903493,q,6q
ENSG00000139197,12,7188653,p,12p
ENSG00000102900,16,56730095,q,16q
ENSG00000105255,19,4304595,p,19p
ENSG00000278535,17,36591797,q,17q
ENSG00000134255,1,111139479,p,1p
ENSG00000261371,17,64319415,q,17q
ENSG00000130307,19,17249171,p,19p
ENSG00000168314,3,39467172,p,3p
ENSG00000197766,19,859453,p,19p
ENSG00000188783,1,203475777,q,1q
ENSG00000105197,19,39479795,q,19q
ENSG00000130695,1,26233669,p,1p
ENSG00000073584,17,40624962,q,17q
ENSG00000073711,3,135965655,q,3q
ENSG00000065268,19,984294,p,19p
ENSG00000205531,11,2944429,p,11p
ENSG00000178028,1,44213427,p,1p
ENSG00000205423,16,50024410,q,16q
ENSG00000198189,4,87336515,q,4q
ENSG00000144635,3,32525974,p,3p
ENSG00000145214,4,958884,p,4p
ENSG00000169189,16,27224993,p,16p
ENSG00000169905,1,179839967,q,1q
ENSG00000167380,19,44165073,q,19q
ENSG00000163788,3,43286510,p,3p
ENSG00000090989,4,55853628,q,4q
ENSG00000140743,16,22345936,p,16p
ENSG00000184307,3,113947901,q,3q
ENSG00000196154,1,153543613,q,1q
ENSG00000183625,3,46130890,p,3p
ENSG00000185621,3,197960200,q,3q
ENSG00000180875,1,240489573,q,1q
ENSG00000131781,1,147175351,q,1q
ENSG00000105669,19,18899514,p,19p
ENSG00000173757,17,42199176,q,17q
ENSG00000196455,3,130678934,q,3q
ENSG00000132334,10,127906805,q,10q
ENSG00000131759,17,40309180,q,17q
ENSG00000103034,16,58462846,q,16q
ENSG00000186625,6,149594873,q,6q
ENSG00000156990,3,9837802,p,3p
ENSG00000117155,1,84643706,p,1p
ENSG00000058063,3,182793472,q,3q
ENSG00000120254,6,150865679,q,6q
ENSG00000148482,10,17951839,p,10p
ENSG00000109436,4,140620782,q,4q
ENSG00000166135,10,100529072,q,10q
ENSG00000204344,6,31971091,p,6p
ENSG00000138801,4,107590276,q,4q
ENSG00000153933,17,56834103,q,17q
ENSG00000130640,10,133278635,q,10q
ENSG00000164530,6,36948263,p,6p
ENSG00000170310,17,9250471,p,17p
ENSG00000064999,6,34889243,p,6p
ENSG00000244607,3,42705756,p,3p
ENSG00000068028,3,50329782,p,3p
ENSG00000125386,4,2536646,p,4p
ENSG00000128805,10,48446036,q,10q
ENSG00000169704,3,129060779,q,3q
ENSG00000176974,17,18327686,p,17p
ENSG00000132153,3,47802641,p,3p
ENSG00000131236,1,40039735,p,1p
ENSG00000184743,11,63624087,q,11q
ENSG00000137710,11,109864295,q,11q
ENSG00000204130,10,68341107,q,10q
ENSG00000110880,12,108645109,q,12q
ENSG00000204348,6,31969810,p,6p
ENSG00000198546,10,133308899,q,10q
ENSG00000124786,6,8411435,p,6p
ENSG00000150051,10,27672874,p,10p
ENSG00000134802,11,57406954,q,11q
ENSG00000160888,19,13150411,p,19p
ENSG00000051382,3,138652336,q,3q
ENSG00000136758,10,27110088,p,10p
ENSG00000142046,19,41350911,q,19q
ENSG00000138660,4,112231363,q,4q
ENSG00000086967,19,50432805,q,19q
ENSG00000121892,4,39822863,p,4p
ENSG00000161813,12,50392383,q,12q
ENSG00000111850,6,87322580,q,6q
ENSG00000185905,16,29742463,p,16p
ENSG00000133393,16,15865719,p,16p
ENSG00000112414,6,142301854,q,6q
ENSG00000120539,10,27154425,p,10p
ENSG00000126457,19,49675786,q,19q
ENSG00000140688,16,31489471,p,16p
ENSG00000154822,3,16802651,p,3p
ENSG00000172765,3,129647792,q,3q
ENSG00000188316,10,116849481,q,10q
ENSG00000133665,10,80344730,q,10q
ENSG00000166780,16,15434475,p,16p
ENSG00000151461,10,11920020,p,10p
ENSG00000168447,16,23278231,p,16p
ENSG00000204560,6,30653119,p,6p
ENSG00000121879,3,179148114,q,3q
ENSG00000160654,11,118344344,q,11q
ENSG00000162129,11,72285495,q,11q
ENSG00000241935,10,97584323,q,10q
ENSG00000079689,6,25652201,p,6p
ENSG00000107651,10,119892686,q,10q
ENSG00000204564,6,30647033,p,6p
ENSG00000105329,19,41301587,q,19q
ENSG00000164051,3,48432164,p,3p
ENSG00000112232,6,61630234,q,6q
ENSG00000130528,19,49151194,q,19q
ENSG00000237441,6,33291196,p,6p
ENSG00000129197,17,5419216,p,17p
ENSG00000113924,3,120628165,q,3q
ENSG00000274523,7,75027122,q,7q
ENSG00000181852,12,56202179,q,12q
ENSG00000089847,19,4182630,p,19p
ENSG00000187535,16,1510427,p,16p
ENSG00000121064,17,56978111,q,17q
ENSG00000156515,10,69269984,q,10q
ENSG00000172725,11,67435510,q,11q
ENSG00000145390,4,119212128,q,4q
ENSG00000146535,7,2721822,p,7p
ENSG00000167674,19,4472244,p,19p
ENSG00000110958,12,56663338,q,12q
ENSG00000164638,7,5274369,p,7p
ENSG00000163975,3,196980590,q,3q
ENSG00000158006,1,25959767,p,1p
ENSG00000154274,4,37453439,p,4p
ENSG00000196704,17,68205481,q,17q
ENSG00000164038,4,103019868,q,4q
ENSG00000081800,7,123113531,q,7q
ENSG00000164068,3,49688740,p,3p
ENSG00000157570,11,44726322,p,11p
ENSG00000100726,16,1493329,p,16p
ENSG00000239857,7,876486,p,7p
ENSG00000167528,12,48337180,q,12q
ENSG00000135324,6,84033203,q,6q
ENSG00000117266,1,205504561,q,1q
ENSG00000112182,6,89926528,q,6q
ENSG00000163072,2,168786539,q,2q
ENSG00000108604,17,63832081,q,17q
ENSG00000139579,12,56222000,q,12q
ENSG00000174945,7,2679276,p,7p
ENSG00000163104,4,94207605,q,4q
ENSG00000096070,6,36196006,p,6p
ENSG00000162174,11,62337439,q,11q
ENSG00000167676,19,4502182,p,19p
ENSG00000171115,7,150450630,q,7q
ENSG00000106105,7,30580533,p,7p
ENSG00000018236,12,40692431,q,12q
ENSG00000126246,19,35738798,q,19q
ENSG00000109944,11,122882683,q,11q
ENSG00000167703,17,1569268,p,17p
ENSG00000108094,10,35008504,p,10p
ENSG00000170962,11,103907189,q,11q
ENSG00000106302,7,123828955,q,7q
ENSG00000076053,11,114400030,q,11q
ENSG00000214253,7,101239458,q,7q
ENSG00000053900,4,25377210,p,4p
ENSG00000069122,6,46852310,p,6p
ENSG00000170892,19,54189447,q,19q
ENSG00000175274,11,44885903,p,11p
ENSG00000136243,7,23181841,p,7p
ENSG00000115241,2,27381194,p,2p
ENSG00000204842,12,111443485,q,12q
ENSG00000186111,19,3630181,p,19p
ENSG00000108823,17,50164214,q,17q
ENSG00000186522,2,109542797,q,2q
ENSG00000006747,7,12570577,p,7p
ENSG00000171208,16,47077703,q,16q
ENSG00000172893,11,71428193,q,11q
ENSG00000179144,7,150514872,q,7q
ENSG00000158769,1,160995211,q,1q
ENSG00000102921,16,48538726,q,16q
ENSG00000128595,7,128739292,q,7q
ENSG00000133195,17,72645947,q,17q
ENSG00000075399,16,89707128,q,16q
ENSG00000121486,1,185118085,q,1q
ENSG00000073670,17,44758988,q,17q
ENSG00000172197,6,20099684,p,6p
ENSG00000176046,16,28532708,p,16p
ENSG00000248098,19,41397793,q,19q
ENSG00000102878,16,67164681,q,16q
ENSG00000079819,6,130839343,q,6q
ENSG00000082512,1,211326325,q,1q
ENSG00000127884,10,133362472,q,10q
ENSG00000007062,4,15963076,p,4p
ENSG00000154240,17,65635537,q,17q
ENSG00000068831,11,64726905,q,11q
ENSG00000168395,2,241687085,q,2q
ENSG00000186474,19,51029092,q,19q
ENSG00000156374,10,103302796,q,10q
ENSG00000106348,7,128392277,q,7q
ENSG00000173846,1,44800346,p,1p
ENSG00000103064,16,68264233,q,16q
ENSG00000187699,2,189879609,q,2q
ENSG00000167658,19,3976044,p,19p
ENSG00000156931,3,184812113,q,3q
ENSG00000120594,10,19815943,p,10p
ENSG00000003402,2,201116154,q,2q
ENSG00000213366,1,109667348,p,1p
ENSG00000197471,16,29662979,p,16p
ENSG00000168404,16,74671855,q,16q
ENSG00000160049,1,10456522,p,1p
ENSG00000108511,17,48595525,q,17q
ENSG00000107960,10,103856793,q,10q
ENSG00000272636,17,142789,p,17p
ENSG00000154099,16,84145261,q,16q
ENSG00000124422,17,20999596,p,17p
ENSG00000159166,1,201380833,q,1q
ENSG00000167476,19,2252074,p,19p
ENSG00000197343,7,99558406,q,7q
ENSG00000198046,19,56438634,q,19q
ENSG00000133392,16,15703135,p,16p
ENSG00000148842,10,102918286,q,10q
ENSG00000108239,10,94402451,q,10q
ENSG00000117625,1,211258377,q,1q
ENSG00000006282,17,50543058,q,17q
ENSG00000126460,19,49580646,q,19q
ENSG00000155229,10,97458083,q,10q
ENSG00000168090,7,100088948,q,7q
ENSG00000154096,11,119415476,q,11q
ENSG00000013441,2,200853009,q,2q
ENSG00000131408,19,50329640,q,19q
ENSG00000173120,11,67119263,q,11q
ENSG00000158715,1,205657851,q,1q
ENSG00000172819,12,53210566,q,12q
ENSG00000118263,2,207074137,q,2q
ENSG00000136193,7,29920104,p,7p
ENSG00000198860,1,184051651,q,1q
ENSG00000180871,2,218125289,q,2q
ENSG00000106100,7,30424527,p,7p
ENSG00000188396,1,44805888,p,1p
ENSG00000114982,2,96593170,q,2q
ENSG00000074201,11,77514936,q,11q
ENSG00000121481,1,185044865,q,1q
ENSG00000163430,3,120392293,q,3q
ENSG00000159346,1,202940090,q,1q
ENSG00000141219,17,73232233,q,17q
ENSG00000163902,3,128619968,q,3q
ENSG00000166527,12,8509475,p,12p
ENSG00000106049,7,27525440,p,7p
ENSG00000111783,12,106582691,q,12q
ENSG00000275700,17,36948925,q,17q
ENSG00000164124,4,158201604,q,4q
ENSG00000173540,3,49716844,p,3p
ENSG00000149269,11,77321548,q,11q
ENSG00000197063,17,81918270,q,17q
ENSG00000168389,1,39955112,p,1p
ENSG00000168256,17,42011382,q,17q
ENSG00000197461,7,497258,p,7p
ENSG00000135506,12,57693841,q,12q
ENSG00000108107,19,55383856,q,19q
ENSG00000204278,17,78231310,q,17q
ENSG00000144021,2,96266159,q,2q
ENSG00000073792,3,185643130,q,3q
ENSG00000159640,17,63477058,q,17q
ENSG00000144320,2,175923882,q,2q
ENSG00000143409,1,150995125,q,1q
ENSG00000136280,7,44999475,p,7p
ENSG00000160013,19,46618550,q,19q
ENSG00000131400,19,50358472,q,19q
ENSG00000085871,4,139665768,q,4q
ENSG00000243943,2,27582969,p,2p
ENSG00000163697,4,40810027,p,4p
ENSG00000185519,1,16057769,p,1p
ENSG00000181031,17,212389,p,17p
ENSG00000233493,19,55379244,q,19q
ENSG00000143367,1,151540305,q,1q
ENSG00000099331,19,17075728,p,19p
ENSG00000138031,2,24819169,p,2p
ENSG00000073849,3,186930325,q,3q
ENSG00000107968,10,30433473,p,10p
ENSG00000214102,7,141702227,q,7q
ENSG00000105997,7,27106184,p,7p
ENSG00000119912,10,92451684,q,10q
ENSG00000156928,7,23298739,p,7p
ENSG00000087085,7,100889994,q,7q
ENSG00000110660,11,107790991,q,11q
ENSG00000168765,1,109656099,p,1p
ENSG00000196511,7,144451941,q,7q
ENSG00000182704,11,76781403,q,11q
ENSG00000157353,16,70454398,q,16q
ENSG00000110786,11,18727928,p,11p
ENSG00000158796,1,161120973,q,1q
ENSG00000234906,19,44945709,q,19q
ENSG00000107566,10,100150094,q,10q
ENSG00000128626,19,38930923,q,19q
ENSG00000165732,10,68956135,q,10q
ENSG00000225663,17,81821790,q,17q
ENSG00000105486,19,48115445,q,19q
ENSG00000106400,7,101218161,q,7q
ENSG00000145375,4,122923070,q,4q
ENSG00000169313,3,151336843,q,3q
ENSG00000163617,3,113964137,q,3q
ENSG00000023228,2,206114817,q,2q
ENSG00000106565,7,150790382,q,7q
ENSG00000061918,4,155758988,q,4q
ENSG00000272573,3,52833114,p,3p
ENSG00000166579,17,8408528,p,17p
ENSG00000176142,3,119428949,q,3q
ENSG00000150773,11,112063218,q,11q
ENSG00000171161,1,248838210,q,1q
ENSG00000187098,3,69738536,p,3p
ENSG00000103168,16,84177846,q,16q
ENSG00000029153,12,27332836,p,12p
ENSG00000109099,17,15229773,p,17p
ENSG00000065154,10,124397298,q,10q
ENSG00000121210,4,153466307,q,4q
ENSG00000143850,1,204218851,q,1q
ENSG00000133794,11,13276647,p,11p
ENSG00000138107,10,102461881,q,10q
ENSG00000135127,12,119988925,q,12q
ENSG00000166321,10,73110375,q,10q
ENSG00000105983,7,156668946,q,7q
ENSG00000108679,17,78971238,q,17q
ENSG00000151491,12,15620134,p,12p
ENSG00000057608,10,5765221,p,10p
ENSG00000111912,6,125780943,q,6q
ENSG00000159714,16,67394152,q,16q
ENSG00000187091,3,38007496,p,3p
ENSG00000137221,6,43477523,p,6p
ENSG00000221946,19,35143148,q,19q
ENSG00000164305,4,184627695,q,4q
ENSG00000169727,17,82050691,q,17q
ENSG00000118162,19,47475141,q,19q
ENSG00000015171,10,130088,p,10p
ENSG00000102854,16,760734,p,16p
ENSG00000077009,19,3932994,p,19p
ENSG00000128604,7,128933429,q,7q
ENSG00000186017,19,36445119,q,19q
ENSG00000132016,19,13882343,p,19p
ENSG00000197756,2,216498797,q,2q
ENSG00000114166,3,20040400,p,3p
ENSG00000130755,19,39328353,q,19q
ENSG00000138061,2,38066973,p,2p
ENSG00000143390,1,151340640,q,1q
ENSG00000184378,3,169765610,q,3q
ENSG00000162267,3,52794450,p,3p
ENSG00000152518,2,43222402,p,2p
ENSG00000115289,2,74505041,p,2p
ENSG00000006611,11,17493895,p,11p
ENSG00000185163,12,132136591,q,12q
ENSG00000012061,19,45407333,q,19q
ENSG00000135297,6,73461578,q,6q
ENSG00000105993,7,157335381,q,7q
ENSG00000111737,12,120095094,q,12q
ENSG00000114268,3,48517684,p,3p
ENSG00000135945,2,99400475,q,2q
ENSG00000184574,12,6618835,p,12p
ENSG00000132274,11,5689610,p,11p
ENSG00000211455,12,27243968,p,12p
ENSG00000167770,11,63985853,q,11q
ENSG00000143393,1,151291792,q,1q
ENSG00000120457,11,128890453,q,11q
ENSG00000166025,11,94706431,q,11q
ENSG00000177575,12,7470811,p,12p
ENSG00000121073,17,49700934,q,17q
ENSG00000076706,11,119307972,q,11q
ENSG00000136490,17,63695883,q,17q
ENSG00000002933,7,150799598,q,7q
ENSG00000110274,11,117314557,q,11q
ENSG00000125449,17,75109952,q,17q
ENSG00000066405,3,137998735,q,3q
ENSG00000198863,17,42980552,q,17q
ENSG00000053328,6,110243940,q,6q
ENSG00000143952,2,63892146,p,2p
ENSG00000167080,17,49132460,q,17q
ENSG00000186340,6,169215780,q,6q
ENSG00000110844,12,49568218,q,12q
ENSG00000072864,16,15643267,p,16p
ENSG00000152952,3,146035139,q,3q
ENSG00000090006,19,40592883,q,19q
ENSG00000141552,17,81890669,q,17q
ENSG00000151503,11,134150113,q,11q
ENSG00000144357,2,169827442,q,2q
ENSG00000085377,6,105273218,q,6q
ENSG00000241468,7,99448475,q,7q
ENSG00000103227,16,853634,p,16p
ENSG00000143164,1,167935783,q,1q
ENSG00000114209,3,167683298,q,3q
ENSG00000105875,7,135183839,q,7q
ENSG00000141013,16,90019629,q,16q
ENSG00000008394,12,16347115,p,12p
ENSG00000115295,2,29095545,p,2p
ENSG00000052344,16,31131433,p,16p
ENSG00000118407,6,75291859,q,6q
ENSG00000124587,6,42959717,p,6p
ENSG00000162009,16,1063867,p,16p
ENSG00000146755,7,73312536,q,7q
ENSG00000124067,16,67943474,q,16q
ENSG00000137507,11,76657524,q,11q
ENSG00000111731,12,22448567,p,12p
ENSG00000135218,7,80369532,q,7q
ENSG00000133316,11,62832342,q,11q
ENSG00000125458,17,75130225,q,17q
ENSG00000130810,19,10106329,p,19p
ENSG00000196535,17,29071119,q,17q
ENSG00000151502,11,134224613,q,11q
ENSG00000213722,6,31727038,p,6p
ENSG00000167617,19,54465026,q,19q
ENSG00000142409,19,56087366,q,19q
ENSG00000125734,19,6729914,p,19p
ENSG00000167771,11,63911220,q,11q
ENSG00000182272,11,369457,p,11p
ENSG00000112079,6,36493880,p,6p
ENSG00000204257,6,32948613,p,6p
ENSG00000135596,6,109444062,q,6q
ENSG00000151348,11,44095648,p,11p
ENSG00000090520,3,186567403,q,3q
ENSG00000070950,3,8775402,p,3p
ENSG00000198440,19,56397966,q,19q
ENSG00000079263,2,230203110,q,2q
ENSG00000104783,19,43766517,q,19q
ENSG00000103415,16,4474246,p,16p
ENSG00000181092,3,186842704,q,3q
ENSG00000168026,3,39107194,p,3p
ENSG00000104853,19,44954585,q,19q
ENSG00000109072,17,28367265,q,17q
ENSG00000110328,11,11270864,p,11p
ENSG00000144959,3,172630249,q,3q
ENSG00000087111,17,28553383,q,17q
ENSG00000114770,3,183919934,q,3q
ENSG00000050165,11,11956207,p,11p
ENSG00000167685,19,56132599,q,19q
ENSG00000108771,17,42101404,q,17q
ENSG00000104879,19,45306411,q,19q
ENSG00000168288,2,149569634,q,2q
ENSG00000161031,19,15468642,p,19p
ENSG00000185615,16,283152,p,16p
ENSG00000155592,16,25236001,p,16p
ENSG00000184009,17,81509413,q,17q
ENSG00000105643,19,18001126,p,19p
ENSG00000162065,16,2475051,p,16p
ENSG00000115841,2,37923187,p,2p
ENSG00000140682,16,31471585,p,16p
ENSG00000062822,19,50384204,q,19q
ENSG00000182749,1,25861484,p,1p
ENSG00000272886,3,53283429,p,3p
ENSG00000162889,1,206684886,q,1q
ENSG00000172243,12,10116777,p,12p
ENSG00000162227,11,62771307,q,11q
ENSG00000168917,3,136818463,q,3q
ENSG00000130762,1,3454550,p,1p
ENSG00000156976,3,186783205,q,3q
ENSG00000239305,2,86603395,p,2p
ENSG00000170581,12,56341597,q,12q
ENSG00000006607,2,241356264,q,2q
ENSG00000110429,11,33740939,p,11p
ENSG00000116478,1,32291921,p,1p
ENSG00000162032,16,1776710,p,16p
ENSG00000141030,17,17246616,p,17p
ENSG00000197580,11,112175472,q,11q
ENSG00000175048,6,157381133,q,6q
ENSG00000117143,1,162561481,q,1q
ENSG00000135521,6,143843326,q,6q
ENSG00000114745,3,39095222,p,3p
ENSG00000161999,16,681666,p,16p
ENSG00000137409,6,36965807,p,6p
ENSG00000126749,12,6970805,p,12p
ENSG00000138385,2,169791933,q,2q
ENSG00000137310,6,31158331,p,6p
ENSG00000174233,12,48766191,q,12q
ENSG00000112655,6,43076257,p,6p
ENSG00000084090,2,96184859,q,2q
ENSG00000073921,11,85957171,q,11q
ENSG00000198520,1,44674692,p,1p
ENSG00000135476,12,53268285,q,12q
ENSG00000103266,16,679980,p,16p
ENSG00000181856,17,7281667,p,17p
ENSG00000176597,3,183249324,q,3q
ENSG00000058668,1,203626778,q,1q
ENSG00000162924,2,60881491,p,2p
ENSG00000198336,17,47200446,q,17q
ENSG00000114331,3,195274738,q,3q
ENSG00000139163,12,22625075,p,12p
ENSG00000058600,16,22297375,p,16p
ENSG00000139405,12,113185045,q,12q
ENSG00000055332,2,37099210,p,2p
ENSG00000004142,17,28346173,q,17q
ENSG00000070961,12,89588049,q,12q
ENSG00000087903,19,5993164,p,19p
ENSG00000186532,17,1779485,p,17p
ENSG00000143457,1,150646228,q,1q
ENSG00000171790,1,41015589,p,1p
ENSG00000167281,17,79089345,q,17q
ENSG00000163913,3,129429607,q,3q
ENSG00000077549,1,19338775,p,1p
ENSG00000104888,19,49429399,q,19q
ENSG00000177990,12,63558913,q,12q
ENSG00000170049,17,7921577,p,17p
ENSG00000133317,11,63506052,q,11q
ENSG00000031698,1,109213844,p,1p
ENSG00000109079,17,28335602,q,17q
ENSG00000120262,6,151494013,q,6q
ENSG00000163541,2,84423528,p,2p
ENSG00000180917,16,71281389,q,16q
ENSG00000109906,11,114058335,q,11q
ENSG00000130348,6,106629572,q,6q
ENSG00000154174,3,100363431,q,3q
ENSG00000197912,16,89490719,q,16q
ENSG00000204574,6,30571393,p,6p
ENSG00000196510,12,110372900,q,12q
ENSG00000105705,19,19276018,p,19p
ENSG00000109111,17,28661929,q,17q
ENSG00000071282,3,8501587,p,3p
ENSG00000187231,2,179101678,q,2q
ENSG00000075239,11,108116695,q,11q
ENSG00000077097,3,25597978,p,3p
ENSG00000186283,1,179081854,q,1q
ENSG00000011523,2,65056350,p,2p
ENSG00000153956,7,81946444,q,7q
ENSG00000059588,1,234391313,q,1q
ENSG00000110057,11,67991100,q,11q
ENSG00000163328,2,174431571,q,2q
ENSG00000135678,12,68842197,q,12q
ENSG00000178078,19,4324040,p,19p
ENSG00000172830,11,67303478,q,11q
ENSG00000130340,6,157700387,q,6q
ENSG00000085465,1,111414319,p,1p
ENSG00000265808,1,120150898,p,1p
ENSG00000111144,12,96000753,q,12q
ENSG00000198797,1,177170890,q,1q
ENSG00000197024,7,149126416,q,7q
ENSG00000091140,7,107891162,q,7q
ENSG00000143643,1,230902945,q,1q
ENSG00000241553,3,9792493,p,3p
ENSG00000131097,17,44844791,q,17q
ENSG00000019485,11,45095806,p,11p
ENSG00000124839,2,237574322,q,2q
ENSG00000172543,11,65879809,q,11q
ENSG00000141127,17,18840085,p,17p
ENSG00000171148,3,9779964,p,3p
ENSG00000250067,19,19528861,p,19p
ENSG00000146457,6,159716432,q,6q
ENSG00000110675,11,107591091,q,11q
ENSG00000138035,2,55634061,p,2p
ENSG00000256269,11,119084861,q,11q
ENSG00000257103,19,34172426,q,19q
ENSG00000078401,6,12287459,p,6p
ENSG00000182580,3,184561776,q,3q
ENSG00000166501,16,23835959,p,16p
ENSG00000118503,6,137866383,q,6q
ENSG00000183696,7,48088628,p,7p
ENSG00000163636,3,64010549,p,3p
ENSG00000118495,6,143940300,q,6q
ENSG00000077463,19,4174109,p,19p
ENSG00000160808,3,46835109,p,3p
ENSG00000131148,16,85771758,q,16q
ENSG00000135763,1,229625855,q,1q
ENSG00000139626,12,53191318,q,12q
ENSG00000167191,16,19856691,p,16p
ENSG00000187608,1,1001138,p,1p
ENSG00000152904,1,235327350,q,1q
ENSG00000130005,19,1397026,p,19p
ENSG00000159164,1,149903318,q,1q
ENSG00000039523,16,67518418,q,16q
ENSG00000075790,7,107579957,q,7q
ENSG00000163681,3,57755450,p,3p
ENSG00000105655,19,18434388,p,19p
ENSG00000116711,1,186828949,q,1q
ENSG00000139160,12,31647160,p,12p
ENSG00000175224,11,46617251,p,11p
ENSG00000157837,12,120762510,q,12q
ENSG00000006451,7,39623445,p,7p
ENSG00000069702,1,91680343,p,1p
ENSG00000173208,12,39550033,q,12q
ENSG00000115204,2,27309486,p,2p
ENSG00000151135,12,106955667,q,12q
ENSG00000160633,19,5623035,p,19p
ENSG00000171130,7,149872968,q,7q
ENSG00000106018,7,159028175,q,7q
ENSG00000102189,12,92770637,q,12q
ENSG00000106327,7,100620416,q,7q
ENSG00000135093,12,109023089,q,12q
ENSG00000141294,17,47831634,q,17q
ENSG00000133026,17,8474205,p,17p
ENSG00000119185,2,9403475,p,2p
ENSG00000263528,1,206470332,q,1q
ENSG00000242173,16,280450,p,16p
ENSG00000151148,12,109477402,q,12q
ENSG00000176715,16,89088375,q,16q
ENSG00000214097,3,196506878,q,3q
ENSG00000168334,3,39183210,p,3p
ENSG00000144655,3,39141854,p,3p
ENSG00000154743,3,12480529,p,3p
ENSG00000134202,1,109733932,p,1p
ENSG00000140650,16,8788823,p,16p
ENSG00000153558,3,33277025,p,3p
ENSG00000163531,1,204828651,q,1q
ENSG00000065457,16,75596868,q,16q
ENSG00000103326,16,527712,p,16p
ENSG00000163512,3,28315003,p,3p
ENSG00000115665,2,107986523,q,2q
ENSG00000125124,16,56465640,q,16q
ENSG00000136240,7,6445953,p,7p
ENSG00000171551,2,232479825,q,2q
ENSG00000166006,12,75040077,q,12q
ENSG00000162458,1,15756604,p,1p
ENSG00000105856,7,107168961,q,7q
ENSG00000138495,3,119654513,q,3q
ENSG00000184967,12,132144425,q,12q
ENSG00000130304,19,17467666,p,19p
ENSG00000163935,3,52903564,p,3p
ENSG00000115808,2,36837698,p,2p
ENSG00000178449,12,50112082,q,12q
ENSG00000182196,12,122980045,q,12q
ENSG00000163719,3,9649433,p,3p
ENSG00000105379,19,51345161,q,19q
ENSG00000115419,2,190880821,q,2q
ENSG00000234545,7,92560758,q,7q
ENSG00000136630,1,220879431,q,1q
ENSG00000072062,19,14091688,p,19p
ENSG00000084676,2,24490992,p,2p
ENSG00000173039,11,65653599,q,11q
ENSG00000129351,19,10654261,p,19p
ENSG00000153207,1,246839098,q,1q
ENSG00000011638,16,21158305,p,16p
ENSG00000074660,17,1633851,p,17p
ENSG00000078487,7,100400826,q,7q
ENSG00000087263,16,56451508,q,16q
ENSG00000163536,3,167735068,q,3q
ENSG00000141699,17,42579513,q,17q
ENSG00000137731,11,117800839,q,11q
ENSG00000122180,1,203083129,q,1q
ENSG00000156171,1,111115884,p,1p
ENSG00000108587,17,30477362,q,17q
ENSG00000132604,16,69355464,q,16q
ENSG00000157445,3,54122427,p,3p
ENSG00000188037,7,143316111,q,7q
ENSG00000005187,16,20610243,p,16p
ENSG00000163093,2,169479480,q,2q
ENSG00000254772,11,62559595,q,11q
ENSG00000138468,3,101324205,q,3q
ENSG00000284691,7,150400702,q,7q
ENSG00000105866,7,21428043,p,7p
ENSG00000129657,17,77088749,q,17q
ENSG00000089163,12,120292162,q,12q
ENSG00000105793,7,90335223,q,7q
ENSG00000169991,1,18904280,p,1p
ENSG00000196208,2,11482341,p,2p
ENSG00000176871,12,118032687,q,12q
ENSG00000009780,1,27725961,p,1p
ENSG00000051825,12,123152320,q,12q
ENSG00000180423,11,46601439,p,11p
ENSG00000164692,7,94394820,q,7q
ENSG00000137478,11,72836742,q,11q
ENSG00000008869,2,36968383,p,2p
ENSG00000116791,1,74701488,p,1p
ENSG00000114450,3,179396088,q,3q
ENSG00000105755,19,43506719,q,19q
ENSG00000058272,12,79773563,q,12q
ENSG00000114767,3,51933425,p,3p
ENSG00000130309,19,17555631,p,19p
ENSG00000154144,11,124622836,q,11q
ENSG00000105700,19,18557683,p,19p
ENSG00000196639,3,11137093,p,3p
ENSG00000115762,2,131104847,q,2q
ENSG00000102890,16,67199111,q,16q
ENSG00000160801,3,46877721,p,3p
ENSG00000087095,17,28041723,q,17q
ENSG00000175264,11,45647689,p,11p
ENSG00000164896,7,151076591,q,7q
ENSG00000177427,17,18259527,p,17p
ENSG00000134910,11,125591712,q,11q
ENSG00000179715,12,47077945,q,12q
ENSG00000108557,17,17681458,p,17p
ENSG00000139629,12,51351247,q,12q
ENSG00000013306,17,44319625,q,17q
ENSG00000213658,16,28984808,p,16p
ENSG00000013374,7,151341708,q,7q
ENSG00000105520,19,11355386,p,19p
ENSG00000116237,1,6221193,p,1p
ENSG00000171860,12,8056844,p,12p
ENSG00000066654,16,20702816,p,16p
ENSG00000116353,1,29192657,p,1p
ENSG00000111641,12,6556863,p,12p
ENSG00000127616,19,10960824,p,19p
ENSG00000116044,2,177218667,q,2q
ENSG00000102996,16,58025606,q,16q
ENSG00000010318,3,52410507,p,3p
ENSG00000103423,16,4425805,p,16p
ENSG00000170325,11,129899706,q,11q
ENSG00000119535,1,36465669,p,1p
ENSG00000206561,3,15450132,p,3p
ENSG00000058804,1,53765460,p,1p
ENSG00000172992,17,45023338,q,17q
ENSG00000115415,2,190908460,q,2q
ENSG00000153767,3,120742370,q,3q
ENSG00000171631,11,73264498,q,11q
ENSG00000165171,7,73834012,q,7q
ENSG00000071189,7,17790761,p,7p
ENSG00000070476,3,126437601,q,3q
ENSG00000178921,17,8247618,p,17p
ENSG00000122417,1,86346824,p,1p
ENSG00000135365,11,45929319,p,11p
ENSG00000181722,3,114314500,q,3q
ENSG00000161944,17,7100166,p,17p
ENSG00000127955,7,79768028,q,7q
ENSG00000139211,12,47075707,q,12q
ENSG00000151239,12,43793460,q,12q
ENSG00000153187,1,244840638,q,1q
ENSG00000106066,7,28994636,p,7p
ENSG00000214376,11,93818232,q,11q
ENSG00000137634,11,114570591,q,11q
ENSG00000136052,12,104801801,q,12q
ENSG00000062282,11,75759512,q,11q
ENSG00000179195,12,123971745,q,12q
ENSG00000085741,11,76186325,q,11q
ENSG00000064201,11,2301990,p,11p
ENSG00000135723,16,67229387,q,16q
ENSG00000127324,12,71124454,q,12q
ENSG00000125447,17,75236595,q,17q
ENSG00000197362,7,149069641,q,7q
ENSG00000135374,11,34478791,p,11p
ENSG00000119242,12,123918660,q,12q
ENSG00000136271,7,44565418,p,7p
ENSG00000115084,2,113705011,q,2q
ENSG00000174744,11,66337333,q,11q
ENSG00000173905,3,168008672,q,3q
ENSG00000158545,16,88570403,q,16q
ENSG00000079337,12,47734363,q,12q
ENSG00000213619,11,47565336,p,11p
ENSG00000122420,1,78303884,p,1p
ENSG00000143420,1,150600851,q,1q
ENSG00000138100,2,27282366,p,2p
ENSG00000158467,7,129225021,q,7q
ENSG00000133318,11,63681446,q,11q
ENSG00000188554,17,43170317,q,17q
ENSG00000163399,1,116372668,p,1p
ENSG00000140931,16,66603874,q,16q
ENSG00000144591,2,219498618,q,2q
ENSG00000225697,3,48625718,p,3p
ENSG00000173898,11,66682496,q,11q
ENSG00000128573,7,114086317,q,7q
ENSG00000129910,16,89171748,q,16q
ENSG00000143815,1,225400900,q,1q
ENSG00000135709,16,85027709,q,16q
ENSG00000064309,11,125955796,q,11q
ENSG00000135409,12,53423672,q,12q
ENSG00000204991,16,89818179,q,16q
ENSG00000198746,1,26890488,p,1p
ENSG00000094963,1,171185249,q,1q
ENSG00000089053,12,121308245,q,12q
ENSG00000102910,16,48244267,q,16q
ENSG00000135622,2,74654226,p,2p
ENSG00000108389,17,58489529,q,17q
ENSG00000115183,2,158968581,q,2q
ENSG00000157193,1,53242364,p,1p
ENSG00000109920,11,47716494,p,11p
ENSG00000174007,3,196706268,q,3q
ENSG00000167972,16,2275878,p,16p
ENSG00000130935,17,67717812,q,17q
ENSG00000075651,3,171600404,q,3q
ENSG00000177106,11,694438,p,11p
ENSG00000169006,2,11658178,p,2p
ENSG00000187838,17,7389727,p,17p
ENSG00000196290,2,200888992,q,2q
ENSG00000136699,2,130151392,q,2q
ENSG00000139329,12,91102629,q,12q
ENSG00000089693,12,6747986,p,12p
ENSG00000144645,3,31657888,p,3p
ENSG00000173801,17,41750887,q,17q
ENSG00000258227,7,141927357,q,7q
ENSG00000172209,7,107470018,q,7q
ENSG00000241685,7,99325880,q,7q
ENSG00000016391,3,53812335,p,3p
ENSG00000185739,16,4189374,p,16p
ENSG00000078902,11,1274371,p,11p
ENSG00000051523,16,88643275,q,16q
ENSG00000173585,3,45884425,p,3p
ENSG00000188487,11,15112424,p,11p
ENSG00000177646,3,128879596,q,3q
ENSG00000176842,16,54930865,q,16q
ENSG00000122547,7,36153075,p,7p
ENSG00000083799,16,50742032,q,16q
ENSG00000075856,12,108522214,q,12q
ENSG00000106483,7,37905932,p,7p
ENSG00000146731,7,56051685,p,7p
ENSG00000115648,2,237485428,q,2q
ENSG00000177363,11,62686406,q,11q
ENSG00000176472,19,43525497,q,19q
ENSG00000180773,11,93144174,q,11q
ENSG00000167578,19,40778195,q,19q
ENSG00000138459,3,112561269,q,3q
ENSG00000007202,17,28614440,q,17q
ENSG00000105552,19,48795061,q,19q
ENSG00000177728,17,75441159,q,17q
ENSG00000168959,11,88504576,q,11q
ENSG00000164062,3,49673981,p,3p
ENSG00000087494,12,27958084,p,12p
ENSG00000136048,12,101877314,q,12q
ENSG00000133895,11,64803510,q,11q
ENSG00000139726,12,122752824,q,12q
ENSG00000065970,12,8032698,p,12p
ENSG00000198270,12,111930181,q,12q
ENSG00000076321,1,173714919,q,1q
ENSG00000117984,11,1752752,p,11p
ENSG00000125703,1,62783821,p,1p
ENSG00000216490,19,18173162,p,19p
ENSG00000059758,12,96278242,q,12q
ENSG00000104976,19,7920320,p,19p
ENSG00000099797,19,14517085,p,19p
ENSG00000185238,11,20387549,p,11p
ENSG00000144857,3,113210846,q,3q
ENSG00000135148,12,112125514,q,12q
ENSG00000149418,11,130159746,q,11q
ENSG00000150556,2,149037975,q,2q
ENSG00000160058,1,32364633,p,1p
ENSG00000105784,7,87627548,q,7q
ENSG00000139370,12,128793193,q,12q
ENSG00000132109,11,4384897,p,11p
ENSG00000011451,19,15419978,p,19p
ENSG00000144401,2,207580631,q,2q
ENSG00000180370,3,196739743,q,3q
ENSG00000149781,11,64205926,q,11q
ENSG00000109065,17,74770522,q,17q
ENSG00000106078,7,51016211,p,7p
ENSG00000111452,12,130953055,q,12q
ENSG00000074416,3,127689062,q,3q
ENSG00000115604,2,102311529,q,2q
ENSG00000130733,19,10918919,p,19p
ENSG00000136718,2,130342403,q,2q
ENSG00000114405,3,62319015,p,3p
ENSG00000137474,11,77128245,q,11q
ENSG00000168509,1,146017468,q,1q
ENSG00000163848,3,125225669,q,3q
ENSG00000132881,1,16231692,p,1p
ENSG00000170989,1,101235366,p,1p
ENSG00000153898,1,84925583,p,1p
ENSG00000007216,17,28473275,q,17q
ENSG00000115226,2,27491883,p,2p
ENSG00000162959,2,31865060,p,2p
ENSG00000158828,1,20633458,p,1p
ENSG00000139624,12,50129289,q,12q
ENSG00000128596,7,128790757,q,7q
ENSG00000176749,17,32486156,q,17q
ENSG00000140995,16,89948127,q,16q
ENSG00000163157,1,151169984,q,1q
ENSG00000119041,2,196761062,q,2q
ENSG00000266173,17,63682336,q,17q
ENSG00000073008,19,44643798,q,19q
ENSG00000130813,19,10086122,p,19p
ENSG00000139410,12,113418087,q,12q
ENSG00000254986,11,66479990,q,11q
ENSG00000143819,1,225810095,q,1q
ENSG00000126870,7,158856558,q,7q
ENSG00000105088,19,9853718,p,19p
ENSG00000042493,2,85393587,p,2p
ENSG00000114850,3,156539553,q,3q
ENSG00000167785,19,8806170,p,19p
ENSG00000110881,12,50057548,q,12q
ENSG00000154710,7,66682105,q,7q
ENSG00000172037,3,49121113,p,3p
ENSG00000167755,19,50958631,q,19q
ENSG00000150991,12,124911604,q,12q
ENSG00000205517,19,11384341,p,19p
ENSG00000170633,12,121400078,q,12q
ENSG00000140986,16,1943968,p,16p
ENSG00000073060,12,124776856,q,12q
ENSG00000102882,16,30114105,p,16p
ENSG00000106609,7,66921171,q,7q
ENSG00000110619,11,3000922,p,11p
ENSG00000163755,3,149129618,q,3q
ENSG00000105810,7,92604921,q,7q
ENSG00000131143,16,85798633,q,16q
ENSG00000126524,7,66987680,q,7q
ENSG00000116521,1,155255979,q,1q
ENSG00000073350,17,75525080,q,17q
ENSG00000168827,3,158644516,q,3q
ENSG00000133612,7,151085831,q,7q
ENSG00000067836,16,4796962,p,16p
ENSG00000158062,1,26281328,p,1p
ENSG00000060709,12,130396131,q,12q
ENSG00000114650,3,47413681,p,3p
ENSG00000116783,1,74235285,p,1p
ENSG00000119820,2,32277868,p,2p
ENSG00000132329,2,237858893,q,2q
ENSG00000135617,2,73228010,p,2p
ENSG00000149743,11,64223799,q,11q
ENSG00000121350,12,21437615,p,12p
ENSG00000159723,16,67482571,q,16q
ENSG00000125629,2,118088137,q,2q
ENSG00000069345,16,46955362,q,16q
ENSG00000168397,2,241637213,q,2q
ENSG00000006016,19,18572220,p,19p
ENSG00000146830,7,100679505,q,7q
ENSG00000007541,16,566995,p,16p
ENSG00000143369,1,150507989,q,1q
ENSG00000130818,19,9523223,p,19p
ENSG00000051128,19,18929201,p,19p
ENSG00000110536,11,47565430,p,11p
ENSG00000137672,11,101451470,q,11q
ENSG00000158850,1,161171306,q,1q
ENSG00000196776,3,108043091,q,3q
ENSG00000064419,7,128954180,q,7q
ENSG00000130592,11,1850904,p,11p
ENSG00000114735,3,50567895,p,3p
ENSG00000104731,16,87696485,q,16q
ENSG00000167378,19,43584367,q,19q
ENSG00000179943,19,55591371,q,19q
ENSG00000171443,19,55599714,q,19q
ENSG00000115380,2,55865962,p,2p
ENSG00000163812,3,44915257,p,3p
ENSG00000158966,1,64469765,p,1p
ENSG00000182271,17,30315839,q,17q
ENSG00000140988,16,1962050,p,16p
ENSG00000129667,17,76470891,q,17q
ENSG00000117115,1,17066761,p,1p
ENSG00000088543,3,50558025,p,3p
ENSG00000196323,11,130226677,q,11q
ENSG00000116983,1,39678648,p,1p
ENSG00000120937,1,11857464,p,1p
ENSG00000138463,3,122795069,q,3q
ENSG00000188529,1,23964347,p,1p
ENSG00000185187,11,405711,p,11p
ENSG00000067560,3,49359136,p,3p
ENSG00000173114,7,111091006,q,7q
ENSG00000004700,12,21468910,p,12p
ENSG00000006530,7,141551278,q,7q
ENSG00000182795,1,207018522,q,1q
ENSG00000123444,11,47572197,p,11p
ENSG00000143570,1,153959099,q,1q
ENSG00000058056,3,179653004,q,3q
ENSG00000180902,2,241734596,q,2q
ENSG00000175564,11,74000277,q,11q
ENSG00000125454,17,75272012,q,17q
ENSG00000103351,16,3500976,p,16p
ENSG00000010379,12,220621,p,12p
ENSG00000162631,1,107140007,p,1p
ENSG00000172273,11,119121509,q,11q
ENSG00000143793,1,228100725,q,1q
ENSG00000110921,12,109573255,q,12q
ENSG00000174514,1,205568833,q,1q
ENSG00000038358,16,67873049,q,16q
ENSG00000186432,3,160495007,q,3q
ENSG00000143995,2,66433452,p,2p
ENSG00000149115,11,57299630,q,11q
ENSG00000162496,1,12567909,p,1p
ENSG00000176834,12,118063593,q,12q
ENSG00000058091,7,90466424,q,7q
ENSG00000175183,12,76858703,q,12q
ENSG00000185627,11,236966,p,11p
ENSG00000143578,1,153963719,q,1q
ENSG00000114473,3,197888220,q,3q
ENSG00000108479,17,75751470,q,17q
ENSG00000173960,2,23926788,p,2p
ENSG00000010626,12,6873569,p,12p
ENSG00000286190,17,5499427,p,17p
ENSG00000185813,17,81900958,q,17q
ENSG00000016864,3,52694153,p,3p
ENSG00000125633,2,117915478,q,2q
ENSG00000135519,12,49539028,q,12q
ENSG00000182359,11,106051098,q,11q
ENSG00000106153,7,56094567,p,7p
ENSG00000165973,11,20669551,p,11p
ENSG00000166578,12,113194156,q,12q
ENSG00000132437,7,50458436,p,7p
ENSG00000139433,12,109850943,q,12q
ENSG00000124357,2,71064344,p,2p
ENSG00000168778,12,123671110,q,12q
ENSG00000135776,1,229516582,q,1q
ENSG00000204186,2,206274657,q,2q
ENSG00000134533,12,15107783,p,12p
ENSG00000111181,12,190069,p,12p
ENSG00000138398,2,169584342,q,2q
ENSG00000166086,11,134068998,q,11q
ENSG00000178772,3,194339630,q,3q
ENSG00000144908,3,126103561,q,3q
ENSG00000132781,1,45329163,p,1p
ENSG00000011405,11,17077730,p,11p
ENSG00000124019,2,224376821,q,2q
ENSG00000115310,2,54972187,p,2p
ENSG00000137714,11,110429379,q,11q
ENSG00000148926,11,10303392,p,11p
ENSG00000134283,12,42238418,q,12q
ENSG00000172508,11,67414968,q,11q
ENSG00000197170,17,67337916,q,17q
ENSG00000196715,7,65873074,q,7q
ENSG00000166407,11,8224309,p,11p
ENSG00000134955,11,125063302,q,11q
ENSG00000078053,7,38383700,p,7p
ENSG00000182938,17,74935883,q,17q
ENSG00000167083,17,49202791,q,17q
ENSG00000110011,11,64230158,q,11q
ENSG00000115239,2,53532672,p,2p
ENSG00000159210,17,48929316,q,17q
ENSG00000110455,11,44065916,p,11p
ENSG00000173421,3,49198428,p,3p
ENSG00000167699,17,757097,p,17p
ENSG00000015676,7,44379119,p,7p
ENSG00000164080,3,51538666,p,3p
ENSG00000172935,11,69004376,q,11q
ENSG00000167792,11,67605653,q,11q
ENSG00000105953,7,44606549,p,7p
ENSG00000102901,16,67828157,q,16q
ENSG00000132323,2,238170400,q,2q
ENSG00000204316,17,75898643,q,17q
ENSG00000177311,3,141324154,q,3q
ENSG00000167434,17,60147838,q,17q
ENSG00000008323,12,6310225,p,12p
ENSG00000108932,17,68267026,q,17q
ENSG00000154265,17,69244311,q,17q
ENSG00000167994,11,61897232,q,11q
ENSG00000163660,3,157146508,q,3q
ENSG00000187555,16,8892097,p,16p
ENSG00000127837,2,218264125,q,2q
ENSG00000149428,11,119044185,q,11q
ENSG00000110911,12,50979401,q,12q
ENSG00000180376,3,56557161,p,3p
ENSG00000215644,17,81803105,q,17q
ENSG00000167394,16,31060842,p,16p
ENSG00000115828,2,37342827,p,2p
ENSG00000172530,16,87949127,q,16q
ENSG00000171150,2,46698423,p,2p
ENSG00000129055,3,134477704,q,3q
ENSG00000183023,2,40097270,p,2p
ENSG00000174776,3,167477789,q,3q
ENSG00000115866,2,135905881,q,2q
ENSG00000169359,3,155821024,q,3q
ENSG00000001617,3,50155012,p,3p
ENSG00000132388,17,4269259,p,17p
ENSG00000257949,17,75979235,q,17q
ENSG00000068912,2,53787009,p,2p
ENSG00000111300,12,112026689,q,12q
ENSG00000108262,17,29573475,q,17q
ENSG00000163359,2,237324003,q,2q
ENSG00000164604,7,113078331,q,7q
ENSG00000165685,12,10170512,p,12p
ENSG00000181789,3,129249576,q,3q
ENSG00000136197,7,42908619,p,7p
ENSG00000001630,7,92084987,q,7q
ENSG00000196850,12,110533245,q,12q
ENSG00000111058,12,80936414,q,12q
ENSG00000086730,7,74199652,q,7q
ENSG00000111269,12,12611827,p,12p
ENSG00000182870,12,132196372,q,12q
ENSG00000149499,11,62602217,q,11q
ENSG00000168301,3,58491078,p,3p
ENSG00000037897,12,57768471,q,12q
ENSG00000131386,3,16174573,p,3p
ENSG00000166866,12,57028517,q,12q
ENSG00000172782,17,74877295,q,17q
ENSG00000067596,17,43483865,q,17q
ENSG00000163389,3,119468963,q,3q
ENSG00000198648,2,167949900,q,2q
ENSG00000106459,7,129611699,q,7q
ENSG00000144867,3,133784023,q,3q
ENSG00000179583,16,10866222,p,16p
ENSG00000090539,3,184379381,q,3q
ENSG00000135124,12,121210065,q,12q
ENSG00000141161,17,35146495,q,17q
ENSG00000144278,2,153871398,q,2q
ENSG00000116701,1,183554461,q,1q
ENSG00000116266,1,108746634,p,1p
ENSG00000008311,7,122064583,q,7q
ENSG00000167985,11,61430042,q,11q
ENSG00000134072,3,9757346,p,3p
ENSG00000111581,12,68686951,q,12q
ENSG00000160703,11,119166481,q,11q
ENSG00000240344,2,200870907,q,2q
ENSG00000174943,16,29905012,p,16p
ENSG00000113805,3,74262568,p,3p
ENSG00000134376,1,197268204,q,1q
ENSG00000090534,3,184371935,q,3q
ENSG00000167264,16,67987746,q,16q
ENSG00000113946,3,190322522,q,3q
ENSG00000126432,11,64318041,q,11q
ENSG00000114859,3,184346185,q,3q
ENSG00000081985,1,67307364,p,1p
ENSG00000205356,7,98214624,q,7q
ENSG00000108950,17,68535113,q,17q
ENSG00000152270,11,14643663,p,11p
ENSG00000135913,2,218450251,q,2q
ENSG00000108439,17,47941506,q,17q
ENSG00000111245,12,110909996,q,12q
ENSG00000006128,7,97732053,q,7q
ENSG00000225190,17,45435900,q,17q
ENSG00000206562,3,15381061,p,3p
ENSG00000262655,11,13962694,p,11p
ENSG00000078549,7,31052308,p,7p
ENSG00000149557,11,125442881,q,11q
ENSG00000108878,17,67044554,q,17q
ENSG00000109061,17,10491389,p,17p
ENSG00000168309,3,58564117,p,3p
ENSG00000087502,12,29337352,p,12p
ENSG00000127947,7,77537295,q,7q
ENSG00000163882,3,184360856,q,3q
ENSG00000150722,2,181954241,q,2q
ENSG00000163166,2,127436207,q,2q
ENSG00000120332,1,175067509,q,1q
ENSG00000161791,12,49636499,q,12q
ENSG00000114030,3,122421902,q,3q
ENSG00000062716,17,59707192,q,17q
ENSG00000149089,11,34853094,p,11p
ENSG00000153208,2,111898607,q,2q
ENSG00000135828,1,182573634,q,1q
ENSG00000213199,7,151048292,q,7q
ENSG00000174842,1,92245788,p,1p
ENSG00000091409,2,172234216,q,2q
ENSG00000151702,11,128686535,q,11q
ENSG00000177409,7,93130056,q,7q
ENSG00000149547,11,125568248,q,11q
ENSG00000111325,12,122974580,q,12q
ENSG00000168291,3,58427630,p,3p
ENSG00000164828,7,816591,p,7p
ENSG00000049283,17,50532548,q,17q
ENSG00000167930,16,234521,p,16p
ENSG00000091986,3,112596797,q,3q
ENSG00000151176,12,113358544,q,12q
ENSG00000133048,1,203178931,q,1q
ENSG00000108576,17,30194312,q,17q
ENSG00000136542,2,157257578,q,2q
ENSG00000080371,12,71754863,q,12q
ENSG00000180353,3,121631399,q,3q
ENSG00000135968,2,108449107,q,2q
ENSG00000089159,12,120210439,q,12q
ENSG00000189334,1,153614255,q,1q
ENSG00000143891,2,38666081,p,2p
ENSG00000179348,3,128479423,q,3q
ENSG00000171621,1,9292101,p,1p
ENSG00000142330,2,240586383,q,2q
ENSG00000154370,1,228393672,q,1q
ENSG00000213533,3,52836219,p,3p
ENSG00000109113,17,28713545,q,17q
ENSG00000114416,3,180868141,q,3q
ENSG00000162909,1,223701593,q,1q
ENSG00000110074,11,126269024,q,11q
ENSG00000025434,11,47248300,p,11p
ENSG00000115561,2,86503430,p,2p
ENSG00000003509,2,37231631,p,2p
ENSG00000137962,1,94148988,p,1p
ENSG00000161203,3,184174689,q,3q
ENSG00000155974,12,66347431,q,12q
ENSG00000115758,2,10439968,p,2p
ENSG00000116141,1,220528086,q,1q
ENSG00000168329,3,39263495,p,3p
ENSG00000173473,3,47585269,p,3p
ENSG00000185482,12,57243453,q,12q
ENSG00000275052,2,55547292,p,2p
ENSG00000184613,12,44508274,q,12q
ENSG00000158014,1,26037252,p,1p
ENSG00000082497,1,210232596,q,1q
ENSG00000004660,17,3860315,p,17p
ENSG00000173614,1,9943428,p,1p
ENSG00000117477,1,169394870,q,1q
ENSG00000135090,12,118149801,q,12q
ENSG00000121905,1,32881498,p,1p
ENSG00000185269,17,81952507,q,17q
ENSG00000143632,1,229430365,q,1q
ENSG00000173153,11,64305080,q,11q
ENSG00000141556,17,82751855,q,17q
ENSG00000132677,1,156369209,q,1q
ENSG00000171960,1,42658185,p,1p
ENSG00000184014,11,9138825,p,11p
ENSG00000135677,12,64713442,q,12q
ENSG00000121807,3,46353864,p,3p
ENSG00000175105,3,88058723,p,3p
ENSG00000056736,3,53845783,p,3p
ENSG00000138050,2,39736060,p,2p
ENSG00000124006,2,219550727,q,2q
ENSG00000181061,3,42782908,p,3p
ENSG00000125944,1,23303771,p,1p
ENSG00000083093,16,23603160,p,16p
ENSG00000074527,12,95657807,q,12q
ENSG00000036054,3,100260780,q,3q
ENSG00000166391,11,75717838,q,11q
ENSG00000166261,11,123723914,q,11q
ENSG00000162878,2,42048021,p,2p
ENSG00000149927,16,30005507,p,16p
ENSG00000111674,12,6913745,p,12p
ENSG00000143458,1,151070514,q,1q
ENSG00000159063,11,78095244,q,11q
ENSG00000185946,1,103525675,p,1p
ENSG00000136044,12,105172485,q,12q
ENSG00000113812,3,53863038,p,3p
ENSG00000173113,11,64316460,q,11q
ENSG00000133657,3,194402672,q,3q
ENSG00000021762,11,3087107,p,11p
ENSG00000144642,3,28574791,p,3p
ENSG00000066136,1,40691570,p,1p
ENSG00000159579,16,57186137,q,16q
ENSG00000185480,12,102120122,q,12q
ENSG00000150687,11,86791059,q,11q
ENSG00000135720,16,66720893,q,16q
ENSG00000166478,11,9460319,p,11p
ENSG00000139350,12,96907224,q,12q
ENSG00000033867,3,27372723,p,3p
ENSG00000102893,16,47461123,q,16q
ENSG00000094914,12,53307456,q,12q
ENSG00000271447,17,35756249,q,17q
ENSG00000126858,17,32142442,q,17q
ENSG00000163798,2,27663426,p,2p
ENSG00000066084,12,50504962,q,12q
ENSG00000172086,2,88027203,p,2p
ENSG00000155636,2,178112385,q,2q
ENSG00000138442,2,202874261,q,2q
ENSG00000139173,12,43835967,q,12q
ENSG00000167526,16,89560637,q,16q
ENSG00000135447,12,54575387,q,12q
ENSG00000005175,12,47661249,q,12q
ENSG00000129084,11,14504211,p,11p
ENSG00000119013,2,201071433,q,2q
ENSG00000065057,16,2039814,p,16p
ENSG00000128654,2,176269395,q,2q
ENSG00000180881,12,75275979,q,12q
ENSG00000140829,16,72093613,q,16q
ENSG00000122565,7,26201162,p,7p
ENSG00000061938,3,195863364,q,3q
ENSG00000165434,11,74330315,q,11q
ENSG00000119865,2,68284171,p,2p
ENSG00000170745,2,17877847,p,2p
ENSG00000110080,11,126354677,q,11q
ENSG00000140950,16,84476345,q,16q
ENSG00000178623,2,240605430,q,2q
ENSG00000155849,7,36852906,p,7p
ENSG00000152102,2,131047876,q,2q
ENSG00000103264,16,87326987,q,16q
ENSG00000120837,12,104117080,q,12q
ENSG00000196296,16,28878405,p,16p
ENSG00000177119,12,45215987,q,12q
ENSG00000180398,2,46901870,p,2p
ENSG00000114648,3,47282633,p,3p
ENSG00000198420,7,143851364,q,7q
ENSG00000088727,3,47227998,p,3p
ENSG00000242802,7,4775615,p,7p
ENSG00000072135,2,130356027,q,2q
ENSG00000120833,12,93569808,q,12q
ENSG00000140795,16,46702282,q,16q
ENSG00000186908,12,76764103,q,12q
ENSG00000177548,16,28904420,p,16p
ENSG00000004766,7,93232340,q,7q
ENSG00000184988,17,43211835,q,17q
ENSG00000163320,3,88051944,p,3p
ENSG00000152683,2,32165841,p,2p
ENSG00000006831,12,1688574,p,12p
ENSG00000240303,3,132558138,q,3q
ENSG00000205544,17,7402975,p,17p
ENSG00000141736,17,39687914,q,17q
ENSG00000103528,16,19167971,p,16p
ENSG00000115307,2,74526636,p,2p
ENSG00000103253,16,726494,p,16p
ENSG00000171681,12,14365627,p,12p
ENSG00000153560,3,33388336,p,3p
ENSG00000103249,16,1444934,p,16p
ENSG00000144381,2,197486580,q,2q
ENSG00000136059,3,37987978,p,3p
ENSG00000111186,12,1529854,p,12p
ENSG00000070540,17,68420948,q,17q
ENSG00000111540,12,55973913,q,12q
ENSG00000185504,17,81539885,q,17q
ENSG00000136297,7,4905989,p,7p
ENSG00000135272,7,114921746,q,7q
ENSG00000258890,17,64506767,q,17q
ENSG00000136235,7,23235967,p,7p
ENSG00000111667,12,6852122,p,12p
ENSG00000161594,17,41835685,q,17q
ENSG00000163710,3,142815922,q,3q
ENSG00000159111,17,47823272,q,17q
ENSG00000170412,17,74424851,q,17q
ENSG00000184432,3,139353942,q,3q
ENSG00000152147,2,38751534,p,2p
ENSG00000136451,17,57971547,q,17q
ENSG00000236609,7,6615348,p,7p
ENSG00000049323,2,32946472,p,2p
ENSG00000164654,7,7566823,p,7p
ENSG00000177731,17,18244782,p,17p
ENSG00000129048,3,132597270,q,3q
ENSG00000213853,16,10528422,p,16p
ENSG00000175110,3,139005806,q,3q
ENSG00000136244,7,22725884,p,7p
ENSG00000125170,16,57471917,q,16q
ENSG00000106628,7,44114631,p,7p
ENSG00000158023,12,121918574,q,12q
ENSG00000058866,3,186105668,q,3q
ENSG00000111218,12,3381349,p,12p
ENSG00000137747,11,117900641,q,11q
ENSG00000139641,12,56118250,q,12q
ENSG00000205336,16,57610652,q,16q
ENSG00000149084,11,43680509,p,11p
ENSG00000174953,3,154272546,q,3q
ENSG00000117475,1,169367970,q,1q
ENSG00000121900,1,32894593,p,1p
ENSG00000131626,11,70270655,q,11q
ENSG00000105865,7,107563484,q,7q
ENSG00000168264,1,234602300,q,1q
ENSG00000171492,1,89820978,p,1p
ENSG00000174928,3,155762612,q,3q
ENSG00000142632,1,16197854,p,1p
ENSG00000106546,7,16916359,p,7p
ENSG00000158163,3,138061987,q,3q
ENSG00000197037,7,99616623,q,7q
ENSG00000160752,1,155304786,q,1q
ENSG00000010327,3,52495337,p,3p
ENSG00000168878,2,85655154,p,2p
ENSG00000106538,7,150338314,q,7q
ENSG00000122970,12,110124335,q,12q
ENSG00000129173,11,19224063,p,11p
ENSG00000105948,7,139133744,q,7q
ENSG00000162520,1,32679906,p,1p
ENSG00000109929,11,121292681,q,11q
ENSG00000006042,17,32927910,q,17q
ENSG00000078369,1,1785285,p,1p
ENSG00000151116,11,18529607,p,11p
ENSG00000187715,3,127915207,q,3q
ENSG00000164850,7,1082208,p,7p
ENSG00000111348,12,14942015,p,12p
ENSG00000163820,3,45917903,p,3p
ENSG00000127995,7,94509219,q,7q
ENSG00000174106,12,65169342,q,12q
ENSG00000002919,17,48103357,q,17q
ENSG00000151090,3,24117153,p,3p
ENSG00000156738,11,60455752,q,11q
ENSG00000183735,12,64452090,q,12q
ENSG00000105968,7,44826791,p,7p
ENSG00000167257,11,117232154,q,11q
ENSG00000176170,17,76376584,q,17q
ENSG00000257923,7,101815904,q,7q
ENSG00000154229,17,66302613,q,17q
ENSG00000135902,2,232525993,q,2q
ENSG00000137501,11,85694224,q,11q
ENSG00000163482,2,218672052,q,2q
ENSG00000141456,17,4669774,p,17p
ENSG00000167778,12,53064316,q,12q
ENSG00000013503,12,106357693,q,12q
ENSG00000198231,17,63773603,q,17q
ENSG00000181072,7,136868652,q,7q
ENSG00000005471,7,87401696,q,7q
ENSG00000168268,3,52524370,p,3p
ENSG00000123983,2,222860942,q,2q
ENSG00000108588,17,63745255,q,17q
ENSG00000072041,12,84859491,q,12q
ENSG00000114316,3,49277144,p,3p
ENSG00000185379,17,35092221,q,17q
ENSG00000110801,12,121888726,q,12q
ENSG00000127838,2,218269651,q,2q
ENSG00000122965,12,113816738,q,12q
ENSG00000133789,11,9664072,p,11p
ENSG00000196975,2,69643808,p,2p
ENSG00000122678,7,44070915,p,7p
ENSG00000137491,11,75100563,q,11q
ENSG00000167842,17,5486285,p,17p
ENSG00000132386,17,1761979,p,17p
ENSG00000116473,1,111542218,p,1p
ENSG00000139636,12,49097136,q,12q
ENSG00000257057,11,94512461,q,11q
ENSG00000110090,11,68754620,q,11q
ENSG00000167711,17,1742069,p,17p
ENSG00000172031,1,92029475,p,1p
ENSG00000065183,1,117929063,p,1p
ENSG00000184524,11,787115,p,11p
ENSG00000077454,7,100574011,q,7q
ENSG00000148948,11,40113474,p,11p
ENSG00000162241,11,65375192,q,11q
ENSG00000166226,12,69585423,q,12q
ENSG00000014914,1,149928651,q,1q
ENSG00000135378,11,32829675,p,11p
ENSG00000068971,11,64917553,q,11q
ENSG00000087087,7,100875065,q,7q
ENSG00000118873,1,220148293,q,1q
ENSG00000171532,17,39603536,q,17q
ENSG00000177425,12,79574979,q,12q
ENSG00000186407,17,74609878,q,17q
ENSG00000109063,17,10628526,p,17p
ENSG00000130413,11,8391864,p,11p
ENSG00000189292,2,278286,p,2p
ENSG00000011465,12,91140484,q,12q
ENSG00000172215,3,45940933,p,3p
ENSG00000082781,3,124761948,q,3q
ENSG00000114923,2,219627011,q,2q
ENSG00000141378,17,59674636,q,17q
ENSG00000185359,17,81683326,q,17q
ENSG00000070019,12,14612632,p,12p
ENSG00000116918,1,231528541,q,1q
ENSG00000180891,17,57861243,q,17q
ENSG00000131374,3,17157162,p,3p
ENSG00000143374,1,150487325,q,1q
ENSG00000072609,12,132822187,q,12q
ENSG00000006744,17,12991268,p,17p
ENSG00000110315,11,10511673,p,11p
ENSG00000182450,11,64291302,q,11q
ENSG00000198130,2,190189735,q,2q
ENSG00000174483,11,66510606,q,11q
ENSG00000161036,7,102464939,q,7q
ENSG00000106541,7,16791387,p,7p
ENSG00000114942,2,206159585,q,2q
ENSG00000276600,1,205976740,q,1q
ENSG00000106333,7,100602334,q,7q
ENSG00000204084,1,37860696,p,1p
ENSG00000135926,2,218274194,q,2q
ENSG00000123836,1,207034366,q,1q
ENSG00000129083,11,14443357,p,11p
ENSG00000174697,7,128241278,q,7q
ENSG00000005981,7,95478444,q,7q
ENSG00000005249,7,107044627,q,7q
ENSG00000141582,17,79833156,q,17q
ENSG00000161381,17,39063313,q,17q
ENSG00000161040,7,102811189,q,7q
ENSG00000106460,7,12211042,p,7p
ENSG00000173226,3,121769399,q,3q
ENSG00000005156,17,34980462,q,17q
ENSG00000081760,12,125065364,q,12q
ENSG00000198839,7,112206695,q,7q
ENSG00000154342,1,228006924,q,1q
ENSG00000067704,1,220094107,q,1q
ENSG00000197093,7,100159244,q,7q
ENSG00000136247,7,6577405,p,7p
ENSG00000115216,2,27427790,p,2p
ENSG00000137497,11,72002860,q,11q
ENSG00000224982,12,119593774,q,12q
ENSG00000174989,12,116910839,q,12q
ENSG00000131375,3,15206112,p,3p
ENSG00000155363,1,112673141,p,1p
ENSG00000154025,17,18950345,p,17p
ENSG00000111602,12,56416363,q,12q
ENSG00000161048,7,103099776,q,7q
ENSG00000087191,17,63827152,q,17q
ENSG00000172053,3,49095932,p,3p
ENSG00000176428,7,73667831,q,7q
ENSG00000032389,2,3188925,p,2p
ENSG00000128606,7,102912941,q,7q
ENSG00000160813,7,100435282,q,7q
ENSG00000129103,7,56064002,p,7p
ENSG00000079785,2,15591178,p,2p
ENSG00000108443,17,59893046,q,17q
ENSG00000198324,12,111360651,q,12q
ENSG00000011105,12,3077355,p,12p
ENSG00000136238,7,6374098,p,7p
ENSG00000151065,12,1946052,p,12p
ENSG00000088035,1,63367575,p,1p
ENSG00000141503,17,4833147,p,17p
ENSG00000130779,12,122271432,q,12q
ENSG00000106246,7,99416739,q,7q
ENSG00000142700,1,50417550,p,1p
ENSG00000198483,1,145866560,q,1q
ENSG00000170632,7,103074625,q,7q
ENSG00000164011,1,42846573,p,1p
ENSG00000137992,1,100182222,p,1p
ENSG00000157184,1,53196792,p,1p
ENSG00000055917,2,20248691,p,2p
ENSG00000172380,1,67701466,p,1p
ENSG00000172354,7,100673567,q,7q
ENSG00000203666,1,244969682,q,1q
ENSG00000143502,1,223220819,q,1q
ENSG00000133065,1,205789091,q,1q
ENSG00000164776,7,56079923,p,7p
ENSG00000184575,12,64404168,q,12q
ENSG00000163870,3,127571232,q,3q
ENSG00000154114,11,121024072,q,11q
ENSG00000106245,7,99408615,q,7q
ENSG00000108582,17,30378922,q,17q
ENSG00000087077,7,100867126,q,7q
ENSG00000171680,1,6467122,p,1p
ENSG00000134574,11,47214457,p,11p
ENSG00000170037,17,7932101,p,17p
ENSG00000179295,12,112418351,q,12q
ENSG00000172500,11,65883740,q,11q
ENSG00000008277,7,87934136,q,7q
ENSG00000108406,17,59565558,q,17q
ENSG00000186815,12,113221050,q,12q
ENSG00000168496,11,61792725,q,11q
ENSG00000184154,11,72080286,q,11q
ENSG00000159314,17,45393898,q,17q
ENSG00000068976,11,64746389,q,11q
ENSG00000166352,11,36594369,p,11p
ENSG00000170011,3,39808914,p,3p
ENSG00000163075,2,119544432,q,2q
ENSG00000123473,1,47250139,p,1p
ENSG00000149150,11,57484064,q,11q
ENSG00000087152,17,44191805,q,17q
ENSG00000004838,3,50341110,p,3p
ENSG00000108551,17,17494437,p,17p
ENSG00000114388,3,50347330,p,3p
ENSG00000116005,2,70257386,p,2p
ENSG00000108312,17,44205033,q,17q
ENSG00000198380,2,69319780,p,2p
ENSG00000166452,11,8911113,p,11p
ENSG00000173402,3,49468649,p,3p
ENSG00000135451,12,49323216,q,12q
ENSG00000085117,11,44564414,p,11p
ENSG00000122068,3,197737179,q,3q
ENSG00000157214,7,90167590,q,7q
ENSG00000085998,1,46188681,p,1p
ENSG00000163939,3,52544735,p,3p
ENSG00000174600,12,108288044,q,12q
ENSG00000128641,2,191245064,q,2q
ENSG00000257727,12,56308024,q,12q
ENSG00000205060,7,134289332,q,7q
ENSG00000065883,7,39950121,p,7p
ENSG00000090263,7,141002610,q,7q
ENSG00000133805,11,10308162,p,11p
ENSG00000106261,7,100015570,q,7q
ENSG00000178234,7,152025626,q,7q
ENSG00000173442,11,65575943,q,11q
ENSG00000196091,12,101568353,q,12q
ENSG00000144749,3,66378794,p,3p
ENSG00000155380,1,112911847,p,1p
ENSG00000248746,11,66546395,q,11q
ENSG00000085491,1,108134043,p,1p
ENSG00000121671,11,45847118,p,11p
ENSG00000116747,1,193059445,q,1q
ENSG00000176532,7,29563775,p,7p
ENSG00000164885,7,151051517,q,7q
ENSG00000175591,11,73216664,q,11q
ENSG00000108819,17,50133737,q,17q
ENSG00000150776,11,112074086,q,11q
ENSG00000106351,7,100539190,q,7q
ENSG00000196169,17,74326188,q,17q
ENSG00000011347,11,61513714,q,11q
ENSG00000088280,1,23428561,p,1p
ENSG00000072274,3,196012511,q,3q
ENSG00000002822,7,1815787,p,7p
ENSG00000165915,11,47407132,p,11p
ENSG00000159650,3,126481165,q,3q
ENSG00000143324,1,180632016,q,1q
ENSG00000163406,3,121894391,q,3q
ENSG00000132383,17,1829702,p,17p
ENSG00000175216,11,46743048,p,11p
ENSG00000067208,1,92508696,p,1p
ENSG00000001631,7,92197498,q,7q
ENSG00000144061,2,110122311,q,2q
ENSG00000075785,3,128693669,q,3q
ENSG00000171595,17,74274234,q,17q
ENSG00000121903,1,33472597,p,1p
ENSG00000163517,3,13479724,p,3p
ENSG00000143437,1,150808617,q,1q
ENSG00000154803,17,17212206,p,17p
ENSG00000138443,2,203328252,q,2q
ENSG00000065320,17,9021210,p,17p
ENSG00000183034,17,74922950,q,17q
ENSG00000163584,3,170864875,q,3q
ENSG00000168517,17,45160700,q,17q
ENSG00000080822,3,98497912,q,3q
ENSG00000008283,17,63432298,q,17q
ENSG00000106178,7,75810825,q,7q
ENSG00000161526,17,75667230,q,17q
ENSG00000168005,11,63813433,q,11q
ENSG00000132436,7,50444128,p,7p
ENSG00000161328,11,536841,p,11p
ENSG00000075303,7,87833561,q,7q
ENSG00000183763,3,49828595,p,3p
ENSG00000167987,11,61130257,q,11q
ENSG00000213445,11,65638091,q,11q
ENSG00000136273,7,47961882,p,7p
ENSG00000108506,17,61865367,q,17q
ENSG00000081307,3,132654446,q,3q
ENSG00000115548,2,86440647,p,2p
ENSG00000135249,7,105532160,q,7q
ENSG00000136279,7,44044628,p,7p
ENSG00000108773,17,42113111,q,17q
ENSG00000197601,11,13667462,p,11p
ENSG00000131788,1,145848521,q,1q
ENSG00000135363,11,33858574,p,11p
ENSG00000111790,12,26938401,p,12p
ENSG00000026508,11,35138882,p,11p
ENSG00000205707,12,25194775,p,12p
ENSG00000134108,3,5122249,p,3p
ENSG00000049239,1,9234774,p,1p
ENSG00000108784,17,42536241,q,17q
ENSG00000068885,3,160256986,q,3q
ENSG00000139200,12,6693791,p,12p
ENSG00000018699,2,32628032,p,2p
ENSG00000177628,1,155234447,q,1q
ENSG00000187778,12,49556544,q,12q
ENSG00000146872,17,62458658,q,17q
ENSG00000138411,2,196189099,q,2q
ENSG00000121858,3,172505508,q,3q
ENSG00000011198,3,43690108,p,3p
ENSG00000133019,1,239386513,q,1q
ENSG00000213672,3,48673841,p,3p
ENSG00000169902,7,66205289,q,7q
ENSG00000117691,1,212432853,q,1q
ENSG00000138375,2,216412383,q,2q
ENSG00000186364,1,145845603,q,1q
ENSG00000135838,1,182789293,q,1q
ENSG00000086300,7,26291862,p,7p
ENSG00000153237,2,158171073,q,2q
ENSG00000163655,3,155870591,q,3q
ENSG00000119004,2,203238952,q,2q
ENSG00000136267,7,14145049,p,7p
ENSG00000181873,1,228165777,q,1q
ENSG00000135829,1,182839302,q,1q
ENSG00000169064,3,167239843,q,3q
ENSG00000160917,7,99438908,q,7q
ENSG00000196950,2,195575977,q,2q
ENSG00000114107,3,138494339,q,3q
ENSG00000197273,1,42162690,p,1p
ENSG00000167183,17,47950851,q,17q
ENSG00000106588,7,42916828,p,7p
ENSG00000070785,1,44850522,p,1p
ENSG00000239704,17,15436015,p,17p
ENSG00000067191,17,39173453,q,17q
ENSG00000132128,1,46261196,p,1p
ENSG00000164603,7,112819147,q,7q
ENSG00000135241,7,108470417,q,7q
ENSG00000131778,1,147242643,q,1q
ENSG00000151689,2,190340590,q,2q
ENSG00000108821,17,50184101,q,17q
ENSG00000120756,3,142595644,q,3q
ENSG00000136270,7,45097584,p,7p
ENSG00000144524,2,231781671,q,2q
ENSG00000138356,2,200585864,q,2q
ENSG00000134333,11,18394347,p,11p
ENSG00000276234,17,37406884,q,17q
ENSG00000198909,17,63622381,q,17q
ENSG00000157778,7,1567332,p,7p
ENSG00000116095,2,178480457,q,2q
ENSG00000006576,7,77798761,q,7q
ENSG00000119801,2,30146771,p,2p
ENSG00000162692,1,100719684,p,1p
ENSG00000198382,11,75815180,q,11q
ENSG00000177463,3,14947544,p,3p
ENSG00000152332,1,162497251,q,1q
ENSG00000189350,2,28956506,p,2p
ENSG00000182963,17,44798448,q,17q
ENSG00000109046,17,27294067,q,17q
ENSG00000057935,2,42494569,p,2p
ENSG00000158714,1,159826693,q,1q
ENSG00000117525,1,94529173,p,1p
ENSG00000117139,1,202724495,q,1q
ENSG00000185670,11,62748319,q,11q
ENSG00000176697,11,27654893,p,11p
ENSG00000163933,3,53066853,p,3p
ENSG00000152558,11,102396332,q,11q
ENSG00000167333,11,4598672,p,11p
ENSG00000171302,17,78991707,q,17q
ENSG00000221968,11,61873519,q,11q
ENSG00000114861,3,70954693,p,3p
ENSG00000068724,2,46915869,p,2p
ENSG00000070669,7,97851677,q,7q
ENSG00000233670,17,10822470,p,17p
ENSG00000129219,17,4807117,p,17p
ENSG00000052841,11,43358920,p,11p
ENSG00000135211,7,77793728,q,7q
ENSG00000106344,7,128297685,q,7q
ENSG00000131242,17,31391675,q,17q
ENSG00000084234,11,130068147,q,11q
ENSG00000115363,2,75469302,p,2p
ENSG00000048405,7,127346790,q,7q
ENSG00000141198,17,54899387,q,17q
ENSG00000146859,7,135148072,q,7q
ENSG00000197448,7,143244093,q,7q
ENSG00000176407,2,84970644,p,2p
ENSG00000075426,2,28392448,p,2p
ENSG00000115459,2,85354394,p,2p
ENSG00000126107,1,45002540,p,1p
ENSG00000146926,7,151175695,q,7q
ENSG00000106025,7,120787319,q,7q
ENSG00000010803,1,41027202,p,1p
ENSG00000146733,7,56010312,p,7p
ENSG00000121057,17,57085092,q,17q
ENSG00000162461,1,15736176,p,1p
ENSG00000019144,11,118606396,q,11q
ENSG00000141499,17,7686071,p,17p
ENSG00000076864,1,21596215,p,1p
ENSG00000105835,7,106248298,q,7q
ENSG00000085760,2,55236230,p,2p
ENSG00000166260,17,54951902,q,17q
ENSG00000132481,17,75874164,q,17q
ENSG00000175826,17,7243589,p,17p
ENSG00000070882,7,24796540,p,7p
ENSG00000108395,17,58982638,q,17q
ENSG00000163171,2,37641882,p,2p
ENSG00000072163,2,127638381,q,2q
ENSG00000197548,3,11272309,p,3p
ENSG00000136295,7,2631919,p,7p
ENSG00000163833,3,121592886,q,3q
ENSG00000163611,3,113442718,q,3q
ENSG00000106608,7,43875894,p,7p
ENSG00000162302,11,64359142,q,11q
ENSG00000158528,7,94907202,q,7q
ENSG00000170291,17,7250823,p,17p
ENSG00000168036,3,41194741,p,3p
ENSG00000152256,2,172555373,q,2q
ENSG00000149403,11,120511717,q,11q
ENSG00000121068,17,61399630,q,17q
ENSG00000155754,2,201487421,q,2q
ENSG00000131748,17,39637090,q,17q
ENSG00000153093,2,110732524,q,2q
ENSG00000106554,7,132784449,q,7q
ENSG00000158517,7,74773975,q,7q
ENSG00000173511,11,64234521,q,11q
ENSG00000127954,7,88270892,q,7q
ENSG00000160999,7,102284995,q,7q
ENSG00000214517,11,74171083,q,11q
ENSG00000164849,7,1044537,p,7p
ENSG00000122779,7,138460210,q,7q
ENSG00000174791,11,66330241,q,11q
ENSG00000278053,17,37609739,q,17q
ENSG00000175220,11,46677075,p,11p
ENSG00000108622,17,64002594,q,17q
ENSG00000122642,7,32957404,p,7p
ENSG00000115207,2,27324198,p,2p
ENSG00000205339,11,9384626,p,11p
ENSG00000128564,7,101162509,q,7q
ENSG00000106290,7,100106876,q,7q
ENSG00000165916,11,47418765,p,11p
ENSG00000114805,3,155375580,q,3q
ENSG00000144230,2,127645864,q,2q
ENSG00000115461,2,216672105,q,2q
ENSG00000171055,2,36531805,p,2p
ENSG00000005243,17,48026142,q,17q
ENSG00000177830,11,867331,p,11p
ENSG00000151779,2,15166913,p,2p
ENSG00000188176,17,4583999,p,17p
ENSG00000118007,3,136336234,q,3q
ENSG00000132522,17,7311324,p,17p
ENSG00000182134,1,151769799,q,1q
ENSG00000128487,17,20008865,p,17p
ENSG00000138363,2,215311956,q,2q
ENSG00000167925,17,42188799,q,17q
ENSG00000144619,3,2098813,p,3p
ENSG00000183077,17,78187330,q,17q
ENSG00000196652,7,99500398,q,7q
ENSG00000198836,3,193593144,q,3q
ENSG00000006468,7,13891229,p,7p
ENSG00000162231,11,62792123,q,11q
ENSG00000092929,17,75827225,q,17q
ENSG00000138080,2,27078044,p,2p
ENSG00000149043,11,1828307,p,11p
ENSG00000143774,1,228139962,q,1q
ENSG00000168530,2,210290150,q,2q
ENSG00000149809,11,65111845,q,11q
ENSG00000162804,2,240998612,q,2q
ENSG00000160908,7,99473877,q,7q
ENSG00000011143,17,58205350,q,17q
ENSG00000221838,7,100100841,q,7q
ENSG00000177374,17,2054154,p,17p
ENSG00000108799,17,42700270,q,17q
ENSG00000144161,2,112211529,q,2q
ENSG00000134780,11,61680391,q,11q
ENSG00000158435,2,101252873,q,2q
ENSG00000121988,2,135136916,q,2q
ENSG00000117543,1,100989623,p,1p
ENSG00000166927,11,60378482,q,11q
ENSG00000183644,11,111514778,q,11q
ENSG00000149311,11,108222804,q,11q
ENSG00000141504,17,7626234,p,17p
ENSG00000135919,2,223975045,q,2q
ENSG00000108671,17,32444379,q,17q
ENSG00000143028,1,109466542,p,1p
ENSG00000033050,7,151211484,q,7q
ENSG00000155366,1,112701127,p,1p
ENSG00000125637,2,113157325,q,2q
ENSG00000110063,11,126304047,q,11q
ENSG00000162998,2,182833275,q,2q
ENSG00000133818,11,14277922,p,11p
ENSG00000168542,2,188974371,q,2q
ENSG00000169193,7,23597377,p,7p
ENSG00000172732,11,65857126,q,11q
ENSG00000106009,7,2537810,p,7p
ENSG00000132376,17,1494575,p,17p
ENSG00000168071,11,64340204,q,11q
ENSG00000153002,3,148791102,q,3q
ENSG00000117595,1,209785254,q,1q
ENSG00000178035,3,49024321,p,3p
ENSG00000166997,7,100119634,q,7q
ENSG00000099849,11,560207,p,11p
ENSG00000196689,17,3565444,p,17p
ENSG00000077080,7,100643097,q,7q
ENSG00000116667,1,184386098,q,1q
ENSG00000185507,11,612551,p,11p
ENSG00000143248,1,163111121,q,1q
ENSG00000169871,7,101085234,q,7q
ENSG00000133561,7,150625375,q,7q
ENSG00000086232,7,6022247,p,7p
ENSG00000085552,1,159927039,q,1q
ENSG00000064012,2,201233443,q,2q
ENSG00000168056,11,65538559,q,11q
ENSG00000163050,1,226938143,q,1q
ENSG00000187531,17,81911939,q,17q
ENSG00000144744,3,69054716,p,3p
ENSG00000124356,2,73828916,p,2p
ENSG00000131771,17,39626740,q,17q
ENSG00000110696,11,16613132,p,11p
ENSG00000109971,11,123057485,q,11q
ENSG00000146828,7,100826820,q,7q
ENSG00000072134,17,19214837,p,17p
ENSG00000144868,3,133038322,q,3q
ENSG00000144810,3,99638426,q,3q
ENSG00000071203,11,60492722,q,11q
ENSG00000142186,11,65525072,q,11q
ENSG00000186001,3,197791226,q,3q
ENSG00000167861,17,74950741,q,17q
ENSG00000185811,7,50303412,p,7p
ENSG00000138095,2,43886224,p,2p
ENSG00000114738,3,50611487,p,3p
ENSG00000072849,17,5471254,p,17p
ENSG00000196189,1,156147366,q,1q
ENSG00000109062,17,74748619,q,17q
ENSG00000127952,7,75996315,q,7q
ENSG00000198720,17,29589769,q,17q
ENSG00000172936,3,38138552,p,3p
ENSG00000108852,17,43875357,q,17q
ENSG00000084628,1,31179344,p,1p
ENSG00000144815,3,101778900,q,3q
ENSG00000196411,7,100802563,q,7q
ENSG00000143575,1,154269393,q,1q
ENSG00000179833,2,64631621,p,2p
ENSG00000163161,2,127257285,q,2q
ENSG00000117408,1,43946830,p,1p
ENSG00000154783,3,14810518,p,3p
ENSG00000143499,1,214280935,q,1q
ENSG00000106089,7,73699205,q,7q
ENSG00000214063,11,840686,p,11p
ENSG00000153250,2,160272151,q,2q
ENSG00000126581,17,42809870,q,17q
ENSG00000164708,7,44062727,p,7p
ENSG00000203705,1,212791828,q,1q
ENSG00000164659,7,86876906,q,7q
ENSG00000182973,3,32685139,p,3p
ENSG00000146701,7,76048050,q,7q
ENSG00000167549,17,29614756,q,17q
ENSG00000054356,2,219289623,q,2q
ENSG00000006704,7,74452463,q,7q
ENSG00000143294,1,156750610,q,1q
ENSG00000221926,17,15627950,p,17p
ENSG00000159352,1,151254709,q,1q
ENSG00000145103,3,121987323,q,3q
ENSG00000171109,3,179346952,q,3q
ENSG00000159842,17,1003519,p,17p
ENSG00000135931,2,231198546,q,2q
ENSG00000168003,11,62855970,q,11q
ENSG00000143093,1,110031577,p,1p
ENSG00000174516,11,66466303,q,11q
ENSG00000143641,1,230057990,q,1q
ENSG00000183726,1,25338295,p,1p
ENSG00000006125,17,35578046,q,17q
ENSG00000049449,11,32090971,p,11p
ENSG00000175467,11,65961689,q,11q
ENSG00000178252,3,49007062,p,3p
ENSG00000116406,1,184690237,q,1q
ENSG00000178149,3,49015488,p,3p
ENSG00000023191,11,494510,p,11p
ENSG00000085662,7,134442349,q,7q
ENSG00000117598,1,98890245,p,1p
ENSG00000168237,3,52286945,p,3p
ENSG00000135912,2,218710809,q,2q
ENSG00000162552,1,22117313,p,1p
ENSG00000152601,3,152243828,q,3q
ENSG00000162614,1,77888480,p,1p
ENSG00000115657,2,219209766,q,2q
ENSG00000066135,1,43649256,p,1p
ENSG00000170043,17,7930345,p,17p
ENSG00000055130,7,148697914,q,7q
ENSG00000125450,17,75205659,q,17q
ENSG00000158286,1,6205392,p,1p
ENSG00000204634,2,101005934,q,2q
ENSG00000013297,3,170418865,q,3q
ENSG00000154928,3,134795260,q,3q
ENSG00000131467,17,42824385,q,17q
ENSG00000124380,2,69893956,p,2p
ENSG00000115271,2,162318839,q,2q
ENSG00000163637,3,64092236,p,3p
ENSG00000183873,3,38548057,p,3p
ENSG00000185090,1,37793847,p,1p
ENSG00000078018,2,209423988,q,2q
ENSG00000054282,1,243255349,q,1q
ENSG00000141052,17,12665890,p,17p
ENSG00000070759,1,45343877,p,1p
ENSG00000106086,7,30027404,p,7p
ENSG00000037042,17,42659223,q,17q
ENSG00000182118,1,231018958,q,1q
ENSG00000120656,1,28587829,p,1p
ENSG00000143847,1,203026491,q,1q
ENSG00000168259,17,41976421,q,17q
ENSG00000105982,7,156640281,q,7q
ENSG00000235750,1,175156986,q,1q
ENSG00000135766,1,231363751,q,1q
ENSG00000118217,1,161766261,q,1q
ENSG00000197415,3,157259742,q,3q
ENSG00000188191,7,549196,p,7p
ENSG00000088179,2,119759604,q,2q
ENSG00000196083,3,190514051,q,3q
ENSG00000169504,1,24745342,p,1p
ENSG00000158882,1,161225939,q,1q
ENSG00000108840,17,44076746,q,17q
ENSG00000164818,7,726690,p,7p
ENSG00000142920,1,33081104,p,1p
ENSG00000082684,3,122908792,q,3q
ENSG00000071051,2,105744369,q,2q
ENSG00000106263,7,2354086,p,7p
ENSG00000163017,2,73892232,p,2p
ENSG00000185104,1,50437028,p,1p
ENSG00000163661,3,157436850,q,3q
ENSG00000114626,3,127672906,q,3q
ENSG00000163006,2,108786745,q,2q
ENSG00000010270,7,38178245,p,7p
ENSG00000113851,3,3144628,p,3p
ENSG00000236782,1,26169516,p,1p
ENSG00000173369,1,22652713,p,1p
ENSG00000198758,1,109750078,p,1p
ENSG00000093183,3,42547969,p,3p
ENSG00000196141,2,200305881,q,2q
ENSG00000072756,3,3126364,p,3p
ENSG00000122786,7,134744252,q,7q
ENSG00000163479,1,156009041,q,1q
ENSG00000160746,3,43354859,p,3p
ENSG00000135845,1,172370189,q,1q
ENSG00000117480,1,46394265,p,1p
ENSG00000178971,17,8224815,p,17p
ENSG00000116668,1,185156103,q,1q
ENSG00000114857,3,42600471,p,3p
ENSG00000108405,17,3896592,p,17p
ENSG00000184454,1,24556076,p,1p
ENSG00000143147,1,168079542,q,1q
ENSG00000108639,17,78168567,q,17q
ENSG00000247596,3,52228612,p,3p
ENSG00000141738,17,39737490,q,17q
ENSG00000164088,3,52245741,p,3p
ENSG00000136628,1,219968598,q,1q
ENSG00000163931,3,53224712,p,3p
ENSG00000169087,3,122739981,q,3q
ENSG00000187118,3,28241584,p,3p
ENSG00000113838,3,186546067,q,3q
ENSG00000167291,17,79932343,q,17q
ENSG00000134070,3,10164863,p,3p
ENSG00000117707,1,213982711,q,1q
ENSG00000117676,1,26529756,p,1p
ENSG00000113971,3,132680609,q,3q
ENSG00000161204,3,184186095,q,3q
ENSG00000141314,17,32265787,q,17q
ENSG00000108591,17,18087892,p,17p
ENSG00000065534,3,123610049,q,3q
ENSG00000177565,3,177019340,q,3q
ENSG00000184060,17,30906344,q,17q
ENSG00000142892,1,77088987,p,1p
ENSG00000163866,1,34712737,p,1p
ENSG00000128694,2,189746415,q,2q
ENSG00000160062,1,32539142,p,1p
ENSG00000141258,17,2337492,p,17p
ENSG00000115221,2,160099664,q,2q
ENSG00000117620,1,99969351,p,1p
ENSG00000136478,17,64147227,q,17q
ENSG00000011566,2,39249266,p,2p
ENSG00000180198,1,28505943,p,1p
ENSG00000121864,3,179323031,q,3q
ENSG00000127252,3,193240620,q,3q
ENSG00000156983,3,9731729,p,3p
ENSG00000132591,17,28855009,q,17q
ENSG00000114439,3,107522936,q,3q
ENSG00000197879,17,1464186,p,17p
ENSG00000116120,2,222566899,q,2q
ENSG00000152527,2,43637260,p,2p
ENSG00000115840,2,171781400,q,2q
ENSG00000187815,1,40477233,p,1p
ENSG00000181038,17,76725981,q,17q
ENSG00000117281,1,145719443,q,1q
ENSG00000130775,1,27872543,p,1p
ENSG00000005882,17,50094737,q,17q
ENSG00000138071,2,65227745,p,2p
ENSG00000019169,2,118942172,q,2q
ENSG00000198218,3,49029707,p,3p
ENSG00000170190,17,75077226,q,17q
ENSG00000115091,2,113889600,q,2q
ENSG00000117133,1,84479257,p,1p
ENSG00000122482,1,90915298,p,1p
ENSG00000135917,2,227683763,q,2q
ENSG00000155893,3,141228726,q,3q
ENSG00000041988,1,6624845,p,1p
ENSG00000120093,17,48548870,q,17q
ENSG00000163001,2,55519559,p,2p
ENSG00000175206,1,11845709,p,1p
ENSG00000162511,1,30732465,p,1p
ENSG00000108515,17,4948046,p,17p
ENSG00000204859,1,6579994,p,1p
ENSG00000163686,3,58237516,p,3p
ENSG00000138078,2,44316281,p,2p
ENSG00000114670,3,131026850,q,3q
ENSG00000143761,1,228081841,q,1q
ENSG00000055732,1,85018082,p,1p
ENSG00000160602,17,28725897,q,17q
ENSG00000278259,17,36495118,q,17q
ENSG00000143196,1,168695457,q,1q
ENSG00000065243,1,88684222,p,1p
ENSG00000211456,3,45689056,p,3p
ENSG00000115756,2,10301356,p,2p
ENSG00000154309,1,222814730,q,1q
ENSG00000143401,1,150218417,q,1q
ENSG00000174839,3,57625454,p,3p
ENSG00000126062,3,50354749,p,3p
ENSG00000108883,17,44849948,q,17q
ENSG00000162576,1,1352689,p,1p
ENSG00000177479,3,48918821,p,3p
ENSG00000065978,1,42682408,p,1p
ENSG00000115008,2,112773925,q,2q
ENSG00000082126,2,201644870,q,2q
ENSG00000118292,1,150268034,q,1q
ENSG00000008130,1,1751232,p,1p
ENSG00000278311,17,36544888,q,17q
ENSG00000115514,2,99318982,q,2q
ENSG00000077380,2,171687409,q,2q
ENSG00000141576,17,76142465,q,17q
ENSG00000116670,1,11657230,p,1p
ENSG00000179314,17,6057807,p,17p
ENSG00000141293,17,48133437,q,17q
ENSG00000177885,17,75318076,q,17q
ENSG00000010244,17,32350122,q,17q
ENSG00000034533,3,131013066,q,3q
ENSG00000129673,17,76452749,q,17q
ENSG00000162618,1,78889764,p,1p
ENSG00000141696,17,41801944,q,17q
ENSG00000006062,17,45263119,q,17q
ENSG00000174151,1,109494052,p,1p
ENSG00000054118,1,36224392,p,1p
ENSG00000092931,17,76735865,q,17q
ENSG00000168890,2,85598547,p,2p
ENSG00000142949,1,43525086,p,1p
ENSG00000035862,17,78852977,q,17q
ENSG00000144504,2,240479422,q,2q
ENSG00000161547,17,76734115,q,17q
ENSG00000141540,17,74213518,q,17q
ENSG00000115361,2,210187126,q,2q
ENSG00000114354,3,100709295,q,3q
ENSG00000115594,2,102063933,q,2q
ENSG00000116809,1,15940403,p,1p
ENSG00000163702,3,9917040,p,3p
ENSG00000117411,1,43978943,p,1p
ENSG00000123607,2,165857475,q,2q
ENSG00000007923,1,6634168,p,1p
ENSG00000188612,17,75165586,q,17q
ENSG00000033627,17,42458844,q,17q
ENSG00000126705,1,27534035,p,1p
ENSG00000170035,2,180967248,q,2q
ENSG00000196187,1,225845536,q,1q
ENSG00000134313,2,8721081,p,2p
ENSG00000163468,1,156308960,q,1q
ENSG00000115649,2,219170704,q,2q
ENSG00000107404,1,1335276,p,1p
ENSG00000119787,2,38293949,p,2p
ENSG00000160712,1,154405193,q,1q
ENSG00000119772,2,25227855,p,2p
ENSG00000159202,17,48908398,q,17q
ENSG00000161649,17,43847114,q,17q
ENSG00000134222,1,109279545,p,1p
ENSG00000232859,17,27878314,q,17q
ENSG00000214226,17,56791913,q,17q
ENSG00000132185,1,161706958,q,1q
ENSG00000108349,17,40140278,q,17q
ENSG00000143811,1,225919397,q,1q
ENSG00000153201,2,108719437,q,2q
ENSG00000243710,1,43172330,p,1p
ENSG00000083454,17,3672199,p,17p
ENSG00000005448,2,74421477,p,2p
ENSG00000162836,1,147629652,q,1q
ENSG00000115020,2,208266234,q,2q
ENSG00000143318,1,160190385,q,1q
ENSG00000117395,1,43164175,p,1p
ENSG00000007168,17,2593183,p,17p
ENSG00000158161,1,27970344,p,1p
ENSG00000011295,17,15999783,p,17p
ENSG00000141577,17,81189592,q,17q
ENSG00000138378,2,191029570,q,2q
ENSG00000284770,1,235367360,q,1q
ENSG00000144028,2,96274338,q,2q
ENSG00000163217,2,68860909,p,2p
ENSG00000244045,17,28357642,q,17q
ENSG00000153827,2,229763835,q,2q
ENSG00000157916,1,2390670,p,1p
ENSG00000186868,17,45894358,q,17q
ENSG00000197956,1,153534591,q,1q
ENSG00000282881,1,46532166,p,1p
ENSG00000004487,1,23019395,p,1p
ENSG00000142733,1,27355180,p,1p
ENSG00000141279,17,47522942,q,17q
ENSG00000162368,1,47333790,p,1p
ENSG00000162885,1,235447190,q,1q
ENSG00000081721,1,161749758,q,1q
ENSG00000162591,1,3487942,p,1p
ENSG00000141524,17,78107397,q,17q
ENSG00000117479,1,169463909,q,1q
ENSG00000160087,1,1253907,p,1p
ENSG00000117122,1,16974498,p,1p
ENSG00000174332,1,53506232,p,1p
ENSG00000178585,1,9848269,p,1p
ENSG00000117222,1,205086142,q,1q
ENSG00000160781,1,156243320,q,1q
ENSG00000275066,17,37514807,q,17q
ENSG00000143418,1,150960583,q,1q
ENSG00000159592,1,45627284,p,1p
ENSG00000205221,2,36696690,p,2p
ENSG00000160691,1,154962284,q,1q
ENSG00000115520,2,197453493,q,2q
ENSG00000143870,2,10783378,p,2p
ENSG00000138386,2,190646746,q,2q
ENSG00000143486,1,206571292,q,1q
ENSG00000008838,17,40019097,q,17q
ENSG00000081026,1,113390501,p,1p
ENSG00000077232,2,182715607,q,2q
ENSG00000265972,1,145992435,q,1q
ENSG00000131697,1,5862804,p,1p
ENSG00000163029,2,17663583,p,2p
ENSG00000170485,2,100820091,q,2q
ENSG00000153823,2,228850526,q,2q
ENSG00000124374,2,71182738,p,2p
ENSG00000173163,2,61888724,p,2p
ENSG00000064933,2,189784085,q,2q
ENSG00000116198,1,3812086,p,1p
ENSG00000167895,17,78130770,q,17q
ENSG00000160753,1,155320739,q,1q
ENSG00000162975,2,10911096,p,2p
ENSG00000230124,1,180269653,q,1q
ENSG00000144362,2,169694440,q,2q
ENSG00000197121,2,196833004,q,2q
ENSG00000204120,2,232697259,q,2q
ENSG00000143546,1,153390032,q,1q
ENSG00000117859,1,51577179,p,1p
ENSG00000143554,1,153774354,q,1q
ENSG00000187961,1,960576,p,1p
ENSG00000133226,1,24631716,p,1p
ENSG00000134375,1,201955476,q,1q
ENSG00000142856,1,63320884,p,1p
ENSG00000116885,1,36415827,p,1p
ENSG00000130147,2,234952017,q,2q
ENSG00000077254,1,77694725,p,1p
ENSG00000128699,2,189766012,q,2q
ENSG00000115194,2,27253515,p,2p
ENSG00000115233,2,161308414,q,2q
ENSG00000114999,2,112482113,q,2q
ENSG00000143797,2,8852690,p,2p
ENSG00000136546,2,166403472,q,2q
ENSG00000162981,2,14632700,p,2p
ENSG00000117461,1,46040140,p,1p
ENSG00000138430,2,174072447,q,2q
ENSG00000116962,1,235975830,q,1q
ENSG00000115252,2,182139968,q,2q
ENSG00000079335,1,100325629,p,1p
ENSG00000115705,2,1373933,p,2p
ENSG00000132768,1,43969978,p,1p
ENSG00000169418,1,153677965,q,1q
ENSG00000134324,2,11677544,p,2p
ENSG00000265107,1,147756199,q,1q
ENSG00000085832,1,51354263,p,1p
ENSG00000183386,1,37994394,p,1p
ENSG00000130414,2,239892450,q,2q
ENSG00000084623,1,32221077,p,1p
ENSG00000143862,1,202133404,q,1q
ENSG00000116133,1,54849627,p,1p
ENSG00000133067,1,202193692,q,1q
ENSG00000138413,2,208236224,q,2q
ENSG00000133063,1,203212827,q,1q
ENSG00000162670,1,190097658,q,1q
ENSG00000162757,1,209779208,q,1q
ENSG00000117054,1,75724431,p,1p
ENSG00000118260,2,207529737,q,2q
ENSG00000115365,2,210427131,q,2q
ENSG00000224051,1,1324756,p,1p
ENSG00000069812,1,6412418,p,1p
ENSG00000160741,1,153947669,q,1q
ENSG00000074054,2,121337776,q,2q
ENSG00000134684,1,32775237,p,1p
ENSG00000117318,1,23557917,p,1p
ENSG00000117791,1,220748122,q,1q
ENSG00000122176,1,203340623,q,1q
ENSG00000117640,1,25818640,p,1p
ENSG00000198952,1,156249223,q,1q
ENSG00000075568,2,97756333,q,2q
ENSG00000144063,2,110083870,q,2q
ENSG00000213160,2,169694488,q,2q
ENSG00000135932,2,230712822,q,2q
ENSG00000085978,2,233210051,q,2q
ENSG00000196182,1,36339620,p,1p
ENSG00000134748,1,52404060,p,1p
ENSG00000204138,1,28369563,p,1p
ENSG00000158710,1,159918107,q,1q
ENSG00000163126,2,96824526,q,2q
ENSG00000198400,1,156815636,q,1q
ENSG00000151690,2,190408355,q,2q
ENSG00000162929,2,61065871,p,2p
ENSG00000040487,1,19312284,p,1p
ENSG00000138074,2,27199587,p,2p
ENSG00000162607,1,62436041,p,1p
ENSG00000132694,1,156934840,q,1q
ENSG00000143319,1,156720796,q,1q
ENSG00000144283,2,158456900,q,2q
ENSG00000197245,1,26159047,p,1p
ENSG00000143702,1,243124428,q,1q
ENSG00000135953,2,102714630,q,2q
ENSG00000135624,2,73233420,p,2p
ENSG00000188674,2,208165343,q,2q
ENSG00000122483,1,93179895,p,1p
ENSG00000132305,2,86142798,p,2p
ENSG00000133059,1,205142505,q,1q
ENSG00000189339,1,1659529,p,1p
ENSG00000173641,1,16014028,p,1p
ENSG00000162543,1,20183293,p,1p
ENSG00000158292,1,6247347,p,1p
ENSG00000142657,1,10398592,p,1p
ENSG00000154305,1,222618090,q,1q
ENSG00000118298,1,150257251,q,1q
ENSG00000162598,1,59987269,p,1p
ENSG00000162910,1,228105949,q,1q
ENSG00000119042,2,199269484,q,2q
ENSG00000204923,2,68459422,p,2p
ENSG00000163521,2,219236598,q,2q
ENSG00000115524,2,197388515,q,2q
ENSG00000163516,2,219229769,q,2q
ENSG00000162441,1,9922113,p,1p
ENSG00000162616,1,77979070,p,1p
ENSG00000037637,1,16246840,p,1p
ENSG00000078098,2,162170684,q,2q
ENSG00000011009,1,23791110,p,1p
ENSG00000117643,1,25616791,p,1p
ENSG00000144031,2,70978380,p,2p
ENSG00000169621,2,68467572,p,2p
ENSG00000143924,2,42169330,p,2p
ENSG00000116786,1,15681461,p,1p
ENSG00000162613,1,77944055,p,1p
ENSG00000144366,2,188291105,q,2q
ENSG00000116679,1,185292931,q,1q
ENSG00000009790,1,209756032,q,1q
ENSG00000162714,1,247297412,q,1q
ENSG00000027869,1,156806235,q,1q
ENSG00000117360,1,150321479,q,1q
ENSG00000128652,2,176136545,q,2q
ENSG00000077044,2,233354484,q,2q
ENSG00000116199,1,179025804,q,1q
ENSG00000122484,1,92299028,p,1p
ENSG00000117151,1,84549611,p,1p
ENSG00000169241,1,155135344,q,1q
ENSG00000218739,2,37191473,p,2p
ENSG00000016490,1,86468368,p,1p
ENSG00000135956,2,96248500,q,2q
ENSG00000134243,1,109309568,p,1p
ENSG00000163162,2,101271219,q,2q
ENSG00000055813,2,56183751,p,2p
ENSG00000123600,2,171315746,q,2q
ENSG00000186281,2,96021946,q,2q
ENSG00000135870,1,173931084,q,1q
ENSG00000142686,1,35713875,p,1p
ENSG00000117308,1,23795599,p,1p
ENSG00000174175,1,169588421,q,1q
ENSG00000171853,2,3379674,p,2p
ENSG00000144589,2,219595805,q,2q
ENSG00000171612,1,9539465,p,1p
ENSG00000143624,1,153728050,q,1q
ENSG00000188687,2,74216242,p,2p
ENSG00000137996,1,100266160,p,1p
ENSG00000134371,1,193115732,q,1q
ENSG00000123992,2,219372029,q,2q
ENSG00000116906,1,231241196,q,1q
ENSG00000152133,2,37084482,p,2p
ENSG00000144057,2,106801600,q,2q
ENSG00000135925,2,218880852,q,2q
ENSG00000091483,1,241497511,q,1q
ENSG00000163082,2,222424511,q,2q
ENSG00000243244,2,48529376,p,2p
ENSG00000162630,1,193178730,q,1q
ENSG00000121310,1,52895910,p,1p
ENSG00000128708,2,171922429,q,2q
ENSG00000168427,2,238138668,q,2q
ENSG00000048991,2,135531448,q,2q
ENSG00000197530,1,1615434,p,1p
ENSG00000138399,2,169528508,q,2q
ENSG00000138036,2,43774039,p,2p
ENSG00000152292,2,85418714,p,2p
ENSG00000144034,2,73729104,p,2p
ENSG00000066248,2,232878686,q,2q
ENSG00000187957,2,229357629,q,2q
ENSG00000018280,2,218382029,q,2q
ENSG00000186453,2,24175051,p,2p
ENSG00000136709,2,127701027,q,2q
ENSG00000150938,2,36355731,p,2p
ENSG00000021826,2,210477682,q,2q
ENSG00000120948,1,11012344,p,1p
ENSG00000118197,1,200623896,q,1q
ENSG00000143612,1,154206668,q,1q
ENSG00000177888,1,197153682,q,1q
ENSG00000117394,1,42925353,p,1p
ENSG00000143036,1,94820278,p,1p
ENSG00000184371,1,109910242,p,1p
ENSG00000198771,1,167629660,q,1q
ENSG00000115593,2,88067773,p,2p
ENSG00000142661,1,24056035,p,1p
ENSG00000250565,2,46490750,p,2p
ENSG00000054523,1,10210533,p,1p
ENSG00000091436,2,173075322,q,2q
ENSG00000169554,2,144364364,q,2q
ENSG00000143947,2,55229447,p,2p
ENSG00000172878,2,171999943,q,2q
ENSG00000066294,1,160541095,q,1q
ENSG00000061676,2,182909115,q,2q
ENSG00000155367,1,112709994,p,1p
ENSG00000162378,1,52726447,p,1p
ENSG00000173406,1,56994778,p,1p
ENSG00000076258,1,171314091,q,1q
ENSG00000123689,1,209675412,q,1q
ENSG00000198815,1,42176535,p,1p
ENSG00000198715,1,156290089,q,1q
ENSG00000162444,1,9997054,p,1p
ENSG00000162711,1,247332331,q,1q
ENSG00000136560,2,161136908,q,2q
ENSG00000162407,1,56494761,p,1p
ENSG00000198625,1,204516369,q,1q
ENSG00000116863,1,36088878,p,1p
ENSG00000187583,1,966437,p,1p
ENSG00000115590,2,101991824,q,2q
ENSG00000132854,1,62236165,p,1p
ENSG00000143507,1,221700669,q,1q
ENSG00000197872,2,16549459,p,2p
ENSG00000137936,1,93561741,p,1p
ENSG00000204099,2,241808982,q,2q
ENSG00000182827,1,226144679,q,1q
ENSG00000085840,1,52372010,p,1p
ENSG00000173744,2,227472134,q,2q
ENSG00000187642,1,975194,p,1p
ENSG00000116514,1,32929036,p,1p
ENSG00000152763,1,66812885,p,1p
ENSG00000153246,2,159932006,q,2q
ENSG00000158864,1,161197104,q,1q
ENSG00000163002,2,183117513,q,2q
ENSG00000115827,2,171434217,q,2q
ENSG00000158859,1,161184302,q,1q
ENSG00000159596,1,45688149,p,1p
ENSG00000127463,1,19215660,p,1p
ENSG00000136536,2,159712001,q,2q
ENSG00000143537,1,155050566,q,1q
ENSG00000158158,2,96760898,q,2q
ENSG00000168958,2,227325151,q,2q
ENSG00000168899,2,85584431,p,2p
ENSG00000118246,2,206765357,q,2q
ENSG00000241399,2,159768628,q,2q
ENSG00000152154,2,39664982,p,2p
ENSG00000180228,2,178431292,q,2q
ENSG00000198586,2,170990823,q,2q
ENSG00000115414,2,215360440,q,2q
ENSG00000160785,1,156193932,q,1q
ENSG00000157978,1,25543573,p,1p
ENSG00000127483,1,20739095,p,1p
ENSG00000169291,1,154469772,q,1q
ENSG00000173409,1,230978981,q,1q
ENSG00000054267,1,235131634,q,1q
ENSG00000171608,1,9629889,p,1p
ENSG00000116213,1,3630767,p,1p
ENSG00000160783,1,156212989,q,1q
ENSG00000174827,1,145670848,q,1q
ENSG00000130766,1,28259473,p,1p
ENSG00000083444,1,11934205,p,1p
ENSG00000179914,1,160876539,q,1q
ENSG00000162739,1,160485030,q,1q
ENSG00000169231,1,155195587,q,1q
ENSG00000171603,1,9728926,p,1p
ENSG00000213088,1,159204568,q,1q
ENSG00000065600,1,212363926,q,1q
ENSG00000171793,1,40979300,p,1p
ENSG00000183853,1,157993273,q,1q
ENSG00000134717,1,52056199,p,1p
ENSG00000116171,1,52927276,p,1p
ENSG00000143549,1,154155308,q,1q
ENSG00000135632,2,73214222,p,2p
ENSG00000152689,2,33436272,p,2p
ENSG00000203697,1,223538007,q,1q
ENSG00000117758,1,27773195,p,1p
ENSG00000174348,1,53061293,p,1p
ENSG00000036257,2,224470150,q,2q
ENSG00000117682,1,26432282,p,1p
ENSG00000163449,2,216081866,q,2q
ENSG00000157851,2,26847747,p,2p
ENSG00000014641,2,63588557,p,2p
ENSG00000186132,2,119299439,q,2q
ENSG00000180758,1,9100305,p,1p
ENSG00000132716,1,160215715,q,1q
ENSG00000183607,2,68945232,p,2p
ENSG00000115998,2,70149882,p,2p
ENSG00000135638,2,72916260,p,2p
ENSG00000068878,2,53864069,p,2p
ENSG00000159399,2,74834079,p,2p
ENSG00000144445,2,210021421,q,2q
ENSG00000036549,1,77562416,p,1p
ENSG00000158417,2,99337371,q,2q
ENSG00000235098,1,1415637,p,1p
ENSG00000143156,1,169132531,q,1q
ENSG00000115042,2,95402691,q,2q
ENSG00000182866,1,32251244,p,1p
ENSG00000163273,2,231921809,q,2q
ENSG00000144306,2,174395729,q,2q
ENSG00000097033,1,86704520,p,1p
ENSG00000198570,1,211476522,q,1q
ENSG00000158019,2,27888667,p,2p
ENSG00000259823,1,248737957,q,1q
ENSG00000049246,1,7784291,p,1p
ENSG00000158773,1,161039249,q,1q
ENSG00000188177,2,112275597,q,2q
ENSG00000115966,2,175072250,q,2q
ENSG00000151414,1,198156883,q,1q
ENSG00000138030,2,27086723,p,2p
ENSG00000116663,1,11664189,p,1p
ENSG00000126091,1,43705824,p,1p
ENSG00000171865,2,3541430,p,2p
ENSG00000163792,2,27149004,p,2p
ENSG00000115053,2,231453531,q,2q
ENSG00000071073,2,98619106,q,2q
ENSG00000155729,2,200488956,q,2q
ENSG00000196504,2,152651593,q,2q
ENSG00000115145,2,152116801,q,2q
ENSG00000204104,2,238320441,q,2q
ENSG00000085982,2,233475526,q,2q
ENSG00000118965,2,19910263,p,2p
ENSG00000084733,2,26033481,p,2p
ENSG00000144029,2,95085369,q,2q
ENSG00000073737,2,169064789,q,2q
ENSG00000135637,2,74471986,p,2p
ENSG00000176720,2,241551300,q,2q
ENSG00000135966,2,105264359,q,2q
ENSG00000030419,2,212999691,q,2q
ENSG00000132780,1,45583581,p,1p
ENSG00000084764,2,26970633,p,2p
ENSG00000136731,2,128091151,q,2q
ENSG00000170802,2,48314331,p,2p
ENSG00000162374,1,50024029,p,1p
ENSG00000196151,2,159234903,q,2q
ENSG00000057252,1,179293440,q,1q
ENSG00000064989,2,187341946,q,2q
ENSG00000116273,1,6613731,p,1p
ENSG00000116984,1,236795260,q,1q
ENSG00000168243,1,235547685,q,1q
ENSG00000142961,1,46607719,p,1p
ENSG00000142687,1,35393883,p,1p
ENSG00000115902,2,64988477,p,2p
ENSG00000115947,2,147930396,q,2q
ENSG00000196843,2,96536717,q,2q
ENSG00000118194,1,201359002,q,1q
ENSG00000115919,2,142877613,q,2q
ENSG00000162542,1,19682207,p,1p
ENSG00000135960,2,108894471,q,2q
ENSG00000114988,2,96704993,q,2q
ENSG00000173559,2,191678068,q,2q
ENSG00000115339,2,165747588,q,2q
ENSG00000028116,2,57907606,p,2p
ENSG00000196878,1,209614870,q,1q
ENSG00000143621,1,153661788,q,1q
ENSG00000168679,1,110362848,p,1p
ENSG00000138069,2,65070696,p,2p
ENSG00000162734,1,160205335,q,1q
ENSG00000204311,2,178451346,q,2q
ENSG00000091428,2,172735274,q,2q
ENSG00000127472,1,20028179,p,1p
ENSG00000116922,1,37681570,p,1p
ENSG00000143387,1,150794880,q,1q
ENSG00000116459,1,111448111,p,1p
ENSG00000133069,1,205227912,q,1q
ENSG00000168118,1,229271062,q,1q
ENSG00000005436,2,75652000,p,2p
ENSG00000174574,1,38991272,p,1p
ENSG00000117448,1,45550475,p,1p
ENSG00000121964,2,143938068,q,2q
ENSG00000162819,1,222711691,q,1q
ENSG00000117632,1,25884181,p,1p
ENSG00000188257,1,19975431,p,1p
ENSG00000126088,1,45010950,p,1p
ENSG00000172318,2,167293001,q,2q
ENSG00000115839,2,135052283,q,2q
ENSG00000084652,1,32178097,p,1p
ENSG00000115884,2,20200796,p,2p
ENSG00000124831,2,237627554,q,2q
ENSG00000160051,1,32205648,p,1p
ENSG00000122477,1,100148424,p,1p
ENSG00000203740,1,170145959,q,1q
ENSG00000131591,1,1081811,p,1p
ENSG00000136643,1,213051233,q,1q
ENSG00000143375,1,151510139,q,1q
ENSG00000122435,1,100133045,p,1p
ENSG00000163131,1,150730079,q,1q
ENSG00000197622,1,151050971,q,1q
ENSG00000117586,1,173162645,q,1q
ENSG00000215883,1,54169651,p,1p
ENSG00000090273,1,26900238,p,1p
ENSG00000143776,1,226989865,q,1q
ENSG00000162522,1,32741696,p,1p
ENSG00000186377,1,47023666,p,1p
ENSG00000135862,1,183023420,q,1q
ENSG00000162600,1,58415384,p,1p
ENSG00000135951,2,98995156,q,2q
ENSG00000143569,1,154220179,q,1q
ENSG00000119771,2,23385179,p,2p
ENSG00000179921,2,218259496,q,2q
ENSG00000119760,2,27650809,p,2p
ENSG00000080293,2,119439839,q,2q
ENSG00000071054,2,101696850,q,2q
ENSG00000204843,2,74361154,p,2p
ENSG00000116194,1,178849535,q,1q
ENSG00000136631,1,150067279,q,1q
ENSG00000157881,1,2508534,p,1p
ENSG00000117407,1,43933320,p,1p
ENSG00000130939,1,10032832,p,1p
ENSG00000144118,2,120240050,q,2q
ENSG00000183431,1,37956975,p,1p
ENSG00000144036,2,72175984,p,2p
ENSG00000134644,1,30931505,p,1p
ENSG00000162927,2,60938141,p,2p
ENSG00000115761,2,10562295,p,2p
ENSG00000132300,2,86106223,p,2p
ENSG00000162928,2,61017225,p,2p
ENSG00000142327,2,240565804,q,2q
ENSG00000115421,2,60756232,p,2p
ENSG00000003436,2,187463823,q,2q
ENSG00000138433,2,174348022,q,2q
ENSG00000115641,2,105357712,q,2q
ENSG00000173692,2,231056845,q,2q
ENSG00000068024,2,239048168,q,2q
ENSG00000115234,2,27370496,p,2p
ENSG00000135914,2,231108230,q,2q
ENSG00000115525,2,85837120,p,2p
ENSG00000143994,2,27123789,p,2p
ENSG00000219626,2,24076526,p,2p
ENSG00000138073,2,27130752,p,2p
ENSG00000152291,2,85318027,p,2p
ENSG00000136732,2,126655938,q,2q
ENSG00000054219,2,159803355,q,2q
ENSG00000035115,2,217730,p,2p
ENSG00000116729,1,68098473,p,1p
ENSG00000162852,1,246566338,q,1q
ENSG00000115993,2,201377207,q,2q
ENSG00000123091,1,51235625,p,1p
ENSG00000123838,1,207102319,q,1q
ENSG00000143727,2,264140,p,2p
ENSG00000115526,2,100391860,q,2q
ENSG00000078618,1,51787517,p,1p
ENSG00000138449,2,189560538,q,2q
ENSG00000144048,2,73761782,p,2p
ENSG00000115806,2,170928464,q,2q
ENSG00000136715,2,127941217,q,2q
ENSG00000116151,1,2319208,p,1p
ENSG00000196420,1,153537147,q,1q
ENSG00000143799,1,226360210,q,1q
ENSG00000066557,1,70143411,p,1p
ENSG00000090686,1,21678298,p,1p
ENSG00000142864,1,67407810,p,1p
ENSG00000132196,1,162790702,q,1q
ENSG00000070831,1,22052627,p,1p
ENSG00000198835,1,228149930,q,1q
ENSG00000174059,1,207880972,q,1q
ENSG00000160685,1,155002543,q,1q
ENSG00000116285,1,8004404,p,1p
ENSG00000179178,1,43269979,p,1p
ENSG00000143013,1,87328428,p,1p
ENSG00000137955,1,75786188,p,1p
ENSG00000162604,1,61673636,p,1p
ENSG00000197323,1,114392781,p,1p
ENSG00000134256,1,117001721,p,1p
ENSG00000163346,1,154944059,q,1q
ENSG00000116991,1,232397622,q,1q
ENSG00000150337,1,149782650,q,1q
ENSG00000136636,1,215567022,q,1q
ENSG00000169403,1,28147166,p,1p
ENSG00000197429,1,45694324,p,1p
ENSG00000159348,1,202961118,q,1q
ENSG00000142910,1,31576485,p,1p
ENSG00000135775,1,230642464,q,1q
ENSG00000162643,1,84999147,p,1p
ENSG00000162894,1,206903317,q,1q
ENSG00000187554,1,223109339,q,1q
ENSG00000082482,1,215005775,q,1q
ENSG00000197056,1,35032172,p,1p
ENSG00000066056,1,43300971,p,1p
ENSG00000171163,1,248850004,q,1q
ENSG00000117385,1,42746335,p,1p
ENSG00000085433,1,108970211,p,1p
ENSG00000137947,1,88852633,p,1p
ENSG00000067606,1,2050411,p,1p
ENSG00000163444,1,203007356,q,1q
ENSG00000134697,1,37566815,p,1p
ENSG00000134698,1,35808016,p,1p
ENSG00000156875,1,100038076,p,1p
ENSG00000163867,1,34986144,p,1p
ENSG00000173372,1,22635057,p,1p
ENSG00000162688,1,99849777,p,1p
ENSG00000143127,1,145891206,q,1q
ENSG00000179163,1,23845077,p,1p
ENSG00000116212,1,53946045,p,1p
ENSG00000160767,1,155247205,q,1q
ENSG00000158195,1,27404226,p,1p
ENSG00000175137,1,248810446,q,1q
ENSG00000196188,1,206008535,q,1q
ENSG00000143344,1,183636085,q,1q
ENSG00000009709,1,18630846,p,1p
ENSG00000000457,1,169846981,q,1q
ENSG00000117594,1,209686178,q,1q
ENSG00000117593,1,173824540,q,1q
ENSG00000174950,1,27379176,p,1p
ENSG00000162571,1,1173880,p,1p
ENSG00000197965,1,167721192,q,1q
ENSG00000120334,1,173799550,q,1q
ENSG00000126070,1,35930696,p,1p
ENSG00000133055,1,203167811,q,1q
ENSG00000143314,1,156737294,q,1q
ENSG00000235169,1,3772655,p,1p
ENSG00000162517,1,31629866,p,1p
ENSG00000184677,1,22428838,p,1p
ENSG00000134709,1,59814786,p,1p
ENSG00000162733,1,162630863,q,1q
ENSG00000180488,1,77779624,p,1p
ENSG00000090621,1,39560709,p,1p
ENSG00000116685,1,11919591,p,1p
ENSG00000058799,1,53847531,p,1p
ENSG00000177614,1,230314490,q,1q
ENSG00000079739,1,63593241,p,1p
ENSG00000188739,1,235131183,q,1q
ENSG00000178821,1,1917589,p,1p
ENSG00000117528,1,94418242,p,1p
ENSG00000134198,1,115048011,p,1p
ENSG00000157191,1,16440707,p,1p
ENSG00000160050,1,32200383,p,1p
ENSG00000023909,1,93885199,p,1p
ENSG00000162599,1,60865259,p,1p
ENSG00000079277,1,46557407,p,1p
ENSG00000116497,1,32816408,p,1p
ENSG00000009307,1,114716913,p,1p
ENSG00000159176,1,201483530,q,1q
ENSG00000117400,1,43337808,p,1p
ENSG00000121774,1,32013687,p,1p
ENSG00000143434,1,151131685,q,1q
ENSG00000176393,1,201982372,q,1q
ENSG00000143079,1,112396202,p,1p
ENSG00000117013,1,40783675,p,1p
ENSG00000077522,1,236664141,q,1q
ENSG00000116688,1,11980181,p,1p
ENSG00000143493,1,211940399,q,1q
ENSG00000121644,1,244653091,q,1q
ENSG00000181817,1,36391238,p,1p
ENSG00000169218,1,37610802,p,1p
ENSG00000143630,1,155277328,q,1q
ENSG00000116871,1,36155579,p,1p
ENSG00000123684,1,211743457,q,1q
ENSG00000117305,1,23801877,p,1p
ENSG00000116977,1,236518000,q,1q
ENSG00000162706,1,159171609,q,1q
ENSG00000162415,1,45016395,p,1p
ENSG00000143171,1,165400922,q,1q
ENSG00000000938,1,27612064,p,1p
ENSG00000131779,1,145911349,q,1q
ENSG00000116752,1,114567552,p,1p
ENSG00000142621,1,15236521,p,1p
ENSG00000132879,1,11650618,p,1p
ENSG00000135842,1,184790724,q,1q
ENSG00000142871,1,85580756,p,1p
ENSG00000117569,1,96721573,p,1p
ENSG00000158747,1,19596979,p,1p
ENSG00000187634,1,923923,p,1p
ENSG00000132702,1,156619331,q,1q
ENSG00000142634,1,15409849,p,1p
ENSG00000162639,1,108648285,p,1p
ENSG00000159214,1,43991359,p,1p
ENSG00000143801,1,226870184,q,1q
ENSG00000160789,1,156082572,q,1q
ENSG00000188976,1,943527,p,1p
ENSG00000066322,1,43363396,p,1p
ENSG00000159189,1,22642558,p,1p
ENSG00000164010,1,42817078,p,1p
ENSG00000221986,1,109292363,p,1p
ENSG00000143217,1,161070988,q,1q
ENSG00000116793,1,113696052,p,1p
ENSG00000143198,1,165630874,q,1q
ENSG00000131584,1,1292376,p,1p
ENSG00000121775,1,32072031,p,1p
ENSG00000168528,1,31409565,p,1p
ENSG00000077157,1,202348666,q,1q
ENSG00000078808,1,1216887,p,1p
ENSG00000188015,1,153547329,q,1q
ENSG00000007341,1,112523487,p,1p
ENSG00000157181,1,186375505,q,1q
ENSG00000116350,1,29147743,p,1p
ENSG00000189410,1,20719724,p,1p
ENSG00000153029,1,181033374,q,1q
ENSG00000001461,1,24413527,p,1p
ENSG00000163393,1,115976477,p,1p
ENSG00000187889,1,56718789,p,1p
ENSG00000163382,1,156591743,q,1q
ENSG00000018625,1,160115758,q,1q
ENSG00000198799,1,113073179,p,1p
ENSG00000121766,1,31296982,p,1p
ENSG00000188641,1,97077743,p,1p
ENSG00000117533,1,171700160,q,1q
ENSG00000054392,1,210328252,q,1q
ENSG00000142676,1,23691685,p,1p
ENSG00000121769,1,31364010,p,1p
ENSG00000117009,1,241532134,q,1q
ENSG00000188643,1,153606882,q,1q
ENSG00000134259,1,115285904,p,1p
ENSG00000186141,1,145823959,q,1q
ENSG00000177000,1,11785723,p,1p
ENSG00000117335,1,207752037,q,1q
ENSG00000134262,1,113894194,p,1p
ENSG00000118454,1,70258999,p,1p
ENSG00000142765,1,27342009,p,1p
ENSG00000160710,1,154581695,q,1q
ENSG00000158711,1,205597556,q,1q
ENSG00000118655,1,113904403,p,1p
ENSG00000066027,1,212285357,q,1q
ENSG00000060642,1,26787054,p,1p
ENSG00000243725,1,54715835,p,1p
ENSG00000081237,1,198629900,q,1q
ENSG00000163879,1,37556919,p,1p
ENSG00000074964,1,17539368,p,1p
ENSG00000116604,1,156463727,q,1q
ENSG00000162434,1,64833223,p,1p
ENSG00000175984,1,114582848,p,1p
ENSG00000187513,1,34792997,p,1p
ENSG00000171824,1,11066613,p,1p
ENSG00000162437,1,64744861,p,1p
ENSG00000160714,1,154548550,q,1q
ENSG00000162390,1,54542257,p,1p
ENSG00000143224,1,161165837,q,1q
ENSG00000117280,1,205767986,q,1q
ENSG00000162769,1,212858237,q,1q
ENSG00000203965,1,63523372,p,1p
ENSG00000187800,1,156893666,q,1q
ENSG00000122218,1,160288594,q,1q
ENSG00000159423,1,18871425,p,1p
ENSG00000137959,1,78619902,p,1p
ENSG00000034971,1,171635417,q,1q
ENSG00000130764,1,3778559,p,1p
ENSG00000121764,1,31617660,p,1p
ENSG00000116691,1,12019466,p,1p
ENSG00000162627,1,98661672,p,1p
ENSG00000058085,1,183186057,q,1q
ENSG00000157870,1,2586491,p,1p
ENSG00000162664,1,89995110,p,1p
ENSG00000143553,1,153658696,q,1q
ENSG00000143498,1,222557902,q,1q
ENSG00000077585,1,236142148,q,1q
ENSG00000143157,1,166839314,q,1q
ENSG00000143515,1,154325520,q,1q
ENSG00000189171,1,153618612,q,1q
ENSG00000152382,1,166856510,q,1q
ENSG00000143740,1,227728200,q,1q
ENSG00000117472,1,46173794,p,1p
ENSG00000168710,1,109984765,p,1p
ENSG00000081692,1,227730412,q,1q
ENSG00000132676,1,155687833,q,1q
