Gene_set,Term,Overlap,P-value,Adjusted P-value,Old P-value,Old Adjusted P-value,Odds Ratio,Combined Score,Genes
GO_Biological_Process_2023,Cytoplasmic Translation (GO:0002181),46/93,4.2637964229629787e-85,2.5710692430466757e-82,0,0,359.8258471237195,69903.21366140683,RPL3;RPL32;RPL10;RPL34;RPL12;RPL11;RPL10A;RPL8;RPL6;RPS15;RPL7A;RPS14;RPS16;RPS15A;RPL18A;RPL36AL;RPS18;RPL36;RPL14;RPL13;RPL38;RPL37;RPL15;RPS2;RPS11;RPS27A;RPL39;RPS13;RPL19;RPS9;RPS7;RPS8;RPS5;RPS6;RPL35A;RPL23A;RPS28;RPL27A;RPL37A;RPL27;RPL26;FAU;RPL28;UBA52;RPS21;RPS23
GO_Biological_Process_2023,Macromolecule Biosynthetic Process (GO:0009059),47/183,1.4508422790945782e-70,4.374289471470153e-68,0,0,128.8718091009989,20723.722552708256,RPL3;RPL32;RPL10;RPL34;RPL12;RPL11;RPL10A;RPL8;RPL6;RPS15;EEF1B2;RPS14;RPL7A;RPS16;RPS15A;RPL18A;RPS18;RPL36AL;RPL36;RPL14;RPL13;RPL38;RPL37;RPS2;RPL15;RPS11;RPS27A;RPL39;RPS13;RPL19;RPS9;RPS7;RPS8;RPS5;RPS6;RPL35A;RPL23A;RPS28;EEF1D;RPL27A;RPL37A;RPL27;RPL26;FAU;RPL28;RPS21;RPS23
GO_Biological_Process_2023,Peptide Biosynthetic Process (GO:0043043),45/158,1.1091700303401904e-69,2.2294317609837828e-67,0,0,143.26870474658085,22747.45412588307,RPL3;RPL32;RPL10;RPL34;RPL12;RPL11;RPL10A;RPL8;RPL6;RPS15;RPS14;RPL7A;RPS16;RPS15A;RPL18A;RPS18;RPL36AL;RPL36;RPL14;RPL13;RPL38;RPL37;RPS2;RPL15;RPS11;RPS27A;RPL39;RPS13;RPL19;RPS9;RPS7;RPS8;RPS5;RPS6;RPL35A;RPL23A;RPS28;RPL27A;RPL37A;RPL27;RPL26;FAU;RPL28;RPS21;RPS23
GO_Biological_Process_2023,Translation (GO:0006412),48/234,6.354239434009448e-67,9.579015946769243e-65,0,0,97.8362282878412,14912.59699088543,RPL3;RPL32;RPL10;RPL34;RPL12;RPL11;RPL10A;RPL8;RPL6;RPS15;EEF1B2;RPS14;RPL7A;RPS16;RPS15A;RPL18A;RPS18;RPL36AL;RPL36;RPL14;RPL13;RPL38;RPL37;RPS2;RPL15;RPS11;RPS27A;RPL39;RPS13;RPL19;RPS9;RPS7;RPS8;RPS5;RPS6;RPL35A;RPL23A;RPS28;EEF1D;RPL27A;RPL37A;RPL27;RPL26;FAU;RPL28;UBA52;RPS21;RPS23
GO_Biological_Process_2023,Gene Expression (GO:0010467),45/296,4.375194588234045e-56,5.276484673410258e-54,0,0,64.04961970300616,8164.329074241991,RPL3;RPL32;RPL10;RPL34;RPL12;RPL11;RPL10A;RPL8;RPL6;RPS15;RPS14;RPL7A;RPS16;RPS15A;RPL18A;RPS18;RPL36AL;RPL36;RPL14;RPL13;RPL38;RPL37;RPS2;RPL15;RPS11;RPS27A;RPL39;RPS13;RPL19;RPS9;RPS7;RPS8;RPS5;RPS6;RPL35A;RPL23A;RPS28;RPL27A;RPL37A;RPL27;RPL26;FAU;RPL28;RPS21;RPS23
GO_Biological_Process_2023,Ribonucleoprotein Complex Biogenesis (GO:0022613),19/118,8.703759641701555e-24,8.747278439910062e-22,0,0,46.915949619653325,2491.156565139206,RPS9;RPS7;RPS8;RPS5;RPS6;RPL11;RPL35A;RPS15;RPS14;RPS28;RPS16;RPS15A;RPL14;RPL38;RPL26;RPS11;GLUL;RPS13;RPS23
GO_Biological_Process_2023,Ribosome Biogenesis (GO:0042254),19/155,1.9668410445823327e-21,1.6942930712616382e-19,0,0,34.088235294117645,1625.254049589691,RPS9;RPS7;RPS8;RPS5;RPS6;RPL11;RPL35A;RPS15;RPS14;RPS28;RPS16;RPS15A;RPL14;RPL27;RPL26;RPS11;GLUL;RPS13;RPS23
GO_Biological_Process_2023,Ribosomal Small Subunit Biogenesis (GO:0042274),13/84,2.5448489682898126e-16,1.9181799098484464e-14,0,0,41.73174680265501,1498.4739423342644,RPS9;RPS7;RPS8;RPS5;RPS6;RPS15;RPS14;RPS28;RPS16;RPS15A;RPS11;RPS13;RPS23
GO_Biological_Process_2023,rRNA Processing (GO:0006364),11/101,3.0428859665514465e-12,2.0387335975894692e-10,0,0,27.20474406991261,721.4212446414549,RPS15;RPS14;RPS28;RPS16;RPS7;RPS6;RPL11;RPL14;RPL35A;RPL27;RPL26
GO_Biological_Process_2023,rRNA Metabolic Process (GO:0016072),10/91,2.8332357667194687e-11,1.7084411673318396e-09,0,0,27.18655692729767,660.2803589544516,RPS15;RPS28;RPS16;RPS7;RPS6;RPL11;RPL14;RPL35A;RPL27;RPL26
GO_Biological_Process_2023,ncRNA Processing (GO:0034470),10/100,7.354451682840389e-11,4.031576695229777e-09,0,0,24.45679012345679,570.653468760778,RPS15;RPS28;RPS16;RPS7;RPS6;RPL11;RPL14;RPL35A;RPL27;RPL26
GO_Biological_Process_2023,Ribosome Assembly (GO:0042255),8/50,1.3262323684627996e-10,6.664317651525568e-09,0,0,41.11387163561077,935.073701895928,RPS15;RPS14;RPS28;RPL10;RPS5;RPL11;RPL23A;RPL6
GO_Biological_Process_2023,Ribosomal Large Subunit Biogenesis (GO:0042273),7/54,9.224468280382786e-09,4.2787341331314e-07,0,0,31.79386867993594,588.2312819041273,RPL10;RPL11;RPL14;RPL35A;RPL23A;RPL26;RPL6
GO_Biological_Process_2023,protein-RNA Complex Assembly (GO:0022618),9/150,6.2784293924333e-08,2.704209231169486e-06,0,0,13.859480944587329,229.8395461691195,RPS15;RPS14;RPS28;RPL10;RPS5;RPL11;RPL38;RPL23A;RPL6
GO_Biological_Process_2023,Ribosomal Small Subunit Assembly (GO:0000028),4/17,1.331899620230903e-06,5.354236473328231e-05,0,0,63.74038461538461,862.3375666219024,RPS15;RPS14;RPS28;RPS5
GO_Biological_Process_2023,Ribosomal Large Subunit Assembly (GO:0000027),4/22,4.015814340350795e-06,0.00015134600295197055,0,0,46.023148148148145,571.8500607054012,RPL10;RPL11;RPL23A;RPL6
GO_Biological_Process_2023,"Maturation Of SSU-rRNA From Tricistronic rRNA Transcript (SSU-rRNA, 5.8S rRNA, LSU-rRNA) (GO:0000462)",4/30,1.4590163823584494e-05,0.0005175216932718499,0,0,31.849358974358974,354.6478025742392,RPS14;RPS16;RPS8;RPS21
GO_Biological_Process_2023,Maturation Of SSU-rRNA (GO:0030490),4/38,3.811160286764013e-05,0.0012767386960659,0,0,24.345588235294116,247.7161602947514,RPS14;RPS28;RPS16;RPS8
GO_Biological_Process_2023,Regulation Of Signal Transduction By P53 Class Mediator (GO:1901796),4/47,8.897220675498297e-05,0.0028236968775397,0,0,19.24127906976744,179.46699877969036,RPS15;RPL11;RPL37;HIPK2
GO_Biological_Process_2023,Positive Regulation Of Signal Transduction By P53 Class Mediator (GO:1901798),3/21,0.00015108790718152863,0.004555300401523,0,0,34.16151202749141,300.5409826909726,RPS15;RPS7;RPL37
GO_Biological_Process_2023,Negative Regulation Of Actin Filament Polymerization (GO:0030837),3/23,0.00019973029138903675,0.0057351126527423,0,0,30.74226804123711,261.8793213001886,GSN;TMSB4Y;TMSB10
GO_Biological_Process_2023,Positive Regulation Of Intrinsic Apoptotic Signaling Pathway By P53 Class Mediator (GO:1902255),2/5,0.0002450871709985121,0.0067176165505501,0,0,135.35374149659864,1125.3170126751409,RPS7;RPL26
GO_Biological_Process_2023,Negative Regulation Of Proteolysis Involved In Protein Catabolic Process (GO:1903051),3/25,0.00025751452149389134,0.0067513589765572,0,0,27.944704779756325,230.94718074554484,RPS7;RPL11;HIPK2
GO_Biological_Process_2023,Negative Regulation Of Ubiquitin Protein Ligase Activity (GO:1904667),2/8,0.0006795551666861537,0.0157604525196827,0,0,67.66666666666667,493.5655481733249,RPS7;RPL11
GO_Biological_Process_2023,Modification-Dependent Macromolecule Catabolic Process (GO:0043632),2/8,0.0006795551666861537,0.0157604525196827,0,0,67.66666666666667,493.5655481733249,RPS27A;UBA52
GO_Biological_Process_2023,Sequestering Of Actin Monomers (GO:0042989),2/8,0.0006795551666861537,0.0157604525196827,0,0,67.66666666666667,493.5655481733249,TMSB4Y;TMSB10
GO_Biological_Process_2023,Retina Homeostasis (GO:0001895),3/39,0.0009726294551664332,0.0209462700523342,0,0,17.06529209621993,118.35645919802704,AZGP1;IGKC;JCHAIN
GO_Biological_Process_2023,Negative Regulation Of Ubiquitin-Dependent Protein Catabolic Process (GO:2000059),3/39,0.0009726294551664332,0.0209462700523342,0,0,17.06529209621993,118.35645919802704,RPS7;RPL11;HIPK2
GO_Biological_Process_2023,Regulation Of Ubiquitin-Dependent Protein Catabolic Process (GO:2000058),3/42,0.0012085906045389,0.0251303494667928,0,0,15.750198255352895,105.81456304852416,RPS7;RPL11;HIPK2
GO_Biological_Process_2023,Regulation Of Intrinsic Apoptotic Signaling Pathway In Response To DNA Damage By P53 Class Mediator (GO:1902165),2/13,0.0018624280503563,0.0367870676118349,0,0,36.89981447124304,231.94759321375395,RPL26;CD44
GO_Biological_Process_2023,Antibacterial Humoral Response (GO:0019731),3/49,0.0018912091143729,0.0367870676118349,0,0,13.348722545943524,83.70368414188104,FAU;RPL39;JCHAIN
GO_Biological_Process_2023,Hyaluronan Metabolic Process (GO:0030212),2/14,0.0021657651600423,0.0408111372345473,0,0,33.82312925170068,207.5042741698455,TNFAIP6;CD44
GO_Biological_Process_2023,Myeloid Cell Differentiation (GO:0030099),3/57,0.0029180959475417,0.0533215714050803,0,0,11.36655211912944,66.3445636168701,RPS14;CEBPB;HIPK2
GO_Biological_Process_2023,Negative Regulation Of Ubiquitin-Protein Transferase Activity (GO:0051444),2/17,0.0032052883489498,0.0552225392690507,0,0,27.05442176870748,155.3722787250682,RPS7;RPL11
GO_Biological_Process_2023,Regulation Of Ubiquitin Protein Ligase Activity (GO:1904666),2/17,0.0032052883489498,0.0552225392690507,0,0,27.05442176870748,155.3722787250682,RPS7;RPL11
GO_Biological_Process_2023,Innate Immune Response In Mucosa (GO:0002227),2/21,0.0048853872583166,0.0818302365768045,0,0,21.354457572502685,113.63788950907964,FAU;RPL39
GO_Biological_Process_2023,Negative Regulation Of Catabolic Process (GO:0009895),3/72,0.0056354324907242,0.0918423187001818,0,0,8.888839085611833,46.03246549484361,RPS7;RPL11;HIPK2
GO_Biological_Process_2023,Positive Regulation Of Interleukin-2 Production (GO:0032743),2/25,0.0068890740028299,0.1065156826591403,0,0,17.637089618456077,87.79423275712823,PDE4B;SPTBN1
GO_Biological_Process_2023,Response To Zinc Ion (GO:0010043),2/25,0.0068890740028299,0.1065156826591403,0,0,17.637089618456077,87.79423275712823,MT1X;CRIP1
GO_Biological_Process_2023,Regulation Of Protein Localization To Membrane (GO:1905475),2/28,0.008596207471144,0.1264271489048741,0,0,15.599686028257455,74.19887958363982,GSN;SPTBN1
GO_Biological_Process_2023,Mucosal Immune Response (GO:0002385),2/28,0.008596207471144,0.1264271489048741,0,0,15.599686028257455,74.19887958363982,FAU;RPL39
GO_Biological_Process_2023,Liver Development (GO:0001889),2/35,0.0132279832722483,0.1899160455515655,0,0,12.286332714904145,53.14355844722063,CEBPB;ARID5B
GO_Biological_Process_2023,Antimicrobial Humoral Response (GO:0019730),3/100,0.0138217578324637,0.1913279974453905,0,0,6.314061005420342,27.03372337884673,FAU;RPL39;JCHAIN
GO_Biological_Process_2023,"DNA Damage Response, Signal Transduction By P53 Class Mediator (GO:0030330)",2/36,0.0139609152364795,0.1913279974453905,0,0,11.92436974789916,50.93486932982207,RPL26;HIPK2
GO_Biological_Process_2023,Intrinsic Apoptotic Signaling Pathway (GO:0097193),3/105,0.0157404409875109,0.2109219092326464,0,0,6.003032140691328,24.921720115184357,CEBPB;CRIP1;HIPK2
GO_Biological_Process_2023,Regulation Of Relaxation Of Cardiac Muscle (GO:1901897),1/5,0.0247535287182936,0.2216130386063755,0,0,50.24242424242424,185.83603697375267,PDE4B
GO_Biological_Process_2023,Regulation Of Ribonuclease Activity (GO:0060700),1/5,0.0247535287182936,0.2216130386063755,0,0,50.24242424242424,185.83603697375267,PDE3A
GO_Biological_Process_2023,Chemokine (C-X-C Motif) Ligand 12 Signaling Pathway (GO:0038146),1/5,0.0247535287182936,0.2216130386063755,0,0,50.24242424242424,185.83603697375267,CXCR4
GO_Biological_Process_2023,"Regulation Of DNA Damage Response, Signal Transduction By P53 Class Mediator Resulting In Transcription Of P21 Class Mediator (GO:1902162)",1/5,0.0247535287182936,0.2216130386063755,0,0,50.24242424242424,185.83603697375267,RPL26
GO_Biological_Process_2023,Intrinsic Apoptotic Signaling Pathway In Response To DNA Damage (GO:0008630),2/49,0.0249911884332231,0.2216130386063755,0,0,8.620495006513243,31.803005852102093,CRIP1;HIPK2
GO_Biological_Process_2023,Positive Regulation Of Autophagy Of Mitochondrion In Response To Mitochondrial Depolarization (GO:1904925),1/5,0.0247535287182936,0.2216130386063755,0,0,50.24242424242424,185.83603697375267,TOMM7
GO_Biological_Process_2023,Embryonic Brain Development (GO:1990403),1/5,0.0247535287182936,0.2216130386063755,0,0,50.24242424242424,185.83603697375267,RPL10
GO_Biological_Process_2023,Erythrocyte Differentiation (GO:0030218),2/49,0.0249911884332231,0.2216130386063755,0,0,8.620495006513243,31.803005852102093,RPS14;HIPK2
GO_Biological_Process_2023,Negative Regulation Of Relaxation Of Muscle (GO:1901078),1/5,0.0247535287182936,0.2216130386063755,0,0,50.24242424242424,185.83603697375267,PDE4B
GO_Biological_Process_2023,Response To cGMP (GO:0070305),1/5,0.0247535287182936,0.2216130386063755,0,0,50.24242424242424,185.83603697375267,PDE3A
GO_Biological_Process_2023,PML Body Organization (GO:0030578),1/5,0.0247535287182936,0.2216130386063755,0,0,50.24242424242424,185.83603697375267,HIPK2
GO_Biological_Process_2023,Regulation Of Interleukin-2 Production (GO:0032663),2/47,0.0231205576171507,0.2216130386063755,0,0,9.004535147392291,33.92038210413699,PDE4B;SPTBN1
GO_Biological_Process_2023,Regulation Of Establishment Of T Cell Polarity (GO:1903903),1/5,0.0247535287182936,0.2216130386063755,0,0,50.24242424242424,185.83603697375267,GSN
GO_Biological_Process_2023,Regulation Of Cell Motility (GO:2000145),3/123,0.0238342004694832,0.2216130386063755,0,0,5.097938144329897,19.049127650459432,TMSB4Y;FBLN1;TMSB10
GO_Biological_Process_2023,Regulation Of Viral Entry Into Host Cell (GO:0046596),2/44,0.0204294838615153,0.2216130386063755,0,0,9.649173955296405,37.54277574025534,LGALS1;GSN
GO_Biological_Process_2023,Regulation Of Angiogenesis (GO:0045765),4/205,0.0195940449648719,0.2216130386063755,0,0,4.083540630182421,16.05864434886333,BTG1;GLUL;DCN;HIPK2
GO_Biological_Process_2023,Negative Regulation Of BMP Signaling Pathway (GO:0030514),2/43,0.0195637897091908,0.2216130386063755,0,0,9.885017421602788,38.888398778373954,TNFAIP6;HIPK2
GO_Biological_Process_2023,Defense Response To Bacterium (GO:0042742),4/204,0.0192837703215896,0.2216130386063755,0,0,4.104166666666667,16.205267004279168,CEBPB;FAU;RPL39;JCHAIN
GO_Biological_Process_2023,Regulation Of Osteoclast Differentiation (GO:0045670),2/42,0.0187140554000922,0.2216130386063755,0,0,10.13265306122449,40.31256172341721,CEBPB;TNFAIP6
GO_Biological_Process_2023,Translational Elongation (GO:0006414),2/42,0.0187140554000922,0.2216130386063755,0,0,10.13265306122449,40.31256172341721,EEF1B2;EEF1D
GO_Biological_Process_2023,Regulation Of Translation (GO:0006417),4/202,0.018672432369582,0.2216130386063755,0,0,4.146043771043771,16.504185659325106,NIBAN1;RPL10;RPL26;EIF1
GO_Biological_Process_2023,Positive Regulation Of Metabolic Process (GO:0009893),3/108,0.0169600753440739,0.2216130386063755,0,0,5.830633284241531,23.77086922419914,CEBPB;CXCR4;JCHAIN
GO_Biological_Process_2023,Glutamate Catabolic Process (GO:0006538),1/5,0.0247535287182936,0.2216130386063755,0,0,50.24242424242424,185.83603697375267,GLUL
GO_Biological_Process_2023,Membrane Biogenesis (GO:0044091),1/6,0.0296309633944118,0.2290701400875682,0,0,40.19191919191919,141.432767389918,SPTBN1
GO_Biological_Process_2023,Positive Regulation Of Cysteine-Type Endopeptidase Activity Involved In Apoptotic Signaling Pathway (GO:2001269),1/6,0.0296309633944118,0.2290701400875682,0,0,40.19191919191919,141.432767389918,GSN
GO_Biological_Process_2023,Ribosomal Small Subunit Export From Nucleus (GO:0000056),1/6,0.0296309633944118,0.2290701400875682,0,0,40.19191919191919,141.432767389918,RPS15
GO_Biological_Process_2023,Nose Development (GO:0043584),1/6,0.0296309633944118,0.2290701400875682,0,0,40.19191919191919,141.432767389918,SMCHD1
GO_Biological_Process_2023,Positive Regulation Of Fibroblast Apoptotic Process (GO:2000271),1/6,0.0296309633944118,0.2290701400875682,0,0,40.19191919191919,141.432767389918,BTG1
GO_Biological_Process_2023,Positive Regulation Of Mitophagy In Response To Mitochondrial Depolarization (GO:0098779),1/6,0.0296309633944118,0.2290701400875682,0,0,40.19191919191919,141.432767389918,TOMM7
GO_Biological_Process_2023,Protein Targeting (GO:0006605),3/129,0.0269470472113718,0.2290701400875682,0,0,4.853706431026018,17.540720135105115,NACA;RPL11;TOMM7
GO_Biological_Process_2023,Regulation Of Nuclease Activity (GO:0032069),1/6,0.0296309633944118,0.2290701400875682,0,0,40.19191919191919,141.432767389918,PDE3A
GO_Biological_Process_2023,Positive Regulation Of Membrane Depolarization (GO:1904181),1/6,0.0296309633944118,0.2290701400875682,0,0,40.19191919191919,141.432767389918,DCN
GO_Biological_Process_2023,Cellular Response To Ionizing Radiation (GO:0071479),2/52,0.0279085775805053,0.2290701400875682,0,0,8.10204081632653,28.995755414400413,EEF1D;RPL26
GO_Biological_Process_2023,Inflammatory Response (GO:0006954),4/236,0.0307736027122512,0.2348921827276896,0,0,3.5323275862068964,12.296378535538167,CEBPB;TNFAIP6;CXCR4;CD44
GO_Biological_Process_2023,Dosage Compensation By Inactivation Of X Chromosome (GO:0009048),1/11,0.0536582567508638,0.2363135088844813,0,0,20.09090909090909,58.768318421882675,SMCHD1
GO_Biological_Process_2023,Negative Regulation Of RNA Metabolic Process (GO:0051253),1/11,0.0536582567508638,0.2363135088844813,0,0,20.09090909090909,58.768318421882675,RPS13
GO_Biological_Process_2023,Cellular Response To UV-B (GO:0071493),1/11,0.0536582567508638,0.2363135088844813,0,0,20.09090909090909,58.768318421882675,CRIP1
GO_Biological_Process_2023,Positive Regulation Of Vascular Permeability (GO:0043117),1/11,0.0536582567508638,0.2363135088844813,0,0,20.09090909090909,58.768318421882675,PDE3A
GO_Biological_Process_2023,Regulation Of Muscle System Process (GO:0090257),1/11,0.0536582567508638,0.2363135088844813,0,0,20.09090909090909,58.768318421882675,MYL9
GO_Biological_Process_2023,Negative Regulation Of Vascular Permeability (GO:0043116),1/11,0.0536582567508638,0.2363135088844813,0,0,20.09090909090909,58.768318421882675,PDE3A
GO_Biological_Process_2023,Regulation Of Mitochondrial Depolarization (GO:0051900),1/10,0.0489003911418304,0.2363135088844813,0,0,22.32435465768799,67.37423003045056,DCN
GO_Biological_Process_2023,Glutamine Family Amino Acid Biosynthetic Process (GO:0009084),1/11,0.0536582567508638,0.2363135088844813,0,0,20.09090909090909,58.768318421882675,GLUL
GO_Biological_Process_2023,Negative Regulation Of Cellular Response To Growth Factor Stimulus (GO:0090288),2/71,0.0492185490137595,0.2363135088844813,0,0,5.865424430641822,17.663636014354466,TNFAIP6;HIPK2
GO_Biological_Process_2023,snRNA Transcription By RNA Polymerase II (GO:0042795),1/10,0.0489003911418304,0.2363135088844813,0,0,22.32435465768799,67.37423003045056,ELL2
GO_Biological_Process_2023,Positive Regulation Of Actin Nucleation (GO:0051127),1/10,0.0489003911418304,0.2363135088844813,0,0,22.32435465768799,67.37423003045056,GSN
GO_Biological_Process_2023,Regulation Of Respiratory Burst (GO:0060263),1/10,0.0489003911418304,0.2363135088844813,0,0,22.32435465768799,67.37423003045056,JCHAIN
GO_Biological_Process_2023,Protein auto-ADP-ribosylation (GO:0070213),1/10,0.0489003911418304,0.2363135088844813,0,0,22.32435465768799,67.37423003045056,PARP8
GO_Biological_Process_2023,Positive Regulation Of Transcription From RNA Polymerase II Promoter In Response To Endoplasmic Reticulum Stress (GO:1990440),1/10,0.0489003911418304,0.2363135088844813,0,0,22.32435465768799,67.37423003045056,CEBPB
GO_Biological_Process_2023,Negative Regulation Of Cellular Response To Vascular Endothelial Growth Factor Stimulus (GO:1902548),1/11,0.0536582567508638,0.2363135088844813,0,0,20.09090909090909,58.768318421882675,DCN
GO_Biological_Process_2023,Plasma Membrane Organization (GO:0007009),2/72,0.0504637828415356,0.2363135088844813,0,0,5.78134110787172,17.265971584773993,CXCR4;SPTBN1
GO_Biological_Process_2023,Regulation Of BMP Signaling Pathway (GO:0030510),2/75,0.0542668897312265,0.2363135088844813,0,0,5.542913055633212,16.15116734069409,TNFAIP6;HIPK2
GO_Biological_Process_2023,Regulation Of Lamellipodium Morphogenesis (GO:2000392),1/10,0.0489003911418304,0.2363135088844813,0,0,22.32435465768799,67.37423003045056,CD44
GO_Biological_Process_2023,Sodium Ion Export Across Plasma Membrane (GO:0036376),1/12,0.0583925585800791,0.2363135088844813,0,0,18.26354453627181,51.878818604154176,SLC4A4
GO_Biological_Process_2023,snRNA Transcription (GO:0009301),1/12,0.0583925585800791,0.2363135088844813,0,0,18.26354453627181,51.878818604154176,ELL2
GO_Biological_Process_2023,Negative Regulation Of Complement Activation (GO:0045916),1/12,0.0583925585800791,0.2363135088844813,0,0,18.26354453627181,51.878818604154176,SERPING1
GO_Biological_Process_2023,Regulation Of Actin Filament Organization (GO:0110053),1/12,0.0583925585800791,0.2363135088844813,0,0,18.26354453627181,51.878818604154176,TMSB4Y
GO_Biological_Process_2023,Relaxation Of Cardiac Muscle (GO:0055119),1/12,0.0583925585800791,0.2363135088844813,0,0,18.26354453627181,51.878818604154176,GSN
GO_Biological_Process_2023,Regulation Of Vascular Associated Smooth Muscle Cell Migration (GO:1904752),1/12,0.0583925585800791,0.2363135088844813,0,0,18.26354453627181,51.878818604154176,PRKG1
GO_Biological_Process_2023,Positive Regulation By Symbiont Of Entry Into Host (GO:0075294),1/12,0.0583925585800791,0.2363135088844813,0,0,18.26354453627181,51.878818604154176,LGALS1
GO_Biological_Process_2023,Cell Projection Assembly (GO:0030031),1/12,0.0583925585800791,0.2363135088844813,0,0,18.26354453627181,51.878818604154176,GSN
GO_Biological_Process_2023,Positive Regulation Of Viral Entry Into Host Cell (GO:0046598),1/12,0.0583925585800791,0.2363135088844813,0,0,18.26354453627181,51.878818604154176,LGALS1
GO_Biological_Process_2023,Nuclear Body Organization (GO:0030575),1/12,0.0583925585800791,0.2363135088844813,0,0,18.26354453627181,51.878818604154176,HIPK2
GO_Biological_Process_2023,Negative Regulation Of Substrate Adhesion-Dependent Cell Spreading (GO:1900025),1/12,0.0583925585800791,0.2363135088844813,0,0,18.26354453627181,51.878818604154176,FBLN1
GO_Biological_Process_2023,Negative Regulation Of Locomotion (GO:0040013),1/12,0.0583925585800791,0.2363135088844813,0,0,18.26354453627181,51.878818604154176,FBLN1
GO_Biological_Process_2023,Negative Regulation Of Intrinsic Apoptotic Signaling Pathway In Response To DNA Damage By P53 Class Mediator (GO:1902166),1/12,0.0583925585800791,0.2363135088844813,0,0,18.26354453627181,51.878818604154176,CD44
GO_Biological_Process_2023,Proteolysis Involved In Protein Catabolic Process (GO:0051603),2/78,0.058168160710821,0.2363135088844813,0,0,5.323308270676692,15.141709290687697,RPS27A;UBA52
GO_Biological_Process_2023,Negative Regulation Of Protein Modification Process (GO:0031400),2/78,0.058168160710821,0.2363135088844813,0,0,5.323308270676692,15.141709290687697,NIBAN1;FBLN1
GO_Biological_Process_2023,Negative Regulation Of Phosphorylation (GO:0042326),2/75,0.0542668897312265,0.2363135088844813,0,0,5.542913055633212,16.15116734069409,NIBAN1;FBLN1
GO_Biological_Process_2023,Positive Regulation Of Response To Stimulus (GO:0048584),2/77,0.0568570608364096,0.2363135088844813,0,0,5.394557823129252,15.467356382357153,SMCHD1;C7
GO_Biological_Process_2023,Actin Filament Depolymerization (GO:0030042),1/10,0.0489003911418304,0.2363135088844813,0,0,22.32435465768799,67.37423003045056,GSN
GO_Biological_Process_2023,Negative Regulation Of Homotypic Cell-Cell Adhesion (GO:0034111),1/10,0.0489003911418304,0.2363135088844813,0,0,22.32435465768799,67.37423003045056,PRKG1
GO_Biological_Process_2023,Regulation Of Dendritic Cell Differentiation (GO:2001198),1/10,0.0489003911418304,0.2363135088844813,0,0,22.32435465768799,67.37423003045056,LGALS1
GO_Biological_Process_2023,Negative Regulation Of Platelet Aggregation (GO:0090331),1/8,0.0393135041520565,0.2363135088844813,0,0,28.705627705627705,92.8967850071638,PRKG1
GO_Biological_Process_2023,Regulation Of Fibroblast Apoptotic Process (GO:2000269),1/8,0.0393135041520565,0.2363135088844813,0,0,28.705627705627705,92.8967850071638,BTG1
GO_Biological_Process_2023,Regulation Of Endothelial Cell Differentiation (GO:0045601),1/8,0.0393135041520565,0.2363135088844813,0,0,28.705627705627705,92.8967850071638,BTG1
GO_Biological_Process_2023,"DNA Damage Response, Signal Transduction By P53 Class Mediator Resulting In Transcription Of P21 Class Mediator (GO:0006978)",1/8,0.0393135041520565,0.2363135088844813,0,0,28.705627705627705,92.8967850071638,HIPK2
GO_Biological_Process_2023,Positive Regulation Of Protein Binding (GO:0032092),2/59,0.0352125566390489,0.2363135088844813,0,0,7.104547081990691,23.774319154103356,RPL11;HIPK2
GO_Biological_Process_2023,Positive Regulation Of Respiratory Burst (GO:0060267),1/8,0.0393135041520565,0.2363135088844813,0,0,28.705627705627705,92.8967850071638,JCHAIN
GO_Biological_Process_2023,"Endonucleolytic Cleavage In ITS1 To Separate SSU-rRNA From 5.8S rRNA And LSU-rRNA From Tricistronic rRNA Transcript (SSU-rRNA, 5.8S rRNA, LSU-rRNA) (GO:0000447)",1/7,0.0344842492004146,0.2363135088844813,0,0,33.49158249158249,112.77461836050252,RPS21
GO_Biological_Process_2023,Cellular Response To Epinephrine Stimulus (GO:0071872),1/7,0.0344842492004146,0.2363135088844813,0,0,33.49158249158249,112.77461836050252,PDE4B
GO_Biological_Process_2023,Regulation Of Protein Localization To Nucleolus (GO:1904749),1/7,0.0344842492004146,0.2363135088844813,0,0,33.49158249158249,112.77461836050252,GLUL
GO_Biological_Process_2023,Leukocyte Aggregation (GO:0070486),1/7,0.0344842492004146,0.2363135088844813,0,0,33.49158249158249,112.77461836050252,CD44
GO_Biological_Process_2023,Regulation Of Myeloid Leukocyte Differentiation (GO:0002761),1/7,0.0344842492004146,0.2363135088844813,0,0,33.49158249158249,112.77461836050252,CEBPB
GO_Biological_Process_2023,Positive Regulation Of Leukocyte Differentiation (GO:1902107),1/7,0.0344842492004146,0.2363135088844813,0,0,33.49158249158249,112.77461836050252,LGALS1
GO_Biological_Process_2023,Positive Regulation Of Gene Expression (GO:0010628),6/480,0.0334009737175222,0.2363135088844813,0,0,2.615943980608672,8.892038892305715,NIBAN1;ACTA2;GSN;RPS7;RPL11;RPL26
GO_Biological_Process_2023,Response To Epinephrine (GO:0071871),1/7,0.0344842492004146,0.2363135088844813,0,0,33.49158249158249,112.77461836050252,PDE4B
GO_Biological_Process_2023,Regulation Of Podosome Assembly (GO:0071801),1/8,0.0393135041520565,0.2363135088844813,0,0,28.705627705627705,92.8967850071638,GSN
GO_Biological_Process_2023,Regulation Of Intrinsic Apoptotic Signaling Pathway By P53 Class Mediator (GO:1902253),1/8,0.0393135041520565,0.2363135088844813,0,0,28.705627705627705,92.8967850071638,RPS7
GO_Biological_Process_2023,Negative Regulation Of cAMP-mediated Signaling (GO:0043951),1/8,0.0393135041520565,0.2363135088844813,0,0,28.705627705627705,92.8967850071638,PDE3A
GO_Biological_Process_2023,Regulation Of Cysteine-Type Endopeptidase Activity Involved In Apoptotic Signaling Pathway (GO:2001267),1/10,0.0489003911418304,0.2363135088844813,0,0,22.32435465768799,67.37423003045056,GSN
GO_Biological_Process_2023,Epithelial Cell Apoptotic Process (GO:1904019),1/10,0.0489003911418304,0.2363135088844813,0,0,22.32435465768799,67.37423003045056,GSN
GO_Biological_Process_2023,Sensory Organ Development (GO:0007423),2/70,0.0479847867745847,0.2363135088844813,0,0,5.951980792316927,18.075399411278084,SMCHD1;HIPK2
GO_Biological_Process_2023,Dosage Compensation (GO:0007549),1/9,0.0441188457824273,0.2363135088844813,0,0,25.116161616161616,78.3842312444799,SMCHD1
GO_Biological_Process_2023,Constitutive Heterochromatin Formation (GO:0140719),1/8,0.0393135041520565,0.2363135088844813,0,0,28.705627705627705,92.8967850071638,SMCHD1
GO_Biological_Process_2023,Regulation Of Actin Filament Length (GO:0030832),1/9,0.0441188457824273,0.2363135088844813,0,0,25.116161616161616,78.3842312444799,TMSB4Y
GO_Biological_Process_2023,Myelin Maintenance (GO:0043217),1/9,0.0441188457824273,0.2363135088844813,0,0,25.116161616161616,78.3842312444799,CXCR4
GO_Biological_Process_2023,Regulation Of Actin Filament-Based Movement (GO:1903115),1/9,0.0441188457824273,0.2363135088844813,0,0,25.116161616161616,78.3842312444799,PDE4B
GO_Biological_Process_2023,Negative Regulation Of Vascular Endothelial Growth Factor Signaling Pathway (GO:1900747),1/9,0.0441188457824273,0.2363135088844813,0,0,25.116161616161616,78.3842312444799,DCN
GO_Biological_Process_2023,Actin-Mediated Cell Contraction (GO:0070252),1/9,0.0441188457824273,0.2363135088844813,0,0,25.116161616161616,78.3842312444799,GSN
GO_Biological_Process_2023,Regulation Of High Voltage-Gated Calcium Channel Activity (GO:1901841),1/9,0.0441188457824273,0.2363135088844813,0,0,25.116161616161616,78.3842312444799,PDE4B
GO_Biological_Process_2023,"DNA Damage Response, Signal Transduction Resulting In Transcription (GO:0042772)",1/9,0.0441188457824273,0.2363135088844813,0,0,25.116161616161616,78.3842312444799,HIPK2
GO_Biological_Process_2023,Antimicrobial Humoral Immune Response Mediated By Antimicrobial Peptide (GO:0061844),2/65,0.0419931324107679,0.2363135088844813,0,0,6.425979915775834,20.371957610722255,FAU;RPL39
GO_Biological_Process_2023,Response To Metal Ion (GO:0010038),2/64,0.0408312655246501,0.2363135088844813,0,0,6.529953917050691,20.88479849248963,MT1X;CRIP1
GO_Biological_Process_2023,rRNA 3'-End Processing (GO:0031125),1/9,0.0441188457824273,0.2363135088844813,0,0,25.116161616161616,78.3842312444799,RPS21
GO_Biological_Process_2023,Protein Insertion Into Mitochondrial Outer Membrane (GO:0045040),1/13,0.0631034120924418,0.2363438353524375,0,0,16.74074074074074,46.254339159717055,TOMM7
GO_Biological_Process_2023,"Endonucleolytic Cleavage Of Tricistronic rRNA Transcript (SSU-rRNA, 5.8S rRNA, LSU-rRNA) (GO:0000479)",1/13,0.0631034120924418,0.2363438353524375,0,0,16.74074074074074,46.254339159717055,RPS21
GO_Biological_Process_2023,Positive Regulation Of Double-Strand Break Repair Via Nonhomologous End Joining (GO:2001034),1/13,0.0631034120924418,0.2363438353524375,0,0,16.74074074074074,46.254339159717055,SMCHD1
GO_Biological_Process_2023,"Negative Regulation Of DNA Damage Response, Signal Transduction By P53 Class Mediator (GO:0043518)",1/13,0.0631034120924418,0.2363438353524375,0,0,16.74074074074074,46.254339159717055,CD44
GO_Biological_Process_2023,Relaxation Of Muscle (GO:0090075),1/13,0.0631034120924418,0.2363438353524375,0,0,16.74074074074074,46.254339159717055,GSN
GO_Biological_Process_2023,Outer Mitochondrial Membrane Organization (GO:0007008),1/13,0.0631034120924418,0.2363438353524375,0,0,16.74074074074074,46.254339159717055,TOMM7
GO_Biological_Process_2023,Glomerular Filtration (GO:0003094),1/13,0.0631034120924418,0.2363438353524375,0,0,16.74074074074074,46.254339159717055,JCHAIN
GO_Biological_Process_2023,Regulation Of Lamellipodium Organization (GO:1902743),1/13,0.0631034120924418,0.2363438353524375,0,0,16.74074074074074,46.254339159717055,CD44
GO_Biological_Process_2023,Glutamine Metabolic Process (GO:0006541),1/13,0.0631034120924418,0.2363438353524375,0,0,16.74074074074074,46.254339159717055,GLUL
GO_Biological_Process_2023,Acute-Phase Response (GO:0006953),1/13,0.0631034120924418,0.2363438353524375,0,0,16.74074074074074,46.254339159717055,CEBPB
GO_Biological_Process_2023,Cellular Response To UV (GO:0034644),2/79,0.0594897545967717,0.2363438353524375,0,0,5.253909355950173,14.8262756693766,RPL26;CRIP1
GO_Biological_Process_2023,Positive Regulation Of Protein Localization To Membrane (GO:1905477),2/79,0.0594897545967717,0.2363438353524375,0,0,5.253909355950173,14.8262756693766,TNFAIP6;SPTBN1
GO_Biological_Process_2023,Positive Regulation Of Amide Metabolic Process (GO:0034250),2/85,0.067632189652766,0.2418812550151748,0,0,4.87263339070568,13.12527238363094,NIBAN1;RPL26
GO_Biological_Process_2023,Defense Response To Gram-positive Bacterium (GO:0050830),2/85,0.067632189652766,0.2418812550151748,0,0,4.87263339070568,13.12527238363094,FAU;RPL39
GO_Biological_Process_2023,Positive Regulation Of Heterotypic Cell-Cell Adhesion (GO:0034116),1/14,0.0677909321684321,0.2418812550151748,0,0,15.452214452214452,41.58695944336839,CD44
GO_Biological_Process_2023,Striated Muscle Cell Development (GO:0055002),1/14,0.0677909321684321,0.2418812550151748,0,0,15.452214452214452,41.58695944336839,MYL9
GO_Biological_Process_2023,Negative Regulation Of Smooth Muscle Cell Migration (GO:0014912),1/14,0.0677909321684321,0.2418812550151748,0,0,15.452214452214452,41.58695944336839,PRKG1
GO_Biological_Process_2023,"Blood Coagulation, Fibrin Clot Formation (GO:0072378)",1/14,0.0677909321684321,0.2418812550151748,0,0,15.452214452214452,41.58695944336839,FBLN1
GO_Biological_Process_2023,Protein Activation Cascade (GO:0072376),1/14,0.0677909321684321,0.2418812550151748,0,0,15.452214452214452,41.58695944336839,FBLN1
GO_Biological_Process_2023,Response To Muscle Stretch (GO:0035994),1/14,0.0677909321684321,0.2418812550151748,0,0,15.452214452214452,41.58695944336839,GSN
GO_Biological_Process_2023,Dendritic Cell Chemotaxis (GO:0002407),1/15,0.0724552331756038,0.2468390147168876,0,0,14.347763347763347,37.659813836990104,CXCR4
GO_Biological_Process_2023,Renal Filtration (GO:0097205),1/15,0.0724552331756038,0.2468390147168876,0,0,14.347763347763347,37.659813836990104,JCHAIN
GO_Biological_Process_2023,Cellular Response To Zinc Ion (GO:0071294),1/15,0.0724552331756038,0.2468390147168876,0,0,14.347763347763347,37.659813836990104,MT1X
GO_Biological_Process_2023,"Positive Regulation Of DNA Damage Response, Signal Transduction By P53 Class Mediator (GO:0043517)",1/15,0.0724552331756038,0.2468390147168876,0,0,14.347763347763347,37.659813836990104,RPL26
GO_Biological_Process_2023,Glutamine Family Amino Acid Catabolic Process (GO:0009065),1/15,0.0724552331756038,0.2468390147168876,0,0,14.347763347763347,37.659813836990104,GLUL
GO_Biological_Process_2023,Epiboly Involved In Wound Healing (GO:0090505),1/15,0.0724552331756038,0.2468390147168876,0,0,14.347763347763347,37.659813836990104,CD44
GO_Biological_Process_2023,Regulation Of Endothelial Cell Migration (GO:0010594),2/88,0.071834354272908,0.2468390147168876,0,0,4.701945894636925,12.382068798517093,GLUL;DCN
GO_Biological_Process_2023,Negative Regulation Of Platelet Activation (GO:0010544),1/15,0.0724552331756038,0.2468390147168876,0,0,14.347763347763347,37.659813836990104,PRKG1
GO_Biological_Process_2023,Dicarboxylic Acid Catabolic Process (GO:0043649),1/16,0.0770964289305897,0.2540390527057136,0,0,13.390572390572393,34.31599732708391,GLUL
GO_Biological_Process_2023,Positive Regulation Of Binding (GO:0051099),2/91,0.0761192182371278,0.2540390527057136,0,0,4.542765420775051,11.699685676018186,RPL11;HIPK2
GO_Biological_Process_2023,Negative Regulation Of Intrinsic Apoptotic Signaling Pathway By P53 Class Mediator (GO:1902254),1/16,0.0770964289305897,0.2540390527057136,0,0,13.390572390572393,34.31599732708391,CD44
GO_Biological_Process_2023,Regulation Of Stem Cell Proliferation (GO:0072091),1/16,0.0770964289305897,0.2540390527057136,0,0,13.390572390572393,34.31599732708391,FBLN1
GO_Biological_Process_2023,Cellular Response To Gamma Radiation (GO:0071480),1/16,0.0770964289305897,0.2540390527057136,0,0,13.390572390572393,34.31599732708391,RPL26
GO_Biological_Process_2023,Response To UV-B (GO:0010224),1/16,0.0770964289305897,0.2540390527057136,0,0,13.390572390572393,34.31599732708391,CRIP1
GO_Biological_Process_2023,Negative Regulation Of Viral Entry Into Host Cell (GO:0046597),1/18,0.0863099571505927,0.2579771043450425,0,0,11.81402257872846,28.942114306609312,GSN
GO_Biological_Process_2023,Barbed-End Actin Filament Capping (GO:0051016),1/18,0.0863099571505927,0.2579771043450425,0,0,11.81402257872846,28.942114306609312,GSN
GO_Biological_Process_2023,Cardiac Muscle Cell Contraction (GO:0086003),1/18,0.0863099571505927,0.2579771043450425,0,0,11.81402257872846,28.942114306609312,GSN
GO_Biological_Process_2023,Negative Regulation Of Signal Transduction By P53 Class Mediator (GO:1901797),1/18,0.0863099571505927,0.2579771043450425,0,0,11.81402257872846,28.942114306609312,CD44
GO_Biological_Process_2023,Dendritic Cell Migration (GO:0036336),1/18,0.0863099571505927,0.2579771043450425,0,0,11.81402257872846,28.942114306609312,CXCR4
GO_Biological_Process_2023,Regulation Of cAMP-mediated Signaling (GO:0043949),1/18,0.0863099571505927,0.2579771043450425,0,0,11.81402257872846,28.942114306609312,PDE3A
GO_Biological_Process_2023,Positive Regulation Of Cold-Induced Thermogenesis (GO:0120162),2/98,0.0864201908419545,0.2579771043450425,0,0,4.210034013605442,10.308411171595903,CEBPB;CXCR4
GO_Biological_Process_2023,Renal Absorption (GO:0070293),1/18,0.0863099571505927,0.2579771043450425,0,0,11.81402257872846,28.942114306609312,GSN
GO_Biological_Process_2023,Actin Filament Capping (GO:0051693),1/18,0.0863099571505927,0.2579771043450425,0,0,11.81402257872846,28.942114306609312,GSN
GO_Biological_Process_2023,Regulation Of Protein Neddylation (GO:2000434),1/18,0.0863099571505927,0.2579771043450425,0,0,11.81402257872846,28.942114306609312,RPL11
GO_Biological_Process_2023,Positive Regulation Of Interleukin-4 Production (GO:0032753),1/18,0.0863099571505927,0.2579771043450425,0,0,11.81402257872846,28.942114306609312,CEBPB
GO_Biological_Process_2023,Positive Regulation Of Glycolytic Process (GO:0045821),1/18,0.0863099571505927,0.2579771043450425,0,0,11.81402257872846,28.942114306609312,SLC4A4
GO_Biological_Process_2023,cGMP-mediated Signaling (GO:0019934),1/17,0.0817146326715556,0.2579771043450425,0,0,12.553030303030305,31.43934295429433,PDE3A
GO_Biological_Process_2023,Positive Regulation Of Transcription From RNA Polymerase II Promoter In Response To Stress (GO:0036003),1/17,0.0817146326715556,0.2579771043450425,0,0,12.553030303030305,31.43934295429433,CEBPB
GO_Biological_Process_2023,Regulation Of Epithelial Cell Differentiation (GO:0030856),1/18,0.0863099571505927,0.2579771043450425,0,0,11.81402257872846,28.942114306609312,CEBPB
GO_Biological_Process_2023,Negative Regulation Of Vascular Associated Smooth Muscle Cell Proliferation (GO:1904706),1/17,0.0817146326715556,0.2579771043450425,0,0,12.553030303030305,31.43934295429433,PRKG1
GO_Biological_Process_2023,Regulation Of Establishment Of Cell Polarity (GO:2000114),1/17,0.0817146326715556,0.2579771043450425,0,0,12.553030303030305,31.43934295429433,GSN
GO_Biological_Process_2023,"DNA Damage Response, Signal Transduction By P53 Class Mediator Resulting In Cell Cycle Arrest (GO:0006977)",1/17,0.0817146326715556,0.2579771043450425,0,0,12.553030303030305,31.43934295429433,RPL26
GO_Biological_Process_2023,Positive Regulation Of Glial Cell Differentiation (GO:0045687),1/17,0.0817146326715556,0.2579771043450425,0,0,12.553030303030305,31.43934295429433,CXCR4
GO_Biological_Process_2023,Negative Regulation Of RNA Splicing (GO:0033119),1/19,0.0908825145361798,0.2622112739967294,0,0,11.15712682379349,26.75688382123247,RPS13
GO_Biological_Process_2023,Regulation Of Vascular Endothelial Growth Factor Signaling Pathway (GO:1900746),1/19,0.0908825145361798,0.2622112739967294,0,0,11.15712682379349,26.75688382123247,DCN
GO_Biological_Process_2023,Cellular Response To Catecholamine Stimulus (GO:0071870),1/19,0.0908825145361798,0.2622112739967294,0,0,11.15712682379349,26.75688382123247,PDE4B
GO_Biological_Process_2023,DNA Catabolic Process (GO:0006308),1/19,0.0908825145361798,0.2622112739967294,0,0,11.15712682379349,26.75688382123247,ISG20
GO_Biological_Process_2023,Intrinsic Apoptotic Signaling Pathway In Response To DNA Damage By P53 Class Mediator (GO:0042771),1/19,0.0908825145361798,0.2622112739967294,0,0,11.15712682379349,26.75688382123247,HIPK2
GO_Biological_Process_2023,Positive Regulation Of Mitochondrial Fission (GO:0090141),1/19,0.0908825145361798,0.2622112739967294,0,0,11.15712682379349,26.75688382123247,DCN
GO_Biological_Process_2023,Bicarbonate Transport (GO:0015701),1/19,0.0908825145361798,0.2622112739967294,0,0,11.15712682379349,26.75688382123247,SLC4A4
GO_Biological_Process_2023,Cellular Response To Copper Ion (GO:0071280),1/20,0.0954324164624814,0.2643312859174211,0,0,10.569377990430622,24.83103038927071,MT1X
GO_Biological_Process_2023,Positive Regulation Of Epithelial Cell Differentiation (GO:0030858),1/20,0.0954324164624814,0.2643312859174211,0,0,10.569377990430622,24.83103038927071,BTG1
GO_Biological_Process_2023,Positive Regulation Of Vasculature Development (GO:1904018),2/104,0.0955625544444408,0.2643312859174211,0,0,3.961184473789516,9.300759047174036,BTG1;HIPK2
GO_Biological_Process_2023,Cell Projection Organization (GO:0030030),1/20,0.0954324164624814,0.2643312859174211,0,0,10.569377990430622,24.83103038927071,GSN
GO_Biological_Process_2023,Response To Fibroblast Growth Factor (GO:0071774),1/20,0.0954324164624814,0.2643312859174211,0,0,10.569377990430622,24.83103038927071,CD44
GO_Biological_Process_2023,Negative Regulation Of Viral Life Cycle (GO:1903901),1/20,0.0954324164624814,0.2643312859174211,0,0,10.569377990430622,24.83103038927071,GSN
GO_Biological_Process_2023,Positive Regulation Of Protein Processing (GO:0010954),1/20,0.0954324164624814,0.2643312859174211,0,0,10.569377990430622,24.83103038927071,GSN
GO_Biological_Process_2023,Glutamate Metabolic Process (GO:0006536),1/20,0.0954324164624814,0.2643312859174211,0,0,10.569377990430622,24.83103038927071,GLUL
GO_Biological_Process_2023,Regulation Of Protein Localization To Cell Periphery (GO:1904375),1/20,0.0954324164624814,0.2643312859174211,0,0,10.569377990430622,24.83103038927071,SPTBN1
GO_Biological_Process_2023,Negative Regulation Of Double-Strand Break Repair Via Homologous Recombination (GO:2000042),1/21,0.0999597740324998,0.2715123591963845,0,0,10.04040404040404,23.122924333288797,SMCHD1
GO_Biological_Process_2023,Negative Regulation Of Osteoclast Differentiation (GO:0045671),1/21,0.0999597740324998,0.2715123591963845,0,0,10.04040404040404,23.122924333288797,TNFAIP6
GO_Biological_Process_2023,"Maturation Of 5.8S rRNA From Tricistronic rRNA Transcript (SSU-rRNA, 5.8S rRNA, LSU-rRNA) (GO:0000466)",1/21,0.0999597740324998,0.2715123591963845,0,0,10.04040404040404,23.122924333288797,RPS21
GO_Biological_Process_2023,Response To Cadmium Ion (GO:0046686),1/21,0.0999597740324998,0.2715123591963845,0,0,10.04040404040404,23.122924333288797,MT1X
GO_Biological_Process_2023,Positive Regulation Of Translation (GO:0045727),2/108,0.1018050719773058,0.2752845668265266,0,0,3.81093569503273,8.70682707358352,NIBAN1;RPL26
GO_Biological_Process_2023,Positive Regulation Of Viral Life Cycle (GO:1903902),1/22,0.104464697819105,0.2787266052430104,0,0,9.561808561808562,21.59922753970687,LGALS1
GO_Biological_Process_2023,Cellular Response To Cadmium Ion (GO:0071276),1/22,0.104464697819105,0.2787266052430104,0,0,9.561808561808562,21.59922753970687,MT1X
GO_Biological_Process_2023,Response To Gamma Radiation (GO:0010332),1/22,0.104464697819105,0.2787266052430104,0,0,9.561808561808562,21.59922753970687,RPL26
GO_Biological_Process_2023,Regulation Of Transforming Growth Factor Beta Receptor Signaling Pathway (GO:0017015),2/111,0.1065594896807097,0.2818218082345086,0,0,3.7054858640703983,8.296775020722748,LTBP4;HIPK2
GO_Biological_Process_2023,Negative Regulation Of Transmembrane Receptor Protein Serine/Threonine Kinase Signaling Pathway (GO:0090101),2/111,0.1065594896807097,0.2818218082345086,0,0,3.7054858640703983,8.296775020722748,TNFAIP6;HIPK2
GO_Biological_Process_2023,Regulation Of Biomineral Tissue Development (GO:0070167),1/25,0.1178459640404217,0.2843212313696306,0,0,8.365319865319865,17.88820673407011,CEBPB
GO_Biological_Process_2023,Regulation Of Protein Binding (GO:0043393),2/118,0.1178777907834289,0.2843212313696306,0,0,3.480647431386348,7.441996159064892,RPL11;HIPK2
GO_Biological_Process_2023,Ribonucleoside Bisphosphate Metabolic Process (GO:0033875),1/25,0.1178459640404217,0.2843212313696306,0,0,8.365319865319865,17.88820673407011,ACSM3
GO_Biological_Process_2023,Purine Nucleoside Bisphosphate Metabolic Process (GO:0034032),1/25,0.1178459640404217,0.2843212313696306,0,0,8.365319865319865,17.88820673407011,ACSM3
GO_Biological_Process_2023,Regulation Of Platelet Aggregation (GO:0090330),1/25,0.1178459640404217,0.2843212313696306,0,0,8.365319865319865,17.88820673407011,PRKG1
GO_Biological_Process_2023,Regulation Of Neutrophil Chemotaxis (GO:0090022),1/25,0.1178459640404217,0.2843212313696306,0,0,8.365319865319865,17.88820673407011,TNFAIP6
GO_Biological_Process_2023,"Wound Healing, Spreading Of Cells (GO:0044319)",1/25,0.1178459640404217,0.2843212313696306,0,0,8.365319865319865,17.88820673407011,CD44
GO_Biological_Process_2023,Negative Regulation Of Intrinsic Apoptotic Signaling Pathway In Response To DNA Damage (GO:1902230),1/25,0.1178459640404217,0.2843212313696306,0,0,8.365319865319865,17.88820673407011,CD44
GO_Biological_Process_2023,Regulation Of Double-Strand Break Repair Via Nonhomologous End Joining (GO:2001032),1/25,0.1178459640404217,0.2843212313696306,0,0,8.365319865319865,17.88820673407011,SMCHD1
GO_Biological_Process_2023,ATP Biosynthetic Process (GO:0006754),1/25,0.1178459640404217,0.2843212313696306,0,0,8.365319865319865,17.88820673407011,ATP5F1E
GO_Biological_Process_2023,Positive Regulation Of Cellular Response To Transforming Growth Factor Beta Stimulus (GO:1903846),1/24,0.113407683581024,0.2843212313696306,0,0,8.729468599033817,19.002011610155247,HIPK2
GO_Biological_Process_2023,Regulation Of Interleukin-4 Production (GO:0032673),1/23,0.1089472978360328,0.2843212313696306,0,0,9.1267217630854,20.232947516534363,CEBPB
GO_Biological_Process_2023,Response To Copper Ion (GO:0046688),1/24,0.113407683581024,0.2843212313696306,0,0,8.729468599033817,19.002011610155247,MT1X
GO_Biological_Process_2023,Regulation Of Cellular Response To Transforming Growth Factor Beta Stimulus (GO:1903844),1/23,0.1089472978360328,0.2843212313696306,0,0,9.1267217630854,20.232947516534363,LTBP4
GO_Biological_Process_2023,Positive Regulation Of Epithelial Cell Apoptotic Process (GO:1904037),1/23,0.1089472978360328,0.2843212313696306,0,0,9.1267217630854,20.232947516534363,GSN
GO_Biological_Process_2023,Positive Regulation Of Macromolecule Metabolic Process (GO:0010604),4/364,0.1096794844756466,0.2843212313696306,0,0,2.261574074074074,4.9985150608465005,ACTA2;GSN;RPS7;RPL11
GO_Biological_Process_2023,Response To Endoplasmic Reticulum Stress (GO:0034976),2/114,0.1113729080000625,0.2843212313696306,0,0,3.6056851311953353,7.914014366919983,NIBAN1;CEBPB
GO_Biological_Process_2023,Regulation Of Actin Nucleation (GO:0051125),1/24,0.113407683581024,0.2843212313696306,0,0,8.729468599033817,19.002011610155247,GSN
GO_Biological_Process_2023,Regulation Of Heterotypic Cell-Cell Adhesion (GO:0034114),1/24,0.113407683581024,0.2843212313696306,0,0,8.729468599033817,19.002011610155247,CD44
GO_Biological_Process_2023,Amyloid Fibril Formation (GO:1990000),1/24,0.113407683581024,0.2843212313696306,0,0,8.729468599033817,19.002011610155247,GSN
GO_Biological_Process_2023,Positive Regulation Of Transforming Growth Factor Beta Receptor Signaling Pathway (GO:0030511),1/24,0.113407683581024,0.2843212313696306,0,0,8.729468599033817,19.002011610155247,HIPK2
GO_Biological_Process_2023,Stress Granule Assembly (GO:0034063),1/24,0.113407683581024,0.2843212313696306,0,0,8.729468599033817,19.002011610155247,RPS23
GO_Biological_Process_2023,Regulation Of Cardiac Muscle Cell Contraction (GO:0086004),1/26,0.1222622476286691,0.2868643397668775,0,0,8.030303030303031,16.876380218002918,PDE4B
GO_Biological_Process_2023,Mitotic G1 DNA Damage Checkpoint Signaling (GO:0031571),1/26,0.1222622476286691,0.2868643397668775,0,0,8.030303030303031,16.876380218002918,RPL26
GO_Biological_Process_2023,Plasma Membrane Invagination (GO:0099024),1/26,0.1222622476286691,0.2868643397668775,0,0,8.030303030303031,16.876380218002918,GSN
GO_Biological_Process_2023,Cellular Response To Xenobiotic Stimulus (GO:0071466),1/26,0.1222622476286691,0.2868643397668775,0,0,8.030303030303031,16.876380218002918,PDE4B
GO_Biological_Process_2023,Acute Inflammatory Response (GO:0002526),1/26,0.1222622476286691,0.2868643397668775,0,0,8.030303030303031,16.876380218002918,CEBPB
GO_Biological_Process_2023,Positive Regulation Of Angiogenesis (GO:0045766),2/119,0.1195188772922953,0.2868643397668775,0,0,3.4507238792953077,7.330307004338375,BTG1;HIPK2
GO_Biological_Process_2023,cAMP-mediated Signaling (GO:0019933),1/26,0.1222622476286691,0.2868643397668775,0,0,8.030303030303031,16.876380218002918,PDE3A
GO_Biological_Process_2023,Positive Regulation Of Intracellular Signal Transduction (GO:1902533),5/525,0.1229913715538717,0.287456577701491,0,0,1.9615384615384617,4.110680572230083,RPS15;LGALS1;EEF1D;RPL37;DCN
GO_Biological_Process_2023,Regulation Of Actin Polymerization Or Depolymerization (GO:0008064),1/27,0.1266566423028266,0.2892952852598654,0,0,7.721056721056721,15.953830010816358,TMSB4Y
GO_Biological_Process_2023,Positive Regulation Of Ubiquitin-Protein Transferase Activity (GO:0051443),1/27,0.1266566423028266,0.2892952852598654,0,0,7.721056721056721,15.953830010816358,RPS2
GO_Biological_Process_2023,Myeloid Cell Development (GO:0061515),1/27,0.1266566423028266,0.2892952852598654,0,0,7.721056721056721,15.953830010816358,CEBPB
GO_Biological_Process_2023,Positive Regulation Of Immune System Process (GO:0002684),1/27,0.1266566423028266,0.2892952852598654,0,0,7.721056721056721,15.953830010816358,C7
GO_Biological_Process_2023,Regulation Of Mitochondrial Fission (GO:0090140),1/27,0.1266566423028266,0.2892952852598654,0,0,7.721056721056721,15.953830010816358,DCN
GO_Biological_Process_2023,Positive Regulation Of Macromolecule Biosynthetic Process (GO:0010557),2/122,0.1244762469056777,0.2892952852598654,0,0,3.3639455782312924,7.0092528065471456,NIBAN1;RPL26
GO_Biological_Process_2023,Negative Regulation Of Growth (GO:0045926),2/124,0.1278086254209237,0.2908249099200642,0,0,3.308464369354299,6.806243198091332,BTG1;MT1X
GO_Biological_Process_2023,Regulation Of Chemotaxis (GO:0050920),1/28,0.1310292553948657,0.2926320037152001,0,0,7.434717545828657,15.109834134055738,CXCR4
GO_Biological_Process_2023,Golgi To Plasma Membrane Protein Transport (GO:0043001),1/28,0.1310292553948657,0.2926320037152001,0,0,7.434717545828657,15.109834134055738,SPTBN1
GO_Biological_Process_2023,Protein Depolymerization (GO:0051261),1/28,0.1310292553948657,0.2926320037152001,0,0,7.434717545828657,15.109834134055738,GSN
GO_Biological_Process_2023,Protein Insertion Into Mitochondrial Membrane (GO:0051204),1/28,0.1310292553948657,0.2926320037152001,0,0,7.434717545828657,15.109834134055738,TOMM7
GO_Biological_Process_2023,"Regulation Of DNA Damage Response, Signal Transduction By P53 Class Mediator (GO:0043516)",1/28,0.1310292553948657,0.2926320037152001,0,0,7.434717545828657,15.109834134055738,CD44
GO_Biological_Process_2023,Regulation Of Voltage-Gated Calcium Channel Activity (GO:1901385),1/29,0.13538019382269,0.2979352440696426,0,0,7.1688311688311686,14.335283778329618,PDE4B
GO_Biological_Process_2023,Regulation Of Muscle Contraction (GO:0006937),1/29,0.13538019382269,0.2979352440696426,0,0,7.1688311688311686,14.335283778329618,MYL9
GO_Biological_Process_2023,Integrated Stress Response Signaling (GO:0140467),1/29,0.13538019382269,0.2979352440696426,0,0,7.1688311688311686,14.335283778329618,CEBPB
GO_Biological_Process_2023,TOR Signaling (GO:0031929),1/29,0.13538019382269,0.2979352440696426,0,0,7.1688311688311686,14.335283778329618,RPS6
GO_Biological_Process_2023,Negative Regulation Of Myeloid Leukocyte Differentiation (GO:0002762),1/30,0.1397095639188418,0.3019529284697549,0,0,6.921281783350749,13.622394510819325,TNFAIP6
GO_Biological_Process_2023,Positive Regulation Of Protein Targeting To Mitochondrion (GO:1903955),1/30,0.1397095639188418,0.3019529284697549,0,0,6.921281783350749,13.622394510819325,TOMM7
GO_Biological_Process_2023,Intrinsic Apoptotic Signaling Pathway In Response To Endoplasmic Reticulum Stress (GO:0070059),1/30,0.1397095639188418,0.3019529284697549,0,0,6.921281783350749,13.622394510819325,CEBPB
GO_Biological_Process_2023,"Phagocytosis, Engulfment (GO:0006911)",1/30,0.1397095639188418,0.3019529284697549,0,0,6.921281783350749,13.622394510819325,GSN
GO_Biological_Process_2023,Protein Palmitoylation (GO:0018345),1/30,0.1397095639188418,0.3019529284697549,0,0,6.921281783350749,13.622394510819325,GLUL
GO_Biological_Process_2023,Cellular Component Assembly (GO:0022607),3/260,0.1414115881165498,0.3045399558367127,0,0,2.3638734004572988,4.62392684309769,GSN;SPTBN1;JCHAIN
GO_Biological_Process_2023,Actin Filament Polymerization (GO:0030041),1/31,0.1440174715013112,0.3057835750538404,0,0,6.69023569023569,12.964476920040203,GSN
GO_Biological_Process_2023,acyl-CoA Metabolic Process (GO:0006637),1/31,0.1440174715013112,0.3057835750538404,0,0,6.69023569023569,12.964476920040203,ACSM3
GO_Biological_Process_2023,Regulation Of Transmembrane Receptor Protein Serine/Threonine Kinase Signaling Pathway (GO:0090092),1/31,0.1440174715013112,0.3057835750538404,0,0,6.69023569023569,12.964476920040203,LTBP4
GO_Biological_Process_2023,Regulation Of Cell Morphogenesis (GO:0022604),1/31,0.1440174715013112,0.3057835750538404,0,0,6.69023569023569,12.964476920040203,CD44
GO_Biological_Process_2023,Antigen Receptor-Mediated Signaling Pathway (GO:0050851),2/134,0.1447722616002044,0.3063076271751693,0,0,3.0562770562770565,5.906540809205433,IGKC;PDE4B
GO_Biological_Process_2023,Negative Regulation Of Proteasomal Ubiquitin-Dependent Protein Catabolic Process (GO:0032435),1/32,0.1483040219339779,0.3083700869868575,0,0,6.474095796676441,12.355752978101908,RPL11
GO_Biological_Process_2023,Respiratory System Development (GO:0060541),1/32,0.1483040219339779,0.3083700869868575,0,0,6.474095796676441,12.355752978101908,SMCHD1
GO_Biological_Process_2023,Regulation Of Ubiquitin-Protein Transferase Activity (GO:0051438),1/32,0.1483040219339779,0.3083700869868575,0,0,6.474095796676441,12.355752978101908,RPS2
GO_Biological_Process_2023,Negative Regulation Of Osteoblast Differentiation (GO:0045668),1/32,0.1483040219339779,0.3083700869868575,0,0,6.474095796676441,12.355752978101908,TNFAIP6
GO_Biological_Process_2023,Non-Membrane-Bounded Organelle Assembly (GO:0140694),2/135,0.146494146719129,0.3083700869868575,0,0,3.03314408470155,5.82597157350083,MYL9;RPS23
GO_Biological_Process_2023,Negative Regulation Of Double-Strand Break Repair (GO:2000780),1/33,0.152569319997184,0.3097619527215555,0,0,6.271464646464646,11.79120788980768,SMCHD1
GO_Biological_Process_2023,Negative Regulation Of Epithelial Cell Migration (GO:0010633),1/33,0.152569319997184,0.3097619527215555,0,0,6.271464646464646,11.79120788980768,DCN
GO_Biological_Process_2023,Positive Regulation Of Reproductive Process (GO:2000243),1/33,0.152569319997184,0.3097619527215555,0,0,6.271464646464646,11.79120788980768,PDE3A
GO_Biological_Process_2023,Positive Regulation Of Small Molecule Metabolic Process (GO:0062013),1/33,0.152569319997184,0.3097619527215555,0,0,6.271464646464646,11.79120788980768,SLC4A4
GO_Biological_Process_2023,Cardiac Muscle Contraction (GO:0060048),1/33,0.152569319997184,0.3097619527215555,0,0,6.271464646464646,11.79120788980768,GSN
GO_Biological_Process_2023,Regulation Of Sprouting Angiogenesis (GO:1903670),1/33,0.152569319997184,0.3097619527215555,0,0,6.271464646464646,11.79120788980768,GLUL
GO_Biological_Process_2023,Positive Regulation Of Establishment Of Protein Localization To Mitochondrion (GO:1903749),1/33,0.152569319997184,0.3097619527215555,0,0,6.271464646464646,11.79120788980768,TOMM7
GO_Biological_Process_2023,Positive Regulation Of Apoptotic Process (GO:0043065),3/270,0.153105703772365,0.3098078502507924,0,0,2.274180470288428,4.26778784074879,LGALS1;BTG1;RPS6
GO_Biological_Process_2023,Negative Regulation Of Mitotic Cell Cycle (GO:0045930),1/34,0.1568134700259566,0.3141479150353882,0,0,6.081114172023263,11.266469699963473,BTG1
GO_Biological_Process_2023,Positive Regulation Of Carbohydrate Metabolic Process (GO:0045913),1/34,0.1568134700259566,0.3141479150353882,0,0,6.081114172023263,11.266469699963473,SLC4A4
GO_Biological_Process_2023,Smoothened Signaling Pathway (GO:0007224),1/34,0.1568134700259566,0.3141479150353882,0,0,6.081114172023263,11.266469699963473,HIPK2
GO_Biological_Process_2023,Regulation Of Cardiac Muscle Contraction (GO:0055117),1/35,0.1610365757741949,0.3173367816726783,0,0,5.901960784313726,10.777710825180796,PDE4B
GO_Biological_Process_2023,Positive Regulation Of Cell Development (GO:0010720),1/35,0.1610365757741949,0.3173367816726783,0,0,5.901960784313726,10.777710825180796,PDE3A
GO_Biological_Process_2023,Intrinsic Apoptotic Signaling Pathway By P53 Class Mediator (GO:0072332),1/35,0.1610365757741949,0.3173367816726783,0,0,5.901960784313726,10.777710825180796,HIPK2
GO_Biological_Process_2023,One-Carbon Compound Transport (GO:0019755),1/35,0.1610365757741949,0.3173367816726783,0,0,5.901960784313726,10.777710825180796,SLC4A4
GO_Biological_Process_2023,Platelet Aggregation (GO:0070527),1/35,0.1610365757741949,0.3173367816726783,0,0,5.901960784313726,10.777710825180796,MYL9
GO_Biological_Process_2023,Regulation Of Cell Adhesion (GO:0030155),2/144,0.1621742385415762,0.3185376737477866,0,0,2.8396090830698477,5.165487378795345,CXCR4;FBLN1
GO_Biological_Process_2023,Protein Destabilization (GO:0031648),1/36,0.165238740567014,0.3212766057006687,0,0,5.733044733044733,10.321566994169176,GSN
GO_Biological_Process_2023,Negative Regulation Of T Cell Proliferation (GO:0042130),1/36,0.165238740567014,0.3212766057006687,0,0,5.733044733044733,10.321566994169176,CEBPB
GO_Biological_Process_2023,Regulation Of Cold-Induced Thermogenesis (GO:0120161),2/146,0.1656998745819369,0.3212766057006687,0,0,2.799886621315193,5.033012105126492,CEBPB;CXCR4
GO_Biological_Process_2023,Positive Regulation Of Cellular Catabolic Process (GO:0031331),2/146,0.1656998745819369,0.3212766057006687,0,0,2.799886621315193,5.033012105126492,SLC4A4;DCN
GO_Biological_Process_2023,Central Nervous System Development (GO:0007417),3/283,0.1687481770198696,0.323292090220303,0,0,2.1671575846833577,3.8561269768244575,GSN;CXCR4;SPTBN1
GO_Biological_Process_2023,Negative Regulation Of Endothelial Cell Migration (GO:0010596),1/37,0.1694200671801256,0.323292090220303,0,0,5.57351290684624,9.895070145641316,DCN
GO_Biological_Process_2023,Negative Regulation Of Smooth Muscle Cell Proliferation (GO:0048662),1/37,0.1694200671801256,0.323292090220303,0,0,5.57351290684624,9.895070145641316,PRKG1
GO_Biological_Process_2023,Protein Acylation (GO:0043543),1/37,0.1694200671801256,0.323292090220303,0,0,5.57351290684624,9.895070145641316,GLUL
GO_Biological_Process_2023,Regulation Of Vascular Associated Smooth Muscle Cell Proliferation (GO:1904705),1/37,0.1694200671801256,0.323292090220303,0,0,5.57351290684624,9.895070145641316,PRKG1
GO_Biological_Process_2023,Response To Transforming Growth Factor Beta (GO:0071559),1/38,0.1735806579316256,0.3240530549002175,0,0,5.422604422604422,9.495592558231127,PDE3A
GO_Biological_Process_2023,Membrane Assembly (GO:0071709),1/38,0.1735806579316256,0.3240530549002175,0,0,5.422604422604422,9.495592558231127,SPTBN1
GO_Biological_Process_2023,Positive Regulation Of Myoblast Differentiation (GO:0045663),1/38,0.1735806579316256,0.3240530549002175,0,0,5.422604422604422,9.495592558231127,BTG1
GO_Biological_Process_2023,Connective Tissue Development (GO:0061448),1/38,0.1735806579316256,0.3240530549002175,0,0,5.422604422604422,9.495592558231127,CD44
GO_Biological_Process_2023,Skeletal System Development (GO:0001501),2/149,0.1710136332671059,0.3240530549002175,0,0,2.7423295848951827,4.842986951998436,RPL13;CD44
GO_Biological_Process_2023,Negative Regulation Of Protein Phosphorylation (GO:0001933),2/149,0.1710136332671059,0.3240530549002175,0,0,2.7423295848951827,4.842986951998436,NIBAN1;FBLN1
GO_Biological_Process_2023,Establishment Of Protein Localization To Plasma Membrane (GO:0061951),1/38,0.1735806579316256,0.3240530549002175,0,0,5.422604422604422,9.495592558231127,SPTBN1
GO_Biological_Process_2023,Positive Regulation Of Intrinsic Apoptotic Signaling Pathway (GO:2001244),1/39,0.1777206145684703,0.3267241786121573,0,0,5.279638490164806,9.12080010262218,RPS7
GO_Biological_Process_2023,Negative Regulation Of Lymphocyte Proliferation (GO:0050672),1/39,0.1777206145684703,0.3267241786121573,0,0,5.279638490164806,9.12080010262218,CEBPB
GO_Biological_Process_2023,Negative Regulation Of Proteasomal Protein Catabolic Process (GO:1901799),1/39,0.1777206145684703,0.3267241786121573,0,0,5.279638490164806,9.12080010262218,RPL11
GO_Biological_Process_2023,Regulation Of Protein Targeting To Mitochondrion (GO:1903214),1/39,0.1777206145684703,0.3267241786121573,0,0,5.279638490164806,9.12080010262218,TOMM7
GO_Biological_Process_2023,Negative Regulation Of Cell-Substrate Adhesion (GO:0010812),1/39,0.1777206145684703,0.3267241786121573,0,0,5.279638490164806,9.12080010262218,FBLN1
GO_Biological_Process_2023,Cyclic-Nucleotide-Mediated Signaling (GO:0019935),1/40,0.1818400384456406,0.3302697083816907,0,0,5.144004144004144,8.768612919919887,PDE3A
GO_Biological_Process_2023,Nucleic Acid-Templated Transcription (GO:0097659),1/40,0.1818400384456406,0.3302697083816907,0,0,5.144004144004144,8.768612919919887,PTMA
GO_Biological_Process_2023,Regulation Of Glycolytic Process (GO:0006110),1/40,0.1818400384456406,0.3302697083816907,0,0,5.144004144004144,8.768612919919887,SLC4A4
GO_Biological_Process_2023,Cellular Response To Growth Factor Stimulus (GO:0071363),2/155,0.1817247564919734,0.3302697083816907,0,0,2.633986928104575,4.49163798449718,PDE3A;CD44
GO_Biological_Process_2023,Visual System Development (GO:0150063),1/41,0.1859390303366049,0.3346902546058888,0,0,5.015151515151516,8.43717221072756,HIPK2
GO_Biological_Process_2023,Negative Regulation Of DNA Recombination (GO:0045910),1/41,0.1859390303366049,0.3346902546058888,0,0,5.015151515151516,8.43717221072756,SMCHD1
GO_Biological_Process_2023,Regulation Of Amide Metabolic Process (GO:0034248),1/41,0.1859390303366049,0.3346902546058888,0,0,5.015151515151516,8.43717221072756,RPL10
GO_Biological_Process_2023,Positive Regulation Of Transcription Elongation By RNA Polymerase II (GO:0032968),1/43,0.1940761190078197,0.3472637975125083,0,0,4.775853775853776,7.830035336967146,ELL2
GO_Biological_Process_2023,Positive Regulation Of Biomineral Tissue Development (GO:0070169),1/43,0.1940761190078197,0.3472637975125083,0,0,4.775853775853776,7.830035336967146,CEBPB
GO_Biological_Process_2023,Positive Regulation Of Cytokine-Mediated Signaling Pathway (GO:0001961),1/44,0.1981144149654997,0.3482886070676279,0,0,4.664552501761804,7.551493311263548,CXCR4
GO_Biological_Process_2023,Bone Development (GO:0060348),1/44,0.1981144149654997,0.3482886070676279,0,0,4.664552501761804,7.551493311263548,RPL13
GO_Biological_Process_2023,Nucleobase-Containing Compound Catabolic Process (GO:0034655),1/44,0.1981144149654997,0.3482886070676279,0,0,4.664552501761804,7.551493311263548,ISG20
GO_Biological_Process_2023,Extracellular Matrix Disassembly (GO:0022617),1/44,0.1981144149654997,0.3482886070676279,0,0,4.664552501761804,7.551493311263548,GSN
GO_Biological_Process_2023,Positive Regulation Of Leukocyte Cell-Cell Adhesion (GO:1903039),1/44,0.1981144149654997,0.3482886070676279,0,0,4.664552501761804,7.551493311263548,CD44
GO_Biological_Process_2023,Establishment Of Protein Localization To Mitochondrion (GO:0072655),1/44,0.1981144149654997,0.3482886070676279,0,0,4.664552501761804,7.551493311263548,TOMM7
GO_Biological_Process_2023,Regulation Of Gene Expression (GO:0010468),8/1127,0.2018577400571027,0.3538378408559097,0,0,1.4594552589656915,2.3354087564786616,ACTA2;CEBPB;BTG1;GSN;RPS7;RPL11;CRIP1;RPL6
GO_Biological_Process_2023,Myofibril Assembly (GO:0030239),1/46,0.2061310043831236,0.3561518499800102,0,0,4.45679012345679,7.038356248208516,MYL9
GO_Biological_Process_2023,Cellular Component Disassembly (GO:0022411),1/46,0.2061310043831236,0.3561518499800102,0,0,4.45679012345679,7.038356248208516,GSN
GO_Biological_Process_2023,Positive Regulation Of Cell-Cell Adhesion (GO:0022409),1/46,0.2061310043831236,0.3561518499800102,0,0,4.45679012345679,7.038356248208516,CD44
GO_Biological_Process_2023,B Cell Receptor Signaling Pathway (GO:0050853),1/46,0.2061310043831236,0.3561518499800102,0,0,4.45679012345679,7.038356248208516,IGKC
GO_Biological_Process_2023,Homotypic Cell-Cell Adhesion (GO:0034109),1/46,0.2061310043831236,0.3561518499800102,0,0,4.45679012345679,7.038356248208516,MYL9
GO_Biological_Process_2023,Golgi To Plasma Membrane Transport (GO:0006893),1/47,0.2101094941683413,0.3613398255660571,0,0,4.359683794466403,6.801658146757973,SPTBN1
GO_Biological_Process_2023,Supramolecular Fiber Organization (GO:0097435),3/316,0.2103321372697944,0.3613398255660571,0,0,1.9354105595994864,3.017435492906606,GSN;TNFAIP6;MYL9
GO_Biological_Process_2023,Post-Translational Protein Modification (GO:0043687),1/48,0.2140682440880332,0.3636145103805184,0,0,4.266709649688373,6.576964036635908,PARP8
GO_Biological_Process_2023,Cellular Response To Radiation (GO:0071478),1/48,0.2140682440880332,0.3636145103805184,0,0,4.266709649688373,6.576964036635908,EEF1D
GO_Biological_Process_2023,Myelination (GO:0042552),1/48,0.2140682440880332,0.3636145103805184,0,0,4.266709649688373,6.576964036635908,CXCR4
GO_Biological_Process_2023,Negative Regulation Of ERK1 And ERK2 Cascade (GO:0070373),1/48,0.2140682440880332,0.3636145103805184,0,0,4.266709649688373,6.576964036635908,FBLN1
GO_Biological_Process_2023,Positive Regulation Of I-kappaB kinase/NF-kappaB Signaling (GO:0043123),2/175,0.2180558792587227,0.3642318426399163,0,0,2.327120443553144,3.5442135628801488,LGALS1;EEF1D
GO_Biological_Process_2023,Negative Regulation Of T Cell Activation (GO:0050868),1/49,0.21800735103248,0.3642318426399163,0,0,4.177609427609427,6.363445371866637,CEBPB
GO_Biological_Process_2023,Negative Regulation Of Cysteine-Type Endopeptidase Activity Involved In Apoptotic Process (GO:0043154),1/49,0.21800735103248,0.3642318426399163,0,0,4.177609427609427,6.363445371866637,CD44
GO_Biological_Process_2023,Positive Regulation Of Cellular Biosynthetic Process (GO:0031328),2/174,0.2162216576285956,0.3642318426399163,0,0,2.340768865685809,3.5847732993930266,NIBAN1;RPL26
GO_Biological_Process_2023,Positive Regulation Of Cytokine Production (GO:0001819),3/320,0.215524998025434,0.3642318426399163,0,0,1.9105987186575173,2.9321545388283345,CEBPB;PDE4B;SPTBN1
GO_Biological_Process_2023,Neurogenesis (GO:0022008),1/49,0.21800735103248,0.3642318426399163,0,0,4.177609427609427,6.363445371866637,CXCR4
GO_Biological_Process_2023,Regulation Of Epithelial Cell Migration (GO:0010632),1/50,0.2219269115603851,0.3666354182764719,0,0,4.092145949288806,6.1603458876211565,GLUL
GO_Biological_Process_2023,Positive Regulation Of Transport (GO:0051050),1/50,0.2219269115603851,0.3666354182764719,0,0,4.092145949288806,6.1603458876211565,CEBPB
GO_Biological_Process_2023,Blood Circulation (GO:0008015),1/50,0.2219269115603851,0.3666354182764719,0,0,4.092145949288806,6.1603458876211565,SERPING1
GO_Biological_Process_2023,Positive Regulation Of Fat Cell Differentiation (GO:0045600),1/50,0.2219269115603851,0.3666354182764719,0,0,4.092145949288806,6.1603458876211565,CEBPB
GO_Biological_Process_2023,Positive Regulation Of Protein Localization To Plasma Membrane (GO:1903078),1/51,0.2258270216564654,0.3690344012434923,0,0,4.01010101010101,5.966974015935645,SPTBN1
GO_Biological_Process_2023,Regulation Of Substrate Adhesion-Dependent Cell Spreading (GO:1900024),1/51,0.2258270216564654,0.3690344012434923,0,0,4.01010101010101,5.966974015935645,FBLN1
GO_Biological_Process_2023,SMAD Protein Signal Transduction (GO:0060395),1/51,0.2258270216564654,0.3690344012434923,0,0,4.01010101010101,5.966974015935645,HIPK2
GO_Biological_Process_2023,Positive Regulation Of Protein Localization To Cell Periphery (GO:1904377),1/51,0.2258270216564654,0.3690344012434923,0,0,4.01010101010101,5.966974015935645,SPTBN1
GO_Biological_Process_2023,Negative Regulation Of Innate Immune Response (GO:0045824),1/52,0.2297077768169888,0.3723488962920545,0,0,3.9312735195088138,5.782696221966044,SERPING1
GO_Biological_Process_2023,Regulation Of Protein Localization To Nucleus (GO:1900180),1/52,0.2297077768169888,0.3723488962920545,0,0,3.9312735195088138,5.782696221966044,GLUL
GO_Biological_Process_2023,Cartilage Development (GO:0051216),1/52,0.2297077768169888,0.3723488962920545,0,0,3.9312735195088138,5.782696221966044,CD44
GO_Biological_Process_2023,Actin Polymerization Or Depolymerization (GO:0008154),1/53,0.233569272224541,0.372598600929625,0,0,3.8554778554778553,5.606931137649977,GSN
GO_Biological_Process_2023,Regulation Of Macromolecule Biosynthetic Process (GO:0010556),1/53,0.233569272224541,0.372598600929625,0,0,3.8554778554778553,5.606931137649977,RPL10
GO_Biological_Process_2023,Negative Regulation Of Viral Genome Replication (GO:0045071),1/53,0.233569272224541,0.372598600929625,0,0,3.8554778554778553,5.606931137649977,ISG20
GO_Biological_Process_2023,Proton Motive Force-Driven Mitochondrial ATP Synthesis (GO:0042776),1/53,0.233569272224541,0.372598600929625,0,0,3.8554778554778553,5.606931137649977,ATP5F1E
GO_Biological_Process_2023,Mitochondrial Transport (GO:0006839),1/53,0.233569272224541,0.372598600929625,0,0,3.8554778554778553,5.606931137649977,TOMM7
GO_Biological_Process_2023,Negative Regulation Of Cysteine-Type Endopeptidase Activity (GO:2000117),1/53,0.233569272224541,0.372598600929625,0,0,3.8554778554778553,5.606931137649977,CD44
GO_Biological_Process_2023,Negative Regulation Of Protein Modification By Small Protein Conjugation Or Removal (GO:1903321),1/54,0.2374116024468537,0.3767347270406653,0,0,3.7825424051839143,5.43914439332398,RPL11
GO_Biological_Process_2023,Regulation Of Myoblast Differentiation (GO:0045661),1/54,0.2374116024468537,0.3767347270406653,0,0,3.7825424051839143,5.43914439332398,BTG1
GO_Biological_Process_2023,Cellular Response To Fibroblast Growth Factor Stimulus (GO:0044344),1/55,0.2412348616553018,0.3817969070292572,0,0,3.7123082678638233,5.278844037828421,CD44
GO_Biological_Process_2023,"Positive Regulation Of DNA-templated Transcription, Elongation (GO:0032786)",1/56,0.2450391435680432,0.3868026271506023,0,0,3.644628099173554,5.125576482532065,ELL2
GO_Biological_Process_2023,RNA Catabolic Process (GO:0006401),1/57,0.2488245414130006,0.3906319924645131,0,0,3.5793650793650795,4.978922896997587,ISG20
GO_Biological_Process_2023,Post-Transcriptional Regulation Of Gene Expression (GO:0010608),1/57,0.2488245414130006,0.3906319924645131,0,0,3.5793650793650795,4.978922896997587,RPL10
GO_Biological_Process_2023,Modification-Dependent Protein Catabolic Process (GO:0019941),2/192,0.2494084860677239,0.3906319924645131,0,0,2.117078410311493,2.939908923064224,RPS27A;UBA52
GO_Biological_Process_2023,Eye Development (GO:0001654),1/58,0.2525911479606718,0.3915487460675709,0,0,3.5163919900762006,4.8384959983786695,HIPK2
GO_Biological_Process_2023,Positive Regulation Of Mitochondrion Organization (GO:0010822),1/58,0.2525911479606718,0.3915487460675709,0,0,3.5163919900762006,4.8384959983786695,DCN
GO_Biological_Process_2023,Positive Regulation Of Type II Interferon Production (GO:0032729),1/58,0.2525911479606718,0.3915487460675709,0,0,3.5163919900762006,4.8384959983786695,PDE4B
GO_Biological_Process_2023,Peptidyl-Threonine Phosphorylation (GO:0018107),1/58,0.2525911479606718,0.3915487460675709,0,0,3.5163919900762006,4.8384959983786695,HIPK2
GO_Biological_Process_2023,Mitotic Cytokinesis (GO:0000281),1/59,0.256339055642632,0.3950505440954666,0,0,3.4555903866248694,4.703937185372145,SPTBN1
GO_Biological_Process_2023,Positive Regulation Of Protein Metabolic Process (GO:0051247),2/196,0.2568156107552619,0.3950505440954666,0,0,2.0730065221965073,2.818038680312099,NIBAN1;RPL26
GO_Biological_Process_2023,Protein Targeting To Mitochondrion (GO:0006626),1/59,0.256339055642632,0.3950505440954666,0,0,3.4555903866248694,4.703937185372145,TOMM7
GO_Biological_Process_2023,Negative Regulation Of Peptidase Activity (GO:0010466),1/60,0.2600683562676618,0.3980233980441627,0,0,3.396849854476973,4.574913980988086,SERPING1
GO_Biological_Process_2023,Proton Motive Force-Driven ATP Synthesis (GO:0015986),1/60,0.2600683562676618,0.3980233980441627,0,0,3.396849854476973,4.574913980988086,ATP5F1E
GO_Biological_Process_2023,Negative Regulation Of Viral Process (GO:0048525),1/61,0.2637791413086752,0.4026805625547624,0,0,3.34006734006734,4.4511177340934625,ISG20
GO_Biological_Process_2023,Protein Lipidation (GO:0006497),1/62,0.2674715018007107,0.407286150469264,0,0,3.2851465474416295,4.3322615615299345,GLUL
GO_Biological_Process_2023,Oxidative Phosphorylation (GO:0006119),1/63,0.2711455282609312,0.410805913420456,0,0,3.231997393287716,4.218078497375417,ATP5F1E
GO_Biological_Process_2023,Protein Polymerization (GO:0051258),1/63,0.2711455282609312,0.410805913420456,0,0,3.231997393287716,4.218078497375417,GSN
GO_Biological_Process_2023,Monocarboxylic Acid Biosynthetic Process (GO:0072330),1/65,0.2784389392137884,0.4144545644699443,0,0,3.1306818181818183,4.00275356439037,ACSM3
GO_Biological_Process_2023,Protein Stabilization (GO:0050821),2/208,0.2790523269897138,0.4144545644699443,0,0,1.9510600356647512,2.4902471103248573,RPS7;RPL11
GO_Biological_Process_2023,Positive Regulation Of Cell Cycle (GO:0045787),1/65,0.2784389392137884,0.4144545644699443,0,0,3.1306818181818183,4.00275356439037,RPS15A
GO_Biological_Process_2023,Regulation Of Translational Initiation (GO:0006446),1/65,0.2784389392137884,0.4144545644699443,0,0,3.1306818181818183,4.00275356439037,EIF1
GO_Biological_Process_2023,Fatty Acid Biosynthetic Process (GO:0006633),1/65,0.2784389392137884,0.4144545644699443,0,0,3.1306818181818183,4.00275356439037,ACSM3
GO_Biological_Process_2023,Regulation Of Apoptotic Process (GO:0042981),5/705,0.2773839308241111,0.4144545644699443,0,0,1.443609022556391,1.8512159286775072,LGALS1;RPL10;RPS6;PTMA;CD44
GO_Biological_Process_2023,Positive Regulation Of Macroautophagy (GO:0016239),1/64,0.2748013108427819,0.4144545644699443,0,0,3.1805355138688474,4.108319823136149,DCN
GO_Biological_Process_2023,Cellular Response To Light Stimulus (GO:0071482),1/65,0.2784389392137884,0.4144545644699443,0,0,3.1306818181818183,4.00275356439037,RPL26
GO_Biological_Process_2023,Negative Regulation Of Endopeptidase Activity (GO:0010951),1/66,0.2820585025763683,0.4168658751312503,0,0,3.0823620823620823,3.9011631304837175,SERPING1
GO_Biological_Process_2023,Peptidyl-Threonine Modification (GO:0018210),1/66,0.2820585025763683,0.4168658751312503,0,0,3.0823620823620823,3.9011631304837175,HIPK2
GO_Biological_Process_2023,Regulation Of Viral Genome Replication (GO:0045069),1/67,0.2856600898087258,0.4211565627253342,0,0,3.0355065809611266,3.8033460819667058,ISG20
GO_Biological_Process_2023,Positive Regulation Of Phosphatidylinositol 3-Kinase Signaling (GO:0014068),1/69,0.2928096888806698,0.4275163254117285,0,0,2.9459298871063577,3.6182865561027495,DCN
GO_Biological_Process_2023,Establishment Of Protein Localization To Membrane (GO:0090150),1/69,0.2928096888806698,0.4275163254117285,0,0,2.9459298871063577,3.6182865561027495,NACA
GO_Biological_Process_2023,Regulation Of Endopeptidase Activity (GO:0052548),1/69,0.2928096888806698,0.4275163254117285,0,0,2.9459298871063577,3.6182865561027495,SERPING1
GO_Biological_Process_2023,Phagocytosis (GO:0006909),1/69,0.2928096888806698,0.4275163254117285,0,0,2.9459298871063577,3.6182865561027495,GSN
GO_Biological_Process_2023,Cellular Response To Hypoxia (GO:0071456),1/72,0.3034014618596549,0.4284568653427914,0,0,2.821027173139849,3.3646345783285243,HIPK2
GO_Biological_Process_2023,Cholesterol Homeostasis (GO:0042632),1/72,0.3034014618596549,0.4284568653427914,0,0,2.821027173139849,3.3646345783285243,ACSM3
GO_Biological_Process_2023,Protein Targeting To Membrane (GO:0006612),1/72,0.3034014618596549,0.4284568653427914,0,0,2.821027173139849,3.3646345783285243,NACA
GO_Biological_Process_2023,Second-Messenger-Mediated Signaling (GO:0019932),1/72,0.3034014618596549,0.4284568653427914,0,0,2.821027173139849,3.3646345783285243,CXCR4
GO_Biological_Process_2023,Negative Regulation Of Cell Adhesion (GO:0007162),1/72,0.3034014618596549,0.4284568653427914,0,0,2.821027173139849,3.3646345783285243,FBLN1
GO_Biological_Process_2023,Response To Ionizing Radiation (GO:0010212),1/72,0.3034014618596549,0.4284568653427914,0,0,2.821027173139849,3.3646345783285243,EEF1D
GO_Biological_Process_2023,Regulation Of Cellular Localization (GO:0060341),1/72,0.3034014618596549,0.4284568653427914,0,0,2.821027173139849,3.3646345783285243,GSN
GO_Biological_Process_2023,Regulation Of Hydrolase Activity (GO:0051336),1/71,0.2998884383134025,0.4284568653427914,0,0,2.8614718614718613,3.446198601550195,PRKG1
GO_Biological_Process_2023,Regulation Of Double-Strand Break Repair Via Homologous Recombination (GO:0010569),1/71,0.2998884383134025,0.4284568653427914,0,0,2.8614718614718613,3.446198601550195,SMCHD1
GO_Biological_Process_2023,Negative Regulation Of Programmed Cell Death (GO:0043069),3/381,0.2972936218442585,0.4284568653427914,0,0,1.5972835869743087,1.9375609004133785,RPL10;PTMA;CD44
GO_Biological_Process_2023,Regulation Of Cellular Biosynthetic Process (GO:0031326),1/70,0.2963578762035246,0.4284568653427914,0,0,2.9030888596105986,3.530700422312052,RPL10
GO_Biological_Process_2023,Neutrophil Chemotaxis (GO:0030593),1/70,0.2963578762035246,0.4284568653427914,0,0,2.9030888596105986,3.530700422312052,PDE4B
GO_Biological_Process_2023,Negative Regulation Of Cell Population Proliferation (GO:0008285),3/379,0.2945627564285953,0.4284568653427914,0,0,1.6059442860276376,1.9628866080970504,AZGP1;BTG1;FBLN1
GO_Biological_Process_2023,Lipid Biosynthetic Process (GO:0008610),1/71,0.2998884383134025,0.4284568653427914,0,0,2.8614718614718613,3.446198601550195,ACSM3
GO_Biological_Process_2023,Sterol Homeostasis (GO:0055092),1/73,0.3068970331118836,0.4303695603871298,0,0,2.781705948372615,3.2858706369655613,ACSM3
GO_Biological_Process_2023,Granulocyte Chemotaxis (GO:0071621),1/73,0.3068970331118836,0.4303695603871298,0,0,2.781705948372615,3.2858706369655613,PDE4B
GO_Biological_Process_2023,Cellular Response To Decreased Oxygen Levels (GO:0036294),1/73,0.3068970331118836,0.4303695603871298,0,0,2.781705948372615,3.2858706369655613,HIPK2
GO_Biological_Process_2023,Gland Development (GO:0048732),1/74,0.3103752378928968,0.4342372817851898,0,0,2.74346201743462,3.209777224050686,ARID5B
GO_Biological_Process_2023,Regulation Of Fat Cell Differentiation (GO:0045598),1/75,0.3138361616484454,0.4374948080313284,0,0,2.7062517062517064,3.1362323637249645,CEBPB
GO_Biological_Process_2023,Regulation Of Cell Growth (GO:0001558),2/227,0.3141546465631264,0.4374948080313284,0,0,1.784580498866213,2.0663120604259877,BTG1;LTBP4
GO_Biological_Process_2023,Regulation Of T Cell Proliferation (GO:0042129),1/77,0.3207065055587057,0.4385170586210874,0,0,2.6347687400318978,2.996335121708695,CEBPB
GO_Biological_Process_2023,Embryonic Organ Development (GO:0048568),1/77,0.3207065055587057,0.4385170586210874,0,0,2.6347687400318978,2.996335121708695,RPL10
GO_Biological_Process_2023,Negative Regulation Of Blood Vessel Morphogenesis (GO:2000181),1/77,0.3207065055587057,0.4385170586210874,0,0,2.6347687400318978,2.996335121708695,DCN
GO_Biological_Process_2023,Positive Regulation Of JNK Cascade (GO:0046330),1/77,0.3207065055587057,0.4385170586210874,0,0,2.6347687400318978,2.996335121708695,HIPK2
GO_Biological_Process_2023,Regulation Of Transcription Elongation By RNA Polymerase II (GO:0034243),1/77,0.3207065055587057,0.4385170586210874,0,0,2.6347687400318978,2.996335121708695,ELL2
GO_Biological_Process_2023,Neutrophil Migration (GO:1990266),1/77,0.3207065055587057,0.4385170586210874,0,0,2.6347687400318978,2.996335121708695,PDE4B
GO_Biological_Process_2023,Actomyosin Structure Organization (GO:0031032),1/77,0.3207065055587057,0.4385170586210874,0,0,2.6347687400318978,2.996335121708695,MYL9
GO_Biological_Process_2023,Regulation Of Immune Response (GO:0050776),1/77,0.3207065055587057,0.4385170586210874,0,0,2.6347687400318978,2.996335121708695,C7
GO_Biological_Process_2023,Regulation Of I-kappaB kinase/NF-kappaB Signaling (GO:0043122),2/232,0.3233415604981886,0.4411198212226419,0,0,1.7453416149068324,1.9705710590679104,LGALS1;EEF1D
GO_Biological_Process_2023,Positive Regulation Of Developmental Process (GO:0051094),2/233,0.3251755024759328,0.4426203792166761,0,0,1.7376976764731866,1.952112600759934,CEBPB;DCN
GO_Biological_Process_2023,Positive Regulation Of Cytoskeleton Organization (GO:0051495),1/79,0.3275087398015298,0.4447922750007263,0,0,2.566951566951567,2.865335397718705,GSN
GO_Biological_Process_2023,Positive Regulation Of Immune Response (GO:0050778),1/80,0.3308845249727721,0.4463610034867596,0,0,2.534330648254699,2.8029337896230073,C7
GO_Biological_Process_2023,Regulation Of Organelle Assembly (GO:1902115),1/80,0.3308845249727721,0.4463610034867596,0,0,2.534330648254699,2.8029337896230073,GSN
GO_Biological_Process_2023,Regulation Of Protein Localization To Plasma Membrane (GO:1903076),1/80,0.3308845249727721,0.4463610034867596,0,0,2.534330648254699,2.8029337896230073,SPTBN1
GO_Biological_Process_2023,Macromolecule Modification (GO:0043412),1/81,0.3342435328543524,0.4488838536997205,0,0,2.5025252525252526,2.742480915944007,UBA52
GO_Biological_Process_2023,Cytoskeleton-Dependent Cytokinesis (GO:0061640),1/81,0.3342435328543524,0.4488838536997205,0,0,2.5025252525252526,2.742480915944007,SPTBN1
GO_Biological_Process_2023,Transport Across Blood-Brain Barrier (GO:0150104),1/85,0.3475134368660721,0.4496794043567415,0,0,2.382876382876383,2.5185858334956643,SLC4A4
GO_Biological_Process_2023,Negative Regulation Of Cell Cycle (GO:0045786),1/85,0.3475134368660721,0.4496794043567415,0,0,2.382876382876383,2.5185858334956643,BTG1
GO_Biological_Process_2023,Integrin-Mediated Signaling Pathway (GO:0007229),1/85,0.3475134368660721,0.4496794043567415,0,0,2.382876382876383,2.5185858334956643,FBLN1
GO_Biological_Process_2023,Positive Regulation Of Programmed Cell Death (GO:0043068),2/245,0.3470778450128111,0.4496794043567415,0,0,1.650877635004619,1.7469689273127529,LGALS1;RPS6
GO_Biological_Process_2023,Calcium-Mediated Signaling (GO:0019722),1/85,0.3475134368660721,0.4496794043567415,0,0,2.382876382876383,2.5185858334956643,CXCR4
GO_Biological_Process_2023,Macromolecule Catabolic Process (GO:0009057),1/85,0.3475134368660721,0.4496794043567415,0,0,2.382876382876383,2.5185858334956643,ISG20
GO_Biological_Process_2023,Regulation Of Osteoblast Differentiation (GO:0045667),1/85,0.3475134368660721,0.4496794043567415,0,0,2.382876382876383,2.5185858334956643,TNFAIP6
GO_Biological_Process_2023,Regulation Of ERK1 And ERK2 Cascade (GO:0070372),2/244,0.3452607466801542,0.4496794043567415,0,0,1.6577837746668915,1.7629790407837798,FBLN1;CD44
GO_Biological_Process_2023,Vascular Transport (GO:0010232),1/83,0.3409115467213686,0.4496794043567415,0,0,2.4412416851441243,2.627098856469418,SLC4A4
GO_Biological_Process_2023,Purine Ribonucleotide Metabolic Process (GO:0009150),1/84,0.3442207165268205,0.4496794043567415,0,0,2.4117074358038213,2.572018957842433,ACSM3
GO_Biological_Process_2023,Positive Regulation Of Protein Ubiquitination (GO:0031398),1/84,0.3442207165268205,0.4496794043567415,0,0,2.4117074358038213,2.572018957842433,RPS2
GO_Biological_Process_2023,Regulation Of Cysteine-Type Endopeptidase Activity Involved In Apoptotic Process (GO:0043281),1/84,0.3442207165268205,0.4496794043567415,0,0,2.4117074358038213,2.572018957842433,CD44
GO_Biological_Process_2023,Regulation Of Inflammatory Response (GO:0050727),2/240,0.3379769099553644,0.4496794043567415,0,0,1.6859886811867604,1.8289229230858013,LGALS1;TNFAIP6
GO_Biological_Process_2023,Sodium Ion Transmembrane Transport (GO:0035725),1/82,0.3375858460637784,0.4496794043567415,0,0,2.471505175208879,2.6838950656014107,SLC4A4
GO_Biological_Process_2023,Cellular Response To Organic Substance (GO:0071310),1/82,0.3375858460637784,0.4496794043567415,0,0,2.471505175208879,2.6838950656014107,CXCR4
GO_Biological_Process_2023,Regulation Of Cell Population Proliferation (GO:0042127),5/766,0.337208055516819,0.4496794043567415,0,0,1.323673836364894,1.4389064788839827,RPS9;AZGP1;BTG1;RPS15A;RPS6
GO_Biological_Process_2023,Positive Regulation Of Double-Strand Break Repair (GO:2000781),1/84,0.3442207165268205,0.4496794043567415,0,0,2.4117074358038213,2.572018957842433,SMCHD1
GO_Biological_Process_2023,Positive Regulation Of DNA-binding Transcription Factor Activity (GO:0051091),2/246,0.3488933393220386,0.4504982518440884,0,0,1.6440281030444963,1.7311435435085258,ARID5B;HIPK2
GO_Biological_Process_2023,Negative Regulation Of Angiogenesis (GO:0016525),1/86,0.3507897886854045,0.4519791508061943,0,0,2.354723707664884,2.46673350535558,DCN
GO_Biological_Process_2023,Glucose Homeostasis (GO:0042593),1/87,0.3540498524990138,0.4542384277806496,0,0,2.327225745830397,2.4163993335324085,RPS6
GO_Biological_Process_2023,Regulation Of Type II Interferon Production (GO:0032649),1/87,0.3540498524990138,0.4542384277806496,0,0,2.327225745830397,2.4163993335324085,PDE4B
GO_Biological_Process_2023,Positive Regulation Of Peptidyl-Serine Phosphorylation (GO:0033138),1/89,0.3605214364245345,0.4586380298818445,0,0,2.2741046831955924,2.32005037808893,CD44
GO_Biological_Process_2023,Organic Anion Transport (GO:0015711),1/89,0.3605214364245345,0.4586380298818445,0,0,2.2741046831955924,2.32005037808893,SLC4A4
GO_Biological_Process_2023,Positive Regulation Of DNA Repair (GO:0045739),1/89,0.3605214364245345,0.4586380298818445,0,0,2.2741046831955924,2.32005037808893,SMCHD1
GO_Biological_Process_2023,Sodium Ion Transport (GO:0006814),1/89,0.3605214364245345,0.4586380298818445,0,0,2.2741046831955924,2.32005037808893,SLC4A4
GO_Biological_Process_2023,Regulation Of Phosphatidylinositol 3-Kinase Signaling (GO:0014066),1/90,0.3637331156781473,0.4607795562057202,0,0,2.2484394506866416,2.2739252396942655,DCN
GO_Biological_Process_2023,Regulation Of Peptidyl-Tyrosine Phosphorylation (GO:0050730),1/90,0.3637331156781473,0.4607795562057202,0,0,2.2484394506866416,2.2739252396942655,CD44
GO_Biological_Process_2023,Regulation Of RNA Metabolic Process (GO:0051252),1/91,0.3669288252624231,0.4638534206147613,0,0,2.22334455667789,2.2290972080359737,PDE3A
GO_Biological_Process_2023,Nervous System Development (GO:0007399),3/433,0.3684617753765362,0.4648168421591033,0,0,1.400383601054903,1.3981686185907023,GSN;CXCR4;SPTBN1
GO_Biological_Process_2023,Regulation Of Cell Migration (GO:0030334),3/434,0.3698252635364325,0.4655629100469077,0,0,1.3970626928504797,1.3896926920356492,TMSB4Y;CXCR4;TMSB10
GO_Biological_Process_2023,Regulation Of Peptidyl-Serine Phosphorylation (GO:0033135),1/93,0.3732726494349856,0.4689237658527007,0,0,2.1747913921826965,2.1431398321634836,CD44
GO_Biological_Process_2023,Positive Regulation Of Supramolecular Fiber Organization (GO:1902905),1/96,0.3826705658807354,0.47428482579945,0,0,2.105794790005316,2.022786046627892,GSN
GO_Biological_Process_2023,T Cell Receptor Signaling Pathway (GO:0050852),1/95,0.3795535332169826,0.47428482579945,0,0,2.1283043197936813,2.061815304518316,PDE4B
GO_Biological_Process_2023,Positive Regulation Of Transmembrane Receptor Protein Serine/Threonine Kinase Signaling Pathway (GO:0090100),1/95,0.3795535332169826,0.47428482579945,0,0,2.1283043197936813,2.061815304518316,HIPK2
GO_Biological_Process_2023,Regulation Of Macroautophagy (GO:0016241),1/96,0.3826705658807354,0.47428482579945,0,0,2.105794790005316,2.022786046627892,DCN
GO_Biological_Process_2023,Regulation Of Protein Metabolic Process (GO:0051246),1/96,0.3826705658807354,0.47428482579945,0,0,2.105794790005316,2.022786046627892,RPL10
GO_Biological_Process_2023,Cellular Response To Transforming Growth Factor Beta Stimulus (GO:0071560),1/96,0.3826705658807354,0.47428482579945,0,0,2.105794790005316,2.022786046627892,PDE3A
GO_Biological_Process_2023,Regulation Of Protein Phosphorylation (GO:0001932),2/265,0.3830459538380301,0.47428482579945,0,0,1.523783657949872,1.462223275246586,NIBAN1;FBLN1
GO_Biological_Process_2023,Regulation Of Nucleic Acid-Templated Transcription (GO:1903506),3/452,0.3942723303121412,0.4870666784319518,0,0,1.3398158565426033,1.2469845909962538,CEBPB;BTG1;RPL6
GO_Biological_Process_2023,Response To UV (GO:0009411),1/100,0.394984420817951,0.4870666784319518,0,0,2.020304050607081,1.8766785261005496,RPL26
GO_Biological_Process_2023,Hemopoiesis (GO:0030097),1/101,0.3980246944821334,0.4898140628014826,0,0,2.0,1.8424824583699575,CEBPB
GO_Biological_Process_2023,Regulation Of RNA Splicing (GO:0043484),1/102,0.4010498423953424,0.4925316801718768,0,0,1.98009800980098,1.8091552855878603,RPS13
GO_Biological_Process_2023,Positive Regulation Of Inflammatory Response (GO:0050729),1/104,0.4070550586365517,0.4988906511338225,0,0,1.9414533686378344,1.7449915352070269,LGALS1
GO_Biological_Process_2023,Negative Regulation Of MAPK Cascade (GO:0043409),1/105,0.4100352748474052,0.4994975166322937,0,0,1.9226884226884229,1.7140999679223647,FBLN1
GO_Biological_Process_2023,Cellular Response To Organonitrogen Compound (GO:0071417),1/105,0.4100352748474052,0.4994975166322937,0,0,1.9226884226884229,1.7140999679223647,PDE3A
GO_Biological_Process_2023,Positive Regulation Of Stress-Activated MAPK Cascade (GO:0032874),1/105,0.4100352748474052,0.4994975166322937,0,0,1.9226884226884229,1.7140999679223647,HIPK2
GO_Biological_Process_2023,Positive Regulation Of Cell Differentiation (GO:0045597),2/283,0.4146970622204942,0.5041579204011251,0,0,1.4248674558791488,1.254178302841909,CEBPB;BTG1
GO_Biological_Process_2023,Positive Regulation Of Autophagy (GO:0010508),1/107,0.4159512905205901,0.5046652478549615,0,0,1.886220697541452,1.654568493195685,DCN
GO_Biological_Process_2023,Positive Regulation Of DNA Metabolic Process (GO:0051054),1/108,0.4188872357630098,0.5072068336648492,0,0,1.8684980647597471,1.6258801725332537,SMCHD1
GO_Biological_Process_2023,Regulation Of Proteasomal Ubiquitin-Dependent Protein Catabolic Process (GO:0032434),1/109,0.4218085691393649,0.5076857628563614,0,0,1.851103628881407,1.5978794932003777,RPL11
GO_Biological_Process_2023,Cell-Matrix Adhesion (GO:0007160),1/109,0.4218085691393649,0.5076857628563614,0,0,1.851103628881407,1.5978794932003777,CD44
GO_Biological_Process_2023,Positive Regulation Of Cysteine-Type Endopeptidase Activity Involved In Apoptotic Process (GO:0043280),1/109,0.4218085691393649,0.5076857628563614,0,0,1.851103628881407,1.5978794932003777,GSN
GO_Biological_Process_2023,Regulation Of JNK Cascade (GO:0046328),1/110,0.4247153626139249,0.5101660630601529,0,0,1.834028356964137,1.570544634474372,HIPK2
GO_Biological_Process_2023,T Cell Activation (GO:0042110),1/111,0.4276076879640406,0.5105889818659732,0,0,1.8172635445362717,1.5438546462627225,CD44
GO_Biological_Process_2023,Negative Regulation Of Inflammatory Response (GO:0050728),1/111,0.4276076879640406,0.5105889818659732,0,0,1.8172635445362717,1.5438546462627225,TNFAIP6
GO_Biological_Process_2023,RNA Metabolic Process (GO:0016070),1/111,0.4276076879640406,0.5105889818659732,0,0,1.8172635445362717,1.5438546462627225,ISG20
GO_Biological_Process_2023,Negative Regulation Of Defense Response (GO:0031348),1/112,0.4304856163806702,0.5130095388884272,0,0,1.8008008008008007,1.517789408820894,TNFAIP6
GO_Biological_Process_2023,Negative Regulation Of Apoptotic Process (GO:0043066),3/482,0.4344568844987508,0.51672090996597,0,0,1.2539655209521554,1.0453791022147123,RPL10;PTMA;CD44
GO_Biological_Process_2023,Positive Regulation Of Cell Population Proliferation (GO:0008284),3/483,0.4357811643746591,0.516753900192008,0,0,1.2512886597938144,1.039339228014511,RPS9;RPS15A;RPS6
GO_Biological_Process_2023,Negative Regulation Of Canonical Wnt Signaling Pathway (GO:0090090),1/114,0.4361985658337181,0.516753900192008,0,0,1.768749441315813,1.4674566165007243,BICC1
GO_Biological_Process_2023,Regulation Of Intracellular Signal Transduction (GO:1902531),2/297,0.4387599969995228,0.5187691729229652,0,0,1.356278104462124,1.1173055905524882,RPL11;HIPK2
GO_Biological_Process_2023,Regulation Of Cell Cycle (GO:0051726),2/298,0.4404587277029924,0.519758537778678,0,0,1.351627137341423,1.1082511710731566,RPS15A;HIPK2
GO_Biological_Process_2023,Cellular Response To Molecule Of Bacterial Origin (GO:0071219),1/117,0.4446617754820939,0.5236934582337942,0,0,1.7227446882619295,1.396183515184437,PDE4B
GO_Biological_Process_2023,Regulation Of Protein-Containing Complex Assembly (GO:0043254),1/119,0.450233917137087,0.5292223236523655,0,0,1.6933744221879816,1.3512924945163796,GSN
GO_Biological_Process_2023,Cellular Response To Cytokine Stimulus (GO:0071345),2/308,0.4572919096266198,0.5357918018041151,0,0,1.3067893824196346,1.0224755812740838,CXCR4;MT1X
GO_Biological_Process_2023,Fatty Acid Metabolic Process (GO:0006631),1/122,0.4584885070164566,0.5357918018041151,0,0,1.6511394941147006,1.2875916896026691,ACSM3
GO_Biological_Process_2023,Protein Localization To Nucleus (GO:0034504),1/122,0.4584885070164566,0.5357918018041151,0,0,1.6511394941147006,1.2875916896026691,RPL11
GO_Biological_Process_2023,Cellular Response To Lipopolysaccharide (GO:0071222),1/124,0.4639232772068564,0.540049683698329,0,0,1.6241274533957462,1.2473885010387038,PDE4B
GO_Biological_Process_2023,Positive Regulation Of Defense Response (GO:0031349),1/124,0.4639232772068564,0.540049683698329,0,0,1.6241274533957462,1.2473885010387038,LGALS1
GO_Biological_Process_2023,Response To Cytokine (GO:0034097),1/125,0.4666203770761902,0.5400615880555522,0,0,1.6109481915933528,1.2279279396515803,CXCR4
GO_Biological_Process_2023,Negative Regulation Of Cell Growth (GO:0030308),1/125,0.4666203770761902,0.5400615880555522,0,0,1.6109481915933528,1.2279279396515803,BTG1
GO_Biological_Process_2023,Regulation Of Mitotic Cell Cycle (GO:0007346),1/125,0.4666203770761902,0.5400615880555522,0,0,1.6109481915933528,1.2279279396515803,BTG1
GO_Biological_Process_2023,Positive Regulation Of Intracellular Protein Transport (GO:0090316),1/126,0.4693040423241341,0.5410905115132942,0,0,1.597979797979798,1.2088788165174762,TOMM7
GO_Biological_Process_2023,Protein-Containing Complex Organization (GO:0043933),1/126,0.4693040423241341,0.5410905115132942,0,0,1.597979797979798,1.2088788165174762,JCHAIN
GO_Biological_Process_2023,Regulation Of Response To External Stimulus (GO:0032101),1/127,0.4719743392071369,0.5431307758433274,0,0,1.5852172518839185,1.1902297169988545,CXCR4
GO_Biological_Process_2023,Regulation Of DNA Repair (GO:0006282),1/129,0.4772750912018035,0.5481845333232144,0,0,1.560290404040404,1.1540879003160078,SMCHD1
GO_Biological_Process_2023,Transmembrane Receptor Protein Serine/Threonine Kinase Signaling Pathway (GO:0007178),1/130,0.4799056771939823,0.5491140860492816,0,0,1.5481168271865946,1.1365742744783855,HIPK2
GO_Biological_Process_2023,Positive Regulation Of Peptidyl-Tyrosine Phosphorylation (GO:0050731),1/130,0.4799056771939823,0.5491140860492816,0,0,1.5481168271865946,1.1365742744783855,CD44
GO_Biological_Process_2023,Circulatory System Development (GO:0072359),1/132,0.4851275940329752,0.554037763639932,0,0,1.5243272418844938,1.1026119616962,CRIP1
GO_Biological_Process_2023,Negative Regulation Of Cell Motility (GO:2000146),1/133,0.487719053875974,0.5559444035675091,0,0,1.512702785430058,1.0861444222602046,FBLN1
GO_Biological_Process_2023,Protein-Containing Complex Assembly (GO:0065003),2/328,0.4900769356111505,0.5575780984406109,0,0,1.225366220107675,0.8739224742966641,RPL38;JCHAIN
GO_Biological_Process_2023,Cellular Response To Metal Ion (GO:0071248),1/135,0.4928632963661163,0.5596922179072846,0,0,1.4899743705713857,1.0541917813157848,MT1X
GO_Biological_Process_2023,Protein Localization To Organelle (GO:0033365),1/137,0.4979563925252978,0.5633540425755246,0,0,1.467914438502674,1.0234927306951356,RPL11
GO_Biological_Process_2023,Protein Localization To Plasma Membrane (GO:0072659),1/137,0.4979563925252978,0.5633540425755246,0,0,1.467914438502674,1.0234927306951356,SPTBN1
GO_Biological_Process_2023,Negative Regulation Of Cellular Process (GO:0048523),3/537,0.5053970871234744,0.5697518617878962,0,0,1.121626317618441,0.7654099660424337,AZGP1;BTG1;FBLN1
GO_Biological_Process_2023,Negative Regulation Of Wnt Signaling Pathway (GO:0030178),1/140,0.5055012372413341,0.5697518617878962,0,0,1.4360148245040332,0.9796561960455776,BICC1
GO_Biological_Process_2023,Positive Regulation Of Transcription By RNA Polymerase II (GO:0045944),5/938,0.5069157072787985,0.5702801706886483,0,0,1.0699497940993965,0.7269351749208944,CEBPB;ELL2;PTMA;DCN;HIPK2
GO_Biological_Process_2023,Protein Localization To Cell Periphery (GO:1990778),1/142,0.5104686592356167,0.5732078240578712,0,0,1.4155025431621175,0.9518207634132154,SPTBN1
GO_Biological_Process_2023,Positive Regulation Of Transferase Activity (GO:0051347),1/143,0.5129338125908852,0.5749053698741705,0,0,1.4054630815194196,0.9382990468495096,RPS2
GO_Biological_Process_2023,Actin Filament Organization (GO:0007015),1/144,0.515386675547343,0.5765828670780108,0,0,1.3955640319276683,0.9250326397711036,GSN
GO_Biological_Process_2023,Negative Regulation Of Response To External Stimulus (GO:0032102),1/146,0.5202557726245733,0.5809522794307735,0,0,1.3761755485893417,0.899240881378034,TNFAIP6
GO_Biological_Process_2023,Defense Response To Symbiont (GO:0140546),1/148,0.5250764322021929,0.5852515501255495,0,0,1.357314643028929,0.874397623216168,ISG20
GO_Biological_Process_2023,Negative Regulation Of Transcription By RNA Polymerase II (GO:0000122),4/763,0.5332192071699158,0.5932309629584118,0,0,1.050779534475187,0.6607539912701991,RPS14;CEBPB;RPL10;ARID5B
GO_Biological_Process_2023,Cellular Response To Organic Cyclic Compound (GO:0071407),1/152,0.5345743423067151,0.5936433304069045,0,0,1.3210917118201886,0.8273792233748533,PDE3A
GO_Biological_Process_2023,Regulation Of Cellular Component Organization (GO:0051128),1/153,0.5369192861105836,0.5951513410380181,0,0,1.312333864965444,0.8161502743919713,LTBP4
GO_Biological_Process_2023,Positive Regulation Of Response To External Stimulus (GO:0032103),1/155,0.5415741406288901,0.5992095537600379,0,0,1.295159386068477,0.7942892672270463,LGALS1
GO_Biological_Process_2023,Protein Modification By Small Protein Conjugation (GO:0032446),2/364,0.545905957552914,0.6028961399348117,0,0,1.101477054910362,0.6667334866611279,RPS27A;UBA52
GO_Biological_Process_2023,Peptidyl-Serine Phosphorylation (GO:0018105),1/158,0.5484697017864213,0.6046201648577917,0,0,1.270218104613009,0.7629225123606185,HIPK2
GO_Biological_Process_2023,Response To Lipopolysaccharide (GO:0032496),1/159,0.5507453245925318,0.606020858995067,0,0,1.2621148190768443,0.7528297591179895,PDE4B
GO_Biological_Process_2023,Mitochondrion Organization (GO:0007005),1/162,0.557504289374834,0.611227429987318,0,0,1.238408934061108,0.7235838652550021,TOMM7
GO_Biological_Process_2023,Regulation Of Macromolecule Metabolic Process (GO:0060255),1/162,0.557504289374834,0.611227429987318,0,0,1.238408934061108,0.7235838652550021,CRIP1
GO_Biological_Process_2023,Positive Regulation Of Protein Phosphorylation (GO:0001934),2/377,0.5650100141620913,0.6183321933570618,0,0,1.0625850340136054,0.6066423597241232,NIBAN1;CD44
GO_Biological_Process_2023,Peptidyl-Serine Modification (GO:0018209),1/166,0.566359876814798,0.6186866045639914,0,0,1.2081420263238445,0.6868596439049133,HIPK2
GO_Biological_Process_2023,Membrane Organization (GO:0061024),1/167,0.5685462179076766,0.6199518433966166,0,0,1.2008032128514057,0.6780607576727649,SPTBN1
GO_Biological_Process_2023,Brain Development (GO:0007420),1/169,0.5728862133976284,0.6235421424080685,0,0,1.1863876863876863,0.6608988084033616,CXCR4
GO_Biological_Process_2023,Positive Regulation Of Cellular Process (GO:0048522),3/594,0.5739069469925009,0.6235421424080685,0,0,1.0104662724370714,0.5610998046416654,RPS9;RPS15A;RPS6
GO_Biological_Process_2023,Heart Development (GO:0007507),1/171,0.5771829849119133,0.6248498023373137,0,0,1.172311348781937,0.6442975473743275,CRIP1
GO_Biological_Process_2023,Metal Ion Transport (GO:0030001),1/171,0.5771829849119133,0.6248498023373137,0,0,1.172311348781937,0.6442975473743275,SLC4A4
GO_Biological_Process_2023,Positive Regulation Of Multicellular Organismal Process (GO:0051240),2/387,0.5793145957208834,0.6260335147306321,0,0,1.0344553405777897,0.5647191071435524,CEBPB;CXCR4
GO_Biological_Process_2023,Extracellular Matrix Organization (GO:0030198),1/176,0.5877385951928842,0.6340006670864208,0,0,1.1385281385281385,0.6050969607350297,GSN
GO_Biological_Process_2023,Positive Regulation Of ERK1 And ERK2 Cascade (GO:0070374),1/179,0.5939462924164232,0.6395528827269699,0,0,1.1191692202928158,0.5830495378794144,CD44
GO_Biological_Process_2023,Cellular Response To Oxygen-Containing Compound (GO:1901701),2/406,0.6055495918983245,0.650884855462905,0,0,0.984845423317842,0.4940169961241648,PDE3A;PDE4B
GO_Biological_Process_2023,Defense Response To Virus (GO:0051607),1/189,0.6139778143964273,0.6587697901797965,0,0,1.0591016548463357,0.5166260638484753,ISG20
GO_Biological_Process_2023,Transcription By RNA Polymerase II (GO:0006366),1/192,0.6197942035221659,0.6626523133401879,0,0,1.042307895711037,0.4986065202419767,ELL2
GO_Biological_Process_2023,Protein Localization To Membrane (GO:0072657),1/192,0.6197942035221659,0.6626523133401879,0,0,1.042307895711037,0.4986065202419767,SPTBN1
GO_Biological_Process_2023,Regulation Of Cell Differentiation (GO:0045595),1/193,0.6217136526856437,0.6635280222468021,0,0,1.0368265993265993,0.4927784439166676,CEBPB
GO_Biological_Process_2023,Regulation Of Programmed Cell Death (GO:0043067),1/195,0.6255238170451477,0.6664149499615266,0,0,1.0260335311881703,0.4813799173761787,LGALS1
GO_Biological_Process_2023,Endomembrane System Organization (GO:0010256),1/196,0.6274146268959372,0.6672504762226633,0,0,1.0207200207200209,0.4758062593684267,SPTBN1
GO_Biological_Process_2023,DNA-templated Transcription (GO:0006351),1/199,0.6330305302852147,0.6720376932429305,0,0,1.0051015202530351,0.4595692288153314,PTMA
GO_Biological_Process_2023,Phosphorylation (GO:0016310),2/429,0.6356502122036088,0.6736328259380951,0,0,0.9306982746260096,0.421705761421106,PRKG1;HIPK2
GO_Biological_Process_2023,Protein Ubiquitination (GO:0016567),2/434,0.6419545041111138,0.6791202911912309,0,0,0.9196900982615268,0.4076414560016024,RPS27A;UBA52
GO_Biological_Process_2023,Regulation Of Canonical Wnt Signaling Pathway (GO:0060828),1/207,0.647599871163211,0.6826970669780005,0,0,0.9656761792684124,0.4195691650534423,BICC1
GO_Biological_Process_2023,Negative Regulation Of Cell Differentiation (GO:0045596),1/207,0.647599871163211,0.6826970669780005,0,0,0.9656761792684124,0.4195691650534423,TNFAIP6
GO_Biological_Process_2023,Regulation Of GTPase Activity (GO:0043087),1/214,0.6598773366694534,0.6944258883275399,0,0,0.9336083843126096,0.3881022328350372,PRKG1
GO_Biological_Process_2023,Positive Regulation Of Cell Motility (GO:2000147),1/221,0.6717311879104819,0.7056688263240777,0,0,0.9035812672176308,0.3595323084428233,CXCR4
GO_Biological_Process_2023,Positive Regulation Of Protein Modification Process (GO:0031401),1/225,0.6783202133943429,0.7113514585683283,0,0,0.8872655122655123,0.344379519525088,NIBAN1
GO_Biological_Process_2023,Cilium Organization (GO:0044782),1/228,0.6831758984309778,0.712725028985951,0,0,0.8754060428069239,0.3335322537698721,GSN
GO_Biological_Process_2023,Apoptotic Process (GO:0006915),1/228,0.6831758984309778,0.712725028985951,0,0,0.8754060428069239,0.3335322537698721,CXCR4
GO_Biological_Process_2023,Cellular Response To Lipid (GO:0071396),1/228,0.6831758984309778,0.712725028985951,0,0,0.8754060428069239,0.3335322537698721,PDE4B
GO_Biological_Process_2023,Negative Regulation Of Intracellular Signal Transduction (GO:1902532),1/231,0.6879590095762926,0.7152401427146629,0,0,0.8638559508124726,0.323104604801154,PDE3A
GO_Biological_Process_2023,Positive Regulation Of Phosphorylation (GO:0042327),1/231,0.6879590095762926,0.7152401427146629,0,0,0.8638559508124726,0.323104604801154,NIBAN1
GO_Biological_Process_2023,Protein Modification Process (GO:0036211),3/711,0.6949810855276835,0.7212970646698678,0,0,0.8383714834876813,0.3050587756788311,UBA52;PRKG1;HIPK2
GO_Biological_Process_2023,Regulation Of Autophagy (GO:0010506),1/241,0.7033922394786386,0.7287723718309607,0,0,0.8274410774410774,0.2911273584277086,DCN
GO_Biological_Process_2023,Cilium Assembly (GO:0060271),1/243,0.7063869584837189,0.7306197872481689,0,0,0.8205192420068453,0.2852059996957823,GSN
GO_Biological_Process_2023,Protein Phosphorylation (GO:0006468),2/500,0.7173559974425507,0.7406946343456474,0,0,0.7950987623965249,0.2641183334706034,PRKG1;HIPK2
GO_Biological_Process_2023,Negative Regulation Of Signal Transduction (GO:0009968),1/267,0.74007117960611,0.7628426005170672,0,0,0.745576061365535,0.2244250366238864,DCN
GO_Biological_Process_2023,Positive Regulation Of Cell Migration (GO:0030335),1/272,0.7465915273403464,0.7682503259150664,0,0,0.7316336799731634,0.2138104762844621,CXCR4
GO_Biological_Process_2023,Plasma Membrane Bounded Cell Projection Assembly (GO:0120031),1/275,0.7504257332877455,0.7708802677555546,0,0,0.723512497235125,0.2077309933648587,GSN
GO_Biological_Process_2023,Monoatomic Cation Transmembrane Transport (GO:0098655),1/281,0.7579226692154171,0.7772574311851981,0,0,0.7077922077922078,0.196181539398202,SLC4A4
GO_Biological_Process_2023,Negative Regulation Of DNA-templated Transcription (GO:0045892),4/1025,0.7602214715268273,0.7782912518347654,0,0,0.7704456415279138,0.2112141888620354,RPS14;CEBPB;RPL10;ARID5B
GO_Biological_Process_2023,Inorganic Cation Transmembrane Transport (GO:0098662),1/284,0.7615870908484772,0.7783678233586979,0,0,0.7001820323375094,0.1906950986258781,SLC4A4
GO_Biological_Process_2023,DNA Metabolic Process (GO:0006259),1/288,0.7663876903684957,0.7819488617465363,0,0,0.6902826171118854,0.1836615038360822,ISG20
GO_Biological_Process_2023,Positive Regulation Of Nucleic Acid-Templated Transcription (GO:1903508),2/557,0.77143447732575,0.7857685638976812,0,0,0.7113439970582828,0.1845962851964433,CEBPB;HIPK2
GO_Biological_Process_2023,Positive Regulation Of MAPK Cascade (GO:0043410),1/310,0.7911298578918188,0.8044710022070265,0,0,0.6404171161452715,0.150045346926481,CD44
GO_Biological_Process_2023,Protein Transport (GO:0015031),1/313,0.7942962380792371,0.8063310295652861,0,0,0.6341621341621342,0.1460467731127653,SPTBN1
GO_Biological_Process_2023,Organelle Assembly (GO:0070925),1/322,0.8035130220239355,0.8143165584545093,0,0,0.6160986815192423,0.1347789103383304,GSN
GO_Biological_Process_2023,Intracellular Protein Transport (GO:0006886),1/325,0.8064934843181244,0.815965723227901,0,0,0.6103005362264622,0.1312509040089776,RPL11
GO_Biological_Process_2023,Proteolysis (GO:0006508),1/330,0.8113617727294461,0.8195161624051189,0,0,0.6008719412974732,0.1256070169226564,CXCR4
GO_Biological_Process_2023,Negative Regulation Of Gene Expression (GO:0010629),1/336,0.8170438874523874,0.8238753580832603,0,0,0.5899291421679481,0.1192025382658096,RPS13
GO_Biological_Process_2023,DNA Damage Response (GO:0006974),1/384,0.8568015435265478,0.8625230897270589,0,0,0.5147295408392014,0.0795509143679762,CRIP1
GO_Biological_Process_2023,Positive Regulation Of DNA-templated Transcription (GO:0045893),4/1243,0.8757258313174873,0.8801044604740746,0,0,0.6275558245897229,0.0832780479476852,CEBPB;PTMA;DCN;HIPK2
GO_Biological_Process_2023,Regulation Of Transcription By RNA Polymerase II (GO:0006357),7/2028,0.891884191722776,0.8948521923607886,0,0,0.6658739152873324,0.0761886173506679,RPS14;CEBPB;RPL10;ARID5B;PTMA;DCN;HIPK2
GO_Biological_Process_2023,Negative Regulation Of Nucleic Acid-Templated Transcription (GO:1903507),1/456,0.9009542627756524,0.9024508645410604,0,0,0.4316794316794317,0.045024503764066,ARID5B
GO_Biological_Process_2023,Regulation Of DNA-templated Transcription (GO:0006355),5/1922,0.9690717887072208,0.9690717887072208,0,0,0.493726491502622,0.0155112000314841,CEBPB;BTG1;ARID5B;RPL6;HIPK2
