Gene_set,Term,Overlap,P-value,Adjusted P-value,Old P-value,Old Adjusted P-value,Odds Ratio,Combined Score,Genes
GO_Biological_Process_2023,DNA-templated DNA Replication Maintenance Of Fidelity (GO:0045005),4/43,6.250942361496206e-05,0.0398185028427308,0,0,21.219017094017097,205.40418572151412,EME1;MCM8;POLE;TRAIP
GO_Biological_Process_2023,DNA Replication-Dependent Chromatin Assembly (GO:0006335),2/5,0.0002450871709985121,0.0780602639630261,0,0,135.35374149659864,1125.3170126751409,CHAF1B;ASF1B
GO_Biological_Process_2023,Mitotic Sister Chromatid Segregation (GO:0000070),4/111,0.0023407366994855,0.1586661452417697,0,0,7.707554517133956,46.686889589314006,PRC1;NUSAP1;RRS1;CDCA8
GO_Biological_Process_2023,External Encapsulating Structure Organization (GO:0045229),4/110,0.00226496676348,0.1586661452417697,0,0,7.78066037735849,47.385740437229956,TGM1;COL16A1;COL9A2;MATN4
GO_Biological_Process_2023,Negative Regulation Of Chondrocyte Differentiation (GO:0032331),2/14,0.0021657651600423,0.1586661452417697,0,0,33.82312925170068,207.5042741698455,CHADL;SNAI2
GO_Biological_Process_2023,Positive Regulation Of Mitotic Sister Chromatid Separation (GO:1901970),2/15,0.0024908343052083,0.1586661452417697,0,0,31.21978021978022,187.16687708215863,UBE2C;CDCA8
GO_Biological_Process_2023,Negative Regulation Of Cartilage Development (GO:0061037),2/13,0.0018624280503563,0.1586661452417697,0,0,36.89981447124304,231.94759321375395,CHADL;SNAI2
GO_Biological_Process_2023,Mitotic Spindle Midzone Assembly (GO:0051256),2/10,0.0010850384206118,0.1586661452417697,0,0,50.744897959183675,346.39177176286466,PRC1;CDCA8
GO_Biological_Process_2023,Mitotic Spindle Elongation (GO:0000022),2/10,0.0010850384206118,0.1586661452417697,0,0,50.744897959183675,346.39177176286466,PRC1;CDCA8
GO_Biological_Process_2023,Extracellular Matrix Organization (GO:0030198),5/176,0.0019132618463391,0.1586661452417697,0,0,6.0723299476762085,38.00638353981998,COL16A1;CTSG;COL9A2;MATN4;ELANE
GO_Biological_Process_2023,Mitotic Cytokinesis (GO:0000281),3/59,0.0032188419242375,0.1864002096126644,0,0,10.959499263622977,62.89364704662167,NUSAP1;CDCA8;KIF20A
GO_Biological_Process_2023,Neuron Differentiation (GO:0030182),3/173,0.0559904463785372,0.2380742662536401,0,0,3.5894481503941784,10.346850641993324,WNT6;WNT10A;IRX4
GO_Biological_Process_2023,Carbon Dioxide Transport (GO:0015670),1/11,0.0536582567508638,0.2380742662536401,0,0,20.09090909090909,58.768318421882675,RHAG
GO_Biological_Process_2023,Double-Strand Break Repair Via Break-Induced Replication (GO:0000727),1/11,0.0536582567508638,0.2380742662536401,0,0,20.09090909090909,58.768318421882675,MCM2
GO_Biological_Process_2023,Nucleosome Organization (GO:0034728),2/75,0.0542668897312265,0.2380742662536401,0,0,5.542913055633212,16.15116734069409,CHAF1B;ASF1B
GO_Biological_Process_2023,Regulation Of BMP Signaling Pathway (GO:0030510),2/75,0.0542668897312265,0.2380742662536401,0,0,5.542913055633212,16.15116734069409,SCUBE3;TFAP2B
GO_Biological_Process_2023,Defense Response To Gram-negative Bacterium (GO:0050829),2/75,0.0542668897312265,0.2380742662536401,0,0,5.542913055633212,16.15116734069409,CTSG;ELANE
GO_Biological_Process_2023,Generation Of Neurons (GO:0048699),3/172,0.0552127694919147,0.2380742662536401,0,0,3.6108704935033247,10.45910672363807,WNT6;WNT10A;IRX4
GO_Biological_Process_2023,Wnt Signaling Pathway (GO:0016055),2/76,0.0555565913641185,0.2380742662536401,0,0,5.467733039161611,15.803679213614178,WNT6;WNT10A
GO_Biological_Process_2023,DNA Strand Elongation Involved In DNA Replication (GO:0006271),1/12,0.0583925585800791,0.2380742662536401,0,0,18.26354453627181,51.878818604154176,POLE
GO_Biological_Process_2023,Histone Monoubiquitination (GO:0010390),1/12,0.0583925585800791,0.2380742662536401,0,0,18.26354453627181,51.878818604154176,UHRF1
GO_Biological_Process_2023,Negative Regulation Of Locomotion (GO:0040013),1/12,0.0583925585800791,0.2380742662536401,0,0,18.26354453627181,51.878818604154176,ELANE
GO_Biological_Process_2023,Granulocyte Activation (GO:0036230),1/12,0.0583925585800791,0.2380742662536401,0,0,18.26354453627181,51.878818604154176,CTSG
GO_Biological_Process_2023,Granulocyte Differentiation (GO:0030851),1/12,0.0583925585800791,0.2380742662536401,0,0,18.26354453627181,51.878818604154176,CEBPE
GO_Biological_Process_2023,Very Long-Chain Fatty Acid Biosynthetic Process (GO:0042761),1/12,0.0583925585800791,0.2380742662536401,0,0,18.26354453627181,51.878818604154176,ELOVL4
GO_Biological_Process_2023,Positive Regulation Of Spindle Checkpoint (GO:0090232),1/11,0.0536582567508638,0.2380742662536401,0,0,20.09090909090909,58.768318421882675,CDCA8
GO_Biological_Process_2023,Adult Locomotory Behavior (GO:0008344),1/12,0.0583925585800791,0.2380742662536401,0,0,18.26354453627181,51.878818604154176,NTF4
GO_Biological_Process_2023,"Base-Excision Repair, Gap-Filling (GO:0006287)",1/12,0.0583925585800791,0.2380742662536401,0,0,18.26354453627181,51.878818604154176,POLE
GO_Biological_Process_2023,Positive Regulation Of Vasoconstriction (GO:0045907),1/12,0.0583925585800791,0.2380742662536401,0,0,18.26354453627181,51.878818604154176,OXTR
GO_Biological_Process_2023,Positive Regulation Of Voltage-Gated Calcium Channel Activity (GO:1901387),1/12,0.0583925585800791,0.2380742662536401,0,0,18.26354453627181,51.878818604154176,STAC2
GO_Biological_Process_2023,Fatty Acid Elongation (GO:0030497),1/12,0.0583925585800791,0.2380742662536401,0,0,18.26354453627181,51.878818604154176,ELOVL4
GO_Biological_Process_2023,Positive Regulation Of Mitotic Metaphase/Anaphase Transition (GO:0045842),1/11,0.0536582567508638,0.2380742662536401,0,0,20.09090909090909,58.768318421882675,UBE2C
GO_Biological_Process_2023,Myeloid Leukocyte Differentiation (GO:0002573),2/71,0.0492185490137595,0.2380742662536401,0,0,5.865424430641822,17.663636014354466,CEBPE;PRTN3
GO_Biological_Process_2023,Positive Regulation Of Metaphase/Anaphase Transition Of Cell Cycle (GO:1902101),1/11,0.0536582567508638,0.2380742662536401,0,0,20.09090909090909,58.768318421882675,UBE2C
GO_Biological_Process_2023,Histone Ubiquitination (GO:0016574),1/9,0.0441188457824273,0.2380742662536401,0,0,25.116161616161616,78.3842312444799,UHRF1
GO_Biological_Process_2023,Negative Regulation Of Transcription By Competitive Promoter Binding (GO:0010944),1/9,0.0441188457824273,0.2380742662536401,0,0,25.116161616161616,78.3842312444799,DACH1
GO_Biological_Process_2023,Nerve Growth Factor Signaling Pathway (GO:0038180),1/9,0.0441188457824273,0.2380742662536401,0,0,25.116161616161616,78.3842312444799,NTF4
GO_Biological_Process_2023,Negative Regulation Of Cell Adhesion Mediated By Integrin (GO:0033629),1/9,0.0441188457824273,0.2380742662536401,0,0,25.116161616161616,78.3842312444799,SNAI2
GO_Biological_Process_2023,Skin Development (GO:0043588),2/68,0.0455522545652315,0.2380742662536401,0,0,6.132962275819419,18.944077490294053,TGM1;WNT10A
GO_Biological_Process_2023,DNA-templated DNA Replication (GO:0006261),2/69,0.0467626402187707,0.2380742662536401,0,0,6.041120925982333,18.501963939065423,POLE;MCM2
GO_Biological_Process_2023,Sensory Organ Development (GO:0007423),2/70,0.0479847867745847,0.2380742662536401,0,0,5.951980792316927,18.075399411278084,NTF4;WNT10A
GO_Biological_Process_2023,Notch Signaling Involved In Heart Development (GO:0061314),1/10,0.0489003911418304,0.2380742662536401,0,0,22.32435465768799,67.37423003045056,SNAI2
GO_Biological_Process_2023,Negative Regulation Of Steroid Biosynthetic Process (GO:0010894),1/10,0.0489003911418304,0.2380742662536401,0,0,22.32435465768799,67.37423003045056,SNAI2
GO_Biological_Process_2023,Positive Regulation Of Mitotic Cell Cycle Spindle Assembly Checkpoint (GO:0090267),1/11,0.0536582567508638,0.2380742662536401,0,0,20.09090909090909,58.768318421882675,CDCA8
GO_Biological_Process_2023,Ammonium Transmembrane Transport (GO:0072488),1/10,0.0489003911418304,0.2380742662536401,0,0,22.32435465768799,67.37423003045056,RHAG
GO_Biological_Process_2023,Mitochondrial Protein Processing (GO:0034982),1/10,0.0489003911418304,0.2380742662536401,0,0,22.32435465768799,67.37423003045056,ATP23
GO_Biological_Process_2023,Mitotic DNA Replication (GO:1902969),1/10,0.0489003911418304,0.2380742662536401,0,0,22.32435465768799,67.37423003045056,MCM2
GO_Biological_Process_2023,rRNA Base Methylation (GO:0070475),1/10,0.0489003911418304,0.2380742662536401,0,0,22.32435465768799,67.37423003045056,NOP2
GO_Biological_Process_2023,Columnar/Cuboidal Epithelial Cell Differentiation (GO:0002065),1/10,0.0489003911418304,0.2380742662536401,0,0,22.32435465768799,67.37423003045056,NPY
GO_Biological_Process_2023,Positive Regulation Of Attachment Of Spindle Microtubules To Kinetochore (GO:0051987),1/10,0.0489003911418304,0.2380742662536401,0,0,22.32435465768799,67.37423003045056,CDCA8
GO_Biological_Process_2023,Low-Density Lipoprotein Particle Remodeling (GO:0034374),1/12,0.0583925585800791,0.2380742662536401,0,0,18.26354453627181,51.878818604154176,MPO
GO_Biological_Process_2023,Double-Strand Break Repair (GO:0006302),3/168,0.0521548749739569,0.2380742662536401,0,0,3.6991565135895033,10.92559793276955,EME1;MCM8;ATP23
GO_Biological_Process_2023,Exit From Mitosis (GO:0010458),1/11,0.0536582567508638,0.2380742662536401,0,0,20.09090909090909,58.768318421882675,UBE2C
GO_Biological_Process_2023,Positive Regulation Of Keratinocyte Proliferation (GO:0010838),1/11,0.0536582567508638,0.2380742662536401,0,0,20.09090909090909,58.768318421882675,TGM1
GO_Biological_Process_2023,Regulation Of Mitotic Sister Chromatid Separation (GO:0010965),1/10,0.0489003911418304,0.2380742662536401,0,0,22.32435465768799,67.37423003045056,CDCA8
GO_Biological_Process_2023,Cardiolipin Metabolic Process (GO:0032048),1/12,0.0583925585800791,0.2380742662536401,0,0,18.26354453627181,51.878818604154176,THEM5
GO_Biological_Process_2023,Dendrite Self-Avoidance (GO:0070593),1/12,0.0583925585800791,0.2380742662536401,0,0,18.26354453627181,51.878818604154176,CNTN6
GO_Biological_Process_2023,Positive Regulation Of DNA-directed DNA Polymerase Activity (GO:1900264),1/12,0.0583925585800791,0.2380742662536401,0,0,18.26354453627181,51.878818604154176,DSCC1
GO_Biological_Process_2023,Stem Cell Development (GO:0048864),1/15,0.0724552331756038,0.2380742662536401,0,0,14.347763347763347,37.659813836990104,SNAI2
GO_Biological_Process_2023,Negative Regulation Of Gluconeogenesis (GO:0045721),1/15,0.0724552331756038,0.2380742662536401,0,0,14.347763347763347,37.659813836990104,SIK1
GO_Biological_Process_2023,Sympathetic Nervous System Development (GO:0048485),1/15,0.0724552331756038,0.2380742662536401,0,0,14.347763347763347,37.659813836990104,TFAP2B
GO_Biological_Process_2023,Negative Regulation Of mRNA Processing (GO:0050686),1/15,0.0724552331756038,0.2380742662536401,0,0,14.347763347763347,37.659813836990104,PCBP4
GO_Biological_Process_2023,Gas Transport (GO:0015669),1/15,0.0724552331756038,0.2380742662536401,0,0,14.347763347763347,37.659813836990104,RHAG
GO_Biological_Process_2023,Regulation Of Hormone Secretion (GO:0046883),1/15,0.0724552331756038,0.2380742662536401,0,0,14.347763347763347,37.659813836990104,IL11
GO_Biological_Process_2023,Negative Regulation Of Phagocytosis (GO:0050765),1/15,0.0724552331756038,0.2380742662536401,0,0,14.347763347763347,37.659813836990104,PRTN3
GO_Biological_Process_2023,Regulation Of Intrinsic Apoptotic Signaling Pathway In Response To DNA Damage (GO:1902229),1/15,0.0724552331756038,0.2380742662536401,0,0,14.347763347763347,37.659813836990104,SNAI2
GO_Biological_Process_2023,Activation Of NF-kappaB-inducing Kinase Activity (GO:0007250),1/15,0.0724552331756038,0.2380742662536401,0,0,14.347763347763347,37.659813836990104,CHI3L1
GO_Biological_Process_2023,Negative Regulation Of Synaptic Transmission (GO:0050805),1/15,0.0724552331756038,0.2380742662536401,0,0,14.347763347763347,37.659813836990104,GRIK3
GO_Biological_Process_2023,Neurotrophin Signaling Pathway (GO:0038179),1/15,0.0724552331756038,0.2380742662536401,0,0,14.347763347763347,37.659813836990104,NTF4
GO_Biological_Process_2023,Protein Localization To Cell-Cell Junction (GO:0150105),1/15,0.0724552331756038,0.2380742662536401,0,0,14.347763347763347,37.659813836990104,CHAF1B
GO_Biological_Process_2023,Midbody Abscission (GO:0061952),1/15,0.0724552331756038,0.2380742662536401,0,0,14.347763347763347,37.659813836990104,KIF20A
GO_Biological_Process_2023,Regulation Of Systemic Arterial Blood Pressure By Hormone (GO:0001990),1/15,0.0724552331756038,0.2380742662536401,0,0,14.347763347763347,37.659813836990104,OXTR
GO_Biological_Process_2023,Mitotic Chromosome Condensation (GO:0007076),1/15,0.0724552331756038,0.2380742662536401,0,0,14.347763347763347,37.659813836990104,NUSAP1
GO_Biological_Process_2023,Regulation Of Bicellular Tight Junction Assembly (GO:2000810),1/15,0.0724552331756038,0.2380742662536401,0,0,14.347763347763347,37.659813836990104,SNAI2
GO_Biological_Process_2023,Positive Regulation Of Peptidyl-Serine Phosphorylation (GO:0033138),2/89,0.0732536203857354,0.2380742662536401,0,0,4.647665962936899,12.148197603177868,NTF4;IL11
GO_Biological_Process_2023,Organic Anion Transport (GO:0015711),2/89,0.0732536203857354,0.2380742662536401,0,0,4.647665962936899,12.148197603177868,SLC52A3;RHAG
GO_Biological_Process_2023,Sensory Perception Of Mechanical Stimulus (GO:0050954),2/89,0.0732536203857354,0.2380742662536401,0,0,4.647665962936899,12.148197603177868,SLC52A3;SNAI2
GO_Biological_Process_2023,Neuron Projection Development (GO:0031175),3/192,0.0717418991703997,0.2380742662536401,0,0,3.2254950090001637,8.498148268482408,NTF4;SAMD14;NPY
GO_Biological_Process_2023,Axonogenesis (GO:0007409),3/188,0.0682748527071473,0.2380742662536401,0,0,3.295904151574254,8.846911304865927,CNTN6;CNTN2;LGR6
GO_Biological_Process_2023,Smooth Muscle Contraction (GO:0006939),1/14,0.0677909321684321,0.2380742662536401,0,0,15.452214452214452,41.58695944336839,SMTN
GO_Biological_Process_2023,Resolution Of Meiotic Recombination Intermediates (GO:0000712),1/14,0.0677909321684321,0.2380742662536401,0,0,15.452214452214452,41.58695944336839,EME1
GO_Biological_Process_2023,Regulation Of DNA-directed DNA Polymerase Activity (GO:1900262),1/12,0.0583925585800791,0.2380742662536401,0,0,18.26354453627181,51.878818604154176,DSCC1
GO_Biological_Process_2023,Regulation Of DNA-templated DNA Replication Initiation (GO:0030174),1/12,0.0583925585800791,0.2380742662536401,0,0,18.26354453627181,51.878818604154176,MCM2
GO_Biological_Process_2023,Forelimb Morphogenesis (GO:0035136),1/9,0.0441188457824273,0.2380742662536401,0,0,25.116161616161616,78.3842312444799,TFAP2B
GO_Biological_Process_2023,Regulation Of Neuron Differentiation (GO:0045664),2/79,0.0594897545967717,0.2380742662536401,0,0,5.253909355950173,14.8262756693766,NTF4;KCTD11
GO_Biological_Process_2023,Regulation Of Cytokinesis (GO:0032465),2/80,0.0608217071927091,0.2380742662536401,0,0,5.1862899005756145,14.520618689888993,PRC1;KIF20A
GO_Biological_Process_2023,Regulation Of Interleukin-8 Production (GO:0032677),2/81,0.0621638842786596,0.2380742662536401,0,0,5.120382330147248,14.224325268693594,CHI3L1;ELANE
GO_Biological_Process_2023,Body Fluid Secretion (GO:0007589),1/13,0.0631034120924418,0.2380742662536401,0,0,16.74074074074074,46.254339159717055,OXTR
GO_Biological_Process_2023,"Negative Regulation Of DNA Damage Response, Signal Transduction By P53 Class Mediator (GO:0043518)",1/13,0.0631034120924418,0.2380742662536401,0,0,16.74074074074074,46.254339159717055,SNAI2
GO_Biological_Process_2023,Positive Regulation Of Chromosome Separation (GO:1905820),1/13,0.0631034120924418,0.2380742662536401,0,0,16.74074074074074,46.254339159717055,CDCA8
GO_Biological_Process_2023,Cell-Cell Junction Maintenance (GO:0045217),1/12,0.0583925585800791,0.2380742662536401,0,0,18.26354453627181,51.878818604154176,PRTN3
GO_Biological_Process_2023,"Endonucleolytic Cleavage Of Tricistronic rRNA Transcript (SSU-rRNA, 5.8S rRNA, LSU-rRNA) (GO:0000479)",1/13,0.0631034120924418,0.2380742662536401,0,0,16.74074074074074,46.254339159717055,RRS1
GO_Biological_Process_2023,Regulation Of Osteoblast Differentiation (GO:0045667),2/85,0.067632189652766,0.2380742662536401,0,0,4.87263339070568,13.12527238363094,SCUBE3;SNAI2
GO_Biological_Process_2023,Mitotic Spindle Organization (GO:0007052),2/85,0.067632189652766,0.2380742662536401,0,0,4.87263339070568,13.12527238363094,PRC1;CDCA8
GO_Biological_Process_2023,Positive Regulation Of Canonical Wnt Signaling Pathway (GO:0090263),2/85,0.067632189652766,0.2380742662536401,0,0,4.87263339070568,13.12527238363094,LGR6;LGR5
GO_Biological_Process_2023,Establishment Of Spindle Localization (GO:0051293),1/14,0.0677909321684321,0.2380742662536401,0,0,15.452214452214452,41.58695944336839,NUSAP1
GO_Biological_Process_2023,Regulation Of Exit From Mitosis (GO:0007096),1/14,0.0677909321684321,0.2380742662536401,0,0,15.452214452214452,41.58695944336839,UBE2C
GO_Biological_Process_2023,"Negative Regulation Of mRNA Splicing, Via Spliceosome (GO:0048025)",1/14,0.0677909321684321,0.2380742662536401,0,0,15.452214452214452,41.58695944336839,PCBP4
GO_Biological_Process_2023,Aorta Development (GO:0035904),1/14,0.0677909321684321,0.2380742662536401,0,0,15.452214452214452,41.58695944336839,TFAP2B
GO_Biological_Process_2023,Odontogenesis Of Dentin-Containing Tooth (GO:0042475),1/14,0.0677909321684321,0.2380742662536401,0,0,15.452214452214452,41.58695944336839,WNT6
GO_Biological_Process_2023,Mitotic intra-S DNA Damage Checkpoint Signaling (GO:0031573),1/14,0.0677909321684321,0.2380742662536401,0,0,15.452214452214452,41.58695944336839,EME1
GO_Biological_Process_2023,Regulation Of Cell Division (GO:0051302),2/83,0.0648783802345316,0.2380742662536401,0,0,4.99344923154447,13.658286245847664,PRC1;KIF20A
GO_Biological_Process_2023,Negative Regulation Of Hormone Secretion (GO:0046888),1/9,0.0441188457824273,0.2380742662536401,0,0,25.116161616161616,78.3842312444799,IL11
GO_Biological_Process_2023,Cardiocyte Differentiation (GO:0035051),1/13,0.0631034120924418,0.2380742662536401,0,0,16.74074074074074,46.254339159717055,SIK1
GO_Biological_Process_2023,Negative Regulation Of Extracellular Matrix Organization (GO:1903054),1/9,0.0441188457824273,0.2380742662536401,0,0,25.116161616161616,78.3842312444799,CHADL
GO_Biological_Process_2023,Replication Fork Processing (GO:0031297),2/46,0.0222080432575084,0.2380742662536401,0,0,9.20964749536178,35.063897787087264,EME1;TRAIP
GO_Biological_Process_2023,Regulation Of Signal Transduction By P53 Class Mediator (GO:1901796),2/47,0.0231205576171507,0.2380742662536401,0,0,9.004535147392291,33.92038210413699,NOP2;RRS1
GO_Biological_Process_2023,Neuron Projection Guidance (GO:0097485),3/124,0.0243385983169026,0.2380742662536401,0,0,5.055550822186248,18.78486863700217,CNTN6;CNTN2;LGR6
GO_Biological_Process_2023,Negative Regulation Of Gene Expression Via CpG Island Methylation (GO:0044027),1/5,0.0247535287182936,0.2380742662536401,0,0,50.24242424242424,185.83603697375267,UHRF1
GO_Biological_Process_2023,Tongue Development (GO:0043586),1/5,0.0247535287182936,0.2380742662536401,0,0,50.24242424242424,185.83603697375267,WNT10A
GO_Biological_Process_2023,Positive Regulation Of Mitotic Cytokinesis (GO:1903490),1/5,0.0247535287182936,0.2380742662536401,0,0,50.24242424242424,185.83603697375267,CDCA8
GO_Biological_Process_2023,Ammonium Homeostasis (GO:0097272),1/5,0.0247535287182936,0.2380742662536401,0,0,50.24242424242424,185.83603697375267,RHAG
GO_Biological_Process_2023,Negative Regulation Of Vitamin Metabolic Process (GO:0046137),1/5,0.0247535287182936,0.2380742662536401,0,0,50.24242424242424,185.83603697375267,SNAI2
GO_Biological_Process_2023,Nephron Tubule Development (GO:0072080),1/5,0.0247535287182936,0.2380742662536401,0,0,50.24242424242424,185.83603697375267,TFAP2B
GO_Biological_Process_2023,Neutrophil Extravasation (GO:0072672),1/5,0.0247535287182936,0.2380742662536401,0,0,50.24242424242424,185.83603697375267,PRTN3
GO_Biological_Process_2023,"Nucleotide-Excision Repair, DNA Gap Filling (GO:0006297)",1/5,0.0247535287182936,0.2380742662536401,0,0,50.24242424242424,185.83603697375267,POLE
GO_Biological_Process_2023,Cardiolipin Acyl-Chain Remodeling (GO:0035965),1/5,0.0247535287182936,0.2380742662536401,0,0,50.24242424242424,185.83603697375267,THEM5
GO_Biological_Process_2023,Regulation Of Tooth Mineralization (GO:0070170),1/5,0.0247535287182936,0.2380742662536401,0,0,50.24242424242424,185.83603697375267,WNT6
GO_Biological_Process_2023,Regulation Of Vitamin D Biosynthetic Process (GO:0060556),1/5,0.0247535287182936,0.2380742662536401,0,0,50.24242424242424,185.83603697375267,SNAI2
GO_Biological_Process_2023,Response To DNA Damage Checkpoint Signaling (GO:0072423),1/5,0.0247535287182936,0.2380742662536401,0,0,50.24242424242424,185.83603697375267,EME1
GO_Biological_Process_2023,Mitotic Metaphase Plate Congression (GO:0007080),2/50,0.025948961945953,0.2380742662536401,0,0,8.44047619047619,30.82144266223132,RRS1;CDCA8
GO_Biological_Process_2023,Ribosome Assembly (GO:0042255),2/50,0.025948961945953,0.2380742662536401,0,0,8.44047619047619,30.82144266223132,NOP2;RRS1
GO_Biological_Process_2023,Regulation Of Cell Cycle Process (GO:0010564),3/130,0.0274860097045577,0.2380742662536401,0,0,4.81524474389155,17.306365881326172,PRC1;KIF20A;MCM2
GO_Biological_Process_2023,Regulation Of Collagen Fibril Organization (GO:1904026),1/6,0.0296309633944118,0.2380742662536401,0,0,40.19191919191919,141.432767389918,CHADL
GO_Biological_Process_2023,Cellular Component Disassembly (GO:0022411),2/46,0.0222080432575084,0.2380742662536401,0,0,9.20964749536178,35.063897787087264,CTSG;ELANE
GO_Biological_Process_2023,Mitotic Nuclear Division (GO:0140014),2/45,0.0213109604144821,0.2380742662536401,0,0,9.424299952539156,36.26973658038426,UBE2C;NUSAP1
GO_Biological_Process_2023,Supramolecular Fiber Organization (GO:0097435),5/316,0.0212567224316268,0.2380742662536401,0,0,3.315112540192926,12.766770509702624,KRT71;CNN1;SAMD14;KRT14;KRT23
GO_Biological_Process_2023,Mitotic Spindle Assembly (GO:0090307),2/44,0.0204294838615153,0.2380742662536401,0,0,9.649173955296405,37.54277574025534,PRC1;CDCA8
GO_Biological_Process_2023,Regulation Of Complement-Dependent Cytotoxicity (GO:1903659),1/9,0.0441188457824273,0.2380742662536401,0,0,25.116161616161616,78.3842312444799,IL11
GO_Biological_Process_2023,Intermediate Filament Organization (GO:0045109),3/68,0.0048040547103092,0.2380742662536401,0,0,9.437747819191118,50.38148186551567,KRT71;KRT14;KRT23
GO_Biological_Process_2023,Regulation Of Anoikis (GO:2000209),2/21,0.0048853872583166,0.2380742662536401,0,0,21.354457572502685,113.63788950907964,SNAI2;SIK1
GO_Biological_Process_2023,Ribosomal Large Subunit Assembly (GO:0000027),2/22,0.0053564969577325,0.2380742662536401,0,0,20.285714285714285,106.08302856731788,NOP2;RRS1
GO_Biological_Process_2023,DNA Replication (GO:0006260),3/73,0.0058558838877264,0.2380742662536401,0,0,8.761413843888072,45.036368568128694,MCM8;POLE;MCM2
GO_Biological_Process_2023,ERK1 And ERK2 Cascade (GO:0070371),2/24,0.0063585473607634,0.2380742662536401,0,0,18.43970315398887,93.26719485343038,DUSP9;DUSP7
GO_Biological_Process_2023,Regulation Of Chondrocyte Differentiation (GO:0032330),2/25,0.0068890740028299,0.2380742662536401,0,0,17.637089618456077,87.79423275712823,CHADL;SNAI2
GO_Biological_Process_2023,Regulation Of Keratinocyte Proliferation (GO:0010837),2/25,0.0068890740028299,0.2380742662536401,0,0,17.637089618456077,87.79423275712823,TGM1;SNAI2
GO_Biological_Process_2023,Cytoskeleton-Dependent Cytokinesis (GO:0061640),3/81,0.007805783179295,0.2380742662536401,0,0,7.859635210150674,38.141948154855065,NUSAP1;CDCA8;KIF20A
GO_Biological_Process_2023,"Fatty Acid Elongation, Monounsaturated Fatty Acid (GO:0034625)",1/6,0.0296309633944118,0.2380742662536401,0,0,40.19191919191919,141.432767389918,ELOVL4
GO_Biological_Process_2023,Epidermis Development (GO:0008544),3/85,0.008907727513708,0.2380742662536401,0,0,7.474729695750566,35.28697392743489,NTF4;WNT10A;KRT14
GO_Biological_Process_2023,Positive Regulation Of Mitotic Nuclear Division (GO:0045840),2/35,0.0132279832722483,0.2380742662536401,0,0,12.286332714904145,53.14355844722063,UBE2C;NUSAP1
GO_Biological_Process_2023,Regulation Of Cell Differentiation (GO:0045595),4/193,0.0160717407971991,0.2380742662536401,0,0,4.345458553791887,17.949754270462787,NTF4;TFAP2B;SNAI2;SIK1
GO_Biological_Process_2023,Odontogenesis (GO:0042476),2/39,0.0162624064321538,0.2380742662536401,0,0,10.955874241588528,45.126141525786544,WNT6;WNT10A
GO_Biological_Process_2023,Extracellular Structure Organization (GO:0043062),3/109,0.0173780716412013,0.2380742662536401,0,0,5.775335537833106,23.404813614286443,COL16A1;COL9A2;MATN4
GO_Biological_Process_2023,Regulation Of Chemokine Production (GO:0032642),2/41,0.0178804597481127,0.2380742662536401,0,0,10.392987964416536,41.82186992516352,SNAI2;ELANE
GO_Biological_Process_2023,DNA Duplex Unwinding (GO:0032508),2/41,0.0178804597481127,0.2380742662536401,0,0,10.392987964416536,41.82186992516352,MCM8;MCM2
GO_Biological_Process_2023,Mitotic Cell Cycle Phase Transition (GO:0044772),3/111,0.0182312795363317,0.2380742662536401,0,0,5.6678121420389465,22.69741404703137,CCNB2;UBE2C;POLE
GO_Biological_Process_2023,Regulation Of Canonical Wnt Signaling Pathway (GO:0060828),4/207,0.0202238448517036,0.2380742662536401,0,0,4.042898193760263,15.770912991022987,TMEM88B;SNAI2;LGR6;LGR5
GO_Biological_Process_2023,Extracellular Matrix Disassembly (GO:0022617),2/44,0.0204294838615153,0.2380742662536401,0,0,9.649173955296405,37.54277574025534,CTSG;ELANE
GO_Biological_Process_2023,Very Long-Chain Fatty Acid Metabolic Process (GO:0000038),2/32,0.0111345221222248,0.2380742662536401,0,0,13.517006802721088,60.79550767481704,ELOVL4;SLC27A6
GO_Biological_Process_2023,"Fatty Acid Elongation, Polyunsaturated Fatty Acid (GO:0034626)",1/6,0.0296309633944118,0.2380742662536401,0,0,40.19191919191919,141.432767389918,ELOVL4
GO_Biological_Process_2023,Metaphase Plate Congression (GO:0051310),2/51,0.0269214810715392,0.2380742662536401,0,0,8.26780508121616,29.886716110404755,RRS1;CDCA8
GO_Biological_Process_2023,"Fatty Acid Elongation, Unsaturated Fatty Acid (GO:0019368)",1/6,0.0296309633944118,0.2380742662536401,0,0,40.19191919191919,141.432767389918,ELOVL4
GO_Biological_Process_2023,"Fatty Acid Elongation, Saturated Fatty Acid (GO:0019367)",1/6,0.0296309633944118,0.2380742662536401,0,0,40.19191919191919,141.432767389918,ELOVL4
GO_Biological_Process_2023,Microtubule Cytoskeleton Organization Involved In Mitosis (GO:1902850),2/59,0.0352125566390489,0.2380742662536401,0,0,7.104547081990691,23.774319154103356,NUSAP1;CDCA8
GO_Biological_Process_2023,protein-DNA Complex Assembly (GO:0065004),2/59,0.0352125566390489,0.2380742662536401,0,0,7.104547081990691,23.774319154103356,CHAF1B;ASF1B
GO_Biological_Process_2023,Homophilic Cell Adhesion Via Plasma Membrane Adhesion Molecules (GO:0007156),2/60,0.0363103684614095,0.2380742662536401,0,0,6.9817030260380015,23.148897224333663,CNTN6;CNTN2
GO_Biological_Process_2023,Positive Regulation Of Interleukin-8 Production (GO:0032757),2/61,0.0374213004237331,0.2380742662536401,0,0,6.863023175371843,22.54856700617945,CHI3L1;ELANE
GO_Biological_Process_2023,Fat Cell Differentiation (GO:0045444),2/62,0.0385451967593685,0.2380742662536401,0,0,6.7482993197278915,21.97194825947037,IL11;TFAP2B
GO_Biological_Process_2023,Axon Guidance (GO:0007411),3/149,0.038811618827442,0.2380742662536401,0,0,4.184578449371558,13.595844448680904,CNTN6;CNTN2;LGR6
GO_Biological_Process_2023,Epithelial To Mesenchymal Transition Involved In Endocardial Cushion Formation (GO:0003198),1/8,0.0393135041520565,0.2380742662536401,0,0,28.705627705627705,92.8967850071638,SNAI2
GO_Biological_Process_2023,Positive Regulation Of Mitochondrial Membrane Permeability Involved In Apoptotic Process (GO:1902110),1/8,0.0393135041520565,0.2380742662536401,0,0,28.705627705627705,92.8967850071638,STPG1
GO_Biological_Process_2023,Regulation Of Attachment Of Mitotic Spindle Microtubules To Kinetochore (GO:1902423),1/7,0.0344842492004146,0.2380742662536401,0,0,33.49158249158249,112.77461836050252,CDCA8
GO_Biological_Process_2023,Glucosamine-Containing Compound Catabolic Process (GO:1901072),1/8,0.0393135041520565,0.2380742662536401,0,0,28.705627705627705,92.8967850071638,CHI3L1
GO_Biological_Process_2023,Angiotensin Maturation (GO:0002003),1/8,0.0393135041520565,0.2380742662536401,0,0,28.705627705627705,92.8967850071638,CTSG
GO_Biological_Process_2023,Intestinal Epithelial Cell Differentiation (GO:0060575),1/8,0.0393135041520565,0.2380742662536401,0,0,28.705627705627705,92.8967850071638,NPY
GO_Biological_Process_2023,Neuronal Ion Channel Clustering (GO:0045161),1/8,0.0393135041520565,0.2380742662536401,0,0,28.705627705627705,92.8967850071638,CNTN2
GO_Biological_Process_2023,Lactation (GO:0007595),1/8,0.0393135041520565,0.2380742662536401,0,0,28.705627705627705,92.8967850071638,OXTR
GO_Biological_Process_2023,Positive Regulation Of Ubiquitin Protein Ligase Activity (GO:1904668),1/8,0.0393135041520565,0.2380742662536401,0,0,28.705627705627705,92.8967850071638,UBE2C
GO_Biological_Process_2023,Regulation Of Angiotensin Levels In Blood (GO:0002002),1/8,0.0393135041520565,0.2380742662536401,0,0,28.705627705627705,92.8967850071638,CTSG
GO_Biological_Process_2023,Regulation Of Cell Killing (GO:0031341),1/8,0.0393135041520565,0.2380742662536401,0,0,28.705627705627705,92.8967850071638,IL11
GO_Biological_Process_2023,Canonical Wnt Signaling Pathway (GO:0060070),2/65,0.0419931324107679,0.2380742662536401,0,0,6.425979915775834,20.371957610722255,WNT6;WNT10A
GO_Biological_Process_2023,Epithelium Development (GO:0060429),3/154,0.0421306259009563,0.2380742662536401,0,0,4.044992148562845,12.81041063698153,KRT14;SNAI2;KRT23
GO_Biological_Process_2023,Negative Regulation Of Triglyceride Metabolic Process (GO:0090209),1/8,0.0393135041520565,0.2380742662536401,0,0,28.705627705627705,92.8967850071638,SIK1
GO_Biological_Process_2023,Positive Regulation Of Attachment Of Mitotic Spindle Microtubules To Kinetochore (GO:1902425),1/7,0.0344842492004146,0.2380742662536401,0,0,33.49158249158249,112.77461836050252,CDCA8
GO_Biological_Process_2023,"Endonucleolytic Cleavage In ITS1 To Separate SSU-rRNA From 5.8S rRNA And LSU-rRNA From Tricistronic rRNA Transcript (SSU-rRNA, 5.8S rRNA, LSU-rRNA) (GO:0000447)",1/7,0.0344842492004146,0.2380742662536401,0,0,33.49158249158249,112.77461836050252,RRS1
GO_Biological_Process_2023,Protein Localization To Nucleolus (GO:1902570),1/7,0.0344842492004146,0.2380742662536401,0,0,33.49158249158249,112.77461836050252,RRS1
GO_Biological_Process_2023,Hindlimb Morphogenesis (GO:0035137),1/6,0.0296309633944118,0.2380742662536401,0,0,40.19191919191919,141.432767389918,TFAP2B
GO_Biological_Process_2023,Adult Feeding Behavior (GO:0008343),1/6,0.0296309633944118,0.2380742662536401,0,0,40.19191919191919,141.432767389918,NPY
GO_Biological_Process_2023,Regulation Of Mitochondrial Membrane Permeability Involved In Apoptotic Process (GO:1902108),1/6,0.0296309633944118,0.2380742662536401,0,0,40.19191919191919,141.432767389918,STPG1
GO_Biological_Process_2023,Regulation Of Mitotic Cytokinesis (GO:1902412),1/6,0.0296309633944118,0.2380742662536401,0,0,40.19191919191919,141.432767389918,CDCA8
GO_Biological_Process_2023,Regulation Of Striated Muscle Cell Differentiation (GO:0051153),1/6,0.0296309633944118,0.2380742662536401,0,0,40.19191919191919,141.432767389918,SIK1
GO_Biological_Process_2023,Collecting Duct Development (GO:0072044),1/7,0.0344842492004146,0.2380742662536401,0,0,33.49158249158249,112.77461836050252,TFAP2B
GO_Biological_Process_2023,protein-DNA Covalent Cross-Linking Repair (GO:0106300),1/6,0.0296309633944118,0.2380742662536401,0,0,40.19191919191919,141.432767389918,TRAIP
GO_Biological_Process_2023,Regulation Of Vitamin D Receptor Signaling Pathway (GO:0070562),1/6,0.0296309633944118,0.2380742662536401,0,0,40.19191919191919,141.432767389918,SNAI2
GO_Biological_Process_2023,Nucleosome Assembly (GO:0006334),2/54,0.029925836282038,0.2380742662536401,0,0,7.789638932496075,27.334100710931292,CHAF1B;ASF1B
GO_Biological_Process_2023,Desmosome Organization (GO:0002934),1/6,0.0296309633944118,0.2380742662536401,0,0,40.19191919191919,141.432767389918,SNAI2
GO_Biological_Process_2023,Negative Regulation Of Cellular Biosynthetic Process (GO:0031327),3/137,0.0314194441411021,0.2380742662536401,0,0,4.562086474842284,15.786317107275496,DACH1;SNAI2;SIK1
GO_Biological_Process_2023,Myeloid Cell Differentiation (GO:0030099),2/57,0.03305692249429,0.2380742662536401,0,0,7.363636363636363,25.106496966632545,IL11;CEBPE
GO_Biological_Process_2023,Positive Regulation Of Cell Population Proliferation (GO:0008284),6/483,0.0342747630151207,0.2380742662536401,0,0,2.599090057540479,8.767629965494335,TFAP2B;IL11;PRC1;NOP2;PRTN3;ELANE
GO_Biological_Process_2023,Positive Regulation Of Isomerase Activity (GO:0010912),1/7,0.0344842492004146,0.2380742662536401,0,0,33.49158249158249,112.77461836050252,UHRF1
GO_Biological_Process_2023,Negative Regulation Of Keratinocyte Proliferation (GO:0010839),1/7,0.0344842492004146,0.2380742662536401,0,0,33.49158249158249,112.77461836050252,SNAI2
GO_Biological_Process_2023,Intermediate Filament Bundle Assembly (GO:0045110),1/7,0.0344842492004146,0.2380742662536401,0,0,33.49158249158249,112.77461836050252,KRT14
GO_Biological_Process_2023,Positive Regulation Of Tooth Mineralization (GO:0070172),1/7,0.0344842492004146,0.2380742662536401,0,0,33.49158249158249,112.77461836050252,WNT6
GO_Biological_Process_2023,Cell Migration Involved In Heart Development (GO:0060973),1/7,0.0344842492004146,0.2380742662536401,0,0,33.49158249158249,112.77461836050252,SNAI2
GO_Biological_Process_2023,Ribosomal Large Subunit Biogenesis (GO:0042273),2/54,0.029925836282038,0.2380742662536401,0,0,7.789638932496075,27.334100710931292,NOP2;RRS1
GO_Biological_Process_2023,Free Ubiquitin Chain Polymerization (GO:0010994),1/6,0.0296309633944118,0.2380742662536401,0,0,40.19191919191919,141.432767389918,UBE2C
GO_Biological_Process_2023,Aorta Morphogenesis (GO:0035909),1/17,0.0817146326715556,0.2409825046841711,0,0,12.553030303030305,31.43934295429433,TFAP2B
GO_Biological_Process_2023,Negative Regulation Of Vascular Associated Smooth Muscle Cell Proliferation (GO:1904706),1/17,0.0817146326715556,0.2409825046841711,0,0,12.553030303030305,31.43934295429433,CNN1
GO_Biological_Process_2023,Regulation Of Mitotic Cell Cycle Spindle Assembly Checkpoint (GO:0090266),1/17,0.0817146326715556,0.2409825046841711,0,0,12.553030303030305,31.43934295429433,CDCA8
GO_Biological_Process_2023,Regulation Of DNA-templated DNA Replication (GO:0090329),1/17,0.0817146326715556,0.2409825046841711,0,0,12.553030303030305,31.43934295429433,MCM2
GO_Biological_Process_2023,Regulation Of Ubiquitin Protein Ligase Activity (GO:1904666),1/17,0.0817146326715556,0.2409825046841711,0,0,12.553030303030305,31.43934295429433,UBE2C
GO_Biological_Process_2023,Central Nervous System Neuron Development (GO:0021954),1/17,0.0817146326715556,0.2409825046841711,0,0,12.553030303030305,31.43934295429433,NPY
GO_Biological_Process_2023,Negative Regulation Of Interleukin-8 Production (GO:0032717),1/17,0.0817146326715556,0.2409825046841711,0,0,12.553030303030305,31.43934295429433,ELANE
GO_Biological_Process_2023,Mesenchyme Development (GO:0060485),1/17,0.0817146326715556,0.2409825046841711,0,0,12.553030303030305,31.43934295429433,CRELD1
GO_Biological_Process_2023,DNA Biosynthetic Process (GO:0071897),1/17,0.0817146326715556,0.2409825046841711,0,0,12.553030303030305,31.43934295429433,POLE
GO_Biological_Process_2023,Megakaryocyte Differentiation (GO:0030219),1/17,0.0817146326715556,0.2409825046841711,0,0,12.553030303030305,31.43934295429433,IL11
GO_Biological_Process_2023,Regulation Of Peptidyl-Serine Phosphorylation (GO:0033135),2/93,0.0790200821692442,0.2409825046841711,0,0,4.442475891455484,11.27524039277228,NTF4;IL11
GO_Biological_Process_2023,Sensory Perception Of Sound (GO:0007605),2/92,0.0775653030615549,0.2409825046841711,0,0,4.492063492063492,11.484567093173029,SLC52A3;SNAI2
GO_Biological_Process_2023,Positive Regulation Of Cellular Process (GO:0048522),6/594,0.0773896290720062,0.2409825046841711,0,0,2.096396005210595,5.364472975960027,TGM1;TFAP2B;IL11;PRC1;NOP2;PRTN3
GO_Biological_Process_2023,Negative Regulation Of Chemokine Production (GO:0032682),1/16,0.0770964289305897,0.2409825046841711,0,0,13.390572390572393,34.31599732708391,ELANE
GO_Biological_Process_2023,Negative Regulation Of Anoikis (GO:2000811),1/16,0.0770964289305897,0.2409825046841711,0,0,13.390572390572393,34.31599732708391,SNAI2
GO_Biological_Process_2023,Regulation Of Triglyceride Biosynthetic Process (GO:0010866),1/16,0.0770964289305897,0.2409825046841711,0,0,13.390572390572393,34.31599732708391,SIK1
GO_Biological_Process_2023,Cell Surface Receptor Signaling Pathway Involved In Heart Development (GO:0061311),1/16,0.0770964289305897,0.2409825046841711,0,0,13.390572390572393,34.31599732708391,SNAI2
GO_Biological_Process_2023,Autonomic Nervous System Development (GO:0048483),1/16,0.0770964289305897,0.2409825046841711,0,0,13.390572390572393,34.31599732708391,TFAP2B
GO_Biological_Process_2023,Positive Regulation Of Homotypic Cell-Cell Adhesion (GO:0034112),1/16,0.0770964289305897,0.2409825046841711,0,0,13.390572390572393,34.31599732708391,CTSG
GO_Biological_Process_2023,Muscle Contraction (GO:0006936),2/94,0.0804834345723507,0.2409825046841711,0,0,4.39396628216504,11.071493966406615,OXTR;SMTN
GO_Biological_Process_2023,Regulation Of MAPK Cascade (GO:0043408),3/204,0.0826055607007255,0.2413749640658814,0,0,3.0310817048776735,7.558542612022745,IL11;DUSP9;DUSP7
GO_Biological_Process_2023,Defense Response To Bacterium (GO:0042742),3/204,0.0826055607007255,0.2413749640658814,0,0,3.0310817048776735,7.558542612022745,CTSG;MPO;ELANE
GO_Biological_Process_2023,Positive Regulation Of Cold-Induced Thermogenesis (GO:0120162),2/98,0.0864201908419545,0.2425095223186125,0,0,4.210034013605442,10.308411171595903,OXTR;GPR3
GO_Biological_Process_2023,MAPK Cascade (GO:0000165),2/98,0.0864201908419545,0.2425095223186125,0,0,4.210034013605442,10.308411171595903,DUSP9;DUSP7
GO_Biological_Process_2023,Positive Regulation Of Focal Adhesion Assembly (GO:0051894),1/18,0.0863099571505927,0.2425095223186125,0,0,11.81402257872846,28.942114306609312,COL16A1
GO_Biological_Process_2023,Mitotic Cytokinetic Process (GO:1902410),1/18,0.0863099571505927,0.2425095223186125,0,0,11.81402257872846,28.942114306609312,KIF20A
GO_Biological_Process_2023,fatty-acyl-CoA Metabolic Process (GO:0035337),1/18,0.0863099571505927,0.2425095223186125,0,0,11.81402257872846,28.942114306609312,THEM5
GO_Biological_Process_2023,Neutrophil Activation (GO:0042119),1/18,0.0863099571505927,0.2425095223186125,0,0,11.81402257872846,28.942114306609312,CTSG
GO_Biological_Process_2023,Neural Crest Cell Differentiation (GO:0014033),1/18,0.0863099571505927,0.2425095223186125,0,0,11.81402257872846,28.942114306609312,SNAI2
GO_Biological_Process_2023,Negative Regulation Of Signal Transduction By P53 Class Mediator (GO:1901797),1/18,0.0863099571505927,0.2425095223186125,0,0,11.81402257872846,28.942114306609312,SNAI2
GO_Biological_Process_2023,Cell Junction Maintenance (GO:0034331),1/18,0.0863099571505927,0.2425095223186125,0,0,11.81402257872846,28.942114306609312,PRTN3
GO_Biological_Process_2023,Cardiac Epithelial To Mesenchymal Transition (GO:0060317),1/19,0.0908825145361798,0.2453057701675701,0,0,11.15712682379349,26.75688382123247,SNAI2
GO_Biological_Process_2023,Negative Regulation Of RNA Splicing (GO:0033119),1/19,0.0908825145361798,0.2453057701675701,0,0,11.15712682379349,26.75688382123247,PCBP4
GO_Biological_Process_2023,Mitotic Sister Chromatid Cohesion (GO:0007064),1/19,0.0908825145361798,0.2453057701675701,0,0,11.15712682379349,26.75688382123247,DSCC1
GO_Biological_Process_2023,Bicarbonate Transport (GO:0015701),1/19,0.0908825145361798,0.2453057701675701,0,0,11.15712682379349,26.75688382123247,RHAG
GO_Biological_Process_2023,Skeletal Muscle Contraction (GO:0003009),1/19,0.0908825145361798,0.2453057701675701,0,0,11.15712682379349,26.75688382123247,STAC2
GO_Biological_Process_2023,Regulation Of Cellular Response To Growth Factor Stimulus (GO:0090287),1/19,0.0908825145361798,0.2453057701675701,0,0,11.15712682379349,26.75688382123247,TFAP2B
GO_Biological_Process_2023,Antimicrobial Humoral Response (GO:0019730),2/100,0.0894369333512961,0.2453057701675701,0,0,4.123698458975427,9.95552171579456,PRTN3;CTSG
GO_Biological_Process_2023,Regulation Of Cell Population Proliferation (GO:0042127),7/766,0.0891552955375438,0.2453057701675701,0,0,1.8981823848584016,4.588619660266099,TFAP2B;IL11;TFAP2C;UHRF1;PRC1;NOP2;PRTN3
GO_Biological_Process_2023,Negative Regulation Of Leukocyte Cell-Cell Adhesion (GO:1903038),1/19,0.0908825145361798,0.2453057701675701,0,0,11.15712682379349,26.75688382123247,CTSG
GO_Biological_Process_2023,Striated Muscle Cell Differentiation (GO:0051146),1/20,0.0954324164624814,0.2491411856008225,0,0,10.569377990430622,24.83103038927071,SIK1
GO_Biological_Process_2023,DNA Unwinding Involved In DNA Replication (GO:0006268),1/20,0.0954324164624814,0.2491411856008225,0,0,10.569377990430622,24.83103038927071,MCM2
GO_Biological_Process_2023,Hydrogen Peroxide Catabolic Process (GO:0042744),1/20,0.0954324164624814,0.2491411856008225,0,0,10.569377990430622,24.83103038927071,MPO
GO_Biological_Process_2023,Intracellular Monoatomic Ion Homeostasis (GO:0006873),1/20,0.0954324164624814,0.2491411856008225,0,0,10.569377990430622,24.83103038927071,RHAG
GO_Biological_Process_2023,Limb Morphogenesis (GO:0035108),1/20,0.0954324164624814,0.2491411856008225,0,0,10.569377990430622,24.83103038927071,TFAP2B
GO_Biological_Process_2023,Long-Term Memory (GO:0007616),1/20,0.0954324164624814,0.2491411856008225,0,0,10.569377990430622,24.83103038927071,NTF4
GO_Biological_Process_2023,Maturation Of LSU-rRNA (GO:0000470),1/20,0.0954324164624814,0.2491411856008225,0,0,10.569377990430622,24.83103038927071,NOP2
GO_Biological_Process_2023,Regulation Of Smooth Muscle Contraction (GO:0006940),1/20,0.0954324164624814,0.2491411856008225,0,0,10.569377990430622,24.83103038927071,CNN1
GO_Biological_Process_2023,Regulation Of Neuron Apoptotic Process (GO:0043523),2/105,0.0971124998083676,0.2514661072273585,0,0,3.9225282345948087,9.146885461046203,NTF4;TFAP2B
GO_Biological_Process_2023,Negative Regulation Of MAPK Cascade (GO:0043409),2/105,0.0971124998083676,0.2514661072273585,0,0,3.9225282345948087,9.146885461046203,DUSP9;DUSP7
GO_Biological_Process_2023,Cellular Response To Nerve Growth Factor Stimulus (GO:1990090),1/21,0.0999597740324998,0.2536827731422405,0,0,10.04040404040404,23.122924333288797,NTF4
GO_Biological_Process_2023,"Maturation Of 5.8S rRNA From Tricistronic rRNA Transcript (SSU-rRNA, 5.8S rRNA, LSU-rRNA) (GO:0000466)",1/21,0.0999597740324998,0.2536827731422405,0,0,10.04040404040404,23.122924333288797,RRS1
GO_Biological_Process_2023,Negative Regulation Of Tumor Necrosis Factor-Mediated Signaling Pathway (GO:0010804),1/21,0.0999597740324998,0.2536827731422405,0,0,10.04040404040404,23.122924333288797,TRAIP
GO_Biological_Process_2023,DNA Replication Initiation (GO:0006270),1/21,0.0999597740324998,0.2536827731422405,0,0,10.04040404040404,23.122924333288797,MCM2
GO_Biological_Process_2023,Anaphase-Promoting Complex-Dependent Catabolic Process (GO:0031145),1/21,0.0999597740324998,0.2536827731422405,0,0,10.04040404040404,23.122924333288797,UBE2C
GO_Biological_Process_2023,Positive Regulation Of Metabolic Process (GO:0009893),2/108,0.1018050719773058,0.2559385096568075,0,0,3.81093569503273,8.70682707358352,OXTR;GPR3
GO_Biological_Process_2023,Positive Regulation Of Wnt Signaling Pathway (GO:0030177),2/109,0.1033831480896997,0.2559385096568075,0,0,3.775128743086019,8.566949896272241,LGR6;LGR5
GO_Biological_Process_2023,Negative Regulation Of Extrinsic Apoptotic Signaling Pathway In Absence Of Ligand (GO:2001240),1/22,0.104464697819105,0.2559385096568075,0,0,9.561808561808562,21.59922753970687,SNAI2
GO_Biological_Process_2023,Negative Regulation Of Signal Transduction In Absence Of Ligand (GO:1901099),1/22,0.104464697819105,0.2559385096568075,0,0,9.561808561808562,21.59922753970687,SNAI2
GO_Biological_Process_2023,Mammary Gland Development (GO:0030879),1/22,0.104464697819105,0.2559385096568075,0,0,9.561808561808562,21.59922753970687,OXTR
GO_Biological_Process_2023,Membrane Protein Ectodomain Proteolysis (GO:0006509),1/22,0.104464697819105,0.2559385096568075,0,0,9.561808561808562,21.59922753970687,PRTN3
GO_Biological_Process_2023,rRNA Methylation (GO:0031167),1/22,0.104464697819105,0.2559385096568075,0,0,9.561808561808562,21.59922753970687,NOP2
GO_Biological_Process_2023,Dendritic Cell Differentiation (GO:0097028),1/22,0.104464697819105,0.2559385096568075,0,0,9.561808561808562,21.59922753970687,PRTN3
GO_Biological_Process_2023,Negative Regulation Of Cell Communication (GO:0010648),1/22,0.104464697819105,0.2559385096568075,0,0,9.561808561808562,21.59922753970687,IL11
GO_Biological_Process_2023,Positive Regulation Of Cell-Substrate Junction Organization (GO:0150117),1/23,0.1089472978360328,0.2560864528470588,0,0,9.1267217630854,20.232947516534363,COL16A1
GO_Biological_Process_2023,Regulation Of Cell Junction Assembly (GO:1901888),1/23,0.1089472978360328,0.2560864528470588,0,0,9.1267217630854,20.232947516534363,SNAI2
GO_Biological_Process_2023,Endocardial Cushion Development (GO:0003197),1/23,0.1089472978360328,0.2560864528470588,0,0,9.1267217630854,20.232947516534363,CRELD1
GO_Biological_Process_2023,Entrainment Of Circadian Clock By Photoperiod (GO:0043153),1/23,0.1089472978360328,0.2560864528470588,0,0,9.1267217630854,20.232947516534363,SIK1
GO_Biological_Process_2023,Long-Chain fatty-acyl-CoA Metabolic Process (GO:0035336),1/23,0.1089472978360328,0.2560864528470588,0,0,9.1267217630854,20.232947516534363,THEM5
GO_Biological_Process_2023,Negative Regulation Of Lymphocyte Activation (GO:0051250),1/23,0.1089472978360328,0.2560864528470588,0,0,9.1267217630854,20.232947516534363,CTSG
GO_Biological_Process_2023,Regulation Of Myotube Differentiation (GO:0010830),1/23,0.1089472978360328,0.2560864528470588,0,0,9.1267217630854,20.232947516534363,SIK1
GO_Biological_Process_2023,Positive Regulation Of Neuron Apoptotic Process (GO:0043525),1/23,0.1089472978360328,0.2560864528470588,0,0,9.1267217630854,20.232947516534363,TFAP2B
GO_Biological_Process_2023,Regulation Of Centrosome Cycle (GO:0046605),1/23,0.1089472978360328,0.2560864528470588,0,0,9.1267217630854,20.232947516534363,MCM2
GO_Biological_Process_2023,Double-Strand Break Repair Via Homologous Recombination (GO:0000724),2/111,0.1065594896807097,0.2560864528470588,0,0,3.7054858640703983,8.296775020722748,MCM8;MCM2
GO_Biological_Process_2023,Long-Chain Fatty Acid Transport (GO:0015909),1/23,0.1089472978360328,0.2560864528470588,0,0,9.1267217630854,20.232947516534363,SLC27A6
GO_Biological_Process_2023,Regulation Of MAP Kinase Activity (GO:0043405),2/114,0.1113729080000625,0.2598701186668127,0,0,3.6056851311953353,7.914014366919983,ELANE;DUSP7
GO_Biological_Process_2023,Negative Regulation Of Canonical Wnt Signaling Pathway (GO:0090090),2/114,0.1113729080000625,0.2598701186668127,0,0,3.6056851311953353,7.914014366919983,TMEM88B;SNAI2
GO_Biological_Process_2023,Positive Regulation Of Peptidyl-Threonine Phosphorylation (GO:0010800),1/24,0.113407683581024,0.2617416465257692,0,0,8.729468599033817,19.002011610155247,CHI3L1
GO_Biological_Process_2023,Photoperiodism (GO:0009648),1/24,0.113407683581024,0.2617416465257692,0,0,8.729468599033817,19.002011610155247,SIK1
GO_Biological_Process_2023,Positive Regulation Of BMP Signaling Pathway (GO:0030513),1/24,0.113407683581024,0.2617416465257692,0,0,8.729468599033817,19.002011610155247,SCUBE3
GO_Biological_Process_2023,Positive Regulation Of Cell Cycle Process (GO:0090068),2/118,0.1178777907834289,0.2662700451384547,0,0,3.480647431386348,7.441996159064892,NUSAP1;CDCA8
GO_Biological_Process_2023,Mismatch Repair (GO:0006298),1/25,0.1178459640404217,0.2662700451384547,0,0,8.365319865319865,17.88820673407011,MCM8
GO_Biological_Process_2023,Regulation Of Platelet Aggregation (GO:0090330),1/25,0.1178459640404217,0.2662700451384547,0,0,8.365319865319865,17.88820673407011,CTSG
GO_Biological_Process_2023,Negative Regulation Of Intrinsic Apoptotic Signaling Pathway In Response To DNA Damage (GO:1902230),1/25,0.1178459640404217,0.2662700451384547,0,0,8.365319865319865,17.88820673407011,SNAI2
GO_Biological_Process_2023,Protein Processing (GO:0016485),2/117,0.11624255158408,0.2662700451384547,0,0,3.5110913930789707,7.55613660564706,ATP23;CTSG
GO_Biological_Process_2023,Negative Regulation Of Lipid Biosynthetic Process (GO:0051055),1/25,0.1178459640404217,0.2662700451384547,0,0,8.365319865319865,17.88820673407011,SIK1
GO_Biological_Process_2023,Regulation Of Extrinsic Apoptotic Signaling Pathway In Absence Of Ligand (GO:2001239),1/27,0.1266566423028266,0.2707391984795321,0,0,7.721056721056721,15.953830010816358,SNAI2
GO_Biological_Process_2023,Respiratory Tube Development (GO:0030323),1/27,0.1266566423028266,0.2707391984795321,0,0,7.721056721056721,15.953830010816358,CHI3L1
GO_Biological_Process_2023,Cellular Response To Epidermal Growth Factor Stimulus (GO:0071364),1/27,0.1266566423028266,0.2707391984795321,0,0,7.721056721056721,15.953830010816358,SNAI2
GO_Biological_Process_2023,Peptide Cross-Linking (GO:0018149),1/27,0.1266566423028266,0.2707391984795321,0,0,7.721056721056721,15.953830010816358,TGM1
GO_Biological_Process_2023,Cardiac Muscle Cell Differentiation (GO:0055007),1/27,0.1266566423028266,0.2707391984795321,0,0,7.721056721056721,15.953830010816358,SIK1
GO_Biological_Process_2023,Positive Regulation Of Calcium Ion Transmembrane Transporter Activity (GO:1901021),1/27,0.1266566423028266,0.2707391984795321,0,0,7.721056721056721,15.953830010816358,STAC2
GO_Biological_Process_2023,"Synaptic Transmission, Glutamatergic (GO:0035249)",1/27,0.1266566423028266,0.2707391984795321,0,0,7.721056721056721,15.953830010816358,GRIK3
GO_Biological_Process_2023,Positive Regulation Of Ubiquitin-Protein Transferase Activity (GO:0051443),1/27,0.1266566423028266,0.2707391984795321,0,0,7.721056721056721,15.953830010816358,UBE2C
GO_Biological_Process_2023,Protein Localization To Nucleus (GO:0034504),2/122,0.1244762469056777,0.2707391984795321,0,0,3.3639455782312924,7.0092528065471456,RRS1;FAM53A
GO_Biological_Process_2023,Fatty Acid Metabolic Process (GO:0006631),2/122,0.1244762469056777,0.2707391984795321,0,0,3.3639455782312924,7.0092528065471456,ELOVL4;SLC27A6
GO_Biological_Process_2023,Regulation Of Vasoconstriction (GO:0019229),1/26,0.1222622476286691,0.2707391984795321,0,0,8.030303030303031,16.876380218002918,OXTR
GO_Biological_Process_2023,Acute Inflammatory Response (GO:0002526),1/26,0.1222622476286691,0.2707391984795321,0,0,8.030303030303031,16.876380218002918,ELANE
GO_Biological_Process_2023,Positive Regulation Of Nuclear Division (GO:0051785),1/26,0.1222622476286691,0.2707391984795321,0,0,8.030303030303031,16.876380218002918,NUSAP1
GO_Biological_Process_2023,Negative Regulation Of Endothelial Cell Apoptotic Process (GO:2000352),1/26,0.1222622476286691,0.2707391984795321,0,0,8.030303030303031,16.876380218002918,IL11
GO_Biological_Process_2023,Positive Regulation Of Protein Phosphorylation (GO:0001934),4/377,0.1204515983876109,0.2707391984795321,0,0,2.1813002680965146,4.616737897020758,NTF4;IL11;CDCA8;CHI3L1
GO_Biological_Process_2023,DNA Synthesis Involved In DNA Repair (GO:0000731),1/27,0.1266566423028266,0.2707391984795321,0,0,7.721056721056721,15.953830010816358,POLE
GO_Biological_Process_2023,Regulation Of Chemotaxis (GO:0050920),1/28,0.1310292553948657,0.2763762771077134,0,0,7.434717545828657,15.109834134055738,ELANE
GO_Biological_Process_2023,Negative Regulation Of Signaling (GO:0023057),1/28,0.1310292553948657,0.2763762771077134,0,0,7.434717545828657,15.109834134055738,IL11
GO_Biological_Process_2023,Pyroptosis (GO:0070269),1/28,0.1310292553948657,0.2763762771077134,0,0,7.434717545828657,15.109834134055738,ELANE
GO_Biological_Process_2023,"Regulation Of DNA Damage Response, Signal Transduction By P53 Class Mediator (GO:0043516)",1/28,0.1310292553948657,0.2763762771077134,0,0,7.434717545828657,15.109834134055738,SNAI2
GO_Biological_Process_2023,Sarcomere Organization (GO:0045214),1/29,0.13538019382269,0.2772899789873105,0,0,7.1688311688311686,14.335283778329618,FLNC
GO_Biological_Process_2023,Morphogenesis Of An Epithelium (GO:0002009),1/29,0.13538019382269,0.2772899789873105,0,0,7.1688311688311686,14.335283778329618,WNT10A
GO_Biological_Process_2023,Regulation Of Voltage-Gated Calcium Channel Activity (GO:1901385),1/29,0.13538019382269,0.2772899789873105,0,0,7.1688311688311686,14.335283778329618,STAC2
GO_Biological_Process_2023,Peptidyl-Tyrosine Dephosphorylation (GO:0035335),1/29,0.13538019382269,0.2772899789873105,0,0,7.1688311688311686,14.335283778329618,DUSP7
GO_Biological_Process_2023,Regulation Of Muscle Contraction (GO:0006937),1/29,0.13538019382269,0.2772899789873105,0,0,7.1688311688311686,14.335283778329618,CNN1
GO_Biological_Process_2023,Protein K11-linked Ubiquitination (GO:0070979),1/29,0.13538019382269,0.2772899789873105,0,0,7.1688311688311686,14.335283778329618,UBE2C
GO_Biological_Process_2023,Integrated Stress Response Signaling (GO:0140467),1/29,0.13538019382269,0.2772899789873105,0,0,7.1688311688311686,14.335283778329618,CEBPE
GO_Biological_Process_2023,JNK Cascade (GO:0007254),1/29,0.13538019382269,0.2772899789873105,0,0,7.1688311688311686,14.335283778329618,DUSP9
GO_Biological_Process_2023,Protein Acetylation (GO:0006473),1/29,0.13538019382269,0.2772899789873105,0,0,7.1688311688311686,14.335283778329618,DSCC1
GO_Biological_Process_2023,DNA Geometric Change (GO:0032392),1/30,0.1397095639188418,0.2816297222034881,0,0,6.921281783350749,13.622394510819325,MCM8
GO_Biological_Process_2023,Artery Morphogenesis (GO:0048844),1/30,0.1397095639188418,0.2816297222034881,0,0,6.921281783350749,13.622394510819325,TFAP2B
GO_Biological_Process_2023,"Maturation Of SSU-rRNA From Tricistronic rRNA Transcript (SSU-rRNA, 5.8S rRNA, LSU-rRNA) (GO:0000462)",1/30,0.1397095639188418,0.2816297222034881,0,0,6.921281783350749,13.622394510819325,RRS1
GO_Biological_Process_2023,Response To Epidermal Growth Factor (GO:0070849),1/30,0.1397095639188418,0.2816297222034881,0,0,6.921281783350749,13.622394510819325,SNAI2
GO_Biological_Process_2023,Negative Regulation Of Carbohydrate Metabolic Process (GO:0045912),1/30,0.1397095639188418,0.2816297222034881,0,0,6.921281783350749,13.622394510819325,SIK1
GO_Biological_Process_2023,Negative Chemotaxis (GO:0050919),1/31,0.1440174715013112,0.28227424414257,0,0,6.69023569023569,12.964476920040203,LGR6
GO_Biological_Process_2023,Negative Regulation Of Chemotaxis (GO:0050922),1/31,0.1440174715013112,0.28227424414257,0,0,6.69023569023569,12.964476920040203,ELANE
GO_Biological_Process_2023,Negative Regulation Of DNA Biosynthetic Process (GO:2000279),1/31,0.1440174715013112,0.28227424414257,0,0,6.69023569023569,12.964476920040203,DACH1
GO_Biological_Process_2023,Central Nervous System Neuron Differentiation (GO:0021953),1/31,0.1440174715013112,0.28227424414257,0,0,6.69023569023569,12.964476920040203,NPY
GO_Biological_Process_2023,Regulation Of Gluconeogenesis (GO:0006111),1/31,0.1440174715013112,0.28227424414257,0,0,6.69023569023569,12.964476920040203,SIK1
GO_Biological_Process_2023,Protein Localization To Chromatin (GO:0071168),1/31,0.1440174715013112,0.28227424414257,0,0,6.69023569023569,12.964476920040203,MCM8
GO_Biological_Process_2023,Regulation Of Transmembrane Receptor Protein Serine/Threonine Kinase Signaling Pathway (GO:0090092),1/31,0.1440174715013112,0.28227424414257,0,0,6.69023569023569,12.964476920040203,TFAP2B
GO_Biological_Process_2023,Plasma Membrane Bounded Cell Projection Organization (GO:0120036),2/132,0.1413417095746185,0.28227424414257,0,0,3.1036106750392465,6.072446585747735,SAMD14;NPY
GO_Biological_Process_2023,Epithelial Cell Differentiation (GO:0030855),2/132,0.1413417095746185,0.28227424414257,0,0,3.1036106750392465,6.072446585747735,KRT14;KRT23
GO_Biological_Process_2023,Chromosome Condensation (GO:0030261),1/32,0.1483040219339779,0.2854068337520965,0,0,6.474095796676441,12.355752978101908,NUSAP1
GO_Biological_Process_2023,Regulation Of Metaphase/Anaphase Transition Of Cell Cycle (GO:1902099),1/32,0.1483040219339779,0.2854068337520965,0,0,6.474095796676441,12.355752978101908,UBE2C
GO_Biological_Process_2023,Respiratory System Development (GO:0060541),1/32,0.1483040219339779,0.2854068337520965,0,0,6.474095796676441,12.355752978101908,CHI3L1
GO_Biological_Process_2023,NIK/NF-kappaB Signaling (GO:0038061),1/32,0.1483040219339779,0.2854068337520965,0,0,6.474095796676441,12.355752978101908,CHI3L1
GO_Biological_Process_2023,Female Gamete Generation (GO:0007292),1/32,0.1483040219339779,0.2854068337520965,0,0,6.474095796676441,12.355752978101908,MCM8
GO_Biological_Process_2023,Heterochromatin Formation (GO:0031507),1/32,0.1483040219339779,0.2854068337520965,0,0,6.474095796676441,12.355752978101908,UHRF1
GO_Biological_Process_2023,Negative Regulation Of Endocytosis (GO:0045806),1/33,0.152569319997184,0.2892460024946614,0,0,6.271464646464646,11.79120788980768,PRTN3
GO_Biological_Process_2023,Positive Regulation Of Nitrogen Compound Metabolic Process (GO:0051173),1/33,0.152569319997184,0.2892460024946614,0,0,6.271464646464646,11.79120788980768,UHRF1
GO_Biological_Process_2023,Negative Regulation Of Small Molecule Metabolic Process (GO:0062014),1/33,0.152569319997184,0.2892460024946614,0,0,6.271464646464646,11.79120788980768,SIK1
GO_Biological_Process_2023,Lung Development (GO:0030324),1/33,0.152569319997184,0.2892460024946614,0,0,6.271464646464646,11.79120788980768,CHI3L1
GO_Biological_Process_2023,Regulation Of Cell Adhesion Mediated By Integrin (GO:0033628),1/33,0.152569319997184,0.2892460024946614,0,0,6.271464646464646,11.79120788980768,SNAI2
GO_Biological_Process_2023,Positive Regulation Of Apoptotic Process (GO:0043065),3/270,0.153105703772365,0.2894015825014734,0,0,2.274180470288428,4.26778784074879,STPG1;TFAP2B;SIK1
GO_Biological_Process_2023,Regulation Of DNA Biosynthetic Process (GO:2000278),1/34,0.1568134700259566,0.290378431414344,0,0,6.081114172023263,11.266469699963473,DACH1
GO_Biological_Process_2023,Sister Chromatid Segregation (GO:0000819),1/34,0.1568134700259566,0.290378431414344,0,0,6.081114172023263,11.266469699963473,NUSAP1
GO_Biological_Process_2023,Membrane Protein Proteolysis (GO:0033619),1/34,0.1568134700259566,0.290378431414344,0,0,6.081114172023263,11.266469699963473,PRTN3
GO_Biological_Process_2023,Regulation Of Metal Ion Transport (GO:0010959),1/34,0.1568134700259566,0.290378431414344,0,0,6.081114172023263,11.266469699963473,SIK1
GO_Biological_Process_2023,Positive Regulation Of Neuron Death (GO:1901216),1/34,0.1568134700259566,0.290378431414344,0,0,6.081114172023263,11.266469699963473,TFAP2B
GO_Biological_Process_2023,Establishment Of Mitotic Spindle Localization (GO:0040001),1/34,0.1568134700259566,0.290378431414344,0,0,6.081114172023263,11.266469699963473,NUSAP1
GO_Biological_Process_2023,Negative Regulation Of Wnt Signaling Pathway (GO:0030178),2/140,0.1551662685109655,0.290378431414344,0,0,2.922508133688258,5.445386768069675,TMEM88B;SNAI2
GO_Biological_Process_2023,Glutamate Receptor Signaling Pathway (GO:0007215),1/35,0.1610365757741949,0.2956204575451359,0,0,5.901960784313726,10.777710825180796,GRIK3
GO_Biological_Process_2023,One-Carbon Compound Transport (GO:0019755),1/35,0.1610365757741949,0.2956204575451359,0,0,5.901960784313726,10.777710825180796,RHAG
GO_Biological_Process_2023,Regulation Of Sodium Ion Transport (GO:0002028),1/35,0.1610365757741949,0.2956204575451359,0,0,5.901960784313726,10.777710825180796,SIK1
GO_Biological_Process_2023,Actin Filament Organization (GO:0007015),2/144,0.1621742385415762,0.2968534193993796,0,0,2.8396090830698477,5.165487378795345,CNN1;SAMD14
GO_Biological_Process_2023,Regulation Of Cold-Induced Thermogenesis (GO:0120161),2/146,0.1656998745819369,0.2990108218376596,0,0,2.799886621315193,5.033012105126492,OXTR;GPR3
GO_Biological_Process_2023,Regulation Of Trans-Synaptic Signaling (GO:0099177),1/36,0.165238740567014,0.2990108218376596,0,0,5.733044733044733,10.321566994169176,GRIK3
GO_Biological_Process_2023,Regulation Of Peptidyl-Threonine Phosphorylation (GO:0010799),1/36,0.165238740567014,0.2990108218376596,0,0,5.733044733044733,10.321566994169176,CHI3L1
GO_Biological_Process_2023,Base-Excision Repair (GO:0006284),1/36,0.165238740567014,0.2990108218376596,0,0,5.733044733044733,10.321566994169176,POLE
GO_Biological_Process_2023,Interstrand Cross-Link Repair (GO:0036297),1/36,0.165238740567014,0.2990108218376596,0,0,5.733044733044733,10.321566994169176,MCM8
GO_Biological_Process_2023,Negative Regulation Of Smooth Muscle Cell Proliferation (GO:0048662),1/37,0.1694200671801256,0.3031477044767978,0,0,5.57351290684624,9.895070145641316,CNN1
GO_Biological_Process_2023,Aortic Valve Morphogenesis (GO:0003180),1/37,0.1694200671801256,0.3031477044767978,0,0,5.57351290684624,9.895070145641316,SNAI2
GO_Biological_Process_2023,Regulation Of Vascular Associated Smooth Muscle Cell Proliferation (GO:1904705),1/37,0.1694200671801256,0.3031477044767978,0,0,5.57351290684624,9.895070145641316,CNN1
GO_Biological_Process_2023,Response To Transforming Growth Factor Beta (GO:0071559),1/38,0.1735806579316256,0.3037661513803448,0,0,5.422604422604422,9.495592558231127,WNT10A
GO_Biological_Process_2023,Positive Regulation Of Cation Channel Activity (GO:2001259),1/38,0.1735806579316256,0.3037661513803448,0,0,5.422604422604422,9.495592558231127,STAC2
GO_Biological_Process_2023,Connective Tissue Development (GO:0061448),1/38,0.1735806579316256,0.3037661513803448,0,0,5.422604422604422,9.495592558231127,CHI3L1
GO_Biological_Process_2023,Fatty Acid Transport (GO:0015908),1/38,0.1735806579316256,0.3037661513803448,0,0,5.422604422604422,9.495592558231127,SLC27A6
GO_Biological_Process_2023,protein-RNA Complex Assembly (GO:0022618),2/150,0.1727913280938574,0.3037661513803448,0,0,2.7236624379481524,4.7818540898178,NOP2;RRS1
GO_Biological_Process_2023,Negative Regulation Of Epithelial Cell Apoptotic Process (GO:1904036),1/38,0.1735806579316256,0.3037661513803448,0,0,5.422604422604422,9.495592558231127,IL11
GO_Biological_Process_2023,Neuron Development (GO:0048666),2/150,0.1727913280938574,0.3037661513803448,0,0,2.7236624379481524,4.7818540898178,SAMD14;NPY
GO_Biological_Process_2023,Skeletal System Development (GO:0001501),2/149,0.1710136332671059,0.3037661513803448,0,0,2.7423295848951827,4.842986951998436,CHI3L1;COL9A2
GO_Biological_Process_2023,DNA Metabolic Process (GO:0006259),3/288,0.1748862836139185,0.3052125004440167,0,0,2.1285946825827455,3.711458821931616,MCM8;POLE;MCM2
GO_Biological_Process_2023,Digestive Tract Development (GO:0048565),1/39,0.1777206145684703,0.3059676526489611,0,0,5.279638490164806,9.12080010262218,NPY
GO_Biological_Process_2023,Positive Regulation Of ATP-dependent Activity (GO:0032781),1/39,0.1777206145684703,0.3059676526489611,0,0,5.279638490164806,9.12080010262218,UHRF1
GO_Biological_Process_2023,Positive Regulation Of Cytokinesis (GO:0032467),1/39,0.1777206145684703,0.3059676526489611,0,0,5.279638490164806,9.12080010262218,CDCA8
GO_Biological_Process_2023,Heterochromatin Organization (GO:0070828),1/39,0.1777206145684703,0.3059676526489611,0,0,5.279638490164806,9.12080010262218,UHRF1
GO_Biological_Process_2023,Vitamin Transport (GO:0051180),1/39,0.1777206145684703,0.3059676526489611,0,0,5.279638490164806,9.12080010262218,SLC52A3
GO_Biological_Process_2023,DNA Repair (GO:0006281),3/291,0.178599493658398,0.3066519608097023,0,0,2.1060996563573884,3.6279871614227193,EME1;POLE;TRAIP
GO_Biological_Process_2023,Cellular Response To Growth Factor Stimulus (GO:0071363),2/155,0.1817247564919734,0.3072469615115997,0,0,2.633986928104575,4.49163798449718,WNT10A;SNAI2
GO_Biological_Process_2023,Notch Signaling Pathway (GO:0007219),1/40,0.1818400384456406,0.3072469615115997,0,0,5.144004144004144,8.768612919919887,SNAI2
GO_Biological_Process_2023,Water-Soluble Vitamin Metabolic Process (GO:0006767),1/40,0.1818400384456406,0.3072469615115997,0,0,5.144004144004144,8.768612919919887,SLC52A3
GO_Biological_Process_2023,Negative Regulation Of Secretion By Cell (GO:1903531),1/40,0.1818400384456406,0.3072469615115997,0,0,5.144004144004144,8.768612919919887,IL11
GO_Biological_Process_2023,Aortic Valve Development (GO:0003176),1/40,0.1818400384456406,0.3072469615115997,0,0,5.144004144004144,8.768612919919887,SNAI2
GO_Biological_Process_2023,Protein Localization To Chromosome (GO:0034502),1/40,0.1818400384456406,0.3072469615115997,0,0,5.144004144004144,8.768612919919887,MCM8
GO_Biological_Process_2023,Double-Strand Break Repair Via Nonhomologous End Joining (GO:0006303),1/41,0.1859390303366049,0.3116925324326771,0,0,5.015151515151516,8.43717221072756,ATP23
GO_Biological_Process_2023,Cellular Response To Retinoic Acid (GO:0071300),1/41,0.1859390303366049,0.3116925324326771,0,0,5.015151515151516,8.43717221072756,WNT6
GO_Biological_Process_2023,Regulation Of Microtubule-Based Process (GO:0032886),1/41,0.1859390303366049,0.3116925324326771,0,0,5.015151515151516,8.43717221072756,MCM2
GO_Biological_Process_2023,Regulation Of Cell Cycle (GO:0051726),3/298,0.187347769872187,0.3132297359805332,0,0,2.0553905294426,3.4423447451373814,TGM1;SIK1;MCM2
GO_Biological_Process_2023,Stress-Activated MAPK Cascade (GO:0051403),1/42,0.1900176905858975,0.3143929062421213,0,0,4.892584380389258,8.124812043283224,DUSP9
GO_Biological_Process_2023,Positive Regulation Of Neuron Differentiation (GO:0045666),1/42,0.1900176905858975,0.3143929062421213,0,0,4.892584380389258,8.124812043283224,KCTD11
GO_Biological_Process_2023,Keratinocyte Differentiation (GO:0030216),1/42,0.1900176905858975,0.3143929062421213,0,0,4.892584380389258,8.124812043283224,TGM1
GO_Biological_Process_2023,Monocyte Chemotaxis (GO:0002548),1/42,0.1900176905858975,0.3143929062421213,0,0,4.892584380389258,8.124812043283224,CTSG
GO_Biological_Process_2023,Regulation Of Endothelial Cell Apoptotic Process (GO:2000351),1/43,0.1940761190078197,0.3186249685772711,0,0,4.775853775853776,7.830035336967146,IL11
GO_Biological_Process_2023,Positive Regulation Of Biomineral Tissue Development (GO:0070169),1/43,0.1940761190078197,0.3186249685772711,0,0,4.775853775853776,7.830035336967146,WNT6
GO_Biological_Process_2023,Positive Regulation Of Cell-Matrix Adhesion (GO:0001954),1/43,0.1940761190078197,0.3186249685772711,0,0,4.775853775853776,7.830035336967146,COL16A1
GO_Biological_Process_2023,Nitrogen Compound Transport (GO:0071705),2/163,0.1961566278092089,0.321212781271121,0,0,2.502091519837749,4.0755112984827235,SLC52A3;RHAG
GO_Biological_Process_2023,Positive Regulation Of Osteoblast Differentiation (GO:0045669),1/44,0.1981144149654997,0.3227592898542797,0,0,4.664552501761804,7.551493311263548,SCUBE3
GO_Biological_Process_2023,Neural Crest Cell Development (GO:0014032),1/44,0.1981144149654997,0.3227592898542797,0,0,4.664552501761804,7.551493311263548,SNAI2
GO_Biological_Process_2023,Hexose Metabolic Process (GO:0019318),1/45,0.2021326772791743,0.3275506676425282,0,0,4.558310376492194,7.287967841732019,TFAP2B
GO_Biological_Process_2023,Chromosome Organization (GO:0051276),1/45,0.2021326772791743,0.3275506676425282,0,0,4.558310376492194,7.287967841732019,CDCA8
GO_Biological_Process_2023,Positive Regulation Of MAPK Cascade (GO:0043410),3/310,0.2025980581650802,0.3275506676425282,0,0,1.9738406259444576,3.1512982848471274,IL11;CHI3L1;ELANE
GO_Biological_Process_2023,Membrane Organization (GO:0061024),2/167,0.2034270342994011,0.3280582806296671,0,0,2.440940012368584,3.887069777699034,CNTN2;KIF20A
GO_Biological_Process_2023,Myofibril Assembly (GO:0030239),1/46,0.2061310043831236,0.3290863403309518,0,0,4.45679012345679,7.038356248208516,FLNC
GO_Biological_Process_2023,Development Of Primary Male Sexual Characteristics (GO:0046546),1/46,0.2061310043831236,0.3290863403309518,0,0,4.45679012345679,7.038356248208516,TFAP2C
GO_Biological_Process_2023,Regulation Of mRNA Catabolic Process (GO:0061013),1/46,0.2061310043831236,0.3290863403309518,0,0,4.45679012345679,7.038356248208516,PCBP4
GO_Biological_Process_2023,Male Gonad Development (GO:0008584),1/46,0.2061310043831236,0.3290863403309518,0,0,4.45679012345679,7.038356248208516,TFAP2C
GO_Biological_Process_2023,Epithelial To Mesenchymal Transition (GO:0001837),1/47,0.2101094941683413,0.3321085552983459,0,0,4.359683794466403,6.801658146757973,SNAI2
GO_Biological_Process_2023,Positive Regulation Of Smooth Muscle Cell Proliferation (GO:0048661),1/47,0.2101094941683413,0.3321085552983459,0,0,4.359683794466403,6.801658146757973,ELANE
GO_Biological_Process_2023,Bicellular Tight Junction Assembly (GO:0070830),1/47,0.2101094941683413,0.3321085552983459,0,0,4.359683794466403,6.801658146757973,CHAF1B
GO_Biological_Process_2023,Protein Monoubiquitination (GO:0006513),1/47,0.2101094941683413,0.3321085552983459,0,0,4.359683794466403,6.801658146757973,UHRF1
GO_Biological_Process_2023,Cell-Cell Adhesion Via Plasma-Membrane Adhesion Molecules (GO:0098742),2/172,0.2125577216442807,0.335146704671799,0,0,2.3685474189675872,3.6677944377824145,CNTN6;CNTN2
GO_Biological_Process_2023,Regulation Of Tumor Necrosis Factor-Mediated Signaling Pathway (GO:0010803),1/48,0.2140682440880332,0.3358656933105348,0,0,4.266709649688373,6.576964036635908,TRAIP
GO_Biological_Process_2023,Post-Translational Protein Modification (GO:0043687),1/48,0.2140682440880332,0.3358656933105348,0,0,4.266709649688373,6.576964036635908,DSCC1
GO_Biological_Process_2023,Antibacterial Humoral Response (GO:0019731),1/49,0.21800735103248,0.3387089819699751,0,0,4.177609427609427,6.363445371866637,CTSG
GO_Biological_Process_2023,Regulation Of Mitotic Metaphase/Anaphase Transition (GO:0030071),1/49,0.21800735103248,0.3387089819699751,0,0,4.177609427609427,6.363445371866637,UBE2C
GO_Biological_Process_2023,Negative Regulation Of DNA Metabolic Process (GO:0051053),1/49,0.21800735103248,0.3387089819699751,0,0,4.177609427609427,6.363445371866637,DACH1
GO_Biological_Process_2023,Negative Regulation Of T Cell Activation (GO:0050868),1/49,0.21800735103248,0.3387089819699751,0,0,4.177609427609427,6.363445371866637,CTSG
GO_Biological_Process_2023,Negative Regulation Of Apoptotic Process (GO:0043066),4/482,0.2215137586886174,0.3422940500338143,0,0,1.6929916317991631,2.551796471094576,NTF4;TFAP2B;SNAI2;MPO
GO_Biological_Process_2023,"G Protein-Coupled Receptor Signaling Pathway, Coupled To Cyclic Nucleotide Second Messenger (GO:0007187)",1/50,0.2219269115603851,0.3422940500338143,0,0,4.092145949288806,6.1603458876211565,NPY
GO_Biological_Process_2023,Plasma Membrane Bounded Cell Projection Morphogenesis (GO:0120039),1/50,0.2219269115603851,0.3422940500338143,0,0,4.092145949288806,6.1603458876211565,NTF4
GO_Biological_Process_2023,Negative Regulation Of MAP Kinase Activity (GO:0043407),1/51,0.2258270216564654,0.3441430928114078,0,0,4.01010101010101,5.966974015935645,DUSP7
GO_Biological_Process_2023,Microtubule Bundle Formation (GO:0001578),1/51,0.2258270216564654,0.3441430928114078,0,0,4.01010101010101,5.966974015935645,KIF20A
GO_Biological_Process_2023,Positive Regulation Of Protein Localization To Plasma Membrane (GO:1903078),1/51,0.2258270216564654,0.3441430928114078,0,0,4.01010101010101,5.966974015935645,STAC2
GO_Biological_Process_2023,Positive Regulation Of Protein Localization To Cell Periphery (GO:1904377),1/51,0.2258270216564654,0.3441430928114078,0,0,4.01010101010101,5.966974015935645,STAC2
GO_Biological_Process_2023,"Negative Regulation Of Gene Expression, Epigenetic (GO:0045814)",1/51,0.2258270216564654,0.3441430928114078,0,0,4.01010101010101,5.966974015935645,UHRF1
GO_Biological_Process_2023,Proteolysis (GO:0006508),3/330,0.2286249316783157,0.3459192761995789,0,0,1.8512248179324695,2.731801501655754,PRTN3;CTSG;ELANE
GO_Biological_Process_2023,Regulation Of Peptide Hormone Secretion (GO:0090276),1/52,0.2297077768169888,0.3459192761995789,0,0,3.9312735195088138,5.782696221966044,TFAP2B
GO_Biological_Process_2023,Cardiac Muscle Tissue Development (GO:0048738),1/52,0.2297077768169888,0.3459192761995789,0,0,3.9312735195088138,5.782696221966044,SIK1
GO_Biological_Process_2023,Cartilage Development (GO:0051216),1/52,0.2297077768169888,0.3459192761995789,0,0,3.9312735195088138,5.782696221966044,CHI3L1
GO_Biological_Process_2023,Cell Cycle G1/S Phase Transition (GO:0044843),1/52,0.2297077768169888,0.3459192761995789,0,0,3.9312735195088138,5.782696221966044,POLE
GO_Biological_Process_2023,Tight Junction Assembly (GO:0120192),1/53,0.233569272224541,0.3492573389836447,0,0,3.8554778554778553,5.606931137649977,CHAF1B
GO_Biological_Process_2023,Gonad Development (GO:0008406),1/53,0.233569272224541,0.3492573389836447,0,0,3.8554778554778553,5.606931137649977,TFAP2C
GO_Biological_Process_2023,Regulation Of Cyclin-Dependent Protein Kinase Activity (GO:1904029),1/53,0.233569272224541,0.3492573389836447,0,0,3.8554778554778553,5.606931137649977,CCNB2
GO_Biological_Process_2023,Epidermal Cell Differentiation (GO:0009913),1/54,0.2374116024468537,0.3508844333147236,0,0,3.7825424051839143,5.43914439332398,TGM1
GO_Biological_Process_2023,Regulation Of Focal Adhesion Assembly (GO:0051893),1/54,0.2374116024468537,0.3508844333147236,0,0,3.7825424051839143,5.43914439332398,COL16A1
GO_Biological_Process_2023,Apical Junction Assembly (GO:0043297),1/54,0.2374116024468537,0.3508844333147236,0,0,3.7825424051839143,5.43914439332398,CHAF1B
GO_Biological_Process_2023,Mesenchymal Cell Differentiation (GO:0048762),1/54,0.2374116024468537,0.3508844333147236,0,0,3.7825424051839143,5.43914439332398,SNAI2
GO_Biological_Process_2023,Regulation Of Smooth Muscle Cell Proliferation (GO:0048660),1/54,0.2374116024468537,0.3508844333147236,0,0,3.7825424051839143,5.43914439332398,ELANE
GO_Biological_Process_2023,"Regulation Of Synaptic Transmission, Glutamatergic (GO:0051966)",1/55,0.2412348616553018,0.3557097381352482,0,0,3.7123082678638233,5.278844037828421,GRIK3
GO_Biological_Process_2023,Nucleotide-Excision Repair (GO:0006289),1/56,0.2450391435680432,0.3588274355237782,0,0,3.644628099173554,5.125576482532065,POLE
GO_Biological_Process_2023,Regulation Of Mitotic Nuclear Division (GO:0007088),1/56,0.2450391435680432,0.3588274355237782,0,0,3.644628099173554,5.125576482532065,NUSAP1
GO_Biological_Process_2023,Mitotic DNA Damage Checkpoint Signaling (GO:0044773),1/56,0.2450391435680432,0.3588274355237782,0,0,3.644628099173554,5.125576482532065,EME1
GO_Biological_Process_2023,Membrane Lipid Biosynthetic Process (GO:0046467),1/57,0.2488245414130006,0.3627030500688362,0,0,3.5793650793650795,4.978922896997587,ELOVL4
GO_Biological_Process_2023,Striated Muscle Contraction (GO:0006941),1/57,0.2488245414130006,0.3627030500688362,0,0,3.5793650793650795,4.978922896997587,STAC2
GO_Biological_Process_2023,Modification-Dependent Protein Catabolic Process (GO:0019941),2/192,0.2494084860677239,0.3627242137560277,0,0,2.117078410311493,2.939908923064224,UBE2C;UHRF1
GO_Biological_Process_2023,Regulation Of Phagocytosis (GO:0050764),1/58,0.2525911479606718,0.3640284191197916,0,0,3.5163919900762006,4.8384959983786695,PRTN3
GO_Biological_Process_2023,Memory (GO:0007613),1/58,0.2525911479606718,0.3640284191197916,0,0,3.5163919900762006,4.8384959983786695,NTF4
GO_Biological_Process_2023,Renal System Development (GO:0072001),1/58,0.2525911479606718,0.3640284191197916,0,0,3.5163919900762006,4.8384959983786695,TFAP2B
GO_Biological_Process_2023,Muscle Organ Development (GO:0007517),1/58,0.2525911479606718,0.3640284191197916,0,0,3.5163919900762006,4.8384959983786695,SMTN
GO_Biological_Process_2023,Glucose Metabolic Process (GO:0006006),1/59,0.256339055642632,0.3677657172170193,0,0,3.4555903866248694,4.703937185372145,TFAP2B
GO_Biological_Process_2023,Negative Regulation Of Cytokine-Mediated Signaling Pathway (GO:0001960),1/59,0.256339055642632,0.3677657172170193,0,0,3.4555903866248694,4.703937185372145,TRAIP
GO_Biological_Process_2023,Response To Retinoic Acid (GO:0032526),1/60,0.2600683562676618,0.3706119528915002,0,0,3.396849854476973,4.574913980988086,WNT6
GO_Biological_Process_2023,Negative Regulation Of Peptidase Activity (GO:0010466),1/60,0.2600683562676618,0.3706119528915002,0,0,3.396849854476973,4.574913980988086,SERPINB10
GO_Biological_Process_2023,Response To Light Stimulus (GO:0009416),1/60,0.2600683562676618,0.3706119528915002,0,0,3.396849854476973,4.574913980988086,ELANE
GO_Biological_Process_2023,Negative Regulation Of Intrinsic Apoptotic Signaling Pathway (GO:2001243),1/61,0.2637791413086752,0.3742256414557374,0,0,3.34006734006734,4.4511177340934625,SNAI2
GO_Biological_Process_2023,Positive Regulation Of Cell Junction Assembly (GO:1901890),1/61,0.2637791413086752,0.3742256414557374,0,0,3.34006734006734,4.4511177340934625,COL16A1
GO_Biological_Process_2023,Regulation Of T Cell Activation (GO:0050863),1/62,0.2674715018007107,0.3786207703267838,0,0,3.2851465474416295,4.3322615615299345,CTSG
GO_Biological_Process_2023,Protein Polymerization (GO:0051258),1/63,0.2711455282609312,0.3812796942653712,0,0,3.231997393287716,4.218078497375417,UBE2C
GO_Biological_Process_2023,G1/S Transition Of Mitotic Cell Cycle (GO:0000082),1/63,0.2711455282609312,0.3812796942653712,0,0,3.231997393287716,4.218078497375417,POLE
GO_Biological_Process_2023,Positive Regulation Of Mitotic Cell Cycle Phase Transition (GO:1901992),1/63,0.2711455282609312,0.3812796942653712,0,0,3.231997393287716,4.218078497375417,UBE2C
GO_Biological_Process_2023,Positive Regulation Of Macromolecule Metabolic Process (GO:0010604),3/364,0.2741504141328689,0.384655977538849,0,0,1.6739583630807893,2.166233304128739,WNT6;UHRF1;ACTG2
GO_Biological_Process_2023,Fatty Acid Biosynthetic Process (GO:0006633),1/65,0.2784389392137884,0.386417438516739,0,0,3.1306818181818183,4.00275356439037,ELOVL4
GO_Biological_Process_2023,Positive Regulation Of Cell Cycle (GO:0045787),1/65,0.2784389392137884,0.386417438516739,0,0,3.1306818181818183,4.00275356439037,TGM1
GO_Biological_Process_2023,Monocarboxylic Acid Biosynthetic Process (GO:0072330),1/65,0.2784389392137884,0.386417438516739,0,0,3.1306818181818183,4.00275356439037,ELOVL4
GO_Biological_Process_2023,Negative Regulation Of Cell Differentiation (GO:0045596),2/207,0.2771996724711015,0.386417438516739,0,0,1.9606769537083129,2.515582241975174,CHADL;SNAI2
GO_Biological_Process_2023,Positive Regulation Of DNA Biosynthetic Process (GO:2000573),1/65,0.2784389392137884,0.386417438516739,0,0,3.1306818181818183,4.00275356439037,DSCC1
GO_Biological_Process_2023,Negative Regulation Of Endopeptidase Activity (GO:0010951),1/66,0.2820585025763683,0.3905897090024927,0,0,3.0823620823620823,3.9011631304837175,SERPINB10
GO_Biological_Process_2023,B Cell Differentiation (GO:0030183),1/68,0.2892437892552286,0.3979444789537378,0,0,2.990049751243781,3.7091130169332223,IL11
GO_Biological_Process_2023,Neuropeptide Signaling Pathway (GO:0007218),1/68,0.2892437892552286,0.3979444789537378,0,0,2.990049751243781,3.7091130169332223,NPY
GO_Biological_Process_2023,Cell-Cell Junction Organization (GO:0045216),1/68,0.2892437892552286,0.3979444789537378,0,0,2.990049751243781,3.7091130169332223,PRTN3
GO_Biological_Process_2023,Regulation Of Endopeptidase Activity (GO:0052548),1/69,0.2928096888806698,0.4011177888537348,0,0,2.9459298871063577,3.6182865561027495,SERPINB10
GO_Biological_Process_2023,Phagocytosis (GO:0006909),1/69,0.2928096888806698,0.4011177888537348,0,0,2.9459298871063577,3.6182865561027495,ELANE
GO_Biological_Process_2023,Negative Regulation Of Epithelial Cell Proliferation (GO:0050680),1/70,0.2963578762035246,0.4033759981659086,0,0,2.9030888596105986,3.530700422312052,SNAI2
GO_Biological_Process_2023,Negative Regulation Of Extrinsic Apoptotic Signaling Pathway (GO:2001237),1/70,0.2963578762035246,0.4033759981659086,0,0,2.9030888596105986,3.530700422312052,SNAI2
GO_Biological_Process_2023,Protein K48-linked Ubiquitination (GO:0070936),1/70,0.2963578762035246,0.4033759981659086,0,0,2.9030888596105986,3.530700422312052,UBE2C
GO_Biological_Process_2023,Protein Autoubiquitination (GO:0051865),1/71,0.2998884383134025,0.4047223203509267,0,0,2.8614718614718613,3.446198601550195,UHRF1
GO_Biological_Process_2023,Negative Regulation Of Supramolecular Fiber Organization (GO:1902904),1/71,0.2998884383134025,0.4047223203509267,0,0,2.8614718614718613,3.446198601550195,CHADL
GO_Biological_Process_2023,Kidney Development (GO:0001822),1/71,0.2998884383134025,0.4047223203509267,0,0,2.8614718614718613,3.446198601550195,TFAP2B
GO_Biological_Process_2023,Lipid Biosynthetic Process (GO:0008610),1/71,0.2998884383134025,0.4047223203509267,0,0,2.8614718614718613,3.446198601550195,ELOVL4
GO_Biological_Process_2023,Second-Messenger-Mediated Signaling (GO:0019932),1/72,0.3034014618596549,0.4068773288517898,0,0,2.821027173139849,3.3646345783285243,SAMD14
GO_Biological_Process_2023,Negative Regulation Of Cell Adhesion (GO:0007162),1/72,0.3034014618596549,0.4068773288517898,0,0,2.821027173139849,3.3646345783285243,SNAI2
GO_Biological_Process_2023,Positive Regulation Of Cell Motility (GO:2000147),2/221,0.3030971611463874,0.4068773288517898,0,0,1.8340322430342,2.189287701689722,SNAI2;LGR6
GO_Biological_Process_2023,Regulation Of mRNA Stability (GO:0043488),1/74,0.3103752378928968,0.41275370884713,0,0,2.74346201743462,3.209777224050686,PCBP4
GO_Biological_Process_2023,Import Into Nucleus (GO:0051170),1/74,0.3103752378928968,0.41275370884713,0,0,2.74346201743462,3.209777224050686,FAM53A
GO_Biological_Process_2023,Gland Development (GO:0048732),1/74,0.3103752378928968,0.41275370884713,0,0,2.74346201743462,3.209777224050686,WNT10A
GO_Biological_Process_2023,Negative Regulation Of Neuron Apoptotic Process (GO:0043524),1/74,0.3103752378928968,0.41275370884713,0,0,2.74346201743462,3.209777224050686,NTF4
GO_Biological_Process_2023,Regulation Of DNA Replication (GO:0006275),1/75,0.3138361616484454,0.4164867395209579,0,0,2.7062517062517064,3.1362323637249645,DSCC1
GO_Biological_Process_2023,Apoptotic Process (GO:0006915),2/228,0.3159942077050888,0.4176106022990489,0,0,1.776593823370056,2.046691861769839,TRAIP;MCM2
GO_Biological_Process_2023,Cellular Response To Lipid (GO:0071396),2/228,0.3159942077050888,0.4176106022990489,0,0,1.776593823370056,2.046691861769839,WNT6;CTSG
GO_Biological_Process_2023,Sphingolipid Biosynthetic Process (GO:0030148),1/77,0.3207065055587057,0.421216585651331,0,0,2.6347687400318978,2.996335121708695,ELOVL4
GO_Biological_Process_2023,Actomyosin Structure Organization (GO:0031032),1/77,0.3207065055587057,0.421216585651331,0,0,2.6347687400318978,2.996335121708695,FLNC
GO_Biological_Process_2023,Neutrophil Migration (GO:1990266),1/77,0.3207065055587057,0.421216585651331,0,0,2.6347687400318978,2.996335121708695,PRTN3
GO_Biological_Process_2023,Negative Regulation Of Intracellular Signal Transduction (GO:1902532),2/231,0.3215064257532412,0.4213983399276021,0,0,1.753052312628108,1.989254634608438,DUSP9;DUSP7
GO_Biological_Process_2023,Organonitrogen Compound Catabolic Process (GO:1901565),1/78,0.3241160944299128,0.4239465136588388,0,0,2.600419782237964,2.929772078325152,ELANE
GO_Biological_Process_2023,Regulation Of Cyclin-Dependent Protein Serine/Threonine Kinase Activity (GO:0000079),1/79,0.3275087398015298,0.4257613617419888,0,0,2.566951566951567,2.865335397718705,CCNB2
GO_Biological_Process_2023,Positive Regulation Of Protein Localization To Membrane (GO:1905477),1/79,0.3275087398015298,0.4257613617419888,0,0,2.566951566951567,2.865335397718705,STAC2
GO_Biological_Process_2023,Protein Import Into Nucleus (GO:0006606),1/79,0.3275087398015298,0.4257613617419888,0,0,2.566951566951567,2.865335397718705,FAM53A
GO_Biological_Process_2023,Negative Regulation Of Protein Serine/Threonine Kinase Activity (GO:0071901),1/80,0.3308845249727721,0.4284013057066175,0,0,2.534330648254699,2.8029337896230073,DUSP7
GO_Biological_Process_2023,Regulation Of Protein Localization To Plasma Membrane (GO:1903076),1/80,0.3308845249727721,0.4284013057066175,0,0,2.534330648254699,2.8029337896230073,STAC2
GO_Biological_Process_2023,Negative Regulation Of Transcription By RNA Polymerase II (GO:0000122),5/763,0.3342280485371889,0.4301275362186313,0,0,1.329120955422858,1.4566258399411245,TFAP2B;DACH1;UHRF1;SNAI2;ELANE
GO_Biological_Process_2023,Activation Of Protein Kinase Activity (GO:0032147),1/81,0.3342435328543524,0.4301275362186313,0,0,2.5025252525252526,2.742480915944007,CHI3L1
GO_Biological_Process_2023,Macromolecule Modification (GO:0043412),1/81,0.3342435328543524,0.4301275362186313,0,0,2.5025252525252526,2.742480915944007,TGM1
GO_Biological_Process_2023,Cellular Response To Organic Substance (GO:0071310),1/82,0.3375858460637784,0.4335527902069089,0,0,2.471505175208879,2.6838950656014107,OXTR
GO_Biological_Process_2023,Epigenetic Regulation Of Gene Expression (GO:0040029),1/83,0.3409115467213686,0.4369429683330217,0,0,2.4412416851441243,2.627098856469418,TFAP2C
GO_Biological_Process_2023,Establishment Of Protein Localization To Organelle (GO:0072594),1/85,0.3475134368660721,0.4400915691524612,0,0,2.382876382876383,2.5185858334956643,FAM53A
GO_Biological_Process_2023,Integrin-Mediated Signaling Pathway (GO:0007229),1/85,0.3475134368660721,0.4400915691524612,0,0,2.382876382876383,2.5185858334956643,COL16A1
GO_Biological_Process_2023,Calcium-Mediated Signaling (GO:0019722),1/85,0.3475134368660721,0.4400915691524612,0,0,2.382876382876383,2.5185858334956643,SAMD14
GO_Biological_Process_2023,Macromolecule Catabolic Process (GO:0009057),1/85,0.3475134368660721,0.4400915691524612,0,0,2.382876382876383,2.5185858334956643,ELANE
GO_Biological_Process_2023,Response To Interleukin-1 (GO:0070555),1/85,0.3475134368660721,0.4400915691524612,0,0,2.382876382876383,2.5185858334956643,CHI3L1
GO_Biological_Process_2023,Defense Response To Gram-positive Bacterium (GO:0050830),1/85,0.3475134368660721,0.4400915691524612,0,0,2.382876382876383,2.5185858334956643,CTSG
GO_Biological_Process_2023,Regulation Of Mitotic Cell Cycle Phase Transition (GO:1901990),1/86,0.3507897886854045,0.443359316255164,0,0,2.354723707664884,2.46673350535558,UBE2C
GO_Biological_Process_2023,Regulation Of Insulin Secretion (GO:0050796),1/87,0.3540498524990138,0.4465935763205381,0,0,2.327225745830397,2.4163993335324085,TFAP2B
GO_Biological_Process_2023,Negative Regulation Of Neuron Death (GO:1901215),1/88,0.3572937084833981,0.4497946488219854,0,0,2.3003599210495764,2.367523811703655,NTF4
GO_Biological_Process_2023,Phosphorylation (GO:0016310),3/429,0.3630033346084877,0.4560811127132281,0,0,1.4138231450559025,1.4326881527680906,CDCA8;SIK1;CTSG
GO_Biological_Process_2023,Regulation Of Peptidyl-Tyrosine Phosphorylation (GO:0050730),1/90,0.3637331156781473,0.4560984147381492,0,0,2.2484394506866416,2.2739252396942655,IL11
GO_Biological_Process_2023,Regulation Of Epithelial Cell Proliferation (GO:0050678),1/91,0.3669288252624231,0.4565110579925069,0,0,2.22334455667789,2.2290972080359737,UHRF1
GO_Biological_Process_2023,Lymphocyte Differentiation (GO:0030098),1/91,0.3669288252624231,0.4565110579925069,0,0,2.22334455667789,2.2290972080359737,IL11
GO_Biological_Process_2023,Positive Regulation Of MAP Kinase Activity (GO:0043406),1/91,0.3669288252624231,0.4565110579925069,0,0,2.22334455667789,2.2290972080359737,ELANE
GO_Biological_Process_2023,Regulation Of RNA Metabolic Process (GO:0051252),1/91,0.3669288252624231,0.4565110579925069,0,0,2.22334455667789,2.2290972080359737,MCM2
GO_Biological_Process_2023,Cytokine-Mediated Signaling Pathway (GO:0019221),2/257,0.3687497726572891,0.456897686225176,0,0,1.5722288915566227,1.5685136955847134,IL11;CTSG
GO_Biological_Process_2023,Protein Ubiquitination (GO:0016567),3/434,0.3698252635364325,0.456897686225176,0,0,1.3970626928504797,1.3896926920356492,UBE2C;UHRF1;TRAIP
GO_Biological_Process_2023,Regulation Of Cell Migration (GO:0030334),3/434,0.3698252635364325,0.456897686225176,0,0,1.3970626928504797,1.3896926920356492,DACH1;SNAI2;LGR6
GO_Biological_Process_2023,B Cell Activation (GO:0042113),1/92,0.3701086437867988,0.456897686225176,0,0,2.1988011988011986,2.185517547233266,IL11
GO_Biological_Process_2023,Positive Regulation Of Cellular Component Biogenesis (GO:0044089),1/93,0.3732726494349856,0.459024474305185,0,0,2.1747913921826965,2.1431398321634836,CHAF1B
GO_Biological_Process_2023,Positive Regulation Of Protein Kinase B Signaling (GO:0051897),1/93,0.3732726494349856,0.459024474305185,0,0,2.1747913921826965,2.1431398321634836,CHI3L1
GO_Biological_Process_2023,Sphingolipid Metabolic Process (GO:0006665),1/94,0.3764209201158763,0.4602305683566472,0,0,2.1512979254914737,2.101919815261755,ELOVL4
GO_Biological_Process_2023,"Regulation Of mRNA Splicing, Via Spliceosome (GO:0048024)",1/94,0.3764209201158763,0.4602305683566472,0,0,2.1512979254914737,2.101919815261755,PCBP4
GO_Biological_Process_2023,Cellular Response To Hormone Stimulus (GO:0032870),1/94,0.3764209201158763,0.4602305683566472,0,0,2.1512979254914737,2.101919815261755,OXTR
GO_Biological_Process_2023,Positive Regulation Of Transmembrane Receptor Protein Serine/Threonine Kinase Signaling Pathway (GO:0090100),1/95,0.3795535332169826,0.4622860433254646,0,0,2.1283043197936813,2.061815304518316,SCUBE3
GO_Biological_Process_2023,Recombinational Repair (GO:0000725),1/95,0.3795535332169826,0.4622860433254646,0,0,2.1283043197936813,2.061815304518316,MCM8
GO_Biological_Process_2023,Regulation Of Protein Metabolic Process (GO:0051246),1/96,0.3826705658807354,0.4643069532686257,0,0,2.105794790005316,2.022786046627892,UHRF1
GO_Biological_Process_2023,Cellular Response To Transforming Growth Factor Beta Stimulus (GO:0071560),1/96,0.3826705658807354,0.4643069532686257,0,0,2.105794790005316,2.022786046627892,WNT10A
GO_Biological_Process_2023,Positive Regulation Of Protein-Containing Complex Assembly (GO:0031334),1/98,0.3888581963975129,0.4691338467901814,0,0,2.062168072477351,1.947801335478516,CHAF1B
GO_Biological_Process_2023,Negative Regulation Of Macromolecule Biosynthetic Process (GO:0010558),1/98,0.3888581963975129,0.4691338467901814,0,0,2.062168072477351,1.947801335478516,DACH1
GO_Biological_Process_2023,Chromatin Organization (GO:0006325),2/268,0.3883725376778359,0.4691338467901814,0,0,1.5063679607181215,1.4247081321969897,CHAF1B;ASF1B
GO_Biological_Process_2023,Response To UV (GO:0009411),1/100,0.394984420817951,0.4752786407236815,0,0,2.020304050607081,1.8766785261005496,ELANE
GO_Biological_Process_2023,Positive Regulation Of Cell Migration (GO:0030335),2/272,0.3954437670071447,0.4752786407236815,0,0,1.483749055177627,1.3765432657004266,SNAI2;LGR6
GO_Biological_Process_2023,Hemopoiesis (GO:0030097),1/101,0.3980246944821334,0.4765821999720281,0,0,2.0,1.8424824583699575,CEBPE
GO_Biological_Process_2023,rRNA Processing (GO:0006364),1/101,0.3980246944821334,0.4765821999720281,0,0,2.0,1.8424824583699575,NOP2
GO_Biological_Process_2023,Calcium Ion Homeostasis (GO:0055074),1/102,0.4010498423953424,0.47662080150342,0,0,1.98009800980098,1.8091552855878603,ELANE
GO_Biological_Process_2023,Protein Catabolic Process (GO:0030163),1/102,0.4010498423953424,0.47662080150342,0,0,1.98009800980098,1.8091552855878603,ELANE
GO_Biological_Process_2023,Regulation Of Protein Secretion (GO:0050708),1/102,0.4010498423953424,0.47662080150342,0,0,1.98009800980098,1.8091552855878603,TFAP2B
GO_Biological_Process_2023,Regulation Of RNA Splicing (GO:0043484),1/102,0.4010498423953424,0.47662080150342,0,0,1.98009800980098,1.8091552855878603,MCM2
GO_Biological_Process_2023,Positive Regulation Of Vasculature Development (GO:1904018),1/104,0.4070550586365517,0.4828567455334887,0,0,1.9414533686378344,1.7449915352070269,CHI3L1
GO_Biological_Process_2023,Positive Regulation Of Cell Differentiation (GO:0045597),2/283,0.4146970622204942,0.4910074881681315,0,0,1.4248674558791488,1.254178302841909,SCUBE3;KCTD11
GO_Biological_Process_2023,Response To Tumor Necrosis Factor (GO:0034612),1/108,0.4188872357630098,0.4950485513562844,0,0,1.8684980647597471,1.6258801725332537,CHI3L1
GO_Biological_Process_2023,Regulation Of Wnt Signaling Pathway (GO:0030111),1/109,0.4218085691393649,0.497577886188473,0,0,1.851103628881407,1.5978794932003777,LGR6
GO_Biological_Process_2023,Adenylate Cyclase-Activating G Protein-Coupled Receptor Signaling Pathway (GO:0007189),1/110,0.4247153626139249,0.5000807504345105,0,0,1.834028356964137,1.570544634474372,GPR3
GO_Biological_Process_2023,Negative Regulation Of Inflammatory Response (GO:0050728),1/111,0.4276076879640406,0.5025573749688078,0,0,1.8172635445362717,1.5438546462627225,ELANE
GO_Biological_Process_2023,Regulation Of Protein Serine/Threonine Kinase Activity (GO:0071900),1/112,0.4304856163806702,0.5040796647692775,0,0,1.8008008008008007,1.517789408820894,CCNB2
GO_Biological_Process_2023,Negative Regulation Of Defense Response (GO:0031348),1/112,0.4304856163806702,0.5040796647692775,0,0,1.8008008008008007,1.517789408820894,ELANE
GO_Biological_Process_2023,Positive Regulation Of Cellular Component Organization (GO:0051130),1/113,0.4333492188372186,0.5065017475216665,0,0,1.7846320346320346,1.492329591518098,CHAF1B
GO_Biological_Process_2023,Regulation Of Transcription By RNA Polymerase II (GO:0006357),11/2028,0.4353243058685589,0.5078783568466522,0,0,1.0958147877869568,0.9113497041154992,TOX4;TFAP2B;IL11;TFAP2C;DACH1;UHRF1;CEBPE;IRX4;SNAI2;ELANE;MCM2
GO_Biological_Process_2023,Regulation Of Intracellular Signal Transduction (GO:1902531),2/297,0.4387599969995228,0.5109508557380182,0,0,1.356278104462124,1.1173055905524882,NOP2;RRS1
GO_Biological_Process_2023,Positive Regulation Of Protein Serine/Threonine Kinase Activity (GO:0071902),1/117,0.4446617754820939,0.5149991836038069,0,0,1.7227446882619295,1.396183515184437,ELANE
GO_Biological_Process_2023,Protein Maturation (GO:0051604),1/117,0.4446617754820939,0.5149991836038069,0,0,1.7227446882619295,1.396183515184437,CTSG
GO_Biological_Process_2023,Cellular Response To Molecule Of Bacterial Origin (GO:0071219),1/117,0.4446617754820939,0.5149991836038069,0,0,1.7227446882619295,1.396183515184437,CTSG
GO_Biological_Process_2023,Ribonucleoprotein Complex Biogenesis (GO:0022613),1/118,0.4474548000683968,0.517293480296858,0,0,1.7079340412673747,1.3734859734012153,RRS1
GO_Biological_Process_2023,Regulation Of Protein-Containing Complex Assembly (GO:0043254),1/119,0.450233917137087,0.517687735047517,0,0,1.6933744221879816,1.3512924945163796,CHAF1B
GO_Biological_Process_2023,Cellular Response To Tumor Necrosis Factor (GO:0071356),1/119,0.450233917137087,0.517687735047517,0,0,1.6933744221879816,1.3512924945163796,CHI3L1
GO_Biological_Process_2023,Positive Regulation Of Angiogenesis (GO:0045766),1/119,0.450233917137087,0.517687735047517,0,0,1.6933744221879816,1.3512924945163796,CHI3L1
GO_Biological_Process_2023,Cellular Response To Cytokine Stimulus (GO:0071345),2/308,0.4572919096266198,0.5248557593372195,0,0,1.3067893824196346,1.0224755812740838,CHI3L1;CTSG
GO_Biological_Process_2023,Protein Phosphorylation (GO:0006468),3/500,0.4581166423834544,0.5248566568314037,0,0,1.2074301478976954,0.9425579466437324,CDCA8;SIK1;CTSG
GO_Biological_Process_2023,Regulation Of DNA Metabolic Process (GO:0051052),1/124,0.4639232772068564,0.5249007594685036,0,0,1.6241274533957462,1.2473885010387038,DSCC1
GO_Biological_Process_2023,Enzyme-Linked Receptor Protein Signaling Pathway (GO:0007167),1/124,0.4639232772068564,0.5249007594685036,0,0,1.6241274533957462,1.2473885010387038,NTF4
GO_Biological_Process_2023,Cellular Response To Lipopolysaccharide (GO:0071222),1/124,0.4639232772068564,0.5249007594685036,0,0,1.6241274533957462,1.2473885010387038,CTSG
GO_Biological_Process_2023,Organonitrogen Compound Biosynthetic Process (GO:1901566),1/123,0.4612126761903752,0.5249007594685036,0,0,1.6375227686703095,1.2672723299658175,ELOVL4
GO_Biological_Process_2023,Positive Regulation Of Epithelial Cell Proliferation (GO:0050679),1/123,0.4612126761903752,0.5249007594685036,0,0,1.6375227686703095,1.2672723299658175,TGM1
GO_Biological_Process_2023,Modulation Of Chemical Synaptic Transmission (GO:0050804),1/123,0.4612126761903752,0.5249007594685036,0,0,1.6375227686703095,1.2672723299658175,GRIK3
GO_Biological_Process_2023,Protein Dephosphorylation (GO:0006470),1/124,0.4639232772068564,0.5249007594685036,0,0,1.6241274533957462,1.2473885010387038,DUSP7
GO_Biological_Process_2023,Regulation Of Mitotic Cell Cycle (GO:0007346),1/125,0.4666203770761902,0.526083504774395,0,0,1.6109481915933528,1.2279279396515803,SIK1
GO_Biological_Process_2023,Response To Cytokine (GO:0034097),1/125,0.4666203770761902,0.526083504774395,0,0,1.6109481915933528,1.2279279396515803,CHI3L1
GO_Biological_Process_2023,Regulation Of Apoptotic Process (GO:0042981),4/705,0.4710416164542492,0.5301298757621143,0,0,1.1411673799334283,0.8590808815103002,STPG1;TFAP2B;MPO;MCM2
GO_Biological_Process_2023,Positive Regulation Of Cytokine Production (GO:0001819),2/320,0.4771081574446097,0.5356377217914321,0,0,1.2567064561673726,0.929977944288716,CHI3L1;ELANE
GO_Biological_Process_2023,Protein Modification Process (GO:0036211),4/711,0.4776173092268971,0.5356377217914321,0,0,1.1311291843470062,0.8358427929346651,TGM1;CDCA8;SIK1;CTSG
GO_Biological_Process_2023,Positive Regulation Of Peptidyl-Tyrosine Phosphorylation (GO:0050731),1/130,0.4799056771939823,0.5372582010062685,0,0,1.5481168271865946,1.1365742744783855,IL11
GO_Biological_Process_2023,Synapse Organization (GO:0050808),1/131,0.4825231566060633,0.5392407908036181,0,0,1.5361305361305362,1.119418823893266,CNTN2
GO_Biological_Process_2023,Negative Regulation Of Cell Motility (GO:2000146),1/133,0.487719053875974,0.544092884971971,0,0,1.512702785430058,1.0861444222602046,DACH1
GO_Biological_Process_2023,Regulation Of Protein Kinase B Signaling (GO:0051896),1/136,0.4954162061866802,0.5517135023442574,0,0,1.4788627010849231,1.0386896427963577,CHI3L1
GO_Biological_Process_2023,Intracellular Calcium Ion Homeostasis (GO:0006874),1/139,0.502998845735877,0.559180217685434,0,0,1.4464939247547943,0.993983474661611,ELANE
GO_Biological_Process_2023,Positive Regulation Of Transcription By RNA Polymerase II (GO:0045944),5/938,0.5069157072787985,0.5625527971020814,0,0,1.0699497940993965,0.7269351749208944,TFAP2B;IL11;TFAP2C;UHRF1;CEBPE
GO_Biological_Process_2023,Positive Regulation Of Transferase Activity (GO:0051347),1/143,0.5129338125908852,0.5682414584702502,0,0,1.4054630815194196,0.9382990468495096,DSCC1
GO_Biological_Process_2023,Negative Regulation Of Response To External Stimulus (GO:0032102),1/146,0.5202557726245733,0.5743551597259154,0,0,1.3761755485893417,0.899240881378034,ELANE
GO_Biological_Process_2023,Neuron Projection Morphogenesis (GO:0048812),1/146,0.5202557726245733,0.5743551597259154,0,0,1.3761755485893417,0.899240881378034,NTF4
GO_Biological_Process_2023,Negative Regulation Of DNA-binding Transcription Factor Activity (GO:0043433),1/149,0.5274687471502818,0.5813107126898434,0,0,1.348075348075348,0.8623175106205572,SIK1
GO_Biological_Process_2023,Regulation Of Cellular Component Organization (GO:0051128),1/153,0.5369192861105836,0.5907039468954088,0,0,1.312333864965444,0.8161502743919713,MCM2
GO_Biological_Process_2023,Ribosome Biogenesis (GO:0042254),1/155,0.5415741406288901,0.5947978061734533,0,0,1.295159386068477,0.7942892672270463,RRS1
GO_Biological_Process_2023,Protein Modification By Small Protein Conjugation (GO:0032446),2/364,0.545905957552914,0.5985233992447613,0,0,1.101477054910362,0.6667334866611279,UBE2C;TRAIP
GO_Biological_Process_2023,Ubiquitin-Dependent Protein Catabolic Process (GO:0006511),2/367,0.5503652704492621,0.601757756029919,0,0,1.0922560805143977,0.6522659420597253,UBE2C;UHRF1
GO_Biological_Process_2023,Response To Lipopolysaccharide (GO:0032496),1/159,0.5507453245925318,0.601757756029919,0,0,1.2621148190768443,0.7528297591179895,CTSG
GO_Biological_Process_2023,Protein Autophosphorylation (GO:0046777),1/162,0.557504289374834,0.6070602262081525,0,0,1.238408934061108,0.7235838652550021,SIK1
GO_Biological_Process_2023,Mitochondrion Organization (GO:0007005),1/162,0.557504289374834,0.6070602262081525,0,0,1.238408934061108,0.7235838652550021,ATP23
GO_Biological_Process_2023,Adenylate Cyclase-Modulating G Protein-Coupled Receptor Signaling Pathway (GO:0007188),1/163,0.559734829149778,0.6074124125526552,0,0,1.2307020825539343,0.7141667289104645,GPR3
GO_Biological_Process_2023,Negative Regulation Of Cell Migration (GO:0030336),1/163,0.559734829149778,0.6074124125526552,0,0,1.2307020825539343,0.7141667289104645,DACH1
GO_Biological_Process_2023,Regulation Of Cytokine Production (GO:0001817),1/167,0.5685462179076766,0.6159250693999829,0,0,1.2008032128514057,0.6780607576727649,SNAI2
GO_Biological_Process_2023,Negative Regulation Of Programmed Cell Death (GO:0043069),2/381,0.5707728050928444,0.6172873970189168,0,0,1.0511550266544614,0.5894499373210654,TFAP2B;MPO
GO_Biological_Process_2023,DNA Damage Response (GO:0006974),2/384,0.5750590809814818,0.6208688721783118,0,0,1.0427396089325782,0.5769295713499625,MCM8;TRAIP
GO_Biological_Process_2023,Heart Development (GO:0007507),1/171,0.5771829849119133,0.6221075488813685,0,0,1.172311348781937,0.6442975473743275,CRELD1
GO_Biological_Process_2023,Positive Regulation Of Multicellular Organismal Process (GO:0051240),2/387,0.5793145957208834,0.6233503335712884,0,0,1.0344553405777897,0.5647191071435524,OXTR;GPR3
GO_Biological_Process_2023,Negative Regulation Of DNA-templated Transcription (GO:0045892),5/1025,0.5867027758970721,0.6302355282401938,0,0,0.9742002063983488,0.5194795289092893,TFAP2B;DACH1;UHRF1;SNAI2;ELANE
GO_Biological_Process_2023,Positive Regulation Of Hydrolase Activity (GO:0051345),1/176,0.5877385951928842,0.630285328514928,0,0,1.1385281385281385,0.6050969607350297,PRTN3
GO_Biological_Process_2023,Negative Regulation Of Cytokine Production (GO:0001818),1/178,0.5918874117207544,0.6336676996069253,0,0,1.125549278091651,0.5902817634935079,ELANE
GO_Biological_Process_2023,Positive Regulation Of ERK1 And ERK2 Cascade (GO:0070374),1/179,0.5939462924164232,0.6348050138745999,0,0,1.1191692202928158,0.5830495378794144,CHI3L1
GO_Biological_Process_2023,Cellular Response To Oxygen-Containing Compound (GO:1901701),2/406,0.6055495918983245,0.6461224288764367,0,0,0.984845423317842,0.4940169961241648,WNT6;CTSG
GO_Biological_Process_2023,Endocytosis (GO:0006897),1/189,0.6139778143964273,0.6540198457701074,0,0,1.0591016548463357,0.5166260638484753,ELANE
GO_Biological_Process_2023,Intracellular Monoatomic Cation Homeostasis (GO:0030003),1/190,0.6159263323660239,0.6550001230670405,0,0,1.0534444978889423,0.5105286083837139,ELANE
GO_Biological_Process_2023,Regulation Of Programmed Cell Death (GO:0043067),1/195,0.6255238170451477,0.6640977857629319,0,0,1.0260335311881703,0.4813799173761787,MCM2
GO_Biological_Process_2023,Positive Regulation Of Protein Metabolic Process (GO:0051247),1/196,0.6274146268959372,0.6649968674421164,0,0,1.0207200207200209,0.4758062593684267,UHRF1
GO_Biological_Process_2023,Regulation Of Angiogenesis (GO:0045765),1/205,0.6440121337651465,0.6814546996817249,0,0,0.975242622301446,0.4291435319722849,CHI3L1
GO_Biological_Process_2023,Protein Stabilization (GO:0050821),1/208,0.6493802925715624,0.6859954334462441,0,0,0.9609622798028596,0.4148827478019421,MCM8
GO_Biological_Process_2023,Regulation Of GTPase Activity (GO:0043087),1/214,0.6598773366694534,0.6959302375139764,0,0,0.9336083843126096,0.3881022328350372,PRTN3
GO_Biological_Process_2023,Negative Regulation Of Nucleic Acid-Templated Transcription (GO:1903507),2/456,0.6686881063909298,0.7040567335058219,0,0,0.8741346758967904,0.3517846053152569,TFAP2B;DACH1
GO_Biological_Process_2023,Regulation Of Gene Expression (GO:0010468),5/1127,0.6708596829864002,0.705177587561612,0,0,0.8808518622760109,0.3516319059257459,WNT6;TFAP2C;SNAI2;ACTG2;MCM2
GO_Biological_Process_2023,Positive Regulation Of Protein Modification Process (GO:0031401),1/225,0.6783202133943429,0.7118451003825312,0,0,0.8872655122655123,0.344379519525088,CDCA8
GO_Biological_Process_2023,Protein Polyubiquitination (GO:0000209),1/226,0.6799469058224439,0.7123785838962118,0,0,0.8832772166105499,0.3407158512914232,UBE2C
GO_Biological_Process_2023,Chromatin Remodeling (GO:0006338),1/228,0.6831758984309778,0.7145862845657354,0,0,0.8754060428069239,0.3335322537698721,TFAP2C
GO_Biological_Process_2023,Positive Regulation Of Phosphorylation (GO:0042327),1/231,0.6879590095762926,0.7184096542624563,0,0,0.8638559508124726,0.323104604801154,CDCA8
GO_Biological_Process_2023,Positive Regulation Of GTPase Activity (GO:0043547),1/234,0.6926706206788983,0.7221459662397025,0,0,0.8526032860796809,0.313076512912352,PRTN3
GO_Biological_Process_2023,Inflammatory Response (GO:0006954),1/236,0.6957724957219605,0.7232630341539662,0,0,0.8452611218568665,0.3066037188042952,CHI3L1
GO_Biological_Process_2023,Positive Regulation Of Gene Expression (GO:0010628),2/480,0.6960129355359204,0.7232630341539662,0,0,0.8292203910853044,0.3004987174609427,WNT6;ACTG2
GO_Biological_Process_2023,Regulation Of Inflammatory Response (GO:0050727),1/240,0.7018835601138744,0.7281756152972931,0,0,0.8309454376399983,0.2941445120731517,ELANE
GO_Biological_Process_2023,Regulation Of ERK1 And ERK2 Cascade (GO:0070372),1/244,0.7078730729116034,0.7331953616986853,0,0,0.8171010516689529,0.2823006320237739,CHI3L1
GO_Biological_Process_2023,Positive Regulation Of Programmed Cell Death (GO:0043068),1/245,0.7093517402446249,0.7335341859347826,0,0,0.8137108792846498,0.2794313819539435,STPG1
GO_Biological_Process_2023,Cellular Component Assembly (GO:0022607),1/260,0.7306627893732508,0.7543471585587694,0,0,0.765999765999766,0.2403731977710985,KRT14
GO_Biological_Process_2023,Regulation Of Protein Phosphorylation (GO:0001932),1/265,0.7374167776971414,0.7600881673027169,0,0,0.7513008876645241,0.2288477837396342,CDCA8
GO_Biological_Process_2023,Positive Regulation Of Signal Transduction (GO:0009967),1/266,0.738747316125365,0.7602294674828071,0,0,0.7484276729559748,0.2266234078508183,LGR6
GO_Biological_Process_2023,Negative Regulation Of Signal Transduction (GO:0009968),1/267,0.74007117960611,0.7603634538856323,0,0,0.745576061365535,0.2244250366238864,SNAI2
GO_Biological_Process_2023,Positive Regulation Of Intracellular Signal Transduction (GO:1902533),2/525,0.742271938061471,0.7613964968521046,0,0,0.7561165957778905,0.2253526950273545,IL11;CHI3L1
GO_Biological_Process_2023,Chemical Synaptic Transmission (GO:0007268),1/273,0.7478760316439829,0.7659116272624069,0,0,0.7289067142008319,0.2117605556665016,GRIK3
GO_Biological_Process_2023,Positive Regulation Of DNA-templated Transcription (GO:0045893),5/1243,0.7521886339656535,0.7690917493356683,0,0,0.7933849162486183,0.2259307496403367,TFAP2B;IL11;TFAP2C;UHRF1;CEBPE
GO_Biological_Process_2023,Regulation Of DNA-templated Transcription (GO:0006355),8/1922,0.7565083876215087,0.7722689790302901,0,0,0.8171368861024033,0.2280152318465579,TOX4;TFAP2B;TFAP2C;DACH1;CEBPE;IRX4;SNAI2;MCM2
GO_Biological_Process_2023,Central Nervous System Development (GO:0007417),1/283,0.7603717602207258,0.773733615423413,0,0,0.7027007665305538,0.1925033340493977,CNTN6
GO_Biological_Process_2023,Transmembrane Receptor Protein Tyrosine Kinase Signaling Pathway (GO:0007169),1/284,0.7615870908484772,0.773733615423413,0,0,0.7001820323375094,0.1906950986258781,NTF4
GO_Biological_Process_2023,Inorganic Cation Transmembrane Transport (GO:0098662),1/284,0.7615870908484772,0.773733615423413,0,0,0.7001820323375094,0.1906950986258781,RHAG
GO_Biological_Process_2023,Proteasome-Mediated Ubiquitin-Dependent Protein Catabolic Process (GO:0043161),1/319,0.800487119011081,0.8119590681688832,0,0,0.6220062257798107,0.1384180545980848,UBE2C
GO_Biological_Process_2023,Intracellular Protein Transport (GO:0006886),1/325,0.8064934843181244,0.8167509531170831,0,0,0.6103005362264622,0.1312509040089776,FAM53A
GO_Biological_Process_2023,Protein-Containing Complex Assembly (GO:0065003),1/328,0.809429181545872,0.8184228391186038,0,0,0.6046087789207055,0.1278300119944724,COL16A1
GO_Biological_Process_2023,Negative Regulation Of Cell Population Proliferation (GO:0008285),1/379,0.8530956281489461,0.8612074724736587,0,0,0.5216717438939661,0.0828851002051982,TFAP2B
GO_Biological_Process_2023,Vesicle-Mediated Transport (GO:0016192),1/411,0.8752705807391614,0.8821951897639966,0,0,0.4801675289480167,0.0639689771186486,RAB44
GO_Biological_Process_2023,Organelle Organization (GO:0006996),1/418,0.8796606214600934,0.8852192983729533,0,0,0.4719376014340043,0.0605114160819505,CDCA8
GO_Biological_Process_2023,Nervous System Development (GO:0007399),1/433,0.8885593282858228,0.8927638676941153,0,0,0.4552001496445941,0.0537836547902817,CNTN6
GO_Biological_Process_2023,Regulation Of Nucleic Acid-Templated Transcription (GO:1903506),1/452,0.8989012362084778,0.90173242120441,0,0,0.4355976617617416,0.0464269179704126,SNAI2
GO_Biological_Process_2023,Negative Regulation Of Cellular Process (GO:0048523),1/537,0.9346848732652404,0.9361545035691168,0,0,0.3649178350670888,0.024648681862273,TFAP2B
GO_Biological_Process_2023,Positive Regulation Of Nucleic Acid-Templated Transcription (GO:1903508),1/557,0.9410816460893344,0.9410816460893344,0,0,0.3514279485502507,0.0213405949881525,TFAP2B
