human_ensembl_id,human_gene_name,lemur_ensembl_id
ENSG00000198888,MT-ND1,ENSMICG00000037902
ENSG00000198763,MT-ND2,ENSMICG00000038730
ENSG00000198804,MT-CO1,ENSMICG00000028845
ENSG00000198712,MT-CO2,ENSMICG00000029103
ENSG00000228253,MT-ATP8,ENSMICG00000029115
ENSG00000198899,MT-ATP6,ENSMICG00000036548
ENSG00000198938,MT-CO3,ENSMICG00000031598
ENSG00000198840,MT-ND3,ENSMICG00000027348
ENSG00000212907,MT-ND4L,ENSMICG00000037683
ENSG00000198886,MT-ND4,ENSMICG00000032407
ENSG00000198786,MT-ND5,ENSMICG00000026565
ENSG00000198695,MT-ND6,ENSMICG00000028801
ENSG00000198727,MT-CYB,ENSMICG00000037851
ENSG00000067048,DDX3Y,ENSMICG00000045639
ENSG00000154646,TMPRSS15,ENSMICG00000001943
ENSG00000154654,NCAM2,ENSMICG00000001626
ENSG00000159256,MORC3,ENSMICG00000007884
ENSG00000154645,CHODL,ENSMICG00000001940
ENSG00000278189,RNA5-8SN1,ENSMICG00000042697
ENSG00000252963,RN7SKP147,ENSMICG00000026149
ENSG00000212609,RNU1-139P,ENSMICG00000018181
ENSG00000199698,Y_RNA,ENSMICG00000042856
ENSG00000200792,SNORA80A,ENSMICG00000022625
ENSG00000211590,MIR802,ENSMICG00000019100
ENSG00000159263,SIM2,ENSMICG00000013168
ENSG00000183145,RIPPLY3,ENSMICG00000031167
ENSG00000160208,RRP1B,ENSMICG00000004686
ENSG00000160216,AGPAT3,ENSMICG00000047320
ENSG00000183036,PCP4,ENSMICG00000015516
ENSG00000171587,DSCAM,ENSMICG00000042048
ENSG00000183421,RIPK4,ENSMICG00000038490
ENSG00000160181,TFF2,ENSMICG00000011183
ENSG00000160182,TFF1,ENSMICG00000045652
ENSG00000160185,UBASH3A,ENSMICG00000000050
ENSG00000234289,H2BC12L,ENSMICG00000047441
ENSG00000142182,DNMT3L,ENSMICG00000048144
ENSG00000160226,CFAP410,ENSMICG00000026921
ENSG00000221398,,ENSMICG00000022128
ENSG00000184221,OLIG1,ENSMICG00000028171
ENSG00000177398,UMODL1,ENSMICG00000016376
ENSG00000182591,KRTAP11-1,ENSMICG00000010543
ENSG00000206102,KRTAP19-8,ENSMICG00000044709
ENSG00000188992,LIPI,ENSMICG00000004142
ENSG00000160294,MCM3AP,ENSMICG00000000801
ENSG00000150361,KLHL1,ENSMICG00000005245
ENSG00000182670,TTC3,ENSMICG00000006423
ENSG00000150893,FREM2,ENSMICG00000003191
ENSG00000174015,CBY2,ENSMICG00000037001
ENSG00000152192,POU4F1,ENSMICG00000011538
ENSG00000188811,NHLRC3,ENSMICG00000010249
ENSG00000102837,OLFM4,ENSMICG00000001798
ENSG00000139734,DIAPH3,ENSMICG00000011388
ENSG00000244362,KRTAP19-7,ENSMICG00000031600
ENSG00000201025,SNORD74B,ENSMICG00000021308
ENSG00000207638,MIR99A,ENSMICG00000019689
ENSG00000199030,MIRLET7C,ENSMICG00000018983
ENSG00000207863,MIR125B2,ENSMICG00000033176
ENSG00000239023,RNU1-98P,ENSMICG00000043417
ENSG00000186930,KRTAP6-2,ENSMICG00000034660
ENSG00000184724,KRTAP6-1,ENSMICG00000034583
ENSG00000160299,PCNT,ENSMICG00000000816
ENSG00000159140,SON,ENSMICG00000033920
ENSG00000118946,PCDH17,ENSMICG00000008032
ENSG00000136141,LRCH1,ENSMICG00000000870
ENSG00000182968,SOX1,ENSMICG00000026656
ENSG00000041515,MYO16,ENSMICG00000000221
ENSG00000159200,RCAN1,ENSMICG00000011975
ENSG00000185950,IRS2,ENSMICG00000028364
ENSG00000153498,SPACA7,ENSMICG00000047839
ENSG00000204442,NALF1,ENSMICG00000007531
ENSG00000185974,GRK1,ENSMICG00000010545
ENSG00000122042,UBL3,ENSMICG00000033508
ENSG00000171189,GRIK1,ENSMICG00000000648
ENSG00000179813,FAM216B,ENSMICG00000007430
ENSG00000252397,RNU5A-4P,ENSMICG00000025998
ENSG00000251715,,ENSMICG00000025280
ENSG00000206697,RNY1P8,ENSMICG00000044544
ENSG00000222486,RNU6-77P,ENSMICG00000046096
ENSG00000206812,RNU6-38P,ENSMICG00000043014
ENSG00000252550,,ENSMICG00000033066
ENSG00000207157,RNY3P4,ENSMICG00000042841
ENSG00000198553,KCNRG,ENSMICG00000042205
ENSG00000283785,MIR15A,ENSMICG00000019256
ENSG00000150510,FAM124A,ENSMICG00000008100
ENSG00000189167,ZAR1L,ENSMICG00000037332
ENSG00000243927,MRPS6,ENSMICG00000027621
ENSG00000133111,RFXAP,ENSMICG00000030008
ENSG00000215475,SIAH3,ENSMICG00000028829
ENSG00000175820,CCDC168,ENSMICG00000033295
ENSG00000253051,SNORA31B,ENSMICG00000037997
ENSG00000199477,SNORA31,ENSMICG00000019858
ENSG00000178235,SLITRK1,ENSMICG00000005389
ENSG00000120696,KBTBD7,ENSMICG00000014566
ENSG00000166265,CYYR1,ENSMICG00000032849
ENSG00000125249,RAP2A,ENSMICG00000041924
ENSG00000160202,CRYAA,ENSMICG00000035380
ENSG00000222726,RNU2-7P,ENSMICG00000022921
ENSG00000180730,SHISA2,ENSMICG00000045032
ENSG00000133105,RXFP2,ENSMICG00000011921
ENSG00000073910,FRY,ENSMICG00000011937
ENSG00000207325,RNY1P4,ENSMICG00000021317
ENSG00000206920,RNY1P6,ENSMICG00000023631
ENSG00000242893,RN7SL413P,ENSMICG00000034774
ENSG00000102524,TNFSF13B,ENSMICG00000000219
ENSG00000132932,ATP8A2,ENSMICG00000000413
ENSG00000151835,SACS,ENSMICG00000034895
ENSG00000231824,AKAIN1,ENSMICG00000034961
ENSG00000132874,SLC14A2,ENSMICG00000017495
ENSG00000178695,KCTD12,ENSMICG00000002666
ENSG00000102805,CLN5,ENSMICG00000036480
ENSG00000134489,HRH4,ENSMICG00000027852
ENSG00000253309,SERPINE3,ENSMICG00000029125
ENSG00000177511,ST8SIA3,ENSMICG00000003063
ENSG00000139780,METTL21C,ENSMICG00000010237
ENSG00000125255,SLC10A2,ENSMICG00000010300
ENSG00000199605,RNY4P24,ENSMICG00000046976
ENSG00000139675,HNRNPA1L2,ENSMICG00000030696
ENSG00000081138,CDH7,ENSMICG00000031244
ENSG00000043355,ZIC2,ENSMICG00000015310
ENSG00000139800,ZIC5,ENSMICG00000044440
ENSG00000169840,GSX1,ENSMICG00000044124
ENSG00000166603,MC4R,ENSMICG00000038383
ENSG00000139515,PDX1,ENSMICG00000043487
ENSG00000172915,NBEA,ENSMICG00000031103
ENSG00000101542,CDH20,ENSMICG00000032447
ENSG00000141428,C18orf21,ENSMICG00000011596
ENSG00000141424,SLC39A6,ENSMICG00000029254
ENSG00000102678,FGF9,ENSMICG00000029695
ENSG00000166573,GALR1,ENSMICG00000036654
ENSG00000244197,RN7SL766P,ENSMICG00000036526
ENSG00000197971,MBP,ENSMICG00000004041
ENSG00000120659,TNFSF11,ENSMICG00000028647
ENSG00000253710,ALG11,ENSMICG00000033695
ENSG00000173988,LRRC63,ENSMICG00000038107
ENSG00000280165,PCDH20,ENSMICG00000032560
ENSG00000212293,,ENSMICG00000020487
ENSG00000132972,RNF17,ENSMICG00000010364
ENSG00000102471,NDFIP2,ENSMICG00000026359
ENSG00000251994,RNU2-27P,ENSMICG00000023195
ENSG00000212626,,ENSMICG00000041827
ENSG00000207797,MIR187,ENSMICG00000019200
ENSG00000202468,RNU4-17P,ENSMICG00000042764
ENSG00000252555,RNU6-567P,ENSMICG00000043708
ENSG00000239748,RN7SL795P,ENSMICG00000035414
ENSG00000199728,RNU6-655P,ENSMICG00000043474
ENSG00000175065,DSG4,ENSMICG00000007825
ENSG00000186009,ATP4B,ENSMICG00000046425
ENSG00000186047,DLEU7,ENSMICG00000031262
ENSG00000243035,RN7SL810P,ENSMICG00000032535
ENSG00000139737,SLAIN1,ENSMICG00000002711
ENSG00000202093,SNORD58C,ENSMICG00000020479
ENSG00000206602,SNORD58A,ENSMICG00000029894
ENSG00000271982,SNORD58B,ENSMICG00000043276
ENSG00000176624,MEX3C,ENSMICG00000005815
ENSG00000119547,ONECUT2,ENSMICG00000003067
ENSG00000173482,PTPRM,ENSMICG00000001715
ENSG00000133116,KL,ENSMICG00000006234
ENSG00000211579,MIR759,ENSMICG00000028797
ENSG00000136099,PCDH8,ENSMICG00000014653
ENSG00000276644,DACH1,ENSMICG00000031012
ENSG00000201155,RNU1-24P,ENSMICG00000026413
ENSG00000200840,RNU6-82P,ENSMICG00000031423
ENSG00000083635,NUFIP1,ENSMICG00000003419
ENSG00000154856,APCDD1,ENSMICG00000005814
ENSG00000180332,KCTD4,ENSMICG00000041487
ENSG00000151846,PABPC3,ENSMICG00000011830
ENSG00000165566,AMER2,ENSMICG00000046626
ENSG00000120669,SOHLH2,ENSMICG00000002484
ENSG00000221139,,ENSMICG00000021034
ENSG00000252677,,ENSMICG00000045003
ENSG00000171791,BCL2,ENSMICG00000036161
ENSG00000242715,CCDC169,ENSMICG00000046020
ENSG00000176194,CIDEA,ENSMICG00000007492
ENSG00000134762,DSC3,ENSMICG00000004345
ENSG00000134765,DSC1,ENSMICG00000007794
ENSG00000102794,ACOD1,ENSMICG00000027082
ENSG00000251753,RNU6-75P,ENSMICG00000025092
ENSG00000183098,GPC6,ENSMICG00000007601
ENSG00000134760,DSG1,ENSMICG00000007801
ENSG00000080166,DCT,ENSMICG00000007611
ENSG00000154611,PSMA8,ENSMICG00000008199
ENSG00000125285,SOX21,ENSMICG00000030929
ENSG00000185352,HS6ST3,ENSMICG00000008104
ENSG00000242614,RN7SL164P,ENSMICG00000030681
ENSG00000131196,NFATC1,ENSMICG00000030578
ENSG00000198033,TUBA3C,ENSMICG00000033124
ENSG00000179399,GPC5,ENSMICG00000030886
ENSG00000183463,URAD,ENSMICG00000037063
ENSG00000242360,RN7SL272P,ENSMICG00000030624
ENSG00000139618,BRCA2,ENSMICG00000041755
ENSG00000153487,ING1,ENSMICG00000036650
ENSG00000122034,GTF3A,ENSMICG00000014763
ENSG00000053747,LAMA3,ENSMICG00000009335
ENSG00000201161,RN7SKP10,ENSMICG00000037116
ENSG00000226792,C13orf42,ENSMICG00000047001
ENSG00000200526,RNY4P14,ENSMICG00000043839
ENSG00000207500,SNORD102,ENSMICG00000021476
ENSG00000207051,SNORA27,ENSMICG00000036340
ENSG00000141404,GNAL,ENSMICG00000001922
ENSG00000141434,MEP1B,ENSMICG00000044828
ENSG00000167210,LOXHD1,ENSMICG00000001316
ENSG00000197641,SERPINB13,ENSMICG00000001607
ENSG00000206072,SERPINB11,ENSMICG00000029493
ENSG00000178690,DYNAP,ENSMICG00000015413
ENSG00000187773,DIPK1C,ENSMICG00000027176
ENSG00000206043,C18orf63,ENSMICG00000041724
ENSG00000166634,SERPINB12,ENSMICG00000001604
ENSG00000251937,RNU7-129P,ENSMICG00000046036
ENSG00000141391,PRELID3A,ENSMICG00000002779
ENSG00000206418,RAB12,ENSMICG00000030661
ENSG00000141759,TXNL4A,ENSMICG00000031799
ENSG00000101546,RBFA,ENSMICG00000011956
ENSG00000178184,PARD6G,ENSMICG00000011267
ENSG00000200752,Y_RNA,ENSMICG00000045030
ENSG00000202224,Y_RNA,ENSMICG00000020117
ENSG00000091157,WDR7,ENSMICG00000017318
ENSG00000222174,RN7SKP146,ENSMICG00000028559
ENSG00000168454,TXNDC2,ENSMICG00000002887
ENSG00000154864,PIEZO2,ENSMICG00000033336
ENSG00000166960,CCDC178,ENSMICG00000004751
ENSG00000174448,STARD6,ENSMICG00000012563
ENSG00000200750,Y_RNA,ENSMICG00000047682
ENSG00000199977,SNORA73,ENSMICG00000027446
ENSG00000283927,MIR133A1,ENSMICG00000037122
ENSG00000284453,MIR1-2,ENSMICG00000029392
ENSG00000252325,RNU6-1038P,ENSMICG00000041573
ENSG00000200637,RNU5F-3P,ENSMICG00000047948
ENSG00000134443,GRP,ENSMICG00000016066
ENSG00000134438,RAX,ENSMICG00000001928
ENSG00000166569,CPLX4,ENSMICG00000001934
ENSG00000197046,SIGLEC15,ENSMICG00000017497
ENSG00000141431,ASXL3,ENSMICG00000031715
ENSG00000243627,SMIM34,ENSMICG00000028809
ENSG00000079101,CLUL1,ENSMICG00000017333
ENSG00000242550,SERPINB10,ENSMICG00000016513
ENSG00000179981,TSHZ1,ENSMICG00000013601
ENSG00000130856,ZNF236,ENSMICG00000004031
ENSG00000283904,MIR155,ENSMICG00000032169
ENSG00000182093,GET1,ENSMICG00000015808
ENSG00000180011,PTGR3,ENSMICG00000047342
ENSG00000170579,DLGAP1,ENSMICG00000001909
ENSG00000205726,ITSN1,ENSMICG00000007068
ENSG00000187323,DCC,ENSMICG00000003408
ENSG00000171873,ADRA1D,ENSMICG00000048016
ENSG00000125903,DEFB129,ENSMICG00000046620
ENSG00000173404,INSM1,ENSMICG00000037992
ENSG00000185982,DEFB128,ENSMICG00000045242
ENSG00000067900,ROCK1,ENSMICG00000014892
ENSG00000101230,ISM1,ENSMICG00000027224
ENSG00000241866,RN7SL401P,ENSMICG00000038145
ENSG00000215397,SCRT2,ENSMICG00000042886
ENSG00000088782,DEFB127,ENSMICG00000045726
ENSG00000101447,FAM83D,ENSMICG00000037041
ENSG00000158445,KCNB1,ENSMICG00000042395
ENSG00000054803,CBLN4,ENSMICG00000026678
ENSG00000130701,RBBP8NL,ENSMICG00000031675
ENSG00000273524,Metazoa_SRP,ENSMICG00000032698
ENSG00000124225,PMEPA1,ENSMICG00000038326
ENSG00000101115,SALL4,ENSMICG00000000027
ENSG00000179242,CDH4,ENSMICG00000004615
ENSG00000184402,SS18L1,ENSMICG00000032545
ENSG00000196074,SYCP2,ENSMICG00000002560
ENSG00000130702,LAMA5,ENSMICG00000013411
ENSG00000240584,RN7SL547P,ENSMICG00000030359
ENSG00000222281,RN7SKP111,ENSMICG00000035991
ENSG00000207355,RNU6-1257P,ENSMICG00000046193
ENSG00000199017,MIR1-1,ENSMICG00000019255
ENSG00000284508,MIR133A2,ENSMICG00000030852
ENSG00000124232,RBPJL,ENSMICG00000014225
ENSG00000124251,TP53TG5,ENSMICG00000014268
ENSG00000101162,TUBB1,ENSMICG00000037644
ENSG00000125975,C20orf173,ENSMICG00000004178
ENSG00000160282,FTCD,ENSMICG00000002458
ENSG00000197296,FITM2,ENSMICG00000044829
ENSG00000124196,GTSF1L,ENSMICG00000031457
ENSG00000099985,OSM,ENSMICG00000036578
ENSG00000125879,OTOR,ENSMICG00000043592
ENSG00000101074,R3HDML,ENSMICG00000008238
ENSG00000100365,NCF4,ENSMICG00000009009
ENSG00000207598,MIR124-3,ENSMICG00000018824
ENSG00000101197,BIRC7,ENSMICG00000008469
ENSG00000241945,PWP2,ENSMICG00000001002
ENSG00000222439,RNU6-994P,ENSMICG00000030536
ENSG00000101204,CHRNA4,ENSMICG00000035086
ENSG00000100346,CACNA1I,ENSMICG00000002043
ENSG00000125863,MKKS,ENSMICG00000043988
ENSG00000260903,XKR7,ENSMICG00000046283
ENSG00000126003,PLAGL2,ENSMICG00000015948
ENSG00000125998,FAM83C,ENSMICG00000013976
ENSG00000101405,OXT,ENSMICG00000035095
ENSG00000160223,ICOSLG,ENSMICG00000001250
ENSG00000101200,AVP,ENSMICG00000026411
ENSG00000125850,OVOL2,ENSMICG00000032455
ENSG00000159267,HLCS,ENSMICG00000013188
ENSG00000212232,SNORD17,ENSMICG00000021745
ENSG00000266720,RN7SL14P,ENSMICG00000047050
ENSG00000199719,RN7SKP74,ENSMICG00000030181
ENSG00000124104,SNX21,ENSMICG00000011233
ENSG00000176177,ENTHD1,ENSMICG00000039602
ENSG00000160179,ABCG1,ENSMICG00000015133
ENSG00000128342,LIF,ENSMICG00000032126
ENSG00000100106,TRIOBP,ENSMICG00000034426
ENSG00000240639,RN7SL666P,ENSMICG00000032036
ENSG00000252367,Y_RNA,ENSMICG00000046508
ENSG00000212517,,ENSMICG00000033973
ENSG00000101292,PROKR2,ENSMICG00000029162
ENSG00000125888,BANF2,ENSMICG00000032062
ENSG00000198900,TOP1,ENSMICG00000007082
ENSG00000188636,RTL6,ENSMICG00000031689
ENSG00000204103,MAFB,ENSMICG00000007079
ENSG00000130943,PKDREJ,ENSMICG00000000989
ENSG00000138944,SHISAL1,ENSMICG00000008501
ENSG00000142178,SIK1,ENSMICG00000000552
ENSG00000101448,EPPIN,ENSMICG00000007821
ENSG00000124116,WFDC3,ENSMICG00000011205
ENSG00000159216,RUNX1,ENSMICG00000011998
ENSG00000196431,CRYBA4,ENSMICG00000012750
ENSG00000101470,TNNC2,ENSMICG00000011227
ENSG00000157617,C2CD2,ENSMICG00000013844
ENSG00000101188,NTSR1,ENSMICG00000026504
ENSG00000199024,MIR103A2,ENSMICG00000037881
ENSG00000247315,ZCCHC3,ENSMICG00000031267
ENSG00000124098,FAM210B,ENSMICG00000047974
ENSG00000133454,MYO18B,ENSMICG00000011206
ENSG00000124201,ZNFX1,ENSMICG00000002013
ENSG00000160180,TFF3,ENSMICG00000015162
ENSG00000243646,IL10RB,ENSMICG00000006353
ENSG00000209042,SNORD12C,ENSMICG00000035406
ENSG00000222365,SNORD12B,ENSMICG00000027034
ENSG00000212304,SNORD12,ENSMICG00000031617
ENSG00000101336,HCK,ENSMICG00000015910
ENSG00000185272,RBM11,ENSMICG00000037489
ENSG00000142185,TRPM2,ENSMICG00000012499
ENSG00000177732,SOX12,ENSMICG00000035334
ENSG00000184226,PCDH9,ENSMICG00000002338
ENSG00000124257,NEURL2,ENSMICG00000043214
ENSG00000168634,WFDC13,ENSMICG00000011200
ENSG00000149651,SPINT4,ENSMICG00000004503
ENSG00000258713,C20orf141,ENSMICG00000043953
ENSG00000198326,TMEM239,ENSMICG00000016576
ENSG00000125878,TCF15,ENSMICG00000004647
ENSG00000149634,SPATA25,ENSMICG00000043062
ENSG00000125508,SRMS,ENSMICG00000044206
ENSG00000124203,ZNF831,ENSMICG00000028622
ENSG00000243156,MICAL3,ENSMICG00000017231
ENSG00000155304,HSPA13,ENSMICG00000027708
ENSG00000198862,LTN1,ENSMICG00000002822
ENSG00000239742,RN7SL672P,ENSMICG00000036903
ENSG00000201501,Y_RNA,ENSMICG00000021832
ENSG00000125823,CSTL1,ENSMICG00000017903
ENSG00000149635,OCSTAMP,ENSMICG00000010680
ENSG00000158296,SLC13A3,ENSMICG00000010689
ENSG00000184787,UBE2G2,ENSMICG00000013001
ENSG00000124091,GCNT7,ENSMICG00000045498
ENSG00000124140,SLC12A5,ENSMICG00000011367
ENSG00000253007,SNORA50B,ENSMICG00000044596
ENSG00000075275,CELSR1,ENSMICG00000005998
ENSG00000160218,TRAPPC10,ENSMICG00000000992
ENSG00000188677,PARVB,ENSMICG00000014924
ENSG00000125363,AMELX,ENSMICG00000034215
ENSG00000149474,KAT14,ENSMICG00000014378
ENSG00000100138,SNU13,ENSMICG00000013557
ENSG00000125780,TGM3,ENSMICG00000003703
ENSG00000166948,TGM6,ENSMICG00000016494
ENSG00000126010,GRPR,ENSMICG00000026422
ENSG00000208023,MIR185,ENSMICG00000029990
ENSG00000284140,MIR3618,ENSMICG00000029466
ENSG00000284464,MIR1306,ENSMICG00000034664
ENSG00000274309,SNORA71E,ENSMICG00000021517
ENSG00000199266,SNORA60,ENSMICG00000046479
ENSG00000234409,CCDC188,ENSMICG00000032879
ENSG00000101438,SLC32A1,ENSMICG00000037312
ENSG00000185915,KLHL34,ENSMICG00000028251
ENSG00000149646,CNBD2,ENSMICG00000001685
ENSG00000040608,RTN4R,ENSMICG00000027043
ENSG00000157542,KCNJ6,ENSMICG00000010904
ENSG00000250878,METTL21EP,ENSMICG00000047612
ENSG00000149970,CNKSR2,ENSMICG00000002912
ENSG00000160214,RRP1,ENSMICG00000004700
ENSG00000184470,TXNRD2,ENSMICG00000016540
ENSG00000130699,TAF4,ENSMICG00000004029
ENSG00000158901,WFDC8,ENSMICG00000011960
ENSG00000284536,MIR17,ENSMICG00000018900
ENSG00000283815,MIR18A,ENSMICG00000018153
ENSG00000284204,MIR19A,ENSMICG00000035198
ENSG00000283762,MIR20A,ENSMICG00000019038
ENSG00000284375,MIR19B1,ENSMICG00000018257
ENSG00000182035,ADIG,ENSMICG00000032945
ENSG00000283705,MIR92A1,ENSMICG00000018733
ENSG00000201662,RNU6-60P,ENSMICG00000048075
ENSG00000172315,TP53RK,ENSMICG00000030995
ENSG00000102539,MLNR,ENSMICG00000045079
ENSG00000283441,MIR499B,ENSMICG00000017931
ENSG00000124237,CIMIP1,ENSMICG00000035405
ENSG00000124227,ANKRD60,ENSMICG00000001741
ENSG00000167098,SUN5,ENSMICG00000001971
ENSG00000186191,BPIFB4,ENSMICG00000026403
ENSG00000131050,BPIFA2,ENSMICG00000013403
ENSG00000241837,ATP5PO,ENSMICG00000007090
ENSG00000131059,BPIFA3,ENSMICG00000045437
ENSG00000186190,BPIFB3,ENSMICG00000001990
ENSG00000102466,FGF14,ENSMICG00000010747
ENSG00000101444,AHCY,ENSMICG00000003232
ENSG00000102554,KLF5,ENSMICG00000014481
ENSG00000102445,RUBCNL,ENSMICG00000011034
ENSG00000101003,GINS1,ENSMICG00000037715
ENSG00000157540,DYRK1A,ENSMICG00000010871
ENSG00000073150,PANX2,ENSMICG00000037105
ENSG00000088386,SLC15A1,ENSMICG00000012796
ENSG00000207932,MIR33A,ENSMICG00000027383
ENSG00000100292,HMOX1,ENSMICG00000041807
ENSG00000054796,SPO11,ENSMICG00000000678
ENSG00000166862,CACNG2,ENSMICG00000012177
ENSG00000100191,SLC5A4,ENSMICG00000008997
ENSG00000132819,RBM38,ENSMICG00000038011
ENSG00000204548,DEFB121,ENSMICG00000014655
ENSG00000180424,DEFB123,ENSMICG00000028026
ENSG00000180383,DEFB124,ENSMICG00000032367
ENSG00000197183,NOL4L,ENSMICG00000006651
ENSG00000185264,CIMIP4,ENSMICG00000009029
ENSG00000207227,RNU6-900P,ENSMICG00000023804
ENSG00000182957,SPATA13,ENSMICG00000005346
ENSG00000124134,KCNS1,ENSMICG00000000984
ENSG00000161180,CCDC116,ENSMICG00000036923
ENSG00000169906,S100G,ENSMICG00000034068
ENSG00000212102,MIR301B,ENSMICG00000031388
ENSG00000168703,WFDC12,ENSMICG00000000986
ENSG00000215545,DEFB116,ENSMICG00000044698
ENSG00000100023,PPIL2,ENSMICG00000002163
ENSG00000131068,DEFB118,ENSMICG00000047648
ENSG00000125813,PAX1,ENSMICG00000016968
ENSG00000102043,MTMR8,ENSMICG00000001717
ENSG00000175121,WFDC5,ENSMICG00000046725
ENSG00000088881,EBF4,ENSMICG00000016566
ENSG00000008086,CDKL5,ENSMICG00000004179
ENSG00000131044,TTLL9,ENSMICG00000015874
ENSG00000160201,U2AF1,ENSMICG00000013835
ENSG00000126218,F10,ENSMICG00000028391
ENSG00000100027,YPEL1,ENSMICG00000035087
ENSG00000183798,EMILIN3,ENSMICG00000016636
ENSG00000130590,SAMD10,ENSMICG00000041905
ENSG00000101251,SEL1L2,ENSMICG00000011457
ENSG00000200976,Y_RNA,ENSMICG00000042971
ENSG00000122025,FLT3,ENSMICG00000016201
ENSG00000100003,SEC14L2,ENSMICG00000010092
ENSG00000172264,MACROD2,ENSMICG00000038471
ENSG00000102804,TSC22D1,ENSMICG00000035276
ENSG00000147081,AKAP4,ENSMICG00000027376
ENSG00000199570,RNU6-228P,ENSMICG00000041545
ENSG00000102221,JADE3,ENSMICG00000043701
ENSG00000185513,L3MBTL1,ENSMICG00000015115
ENSG00000133115,STOML3,ENSMICG00000003204
ENSG00000132975,GPR12,ENSMICG00000045060
ENSG00000222915,RNU6-564P,ENSMICG00000046472
ENSG00000187601,MAGEH1,ENSMICG00000017394
ENSG00000080618,CPB2,ENSMICG00000005613
ENSG00000156239,HEMK2,ENSMICG00000045182
ENSG00000206203,TSSK2,ENSMICG00000008686
ENSG00000063515,GSC2,ENSMICG00000043796
ENSG00000196468,FGF16,ENSMICG00000004689
ENSG00000100218,RSPH14,ENSMICG00000015670
ENSG00000147183,CPXCR1,ENSMICG00000002763
ENSG00000240160,RN7SL263P,ENSMICG00000031428
ENSG00000174740,PABPC5,ENSMICG00000041706
ENSG00000156299,TIAM1,ENSMICG00000016829
ENSG00000174225,ARL13A,ENSMICG00000014153
ENSG00000165288,BRWD3,ENSMICG00000007517
ENSG00000170191,NANP,ENSMICG00000027386
ENSG00000053438,NNAT,ENSMICG00000033762
ENSG00000120675,DNAJC15,ENSMICG00000036429
ENSG00000151778,SERP2,ENSMICG00000047343
ENSG00000201348,RNU105B,ENSMICG00000041944
ENSG00000158813,EDA,ENSMICG00000015968
ENSG00000118922,KLF12,ENSMICG00000005731
ENSG00000182621,PLCB1,ENSMICG00000006563
ENSG00000165475,CRYL1,ENSMICG00000037380
ENSG00000198934,MAGEE1,ENSMICG00000027953
ENSG00000102760,RGCC,ENSMICG00000027653
ENSG00000100207,TCF20,ENSMICG00000012650
ENSG00000057593,F7,ENSMICG00000032148
ENSG00000170925,TEX13B,ENSMICG00000036293
ENSG00000217442,SYCE3,ENSMICG00000034240
ENSG00000047597,XK,ENSMICG00000047814
ENSG00000047648,ARHGAP6,ENSMICG00000014376
ENSG00000189060,H1-0,ENSMICG00000035359
ENSG00000184949,FAM227A,ENSMICG00000011770
ENSG00000100249,C22orf31,ENSMICG00000045788
ENSG00000154642,C21orf91,ENSMICG00000027389
ENSG00000100034,PPM1F,ENSMICG00000000343
ENSG00000136153,LMO7,ENSMICG00000014340
ENSG00000159231,CBR3,ENSMICG00000002179
ENSG00000196767,POU3F4,ENSMICG00000017301
ENSG00000183035,CYLC1,ENSMICG00000010585
ENSG00000147223,RIPPLY1,ENSMICG00000015682
ENSG00000211643,IGLV5-52,ENSMICG00000044801
ENSG00000182463,TSHZ2,ENSMICG00000035295
ENSG00000223350,IGLV9-49,ENSMICG00000045972
ENSG00000171940,ZNF217,ENSMICG00000009450
ENSG00000186767,SPIN4,ENSMICG00000033616
ENSG00000234965,SHISA8,ENSMICG00000042512
ENSG00000198354,DCAF12L2,ENSMICG00000004409
ENSG00000223190,RN7SKP100,ENSMICG00000023491
ENSG00000128313,APOL5,ENSMICG00000047688
ENSG00000196090,PTPRT,ENSMICG00000008488
ENSG00000100053,CRYBB3,ENSMICG00000014410
ENSG00000073169,SELENOO,ENSMICG00000017789
ENSG00000205670,SMIM11,ENSMICG00000011972
ENSG00000100154,TTC28,ENSMICG00000012266
ENSG00000102239,BRS3,ENSMICG00000047770
ENSG00000125779,PANK2,ENSMICG00000005680
ENSG00000198881,ASB12,ENSMICG00000044958
ENSG00000276950,GSTT4,ENSMICG00000045209
ENSG00000184675,AMER1,ENSMICG00000000956
ENSG00000141956,PRDM15,ENSMICG00000013783
ENSG00000184459,BPIFC,ENSMICG00000013327
ENSG00000128165,ADM2,ENSMICG00000043329
ENSG00000182712,CMC4,ENSMICG00000046262
ENSG00000283990,MIRLET7A3,ENSMICG00000018465
ENSG00000252225,Y_RNA,ENSMICG00000041727
ENSG00000184571,PIWIL3,ENSMICG00000029782
ENSG00000182195,LDOC1,ENSMICG00000034780
ENSG00000102195,GPR50,ENSMICG00000034484
ENSG00000252540,RNU6-919P,ENSMICG00000020553
ENSG00000188263,IL17REL,ENSMICG00000007459
ENSG00000166049,PASD1,ENSMICG00000043308
ENSG00000239547,RN7SL843P,ENSMICG00000028769
ENSG00000124249,KCNK15,ENSMICG00000008293
ENSG00000101098,RIMS4,ENSMICG00000042022
ENSG00000187905,LRRC74B,ENSMICG00000027262
ENSG00000101327,PDYN,ENSMICG00000031304
ENSG00000238875,RN7SKP210,ENSMICG00000022891
ENSG00000225528,TMA7B,ENSMICG00000042759
ENSG00000185010,F8,ENSMICG00000029671
ENSG00000185686,PRAME,ENSMICG00000047428
ENSG00000183631,PRR32,ENSMICG00000000543
ENSG00000251955,RNU6-27P,ENSMICG00000031418
ENSG00000155966,AFF2,ENSMICG00000011580
ENSG00000101144,BMP7,ENSMICG00000005700
ENSG00000241693,RN7SL704P,ENSMICG00000028043
ENSG00000100036,SLC35E4,ENSMICG00000008518
ENSG00000128285,MCHR1,ENSMICG00000008864
ENSG00000215529,EFCAB8,ENSMICG00000036641
ENSG00000100201,DDX17,ENSMICG00000011601
ENSG00000142168,SOD1,ENSMICG00000005253
ENSG00000156920,ADGRG4,ENSMICG00000035091
ENSG00000149488,TMC2,ENSMICG00000016538
ENSG00000155961,RAB39B,ENSMICG00000044410
ENSG00000212498,SNORD86,ENSMICG00000022064
ENSG00000186310,NAP1L3,ENSMICG00000001406
ENSG00000172216,CEBPB,ENSMICG00000035606
ENSG00000204019,CT83,ENSMICG00000029868
ENSG00000132965,ALOX5AP,ENSMICG00000001953
ENSG00000156253,RWDD2B,ENSMICG00000034054
ENSG00000100079,LGALS2,ENSMICG00000003748
ENSG00000212214,SNORA48B,ENSMICG00000047266
ENSG00000133101,CCNA1,ENSMICG00000002509
ENSG00000239333,RN7SL658P,ENSMICG00000027806
ENSG00000206639,Y_RNA,ENSMICG00000042741
ENSG00000138892,TTLL8,ENSMICG00000042232
ENSG00000206983,RNU6-49P,ENSMICG00000031884
ENSG00000207758,MIR532,ENSMICG00000018211
ENSG00000207768,MIR188,ENSMICG00000019080
ENSG00000207785,MIR500A,ENSMICG00000046202
ENSG00000239057,MIR500B,ENSMICG00000046507
ENSG00000207970,MIR660,ENSMICG00000018070
ENSG00000272080,MIR502,ENSMICG00000018042
ENSG00000142149,HUNK,ENSMICG00000035191
ENSG00000284567,MIR223,ENSMICG00000018152
ENSG00000211991,MIR676,ENSMICG00000027122
ENSG00000199601,RNU6-562P,ENSMICG00000032051
ENSG00000196588,MRTFA,ENSMICG00000005671
ENSG00000200635,Y_RNA,ENSMICG00000047621
ENSG00000212495,RNU6-332P,ENSMICG00000038047
ENSG00000277717,U6,ENSMICG00000025173
ENSG00000252016,,ENSMICG00000025407
ENSG00000199051,MIR361,ENSMICG00000018182
ENSG00000184900,SUMO3,ENSMICG00000036688
ENSG00000271907,SNORA35B,ENSMICG00000025242
ENSG00000212241,Y_RNA,ENSMICG00000026021
ENSG00000252441,,ENSMICG00000044656
ENSG00000207363,Y_RNA,ENSMICG00000020587
ENSG00000207033,RNU6-154P,ENSMICG00000042834
ENSG00000207041,RNU6-3P,ENSMICG00000045336
ENSG00000199878,RN7SKP149,ENSMICG00000024038
ENSG00000132952,USPL1,ENSMICG00000045622
ENSG00000173276,ZBTB21,ENSMICG00000042192
ENSG00000186810,CXCR3,ENSMICG00000038479
ENSG00000215474,SKOR2,ENSMICG00000031129
ENSG00000160188,RSPH1,ENSMICG00000000051
ENSG00000136108,CKAP2,ENSMICG00000006824
ENSG00000102178,UBL4A,ENSMICG00000016459
ENSG00000252491,RNU1-142P,ENSMICG00000018088
ENSG00000160191,PDE9A,ENSMICG00000016258
ENSG00000134757,DSG3,ENSMICG00000033166
ENSG00000184058,TBX1,ENSMICG00000028907
ENSG00000102743,SLC25A15,ENSMICG00000007218
ENSG00000005302,MSL3,ENSMICG00000014399
ENSG00000158270,COLEC12,ENSMICG00000004528
ENSG00000123179,EBPL,ENSMICG00000006640
ENSG00000180957,PITPNB,ENSMICG00000012254
ENSG00000046604,DSG2,ENSMICG00000013819
ENSG00000150459,SAP18,ENSMICG00000046836
ENSG00000088387,DOCK9,ENSMICG00000008131
ENSG00000169184,MN1,ENSMICG00000036966
ENSG00000222698,Y_RNA,ENSMICG00000044608
ENSG00000199515,Y_RNA,ENSMICG00000042104
ENSG00000211672,IGLV4-3,ENSMICG00000046271
ENSG00000166401,SERPINB8,ENSMICG00000016522
ENSG00000118271,TTR,ENSMICG00000013838
ENSG00000134755,DSC2,ENSMICG00000004351
ENSG00000153495,TEX29,ENSMICG00000040169
ENSG00000134873,CLDN10,ENSMICG00000044281
ENSG00000275942,,ENSMICG00000030515
ENSG00000150456,EEF1AKMT1,ENSMICG00000004634
ENSG00000128218,VPREB3,ENSMICG00000042335
ENSG00000128408,RIBC2,ENSMICG00000005719
ENSG00000251985,RNU6-1161P,ENSMICG00000025009
ENSG00000241360,PDXP,ENSMICG00000003819
ENSG00000198832,SELENOM,ENSMICG00000008556
ENSG00000134871,COL4A2,ENSMICG00000006977
ENSG00000206795,Y_RNA,ENSMICG00000043526
ENSG00000196664,TLR7,ENSMICG00000030654
ENSG00000100167,SEPTIN3,ENSMICG00000003589
ENSG00000207220,RNU1-57P,ENSMICG00000019653
ENSG00000240327,RN7SL93P,ENSMICG00000030379
ENSG00000139832,RAB20,ENSMICG00000045712
ENSG00000185666,SYN3,ENSMICG00000013351
ENSG00000147117,ZNF157,ENSMICG00000017445
ENSG00000130054,NALF2,ENSMICG00000037349
ENSG00000251807,RNU6-202P,ENSMICG00000038728
ENSG00000130638,ATXN10,ENSMICG00000011917
ENSG00000188064,WNT7B,ENSMICG00000013734
ENSG00000165195,PIGA,ENSMICG00000003170
ENSG00000078043,PIAS2,ENSMICG00000013229
ENSG00000073146,MOV10L1,ENSMICG00000007267
ENSG00000102755,FLT1,ENSMICG00000016251
ENSG00000275268,U7,ENSMICG00000025681
ENSG00000206075,SERPINB5,ENSMICG00000001596
ENSG00000133477,FAM83F,ENSMICG00000016129
ENSG00000101746,NOL4,ENSMICG00000010137
ENSG00000251322,SHANK3,ENSMICG00000029739
ENSG00000271886,MIR98,ENSMICG00000018345
ENSG00000208012,MIRLET7F2,ENSMICG00000019044
ENSG00000050030,NEXMIF,ENSMICG00000028218
ENSG00000186654,PRR5,ENSMICG00000044670
ENSG00000147224,PRPS1,ENSMICG00000001929
ENSG00000152217,SETBP1,ENSMICG00000017494
ENSG00000102001,CACNA1F,ENSMICG00000006356
ENSG00000141665,FBXO15,ENSMICG00000035240
ENSG00000123191,ATP7B,ENSMICG00000005249
ENSG00000172361,CFAP53,ENSMICG00000006410
ENSG00000134504,KCTD1,ENSMICG00000002325
ENSG00000200683,RNU6-379P,ENSMICG00000026162
ENSG00000206052,DOK6,ENSMICG00000027937
ENSG00000169575,VPREB1,ENSMICG00000033708
ENSG00000206069,LHFPL7,ENSMICG00000047942
ENSG00000100304,TTLL12,ENSMICG00000013571
ENSG00000166396,SERPINB7,ENSMICG00000031364
ENSG00000185133,INPP5J,ENSMICG00000008559
ENSG00000198795,ZNF521,ENSMICG00000006267
ENSG00000188021,UBQLN2,ENSMICG00000027033
ENSG00000085224,ATRX,ENSMICG00000013935
ENSG00000166562,SEC11C,ENSMICG00000016052
ENSG00000226742,HSBP1L1,ENSMICG00000028958
ENSG00000166140,ZFYVE19,ENSMICG00000005962
ENSG00000171885,AQP4,ENSMICG00000002328
ENSG00000185053,SGCZ,ENSMICG00000001439
ENSG00000159167,STC1,ENSMICG00000032857
ENSG00000156687,UNC5D,ENSMICG00000003083
ENSG00000167306,MYO5B,ENSMICG00000005287
ENSG00000182256,GABRG3,ENSMICG00000000033
ENSG00000101842,VSIG1,ENSMICG00000002054
ENSG00000000005,TNMD,ENSMICG00000011361
ENSG00000185634,SHC4,ENSMICG00000035080
ENSG00000092964,DPYSL2,ENSMICG00000015794
ENSG00000147256,ARHGAP36,ENSMICG00000001343
ENSG00000150477,KIAA1328,ENSMICG00000006976
ENSG00000171877,FRMD5,ENSMICG00000010203
ENSG00000075673,ATP12A,ENSMICG00000007697
ENSG00000200620,,ENSMICG00000022154
ENSG00000200566,RNU5F-7P,ENSMICG00000044752
ENSG00000102786,INTS6,ENSMICG00000008106
ENSG00000147454,SLC25A37,ENSMICG00000034841
ENSG00000102230,PCYT1B,ENSMICG00000009068
ENSG00000101695,RNF125,ENSMICG00000044153
ENSG00000177669,MBOAT4,ENSMICG00000044757
ENSG00000221890,NPTXR,ENSMICG00000006434
ENSG00000147459,DOCK5,ENSMICG00000016726
ENSG00000004848,ARX,ENSMICG00000044540
ENSG00000168502,MTCL1,ENSMICG00000002310
ENSG00000103657,HERC1,ENSMICG00000007158
ENSG00000101577,LPIN2,ENSMICG00000017575
ENSG00000102387,TAF7L,ENSMICG00000015583
ENSG00000104660,LEPROTL1,ENSMICG00000036863
ENSG00000120498,TEX11,ENSMICG00000009408
ENSG00000188342,GTF2F2,ENSMICG00000002021
ENSG00000120907,ADRA1A,ENSMICG00000015812
ENSG00000188779,SKOR1,ENSMICG00000006148
ENSG00000167034,NKX3-1,ENSMICG00000011189
ENSG00000136159,NUDT15,ENSMICG00000042635
ENSG00000197705,KLHL14,ENSMICG00000032905
ENSG00000152520,PAN3,ENSMICG00000016237
ENSG00000129028,THAP10,ENSMICG00000030210
ENSG00000171956,FOXB1,ENSMICG00000017700
ENSG00000134779,TPGS2,ENSMICG00000006971
ENSG00000137880,GCHFR,ENSMICG00000033887
ENSG00000197892,KIF13B,ENSMICG00000010427
ENSG00000085185,BCORL1,ENSMICG00000015994
ENSG00000151287,TEX30,ENSMICG00000010242
ENSG00000183324,REC114,ENSMICG00000014616
ENSG00000167139,TBC1D21,ENSMICG00000015237
ENSG00000123576,ESX1,ENSMICG00000043140
ENSG00000186866,POFUT2,ENSMICG00000035479
ENSG00000122122,SASH3,ENSMICG00000026483
ENSG00000169018,FEM1B,ENSMICG00000028605
ENSG00000133083,DCLK1,ENSMICG00000014330
ENSG00000138622,HCN4,ENSMICG00000007449
ENSG00000102359,SRPX2,ENSMICG00000017915
ENSG00000213578,CPLX3,ENSMICG00000041612
ENSG00000104679,R3HCC1,ENSMICG00000011146
ENSG00000005812,FBXL3,ENSMICG00000002671
ENSG00000207633,MIR505,ENSMICG00000018406
ENSG00000203933,CXorf66,ENSMICG00000042583
ENSG00000183287,CCBE1,ENSMICG00000036056
ENSG00000208013,MIR652,ENSMICG00000018279
ENSG00000206622,SNORA69,ENSMICG00000022081
ENSG00000206677,Y_RNA,ENSMICG00000024488
ENSG00000152193,OBI1,ENSMICG00000031669
ENSG00000166342,NETO1,ENSMICG00000007872
ENSG00000188266,HYKK,ENSMICG00000016532
ENSG00000136110,CNMD,ENSMICG00000038059
ENSG00000206646,Y_RNA,ENSMICG00000036992
ENSG00000160213,CSTB,ENSMICG00000031601
ENSG00000091656,ZFHX4,ENSMICG00000008252
ENSG00000160221,GATD3,ENSMICG00000001007
ENSG00000166173,LARP6,ENSMICG00000011234
ENSG00000199622,RN7SKP20,ENSMICG00000022405
ENSG00000206936,RNU4-52P,ENSMICG00000045985
ENSG00000101654,RNMT,ENSMICG00000001422
ENSG00000069667,RORA,ENSMICG00000010861
ENSG00000164749,HNF4G,ENSMICG00000038571
ENSG00000169551,CT55,ENSMICG00000047795
ENSG00000102780,DGKH,ENSMICG00000017492
ENSG00000185658,BRWD1,ENSMICG00000013213
ENSG00000156103,MMP16,ENSMICG00000009208
ENSG00000101890,GUCY2F,ENSMICG00000042725
ENSG00000205667,ARSH,ENSMICG00000009734
ENSG00000147613,PSKH2,ENSMICG00000015406
ENSG00000255302,EID1,ENSMICG00000028947
ENSG00000176225,RTTN,ENSMICG00000014111
ENSG00000140443,IGF1R,ENSMICG00000010119
ENSG00000164893,SLC7A13,ENSMICG00000006367
ENSG00000185015,CA13,ENSMICG00000045686
ENSG00000265817,FSBP,ENSMICG00000035643
ENSG00000126217,MCF2L,ENSMICG00000033069
ENSG00000184672,RALYL,ENSMICG00000005558
ENSG00000103995,CEP152,ENSMICG00000012585
ENSG00000164794,KCNV1,ENSMICG00000044286
ENSG00000147432,CHRNB3,ENSMICG00000010710
ENSG00000102174,PHEX,ENSMICG00000000193
ENSG00000156486,KCNS2,ENSMICG00000047216
ENSG00000160209,PDXK,ENSMICG00000004696
ENSG00000184302,SIX6,ENSMICG00000047804
ENSG00000099399,MAGEB2,ENSMICG00000012169
ENSG00000100625,SIX4,ENSMICG00000003524
ENSG00000156509,FBXO43,ENSMICG00000041879
ENSG00000102287,GABRE,ENSMICG00000045186
ENSG00000238819,,ENSMICG00000025365
ENSG00000151838,CCDC175,ENSMICG00000012495
ENSG00000199730,RN7SKP95,ENSMICG00000024109
ENSG00000200252,Y_RNA,ENSMICG00000044810
ENSG00000277413,,ENSMICG00000027203
ENSG00000276696,Y_RNA,ENSMICG00000022972
ENSG00000206625,RNU6-1,ENSMICG00000042969
ENSG00000201510,RN7SKP217,ENSMICG00000028314
ENSG00000222076,RNU2-3P,ENSMICG00000046672
ENSG00000104490,NCALD,ENSMICG00000045417
ENSG00000100731,PCNX1,ENSMICG00000013023
ENSG00000284363,MIR224,ENSMICG00000019169
ENSG00000283751,MIR452,ENSMICG00000019231
ENSG00000199833,SNORD115-21,ENSMICG00000029396
ENSG00000147234,FRMPD3,ENSMICG00000001903
ENSG00000212528,SNORD115-47,ENSMICG00000020332
ENSG00000176890,TYMS,ENSMICG00000014830
ENSG00000242866,STRC,ENSMICG00000010153
ENSG00000126950,TMEM35A,ENSMICG00000027718
ENSG00000130066,SAT1,ENSMICG00000028733
ENSG00000130052,STARD8,ENSMICG00000004400
ENSG00000155087,ODF1,ENSMICG00000005796
ENSG00000166347,CYB5A,ENSMICG00000003395
ENSG00000183778,B3GALT5,ENSMICG00000045304
ENSG00000180828,BHLHE22,ENSMICG00000036458
ENSG00000179600,GPHB5,ENSMICG00000036142
ENSG00000182674,KCNB2,ENSMICG00000034565
ENSG00000267909,CCDC177,ENSMICG00000026374
ENSG00000140015,KCNH5,ENSMICG00000002727
ENSG00000205038,PKHD1L1,ENSMICG00000012952
ENSG00000168234,TTC39C,ENSMICG00000009394
ENSG00000126016,AMOT,ENSMICG00000001898
ENSG00000155313,USP25,ENSMICG00000014816
ENSG00000165480,SKA3,ENSMICG00000031401
ENSG00000128886,ELL3,ENSMICG00000030708
ENSG00000165389,SPTSSA,ENSMICG00000046623
ENSG00000151812,SLC35F4,ENSMICG00000005305
ENSG00000101574,METTL4,ENSMICG00000037155
ENSG00000221792,MIR1282,ENSMICG00000021869
ENSG00000083642,PDS5B,ENSMICG00000005747
ENSG00000167656,LY6D,ENSMICG00000035118
ENSG00000124343,XG,ENSMICG00000047361
ENSG00000176435,CLEC14A,ENSMICG00000044146
ENSG00000042832,TG,ENSMICG00000001039
ENSG00000154839,SKA1,ENSMICG00000006429
ENSG00000125816,NKX2-4,ENSMICG00000032695
ENSG00000223128,RN7SKP140,ENSMICG00000029009
ENSG00000125820,NKX2-2,ENSMICG00000045009
ENSG00000166845,C18orf54,ENSMICG00000029715
ENSG00000120158,RCL1,ENSMICG00000015562
ENSG00000173548,SNX33,ENSMICG00000007640
ENSG00000166762,CATSPER2,ENSMICG00000048141
ENSG00000124216,SNAI1,ENSMICG00000042228
ENSG00000101981,F9,ENSMICG00000016427
ENSG00000183354,BRD10,ENSMICG00000032366
ENSG00000152240,HAUS1,ENSMICG00000017501
ENSG00000176399,DMRTA1,ENSMICG00000046386
ENSG00000153714,LURAP1L,ENSMICG00000032420
ENSG00000284329,MIR9-3,ENSMICG00000018623
ENSG00000201285,RNA5SP524,ENSMICG00000047227
ENSG00000124260,MAGEA10,ENSMICG00000047372
ENSG00000104499,GML,ENSMICG00000045085
ENSG00000196092,PAX5,ENSMICG00000017679
ENSG00000125810,CD93,ENSMICG00000017898
ENSG00000140199,SLC12A6,ENSMICG00000003869
ENSG00000197353,LYPD2,ENSMICG00000000486
ENSG00000165694,FRMD7,ENSMICG00000009072
ENSG00000126233,SLURP1,ENSMICG00000046668
ENSG00000120685,PROSER1,ENSMICG00000010238
ENSG00000101825,MXRA5,ENSMICG00000003692
ENSG00000164796,CSMD3,ENSMICG00000006577
ENSG00000101773,RBBP8,ENSMICG00000009274
ENSG00000132964,CDK8,ENSMICG00000012312
ENSG00000160194,NDUFV3,ENSMICG00000046617
ENSG00000268089,GABRQ,ENSMICG00000047310
ENSG00000188158,NHS,ENSMICG00000036975
ENSG00000207755,MIR450A2,ENSMICG00000029827
ENSG00000207784,MIR542,ENSMICG00000018231
ENSG00000284231,MIR424,ENSMICG00000018383
ENSG00000199920,RNU4-44P,ENSMICG00000043381
ENSG00000157538,VPS26C,ENSMICG00000006453
ENSG00000184083,FAM120C,ENSMICG00000011820
ENSG00000126733,DACH2,ENSMICG00000001391
ENSG00000205476,CCDC85C,ENSMICG00000036725
ENSG00000172164,SNTB1,ENSMICG00000046201
ENSG00000141401,IMPA2,ENSMICG00000004775
ENSG00000102606,ARHGEF7,ENSMICG00000008373
ENSG00000185515,BRCC3,ENSMICG00000036150
ENSG00000142197,DOP1B,ENSMICG00000002181
ENSG00000170961,HAS2,ENSMICG00000034422
ENSG00000206950,Y_RNA,ENSMICG00000047388
ENSG00000199127,MIR383,ENSMICG00000018061
ENSG00000222099,RN7SKP32,ENSMICG00000021628
ENSG00000199640,RN7SKP294,ENSMICG00000024015
ENSG00000239580,RN7SL675P,ENSMICG00000036739
ENSG00000252210,Y_RNA,ENSMICG00000023917
ENSG00000212473,RNU1-101P,ENSMICG00000034725
ENSG00000183862,CNGA2,ENSMICG00000046266
ENSG00000207816,MIR124-2,ENSMICG00000031462
ENSG00000252594,RNU6-656P,ENSMICG00000041980
ENSG00000241821,RN7SL170P,ENSMICG00000033028
ENSG00000118276,B4GALT6,ENSMICG00000007307
ENSG00000206649,,ENSMICG00000025493
ENSG00000185960,SHOX,ENSMICG00000014601
ENSG00000207036,RNY3P14,ENSMICG00000044937
ENSG00000252935,RNU6-1220P,ENSMICG00000038529
ENSG00000252755,RNU6-703P,ENSMICG00000023448
ENSG00000140104,CLBA1,ENSMICG00000034003
ENSG00000202310,Y_RNA,ENSMICG00000022163
ENSG00000252558,RNU6-914P,ENSMICG00000046566
ENSG00000204116,CHIC1,ENSMICG00000026372
ENSG00000197506,SLC28A3,ENSMICG00000009916
ENSG00000222146,RNU4-37P,ENSMICG00000044827
ENSG00000207258,Y_RNA,ENSMICG00000026963
ENSG00000104415,CCN4,ENSMICG00000001051
ENSG00000153339,TRAPPC8,ENSMICG00000001789
ENSG00000107165,TYRP1,ENSMICG00000017521
ENSG00000137558,PI15,ENSMICG00000003386
ENSG00000278746,RN7SL660P,ENSMICG00000033682
ENSG00000253003,RNU6-1261P,ENSMICG00000042758
ENSG00000207004,RNU6-301P,ENSMICG00000044143
ENSG00000201376,SNORA70,ENSMICG00000026280
ENSG00000201820,Y_RNA,ENSMICG00000042699
ENSG00000165240,ATP7A,ENSMICG00000011672
ENSG00000243700,RN7SL598P,ENSMICG00000036633
ENSG00000156049,GNA14,ENSMICG00000003970
ENSG00000252837,RN7SKP99,ENSMICG00000025801
ENSG00000251895,RNU6-976P,ENSMICG00000029078
ENSG00000200312,RN7SKP255,ENSMICG00000034873
ENSG00000222276,RNU2-33P,ENSMICG00000018562
ENSG00000175894,TSPEAR,ENSMICG00000009957
ENSG00000261678,SCRT1,ENSMICG00000047717
ENSG00000147804,SLC39A4,ENSMICG00000015800
ENSG00000198785,GRIN3A,ENSMICG00000037515
ENSG00000160256,SLX9,ENSMICG00000047718
ENSG00000259431,THTPA,ENSMICG00000010142
ENSG00000155833,CYLC2,ENSMICG00000046389
ENSG00000241997,RN7SL323P,ENSMICG00000038035
ENSG00000131668,BARX1,ENSMICG00000045287
ENSG00000201512,SNORA71C,ENSMICG00000047105
ENSG00000100721,TCL1A,ENSMICG00000047515
ENSG00000154639,CXADR,ENSMICG00000010814
ENSG00000104419,NDRG1,ENSMICG00000001054
ENSG00000197969,VPS13A,ENSMICG00000003937
ENSG00000256463,SALL3,ENSMICG00000017395
ENSG00000186814,ZSCAN30,ENSMICG00000030197
ENSG00000177426,TGIF1,ENSMICG00000029611
ENSG00000176219,OR11H6,ENSMICG00000033931
ENSG00000102738,MRPS31,ENSMICG00000006449
ENSG00000238344,SNORD126,ENSMICG00000026059
ENSG00000185271,KLHL33,ENSMICG00000001522
ENSG00000102104,RS1,ENSMICG00000004198
ENSG00000171433,GLOD5,ENSMICG00000029182
ENSG00000207367,RNU6-29P,ENSMICG00000022300
ENSG00000221750,SNORA11G,ENSMICG00000021925
ENSG00000160310,PRMT2,ENSMICG00000015531
ENSG00000207291,RNU6-30P,ENSMICG00000042350
ENSG00000196440,ARMCX4,ENSMICG00000028167
ENSG00000133121,STARD13,ENSMICG00000006239
ENSG00000243817,RN7SL189P,ENSMICG00000038622
ENSG00000165794,SLC39A2,ENSMICG00000046473
ENSG00000169933,FRMPD4,ENSMICG00000014417
ENSG00000179636,TPPP2,ENSMICG00000037436
ENSG00000206948,SNORA36A,ENSMICG00000041482
ENSG00000206693,SNORA56,ENSMICG00000025233
ENSG00000203870,SMIM9,ENSMICG00000043321
ENSG00000164151,ICE1,ENSMICG00000028221
ENSG00000169327,OR5AU1,ENSMICG00000038048
ENSG00000075336,TIMM21,ENSMICG00000027988
ENSG00000199436,SNORD9,ENSMICG00000019950
ENSG00000206663,Y_RNA,ENSMICG00000047099
ENSG00000201882,,ENSMICG00000046091
ENSG00000253096,Y_RNA,ENSMICG00000046470
ENSG00000183654,MARCHF11,ENSMICG00000047304
ENSG00000185736,ADARB2,ENSMICG00000047603
ENSG00000272533,SNORA28,ENSMICG00000046757
ENSG00000171004,HS6ST2,ENSMICG00000009228
ENSG00000258986,TMEM179,ENSMICG00000029522
ENSG00000184210,DGAT2L6,ENSMICG00000014179
ENSG00000145555,MYO10,ENSMICG00000010556
ENSG00000080986,NDC80,ENSMICG00000008378
ENSG00000176244,ACBD7,ENSMICG00000034874
ENSG00000120500,ARR3,ENSMICG00000014194
ENSG00000107611,CUBN,ENSMICG00000011487
ENSG00000207172,RNU6-1162P,ENSMICG00000045020
ENSG00000151849,CPAP,ENSMICG00000010400
ENSG00000199151,MIR337,ENSMICG00000038387
ENSG00000283159,MIR665,ENSMICG00000038595
ENSG00000208001,MIR431,ENSMICG00000018644
ENSG00000207569,MIR433,ENSMICG00000019105
ENSG00000207608,MIR127,ENSMICG00000037012
ENSG00000272458,MIR432,ENSMICG00000019391
ENSG00000207942,MIR136,ENSMICG00000019423
ENSG00000275662,SNORD112,ENSMICG00000025665
ENSG00000199005,MIR370,ENSMICG00000019707
ENSG00000202191,SNORD113-1,ENSMICG00000038541
ENSG00000201700,SNORD113-3,ENSMICG00000037896
ENSG00000272474,SNORD113-5,ENSMICG00000026228
ENSG00000200215,SNORD113-6,ENSMICG00000022149
ENSG00000200632,SNORD113-7,ENSMICG00000020877
ENSG00000200367,SNORD113-8,ENSMICG00000020744
ENSG00000201950,SNORD113-9,ENSMICG00000020403
ENSG00000199575,SNORD114-1,ENSMICG00000021392
ENSG00000200823,SNORD114-2,ENSMICG00000047055
ENSG00000199390,SNORD114-7,ENSMICG00000020202
ENSG00000202270,SNORD114-12,ENSMICG00000032254
ENSG00000199914,SNORD114-16,ENSMICG00000042767
ENSG00000201569,SNORD114-17,ENSMICG00000044617
ENSG00000199942,SNORD114-19,ENSMICG00000024327
ENSG00000200413,SNORD114-26,ENSMICG00000044968
ENSG00000200480,SNORD114-28,ENSMICG00000044156
ENSG00000199109,MIR411,ENSMICG00000019560
ENSG00000207749,MIR299,ENSMICG00000018140
ENSG00000199069,MIR323A,ENSMICG00000038405
ENSG00000194717,MIR494,ENSMICG00000018655
ENSG00000072315,TRPC5,ENSMICG00000013308
ENSG00000207743,MIR495,ENSMICG00000018351
ENSG00000199020,MIR381,ENSMICG00000018060
ENSG00000207754,MIR487B,ENSMICG00000018447
ENSG00000207587,MIR544A,ENSMICG00000019235
ENSG00000207742,MIR487A,ENSMICG00000018816
ENSG00000283170,MIR382,ENSMICG00000018085
ENSG00000207993,MIR134,ENSMICG00000018616
ENSG00000276352,MIR668,ENSMICG00000018459
ENSG00000208027,MIR485,ENSMICG00000019372
ENSG00000208004,MIR323B,ENSMICG00000033765
ENSG00000207978,MIR154,ENSMICG00000019454
ENSG00000207961,MIR496,ENSMICG00000018110
ENSG00000199015,MIR377,ENSMICG00000018687
ENSG00000216179,MIR541,ENSMICG00000019481
ENSG00000199107,MIR409,ENSMICG00000019168
ENSG00000199012,MIR412,ENSMICG00000019645
ENSG00000199025,MIR369,ENSMICG00000019453
ENSG00000199092,MIR410,ENSMICG00000019478
ENSG00000207959,MIR656,ENSMICG00000027453
ENSG00000200436,Y_RNA,ENSMICG00000043245
ENSG00000243978,RTL9,ENSMICG00000033143
ENSG00000101544,ADNP2,ENSMICG00000036153
ENSG00000165309,ARMC3,ENSMICG00000012287
ENSG00000266420,RN7SL118P,ENSMICG00000036463
ENSG00000261709,,ENSMICG00000033059
ENSG00000119541,VPS4B,ENSMICG00000001589
ENSG00000238941,RNU6-953P,ENSMICG00000046281
ENSG00000284386,MIR147B,ENSMICG00000028872
ENSG00000104164,BLOC1S6,ENSMICG00000005595
ENSG00000147168,IL2RG,ENSMICG00000013995
ENSG00000100987,VSX1,ENSMICG00000002047
ENSG00000139908,TSSK4,ENSMICG00000001729
ENSG00000223142,RN7SKP252,ENSMICG00000023929
ENSG00000101935,AMMECR1,ENSMICG00000045068
ENSG00000196943,NOP9,ENSMICG00000001764
ENSG00000183918,SH2D1A,ENSMICG00000043770
ENSG00000198010,DLGAP2,ENSMICG00000016450
ENSG00000208839,SNORA35,ENSMICG00000021648
ENSG00000170236,USP50,ENSMICG00000001120
ENSG00000222321,MIR1912,ENSMICG00000024181
ENSG00000175354,PTPN2,ENSMICG00000005890
ENSG00000130589,HELZ2,ENSMICG00000027046
ENSG00000199001,MIR448,ENSMICG00000030063
ENSG00000213906,LTB4R2,ENSMICG00000042773
ENSG00000101916,TLR8,ENSMICG00000014450
ENSG00000204740,MALRD1,ENSMICG00000033039
ENSG00000136944,LMX1B,ENSMICG00000010287
ENSG00000101353,MROH8,ENSMICG00000005633
ENSG00000092439,TRPM7,ENSMICG00000010294
ENSG00000214814,FER1L6,ENSMICG00000042130
ENSG00000183580,FBXL7,ENSMICG00000010535
ENSG00000148488,ST8SIA6,ENSMICG00000046983
ENSG00000100968,NFATC4,ENSMICG00000014210
ENSG00000263761,GDF2,ENSMICG00000042279
ENSG00000255181,CCDC166,ENSMICG00000044915
ENSG00000186583,SPATC1,ENSMICG00000016013
ENSG00000047644,WWC3,ENSMICG00000002471
ENSG00000168267,PTF1A,ENSMICG00000047889
ENSG00000179698,WDR97,ENSMICG00000015624
ENSG00000087460,GNAS,ENSMICG00000008427
ENSG00000180447,GAS1,ENSMICG00000046960
ENSG00000113100,CDH9,ENSMICG00000008404
ENSG00000151023,ENKUR,ENSMICG00000011269
ENSG00000139835,GRTP1,ENSMICG00000012739
ENSG00000165443,PHYHIPL,ENSMICG00000001299
ENSG00000151388,ADAMTS12,ENSMICG00000005612
ENSG00000235173,HGH1,ENSMICG00000033791
ENSG00000265203,RBP3,ENSMICG00000042661
ENSG00000175073,VCPIP1,ENSMICG00000007034
ENSG00000102145,GATA1,ENSMICG00000032208
ENSG00000165757,JCAD,ENSMICG00000006774
ENSG00000156206,CFAP161,ENSMICG00000045169
ENSG00000107984,DKK1,ENSMICG00000012920
ENSG00000254341,SNORD87,ENSMICG00000021544
ENSG00000174417,TRHR,ENSMICG00000000934
ENSG00000207037,RNU6-339P,ENSMICG00000045302
ENSG00000200008,Y_RNA,ENSMICG00000024405
ENSG00000120533,ENY2,ENSMICG00000012948
ENSG00000134049,IER3IP1,ENSMICG00000043887
ENSG00000152932,RAB3C,ENSMICG00000002783
ENSG00000132963,POMP,ENSMICG00000032068
ENSG00000101977,MCF2,ENSMICG00000016443
ENSG00000107789,MINPP1,ENSMICG00000004585
ENSG00000176014,TUBB6,ENSMICG00000010939
ENSG00000213949,ITGA1,ENSMICG00000004683
ENSG00000182771,GRID1,ENSMICG00000013627
ENSG00000065150,IPO5,ENSMICG00000012711
ENSG00000202001,Y_RNA,ENSMICG00000041888
ENSG00000169427,KCNK9,ENSMICG00000004397
ENSG00000159495,TGM7,ENSMICG00000010009
ENSG00000186350,RXRA,ENSMICG00000010833
ENSG00000169495,HTRA4,ENSMICG00000045541
ENSG00000187553,CYP26C1,ENSMICG00000013120
ENSG00000104371,DKK4,ENSMICG00000045615
ENSG00000197361,FBXL22,ENSMICG00000007146
ENSG00000138190,EXOC6,ENSMICG00000013082
ENSG00000133863,TEX15,ENSMICG00000037056
ENSG00000038427,VCAN,ENSMICG00000035948
ENSG00000130559,CAMSAP1,ENSMICG00000006834
ENSG00000185942,NKAIN3,ENSMICG00000006325
ENSG00000088756,ARHGAP28,ENSMICG00000009879
ENSG00000203499,IQANK1,ENSMICG00000037914
ENSG00000158815,FGF17,ENSMICG00000029135
ENSG00000168487,BMP1,ENSMICG00000031636
ENSG00000137877,SPTBN5,ENSMICG00000001827
ENSG00000122870,BICC1,ENSMICG00000002045
ENSG00000148344,PTGES,ENSMICG00000035671
ENSG00000182752,PAPPA,ENSMICG00000004317
ENSG00000107447,DNTT,ENSMICG00000010732
ENSG00000199065,MIR101-2,ENSMICG00000018948
ENSG00000241152,RN7SL720P,ENSMICG00000029244
ENSG00000272113,Y_RNA,ENSMICG00000042782
ENSG00000206784,Y_RNA,ENSMICG00000044847
ENSG00000212421,,ENSMICG00000020602
ENSG00000222293,RNU2-36P,ENSMICG00000041444
ENSG00000188095,MESP2,ENSMICG00000044704
ENSG00000212316,RNU6-1228P,ENSMICG00000047102
ENSG00000153391,INO80C,ENSMICG00000029959
ENSG00000238882,RNU6-329P,ENSMICG00000047903
ENSG00000244104,RN7SL659P,ENSMICG00000032205
ENSG00000222558,RNU6-1064P,ENSMICG00000047674
ENSG00000212409,RNY4P18,ENSMICG00000044031
ENSG00000207726,MIR455,ENSMICG00000019329
ENSG00000207595,MIR181A2,ENSMICG00000033851
ENSG00000207737,MIR181B2,ENSMICG00000034254
ENSG00000160401,CFAP157,ENSMICG00000046355
ENSG00000123200,ZC3H13,ENSMICG00000014772
ENSG00000130449,ZSWIM6,ENSMICG00000017712
ENSG00000212420,RNU6-1111P,ENSMICG00000043103
ENSG00000252645,RNU7-111P,ENSMICG00000026294
ENSG00000136807,CDK9,ENSMICG00000045757
ENSG00000152223,EPG5,ENSMICG00000017498
ENSG00000140379,BCL2A1,ENSMICG00000032100
ENSG00000164190,NIPBL,ENSMICG00000012468
ENSG00000169297,NR0B1,ENSMICG00000047871
ENSG00000095596,CYP26A1,ENSMICG00000013136
ENSG00000103710,RASL12,ENSMICG00000000624
ENSG00000199410,Y_RNA,ENSMICG00000047875
ENSG00000171169,NAIF1,ENSMICG00000034966
ENSG00000252050,,ENSMICG00000035952
ENSG00000120051,CFAP58,ENSMICG00000016245
ENSG00000090470,PDCD7,ENSMICG00000034171
ENSG00000171159,BBLN,ENSMICG00000046320
ENSG00000156313,RPGR,ENSMICG00000026397
ENSG00000133112,TPT1,ENSMICG00000002027
ENSG00000284185,MIR219A2,ENSMICG00000018886
ENSG00000187791,SPATA31F3,ENSMICG00000002404
ENSG00000201709,RNU6-686P,ENSMICG00000044366
ENSG00000196932,TMEM26,ENSMICG00000047022
ENSG00000134042,MRO,ENSMICG00000008008
ENSG00000206616,RNU6-741P,ENSMICG00000047008
ENSG00000239183,SNORA84,ENSMICG00000025089
ENSG00000188620,HMX3,ENSMICG00000000467
ENSG00000165118,QNG1,ENSMICG00000015776
ENSG00000138152,BTBD16,ENSMICG00000009849
ENSG00000202523,Y_RNA,ENSMICG00000043788
ENSG00000159884,CCDC107,ENSMICG00000042301
ENSG00000140479,PCSK6,ENSMICG00000013008
ENSG00000229544,NKX1-2,ENSMICG00000046032
ENSG00000215183,MSMP,ENSMICG00000046903
ENSG00000204930,FAM221B,ENSMICG00000036610
ENSG00000120008,WDR11,ENSMICG00000008892
ENSG00000125247,TMTC4,ENSMICG00000010704
ENSG00000171843,MLLT3,ENSMICG00000035047
ENSG00000134061,CD180,ENSMICG00000047812
ENSG00000186479,RGS7BP,ENSMICG00000030250
ENSG00000049759,NEDD4L,ENSMICG00000007688
ENSG00000152669,CCNO,ENSMICG00000012726
ENSG00000207609,MIR491,ENSMICG00000018330
ENSG00000202189,SNORA30B,ENSMICG00000021370
ENSG00000163132,MSX1,ENSMICG00000043130
ENSG00000200785,SNORD8,ENSMICG00000021843
ENSG00000274475,RN7SL650P,ENSMICG00000035615
ENSG00000207804,MIR599,ENSMICG00000018605
ENSG00000129472,RAB2B,ENSMICG00000014937
ENSG00000137090,DMRT1,ENSMICG00000010417
ENSG00000126970,ZC4H2,ENSMICG00000031226
ENSG00000215612,HMX1,ENSMICG00000045196
ENSG00000170289,CNGB3,ENSMICG00000006195
ENSG00000200570,RNU6-829P,ENSMICG00000023369
ENSG00000186766,FOXI2,ENSMICG00000012926
ENSG00000154478,GPR26,ENSMICG00000045590
ENSG00000196900,SPMIP10,ENSMICG00000045095
ENSG00000198947,DMD,ENSMICG00000028112
ENSG00000140090,SLC24A4,ENSMICG00000001663
ENSG00000145990,GFOD1,ENSMICG00000000170
ENSG00000185737,NRG3,ENSMICG00000013543
ENSG00000112183,RBM24,ENSMICG00000032332
ENSG00000120160,EQTN,ENSMICG00000034150
ENSG00000201627,Y_RNA,ENSMICG00000045872
ENSG00000164830,OXR1,ENSMICG00000037117
ENSG00000151025,GPR158,ENSMICG00000014123
ENSG00000137273,FOXF2,ENSMICG00000029665
ENSG00000170370,EMX2,ENSMICG00000015676
ENSG00000137177,KIF13A,ENSMICG00000013830
ENSG00000196860,TOMM20L,ENSMICG00000046289
ENSG00000207124,RNU6-163P,ENSMICG00000024590
ENSG00000252832,RNU6-1212P,ENSMICG00000046231
ENSG00000200545,U3,ENSMICG00000023809
ENSG00000276027,RNU12,ENSMICG00000019250
ENSG00000252049,,ENSMICG00000024644
ENSG00000206842,RNU6-413P,ENSMICG00000031741
ENSG00000206660,Y_RNA,ENSMICG00000024260
ENSG00000207271,Y_RNA,ENSMICG00000024230
ENSG00000238707,,ENSMICG00000046024
ENSG00000221063,MIR1296,ENSMICG00000035666
ENSG00000100578,KIAA0586,ENSMICG00000011796
ENSG00000199104,MIR346,ENSMICG00000019436
ENSG00000212324,RNU6-129P,ENSMICG00000043904
ENSG00000181778,TMEM252,ENSMICG00000044472
ENSG00000222238,RNU2-43P,ENSMICG00000023605
ENSG00000252574,RNU5B-6P,ENSMICG00000024111
ENSG00000136895,GARNL3,ENSMICG00000002311
ENSG00000222997,Y_RNA,ENSMICG00000043430
ENSG00000202569,MIR146B,ENSMICG00000044598
ENSG00000172766,NAA16,ENSMICG00000017489
ENSG00000207264,RNU6-15P,ENSMICG00000046235
ENSG00000201604,RNU6-740P,ENSMICG00000029471
ENSG00000168152,THAP9,ENSMICG00000043018
ENSG00000283891,MIR628,ENSMICG00000018328
ENSG00000203805,PLPP4,ENSMICG00000008887
ENSG00000058335,RASGRF1,ENSMICG00000036744
ENSG00000074211,PPP2R2C,ENSMICG00000007446
ENSG00000180592,SKIDA1,ENSMICG00000009570
ENSG00000214285,NPS,ENSMICG00000031912
ENSG00000185532,PRKG1,ENSMICG00000015972
ENSG00000145794,MEGF10,ENSMICG00000046751
ENSG00000133119,RFC3,ENSMICG00000015059
ENSG00000252639,RNU2-24P,ENSMICG00000023025
ENSG00000187122,SLIT1,ENSMICG00000007587
ENSG00000154734,ADAMTS1,ENSMICG00000038550
ENSG00000169836,TACR3,ENSMICG00000046253
ENSG00000185863,TMEM210,ENSMICG00000006065
ENSG00000153064,BANK1,ENSMICG00000040746
ENSG00000187713,TMEM203,ENSMICG00000033917
ENSG00000198569,SLC34A3,ENSMICG00000010933
ENSG00000130487,KLHDC7B,ENSMICG00000031623
ENSG00000180053,NKX2-6,ENSMICG00000042062
ENSG00000180190,TDRP,ENSMICG00000016699
ENSG00000147650,LRP12,ENSMICG00000048008
ENSG00000188163,CIMIP2A,ENSMICG00000042220
ENSG00000005810,MYCBP2,ENSMICG00000002673
ENSG00000171016,PYGO1,ENSMICG00000035806
ENSG00000188986,NELFB,ENSMICG00000030705
ENSG00000205922,ONECUT3,ENSMICG00000031491
ENSG00000182759,MAFA,ENSMICG00000031627
ENSG00000275558,RN7SKP175,ENSMICG00000032276
ENSG00000069966,GNB5,ENSMICG00000001204
ENSG00000204839,MROH6,ENSMICG00000001111
ENSG00000198435,NRARP,ENSMICG00000008761
ENSG00000060558,GNA15,ENSMICG00000002977
ENSG00000201938,Y_RNA,ENSMICG00000045159
ENSG00000207698,MIR32,ENSMICG00000019634
ENSG00000185437,SH3BGR,ENSMICG00000007755
ENSG00000188710,QRFP,ENSMICG00000015518
ENSG00000130711,PRDM12,ENSMICG00000015480
ENSG00000088256,GNA11,ENSMICG00000032000
ENSG00000164400,CSF2,ENSMICG00000031976
ENSG00000188483,IER5L,ENSMICG00000028875
ENSG00000164953,TMEM67,ENSMICG00000015167
ENSG00000120699,EXOSC8,ENSMICG00000003353
ENSG00000164318,EGFLAM,ENSMICG00000017230
ENSG00000136867,SLC31A2,ENSMICG00000014959
ENSG00000160994,TEKTL1,ENSMICG00000032296
ENSG00000169783,LINGO1,ENSMICG00000007331
ENSG00000212447,SNORD90,ENSMICG00000019981
ENSG00000186526,CYP4F8,ENSMICG00000033202
ENSG00000095464,PDE6C,ENSMICG00000005511
ENSG00000100146,SOX10,ENSMICG00000013132
ENSG00000199161,MIR126,ENSMICG00000019287
ENSG00000108231,LGI1,ENSMICG00000005538
ENSG00000177984,LCN15,ENSMICG00000012176
ENSG00000157766,ACAN,ENSMICG00000029876
ENSG00000244752,CRYBB2,ENSMICG00000014674
ENSG00000242259,C22orf39,ENSMICG00000013560
ENSG00000105141,CASP14,ENSMICG00000044736
ENSG00000099901,RANBP1,ENSMICG00000017622
ENSG00000165300,SLITRK5,ENSMICG00000035892
ENSG00000186051,TAL2,ENSMICG00000045486
ENSG00000120686,UFM1,ENSMICG00000042483
ENSG00000129595,EPB41L4A,ENSMICG00000007679
ENSG00000163116,STPG2,ENSMICG00000011562
ENSG00000070601,FRMPD1,ENSMICG00000032222
ENSG00000187522,HSPA14,ENSMICG00000002793
ENSG00000172403,SYNPO2,ENSMICG00000009429
ENSG00000100228,RAB36,ENSMICG00000015683
ENSG00000252582,,ENSMICG00000025612
ENSG00000164304,CAGE1,ENSMICG00000003644
ENSG00000154227,CERS3,ENSMICG00000041869
ENSG00000102699,PARP4,ENSMICG00000028028
ENSG00000113369,ARRDC3,ENSMICG00000005415
ENSG00000231587,SNORD62B,ENSMICG00000046134
ENSG00000215262,KCNU1,ENSMICG00000031005
ENSG00000207563,MIR23B,ENSMICG00000018718
ENSG00000207864,MIR27B,ENSMICG00000018924
ENSG00000207617,MIR3074,ENSMICG00000019132
ENSG00000171195,MUC7,ENSMICG00000043840
ENSG00000283867,MIR1307,ENSMICG00000021612
ENSG00000167103,PIP5KL1,ENSMICG00000005716
ENSG00000138653,NDST4,ENSMICG00000033837
ENSG00000167487,KLHL26,ENSMICG00000045410
ENSG00000145839,IL9,ENSMICG00000007283
ENSG00000100385,IL2RB,ENSMICG00000030389
ENSG00000201548,Y_RNA,ENSMICG00000042308
ENSG00000182333,LIPF,ENSMICG00000014742
ENSG00000184838,PRR16,ENSMICG00000044812
ENSG00000132549,VPS13B,ENSMICG00000004392
ENSG00000145826,LECT2,ENSMICG00000032966
ENSG00000222413,RN7SKP125,ENSMICG00000023904
ENSG00000201749,Y_RNA,ENSMICG00000042858
ENSG00000241869,RN7SL363P,ENSMICG00000031921
ENSG00000151012,SLC7A11,ENSMICG00000005805
ENSG00000131711,MAP1B,ENSMICG00000038435
ENSG00000181634,TNFSF15,ENSMICG00000015387
ENSG00000100024,UPB1,ENSMICG00000033350
ENSG00000147869,CER1,ENSMICG00000001257
ENSG00000103723,AP3B2,ENSMICG00000017195
ENSG00000173239,LIPM,ENSMICG00000033459
ENSG00000204020,LIPN,ENSMICG00000006496
ENSG00000238300,SNORD121B,ENSMICG00000026398
ENSG00000238886,SNORD121A,ENSMICG00000025502
ENSG00000272232,RN7SL726P,ENSMICG00000038562
ENSG00000207935,MIR204,ENSMICG00000017950
ENSG00000145283,SLC10A6,ENSMICG00000016697
ENSG00000165868,HSPA12A,ENSMICG00000015608
ENSG00000170927,PKHD1,ENSMICG00000008392
ENSG00000141959,PFKL,ENSMICG00000035233
ENSG00000165029,ABCA1,ENSMICG00000006176
ENSG00000138639,ARHGAP24,ENSMICG00000028999
ENSG00000133937,GSC,ENSMICG00000045999
ENSG00000211777,TRAV3,ENSMICG00000041451
ENSG00000165409,TSHR,ENSMICG00000035341
ENSG00000164219,PGGT1B,ENSMICG00000010176
ENSG00000166317,SYNPO2L,ENSMICG00000029035
ENSG00000196968,FUT11,ENSMICG00000008034
ENSG00000138650,PCDH10,ENSMICG00000008070
ENSG00000172586,CHCHD1,ENSMICG00000044470
ENSG00000239642,MEIKIN,ENSMICG00000034049
ENSG00000214655,ZSWIM8,ENSMICG00000032425
ENSG00000146006,LRRTM2,ENSMICG00000047009
ENSG00000126261,UBA2,ENSMICG00000011636
ENSG00000186871,ERCC6L,ENSMICG00000035415
ENSG00000186367,MINAR2,ENSMICG00000027569
ENSG00000139514,SLC7A1,ENSMICG00000016312
ENSG00000100012,SEC14L3,ENSMICG00000010109
ENSG00000169302,STK32A,ENSMICG00000047836
ENSG00000170153,RNF150,ENSMICG00000009057
ENSG00000146166,LGSN,ENSMICG00000035402
ENSG00000154079,SDHAF4,ENSMICG00000001287
ENSG00000199755,Y_RNA,ENSMICG00000047904
ENSG00000156127,BATF,ENSMICG00000029066
ENSG00000151962,RBM46,ENSMICG00000042747
ENSG00000203972,GLYATL3,ENSMICG00000002636
ENSG00000155858,LSM11,ENSMICG00000048032
ENSG00000182197,EXT1,ENSMICG00000010572
ENSG00000156535,CD109,ENSMICG00000009612
ENSG00000139988,RDH12,ENSMICG00000045730
ENSG00000214360,EFCAB9,ENSMICG00000041945
ENSG00000100351,GRAP2,ENSMICG00000016121
ENSG00000205359,SLCO6A1,ENSMICG00000000142
ENSG00000260230,FRRS1L,ENSMICG00000002090
ENSG00000136327,NKX2-8,ENSMICG00000047827
ENSG00000174038,SPATA31G1,ENSMICG00000005469
ENSG00000198807,PAX9,ENSMICG00000010808
ENSG00000145451,GLRA3,ENSMICG00000012219
ENSG00000105507,CABP5,ENSMICG00000007151
ENSG00000199368,RNU6-1084P,ENSMICG00000045962
ENSG00000102572,STK24,ENSMICG00000012784
ENSG00000188508,KRTDAP,ENSMICG00000001542
ENSG00000241568,RN7SL338P,ENSMICG00000037294
ENSG00000100554,ATP6V1D,ENSMICG00000010784
ENSG00000155875,SAXO1,ENSMICG00000047006
ENSG00000164756,SLC30A8,ENSMICG00000010560
ENSG00000155876,RRAGA,ENSMICG00000016534
ENSG00000182489,XKRX,ENSMICG00000030443
ENSG00000187871,GFRAL,ENSMICG00000015172
ENSG00000213927,CCL27,ENSMICG00000045751
ENSG00000176635,HORMAD2,ENSMICG00000017007
ENSG00000182077,PTCHD3,ENSMICG00000034517
ENSG00000172724,CCL19,ENSMICG00000042442
ENSG00000101958,GLRA2,ENSMICG00000015578
ENSG00000008196,TFAP2B,ENSMICG00000017317
ENSG00000205108,SPATA31F1,ENSMICG00000013883
ENSG00000201884,Y_RNA,ENSMICG00000032028
ENSG00000170835,CEL,ENSMICG00000033505
ENSG00000198728,LDB1,ENSMICG00000011785
ENSG00000082293,COL19A1,ENSMICG00000003072
ENSG00000046653,GPM6B,ENSMICG00000015356
ENSG00000168556,ING2,ENSMICG00000001324
ENSG00000100344,PNPLA3,ENSMICG00000034414
ENSG00000145779,TNFAIP8,ENSMICG00000042871
ENSG00000175164,ABO,ENSMICG00000012209
ENSG00000182552,RWDD4,ENSMICG00000000687
ENSG00000205883,DEFB135,ENSMICG00000012808
ENSG00000164935,DCSTAMP,ENSMICG00000013452
ENSG00000119915,ELOVL3,ENSMICG00000048136
ENSG00000183775,KCTD16,ENSMICG00000000382
ENSG00000202297,RNY3P12,ENSMICG00000043230
ENSG00000131203,IDO1,ENSMICG00000000253
ENSG00000099284,MACROH2A2,ENSMICG00000001630
ENSG00000128311,TST,ENSMICG00000009038
ENSG00000164123,SPMIP2,ENSMICG00000034925
ENSG00000145819,ARHGAP26,ENSMICG00000009460
ENSG00000118402,ELOVL4,ENSMICG00000026958
ENSG00000201843,Y_RNA,ENSMICG00000019856
ENSG00000206611,SNORD24,ENSMICG00000033987
ENSG00000200831,SNORD36B,ENSMICG00000024612
ENSG00000023516,AKAP11,ENSMICG00000027504
ENSG00000252542,SNORD36C,ENSMICG00000022131
ENSG00000038295,TLL1,ENSMICG00000007263
ENSG00000198870,STKLD1,ENSMICG00000008399
ENSG00000100055,CYTH4,ENSMICG00000009414
ENSG00000111879,FAM184A,ENSMICG00000016591
ENSG00000200554,RNU6-1020P,ENSMICG00000042863
ENSG00000092009,CMA1,ENSMICG00000014279
ENSG00000238406,RNU7-171P,ENSMICG00000024539
ENSG00000148734,NPFFR1,ENSMICG00000045660
ENSG00000168263,KCNV2,ENSMICG00000005193
ENSG00000021645,NRXN3,ENSMICG00000016119
ENSG00000120616,EPC1,ENSMICG00000033721
ENSG00000121741,ZMYM2,ENSMICG00000002834
ENSG00000253117,OC90,ENSMICG00000046279
ENSG00000175283,DOLK,ENSMICG00000005845
ENSG00000184709,LRRC26,ENSMICG00000042486
ENSG00000160469,BRSK1,ENSMICG00000016602
ENSG00000160360,GPSM1,ENSMICG00000033412
ENSG00000205002,AARD,ENSMICG00000038083
ENSG00000132297,HHLA1,ENSMICG00000003609
ENSG00000254402,LRRC24,ENSMICG00000015954
ENSG00000206768,Y_RNA,ENSMICG00000044612
ENSG00000227051,C14orf132,ENSMICG00000043493
ENSG00000213563,C8orf82,ENSMICG00000037461
ENSG00000168594,ADAM29,ENSMICG00000032176
ENSG00000165821,SALL2,ENSMICG00000046438
ENSG00000284024,MSANTD7,ENSMICG00000036912
ENSG00000183117,CSMD1,ENSMICG00000003389
ENSG00000128340,RAC2,ENSMICG00000038666
ENSG00000251792,Y_RNA,ENSMICG00000047503
ENSG00000092200,RPGRIP1,ENSMICG00000007694
ENSG00000119950,MXI1,ENSMICG00000006873
ENSG00000185056,C5orf47,ENSMICG00000047468
ENSG00000150628,SPATA4,ENSMICG00000001985
ENSG00000137094,DNAJB5,ENSMICG00000005461
ENSG00000183072,NKX2-5,ENSMICG00000017468
ENSG00000129128,SPCS3,ENSMICG00000045665
ENSG00000184108,TRIML1,ENSMICG00000005711
ENSG00000104901,DKKL1,ENSMICG00000009288
ENSG00000187658,C5orf52,ENSMICG00000032011
ENSG00000198108,CHSY3,ENSMICG00000030934
ENSG00000197410,DCHS2,ENSMICG00000038569
ENSG00000167104,BPIFB6,ENSMICG00000001984
ENSG00000198944,SOWAHA,ENSMICG00000030974
ENSG00000241172,RN7SL70P,ENSMICG00000037449
ENSG00000099953,MMP11,ENSMICG00000006764
ENSG00000107249,GLIS3,ENSMICG00000041775
ENSG00000113742,CPEB4,ENSMICG00000029322
ENSG00000182393,IFNL1,ENSMICG00000037172
ENSG00000125861,GFRA4,ENSMICG00000041441
ENSG00000199168,MIR374A,ENSMICG00000018385
ENSG00000187969,ZCCHC13,ENSMICG00000002990
ENSG00000176396,EID2,ENSMICG00000045245
ENSG00000101974,ATP11C,ENSMICG00000017620
ENSG00000197380,DACT3,ENSMICG00000042964
ENSG00000164120,HPGD,ENSMICG00000014923
ENSG00000187772,LIN28B,ENSMICG00000047923
ENSG00000222614,Y_RNA,ENSMICG00000022008
ENSG00000130545,CRB3,ENSMICG00000034140
ENSG00000164434,FABP7,ENSMICG00000047291
ENSG00000099995,SF3A1,ENSMICG00000010038
ENSG00000200208,Y_RNA,ENSMICG00000021692
ENSG00000137251,TINAG,ENSMICG00000032404
ENSG00000134007,ADAM20,ENSMICG00000036625
ENSG00000125815,CST8,ENSMICG00000017905
ENSG00000125657,TNFSF9,ENSMICG00000046337
ENSG00000130957,FBP2,ENSMICG00000001148
ENSG00000170604,IRF2BP1,ENSMICG00000001894
ENSG00000008438,PGLYRP1,ENSMICG00000033644
ENSG00000119616,FCF1,ENSMICG00000006061
ENSG00000207032,Y_RNA,ENSMICG00000023310
ENSG00000112837,TBX18,ENSMICG00000041501
ENSG00000165181,SHOC1,ENSMICG00000030600
ENSG00000173335,CST9,ENSMICG00000047052
ENSG00000104941,RSPH6A,ENSMICG00000001866
ENSG00000168143,FAM83B,ENSMICG00000036577
ENSG00000113520,IL4,ENSMICG00000012471
ENSG00000174145,NWD2,ENSMICG00000015234
ENSG00000126775,ATG14,ENSMICG00000000939
ENSG00000184983,NDUFA6,ENSMICG00000012633
ENSG00000252931,RNU6-231P,ENSMICG00000024708
ENSG00000250479,CHCHD10,ENSMICG00000036085
ENSG00000185149,NPY2R,ENSMICG00000047689
ENSG00000273540,AGBL1,ENSMICG00000015149
ENSG00000274443,C8orf89,ENSMICG00000044106
ENSG00000072121,ZFYVE26,ENSMICG00000010864
ENSG00000100170,SLC5A1,ENSMICG00000035506
ENSG00000064313,TAF2,ENSMICG00000017295
ENSG00000127452,FBXL12,ENSMICG00000033575
ENSG00000202449,SNORA63,ENSMICG00000022194
ENSG00000199420,RN7SKP170,ENSMICG00000037368
ENSG00000206780,SNORA75B,ENSMICG00000025417
ENSG00000164325,TMEM174,ENSMICG00000043697
ENSG00000283666,U6,ENSMICG00000043810
ENSG00000252913,RNU6-158P,ENSMICG00000042865
ENSG00000202269,U8,ENSMICG00000032320
ENSG00000252890,RNU6-699P,ENSMICG00000025378
ENSG00000252104,RNU6-191P,ENSMICG00000045964
ENSG00000274759,RNA5SP527,ENSMICG00000018272
ENSG00000241552,RN7SL58P,ENSMICG00000045456
ENSG00000212278,SNORD81,ENSMICG00000031883
ENSG00000200108,RNU6-774P,ENSMICG00000046033
ENSG00000200600,Y_RNA,ENSMICG00000042358
ENSG00000136870,ZNF189,ENSMICG00000011446
ENSG00000199530,Y_RNA,ENSMICG00000020770
ENSG00000206912,Y_RNA,ENSMICG00000043741
ENSG00000251874,RNU6-615P,ENSMICG00000024894
ENSG00000252470,RNU6-551P,ENSMICG00000025500
ENSG00000207052,RNU6-378P,ENSMICG00000043670
ENSG00000223004,SNORD29,ENSMICG00000021952
ENSG00000252460,RNU6-635P,ENSMICG00000041521
ENSG00000275994,SNORA24,ENSMICG00000045777
ENSG00000252867,RNU6-909P,ENSMICG00000043702
ENSG00000223006,RN7SKP137,ENSMICG00000029223
ENSG00000200237,SNORA70,ENSMICG00000024812
ENSG00000252183,RNU6-948P,ENSMICG00000044067
ENSG00000201752,RNU6-119P,ENSMICG00000025247
ENSG00000212359,RNU6-550P,ENSMICG00000042620
ENSG00000207322,RNU1-89P,ENSMICG00000032105
ENSG00000221803,SNORD23,ENSMICG00000022413
ENSG00000165338,HECTD2,ENSMICG00000012041
ENSG00000283432,U6,ENSMICG00000045365
ENSG00000185838,GNB1L,ENSMICG00000034017
ENSG00000207293,Y_RNA,ENSMICG00000023087
ENSG00000253032,RNU6-299P,ENSMICG00000026289
ENSG00000252233,RN7SKP253,ENSMICG00000025886
ENSG00000207439,Y_RNA,ENSMICG00000042737
ENSG00000212215,RNU6-913P,ENSMICG00000022011
ENSG00000200521,Y_RNA,ENSMICG00000042384
ENSG00000124313,IQSEC2,ENSMICG00000007877
ENSG00000252861,RNU6-448P,ENSMICG00000043999
ENSG00000187753,C9orf153,ENSMICG00000043141
ENSG00000251739,RNU6-1053P,ENSMICG00000041627
ENSG00000244512,RN7SL28P,ENSMICG00000034384
ENSG00000199378,Y_RNA,ENSMICG00000043753
ENSG00000222987,RN7SKP68,ENSMICG00000023043
ENSG00000206593,RNU6-47P,ENSMICG00000047092
ENSG00000253057,RN7SKP57,ENSMICG00000031970
ENSG00000202014,Y_RNA,ENSMICG00000047483
ENSG00000238363,SNORA13,ENSMICG00000045233
ENSG00000207177,,ENSMICG00000026313
ENSG00000199901,Y_RNA,ENSMICG00000045908
ENSG00000178997,EXD1,ENSMICG00000014337
ENSG00000128045,RASL11B,ENSMICG00000042188
ENSG00000119138,KLF9,ENSMICG00000047539
ENSG00000252337,,ENSMICG00000025617
ENSG00000238904,RNU7-34P,ENSMICG00000025597
ENSG00000201496,RN7SKP275,ENSMICG00000035264
ENSG00000221043,U3,ENSMICG00000018866
ENSG00000252068,RNU6-390P,ENSMICG00000044953
ENSG00000199047,MIR378A,ENSMICG00000035741
ENSG00000164113,ADAD1,ENSMICG00000015912
ENSG00000252794,RN7SKP60,ENSMICG00000025358
ENSG00000212529,,ENSMICG00000042208
ENSG00000199219,RNU6-500P,ENSMICG00000046297
ENSG00000206845,RNU6-209P,ENSMICG00000042317
ENSG00000251998,RNU6-168P,ENSMICG00000042345
ENSG00000199892,RNU1-17P,ENSMICG00000044492
ENSG00000200555,RNU6-525P,ENSMICG00000044739
ENSG00000198995,MIR340,ENSMICG00000019483
ENSG00000185028,LRRC14B,ENSMICG00000040725
ENSG00000137875,BCL2L10,ENSMICG00000016608
ENSG00000199635,Y_RNA,ENSMICG00000045005
ENSG00000221125,U3,ENSMICG00000028909
ENSG00000140279,DUOX2,ENSMICG00000009164
ENSG00000066230,SLC9A3,ENSMICG00000017074
ENSG00000100427,MLC1,ENSMICG00000007261
ENSG00000148357,HMCN2,ENSMICG00000030080
ENSG00000173626,TRAPPC3L,ENSMICG00000008115
ENSG00000220988,SNORD88C,ENSMICG00000042215
ENSG00000200294,,ENSMICG00000041598
ENSG00000148483,TMEM236,ENSMICG00000047850
ENSG00000276757,RN7SL192P,ENSMICG00000038227
ENSG00000278643,,ENSMICG00000037249
ENSG00000160396,HIPK4,ENSMICG00000033409
ENSG00000146378,TAAR2,ENSMICG00000003235
ENSG00000238446,RNU7-38P,ENSMICG00000043609
ENSG00000112378,PERP,ENSMICG00000047745
ENSG00000156395,SORCS3,ENSMICG00000016273
ENSG00000179751,SYCN,ENSMICG00000030399
ENSG00000176979,TRIM60,ENSMICG00000033211
ENSG00000187912,CLEC17A,ENSMICG00000011080
ENSG00000187689,AMTN,ENSMICG00000005339
ENSG00000112038,OPRM1,ENSMICG00000030084
ENSG00000119917,IFIT3,ENSMICG00000014624
ENSG00000164972,SPMIP6,ENSMICG00000002348
ENSG00000169594,BNC1,ENSMICG00000015019
ENSG00000196421,C20orf204,ENSMICG00000047852
ENSG00000238523,RNU7-107P,ENSMICG00000045098
ENSG00000101871,MID1,ENSMICG00000002488
ENSG00000227268,KLLN,ENSMICG00000036093
ENSG00000203883,SOX18,ENSMICG00000027180
ENSG00000150347,ARID5B,ENSMICG00000035949
ENSG00000169856,ONECUT1,ENSMICG00000029729
ENSG00000132464,ENAM,ENSMICG00000005349
ENSG00000188869,TMC3,ENSMICG00000047917
ENSG00000165124,SVEP1,ENSMICG00000002133
ENSG00000173976,RAX2,ENSMICG00000014768
ENSG00000253059,,ENSMICG00000026039
ENSG00000180205,WFDC9,ENSMICG00000029861
ENSG00000166343,MSS51,ENSMICG00000044457
ENSG00000180305,WFDC10A,ENSMICG00000013933
ENSG00000207007,RNU6-891P,ENSMICG00000042582
ENSG00000180083,WFDC11,ENSMICG00000011178
ENSG00000200959,SNORA74A,ENSMICG00000020976
ENSG00000253015,RN7SKP64,ENSMICG00000025574
ENSG00000170476,MZB1,ENSMICG00000034376
ENSG00000140009,ESR2,ENSMICG00000013003
ENSG00000105085,MED26,ENSMICG00000030425
ENSG00000107815,TWNK,ENSMICG00000045106
ENSG00000069018,TRPC7,ENSMICG00000007325
ENSG00000250298,GIMD1,ENSMICG00000045116
ENSG00000030304,MUSK,ENSMICG00000004347
ENSG00000182264,IZUMO1,ENSMICG00000013241
ENSG00000170917,NUDT6,ENSMICG00000045450
ENSG00000175606,TMEM70,ENSMICG00000027905
ENSG00000207702,MIR211,ENSMICG00000019403
ENSG00000119922,IFIT2,ENSMICG00000036288
ENSG00000105550,FGF21,ENSMICG00000041708
ENSG00000201786,Y_RNA,ENSMICG00000020189
ENSG00000104808,DHDH,ENSMICG00000013480
ENSG00000207483,RNU6-1067P,ENSMICG00000022751
ENSG00000109471,IL2,ENSMICG00000036776
ENSG00000196391,ZNF774,ENSMICG00000034148
ENSG00000212485,RNU6-1197P,ENSMICG00000020264
ENSG00000070748,CHAT,ENSMICG00000012014
ENSG00000178125,PPP1R42,ENSMICG00000011032
ENSG00000173542,MOB1B,ENSMICG00000041994
ENSG00000183476,SH2D7,ENSMICG00000046037
ENSG00000120697,ALG5,ENSMICG00000003347
ENSG00000184716,SERINC4,ENSMICG00000010181
ENSG00000137101,CD72,ENSMICG00000002502
ENSG00000172733,PURG,ENSMICG00000034775
ENSG00000197818,SLC9A8,ENSMICG00000011138
ENSG00000196711,ALKAL1,ENSMICG00000046052
ENSG00000252898,RNU6-1096P,ENSMICG00000043694
ENSG00000164107,HAND2,ENSMICG00000046152
ENSG00000215218,UBE2QL1,ENSMICG00000042851
ENSG00000180061,TMEM150B,ENSMICG00000016692
ENSG00000133466,C1QTNF6,ENSMICG00000037798
ENSG00000118579,MED28,ENSMICG00000035340
ENSG00000145863,GABRA6,ENSMICG00000015140
ENSG00000230778,ANKRD63,ENSMICG00000030985
ENSG00000205186,FABP9,ENSMICG00000046393
ENSG00000198768,APCDD1L,ENSMICG00000008395
ENSG00000200520,RNU6-1214P,ENSMICG00000045001
ENSG00000236543,,ENSMICG00000045039
ENSG00000207009,Y_RNA,ENSMICG00000021582
ENSG00000185386,MAPK11,ENSMICG00000028966
ENSG00000164695,CHMP4C,ENSMICG00000026865
ENSG00000137766,UNC13C,ENSMICG00000047202
ENSG00000132664,POLR3F,ENSMICG00000044519
ENSG00000265894,RN7SL357P,ENSMICG00000031205
ENSG00000106689,LHX2,ENSMICG00000009968
ENSG00000222790,RNU4-14P,ENSMICG00000044194
ENSG00000047315,POLR2B,ENSMICG00000015166
ENSG00000136122,BORA,ENSMICG00000008756
ENSG00000147536,GINS4,ENSMICG00000017584
ENSG00000107099,DOCK8,ENSMICG00000008267
ENSG00000180043,GARIN5B,ENSMICG00000016719
ENSG00000101457,DNTTIP1,ENSMICG00000011212
ENSG00000139914,FITM1,ENSMICG00000011522
ENSG00000095752,IL11,ENSMICG00000030455
ENSG00000165762,OR4K2,ENSMICG00000042868
ENSG00000177971,IMP3,ENSMICG00000044149
ENSG00000169208,OR10G3,ENSMICG00000045513
ENSG00000179954,SSC5D,ENSMICG00000032306
ENSG00000007350,TKTL1,ENSMICG00000035660
ENSG00000156265,MAP3K7CL,ENSMICG00000038209
ENSG00000131495,NDUFA2,ENSMICG00000047730
ENSG00000187714,SLC18A3,ENSMICG00000044600
ENSG00000174446,SNAPC5,ENSMICG00000004401
ENSG00000180440,SERTM1,ENSMICG00000044400
ENSG00000188816,HMX2,ENSMICG00000000468
ENSG00000139687,RB1,ENSMICG00000001747
ENSG00000256453,DND1,ENSMICG00000029187
ENSG00000174373,RALGAPA1,ENSMICG00000005732
ENSG00000065809,FAM107B,ENSMICG00000029614
ENSG00000199673,SNORD16,ENSMICG00000021181
ENSG00000179922,ZNF784,ENSMICG00000035058
ENSG00000185792,NLRP9,ENSMICG00000016072
ENSG00000112706,IMPG1,ENSMICG00000012422
ENSG00000188467,SLC24A5,ENSMICG00000014499
ENSG00000222524,RN7SKP109,ENSMICG00000025097
ENSG00000115266,APC2,ENSMICG00000029619
ENSG00000204131,NHSL2,ENSMICG00000008280
ENSG00000169306,IL1RAPL1,ENSMICG00000009756
ENSG00000074803,SLC12A1,ENSMICG00000013031
ENSG00000238797,Y_RNA,ENSMICG00000042783
ENSG00000125534,PPDPF,ENSMICG00000005959
ENSG00000196159,FAT4,ENSMICG00000012108
ENSG00000147206,NXF3,ENSMICG00000014532
ENSG00000112029,FBXO5,ENSMICG00000003809
ENSG00000118491,ZC2HC1B,ENSMICG00000048162
ENSG00000124256,ZBP1,ENSMICG00000046613
ENSG00000154719,MRPL39,ENSMICG00000006324
ENSG00000102763,VWA8,ENSMICG00000017491
ENSG00000099937,SERPIND1,ENSMICG00000011292
ENSG00000203727,SAMD5,ENSMICG00000038329
ENSG00000198028,ZNF560,ENSMICG00000033101
ENSG00000240966,RN7SL681P,ENSMICG00000028655
ENSG00000171408,PDE7B,ENSMICG00000032302
ENSG00000151615,POU4F2,ENSMICG00000034755
ENSG00000130540,SULT4A1,ENSMICG00000009212
ENSG00000267710,EDDM13,ENSMICG00000044584
ENSG00000189108,IL1RAPL2,ENSMICG00000014335
ENSG00000200917,RNU6-553P,ENSMICG00000023295
ENSG00000138684,IL21,ENSMICG00000005315
ENSG00000268629,TEX13A,ENSMICG00000014355
ENSG00000154059,IMPACT,ENSMICG00000031822
ENSG00000080573,COL5A3,ENSMICG00000006871
ENSG00000206864,RNU6-207P,ENSMICG00000045389
ENSG00000276380,UBE2NL,ENSMICG00000014081
ENSG00000102096,PIM2,ENSMICG00000043000
ENSG00000251664,PCDHA12,ENSMICG00000030528
ENSG00000130338,TULP4,ENSMICG00000009203
ENSG00000078898,BPIFB2,ENSMICG00000001979
ENSG00000102393,GLA,ENSMICG00000034053
ENSG00000185818,NAT8L,ENSMICG00000045400
ENSG00000201644,Y_RNA,ENSMICG00000035084
ENSG00000093072,ADA2,ENSMICG00000028193
ENSG00000235608,NKX1-1,ENSMICG00000042887
ENSG00000207480,Y_RNA,ENSMICG00000047234
ENSG00000145337,PYURF,ENSMICG00000038671
ENSG00000137449,CPEB2,ENSMICG00000032133
ENSG00000101222,SPEF1,ENSMICG00000042314
ENSG00000146416,AIG1,ENSMICG00000013596
ENSG00000243232,PCDHAC2,ENSMICG00000034226
ENSG00000101342,TLDC2,ENSMICG00000026474
ENSG00000081913,PHLPP1,ENSMICG00000001559
ENSG00000080511,RDH8,ENSMICG00000006911
ENSG00000214654,B3GALT9,ENSMICG00000047545
ENSG00000147144,CCDC120,ENSMICG00000001966
ENSG00000205929,EPCIP,ENSMICG00000045267
ENSG00000177076,ACER2,ENSMICG00000035197
ENSG00000164438,TLX3,ENSMICG00000045444
ENSG00000158856,DMTN,ENSMICG00000036651
ENSG00000142207,URB1,ENSMICG00000016424
ENSG00000168269,FOXI1,ENSMICG00000041455
ENSG00000120215,MLANA,ENSMICG00000048054
ENSG00000164488,DACT2,ENSMICG00000033819
ENSG00000124205,EDN3,ENSMICG00000042154
ENSG00000182700,IGIP,ENSMICG00000014785
ENSG00000156384,SFR1,ENSMICG00000037306
ENSG00000209645,SNORD105,ENSMICG00000021097
ENSG00000196376,SLC35F1,ENSMICG00000014553
ENSG00000238531,SNORD105B,ENSMICG00000024575
ENSG00000060069,CTDP1,ENSMICG00000038031
ENSG00000244165,P2RY11,ENSMICG00000006915
ENSG00000176055,MBLAC2,ENSMICG00000031053
ENSG00000267534,S1PR2,ENSMICG00000029506
ENSG00000107831,FGF8,ENSMICG00000011733
ENSG00000251880,RNU7-75P,ENSMICG00000025539
ENSG00000168944,CEP120,ENSMICG00000047467
ENSG00000242989,RN7SL332P,ENSMICG00000028631
ENSG00000152439,ZNF773,ENSMICG00000037153
ENSG00000277411,5S_rRNA,ENSMICG00000041734
ENSG00000222515,RN7SKP240,ENSMICG00000030090
ENSG00000200957,RNU6-801P,ENSMICG00000047049
ENSG00000212240,RNU6-930P,ENSMICG00000020240
ENSG00000212468,RNU6-754P,ENSMICG00000024517
ENSG00000283329,FAM240B,ENSMICG00000038032
ENSG00000102468,HTR2A,ENSMICG00000043800
ENSG00000238697,RNU6-261P,ENSMICG00000035954
ENSG00000119508,NR4A3,ENSMICG00000026506
ENSG00000272445,RNU6-84P,ENSMICG00000023828
ENSG00000252156,RNU6-155P,ENSMICG00000025625
ENSG00000171649,ZIK1,ENSMICG00000036114
ENSG00000201015,RNU6-280P,ENSMICG00000042928
ENSG00000223044,RNU6-130P,ENSMICG00000041578
ENSG00000253010,RN7SKP256,ENSMICG00000025529
ENSG00000252249,,ENSMICG00000020116
ENSG00000136147,PHF11,ENSMICG00000006622
ENSG00000202283,,ENSMICG00000048135
ENSG00000221455,U3,ENSMICG00000033004
ENSG00000252125,RNU6-1299P,ENSMICG00000045165
ENSG00000238367,MIR2113,ENSMICG00000026136
ENSG00000206857,RNU6-214P,ENSMICG00000042391
ENSG00000252944,RNU6-897P,ENSMICG00000033279
ENSG00000200091,RN7SKP163,ENSMICG00000035872
ENSG00000207044,RNU6-1226P,ENSMICG00000047813
ENSG00000222445,RN7SKP56,ENSMICG00000022966
ENSG00000199932,RNU1-18P,ENSMICG00000045124
ENSG00000206754,SNORD101,ENSMICG00000020934
ENSG00000222649,Y_RNA,ENSMICG00000044900
ENSG00000221500,SNORD100,ENSMICG00000019854
ENSG00000206982,Y_RNA,ENSMICG00000043139
ENSG00000284499,MIR363,ENSMICG00000018516
ENSG00000284538,MIR92A2,ENSMICG00000018590
ENSG00000284107,MIR19B2,ENSMICG00000018893
ENSG00000284043,MIR20B,ENSMICG00000018014
ENSG00000205755,CRLF2,ENSMICG00000033434
ENSG00000201628,RNU4-7P,ENSMICG00000047354
ENSG00000222764,RN7SKP106,ENSMICG00000035156
ENSG00000240606,RN7SL564P,ENSMICG00000028202
ENSG00000212295,SNORD28B,ENSMICG00000025475
ENSG00000234828,IQCM,ENSMICG00000039098
ENSG00000202343,,ENSMICG00000045399
ENSG00000171804,WDR87,ENSMICG00000032797
ENSG00000200253,RNU6-529P,ENSMICG00000043033
ENSG00000135355,GJA10,ENSMICG00000045195
ENSG00000106852,LHX6,ENSMICG00000016150
ENSG00000119913,TECTB,ENSMICG00000043013
ENSG00000118412,CASP8AP2,ENSMICG00000032939
ENSG00000189184,PCDH18,ENSMICG00000027527
ENSG00000212595,RNA5SP525,ENSMICG00000023749
ENSG00000252205,RNU6-764P,ENSMICG00000036658
ENSG00000204978,ERICH4,ENSMICG00000033248
ENSG00000207957,MIR105-1,ENSMICG00000041793
ENSG00000211583,MIR767,ENSMICG00000034281
ENSG00000207818,MIR105-2,ENSMICG00000047971
ENSG00000156574,NODAL,ENSMICG00000015080
ENSG00000105492,SIGLEC6,ENSMICG00000016702
ENSG00000154721,JAM2,ENSMICG00000006332
ENSG00000198997,MIR107,ENSMICG00000028671
ENSG00000256394,ASIC5,ENSMICG00000043476
ENSG00000028839,TBPL1,ENSMICG00000015740
ENSG00000222979,RN7SKP167,ENSMICG00000023679
ENSG00000183230,CTNNA3,ENSMICG00000012553
ENSG00000100100,PIK3IP1,ENSMICG00000016175
ENSG00000009694,TENM1,ENSMICG00000007903
ENSG00000082516,GEMIN5,ENSMICG00000000846
ENSG00000202198,7SK,ENSMICG00000022516
ENSG00000137270,GCM1,ENSMICG00000030765
ENSG00000188981,MSANTD1,ENSMICG00000031701
ENSG00000141655,TNFRSF11A,ENSMICG00000010979
ENSG00000120440,TTLL2,ENSMICG00000047984
ENSG00000173085,COQ2,ENSMICG00000041881
ENSG00000167077,MEI1,ENSMICG00000000892
ENSG00000120658,ENOX1,ENSMICG00000007704
ENSG00000160193,WDR4,ENSMICG00000042106
ENSG00000189241,TSPYL1,ENSMICG00000044487
ENSG00000008197,TFAP2D,ENSMICG00000005507
ENSG00000207550,MIR99B,ENSMICG00000032686
ENSG00000198972,MIRLET7E,ENSMICG00000034098
ENSG00000208008,MIR125A,ENSMICG00000027596
ENSG00000168994,PXDC1,ENSMICG00000027387
ENSG00000104967,NOVA2,ENSMICG00000028720
ENSG00000077984,CST7,ENSMICG00000002037
ENSG00000241162,RN7SL617P,ENSMICG00000033080
ENSG00000199279,RNU6-661P,ENSMICG00000025111
ENSG00000160349,LCN1,ENSMICG00000044064
ENSG00000186105,LRRC70,ENSMICG00000026723
ENSG00000109511,ANXA10,ENSMICG00000013528
ENSG00000101096,NFATC2,ENSMICG00000000025
ENSG00000112425,EPM2A,ENSMICG00000044558
ENSG00000148848,ADAM12,ENSMICG00000006210
ENSG00000169057,MECP2,ENSMICG00000005149
ENSG00000112983,BRD8,ENSMICG00000030607
ENSG00000100399,CHADL,ENSMICG00000037353
ENSG00000239545,RN7SL822P,ENSMICG00000034020
ENSG00000212620,SNORA75,ENSMICG00000021890
ENSG00000163394,CCKAR,ENSMICG00000016023
ENSG00000175854,SWI5,ENSMICG00000003457
ENSG00000184076,UQCR10,ENSMICG00000043752
ENSG00000091164,TXNL1,ENSMICG00000034326
ENSG00000278135,U2,ENSMICG00000024040
ENSG00000196553,CCDC196,ENSMICG00000043028
ENSG00000205301,MGAT4D,ENSMICG00000003973
ENSG00000099942,CRKL,ENSMICG00000043119
ENSG00000100097,LGALS1,ENSMICG00000012861
ENSG00000273820,USP27X,ENSMICG00000041837
ENSG00000140406,TLNRD1,ENSMICG00000002007
ENSG00000180245,RRH,ENSMICG00000038685
ENSG00000130522,JUND,ENSMICG00000042287
ENSG00000197535,MYO5A,ENSMICG00000013517
ENSG00000199177,MIR31,ENSMICG00000018121
ENSG00000186732,MPPED1,ENSMICG00000005477
ENSG00000222810,RNU2-68P,ENSMICG00000023037
ENSG00000105341,DMAC2,ENSMICG00000033752
ENSG00000138813,C4orf17,ENSMICG00000003501
ENSG00000207440,RNU6-541P,ENSMICG00000042779
ENSG00000202402,Y_RNA,ENSMICG00000042796
ENSG00000204271,SPIN3,ENSMICG00000044069
ENSG00000205683,DPF3,ENSMICG00000015475
ENSG00000159958,TNFRSF13C,ENSMICG00000027267
ENSG00000100253,MIOX,ENSMICG00000046648
ENSG00000138823,MTTP,ENSMICG00000003510
ENSG00000237136,C4orf51,ENSMICG00000045099
ENSG00000101680,LAMA1,ENSMICG00000007685
ENSG00000244230,RN7SL151P,ENSMICG00000045841
ENSG00000239279,RN7SL184P,ENSMICG00000038261
ENSG00000206820,RNU1-138P,ENSMICG00000018344
ENSG00000147889,CDKN2A,ENSMICG00000005835
ENSG00000204021,LIPK,ENSMICG00000008333
ENSG00000201707,RNU6-818P,ENSMICG00000022118
ENSG00000124827,GCM2,ENSMICG00000032859
ENSG00000101280,ANGPT4,ENSMICG00000014317
ENSG00000152591,DSPP,ENSMICG00000031483
ENSG00000198879,SFMBT2,ENSMICG00000029463
ENSG00000206910,SNORA29,ENSMICG00000021376
ENSG00000165553,NGB,ENSMICG00000044678
ENSG00000171611,PTCRA,ENSMICG00000008212
ENSG00000171695,LKAAEAR1,ENSMICG00000004747
ENSG00000104055,TGM5,ENSMICG00000009975
ENSG00000261587,TMEM249,ENSMICG00000035683
ENSG00000211783,TRAV9-1,ENSMICG00000045305
ENSG00000124733,MEA1,ENSMICG00000032911
ENSG00000182585,EPGN,ENSMICG00000003871
ENSG00000211791,TRAV13-2,ENSMICG00000036456
ENSG00000215187,CIMIP2B,ENSMICG00000047995
ENSG00000211793,TRAV9-2,ENSMICG00000047919
ENSG00000196433,ASMT,ENSMICG00000042754
ENSG00000206190,ATP10A,ENSMICG00000001113
ENSG00000100065,CARD10,ENSMICG00000003726
ENSG00000211801,TRAV21,ENSMICG00000042869
ENSG00000183255,PTTG1IP,ENSMICG00000028388
ENSG00000161265,U2AF1L4,ENSMICG00000009981
ENSG00000203909,DPPA5,ENSMICG00000047987
ENSG00000123908,AGO2,ENSMICG00000004427
ENSG00000203908,KHDC3L,ENSMICG00000045560
ENSG00000211808,TRAV8-7,ENSMICG00000048028
ENSG00000112599,GUCA1B,ENSMICG00000047497
ENSG00000211813,TRAV34,ENSMICG00000047656
ENSG00000120217,CD274,ENSMICG00000035171
ENSG00000112297,CRYBG1,ENSMICG00000030885
ENSG00000206862,Y_RNA,ENSMICG00000044254
ENSG00000138755,CXCL9,ENSMICG00000047710
ENSG00000169245,CXCL10,ENSMICG00000032301
ENSG00000169248,CXCL11,ENSMICG00000029161
ENSG00000200314,Y_RNA,ENSMICG00000046095
ENSG00000166220,TBATA,ENSMICG00000015129
ENSG00000199360,RNU6-1115P,ENSMICG00000037022
ENSG00000238963,U8,ENSMICG00000025021
ENSG00000150401,DCUN1D2,ENSMICG00000046494
ENSG00000215966,MIR876,ENSMICG00000018420
ENSG00000215939,MIR873,ENSMICG00000028667
ENSG00000133250,ZNF414,ENSMICG00000006194
ENSG00000074771,NOX3,ENSMICG00000011586
ENSG00000174482,LINGO2,ENSMICG00000004873
ENSG00000107807,TLX1,ENSMICG00000000020
ENSG00000252761,Y_RNA,ENSMICG00000042289
ENSG00000118804,STBD1,ENSMICG00000036847
ENSG00000148082,SHC3,ENSMICG00000036874
ENSG00000254324,MIR151A,ENSMICG00000018378
ENSG00000185933,CALHM1,ENSMICG00000027967
ENSG00000105467,SYNGR4,ENSMICG00000004068
ENSG00000204542,C6orf15,ENSMICG00000010138
ENSG00000199169,MIR367,ENSMICG00000019688
ENSG00000199145,MIR302D,ENSMICG00000018606
ENSG00000183128,CALHM3,ENSMICG00000041906
ENSG00000207927,MIR302A,ENSMICG00000019186
ENSG00000199102,MIR302C,ENSMICG00000018945
ENSG00000128944,KNSTRN,ENSMICG00000041457
ENSG00000211933,IGHV6-1,ENSMICG00000044661
ENSG00000102683,SGCG,ENSMICG00000038162
ENSG00000180801,ARSJ,ENSMICG00000008144
ENSG00000078579,FGF20,ENSMICG00000044418
ENSG00000182324,KCNJ14,ENSMICG00000029008
ENSG00000122375,OPN4,ENSMICG00000013918
ENSG00000152592,DMP1,ENSMICG00000046330
ENSG00000204539,CDSN,ENSMICG00000010150
ENSG00000204538,PSORS1C2,ENSMICG00000042321
ENSG00000088002,SULT2B1,ENSMICG00000004846
ENSG00000214954,LRRC69,ENSMICG00000027375
ENSG00000176381,PRR18,ENSMICG00000042137
ENSG00000196344,ADH7,ENSMICG00000003495
ENSG00000075073,TACR2,ENSMICG00000043783
ENSG00000112144,CILK1,ENSMICG00000038462
ENSG00000107282,APBA1,ENSMICG00000009602
ENSG00000105516,DBP,ENSMICG00000016323
ENSG00000200525,RNU6-1209P,ENSMICG00000046367
ENSG00000183049,CAMK1D,ENSMICG00000012043
ENSG00000251744,,ENSMICG00000033738
ENSG00000119608,PROX2,ENSMICG00000006078
ENSG00000223215,RNU6-607P,ENSMICG00000045089
ENSG00000183779,ZNF703,ENSMICG00000010151
ENSG00000169154,GOT1L1,ENSMICG00000047959
ENSG00000161609,KASH5,ENSMICG00000009290
ENSG00000100156,SLC16A8,ENSMICG00000044503
ENSG00000136827,TOR1A,ENSMICG00000009593
ENSG00000136352,NKX2-1,ENSMICG00000042934
ENSG00000171988,JMJD1C,ENSMICG00000008755
ENSG00000188778,ADRB3,ENSMICG00000027016
ENSG00000198796,ALPK2,ENSMICG00000036841
ENSG00000197386,HTT,ENSMICG00000006879
ENSG00000273899,NOL12,ENSMICG00000033461
ENSG00000132970,WASF3,ENSMICG00000027798
ENSG00000253437,RNU6-988P,ENSMICG00000044920
ENSG00000158079,PTPDC1,ENSMICG00000006876
ENSG00000120903,CHRNA2,ENSMICG00000007702
ENSG00000201724,Y_RNA,ENSMICG00000047633
ENSG00000096264,NCR2,ENSMICG00000013695
ENSG00000222102,RN7SKP232,ENSMICG00000023751
ENSG00000203618,GP1BB,ENSMICG00000043691
ENSG00000145888,GLRA1,ENSMICG00000027464
ENSG00000099960,SLC7A4,ENSMICG00000046734
ENSG00000278463,H2AC4,ENSMICG00000043248
ENSG00000199631,SNORD33,ENSMICG00000021631
ENSG00000202503,SNORD34,ENSMICG00000019952
ENSG00000200259,SNORD35A,ENSMICG00000021430
ENSG00000168298,H1-4,ENSMICG00000017278
ENSG00000200530,SNORD35B,ENSMICG00000021423
ENSG00000207782,MIR150,ENSMICG00000019187
ENSG00000207073,Y_RNA,ENSMICG00000047480
ENSG00000211891,IGHE,ENSMICG00000030058
ENSG00000138606,SHF,ENSMICG00000033037
ENSG00000101751,POLI,ENSMICG00000008976
ENSG00000126467,TSKS,ENSMICG00000013406
ENSG00000199165,MIRLET7A1,ENSMICG00000019650
ENSG00000199072,MIRLET7F1,ENSMICG00000018146
ENSG00000199133,MIRLET7D,ENSMICG00000018489
ENSG00000128310,GALR3,ENSMICG00000038753
ENSG00000136848,DAB2IP,ENSMICG00000016118
ENSG00000197077,KIAA1671,ENSMICG00000037430
ENSG00000167619,TMEM145,ENSMICG00000015206
ENSG00000182362,YBEY,ENSMICG00000000809
ENSG00000171320,ESCO2,ENSMICG00000029625
ENSG00000204511,MCCD1,ENSMICG00000017347
ENSG00000223302,Y_RNA,ENSMICG00000042406
ENSG00000071246,VASH1,ENSMICG00000003625
ENSG00000138347,MYPN,ENSMICG00000007558
ENSG00000201623,RNU6-923P,ENSMICG00000042988
ENSG00000164175,SLC45A2,ENSMICG00000005628
ENSG00000265236,SNORD84,ENSMICG00000021381
ENSG00000227507,LTB,ENSMICG00000017353
ENSG00000278570,NR2E3,ENSMICG00000038667
ENSG00000100368,CSF2RB,ENSMICG00000038577
ENSG00000200816,SNORA38,ENSMICG00000044895
ENSG00000204444,APOM,ENSMICG00000003657
ENSG00000100565,LRRC74A,ENSMICG00000003650
ENSG00000169252,ADRB2,ENSMICG00000002569
ENSG00000164266,SPINK1,ENSMICG00000010762
ENSG00000188385,JAKMIP3,ENSMICG00000026657
ENSG00000277568,,ENSMICG00000031165
ENSG00000207222,RNU6-456P,ENSMICG00000041851
ENSG00000180776,ZDHHC20,ENSMICG00000003725
ENSG00000201207,Y_RNA,ENSMICG00000042412
ENSG00000136869,TLR4,ENSMICG00000004341
ENSG00000069206,ADAM7,ENSMICG00000002694
ENSG00000172548,NIPAL4,ENSMICG00000001010
ENSG00000184304,PRKD1,ENSMICG00000001016
ENSG00000187616,MYMK,ENSMICG00000038732
ENSG00000102595,UGGT2,ENSMICG00000005273
ENSG00000204421,LY6G6C,ENSMICG00000031779
ENSG00000129911,KLF16,ENSMICG00000044271
ENSG00000050767,COL23A1,ENSMICG00000005409
ENSG00000204410,MSH5,ENSMICG00000003523
ENSG00000196628,TCF4,ENSMICG00000012305
ENSG00000105429,MEGF8,ENSMICG00000015225
ENSG00000211448,DIO2,ENSMICG00000030740
ENSG00000200075,,ENSMICG00000021576
ENSG00000252464,RN7SKP70,ENSMICG00000025394
ENSG00000200304,RNU6-1255P,ENSMICG00000026969
ENSG00000156304,SCAF4,ENSMICG00000005256
ENSG00000204659,CBY3,ENSMICG00000036379
ENSG00000087303,NID2,ENSMICG00000008734
ENSG00000185963,BICD2,ENSMICG00000012311
ENSG00000159556,ISL2,ENSMICG00000044370
ENSG00000183876,ARSI,ENSMICG00000002855
ENSG00000120738,EGR1,ENSMICG00000046226
ENSG00000248713,C4orf54,ENSMICG00000031131
ENSG00000169085,VXN,ENSMICG00000009873
ENSG00000100362,PVALB,ENSMICG00000045800
ENSG00000156234,CXCL13,ENSMICG00000036944
ENSG00000187720,THSD4,ENSMICG00000033528
ENSG00000165023,DIRAS2,ENSMICG00000041921
ENSG00000199468,RNU6-556P,ENSMICG00000045311
ENSG00000206770,Y_RNA,ENSMICG00000034274
ENSG00000207307,RNU6-145P,ENSMICG00000042602
ENSG00000212521,RNU6-918P,ENSMICG00000042959
ENSG00000184349,EFNA5,ENSMICG00000026448
ENSG00000095383,TBC1D2,ENSMICG00000012851
ENSG00000251732,RN7SKP122,ENSMICG00000025075
ENSG00000138688,BLTP1,ENSMICG00000007069
ENSG00000204928,GRXCR2,ENSMICG00000003256
ENSG00000136367,ZFHX2,ENSMICG00000026323
ENSG00000219438,TAFA5,ENSMICG00000047060
ENSG00000206949,RNU6-1324P,ENSMICG00000044272
ENSG00000223327,RNU2-71P,ENSMICG00000017941
ENSG00000164684,ZNF704,ENSMICG00000001305
ENSG00000015133,CCDC88C,ENSMICG00000011170
ENSG00000100209,HSCB,ENSMICG00000043059
ENSG00000212260,RNU6-724P,ENSMICG00000044437
ENSG00000211137,MIR190A,ENSMICG00000018517
ENSG00000166823,MESP1,ENSMICG00000031567
ENSG00000155096,AZIN1,ENSMICG00000033696
ENSG00000188501,LCTL,ENSMICG00000004455
ENSG00000113739,STC2,ENSMICG00000032988
ENSG00000198739,LRRTM3,ENSMICG00000033185
ENSG00000105427,CNFN,ENSMICG00000041430
ENSG00000165632,TAF3,ENSMICG00000008273
ENSG00000166523,CLEC4E,ENSMICG00000033022
ENSG00000243641,OR13C7,ENSMICG00000045143
ENSG00000174788,PCP2,ENSMICG00000010552
ENSG00000252036,RN7SKP288,ENSMICG00000025010
ENSG00000120210,INSL6,ENSMICG00000044551
ENSG00000172795,DCP2,ENSMICG00000013792
ENSG00000122877,EGR2,ENSMICG00000032124
ENSG00000104918,RETN,ENSMICG00000008250
ENSG00000128283,CDC42EP1,ENSMICG00000031148
ENSG00000139880,CDH24,ENSMICG00000002564
ENSG00000138835,RGS3,ENSMICG00000015130
ENSG00000101413,RPRD1B,ENSMICG00000047368
ENSG00000170324,FRMPD2,ENSMICG00000044252
ENSG00000104921,FCER2,ENSMICG00000046082
ENSG00000166535,A2ML1,ENSMICG00000014342
ENSG00000177989,CIMAP1B,ENSMICG00000027739
ENSG00000159337,PLA2G4D,ENSMICG00000005785
ENSG00000092068,SLC7A8,ENSMICG00000002594
ENSG00000087510,TFAP2C,ENSMICG00000030931
ENSG00000100410,PHF5A,ENSMICG00000013520
ENSG00000188089,PLA2G4E,ENSMICG00000002080
ENSG00000039139,DNAH5,ENSMICG00000015344
ENSG00000132792,CTNNBL1,ENSMICG00000000889
ENSG00000070010,UFD1,ENSMICG00000013566
ENSG00000103642,LACTB,ENSMICG00000007103
ENSG00000183248,PRR36,ENSMICG00000033523
ENSG00000178531,CTXN1,ENSMICG00000043197
ENSG00000183496,MEX3B,ENSMICG00000043733
ENSG00000090659,CD209,ENSMICG00000027611
ENSG00000128965,CHAC1,ENSMICG00000027924
ENSG00000164326,CARTPT,ENSMICG00000038285
ENSG00000125246,CLYBL,ENSMICG00000015287
ENSG00000156042,CFAP70,ENSMICG00000013896
ENSG00000252743,RNU6-850P,ENSMICG00000046186
ENSG00000204396,VWA7,ENSMICG00000003535
ENSG00000154153,RETREG1,ENSMICG00000010548
ENSG00000188991,SLC15A5,ENSMICG00000006439
ENSG00000176153,GPX2,ENSMICG00000013100
ENSG00000205846,CLEC6A,ENSMICG00000034509
ENSG00000181619,GPR135,ENSMICG00000012482
ENSG00000156050,FAM161B,ENSMICG00000002998
ENSG00000112619,PRPH2,ENSMICG00000044138
ENSG00000271765,RN7SKP299,ENSMICG00000025427
ENSG00000182747,SLC35D3,ENSMICG00000046861
ENSG00000200789,RNU1-65P,ENSMICG00000018260
ENSG00000188373,GPR15LG,ENSMICG00000043452
ENSG00000110975,SYT10,ENSMICG00000010299
ENSG00000239910,RN7SL530P,ENSMICG00000037387
ENSG00000204033,LRIT2,ENSMICG00000011653
ENSG00000119614,VSX2,ENSMICG00000037778
ENSG00000137225,CAPN11,ENSMICG00000013043
ENSG00000148604,RGR,ENSMICG00000011671
ENSG00000277634,Y_RNA,ENSMICG00000044442
ENSG00000120314,WDR55,ENSMICG00000045324
ENSG00000171262,FAM98B,ENSMICG00000017343
ENSG00000125967,NECAB3,ENSMICG00000006906
ENSG00000139668,WDFY2,ENSMICG00000044312
ENSG00000257987,SPMIP11,ENSMICG00000046126
ENSG00000180116,REDIC1,ENSMICG00000013199
ENSG00000100372,SLC25A17,ENSMICG00000008868
ENSG00000201823,SNORD48,ENSMICG00000020820
ENSG00000204366,ZBTB12,ENSMICG00000003600
ENSG00000163982,OTOP1,ENSMICG00000032463
ENSG00000204435,CSNK2B,ENSMICG00000003676
ENSG00000198723,SAXO5,ENSMICG00000003762
ENSG00000262576,PCDHGA4,ENSMICG00000011479
ENSG00000148602,LRIT1,ENSMICG00000042792
ENSG00000163993,S100P,ENSMICG00000034145
ENSG00000196383,OR4Q2,ENSMICG00000002537
ENSG00000170871,KIAA0232,ENSMICG00000032016
ENSG00000213471,TTLL13,ENSMICG00000012703
ENSG00000185652,NTF3,ENSMICG00000027428
ENSG00000205669,ACOT6,ENSMICG00000033023
ENSG00000032444,PNPLA6,ENSMICG00000003776
ENSG00000251907,RNU6-240P,ENSMICG00000028318
ENSG00000176903,PNMA1,ENSMICG00000002795
ENSG00000163749,CCDC158,ENSMICG00000017894
ENSG00000185069,KRT76,ENSMICG00000002229
ENSG00000253070,RNU6-794P,ENSMICG00000024768
ENSG00000107957,SH3PXD2A,ENSMICG00000012520
ENSG00000261934,PCDHGA9,ENSMICG00000047125
ENSG00000137812,KNL1,ENSMICG00000045152
ENSG00000165555,NOXRED1,ENSMICG00000017170
ENSG00000197081,IGF2R,ENSMICG00000007582
ENSG00000175664,TEX26,ENSMICG00000008723
ENSG00000139610,CELA1,ENSMICG00000003531
ENSG00000129514,FOXA1,ENSMICG00000031066
ENSG00000187581,COX8C,ENSMICG00000045361
ENSG00000200484,RNU6-1244P,ENSMICG00000043259
ENSG00000252720,RNU6-1258P,ENSMICG00000024378
ENSG00000139793,MBNL2,ENSMICG00000038018
ENSG00000182521,TBPL2,ENSMICG00000000943
ENSG00000145384,FABP2,ENSMICG00000032838
ENSG00000148735,PLEKHS1,ENSMICG00000016111
ENSG00000165966,PDZRN4,ENSMICG00000043485
ENSG00000188517,COL25A1,ENSMICG00000002737
ENSG00000133958,UNC79,ENSMICG00000008305
ENSG00000112539,C6orf118,ENSMICG00000046277
ENSG00000126882,FAM78A,ENSMICG00000007812
ENSG00000206681,RNU6-730P,ENSMICG00000042973
ENSG00000240853,RN7SL328P,ENSMICG00000027539
ENSG00000100216,TOMM22,ENSMICG00000036077
ENSG00000096006,CRISP3,ENSMICG00000002617
ENSG00000172867,KRT2,ENSMICG00000002217
ENSG00000117983,MUC5B,ENSMICG00000042465
ENSG00000100393,EP300,ENSMICG00000013864
ENSG00000182950,CIMAP1C,ENSMICG00000042312
ENSG00000242020,RN7SL68P,ENSMICG00000027851
ENSG00000133639,BTG1,ENSMICG00000009227
ENSG00000178522,AMBN,ENSMICG00000033538
ENSG00000165312,OTUD1,ENSMICG00000045500
ENSG00000112146,FBXO9,ENSMICG00000008924
ENSG00000133640,LRRIQ1,ENSMICG00000037929
ENSG00000176571,CNBD1,ENSMICG00000040425
ENSG00000164241,C5orf63,ENSMICG00000032659
ENSG00000132793,LPIN3,ENSMICG00000016603
ENSG00000226807,MROH5,ENSMICG00000028942
ENSG00000264549,SNORD95,ENSMICG00000045666
ENSG00000153233,PTPRR,ENSMICG00000007280
ENSG00000113722,CDX1,ENSMICG00000033499
ENSG00000213760,ATP6V1G2,ENSMICG00000033088
ENSG00000197191,CYSRT1,ENSMICG00000045827
ENSG00000134343,ANO3,ENSMICG00000005117
ENSG00000145743,FBXL17,ENSMICG00000031242
ENSG00000109684,CLNK,ENSMICG00000005288
ENSG00000137075,RNF38,ENSMICG00000017677
ENSG00000026103,FAS,ENSMICG00000006549
ENSG00000182175,RGMA,ENSMICG00000026641
ENSG00000226490,C8orf90,ENSMICG00000047940
ENSG00000204420,MPIG6B,ENSMICG00000036583
ENSG00000147434,CHRNA6,ENSMICG00000010715
ENSG00000131773,KHDRBS3,ENSMICG00000027467
ENSG00000136143,SUCLA2,ENSMICG00000009577
ENSG00000169194,IL13,ENSMICG00000030495
ENSG00000184508,HDDC3,ENSMICG00000041559
ENSG00000249948,GBA3,ENSMICG00000017466
ENSG00000159259,CHAF1B,ENSMICG00000013158
ENSG00000145734,BDP1,ENSMICG00000042850
ENSG00000183032,SLC25A21,ENSMICG00000010812
ENSG00000089101,CFAP61,ENSMICG00000006057
ENSG00000187821,HELT,ENSMICG00000013610
ENSG00000099949,LZTR1,ENSMICG00000014599
ENSG00000152595,MEPE,ENSMICG00000015496
ENSG00000197696,NMB,ENSMICG00000015939
ENSG00000092096,SLC22A17,ENSMICG00000010020
ENSG00000164093,PITX2,ENSMICG00000002070
ENSG00000170743,SYT9,ENSMICG00000002384
ENSG00000223120,RN7SKP181,ENSMICG00000023611
ENSG00000165066,NKX6-3,ENSMICG00000042313
ENSG00000112782,CLIC5,ENSMICG00000034568
ENSG00000184140,OR4F6,ENSMICG00000034330
ENSG00000249709,ZNF564,ENSMICG00000031514
ENSG00000255529,POLR2M,ENSMICG00000047017
ENSG00000183161,FANCF,ENSMICG00000014074
ENSG00000215991,MIR208B,ENSMICG00000019252
ENSG00000092067,CEBPE,ENSMICG00000034256
ENSG00000173875,ZNF791,ENSMICG00000001543
ENSG00000139865,TTC6,ENSMICG00000004725
ENSG00000172901,LVRN,ENSMICG00000006167
ENSG00000029534,ANK1,ENSMICG00000006925
ENSG00000107187,LHX3,ENSMICG00000030731
ENSG00000109851,DBX1,ENSMICG00000017111
ENSG00000123144,TRIR,ENSMICG00000027484
ENSG00000187398,LUZP2,ENSMICG00000016783
ENSG00000171223,JUNB,ENSMICG00000027217
ENSG00000165661,QSOX2,ENSMICG00000000188
ENSG00000142444,TIMM29,ENSMICG00000043935
ENSG00000179431,FJX1,ENSMICG00000033879
ENSG00000244194,RN7SL218P,ENSMICG00000046010
ENSG00000243968,RN7SL402P,ENSMICG00000031001
ENSG00000163734,CXCL3,ENSMICG00000046173
ENSG00000284387,MIR24-2,ENSMICG00000030216
ENSG00000207808,MIR27A,ENSMICG00000035967
ENSG00000207980,MIR23A,ENSMICG00000032520
ENSG00000207613,MIR181C,ENSMICG00000034815
ENSG00000171136,RLN3,ENSMICG00000035223
ENSG00000260220,CCDC187,ENSMICG00000027003
ENSG00000250673,REELD1,ENSMICG00000043534
ENSG00000188032,C19orf67,ENSMICG00000008731
ENSG00000175920,DOK7,ENSMICG00000006754
ENSG00000130283,GDF1,ENSMICG00000031178
ENSG00000239043,SNORD127,ENSMICG00000025112
ENSG00000135222,CSN2,ENSMICG00000015179
ENSG00000288701,PRRC2B,ENSMICG00000004880
ENSG00000258436,RNASE12,ENSMICG00000016904
ENSG00000198168,SVIP,ENSMICG00000036788
ENSG00000078269,SYNJ2,ENSMICG00000015804
ENSG00000172717,GARIN2,ENSMICG00000010157
ENSG00000141933,TPGS1,ENSMICG00000028374
ENSG00000197540,GZMM,ENSMICG00000043574
ENSG00000181617,FDCSP,ENSMICG00000044297
ENSG00000100360,IFT27,ENSMICG00000012192
ENSG00000172000,ZNF556,ENSMICG00000043985
ENSG00000174137,FAM53A,ENSMICG00000044027
ENSG00000131504,DIAPH1,ENSMICG00000011482
ENSG00000090382,LYZ,ENSMICG00000047192
ENSG00000129355,CDKN2D,ENSMICG00000032531
ENSG00000145416,MARCHF1,ENSMICG00000045051
ENSG00000207752,MIR199A1,ENSMICG00000019210
ENSG00000067798,NAV3,ENSMICG00000003403
ENSG00000105723,GSK3A,ENSMICG00000046754
ENSG00000133106,EPSTI1,ENSMICG00000007681
ENSG00000255359,CCDC179,ENSMICG00000030596
ENSG00000156256,USP16,ENSMICG00000031747
ENSG00000199836,RNU1-47P,ENSMICG00000018957
ENSG00000227729,RD3L,ENSMICG00000043039
ENSG00000124942,AHNAK,ENSMICG00000031530
ENSG00000283165,MIR203B,ENSMICG00000018603
ENSG00000178403,NEUROG2,ENSMICG00000029773
ENSG00000176884,GRIN1,ENSMICG00000035705
ENSG00000198805,PNP,ENSMICG00000027048
ENSG00000133256,PDE6B,ENSMICG00000010725
ENSG00000064205,CCN5,ENSMICG00000028370
ENSG00000222111,RN7SKP148,ENSMICG00000026385
ENSG00000145741,BTF3,ENSMICG00000017182
ENSG00000010030,ETV7,ENSMICG00000011184
ENSG00000100297,MCM5,ENSMICG00000010165
ENSG00000136114,THSD1,ENSMICG00000006799
ENSG00000176971,FIBIN,ENSMICG00000030791
ENSG00000069020,MAST4,ENSMICG00000011481
ENSG00000241487,RN7SL586P,ENSMICG00000027418
ENSG00000101343,CRNKL1,ENSMICG00000006048
ENSG00000011478,QPCTL,ENSMICG00000001842
ENSG00000127152,BCL11B,ENSMICG00000026349
ENSG00000169550,MUC15,ENSMICG00000033939
ENSG00000185896,LAMP1,ENSMICG00000012709
ENSG00000197961,ZNF121,ENSMICG00000032248
ENSG00000185198,PRSS57,ENSMICG00000047334
ENSG00000202459,Y_RNA,ENSMICG00000023317
ENSG00000206969,RNU6-1316P,ENSMICG00000047960
ENSG00000151322,NPAS3,ENSMICG00000031841
ENSG00000021300,PLEKHB1,ENSMICG00000003147
ENSG00000167483,NIBAN3,ENSMICG00000045861
ENSG00000134460,IL2RA,ENSMICG00000043529
ENSG00000181541,MAB21L2,ENSMICG00000045967
ENSG00000124882,EREG,ENSMICG00000030227
ENSG00000207431,RNU6-906P,ENSMICG00000026209
ENSG00000180316,PNPLA1,ENSMICG00000011162
ENSG00000249581,CLRN2,ENSMICG00000039157
ENSG00000127870,RNF6,ENSMICG00000012383
ENSG00000130997,POLN,ENSMICG00000047538
ENSG00000201581,RN7SKP78,ENSMICG00000022915
ENSG00000198246,SLC29A3,ENSMICG00000037185
ENSG00000166211,SPIC,ENSMICG00000044168
ENSG00000140481,CCDC33,ENSMICG00000036163
ENSG00000173124,ACSM6,ENSMICG00000030864
ENSG00000159733,ZFYVE28,ENSMICG00000031619
ENSG00000180318,ALX1,ENSMICG00000032710
ENSG00000172538,FAM170B,ENSMICG00000030825
ENSG00000138623,SEMA7A,ENSMICG00000000864
ENSG00000197651,CCER1,ENSMICG00000046045
ENSG00000187021,PNLIPRP1,ENSMICG00000015577
ENSG00000167768,KRT1,ENSMICG00000002220
ENSG00000201012,Y_RNA,ENSMICG00000030406
ENSG00000118434,SPACA1,ENSMICG00000015574
ENSG00000171310,CHST11,ENSMICG00000046027
ENSG00000101160,CTSZ,ENSMICG00000014882
ENSG00000222145,SNORA73,ENSMICG00000029448
ENSG00000184357,H1-5,ENSMICG00000044309
ENSG00000275379,H3C11,ENSMICG00000042126
ENSG00000197153,H3C12,ENSMICG00000046406
ENSG00000278677,H2AC17,ENSMICG00000046859
ENSG00000238610,RNU7-26P,ENSMICG00000042416
ENSG00000139287,TPH2,ENSMICG00000014200
ENSG00000275856,,ENSMICG00000031783
ENSG00000175471,MCTP1,ENSMICG00000006657
ENSG00000204619,PPP1R11,ENSMICG00000034291
ENSG00000276168,RN7SL1,ENSMICG00000047309
ENSG00000252919,Y_RNA,ENSMICG00000020815
ENSG00000168282,MGAT2,ENSMICG00000028396
ENSG00000165506,DNAAF2,ENSMICG00000030317
ENSG00000182253,SYNM,ENSMICG00000007299
ENSG00000121390,PSPC1,ENSMICG00000013970
ENSG00000204613,TRIM10,ENSMICG00000044593
ENSG00000189182,KRT77,ENSMICG00000002223
ENSG00000152208,GRID2,ENSMICG00000004045
ENSG00000252783,RNU6-835P,ENSMICG00000043802
ENSG00000187676,B3GLCT,ENSMICG00000011910
ENSG00000176406,RIMS2,ENSMICG00000015809
ENSG00000182472,CAPN12,ENSMICG00000017372
ENSG00000123178,SPRYD7,ENSMICG00000012835
ENSG00000184436,THAP7,ENSMICG00000014619
ENSG00000173575,CHD2,ENSMICG00000000332
ENSG00000109132,PHOX2B,ENSMICG00000028328
ENSG00000199082,MIR342,ENSMICG00000018171
ENSG00000197119,SLC25A29,ENSMICG00000006704
ENSG00000165972,CCDC38,ENSMICG00000012156
ENSG00000188848,BEND4,ENSMICG00000014479
ENSG00000204304,PBX2,ENSMICG00000001829
ENSG00000100302,RASD2,ENSMICG00000046853
ENSG00000198542,ITGBL1,ENSMICG00000010741
ENSG00000101323,HAO1,ENSMICG00000003031
ENSG00000252595,RN7SKP82,ENSMICG00000024003
ENSG00000215203,GRXCR1,ENSMICG00000044927
ENSG00000199664,RNU6-1266P,ENSMICG00000043649
ENSG00000243446,RN7SL284P,ENSMICG00000044883
ENSG00000186895,FGF3,ENSMICG00000045024
ENSG00000187051,RPS19BP1,ENSMICG00000041581
ENSG00000223335,RNU6-603P,ENSMICG00000029061
ENSG00000184305,CCSER1,ENSMICG00000006309
ENSG00000137285,TUBB2B,ENSMICG00000000129
ENSG00000054793,ATP9A,ENSMICG00000000026
ENSG00000175535,PNLIP,ENSMICG00000015570
ENSG00000137266,SLC22A23,ENSMICG00000010664
ENSG00000140107,SLC25A47,ENSMICG00000041779
ENSG00000176956,LY6H,ENSMICG00000043961
ENSG00000130948,HSD17B3,ENSMICG00000002001
ENSG00000100139,MICALL1,ENSMICG00000013102
ENSG00000266200,PNLIPRP2,ENSMICG00000045091
ENSG00000170967,DDI1,ENSMICG00000002464
ENSG00000100811,YY1,ENSMICG00000006698
ENSG00000077498,TYR,ENSMICG00000037850
ENSG00000136040,PLXNC1,ENSMICG00000016660
ENSG00000184160,ADRA2C,ENSMICG00000036964
ENSG00000204022,LIPJ,ENSMICG00000014733
ENSG00000120875,DUSP4,ENSMICG00000006088
ENSG00000101076,HNF4A,ENSMICG00000008240
ENSG00000118113,MMP8,ENSMICG00000014462
ENSG00000119919,NKX2-3,ENSMICG00000002913
ENSG00000290292,HOMEZ,ENSMICG00000009996
ENSG00000164683,HEY1,ENSMICG00000001913
ENSG00000202190,Y_RNA,ENSMICG00000045215
ENSG00000148826,NKX6-2,ENSMICG00000026655
ENSG00000139946,PELI2,ENSMICG00000035745
ENSG00000244754,N4BP2L2,ENSMICG00000012027
ENSG00000171811,CFAP46,ENSMICG00000047278
ENSG00000206714,Y_RNA,ENSMICG00000037463
ENSG00000164404,GDF9,ENSMICG00000032249
ENSG00000168772,CXXC4,ENSMICG00000045183
ENSG00000186352,ANKRD37,ENSMICG00000010885
ENSG00000077616,NAALAD2,ENSMICG00000015630
ENSG00000165244,ZNF367,ENSMICG00000038686
ENSG00000100387,RBX1,ENSMICG00000034593
ENSG00000166090,IL25,ENSMICG00000010034
ENSG00000122711,SPINK4,ENSMICG00000042621
ENSG00000107262,BAG1,ENSMICG00000012099
ENSG00000113205,PCDHB3,ENSMICG00000016131
ENSG00000221332,U3,ENSMICG00000038168
ENSG00000081818,PCDHB4,ENSMICG00000042585
ENSG00000111785,RIC8B,ENSMICG00000008959
ENSG00000167769,ACER1,ENSMICG00000006279
ENSG00000120327,PCDHB14,ENSMICG00000035051
ENSG00000082556,OPRK1,ENSMICG00000043008
ENSG00000128268,MGAT3,ENSMICG00000034125
ENSG00000131951,LRRC9,ENSMICG00000037017
ENSG00000078795,PKD2L2,ENSMICG00000034172
ENSG00000151474,FRMD4A,ENSMICG00000006587
ENSG00000100225,FBXO7,ENSMICG00000013344
ENSG00000136997,MYC,ENSMICG00000014990
ENSG00000112041,TULP1,ENSMICG00000000029
ENSG00000180264,ADGRD2,ENSMICG00000046284
ENSG00000200999,,ENSMICG00000025900
ENSG00000130377,ACSBG2,ENSMICG00000014476
ENSG00000109689,STIM2,ENSMICG00000005093
ENSG00000102580,DNAJC3,ENSMICG00000017098
ENSG00000137675,MMP27,ENSMICG00000036959
ENSG00000164933,SLC25A32,ENSMICG00000006898
ENSG00000136811,ODF2,ENSMICG00000017639
ENSG00000165895,ARHGAP42,ENSMICG00000010758
ENSG00000168350,DEGS2,ENSMICG00000013104
ENSG00000164220,F2RL2,ENSMICG00000036441
ENSG00000100664,EIF5,ENSMICG00000010046
ENSG00000188596,CFAP54,ENSMICG00000015286
ENSG00000185019,UBOX5,ENSMICG00000028718
ENSG00000181104,F2R,ENSMICG00000029417
ENSG00000164736,SOX17,ENSMICG00000046540
ENSG00000164251,F2RL1,ENSMICG00000032411
ENSG00000104237,RP1,ENSMICG00000031576
ENSG00000240972,MIF,ENSMICG00000028257
ENSG00000145642,SHISAL2B,ENSMICG00000046187
ENSG00000124215,CDH26,ENSMICG00000002587
ENSG00000153015,CWC27,ENSMICG00000037178
ENSG00000100162,CENPM,ENSMICG00000032243
ENSG00000181333,HEPHL1,ENSMICG00000006401
ENSG00000134874,DZIP1,ENSMICG00000011959
ENSG00000146267,FAXC,ENSMICG00000006809
ENSG00000184156,KCNQ3,ENSMICG00000003612
ENSG00000153291,SLC25A27,ENSMICG00000044777
ENSG00000100985,MMP9,ENSMICG00000011348
ENSG00000111049,MYF5,ENSMICG00000036139
ENSG00000180113,TDRD6,ENSMICG00000030777
ENSG00000049192,ADAMTS6,ENSMICG00000015180
ENSG00000166206,GABRB3,ENSMICG00000027069
ENSG00000124177,CHD6,ENSMICG00000016641
ENSG00000180573,H2AC6,ENSMICG00000045352
ENSG00000100075,SLC25A1,ENSMICG00000017090
ENSG00000196866,H2AC7,ENSMICG00000047586
ENSG00000104756,KCTD9,ENSMICG00000016754
ENSG00000165617,DACT1,ENSMICG00000004813
ENSG00000203734,ECT2L,ENSMICG00000026525
ENSG00000139352,ASCL1,ENSMICG00000001967
ENSG00000177103,DSCAML1,ENSMICG00000002418
ENSG00000200209,Y_RNA,ENSMICG00000043461
ENSG00000105258,POLR2I,ENSMICG00000010241
ENSG00000182240,BACE2,ENSMICG00000027643
ENSG00000151136,ABTB3,ENSMICG00000007791
ENSG00000199790,RNU6-836P,ENSMICG00000042102
ENSG00000139915,MDGA2,ENSMICG00000037394
ENSG00000101236,RNF24,ENSMICG00000038625
ENSG00000075702,WDR62,ENSMICG00000010207
ENSG00000061492,WNT8A,ENSMICG00000034255
ENSG00000171209,CSN3,ENSMICG00000015230
ENSG00000156011,PSD3,ENSMICG00000005387
ENSG00000137252,HCRTR2,ENSMICG00000030742
ENSG00000183090,FREM3,ENSMICG00000046112
ENSG00000203907,OOEP,ENSMICG00000035829
ENSG00000184481,FOXO4,ENSMICG00000030501
ENSG00000268223,ARL14EPL,ENSMICG00000033608
ENSG00000165995,CACNB2,ENSMICG00000005995
ENSG00000145975,FAM217A,ENSMICG00000011781
ENSG00000222985,RNU2-14P,ENSMICG00000043216
ENSG00000178172,SPINK6,ENSMICG00000047754
ENSG00000182185,RAD51B,ENSMICG00000010890
ENSG00000124143,ARHGAP40,ENSMICG00000027391
ENSG00000196476,C20orf96,ENSMICG00000013465
ENSG00000248109,MARCOL,ENSMICG00000043335
ENSG00000140521,POLG,ENSMICG00000001951
ENSG00000214510,SPINK13,ENSMICG00000043271
ENSG00000215440,NPEPL1,ENSMICG00000008410
ENSG00000187690,EZHIP,ENSMICG00000001475
ENSG00000173612,GPRC6A,ENSMICG00000047395
ENSG00000196368,NUDT11,ENSMICG00000014540
ENSG00000196800,SPINK14,ENSMICG00000008066
ENSG00000165556,CDX2,ENSMICG00000031345
ENSG00000145777,TSLP,ENSMICG00000000642
ENSG00000126216,TUBGCP3,ENSMICG00000005542
ENSG00000077935,SMC1B,ENSMICG00000005701
ENSG00000164334,FAM170A,ENSMICG00000017038
ENSG00000151952,TMEM132D,ENSMICG00000043934
ENSG00000156273,BACH1,ENSMICG00000030387
ENSG00000185002,RFX6,ENSMICG00000044294
ENSG00000171495,MROH2B,ENSMICG00000012385
ENSG00000135111,TBX3,ENSMICG00000046966
ENSG00000261652,PIERCE2,ENSMICG00000030451
ENSG00000183530,PRR14L,ENSMICG00000047231
ENSG00000104880,ARHGEF18,ENSMICG00000013937
ENSG00000124812,CRISP1,ENSMICG00000002786
ENSG00000166111,SVOP,ENSMICG00000017624
ENSG00000206579,XKR4,ENSMICG00000004668
ENSG00000125870,SNRPB2,ENSMICG00000015404
ENSG00000261341,SMIM47,ENSMICG00000046683
ENSG00000125743,SNRPD2,ENSMICG00000031545
ENSG00000129003,VPS13C,ENSMICG00000015617
ENSG00000185252,ZNF74,ENSMICG00000032821
ENSG00000157551,KCNJ15,ENSMICG00000045136
ENSG00000177684,DEFB114,ENSMICG00000044264
ENSG00000261949,GFY,ENSMICG00000031077
ENSG00000227059,ANHX,ENSMICG00000034864
ENSG00000214642,DEFB113,ENSMICG00000032756
ENSG00000091664,SLC17A6,ENSMICG00000038594
ENSG00000203970,DEFB110,ENSMICG00000047331
ENSG00000244694,PTCHD4,ENSMICG00000015380
ENSG00000181781,CIMAP1D,ENSMICG00000004079
ENSG00000135298,ADGRB3,ENSMICG00000009819
ENSG00000139351,SYCP3,ENSMICG00000046057
ENSG00000139910,NOVA1,ENSMICG00000034677
ENSG00000149256,TENM4,ENSMICG00000015118
ENSG00000145934,TENM2,ENSMICG00000004745
ENSG00000099904,ZDHHC8,ENSMICG00000037526
ENSG00000147724,FAM135B,ENSMICG00000005212
ENSG00000227057,WDR46,ENSMICG00000000916
ENSG00000154127,UBASH3B,ENSMICG00000004676
ENSG00000199031,MIR371A,ENSMICG00000018994
ENSG00000201780,RNU6-275P,ENSMICG00000028071
ENSG00000212358,RNU6-837P,ENSMICG00000045346
ENSG00000126583,PRKCG,ENSMICG00000015697
ENSG00000200105,RNU6-251P,ENSMICG00000046950
ENSG00000240481,RN7SL38P,ENSMICG00000046013
ENSG00000199571,,ENSMICG00000043955
ENSG00000238669,RNU6-333P,ENSMICG00000045358
ENSG00000252607,Y_RNA,ENSMICG00000044999
ENSG00000200296,RNU1-83P,ENSMICG00000034464
ENSG00000207136,RNU6-769P,ENSMICG00000047002
ENSG00000200428,Y_RNA,ENSMICG00000041897
ENSG00000188312,CENPP,ENSMICG00000014345
ENSG00000199172,MIR331,ENSMICG00000018896
ENSG00000183844,FAM3B,ENSMICG00000012335
ENSG00000204300,TMEM225,ENSMICG00000011007
ENSG00000201435,RNU4-24P,ENSMICG00000046785
ENSG00000252863,RNU6-1183P,ENSMICG00000044870
ENSG00000202249,RNU5E-5P,ENSMICG00000041613
ENSG00000206929,Y_RNA,ENSMICG00000020685
ENSG00000199895,Y_RNA,ENSMICG00000046649
ENSG00000206614,RNU6-477P,ENSMICG00000027921
ENSG00000204767,INSYN2B,ENSMICG00000046547
ENSG00000222255,RNU6-101P,ENSMICG00000042722
ENSG00000199506,RNU6-247P,ENSMICG00000023141
ENSG00000132356,PRKAA1,ENSMICG00000036665
ENSG00000200665,RNU6-1188P,ENSMICG00000022585
ENSG00000149571,KIRREL3,ENSMICG00000014839
ENSG00000124243,BCAS4,ENSMICG00000015943
ENSG00000125492,BARHL1,ENSMICG00000045524
ENSG00000207582,MIR30B,ENSMICG00000033741
ENSG00000199153,MIR30D,ENSMICG00000019474
ENSG00000273621,,ENSMICG00000034838
ENSG00000222594,RN7SKP235,ENSMICG00000025959
ENSG00000197283,SYNGAP1,ENSMICG00000005678
ENSG00000151062,CACNA2D4,ENSMICG00000005662
ENSG00000152969,JAKMIP1,ENSMICG00000002468
ENSG00000056487,PHF21B,ENSMICG00000003006
ENSG00000125901,MRPS26,ENSMICG00000013793
ENSG00000105605,CACNG7,ENSMICG00000027690
ENSG00000129480,DTD2,ENSMICG00000030584
ENSG00000174306,ZHX3,ENSMICG00000007116
ENSG00000212296,SNORD72,ENSMICG00000019791
ENSG00000223087,RNU6-602P,ENSMICG00000043919
ENSG00000099954,CECR2,ENSMICG00000010617
ENSG00000006837,CDKL3,ENSMICG00000004579
ENSG00000154143,PANX3,ENSMICG00000046650
ENSG00000164825,DEFB1,ENSMICG00000047324
ENSG00000142408,CACNG8,ENSMICG00000042694
ENSG00000159212,CLIC6,ENSMICG00000035327
ENSG00000207407,,ENSMICG00000022719
ENSG00000243505,RN7SL240P,ENSMICG00000031643
ENSG00000189068,VSTM1,ENSMICG00000031115
ENSG00000212551,U3,ENSMICG00000019509
ENSG00000185920,PTCH1,ENSMICG00000000721
ENSG00000251838,,ENSMICG00000024964
ENSG00000211997,MIR708,ENSMICG00000018842
ENSG00000207299,,ENSMICG00000022767
ENSG00000200047,RN7SKP115,ENSMICG00000034894
ENSG00000278640,Metazoa_SRP,ENSMICG00000029450
ENSG00000159110,IFNAR2,ENSMICG00000044490
ENSG00000100865,CINP,ENSMICG00000006619
ENSG00000199090,MIR326,ENSMICG00000019700
ENSG00000206941,SNORD15A,ENSMICG00000034103
ENSG00000147324,MFHAS1,ENSMICG00000012971
ENSG00000198911,SREBF2,ENSMICG00000000913
ENSG00000166928,MS4A14,ENSMICG00000048047
ENSG00000025772,TOMM34,ENSMICG00000032653
ENSG00000200713,RNU6-682P,ENSMICG00000047413
ENSG00000239078,RNU7-55P,ENSMICG00000042825
ENSG00000201815,RNU6-526P,ENSMICG00000024882
ENSG00000284321,MIR124-1,ENSMICG00000029783
ENSG00000252458,,ENSMICG00000025422
ENSG00000113302,IL12B,ENSMICG00000010066
ENSG00000222761,RNU6-684P,ENSMICG00000025078
ENSG00000207128,RNU6-729P,ENSMICG00000045097
ENSG00000184647,PRSS55,ENSMICG00000009385
ENSG00000166930,MS4A5,ENSMICG00000015087
ENSG00000280894,SNORA50D,ENSMICG00000025555
ENSG00000145850,TIMD4,ENSMICG00000000994
ENSG00000183397,TEKTIP1,ENSMICG00000043061
ENSG00000124092,CTCFL,ENSMICG00000043482
ENSG00000252369,RNU7-51P,ENSMICG00000048018
ENSG00000137709,POU2F3,ENSMICG00000011142
ENSG00000171056,SOX7,ENSMICG00000009404
ENSG00000170613,GARIN3,ENSMICG00000044215
ENSG00000171044,XKR6,ENSMICG00000031239
ENSG00000207600,MIR598,ENSMICG00000019691
ENSG00000175325,PROP1,ENSMICG00000027568
ENSG00000199444,Y_RNA,ENSMICG00000047399
ENSG00000147036,LANCL3,ENSMICG00000005180
ENSG00000211445,GPX3,ENSMICG00000000660
ENSG00000274303,7SK,ENSMICG00000025788
ENSG00000219435,CATSPERZ,ENSMICG00000042558
ENSG00000186334,SLC36A3,ENSMICG00000000691
ENSG00000117877,POLR1G,ENSMICG00000031258
ENSG00000310562,,ENSMICG00000031312
ENSG00000170929,OR1M1,ENSMICG00000046584
ENSG00000207870,MIR221,ENSMICG00000019397
ENSG00000207725,MIR222,ENSMICG00000018497
ENSG00000166963,MAP1A,ENSMICG00000010101
ENSG00000174667,OR7D4,ENSMICG00000011232
ENSG00000186335,SLC36A2,ENSMICG00000000696
ENSG00000109705,NKX3-2,ENSMICG00000047225
ENSG00000212347,,ENSMICG00000047706
ENSG00000104221,BRF2,ENSMICG00000029960
ENSG00000147202,DIAPH2,ENSMICG00000009155
ENSG00000127533,F2RL3,ENSMICG00000027121
ENSG00000168412,MTNR1A,ENSMICG00000046958
ENSG00000168229,PTGDR,ENSMICG00000034390
ENSG00000197891,SLC22A12,ENSMICG00000008804
ENSG00000187902,SHISA7,ENSMICG00000034597
ENSG00000164418,GRIK2,ENSMICG00000006313
ENSG00000125384,PTGER2,ENSMICG00000036646
ENSG00000283567,C19orf85,ENSMICG00000044148
ENSG00000159248,GJD2,ENSMICG00000016973
ENSG00000181588,MEX3D,ENSMICG00000036648
ENSG00000145248,SLC10A4,ENSMICG00000011602
ENSG00000166073,GPR176,ENSMICG00000007606
ENSG00000182223,ZAR1,ENSMICG00000043813
ENSG00000207426,Y_RNA,ENSMICG00000045607
ENSG00000251722,RNU5E-3P,ENSMICG00000025204
ENSG00000145700,ANKRD31,ENSMICG00000014418
ENSG00000214367,HAUS3,ENSMICG00000028831
ENSG00000275072,SNORD50B,ENSMICG00000031854
ENSG00000214013,GANC,ENSMICG00000045356
ENSG00000124788,ATXN1,ENSMICG00000011875
ENSG00000104848,KCNA7,ENSMICG00000034320
ENSG00000142235,LMTK3,ENSMICG00000036079
ENSG00000122012,SV2C,ENSMICG00000007347
ENSG00000154723,ATP5PF,ENSMICG00000006338
ENSG00000283926,MIR192,ENSMICG00000030213
ENSG00000149735,GPHA2,ENSMICG00000001265
ENSG00000168062,BATF2,ENSMICG00000001270
ENSG00000151475,SLC25A31,ENSMICG00000035863
ENSG00000181790,ADGRB1,ENSMICG00000015976
ENSG00000204519,ZNF551,ENSMICG00000011841
ENSG00000279270,OR52R1,ENSMICG00000044603
ENSG00000278870,OR51G1,ENSMICG00000044003
ENSG00000176787,OR52E2,ENSMICG00000042546
ENSG00000112576,CCND3,ENSMICG00000027138
ENSG00000164040,PGRMC2,ENSMICG00000011485
ENSG00000179909,ZNF154,ENSMICG00000006420
ENSG00000145703,IQGAP2,ENSMICG00000007353
ENSG00000154553,PDLIM3,ENSMICG00000010914
ENSG00000213022,KLK9,ENSMICG00000034651
ENSG00000167759,KLK13,ENSMICG00000016905
ENSG00000181609,OR52D1,ENSMICG00000014812
ENSG00000205884,DEFB136,ENSMICG00000041799
ENSG00000205882,DEFB134,ENSMICG00000044548
ENSG00000166159,LRTM2,ENSMICG00000042507
ENSG00000185989,RASA3,ENSMICG00000006158
ENSG00000110042,DTX4,ENSMICG00000042820
ENSG00000142549,IGLON5,ENSMICG00000034690
ENSG00000139187,KLRG1,ENSMICG00000015069
ENSG00000204618,RNF39,ENSMICG00000034392
ENSG00000160318,CLDND2,ENSMICG00000047601
ENSG00000174749,FAM241A,ENSMICG00000048071
ENSG00000163623,NKX6-1,ENSMICG00000042480
ENSG00000154764,WNT7A,ENSMICG00000034657
ENSG00000163625,WDFY3,ENSMICG00000004962
ENSG00000262874,C19orf84,ENSMICG00000028408
ENSG00000222982,RN7SKP216,ENSMICG00000023535
ENSG00000201198,RNU6-879P,ENSMICG00000043986
ENSG00000175189,INHBC,ENSMICG00000043104
ENSG00000186416,NKRF,ENSMICG00000004220
ENSG00000177225,GATD1,ENSMICG00000008372
ENSG00000139266,MARCHF9,ENSMICG00000003794
ENSG00000134121,CHL1,ENSMICG00000010518
ENSG00000123427,EEF1AKMT3,ENSMICG00000030639
ENSG00000241058,NSUN6,ENSMICG00000029435
ENSG00000100403,ZC3H7B,ENSMICG00000013471
ENSG00000165805,C12orf50,ENSMICG00000008075
ENSG00000135577,NMBR,ENSMICG00000032052
ENSG00000124557,BTN1A1,ENSMICG00000017434
ENSG00000131398,KCNC3,ENSMICG00000036747
ENSG00000136100,VPS36,ENSMICG00000045748
ENSG00000101057,MYBL2,ENSMICG00000000330
ENSG00000150275,PCDH15,ENSMICG00000008204
ENSG00000204671,IL31,ENSMICG00000001165
ENSG00000188959,C9orf152,ENSMICG00000042061
ENSG00000269404,SPIB,ENSMICG00000002199
ENSG00000204193,TXNDC8,ENSMICG00000002131
ENSG00000176383,B3GNT4,ENSMICG00000001169
ENSG00000072832,CRMP1,ENSMICG00000005762
ENSG00000212443,SNORA53,ENSMICG00000021018
ENSG00000166130,IKBIP,ENSMICG00000026540
ENSG00000168619,ADAM18,ENSMICG00000014558
ENSG00000206658,RNU6-1039P,ENSMICG00000025646
ENSG00000199785,SNORA52,ENSMICG00000019812
ENSG00000212597,RNU6-876P,ENSMICG00000044614
ENSG00000206967,Y_RNA,ENSMICG00000043188
ENSG00000146950,SHROOM2,ENSMICG00000045523
ENSG00000149300,C11orf52,ENSMICG00000047742
ENSG00000161671,EMC10,ENSMICG00000034724
ENSG00000150779,TIMM8B,ENSMICG00000031984
ENSG00000135643,KCNMB4,ENSMICG00000044565
ENSG00000146360,GPR6,ENSMICG00000014562
ENSG00000092529,CAPN3,ENSMICG00000027351
ENSG00000185760,KCNQ5,ENSMICG00000006444
ENSG00000166148,AVPR1A,ENSMICG00000038397
ENSG00000133858,ZFC3H1,ENSMICG00000009137
ENSG00000188771,PLET1,ENSMICG00000038787
ENSG00000221716,SNORA11,ENSMICG00000022826
ENSG00000238961,SNORA47,ENSMICG00000025844
ENSG00000184788,SATL1,ENSMICG00000045126
ENSG00000159055,MIS18A,ENSMICG00000038925
ENSG00000185608,MRPL40,ENSMICG00000046066
ENSG00000083067,TRPM3,ENSMICG00000014673
ENSG00000113231,PDE8B,ENSMICG00000016635
ENSG00000160298,C21orf58,ENSMICG00000047063
ENSG00000183479,TREX2,ENSMICG00000038278
ENSG00000075218,GTSE1,ENSMICG00000016780
ENSG00000152467,ZSCAN1,ENSMICG00000035329
ENSG00000174898,CATSPERD,ENSMICG00000047708
ENSG00000212123,PRR22,ENSMICG00000026944
ENSG00000104755,ADAM2,ENSMICG00000044258
ENSG00000199179,MIRLET7I,ENSMICG00000035942
ENSG00000187650,VMAC,ENSMICG00000046967
ENSG00000206775,SNORD37,ENSMICG00000021572
ENSG00000139151,PLCZ1,ENSMICG00000002511
ENSG00000197238,H4C11,ENSMICG00000046298
ENSG00000147231,RADX,ENSMICG00000000489
ENSG00000198092,TMPRSS11F,ENSMICG00000014684
ENSG00000278828,H3C10,ENSMICG00000041642
ENSG00000008441,NFIX,ENSMICG00000000785
ENSG00000180919,OR56B4,ENSMICG00000007227
ENSG00000185873,TMPRSS11B,ENSMICG00000000833
ENSG00000112541,PDE10A,ENSMICG00000008121
ENSG00000099958,DERL3,ENSMICG00000006789
ENSG00000152402,GUCY1A2,ENSMICG00000004925
ENSG00000087128,TMPRSS11E,ENSMICG00000006258
ENSG00000102245,CD40LG,ENSMICG00000017847
ENSG00000200350,RNU6-1285P,ENSMICG00000047750
ENSG00000138685,FGF2,ENSMICG00000048112
ENSG00000160285,LSS,ENSMICG00000004051
ENSG00000120662,MTRF1,ENSMICG00000033131
ENSG00000169635,HIC2,ENSMICG00000044556
ENSG00000176340,COX8A,ENSMICG00000044396
ENSG00000200455,RNU6-1112P,ENSMICG00000028665
ENSG00000202392,RN7SKP292,ENSMICG00000021459
ENSG00000173013,CFAP184,ENSMICG00000007976
ENSG00000165462,PHOX2A,ENSMICG00000004256
ENSG00000173011,TADA2B,ENSMICG00000033119
ENSG00000196569,LAMA2,ENSMICG00000017693
ENSG00000163576,EFHB,ENSMICG00000049240
ENSG00000100142,POLR2F,ENSMICG00000013128
ENSG00000130700,GATA5,ENSMICG00000037048
ENSG00000207008,SNORA54,ENSMICG00000022054
ENSG00000083782,EPYC,ENSMICG00000017312
ENSG00000120251,GRIA2,ENSMICG00000006582
ENSG00000234776,FREY1,ENSMICG00000042017
ENSG00000222601,Y_RNA,ENSMICG00000041813
ENSG00000171456,ASXL1,ENSMICG00000038277
ENSG00000077458,FAM76B,ENSMICG00000036906
ENSG00000169884,WNT10B,ENSMICG00000011017
ENSG00000183977,PP2D1,ENSMICG00000048941
ENSG00000181418,DDN,ENSMICG00000032556
ENSG00000128228,SDF2L1,ENSMICG00000035267
ENSG00000139549,DHH,ENSMICG00000017549
ENSG00000164941,INTS8,ENSMICG00000015571
ENSG00000090776,EFNB1,ENSMICG00000026493
ENSG00000157152,SYN2,ENSMICG00000003565
ENSG00000207713,MIR200C,ENSMICG00000034684
ENSG00000238795,SCARNA12,ENSMICG00000024689
ENSG00000243420,RN7SL734P,ENSMICG00000035763
ENSG00000252858,RNU6-1271P,ENSMICG00000045409
ENSG00000118972,FGF23,ENSMICG00000041500
ENSG00000065923,SLC9A7,ENSMICG00000014592
ENSG00000135414,GDF11,ENSMICG00000030868
ENSG00000100221,JOSD1,ENSMICG00000045787
ENSG00000175602,CCDC85B,ENSMICG00000006912
ENSG00000175573,C11orf68,ENSMICG00000012852
ENSG00000175550,DRAP1,ENSMICG00000032164
ENSG00000111644,ACRBP,ENSMICG00000006616
ENSG00000198300,PEG3,ENSMICG00000027819
ENSG00000076770,MBNL3,ENSMICG00000032488
ENSG00000171540,OTP,ENSMICG00000030234
ENSG00000172348,RCAN2,ENSMICG00000030471
ENSG00000175315,CST6,ENSMICG00000017209
ENSG00000133710,SPINK5,ENSMICG00000010569
ENSG00000175294,CATSPER1,ENSMICG00000017211
ENSG00000112761,CCN6,ENSMICG00000008735
ENSG00000093009,CDC45,ENSMICG00000013589
ENSG00000170426,SDR9C7,ENSMICG00000041509
ENSG00000174871,CNIH2,ENSMICG00000028873
ENSG00000125812,GZF1,ENSMICG00000046070
ENSG00000206897,SNORA9B,ENSMICG00000024659
ENSG00000111358,GTF2H3,ENSMICG00000006482
ENSG00000179292,TMEM151A,ENSMICG00000008650
ENSG00000174807,CD248,ENSMICG00000032904
ENSG00000202317,RNU1-84P,ENSMICG00000019571
ENSG00000175115,PACS1,ENSMICG00000008585
ENSG00000172179,PRL,ENSMICG00000005849
ENSG00000222465,RNU2-5P,ENSMICG00000045423
ENSG00000198963,RORB,ENSMICG00000007512
ENSG00000144724,PTPRG,ENSMICG00000016378
ENSG00000125831,CST11,ENSMICG00000017904
ENSG00000131067,GGT7,ENSMICG00000004896
ENSG00000202360,RN7SKP249,ENSMICG00000019902
ENSG00000119121,TRPM6,ENSMICG00000007514
ENSG00000129152,MYOD1,ENSMICG00000005566
ENSG00000129159,KCNC1,ENSMICG00000005569
ENSG00000170881,RNF139,ENSMICG00000017479
ENSG00000147509,RGS20,ENSMICG00000015672
ENSG00000163376,KBTBD8,ENSMICG00000014192
ENSG00000087053,MTMR2,ENSMICG00000009395
ENSG00000121440,PDZRN3,ENSMICG00000028272
ENSG00000153347,FAM81B,ENSMICG00000006677
ENSG00000169083,AR,ENSMICG00000014721
ENSG00000272333,KMT2B,ENSMICG00000009928
ENSG00000061337,LZTS1,ENSMICG00000001804
ENSG00000152137,HSPB8,ENSMICG00000041616
ENSG00000173334,TRIB1,ENSMICG00000041712
ENSG00000242114,MTFP1,ENSMICG00000045562
ENSG00000081148,IMPG2,ENSMICG00000049387
ENSG00000183908,LRRC55,ENSMICG00000030806
ENSG00000101605,MYOM1,ENSMICG00000017883
ENSG00000240533,RN7SL69P,ENSMICG00000041936
ENSG00000156575,PRG3,ENSMICG00000040085
ENSG00000238457,RNU7-169P,ENSMICG00000047041
ENSG00000200475,RN7SKP162,ENSMICG00000030160
ENSG00000149599,DUSP15,ENSMICG00000027820
ENSG00000139330,KERA,ENSMICG00000000375
ENSG00000160183,TMPRSS3,ENSMICG00000005497
ENSG00000171365,CLCN5,ENSMICG00000002433
ENSG00000173486,FKBP2,ENSMICG00000016960
ENSG00000123066,MED13L,ENSMICG00000010953
ENSG00000131100,ATP6V1E1,ENSMICG00000010643
ENSG00000138472,GUCA1C,ENSMICG00000049237
ENSG00000102543,CDADC1,ENSMICG00000017527
ENSG00000251923,RNU6-276P,ENSMICG00000024617
ENSG00000250821,EXOC1L,ENSMICG00000043366
ENSG00000138675,FGF5,ENSMICG00000047847
ENSG00000202217,RN7SKP47,ENSMICG00000025706
ENSG00000135045,C9orf40,ENSMICG00000028036
ENSG00000249693,SPMAP2L,ENSMICG00000042879
ENSG00000170837,GPR27,ENSMICG00000032202
ENSG00000125821,DTD1,ENSMICG00000010771
ENSG00000110031,LPXN,ENSMICG00000001409
ENSG00000206530,CFAP44,ENSMICG00000049278
ENSG00000177098,SCN4B,ENSMICG00000036120
ENSG00000174473,GALNTL6,ENSMICG00000016455
ENSG00000177854,TMEM187,ENSMICG00000033392
ENSG00000101442,ACTR5,ENSMICG00000013239
ENSG00000004777,ARHGAP33,ENSMICG00000010004
ENSG00000139508,SLC46A3,ENSMICG00000016295
ENSG00000198759,EGFL6,ENSMICG00000026836
ENSG00000179058,C9orf50,ENSMICG00000038544
ENSG00000152705,CATSPER3,ENSMICG00000046332
ENSG00000239856,RN7SL225P,ENSMICG00000034399
ENSG00000149201,CCDC81,ENSMICG00000000948
ENSG00000114487,MORC1,ENSMICG00000049431
ENSG00000124212,PTGIS,ENSMICG00000017617
ENSG00000069011,PITX1,ENSMICG00000047012
ENSG00000130224,LRCH2,ENSMICG00000047056
ENSG00000182903,ZNF721,ENSMICG00000026956
ENSG00000198642,KLHL9,ENSMICG00000002688
ENSG00000136929,HEMGN,ENSMICG00000029755
ENSG00000181965,NEUROG1,ENSMICG00000043660
ENSG00000102452,NALCN,ENSMICG00000010714
ENSG00000100219,XBP1,ENSMICG00000004235
ENSG00000011083,SLC6A7,ENSMICG00000002824
ENSG00000199483,RNU4-15P,ENSMICG00000043074
ENSG00000124334,IL9R,ENSMICG00000034237
ENSG00000099889,ARVCF,ENSMICG00000015322
ENSG00000113262,GRM6,ENSMICG00000000566
ENSG00000137720,CFAP68,ENSMICG00000038156
ENSG00000104899,AMH,ENSMICG00000047953
ENSG00000088356,PDRG1,ENSMICG00000035838
ENSG00000102271,KLHL4,ENSMICG00000017361
ENSG00000163519,TRAT1,ENSMICG00000049400
ENSG00000223547,ZNF844,ENSMICG00000045859
ENSG00000251983,RN7SKP157,ENSMICG00000026133
ENSG00000205838,TTC23L,ENSMICG00000005657
ENSG00000152229,PSTPIP2,ENSMICG00000017499
ENSG00000201439,RNU4-67P,ENSMICG00000043307
ENSG00000205693,MANSC4,ENSMICG00000017687
ENSG00000088305,DNMT3B,ENSMICG00000006679
ENSG00000139445,FOXN4,ENSMICG00000017629
ENSG00000170819,BFSP2,ENSMICG00000049399
ENSG00000149133,OR5F1,ENSMICG00000028603
ENSG00000200274,RNU4-32P,ENSMICG00000046491
ENSG00000252192,,ENSMICG00000025806
ENSG00000173610,UGT2A1,ENSMICG00000037274
ENSG00000114125,RNF7,ENSMICG00000049320
ENSG00000184445,KNTC1,ENSMICG00000000331
ENSG00000174957,OR5J2,ENSMICG00000015266
ENSG00000180475,OR10Q1,ENSMICG00000043768
ENSG00000175745,NR2F1,ENSMICG00000005642
ENSG00000163421,PROK2,ENSMICG00000001127
ENSG00000128309,MPST,ENSMICG00000009041
ENSG00000141449,GREB1L,ENSMICG00000013562
ENSG00000168875,SOX14,ENSMICG00000049142
ENSG00000178338,ZNF354B,ENSMICG00000035274
ENSG00000152977,ZIC1,ENSMICG00000049488
ENSG00000182168,UNC5C,ENSMICG00000009052
ENSG00000070031,SCT,ENSMICG00000027911
ENSG00000206624,RNU1-39P,ENSMICG00000018651
ENSG00000069696,DRD4,ENSMICG00000001593
ENSG00000123728,RAP2C,ENSMICG00000037775
ENSG00000163590,PPM1L,ENSMICG00000049405
ENSG00000100084,HIRA,ENSMICG00000013496
ENSG00000169393,ELSPBP1,ENSMICG00000007142
ENSG00000252769,RNU6-943P,ENSMICG00000043144
ENSG00000208009,MIR130A,ENSMICG00000018091
ENSG00000277194,SNORD22,ENSMICG00000033977
ENSG00000278527,SNORD22,ENSMICG00000022574
ENSG00000163630,SYNPR,ENSMICG00000016442
ENSG00000276788,SNORD26,ENSMICG00000025970
ENSG00000136144,RCBTB1,ENSMICG00000006630
ENSG00000174358,SLC6A19,ENSMICG00000033849
ENSG00000166793,YPEL4,ENSMICG00000030565
ENSG00000126464,PRR12,ENSMICG00000032448
ENSG00000154640,BTG3,ENSMICG00000017785
ENSG00000198099,ADH4,ENSMICG00000006121
ENSG00000164363,SLC6A18,ENSMICG00000010877
ENSG00000198088,NUP62CL,ENSMICG00000009757
ENSG00000199975,RN7SKP243,ENSMICG00000023131
ENSG00000132205,EMILIN2,ENSMICG00000017574
ENSG00000284736,RNA5SP343,ENSMICG00000018846
ENSG00000175505,CLCF1,ENSMICG00000029277
ENSG00000177045,SIX5,ENSMICG00000042264
ENSG00000133135,RNF128,ENSMICG00000029901
ENSG00000141639,MAPK4,ENSMICG00000015044
ENSG00000207732,MIR218-1,ENSMICG00000018423
ENSG00000185774,KCNIP4,ENSMICG00000035356
ENSG00000238622,SNORD97,ENSMICG00000025810
ENSG00000171388,APLN,ENSMICG00000043883
ENSG00000160460,SPTBN4,ENSMICG00000034081
ENSG00000131808,FSHB,ENSMICG00000011542
ENSG00000090402,SI,ENSMICG00000049323
ENSG00000157625,TAB3,ENSMICG00000032994
ENSG00000185261,KIAA0825,ENSMICG00000000340
ENSG00000112077,RHAG,ENSMICG00000008366
ENSG00000167612,ANKRD33,ENSMICG00000016792
ENSG00000205867,KRTAP5-2,ENSMICG00000044655
ENSG00000197632,SERPINB2,ENSMICG00000016506
ENSG00000038382,TRIO,ENSMICG00000015477
ENSG00000161835,TAMALIN,ENSMICG00000016807
ENSG00000139826,ABHD13,ENSMICG00000045970
ENSG00000201733,,ENSMICG00000044320
ENSG00000032742,IFT88,ENSMICG00000004618
ENSG00000124479,NDP,ENSMICG00000034006
ENSG00000200090,Y_RNA,ENSMICG00000020064
ENSG00000252874,Y_RNA,ENSMICG00000046213
ENSG00000175536,LIPT2,ENSMICG00000045741
ENSG00000214827,MTCP1,ENSMICG00000037190
ENSG00000101138,CSTF1,ENSMICG00000004648
ENSG00000136011,STAB2,ENSMICG00000001977
ENSG00000142188,TMEM50B,ENSMICG00000037949
ENSG00000186907,RTN4RL2,ENSMICG00000030732
ENSG00000174343,CHRNA9,ENSMICG00000035894
ENSG00000018610,STEEP1,ENSMICG00000002760
ENSG00000156587,UBE2L6,ENSMICG00000034110
ENSG00000156140,ADAMTS3,ENSMICG00000003478
ENSG00000166974,MAPRE2,ENSMICG00000045555
ENSG00000120279,MYCT1,ENSMICG00000036362
ENSG00000244355,LY6G6D,ENSMICG00000028884
ENSG00000149575,SCN2B,ENSMICG00000048084
ENSG00000102385,DRP2,ENSMICG00000015568
ENSG00000274997,H2AC12,ENSMICG00000042676
ENSG00000137413,TAF8,ENSMICG00000031201
ENSG00000180425,C11orf71,ENSMICG00000010085
ENSG00000111412,SPRING1,ENSMICG00000010981
ENSG00000081051,AFP,ENSMICG00000005060
ENSG00000144962,SPATA16,ENSMICG00000049271
ENSG00000135116,HRK,ENSMICG00000028697
ENSG00000155307,SAMSN1,ENSMICG00000016350
ENSG00000133138,TBC1D8B,ENSMICG00000015655
ENSG00000241217,RN7SL809P,ENSMICG00000028163
ENSG00000252341,Y_RNA,ENSMICG00000024809
ENSG00000170374,SP7,ENSMICG00000038102
ENSG00000120451,SNX19,ENSMICG00000004802
ENSG00000156194,PPEF2,ENSMICG00000028039
ENSG00000241785,RN7SL390P,ENSMICG00000029106
ENSG00000199122,MIR148B,ENSMICG00000018133
ENSG00000239002,SCARNA10,ENSMICG00000026124
ENSG00000177694,NAALADL2,ENSMICG00000048670
ENSG00000101132,PFDN4,ENSMICG00000004651
ENSG00000207142,Y_RNA,ENSMICG00000022145
ENSG00000252886,RN7SKP197,ENSMICG00000025355
ENSG00000111725,PRKAB1,ENSMICG00000012419
ENSG00000163995,ABLIM2,ENSMICG00000005733
ENSG00000203872,C6orf163,ENSMICG00000042740
ENSG00000182566,CLEC4G,ENSMICG00000007511
ENSG00000156261,CCT8,ENSMICG00000002601
ENSG00000179300,RTL3,ENSMICG00000004901
ENSG00000169562,GJB1,ENSMICG00000014093
ENSG00000075043,KCNQ2,ENSMICG00000031055
ENSG00000187556,NANOS3,ENSMICG00000030950
ENSG00000103994,ZNF106,ENSMICG00000000803
ENSG00000175544,CABP4,ENSMICG00000004133
ENSG00000130270,ATP8B3,ENSMICG00000013417
ENSG00000135119,RNFT2,ENSMICG00000010987
ENSG00000085276,MECOM,ENSMICG00000049200
ENSG00000204979,MS4A13,ENSMICG00000015096
ENSG00000206881,RNU6-190P,ENSMICG00000047851
ENSG00000171444,MCC,ENSMICG00000013807
ENSG00000112137,PHACTR1,ENSMICG00000000165
ENSG00000124429,POF1B,ENSMICG00000005035
ENSG00000139190,VAMP1,ENSMICG00000006507
ENSG00000166670,MMP10,ENSMICG00000006282
ENSG00000197467,COL13A1,ENSMICG00000007401
ENSG00000168675,LDLRAD4,ENSMICG00000028394
ENSG00000178222,RNF212,ENSMICG00000047687
ENSG00000178026,LRRC75B,ENSMICG00000030419
ENSG00000205927,OLIG2,ENSMICG00000041942
ENSG00000212298,RNU6-1009P,ENSMICG00000033294
ENSG00000251788,RNU5A-7P,ENSMICG00000043005
ENSG00000200351,Y_RNA,ENSMICG00000024552
ENSG00000160190,SLC37A1,ENSMICG00000000053
ENSG00000215193,PEX26,ENSMICG00000037834
ENSG00000099822,HCN2,ENSMICG00000026521
ENSG00000204536,CCHCR1,ENSMICG00000001488
ENSG00000113712,CSNK1A1,ENSMICG00000027056
ENSG00000104177,MYEF2,ENSMICG00000014513
ENSG00000070388,FGF22,ENSMICG00000043398
ENSG00000130167,TSPAN16,ENSMICG00000042148
ENSG00000181215,C4orf50,ENSMICG00000046962
ENSG00000248771,SMIM31,ENSMICG00000046980
ENSG00000182518,VCF2,ENSMICG00000043344
ENSG00000134640,MTNR1B,ENSMICG00000043189
ENSG00000139220,PPFIA2,ENSMICG00000010822
ENSG00000196611,MMP1,ENSMICG00000006291
ENSG00000125650,PSPN,ENSMICG00000044211
ENSG00000102032,RENBP,ENSMICG00000033869
ENSG00000088247,KHSRP,ENSMICG00000007863
ENSG00000171053,PATE1,ENSMICG00000001520
ENSG00000196844,PATE2,ENSMICG00000002420
ENSG00000183864,TOB2,ENSMICG00000044468
ENSG00000184985,SORCS2,ENSMICG00000011732
ENSG00000017797,RALBP1,ENSMICG00000003325
ENSG00000126243,LRFN3,ENSMICG00000037020
ENSG00000236027,PATE3,ENSMICG00000041728
ENSG00000133103,COG6,ENSMICG00000001598
ENSG00000184117,NIPSNAP1,ENSMICG00000042066
ENSG00000101856,PGRMC1,ENSMICG00000004265
ENSG00000130477,UNC13A,ENSMICG00000036952
ENSG00000242976,RN7SL177P,ENSMICG00000027790
ENSG00000155511,GRIA1,ENSMICG00000003547
ENSG00000184507,NUTM1,ENSMICG00000004670
ENSG00000006118,TMEM132A,ENSMICG00000042560
ENSG00000199862,Y_RNA,ENSMICG00000047811
ENSG00000134160,TRPM1,ENSMICG00000012612
ENSG00000201264,SNORD73B,ENSMICG00000022678
ENSG00000208797,SNORD73A,ENSMICG00000044952
ENSG00000207153,RNU6-933P,ENSMICG00000043698
ENSG00000129749,CHRNA10,ENSMICG00000048048
ENSG00000253019,RN7SKP35,ENSMICG00000024702
ENSG00000150630,VEGFC,ENSMICG00000031537
ENSG00000102100,SLC35A2,ENSMICG00000005976
ENSG00000175040,CHST2,ENSMICG00000048867
ENSG00000238304,RNU7-50P,ENSMICG00000045802
ENSG00000100092,SH3BP1,ENSMICG00000003781
ENSG00000175077,RTP1,ENSMICG00000049280
ENSG00000187079,TEAD1,ENSMICG00000007178
ENSG00000121853,GHSR,ENSMICG00000049355
ENSG00000124466,LYPD3,ENSMICG00000009489
ENSG00000174948,GPR149,ENSMICG00000049352
ENSG00000109220,CHIC2,ENSMICG00000034358
ENSG00000118156,ZNF541,ENSMICG00000017737
ENSG00000180613,GSX2,ENSMICG00000027995
ENSG00000158258,CLSTN2,ENSMICG00000049019
ENSG00000160305,DIP2A,ENSMICG00000047083
ENSG00000177432,NAP1L5,ENSMICG00000030185
ENSG00000134440,NARS1,ENSMICG00000003077
ENSG00000276588,RN7SL322P,ENSMICG00000030504
ENSG00000174885,NLRP6,ENSMICG00000006315
ENSG00000136514,RTP4,ENSMICG00000048967
ENSG00000179846,NKPD1,ENSMICG00000030601
ENSG00000138246,DNAJC13,ENSMICG00000049364
ENSG00000206013,IFITM5,ENSMICG00000006334
ENSG00000243562,RN7SL838P,ENSMICG00000032360
ENSG00000161888,SPC24,ENSMICG00000045263
ENSG00000102753,KPNA3,ENSMICG00000006647
ENSG00000167749,KLK4,ENSMICG00000035746
ENSG00000171204,TMEM126B,ENSMICG00000029604
ENSG00000100418,DESI1,ENSMICG00000045578
ENSG00000145879,SPINK7,ENSMICG00000002552
ENSG00000204909,SPINK9,ENSMICG00000046265
ENSG00000099940,SNAP29,ENSMICG00000034792
ENSG00000230561,CCDC192,ENSMICG00000043066
ENSG00000147027,TMEM47,ENSMICG00000044159
ENSG00000080709,KCNN2,ENSMICG00000002012
ENSG00000176463,SLCO3A1,ENSMICG00000010035
ENSG00000151364,KCTD14,ENSMICG00000044183
ENSG00000155890,TRIM42,ENSMICG00000049317
ENSG00000172738,TMEM217,ENSMICG00000046679
ENSG00000145757,SPATA9,ENSMICG00000044517
ENSG00000196839,ADA,ENSMICG00000008277
ENSG00000122121,XPNPEP2,ENSMICG00000015814
ENSG00000166341,DCHS1,ENSMICG00000002145
ENSG00000166897,ELFN2,ENSMICG00000043745
ENSG00000284447,MIR9-2,ENSMICG00000018755
ENSG00000186431,FCAR,ENSMICG00000045090
ENSG00000125304,TM9SF2,ENSMICG00000015250
ENSG00000163638,ADAMTS9,ENSMICG00000043369
ENSG00000112303,VNN2,ENSMICG00000005236
ENSG00000099991,CABIN1,ENSMICG00000009743
ENSG00000239197,,ENSMICG00000024983
ENSG00000152377,SPOCK1,ENSMICG00000000619
ENSG00000216009,MIR874,ENSMICG00000018792
ENSG00000274197,U4,ENSMICG00000043330
ENSG00000176029,C11orf16,ENSMICG00000047044
ENSG00000164236,ANKRD33B,ENSMICG00000017147
ENSG00000189420,ZFP92,ENSMICG00000011893
ENSG00000223080,Y_RNA,ENSMICG00000020045
ENSG00000141448,GATA6,ENSMICG00000044131
ENSG00000184347,SLIT3,ENSMICG00000009033
ENSG00000123572,NRK,ENSMICG00000014358
ENSG00000158578,ALAS2,ENSMICG00000003435
ENSG00000213822,CEACAM18,ENSMICG00000028128
ENSG00000186496,ZNF396,ENSMICG00000017080
ENSG00000105672,ETV2,ENSMICG00000009896
ENSG00000198838,RYR3,ENSMICG00000005736
ENSG00000101624,CEP76,ENSMICG00000026464
ENSG00000180660,MAB21L1,ENSMICG00000043536
ENSG00000157343,ARMC12,ENSMICG00000035092
ENSG00000175066,GK5,ENSMICG00000049424
ENSG00000136104,RNASEH2B,ENSMICG00000000528
ENSG00000105668,UPK1A,ENSMICG00000009905
ENSG00000207739,MIR218-2,ENSMICG00000018359
ENSG00000207507,RNU6-9,ENSMICG00000043898
ENSG00000172232,AZU1,ENSMICG00000000954
ENSG00000196415,PRTN3,ENSMICG00000029299
ENSG00000197753,LHFPL5,ENSMICG00000002689
ENSG00000112679,DUSP22,ENSMICG00000011713
ENSG00000204950,LRRC10B,ENSMICG00000030558
ENSG00000178297,TMPRSS9,ENSMICG00000010010
ENSG00000149480,MTA2,ENSMICG00000044141
ENSG00000174013,FBXO45,ENSMICG00000049017
ENSG00000134265,NAPG,ENSMICG00000005831
ENSG00000182132,KCNIP1,ENSMICG00000012622
ENSG00000163961,RNF168,ENSMICG00000049458
ENSG00000149489,ROM1,ENSMICG00000041920
ENSG00000158290,CUL4B,ENSMICG00000014517
ENSG00000180611,MB21D2,ENSMICG00000048922
ENSG00000105708,ZNF14,ENSMICG00000027449
ENSG00000125741,OPA3,ENSMICG00000046590
ENSG00000185085,INTS5,ENSMICG00000009907
ENSG00000205835,GMNC,ENSMICG00000048624
ENSG00000284544,MIR330,ENSMICG00000036400
ENSG00000128271,ADORA2A,ENSMICG00000048104
ENSG00000105639,JAK3,ENSMICG00000034333
ENSG00000182836,PLCXD3,ENSMICG00000014443
ENSG00000173261,PLAC8L1,ENSMICG00000041566
ENSG00000079841,RIMS1,ENSMICG00000008520
ENSG00000281863,,ENSMICG00000038425
ENSG00000241082,RN7SL259P,ENSMICG00000028476
ENSG00000199815,,ENSMICG00000044986
ENSG00000212442,RNU6-243P,ENSMICG00000028710
ENSG00000207625,MIR128-2,ENSMICG00000018090
ENSG00000206939,RNU6-281P,ENSMICG00000048109
ENSG00000252008,RNU6-927P,ENSMICG00000045786
ENSG00000141384,TAF4B,ENSMICG00000007838
ENSG00000221633,U3,ENSMICG00000047967
ENSG00000165325,DEUP1,ENSMICG00000017876
ENSG00000173210,ABLIM3,ENSMICG00000002582
ENSG00000251751,RN7SKP46,ENSMICG00000024716
ENSG00000202125,RNU1-100P,ENSMICG00000025962
ENSG00000201778,Y_RNA,ENSMICG00000042133
ENSG00000222499,RN7SKP177,ENSMICG00000034763
ENSG00000252581,RNU6-1098P,ENSMICG00000045494
ENSG00000252082,RNU6-547P,ENSMICG00000045614
ENSG00000201860,Y_RNA,ENSMICG00000032688
ENSG00000201229,SNORA63D,ENSMICG00000020662
ENSG00000166979,EVA1C,ENSMICG00000038077
ENSG00000253092,,ENSMICG00000025494
ENSG00000207370,Y_RNA,ENSMICG00000045210
ENSG00000251730,,ENSMICG00000024762
ENSG00000187848,P2RX2,ENSMICG00000003948
ENSG00000207166,SNORA68,ENSMICG00000030839
ENSG00000199363,SNORA63E,ENSMICG00000022232
ENSG00000105641,SLC5A5,ENSMICG00000031990
ENSG00000252989,,ENSMICG00000025316
ENSG00000019995,ZRANB1,ENSMICG00000000273
ENSG00000158470,B4GALT5,ENSMICG00000036109
ENSG00000119938,PPP1R3C,ENSMICG00000043594
ENSG00000152778,IFIT5,ENSMICG00000047990
ENSG00000201554,Y_RNA,ENSMICG00000032897
ENSG00000128294,TPST2,ENSMICG00000013749
ENSG00000189430,NCR1,ENSMICG00000047579
ENSG00000154493,C10orf90,ENSMICG00000006223
ENSG00000253087,RNU6-1174P,ENSMICG00000021454
ENSG00000183389,OR56A4,ENSMICG00000045298
ENSG00000199321,,ENSMICG00000038663
ENSG00000101282,RSPO4,ENSMICG00000041462
ENSG00000252888,,ENSMICG00000025049
ENSG00000201047,Y_RNA,ENSMICG00000046600
ENSG00000148680,HTR7,ENSMICG00000011996
ENSG00000174937,OR5M3,ENSMICG00000041855
ENSG00000199032,MIR425,ENSMICG00000018776
ENSG00000207605,MIR191,ENSMICG00000018617
ENSG00000124159,MATN4,ENSMICG00000014207
ENSG00000160439,RDH13,ENSMICG00000033024
ENSG00000163634,THOC7,ENSMICG00000045229
ENSG00000176105,YES1,ENSMICG00000028620
ENSG00000127743,IL17B,ENSMICG00000002611
ENSG00000284182,MIR143,ENSMICG00000027080
ENSG00000276365,MIR145,ENSMICG00000018191
ENSG00000145860,RNF145,ENSMICG00000010048
ENSG00000156113,KCNMA1,ENSMICG00000010913
ENSG00000198585,NUDT16,ENSMICG00000049324
ENSG00000124440,HIF3A,ENSMICG00000016033
ENSG00000172367,NHERF4,ENSMICG00000002755
ENSG00000181744,DIPK2A,ENSMICG00000048950
ENSG00000207002,,ENSMICG00000021179
ENSG00000272166,,ENSMICG00000026404
ENSG00000221120,MIR1224,ENSMICG00000019156
ENSG00000164256,PRDM9,ENSMICG00000037613
ENSG00000160200,CBS,ENSMICG00000041663
ENSG00000022277,RTF2,ENSMICG00000034383
ENSG00000222249,RNU6-262P,ENSMICG00000045149
ENSG00000167791,CABP2,ENSMICG00000006052
ENSG00000163888,CAMK2N2,ENSMICG00000049125
ENSG00000251967,,ENSMICG00000048038
ENSG00000181585,TMIE,ENSMICG00000028660
ENSG00000199035,MIR103A1,ENSMICG00000036442
ENSG00000139372,TDG,ENSMICG00000002033
ENSG00000113448,PDE4D,ENSMICG00000014743
ENSG00000207512,Y_RNA,ENSMICG00000042905
ENSG00000172061,LRRC15,ENSMICG00000049528
ENSG00000154832,CXXC1,ENSMICG00000006424
ENSG00000185112,FAM43A,ENSMICG00000049270
ENSG00000188162,OTOG,ENSMICG00000005555
ENSG00000166147,FBN1,ENSMICG00000013056
ENSG00000222880,RN7SKP261,ENSMICG00000025738
ENSG00000134109,EDEM1,ENSMICG00000000246
ENSG00000139304,PTPRQ,ENSMICG00000038737
ENSG00000240626,RN7SL150P,ENSMICG00000028030
ENSG00000166359,WDR88,ENSMICG00000017262
ENSG00000241227,RN7SL553P,ENSMICG00000028893
ENSG00000130881,LRP3,ENSMICG00000032993
ENSG00000110244,APOA4,ENSMICG00000002332
ENSG00000168356,SCN11A,ENSMICG00000049555
ENSG00000149657,LSM14B,ENSMICG00000014675
ENSG00000165899,OTOGL,ENSMICG00000026871
ENSG00000077713,SLC25A43,ENSMICG00000043952
ENSG00000099998,GGT5,ENSMICG00000028818
ENSG00000181963,OR52K2,ENSMICG00000003760
ENSG00000076944,STXBP2,ENSMICG00000008236
ENSG00000147246,HTR2C,ENSMICG00000032281
ENSG00000196396,PTPN1,ENSMICG00000017702
ENSG00000170683,OR10A3,ENSMICG00000001166
ENSG00000089127,OAS1,ENSMICG00000032537
ENSG00000183087,GAS6,ENSMICG00000046084
ENSG00000184194,GPR173,ENSMICG00000042159
ENSG00000172987,HPSE2,ENSMICG00000000214
ENSG00000156504,PABIR2,ENSMICG00000006564
ENSG00000101104,PABPC1L,ENSMICG00000000974
ENSG00000023839,ABCC2,ENSMICG00000006689
ENSG00000177558,FAM187B,ENSMICG00000044100
ENSG00000187068,C3orf70,ENSMICG00000049150
ENSG00000163347,CLDN1,ENSMICG00000049297
ENSG00000179119,SPTY2D1,ENSMICG00000017602
ENSG00000187105,HEATR4,ENSMICG00000008517
ENSG00000174963,ZIC4,ENSMICG00000049129
ENSG00000205126,ACCSL,ENSMICG00000014661
ENSG00000273111,LYPD4,ENSMICG00000004542
ENSG00000142025,DMRTC2,ENSMICG00000004546
ENSG00000204272,NBDY,ENSMICG00000036898
ENSG00000052850,ALX4,ENSMICG00000048133
ENSG00000124743,KLHL31,ENSMICG00000016814
ENSG00000212464,SNORA12,ENSMICG00000020285
ENSG00000149968,MMP3,ENSMICG00000006301
ENSG00000107593,PKD2L1,ENSMICG00000015366
ENSG00000158352,SHROOM4,ENSMICG00000013797
ENSG00000178033,CALHM5,ENSMICG00000008119
ENSG00000164451,CALHM4,ENSMICG00000008123
ENSG00000268041,ERFL,ENSMICG00000009519
ENSG00000105369,CD79A,ENSMICG00000004558
ENSG00000088836,SLC4A11,ENSMICG00000013842
ENSG00000111335,OAS2,ENSMICG00000008532
ENSG00000202601,MIR582,ENSMICG00000019341
ENSG00000105392,CRX,ENSMICG00000042307
ENSG00000262406,MMP12,ENSMICG00000006319
ENSG00000251369,ZNF550,ENSMICG00000007561
ENSG00000165655,ZNF503,ENSMICG00000010900
ENSG00000158571,PFKFB1,ENSMICG00000003427
ENSG00000148655,LRMDA,ENSMICG00000010906
ENSG00000019505,SYT13,ENSMICG00000029048
ENSG00000120708,TGFBI,ENSMICG00000007294
ENSG00000177595,PIDD1,ENSMICG00000015084
ENSG00000086544,ITPKC,ENSMICG00000034124
ENSG00000111834,RSPH4A,ENSMICG00000032048
ENSG00000201954,RNU6-673P,ENSMICG00000043913
ENSG00000145020,AMT,ENSMICG00000001251
ENSG00000107854,TNKS2,ENSMICG00000014154
ENSG00000253090,SNORA73,ENSMICG00000024046
ENSG00000204498,NFKBIL1,ENSMICG00000044423
ENSG00000111237,VPS29,ENSMICG00000031782
ENSG00000105613,MAST1,ENSMICG00000016221
ENSG00000151164,RAD9B,ENSMICG00000038244
ENSG00000151553,FHIP2A,ENSMICG00000016302
ENSG00000169976,SF3B5,ENSMICG00000014922
ENSG00000048649,RSF1,ENSMICG00000014613
ENSG00000083097,DOP1A,ENSMICG00000009599
ENSG00000184497,TMEM255B,ENSMICG00000044484
ENSG00000271824,SMIM32,ENSMICG00000026478
ENSG00000131944,FAAP24,ENSMICG00000044088
ENSG00000241243,RN7SL629P,ENSMICG00000027452
ENSG00000200462,RNU6-727P,ENSMICG00000045685
ENSG00000108018,SORCS1,ENSMICG00000007006
ENSG00000101109,STK4,ENSMICG00000000982
ENSG00000183378,OVCH2,ENSMICG00000002410
ENSG00000105650,PDE4C,ENSMICG00000037741
ENSG00000164509,IL31RA,ENSMICG00000011557
ENSG00000186119,OR5D18,ENSMICG00000013940
ENSG00000181961,OR4A16,ENSMICG00000008279
ENSG00000148426,PROSER2,ENSMICG00000032687
ENSG00000134884,ARGLU1,ENSMICG00000016569
ENSG00000252438,,ENSMICG00000022783
ENSG00000107562,CXCL12,ENSMICG00000011935
ENSG00000139517,LNX2,ENSMICG00000016873
ENSG00000100105,PATZ1,ENSMICG00000005430
ENSG00000178645,C10orf53,ENSMICG00000046317
ENSG00000195401,Y_RNA,ENSMICG00000041749
ENSG00000222430,Y_RNA,ENSMICG00000043374
ENSG00000107859,PITX3,ENSMICG00000045312
ENSG00000207468,SNORA19,ENSMICG00000037543
ENSG00000222588,,ENSMICG00000035762
ENSG00000176900,OR51T1,ENSMICG00000026388
ENSG00000242853,RN7SL749P,ENSMICG00000028589
ENSG00000279116,OR8D2,ENSMICG00000001098
ENSG00000100348,TXN2,ENSMICG00000030165
ENSG00000255223,OR5M11,ENSMICG00000041685
ENSG00000132801,ZSWIM3,ENSMICG00000045627
ENSG00000089116,LHX5,ENSMICG00000046634
ENSG00000181371,OR5M8,ENSMICG00000005818
ENSG00000125966,MMP24,ENSMICG00000005999
ENSG00000126226,PCID2,ENSMICG00000028127
ENSG00000165182,CXorf58,ENSMICG00000036290
ENSG00000079393,DUSP13B,ENSMICG00000017813
ENSG00000139645,ANKRD52,ENSMICG00000028491
ENSG00000234465,PINLYP,ENSMICG00000041713
ENSG00000198283,OR5B21,ENSMICG00000044902
ENSG00000165376,CLDN2,ENSMICG00000015690
ENSG00000080839,RBL1,ENSMICG00000005598
ENSG00000166949,SMAD3,ENSMICG00000006119
ENSG00000181718,OR5T2,ENSMICG00000007784
ENSG00000128789,PSMG2,ENSMICG00000036341
ENSG00000186714,CCDC73,ENSMICG00000027398
ENSG00000186838,SELENOV,ENSMICG00000042095
ENSG00000130748,TMEM160,ENSMICG00000035539
ENSG00000130749,ZC3H4,ENSMICG00000008786
ENSG00000165186,PTCHD1,ENSMICG00000000824
ENSG00000110944,IL23A,ENSMICG00000027017
ENSG00000164061,BSN,ENSMICG00000010621
ENSG00000170638,TRABD,ENSMICG00000030662
ENSG00000201243,RNU6-654P,ENSMICG00000043114
ENSG00000102048,ASB9,ENSMICG00000003161
ENSG00000137727,ARHGAP20,ENSMICG00000029239
ENSG00000183559,C10orf120,ENSMICG00000008567
ENSG00000111711,GOLT1B,ENSMICG00000041496
ENSG00000099341,PSMD8,ENSMICG00000041917
ENSG00000207505,RNU6-1105P,ENSMICG00000045108
ENSG00000238942,SNORD2,ENSMICG00000043385
ENSG00000221420,SNORA81,ENSMICG00000043475
ENSG00000200320,SNORA63,ENSMICG00000021666
ENSG00000263776,SNORA4,ENSMICG00000021703
ENSG00000183770,FOXL2,ENSMICG00000049490
ENSG00000166947,EPB42,ENSMICG00000009962
ENSG00000147113,DIPK2B,ENSMICG00000037484
ENSG00000134548,SPX,ENSMICG00000034641
ENSG00000283418,U6,ENSMICG00000044117
ENSG00000196132,MYT1,ENSMICG00000003327
ENSG00000179988,PSTK,ENSMICG00000005140
ENSG00000104856,RELB,ENSMICG00000006991
ENSG00000049768,FOXP3,ENSMICG00000006391
ENSG00000164244,PRRC1,ENSMICG00000009016
ENSG00000172602,RND1,ENSMICG00000034995
ENSG00000199812,RNU6-428P,ENSMICG00000045371
ENSG00000207779,MIR15B,ENSMICG00000035326
ENSG00000198987,MIR16-2,ENSMICG00000028182
ENSG00000179674,ARL14,ENSMICG00000049117
ENSG00000171862,PTEN,ENSMICG00000027321
ENSG00000111328,CDK2AP1,ENSMICG00000033828
ENSG00000170684,ZNF296,ENSMICG00000007012
ENSG00000088812,ATRN,ENSMICG00000002479
ENSG00000206674,RNU6-945P,ENSMICG00000044910
ENSG00000065060,BLTP3A,ENSMICG00000014035
ENSG00000207281,Y_RNA,ENSMICG00000022070
ENSG00000206925,Y_RNA,ENSMICG00000043760
ENSG00000207630,MIR7-3,ENSMICG00000019498
ENSG00000114251,WNT5A,ENSMICG00000034489
ENSG00000130158,DOCK6,ENSMICG00000004040
ENSG00000154237,LRRK1,ENSMICG00000014823
ENSG00000101557,USP14,ENSMICG00000009020
ENSG00000184992,BRI3BP,ENSMICG00000047799
ENSG00000180929,GPR62,ENSMICG00000037214
ENSG00000124678,TCP11,ENSMICG00000005056
ENSG00000293600,,ENSMICG00000036280
ENSG00000170549,IRX1,ENSMICG00000011730
ENSG00000074590,NUAK1,ENSMICG00000043070
ENSG00000182667,NTM,ENSMICG00000004808
ENSG00000113595,TRIM23,ENSMICG00000031207
ENSG00000178217,SH2D4B,ENSMICG00000007396
ENSG00000214700,C12orf71,ENSMICG00000035518
ENSG00000111490,TBC1D30,ENSMICG00000027290
ENSG00000101350,KIF3B,ENSMICG00000015964
ENSG00000184719,RNLS,ENSMICG00000014189
ENSG00000120688,WBP4,ENSMICG00000047481
ENSG00000125864,BFSP1,ENSMICG00000028889
ENSG00000015285,WAS,ENSMICG00000035528
ENSG00000113597,TRAPPC13,ENSMICG00000015539
ENSG00000022840,RNF10,ENSMICG00000008682
ENSG00000099617,EFNA2,ENSMICG00000027470
ENSG00000134278,SPIRE1,ENSMICG00000000131
ENSG00000164086,DUSP7,ENSMICG00000002706
ENSG00000177291,GJD4,ENSMICG00000044444
ENSG00000068650,ATP11A,ENSMICG00000007865
ENSG00000178795,GDPD4,ENSMICG00000046391
ENSG00000177283,FZD8,ENSMICG00000034564
ENSG00000199150,MIRLET7G,ENSMICG00000019334
ENSG00000207926,MIR135A1,ENSMICG00000018548
ENSG00000163930,BAP1,ENSMICG00000002801
ENSG00000153896,ZNF599,ENSMICG00000017042
ENSG00000101000,PROCR,ENSMICG00000038532
ENSG00000143869,GDF7,ENSMICG00000044629
ENSG00000272034,SNORD14A,ENSMICG00000020565
ENSG00000201586,RNU6-593P,ENSMICG00000035979
ENSG00000124172,ATP5F1E,ENSMICG00000014899
ENSG00000185650,ZFP36L1,ENSMICG00000037296
ENSG00000118096,IFT46,ENSMICG00000015335
ENSG00000171126,KCNG3,ENSMICG00000044364
ENSG00000170820,FSHR,ENSMICG00000006050
ENSG00000125971,DYNLRB1,ENSMICG00000003253
ENSG00000099968,BCL2L13,ENSMICG00000038457
ENSG00000124181,PLCG1,ENSMICG00000007095
ENSG00000171574,ZNF584,ENSMICG00000030713
ENSG00000123561,SERPINA7,ENSMICG00000014393
ENSG00000113555,PCDH12,ENSMICG00000000402
ENSG00000166224,SGPL1,ENSMICG00000015141
ENSG00000180697,C3orf22,ENSMICG00000044831
ENSG00000133110,POSTN,ENSMICG00000015465
ENSG00000086717,PPEF1,ENSMICG00000004203
ENSG00000175161,CADM2,ENSMICG00000014503
ENSG00000187783,TMEM72,ENSMICG00000026795
ENSG00000222743,RNU6-1190P,ENSMICG00000020772
ENSG00000123374,CDK2,ENSMICG00000026391
ENSG00000283758,PMIS2,ENSMICG00000046169
ENSG00000273173,SNURF,ENSMICG00000033656
ENSG00000199487,Y_RNA,ENSMICG00000046046
ENSG00000027075,PRKCH,ENSMICG00000002219
ENSG00000115464,USP34,ENSMICG00000007137
ENSG00000252908,RNU6-1003P,ENSMICG00000045544
ENSG00000075290,WNT8B,ENSMICG00000001314
ENSG00000276314,SNORD107,ENSMICG00000033976
ENSG00000214872,SMTNL1,ENSMICG00000032273
ENSG00000276610,SNORD64,ENSMICG00000047337
ENSG00000112972,HMGCS1,ENSMICG00000001372
ENSG00000167346,MMP26,ENSMICG00000014304
ENSG00000136750,GAD2,ENSMICG00000006215
ENSG00000156689,GLYATL2,ENSMICG00000002099
ENSG00000236980,CIMIP7,ENSMICG00000026553
ENSG00000163646,CLRN1,ENSMICG00000049572
ENSG00000173338,KCNK7,ENSMICG00000008803
ENSG00000173401,GLIPR1L1,ENSMICG00000015888
ENSG00000232810,TNF,ENSMICG00000029047
ENSG00000151882,CCL28,ENSMICG00000045487
ENSG00000036473,OTC,ENSMICG00000011724
ENSG00000139278,GLIPR1,ENSMICG00000015121
ENSG00000081087,OSTM1,ENSMICG00000027511
ENSG00000202071,Y_RNA,ENSMICG00000041922
ENSG00000241587,RN7SL482P,ENSMICG00000038215
ENSG00000174695,TMEM167A,ENSMICG00000009860
ENSG00000088726,TMEM40,ENSMICG00000003715
ENSG00000179626,OR6C4,ENSMICG00000013185
ENSG00000223156,RNU2-18P,ENSMICG00000023485
ENSG00000165985,C1QL3,ENSMICG00000011478
ENSG00000238835,SCARNA18,ENSMICG00000046726
ENSG00000184702,SEPTIN5,ENSMICG00000028407
ENSG00000105443,CYTH2,ENSMICG00000008908
ENSG00000122862,SRGN,ENSMICG00000046302
ENSG00000072657,TRHDE,ENSMICG00000014223
ENSG00000165923,AGBL2,ENSMICG00000011310
ENSG00000165194,PCDH19,ENSMICG00000037531
ENSG00000252881,RNU6-334P,ENSMICG00000034061
ENSG00000135346,CGA,ENSMICG00000026731
ENSG00000049860,HEXB,ENSMICG00000032021
ENSG00000207604,MIR206,ENSMICG00000019379
ENSG00000199080,MIR133B,ENSMICG00000018044
ENSG00000112115,IL17A,ENSMICG00000043002
ENSG00000269313,MAGIX,ENSMICG00000029530
ENSG00000112116,IL17F,ENSMICG00000026740
ENSG00000213626,LBH,ENSMICG00000000643
ENSG00000187857,OR6C75,ENSMICG00000047731
ENSG00000082175,PGR,ENSMICG00000006331
ENSG00000240053,LY6G5B,ENSMICG00000043933
ENSG00000177627,C12orf54,ENSMICG00000044033
ENSG00000131264,CDX4,ENSMICG00000011271
ENSG00000072133,RPS6KA6,ENSMICG00000006433
ENSG00000204428,LY6G5C,ENSMICG00000045037
ENSG00000167531,LALBA,ENSMICG00000027875
ENSG00000237988,OR2I1,ENSMICG00000032426
ENSG00000146243,IRAK1BP1,ENSMICG00000044942
ENSG00000221611,,ENSMICG00000022428
ENSG00000119866,BCL11A,ENSMICG00000015052
ENSG00000181929,PRKAG1,ENSMICG00000035239
ENSG00000156564,LRFN2,ENSMICG00000008432
ENSG00000075643,MOCOS,ENSMICG00000006930
ENSG00000125885,MCM8,ENSMICG00000011640
ENSG00000188315,C3orf62,ENSMICG00000044230
ENSG00000205593,DENND6B,ENSMICG00000033648
ENSG00000112159,MDN1,ENSMICG00000012232
ENSG00000222361,RNU6-1186P,ENSMICG00000026284
ENSG00000086570,FAT2,ENSMICG00000046358
ENSG00000177947,CIMAP1A,ENSMICG00000006280
ENSG00000073282,TP63,ENSMICG00000049134
ENSG00000207223,Y_RNA,ENSMICG00000045843
ENSG00000180304,OAZ2,ENSMICG00000007344
ENSG00000166800,LDHAL6A,ENSMICG00000008876
ENSG00000120149,MSX2,ENSMICG00000026941
ENSG00000145491,ROPN1L,ENSMICG00000035924
ENSG00000110171,TRIM3,ENSMICG00000002100
ENSG00000238554,RNU1-88P,ENSMICG00000023218
ENSG00000124772,CPNE5,ENSMICG00000004691
ENSG00000145908,ZNF300,ENSMICG00000037632
ENSG00000245848,CEBPA,ENSMICG00000029472
ENSG00000198597,ZNF536,ENSMICG00000035640
ENSG00000205572,SERF1B,ENSMICG00000046614
ENSG00000089195,TRMT6,ENSMICG00000011626
ENSG00000115353,TACR1,ENSMICG00000027990
ENSG00000186951,PPARA,ENSMICG00000046894
ENSG00000200688,Y_RNA,ENSMICG00000034115
ENSG00000178199,ZC3H12D,ENSMICG00000044838
ENSG00000201428,RN7SKP71,ENSMICG00000020408
ENSG00000157884,CIB4,ENSMICG00000006843
ENSG00000206669,Y_RNA,ENSMICG00000043621
ENSG00000173064,HECTD4,ENSMICG00000031645
ENSG00000174132,FAM174A,ENSMICG00000012302
ENSG00000157554,ERG,ENSMICG00000003196
ENSG00000048545,GUCA1A,ENSMICG00000011368
ENSG00000134571,MYBPC3,ENSMICG00000007096
ENSG00000169067,ACTBL2,ENSMICG00000014700
ENSG00000149346,SLX4IP,ENSMICG00000005604
ENSG00000164508,H2AC1,ENSMICG00000042542
ENSG00000112164,GLP1R,ENSMICG00000017281
ENSG00000168461,RAB31,ENSMICG00000002882
ENSG00000088766,CRLS1,ENSMICG00000011666
ENSG00000115423,DNAH6,ENSMICG00000015331
ENSG00000112167,SAYSD1,ENSMICG00000035440
ENSG00000156453,PCDH1,ENSMICG00000017453
ENSG00000189001,SBSN,ENSMICG00000042629
ENSG00000105679,GAPDHS,ENSMICG00000010889
ENSG00000214338,MTCL3,ENSMICG00000026401
ENSG00000111241,FGF6,ENSMICG00000027208
ENSG00000175197,DDIT3,ENSMICG00000005434
ENSG00000198646,NCOA6,ENSMICG00000032033
ENSG00000146216,TTBK1,ENSMICG00000008369
ENSG00000105675,ATP4A,ENSMICG00000009844
ENSG00000149972,CNTN5,ENSMICG00000015969
ENSG00000167315,ACAA2,ENSMICG00000005278
ENSG00000184731,FAM110C,ENSMICG00000043789
ENSG00000181234,TMEM132C,ENSMICG00000032345
ENSG00000181704,YIPF6,ENSMICG00000038511
ENSG00000256660,CLEC12B,ENSMICG00000030372
ENSG00000171094,ALK,ENSMICG00000000637
ENSG00000242120,MDFIC2,ENSMICG00000032034
ENSG00000163684,RPP14,ENSMICG00000036730
ENSG00000160255,ITGB2,ENSMICG00000002984
ENSG00000139364,TMEM132B,ENSMICG00000016099
ENSG00000100109,TFIP11,ENSMICG00000013732
ENSG00000273658,,ENSMICG00000033706
ENSG00000114757,PEX5L,ENSMICG00000048938
ENSG00000198774,RASSF9,ENSMICG00000042014
ENSG00000173275,ZNF449,ENSMICG00000003164
ENSG00000213892,CEACAM16,ENSMICG00000033918
ENSG00000139132,FGD4,ENSMICG00000017663
ENSG00000267673,FDX2,ENSMICG00000029070
ENSG00000068323,TFE3,ENSMICG00000009708
ENSG00000166833,NAV2,ENSMICG00000017096
ENSG00000167468,GPX4,ENSMICG00000013068
ENSG00000121743,GJA3,ENSMICG00000029524
ENSG00000132953,XPO4,ENSMICG00000004636
ENSG00000198910,L1CAM,ENSMICG00000003486
ENSG00000088451,TGDS,ENSMICG00000007621
ENSG00000104804,TULP2,ENSMICG00000041456
ENSG00000173557,CIMIP2C,ENSMICG00000044017
ENSG00000125538,IL1B,ENSMICG00000047498
ENSG00000104960,PTOV1,ENSMICG00000003113
ENSG00000215421,ZNF407,ENSMICG00000034092
ENSG00000187498,COL4A1,ENSMICG00000042757
ENSG00000172985,SH3RF3,ENSMICG00000010782
ENSG00000151914,DST,ENSMICG00000011069
ENSG00000170417,TMEM182,ENSMICG00000008841
ENSG00000141458,NPC1,ENSMICG00000009311
ENSG00000101182,PSMA7,ENSMICG00000014687
ENSG00000100104,SRRD,ENSMICG00000013722
ENSG00000100276,RASL10A,ENSMICG00000032503
ENSG00000186442,KRT3,ENSMICG00000002232
ENSG00000183066,WBP2NL,ENSMICG00000047786
ENSG00000101412,E2F1,ENSMICG00000006921
ENSG00000144227,NXPH2,ENSMICG00000045401
ENSG00000170477,KRT4,ENSMICG00000002238
ENSG00000185640,KRT79,ENSMICG00000002243
ENSG00000125877,ITPA,ENSMICG00000013833
ENSG00000100281,HMGXB4,ENSMICG00000010131
ENSG00000226479,TMEM185B,ENSMICG00000042089
ENSG00000170423,KRT78,ENSMICG00000002247
ENSG00000213139,CRYGS,ENSMICG00000048886
ENSG00000246705,H2AJ,ENSMICG00000043590
ENSG00000139055,ERP27,ENSMICG00000006261
ENSG00000091181,IL5RA,ENSMICG00000046178
ENSG00000200830,RN7SKP134,ENSMICG00000023283
ENSG00000119715,ESRRB,ENSMICG00000003618
ENSG00000187994,RINL,ENSMICG00000042105
ENSG00000167548,KMT2D,ENSMICG00000017547
ENSG00000262484,CCER2,ENSMICG00000033685
ENSG00000198142,SOWAHC,ENSMICG00000010803
ENSG00000100347,SAMM50,ENSMICG00000046175
ENSG00000105204,DYRK1B,ENSMICG00000007680
ENSG00000123901,GPR83,ENSMICG00000028902
ENSG00000168702,LRP1B,ENSMICG00000014855
ENSG00000054654,SYNE2,ENSMICG00000012900
ENSG00000205177,C11orf91,ENSMICG00000042497
ENSG00000141452,RMC1,ENSMICG00000009300
ENSG00000188486,H2AX,ENSMICG00000048068
ENSG00000220201,ZGLP1,ENSMICG00000036834
ENSG00000101474,APMAP,ENSMICG00000002038
ENSG00000134817,APLNR,ENSMICG00000004827
ENSG00000149305,HTR3B,ENSMICG00000010056
ENSG00000162989,KCNJ3,ENSMICG00000005207
ENSG00000090372,STRN4,ENSMICG00000015400
ENSG00000253049,,ENSMICG00000045081
ENSG00000120694,HSPH1,ENSMICG00000011892
ENSG00000188419,CHM,ENSMICG00000029091
ENSG00000101180,HRH3,ENSMICG00000003541
ENSG00000178694,NSUN3,ENSMICG00000011886
ENSG00000159086,PAXBP1,ENSMICG00000037481
ENSG00000174456,C12orf76,ENSMICG00000047429
ENSG00000101191,DIDO1,ENSMICG00000006217
ENSG00000125084,WNT1,ENSMICG00000045219
ENSG00000169379,ARL13B,ENSMICG00000011874
ENSG00000136535,TBR1,ENSMICG00000009721
ENSG00000089250,NOS1,ENSMICG00000011010
ENSG00000182902,SLC25A18,ENSMICG00000045514
ENSG00000110777,POU2AF1,ENSMICG00000034665
ENSG00000152214,RIT2,ENSMICG00000006203
ENSG00000253099,RNU2-60P,ENSMICG00000028092
ENSG00000207811,MIR34B,ENSMICG00000019440
ENSG00000207562,MIR34C,ENSMICG00000018096
ENSG00000223324,RN7SKP273,ENSMICG00000030300
ENSG00000137707,BTG4,ENSMICG00000001293
ENSG00000177576,C18orf32,ENSMICG00000042525
ENSG00000151117,TMEM86A,ENSMICG00000046987
ENSG00000086758,HUWE1,ENSMICG00000010879
ENSG00000141644,MBD1,ENSMICG00000006414
ENSG00000188039,NWD1,ENSMICG00000003445
ENSG00000155957,TMBIM4,ENSMICG00000017400
ENSG00000101473,ACOT8,ENSMICG00000044014
ENSG00000183560,IZUMO1R,ENSMICG00000031112
ENSG00000150750,POU2AF2,ENSMICG00000028357
ENSG00000214290,POU2AF3,ENSMICG00000032454
ENSG00000154727,GABPA,ENSMICG00000006341
ENSG00000173389,IQCF1,ENSMICG00000028785
ENSG00000223953,C1QTNF5,ENSMICG00000046225
ENSG00000184345,IQCF2,ENSMICG00000011056
ENSG00000235718,MFRP,ENSMICG00000006043
ENSG00000088325,TPX2,ENSMICG00000015833
ENSG00000215009,ACSM4,ENSMICG00000027788
ENSG00000214681,IQCF5,ENSMICG00000036795
ENSG00000216135,MIR885,ENSMICG00000018353
ENSG00000197808,ZNF461,ENSMICG00000035164
ENSG00000185313,SCN10A,ENSMICG00000048891
ENSG00000076555,ACACB,ENSMICG00000043665
ENSG00000075388,FGF4,ENSMICG00000046252
ENSG00000201535,Y_RNA,ENSMICG00000042553
ENSG00000160683,CXCR5,ENSMICG00000033618
ENSG00000163083,INHBB,ENSMICG00000047510
ENSG00000110375,UPK2,ENSMICG00000045198
ENSG00000144331,ZNF385B,ENSMICG00000016924
ENSG00000144597,EAF1,ENSMICG00000048930
ENSG00000222529,Y_RNA,ENSMICG00000048085
ENSG00000176302,FOXR1,ENSMICG00000045316
ENSG00000241064,RN7SL110P,ENSMICG00000035253
ENSG00000263740,RN7SL4P,ENSMICG00000031124
ENSG00000213689,TREX1,ENSMICG00000026587
ENSG00000182261,NLRP10,ENSMICG00000002806
ENSG00000183396,TMEM89,ENSMICG00000046701
ENSG00000188042,ARL4C,ENSMICG00000017503
ENSG00000183762,KREMEN1,ENSMICG00000004247
ENSG00000008300,CELSR3,ENSMICG00000014363
ENSG00000138400,MDH1B,ENSMICG00000009487
ENSG00000142453,CARM1,ENSMICG00000009787
ENSG00000174032,SLC25A30,ENSMICG00000046357
ENSG00000184792,OSBP2,ENSMICG00000008525
ENSG00000255274,SMIM35,ENSMICG00000046322
ENSG00000247595,MISFA,ENSMICG00000027423
ENSG00000162194,LBHD1,ENSMICG00000042954
ENSG00000242441,GTF2A1L,ENSMICG00000044654
ENSG00000182310,SPACA6,ENSMICG00000042174
ENSG00000184271,POU6F1,ENSMICG00000009560
ENSG00000204595,DPRX,ENSMICG00000047562
ENSG00000130173,ANGPTL8,ENSMICG00000042533
ENSG00000130312,MRPL34,ENSMICG00000043112
ENSG00000197837,H4C16,ENSMICG00000046339
ENSG00000179088,C12orf42,ENSMICG00000001972
ENSG00000074855,ANO8,ENSMICG00000033075
ENSG00000007372,PAX6,ENSMICG00000004089
ENSG00000152749,GPR180,ENSMICG00000007628
ENSG00000163012,ZSWIM2,ENSMICG00000030781
ENSG00000132950,ZMYM5,ENSMICG00000012322
ENSG00000269720,CCDC194,ENSMICG00000045403
ENSG00000125207,PIWIL1,ENSMICG00000004852
ENSG00000138434,ITPRID2,ENSMICG00000012667
ENSG00000099338,CATSPERG,ENSMICG00000004443
ENSG00000136111,TBC1D4,ENSMICG00000006748
ENSG00000163964,PIGX,ENSMICG00000049435
ENSG00000112280,COL9A1,ENSMICG00000003102
ENSG00000206850,Y_RNA,ENSMICG00000038113
ENSG00000252393,RNU6-1004P,ENSMICG00000047351
ENSG00000188735,TMEM120B,ENSMICG00000001147
ENSG00000159131,GART,ENSMICG00000004559
ENSG00000125740,FOSB,ENSMICG00000001809
ENSG00000165487,MICU2,ENSMICG00000006910
ENSG00000139725,RHOF,ENSMICG00000037067
ENSG00000151320,AKAP6,ENSMICG00000027865
ENSG00000130055,GDPD2,ENSMICG00000028527
ENSG00000239732,TLR9,ENSMICG00000002716
ENSG00000180044,C3orf80,ENSMICG00000049375
ENSG00000100196,KDELR3,ENSMICG00000011590
ENSG00000198398,TMEM207,ENSMICG00000049457
ENSG00000118997,DNAH7,ENSMICG00000012420
ENSG00000231213,PLSCR5,ENSMICG00000049484
ENSG00000133114,GPALPP1,ENSMICG00000003425
ENSG00000100425,BRD1,ENSMICG00000034268
ENSG00000130032,PRRG3,ENSMICG00000030324
ENSG00000144852,NR1I2,ENSMICG00000049095
ENSG00000173674,EIF1AX,ENSMICG00000004110
ENSG00000207789,MIR26A2,ENSMICG00000018375
ENSG00000150403,TMCO3,ENSMICG00000013740
ENSG00000114854,TNNC1,ENSMICG00000002829
ENSG00000256162,SMLR1,ENSMICG00000035966
ENSG00000165175,MID1IP1,ENSMICG00000042367
ENSG00000204469,PRRC2A,ENSMICG00000003604
ENSG00000175497,DPP10,ENSMICG00000032720
ENSG00000114841,DNAH1,ENSMICG00000002743
ENSG00000135407,AVIL,ENSMICG00000003818
ENSG00000100324,TAB1,ENSMICG00000011424
ENSG00000185100,ADSS1,ENSMICG00000016511
ENSG00000152822,GRM1,ENSMICG00000036398
ENSG00000114646,CSPG5,ENSMICG00000013714
ENSG00000147164,SNX12,ENSMICG00000015016
ENSG00000174453,VWC2L,ENSMICG00000034610
ENSG00000110848,CD69,ENSMICG00000029791
ENSG00000187860,CCDC157,ENSMICG00000010055
ENSG00000199591,Y_RNA,ENSMICG00000025626
ENSG00000198732,SMOC1,ENSMICG00000011629
ENSG00000164047,CAMP,ENSMICG00000000736
ENSG00000102053,ZC3H12B,ENSMICG00000010697
ENSG00000125266,EFNB2,ENSMICG00000030940
ENSG00000150045,KLRF1,ENSMICG00000004007
ENSG00000199476,Y_RNA,ENSMICG00000046145
ENSG00000100364,KIAA0930,ENSMICG00000006848
ENSG00000175063,UBE2C,ENSMICG00000035780
ENSG00000164049,FBXW12,ENSMICG00000041904
ENSG00000120690,ELF1,ENSMICG00000035688
ENSG00000147123,NDUFB11,ENSMICG00000027226
ENSG00000141858,SAMD1,ENSMICG00000030168
ENSG00000144452,ABCA12,ENSMICG00000014502
ENSG00000170777,TPD52L3,ENSMICG00000000600
ENSG00000171777,RASGRP4,ENSMICG00000004249
ENSG00000112309,B3GAT2,ENSMICG00000035385
ENSG00000172322,CLEC12A,ENSMICG00000044411
ENSG00000112715,VEGFA,ENSMICG00000005068
ENSG00000100029,PES1,ENSMICG00000010123
ENSG00000251761,RNU6-138P,ENSMICG00000024195
ENSG00000180182,MED14,ENSMICG00000015221
ENSG00000170054,SERPINA9,ENSMICG00000016432
ENSG00000283473,FAM240A,ENSMICG00000043115
ENSG00000163825,RTP3,ENSMICG00000045767
ENSG00000251987,SNORD63,ENSMICG00000025525
ENSG00000276626,7SK,ENSMICG00000025712
ENSG00000201228,Y_RNA,ENSMICG00000042158
ENSG00000088448,ANKRD10,ENSMICG00000029839
ENSG00000111291,GPRC5D,ENSMICG00000010100
ENSG00000010219,DYRK4,ENSMICG00000011365
ENSG00000135916,ITM2C,ENSMICG00000004121
ENSG00000185347,TEDC1,ENSMICG00000006490
ENSG00000139505,MTMR6,ENSMICG00000000407
ENSG00000151079,KCNA6,ENSMICG00000043479
ENSG00000111262,KCNA1,ENSMICG00000042284
ENSG00000199824,RNU6-199P,ENSMICG00000041870
ENSG00000186452,TMPRSS12,ENSMICG00000014455
ENSG00000182329,KIAA2012,ENSMICG00000008942
ENSG00000214511,HIGD1C,ENSMICG00000044696
ENSG00000283361,CFAP97D2,ENSMICG00000044834
ENSG00000064835,POU1F1,ENSMICG00000009690
ENSG00000111732,AICDA,ENSMICG00000011695
ENSG00000188559,RALGAPA2,ENSMICG00000006077
ENSG00000275074,NUDT18,ENSMICG00000000990
ENSG00000221823,PPP3R1,ENSMICG00000037583
ENSG00000208037,MIR320A,ENSMICG00000035453
ENSG00000184898,RBM43,ENSMICG00000002078
ENSG00000053524,MCF2L2,ENSMICG00000049191
ENSG00000153820,SPHKAP,ENSMICG00000013288
ENSG00000150676,CCDC83,ENSMICG00000017254
ENSG00000100307,CBX7,ENSMICG00000033358
ENSG00000196218,RYR1,ENSMICG00000027127
ENSG00000033327,GAB2,ENSMICG00000015054
ENSG00000206636,Y_RNA,ENSMICG00000047594
ENSG00000126821,SGPP1,ENSMICG00000032197
ENSG00000196227,FAM217B,ENSMICG00000002583
ENSG00000140057,AK7,ENSMICG00000033354
ENSG00000089818,NECAP1,ENSMICG00000027959
ENSG00000185917,SETD4,ENSMICG00000031716
ENSG00000168918,INPP5D,ENSMICG00000006753
ENSG00000167037,SGSM1,ENSMICG00000034541
ENSG00000167910,CYP7A1,ENSMICG00000030668
ENSG00000124126,PREX1,ENSMICG00000042337
ENSG00000163515,RETNLB,ENSMICG00000049230
ENSG00000254647,INS,ENSMICG00000009410
ENSG00000170044,ZPLD1,ENSMICG00000049229
ENSG00000100601,ALKBH1,ENSMICG00000030789
ENSG00000181544,FANCB,ENSMICG00000038518
ENSG00000168061,SAC3D1,ENSMICG00000031764
ENSG00000168060,NAALADL1,ENSMICG00000001282
ENSG00000165898,ISCA2,ENSMICG00000043470
ENSG00000104833,TUBB4A,ENSMICG00000014890
ENSG00000100558,PLEK2,ENSMICG00000010804
ENSG00000150995,ITPR1,ENSMICG00000004656
ENSG00000223145,RN7SKP112,ENSMICG00000023871
ENSG00000207170,RNU6-1215P,ENSMICG00000046988
ENSG00000205704,SMIM45,ENSMICG00000035029
ENSG00000207183,RNU6-843P,ENSMICG00000043972
ENSG00000207255,RNU6-1117P,ENSMICG00000045764
ENSG00000221300,,ENSMICG00000021063
ENSG00000251889,RNU4-49P,ENSMICG00000045945
ENSG00000212175,,ENSMICG00000021558
ENSG00000200807,RNU1-32P,ENSMICG00000029523
ENSG00000111729,CLEC4A,ENSMICG00000043762
ENSG00000100116,GCAT,ENSMICG00000013079
ENSG00000238410,,ENSMICG00000042548
ENSG00000200048,RNU6-812P,ENSMICG00000045163
ENSG00000127528,KLF2,ENSMICG00000035322
ENSG00000199295,RNU6-1312P,ENSMICG00000044861
ENSG00000201070,RNU4-84P,ENSMICG00000043766
ENSG00000212283,SNORD89,ENSMICG00000020835
ENSG00000252742,Y_RNA,ENSMICG00000044933
ENSG00000251976,RN7SKP141,ENSMICG00000025762
ENSG00000222826,RN7SKP286,ENSMICG00000023935
ENSG00000223573,TINCR,ENSMICG00000042381
ENSG00000139899,CBLN3,ENSMICG00000037021
ENSG00000240977,RN7SL283P,ENSMICG00000028031
ENSG00000146670,CDCA5,ENSMICG00000001291
ENSG00000222845,RN7SKP42,ENSMICG00000022970
ENSG00000199626,RNU6-989P,ENSMICG00000046023
ENSG00000118492,ADGB,ENSMICG00000037898
ENSG00000202216,,ENSMICG00000044118
ENSG00000207319,Y_RNA,ENSMICG00000023857
ENSG00000199203,Y_RNA,ENSMICG00000044280
ENSG00000243125,RN7SL807P,ENSMICG00000030775
ENSG00000077721,UBE2A,ENSMICG00000002766
ENSG00000100445,SDR39U1,ENSMICG00000014273
ENSG00000162976,SLC66A3,ENSMICG00000043387
ENSG00000101311,FERMT1,ENSMICG00000011693
ENSG00000187066,TMEM262,ENSMICG00000037167
ENSG00000167767,KRT80,ENSMICG00000047727
ENSG00000070985,TRPM5,ENSMICG00000035752
ENSG00000200822,Y_RNA,ENSMICG00000022153
ENSG00000197381,ADARB1,ENSMICG00000008433
ENSG00000207402,RNU6-959P,ENSMICG00000046038
ENSG00000178093,TSSK6,ENSMICG00000031087
ENSG00000266875,RN7SL408P,ENSMICG00000045629
ENSG00000167604,NFKBID,ENSMICG00000010133
ENSG00000164485,IL22RA2,ENSMICG00000004960
ENSG00000198125,MB,ENSMICG00000014107
ENSG00000135443,KRT85,ENSMICG00000002165
ENSG00000169188,APEX2,ENSMICG00000043181
ENSG00000124194,GDAP1L1,ENSMICG00000008227
ENSG00000161849,KRT84,ENSMICG00000002171
ENSG00000161850,KRT82,ENSMICG00000002177
ENSG00000196632,WNK3,ENSMICG00000011844
ENSG00000105549,SPMAP2,ENSMICG00000008700
ENSG00000170454,KRT75,ENSMICG00000002186
ENSG00000126001,CEP250,ENSMICG00000007393
ENSG00000186081,KRT5,ENSMICG00000002196
ENSG00000153157,SYCP2L,ENSMICG00000004241
ENSG00000123485,HJURP,ENSMICG00000014679
ENSG00000139648,KRT71,ENSMICG00000002200
ENSG00000170484,KRT74,ENSMICG00000002204
ENSG00000179532,DNHD1,ENSMICG00000030707
ENSG00000124721,DNAH8,ENSMICG00000017249
ENSG00000186471,AKAP14,ENSMICG00000043830
ENSG00000170486,KRT72,ENSMICG00000002209
ENSG00000253078,RNU6-1116P,ENSMICG00000045923
ENSG00000115274,INO80B,ENSMICG00000006184
ENSG00000186049,KRT73,ENSMICG00000002213
ENSG00000147145,LPAR4,ENSMICG00000046360
ENSG00000133107,TRPC4,ENSMICG00000011068
ENSG00000198431,TXNRD1,ENSMICG00000011679
ENSG00000115297,TLX2,ENSMICG00000048139
ENSG00000175352,NRIP3,ENSMICG00000037544
ENSG00000134597,RBMX2,ENSMICG00000015139
ENSG00000121297,TSHZ3,ENSMICG00000027677
ENSG00000152254,G6PC2,ENSMICG00000017329
ENSG00000100122,CRYBB1,ENSMICG00000027965
ENSG00000101443,WFDC2,ENSMICG00000015749
ENSG00000160199,PKNOX1,ENSMICG00000037878
ENSG00000134627,PIWIL4,ENSMICG00000006375
ENSG00000156925,ZIC3,ENSMICG00000042529
ENSG00000081479,LRP2,ENSMICG00000017339
ENSG00000126768,TIMM17B,ENSMICG00000005971
ENSG00000128245,YWHAH,ENSMICG00000012837
ENSG00000149639,MTCL2,ENSMICG00000002437
ENSG00000100350,FOXRED2,ENSMICG00000044534
ENSG00000196371,FUT4,ENSMICG00000043071
ENSG00000204710,SPDYC,ENSMICG00000037151
ENSG00000200706,,ENSMICG00000021456
ENSG00000244297,RN7SL465P,ENSMICG00000035964
ENSG00000112499,SLC22A2,ENSMICG00000007636
ENSG00000268182,SMIM17,ENSMICG00000026730
ENSG00000125995,ROMO1,ENSMICG00000035318
ENSG00000185345,PRKN,ENSMICG00000009200
ENSG00000201687,RNU6-1107P,ENSMICG00000026040
ENSG00000110400,NECTIN1,ENSMICG00000014993
ENSG00000112530,PACRG,ENSMICG00000009209
ENSG00000182208,MOB2,ENSMICG00000027125
ENSG00000102390,PBDC1,ENSMICG00000030118
ENSG00000149212,SESN3,ENSMICG00000008178
ENSG00000165349,SLC7A3,ENSMICG00000011546
ENSG00000132002,DNAJB1,ENSMICG00000047161
ENSG00000135436,FAM186B,ENSMICG00000027100
ENSG00000205784,ARRDC5,ENSMICG00000033719
ENSG00000252711,RN7SKP116,ENSMICG00000034502
ENSG00000124818,OPN5,ENSMICG00000015348
ENSG00000133460,SLC2A11,ENSMICG00000042366
ENSG00000170396,ZNF804A,ENSMICG00000031657
ENSG00000199237,RNU6-834P,ENSMICG00000045465
ENSG00000105402,NAPA,ENSMICG00000011599
ENSG00000123364,HOXC13,ENSMICG00000042545
ENSG00000213995,NAXD,ENSMICG00000011311
ENSG00000173653,RCE1,ENSMICG00000003857
ENSG00000123407,HOXC12,ENSMICG00000011709
ENSG00000173214,MFSD4B,ENSMICG00000008655
ENSG00000277994,,ENSMICG00000026352
ENSG00000208772,SNORD94,ENSMICG00000020909
ENSG00000123388,HOXC11,ENSMICG00000011710
ENSG00000132313,MRPL35,ENSMICG00000000776
ENSG00000180818,HOXC10,ENSMICG00000027410
ENSG00000197757,HOXC6,ENSMICG00000046781
ENSG00000207924,MIR196A2,ENSMICG00000030397
ENSG00000180806,HOXC9,ENSMICG00000011714
ENSG00000009413,REV3L,ENSMICG00000030163
ENSG00000037965,HOXC8,ENSMICG00000046543
ENSG00000178752,ERFE,ENSMICG00000026783
ENSG00000174527,MYO1H,ENSMICG00000029989
ENSG00000173237,C11orf86,ENSMICG00000026449
ENSG00000159082,SYNJ1,ENSMICG00000034953
ENSG00000137700,SLC37A4,ENSMICG00000002696
ENSG00000125798,FOXA2,ENSMICG00000030588
ENSG00000053702,NRIP2,ENSMICG00000036412
ENSG00000134901,POGLUT2,ENSMICG00000043116
ENSG00000124145,SDC4,ENSMICG00000032459
ENSG00000283297,TEX52,ENSMICG00000044199
ENSG00000079435,LIPE,ENSMICG00000015308
ENSG00000252996,RNU6-1315P,ENSMICG00000041806
ENSG00000197905,TEAD4,ENSMICG00000000108
ENSG00000125531,FNDC11,ENSMICG00000002023
ENSG00000141977,CIB3,ENSMICG00000013968
ENSG00000101224,CDC25B,ENSMICG00000002554
ENSG00000080561,MID2,ENSMICG00000002044
ENSG00000136167,LCP1,ENSMICG00000005620
ENSG00000237412,PRSS56,ENSMICG00000034370
ENSG00000095932,SMIM24,ENSMICG00000043267
ENSG00000196811,CHRNG,ENSMICG00000012165
ENSG00000284638,SMIM44,ENSMICG00000044026
ENSG00000222338,RNU6-174P,ENSMICG00000036960
ENSG00000011201,ANOS1,ENSMICG00000015083
ENSG00000260286,ARMH2,ENSMICG00000044098
ENSG00000240993,RN7SL459P,ENSMICG00000035074
ENSG00000135316,SYNCRIP,ENSMICG00000007192
ENSG00000160307,S100B,ENSMICG00000038064
ENSG00000206587,RNU6-46P,ENSMICG00000043780
ENSG00000272412,RN7SL778P,ENSMICG00000036831
ENSG00000111537,IFNG,ENSMICG00000004223
ENSG00000110719,TCIRG1,ENSMICG00000009530
ENSG00000159128,IFNGR2,ENSMICG00000009314
ENSG00000165474,GJB2,ENSMICG00000002850
ENSG00000111536,IL26,ENSMICG00000003647
ENSG00000163331,DAPL1,ENSMICG00000044514
ENSG00000152213,ARL11,ENSMICG00000006637
ENSG00000127318,IL22,ENSMICG00000003654
ENSG00000178882,RFLNA,ENSMICG00000047134
ENSG00000168135,KCNJ4,ENSMICG00000045155
ENSG00000083535,PIBF1,ENSMICG00000011928
ENSG00000185339,TCN2,ENSMICG00000042707
ENSG00000198353,HOXC4,ENSMICG00000041983
ENSG00000172789,HOXC5,ENSMICG00000042167
ENSG00000142192,APP,ENSMICG00000001468
ENSG00000196876,SCN8A,ENSMICG00000016753
ENSG00000149177,PTPRJ,ENSMICG00000005145
ENSG00000114124,GRK7,ENSMICG00000049413
ENSG00000188729,OSTN,ENSMICG00000049275
ENSG00000201574,RNU1-93P,ENSMICG00000030519
ENSG00000206885,SNORA75,ENSMICG00000020917
ENSG00000207280,SNORD20,ENSMICG00000022028
ENSG00000202400,SNORD82,ENSMICG00000026769
ENSG00000163914,RHO,ENSMICG00000047910
ENSG00000171596,NMUR1,ENSMICG00000043411
ENSG00000166405,RIC3,ENSMICG00000005432
ENSG00000178804,H1-8,ENSMICG00000030377
ENSG00000174946,GPR171,ENSMICG00000049185
ENSG00000138271,GPR87,ENSMICG00000049535
ENSG00000222376,RN7SKP152,ENSMICG00000024165
ENSG00000171450,CDK5R2,ENSMICG00000007028
ENSG00000163497,FEV,ENSMICG00000047914
ENSG00000181631,P2RY13,ENSMICG00000049343
ENSG00000198973,MIR375,ENSMICG00000019647
ENSG00000163501,IHH,ENSMICG00000026390
ENSG00000124749,COL21A1,ENSMICG00000008733
ENSG00000171703,TCEA2,ENSMICG00000004733
ENSG00000173769,TOPAZ1,ENSMICG00000033686
ENSG00000240317,RN7SL764P,ENSMICG00000036199
ENSG00000132746,ALDH3B2,ENSMICG00000002573
ENSG00000207647,MIR153-1,ENSMICG00000017996
ENSG00000119147,ECRG4,ENSMICG00000046142
ENSG00000083520,DIS3,ENSMICG00000004703
ENSG00000183570,PCBP3,ENSMICG00000012679
ENSG00000199075,MIR26A1,ENSMICG00000019452
ENSG00000100077,GRK3,ENSMICG00000011174
ENSG00000202379,SNORA70,ENSMICG00000037482
ENSG00000188542,DUSP28,ENSMICG00000028755
ENSG00000175513,TSGA10IP,ENSMICG00000038933
ENSG00000201113,RNU6-647P,ENSMICG00000045512
ENSG00000222344,RNU6-613P,ENSMICG00000026290
ENSG00000196248,OR10S1,ENSMICG00000030155
ENSG00000115009,CCL20,ENSMICG00000028789
ENSG00000110395,CBL,ENSMICG00000004567
ENSG00000201006,Y_RNA,ENSMICG00000044978
ENSG00000201584,Y_RNA,ENSMICG00000020887
ENSG00000277444,,ENSMICG00000029993
ENSG00000232125,DYTN,ENSMICG00000027944
ENSG00000222627,RNU2-37P,ENSMICG00000047493
ENSG00000120645,IQSEC3,ENSMICG00000015691
ENSG00000168779,SHOX2,ENSMICG00000049132
ENSG00000100258,LMF2,ENSMICG00000001673
ENSG00000206964,Y_RNA,ENSMICG00000043759
ENSG00000142611,PRDM16,ENSMICG00000004807
ENSG00000110066,KMT5B,ENSMICG00000028472
ENSG00000187527,ATP13A5,ENSMICG00000049567
ENSG00000073614,KDM5A,ENSMICG00000007891
ENSG00000212389,RNU6-1275P,ENSMICG00000022221
ENSG00000204406,MBD5,ENSMICG00000017046
ENSG00000169855,ROBO1,ENSMICG00000005222
ENSG00000111886,GABRR2,ENSMICG00000013053
ENSG00000182508,LHFPL1,ENSMICG00000001893
ENSG00000134900,TPP2,ENSMICG00000010217
ENSG00000188580,NKAIN2,ENSMICG00000014034
ENSG00000198171,DDRGK1,ENSMICG00000013816
ENSG00000146373,RNF217,ENSMICG00000036781
ENSG00000126903,SLC10A3,ENSMICG00000016468
ENSG00000149527,PLCH2,ENSMICG00000001008
ENSG00000183395,PMCH,ENSMICG00000007740
ENSG00000111907,TPD52L1,ENSMICG00000014048
ENSG00000199077,MIR129-2,ENSMICG00000018458
ENSG00000187479,C11orf96,ENSMICG00000041610
ENSG00000176915,ANKLE2,ENSMICG00000003987
ENSG00000204403,CASP12,ENSMICG00000001832
ENSG00000163632,C3orf49,ENSMICG00000016446
ENSG00000183486,MX2,ENSMICG00000012345
ENSG00000136161,RCBTB2,ENSMICG00000001761
ENSG00000196220,SRGAP3,ENSMICG00000013547
ENSG00000071909,MYO3B,ENSMICG00000014926
ENSG00000149600,COMMD7,ENSMICG00000006672
ENSG00000222162,RN7SKP151,ENSMICG00000022919
ENSG00000152266,PTH,ENSMICG00000042670
ENSG00000188130,MAPK12,ENSMICG00000027958
ENSG00000274588,DGKK,ENSMICG00000010584
ENSG00000135547,HEY2,ENSMICG00000033476
ENSG00000252081,RNU6-277P,ENSMICG00000035755
ENSG00000120458,MSANTD2,ENSMICG00000032131
ENSG00000101460,MAP1LC3A,ENSMICG00000028466
ENSG00000160224,AIRE,ENSMICG00000034908
ENSG00000154134,ROBO3,ENSMICG00000001703
ENSG00000252823,RNU6-148P,ENSMICG00000046240
ENSG00000090889,KIF4A,ENSMICG00000014254
ENSG00000184012,TMPRSS2,ENSMICG00000017325
ENSG00000101150,TPD52L2,ENSMICG00000015620
ENSG00000048707,VPS13D,ENSMICG00000012119
ENSG00000111796,KLRB1,ENSMICG00000043292
ENSG00000135406,PRPH,ENSMICG00000016388
ENSG00000197980,LEKR1,ENSMICG00000048227
ENSG00000170890,PLA2G1B,ENSMICG00000001390
ENSG00000174844,DNAH12,ENSMICG00000005596
ENSG00000139154,AEBP2,ENSMICG00000005996
ENSG00000252355,RN7SKP287,ENSMICG00000026063
ENSG00000200485,Y_RNA,ENSMICG00000021702
ENSG00000201867,Y_RNA,ENSMICG00000045333
ENSG00000207971,MIR125B1,ENSMICG00000019575
ENSG00000198975,MIRLET7A2,ENSMICG00000019607
ENSG00000207994,MIR100,ENSMICG00000018798
ENSG00000199944,RNU6-653P,ENSMICG00000044658
ENSG00000110076,NRXN2,ENSMICG00000001185
ENSG00000173531,MST1,ENSMICG00000041447
ENSG00000144395,CCDC150,ENSMICG00000013761
ENSG00000077942,FBLN1,ENSMICG00000017101
ENSG00000131018,SYNE1,ENSMICG00000007620
ENSG00000198176,TFDP1,ENSMICG00000036011
ENSG00000185046,ANKS1B,ENSMICG00000029745
ENSG00000202363,SNORA62,ENSMICG00000020629
ENSG00000186038,HTR3E,ENSMICG00000049068
ENSG00000187944,C2orf66,ENSMICG00000043136
ENSG00000180251,SLC9A4,ENSMICG00000039809
ENSG00000125775,SDCBP2,ENSMICG00000014370
ENSG00000158411,MITD1,ENSMICG00000011617
ENSG00000240302,RN7SL717P,ENSMICG00000028764
ENSG00000178074,C2orf69,ENSMICG00000035511
ENSG00000187033,SAMD7,ENSMICG00000049223
ENSG00000154479,CFAP210,ENSMICG00000026950
ENSG00000197921,HES5,ENSMICG00000038417
ENSG00000188306,LRRIQ4,ENSMICG00000049287
ENSG00000206961,,ENSMICG00000019776
ENSG00000214686,IQCF6,ENSMICG00000027112
ENSG00000189337,KAZN,ENSMICG00000003804
ENSG00000171552,BCL2L1,ENSMICG00000045727
ENSG00000115263,GCG,ENSMICG00000046796
ENSG00000114503,NCBP2,ENSMICG00000049214
ENSG00000147257,GPC3,ENSMICG00000015838
ENSG00000164483,SAMD3,ENSMICG00000006123
ENSG00000270170,NCBP2AS2,ENSMICG00000049349
ENSG00000163602,RYBP,ENSMICG00000045355
ENSG00000206384,COL6A6,ENSMICG00000049371
ENSG00000130940,CASZ1,ENSMICG00000004580
ENSG00000136158,SPRY2,ENSMICG00000008542
ENSG00000125970,RALY,ENSMICG00000039074
ENSG00000134317,GRHL1,ENSMICG00000012737
ENSG00000128298,BAIAP2L2,ENSMICG00000002823
ENSG00000130177,CDC16,ENSMICG00000012596
ENSG00000180878,C11orf42,ENSMICG00000033046
ENSG00000223202,RN7SKP297,ENSMICG00000022676
ENSG00000054938,CHRDL2,ENSMICG00000011134
ENSG00000100271,TTLL1,ENSMICG00000034722
ENSG00000163873,GRIK3,ENSMICG00000016437
ENSG00000144560,VGLL4,ENSMICG00000016559
ENSG00000117215,PLA2G2D,ENSMICG00000027293
ENSG00000206633,SNORA80B,ENSMICG00000037450
ENSG00000072195,SPEG,ENSMICG00000001317
ENSG00000152936,LMNTD1,ENSMICG00000038042
ENSG00000147162,OGT,ENSMICG00000003078
ENSG00000096696,DSP,ENSMICG00000012470
ENSG00000276747,PADI6,ENSMICG00000014075
ENSG00000159339,PADI4,ENSMICG00000035408
ENSG00000166435,XRRA1,ENSMICG00000027081
ENSG00000117000,RLF,ENSMICG00000000307
ENSG00000173638,SLC19A1,ENSMICG00000035898
ENSG00000111305,GSG1,ENSMICG00000014813
ENSG00000116544,DLGAP3,ENSMICG00000016585
ENSG00000171872,KLF17,ENSMICG00000007300
ENSG00000156500,PABIR3,ENSMICG00000043142
ENSG00000123999,INHA,ENSMICG00000008146
ENSG00000163877,SNIP1,ENSMICG00000044466
ENSG00000143878,RHOB,ENSMICG00000029771
ENSG00000200829,Y_RNA,ENSMICG00000045153
ENSG00000217236,SP9,ENSMICG00000031506
ENSG00000206965,RNU6-5P,ENSMICG00000041655
ENSG00000154027,AK5,ENSMICG00000004487
ENSG00000187492,CDHR4,ENSMICG00000028215
ENSG00000115474,KCNJ13,ENSMICG00000042071
ENSG00000159335,PTMS,ENSMICG00000036709
ENSG00000138435,CHRNA1,ENSMICG00000014284
ENSG00000139546,TARBP2,ENSMICG00000027441
ENSG00000264706,RN7SL217P,ENSMICG00000028397
ENSG00000114013,CD86,ENSMICG00000049554
ENSG00000205560,CPT1B,ENSMICG00000000856
ENSG00000116675,DNAJC6,ENSMICG00000006518
ENSG00000102098,SCML2,ENSMICG00000027531
ENSG00000134905,CARS2,ENSMICG00000011325
ENSG00000166436,TRIM66,ENSMICG00000002287
ENSG00000165953,SERPINA12,ENSMICG00000047762
ENSG00000010704,HFE,ENSMICG00000017272
ENSG00000114023,FAM162A,ENSMICG00000049452
ENSG00000213625,LEPROT,ENSMICG00000032518
ENSG00000157601,MX1,ENSMICG00000017322
ENSG00000065911,MTHFD2,ENSMICG00000006122
ENSG00000100557,CCDC198,ENSMICG00000005297
ENSG00000110680,CALCA,ENSMICG00000036545
ENSG00000134602,STK26,ENSMICG00000009064
ENSG00000163840,DTX3L,ENSMICG00000049420
ENSG00000172260,NEGR1,ENSMICG00000046222
ENSG00000110321,EIF4G2,ENSMICG00000017460
ENSG00000151276,MAGI1,ENSMICG00000009535
ENSG00000182183,SHISAL2A,ENSMICG00000047301
ENSG00000126746,ZNF384,ENSMICG00000006636
ENSG00000171502,COL24A1,ENSMICG00000015782
ENSG00000166428,PLD4,ENSMICG00000005479
ENSG00000222714,RN7SKP38,ENSMICG00000023189
ENSG00000252250,Y_RNA,ENSMICG00000020986
ENSG00000100599,RIN3,ENSMICG00000001669
ENSG00000115155,OTOF,ENSMICG00000006807
ENSG00000151067,CACNA1C,ENSMICG00000005715
ENSG00000100739,BDKRB1,ENSMICG00000009280
ENSG00000116157,GPX7,ENSMICG00000031390
ENSG00000140022,STON2,ENSMICG00000010867
ENSG00000139684,ESD,ENSMICG00000002239
ENSG00000201309,Y_RNA,ENSMICG00000044571
ENSG00000188996,HUS1B,ENSMICG00000043294
ENSG00000165861,ZFYVE1,ENSMICG00000015510
ENSG00000101901,ALG13,ENSMICG00000013269
ENSG00000263426,RN7SL471P,ENSMICG00000036887
ENSG00000071994,PDCD2,ENSMICG00000007474
ENSG00000143032,BARHL2,ENSMICG00000037198
ENSG00000169605,GKN1,ENSMICG00000003749
ENSG00000160791,CCR5,ENSMICG00000049350
ENSG00000179407,DNAJB8,ENSMICG00000005257
ENSG00000171121,KCNMB3,ENSMICG00000048999
ENSG00000196152,ZNF79,ENSMICG00000002323
ENSG00000182447,OTOL1,ENSMICG00000049331
ENSG00000160284,SPATC1L,ENSMICG00000027207
ENSG00000222327,RNU6-855P,ENSMICG00000044108
ENSG00000252031,RNU6-561P,ENSMICG00000026400
ENSG00000243911,RN7SL430P,ENSMICG00000032192
ENSG00000173947,CIMAP3,ENSMICG00000011967
ENSG00000252982,RN7SKP234,ENSMICG00000025799
ENSG00000125843,AP5S1,ENSMICG00000036434
ENSG00000183185,GABRR3,ENSMICG00000049381
ENSG00000124602,UNC5CL,ENSMICG00000009658
ENSG00000134253,TRIM45,ENSMICG00000009751
ENSG00000157557,ETS2,ENSMICG00000026895
ENSG00000114204,SERPINI2,ENSMICG00000049123
ENSG00000179388,EGR3,ENSMICG00000029687
ENSG00000112212,TSPO2,ENSMICG00000044730
ENSG00000133104,SPART,ENSMICG00000002494
ENSG00000165417,GTF2A1,ENSMICG00000010859
ENSG00000186666,BCDIN3D,ENSMICG00000031908
ENSG00000135312,HTR1B,ENSMICG00000012414
ENSG00000269964,MEI4,ENSMICG00000038415
ENSG00000167580,AQP2,ENSMICG00000036745
ENSG00000224531,SMIM13,ENSMICG00000037605
ENSG00000202313,RNU1-64P,ENSMICG00000031662
ENSG00000277473,Metazoa_SRP,ENSMICG00000032701
ENSG00000171435,KSR2,ENSMICG00000011038
ENSG00000198765,SYCP1,ENSMICG00000012072
ENSG00000199520,RNU6-386P,ENSMICG00000042506
ENSG00000165943,MOAP1,ENSMICG00000000782
ENSG00000205442,IZUMO3,ENSMICG00000011839
ENSG00000212327,RNU6-882P,ENSMICG00000043432
ENSG00000139718,SETD1B,ENSMICG00000001152
ENSG00000180998,GPR137C,ENSMICG00000038116
ENSG00000179476,DORIP1,ENSMICG00000000632
ENSG00000100580,TMED8,ENSMICG00000047714
ENSG00000134321,RSAD2,ENSMICG00000000161
ENSG00000066455,GOLGA5,ENSMICG00000001678
ENSG00000134200,TSHB,ENSMICG00000035229
ENSG00000123610,TNFAIP6,ENSMICG00000045439
ENSG00000155761,SPAG17,ENSMICG00000001795
ENSG00000088367,EPB41L1,ENSMICG00000001698
ENSG00000249715,FER1L5,ENSMICG00000026458
ENSG00000101850,GPR143,ENSMICG00000010413
ENSG00000047617,ANO2,ENSMICG00000004767
ENSG00000156466,GDF6,ENSMICG00000029531
ENSG00000201570,RNU4-56P,ENSMICG00000043034
ENSG00000142173,COL6A2,ENSMICG00000033173
ENSG00000112195,TREML2,ENSMICG00000027522
ENSG00000124003,MOGAT1,ENSMICG00000002513
ENSG00000163155,LYSMD1,ENSMICG00000026636
ENSG00000155749,FLACC1,ENSMICG00000004479
ENSG00000175946,KLHL38,ENSMICG00000030438
ENSG00000124731,TREM1,ENSMICG00000037923
ENSG00000057294,PKP2,ENSMICG00000001164
ENSG00000157093,LYZL4,ENSMICG00000049515
ENSG00000007944,MYLIP,ENSMICG00000011860
ENSG00000056277,ZNF280C,ENSMICG00000010604
ENSG00000080224,EPHA6,ENSMICG00000047247
ENSG00000222972,RNU6-651P,ENSMICG00000031168
ENSG00000173093,CCDC63,ENSMICG00000004966
ENSG00000138395,CDK15,ENSMICG00000008920
ENSG00000067992,PDK3,ENSMICG00000009061
ENSG00000047410,TPR,ENSMICG00000008969
ENSG00000102030,NAA10,ENSMICG00000010278
ENSG00000273542,H4C12,ENSMICG00000043742
ENSG00000273079,GRIN2B,ENSMICG00000006845
ENSG00000080200,CRYBG3,ENSMICG00000049141
ENSG00000164440,TXLNB,ENSMICG00000017220
ENSG00000196578,OR5AC2,ENSMICG00000049256
ENSG00000197938,OR5H2,ENSMICG00000049319
ENSG00000206536,OR5K3,ENSMICG00000049496
ENSG00000052749,RRP12,ENSMICG00000007624
ENSG00000115137,DNAJC27,ENSMICG00000027424
ENSG00000157103,SLC6A1,ENSMICG00000003055
ENSG00000134216,CHIA,ENSMICG00000011957
ENSG00000231292,IGKV1OR2-108,ENSMICG00000045927
ENSG00000110723,EXPH5,ENSMICG00000044911
ENSG00000172943,PHF8,ENSMICG00000011779
ENSG00000168280,KIF5C,ENSMICG00000016670
ENSG00000178202,POGLUT3,ENSMICG00000003463
ENSG00000134882,UBAC2,ENSMICG00000015209
ENSG00000175215,CTDSP2,ENSMICG00000003837
ENSG00000160588,MPZL3,ENSMICG00000009276
ENSG00000277494,GPIHBP1,ENSMICG00000014747
ENSG00000121039,RDH10,ENSMICG00000002884
ENSG00000172689,MS4A10,ENSMICG00000011208
ENSG00000283268,TEX54,ENSMICG00000046387
ENSG00000183715,OPCML,ENSMICG00000004832
ENSG00000104361,NIPAL2,ENSMICG00000004367
ENSG00000184155,OR10J5,ENSMICG00000036914
ENSG00000179104,TMTC2,ENSMICG00000031682
ENSG00000179397,CATSPERE,ENSMICG00000007626
ENSG00000165416,SUGT1,ENSMICG00000014614
ENSG00000252220,RNU6-977P,ENSMICG00000047476
ENSG00000104228,TRIM35,ENSMICG00000038500
ENSG00000221148,,ENSMICG00000025295
ENSG00000199245,Y_RNA,ENSMICG00000021972
ENSG00000252850,RNU1-117P,ENSMICG00000025971
ENSG00000252427,,ENSMICG00000024895
ENSG00000212135,SNORD67,ENSMICG00000020388
ENSG00000174804,FZD4,ENSMICG00000012533
ENSG00000283992,SLURP2,ENSMICG00000045139
ENSG00000060749,QSER1,ENSMICG00000035367
ENSG00000046889,PREX2,ENSMICG00000012516
ENSG00000200615,Y_RNA,ENSMICG00000044086
ENSG00000186197,EDARADD,ENSMICG00000047115
ENSG00000207270,RNU6-601P,ENSMICG00000046813
ENSG00000214782,MS4A18,ENSMICG00000030183
ENSG00000102781,KATNAL1,ENSMICG00000004250
ENSG00000111339,ART4,ENSMICG00000006259
ENSG00000176204,LRRTM4,ENSMICG00000010898
ENSG00000174576,NPAS4,ENSMICG00000003754
ENSG00000162761,LMX1A,ENSMICG00000041533
ENSG00000155760,FZD7,ENSMICG00000037803
ENSG00000188691,OR56A5,ENSMICG00000002064
ENSG00000199905,RNU6-492P,ENSMICG00000042042
ENSG00000123104,ITPR2,ENSMICG00000009476
ENSG00000003137,CYP26B1,ENSMICG00000016464
ENSG00000099204,ABLIM1,ENSMICG00000016276
ENSG00000143199,ADCY10,ENSMICG00000011665
ENSG00000147586,MRPS28,ENSMICG00000044873
ENSG00000204612,FOXB2,ENSMICG00000032613
ENSG00000137674,MMP20,ENSMICG00000002940
ENSG00000134326,CMPK2,ENSMICG00000035731
ENSG00000150457,LATS2,ENSMICG00000033886
ENSG00000100014,SPECC1L,ENSMICG00000036756
ENSG00000149294,NCAM1,ENSMICG00000003994
ENSG00000252759,Y_RNA,ENSMICG00000022721
ENSG00000136573,BLK,ENSMICG00000002271
ENSG00000007908,SELE,ENSMICG00000012315
ENSG00000201788,Y_RNA,ENSMICG00000046664
ENSG00000185610,DBX2,ENSMICG00000031036
ENSG00000252398,Y_RNA,ENSMICG00000048031
ENSG00000178719,GRINA,ENSMICG00000030158
ENSG00000111405,ENDOU,ENSMICG00000008940
ENSG00000252599,RNU6-566P,ENSMICG00000025522
ENSG00000123131,PRDX4,ENSMICG00000031550
ENSG00000116574,RHOU,ENSMICG00000036063
ENSG00000252321,RN7SKP83,ENSMICG00000024183
ENSG00000115232,ITGA4,ENSMICG00000012605
ENSG00000116132,PRRX1,ENSMICG00000017097
ENSG00000151577,DRD3,ENSMICG00000049039
ENSG00000182871,COL18A1,ENSMICG00000037125
ENSG00000207313,SNORA2B,ENSMICG00000042523
ENSG00000238998,RNU7-187P,ENSMICG00000037026
ENSG00000202368,Y_RNA,ENSMICG00000042225
ENSG00000038945,MSR1,ENSMICG00000005424
ENSG00000213809,KLRK1,ENSMICG00000046162
ENSG00000170893,TRH,ENSMICG00000030353
ENSG00000134940,ACRV1,ENSMICG00000003070
ENSG00000006757,PNPLA4,ENSMICG00000009614
ENSG00000131871,SELENOS,ENSMICG00000034165
ENSG00000143355,LHX9,ENSMICG00000000704
ENSG00000144935,TRPC1,ENSMICG00000049470
ENSG00000204007,GLT6D1,ENSMICG00000047100
ENSG00000212133,RNU6-1168P,ENSMICG00000043131
ENSG00000214336,FOXI3,ENSMICG00000031310
ENSG00000100528,CNIH1,ENSMICG00000016198
ENSG00000172073,SPMIP9,ENSMICG00000013949
ENSG00000147883,CDKN2B,ENSMICG00000031833
ENSG00000162849,KIF26B,ENSMICG00000005649
ENSG00000167136,ENDOG,ENSMICG00000017648
ENSG00000211598,IGKV4-1,ENSMICG00000033265
ENSG00000169564,PCBP1,ENSMICG00000038221
ENSG00000099139,PCSK5,ENSMICG00000014046
ENSG00000125676,THOC2,ENSMICG00000011840
ENSG00000178053,MLF1,ENSMICG00000048928
ENSG00000237651,C2orf74,ENSMICG00000034983
ENSG00000100078,PLA2G3,ENSMICG00000008571
ENSG00000100652,SLC10A1,ENSMICG00000009675
ENSG00000104321,TRPA1,ENSMICG00000001691
ENSG00000152104,PTPN14,ENSMICG00000011628
ENSG00000150907,FOXO1,ENSMICG00000028457
ENSG00000128714,HOXD13,ENSMICG00000002170
ENSG00000099956,SMARCB1,ENSMICG00000037655
ENSG00000170178,HOXD12,ENSMICG00000002172
ENSG00000151773,CCDC122,ENSMICG00000028774
ENSG00000128713,HOXD11,ENSMICG00000048033
ENSG00000128710,HOXD10,ENSMICG00000028373
ENSG00000100448,CTSG,ENSMICG00000030692
ENSG00000128709,HOXD9,ENSMICG00000031229
ENSG00000120693,SMAD9,ENSMICG00000042342
ENSG00000175879,HOXD8,ENSMICG00000004277
ENSG00000100665,SERPINA4,ENSMICG00000016449
ENSG00000207744,MIR10B,ENSMICG00000019701
ENSG00000170166,HOXD4,ENSMICG00000043209
ENSG00000185189,NRBP2,ENSMICG00000032717
ENSG00000150681,RGS18,ENSMICG00000006532
ENSG00000144218,AFF3,ENSMICG00000016001
ENSG00000127081,ZNF484,ENSMICG00000009252
ENSG00000092969,TGFB2,ENSMICG00000001597
ENSG00000135114,OASL,ENSMICG00000046728
ENSG00000160131,VMA21,ENSMICG00000030051
ENSG00000149289,ZC3H12C,ENSMICG00000011455
ENSG00000162669,HFM1,ENSMICG00000037935
ENSG00000153707,PTPRD,ENSMICG00000006128
ENSG00000011677,GABRA3,ENSMICG00000042718
ENSG00000147604,RPL7,ENSMICG00000044235
ENSG00000174851,YIF1A,ENSMICG00000008639
ENSG00000077274,CAPN6,ENSMICG00000016567
ENSG00000079257,LXN,ENSMICG00000049388
ENSG00000083544,TDRD3,ENSMICG00000009982
ENSG00000179363,TMEM31,ENSMICG00000003045
ENSG00000130193,THEM6,ENSMICG00000027716
ENSG00000010932,FMO1,ENSMICG00000017112
ENSG00000067840,PDZD4,ENSMICG00000027183
ENSG00000166126,AMN,ENSMICG00000027178
ENSG00000104369,JPH1,ENSMICG00000000667
ENSG00000111012,CYP27B1,ENSMICG00000037335
ENSG00000138231,DBR1,ENSMICG00000049533
ENSG00000170500,LONRF2,ENSMICG00000000058
ENSG00000169583,CLIC3,ENSMICG00000029042
ENSG00000100234,TIMP3,ENSMICG00000045156
ENSG00000241343,RPL36A,ENSMICG00000045022
ENSG00000179630,LACC1,ENSMICG00000030834
ENSG00000196405,EVL,ENSMICG00000013093
ENSG00000006071,ABCC8,ENSMICG00000005522
ENSG00000116183,PAPPA2,ENSMICG00000005975
ENSG00000086062,B4GALT1,ENSMICG00000044130
ENSG00000138381,ASNSD1,ENSMICG00000000812
ENSG00000100429,HDAC10,ENSMICG00000017791
ENSG00000134444,RELCH,ENSMICG00000010954
ENSG00000188676,IDO2,ENSMICG00000001737
ENSG00000123454,DBH,ENSMICG00000015378
ENSG00000102119,EMD,ENSMICG00000004682
ENSG00000164823,OSGIN2,ENSMICG00000033226
ENSG00000173728,SPMIP3,ENSMICG00000042924
ENSG00000151687,ANKAR,ENSMICG00000000818
ENSG00000232434,AJM1,ENSMICG00000035200
ENSG00000095303,PTGS1,ENSMICG00000009196
ENSG00000157060,SHCBP1L,ENSMICG00000043241
ENSG00000102384,CENPI,ENSMICG00000014963
ENSG00000147488,ST18,ENSMICG00000003705
ENSG00000207654,MIR128-1,ENSMICG00000032668
ENSG00000115850,LCT,ENSMICG00000012949
ENSG00000182533,CAV3,ENSMICG00000035303
ENSG00000180574,EIF2S3B,ENSMICG00000017858
ENSG00000136098,NEK3,ENSMICG00000005281
ENSG00000157014,TATDN2,ENSMICG00000002387
ENSG00000200664,Y_RNA,ENSMICG00000021470
ENSG00000168955,TM4SF20,ENSMICG00000013208
ENSG00000089022,MAPKAPK5,ENSMICG00000010509
ENSG00000157833,GAREM2,ENSMICG00000014228
ENSG00000176040,TMPRSS7,ENSMICG00000048872
ENSG00000102302,FGD1,ENSMICG00000010121
ENSG00000081052,COL4A4,ENSMICG00000013118
ENSG00000170099,SERPINA6,ENSMICG00000016404
ENSG00000199327,RNU6-230P,ENSMICG00000042933
ENSG00000168811,IL12A,ENSMICG00000049316
ENSG00000253719,ATXN7L3B,ENSMICG00000033344
ENSG00000253148,RGS21,ENSMICG00000030683
ENSG00000119689,DLST,ENSMICG00000006080
ENSG00000042781,USH2A,ENSMICG00000005002
ENSG00000188011,RTP5,ENSMICG00000045438
ENSG00000012174,MBTPS2,ENSMICG00000008917
ENSG00000173950,XXYLT1,ENSMICG00000049583
ENSG00000206600,RNU6-25P,ENSMICG00000047766
ENSG00000172458,IL17D,ENSMICG00000004631
ENSG00000144771,LRTM1,ENSMICG00000042762
ENSG00000106780,MEGF9,ENSMICG00000003283
ENSG00000136152,COG3,ENSMICG00000002547
ENSG00000130150,MOSPD2,ENSMICG00000004964
ENSG00000025293,PHF20,ENSMICG00000001674
ENSG00000136932,TRMO,ENSMICG00000032548
ENSG00000174579,MSL2,ENSMICG00000049511
ENSG00000035687,ADSS2,ENSMICG00000035421
ENSG00000163508,EOMES,ENSMICG00000049432
ENSG00000173706,HEG1,ENSMICG00000049378
ENSG00000197416,FABP12,ENSMICG00000048103
ENSG00000180287,PLD5,ENSMICG00000003488
ENSG00000102007,PLP2,ENSMICG00000006344
ENSG00000133742,CA1,ENSMICG00000043736
ENSG00000252787,,ENSMICG00000024696
ENSG00000212493,SNORD19,ENSMICG00000024545
ENSG00000222345,SNORD19C,ENSMICG00000041889
ENSG00000212452,SNORD69,ENSMICG00000025667
ENSG00000126012,KDM5C,ENSMICG00000007860
ENSG00000101638,ST8SIA5,ENSMICG00000013224
ENSG00000070159,PTPN3,ENSMICG00000002104
ENSG00000198842,STYXL2,ENSMICG00000048069
ENSG00000176542,USF3,ENSMICG00000049097
ENSG00000150637,CD226,ENSMICG00000029965
ENSG00000136146,MED4,ENSMICG00000009590
ENSG00000240747,KRBOX1,ENSMICG00000049454
ENSG00000198756,COLGALT2,ENSMICG00000007195
ENSG00000184261,KCNK12,ENSMICG00000044965
ENSG00000172071,EIF2AK3,ENSMICG00000013955
ENSG00000233276,GPX1,ENSMICG00000034931
ENSG00000169429,CXCL8,ENSMICG00000044277
ENSG00000183780,SLC35F3,ENSMICG00000013397
ENSG00000089048,ESF1,ENSMICG00000010711
ENSG00000118939,UCHL3,ENSMICG00000014333
ENSG00000154080,CHST9,ENSMICG00000042932
ENSG00000143194,MAEL,ENSMICG00000034747
ENSG00000204941,PSG5,ENSMICG00000045244
ENSG00000128791,TWSG1,ENSMICG00000036913
ENSG00000119403,PHF19,ENSMICG00000003303
ENSG00000145113,MUC4,ENSMICG00000049552
ENSG00000119537,KDSR,ENSMICG00000001582
ENSG00000109794,FAM149A,ENSMICG00000002055
ENSG00000152767,FARP1,ENSMICG00000012742
ENSG00000128159,TUBGCP6,ENSMICG00000017790
ENSG00000104765,BNIP3L,ENSMICG00000015781
ENSG00000101294,HM13,ENSMICG00000014688
ENSG00000198718,TOGARAM1,ENSMICG00000015705
ENSG00000185420,SMYD3,ENSMICG00000005665
ENSG00000188452,CERKL,ENSMICG00000012638
ENSG00000106927,AMBP,ENSMICG00000015178
ENSG00000100916,BRMS1L,ENSMICG00000034521
ENSG00000188305,PEAK3,ENSMICG00000032929
ENSG00000137561,TTPA,ENSMICG00000044191
ENSG00000184979,USP18,ENSMICG00000014115
ENSG00000256053,COA8,ENSMICG00000042844
ENSG00000143341,HMCN1,ENSMICG00000015564
ENSG00000162992,NEUROD1,ENSMICG00000042141
ENSG00000147592,LACTB2,ENSMICG00000048059
ENSG00000152242,ARK2N,ENSMICG00000004834
ENSG00000213889,PPM1N,ENSMICG00000029291
ENSG00000172845,SP3,ENSMICG00000014796
ENSG00000104671,DCTN6,ENSMICG00000006096
ENSG00000116703,PDC,ENSMICG00000038158
ENSG00000101665,SMAD7,ENSMICG00000034183
ENSG00000071575,TRIB2,ENSMICG00000031869
ENSG00000139974,SLC38A6,ENSMICG00000017681
ENSG00000284357,MIR34A,ENSMICG00000034066
ENSG00000154736,ADAMTS5,ENSMICG00000012538
ENSG00000200171,Y_RNA,ENSMICG00000045499
ENSG00000102057,KCND1,ENSMICG00000033913
ENSG00000200575,RNU6-414P,ENSMICG00000024992
ENSG00000212360,RNU6-1177P,ENSMICG00000046866
ENSG00000251825,RN7SKP19,ENSMICG00000035805
ENSG00000138794,CASP6,ENSMICG00000010297
ENSG00000252338,RNU6-503P,ENSMICG00000029425
ENSG00000134490,TMEM241,ENSMICG00000009287
ENSG00000198974,MIR30E,ENSMICG00000028555
ENSG00000212248,RNU6-750P,ENSMICG00000045836
ENSG00000207962,MIR30C1,ENSMICG00000017952
ENSG00000167700,MFSD3,ENSMICG00000046404
ENSG00000142166,IFNAR1,ENSMICG00000006359
ENSG00000212459,RNU6-695P,ENSMICG00000047143
ENSG00000211575,MIR760,ENSMICG00000019464
ENSG00000099999,RNF215,ENSMICG00000010079
ENSG00000166681,BEX3,ENSMICG00000044255
ENSG00000200536,,ENSMICG00000019881
ENSG00000199849,RNU5F-6P,ENSMICG00000042610
ENSG00000202329,RNU6-609P,ENSMICG00000043437
ENSG00000284485,MIR205,ENSMICG00000031369
ENSG00000222240,RN7SKP156,ENSMICG00000022693
ENSG00000200972,RNU5A-8P,ENSMICG00000036271
ENSG00000183114,FAM43B,ENSMICG00000035324
ENSG00000100379,KCTD17,ENSMICG00000009045
ENSG00000238754,SCARNA18B,ENSMICG00000025084
ENSG00000240692,RN7SL538P,ENSMICG00000035170
ENSG00000126756,UXT,ENSMICG00000016263
ENSG00000101276,SLC52A3,ENSMICG00000014310
ENSG00000132703,APCS,ENSMICG00000046846
ENSG00000106804,C5,ENSMICG00000003316
ENSG00000198730,CTR9,ENSMICG00000017459
ENSG00000180694,TMEM64,ENSMICG00000028722
ENSG00000125510,OPRL1,ENSMICG00000007196
ENSG00000187533,PRR27,ENSMICG00000042005
ENSG00000167393,PPP2R3B,ENSMICG00000030474
ENSG00000100354,TNRC6B,ENSMICG00000014056
ENSG00000213085,CFAP45,ENSMICG00000015529
ENSG00000147676,MAL2,ENSMICG00000043274
ENSG00000042317,SPATA7,ENSMICG00000016644
ENSG00000188909,BSX,ENSMICG00000004697
ENSG00000125872,LRRN4,ENSMICG00000036616
ENSG00000168078,PBK,ENSMICG00000001285
ENSG00000200879,SNORD14E,ENSMICG00000019997
ENSG00000207118,SNORD14D,ENSMICG00000022110
ENSG00000202252,SNORD14C,ENSMICG00000019847
ENSG00000160207,HSF2BP,ENSMICG00000004680
ENSG00000148943,LIN7C,ENSMICG00000005165
ENSG00000124151,NCOA3,ENSMICG00000006798
ENSG00000162723,SLAMF9,ENSMICG00000011363
ENSG00000169760,NLGN1,ENSMICG00000049574
ENSG00000252762,,ENSMICG00000035246
ENSG00000147130,ZMYM3,ENSMICG00000014095
ENSG00000183527,PSMG1,ENSMICG00000000385
ENSG00000095794,CREM,ENSMICG00000000835
ENSG00000184897,H1-10,ENSMICG00000040699
ENSG00000249242,TMEM150C,ENSMICG00000033462
ENSG00000172046,USP19,ENSMICG00000007895
ENSG00000155052,CNTNAP5,ENSMICG00000013119
ENSG00000268655,SAXO3,ENSMICG00000045057
ENSG00000221040,U3,ENSMICG00000019375
ENSG00000243364,EFNA4,ENSMICG00000045586
ENSG00000120913,PDLIM2,ENSMICG00000003919
ENSG00000134508,CABLES1,ENSMICG00000009282
ENSG00000143627,PKLR,ENSMICG00000007458
ENSG00000144426,NBEAL1,ENSMICG00000003736
ENSG00000196576,PLXNB2,ENSMICG00000005737
ENSG00000136160,EDNRB,ENSMICG00000016941
ENSG00000109163,GNRHR,ENSMICG00000014889
ENSG00000253074,RNU6-586P,ENSMICG00000024822
ENSG00000197721,CR1L,ENSMICG00000045432
ENSG00000153802,TMPRSS11D,ENSMICG00000014894
ENSG00000119457,SLC46A2,ENSMICG00000001133
ENSG00000176919,C8G,ENSMICG00000029632
ENSG00000244617,ASPRV1,ENSMICG00000004975
ENSG00000284308,C2orf81,ENSMICG00000006168
ENSG00000199562,RNU6-37P,ENSMICG00000041781
ENSG00000141441,GAREM1,ENSMICG00000013177
ENSG00000187054,TMPRSS11A,ENSMICG00000014906
ENSG00000136155,SCEL,ENSMICG00000002703
ENSG00000116127,ALMS1,ENSMICG00000015556
ENSG00000165501,LRR1,ENSMICG00000033385
ENSG00000141627,DYM,ENSMICG00000017535
ENSG00000175279,CENPS,ENSMICG00000004566
ENSG00000103599,IQCH,ENSMICG00000006127
ENSG00000240750,RN7SL559P,ENSMICG00000032286
ENSG00000158156,XKR8,ENSMICG00000047287
ENSG00000148158,SNX30,ENSMICG00000001131
ENSG00000235194,PPP1R3E,ENSMICG00000042784
ENSG00000165271,NOL6,ENSMICG00000012157
ENSG00000092295,TGM1,ENSMICG00000001746
ENSG00000152049,KCNE4,ENSMICG00000003050
ENSG00000154040,CABYR,ENSMICG00000044405
ENSG00000130561,SAG,ENSMICG00000010273
ENSG00000014257,ACP3,ENSMICG00000049036
ENSG00000137098,SPAG8,ENSMICG00000002567
ENSG00000129467,ADCY4,ENSMICG00000001771
ENSG00000189227,C15orf61,ENSMICG00000046601
ENSG00000188659,SAXO2,ENSMICG00000038308
ENSG00000251742,RN7SKP13,ENSMICG00000026041
ENSG00000105339,DENND3,ENSMICG00000010407
ENSG00000229972,IQCF3,ENSMICG00000038218
ENSG00000218336,TENM3,ENSMICG00000042810
ENSG00000184384,MAML2,ENSMICG00000031831
ENSG00000144802,NFKBIZ,ENSMICG00000048907
ENSG00000177476,OR2G3,ENSMICG00000047819
ENSG00000201013,Y_RNA,ENSMICG00000021518
ENSG00000251977,RNU6-991P,ENSMICG00000043085
ENSG00000106952,TNFSF8,ENSMICG00000034609
ENSG00000207475,SNORA80E,ENSMICG00000044057
ENSG00000167286,CD3D,ENSMICG00000045758
ENSG00000178031,ADAMTSL1,ENSMICG00000029970
ENSG00000252236,,ENSMICG00000031383
ENSG00000213965,NUDT19,ENSMICG00000037570
ENSG00000183091,NEB,ENSMICG00000007063
ENSG00000173809,TDRD12,ENSMICG00000003623
ENSG00000242252,BGLAP,ENSMICG00000045135
ENSG00000207933,MIR9-1,ENSMICG00000036169
ENSG00000167995,BEST1,ENSMICG00000005843
ENSG00000254726,MEX3A,ENSMICG00000046214
ENSG00000186790,FOXE3,ENSMICG00000029422
ENSG00000162763,LRRC52,ENSMICG00000041448
ENSG00000147614,ATP6V0D2,ENSMICG00000006227
ENSG00000168275,COA6,ENSMICG00000034015
ENSG00000070190,DAPP1,ENSMICG00000036755
ENSG00000175787,ZNF169,ENSMICG00000003159
ENSG00000241563,CORT,ENSMICG00000045773
ENSG00000116678,LEPR,ENSMICG00000012143
ENSG00000124939,SCGB2A1,ENSMICG00000003206
ENSG00000074657,ZNF532,ENSMICG00000016043
ENSG00000145414,NAF1,ENSMICG00000038661
ENSG00000173273,TNKS,ENSMICG00000012998
ENSG00000180549,FUT7,ENSMICG00000030899
ENSG00000100918,REC8,ENSMICG00000001711
ENSG00000168913,ENHO,ENSMICG00000045497
ENSG00000205143,ARID3C,ENSMICG00000033008
ENSG00000183337,BCOR,ENSMICG00000006169
ENSG00000176909,MAMSTR,ENSMICG00000013193
ENSG00000122741,DCAF10,ENSMICG00000006059
ENSG00000135220,UGT2A3,ENSMICG00000035523
ENSG00000223015,RNU6-1135P,ENSMICG00000019838
ENSG00000053501,USE1,ENSMICG00000014011
ENSG00000165970,SLC6A5,ENSMICG00000017129
ENSG00000164100,NDST3,ENSMICG00000006831
ENSG00000212392,Y_RNA,ENSMICG00000041485
ENSG00000252410,RNU5B-3P,ENSMICG00000025393
ENSG00000122735,DNAI1,ENSMICG00000002353
ENSG00000107736,CDH23,ENSMICG00000000081
ENSG00000142731,PLK4,ENSMICG00000016517
ENSG00000107341,UBE2R2,ENSMICG00000041673
ENSG00000186564,FOXD2,ENSMICG00000034204
ENSG00000244038,DDOST,ENSMICG00000010587
ENSG00000157654,PALM2AKAP2,ENSMICG00000002119
ENSG00000158786,PLA2G2F,ENSMICG00000008233
ENSG00000139874,SSTR1,ENSMICG00000047915
ENSG00000157087,ATP2B2,ENSMICG00000002406
ENSG00000126790,L3HYPDH,ENSMICG00000012485
ENSG00000201801,RNU5E-4P,ENSMICG00000044372
ENSG00000243539,RN7SL649P,ENSMICG00000047010
ENSG00000120949,TNFRSF8,ENSMICG00000012084
ENSG00000087299,L2HGDH,ENSMICG00000013196
ENSG00000167595,PROSER3,ENSMICG00000043899
ENSG00000156804,FBXO32,ENSMICG00000004591
ENSG00000079557,AFM,ENSMICG00000005066
ENSG00000088899,LZTS3,ENSMICG00000013812
ENSG00000162521,RBBP4,ENSMICG00000031176
ENSG00000104412,EMC2,ENSMICG00000006145
ENSG00000100626,GALNT16,ENSMICG00000009611
ENSG00000175764,TTLL11,ENSMICG00000016130
ENSG00000164932,CTHRC1,ENSMICG00000006894
ENSG00000148219,ASTN2,ENSMICG00000004334
ENSG00000184374,COLEC10,ENSMICG00000026547
ENSG00000169744,LDB2,ENSMICG00000000598
ENSG00000131864,USP29,ENSMICG00000036798
ENSG00000029364,SLC39A9,ENSMICG00000009632
ENSG00000123119,NECAB1,ENSMICG00000034070
ENSG00000099899,TRMT2A,ENSMICG00000017621
ENSG00000115275,MOGS,ENSMICG00000006197
ENSG00000206756,Y_RNA,ENSMICG00000020596
ENSG00000184634,MED12,ENSMICG00000014009
ENSG00000207190,RNU6-809P,ENSMICG00000042387
ENSG00000188800,TMCO2,ENSMICG00000014156
ENSG00000258873,DUXA,ENSMICG00000006042
ENSG00000078747,ITCH,ENSMICG00000003238
ENSG00000182504,CEP97,ENSMICG00000049248
ENSG00000134028,ADAMDEC1,ENSMICG00000047490
ENSG00000127423,AUNIP,ENSMICG00000028919
ENSG00000148123,PLPPR1,ENSMICG00000035820
ENSG00000248905,FMN1,ENSMICG00000004127
ENSG00000126106,TMEM53,ENSMICG00000013691
ENSG00000212309,SNORD70B,ENSMICG00000033924
ENSG00000264294,SNORD55,ENSMICG00000027172
ENSG00000271852,SNORD11B,ENSMICG00000036918
ENSG00000168564,CDKN2AIP,ENSMICG00000047516
ENSG00000200913,SNORD46,ENSMICG00000020181
ENSG00000238317,SNORD11,ENSMICG00000036254
ENSG00000202031,SNORD38A,ENSMICG00000028841
ENSG00000207421,SNORD38B,ENSMICG00000021021
ENSG00000131845,ZNF304,ENSMICG00000027655
ENSG00000011114,BTBD7,ENSMICG00000000788
ENSG00000204217,BMPR2,ENSMICG00000004432
ENSG00000173662,TAS1R1,ENSMICG00000016313
ENSG00000256060,TRAPPC2B,ENSMICG00000004690
ENSG00000109586,GALNT7,ENSMICG00000016467
ENSG00000148053,NTRK2,ENSMICG00000011656
ENSG00000188785,ZNF548,ENSMICG00000029159
ENSG00000156471,PTDSS1,ENSMICG00000009427
ENSG00000070886,EPHA8,ENSMICG00000005047
ENSG00000212415,,ENSMICG00000047087
ENSG00000170509,HSD17B13,ENSMICG00000008918
ENSG00000188649,CC2D2B,ENSMICG00000010857
ENSG00000140067,FAM181A,ENSMICG00000046022
ENSG00000138439,FAM117B,ENSMICG00000042296
ENSG00000159363,ATP13A2,ENSMICG00000011896
ENSG00000165527,ARF6,ENSMICG00000047517
ENSG00000206731,,ENSMICG00000042008
ENSG00000274286,ADRA2B,ENSMICG00000033875
ENSG00000234616,JRK,ENSMICG00000041639
ENSG00000142513,ACP4,ENSMICG00000000521
ENSG00000152953,STK32B,ENSMICG00000047439
ENSG00000203942,C10orf62,ENSMICG00000007711
ENSG00000203485,INF2,ENSMICG00000034871
ENSG00000138483,CCDC54,ENSMICG00000049447
ENSG00000163092,XIRP2,ENSMICG00000033404
ENSG00000120057,SFRP5,ENSMICG00000044070
ENSG00000114279,FGF12,ENSMICG00000049216
ENSG00000188937,NYX,ENSMICG00000008813
ENSG00000100417,PMM1,ENSMICG00000005983
ENSG00000172466,ZNF24,ENSMICG00000017067
ENSG00000213397,HAUS7,ENSMICG00000000008
ENSG00000254093,PINX1,ENSMICG00000044679
ENSG00000148704,VAX1,ENSMICG00000036933
ENSG00000186795,KCNK18,ENSMICG00000015645
ENSG00000173578,XCR1,ENSMICG00000048934
ENSG00000123739,PLA2G12A,ENSMICG00000010304
ENSG00000101187,SLCO4A1,ENSMICG00000001139
ENSG00000155792,DEPTOR,ENSMICG00000017305
ENSG00000196277,GRM7,ENSMICG00000010596
ENSG00000137077,CCL21,ENSMICG00000047140
ENSG00000122490,SLC66A2,ENSMICG00000012807
ENSG00000138756,BMP2K,ENSMICG00000033669
ENSG00000175018,TEX36,ENSMICG00000026931
ENSG00000142623,PADI1,ENSMICG00000014025
ENSG00000176771,NCKAP5,ENSMICG00000035648
ENSG00000148346,LCN2,ENSMICG00000003402
ENSG00000130829,DUSP9,ENSMICG00000044469
ENSG00000100288,CHKB,ENSMICG00000044169
ENSG00000134962,KLB,ENSMICG00000032998
ENSG00000104904,OAZ1,ENSMICG00000015481
ENSG00000142619,PADI3,ENSMICG00000014040
ENSG00000091879,ANGPT2,ENSMICG00000011303
ENSG00000206113,CFAP99,ENSMICG00000036187
ENSG00000147378,FATE1,ENSMICG00000047061
ENSG00000164344,KLKB1,ENSMICG00000002077
ENSG00000203880,PCMTD2,ENSMICG00000003352
ENSG00000126953,TIMM8A,ENSMICG00000038724
ENSG00000154485,MMP21,ENSMICG00000006186
ENSG00000223117,RN7SKP296,ENSMICG00000023811
ENSG00000148290,SURF1,ENSMICG00000007597
ENSG00000114784,EIF1B,ENSMICG00000049308
ENSG00000125931,CITED1,ENSMICG00000016613
ENSG00000150656,CNDP1,ENSMICG00000015694
ENSG00000180155,LYNX1,ENSMICG00000046110
ENSG00000264006,AKR1C8,ENSMICG00000016217
ENSG00000199536,RNU6-315P,ENSMICG00000043930
ENSG00000200118,Y_RNA,ENSMICG00000047571
ENSG00000013293,SLC7A14,ENSMICG00000048929
ENSG00000178473,UCN3,ENSMICG00000042282
ENSG00000178462,TUBAL3,ENSMICG00000000306
ENSG00000114026,OGG1,ENSMICG00000015259
ENSG00000233198,RNF224,ENSMICG00000043812
ENSG00000027644,INSRR,ENSMICG00000008978
ENSG00000144229,THSD7B,ENSMICG00000047887
ENSG00000147874,HAUS6,ENSMICG00000033370
ENSG00000109452,INPP4B,ENSMICG00000006762
ENSG00000175806,MSRA,ENSMICG00000043288
ENSG00000266075,RN7SL574P,ENSMICG00000030847
ENSG00000178980,SELENOW,ENSMICG00000012606
ENSG00000144451,SPAG16,ENSMICG00000013876
ENSG00000091482,SMPX,ENSMICG00000008915
ENSG00000071991,CDH19,ENSMICG00000030062
ENSG00000201405,Y_RNA,ENSMICG00000043823
ENSG00000198924,DCLRE1A,ENSMICG00000016124
ENSG00000068354,TBC1D25,ENSMICG00000013126
ENSG00000173110,HSPA6,ENSMICG00000003132
ENSG00000132669,RIN2,ENSMICG00000006035
ENSG00000143125,PROK1,ENSMICG00000005269
ENSG00000244066,RN7SL148P,ENSMICG00000035860
ENSG00000077327,SPAG6,ENSMICG00000000271
ENSG00000207144,RNU6-1297P,ENSMICG00000046881
ENSG00000172346,CSDC2,ENSMICG00000041795
ENSG00000171303,KCNK3,ENSMICG00000006852
ENSG00000120896,SORBS3,ENSMICG00000003915
ENSG00000023572,GLRX2,ENSMICG00000011515
ENSG00000063601,MTMR1,ENSMICG00000004344
ENSG00000100867,DHRS2,ENSMICG00000044785
ENSG00000170677,SOCS6,ENSMICG00000017585
ENSG00000179915,NRXN1,ENSMICG00000009937
ENSG00000144711,IQSEC1,ENSMICG00000002633
ENSG00000116396,KCNC4,ENSMICG00000005247
ENSG00000116032,GRIN3B,ENSMICG00000026749
ENSG00000101439,CST3,ENSMICG00000004617
ENSG00000141380,SS18,ENSMICG00000013326
ENSG00000213221,DNLZ,ENSMICG00000027594
ENSG00000174125,TLR1,ENSMICG00000032867
ENSG00000064687,ABCA7,ENSMICG00000013021
ENSG00000171700,RGS19,ENSMICG00000004739
ENSG00000164946,FREM1,ENSMICG00000015934
ENSG00000089723,OTUB2,ENSMICG00000008371
ENSG00000188784,PLA2G2E,ENSMICG00000014397
ENSG00000159788,RGS12,ENSMICG00000007623
ENSG00000242688,RN7SL304P,ENSMICG00000030531
ENSG00000162456,KNCN,ENSMICG00000037994
ENSG00000080823,MOK,ENSMICG00000004537
ENSG00000239560,RN7SL479P,ENSMICG00000031958
ENSG00000100994,PYGB,ENSMICG00000005768
ENSG00000148204,CRB2,ENSMICG00000000551
ENSG00000189283,FHIT,ENSMICG00000043473
ENSG00000166069,TMCO5A,ENSMICG00000044342
ENSG00000196236,XPNPEP3,ENSMICG00000008881
ENSG00000206728,Y_RNA,ENSMICG00000046659
ENSG00000212269,RNU6-788P,ENSMICG00000045017
ENSG00000238912,Y_RNA,ENSMICG00000041741
ENSG00000162892,IL24,ENSMICG00000044694
ENSG00000129007,CALML4,ENSMICG00000042372
ENSG00000173705,SUSD5,ENSMICG00000049346
ENSG00000148584,A1CF,ENSMICG00000003377
ENSG00000119125,GDA,ENSMICG00000001088
ENSG00000099840,IZUMO4,ENSMICG00000015347
ENSG00000145050,MANF,ENSMICG00000042117
ENSG00000170873,MTSS1,ENSMICG00000030483
ENSG00000172771,EFCAB12,ENSMICG00000008010
ENSG00000168843,FSTL5,ENSMICG00000028063
ENSG00000162897,FCAMR,ENSMICG00000008397
ENSG00000240891,PLCXD2,ENSMICG00000048541
ENSG00000104154,SLC30A4,ENSMICG00000005588
ENSG00000239105,RNU7-73P,ENSMICG00000024577
ENSG00000207651,MIR28,ENSMICG00000018134
ENSG00000004961,HCCS,ENSMICG00000014372
ENSG00000157005,SST,ENSMICG00000049023
ENSG00000198890,PRMT6,ENSMICG00000016977
ENSG00000113916,BCL6,ENSMICG00000049071
ENSG00000126785,RHOJ,ENSMICG00000043261
ENSG00000196547,MAN2A2,ENSMICG00000015397
ENSG00000144130,NT5DC4,ENSMICG00000013300
ENSG00000185155,MIXL1,ENSMICG00000046165
ENSG00000125484,GTF3C4,ENSMICG00000030831
ENSG00000201898,SNORA72,ENSMICG00000034149
ENSG00000221406,MIR320B2,ENSMICG00000043842
ENSG00000164099,PRSS12,ENSMICG00000013009
ENSG00000206887,RNU6-1008P,ENSMICG00000020151
ENSG00000201457,SNORA55,ENSMICG00000019842
ENSG00000119636,BBOF1,ENSMICG00000008464
ENSG00000086712,TXLNG,ENSMICG00000000438
ENSG00000174279,EVX2,ENSMICG00000035343
ENSG00000276103,U4,ENSMICG00000042404
ENSG00000310576,FAM174C,ENSMICG00000037159
ENSG00000143452,HORMAD1,ENSMICG00000036889
ENSG00000174500,GCSAM,ENSMICG00000049456
ENSG00000148143,ZNF462,ENSMICG00000008466
ENSG00000121410,A1BG,ENSMICG00000011597
ENSG00000131979,GCH1,ENSMICG00000016234
ENSG00000186376,ZNF75D,ENSMICG00000005209
ENSG00000072182,ASIC4,ENSMICG00000001336
ENSG00000235034,C19orf81,ENSMICG00000042230
ENSG00000172139,SLC9C1,ENSMICG00000049205
ENSG00000106948,AKNA,ENSMICG00000015304
ENSG00000161681,SHANK1,ENSMICG00000029638
ENSG00000138068,SULT6B1,ENSMICG00000042050
ENSG00000143384,MCL1,ENSMICG00000034250
ENSG00000182512,GLRX5,ENSMICG00000046512
ENSG00000186143,PRR30,ENSMICG00000041580
ENSG00000151014,NOCT,ENSMICG00000046478
ENSG00000119714,GPR68,ENSMICG00000043212
ENSG00000163793,DNAJC5G,ENSMICG00000047326
ENSG00000169752,NRG4,ENSMICG00000032925
ENSG00000177034,MTX3,ENSMICG00000017066
ENSG00000140025,EFCAB11,ENSMICG00000026502
ENSG00000169432,SCN9A,ENSMICG00000004943
ENSG00000164007,CLDN19,ENSMICG00000029190
ENSG00000101752,MIB1,ENSMICG00000007890
ENSG00000087495,PHACTR3,ENSMICG00000006160
ENSG00000116539,ASH1L,ENSMICG00000007490
ENSG00000095370,SH2D3C,ENSMICG00000005636
ENSG00000239388,ASB14,ENSMICG00000005591
ENSG00000004468,CD38,ENSMICG00000030541
ENSG00000169891,REPS2,ENSMICG00000003790
ENSG00000179873,NLRP11,ENSMICG00000045838
ENSG00000175785,PRIMA1,ENSMICG00000032855
ENSG00000169282,KCNAB1,ENSMICG00000049495
ENSG00000129038,LOXL1,ENSMICG00000032582
ENSG00000089902,RCOR1,ENSMICG00000000496
ENSG00000036565,SLC18A1,ENSMICG00000011689
ENSG00000154655,L3MBTL4,ENSMICG00000015626
ENSG00000186417,GLDN,ENSMICG00000030199
ENSG00000139890,REM2,ENSMICG00000047327
ENSG00000139921,TMX1,ENSMICG00000008688
ENSG00000159871,LYPD5,ENSMICG00000007820
ENSG00000100941,PNN,ENSMICG00000043299
ENSG00000157890,MEGF11,ENSMICG00000004354
ENSG00000050730,TNIP3,ENSMICG00000038352
ENSG00000167637,ZNF283,ENSMICG00000007822
ENSG00000155755,TMEM237,ENSMICG00000013335
ENSG00000100982,PCIF1,ENSMICG00000011290
ENSG00000092203,TOX4,ENSMICG00000014965
ENSG00000154330,PGM5,ENSMICG00000015998
ENSG00000124333,VAMP7,ENSMICG00000001581
ENSG00000160505,NLRP4,ENSMICG00000046855
ENSG00000170006,TMEM154,ENSMICG00000012190
ENSG00000162526,TSSK3,ENSMICG00000014383
ENSG00000151623,NR3C2,ENSMICG00000041449
ENSG00000177917,ARL6IP6,ENSMICG00000042407
ENSG00000206560,ANKRD28,ENSMICG00000048989
ENSG00000054179,ENTPD2,ENSMICG00000008859
ENSG00000243872,RN7SL464P,ENSMICG00000034896
ENSG00000162817,C1orf115,ENSMICG00000038121
ENSG00000197852,INKA2,ENSMICG00000033017
ENSG00000100632,ERH,ENSMICG00000038684
ENSG00000179709,NLRP8,ENSMICG00000008877
ENSG00000228486,C2orf92,ENSMICG00000045476
ENSG00000171487,NLRP5,ENSMICG00000046761
ENSG00000141622,ARK2C,ENSMICG00000011741
ENSG00000102362,SYTL4,ENSMICG00000017916
ENSG00000186517,ARHGAP30,ENSMICG00000007207
ENSG00000104231,ZFAND1,ENSMICG00000016889
ENSG00000151458,ANKRD50,ENSMICG00000014015
ENSG00000129518,EAPP,ENSMICG00000044807
ENSG00000198026,ZNF335,ENSMICG00000011302
ENSG00000178127,NDUFV2,ENSMICG00000038090
ENSG00000137473,TTC29,ENSMICG00000036587
ENSG00000165516,KLHDC2,ENSMICG00000007045
ENSG00000161281,COX7A1,ENSMICG00000045207
ENSG00000238365,RNU7-57P,ENSMICG00000044232
ENSG00000187980,PLA2G2C,ENSMICG00000008237
ENSG00000136859,ANGPTL2,ENSMICG00000002303
ENSG00000172888,ZNF621,ENSMICG00000049385
ENSG00000049769,PPP1R3F,ENSMICG00000006403
ENSG00000107159,CA9,ENSMICG00000001059
ENSG00000138767,CNOT6L,ENSMICG00000017026
ENSG00000069399,BCL3,ENSMICG00000042120
ENSG00000198160,MIER1,ENSMICG00000004461
ENSG00000154165,GPR15,ENSMICG00000049066
ENSG00000124193,SRSF6,ENSMICG00000008537
ENSG00000136872,ALDOB,ENSMICG00000011454
ENSG00000125089,SH3TC1,ENSMICG00000013247
ENSG00000176601,MAP3K19,ENSMICG00000013841
ENSG00000167088,SNRPD1,ENSMICG00000044066
ENSG00000214021,TTLL3,ENSMICG00000035256
ENSG00000174837,ADGRE1,ENSMICG00000034364
ENSG00000126773,PCNX4,ENSMICG00000034043
ENSG00000101361,NOP56,ENSMICG00000016553
ENSG00000198932,GPRASP1,ENSMICG00000032589
ENSG00000186812,ZNF397,ENSMICG00000030346
ENSG00000102547,CAB39L,ENSMICG00000017528
ENSG00000206432,TMEM200C,ENSMICG00000047300
ENSG00000187790,FANCM,ENSMICG00000005811
ENSG00000102010,BMX,ENSMICG00000003184
ENSG00000154889,MPPE1,ENSMICG00000001930
ENSG00000168453,HR,ENSMICG00000001003
ENSG00000151790,TDO2,ENSMICG00000013444
ENSG00000148300,REXO4,ENSMICG00000008422
ENSG00000179270,PCARE,ENSMICG00000001260
ENSG00000180745,CLRN3,ENSMICG00000012930
ENSG00000281780,snoZ196,ENSMICG00000022819
ENSG00000207047,SNORD51,ENSMICG00000035716
ENSG00000207406,SNORA41,ENSMICG00000042873
ENSG00000183423,LRIT3,ENSMICG00000036410
ENSG00000108176,DNAJC12,ENSMICG00000007534
ENSG00000121895,TMEM156,ENSMICG00000009711
ENSG00000222496,RN7SKP200,ENSMICG00000023453
ENSG00000197405,C5AR1,ENSMICG00000045174
ENSG00000163464,CXCR1,ENSMICG00000047045
ENSG00000136169,SETDB2,ENSMICG00000012641
ENSG00000101391,CDK5RAP1,ENSMICG00000004382
ENSG00000156026,MCU,ENSMICG00000007140
ENSG00000136881,BAAT,ENSMICG00000042778
ENSG00000199121,MIR26B,ENSMICG00000029535
ENSG00000120519,SLC10A7,ENSMICG00000000572
ENSG00000214050,FBXO16,ENSMICG00000036274
ENSG00000105323,HNRNPUL1,ENSMICG00000001989
ENSG00000102081,FMR1,ENSMICG00000000838
ENSG00000183722,LHFPL6,ENSMICG00000001594
ENSG00000140287,HDC,ENSMICG00000003503
ENSG00000214216,IQCJ,ENSMICG00000049562
ENSG00000169507,SLC38A11,ENSMICG00000014925
ENSG00000148057,IDNK,ENSMICG00000004704
ENSG00000122033,MTIF3,ENSMICG00000014777
ENSG00000128815,WDFY4,ENSMICG00000006712
ENSG00000059769,DNAJC25,ENSMICG00000006903
ENSG00000151967,SCHIP1,ENSMICG00000049157
ENSG00000169499,PLEKHA2,ENSMICG00000003578
ENSG00000064218,DMRT3,ENSMICG00000044854
ENSG00000212864,RNF208,ENSMICG00000037815
ENSG00000136936,XPA,ENSMICG00000012722
ENSG00000244384,RN7SL359P,ENSMICG00000033697
ENSG00000119737,GPR75,ENSMICG00000046858
ENSG00000079150,FKBP7,ENSMICG00000044765
ENSG00000152990,ADGRA3,ENSMICG00000003022
ENSG00000136883,KIF12,ENSMICG00000015186
ENSG00000140577,CRTC3,ENSMICG00000006993
ENSG00000157110,RBPMS,ENSMICG00000001295
ENSG00000133216,EPHB2,ENSMICG00000005069
ENSG00000138315,OIT3,ENSMICG00000007147
ENSG00000137142,IGFBPL1,ENSMICG00000042294
ENSG00000205795,CYS1,ENSMICG00000027772
ENSG00000106993,CDC37L1,ENSMICG00000017690
ENSG00000214842,RAD51AP2,ENSMICG00000038023
ENSG00000169062,UPF3A,ENSMICG00000042420
ENSG00000185038,MROH2A,ENSMICG00000014627
ENSG00000148516,ZEB1,ENSMICG00000006165
ENSG00000174840,PDE12,ENSMICG00000005723
ENSG00000164168,TMEM184C,ENSMICG00000000582
ENSG00000119523,ALG2,ENSMICG00000011115
ENSG00000119661,DNAL1,ENSMICG00000032196
ENSG00000212556,Y_RNA,ENSMICG00000024014
ENSG00000201288,RNU6-1047P,ENSMICG00000025615
ENSG00000130222,GADD45G,ENSMICG00000030733
ENSG00000138758,SEPTIN11,ENSMICG00000033844
ENSG00000162972,MAIP1,ENSMICG00000044985
ENSG00000031823,RANBP3,ENSMICG00000004018
ENSG00000116525,TRIM62,ENSMICG00000028440
ENSG00000213920,MDP1,ENSMICG00000026466
ENSG00000166128,RAB8B,ENSMICG00000043942
ENSG00000197168,NEK5,ENSMICG00000005263
ENSG00000128655,PDE11A,ENSMICG00000003770
ENSG00000213516,RBMXL1,ENSMICG00000006856
ENSG00000206199,ANKUB1,ENSMICG00000049041
ENSG00000160323,ADAMTS13,ENSMICG00000011799
ENSG00000107643,MAPK8,ENSMICG00000006997
ENSG00000126709,IFI6,ENSMICG00000008189
ENSG00000198843,SELENOT,ENSMICG00000049380
ENSG00000122035,RASL11A,ENSMICG00000029724
ENSG00000121742,GJB6,ENSMICG00000004508
ENSG00000284443,MIR197,ENSMICG00000018023
ENSG00000104140,RHOV,ENSMICG00000037315
ENSG00000073756,PTGS2,ENSMICG00000014469
ENSG00000197363,ZNF517,ENSMICG00000001574
ENSG00000125257,ABCC4,ENSMICG00000003364
ENSG00000250366,TUNAR,ENSMICG00000047611
ENSG00000179008,C14orf39,ENSMICG00000016397
ENSG00000214237,MINDY4B,ENSMICG00000049441
ENSG00000169436,COL22A1,ENSMICG00000005224
ENSG00000186073,CDIN1,ENSMICG00000014646
ENSG00000252965,Y_RNA,ENSMICG00000023754
ENSG00000181449,SOX2,ENSMICG00000049239
ENSG00000278026,,ENSMICG00000032474
ENSG00000186118,TEX38,ENSMICG00000000074
ENSG00000266317,RN7SL703P,ENSMICG00000026537
ENSG00000197953,AADACL2,ENSMICG00000048956
ENSG00000116035,VAX2,ENSMICG00000046942
ENSG00000159658,EFCAB14,ENSMICG00000047159
ENSG00000201217,Y_RNA,ENSMICG00000047408
ENSG00000169860,P2RY1,ENSMICG00000049127
ENSG00000163145,C1QTNF7,ENSMICG00000016892
ENSG00000185267,CDNF,ENSMICG00000033317
ENSG00000241159,RN7SL160P,ENSMICG00000028649
ENSG00000200550,RNU6-137P,ENSMICG00000044934
ENSG00000165828,PRAP1,ENSMICG00000047433
ENSG00000118707,TGIF2,ENSMICG00000030549
ENSG00000174796,THAP6,ENSMICG00000009485
ENSG00000197102,DYNC1H1,ENSMICG00000016143
ENSG00000182600,SNORC,ENSMICG00000041617
ENSG00000241347,RN7SL466P,ENSMICG00000034594
ENSG00000171772,SYCE1,ENSMICG00000006749
ENSG00000170385,SLC30A1,ENSMICG00000034511
ENSG00000173253,DMRT2,ENSMICG00000010426
ENSG00000206620,SNORD45C,ENSMICG00000021892
ENSG00000207241,SNORD45A,ENSMICG00000043631
ENSG00000057468,MSH4,ENSMICG00000017811
ENSG00000034677,RNF19A,ENSMICG00000034867
ENSG00000182606,TRAK1,ENSMICG00000049328
ENSG00000140464,PML,ENSMICG00000005147
ENSG00000124120,TTPAL,ENSMICG00000008264
ENSG00000150471,ADGRL3,ENSMICG00000005071
ENSG00000118245,TNP1,ENSMICG00000045994
ENSG00000207139,Y_RNA,ENSMICG00000044546
ENSG00000144460,NYAP2,ENSMICG00000013414
ENSG00000167157,PRRX2,ENSMICG00000028857
ENSG00000166272,WBP1L,ENSMICG00000012267
ENSG00000186638,KIF24,ENSMICG00000002331
ENSG00000206970,RNU6-474P,ENSMICG00000047645
ENSG00000117020,AKT3,ENSMICG00000015514
ENSG00000121966,CXCR4,ENSMICG00000013852
ENSG00000150201,FXYD4,ENSMICG00000043918
ENSG00000083307,GRHL2,ENSMICG00000014771
ENSG00000165072,MAMDC2,ENSMICG00000001043
ENSG00000178904,DPY19L3,ENSMICG00000012369
ENSG00000197177,ADGRA1,ENSMICG00000028134
ENSG00000147647,DPYS,ENSMICG00000013458
ENSG00000155886,SLC24A2,ENSMICG00000034280
ENSG00000187908,DMBT1,ENSMICG00000037150
ENSG00000163599,CTLA4,ENSMICG00000032206
ENSG00000130706,ADRM1,ENSMICG00000013395
ENSG00000185565,LSAMP,ENSMICG00000048878
ENSG00000252214,RNU6-542P,ENSMICG00000022460
ENSG00000136688,IL36G,ENSMICG00000016744
ENSG00000206889,RNU6-1200P,ENSMICG00000047318
ENSG00000105518,TMEM205,ENSMICG00000044601
ENSG00000155158,TTC39B,ENSMICG00000015971
ENSG00000134086,VHL,ENSMICG00000027963
ENSG00000136697,IL1F10,ENSMICG00000046199
ENSG00000201805,RNU6-1180P,ENSMICG00000047643
ENSG00000136689,IL1RN,ENSMICG00000003544
ENSG00000198912,C1orf174,ENSMICG00000033991
ENSG00000102802,MEDAG,ENSMICG00000011156
ENSG00000105370,LIM2,ENSMICG00000042579
ENSG00000134775,FHOD3,ENSMICG00000006953
ENSG00000181467,RAP2B,ENSMICG00000049585
ENSG00000188243,COMMD6,ENSMICG00000014323
ENSG00000189306,RRP7A,ENSMICG00000041800
ENSG00000183813,CCR4,ENSMICG00000049436
ENSG00000179855,GIPC3,ENSMICG00000012665
ENSG00000156876,SASS6,ENSMICG00000036856
ENSG00000136695,IL36RN,ENSMICG00000043229
ENSG00000170266,GLB1,ENSMICG00000049053
ENSG00000164983,TMEM65,ENSMICG00000045848
ENSG00000137076,TLN1,ENSMICG00000002517
ENSG00000172379,ARNT2,ENSMICG00000015661
ENSG00000102710,SUPT20H,ENSMICG00000003358
ENSG00000114993,RTKN,ENSMICG00000006178
ENSG00000147588,PMP2,ENSMICG00000038741
ENSG00000137948,BRDT,ENSMICG00000014306
ENSG00000183172,SMDT1,ENSMICG00000029867
ENSG00000181007,ZFP82,ENSMICG00000006314
ENSG00000174429,ABRA,ENSMICG00000042866
ENSG00000147689,FAM83A,ENSMICG00000010196
ENSG00000131116,ZNF428,ENSMICG00000041863
ENSG00000124164,VAPB,ENSMICG00000008389
ENSG00000100439,ABHD4,ENSMICG00000012697
ENSG00000100056,ESS2,ENSMICG00000000068
ENSG00000163958,ZDHHC19,ENSMICG00000049177
ENSG00000155090,KLF10,ENSMICG00000037141
ENSG00000115267,IFIH1,ENSMICG00000005405
ENSG00000188505,NCCRP1,ENSMICG00000046356
ENSG00000149654,CDH22,ENSMICG00000029501
ENSG00000188282,RUFY4,ENSMICG00000042714
ENSG00000145107,TM4SF19,ENSMICG00000048953
ENSG00000197275,RAD54B,ENSMICG00000000754
ENSG00000100523,DDHD1,ENSMICG00000005234
ENSG00000238227,TMEM250,ENSMICG00000046963
ENSG00000212146,RNU6-910P,ENSMICG00000043560
ENSG00000204335,SP5,ENSMICG00000030992
ENSG00000204334,ERICH2,ENSMICG00000043900
ENSG00000169926,KLF13,ENSMICG00000047540
ENSG00000131941,RHPN2,ENSMICG00000003663
ENSG00000100151,PICK1,ENSMICG00000046407
ENSG00000103569,AQP9,ENSMICG00000038252
ENSG00000147394,ZNF185,ENSMICG00000005873
ENSG00000109458,GAB1,ENSMICG00000009956
ENSG00000125520,SLC2A4RG,ENSMICG00000027188
ENSG00000155827,RNF20,ENSMICG00000011465
ENSG00000239899,RN7SL674P,ENSMICG00000026386
ENSG00000169618,PROKR1,ENSMICG00000045105
ENSG00000163219,ARHGAP25,ENSMICG00000003739
ENSG00000140505,CYP1A2,ENSMICG00000009689
ENSG00000025800,KPNA6,ENSMICG00000001434
ENSG00000140396,NCOA2,ENSMICG00000002452
ENSG00000167754,KLK5,ENSMICG00000045803
ENSG00000029559,IBSP,ENSMICG00000042390
ENSG00000173320,STOX2,ENSMICG00000015479
ENSG00000200287,Y_RNA,ENSMICG00000021166
ENSG00000207523,SNORA66,ENSMICG00000045960
ENSG00000101017,CD40,ENSMICG00000036430
ENSG00000252121,RNU6-970P,ENSMICG00000047965
ENSG00000138379,MSTN,ENSMICG00000043371
ENSG00000140522,RLBP1,ENSMICG00000042518
ENSG00000178177,LCORL,ENSMICG00000034656
ENSG00000251837,Y_RNA,ENSMICG00000022509
ENSG00000129566,TEP1,ENSMICG00000001497
ENSG00000165238,WNK2,ENSMICG00000003404
ENSG00000125630,POLR1B,ENSMICG00000013245
ENSG00000117298,ECE1,ENSMICG00000005478
ENSG00000140280,LYSMD2,ENSMICG00000034220
ENSG00000164070,HSPA4L,ENSMICG00000016951
ENSG00000165644,COMTD1,ENSMICG00000046906
ENSG00000253729,PRKDC,ENSMICG00000015567
ENSG00000166716,ZNF592,ENSMICG00000000763
ENSG00000101384,JAG1,ENSMICG00000005608
ENSG00000136371,MTHFS,ENSMICG00000033263
ENSG00000138867,GUCD1,ENSMICG00000030246
ENSG00000138162,TACC2,ENSMICG00000009830
ENSG00000105374,NKG7,ENSMICG00000046911
ENSG00000128917,DLL4,ENSMICG00000027357
ENSG00000167654,ATCAY,ENSMICG00000004504
ENSG00000145147,SLIT2,ENSMICG00000005622
ENSG00000101493,ZNF516,ENSMICG00000000044
ENSG00000081014,AP4E1,ENSMICG00000047242
ENSG00000162620,LRRIQ3,ENSMICG00000000880
ENSG00000015475,BID,ENSMICG00000008670
ENSG00000198003,ODAD3,ENSMICG00000009897
ENSG00000187024,PTRH1,ENSMICG00000005611
ENSG00000125611,CHCHD5,ENSMICG00000013277
ENSG00000162621,LRRC53,ENSMICG00000044386
ENSG00000178965,ERICH3,ENSMICG00000038155
ENSG00000134046,MBD2,ENSMICG00000008970
ENSG00000240183,RN7SL297P,ENSMICG00000035339
ENSG00000165275,TRMT10B,ENSMICG00000004777
ENSG00000178342,KCNG2,ENSMICG00000036173
ENSG00000101333,PLCB4,ENSMICG00000006586
ENSG00000129474,AJUBA,ENSMICG00000009193
ENSG00000101596,SMCHD1,ENSMICG00000012555
ENSG00000163803,PLB1,ENSMICG00000001426
ENSG00000161010,MRNIP,ENSMICG00000002549
ENSG00000053770,AP5M1,ENSMICG00000034728
ENSG00000243708,PLA2G4B,ENSMICG00000001812
ENSG00000137801,THBS1,ENSMICG00000003177
ENSG00000180008,SOCS4,ENSMICG00000047239
ENSG00000201355,RNA5S14,ENSMICG00000043394
ENSG00000104435,STMN2,ENSMICG00000026842
ENSG00000196642,RABL6,ENSMICG00000030076
ENSG00000079134,THOC1,ENSMICG00000027200
ENSG00000154358,OBSCN,ENSMICG00000000557
ENSG00000140368,PSTPIP1,ENSMICG00000014316
ENSG00000178860,MSC,ENSMICG00000032216
ENSG00000100422,CERK,ENSMICG00000012238
ENSG00000155897,ADCY8,ENSMICG00000045984
ENSG00000147065,MSN,ENSMICG00000042978
ENSG00000164106,SCRG1,ENSMICG00000008612
ENSG00000151612,ZNF827,ENSMICG00000000567
ENSG00000163806,SPDYA,ENSMICG00000047853
ENSG00000157303,SUSD3,ENSMICG00000007930
ENSG00000169490,TM2D2,ENSMICG00000003590
ENSG00000131089,ARHGEF9,ENSMICG00000007135
ENSG00000264994,SNORD92,ENSMICG00000038578
ENSG00000265145,SNORD53,ENSMICG00000033310
ENSG00000265706,SNORD53B,ENSMICG00000030281
ENSG00000188493,ACTMAP,ENSMICG00000044641
ENSG00000239605,STPG4,ENSMICG00000031193
ENSG00000100376,FAM118A,ENSMICG00000005695
ENSG00000177182,CLVS1,ENSMICG00000006968
ENSG00000134030,CTIF,ENSMICG00000010167
ENSG00000135905,DOCK10,ENSMICG00000014003
ENSG00000160007,ARHGAP35,ENSMICG00000037921
ENSG00000147596,PRDM14,ENSMICG00000002448
ENSG00000103769,RAB11A,ENSMICG00000041504
ENSG00000197951,ZNF71,ENSMICG00000034282
ENSG00000100483,VCPKMT,ENSMICG00000017572
ENSG00000123154,WDR83,ENSMICG00000045845
ENSG00000147601,TERF1,ENSMICG00000034600
ENSG00000119705,SLIRP,ENSMICG00000012080
ENSG00000171766,GATM,ENSMICG00000005565
ENSG00000088926,F11,ENSMICG00000002094
ENSG00000176853,FAM91A1,ENSMICG00000016546
ENSG00000175985,PLEKHD1,ENSMICG00000009638
ENSG00000172590,MRPL52,ENSMICG00000006201
ENSG00000105583,WDR83OS,ENSMICG00000041694
ENSG00000183963,SMTN,ENSMICG00000008551
ENSG00000160161,CILP2,ENSMICG00000038618
ENSG00000205639,MFSD2B,ENSMICG00000027625
ENSG00000177943,MAMDC4,ENSMICG00000016485
ENSG00000023608,SNAPC1,ENSMICG00000002231
ENSG00000161016,RPL8,ENSMICG00000001569
ENSG00000103740,ACSBG1,ENSMICG00000008772
ENSG00000163026,WDCP,ENSMICG00000001526
ENSG00000119782,FKBP1B,ENSMICG00000028839
ENSG00000170270,GON7,ENSMICG00000042789
ENSG00000177994,CIMIP6,ENSMICG00000041896
ENSG00000104881,PPP1R13L,ENSMICG00000001794
ENSG00000092201,SUPT16H,ENSMICG00000007715
ENSG00000080644,CHRNA3,ENSMICG00000003405
ENSG00000109265,CRACD,ENSMICG00000034949
ENSG00000214595,EML6,ENSMICG00000030312
ENSG00000165060,FXN,ENSMICG00000044611
ENSG00000198753,PLXNB3,ENSMICG00000003449
ENSG00000101670,LIPG,ENSMICG00000017104
ENSG00000155629,PIK3AP1,ENSMICG00000010774
ENSG00000185442,FAM174B,ENSMICG00000046366
ENSG00000184260,H2AC20,ENSMICG00000048145
ENSG00000176101,SSNA1,ENSMICG00000046295
ENSG00000201032,RNU6-704P,ENSMICG00000023090
ENSG00000170088,TMEM192,ENSMICG00000001365
ENSG00000156795,NTAQ1,ENSMICG00000036520
ENSG00000196990,FAM163B,ENSMICG00000028608
ENSG00000116852,KIF21B,ENSMICG00000011648
ENSG00000134146,DPH6,ENSMICG00000017003
ENSG00000144233,AMMECR1L,ENSMICG00000043486
ENSG00000168884,TNIP2,ENSMICG00000008835
ENSG00000078142,PIK3C3,ENSMICG00000005854
ENSG00000186130,ZBTB6,ENSMICG00000047456
ENSG00000138604,GLCE,ENSMICG00000044587
ENSG00000156052,GNAQ,ENSMICG00000044048
ENSG00000183741,CBX6,ENSMICG00000029779
ENSG00000213996,TM6SF2,ENSMICG00000037360
ENSG00000177108,ZDHHC22,ENSMICG00000017130
ENSG00000157734,SNX22,ENSMICG00000000405
ENSG00000165997,ARL5B,ENSMICG00000006011
ENSG00000134330,IAH1,ENSMICG00000002377
ENSG00000027001,MIPEP,ENSMICG00000036068
ENSG00000008735,MAPK8IP2,ENSMICG00000000871
ENSG00000100697,DICER1,ENSMICG00000011690
ENSG00000165650,PDZD8,ENSMICG00000032374
ENSG00000071894,CPSF1,ENSMICG00000015767
ENSG00000165115,KIF27,ENSMICG00000026425
ENSG00000167173,C15orf39,ENSMICG00000002853
ENSG00000188993,LRRC66,ENSMICG00000042369
ENSG00000188293,IGFL1,ENSMICG00000028260
ENSG00000151468,CCDC3,ENSMICG00000027860
ENSG00000035720,STAP1,ENSMICG00000014209
ENSG00000083807,SLC27A5,ENSMICG00000047897
ENSG00000167216,KATNAL2,ENSMICG00000007857
ENSG00000166035,LIPC,ENSMICG00000005871
ENSG00000151150,ANK3,ENSMICG00000031195
ENSG00000196782,MAML3,ENSMICG00000033333
ENSG00000179222,MAGED1,ENSMICG00000006373
ENSG00000168916,ZNF608,ENSMICG00000000035
ENSG00000163395,IGFN1,ENSMICG00000032380
ENSG00000109158,GABRA4,ENSMICG00000017780
ENSG00000207086,Y_RNA,ENSMICG00000034811
ENSG00000200034,RNU4-73P,ENSMICG00000047720
ENSG00000130203,APOE,ENSMICG00000031968
ENSG00000168505,GBX2,ENSMICG00000028176
ENSG00000137054,POLR1E,ENSMICG00000003673
ENSG00000197057,DTHD1,ENSMICG00000016515
ENSG00000157985,AGAP1,ENSMICG00000008660
ENSG00000203943,SAMD13,ENSMICG00000036198
ENSG00000166479,TMX3,ENSMICG00000026759
ENSG00000109189,USP46,ENSMICG00000028438
ENSG00000185340,GAS2L1,ENSMICG00000038428
ENSG00000139746,RBM26,ENSMICG00000010350
ENSG00000130518,IQCN,ENSMICG00000044860
ENSG00000148308,GTF3C5,ENSMICG00000010660
ENSG00000254858,MPV17L2,ENSMICG00000044224
ENSG00000165782,PIP4P1,ENSMICG00000043879
ENSG00000163293,NIPAL1,ENSMICG00000032802
ENSG00000141433,ADCYAP1,ENSMICG00000030488
ENSG00000063322,MED29,ENSMICG00000006093
ENSG00000109193,SULT1E1,ENSMICG00000047609
ENSG00000141642,ELAC1,ENSMICG00000017524
ENSG00000164283,ESM1,ENSMICG00000011973
ENSG00000153563,CD8A,ENSMICG00000005400
ENSG00000129493,HEATR5A,ENSMICG00000007619
ENSG00000185721,DRG1,ENSMICG00000005463
ENSG00000113088,GZMK,ENSMICG00000031808
ENSG00000101745,ANKRD12,ENSMICG00000003681
ENSG00000137504,CREBZF,ENSMICG00000033683
ENSG00000145649,GZMA,ENSMICG00000012698
ENSG00000164287,CDC20B,ENSMICG00000012704
ENSG00000177380,PPFIA3,ENSMICG00000015555
ENSG00000184937,WT1,ENSMICG00000004097
ENSG00000198983,MIR449A,ENSMICG00000018877
ENSG00000207728,MIR449B,ENSMICG00000018716
ENSG00000234602,MCIDAS,ENSMICG00000033324
ENSG00000137809,ITGA11,ENSMICG00000001504
ENSG00000171564,FGB,ENSMICG00000003228
ENSG00000185013,NT5C1B,ENSMICG00000010847
ENSG00000189403,HMGB1,ENSMICG00000007144
ENSG00000085415,SEH1L,ENSMICG00000037641
ENSG00000233757,ZNF892,ENSMICG00000042875
ENSG00000100319,ZMAT5,ENSMICG00000027135
ENSG00000187833,C2orf78,ENSMICG00000044504
ENSG00000173699,SPATA3,ENSMICG00000004129
ENSG00000135069,PSAT1,ENSMICG00000003010
ENSG00000081059,TCF7,ENSMICG00000017587
ENSG00000100836,PABPN1,ENSMICG00000010002
ENSG00000169758,TMEM266,ENSMICG00000043980
ENSG00000056050,HPF1,ENSMICG00000017309
ENSG00000115760,BIRC6,ENSMICG00000009525
ENSG00000183955,KMT5A,ENSMICG00000006595
ENSG00000099814,CEP170B,ENSMICG00000035450
ENSG00000145476,CYP4V2,ENSMICG00000002068
ENSG00000100280,AP1B1,ENSMICG00000004275
ENSG00000099810,MTAP,ENSMICG00000015072
ENSG00000127666,TICAM1,ENSMICG00000033254
ENSG00000161270,NPHS1,ENSMICG00000010052
ENSG00000179331,RAB39A,ENSMICG00000045554
ENSG00000214575,CPEB1,ENSMICG00000026395
ENSG00000155275,TRMT44,ENSMICG00000032294
ENSG00000168209,DDIT4,ENSMICG00000034685
ENSG00000100804,PSMB5,ENSMICG00000035988
ENSG00000151224,MAT1A,ENSMICG00000007105
ENSG00000139597,N4BP2L1,ENSMICG00000035139
ENSG00000164294,GPX8,ENSMICG00000037805
ENSG00000124406,ATP8A1,ENSMICG00000017860
ENSG00000066735,KIF26A,ENSMICG00000028277
ENSG00000164902,PHAX,ENSMICG00000029947
ENSG00000113494,PRLR,ENSMICG00000005697
ENSG00000077420,APBB1IP,ENSMICG00000007226
ENSG00000136156,ITM2B,ENSMICG00000001759
ENSG00000136930,PSMB7,ENSMICG00000043101
ENSG00000189377,CXCL17,ENSMICG00000047306
ENSG00000151327,FAM177A1,ENSMICG00000001433
ENSG00000243541,RN7SL104P,ENSMICG00000031439
ENSG00000105697,HAMP,ENSMICG00000026832
ENSG00000188738,FSIP2,ENSMICG00000045896
ENSG00000152782,PANK1,ENSMICG00000016832
ENSG00000102531,FNDC3A,ENSMICG00000009814
ENSG00000260001,TGFBR3L,ENSMICG00000036269
ENSG00000128881,TTBK2,ENSMICG00000004831
ENSG00000165807,PPP1R36,ENSMICG00000045325
ENSG00000199884,Y_RNA,ENSMICG00000022117
ENSG00000144410,CPO,ENSMICG00000015370
ENSG00000100314,CABP7,ENSMICG00000035699
ENSG00000138193,PLCE1,ENSMICG00000005545
ENSG00000183733,FIGLA,ENSMICG00000011826
ENSG00000165233,CARD19,ENSMICG00000038201
ENSG00000081181,ARG2,ENSMICG00000010837
ENSG00000116031,CD207,ENSMICG00000000713
ENSG00000137821,LRRC49,ENSMICG00000011247
ENSG00000139977,NAA30,ENSMICG00000030737
ENSG00000196597,ZNF782,ENSMICG00000014905
ENSG00000144043,TEX261,ENSMICG00000031861
ENSG00000205744,DENND1C,ENSMICG00000004586
ENSG00000100568,VTI1B,ENSMICG00000010843
ENSG00000221498,,ENSMICG00000024540
ENSG00000228623,ZNF883,ENSMICG00000041603
ENSG00000162999,DUSP19,ENSMICG00000006787
ENSG00000044459,CNTLN,ENSMICG00000009738
ENSG00000275588,RN7SL341P,ENSMICG00000031215
ENSG00000272025,SNORA74,ENSMICG00000021382
ENSG00000171557,FGG,ENSMICG00000003236
ENSG00000157227,MMP14,ENSMICG00000006204
ENSG00000178209,PLEC,ENSMICG00000016160
ENSG00000100284,TOM1,ENSMICG00000010149
ENSG00000196199,MPHOSPH8,ENSMICG00000014677
ENSG00000041353,RAB27B,ENSMICG00000015440
ENSG00000079308,TNS1,ENSMICG00000017467
ENSG00000099812,MISP,ENSMICG00000034580
ENSG00000135077,HAVCR2,ENSMICG00000001001
ENSG00000109819,PPARGC1A,ENSMICG00000015390
ENSG00000067082,KLF6,ENSMICG00000001283
ENSG00000184990,SIVA1,ENSMICG00000016525
ENSG00000154845,PPP4R1,ENSMICG00000003330
ENSG00000164307,ERAP1,ENSMICG00000017410
ENSG00000139496,NUP58,ENSMICG00000000409
ENSG00000266160,RN7SL612P,ENSMICG00000030871
ENSG00000151532,VTI1A,ENSMICG00000047275
ENSG00000155816,FMN2,ENSMICG00000037462
ENSG00000185681,MORN5,ENSMICG00000016144
ENSG00000126814,TRMT5,ENSMICG00000044351
ENSG00000140285,FGF7,ENSMICG00000013048
ENSG00000133985,TTC9,ENSMICG00000030903
ENSG00000132005,RFX1,ENSMICG00000012036
ENSG00000119383,PTPA,ENSMICG00000005925
ENSG00000153485,LYSET,ENSMICG00000041941
ENSG00000166091,CMTM5,ENSMICG00000010037
ENSG00000246922,UBAP1L,ENSMICG00000034396
ENSG00000166923,GREM1,ENSMICG00000035437
ENSG00000101199,ARFGAP1,ENSMICG00000013625
ENSG00000120054,CPN1,ENSMICG00000006739
ENSG00000251750,RNU5F-8P,ENSMICG00000043686
ENSG00000172349,IL16,ENSMICG00000004948
ENSG00000184007,PTP4A2,ENSMICG00000001424
ENSG00000165471,MBL2,ENSMICG00000037938
ENSG00000100211,CBY1,ENSMICG00000011786
ENSG00000100526,CDKN3,ENSMICG00000016195
ENSG00000105248,YJU2,ENSMICG00000030928
ENSG00000152785,BMP3,ENSMICG00000045548
ENSG00000165476,REEP3,ENSMICG00000001292
ENSG00000173083,HPSE,ENSMICG00000031866
ENSG00000214212,C19orf38,ENSMICG00000044532
ENSG00000121753,ADGRB2,ENSMICG00000001400
ENSG00000168621,GDNF,ENSMICG00000038777
ENSG00000145545,SRD5A1,ENSMICG00000016557
ENSG00000166704,ZNF606,ENSMICG00000005012
ENSG00000197563,PIGN,ENSMICG00000002034
ENSG00000145604,SKP2,ENSMICG00000017829
ENSG00000179284,DAND5,ENSMICG00000046835
ENSG00000014919,COX15,ENSMICG00000010505
ENSG00000181090,EHMT1,ENSMICG00000009631
ENSG00000161179,YDJC,ENSMICG00000043828
ENSG00000100320,RBFOX2,ENSMICG00000035417
ENSG00000178343,SHISA3,ENSMICG00000043105
ENSG00000184178,SCFD2,ENSMICG00000030479
ENSG00000153902,LGI4,ENSMICG00000031932
ENSG00000089094,KDM2B,ENSMICG00000015572
ENSG00000188917,TRMT2B,ENSMICG00000014931
ENSG00000138593,SECISBP2L,ENSMICG00000013007
ENSG00000121207,LRAT,ENSMICG00000026751
ENSG00000162745,OLFML2B,ENSMICG00000000040
ENSG00000187862,TTC24,ENSMICG00000008294
ENSG00000070808,CAMK2A,ENSMICG00000002837
ENSG00000129451,KLK10,ENSMICG00000045357
ENSG00000162891,IL20,ENSMICG00000008367
ENSG00000152804,HHEX,ENSMICG00000034608
ENSG00000198589,LRBA,ENSMICG00000006230
ENSG00000175874,CREG2,ENSMICG00000037594
ENSG00000129521,EGLN3,ENSMICG00000000618
ENSG00000137976,DNASE2B,ENSMICG00000037013
ENSG00000099804,CDC34,ENSMICG00000047869
ENSG00000162775,RBM15,ENSMICG00000005255
ENSG00000092140,G2E3,ENSMICG00000035944
ENSG00000173171,MTX1,ENSMICG00000011658
ENSG00000148702,HABP2,ENSMICG00000016037
ENSG00000160219,GAB3,ENSMICG00000000264
ENSG00000170075,GPR37L1,ENSMICG00000027500
ENSG00000266964,FXYD1,ENSMICG00000044936
ENSG00000159409,CELF3,ENSMICG00000010644
ENSG00000130649,CYP2E1,ENSMICG00000006780
ENSG00000174442,ZWILCH,ENSMICG00000004429
ENSG00000158169,FANCC,ENSMICG00000001158
ENSG00000067842,ATP2B3,ENSMICG00000000010
ENSG00000178796,RIIAD1,ENSMICG00000033323
ENSG00000119596,YLPM1,ENSMICG00000006067
ENSG00000143436,MRPL9,ENSMICG00000010669
ENSG00000075891,PAX2,ENSMICG00000001357
ENSG00000115956,PLEK,ENSMICG00000003728
ENSG00000143450,OAZ3,ENSMICG00000010676
ENSG00000128203,ASPHD2,ENSMICG00000013677
ENSG00000100442,FKBP3,ENSMICG00000005808
ENSG00000100412,ACO2,ENSMICG00000013529
ENSG00000196407,THEM5,ENSMICG00000035350
ENSG00000080189,SLC35C2,ENSMICG00000010654
ENSG00000116819,TFAP2E,ENSMICG00000046802
ENSG00000054690,PLEKHH1,ENSMICG00000010820
ENSG00000182389,CACNB4,ENSMICG00000005867
ENSG00000107742,SPOCK2,ENSMICG00000004214
ENSG00000037749,MFAP3,ENSMICG00000003560
ENSG00000154429,CCSAP,ENSMICG00000013151
ENSG00000184216,IRAK1,ENSMICG00000005136
ENSG00000125485,DDX31,ENSMICG00000010581
ENSG00000221539,SNORD99,ENSMICG00000038302
ENSG00000278274,SNORA61,ENSMICG00000043738
ENSG00000273544,SNORA44,ENSMICG00000020253
ENSG00000188060,RAB42,ENSMICG00000029915
ENSG00000164327,RICTOR,ENSMICG00000006675
ENSG00000138311,ZNF365,ENSMICG00000032413
ENSG00000201542,SNORA62,ENSMICG00000034912
ENSG00000203910,C1orf146,ENSMICG00000008888
ENSG00000151151,IPMK,ENSMICG00000044692
ENSG00000146278,PNRC1,ENSMICG00000028386
ENSG00000100911,PSME2,ENSMICG00000001702
ENSG00000152766,ANKRD22,ENSMICG00000006521
ENSG00000154548,SRSF12,ENSMICG00000034783
ENSG00000107560,RAB11FIP2,ENSMICG00000001976
ENSG00000238243,OR2W3,ENSMICG00000017864
ENSG00000198794,SCAMP5,ENSMICG00000010955
ENSG00000266524,GDF10,ENSMICG00000044392
ENSG00000119414,PPP6C,ENSMICG00000030309
ENSG00000198704,GPX6,ENSMICG00000014539
ENSG00000173269,MMRN2,ENSMICG00000000360
ENSG00000183888,SRARP,ENSMICG00000026862
ENSG00000162438,CTRC,ENSMICG00000003309
ENSG00000119446,RBM18,ENSMICG00000046793
ENSG00000105610,KLF1,ENSMICG00000016260
ENSG00000170608,FOXA3,ENSMICG00000038321
ENSG00000133678,TMEM254,ENSMICG00000007868
ENSG00000177464,GPR4,ENSMICG00000046993
ENSG00000153230,OR14K1,ENSMICG00000028758
ENSG00000170906,NDUFA3,ENSMICG00000002349
ENSG00000201900,RNY1P13,ENSMICG00000042207
ENSG00000137203,TFAP2A,ENSMICG00000032580
ENSG00000163554,SPTA1,ENSMICG00000014994
ENSG00000196605,ZNF846,ENSMICG00000033313
ENSG00000095585,BLNK,ENSMICG00000010724
ENSG00000167748,KLK1,ENSMICG00000030532
ENSG00000207721,MIR186,ENSMICG00000019337
ENSG00000143443,C1orf56,ENSMICG00000000470
ENSG00000132463,GRSF1,ENSMICG00000005385
ENSG00000054277,OPN3,ENSMICG00000003465
ENSG00000021488,SLC7A9,ENSMICG00000046921
ENSG00000131080,EDA2R,ENSMICG00000032599
ENSG00000116128,BCL9,ENSMICG00000038350
ENSG00000189376,C8orf76,ENSMICG00000004551
ENSG00000169684,CHRNA5,ENSMICG00000005783
ENSG00000100612,DHRS7,ENSMICG00000012540
ENSG00000162843,WDR64,ENSMICG00000003466
ENSG00000136810,TXN,ENSMICG00000002128
ENSG00000117899,MESD,ENSMICG00000048097
ENSG00000101938,CHRDL1,ENSMICG00000001562
ENSG00000003987,MTMR7,ENSMICG00000002877
ENSG00000172345,STARD5,ENSMICG00000037549
ENSG00000112977,DAP,ENSMICG00000044020
ENSG00000185842,DNAH14,ENSMICG00000037251
ENSG00000214357,NEURL1B,ENSMICG00000037429
ENSG00000163069,SGCB,ENSMICG00000004494
ENSG00000119718,EIF2B2,ENSMICG00000006100
ENSG00000159459,UBR1,ENSMICG00000006694
ENSG00000113269,RNF130,ENSMICG00000043962
ENSG00000138771,SHROOM3,ENSMICG00000017895
ENSG00000107338,SHB,ENSMICG00000008806
ENSG00000104356,POP1,ENSMICG00000004361
ENSG00000152433,ZNF547,ENSMICG00000034738
ENSG00000177125,ZBTB34,ENSMICG00000036866
ENSG00000088808,PPP1R13B,ENSMICG00000014947
ENSG00000127080,IPPK,ENSMICG00000032514
ENSG00000125652,ALKBH7,ENSMICG00000006288
ENSG00000078177,N4BP2,ENSMICG00000046523
ENSG00000087088,BAX,ENSMICG00000001859
ENSG00000174607,UGT8,ENSMICG00000028102
ENSG00000111701,APOBEC1,ENSMICG00000043645
ENSG00000235106,BRD3OS,ENSMICG00000045415
ENSG00000102158,MAGT1,ENSMICG00000015284
ENSG00000179046,TRIML2,ENSMICG00000042678
ENSG00000184344,GDF3,ENSMICG00000046148
ENSG00000164171,ITGA2,ENSMICG00000004699
ENSG00000198178,CLEC4C,ENSMICG00000015582
ENSG00000126883,NUP214,ENSMICG00000007790
ENSG00000133246,PRAM1,ENSMICG00000038402
ENSG00000197928,ZNF677,ENSMICG00000015174
ENSG00000277586,NEFL,ENSMICG00000030432
ENSG00000104447,TRPS1,ENSMICG00000011103
ENSG00000119655,NPC2,ENSMICG00000006008
ENSG00000205857,NANOGNB,ENSMICG00000041549
ENSG00000250799,PRODH2,ENSMICG00000035697
ENSG00000199912,Y_RNA,ENSMICG00000041973
ENSG00000100413,POLR3H,ENSMICG00000013546
ENSG00000078596,ITM2A,ENSMICG00000033300
ENSG00000276045,ORAI1,ENSMICG00000031832
ENSG00000143479,DYRK3,ENSMICG00000032679
ENSG00000120337,TNFSF18,ENSMICG00000017762
ENSG00000212916,MAP10,ENSMICG00000027261
ENSG00000119283,TRIM67,ENSMICG00000004233
ENSG00000006432,MAP3K9,ENSMICG00000013005
ENSG00000157593,SLC35B2,ENSMICG00000027103
ENSG00000006638,TBXA2R,ENSMICG00000031426
ENSG00000253250,C8orf88,ENSMICG00000041689
ENSG00000172410,INSL5,ENSMICG00000047927
ENSG00000197241,SLC2A7,ENSMICG00000005399
ENSG00000175324,LSM1,ENSMICG00000030726
ENSG00000105472,CLEC11A,ENSMICG00000047106
ENSG00000206652,RNU1-1,ENSMICG00000043877
ENSG00000178233,TMEM151B,ENSMICG00000033230
ENSG00000054611,TBC1D22A,ENSMICG00000006618
ENSG00000187942,LDLRAD2,ENSMICG00000013789
ENSG00000166912,MTMR10,ENSMICG00000012591
ENSG00000164162,ANAPC10,ENSMICG00000048106
ENSG00000142798,HSPG2,ENSMICG00000013802
ENSG00000104413,ESRP1,ENSMICG00000008757
ENSG00000115257,PCSK4,ENSMICG00000038124
ENSG00000101146,RAE1,ENSMICG00000005704
ENSG00000095539,SEMA4G,ENSMICG00000030739
ENSG00000133997,MED6,ENSMICG00000012994
ENSG00000155545,MIER3,ENSMICG00000032965
ENSG00000204653,ASPDH,ENSMICG00000042683
ENSG00000128915,ICE2,ENSMICG00000043974
ENSG00000221479,MIR1251,ENSMICG00000020849
ENSG00000276398,,ENSMICG00000026965
ENSG00000207586,MIR135A2,ENSMICG00000019314
ENSG00000198049,AVPR1B,ENSMICG00000047529
ENSG00000185453,ZSWIM9,ENSMICG00000007189
ENSG00000155850,SLC26A2,ENSMICG00000028691
ENSG00000153253,SCN3A,ENSMICG00000001132
ENSG00000152061,RABGAP1L,ENSMICG00000004841
ENSG00000094755,GABRP,ENSMICG00000012635
ENSG00000173928,SWSAP1,ENSMICG00000005683
ENSG00000171236,LRG1,ENSMICG00000002523
ENSG00000225830,ERCC6,ENSMICG00000002675
ENSG00000105717,PBX4,ENSMICG00000005939
ENSG00000102316,MAGED2,ENSMICG00000035446
ENSG00000198604,BAZ1A,ENSMICG00000009244
ENSG00000130584,ZBTB46,ENSMICG00000012871
ENSG00000101193,GID8,ENSMICG00000046912
ENSG00000151655,ITIH2,ENSMICG00000008230
ENSG00000175766,EIF4E1B,ENSMICG00000047427
ENSG00000180884,ZNF792,ENSMICG00000043081
ENSG00000141446,ESCO1,ENSMICG00000008993
ENSG00000105698,USF2,ENSMICG00000001519
ENSG00000113263,ITK,ENSMICG00000027422
ENSG00000118705,RPN2,ENSMICG00000005661
ENSG00000137078,SIT1,ENSMICG00000041425
ENSG00000132466,ANKRD17,ENSMICG00000015317
ENSG00000164967,RPP25L,ENSMICG00000002373
ENSG00000167130,DOLPP1,ENSMICG00000005907
ENSG00000186897,C1QL4,ENSMICG00000028110
ENSG00000170214,ADRA1B,ENSMICG00000043682
ENSG00000123213,NLN,ENSMICG00000015558
ENSG00000183785,TUBA8,ENSMICG00000017239
ENSG00000155099,PIP4P2,ENSMICG00000012276
ENSG00000151743,AMN1,ENSMICG00000034335
ENSG00000166377,ATP9B,ENSMICG00000017396
ENSG00000198826,ARHGAP11A,ENSMICG00000038432
ENSG00000116748,AMPD1,ENSMICG00000002041
ENSG00000071859,FAM50A,ENSMICG00000016428
ENSG00000099917,MED15,ENSMICG00000004712
ENSG00000104327,CALB1,ENSMICG00000010459
ENSG00000142039,CCDC97,ENSMICG00000046139
ENSG00000250803,ZNF475,ENSMICG00000000238
ENSG00000100888,CHD8,ENSMICG00000007735
ENSG00000148200,NR6A1,ENSMICG00000002911
ENSG00000164176,EDIL3,ENSMICG00000014682
ENSG00000177414,UBE2U,ENSMICG00000035220
ENSG00000167615,LENG8,ENSMICG00000010006
ENSG00000179528,LBX2,ENSMICG00000046194
ENSG00000115596,WNT6,ENSMICG00000045948
ENSG00000122584,NXPH1,ENSMICG00000017518
ENSG00000143536,CRNN,ENSMICG00000035667
ENSG00000080031,PTPRH,ENSMICG00000016632
ENSG00000218823,PAPOLB,ENSMICG00000042211
ENSG00000123384,LRP1,ENSMICG00000012273
ENSG00000237524,TEX51,ENSMICG00000045414
ENSG00000171812,COL8A2,ENSMICG00000033642
ENSG00000168672,LRATD2,ENSMICG00000043304
ENSG00000164181,ELOVL7,ENSMICG00000042937
ENSG00000184389,A3GALT2,ENSMICG00000043656
ENSG00000181085,MAPK15,ENSMICG00000036229
ENSG00000222821,RNU4-27P,ENSMICG00000045322
ENSG00000151360,ALLC,ENSMICG00000016182
ENSG00000135823,STX6,ENSMICG00000017559
ENSG00000212410,RNU6-932P,ENSMICG00000046854
ENSG00000184905,TCEAL2,ENSMICG00000007035
ENSG00000132326,PER2,ENSMICG00000004716
ENSG00000145824,CXCL14,ENSMICG00000038499
ENSG00000274386,TMEM269,ENSMICG00000044647
ENSG00000179869,ABCA13,ENSMICG00000043468
ENSG00000120370,GORAB,ENSMICG00000033096
ENSG00000010671,BTK,ENSMICG00000015601
ENSG00000164300,SERINC5,ENSMICG00000017075
ENSG00000155621,C9orf85,ENSMICG00000006983
ENSG00000263793,MIR3115,ENSMICG00000035594
ENSG00000206935,RNU6-514P,ENSMICG00000042681
ENSG00000310560,PAXX,ENSMICG00000043009
ENSG00000120159,CAAP1,ENSMICG00000032635
ENSG00000179639,FCER1A,ENSMICG00000011252
ENSG00000214866,DCDC2C,ENSMICG00000044531
ENSG00000120129,DUSP1,ENSMICG00000031119
ENSG00000176887,SOX11,ENSMICG00000026777
ENSG00000182379,NXPH4,ENSMICG00000033243
ENSG00000170776,AKAP13,ENSMICG00000013618
ENSG00000152380,FAM151B,ENSMICG00000002412
ENSG00000163435,ELF3,ENSMICG00000003167
ENSG00000118257,NRP2,ENSMICG00000009376
ENSG00000167112,TRUB2,ENSMICG00000047032
ENSG00000113583,C5orf15,ENSMICG00000047659
ENSG00000112996,MRPS30,ENSMICG00000008017
ENSG00000164406,LEAP2,ENSMICG00000028746
ENSG00000148297,MED22,ENSMICG00000028119
ENSG00000131183,SLC34A1,ENSMICG00000014523
ENSG00000165660,ABRAXAS2,ENSMICG00000031916
ENSG00000117036,ETV3,ENSMICG00000046402
ENSG00000011590,ZBTB32,ENSMICG00000045992
ENSG00000148450,MSRB2,ENSMICG00000003345
ENSG00000142698,C1orf94,ENSMICG00000010438
ENSG00000249915,PDCD6,ENSMICG00000026451
ENSG00000253053,RN7SKP289,ENSMICG00000026601
ENSG00000109519,GRPEL1,ENSMICG00000043820
ENSG00000169288,MRPL1,ENSMICG00000032729
ENSG00000148396,SEC16A,ENSMICG00000005865
ENSG00000187258,NPSR1,ENSMICG00000008331
ENSG00000121904,CSMD2,ENSMICG00000010396
ENSG00000182013,PNMA8A,ENSMICG00000008321
ENSG00000213999,MEF2B,ENSMICG00000000439
ENSG00000180219,GARIN6,ENSMICG00000030013
ENSG00000185958,FAM186A,ENSMICG00000035471
ENSG00000164197,RNF180,ENSMICG00000013878
ENSG00000163743,RCHY1,ENSMICG00000009463
ENSG00000135517,MIP,ENSMICG00000027583
ENSG00000176422,SPRYD4,ENSMICG00000042006
ENSG00000104903,LYL1,ENSMICG00000045046
ENSG00000268154,Metazoa_SRP,ENSMICG00000027928
ENSG00000125851,PCSK2,ENSMICG00000004252
ENSG00000163348,PYGO2,ENSMICG00000047317
ENSG00000165355,FBXO33,ENSMICG00000027968
ENSG00000126461,SCAF1,ENSMICG00000032113
ENSG00000213741,RPS29,ENSMICG00000041582
ENSG00000163354,DCST2,ENSMICG00000044446
ENSG00000048740,CELF2,ENSMICG00000007867
ENSG00000136274,NACAD,ENSMICG00000008846
ENSG00000166268,MYRFL,ENSMICG00000004632
ENSG00000178665,ZNF713,ENSMICG00000047302
ENSG00000137106,GRHPR,ENSMICG00000003658
ENSG00000196646,ZNF136,ENSMICG00000006354
ENSG00000198752,CDC42BPB,ENSMICG00000013226
ENSG00000244588,RAD21L1,ENSMICG00000014367
ENSG00000141664,ZCCHC2,ENSMICG00000001550
ENSG00000168685,IL7R,ENSMICG00000001648
ENSG00000142528,ZNF473,ENSMICG00000038653
ENSG00000116117,PARD3B,ENSMICG00000009358
ENSG00000182348,ZNF804B,ENSMICG00000031570
ENSG00000140564,FURIN,ENSMICG00000027223
ENSG00000047230,CTPS2,ENSMICG00000010839
ENSG00000201558,RNVU1-6,ENSMICG00000018460
ENSG00000227868,TEX46,ENSMICG00000037936
ENSG00000130783,CCDC62,ENSMICG00000038255
ENSG00000101220,ADISSP,ENSMICG00000002548
ENSG00000113525,IL5,ENSMICG00000032694
ENSG00000186094,AGBL4,ENSMICG00000003275
ENSG00000104951,IL4I1,ENSMICG00000028489
ENSG00000177150,FAM210A,ENSMICG00000044721
ENSG00000183323,CCDC125,ENSMICG00000006377
ENSG00000204006,C1orf185,ENSMICG00000004061
ENSG00000185483,ROR1,ENSMICG00000013653
ENSG00000226174,TEX22,ENSMICG00000034469
ENSG00000072042,RDH11,ENSMICG00000010848
ENSG00000142609,CFAP74,ENSMICG00000001032
ENSG00000197653,DNAH10,ENSMICG00000006529
ENSG00000113196,HAND1,ENSMICG00000030672
ENSG00000074695,LMAN1,ENSMICG00000044042
ENSG00000148400,NOTCH1,ENSMICG00000009527
ENSG00000178568,ERBB4,ENSMICG00000036699
ENSG00000183718,TRIM52,ENSMICG00000043353
ENSG00000019991,HGF,ENSMICG00000008463
ENSG00000167693,NXN,ENSMICG00000009368
ENSG00000170482,SLC23A1,ENSMICG00000012457
ENSG00000165105,RASEF,ENSMICG00000011836
ENSG00000201791,SNORA63,ENSMICG00000020827
ENSG00000099308,MAST3,ENSMICG00000034292
ENSG00000184611,KCNH7,ENSMICG00000005417
ENSG00000075151,EIF4G3,ENSMICG00000008548
ENSG00000138759,FRAS1,ENSMICG00000043414
ENSG00000143919,CAMKMT,ENSMICG00000034768
ENSG00000131055,COX4I2,ENSMICG00000030241
ENSG00000141469,SLC14A1,ENSMICG00000017496
ENSG00000213463,SYNJ2BP,ENSMICG00000032757
ENSG00000278540,ACACA,ENSMICG00000004237
ENSG00000101181,MTG2,ENSMICG00000035055
ENSG00000138083,SIX3,ENSMICG00000044561
ENSG00000100577,GSTZ1,ENSMICG00000017159
ENSG00000115896,PLCL1,ENSMICG00000011854
ENSG00000008988,RPS20,ENSMICG00000034860
ENSG00000152939,MARVELD2,ENSMICG00000009724
ENSG00000183840,GPR39,ENSMICG00000031291
ENSG00000101425,BPI,ENSMICG00000013156
ENSG00000138028,CGREF1,ENSMICG00000017044
ENSG00000104332,SFRP1,ENSMICG00000044520
ENSG00000168081,PNOC,ENSMICG00000043478
ENSG00000011304,PTBP1,ENSMICG00000007131
ENSG00000146433,TMEM181,ENSMICG00000009469
ENSG00000218819,TDRD15,ENSMICG00000026358
ENSG00000147669,POLR2K,ENSMICG00000044624
ENSG00000170605,OR9K2,ENSMICG00000017826
ENSG00000084674,APOB,ENSMICG00000011331
ENSG00000169223,LMAN2,ENSMICG00000046895
ENSG00000242265,PEG10,ENSMICG00000001469
ENSG00000124171,PARD6B,ENSMICG00000032853
ENSG00000101082,SLA2,ENSMICG00000041460
ENSG00000212172,RNU1-149P,ENSMICG00000028638
ENSG00000167244,IGF2,ENSMICG00000045720
ENSG00000174799,CEP135,ENSMICG00000033892
ENSG00000113600,C9,ENSMICG00000006710
ENSG00000172728,FUT10,ENSMICG00000013099
ENSG00000088930,XRN2,ENSMICG00000008126
ENSG00000174197,MGA,ENSMICG00000001788
ENSG00000159307,SCUBE1,ENSMICG00000013606
ENSG00000165084,C8orf34,ENSMICG00000017430
ENSG00000146856,AGBL3,ENSMICG00000014568
ENSG00000164037,SLC9B1,ENSMICG00000031142
ENSG00000168631,MUCL3,ENSMICG00000035395
ENSG00000166710,B2M,ENSMICG00000005040
ENSG00000110900,TSPAN11,ENSMICG00000038754
ENSG00000182400,TRAPPC6B,ENSMICG00000005942
ENSG00000167220,HDHD2,ENSMICG00000042121
ENSG00000165609,NUDT5,ENSMICG00000004911
ENSG00000168658,VWA3B,ENSMICG00000001892
ENSG00000140471,LINS1,ENSMICG00000014778
ENSG00000025770,NCAPH2,ENSMICG00000012958
ENSG00000125952,MAX,ENSMICG00000035782
ENSG00000134014,ELP3,ENSMICG00000011977
ENSG00000164270,HTR4,ENSMICG00000002566
ENSG00000111077,TNS2,ENSMICG00000014125
ENSG00000240733,RN7SL502P,ENSMICG00000034252
ENSG00000167011,NAT16,ENSMICG00000005411
ENSG00000134812,CBLIF,ENSMICG00000042359
ENSG00000184408,KCND2,ENSMICG00000043428
ENSG00000134827,TCN1,ENSMICG00000011031
ENSG00000184903,IMMP2L,ENSMICG00000029597
ENSG00000181827,RFX7,ENSMICG00000000614
ENSG00000105880,DLX5,ENSMICG00000035433
ENSG00000149507,OOSP2,ENSMICG00000010952
ENSG00000149516,MS4A3,ENSMICG00000035368
ENSG00000163257,DCAF16,ENSMICG00000042496
ENSG00000165076,PRSS37,ENSMICG00000043681
ENSG00000285976,,ENSMICG00000041524
ENSG00000166133,RPUSD2,ENSMICG00000028637
ENSG00000196177,ACADSB,ENSMICG00000000462
ENSG00000179361,ARID3B,ENSMICG00000009542
ENSG00000112964,GHR,ENSMICG00000038266
ENSG00000006377,DLX6,ENSMICG00000014432
ENSG00000211450,SELENOH,ENSMICG00000004909
ENSG00000143970,ASXL2,ENSMICG00000038141
ENSG00000155463,OXA1L,ENSMICG00000001403
ENSG00000156970,BUB1B,ENSMICG00000007654
ENSG00000236279,CLEC2L,ENSMICG00000036417
ENSG00000101608,MYL12A,ENSMICG00000037011
ENSG00000121898,CPXM2,ENSMICG00000008842
ENSG00000155016,CYP2U1,ENSMICG00000012817
ENSG00000083857,FAT1,ENSMICG00000017246
ENSG00000243910,TUBA4B,ENSMICG00000036184
ENSG00000072401,UBE2D1,ENSMICG00000032733
ENSG00000222536,RNU2-39P,ENSMICG00000031996
ENSG00000214513,NOTO,ENSMICG00000031204
ENSG00000127366,TAS2R5,ENSMICG00000002588
ENSG00000163013,FBXO41,ENSMICG00000015538
ENSG00000234224,TMEM229A,ENSMICG00000029802
ENSG00000205978,NYNRIN,ENSMICG00000031725
ENSG00000101972,STAG2,ENSMICG00000033289
ENSG00000129562,DAD1,ENSMICG00000012690
ENSG00000104714,ERICH1,ENSMICG00000016447
ENSG00000165730,STOX1,ENSMICG00000048078
ENSG00000145423,SFRP2,ENSMICG00000038719
ENSG00000128039,SRD5A3,ENSMICG00000000317
ENSG00000156966,B3GNT7,ENSMICG00000043799
ENSG00000066739,ATG2B,ENSMICG00000030590
ENSG00000158623,COPG2,ENSMICG00000003013
ENSG00000242689,CNTF,ENSMICG00000037226
ENSG00000164134,NAA15,ENSMICG00000014119
ENSG00000213390,ARHGAP19,ENSMICG00000028625
ENSG00000153094,BCL2L11,ENSMICG00000035978
ENSG00000112238,PRDM13,ENSMICG00000032322
ENSG00000076554,TPD52,ENSMICG00000027857
ENSG00000176563,CNTD1,ENSMICG00000010384
ENSG00000287363,CIMIP3,ENSMICG00000029430
ENSG00000262543,SMIM28,ENSMICG00000046075
ENSG00000135540,NHSL1,ENSMICG00000014027
ENSG00000215853,RPTN,ENSMICG00000034831
ENSG00000175793,SFN,ENSMICG00000015648
ENSG00000215018,COL28A1,ENSMICG00000032566
ENSG00000104059,ENTREP2,ENSMICG00000006458
ENSG00000131910,NR0B2,ENSMICG00000032290
ENSG00000165588,OTX2,ENSMICG00000028939
ENSG00000158246,TENT5B,ENSMICG00000033781
ENSG00000141385,AFG3L2,ENSMICG00000000130
ENSG00000188782,CATSPER4,ENSMICG00000030540
ENSG00000167614,TTYH1,ENSMICG00000009976
ENSG00000196260,SFTA2,ENSMICG00000030909
ENSG00000185585,OLFML2A,ENSMICG00000002915
ENSG00000144355,DLX1,ENSMICG00000031703
ENSG00000128463,EMC4,ENSMICG00000003864
ENSG00000099194,SCD,ENSMICG00000044298
ENSG00000158615,PPP1R15B,ENSMICG00000016938
ENSG00000206895,Y_RNA,ENSMICG00000048130
ENSG00000201774,Y_RNA,ENSMICG00000047741
ENSG00000200753,,ENSMICG00000046245
ENSG00000143006,DMRTB1,ENSMICG00000014235
ENSG00000212264,SNORD65C,ENSMICG00000020689
ENSG00000242653,RN7SL132P,ENSMICG00000027076
ENSG00000206838,SNORA5A,ENSMICG00000046054
ENSG00000201772,SNORA5C,ENSMICG00000019919
ENSG00000200656,SNORA5B,ENSMICG00000046716
ENSG00000277184,SNORA9,ENSMICG00000022075
ENSG00000113073,SLC4A9,ENSMICG00000000352
ENSG00000187922,LCN10,ENSMICG00000042320
ENSG00000207443,RNU6-417P,ENSMICG00000045929
ENSG00000200397,Y_RNA,ENSMICG00000041982
ENSG00000182901,RGS7,ENSMICG00000003443
ENSG00000239030,RNU6-956P,ENSMICG00000025798
ENSG00000274409,,ENSMICG00000032465
ENSG00000065621,GSTO2,ENSMICG00000016220
ENSG00000199224,Y_RNA,ENSMICG00000047237
ENSG00000252704,RN7SKP277,ENSMICG00000025465
ENSG00000182979,MTA1,ENSMICG00000004266
ENSG00000144406,UNC80,ENSMICG00000009921
ENSG00000199971,RNU6-797P,ENSMICG00000048161
ENSG00000199283,RNU1-58P,ENSMICG00000018645
ENSG00000168303,MPLKIP,ENSMICG00000037623
ENSG00000166794,PPIB,ENSMICG00000038643
ENSG00000167118,URM1,ENSMICG00000042967
ENSG00000131480,AOC2,ENSMICG00000031928
ENSG00000154415,PPP1R3A,ENSMICG00000046647
ENSG00000148798,INA,ENSMICG00000000504
ENSG00000203756,TMEM244,ENSMICG00000000211
ENSG00000183978,COA3,ENSMICG00000045288
ENSG00000186862,PDZD7,ENSMICG00000000017
ENSG00000169330,MINAR1,ENSMICG00000041908
ENSG00000186642,PDE2A,ENSMICG00000012366
ENSG00000095981,KCNK16,ENSMICG00000014271
ENSG00000164778,EN2,ENSMICG00000036243
ENSG00000132294,EFR3A,ENSMICG00000003585
ENSG00000207214,RNU6-102P,ENSMICG00000045148
ENSG00000170775,GPR37,ENSMICG00000000767
ENSG00000107036,RIC1,ENSMICG00000016293
ENSG00000033030,ZCCHC8,ENSMICG00000013486
ENSG00000171954,CYP4F22,ENSMICG00000026659
ENSG00000104112,SCG3,ENSMICG00000010286
ENSG00000158055,GRHL3,ENSMICG00000000542
ENSG00000164104,HMGB2,ENSMICG00000043425
ENSG00000165813,CCDC186,ENSMICG00000016159
ENSG00000207547,MIR25,ENSMICG00000035735
ENSG00000208036,MIR106B,ENSMICG00000033212
ENSG00000164627,KIF6,ENSMICG00000017469
ENSG00000164500,SPMIP7,ENSMICG00000029657
ENSG00000180901,KCTD2,ENSMICG00000029951
ENSG00000267796,LIN37,ENSMICG00000009987
ENSG00000139354,GAS2L3,ENSMICG00000042318
ENSG00000187260,WDR86,ENSMICG00000035281
ENSG00000148606,POLR3A,ENSMICG00000005937
ENSG00000141570,CBX8,ENSMICG00000026588
ENSG00000125726,CD70,ENSMICG00000042047
ENSG00000125735,TNFSF14,ENSMICG00000033223
ENSG00000006652,IFRD1,ENSMICG00000047065
ENSG00000141179,PCTP,ENSMICG00000002870
ENSG00000041357,PSMA4,ENSMICG00000005777
ENSG00000139722,VPS37B,ENSMICG00000028172
ENSG00000083817,ZNF416,ENSMICG00000047336
ENSG00000138760,SCARB2,ENSMICG00000017891
ENSG00000120802,TMPO,ENSMICG00000036449
ENSG00000267467,APOC4,ENSMICG00000034209
ENSG00000136696,IL36B,ENSMICG00000004490
ENSG00000196361,ELAVL3,ENSMICG00000016528
ENSG00000170634,ACYP2,ENSMICG00000011857
ENSG00000197959,DNM3,ENSMICG00000005116
ENSG00000252039,RNU6-287P,ENSMICG00000044712
ENSG00000284399,MIR3184,ENSMICG00000028575
ENSG00000115844,DLX2,ENSMICG00000006986
ENSG00000251809,RN7SKP14,ENSMICG00000025544
ENSG00000199866,Y_RNA,ENSMICG00000046635
ENSG00000180089,TMEM86B,ENSMICG00000035710
ENSG00000118242,MREG,ENSMICG00000033346
ENSG00000187664,HAPLN4,ENSMICG00000032572
ENSG00000138180,CEP55,ENSMICG00000005489
ENSG00000104728,ARHGEF10,ENSMICG00000013765
ENSG00000144583,MARCHF4,ENSMICG00000027749
ENSG00000207180,RNU6-411P,ENSMICG00000044002
ENSG00000185869,ZNF829,ENSMICG00000003417
ENSG00000213551,DNAJC9,ENSMICG00000033859
ENSG00000278685,IQCA1L,ENSMICG00000004778
ENSG00000213015,ZNF580,ENSMICG00000044200
ENSG00000173068,BNC2,ENSMICG00000013669
ENSG00000165512,ZNF22,ENSMICG00000037541
ENSG00000139144,PIK3C2G,ENSMICG00000002501
ENSG00000144285,SCN1A,ENSMICG00000004920
ENSG00000148688,RPP30,ENSMICG00000012019
ENSG00000212482,RNU6-530P,ENSMICG00000043258
ENSG00000208014,MIR653,ENSMICG00000032285
ENSG00000169035,KLK7,ENSMICG00000026998
ENSG00000106536,POU6F2,ENSMICG00000007361
ENSG00000119900,OGFRL1,ENSMICG00000017326
ENSG00000199094,MIR30C2,ENSMICG00000018496
ENSG00000207827,MIR30A,ENSMICG00000019617
ENSG00000137038,DMAC1,ENSMICG00000035725
ENSG00000106560,GIMAP2,ENSMICG00000008145
ENSG00000097007,ABL1,ENSMICG00000015507
ENSG00000252349,,ENSMICG00000026037
ENSG00000109685,NSD2,ENSMICG00000011335
ENSG00000283844,MIR214,ENSMICG00000018168
ENSG00000208024,MIR199A2,ENSMICG00000031493
ENSG00000278526,,ENSMICG00000036008
ENSG00000063180,CA11,ENSMICG00000016328
ENSG00000251754,RNU6-999P,ENSMICG00000046763
ENSG00000201170,RNU1-132P,ENSMICG00000026499
ENSG00000158516,CPA2,ENSMICG00000047308
ENSG00000168148,H3-4,ENSMICG00000045112
ENSG00000075035,WSCD2,ENSMICG00000014280
ENSG00000198691,ABCA4,ENSMICG00000013270
ENSG00000148296,SURF6,ENSMICG00000046077
ENSG00000172673,THEMIS,ENSMICG00000009877
ENSG00000119946,CNNM1,ENSMICG00000010474
ENSG00000100532,CGRRF1,ENSMICG00000047854
ENSG00000241484,ARHGAP8,ENSMICG00000008439
ENSG00000238917,SNORD10,ENSMICG00000026107
ENSG00000277985,SNORA67,ENSMICG00000020278
ENSG00000129194,SOX15,ENSMICG00000042795
ENSG00000146476,ARMT1,ENSMICG00000047928
ENSG00000128510,CPA4,ENSMICG00000006103
ENSG00000095397,WHRN,ENSMICG00000015359
ENSG00000118680,MYL12B,ENSMICG00000027780
ENSG00000108947,EFNB3,ENSMICG00000034462
ENSG00000112333,NR2E1,ENSMICG00000014274
ENSG00000110427,KIAA1549L,ENSMICG00000012651
ENSG00000262085,OR1P1,ENSMICG00000026805
ENSG00000013523,ANGEL1,ENSMICG00000003631
ENSG00000109084,TMEM97,ENSMICG00000005073
ENSG00000105398,SULT2A1,ENSMICG00000037551
ENSG00000120549,KIAA1217,ENSMICG00000002108
ENSG00000119632,IFI27L2,ENSMICG00000047243
ENSG00000185591,SP1,ENSMICG00000035082
ENSG00000101639,CEP192,ENSMICG00000017316
ENSG00000105514,RAB3D,ENSMICG00000031435
ENSG00000188428,BLOC1S5,ENSMICG00000036195
ENSG00000283824,MIR22,ENSMICG00000019565
ENSG00000106484,MEST,ENSMICG00000006129
ENSG00000133983,COX16,ENSMICG00000041985
ENSG00000132915,PDE6A,ENSMICG00000002710
ENSG00000105227,PRX,ENSMICG00000026838
ENSG00000117523,PRRC2C,ENSMICG00000003922
ENSG00000185294,SPPL2C,ENSMICG00000004869
ENSG00000076067,RBMS2,ENSMICG00000001075
ENSG00000121104,FAM117A,ENSMICG00000031031
ENSG00000126787,DLGAP5,ENSMICG00000016289
ENSG00000197446,CYP2F1,ENSMICG00000031763
ENSG00000119401,TRIM32,ENSMICG00000004340
ENSG00000061455,PRDM6,ENSMICG00000046260
ENSG00000174498,IGDCC3,ENSMICG00000003513
ENSG00000146477,SLC22A3,ENSMICG00000007647
ENSG00000111911,HINT3,ENSMICG00000029608
ENSG00000001084,GCLC,ENSMICG00000003751
ENSG00000071539,TRIP13,ENSMICG00000028604
ENSG00000115165,CYTIP,ENSMICG00000033074
ENSG00000064195,DLX3,ENSMICG00000037127
ENSG00000224877,NDUFAF8,ENSMICG00000026980
ENSG00000132849,PATJ,ENSMICG00000014246
ENSG00000244187,TMEM141,ENSMICG00000035366
ENSG00000240505,TNFRSF13B,ENSMICG00000041511
ENSG00000104613,INTS10,ENSMICG00000010227
ENSG00000148411,NACC2,ENSMICG00000047846
ENSG00000158985,CDC42SE2,ENSMICG00000029677
ENSG00000200377,,ENSMICG00000021283
ENSG00000177519,RPRM,ENSMICG00000038767
ENSG00000044574,HSPA5,ENSMICG00000002950
ENSG00000179598,PLD6,ENSMICG00000004758
ENSG00000170091,NSG2,ENSMICG00000035993
ENSG00000272036,MIR139,ENSMICG00000034630
ENSG00000141026,MED9,ENSMICG00000031510
ENSG00000176894,PXMP2,ENSMICG00000047764
ENSG00000206638,RNU6-672P,ENSMICG00000043011
ENSG00000068079,IFI35,ENSMICG00000014224
ENSG00000090061,CCNK,ENSMICG00000015079
ENSG00000165323,FAT3,ENSMICG00000031389
ENSG00000211599,IGKV5-2,ENSMICG00000032664
ENSG00000139292,LGR5,ENSMICG00000009125
ENSG00000120278,PLEKHG1,ENSMICG00000004593
ENSG00000182575,NXPH3,ENSMICG00000006985
ENSG00000167740,CYB5D2,ENSMICG00000041658
ENSG00000136943,CTSV,ENSMICG00000008715
ENSG00000199936,Y_RNA,ENSMICG00000046995
ENSG00000173930,SLCO4C1,ENSMICG00000013545
ENSG00000284701,TMEM247,ENSMICG00000046688
ENSG00000124490,CRISP2,ENSMICG00000014964
ENSG00000104133,SPG11,ENSMICG00000005014
ENSG00000166004,CEP295,ENSMICG00000017878
ENSG00000132357,CARD6,ENSMICG00000043072
ENSG00000169992,NLGN2,ENSMICG00000027843
ENSG00000070778,PTPN21,ENSMICG00000028630
ENSG00000132840,BHMT2,ENSMICG00000005482
ENSG00000104290,FZD3,ENSMICG00000002985
ENSG00000105767,CADM4,ENSMICG00000026652
ENSG00000207249,SNORA72,ENSMICG00000022166
ENSG00000198914,POU3F3,ENSMICG00000001214
ENSG00000181323,SPEM1,ENSMICG00000012137
ENSG00000182177,ASB18,ENSMICG00000042020
ENSG00000184560,SPEM2,ENSMICG00000028897
ENSG00000283439,SPEM3,ENSMICG00000042623
ENSG00000170175,CHRNB1,ENSMICG00000013349
ENSG00000199875,Y_RNA,ENSMICG00000043777
ENSG00000273885,,ENSMICG00000041909
ENSG00000202314,SNORD6,ENSMICG00000021689
ENSG00000207304,SNORA8,ENSMICG00000020343
ENSG00000239195,SNORD5,ENSMICG00000024560
ENSG00000207145,SNORA18,ENSMICG00000046651
ENSG00000099860,GADD45B,ENSMICG00000031371
ENSG00000261667,LY6L,ENSMICG00000046185
ENSG00000207548,MIR217,ENSMICG00000018923
ENSG00000207798,MIR216A,ENSMICG00000031088
ENSG00000211520,MIR216B,ENSMICG00000018628
ENSG00000200101,RNU6-508P,ENSMICG00000046731
ENSG00000171105,INSR,ENSMICG00000011978
ENSG00000133835,HSD17B4,ENSMICG00000017025
ENSG00000066629,EML1,ENSMICG00000013077
ENSG00000124713,GNMT,ENSMICG00000008225
ENSG00000182224,CYB5D1,ENSMICG00000015154
ENSG00000130227,XPO7,ENSMICG00000011573
ENSG00000132518,GUCY2D,ENSMICG00000013617
ENSG00000221843,SPATA31H1,ENSMICG00000037560
ENSG00000149534,MS4A2,ENSMICG00000031785
ENSG00000051620,HEBP2,ENSMICG00000032428
ENSG00000179477,ALOX12B,ENSMICG00000013664
ENSG00000146374,RSPO3,ENSMICG00000008084
ENSG00000161798,AQP5,ENSMICG00000015604
ENSG00000249481,SPATS1,ENSMICG00000043772
ENSG00000163462,TRIM46,ENSMICG00000008052
ENSG00000128052,KDR,ENSMICG00000007310
ENSG00000179111,HES7,ENSMICG00000043316
ENSG00000123360,PDE1B,ENSMICG00000043971
ENSG00000199043,MIR335,ENSMICG00000018412
ENSG00000176182,MYPOP,ENSMICG00000045279
ENSG00000184650,ODF4,ENSMICG00000002754
ENSG00000088053,GP6,ENSMICG00000035013
ENSG00000124787,RPP40,ENSMICG00000003297
ENSG00000185156,MFSD6L,ENSMICG00000007076
ENSG00000166596,CFAP52,ENSMICG00000007889
ENSG00000174469,CNTNAP2,ENSMICG00000003632
ENSG00000110104,CCDC86,ENSMICG00000046625
ENSG00000183134,PTGDR2,ENSMICG00000011228
ENSG00000108021,TASOR2,ENSMICG00000002546
ENSG00000164142,FHIP1A,ENSMICG00000027501
ENSG00000142303,ADAMTS10,ENSMICG00000006214
ENSG00000101084,RAB5IF,ENSMICG00000044345
ENSG00000112294,ALDH5A1,ENSMICG00000011418
ENSG00000166118,SPATA19,ENSMICG00000004498
ENSG00000165623,UCMA,ENSMICG00000044971
ENSG00000109047,RCVRN,ENSMICG00000005372
ENSG00000185499,MUC1,ENSMICG00000044227
ENSG00000107175,CREB3,ENSMICG00000002540
ENSG00000080854,IGSF9B,ENSMICG00000004995
ENSG00000006788,MYH13,ENSMICG00000005392
ENSG00000252914,RNU6-789P,ENSMICG00000030249
ENSG00000154447,SH3RF1,ENSMICG00000017298
ENSG00000207318,RNU6-1184P,ENSMICG00000025096
ENSG00000160345,PIERCE1,ENSMICG00000031679
ENSG00000177679,SRRM3,ENSMICG00000010668
ENSG00000164164,OTUD4,ENSMICG00000031430
ENSG00000177951,BET1L,ENSMICG00000006289
ENSG00000133020,MYH8,ENSMICG00000010957
ENSG00000136816,TOR1B,ENSMICG00000009585
ENSG00000004776,HSPB6,ENSMICG00000046456
ENSG00000170027,YWHAG,ENSMICG00000032559
ENSG00000088882,CPXM1,ENSMICG00000016572
ENSG00000179271,GADD45GIP1,ENSMICG00000038609
ENSG00000137133,HINT2,ENSMICG00000002572
ENSG00000154065,ANKRD29,ENSMICG00000009326
ENSG00000171243,SOSTDC1,ENSMICG00000015715
ENSG00000264424,MYH4,ENSMICG00000010990
ENSG00000169925,BRD3,ENSMICG00000036713
ENSG00000134909,ARHGAP32,ENSMICG00000016761
ENSG00000125869,LAMP5,ENSMICG00000006609
ENSG00000082014,SMARCD3,ENSMICG00000004795
ENSG00000188820,CALHM6,ENSMICG00000032074
ENSG00000112494,UNC93A,ENSMICG00000004803
ENSG00000188803,SHISA6,ENSMICG00000033940
ENSG00000070501,POLB,ENSMICG00000006594
ENSG00000074842,MYDGF,ENSMICG00000015273
ENSG00000124214,STAU1,ENSMICG00000001995
ENSG00000134759,ELP2,ENSMICG00000029486
ENSG00000146112,PPP1R18,ENSMICG00000014846
ENSG00000203780,FANK1,ENSMICG00000006206
ENSG00000007174,DNAH9,ENSMICG00000016166
ENSG00000116014,KISS1R,ENSMICG00000010135
ENSG00000124564,SLC17A3,ENSMICG00000017257
ENSG00000011275,RNF216,ENSMICG00000010220
ENSG00000171840,NINJ2,ENSMICG00000032781
ENSG00000100644,HIF1A,ENSMICG00000002224
ENSG00000130244,FAM98C,ENSMICG00000004244
ENSG00000165264,NDUFB6,ENSMICG00000006600
ENSG00000123096,SSPN,ENSMICG00000029815
ENSG00000238297,U3,ENSMICG00000024025
ENSG00000070061,ELP1,ENSMICG00000002058
ENSG00000106080,FKBP14,ENSMICG00000036409
ENSG00000198855,FICD,ENSMICG00000043958
ENSG00000095777,MYO3A,ENSMICG00000006193
ENSG00000043039,BARX2,ENSMICG00000045477
ENSG00000241709,RN7SL265P,ENSMICG00000027803
ENSG00000123338,NCKAP1L,ENSMICG00000008453
ENSG00000175877,TMEM270,ENSMICG00000006456
ENSG00000150961,SEC24D,ENSMICG00000009419
ENSG00000174165,ZDHHC24,ENSMICG00000003775
ENSG00000168876,ANKRD49,ENSMICG00000013505
ENSG00000105122,RASAL3,ENSMICG00000032437
ENSG00000132286,TIMM10B,ENSMICG00000002107
ENSG00000104312,RIPK2,ENSMICG00000007408
ENSG00000169220,RGS14,ENSMICG00000046400
ENSG00000198851,CD3E,ENSMICG00000030404
ENSG00000164620,RELL2,ENSMICG00000017450
ENSG00000129596,CDO1,ENSMICG00000047296
ENSG00000137699,TRIM29,ENSMICG00000011088
ENSG00000104341,LAPTM4B,ENSMICG00000038044
ENSG00000167779,IGFBP6,ENSMICG00000041428
ENSG00000166278,C2,ENSMICG00000003602
ENSG00000278318,ZNF229,ENSMICG00000035509
ENSG00000053108,FSTL4,ENSMICG00000007423
ENSG00000185344,ATP6V0A2,ENSMICG00000006505
ENSG00000266297,MIR744,ENSMICG00000018770
ENSG00000062370,ZNF112,ENSMICG00000004974
ENSG00000207741,MIR590,ENSMICG00000031292
ENSG00000153976,HS3ST3A1,ENSMICG00000043912
ENSG00000146676,PURB,ENSMICG00000028242
ENSG00000284261,MIR4657,ENSMICG00000037838
ENSG00000196865,NHLRC2,ENSMICG00000016133
ENSG00000127951,FGL2,ENSMICG00000035877
ENSG00000125430,HS3ST3B1,ENSMICG00000047459
ENSG00000104427,ZC2HC1A,ENSMICG00000028311
ENSG00000186567,CEACAM19,ENSMICG00000043720
ENSG00000207169,RNU6-24P,ENSMICG00000047876
ENSG00000161544,CYGB,ENSMICG00000013429
ENSG00000131187,F12,ENSMICG00000001599
ENSG00000214140,PRCD,ENSMICG00000046674
ENSG00000171311,EXOSC1,ENSMICG00000007664
ENSG00000216588,IGSF23,ENSMICG00000044947
ENSG00000165125,TRPV6,ENSMICG00000007378
ENSG00000151883,PARP8,ENSMICG00000002481
ENSG00000078237,TIGAR,ENSMICG00000004871
ENSG00000105464,GRIN2D,ENSMICG00000008869
ENSG00000274091,SNORD1C,ENSMICG00000020302
ENSG00000199961,SNORD1B,ENSMICG00000021629
ENSG00000278261,SNORD1A,ENSMICG00000020594
ENSG00000212418,RNY4P36,ENSMICG00000044228
ENSG00000274051,,ENSMICG00000028639
ENSG00000198056,PRIM1,ENSMICG00000006060
ENSG00000200257,RNU6-97P,ENSMICG00000042998
ENSG00000105619,TFPT,ENSMICG00000036691
ENSG00000254535,PABPC4L,ENSMICG00000029683
ENSG00000089057,SLC23A2,ENSMICG00000014349
ENSG00000174780,SRP72,ENSMICG00000008507
ENSG00000118094,TREH,ENSMICG00000011491
ENSG00000161847,RAVER1,ENSMICG00000010326
ENSG00000275143,SCARNA16,ENSMICG00000024898
ENSG00000159763,PIP,ENSMICG00000007453
ENSG00000165131,LLCFC1,ENSMICG00000007407
ENSG00000170807,LMOD2,ENSMICG00000032173
ENSG00000111728,ST8SIA1,ENSMICG00000002516
ENSG00000130427,EPO,ENSMICG00000009402
ENSG00000105738,SIPA1L3,ENSMICG00000004406
ENSG00000167325,RRM1,ENSMICG00000015459
ENSG00000182180,MRPS16,ENSMICG00000042573
ENSG00000125409,TEKT3,ENSMICG00000001908
ENSG00000146839,ZAN,ENSMICG00000009407
ENSG00000170473,PYM1,ENSMICG00000032962
ENSG00000107443,CCNJ,ENSMICG00000037344
ENSG00000180263,FGD6,ENSMICG00000005866
ENSG00000100504,PYGL,ENSMICG00000013608
ENSG00000182601,HS3ST4,ENSMICG00000001588
ENSG00000005339,CREBBP,ENSMICG00000009148
ENSG00000185298,CCDC137,ENSMICG00000008641
ENSG00000071553,ATP6AP1,ENSMICG00000016405
ENSG00000148834,GSTO1,ENSMICG00000026906
ENSG00000186765,FSCN2,ENSMICG00000031762
ENSG00000104897,SF3A2,ENSMICG00000015443
ENSG00000138735,PDE5A,ENSMICG00000002964
ENSG00000132471,WBP2,ENSMICG00000007645
ENSG00000166987,MBD6,ENSMICG00000005436
ENSG00000107949,BCCIP,ENSMICG00000006191
ENSG00000180720,CHRM4,ENSMICG00000042428
ENSG00000118137,APOA1,ENSMICG00000002339
ENSG00000116329,OPRD1,ENSMICG00000003731
ENSG00000129680,MAP7D3,ENSMICG00000037426
ENSG00000167535,CACNB3,ENSMICG00000017540
ENSG00000128524,ATP6V1F,ENSMICG00000046492
ENSG00000147419,CCDC25,ENSMICG00000042632
ENSG00000122254,HS3ST2,ENSMICG00000047003
ENSG00000283683,MYOCOS,ENSMICG00000043315
ENSG00000272899,SPMIP1,ENSMICG00000041907
ENSG00000130254,SAFB2,ENSMICG00000008711
ENSG00000177535,OR2B11,ENSMICG00000047849
ENSG00000130720,FIBCD1,ENSMICG00000031437
ENSG00000161055,SCGB3A1,ENSMICG00000001211
ENSG00000170419,VSTM2A,ENSMICG00000010996
ENSG00000169032,MAP2K1,ENSMICG00000004393
ENSG00000138182,KIF20B,ENSMICG00000013804
ENSG00000113361,CDH6,ENSMICG00000002235
ENSG00000142224,IL19,ENSMICG00000008359
ENSG00000149328,GLB1L2,ENSMICG00000010540
ENSG00000147854,UHRF2,ENSMICG00000036338
ENSG00000127804,METTL16,ENSMICG00000013015
ENSG00000158525,CPA5,ENSMICG00000006108
ENSG00000156968,MPV17L,ENSMICG00000037358
ENSG00000152684,PELO,ENSMICG00000044040
ENSG00000081277,PKP1,ENSMICG00000034402
ENSG00000138750,NUP54,ENSMICG00000000932
ENSG00000152611,CAPSL,ENSMICG00000042256
ENSG00000122299,ZC3H7A,ENSMICG00000026523
ENSG00000128191,DGCR8,ENSMICG00000030145
ENSG00000101247,NDUFAF5,ENSMICG00000011449
ENSG00000136450,SRSF1,ENSMICG00000013639
ENSG00000138658,ZGRF1,ENSMICG00000015802
ENSG00000082196,C1QTNF3,ENSMICG00000037848
ENSG00000105193,RPS16,ENSMICG00000006110
ENSG00000121053,EPX,ENSMICG00000015941
ENSG00000214753,HNRNPUL2,ENSMICG00000009943
ENSG00000172497,ACOT12,ENSMICG00000047986
ENSG00000123130,ACOT9,ENSMICG00000003532
ENSG00000167716,WDR81,ENSMICG00000000167
ENSG00000198060,MARCHF5,ENSMICG00000017843
ENSG00000242574,HLA-DMB,ENSMICG00000043729
ENSG00000086159,AQP6,ENSMICG00000038503
ENSG00000243335,KCTD7,ENSMICG00000028794
ENSG00000107833,NPM3,ENSMICG00000044119
ENSG00000197901,SLC22A6,ENSMICG00000026456
ENSG00000087245,MMP2,ENSMICG00000003792
ENSG00000156735,BAG4,ENSMICG00000046026
ENSG00000174307,PHLDA3,ENSMICG00000043447
ENSG00000139117,CPNE8,ENSMICG00000017464
ENSG00000200942,RNU6-501P,ENSMICG00000045576
ENSG00000024862,CCDC28A,ENSMICG00000008963
ENSG00000101190,TCFL5,ENSMICG00000030702
ENSG00000170458,CD14,ENSMICG00000037582
ENSG00000148291,SURF2,ENSMICG00000007604
ENSG00000014164,ZC3H3,ENSMICG00000001100
ENSG00000168016,TRANK1,ENSMICG00000048569
ENSG00000207597,MIR490,ENSMICG00000018312
ENSG00000146858,ZC3HAV1L,ENSMICG00000037636
ENSG00000146063,TRIM41,ENSMICG00000032858
ENSG00000184599,TAFA3,ENSMICG00000003208
ENSG00000070413,DGCR2,ENSMICG00000011635
ENSG00000170471,RALGAPB,ENSMICG00000013190
ENSG00000173581,CCDC106,ENSMICG00000030139
ENSG00000140575,IQGAP1,ENSMICG00000006970
ENSG00000173868,PHOSPHO1,ENSMICG00000032861
ENSG00000138175,ARL3,ENSMICG00000012249
ENSG00000183807,FAM162B,ENSMICG00000032976
ENSG00000189056,RELN,ENSMICG00000008402
ENSG00000225921,NOL7,ENSMICG00000044935
ENSG00000221673,U3,ENSMICG00000029116
ENSG00000207624,MIR194-1,ENSMICG00000038259
ENSG00000222370,SNORA36B,ENSMICG00000044015
ENSG00000182896,TMEM95,ENSMICG00000012536
ENSG00000172172,MRPL13,ENSMICG00000014630
ENSG00000206645,Y_RNA,ENSMICG00000041670
ENSG00000237765,FAM200B,ENSMICG00000033275
ENSG00000164691,TAGAP,ENSMICG00000031485
ENSG00000082515,MRPL22,ENSMICG00000029267
ENSG00000168539,CHRM1,ENSMICG00000047391
ENSG00000238578,SNORD4A,ENSMICG00000019883
ENSG00000179934,CCR8,ENSMICG00000049430
ENSG00000238649,SNORD42A,ENSMICG00000021495
ENSG00000238597,SNORD4B,ENSMICG00000025535
ENSG00000160606,TLCD1,ENSMICG00000005325
ENSG00000169439,SDC2,ENSMICG00000011766
ENSG00000095319,NUP188,ENSMICG00000005848
ENSG00000202388,Y_RNA,ENSMICG00000047031
ENSG00000134539,KLRD1,ENSMICG00000032546
ENSG00000127603,MACF1,ENSMICG00000016523
ENSG00000076662,ICAM3,ENSMICG00000010335
ENSG00000133812,SBF2,ENSMICG00000004375
ENSG00000172986,GXYLT2,ENSMICG00000036477
ENSG00000164182,NDUFAF2,ENSMICG00000017710
ENSG00000186919,ZACN,ENSMICG00000007743
ENSG00000173175,ADCY5,ENSMICG00000049169
ENSG00000157869,RAB28,ENSMICG00000030335
ENSG00000102970,CCL17,ENSMICG00000046408
ENSG00000105185,PDCD5,ENSMICG00000000417
ENSG00000120137,PANK3,ENSMICG00000028235
ENSG00000182687,GALR2,ENSMICG00000038284
ENSG00000252212,RNU2-58P,ENSMICG00000023270
ENSG00000207996,MIR301A,ENSMICG00000019239
ENSG00000082074,FYB1,ENSMICG00000030963
ENSG00000111713,GYS2,ENSMICG00000017175
ENSG00000171724,VAT1L,ENSMICG00000009243
ENSG00000147654,EBAG9,ENSMICG00000013014
ENSG00000178573,MAF,ENSMICG00000043372
ENSG00000207235,Y_RNA,ENSMICG00000044789
ENSG00000185924,RTN4RL1,ENSMICG00000012885
ENSG00000108963,DPH1,ENSMICG00000012888
ENSG00000213886,UBD,ENSMICG00000035072
ENSG00000196684,HSH2D,ENSMICG00000045419
ENSG00000137265,IRF4,ENSMICG00000037072
ENSG00000038002,AGA,ENSMICG00000009153
ENSG00000176692,FOXC2,ENSMICG00000027960
ENSG00000205078,SYCE1L,ENSMICG00000028524
ENSG00000103111,MON1B,ENSMICG00000009221
ENSG00000075539,FRYL,ENSMICG00000026961
ENSG00000198721,ECI2,ENSMICG00000007925
ENSG00000105171,POP4,ENSMICG00000035730
ENSG00000165682,CLEC1B,ENSMICG00000045353
ENSG00000128617,OPN1SW,ENSMICG00000045275
ENSG00000262664,OVCA2,ENSMICG00000047371
ENSG00000179941,BBS10,ENSMICG00000042947
ENSG00000184939,ZFP90,ENSMICG00000042833
ENSG00000267200,MIR132,ENSMICG00000029073
ENSG00000267195,MIR212,ENSMICG00000018253
ENSG00000145708,CRHBP,ENSMICG00000034984
ENSG00000151490,PTPRO,ENSMICG00000001958
ENSG00000077264,PAK3,ENSMICG00000016556
ENSG00000284564,MIR3064,ENSMICG00000028551
ENSG00000142534,RPS11,ENSMICG00000028139
ENSG00000171316,CHD7,ENSMICG00000002430
ENSG00000141748,ARL5C,ENSMICG00000002661
ENSG00000202023,SNORD81,ENSMICG00000022226
ENSG00000106682,EIF4H,ENSMICG00000010204
ENSG00000223217,RNU6-938P,ENSMICG00000020375
ENSG00000137745,MMP13,ENSMICG00000006323
ENSG00000145692,BHMT,ENSMICG00000005487
ENSG00000202100,Y_RNA,ENSMICG00000043607
ENSG00000181222,POLR2A,ENSMICG00000013372
ENSG00000169126,ODAD2,ENSMICG00000002962
ENSG00000167741,GGT6,ENSMICG00000029659
ENSG00000140948,ZCCHC14,ENSMICG00000034441
ENSG00000161905,ALOX15,ENSMICG00000046805
ENSG00000240720,LRRD1,ENSMICG00000037045
ENSG00000146776,ATXN7L1,ENSMICG00000010963
ENSG00000129167,TPH1,ENSMICG00000005586
ENSG00000038274,MAT2B,ENSMICG00000005155
ENSG00000168476,REEP4,ENSMICG00000001013
ENSG00000130255,RPL36,ENSMICG00000035474
ENSG00000182853,VMO1,ENSMICG00000000158
ENSG00000134569,LRP4,ENSMICG00000006982
ENSG00000166143,PPP1R14D,ENSMICG00000032223
ENSG00000182327,GLTPD2,ENSMICG00000000159
ENSG00000108556,CHRNE,ENSMICG00000012492
ENSG00000243789,JMJD7,ENSMICG00000042770
ENSG00000055609,KMT2C,ENSMICG00000001060
ENSG00000158480,SPATA2,ENSMICG00000029981
ENSG00000006210,CX3CL1,ENSMICG00000033647
ENSG00000108786,HSD17B1,ENSMICG00000045470
ENSG00000100490,CDKL1,ENSMICG00000027499
ENSG00000101464,PIGU,ENSMICG00000003257
ENSG00000140836,ZFHX3,ENSMICG00000003537
ENSG00000167680,SEMA6B,ENSMICG00000033330
ENSG00000068120,COASY,ENSMICG00000010251
ENSG00000164096,ARLN,ENSMICG00000047377
ENSG00000184277,TM2D3,ENSMICG00000013029
ENSG00000063978,RNF4,ENSMICG00000041515
ENSG00000186468,RPS23,ENSMICG00000034642
ENSG00000109846,CRYAB,ENSMICG00000030367
ENSG00000140873,ADAMTS18,ENSMICG00000009225
ENSG00000213983,AP1G2,ENSMICG00000010146
ENSG00000070193,FGF10,ENSMICG00000034543
ENSG00000131470,PSMC3IP,ENSMICG00000010266
ENSG00000172201,ID4,ENSMICG00000037633
ENSG00000175449,RFESD,ENSMICG00000006732
ENSG00000163424,TEX55,ENSMICG00000049260
ENSG00000095787,WAC,ENSMICG00000001997
ENSG00000204673,AKT1S1,ENSMICG00000044841
ENSG00000124568,SLC17A1,ENSMICG00000006247
ENSG00000140319,SRP14,ENSMICG00000007637
ENSG00000103241,FOXF1,ENSMICG00000034429
ENSG00000239282,CASTOR1,ENSMICG00000046602
ENSG00000275342,PRAG1,ENSMICG00000012957
ENSG00000176928,GCNT4,ENSMICG00000014409
ENSG00000147687,TATDN1,ENSMICG00000017480
ENSG00000133800,LYVE1,ENSMICG00000008609
ENSG00000145808,ADAMTS19,ENSMICG00000009660
ENSG00000166426,CRABP1,ENSMICG00000008816
ENSG00000207167,RNU6-1340P,ENSMICG00000043894
ENSG00000213937,CLDN9,ENSMICG00000001877
ENSG00000252561,RNU1-125P,ENSMICG00000018189
ENSG00000200204,RNU1-22P,ENSMICG00000024676
ENSG00000130182,ZSCAN10,ENSMICG00000009083
ENSG00000087842,PIR,ENSMICG00000003180
ENSG00000140451,PIF1,ENSMICG00000007373
ENSG00000170448,NFXL1,ENSMICG00000008116
ENSG00000180210,F2,ENSMICG00000006934
ENSG00000089558,KCNH4,ENSMICG00000047175
ENSG00000215131,C16orf90,ENSMICG00000046465
ENSG00000161610,HCRT,ENSMICG00000011976
ENSG00000252971,RNU6-1057P,ENSMICG00000026138
ENSG00000184544,DHRS7C,ENSMICG00000007907
ENSG00000164284,GRPEL2,ENSMICG00000042083
ENSG00000108684,ASIC2,ENSMICG00000035781
ENSG00000206755,SNORA30,ENSMICG00000041659
ENSG00000281991,TMEM265,ENSMICG00000026354
ENSG00000113719,ERGIC1,ENSMICG00000011306
ENSG00000175938,ORAI3,ENSMICG00000001572
ENSG00000064545,TMEM161A,ENSMICG00000034501
ENSG00000103510,KAT8,ENSMICG00000001625
ENSG00000137135,ARHGEF39,ENSMICG00000002505
ENSG00000184361,SPATA32,ENSMICG00000027582
ENSG00000167916,KRT24,ENSMICG00000009839
ENSG00000100345,MYH9,ENSMICG00000015737
ENSG00000204897,KRT25,ENSMICG00000027114
ENSG00000171446,KRT27,ENSMICG00000009856
ENSG00000112697,TMEM30A,ENSMICG00000015757
ENSG00000146678,IGFBP1,ENSMICG00000029987
ENSG00000173908,KRT28,ENSMICG00000009865
ENSG00000160447,PKN3,ENSMICG00000017644
ENSG00000068400,GRIPAP1,ENSMICG00000034554
ENSG00000186395,KRT10,ENSMICG00000032358
ENSG00000103490,PYCARD,ENSMICG00000030962
ENSG00000176018,LYSMD3,ENSMICG00000029640
ENSG00000187242,KRT12,ENSMICG00000009875
ENSG00000103310,ZP2,ENSMICG00000015048
ENSG00000108244,KRT23,ENSMICG00000009894
ENSG00000205085,GARIN1A,ENSMICG00000000114
ENSG00000091010,POU4F3,ENSMICG00000042032
ENSG00000177556,ATOX1,ENSMICG00000009954
ENSG00000187416,LHFPL3,ENSMICG00000009078
ENSG00000175311,ANKS4B,ENSMICG00000035570
ENSG00000243352,RN7SL8P,ENSMICG00000029648
ENSG00000145782,ATG12,ENSMICG00000009010
ENSG00000254469,XNDC1N,ENSMICG00000014788
ENSG00000135437,RDH5,ENSMICG00000043819
ENSG00000212189,RNU6-328P,ENSMICG00000045604
ENSG00000102891,MT4,ENSMICG00000044891
ENSG00000157613,CREB3L1,ENSMICG00000006853
ENSG00000133874,RNF122,ENSMICG00000013127
ENSG00000221938,OR2A14,ENSMICG00000045128
ENSG00000111011,RSRC2,ENSMICG00000013509
ENSG00000007314,SCN4A,ENSMICG00000010028
ENSG00000137204,SLC22A7,ENSMICG00000008384
ENSG00000184863,RBM33,ENSMICG00000037987
ENSG00000090932,DLL3,ENSMICG00000011466
ENSG00000207248,RNU6-1005P,ENSMICG00000042134
ENSG00000078295,ADCY2,ENSMICG00000002952
ENSG00000188322,SBK1,ENSMICG00000044977
ENSG00000165699,TSC1,ENSMICG00000010639
ENSG00000224383,PRR29,ENSMICG00000028288
ENSG00000185728,YTHDF3,ENSMICG00000009379
ENSG00000063244,U2AF2,ENSMICG00000027681
ENSG00000197272,IL27,ENSMICG00000047582
ENSG00000170788,DYDC1,ENSMICG00000047425
ENSG00000178607,ERN1,ENSMICG00000010050
ENSG00000164690,SHH,ENSMICG00000027721
ENSG00000177455,CD19,ENSMICG00000045114
ENSG00000183060,LYSMD4,ENSMICG00000033077
ENSG00000038219,BOD1L1,ENSMICG00000031531
ENSG00000130675,MNX1,ENSMICG00000028566
ENSG00000199753,SNORD104,ENSMICG00000022664
ENSG00000277887,SNORA50C,ENSMICG00000046118
ENSG00000161664,ASB16,ENSMICG00000043154
ENSG00000106633,GCK,ENSMICG00000013503
ENSG00000138161,CUZD1,ENSMICG00000044009
ENSG00000131931,THAP1,ENSMICG00000041721
ENSG00000074410,CA12,ENSMICG00000007123
ENSG00000110245,APOC3,ENSMICG00000047019
ENSG00000183979,NPB,ENSMICG00000017408
ENSG00000184451,CCR10,ENSMICG00000010311
ENSG00000160973,FOXH1,ENSMICG00000037745
ENSG00000135426,TESPA1,ENSMICG00000038700
ENSG00000108797,CNTNAP1,ENSMICG00000010313
ENSG00000176171,BNIP3,ENSMICG00000029152
ENSG00000146352,CLVS2,ENSMICG00000036266
ENSG00000147548,NSD3,ENSMICG00000009144
ENSG00000169682,SPNS1,ENSMICG00000000677
ENSG00000111860,CEP85L,ENSMICG00000014569
ENSG00000196305,IARS1,ENSMICG00000014286
ENSG00000169740,ZNF32,ENSMICG00000043257
ENSG00000129455,KLK8,ENSMICG00000041919
ENSG00000167695,TLCD3A,ENSMICG00000009347
ENSG00000138166,DUSP5,ENSMICG00000042872
ENSG00000109270,LAMTOR3,ENSMICG00000029537
ENSG00000179409,GEMIN4,ENSMICG00000033667
ENSG00000184381,PLA2G6,ENSMICG00000011552
ENSG00000239468,RN7SL569P,ENSMICG00000032950
ENSG00000250719,P3R3URF,ENSMICG00000044954
ENSG00000171357,LURAP1,ENSMICG00000045681
ENSG00000107937,GTPBP4,ENSMICG00000013332
ENSG00000203685,STUM,ENSMICG00000042487
ENSG00000284844,TOMT,ENSMICG00000010445
ENSG00000121690,DEPDC7,ENSMICG00000004770
ENSG00000109654,TRIM2,ENSMICG00000005722
ENSG00000253084,RNU6-840P,ENSMICG00000025750
ENSG00000073598,FNDC8,ENSMICG00000044023
ENSG00000164631,ZNF12,ENSMICG00000008171
ENSG00000175387,SMAD2,ENSMICG00000007882
ENSG00000118520,ARG1,ENSMICG00000005535
ENSG00000137815,RTF1,ENSMICG00000016852
ENSG00000162413,KLHL21,ENSMICG00000045684
ENSG00000174684,B4GAT1,ENSMICG00000015298
ENSG00000158104,HPD,ENSMICG00000013416
ENSG00000141252,VPS53,ENSMICG00000009328
ENSG00000255561,FDXACB1,ENSMICG00000045510
ENSG00000160472,TMEM190,ENSMICG00000047668
ENSG00000222636,RN7SKP54,ENSMICG00000023758
ENSG00000066336,SPI1,ENSMICG00000007120
ENSG00000105991,HOXA1,ENSMICG00000041792
ENSG00000180357,ZNF609,ENSMICG00000031327
ENSG00000278129,ZNF8,ENSMICG00000030212
ENSG00000105996,HOXA2,ENSMICG00000047950
ENSG00000106004,HOXA5,ENSMICG00000046770
ENSG00000168070,MAJIN,ENSMICG00000001268
ENSG00000122592,HOXA7,ENSMICG00000028330
ENSG00000252449,RNU6-139P,ENSMICG00000043884
ENSG00000176490,DIRAS1,ENSMICG00000013418
ENSG00000078399,HOXA9,ENSMICG00000045382
ENSG00000140374,ETFA,ENSMICG00000000961
ENSG00000185008,ROBO2,ENSMICG00000010408
ENSG00000283745,MIR196B,ENSMICG00000019195
ENSG00000184232,OAF,ENSMICG00000011133
ENSG00000005073,HOXA11,ENSMICG00000033824
ENSG00000178982,EIF3K,ENSMICG00000016490
ENSG00000273961,,ENSMICG00000029099
ENSG00000106031,HOXA13,ENSMICG00000043155
ENSG00000095110,NXPE1,ENSMICG00000014692
ENSG00000106038,EVX1,ENSMICG00000031887
ENSG00000077800,FKBP6,ENSMICG00000026618
ENSG00000157111,TMEM171,ENSMICG00000009140
ENSG00000145247,OCIAD2,ENSMICG00000006147
ENSG00000102886,GDPD3,ENSMICG00000009150
ENSG00000166016,ABTB2,ENSMICG00000003665
ENSG00000131013,PPIL4,ENSMICG00000006287
ENSG00000072786,STK10,ENSMICG00000004517
ENSG00000118514,ALDH8A1,ENSMICG00000001527
ENSG00000180269,GPR139,ENSMICG00000042554
ENSG00000110169,HPX,ENSMICG00000046239
ENSG00000274070,CASTOR2,ENSMICG00000015328
ENSG00000225614,ZNF469,ENSMICG00000047893
ENSG00000205268,PDE7A,ENSMICG00000012802
ENSG00000155719,OTOA,ENSMICG00000016045
ENSG00000188763,FZD9,ENSMICG00000038202
ENSG00000004846,ABCB5,ENSMICG00000013242
ENSG00000274750,H3C6,ENSMICG00000042791
ENSG00000122882,ECD,ENSMICG00000013871
ENSG00000226979,LTA,ENSMICG00000036584
ENSG00000163440,PDCL2,ENSMICG00000004180
ENSG00000111875,ASF1A,ENSMICG00000048055
ENSG00000197894,ADH5,ENSMICG00000006116
ENSG00000119698,PPP4R4,ENSMICG00000009139
ENSG00000112514,CUTA,ENSMICG00000005673
ENSG00000169131,ZNF354A,ENSMICG00000006390
ENSG00000211454,AKR7L,ENSMICG00000004025
ENSG00000175691,ZNF77,ENSMICG00000044639
ENSG00000240490,RN7SL277P,ENSMICG00000037685
ENSG00000128346,C22orf23,ENSMICG00000013123
ENSG00000116731,PRDM2,ENSMICG00000017803
ENSG00000105131,EPHX3,ENSMICG00000014256
ENSG00000197451,HNRNPAB,ENSMICG00000027030
ENSG00000184220,CMSS1,ENSMICG00000048977
ENSG00000149596,JPH2,ENSMICG00000008215
ENSG00000175643,RMI2,ENSMICG00000041716
ENSG00000032219,ARID4A,ENSMICG00000011761
ENSG00000182095,TNRC18,ENSMICG00000028455
ENSG00000185022,MAFF,ENSMICG00000028915
ENSG00000178279,TNP2,ENSMICG00000004815
ENSG00000168386,FILIP1L,ENSMICG00000049406
ENSG00000147535,PLPP5,ENSMICG00000042115
ENSG00000122304,PRM2,ENSMICG00000034528
ENSG00000112818,MEP1A,ENSMICG00000017757
ENSG00000175646,PRM1,ENSMICG00000042651
ENSG00000186806,VSIG10L,ENSMICG00000030990
ENSG00000169314,C22orf15,ENSMICG00000000746
ENSG00000124222,STX16,ENSMICG00000035104
ENSG00000172007,RAB33B,ENSMICG00000034809
ENSG00000167601,AXL,ENSMICG00000011258
ENSG00000148600,CDHR1,ENSMICG00000011634
ENSG00000223496,EXOSC6,ENSMICG00000027202
ENSG00000154917,RAB6B,ENSMICG00000049590
ENSG00000157404,KIT,ENSMICG00000000829
ENSG00000221514,SNORD111B,ENSMICG00000022283
ENSG00000221066,SNORD111,ENSMICG00000022873
ENSG00000198792,TMEM184B,ENSMICG00000038265
ENSG00000106304,SPAM1,ENSMICG00000037909
ENSG00000034713,GABARAPL2,ENSMICG00000037412
ENSG00000146281,PM20D2,ENSMICG00000029652
ENSG00000184661,CDCA2,ENSMICG00000031889
ENSG00000282757,DUXB,ENSMICG00000042018
ENSG00000240199,RN7SL520P,ENSMICG00000033098
ENSG00000146282,RARS2,ENSMICG00000003097
ENSG00000114349,GNAT1,ENSMICG00000047220
ENSG00000148942,SLC5A12,ENSMICG00000035252
ENSG00000064652,SNX24,ENSMICG00000044497
ENSG00000130656,HBZ,ENSMICG00000035959
ENSG00000206177,HBM,ENSMICG00000010378
ENSG00000148331,ASB6,ENSMICG00000007596
ENSG00000086506,HBQ1,ENSMICG00000042300
ENSG00000167780,SOAT2,ENSMICG00000014163
ENSG00000182810,DDX28,ENSMICG00000012346
ENSG00000164600,NEUROD6,ENSMICG00000012974
ENSG00000242616,GNG10,ENSMICG00000044693
ENSG00000072736,NFATC3,ENSMICG00000011371
ENSG00000164808,SPIDR,ENSMICG00000015552
ENSG00000109956,B3GAT1,ENSMICG00000032749
ENSG00000204711,CFAP95,ENSMICG00000033544
ENSG00000132911,NMUR2,ENSMICG00000026644
ENSG00000157379,DHRS1,ENSMICG00000001760
ENSG00000168228,ZCCHC4,ENSMICG00000017179
ENSG00000009954,BAZ1B,ENSMICG00000037443
ENSG00000204640,NMS,ENSMICG00000000057
ENSG00000241839,PLEKHO2,ENSMICG00000047618
ENSG00000186660,ZFP91,ENSMICG00000033772
ENSG00000100359,SGSM3,ENSMICG00000005645
ENSG00000136720,HS6ST1,ENSMICG00000044622
ENSG00000152034,MCHR2,ENSMICG00000047626
ENSG00000187605,TET3,ENSMICG00000011291
ENSG00000101782,RIOK3,ENSMICG00000009293
ENSG00000036828,CASR,ENSMICG00000049579
ENSG00000095970,TREM2,ENSMICG00000009719
ENSG00000132823,OSER1,ENSMICG00000036505
ENSG00000252713,RNU6-1198P,ENSMICG00000035353
ENSG00000169918,OTUD7A,ENSMICG00000012656
ENSG00000011332,DPF1,ENSMICG00000035262
ENSG00000096654,ZNF184,ENSMICG00000008458
ENSG00000169020,ATP5ME,ENSMICG00000046376
ENSG00000135587,SMPD2,ENSMICG00000014442
ENSG00000166797,CIAO2A,ENSMICG00000036936
ENSG00000201643,SNORA14A,ENSMICG00000021450
ENSG00000101407,TTI1,ENSMICG00000000894
ENSG00000130717,UCK1,ENSMICG00000004903
ENSG00000100575,TIMM9,ENSMICG00000033693
ENSG00000183801,OLFML1,ENSMICG00000030824
ENSG00000112337,SLC17A2,ENSMICG00000017259
ENSG00000164105,SAP30,ENSMICG00000028650
ENSG00000158683,PKD1L1,ENSMICG00000046628
ENSG00000178562,CD28,ENSMICG00000044645
ENSG00000078140,UBE2K,ENSMICG00000030797
ENSG00000175455,CCDC14,ENSMICG00000048984
ENSG00000166961,MS4A15,ENSMICG00000011201
ENSG00000187446,CHP1,ENSMICG00000014362
ENSG00000154252,GAL3ST2,ENSMICG00000016500
ENSG00000132563,REEP2,ENSMICG00000012980
ENSG00000197122,SRC,ENSMICG00000005684
ENSG00000139344,AMDHD1,ENSMICG00000012168
ENSG00000084092,NOA1,ENSMICG00000015150
ENSG00000104093,DMXL2,ENSMICG00000010807
ENSG00000166171,DPCD,ENSMICG00000007381
ENSG00000164114,MAP9,ENSMICG00000034534
ENSG00000165478,HEPACAM,ENSMICG00000032042
ENSG00000166183,ASPG,ENSMICG00000013859
ENSG00000135083,CCNJL,ENSMICG00000044518
ENSG00000132259,CNGA4,ENSMICG00000044379
ENSG00000206538,VGLL3,ENSMICG00000043885
ENSG00000149577,SIDT2,ENSMICG00000002357
ENSG00000146038,DCDC2,ENSMICG00000016786
ENSG00000141425,RPRD1A,ENSMICG00000011609
ENSG00000164651,SP8,ENSMICG00000037978
ENSG00000121594,CD80,ENSMICG00000049031
ENSG00000092421,SEMA6A,ENSMICG00000001450
ENSG00000128512,DOCK4,ENSMICG00000014052
ENSG00000204301,NOTCH4,ENSMICG00000001835
ENSG00000101189,MRGBP,ENSMICG00000048156
ENSG00000093217,XYLB,ENSMICG00000049532
ENSG00000125875,TBC1D20,ENSMICG00000043422
ENSG00000150867,PIP4K2A,ENSMICG00000003964
ENSG00000185900,POMK,ENSMICG00000046380
ENSG00000081923,ATP8B1,ENSMICG00000003084
ENSG00000205208,C4orf46,ENSMICG00000033833
ENSG00000196526,AFAP1,ENSMICG00000005712
ENSG00000151746,BICD1,ENSMICG00000014915
ENSG00000172167,MTBP,ENSMICG00000014639
ENSG00000095564,BTAF1,ENSMICG00000017841
ENSG00000172493,AFF1,ENSMICG00000028855
ENSG00000112282,MED23,ENSMICG00000002926
ENSG00000110243,APOA5,ENSMICG00000046852
ENSG00000147570,DNAJC5B,ENSMICG00000043410
ENSG00000110934,BIN2,ENSMICG00000003519
ENSG00000101216,GMEB2,ENSMICG00000043724
ENSG00000177042,TMEM80,ENSMICG00000001608
ENSG00000119522,DENND1A,ENSMICG00000000554
ENSG00000132275,RRP8,ENSMICG00000038472
ENSG00000088827,SIGLEC1,ENSMICG00000002526
ENSG00000125755,SYMPK,ENSMICG00000001871
ENSG00000166323,C11orf65,ENSMICG00000003461
ENSG00000109381,ELF2,ENSMICG00000005810
ENSG00000170558,CDH2,ENSMICG00000000847
ENSG00000186860,KRTAP17-1,ENSMICG00000007013
ENSG00000176371,ZSCAN2,ENSMICG00000038660
ENSG00000125826,RBCK1,ENSMICG00000013495
ENSG00000153006,SREK1IP1,ENSMICG00000037409
ENSG00000198408,OGA,ENSMICG00000011745
ENSG00000101843,PSMD10,ENSMICG00000033725
ENSG00000149021,SCGB1A1,ENSMICG00000041999
ENSG00000164366,CCDC127,ENSMICG00000008417
ENSG00000014138,POLA2,ENSMICG00000008635
ENSG00000145536,ADAMTS16,ENSMICG00000010718
ENSG00000188229,TUBB4B,ENSMICG00000031249
ENSG00000010610,CD4,ENSMICG00000027649
ENSG00000141337,ARSG,ENSMICG00000017117
ENSG00000114771,AADAC,ENSMICG00000049479
ENSG00000157483,MYO1E,ENSMICG00000011619
ENSG00000188566,NDOR1,ENSMICG00000006082
ENSG00000165359,INTS6L,ENSMICG00000014196
ENSG00000162641,AKNAD1,ENSMICG00000008391
ENSG00000164663,USP49,ENSMICG00000033911
ENSG00000112486,CCR6,ENSMICG00000028385
ENSG00000175182,FAM131A,ENSMICG00000049438
ENSG00000179859,RNF227,ENSMICG00000030993
ENSG00000156886,ITGAD,ENSMICG00000006037
ENSG00000255713,OR4D2,ENSMICG00000004822
ENSG00000197226,TBC1D9B,ENSMICG00000036875
ENSG00000130363,RSPH3,ENSMICG00000047073
ENSG00000176108,CHMP6,ENSMICG00000011074
ENSG00000080546,SESN1,ENSMICG00000038030
ENSG00000164163,ABCE1,ENSMICG00000015343
ENSG00000175104,TRAF6,ENSMICG00000008604
ENSG00000184588,PDE4B,ENSMICG00000008570
ENSG00000184811,TRARG1,ENSMICG00000028858
ENSG00000036672,USP2,ENSMICG00000006049
ENSG00000073464,CLCN4,ENSMICG00000002480
ENSG00000121060,TRIM25,ENSMICG00000000659
ENSG00000149925,ALDOA,ENSMICG00000009122
ENSG00000114200,BCHE,ENSMICG00000049075
ENSG00000118508,RAB32,ENSMICG00000007163
ENSG00000120805,ARL1,ENSMICG00000015801
ENSG00000112299,VNN1,ENSMICG00000005229
ENSG00000050393,MCUR1,ENSMICG00000030048
ENSG00000141579,ZNF750,ENSMICG00000004772
ENSG00000172939,OXSR1,ENSMICG00000049561
ENSG00000184986,TMEM121,ENSMICG00000032245
ENSG00000134758,RNF138,ENSMICG00000004459
ENSG00000176845,METRNL,ENSMICG00000047994
ENSG00000155465,SLC7A7,ENSMICG00000036164
ENSG00000139178,C1RL,ENSMICG00000033633
ENSG00000110442,COMMD9,ENSMICG00000008594
ENSG00000183826,BTBD9,ENSMICG00000017237
ENSG00000146555,SDK1,ENSMICG00000010289
ENSG00000172421,EFCAB3,ENSMICG00000007098
ENSG00000104738,MCM4,ENSMICG00000015638
ENSG00000175213,ZNF408,ENSMICG00000045320
ENSG00000169885,CALML6,ENSMICG00000037642
ENSG00000132872,SYT4,ENSMICG00000027289
ENSG00000166311,SMPD1,ENSMICG00000002085
ENSG00000116455,WDR77,ENSMICG00000011979
ENSG00000112394,SLC16A10,ENSMICG00000030833
ENSG00000141447,OSBPL1A,ENSMICG00000014621
ENSG00000135423,GLS2,ENSMICG00000010158
ENSG00000118507,AKAP7,ENSMICG00000015262
ENSG00000011028,MRC2,ENSMICG00000013679
ENSG00000100330,MTMR3,ENSMICG00000016994
ENSG00000106003,LFNG,ENSMICG00000000453
ENSG00000148153,INIP,ENSMICG00000043355
ENSG00000282608,ADORA3,ENSMICG00000031902
ENSG00000131378,RFTN1,ENSMICG00000049449
ENSG00000204060,FOXO6,ENSMICG00000032013
ENSG00000196284,SUPT3H,ENSMICG00000012239
ENSG00000088876,ZNF343,ENSMICG00000016529
ENSG00000153936,HS2ST1,ENSMICG00000006302
ENSG00000117971,CHRNB4,ENSMICG00000005789
ENSG00000188523,CFAP77,ENSMICG00000010567
ENSG00000010404,IDS,ENSMICG00000002745
ENSG00000204472,AIF1,ENSMICG00000042185
ENSG00000164744,SUN3,ENSMICG00000006337
ENSG00000174903,RAB1B,ENSMICG00000029171
ENSG00000165684,SNAPC4,ENSMICG00000005804
ENSG00000004939,SLC4A1,ENSMICG00000008130
ENSG00000167196,FBXO22,ENSMICG00000014874
ENSG00000162040,HS3ST6,ENSMICG00000011342
ENSG00000181218,H2AC25,ENSMICG00000044054
ENSG00000153060,TEKT5,ENSMICG00000004054
ENSG00000107554,DNMBP,ENSMICG00000006721
ENSG00000137968,SLC44A5,ENSMICG00000012206
ENSG00000086102,NFX1,ENSMICG00000012124
ENSG00000124813,RUNX2,ENSMICG00000012251
ENSG00000196914,ARHGEF12,ENSMICG00000011152
ENSG00000182108,DEXI,ENSMICG00000046333
ENSG00000083896,YTHDC1,ENSMICG00000034640
ENSG00000253276,CCDC71L,ENSMICG00000045262
ENSG00000196683,TOMM7,ENSMICG00000006709
ENSG00000103356,EARS2,ENSMICG00000007745
ENSG00000042062,RIPOR3,ENSMICG00000017704
ENSG00000253293,HOXA10,ENSMICG00000027113
ENSG00000074621,SLC24A1,ENSMICG00000003996
ENSG00000261115,TMEM178B,ENSMICG00000027101
ENSG00000105877,DNAH11,ENSMICG00000008480
ENSG00000225828,FAM229A,ENSMICG00000041437
ENSG00000036530,CYP46A1,ENSMICG00000015128
ENSG00000101331,CCM2L,ENSMICG00000015901
ENSG00000163900,TMEM41A,ENSMICG00000049227
ENSG00000095587,TLL2,ENSMICG00000044745
ENSG00000283324,CTXND2,ENSMICG00000044474
ENSG00000086619,ERO1B,ENSMICG00000002613
ENSG00000162068,NTN3,ENSMICG00000044240
ENSG00000114744,COMMD2,ENSMICG00000049525
ENSG00000284565,MIR451A,ENSMICG00000018643
ENSG00000283819,MIR144,ENSMICG00000018360
ENSG00000026559,KCNG1,ENSMICG00000032333
ENSG00000182040,USH1G,ENSMICG00000033341
ENSG00000283736,MIR484,ENSMICG00000017947
ENSG00000184166,OR1D2,ENSMICG00000016296
ENSG00000200084,SNORD68,ENSMICG00000042993
ENSG00000146233,CYP39A1,ENSMICG00000017753
ENSG00000150281,CTF1,ENSMICG00000043231
ENSG00000155714,PDZD9,ENSMICG00000046267
ENSG00000141255,SPATA22,ENSMICG00000015662
ENSG00000140807,NKD1,ENSMICG00000031027
ENSG00000203786,KPRP,ENSMICG00000016842
ENSG00000135824,RGS8,ENSMICG00000031856
ENSG00000172175,MALT1,ENSMICG00000007719
ENSG00000186265,BTLA,ENSMICG00000049218
ENSG00000180815,MAP3K15,ENSMICG00000004080
ENSG00000174227,PIGG,ENSMICG00000012340
ENSG00000140534,TICRR,ENSMICG00000008265
ENSG00000118017,A4GNT,ENSMICG00000048982
ENSG00000145088,EAF2,ENSMICG00000048552
ENSG00000153292,ADGRF1,ENSMICG00000017759
ENSG00000164615,CAMLG,ENSMICG00000011682
ENSG00000124226,RNF114,ENSMICG00000029402
ENSG00000179097,HTR1F,ENSMICG00000043065
ENSG00000143126,CELSR2,ENSMICG00000016238
ENSG00000174640,SLCO2A1,ENSMICG00000049302
ENSG00000100813,ACIN1,ENSMICG00000002575
ENSG00000207649,MIR138-2,ENSMICG00000018464
ENSG00000113522,RAD50,ENSMICG00000012446
ENSG00000107882,SUFU,ENSMICG00000012221
ENSG00000125149,PHAF1,ENSMICG00000043907
ENSG00000131725,WDR44,ENSMICG00000000877
ENSG00000186193,SAPCD2,ENSMICG00000046803
ENSG00000198901,PRC1,ENSMICG00000014826
ENSG00000215906,LACTBL1,ENSMICG00000037177
ENSG00000101400,SNTA1,ENSMICG00000004936
ENSG00000284112,MIR195,ENSMICG00000019046
ENSG00000165283,STOML2,ENSMICG00000005517
ENSG00000284027,MIR497,ENSMICG00000019363
ENSG00000174327,SLC16A13,ENSMICG00000005926
ENSG00000161911,TREML1,ENSMICG00000035283
ENSG00000164532,TBX20,ENSMICG00000042285
ENSG00000181652,ATG9B,ENSMICG00000004726
ENSG00000146232,NFKBIE,ENSMICG00000013421
ENSG00000080845,DLGAP4,ENSMICG00000000361
ENSG00000111816,FRK,ENSMICG00000003603
ENSG00000164900,GBX1,ENSMICG00000038356
ENSG00000248767,FOXL3,ENSMICG00000047197
ENSG00000168701,TMEM208,ENSMICG00000007767
ENSG00000154438,ASZ1,ENSMICG00000005752
ENSG00000129646,QRICH2,ENSMICG00000013287
ENSG00000112293,GPLD1,ENSMICG00000011398
ENSG00000171786,NHLH1,ENSMICG00000012700
ENSG00000188368,PRR19,ENSMICG00000015202
ENSG00000132164,SLC6A11,ENSMICG00000033698
ENSG00000138336,TET1,ENSMICG00000001289
ENSG00000187840,EIF4EBP1,ENSMICG00000014636
ENSG00000161652,IZUMO2,ENSMICG00000046551
ENSG00000168676,KCTD19,ENSMICG00000007810
ENSG00000136982,DSCC1,ENSMICG00000043533
ENSG00000270806,C17orf50,ENSMICG00000017049
ENSG00000271394,7SK,ENSMICG00000037320
ENSG00000168792,ABHD15,ENSMICG00000005394
ENSG00000079462,PAFAH1B3,ENSMICG00000015196
ENSG00000151657,KIN,ENSMICG00000008248
ENSG00000198081,ZBTB14,ENSMICG00000034962
ENSG00000031081,ARHGAP31,ENSMICG00000049335
ENSG00000186409,CCDC30,ENSMICG00000014950
ENSG00000077063,CTTNBP2,ENSMICG00000005787
ENSG00000183475,ASB7,ENSMICG00000048035
ENSG00000108387,SEPTIN4,ENSMICG00000016083
ENSG00000109670,FBXW7,ENSMICG00000012171
ENSG00000159708,LRRC36,ENSMICG00000012051
ENSG00000099624,ATP5F1D,ENSMICG00000026533
ENSG00000153283,CD96,ENSMICG00000048386
ENSG00000197457,STMN3,ENSMICG00000029780
ENSG00000166831,RBPMS2,ENSMICG00000029953
ENSG00000125845,BMP2,ENSMICG00000044399
ENSG00000148843,PDCD11,ENSMICG00000012421
ENSG00000088854,DNAAF9,ENSMICG00000013867
ENSG00000166682,TMPRSS5,ENSMICG00000017530
ENSG00000145832,SLC25A48,ENSMICG00000007277
ENSG00000104381,GDAP1,ENSMICG00000026766
ENSG00000142273,CBLC,ENSMICG00000000852
ENSG00000132199,ENOSF1,ENSMICG00000014847
ENSG00000140284,SLC27A2,ENSMICG00000003492
ENSG00000239194,RNU1-123P,ENSMICG00000027247
ENSG00000033100,CHPF2,ENSMICG00000031520
ENSG00000131828,PDHA1,ENSMICG00000004067
ENSG00000139131,YARS2,ENSMICG00000033335
ENSG00000157653,C9orf43,ENSMICG00000015120
ENSG00000213380,COG8,ENSMICG00000009659
ENSG00000087448,KLHL42,ENSMICG00000032471
ENSG00000135248,GARIN1B,ENSMICG00000036122
ENSG00000022567,SLC45A4,ENSMICG00000010421
ENSG00000013288,MAN2B2,ENSMICG00000007904
ENSG00000258429,PDF,ENSMICG00000042281
ENSG00000112877,CEP72,ENSMICG00000041644
ENSG00000009765,IYD,ENSMICG00000004582
ENSG00000179520,SLC17A8,ENSMICG00000001586
ENSG00000179918,SEPHS2,ENSMICG00000004970
ENSG00000177494,ZBED2,ENSMICG00000048897
ENSG00000202476,Y_RNA,ENSMICG00000045553
ENSG00000169957,ZNF768,ENSMICG00000037124
ENSG00000148229,POLE3,ENSMICG00000035393
ENSG00000162510,MATN1,ENSMICG00000011541
ENSG00000196935,SRGAP1,ENSMICG00000008203
ENSG00000113368,LMNB1,ENSMICG00000032820
ENSG00000157456,CCNB2,ENSMICG00000011608
ENSG00000156860,FBRS,ENSMICG00000034982
ENSG00000116560,SFPQ,ENSMICG00000027265
ENSG00000188186,LAMTOR4,ENSMICG00000004008
ENSG00000123975,CKS2,ENSMICG00000043815
ENSG00000077348,EXOSC5,ENSMICG00000002016
ENSG00000137574,TGS1,ENSMICG00000011199
ENSG00000204252,HLA-DOA,ENSMICG00000047683
ENSG00000148154,UGCG,ENSMICG00000009765
ENSG00000103023,PRSS54,ENSMICG00000006644
ENSG00000135253,KCP,ENSMICG00000000136
ENSG00000204713,TRIM27,ENSMICG00000000738
ENSG00000179958,DCTPP1,ENSMICG00000036786
ENSG00000125818,PSMF1,ENSMICG00000014341
ENSG00000234511,C5orf58,ENSMICG00000040175
ENSG00000128266,GNAZ,ENSMICG00000035844
ENSG00000072501,SMC1A,ENSMICG00000014444
ENSG00000166152,C16orf78,ENSMICG00000000865
ENSG00000148341,SH3GLB2,ENSMICG00000005895
ENSG00000100290,BIK,ENSMICG00000043006
ENSG00000111052,LIN7A,ENSMICG00000033894
ENSG00000137547,MRPL15,ENSMICG00000009779
ENSG00000146857,STRA8,ENSMICG00000001661
ENSG00000102935,ZNF423,ENSMICG00000005195
ENSG00000125962,ARMCX5,ENSMICG00000015242
ENSG00000275572,GRIFIN,ENSMICG00000033746
ENSG00000163947,ARHGEF3,ENSMICG00000011589
ENSG00000242101,RN7SL416P,ENSMICG00000027915
ENSG00000205307,SAP25,ENSMICG00000012542
ENSG00000158423,RIBC1,ENSMICG00000014493
ENSG00000240065,PSMB9,ENSMICG00000015307
ENSG00000111331,OAS3,ENSMICG00000008519
ENSG00000108106,UBE2S,ENSMICG00000043168
ENSG00000131737,KRT34,ENSMICG00000034836
ENSG00000283267,FAM237B,ENSMICG00000029340
ENSG00000185522,LMNTD2,ENSMICG00000002435
ENSG00000100242,SUN2,ENSMICG00000011818
ENSG00000166803,PCLAF,ENSMICG00000008673
ENSG00000043514,TRIT1,ENSMICG00000016294
ENSG00000215045,GRID2IP,ENSMICG00000028041
ENSG00000197279,ZNF165,ENSMICG00000035192
ENSG00000121281,ADCY7,ENSMICG00000011063
ENSG00000134986,NREP,ENSMICG00000029357
ENSG00000066777,ARFGEF1,ENSMICG00000011062
ENSG00000156639,ZFAND3,ENSMICG00000017233
ENSG00000176619,LMNB2,ENSMICG00000010043
ENSG00000153982,GDPD1,ENSMICG00000004589
ENSG00000172922,RNASEH2C,ENSMICG00000008882
ENSG00000137601,NEK1,ENSMICG00000017300
ENSG00000137876,RSL24D1,ENSMICG00000036329
ENSG00000101811,CSTF2,ENSMICG00000014121
ENSG00000237621,OR9A1P,ENSMICG00000047958
ENSG00000164619,BMPER,ENSMICG00000017019
ENSG00000175155,YPEL2,ENSMICG00000046246
ENSG00000110693,SOX6,ENSMICG00000027413
ENSG00000172594,SMPDL3A,ENSMICG00000046662
ENSG00000109805,NCAPG,ENSMICG00000006804
ENSG00000161955,TNFSF13,ENSMICG00000014718
ENSG00000084112,SSH1,ENSMICG00000000277
ENSG00000168813,ZNF507,ENSMICG00000012333
ENSG00000165959,CLMN,ENSMICG00000011720
ENSG00000112379,ARFGEF3,ENSMICG00000013986
ENSG00000136379,ABHD17C,ENSMICG00000010941
ENSG00000179151,EDC3,ENSMICG00000043190
ENSG00000206623,RNU6-979P,ENSMICG00000031969
ENSG00000121274,TENT4B,ENSMICG00000027866
ENSG00000105245,NUMBL,ENSMICG00000035552
ENSG00000072506,HSD17B10,ENSMICG00000014508
ENSG00000121351,IAPP,ENSMICG00000028352
ENSG00000204345,CD300LD,ENSMICG00000010845
ENSG00000148840,PPRC1,ENSMICG00000011794
ENSG00000196859,KRT39,ENSMICG00000009899
ENSG00000147439,BIN3,ENSMICG00000007768
ENSG00000131969,ABHD12B,ENSMICG00000013597
ENSG00000139428,MMAB,ENSMICG00000017633
ENSG00000137434,C6orf52,ENSMICG00000028261
ENSG00000217555,CKLF,ENSMICG00000005693
ENSG00000146221,TCTE1,ENSMICG00000013443
ENSG00000196584,XRCC2,ENSMICG00000032376
ENSG00000169239,CA5B,ENSMICG00000047453
ENSG00000165097,KDM1B,ENSMICG00000015441
ENSG00000244328,RN7SL845P,ENSMICG00000034058
ENSG00000207356,Y_RNA,ENSMICG00000021947
ENSG00000114541,FRMD4B,ENSMICG00000045910
ENSG00000200815,RNU6-1091P,ENSMICG00000046081
ENSG00000276819,TRBV15,ENSMICG00000030792
ENSG00000158402,CDC25C,ENSMICG00000001701
ENSG00000163518,FCRL4,ENSMICG00000037111
ENSG00000172146,OR1A1,ENSMICG00000036174
ENSG00000204889,KRT40,ENSMICG00000009912
ENSG00000153879,CEBPG,ENSMICG00000045141
ENSG00000105879,CBLL1,ENSMICG00000037843
ENSG00000140932,CMTM2,ENSMICG00000005729
ENSG00000174917,MICOS13,ENSMICG00000007026
ENSG00000183723,CMTM4,ENSMICG00000005751
ENSG00000239887,C1orf226,ENSMICG00000000045
ENSG00000104067,TJP1,ENSMICG00000006875
ENSG00000240021,TEX35,ENSMICG00000031350
ENSG00000155530,LRGUK,ENSMICG00000011293
ENSG00000130816,DNMT1,ENSMICG00000010231
ENSG00000146469,VIP,ENSMICG00000035122
ENSG00000104549,SQLE,ENSMICG00000017870
ENSG00000166548,TK2,ENSMICG00000005676
ENSG00000114638,UPK1B,ENSMICG00000049009
ENSG00000109674,NEIL3,ENSMICG00000009147
ENSG00000199085,MIR148A,ENSMICG00000028617
ENSG00000240877,RN7SL521P,ENSMICG00000035196
ENSG00000065357,DGKA,ENSMICG00000010975
ENSG00000157999,ANKRD61,ENSMICG00000012853
ENSG00000204314,PRRT1,ENSMICG00000032288
ENSG00000136634,IL10,ENSMICG00000047379
ENSG00000236320,SLFN14,ENSMICG00000017034
ENSG00000233822,H2BC15,ENSMICG00000043570
ENSG00000170522,ELOVL6,ENSMICG00000045952
ENSG00000175003,SLC22A1,ENSMICG00000007625
ENSG00000207297,SNORD7,ENSMICG00000021445
ENSG00000266274,RN7SL138P,ENSMICG00000028165
ENSG00000284032,MIR29A,ENSMICG00000018399
ENSG00000283797,MIR29B1,ENSMICG00000018084
ENSG00000199627,RNU6-1010P,ENSMICG00000045569
ENSG00000154258,ABCA9,ENSMICG00000017252
ENSG00000135744,AGT,ENSMICG00000028058
ENSG00000283247,CCDC201,ENSMICG00000045918
ENSG00000158321,AUTS2,ENSMICG00000000923
ENSG00000165138,ANKS6,ENSMICG00000011059
ENSG00000215938,MIR190B,ENSMICG00000018520
ENSG00000163263,CFAP141,ENSMICG00000010401
ENSG00000201129,SNORA58B,ENSMICG00000021061
ENSG00000188761,BCL2L15,ENSMICG00000044441
ENSG00000139985,ADAM21,ENSMICG00000034380
ENSG00000151240,DIP2C,ENSMICG00000005674
ENSG00000177873,ZNF619,ENSMICG00000049056
ENSG00000056291,NPFFR2,ENSMICG00000044686
ENSG00000100897,DCAF11,ENSMICG00000008081
ENSG00000170791,CHCHD7,ENSMICG00000007022
ENSG00000203963,C1orf141,ENSMICG00000004483
ENSG00000135047,CTSL,ENSMICG00000014909
ENSG00000145386,CCNA2,ENSMICG00000007007
ENSG00000252352,,ENSMICG00000024750
ENSG00000145192,AHSG,ENSMICG00000049576
ENSG00000154263,ABCA10,ENSMICG00000017260
ENSG00000119906,SLF2,ENSMICG00000001371
ENSG00000206803,RNU6-968P,ENSMICG00000044713
ENSG00000138738,PRDM5,ENSMICG00000001459
ENSG00000157330,CFAP107,ENSMICG00000009163
ENSG00000110108,TMEM109,ENSMICG00000037640
ENSG00000111799,COL12A1,ENSMICG00000015681
ENSG00000149050,ZNF214,ENSMICG00000029940
ENSG00000167904,TMEM68,ENSMICG00000011190
ENSG00000148965,SAA4,ENSMICG00000036934
ENSG00000136938,ANP32B,ENSMICG00000012788
ENSG00000150787,PTS,ENSMICG00000008651
ENSG00000133313,CNDP2,ENSMICG00000012839
ENSG00000204518,AADACL4,ENSMICG00000047823
ENSG00000127084,FGD3,ENSMICG00000012321
ENSG00000162594,IL23R,ENSMICG00000000494
ENSG00000165197,VEGFD,ENSMICG00000003176
ENSG00000147403,RPL10,ENSMICG00000033705
ENSG00000005483,KMT2E,ENSMICG00000006426
ENSG00000162300,ZFPL1,ENSMICG00000001294
ENSG00000114737,CISH,ENSMICG00000013166
ENSG00000174292,TNK1,ENSMICG00000017889
ENSG00000174611,KY,ENSMICG00000049563
ENSG00000162494,LRRC38,ENSMICG00000046922
ENSG00000196233,LCOR,ENSMICG00000007572
ENSG00000143669,LYST,ENSMICG00000009412
ENSG00000113240,CLK4,ENSMICG00000038063
ENSG00000121211,MND1,ENSMICG00000042277
ENSG00000158077,NLRP14,ENSMICG00000010385
ENSG00000156170,NDUFAF6,ENSMICG00000036619
ENSG00000169903,TM4SF4,ENSMICG00000048927
ENSG00000254470,AP5B1,ENSMICG00000032450
ENSG00000110195,FOLR1,ENSMICG00000030044
ENSG00000151465,CDC123,ENSMICG00000004919
ENSG00000206527,HACD2,ENSMICG00000049241
ENSG00000108759,KRT32,ENSMICG00000012857
ENSG00000223125,RNU2-32P,ENSMICG00000031711
ENSG00000126337,KRT36,ENSMICG00000012877
ENSG00000171346,KRT15,ENSMICG00000012890
ENSG00000136986,DERL1,ENSMICG00000005084
ENSG00000099364,FBXL19,ENSMICG00000001566
ENSG00000250317,SMIM20,ENSMICG00000017222
ENSG00000153147,SMARCA5,ENSMICG00000003971
ENSG00000196387,ZNF140,ENSMICG00000029979
ENSG00000171403,KRT9,ENSMICG00000012911
ENSG00000136383,ALPK3,ENSMICG00000033036
ENSG00000188153,COL4A5,ENSMICG00000002088
ENSG00000006534,ALDH3B1,ENSMICG00000009516
ENSG00000186847,KRT14,ENSMICG00000011774
ENSG00000089505,CMTM1,ENSMICG00000047605
ENSG00000186832,KRT16,ENSMICG00000011787
ENSG00000185088,RPS27L,ENSMICG00000042746
ENSG00000015153,YAF2,ENSMICG00000006755
ENSG00000197079,KRT35,ENSMICG00000012869
ENSG00000277200,CCDC92B,ENSMICG00000033154
ENSG00000204347,BTBD17,ENSMICG00000045603
ENSG00000137871,ZNF280D,ENSMICG00000013140
ENSG00000173894,CBX2,ENSMICG00000007813
ENSG00000164346,NSA2,ENSMICG00000027319
ENSG00000154997,SEPTIN14,ENSMICG00000000735
ENSG00000126861,OMG,ENSMICG00000002876
ENSG00000136026,CKAP4,ENSMICG00000038763
ENSG00000201133,,ENSMICG00000021094
ENSG00000130560,UBAC1,ENSMICG00000006844
ENSG00000204583,LRCOL1,ENSMICG00000041480
ENSG00000264862,RN7SL45P,ENSMICG00000027734
ENSG00000207614,MIR193A,ENSMICG00000036727
ENSG00000283978,MIR365B,ENSMICG00000019274
ENSG00000147679,UTP23,ENSMICG00000034720
ENSG00000141371,CHCT1,ENSMICG00000013434
ENSG00000168137,SETD5,ENSMICG00000010105
ENSG00000135094,SDS,ENSMICG00000012898
ENSG00000252040,,ENSMICG00000044778
ENSG00000129295,DNAAF11,ENSMICG00000003622
ENSG00000169340,PDILT,ENSMICG00000011157
ENSG00000252383,RNU6-314P,ENSMICG00000042365
ENSG00000239221,RN7SL442P,ENSMICG00000028826
ENSG00000238832,,ENSMICG00000043704
ENSG00000086289,EPDR1,ENSMICG00000001946
ENSG00000167194,C16orf92,ENSMICG00000009112
ENSG00000059915,PSD,ENSMICG00000011877
ENSG00000177272,KCNA3,ENSMICG00000047543
ENSG00000207493,SNORA46,ENSMICG00000022619
ENSG00000206952,SNORA50A,ENSMICG00000047704
ENSG00000281910,SNORA50A,ENSMICG00000047422
ENSG00000187140,FOXD3,ENSMICG00000044158
ENSG00000011454,RABGAP1,ENSMICG00000000821
ENSG00000086288,NME8,ENSMICG00000001938
ENSG00000258947,TUBB3,ENSMICG00000000079
ENSG00000151418,ATP6V1G3,ENSMICG00000009388
ENSG00000207975,MIR181B1,ENSMICG00000028828
ENSG00000207759,MIR181A1,ENSMICG00000028302
ENSG00000187688,TRPV2,ENSMICG00000007177
ENSG00000116741,RGS2,ENSMICG00000034884
ENSG00000072952,IRAG1,ENSMICG00000008630
ENSG00000147481,SNTG1,ENSMICG00000001818
ENSG00000124701,APOBEC2,ENSMICG00000043339
ENSG00000176092,CRYBG2,ENSMICG00000036623
ENSG00000204052,LRRC73,ENSMICG00000005015
ENSG00000112246,SIM1,ENSMICG00000008851
ENSG00000277108,SNORD49B,ENSMICG00000020163
ENSG00000277370,SNORD49A,ENSMICG00000035675
ENSG00000277512,SNORD65,ENSMICG00000045485
ENSG00000139193,CD27,ENSMICG00000043982
ENSG00000160055,TMEM234,ENSMICG00000017799
ENSG00000112799,LY86,ENSMICG00000016183
ENSG00000178502,KLHL11,ENSMICG00000047724
ENSG00000070729,CNGB1,ENSMICG00000004857
ENSG00000173786,CNP,ENSMICG00000011903
ENSG00000187045,TMPRSS6,ENSMICG00000009053
ENSG00000112175,BMP5,ENSMICG00000008719
ENSG00000145321,GC,ENSMICG00000041732
ENSG00000260325,HSPB9,ENSMICG00000042824
ENSG00000137274,BPHL,ENSMICG00000010641
ENSG00000076604,TRAF4,ENSMICG00000005338
ENSG00000116717,GADD45A,ENSMICG00000037822
ENSG00000164362,TERT,ENSMICG00000010883
ENSG00000105298,CACTIN,ENSMICG00000008291
ENSG00000095574,IKZF5,ENSMICG00000043450
ENSG00000196482,ESRRG,ENSMICG00000005051
ENSG00000199158,MIR96,ENSMICG00000018034
ENSG00000207691,MIR183,ENSMICG00000019599
ENSG00000005889,ZFX,ENSMICG00000009517
ENSG00000196367,TRRAP,ENSMICG00000002909
ENSG00000107902,LHPP,ENSMICG00000003900
ENSG00000197299,BLM,ENSMICG00000034442
ENSG00000105404,RABAC1,ENSMICG00000008574
ENSG00000184363,PKP3,ENSMICG00000032212
ENSG00000174238,PITPNA,ENSMICG00000003870
ENSG00000154328,NEIL2,ENSMICG00000002286
ENSG00000176973,FAM89B,ENSMICG00000026596
ENSG00000128016,ZFP36,ENSMICG00000026814
ENSG00000151366,NDUFC2,ENSMICG00000041506
ENSG00000182809,CRIP2,ENSMICG00000033237
ENSG00000152503,TRIM36,ENSMICG00000015099
ENSG00000099875,MKNK2,ENSMICG00000033378
ENSG00000252887,RNU6-430P,ENSMICG00000046074
ENSG00000172613,RAD9A,ENSMICG00000035662
ENSG00000140832,MARVELD3,ENSMICG00000045631
ENSG00000111664,GNB3,ENSMICG00000015148
ENSG00000223224,SNORD71,ENSMICG00000027543
ENSG00000173848,NET1,ENSMICG00000008400
ENSG00000166509,CLEC3A,ENSMICG00000047455
ENSG00000063015,SEZ6,ENSMICG00000032547
ENSG00000008513,ST3GAL1,ENSMICG00000030976
ENSG00000175595,ERCC4,ENSMICG00000007901
ENSG00000019102,VSIG2,ENSMICG00000001695
ENSG00000170293,CMTM8,ENSMICG00000049224
ENSG00000129354,AP1M2,ENSMICG00000009639
ENSG00000160716,CHRNB2,ENSMICG00000031010
ENSG00000137673,MMP7,ENSMICG00000002935
ENSG00000205269,TMEM170B,ENSMICG00000042371
ENSG00000131016,AKAP12,ENSMICG00000034625
ENSG00000164332,UBLCP1,ENSMICG00000047506
ENSG00000176945,MUC20,ENSMICG00000048627
ENSG00000201541,,ENSMICG00000030764
ENSG00000159527,PGLYRP3,ENSMICG00000012628
ENSG00000165731,RET,ENSMICG00000009645
ENSG00000118526,TCF21,ENSMICG00000029994
ENSG00000150977,RILPL2,ENSMICG00000047555
ENSG00000112796,ENPP5,ENSMICG00000017751
ENSG00000114021,NIT2,ENSMICG00000049078
ENSG00000166595,CIAO2B,ENSMICG00000045692
ENSG00000163218,PGLYRP4,ENSMICG00000026819
ENSG00000108641,B9D1,ENSMICG00000014953
ENSG00000164694,FNDC1,ENSMICG00000010483
ENSG00000163221,S100A12,ENSMICG00000027468
ENSG00000204628,RACK1,ENSMICG00000014201
ENSG00000186891,TNFRSF18,ENSMICG00000011296
ENSG00000169908,TM4SF1,ENSMICG00000048949
ENSG00000132744,ACY3,ENSMICG00000010175
ENSG00000144820,ADGRG7,ENSMICG00000049327
ENSG00000240771,ARHGEF25,ENSMICG00000005518
ENSG00000184163,C1QTNF12,ENSMICG00000014149
ENSG00000159648,SPMIP8,ENSMICG00000004890
ENSG00000023902,PLEKHO1,ENSMICG00000027313
ENSG00000171100,MTM1,ENSMICG00000033650
ENSG00000177352,CCDC71,ENSMICG00000034099
ENSG00000167523,SPATA33,ENSMICG00000045677
ENSG00000230873,STMND1,ENSMICG00000044225
ENSG00000159208,CIART,ENSMICG00000015355
ENSG00000185559,DLK1,ENSMICG00000029216
ENSG00000146285,SCML4,ENSMICG00000004168
ENSG00000162148,SAXO4,ENSMICG00000012749
ENSG00000168418,KCNG4,ENSMICG00000027284
ENSG00000079313,REXO1,ENSMICG00000013476
ENSG00000277481,PKD1L3,ENSMICG00000011328
ENSG00000187959,CPSF4L,ENSMICG00000007503
ENSG00000252391,RNU6-638P,ENSMICG00000034239
ENSG00000119471,HSDL2,ENSMICG00000009807
ENSG00000108064,TFAM,ENSMICG00000010260
ENSG00000214978,GSG1L2,ENSMICG00000030247
ENSG00000135100,HNF1A,ENSMICG00000031099
ENSG00000169962,TAS1R3,ENSMICG00000043203
ENSG00000183914,DNAH2,ENSMICG00000014873
ENSG00000188994,ZNF292,ENSMICG00000029837
ENSG00000119599,DCAF4,ENSMICG00000015497
ENSG00000177200,CHD9,ENSMICG00000016679
ENSG00000251943,RNU6-693P,ENSMICG00000024626
ENSG00000110448,CD5,ENSMICG00000013628
ENSG00000152661,GJA1,ENSMICG00000041650
ENSG00000105426,PTPRS,ENSMICG00000017221
ENSG00000197977,ELOVL2,ENSMICG00000031480
ENSG00000148773,MKI67,ENSMICG00000042135
ENSG00000187726,DNAJB13,ENSMICG00000012675
ENSG00000111962,UST,ENSMICG00000014507
ENSG00000112659,CUL9,ENSMICG00000008335
ENSG00000013725,CD6,ENSMICG00000011288
ENSG00000275489,SPMAP1,ENSMICG00000027799
ENSG00000136485,DCAF7,ENSMICG00000034244
ENSG00000141971,MVB12A,ENSMICG00000043858
ENSG00000107731,UNC5B,ENSMICG00000017152
ENSG00000165716,DIPK1B,ENSMICG00000015407
ENSG00000047457,CP,ENSMICG00000049345
ENSG00000165724,ZMYND19,ENSMICG00000041726
ENSG00000257008,GPR142,ENSMICG00000035066
ENSG00000176769,TCERG1L,ENSMICG00000045377
ENSG00000176927,EFCAB5,ENSMICG00000013739
ENSG00000148356,LRSAM1,ENSMICG00000002341
ENSG00000049245,VAMP3,ENSMICG00000038012
ENSG00000108091,CCDC6,ENSMICG00000031248
ENSG00000049247,UTS2,ENSMICG00000008454
ENSG00000235162,C12orf75,ENSMICG00000026810
ENSG00000165863,SPMIP5,ENSMICG00000015602
ENSG00000175262,CIROZ,ENSMICG00000028837
ENSG00000183828,NUDT14,ENSMICG00000004115
ENSG00000171206,TRIM8,ENSMICG00000031109
ENSG00000122545,SEPTIN7,ENSMICG00000009301
ENSG00000199135,MIR101-1,ENSMICG00000018947
ENSG00000157895,C12orf43,ENSMICG00000008728
ENSG00000230667,SETSIP,ENSMICG00000017643
ENSG00000163545,NUAK2,ENSMICG00000000056
ENSG00000170921,TANC2,ENSMICG00000003772
ENSG00000170348,TMED10,ENSMICG00000016016
ENSG00000186007,LEMD1,ENSMICG00000000059
ENSG00000134970,TMED7,ENSMICG00000028228
ENSG00000137392,CLPS,ENSMICG00000004205
ENSG00000214113,LYRM4,ENSMICG00000028549
ENSG00000119048,UBE2B,ENSMICG00000047998
ENSG00000241973,PI4KA,ENSMICG00000011230
ENSG00000132821,VSTM2L,ENSMICG00000033955
ENSG00000199059,MIR135B,ENSMICG00000026671
ENSG00000119686,FLVCR2,ENSMICG00000016055
ENSG00000063169,BICRA,ENSMICG00000028080
ENSG00000280789,PAGR1,ENSMICG00000047735
ENSG00000274059,RNA5SP534,ENSMICG00000025639
ENSG00000143469,SYT14,ENSMICG00000001258
ENSG00000197586,ENTPD6,ENSMICG00000005764
ENSG00000164741,DLC1,ENSMICG00000012925
ENSG00000138834,MAPK8IP3,ENSMICG00000002091
ENSG00000066468,FGFR2,ENSMICG00000000424
ENSG00000183273,CCDC60,ENSMICG00000012404
ENSG00000174886,NDUFA11,ENSMICG00000033137
ENSG00000163815,CLEC3B,ENSMICG00000049002
ENSG00000122126,OCRL,ENSMICG00000015790
ENSG00000137770,CTDSPL2,ENSMICG00000032422
ENSG00000114019,AMOTL2,ENSMICG00000048998
ENSG00000105699,LSR,ENSMICG00000001514
ENSG00000175336,APOF,ENSMICG00000000093
ENSG00000089692,LAG3,ENSMICG00000044236
ENSG00000058729,RIOK2,ENSMICG00000037437
ENSG00000118513,MYB,ENSMICG00000005531
ENSG00000134769,DTNA,ENSMICG00000017014
ENSG00000110436,SLC1A2,ENSMICG00000003719
ENSG00000143816,WNT9A,ENSMICG00000047095
ENSG00000185630,PBX1,ENSMICG00000001280
ENSG00000111554,MDM1,ENSMICG00000003661
ENSG00000123643,SLC36A1,ENSMICG00000000700
ENSG00000144848,ATG3,ENSMICG00000036042
ENSG00000198918,RPL39,ENSMICG00000036738
ENSG00000156298,TSPAN7,ENSMICG00000011737
ENSG00000171246,NPTX1,ENSMICG00000035956
ENSG00000178761,FAM219B,ENSMICG00000044123
ENSG00000108700,CCL8,ENSMICG00000037888
ENSG00000121270,ABCC11,ENSMICG00000007811
ENSG00000181374,CCL13,ENSMICG00000036035
ENSG00000185888,PRSS38,ENSMICG00000042943
ENSG00000108702,CCL1,ENSMICG00000042374
ENSG00000134285,FKBP11,ENSMICG00000017545
ENSG00000198965,OR10R2,ENSMICG00000045901
ENSG00000100764,PSMC1,ENSMICG00000016733
ENSG00000108691,CCL2,ENSMICG00000034682
ENSG00000188585,CLEC20A,ENSMICG00000042193
ENSG00000215912,TTC34,ENSMICG00000037123
ENSG00000104635,SLC39A14,ENSMICG00000001076
ENSG00000144837,PLA1A,ENSMICG00000049474
ENSG00000125355,TMEM255A,ENSMICG00000014354
ENSG00000161929,SCIMP,ENSMICG00000000241
ENSG00000139194,RBP5,ENSMICG00000044689
ENSG00000137802,MAPKBP1,ENSMICG00000001800
ENSG00000136010,ALDH1L2,ENSMICG00000011711
ENSG00000133398,MED10,ENSMICG00000013856
ENSG00000206917,RNU1-52P,ENSMICG00000036647
ENSG00000092330,TINF2,ENSMICG00000001739
ENSG00000108255,CRYBA1,ENSMICG00000038723
ENSG00000113734,BNIP1,ENSMICG00000026732
ENSG00000132613,MTSS2,ENSMICG00000001380
ENSG00000130226,DPP6,ENSMICG00000017845
ENSG00000259207,ITGB3,ENSMICG00000010765
ENSG00000179002,TAS1R2,ENSMICG00000012039
ENSG00000186827,TNFRSF4,ENSMICG00000044987
ENSG00000130119,GNL3L,ENSMICG00000010144
ENSG00000180096,SEPTIN1,ENSMICG00000011817
ENSG00000111424,VDR,ENSMICG00000009017
ENSG00000165525,NEMF,ENSMICG00000026600
ENSG00000105649,RAB3A,ENSMICG00000047037
ENSG00000146007,ZMAT2,ENSMICG00000042843
ENSG00000125744,RTN2,ENSMICG00000003139
ENSG00000162779,AXDND1,ENSMICG00000002668
ENSG00000170561,IRX2,ENSMICG00000013531
ENSG00000140798,ABCC12,ENSMICG00000007797
ENSG00000084444,FAM234B,ENSMICG00000014794
ENSG00000274529,SEBOX,ENSMICG00000041718
ENSG00000153922,CHD1,ENSMICG00000003914
ENSG00000111727,HCFC2,ENSMICG00000002039
ENSG00000168802,CHTF8,ENSMICG00000042897
ENSG00000165934,CPSF2,ENSMICG00000016441
ENSG00000207405,SNORA64,ENSMICG00000041443
ENSG00000179580,RNF151,ENSMICG00000012775
ENSG00000049883,PTCD2,ENSMICG00000004535
ENSG00000188629,ZNF177,ENSMICG00000004189
ENSG00000171819,ANGPTL7,ENSMICG00000003897
ENSG00000265386,RN7SL219P,ENSMICG00000032893
ENSG00000174109,UQCC4,ENSMICG00000047600
ENSG00000197417,SHPK,ENSMICG00000015722
ENSG00000178878,APOLD1,ENSMICG00000030039
ENSG00000197599,CCDC154,ENSMICG00000013192
ENSG00000198182,ZNF607,ENSMICG00000013111
ENSG00000120942,UBIAD1,ENSMICG00000026765
ENSG00000177602,HASPIN,ENSMICG00000042396
ENSG00000110799,VWF,ENSMICG00000004782
ENSG00000243870,RN7SL236P,ENSMICG00000033245
ENSG00000103152,MPG,ENSMICG00000010359
ENSG00000101940,WDR13,ENSMICG00000012548
ENSG00000252840,,ENSMICG00000026061
ENSG00000091513,TF,ENSMICG00000049243
ENSG00000183647,ZNF530,ENSMICG00000043669
ENSG00000232258,TMEM114,ENSMICG00000041502
ENSG00000251958,RNU6-1102P,ENSMICG00000047255
ENSG00000105058,FAM32A,ENSMICG00000048134
ENSG00000207039,Y_RNA,ENSMICG00000046747
ENSG00000140945,CDH13,ENSMICG00000007003
ENSG00000252374,Y_RNA,ENSMICG00000043793
ENSG00000108433,GOSR2,ENSMICG00000010683
ENSG00000179603,GRM8,ENSMICG00000008884
ENSG00000100373,UPK3A,ENSMICG00000005690
ENSG00000166503,HDGFL3,ENSMICG00000028494
ENSG00000105143,SLC1A6,ENSMICG00000037299
ENSG00000100227,POLDIP3,ENSMICG00000041767
ENSG00000222511,Y_RNA,ENSMICG00000048061
ENSG00000174485,DENND4A,ENSMICG00000004000
ENSG00000131686,CA6,ENSMICG00000016228
ENSG00000165502,RPL36AL,ENSMICG00000031642
ENSG00000159761,C16orf86,ENSMICG00000029986
ENSG00000100441,KHNYN,ENSMICG00000014257
ENSG00000057704,TMCC3,ENSMICG00000038267
ENSG00000163581,SLC2A2,ENSMICG00000049076
ENSG00000207692,MIR592,ENSMICG00000019402
ENSG00000168286,THAP11,ENSMICG00000012247
ENSG00000157680,DGKI,ENSMICG00000003946
ENSG00000102218,RP2,ENSMICG00000007938
ENSG00000188038,NRN1L,ENSMICG00000041986
ENSG00000065526,SPEN,ENSMICG00000030994
ENSG00000173391,OLR1,ENSMICG00000046343
ENSG00000082458,DLG3,ENSMICG00000012615
ENSG00000141086,CTRL,ENSMICG00000045759
ENSG00000145723,GIN1,ENSMICG00000029753
ENSG00000197617,VN1R5,ENSMICG00000030890
ENSG00000162923,WDR26,ENSMICG00000006896
ENSG00000129315,CCNT1,ENSMICG00000045745
ENSG00000213398,LCAT,ENSMICG00000048149
ENSG00000119638,NEK9,ENSMICG00000015999
ENSG00000106436,MYL10,ENSMICG00000035701
ENSG00000164045,CDC25A,ENSMICG00000000733
ENSG00000091704,CPA1,ENSMICG00000006118
ENSG00000164291,ARSK,ENSMICG00000036521
ENSG00000263201,DPEP2NB,ENSMICG00000033015
ENSG00000179588,ZFPM1,ENSMICG00000032078
ENSG00000187510,PLEKHG7,ENSMICG00000032406
ENSG00000099910,KLHL22,ENSMICG00000004706
ENSG00000200456,RNU6-1097P,ENSMICG00000047693
ENSG00000124391,IL17C,ENSMICG00000006713
ENSG00000202039,RNU6-215P,ENSMICG00000041472
ENSG00000082213,C5orf22,ENSMICG00000002254
ENSG00000179562,GCC1,ENSMICG00000037038
ENSG00000185669,SNAI3,ENSMICG00000048066
ENSG00000139269,INHBE,ENSMICG00000005375
ENSG00000106328,FSCN3,ENSMICG00000000092
ENSG00000139263,LRIG3,ENSMICG00000014649
ENSG00000069764,PLA2G10,ENSMICG00000045132
ENSG00000185274,GALNT17,ENSMICG00000001449
ENSG00000273841,TAF9,ENSMICG00000008748
ENSG00000244242,IFITM10,ENSMICG00000028547
ENSG00000155093,PTPRN2,ENSMICG00000009773
ENSG00000079482,OPHN1,ENSMICG00000004388
ENSG00000143322,ABL2,ENSMICG00000003616
ENSG00000014216,CAPN1,ENSMICG00000008602
ENSG00000172058,SERF1A,ENSMICG00000036427
ENSG00000159753,CARMIL2,ENSMICG00000012140
ENSG00000100124,ANKRD54,ENSMICG00000013086
ENSG00000207960,MIR153-2,ENSMICG00000019580
ENSG00000242110,AMACR,ENSMICG00000005635
ENSG00000089060,SLC8B1,ENSMICG00000012282
ENSG00000163956,LRPAP1,ENSMICG00000013565
ENSG00000187391,MAGI2,ENSMICG00000043519
ENSG00000121579,NAA50,ENSMICG00000049133
ENSG00000179673,RPRML,ENSMICG00000034059
ENSG00000100711,ZFYVE21,ENSMICG00000014930
ENSG00000129993,CBFA2T3,ENSMICG00000000410
ENSG00000212658,KRTAP29-1,ENSMICG00000030099
ENSG00000035499,DEPDC1B,ENSMICG00000013552
ENSG00000175175,PPM1E,ENSMICG00000031392
ENSG00000145029,NICN1,ENSMICG00000001261
ENSG00000147160,AWAT2,ENSMICG00000015973
ENSG00000069509,FUNDC1,ENSMICG00000000450
ENSG00000188766,SPRED3,ENSMICG00000027687
ENSG00000100083,GGA1,ENSMICG00000003758
ENSG00000169946,ZFPM2,ENSMICG00000001099
ENSG00000197724,PHF2,ENSMICG00000011463
ENSG00000102038,SMARCA1,ENSMICG00000015768
ENSG00000127554,GFER,ENSMICG00000027083
ENSG00000105219,CCNP,ENSMICG00000032200
ENSG00000140153,WDR20,ENSMICG00000004534
ENSG00000178057,NDUFAF3,ENSMICG00000007862
ENSG00000167600,CYP2S1,ENSMICG00000037054
ENSG00000127184,COX7C,ENSMICG00000007888
ENSG00000079459,FDFT1,ENSMICG00000002289
ENSG00000159692,CTBP1,ENSMICG00000012941
ENSG00000116260,QSOX1,ENSMICG00000017553
ENSG00000170345,FOS,ENSMICG00000016026
ENSG00000113905,HRG,ENSMICG00000049137
ENSG00000112984,KIF20A,ENSMICG00000001676
ENSG00000207639,MIR193B,ENSMICG00000018545
ENSG00000199130,MIR365A,ENSMICG00000018996
ENSG00000227500,SCAMP4,ENSMICG00000047295
ENSG00000139767,SRRM4,ENSMICG00000012386
ENSG00000119681,LTBP2,ENSMICG00000006026
ENSG00000167004,PDIA3,ENSMICG00000000116
ENSG00000150048,CLEC1A,ENSMICG00000004930
ENSG00000101194,SLC17A9,ENSMICG00000045180
ENSG00000148343,MIGA2,ENSMICG00000033236
ENSG00000109101,FOXN1,ENSMICG00000016795
ENSG00000266074,BAHCC1,ENSMICG00000010598
ENSG00000163946,TASOR,ENSMICG00000005072
ENSG00000048462,TNFRSF17,ENSMICG00000033855
ENSG00000130035,GALNT8,ENSMICG00000000845
ENSG00000136237,RAPGEF5,ENSMICG00000006685
ENSG00000158486,DNAH3,ENSMICG00000014943
ENSG00000141564,RPTOR,ENSMICG00000011051
ENSG00000089327,FXYD5,ENSMICG00000027294
ENSG00000089041,P2RX7,ENSMICG00000003580
ENSG00000137642,SORL1,ENSMICG00000011249
ENSG00000088320,REM1,ENSMICG00000014668
ENSG00000101489,CELF4,ENSMICG00000006984
ENSG00000170615,SLC26A5,ENSMICG00000008387
ENSG00000179454,KLHL28,ENSMICG00000000634
ENSG00000114853,ZBTB47,ENSMICG00000049526
ENSG00000213347,MXD3,ENSMICG00000043849
ENSG00000207173,Y_RNA,ENSMICG00000043373
ENSG00000101452,DHX35,ENSMICG00000013282
ENSG00000100605,ITPK1,ENSMICG00000001693
ENSG00000251692,PTX4,ENSMICG00000000217
ENSG00000113790,EHHADH,ENSMICG00000049546
ENSG00000180185,FAHD1,ENSMICG00000002137
ENSG00000181847,TIGIT,ENSMICG00000048887
ENSG00000151006,PRSS53,ENSMICG00000035439
ENSG00000164405,UQCRQ,ENSMICG00000041653
ENSG00000106991,ENG,ENSMICG00000005670
ENSG00000205022,PABPN1L,ENSMICG00000028179
ENSG00000151923,TIAL1,ENSMICG00000037857
ENSG00000158748,HTR6,ENSMICG00000028832
ENSG00000020633,RUNX3,ENSMICG00000035257
ENSG00000198865,CCDC152,ENSMICG00000001272
ENSG00000138613,APH1B,ENSMICG00000007117
ENSG00000005381,MPO,ENSMICG00000015974
ENSG00000181019,NQO1,ENSMICG00000012114
ENSG00000169964,TMEM42,ENSMICG00000033990
ENSG00000005379,TSPOAP1,ENSMICG00000015982
ENSG00000159388,BTG2,ENSMICG00000042717
ENSG00000116254,CHD5,ENSMICG00000017862
ENSG00000140519,RHCG,ENSMICG00000003166
ENSG00000068796,KIF2A,ENSMICG00000016434
ENSG00000012983,MAP4K5,ENSMICG00000015101
ENSG00000004399,PLXND1,ENSMICG00000008079
ENSG00000166546,BEAN1,ENSMICG00000037496
ENSG00000138160,KIF11,ENSMICG00000046515
ENSG00000198959,TGM2,ENSMICG00000013134
ENSG00000175318,GRAMD2A,ENSMICG00000041898
ENSG00000061273,HDAC7,ENSMICG00000008981
ENSG00000196497,IPO4,ENSMICG00000001719
ENSG00000008710,PKD1,ENSMICG00000005834
ENSG00000173673,HES3,ENSMICG00000046334
ENSG00000207730,MIR200B,ENSMICG00000030150
ENSG00000207607,MIR200A,ENSMICG00000037132
ENSG00000205116,TMEM88B,ENSMICG00000032326
ENSG00000184056,VPS33B,ENSMICG00000014841
ENSG00000149243,KLHL35,ENSMICG00000045018
ENSG00000178104,PDE4DIP,ENSMICG00000006770
ENSG00000284353,MIR142,ENSMICG00000018193
ENSG00000213246,SUPT4H1,ENSMICG00000043219
ENSG00000170525,PFKFB3,ENSMICG00000016285
ENSG00000168004,PLAAT5,ENSMICG00000004239
ENSG00000007952,NOX1,ENSMICG00000014139
ENSG00000185614,INKA1,ENSMICG00000010761
ENSG00000197584,KCNMB2,ENSMICG00000049491
ENSG00000100206,DMC1,ENSMICG00000009723
ENSG00000162139,NEU3,ENSMICG00000046723
ENSG00000091592,NLRP1,ENSMICG00000005070
ENSG00000125868,DSTN,ENSMICG00000035158
ENSG00000180914,OXTR,ENSMICG00000038137
ENSG00000172818,OVOL1,ENSMICG00000032602
ENSG00000149295,DRD2,ENSMICG00000004037
ENSG00000179021,C3orf38,ENSMICG00000017722
ENSG00000203896,LIME1,ENSMICG00000008850
ENSG00000144741,SLC25A26,ENSMICG00000012813
ENSG00000167461,RAB8A,ENSMICG00000035390
ENSG00000170965,PLAC1,ENSMICG00000037036
ENSG00000109756,RAPGEF2,ENSMICG00000006389
ENSG00000101290,CDS2,ENSMICG00000009641
ENSG00000008056,SYN1,ENSMICG00000016204
ENSG00000101558,VAPA,ENSMICG00000002889
ENSG00000213265,TSGA13,ENSMICG00000006604
ENSG00000039600,SOX30,ENSMICG00000001020
ENSG00000183166,CALN1,ENSMICG00000001453
ENSG00000157514,TSC22D3,ENSMICG00000001932
ENSG00000178460,MCMDC2,ENSMICG00000007062
ENSG00000242372,EIF6,ENSMICG00000006009
ENSG00000131437,KIF3A,ENSMICG00000012476
ENSG00000207705,MIR129-1,ENSMICG00000018111
ENSG00000008226,DLEC1,ENSMICG00000048479
ENSG00000142538,PTH2,ENSMICG00000029136
ENSG00000206630,SNORD60,ENSMICG00000021388
ENSG00000281010,,ENSMICG00000036447
ENSG00000167971,CASKIN1,ENSMICG00000005870
ENSG00000117152,RGS4,ENSMICG00000036693
ENSG00000007264,MATK,ENSMICG00000014774
ENSG00000100095,SEZ6L,ENSMICG00000013652
ENSG00000197658,SLC22A24,ENSMICG00000034911
ENSG00000205678,TECRL,ENSMICG00000002253
ENSG00000182685,BRICD5,ENSMICG00000005883
ENSG00000172425,TTC36,ENSMICG00000046561
ENSG00000172575,RASGRP1,ENSMICG00000017344
ENSG00000184207,PGP,ENSMICG00000046766
ENSG00000157211,CDCP2,ENSMICG00000043435
ENSG00000165259,HDX,ENSMICG00000027640
ENSG00000167968,DNASE1L2,ENSMICG00000005898
ENSG00000126500,FLRT1,ENSMICG00000047913
ENSG00000143552,NUP210L,ENSMICG00000010354
ENSG00000187049,TMEM216,ENSMICG00000013785
ENSG00000110047,EHD1,ENSMICG00000001239
ENSG00000106479,ZNF862,ENSMICG00000035733
ENSG00000141429,GALNT1,ENSMICG00000003245
ENSG00000156162,DPY19L4,ENSMICG00000034944
ENSG00000127377,CRYGN,ENSMICG00000008093
ENSG00000205937,RNPS1,ENSMICG00000031543
ENSG00000148429,USP6NL,ENSMICG00000014584
ENSG00000198183,BPIFA1,ENSMICG00000004348
ENSG00000212303,RNU6-1154P,ENSMICG00000045115
ENSG00000164707,SLC13A4,ENSMICG00000042199
ENSG00000121236,TRIM6,ENSMICG00000005107
ENSG00000225526,MKRN2OS,ENSMICG00000038087
ENSG00000187017,ESPN,ENSMICG00000006645
ENSG00000170464,DNAJC18,ENSMICG00000012529
ENSG00000198954,KIFBP,ENSMICG00000035217
ENSG00000186393,KRT26,ENSMICG00000009852
ENSG00000110887,DAO,ENSMICG00000035232
ENSG00000008324,SS18L2,ENSMICG00000049577
ENSG00000138668,HNRNPD,ENSMICG00000010984
ENSG00000090512,FETUB,ENSMICG00000049077
ENSG00000198216,CACNA1E,ENSMICG00000008818
ENSG00000165695,AK8,ENSMICG00000010627
ENSG00000236383,CCDC200,ENSMICG00000045384
ENSG00000171858,RPS21,ENSMICG00000046562
ENSG00000109943,CRTAM,ENSMICG00000004685
ENSG00000078061,ARAF,ENSMICG00000016177
ENSG00000189320,FAM180A,ENSMICG00000032646
ENSG00000165672,PRDX3,ENSMICG00000007627
ENSG00000171617,ENC1,ENSMICG00000000742
ENSG00000274452,U2,ENSMICG00000029130
ENSG00000165120,SSMEM1,ENSMICG00000035748
ENSG00000153930,ANKFN1,ENSMICG00000003923
ENSG00000170946,DNAJC24,ENSMICG00000035987
ENSG00000148358,GPR107,ENSMICG00000009620
ENSG00000048392,RRM2B,ENSMICG00000033193
ENSG00000196335,STK31,ENSMICG00000012021
ENSG00000125991,ERGIC3,ENSMICG00000007435
ENSG00000053918,KCNQ1,ENSMICG00000032341
ENSG00000183691,NOG,ENSMICG00000003932
ENSG00000082701,GSK3B,ENSMICG00000049060
ENSG00000068438,FTSJ1,ENSMICG00000036228
ENSG00000166439,RNF169,ENSMICG00000046917
ENSG00000110344,UBE4A,ENSMICG00000027992
ENSG00000158201,ABHD3,ENSMICG00000002109
ENSG00000122432,SPATA1,ENSMICG00000034514
ENSG00000182645,CCDC172,ENSMICG00000041470
ENSG00000156150,ALX3,ENSMICG00000043406
ENSG00000186150,UBL4B,ENSMICG00000005235
ENSG00000198513,ATL1,ENSMICG00000005443
ENSG00000154007,ASB17,ENSMICG00000042539
ENSG00000100296,THOC5,ENSMICG00000017393
ENSG00000184005,ST6GALNAC3,ENSMICG00000027487
ENSG00000141668,CBLN2,ENSMICG00000030925
ENSG00000136940,PDCL,ENSMICG00000003224
ENSG00000166510,CCDC68,ENSMICG00000015449
ENSG00000151233,GXYLT1,ENSMICG00000008275
ENSG00000119707,RBM25,ENSMICG00000034082
ENSG00000155868,MED7,ENSMICG00000002539
ENSG00000127191,TRAF2,ENSMICG00000045680
ENSG00000123219,CENPK,ENSMICG00000015204
ENSG00000111341,MGP,ENSMICG00000033769
ENSG00000171045,TSNARE1,ENSMICG00000000568
ENSG00000069424,KCNAB2,ENSMICG00000017861
ENSG00000102265,TIMP1,ENSMICG00000029917
ENSG00000163751,CPA3,ENSMICG00000049222
ENSG00000013583,HEBP1,ENSMICG00000010117
ENSG00000183283,DAZAP2,ENSMICG00000003505
ENSG00000146834,MEPCE,ENSMICG00000030166
ENSG00000176485,PLAAT3,ENSMICG00000042074
ENSG00000168032,ENTPD3,ENSMICG00000049281
ENSG00000284346,MIR940,ENSMICG00000019462
ENSG00000102144,PGK1,ENSMICG00000006916
ENSG00000105270,CLIP3,ENSMICG00000042734
ENSG00000078328,RBFOX1,ENSMICG00000034286
ENSG00000138615,CILP,ENSMICG00000015198
ENSG00000162236,STX5,ENSMICG00000017386
ENSG00000184828,ZBTB7C,ENSMICG00000038331
ENSG00000197992,CLEC9A,ENSMICG00000046273
ENSG00000006283,CACNA1G,ENSMICG00000009782
ENSG00000125351,UPF3B,ENSMICG00000001743
ENSG00000017427,IGF1,ENSMICG00000001960
ENSG00000188582,PAQR9,ENSMICG00000049417
ENSG00000263155,MYZAP,ENSMICG00000012910
ENSG00000164951,PDP1,ENSMICG00000015194
ENSG00000173200,PARP15,ENSMICG00000049107
ENSG00000183760,ACP7,ENSMICG00000013945
ENSG00000104691,UBXN8,ENSMICG00000027523
ENSG00000171759,PAH,ENSMICG00000001962
ENSG00000200189,RNU6-832P,ENSMICG00000020668
ENSG00000130402,ACTN4,ENSMICG00000016495
ENSG00000214415,GNAT3,ENSMICG00000043377
ENSG00000101346,POFUT1,ENSMICG00000015955
ENSG00000068308,OTUD5,ENSMICG00000005989
ENSG00000127920,GNG11,ENSMICG00000044959
ENSG00000163959,SLC51A,ENSMICG00000049569
ENSG00000105829,BET1,ENSMICG00000043268
ENSG00000164172,MOCS2,ENSMICG00000004714
ENSG00000087589,CASS4,ENSMICG00000004650
ENSG00000162344,FGF19,ENSMICG00000047906
ENSG00000082397,EPB41L3,ENSMICG00000015594
ENSG00000181804,SLC9A9,ENSMICG00000049232
ENSG00000153790,SPMIP4,ENSMICG00000000758
ENSG00000072518,MARK2,ENSMICG00000016891
ENSG00000100934,SEC23A,ENSMICG00000014339
ENSG00000124191,TOX2,ENSMICG00000008209
ENSG00000105954,NPVF,ENSMICG00000000759
ENSG00000104643,MTMR9,ENSMICG00000037359
ENSG00000202233,U3,ENSMICG00000019035
ENSG00000127249,ATP13A4,ENSMICG00000049368
ENSG00000101966,XIAP,ENSMICG00000004339
ENSG00000106211,HSPB1,ENSMICG00000010684
ENSG00000180481,GLIPR1L2,ENSMICG00000037234
ENSG00000123560,PLP1,ENSMICG00000003053
ENSG00000154319,FAM167A,ENSMICG00000028229
ENSG00000124155,PIGT,ENSMICG00000013782
ENSG00000111653,ING4,ENSMICG00000006626
ENSG00000106404,CLDN15,ENSMICG00000047492
ENSG00000186918,ZNF395,ENSMICG00000011993
ENSG00000241224,C3orf85,ENSMICG00000048813
ENSG00000186329,TMEM212,ENSMICG00000048602
ENSG00000183597,TANGO2,ENSMICG00000005166
ENSG00000128581,IFT22,ENSMICG00000005451
ENSG00000114383,TUSC2,ENSMICG00000046717
ENSG00000156463,SH3RF2,ENSMICG00000027571
ENSG00000170860,LSM3,ENSMICG00000027821
ENSG00000163633,C4orf36,ENSMICG00000046876
ENSG00000163687,DNASE1L3,ENSMICG00000026978
ENSG00000072201,LNX1,ENSMICG00000008163
ENSG00000235631,RNF148,ENSMICG00000034262
ENSG00000099219,ERMP1,ENSMICG00000016329
ENSG00000101844,ATG4A,ENSMICG00000002066
ENSG00000114378,HYAL1,ENSMICG00000048147
ENSG00000070814,TCOF1,ENSMICG00000002858
ENSG00000151617,EDNRA,ENSMICG00000000581
ENSG00000164938,TP53INP1,ENSMICG00000047023
ENSG00000119703,ZC2HC1C,ENSMICG00000015986
ENSG00000148835,TAF5,ENSMICG00000012393
ENSG00000123124,WWP1,ENSMICG00000015978
ENSG00000047365,ARAP2,ENSMICG00000016496
ENSG00000154473,BUB3,ENSMICG00000000469
ENSG00000174564,IL20RB,ENSMICG00000049164
ENSG00000111087,GLI1,ENSMICG00000034549
ENSG00000156411,ATP5MJ,ENSMICG00000047123
ENSG00000129437,KLK14,ENSMICG00000030326
ENSG00000174004,NRROS,ENSMICG00000049545
ENSG00000163659,TIPARP,ENSMICG00000049557
ENSG00000104047,DTWD1,ENSMICG00000032408
ENSG00000142449,FBN3,ENSMICG00000032746
ENSG00000158113,LRRC43,ENSMICG00000001167
ENSG00000121797,CCRL2,ENSMICG00000049543
ENSG00000174206,KICS2,ENSMICG00000008231
ENSG00000196116,TDRD7,ENSMICG00000012642
ENSG00000227345,PARG,ENSMICG00000037678
ENSG00000111276,CDKN1B,ENSMICG00000046815
ENSG00000022976,ZNF839,ENSMICG00000006615
ENSG00000157017,GHRL,ENSMICG00000026776
ENSG00000165675,ENOX2,ENSMICG00000000062
ENSG00000047621,FERRY3,ENSMICG00000011341
ENSG00000163312,HELQ,ENSMICG00000026967
ENSG00000173546,CSPG4,ENSMICG00000007644
ENSG00000241697,TMEFF1,ENSMICG00000005352
ENSG00000186575,NF2,ENSMICG00000017402
ENSG00000111199,TRPV4,ENSMICG00000014505
ENSG00000089737,DDX24,ENSMICG00000008376
ENSG00000177707,NECTIN3,ENSMICG00000049065
ENSG00000189129,PLAC9,ENSMICG00000026495
ENSG00000103495,MAZ,ENSMICG00000030392
ENSG00000118785,SPP1,ENSMICG00000042086
ENSG00000166136,NDUFB8,ENSMICG00000001341
ENSG00000122707,RECK,ENSMICG00000045799
ENSG00000071794,HLTF,ENSMICG00000049468
ENSG00000172350,ABCG4,ENSMICG00000002738
ENSG00000208017,MIR140,ENSMICG00000018551
ENSG00000100784,RPS6KA5,ENSMICG00000005008
ENSG00000180938,ZNF572,ENSMICG00000017483
ENSG00000261236,BOP1,ENSMICG00000015653
ENSG00000137460,FHDC1,ENSMICG00000031284
ENSG00000136877,FPGS,ENSMICG00000005654
ENSG00000110148,CCKBR,ENSMICG00000007249
ENSG00000183346,CABCOCO1,ENSMICG00000010856
ENSG00000143442,POGZ,ENSMICG00000016751
ENSG00000107874,CUEDC2,ENSMICG00000043889
ENSG00000173457,PPP1R14B,ENSMICG00000036134
ENSG00000102317,RBM3,ENSMICG00000047440
ENSG00000134917,ADAMTS8,ENSMICG00000008506
ENSG00000163704,PRRT3,ENSMICG00000038695
ENSG00000229474,PATL2,ENSMICG00000005037
ENSG00000170142,UBE2E1,ENSMICG00000048911
ENSG00000214756,CSKMT,ENSMICG00000038782
ENSG00000127511,SIN3B,ENSMICG00000003468
ENSG00000180988,OR52N2,ENSMICG00000041593
ENSG00000169129,AFAP1L2,ENSMICG00000016249
ENSG00000197136,PCNX3,ENSMICG00000008858
ENSG00000140307,GTF2A2,ENSMICG00000031559
ENSG00000100949,RABGGTA,ENSMICG00000001753
ENSG00000183971,NPW,ENSMICG00000034106
ENSG00000066422,ZBTB11,ENSMICG00000049238
ENSG00000199474,,ENSMICG00000020701
ENSG00000237515,SHISA9,ENSMICG00000047746
ENSG00000094631,HDAC6,ENSMICG00000005955
ENSG00000186153,WWOX,ENSMICG00000029194
ENSG00000114315,HES1,ENSMICG00000049508
ENSG00000164056,SPRY1,ENSMICG00000043333
ENSG00000174748,RPL15,ENSMICG00000000112
ENSG00000109572,CLCN3,ENSMICG00000017306
ENSG00000155330,C16orf87,ENSMICG00000005922
ENSG00000110092,CCND1,ENSMICG00000033113
ENSG00000099381,SETD1A,ENSMICG00000001575
ENSG00000012504,NR1H4,ENSMICG00000013522
ENSG00000171735,CAMTA1,ENSMICG00000002970
ENSG00000034053,APBA2,ENSMICG00000006447
ENSG00000168569,TMEM223,ENSMICG00000046109
ENSG00000173465,ZNRD2,ENSMICG00000008771
ENSG00000166164,BRD7,ENSMICG00000045004
ENSG00000162399,BSND,ENSMICG00000027495
ENSG00000179241,LDLRAD3,ENSMICG00000008590
ENSG00000257365,FNTB,ENSMICG00000013108
ENSG00000205090,TMEM240,ENSMICG00000029887
ENSG00000144730,IL17RD,ENSMICG00000001723
ENSG00000105137,SYDE1,ENSMICG00000047920
ENSG00000260428,SCX,ENSMICG00000032370
ENSG00000203995,ZYG11A,ENSMICG00000009173
ENSG00000186174,BCL9L,ENSMICG00000026399
ENSG00000123933,MXD4,ENSMICG00000047939
ENSG00000070718,AP3M2,ENSMICG00000009218
ENSG00000155252,PI4K2A,ENSMICG00000007703
ENSG00000137692,DCUN1D5,ENSMICG00000006329
ENSG00000162383,SLC1A7,ENSMICG00000009206
ENSG00000161981,SNRNP25,ENSMICG00000036732
ENSG00000181826,RELL1,ENSMICG00000046783
ENSG00000127578,WFIKKN1,ENSMICG00000034843
ENSG00000168826,ZBTB49,ENSMICG00000042304
ENSG00000162006,MSLNL,ENSMICG00000017560
ENSG00000129535,NRL,ENSMICG00000043659
ENSG00000167978,SRRM2,ENSMICG00000046582
ENSG00000084207,GSTP1,ENSMICG00000035404
ENSG00000077150,NFKB2,ENSMICG00000011856
ENSG00000164687,FABP5,ENSMICG00000001311
ENSG00000072110,ACTN1,ENSMICG00000000640
ENSG00000177051,FBXO46,ENSMICG00000028138
ENSG00000145216,FIP1L1,ENSMICG00000008149
ENSG00000007047,MARK4,ENSMICG00000000621
ENSG00000010322,NISCH,ENSMICG00000002831
ENSG00000175329,ISX,ENSMICG00000030744
ENSG00000110237,ARHGEF17,ENSMICG00000016715
ENSG00000186716,BCR,ENSMICG00000015708
ENSG00000201114,Y_RNA,ENSMICG00000048101
ENSG00000143321,HDGF,ENSMICG00000008951
ENSG00000085644,ZNF213,ENSMICG00000009093
ENSG00000188859,FAM78B,ENSMICG00000041877
ENSG00000177238,TRIM72,ENSMICG00000030991
ENSG00000102924,CBLN1,ENSMICG00000032478
ENSG00000162341,TPCN2,ENSMICG00000017867
ENSG00000249961,TERB1,ENSMICG00000005788
ENSG00000094975,SUCO,ENSMICG00000038298
ENSG00000178538,CA8,ENSMICG00000047348
ENSG00000130045,NXNL2,ENSMICG00000045442
ENSG00000077312,SNRPA,ENSMICG00000009766
ENSG00000095321,CRAT,ENSMICG00000005911
ENSG00000147526,TACC1,ENSMICG00000003570
ENSG00000168748,CA7,ENSMICG00000005822
ENSG00000111530,CAND1,ENSMICG00000004211
ENSG00000153789,CIBAR2,ENSMICG00000047164
ENSG00000204231,RXRB,ENSMICG00000000899
ENSG00000066926,FECH,ENSMICG00000003069
ENSG00000157423,HYDIN,ENSMICG00000033742
ENSG00000105246,EBI3,ENSMICG00000042883
ENSG00000129071,MBD4,ENSMICG00000008022
ENSG00000099957,P2RX6,ENSMICG00000047036
ENSG00000105722,ERF,ENSMICG00000004694
ENSG00000185633,NDUFA4L2,ENSMICG00000034473
ENSG00000252552,RNU6-307P,ENSMICG00000047760
ENSG00000159173,TNNI1,ENSMICG00000004497
ENSG00000083814,ZNF671,ENSMICG00000046413
ENSG00000166046,TCP11L2,ENSMICG00000008898
ENSG00000105642,KCNN1,ENSMICG00000000005
ENSG00000136854,STXBP1,ENSMICG00000005600
ENSG00000213079,SCAF8,ENSMICG00000028965
ENSG00000162771,GARIN4,ENSMICG00000037119
ENSG00000123685,BATF3,ENSMICG00000027907
ENSG00000143756,FBXO28,ENSMICG00000034771
ENSG00000211584,SLC48A1,ENSMICG00000040477
ENSG00000144554,FANCD2,ENSMICG00000002340
ENSG00000111679,PTPN6,ENSMICG00000001782
ENSG00000076924,XAB2,ENSMICG00000010546
ENSG00000137500,CCDC90B,ENSMICG00000038111
ENSG00000170113,NIPA1,ENSMICG00000038451
ENSG00000198951,NAGA,ENSMICG00000012620
ENSG00000130396,AFDN,ENSMICG00000003571
ENSG00000138346,DNA2,ENSMICG00000004377
ENSG00000196557,CACNA1H,ENSMICG00000027405
ENSG00000092445,TYRO3,ENSMICG00000015918
ENSG00000162946,DISC1,ENSMICG00000010360
ENSG00000101079,NDRG3,ENSMICG00000045164
ENSG00000172461,FUT9,ENSMICG00000048006
ENSG00000100353,EIF3D,ENSMICG00000012161
ENSG00000112306,RPS12,ENSMICG00000043038
ENSG00000111231,GPN3,ENSMICG00000029292
ENSG00000113441,LNPEP,ENSMICG00000046342
ENSG00000150768,DLAT,ENSMICG00000015865
ENSG00000272325,NUDT3,ENSMICG00000026429
ENSG00000105261,OVOL3,ENSMICG00000010233
ENSG00000262919,CCNQ,ENSMICG00000032354
ENSG00000104889,RNASEH2A,ENSMICG00000016430
ENSG00000091844,RGS17,ENSMICG00000003816
ENSG00000259417,CTXND1,ENSMICG00000044717
ENSG00000077147,TM9SF3,ENSMICG00000010764
ENSG00000186687,LYRM7,ENSMICG00000042590
ENSG00000124802,EEF1E1,ENSMICG00000012636
ENSG00000182544,MFSD5,ENSMICG00000014231
ENSG00000105176,URI1,ENSMICG00000006756
ENSG00000168246,UBTD2,ENSMICG00000037280
ENSG00000100814,CCNB1IP1,ENSMICG00000041696
ENSG00000146414,SHPRH,ENSMICG00000009309
ENSG00000163626,COX18,ENSMICG00000036249
ENSG00000072571,HMMR,ENSMICG00000005137
ENSG00000005893,LAMP2,ENSMICG00000042413
ENSG00000109171,SLAIN2,ENSMICG00000011592
ENSG00000149948,HMGA2,ENSMICG00000029622
ENSG00000140416,TPM1,ENSMICG00000028096
ENSG00000253457,SMIM18,ENSMICG00000042305
ENSG00000157168,NRG1,ENSMICG00000015565
ENSG00000138663,COPS4,ENSMICG00000032901
ENSG00000218891,ZNF579,ENSMICG00000036159
ENSG00000237452,MEIOSIN,ENSMICG00000036620
ENSG00000166913,YWHAB,ENSMICG00000037501
ENSG00000104883,PEX11G,ENSMICG00000013977
ENSG00000111445,RFC5,ENSMICG00000005909
ENSG00000121653,MAPK8IP1,ENSMICG00000014190
ENSG00000124783,SSR1,ENSMICG00000047142
ENSG00000167670,CHAF1A,ENSMICG00000000323
ENSG00000173681,BCLAF3,ENSMICG00000004101
ENSG00000165698,SPACA9,ENSMICG00000010636
ENSG00000109771,LRP2BP,ENSMICG00000010882
ENSG00000114391,RPL24,ENSMICG00000049277
ENSG00000162105,SHANK2,ENSMICG00000035602
ENSG00000148225,WDR31,ENSMICG00000015057
ENSG00000116176,TPSG1,ENSMICG00000045902
ENSG00000131043,AAR2,ENSMICG00000001707
ENSG00000188958,UTS2B,ENSMICG00000049145
ENSG00000138119,MYOF,ENSMICG00000005456
ENSG00000198937,CCDC167,ENSMICG00000003378
ENSG00000131023,LATS1,ENSMICG00000006305
ENSG00000105281,SLC1A5,ENSMICG00000000030
ENSG00000171135,JAGN1,ENSMICG00000048042
ENSG00000075188,NUP37,ENSMICG00000002615
ENSG00000163530,DPPA2,ENSMICG00000049566
ENSG00000005513,SOX8,ENSMICG00000011516
ENSG00000126759,CFP,ENSMICG00000047059
ENSG00000066117,SMARCD1,ENSMICG00000015651
ENSG00000088826,SMOX,ENSMICG00000006861
ENSG00000064666,CNN2,ENSMICG00000013016
ENSG00000112812,PRSS16,ENSMICG00000001179
ENSG00000003096,KLHL13,ENSMICG00000035307
ENSG00000167962,ZNF598,ENSMICG00000012834
ENSG00000100629,CEP128,ENSMICG00000010840
ENSG00000171530,TBCA,ENSMICG00000031776
ENSG00000160097,FNDC5,ENSMICG00000046822
ENSG00000221963,APOL6,ENSMICG00000047265
ENSG00000099994,SUSD2,ENSMICG00000009778
ENSG00000168273,UQCC5,ENSMICG00000042921
ENSG00000123892,RAB38,ENSMICG00000028169
ENSG00000284214,MIR29C,ENSMICG00000019408
ENSG00000284203,MIR29B2,ENSMICG00000019155
ENSG00000144827,ABHD10,ENSMICG00000049167
ENSG00000166507,NDST2,ENSMICG00000008045
ENSG00000164258,NDUFS4,ENSMICG00000041801
ENSG00000254999,BRK1,ENSMICG00000045532
ENSG00000177189,RPS6KA3,ENSMICG00000004112
ENSG00000133422,MORC2,ENSMICG00000008540
ENSG00000213593,TMX2,ENSMICG00000026570
ENSG00000132182,NUP210,ENSMICG00000014165
ENSG00000150756,ATPSCKMT,ENSMICG00000043453
ENSG00000162039,MEIOB,ENSMICG00000011322
ENSG00000116990,MYCL,ENSMICG00000030328
ENSG00000110917,MLEC,ENSMICG00000008695
ENSG00000112218,GPR63,ENSMICG00000048052
ENSG00000130772,MED18,ENSMICG00000006508
ENSG00000123552,USP45,ENSMICG00000013266
ENSG00000134058,CDK7,ENSMICG00000013463
ENSG00000135441,BLOC1S1,ENSMICG00000010878
ENSG00000061656,SPAG4,ENSMICG00000007472
ENSG00000089154,GCN1,ENSMICG00000012479
ENSG00000090013,BLVRB,ENSMICG00000009629
ENSG00000165304,MELK,ENSMICG00000017678
ENSG00000138769,CDKL2,ENSMICG00000031003
ENSG00000009830,POMT2,ENSMICG00000017148
ENSG00000167992,VWCE,ENSMICG00000013662
ENSG00000108039,XPNPEP1,ENSMICG00000006830
ENSG00000166473,PKD1L2,ENSMICG00000011945
ENSG00000109758,HGFAC,ENSMICG00000007634
ENSG00000211452,DIO1,ENSMICG00000014290
ENSG00000140157,NIPA2,ENSMICG00000041893
ENSG00000128274,A4GALT,ENSMICG00000044263
ENSG00000173545,ZNF622,ENSMICG00000010544
ENSG00000204287,HLA-DRA,ENSMICG00000006228
ENSG00000162592,CCDC27,ENSMICG00000013210
ENSG00000169398,PTK2,ENSMICG00000004440
ENSG00000113194,FAF2,ENSMICG00000009955
ENSG00000156097,GPR61,ENSMICG00000016416
ENSG00000118518,RNF146,ENSMICG00000036585
ENSG00000159398,CES5A,ENSMICG00000003829
ENSG00000213186,TRIM59,ENSMICG00000049309
ENSG00000022267,FHL1,ENSMICG00000035670
ENSG00000143258,USP21,ENSMICG00000007253
ENSG00000118420,UBE3D,ENSMICG00000006683
ENSG00000182944,EWSR1,ENSMICG00000028934
ENSG00000182247,UBE2E2,ENSMICG00000049547
ENSG00000109854,HTATIP2,ENSMICG00000037823
ENSG00000145494,NDUFS6,ENSMICG00000014038
ENSG00000196104,SPOCK3,ENSMICG00000009138
ENSG00000161021,MAML1,ENSMICG00000034960
ENSG00000075945,KIFAP3,ENSMICG00000012379
ENSG00000163808,KIF15,ENSMICG00000005582
ENSG00000137331,IER3,ENSMICG00000026480
ENSG00000167645,YIF1B,ENSMICG00000004434
ENSG00000112304,ACOT13,ENSMICG00000000041
ENSG00000113319,RASGRF2,ENSMICG00000016229
ENSG00000134954,ETS1,ENSMICG00000011384
ENSG00000146215,CRIP3,ENSMICG00000008393
ENSG00000133943,DGLUCY,ENSMICG00000011124
ENSG00000137338,PGBD1,ENSMICG00000034507
ENSG00000252357,Y_RNA,ENSMICG00000024193
ENSG00000135835,KIAA1614,ENSMICG00000017558
ENSG00000081248,CACNA1S,ENSMICG00000011685
ENSG00000164430,CGAS,ENSMICG00000046397
ENSG00000113119,TMCO6,ENSMICG00000014064
ENSG00000135503,ACVR1B,ENSMICG00000016804
ENSG00000118523,CCN2,ENSMICG00000029289
ENSG00000156603,MED19,ENSMICG00000004907
ENSG00000143337,TOR1AIP1,ENSMICG00000029943
ENSG00000170903,MSANTD4,ENSMICG00000036595
ENSG00000055208,TAB2,ENSMICG00000027001
ENSG00000177508,IRX3,ENSMICG00000016860
ENSG00000166689,PLEKHA7,ENSMICG00000003710
ENSG00000112365,ZBTB24,ENSMICG00000014485
ENSG00000239555,RN7SL841P,ENSMICG00000031246
ENSG00000113068,PFDN1,ENSMICG00000043564
ENSG00000076716,GPC4,ENSMICG00000015827
ENSG00000124614,RPS10,ENSMICG00000031123
ENSG00000136014,USP44,ENSMICG00000029998
ENSG00000164180,TMEM161B,ENSMICG00000028658
ENSG00000116745,RPE65,ENSMICG00000002782
ENSG00000121406,ZNF549,ENSMICG00000030760
ENSG00000261210,CLEC19A,ENSMICG00000014006
ENSG00000130208,APOC1,ENSMICG00000045015
ENSG00000116147,TNR,ENSMICG00000045123
ENSG00000152219,ARL14EP,ENSMICG00000011547
ENSG00000183943,PRKX,ENSMICG00000002892
ENSG00000175868,CALCB,ENSMICG00000044384
ENSG00000099330,OCEL1,ENSMICG00000045602
ENSG00000198626,RYR2,ENSMICG00000015975
ENSG00000154102,C16orf74,ENSMICG00000009935
ENSG00000110107,PRPF19,ENSMICG00000011236
ENSG00000068366,ACSL4,ENSMICG00000014516
ENSG00000214435,AS3MT,ENSMICG00000012292
ENSG00000167522,ANKRD11,ENSMICG00000032745
ENSG00000151552,QDPR,ENSMICG00000000596
ENSG00000099795,NDUFB7,ENSMICG00000043903
ENSG00000163807,KIAA1143,ENSMICG00000005578
ENSG00000165816,VWA2,ENSMICG00000016230
ENSG00000168394,TAP1,ENSMICG00000015264
ENSG00000105447,GRWD1,ENSMICG00000008894
ENSG00000041802,LSG1,ENSMICG00000049087
ENSG00000113273,ARSB,ENSMICG00000044223
ENSG00000165526,RPUSD4,ENSMICG00000015979
ENSG00000078403,MLLT10,ENSMICG00000009574
ENSG00000170234,PWWP2A,ENSMICG00000003248
ENSG00000105677,TMEM147,ENSMICG00000010909
ENSG00000197345,MRPL21,ENSMICG00000046580
ENSG00000086589,RBM22,ENSMICG00000033712
ENSG00000163377,TAFA4,ENSMICG00000042440
ENSG00000114353,GNAI2,ENSMICG00000016278
ENSG00000150667,FSIP1,ENSMICG00000003185
ENSG00000124920,MYRF,ENSMICG00000013870
ENSG00000217128,FNIP1,ENSMICG00000032728
ENSG00000112578,BYSL,ENSMICG00000011347
ENSG00000069974,RAB27A,ENSMICG00000002622
ENSG00000105371,ICAM4,ENSMICG00000010290
ENSG00000055211,GINM1,ENSMICG00000006295
ENSG00000138821,SLC39A8,ENSMICG00000006095
ENSG00000127445,PIN1,ENSMICG00000031881
ENSG00000124767,GLO1,ENSMICG00000034393
ENSG00000183454,GRIN2A,ENSMICG00000002577
ENSG00000126259,KIRREL2,ENSMICG00000010091
ENSG00000127334,DYRK2,ENSMICG00000035325
ENSG00000196814,MVB12B,ENSMICG00000010281
ENSG00000163666,HESX1,ENSMICG00000010826
ENSG00000137404,NRM,ENSMICG00000014861
ENSG00000162753,SLC9C2,ENSMICG00000002937
ENSG00000206557,TRIM71,ENSMICG00000049091
ENSG00000111206,FOXM1,ENSMICG00000000100
ENSG00000114902,SPCS1,ENSMICG00000045517
ENSG00000239149,SNORA59A,ENSMICG00000025456
ENSG00000188770,OPTC,ENSMICG00000015466
ENSG00000064655,EYA2,ENSMICG00000009315
ENSG00000214160,ALG3,ENSMICG00000048992
ENSG00000123240,OPTN,ENSMICG00000009520
ENSG00000120156,TEK,ENSMICG00000009269
ENSG00000283899,MIR761,ENSMICG00000019430
ENSG00000198818,SFT2D1,ENSMICG00000034411
ENSG00000131503,ANKHD1,ENSMICG00000000358
ENSG00000162877,PM20D1,ENSMICG00000006825
ENSG00000127418,FGFRL1,ENSMICG00000030053
ENSG00000140265,ZSCAN29,ENSMICG00000010051
ENSG00000076201,PTPN23,ENSMICG00000013640
ENSG00000164458,TBXT,ENSMICG00000016122
ENSG00000140367,UBE2Q2,ENSMICG00000014850
ENSG00000164066,INTU,ENSMICG00000014722
ENSG00000124535,WRNIP1,ENSMICG00000031945
ENSG00000197594,ENPP1,ENSMICG00000002958
ENSG00000105662,CRTC1,ENSMICG00000000711
ENSG00000124228,DDX27,ENSMICG00000002005
ENSG00000110851,PRDM4,ENSMICG00000007807
ENSG00000186792,HYAL3,ENSMICG00000027679
ENSG00000147003,CLTRN,ENSMICG00000003210
ENSG00000207502,,ENSMICG00000021069
ENSG00000243477,NAA80,ENSMICG00000031697
ENSG00000165671,NSD1,ENSMICG00000004362
ENSG00000163631,ALB,ENSMICG00000017567
ENSG00000112658,SRF,ENSMICG00000027236
ENSG00000112367,FIG4,ENSMICG00000014528
ENSG00000206559,ZCWPW2,ENSMICG00000049581
ENSG00000145681,HAPLN1,ENSMICG00000034468
ENSG00000177192,PUS1,ENSMICG00000030980
ENSG00000172020,GAP43,ENSMICG00000049221
ENSG00000164265,SCGB3A2,ENSMICG00000010558
ENSG00000160124,MIX23,ENSMICG00000049469
ENSG00000176444,CLK2,ENSMICG00000007436
ENSG00000162298,SYVN1,ENSMICG00000016607
ENSG00000104973,MED25,ENSMICG00000003098
ENSG00000196981,WDR5B,ENSMICG00000049311
ENSG00000084463,WBP11,ENSMICG00000006254
ENSG00000184840,TMED9,ENSMICG00000027542
ENSG00000075914,EXOSC7,ENSMICG00000049103
ENSG00000137842,TMEM62,ENSMICG00000009940
ENSG00000113732,ATP6V0E1,ENSMICG00000011317
ENSG00000196998,WDR45,ENSMICG00000030259
ENSG00000060762,MPC1,ENSMICG00000003851
ENSG00000136918,WDR38,ENSMICG00000038127
ENSG00000135333,EPHA7,ENSMICG00000016493
ENSG00000110987,BCL7A,ENSMICG00000001160
ENSG00000136942,RPL35,ENSMICG00000002922
ENSG00000113638,TTC33,ENSMICG00000038292
ENSG00000089177,KIF16B,ENSMICG00000045752
ENSG00000135446,CDK4,ENSMICG00000003789
ENSG00000284202,MIR137,ENSMICG00000031189
ENSG00000114346,ECT2,ENSMICG00000049582
ENSG00000272051,Y_RNA,ENSMICG00000047805
ENSG00000196743,GM2A,ENSMICG00000031216
ENSG00000092607,TBX15,ENSMICG00000048122
ENSG00000165152,PGAP4,ENSMICG00000047833
ENSG00000140525,FANCI,ENSMICG00000001936
ENSG00000143178,TBX19,ENSMICG00000007817
ENSG00000124782,RREB1,ENSMICG00000003683
ENSG00000132570,PCBD2,ENSMICG00000041651
ENSG00000167550,RHEBL1,ENSMICG00000017548
ENSG00000113657,DPYSL3,ENSMICG00000009380
ENSG00000100979,PLTP,ENSMICG00000011275
ENSG00000181656,GPR88,ENSMICG00000048118
ENSG00000180667,YOD1,ENSMICG00000008416
ENSG00000136875,PRPF4,ENSMICG00000015022
ENSG00000104814,MAP4K1,ENSMICG00000016445
ENSG00000113083,LOX,ENSMICG00000044306
ENSG00000064199,SPA17,ENSMICG00000046417
ENSG00000104368,PLAT,ENSMICG00000009222
ENSG00000169372,CRADD,ENSMICG00000010191
ENSG00000166402,TUB,ENSMICG00000005425
ENSG00000146083,RNF44,ENSMICG00000009971
ENSG00000204856,FAM216A,ENSMICG00000047396
ENSG00000184465,WDR27,ENSMICG00000013170
ENSG00000222009,BTBD19,ENSMICG00000026423
ENSG00000175582,RAB6A,ENSMICG00000031565
ENSG00000107362,ABHD17B,ENSMICG00000043635
ENSG00000232113,TEX50,ENSMICG00000046819
ENSG00000201638,RNY4P16,ENSMICG00000020252
ENSG00000138829,FBN2,ENSMICG00000001587
ENSG00000139116,KIF21A,ENSMICG00000013145
ENSG00000187144,SPATA21,ENSMICG00000006459
ENSG00000130703,OSBPL2,ENSMICG00000013373
ENSG00000073754,CD5L,ENSMICG00000033978
ENSG00000106772,PRUNE2,ENSMICG00000042329
ENSG00000105364,MRPL4,ENSMICG00000010267
ENSG00000242247,ARFGAP3,ENSMICG00000006141
ENSG00000252612,Y_RNA,ENSMICG00000045110
ENSG00000204264,PSMB8,ENSMICG00000015254
ENSG00000122188,LAX1,ENSMICG00000029490
ENSG00000175390,EIF3F,ENSMICG00000034013
ENSG00000187239,FNBP1,ENSMICG00000009605
ENSG00000162398,CIMAP2,ENSMICG00000007622
ENSG00000153989,NUS1,ENSMICG00000045489
ENSG00000143001,TMEM61,ENSMICG00000014844
ENSG00000231389,HLA-DPA1,ENSMICG00000003711
ENSG00000196748,CLPSL2,ENSMICG00000041586
ENSG00000166483,WEE1,ENSMICG00000037431
ENSG00000096080,MRPS18A,ENSMICG00000005062
ENSG00000113615,SEC24A,ENSMICG00000011650
ENSG00000124562,SNRPC,ENSMICG00000009130
ENSG00000162191,UBXN1,ENSMICG00000009925
ENSG00000100099,HPS4,ENSMICG00000032079
ENSG00000025156,HSF2,ENSMICG00000031761
ENSG00000166169,POLL,ENSMICG00000044578
ENSG00000115286,NDUFS7,ENSMICG00000032987
ENSG00000104497,SNX16,ENSMICG00000013943
ENSG00000124688,MAD2L1BP,ENSMICG00000005055
ENSG00000112149,CD83,ENSMICG00000042608
ENSG00000170469,SPATA24,ENSMICG00000012514
ENSG00000013392,RWDD2A,ENSMICG00000013751
ENSG00000172869,DMXL1,ENSMICG00000015937
ENSG00000204385,SLC44A4,ENSMICG00000044872
ENSG00000175305,CCNE2,ENSMICG00000015598
ENSG00000169981,ZNF35,ENSMICG00000005568
ENSG00000139182,CLSTN3,ENSMICG00000009538
ENSG00000204291,COL15A1,ENSMICG00000011085
ENSG00000114739,ACVR2B,ENSMICG00000049276
ENSG00000172932,ANKRD13D,ENSMICG00000004074
ENSG00000101158,NELFCD,ENSMICG00000014872
ENSG00000267855,NDUFA7,ENSMICG00000002422
ENSG00000126264,HCST,ENSMICG00000028917
ENSG00000095951,HIVEP1,ENSMICG00000032151
ENSG00000149054,ZNF215,ENSMICG00000010369
ENSG00000076826,CAMSAP3,ENSMICG00000000437
ENSG00000151917,BEND6,ENSMICG00000037952
ENSG00000145833,DDX46,ENSMICG00000028626
ENSG00000132561,MATN2,ENSMICG00000006923
ENSG00000123545,NDUFAF4,ENSMICG00000043550
ENSG00000163832,ELP6,ENSMICG00000013709
ENSG00000187987,ZSCAN23,ENSMICG00000010510
ENSG00000162337,LRP5,ENSMICG00000014388
ENSG00000228727,SAPCD1,ENSMICG00000030120
ENSG00000237649,KIFC1,ENSMICG00000005648
ENSG00000165891,E2F7,ENSMICG00000013872
ENSG00000130812,ANGPTL6,ENSMICG00000031653
ENSG00000185219,ZNF445,ENSMICG00000038112
ENSG00000169567,HINT1,ENSMICG00000035584
ENSG00000105676,ARMC6,ENSMICG00000003677
ENSG00000049167,ERCC8,ENSMICG00000008906
ENSG00000129810,SGO1,ENSMICG00000049414
ENSG00000204228,HSD17B8,ENSMICG00000000908
ENSG00000197694,SPTAN1,ENSMICG00000017641
ENSG00000186104,CYP2R1,ENSMICG00000031499
ENSG00000164626,KCNK5,ENSMICG00000044626
ENSG00000112200,ZNF451,ENSMICG00000014017
ENSG00000100226,GTPBP1,ENSMICG00000034218
ENSG00000071655,MBD3,ENSMICG00000000808
ENSG00000064601,CTSA,ENSMICG00000011264
ENSG00000165669,FAM204A,ENSMICG00000046536
ENSG00000149548,CCDC15,ENSMICG00000032597
ENSG00000127328,RAB3IP,ENSMICG00000004622
ENSG00000158042,MRPL17,ENSMICG00000035814
ENSG00000105556,MIER2,ENSMICG00000008694
ENSG00000177666,PNPLA2,ENSMICG00000034349
ENSG00000100150,DEPDC5,ENSMICG00000012793
ENSG00000011132,APBA3,ENSMICG00000014756
ENSG00000232040,SCAND3,ENSMICG00000014561
ENSG00000064042,LIMCH1,ENSMICG00000047961
ENSG00000156172,CFAP418,ENSMICG00000004581
ENSG00000112651,MRPL2,ENSMICG00000008282
ENSG00000145912,NHP2,ENSMICG00000005379
ENSG00000168495,POLR3D,ENSMICG00000001049
ENSG00000164309,CMYA5,ENSMICG00000017061
ENSG00000169826,CSGALNACT2,ENSMICG00000003025
ENSG00000168116,KIAA1586,ENSMICG00000033000
ENSG00000149782,PLCB3,ENSMICG00000016970
ENSG00000037474,NSUN2,ENSMICG00000016549
ENSG00000107779,BMPR1A,ENSMICG00000003384
ENSG00000135535,CD164,ENSMICG00000014422
ENSG00000074181,NOTCH3,ENSMICG00000014208
ENSG00000121871,SLITRK3,ENSMICG00000049548
ENSG00000034239,CLXN,ENSMICG00000006465
ENSG00000114742,WDR48,ENSMICG00000048876
ENSG00000123416,TUBA1B,ENSMICG00000046786
ENSG00000104388,RAB2A,ENSMICG00000034540
ENSG00000205155,PSENEN,ENSMICG00000033711
ENSG00000112559,MDFI,ENSMICG00000015669
ENSG00000043093,DCUN1D1,ENSMICG00000049045
ENSG00000063176,SPHK2,ENSMICG00000016315
ENSG00000184047,DIABLO,ENSMICG00000001170
ENSG00000100890,PRORP,ENSMICG00000001438
ENSG00000172426,RSPH9,ENSMICG00000005058
ENSG00000065518,NDUFB4,ENSMICG00000049509
ENSG00000083123,BCKDHB,ENSMICG00000003277
ENSG00000175895,PLEKHF2,ENSMICG00000045232
ENSG00000087076,HSD17B14,ENSMICG00000046832
ENSG00000146263,MMS22L,ENSMICG00000015759
ENSG00000122863,CHST3,ENSMICG00000004209
ENSG00000166153,DEPDC4,ENSMICG00000016407
ENSG00000171720,HDAC3,ENSMICG00000017449
ENSG00000101019,UQCC1,ENSMICG00000006027
ENSG00000114529,C3orf52,ENSMICG00000049149
ENSG00000107537,PHYH,ENSMICG00000035907
ENSG00000131981,LGALS3,ENSMICG00000016283
ENSG00000142065,ZFP14,ENSMICG00000006316
ENSG00000139324,TMTC3,ENSMICG00000032189
ENSG00000073111,MCM2,ENSMICG00000033923
ENSG00000123810,B9D2,ENSMICG00000027358
ENSG00000269058,CALR3,ENSMICG00000026331
ENSG00000203760,CENPW,ENSMICG00000004516
ENSG00000149503,INCENP,ENSMICG00000005864
ENSG00000204248,COL11A2,ENSMICG00000000879
ENSG00000079102,RUNX1T1,ENSMICG00000015825
ENSG00000105254,TBCB,ENSMICG00000033775
ENSG00000196793,ZNF239,ENSMICG00000034628
ENSG00000090615,GOLGA3,ENSMICG00000003997
ENSG00000163918,RFC4,ENSMICG00000049348
ENSG00000028277,POU2F2,ENSMICG00000015156
ENSG00000078124,ACER3,ENSMICG00000013908
ENSG00000082068,WDR70,ENSMICG00000027615
ENSG00000198873,GRK5,ENSMICG00000007635
ENSG00000129515,SNX6,ENSMICG00000031874
ENSG00000136603,SKIL,ENSMICG00000049220
ENSG00000182899,RPL35A,ENSMICG00000048983
ENSG00000151704,KCNJ1,ENSMICG00000034245
ENSG00000008083,JARID2,ENSMICG00000010642
ENSG00000149451,ADAM33,ENSMICG00000002515
ENSG00000107518,ATRNL1,ENSMICG00000001455
ENSG00000091009,RBM27,ENSMICG00000003262
ENSG00000168014,C2CD3,ENSMICG00000012725
ENSG00000112249,ASCC3,ENSMICG00000008861
ENSG00000205981,DNAJC19,ENSMICG00000027041
ENSG00000008853,RHOBTB2,ENSMICG00000011180
ENSG00000155542,SETD9,ENSMICG00000000429
ENSG00000122376,SHLD2,ENSMICG00000029494
ENSG00000018869,ZNF582,ENSMICG00000012915
ENSG00000166902,MRPL16,ENSMICG00000011027
ENSG00000064651,SLC12A2,ENSMICG00000013234
ENSG00000166398,GARRE1,ENSMICG00000011605
ENSG00000110422,HIPK3,ENSMICG00000038979
ENSG00000186106,ANKRD46,ENSMICG00000038072
ENSG00000144566,RAB5A,ENSMICG00000049130
ENSG00000167664,TMIGD2,ENSMICG00000045375
ENSG00000186020,ZNF529,ENSMICG00000035370
ENSG00000257218,GATC,ENSMICG00000008669
ENSG00000130234,ACE2,ENSMICG00000003198
ENSG00000204954,UQCC6,ENSMICG00000032809
ENSG00000160799,CCDC12,ENSMICG00000032886
ENSG00000125651,GTF2F1,ENSMICG00000006292
ENSG00000104687,GSR,ENSMICG00000010399
ENSG00000115592,PRKAG3,ENSMICG00000007009
ENSG00000171467,ZNF318,ENSMICG00000008398
ENSG00000130985,UBA1,ENSMICG00000016948
ENSG00000163673,DCLK3,ENSMICG00000049233
ENSG00000127311,HELB,ENSMICG00000017060
ENSG00000146242,TPBG,ENSMICG00000046765
ENSG00000213465,ARL2,ENSMICG00000038050
ENSG00000114395,CYB561D2,ENSMICG00000016389
ENSG00000146021,KLHL3,ENSMICG00000047430
ENSG00000144681,STAC,ENSMICG00000048960
ENSG00000149100,EIF3M,ENSMICG00000035817
ENSG00000121749,TBC1D15,ENSMICG00000009172
ENSG00000101463,SYNDIG1,ENSMICG00000027578
ENSG00000214736,TOMM6,ENSMICG00000047932
ENSG00000164237,CMBL,ENSMICG00000000533
ENSG00000101349,PAK5,ENSMICG00000006625
ENSG00000040341,STAU2,ENSMICG00000002886
ENSG00000047579,DTNBP1,ENSMICG00000010679
ENSG00000101049,SGK2,ENSMICG00000015157
ENSG00000171202,TMEM126A,ENSMICG00000005510
ENSG00000108561,C1QBP,ENSMICG00000012706
ENSG00000153551,CMTM7,ENSMICG00000049542
ENSG00000005100,DHX33,ENSMICG00000012715
ENSG00000171368,TPPP,ENSMICG00000042217
ENSG00000165424,ZCCHC24,ENSMICG00000035887
ENSG00000148459,PDSS1,ENSMICG00000007027
ENSG00000146109,ABT1,ENSMICG00000042383
ENSG00000188338,SLC38A3,ENSMICG00000047680
ENSG00000096433,ITPR3,ENSMICG00000016370
ENSG00000167941,SOST,ENSMICG00000042931
ENSG00000231256,CFAP97D1,ENSMICG00000043601
ENSG00000197043,ANXA6,ENSMICG00000000675
ENSG00000188716,DUSP29,ENSMICG00000017812
ENSG00000101134,DOK5,ENSMICG00000004144
ENSG00000125772,GPCPD1,ENSMICG00000001862
ENSG00000284643,SCYGR2,ENSMICG00000042278
ENSG00000284631,SCYGR4,ENSMICG00000045621
ENSG00000138621,PPCDC,ENSMICG00000010961
ENSG00000278023,RDM1,ENSMICG00000038651
ENSG00000214694,ARHGEF33,ENSMICG00000027216
ENSG00000150990,DHX37,ENSMICG00000005216
ENSG00000166411,IDH3A,ENSMICG00000008764
ENSG00000173567,ADGRF3,ENSMICG00000006761
ENSG00000100325,ASCC2,ENSMICG00000017414
ENSG00000066379,POLR1H,ENSMICG00000045696
ENSG00000088298,EDEM2,ENSMICG00000046463
ENSG00000138018,SELENOI,ENSMICG00000006775
ENSG00000185101,ANO9,ENSMICG00000030939
ENSG00000275722,LYZL6,ENSMICG00000045192
ENSG00000165714,BORCS5,ENSMICG00000004415
ENSG00000134107,BHLHE40,ENSMICG00000043220
ENSG00000166863,TAC3,ENSMICG00000002147
ENSG00000163064,EN1,ENSMICG00000042501
ENSG00000120992,LYPLA1,ENSMICG00000015545
ENSG00000276014,RN7SL301P,ENSMICG00000027134
ENSG00000221955,SLC12A8,ENSMICG00000049518
ENSG00000101363,MANBAL,ENSMICG00000032328
ENSG00000286095,SPEGNB,ENSMICG00000032186
ENSG00000104142,VPS18,ENSMICG00000010011
ENSG00000121621,KIF18A,ENSMICG00000005169
ENSG00000020256,ZFP64,ENSMICG00000034213
ENSG00000140463,BBS4,ENSMICG00000032120
ENSG00000170004,CHD3,ENSMICG00000008741
ENSG00000050438,SLC4A8,ENSMICG00000003543
ENSG00000196072,BLOC1S2,ENSMICG00000046700
ENSG00000112276,POPDC1,ENSMICG00000041560
ENSG00000149658,YTHDF1,ENSMICG00000032266
ENSG00000064787,BCAS1,ENSMICG00000004635
ENSG00000108100,CCNY,ENSMICG00000017163
ENSG00000110700,RPS13,ENSMICG00000031241
ENSG00000115488,NEU2,ENSMICG00000037724
ENSG00000035664,DAPK2,ENSMICG00000011065
ENSG00000213676,ATF6B,ENSMICG00000047519
ENSG00000132740,IGHMBP2,ENSMICG00000043944
ENSG00000153815,CMIP,ENSMICG00000009908
ENSG00000166145,SPINT1,ENSMICG00000005969
ENSG00000173230,GOLGB1,ENSMICG00000048527
ENSG00000155846,PPARGC1B,ENSMICG00000002702
ENSG00000253064,RNU6-711P,ENSMICG00000042793
ENSG00000171823,FBXL14,ENSMICG00000016267
ENSG00000127337,YEATS4,ENSMICG00000002467
ENSG00000277399,GPR179,ENSMICG00000000628
ENSG00000274211,SOCS7,ENSMICG00000000636
ENSG00000122861,PLAU,ENSMICG00000008071
ENSG00000277363,SRCIN1,ENSMICG00000000639
ENSG00000120800,UTP20,ENSMICG00000015736
ENSG00000125999,BPIFB1,ENSMICG00000004357
ENSG00000164934,DCAF13,ENSMICG00000006907
ENSG00000141316,SPACA3,ENSMICG00000043535
ENSG00000186188,FFAR4,ENSMICG00000043364
ENSG00000199711,Y_RNA,ENSMICG00000045597
ENSG00000138138,ATAD1,ENSMICG00000003338
ENSG00000277443,MARCKS,ENSMICG00000026883
ENSG00000266714,MYO15B,ENSMICG00000043633
ENSG00000166908,PIP4K2C,ENSMICG00000005508
ENSG00000204256,BRD2,ENSMICG00000003693
ENSG00000180354,MTURN,ENSMICG00000007254
ENSG00000137713,PPP2R1B,ENSMICG00000015746
ENSG00000129465,RIPK3,ENSMICG00000045372
ENSG00000249751,ECSCR,ENSMICG00000029366
ENSG00000104723,TUSC3,ENSMICG00000000560
ENSG00000272393,RNU6-92P,ENSMICG00000047654
ENSG00000170653,ATF7,ENSMICG00000011677
ENSG00000240230,COX19,ENSMICG00000044718
ENSG00000100462,PRMT5,ENSMICG00000015023
ENSG00000101004,NINL,ENSMICG00000005792
ENSG00000075234,TTC38,ENSMICG00000016770
ENSG00000073067,CYP2W1,ENSMICG00000002095
ENSG00000172667,ZMAT3,ENSMICG00000049501
ENSG00000183111,ARHGEF37,ENSMICG00000002691
ENSG00000199023,MIR339,ENSMICG00000017978
ENSG00000164853,UNCX,ENSMICG00000026882
ENSG00000120094,HOXB1,ENSMICG00000048152
ENSG00000173917,HOXB2,ENSMICG00000038222
ENSG00000182742,HOXB4,ENSMICG00000043173
ENSG00000284038,MIR10A,ENSMICG00000019120
ENSG00000120075,HOXB5,ENSMICG00000047139
ENSG00000260027,HOXB7,ENSMICG00000007539
ENSG00000170689,HOXB9,ENSMICG00000038413
ENSG00000164091,WDR82,ENSMICG00000002732
ENSG00000198780,FAM169A,ENSMICG00000000753
ENSG00000210741,MIR196A1,ENSMICG00000018130
ENSG00000129245,FXR2,ENSMICG00000014799
ENSG00000163577,EIF5A2,ENSMICG00000049338
ENSG00000020181,ADGRA2,ENSMICG00000010161
ENSG00000101210,EEF1A2,ENSMICG00000015319
ENSG00000135097,MSI1,ENSMICG00000033181
ENSG00000175193,PARL,ENSMICG00000049265
ENSG00000107719,PALD1,ENSMICG00000015086
ENSG00000124275,MTRR,ENSMICG00000002955
ENSG00000187240,DYNC2H1,ENSMICG00000029576
ENSG00000170265,ZNF282,ENSMICG00000036931
ENSG00000204267,TAP2,ENSMICG00000015245
ENSG00000204946,ZNF783,ENSMICG00000047374
ENSG00000088038,CNOT3,ENSMICG00000002370
ENSG00000176595,KBTBD11,ENSMICG00000013577
ENSG00000139637,MYG1,ENSMICG00000014281
ENSG00000165119,HNRNPK,ENSMICG00000015780
ENSG00000168754,FAM178B,ENSMICG00000033142
ENSG00000164733,CTSB,ENSMICG00000001772
ENSG00000100983,GSS,ENSMICG00000004941
ENSG00000163938,GNL3,ENSMICG00000016373
ENSG00000185306,C12orf56,ENSMICG00000008235
ENSG00000111266,DUSP16,ENSMICG00000034888
ENSG00000175792,RUVBL1,ENSMICG00000037445
ENSG00000119688,ABCD4,ENSMICG00000008482
ENSG00000182446,NPLOC4,ENSMICG00000008580
ENSG00000189007,ADAT2,ENSMICG00000045010
ENSG00000172469,MANEA,ENSMICG00000003434
ENSG00000257093,DENND11,ENSMICG00000002570
ENSG00000139318,DUSP6,ENSMICG00000005109
ENSG00000071677,PRLH,ENSMICG00000044217
ENSG00000213654,GPSM3,ENSMICG00000026321
ENSG00000215021,PHB2,ENSMICG00000028867
ENSG00000152582,SPEF2,ENSMICG00000001636
ENSG00000243426,RN7SL454P,ENSMICG00000036233
ENSG00000204576,PRR3,ENSMICG00000042955
ENSG00000166922,SCG5,ENSMICG00000004120
ENSG00000152430,BOLL,ENSMICG00000011845
ENSG00000009844,VTA1,ENSMICG00000004420
ENSG00000107954,NEURL1,ENSMICG00000012507
ENSG00000284753,EEF1AKMT4,ENSMICG00000049030
ENSG00000010292,NCAPD2,ENSMICG00000006519
ENSG00000173821,RNF213,ENSMICG00000040049
ENSG00000134824,FADS2,ENSMICG00000004145
ENSG00000168216,LMBRD1,ENSMICG00000038204
ENSG00000157470,FAM81A,ENSMICG00000011130
ENSG00000168172,HOOK3,ENSMICG00000001083
ENSG00000101161,PRPF6,ENSMICG00000017793
ENSG00000105737,GRIK5,ENSMICG00000015136
ENSG00000146067,FAM193B,ENSMICG00000007937
ENSG00000182325,FBXL6,ENSMICG00000026627
ENSG00000198105,ZNF248,ENSMICG00000035972
ENSG00000104044,OCA2,ENSMICG00000000034
ENSG00000089123,TASP1,ENSMICG00000013556
ENSG00000252729,RNU6-971P,ENSMICG00000042450
ENSG00000180104,EXOC3,ENSMICG00000001847
ENSG00000105732,ZNF574,ENSMICG00000014468
ENSG00000169021,UQCRFS1,ENSMICG00000027906
ENSG00000181378,CFAP65,ENSMICG00000007043
ENSG00000204922,UQCC3,ENSMICG00000026609
ENSG00000170017,ALCAM,ENSMICG00000049040
ENSG00000105372,RPS19,ENSMICG00000038537
ENSG00000196700,ZNF512B,ENSMICG00000028104
ENSG00000178301,AQP11,ENSMICG00000043193
ENSG00000196655,TRAPPC4,ENSMICG00000002692
ENSG00000142319,SLC6A3,ENSMICG00000017612
ENSG00000136738,STAM,ENSMICG00000005948
ENSG00000181026,AEN,ENSMICG00000027602
ENSG00000156787,TBC1D31,ENSMICG00000032736
ENSG00000101337,TM9SF4,ENSMICG00000015927
ENSG00000204475,NCR3,ENSMICG00000017358
ENSG00000197728,RPS26,ENSMICG00000047685
ENSG00000130299,GTPBP3,ENSMICG00000028047
ENSG00000171634,BPTF,ENSMICG00000012004
ENSG00000169410,PTPN9,ENSMICG00000016181
ENSG00000111639,MRPL51,ENSMICG00000027914
ENSG00000163814,CDCP1,ENSMICG00000048353
ENSG00000144481,TRPM8,ENSMICG00000014693
ENSG00000165905,LARGE2,ENSMICG00000014226
ENSG00000175697,GPR156,ENSMICG00000049051
ENSG00000256235,SMIM3,ENSMICG00000045457
ENSG00000186314,PRELID2,ENSMICG00000003250
ENSG00000008952,SEC62,ENSMICG00000048942
ENSG00000197893,NRAP,ENSMICG00000016069
ENSG00000175416,CLTB,ENSMICG00000004024
ENSG00000064726,BTBD1,ENSMICG00000009567
ENSG00000197860,SGTB,ENSMICG00000047150
ENSG00000176358,TAC4,ENSMICG00000016489
ENSG00000144488,ESPNL,ENSMICG00000038610
ENSG00000013275,PSMC4,ENSMICG00000017226
ENSG00000165795,NDRG2,ENSMICG00000016864
ENSG00000118058,KMT2A,ENSMICG00000035545
ENSG00000048544,MRPS10,ENSMICG00000011379
ENSG00000144840,RABL3,ENSMICG00000049288
ENSG00000275832,ARHGAP23,ENSMICG00000000638
ENSG00000146143,PRIM2,ENSMICG00000045096
ENSG00000113645,WWC1,ENSMICG00000004761
ENSG00000124444,ZNF576,ENSMICG00000043323
ENSG00000184502,GAST,ENSMICG00000011819
ENSG00000185798,WDR53,ENSMICG00000049305
ENSG00000182199,SHMT2,ENSMICG00000012350
ENSG00000156232,WHAMM,ENSMICG00000030573
ENSG00000165046,LETM2,ENSMICG00000009157
ENSG00000141527,CARD14,ENSMICG00000035846
ENSG00000067141,NEO1,ENSMICG00000012371
ENSG00000189298,ZKSCAN3,ENSMICG00000010491
ENSG00000238731,RNU7-90P,ENSMICG00000045025
ENSG00000051341,POLQ,ENSMICG00000049493
ENSG00000149313,AASDHPPT,ENSMICG00000032630
ENSG00000160117,ANKLE1,ENSMICG00000032095
ENSG00000143889,HNRNPLL,ENSMICG00000013155
ENSG00000102181,CD99L2,ENSMICG00000004350
ENSG00000172409,CLP1,ENSMICG00000004895
ENSG00000164442,CITED2,ENSMICG00000017223
ENSG00000133401,PDZD2,ENSMICG00000002258
ENSG00000180834,MAP6D1,ENSMICG00000049143
ENSG00000066651,TRMT11,ENSMICG00000029227
ENSG00000110492,MDK,ENSMICG00000006889
ENSG00000158863,FHIP2B,ENSMICG00000000981
ENSG00000065485,PDIA5,ENSMICG00000048975
ENSG00000108733,PEX12,ENSMICG00000045292
ENSG00000108924,HLF,ENSMICG00000046916
ENSG00000220008,LINGO3,ENSMICG00000046248
ENSG00000198356,GET3,ENSMICG00000016170
ENSG00000188010,MORN2,ENSMICG00000013487
ENSG00000120306,CYSTM1,ENSMICG00000047794
ENSG00000118482,PHF3,ENSMICG00000029510
ENSG00000158122,PRXL2C,ENSMICG00000032554
ENSG00000161082,CELF5,ENSMICG00000003506
ENSG00000202026,RNU6-1134P,ENSMICG00000034042
ENSG00000064300,NGFR,ENSMICG00000037395
ENSG00000170445,HARS1,ENSMICG00000014087
ENSG00000118231,CRYGD,ENSMICG00000043795
ENSG00000163254,CRYGC,ENSMICG00000037493
ENSG00000154957,ZNF18,ENSMICG00000016196
ENSG00000044446,PHKA2,ENSMICG00000004212
ENSG00000130653,PNPLA7,ENSMICG00000009566
ENSG00000101152,DNAJC5,ENSMICG00000044473
ENSG00000168582,CRYGA,ENSMICG00000045154
ENSG00000110025,SNX15,ENSMICG00000001273
ENSG00000185803,SLC52A2,ENSMICG00000043020
ENSG00000144407,PTH2R,ENSMICG00000029711
ENSG00000167525,PROCA1,ENSMICG00000016911
ENSG00000145022,TCTA,ENSMICG00000043725
ENSG00000090339,ICAM1,ENSMICG00000047282
ENSG00000132639,SNAP25,ENSMICG00000003556
ENSG00000044524,EPHA3,ENSMICG00000005266
ENSG00000154217,PITPNC1,ENSMICG00000012923
ENSG00000166896,ATP23,ENSMICG00000046863
ENSG00000124493,GRM4,ENSMICG00000003131
ENSG00000172817,CYP7B1,ENSMICG00000002968
ENSG00000131351,HAUS8,ENSMICG00000042907
ENSG00000065361,ERBB3,ENSMICG00000014325
ENSG00000147799,ARHGAP39,ENSMICG00000015961
ENSG00000134809,TIMM10,ENSMICG00000028118
ENSG00000107130,NCS1,ENSMICG00000041760
ENSG00000141376,BCAS3,ENSMICG00000016612
ENSG00000135903,PAX3,ENSMICG00000000336
ENSG00000039537,C6,ENSMICG00000012415
ENSG00000119333,DYNC2I2,ENSMICG00000017642
ENSG00000186448,ZNF197,ENSMICG00000026513
ENSG00000104885,DOT1L,ENSMICG00000015405
ENSG00000107021,TBC1D13,ENSMICG00000017647
ENSG00000156959,LHFPL4,ENSMICG00000046941
ENSG00000085872,CHERP,ENSMICG00000004577
ENSG00000132661,NXT1,ENSMICG00000044853
ENSG00000176623,RMDN1,ENSMICG00000016005
ENSG00000175928,LRRN1,ENSMICG00000038690
ENSG00000149633,KIAA1755,ENSMICG00000013146
ENSG00000186318,BACE1,ENSMICG00000002392
ENSG00000283428,CCDC195,ENSMICG00000043514
ENSG00000144893,MED12L,ENSMICG00000049284
ENSG00000006756,ARSD,ENSMICG00000045459
ENSG00000196781,TLE1,ENSMICG00000012918
ENSG00000181472,ZBTB2,ENSMICG00000027366
ENSG00000271303,SRXN1,ENSMICG00000038174
ENSG00000180340,FZD2,ENSMICG00000004687
ENSG00000103187,COTL1,ENSMICG00000045006
ENSG00000140365,COMMD4,ENSMICG00000001116
ENSG00000101040,ZMYND8,ENSMICG00000009322
ENSG00000112742,TTK,ENSMICG00000003271
ENSG00000101892,ATP1B4,ENSMICG00000029966
ENSG00000168589,DYNLRB2,ENSMICG00000000631
ENSG00000136504,KAT7,ENSMICG00000016478
ENSG00000174243,DDX23,ENSMICG00000017541
ENSG00000222300,RNU2-21P,ENSMICG00000024940
ENSG00000152580,IGSF10,ENSMICG00000048902
ENSG00000130827,PLXNA3,ENSMICG00000016439
ENSG00000113845,TIMMDC1,ENSMICG00000049136
ENSG00000103257,SLC7A5,ENSMICG00000004514
ENSG00000158428,CATIP,ENSMICG00000027695
ENSG00000198736,MSRB1,ENSMICG00000011349
ENSG00000132017,DCAF15,ENSMICG00000012026
ENSG00000166881,NEMP1,ENSMICG00000009074
ENSG00000145016,RUBCN,ENSMICG00000049510
ENSG00000084731,KIF3C,ENSMICG00000029603
ENSG00000130822,PNCK,ENSMICG00000013947
ENSG00000248712,DRC12,ENSMICG00000002761
ENSG00000198258,UBL5,ENSMICG00000001992
ENSG00000173193,PARP14,ENSMICG00000049225
ENSG00000076043,REXO2,ENSMICG00000010094
ENSG00000154188,ANGPT1,ENSMICG00000010498
ENSG00000147316,MCPH1,ENSMICG00000038616
ENSG00000144191,CNGA3,ENSMICG00000013329
ENSG00000146411,SLC2A12,ENSMICG00000026712
ENSG00000113966,ARL6,ENSMICG00000048962
ENSG00000130876,SLC7A10,ENSMICG00000045526
ENSG00000186998,EMID1,ENSMICG00000004254
ENSG00000115317,HTRA2,ENSMICG00000006256
ENSG00000137845,ADAM10,ENSMICG00000005882
ENSG00000133243,BTBD2,ENSMICG00000011570
ENSG00000213918,DNASE1,ENSMICG00000009117
ENSG00000133636,NTS,ENSMICG00000037863
ENSG00000091317,CMTM6,ENSMICG00000049471
ENSG00000200842,Y_RNA,ENSMICG00000023490
ENSG00000111665,CDCA3,ENSMICG00000001744
ENSG00000284862,CCDC39,ENSMICG00000048849
ENSG00000112031,MTRF1L,ENSMICG00000003811
ENSG00000108946,PRKAR1A,ENSMICG00000017128
ENSG00000065989,PDE4A,ENSMICG00000026345
ENSG00000278224,PRICKLE4,ENSMICG00000015699
ENSG00000146376,ARHGAP18,ENSMICG00000017694
ENSG00000179796,LRRC3B,ENSMICG00000049187
ENSG00000188343,CIBAR1,ENSMICG00000006797
ENSG00000175575,PAAF1,ENSMICG00000012657
ENSG00000188827,SLX4,ENSMICG00000009103
ENSG00000173166,RAPH1,ENSMICG00000001085
ENSG00000122966,CIT,ENSMICG00000012425
ENSG00000183921,SDR42E2,ENSMICG00000042347
ENSG00000144736,SHQ1,ENSMICG00000009224
ENSG00000111913,RIPOR2,ENSMICG00000014018
ENSG00000069849,ATP1B3,ENSMICG00000049313
ENSG00000161914,ZNF653,ENSMICG00000034400
ENSG00000147576,ADHFE1,ENSMICG00000009862
ENSG00000091542,ALKBH5,ENSMICG00000044316
ENSG00000271503,CCL5,ENSMICG00000042451
ENSG00000141837,CACNA1A,ENSMICG00000000823
ENSG00000145721,LIX1,ENSMICG00000032003
ENSG00000183773,AIFM3,ENSMICG00000014580
ENSG00000113593,PPWD1,ENSMICG00000013174
ENSG00000070087,PFN2,ENSMICG00000049089
ENSG00000284526,,ENSMICG00000033881
ENSG00000130830,MPP1,ENSMICG00000002828
ENSG00000129221,AIPL1,ENSMICG00000037336
ENSG00000118557,PMFBP1,ENSMICG00000011422
ENSG00000273749,CYFIP1,ENSMICG00000016431
ENSG00000114933,INO80D,ENSMICG00000010590
ENSG00000175054,ATR,ENSMICG00000049477
ENSG00000196358,NTNG2,ENSMICG00000003678
ENSG00000049618,ARID1B,ENSMICG00000008595
ENSG00000118322,ATP10B,ENSMICG00000006366
ENSG00000283564,U6,ENSMICG00000026264
ENSG00000127588,GNG13,ENSMICG00000017563
ENSG00000132031,MATN3,ENSMICG00000032185
ENSG00000149483,TMEM138,ENSMICG00000047581
ENSG00000205832,C16orf96,ENSMICG00000046975
ENSG00000140623,SEPTIN12,ENSMICG00000015913
ENSG00000152127,MGAT5,ENSMICG00000015068
ENSG00000131669,NINJ1,ENSMICG00000008675
ENSG00000150316,CWC15,ENSMICG00000042790
ENSG00000130988,RGN,ENSMICG00000016929
ENSG00000168481,LGI3,ENSMICG00000001018
ENSG00000130508,PXDN,ENSMICG00000004588
ENSG00000091622,PITPNM3,ENSMICG00000007571
ENSG00000177239,MAN1B1,ENSMICG00000037275
ENSG00000167470,MIDN,ENSMICG00000043620
ENSG00000105173,CCNE1,ENSMICG00000006777
ENSG00000183309,ZNF623,ENSMICG00000000177
ENSG00000165490,DDIAS,ENSMICG00000033865
ENSG00000168484,SFTPC,ENSMICG00000001027
ENSG00000198920,KIAA0753,ENSMICG00000006612
ENSG00000113327,GABRG2,ENSMICG00000012558
ENSG00000084710,EFR3B,ENSMICG00000001606
ENSG00000129675,ARHGEF6,ENSMICG00000017848
ENSG00000282936,,ENSMICG00000046206
ENSG00000183401,CCDC159,ENSMICG00000004075
ENSG00000108590,MED31,ENSMICG00000031281
ENSG00000182985,CADM1,ENSMICG00000002734
ENSG00000283516,LITAFD,ENSMICG00000043588
ENSG00000134996,OSTF1,ENSMICG00000007556
ENSG00000256806,C17orf100,ENSMICG00000034739
ENSG00000042980,ADAM28,ENSMICG00000042341
ENSG00000140943,MBTPS1,ENSMICG00000012306
ENSG00000141068,KSR1,ENSMICG00000047844
ENSG00000139219,COL2A1,ENSMICG00000009035
ENSG00000181788,SIAH2,ENSMICG00000049174
ENSG00000144559,TAMM41,ENSMICG00000016586
ENSG00000112242,E2F3,ENSMICG00000028838
ENSG00000170954,ZNF415,ENSMICG00000038620
ENSG00000262165,C17orf114,ENSMICG00000045274
ENSG00000141298,SSH2,ENSMICG00000005441
ENSG00000112357,PEX7,ENSMICG00000004938
ENSG00000197579,TOPORS,ENSMICG00000027281
ENSG00000119321,FKBP15,ENSMICG00000014966
ENSG00000071967,CYBRD1,ENSMICG00000043186
ENSG00000109881,CCDC34,ENSMICG00000005153
ENSG00000158373,H2BC5,ENSMICG00000041442
ENSG00000116017,ARID3A,ENSMICG00000010143
ENSG00000058262,SEC61A1,ENSMICG00000038735
ENSG00000137337,MDC1,ENSMICG00000036702
ENSG00000135625,EGR4,ENSMICG00000032274
ENSG00000131620,ANO1,ENSMICG00000017568
ENSG00000017483,SLC38A5,ENSMICG00000013083
ENSG00000204262,COL5A2,ENSMICG00000014230
ENSG00000147408,CSGALNACT1,ENSMICG00000010223
ENSG00000179148,ALOXE3,ENSMICG00000013685
ENSG00000006194,ZNF263,ENSMICG00000014148
ENSG00000176293,ZNF135,ENSMICG00000017852
ENSG00000002745,WNT16,ENSMICG00000013963
ENSG00000106648,GALNTL5,ENSMICG00000046553
ENSG00000182557,SPNS3,ENSMICG00000000145
ENSG00000132003,ZSWIM4,ENSMICG00000037649
ENSG00000021776,AQR,ENSMICG00000016979
ENSG00000170085,SIMC1,ENSMICG00000015305
ENSG00000139323,POC1B,ENSMICG00000033443
ENSG00000137267,TUBB2A,ENSMICG00000010649
ENSG00000105278,ZFR2,ENSMICG00000045224
ENSG00000132535,DLG4,ENSMICG00000004288
ENSG00000091972,CD200,ENSMICG00000049014
ENSG00000147852,VLDLR,ENSMICG00000005182
ENSG00000284191,MIR671,ENSMICG00000018030
ENSG00000164889,SLC4A2,ENSMICG00000004750
ENSG00000126267,COX6B1,ENSMICG00000047436
ENSG00000172531,PPP1CA,ENSMICG00000004103
ENSG00000113810,SMC4,ENSMICG00000049085
ENSG00000102172,SMS,ENSMICG00000046344
ENSG00000182541,LIMK2,ENSMICG00000016165
ENSG00000104957,YJU2B,ENSMICG00000011911
ENSG00000112855,HARS2,ENSMICG00000014100
ENSG00000204568,MRPS18B,ENSMICG00000031536
ENSG00000101945,SUV39H1,ENSMICG00000014379
ENSG00000213901,SLC23A3,ENSMICG00000000765
ENSG00000136928,GABBR2,ENSMICG00000012866
ENSG00000103150,MLYCD,ENSMICG00000036220
ENSG00000060237,WNK1,ENSMICG00000016162
ENSG00000147044,CASK,ENSMICG00000000276
ENSG00000103254,ANTKMT,ENSMICG00000033529
ENSG00000099800,TIMM13,ENSMICG00000026616
ENSG00000073734,ABCB11,ENSMICG00000017332
ENSG00000231500,RPS18,ENSMICG00000035485
ENSG00000054965,FAM168A,ENSMICG00000043205
ENSG00000176387,HSD11B2,ENSMICG00000034557
ENSG00000128918,ALDH1A2,ENSMICG00000006105
ENSG00000076650,GPATCH1,ENSMICG00000004829
ENSG00000205643,CDPF1,ENSMICG00000016763
ENSG00000196230,TUBB,ENSMICG00000010647
ENSG00000124074,ENKD1,ENSMICG00000012189
ENSG00000198363,ASPH,ENSMICG00000006413
ENSG00000107290,SETX,ENSMICG00000033597
ENSG00000171174,RBKS,ENSMICG00000015009
ENSG00000137343,ATAT1,ENSMICG00000014783
ENSG00000185338,SOCS1,ENSMICG00000047224
ENSG00000166188,ZNF319,ENSMICG00000004897
ENSG00000140961,OSGIN1,ENSMICG00000037758
ENSG00000177663,IL17RA,ENSMICG00000004028
ENSG00000116016,EPAS1,ENSMICG00000002949
ENSG00000183617,MRPL54,ENSMICG00000034581
ENSG00000199846,RNU1-72P,ENSMICG00000043384
ENSG00000240204,SMKR1,ENSMICG00000045930
ENSG00000161860,SYCE2,ENSMICG00000016268
ENSG00000006007,GDE1,ENSMICG00000027538
ENSG00000091128,LAMB4,ENSMICG00000001263
ENSG00000149260,CAPN5,ENSMICG00000013928
ENSG00000104129,DNAJC17,ENSMICG00000026885
ENSG00000099992,TBC1D10A,ENSMICG00000010031
ENSG00000131507,NDFIP1,ENSMICG00000030011
ENSG00000187764,SEMA4D,ENSMICG00000001178
ENSG00000105287,PRKD2,ENSMICG00000015377
ENSG00000082146,STRADB,ENSMICG00000013292
ENSG00000164221,CCDC112,ENSMICG00000010180
ENSG00000136522,MRPL47,ENSMICG00000049377
ENSG00000177683,THAP5,ENSMICG00000037373
ENSG00000204220,PFDN6,ENSMICG00000000922
ENSG00000183960,KCNH8,ENSMICG00000049082
ENSG00000074603,DPP8,ENSMICG00000000049
ENSG00000286075,SMIM10L3,ENSMICG00000004365
ENSG00000005108,THSD7A,ENSMICG00000014021
ENSG00000112695,COX7A2,ENSMICG00000015747
ENSG00000169570,DTWD2,ENSMICG00000033817
ENSG00000028310,BRD9,ENSMICG00000004306
ENSG00000132254,ARFIP2,ENSMICG00000045534
ENSG00000184786,DYNLT2,ENSMICG00000031295
ENSG00000226690,C7orf78,ENSMICG00000039717
ENSG00000205111,CDKL4,ENSMICG00000007992
ENSG00000079931,MOXD1,ENSMICG00000003214
ENSG00000145087,STXBP5L,ENSMICG00000049262
ENSG00000183579,ZNRF3,ENSMICG00000004243
ENSG00000176946,THAP4,ENSMICG00000016452
ENSG00000167371,PRRT2,ENSMICG00000027346
ENSG00000167552,TUBA1A,ENSMICG00000031961
ENSG00000131409,LRRC4B,ENSMICG00000035848
ENSG00000281000,SNORD3D,ENSMICG00000047209
ENSG00000189152,GRAPL,ENSMICG00000033345
ENSG00000135144,DTX1,ENSMICG00000008538
ENSG00000187266,EPOR,ENSMICG00000034457
ENSG00000146197,SCUBE3,ENSMICG00000005061
ENSG00000100401,RANGAP1,ENSMICG00000013450
ENSG00000123243,ITIH5,ENSMICG00000008213
ENSG00000196408,NOXO1,ENSMICG00000012809
ENSG00000115607,IL18RAP,ENSMICG00000047921
ENSG00000139112,GABARAPL1,ENSMICG00000027751
ENSG00000124789,NUP153,ENSMICG00000006089
ENSG00000186300,ZNF555,ENSMICG00000001516
ENSG00000235118,FAM237A,ENSMICG00000044768
ENSG00000115468,EFHD1,ENSMICG00000037057
ENSG00000139343,SNRPF,ENSMICG00000012153
ENSG00000079432,CIC,ENSMICG00000030301
ENSG00000110218,PANX1,ENSMICG00000006408
ENSG00000163689,CFAP20DC,ENSMICG00000012436
ENSG00000089234,BRAP,ENSMICG00000003473
ENSG00000081189,MEF2C,ENSMICG00000034356
ENSG00000047578,KATNIP,ENSMICG00000042641
ENSG00000144152,FBLN7,ENSMICG00000008429
ENSG00000236287,ZBED5,ENSMICG00000006735
ENSG00000106853,PTGR1,ENSMICG00000005784
ENSG00000150873,CIMIP5,ENSMICG00000045104
ENSG00000175348,TMEM9B,ENSMICG00000026348
ENSG00000122367,LDB3,ENSMICG00000013929
ENSG00000084734,GCKR,ENSMICG00000015947
ENSG00000169344,UMOD,ENSMICG00000011148
ENSG00000183340,JRKL,ENSMICG00000041876
ENSG00000163635,ATXN7,ENSMICG00000014525
ENSG00000167272,POP5,ENSMICG00000008692
ENSG00000168066,SF1,ENSMICG00000001202
ENSG00000007255,TRAPPC6A,ENSMICG00000002475
ENSG00000177294,FBXO39,ENSMICG00000006646
ENSG00000167858,TEKT1,ENSMICG00000006650
ENSG00000094916,CBX5,ENSMICG00000041561
ENSG00000196872,CRACDL,ENSMICG00000030014
ENSG00000130725,UBE2M,ENSMICG00000047182
ENSG00000163607,GTPBP8,ENSMICG00000048925
ENSG00000107771,CCSER2,ENSMICG00000011678
ENSG00000188886,ASTL,ENSMICG00000012030
ENSG00000183207,RUVBL2,ENSMICG00000001875
ENSG00000065802,ASB1,ENSMICG00000004736
ENSG00000114115,RBP1,ENSMICG00000048900
ENSG00000187775,DNAH17,ENSMICG00000014314
ENSG00000135457,TFCP2,ENSMICG00000009544
ENSG00000164087,POC1A,ENSMICG00000002709
ENSG00000138136,LBX1,ENSMICG00000042752
ENSG00000107829,FBXW4,ENSMICG00000030032
ENSG00000112561,TFEB,ENSMICG00000015674
ENSG00000137033,IL33,ENSMICG00000009247
ENSG00000148677,ANKRD1,ENSMICG00000012033
ENSG00000163235,TGFA,ENSMICG00000030189
ENSG00000199293,SNORA21,ENSMICG00000043169
ENSG00000103546,SLC6A2,ENSMICG00000003810
ENSG00000167384,ZNF180,ENSMICG00000036076
ENSG00000263874,LASP1NB,ENSMICG00000041531
ENSG00000204952,FBXO47,ENSMICG00000042744
ENSG00000176160,HSF5,ENSMICG00000016020
ENSG00000136527,TRA2B,ENSMICG00000048969
ENSG00000183621,ZNF438,ENSMICG00000046502
ENSG00000110721,CHKA,ENSMICG00000009554
ENSG00000162944,RFTN2,ENSMICG00000028117
ENSG00000133773,CCDC59,ENSMICG00000041747
ENSG00000148187,MRRF,ENSMICG00000016168
ENSG00000213337,ANKRD39,ENSMICG00000042630
ENSG00000089639,GMIP,ENSMICG00000005944
ENSG00000111319,SCNN1A,ENSMICG00000009254
ENSG00000131368,MRPS25,ENSMICG00000045033
ENSG00000115350,POLE4,ENSMICG00000035864
ENSG00000116096,SPR,ENSMICG00000032624
ENSG00000177054,ZDHHC13,ENSMICG00000017083
ENSG00000180644,PRF1,ENSMICG00000028747
ENSG00000169031,COL4A3,ENSMICG00000013154
ENSG00000120049,KCNIP2,ENSMICG00000011754
ENSG00000140675,SLC5A2,ENSMICG00000006058
ENSG00000075429,CACNG5,ENSMICG00000013293
ENSG00000107020,PLGRKT,ENSMICG00000031798
ENSG00000145041,DCAF1,ENSMICG00000013697
ENSG00000065413,ANKRD44,ENSMICG00000013853
ENSG00000136866,ZFP37,ENSMICG00000042832
ENSG00000174939,ASPHD1,ENSMICG00000010244
ENSG00000166471,TMEM41B,ENSMICG00000032719
ENSG00000086065,CHMP5,ENSMICG00000012113
ENSG00000187244,BCAM,ENSMICG00000003374
ENSG00000274180,NATD1,ENSMICG00000044949
ENSG00000114302,PRKAR2A,ENSMICG00000001067
ENSG00000178662,CSRNP3,ENSMICG00000015267
ENSG00000166925,TSC22D4,ENSMICG00000037589
ENSG00000122733,PHF24,ENSMICG00000037348
ENSG00000076248,UNG,ENSMICG00000044482
ENSG00000183688,RFLNB,ENSMICG00000038370
ENSG00000167311,ART5,ENSMICG00000014815
ENSG00000140262,TCF12,ENSMICG00000009110
ENSG00000116039,ATP6V1B1,ENSMICG00000005270
ENSG00000106789,CORO2A,ENSMICG00000012816
ENSG00000178789,CD300LB,ENSMICG00000037075
ENSG00000099783,HNRNPM,ENSMICG00000002532
ENSG00000167850,CD300C,ENSMICG00000043041
ENSG00000110318,CEP126,ENSMICG00000009111
ENSG00000112511,PHF1,ENSMICG00000005660
ENSG00000159184,HOXB13,ENSMICG00000007546
ENSG00000170703,TTLL6,ENSMICG00000007549
ENSG00000114127,XRN1,ENSMICG00000048948
ENSG00000107077,KDM4C,ENSMICG00000010464
ENSG00000166340,TPP1,ENSMICG00000002141
ENSG00000244514,RN7SL125P,ENSMICG00000045973
ENSG00000159224,GIP,ENSMICG00000013317
ENSG00000090975,PITPNM2,ENSMICG00000006516
ENSG00000156531,PHF6,ENSMICG00000006541
ENSG00000171132,PRKCE,ENSMICG00000007855
ENSG00000271605,MILR1,ENSMICG00000009257
ENSG00000140937,CDH11,ENSMICG00000012944
ENSG00000293560,MYH16,ENSMICG00000017421
ENSG00000131094,C1QL1,ENSMICG00000034951
ENSG00000207947,MIR152,ENSMICG00000018144
ENSG00000206954,RNU6-1201P,ENSMICG00000042530
ENSG00000200538,U3,ENSMICG00000030481
ENSG00000206877,RNU6-1103P,ENSMICG00000043584
ENSG00000115041,KCNIP3,ENSMICG00000010744
ENSG00000106128,GHRHR,ENSMICG00000012951
ENSG00000111666,CHPT1,ENSMICG00000012038
ENSG00000166869,CHP2,ENSMICG00000042210
ENSG00000180035,ZNF48,ENSMICG00000031683
ENSG00000137154,RPS6,ENSMICG00000048155
ENSG00000167984,NLRC3,ENSMICG00000009086
ENSG00000099203,TMED1,ENSMICG00000029080
ENSG00000089472,HEPH,ENSMICG00000010448
ENSG00000148468,FAM171A1,ENSMICG00000002830
ENSG00000189042,ZNF567,ENSMICG00000048163
ENSG00000257335,MGAM,ENSMICG00000001123
ENSG00000155066,PROM2,ENSMICG00000047307
ENSG00000170627,GTSF1,ENSMICG00000008444
ENSG00000171798,KNDC1,ENSMICG00000038467
ENSG00000184857,TMEM186,ENSMICG00000046362
ENSG00000179115,FARSA,ENSMICG00000016272
ENSG00000111775,COX6A1,ENSMICG00000046311
ENSG00000139719,VPS33A,ENSMICG00000001172
ENSG00000187186,,ENSMICG00000043891
ENSG00000114779,ABHD14B,ENSMICG00000002695
ENSG00000135018,UBQLN1,ENSMICG00000004708
ENSG00000257743,MGAM2,ENSMICG00000027181
ENSG00000065613,SLK,ENSMICG00000004384
ENSG00000127561,SYNGR3,ENSMICG00000031975
ENSG00000258223,PRSS58,ENSMICG00000043863
ENSG00000165494,PCF11,ENSMICG00000008986
ENSG00000004809,SLC22A16,ENSMICG00000046254
ENSG00000140749,IGSF6,ENSMICG00000016042
ENSG00000007402,CACNA2D2,ENSMICG00000016395
ENSG00000176533,GNG7,ENSMICG00000045234
ENSG00000120265,PCMT1,ENSMICG00000006318
ENSG00000185716,MOSMO,ENSMICG00000013482
ENSG00000186472,PCLO,ENSMICG00000037166
ENSG00000171984,SHLD1,ENSMICG00000042354
ENSG00000005001,PRSS22,ENSMICG00000005885
ENSG00000130758,MAP3K10,ENSMICG00000042859
ENSG00000078804,TP53INP2,ENSMICG00000042490
ENSG00000149196,HIKESHI,ENSMICG00000000946
ENSG00000160326,SLC2A6,ENSMICG00000012653
ENSG00000085721,RRN3,ENSMICG00000015014
ENSG00000137393,RNF144B,ENSMICG00000015478
ENSG00000157259,GATAD1,ENSMICG00000033903
ENSG00000101440,ASIP,ENSMICG00000044506
ENSG00000111676,ATN1,ENSMICG00000032239
ENSG00000169169,CPT1C,ENSMICG00000013992
ENSG00000258366,RTEL1,ENSMICG00000008812
ENSG00000204394,VARS1,ENSMICG00000003548
ENSG00000233436,BTBD18,ENSMICG00000032919
ENSG00000153443,UBALD1,ENSMICG00000006782
ENSG00000135636,DYSF,ENSMICG00000010232
ENSG00000170855,TRIAP1,ENSMICG00000038646
ENSG00000165282,PIGO,ENSMICG00000005505
ENSG00000185664,PMEL,ENSMICG00000011000
ENSG00000184730,APOBR,ENSMICG00000009874
ENSG00000166828,SCNN1G,ENSMICG00000007673
ENSG00000148634,HERC4,ENSMICG00000007545
ENSG00000059145,UNKL,ENSMICG00000007141
ENSG00000141096,DPEP3,ENSMICG00000046654
ENSG00000174775,HRAS,ENSMICG00000006472
ENSG00000107104,KANK1,ENSMICG00000010410
ENSG00000111249,CUX2,ENSMICG00000012274
ENSG00000006116,CACNG3,ENSMICG00000008055
ENSG00000168040,FADD,ENSMICG00000047386
ENSG00000175267,VWA3A,ENSMICG00000013492
ENSG00000166387,PPFIBP2,ENSMICG00000002393
ENSG00000135541,AHI1,ENSMICG00000005541
ENSG00000120860,WASHC3,ENSMICG00000002612
ENSG00000167397,VKORC1,ENSMICG00000042552
ENSG00000182087,TMEM259,ENSMICG00000013006
ENSG00000144746,ARL6IP5,ENSMICG00000046450
ENSG00000100030,MAPK1,ENSMICG00000000510
ENSG00000139044,B4GALNT3,ENSMICG00000007939
ENSG00000085274,MYNN,ENSMICG00000049524
ENSG00000111696,NT5DC3,ENSMICG00000002008
ENSG00000166813,KIF7,ENSMICG00000040228
ENSG00000139168,ZCRB1,ENSMICG00000017422
ENSG00000100335,MIEF1,ENSMICG00000011441
ENSG00000144834,TAGLN3,ENSMICG00000048931
ENSG00000139209,SLC38A4,ENSMICG00000037271
ENSG00000063241,ISOC2,ENSMICG00000036123
ENSG00000100416,TRMU,ENSMICG00000029046
ENSG00000164082,GRM2,ENSMICG00000002788
ENSG00000113360,DROSHA,ENSMICG00000002241
ENSG00000089597,GANAB,ENSMICG00000009890
ENSG00000130751,NPAS1,ENSMICG00000006346
ENSG00000106410,NOBOX,ENSMICG00000002270
ENSG00000102978,POLR2C,ENSMICG00000045178
ENSG00000224940,PRRT4,ENSMICG00000027302
ENSG00000146909,NOM1,ENSMICG00000017531
ENSG00000163872,YEATS2,ENSMICG00000049411
ENSG00000090447,TFAP4,ENSMICG00000033646
ENSG00000128607,KLHDC10,ENSMICG00000009171
ENSG00000185052,SLC24A3,ENSMICG00000006014
ENSG00000140450,ARRDC4,ENSMICG00000037963
ENSG00000088970,KIZ,ENSMICG00000008114
ENSG00000100299,ARSA,ENSMICG00000036714
ENSG00000091138,SLC26A3,ENSMICG00000012950
ENSG00000261609,GAN,ENSMICG00000014957
ENSG00000104064,GABPB1,ENSMICG00000027983
ENSG00000181938,GINS3,ENSMICG00000003201
ENSG00000182993,C12orf60,ENSMICG00000006257
ENSG00000111229,ARPC3,ENSMICG00000005485
ENSG00000121413,ZSCAN18,ENSMICG00000017853
ENSG00000102904,TSNAXIP1,ENSMICG00000012225
ENSG00000168734,PKIG,ENSMICG00000044432
ENSG00000136051,WASHC4,ENSMICG00000014415
ENSG00000104805,NUCB1,ENSMICG00000037873
ENSG00000197885,NKIRAS1,ENSMICG00000049057
ENSG00000013375,PGM3,ENSMICG00000013735
ENSG00000079112,CDH17,ENSMICG00000015201
ENSG00000134398,ERN2,ENSMICG00000007841
ENSG00000157600,TMEM164,ENSMICG00000030308
ENSG00000106125,MINDY4,ENSMICG00000012202
ENSG00000175166,PSMD2,ENSMICG00000049512
ENSG00000146540,CHLSN,ENSMICG00000002098
ENSG00000196338,NLGN3,ENSMICG00000014073
ENSG00000173157,ADAMTS20,ENSMICG00000014631
ENSG00000069482,GAL,ENSMICG00000046807
ENSG00000127083,OMD,ENSMICG00000034308
ENSG00000148335,NTMT1,ENSMICG00000029094
ENSG00000164542,MATCAP2,ENSMICG00000009321
ENSG00000177156,TALDO1,ENSMICG00000008362
ENSG00000125814,NAPB,ENSMICG00000017902
ENSG00000260916,CCPG1,ENSMICG00000035464
ENSG00000123575,FAM199X,ENSMICG00000003498
ENSG00000133606,MKRN1,ENSMICG00000002114
ENSG00000123349,PFDN5,ENSMICG00000014277
ENSG00000172828,CES3,ENSMICG00000013385
ENSG00000002586,CD99,ENSMICG00000043785
ENSG00000136878,USP20,ENSMICG00000016384
ENSG00000110711,AIP,ENSMICG00000037390
ENSG00000124198,ARFGEF2,ENSMICG00000001969
ENSG00000138942,RNF185,ENSMICG00000016164
ENSG00000145949,MYLK4,ENSMICG00000031773
ENSG00000149761,NUDT22,ENSMICG00000033716
ENSG00000184471,C1QTNF8,ENSMICG00000005932
ENSG00000140750,ARHGAP17,ENSMICG00000005910
ENSG00000127720,METTL25,ENSMICG00000027175
ENSG00000107864,CPEB3,ENSMICG00000026866
ENSG00000047346,ATOSA,ENSMICG00000011870
ENSG00000198833,UBE2J1,ENSMICG00000013060
ENSG00000068903,SIRT2,ENSMICG00000008583
ENSG00000009950,MLXIPL,ENSMICG00000030548
ENSG00000083312,TNPO1,ENSMICG00000008468
ENSG00000110046,ATG2A,ENSMICG00000001241
ENSG00000122335,SERAC1,ENSMICG00000015831
ENSG00000151131,NOPCHAP1,ENSMICG00000011708
ENSG00000164920,OSR2,ENSMICG00000004390
ENSG00000100246,DNAL4,ENSMICG00000038096
ENSG00000111615,KRR1,ENSMICG00000015127
ENSG00000100147,CCDC134,ENSMICG00000000910
ENSG00000070756,PABPC1,ENSMICG00000009121
ENSG00000166348,USP54,ENSMICG00000013278
ENSG00000138964,PARVG,ENSMICG00000008490
ENSG00000204209,DAXX,ENSMICG00000000933
ENSG00000166743,ACSM1,ENSMICG00000044649
ENSG00000137494,ANKRD42,ENSMICG00000009004
ENSG00000111252,SH2B3,ENSMICG00000013525
ENSG00000125848,FLRT3,ENSMICG00000043599
ENSG00000069943,PIGB,ENSMICG00000002623
ENSG00000149636,DSN1,ENSMICG00000002432
ENSG00000103089,FA2H,ENSMICG00000012250
ENSG00000109861,CTSC,ENSMICG00000002445
ENSG00000078246,TULP3,ENSMICG00000031541
ENSG00000123496,IL13RA2,ENSMICG00000032540
ENSG00000162951,LRRTM1,ENSMICG00000038543
ENSG00000068305,MEF2A,ENSMICG00000034803
ENSG00000172005,MAL,ENSMICG00000013633
ENSG00000056998,GYG2,ENSMICG00000015522
ENSG00000239306,RBM14,ENSMICG00000031929
ENSG00000186010,NDUFA13,ENSMICG00000027711
ENSG00000177700,POLR2L,ENSMICG00000047069
ENSG00000072080,SPP2,ENSMICG00000028114
ENSG00000183495,EP400,ENSMICG00000012024
ENSG00000167797,CDK2AP2,ENSMICG00000029533
ENSG00000197321,SVIL,ENSMICG00000005393
ENSG00000137513,NARS2,ENSMICG00000015093
ENSG00000130164,LDLR,ENSMICG00000000548
ENSG00000072682,P4HA2,ENSMICG00000005666
ENSG00000131634,TMEM204,ENSMICG00000042845
ENSG00000123411,IKZF4,ENSMICG00000011029
ENSG00000107242,PIP5K1B,ENSMICG00000004323
ENSG00000172478,MAB21L4,ENSMICG00000009170
ENSG00000188730,VWC2,ENSMICG00000028673
ENSG00000167208,SNX20,ENSMICG00000044589
ENSG00000093010,COMT,ENSMICG00000015309
ENSG00000002746,HECW1,ENSMICG00000001053
ENSG00000086696,HSD17B2,ENSMICG00000037784
ENSG00000133704,IPO8,ENSMICG00000010635
ENSG00000127824,TUBA4A,ENSMICG00000035827
ENSG00000065491,TBC1D22B,ENSMICG00000003354
ENSG00000135697,BCO1,ENSMICG00000014945
ENSG00000136541,ERMN,ENSMICG00000043032
ENSG00000048471,SNX29,ENSMICG00000014205
ENSG00000154359,LONRF1,ENSMICG00000012945
ENSG00000059728,MXD1,ENSMICG00000004973
ENSG00000214456,PLIN5,ENSMICG00000043910
ENSG00000106305,AIMP2,ENSMICG00000012810
ENSG00000132155,RAF1,ENSMICG00000012172
ENSG00000125846,ZNF133,ENSMICG00000010713
ENSG00000196812,ZSCAN16,ENSMICG00000029324
ENSG00000149485,FADS1,ENSMICG00000013915
ENSG00000120437,ACAT2,ENSMICG00000007988
ENSG00000179776,CDH5,ENSMICG00000010353
ENSG00000128645,HOXD1,ENSMICG00000044650
ENSG00000076108,BAZ2A,ENSMICG00000001077
ENSG00000275111,ZNF2,ENSMICG00000031069
ENSG00000111846,GCNT2,ENSMICG00000011369
ENSG00000136574,GATA4,ENSMICG00000002281
ENSG00000178385,PLEKHM3,ENSMICG00000009771
ENSG00000135631,RAB11FIP5,ENSMICG00000028189
ENSG00000126456,IRF3,ENSMICG00000001752
ENSG00000176953,NFATC2IP,ENSMICG00000000674
ENSG00000122756,CNTFR,ENSMICG00000002367
ENSG00000153214,TMEM87B,ENSMICG00000008412
ENSG00000120256,LRP11,ENSMICG00000006322
ENSG00000198650,TAT,ENSMICG00000001890
ENSG00000118496,FBXO30,ENSMICG00000004876
ENSG00000204310,AGPAT1,ENSMICG00000001813
ENSG00000030066,NUP160,ENSMICG00000011344
ENSG00000102034,ELF4,ENSMICG00000007427
ENSG00000182551,ADI1,ENSMICG00000046745
ENSG00000221886,FAM200C,ENSMICG00000006362
ENSG00000182378,PLCXD1,ENSMICG00000045160
ENSG00000103005,USB1,ENSMICG00000004900
ENSG00000158941,CCAR2,ENSMICG00000007751
ENSG00000158125,XDH,ENSMICG00000012384
ENSG00000067829,IDH3G,ENSMICG00000003472
ENSG00000187546,AGMO,ENSMICG00000033056
ENSG00000102870,ZNF629,ENSMICG00000042110
ENSG00000162073,PAQR4,ENSMICG00000001870
ENSG00000164188,RANBP3L,ENSMICG00000017831
ENSG00000159618,ADGRG5,ENSMICG00000031680
ENSG00000128590,DNAJB9,ENSMICG00000045525
ENSG00000099769,IGFALS,ENSMICG00000002129
ENSG00000015520,NPC1L1,ENSMICG00000005536
ENSG00000166619,BLCAP,ENSMICG00000042288
ENSG00000130707,ASS1,ENSMICG00000013307
ENSG00000229809,ZNF688,ENSMICG00000001207
ENSG00000065615,CYB5R4,ENSMICG00000012777
ENSG00000111752,PHC1,ENSMICG00000014385
ENSG00000182263,FIGN,ENSMICG00000041687
ENSG00000070915,SLC12A3,ENSMICG00000011001
ENSG00000115112,TFCP2L1,ENSMICG00000007161
ENSG00000147099,HDAC8,ENSMICG00000007893
ENSG00000106617,PRKAG2,ENSMICG00000008109
ENSG00000080007,DDX43,ENSMICG00000017145
ENSG00000090924,PLEKHG2,ENSMICG00000036550
ENSG00000185033,SEMA4B,ENSMICG00000012684
ENSG00000226124,FTCDNL1,ENSMICG00000026608
ENSG00000125895,TMEM74B,ENSMICG00000014352
ENSG00000241404,EGFL8,ENSMICG00000042415
ENSG00000197114,ZGPAT,ENSMICG00000033269
ENSG00000197635,DPP4,ENSMICG00000007707
ENSG00000113504,SLC12A7,ENSMICG00000028719
ENSG00000291237,SOD2,ENSMICG00000035793
ENSG00000163106,HPGDS,ENSMICG00000047172
ENSG00000205129,CFAP96,ENSMICG00000030821
ENSG00000086189,DIMT1,ENSMICG00000016454
ENSG00000204381,LAYN,ENSMICG00000015658
ENSG00000067167,TRAM1,ENSMICG00000041657
ENSG00000168874,ATOH8,ENSMICG00000007934
ENSG00000213780,GTF2H4,ENSMICG00000047381
ENSG00000157703,SVOPL,ENSMICG00000001831
ENSG00000140506,LMAN1L,ENSMICG00000009706
ENSG00000138768,USO1,ENSMICG00000006635
ENSG00000168906,MAT2A,ENSMICG00000011458
ENSG00000149308,NPAT,ENSMICG00000000386
ENSG00000160862,AZGP1,ENSMICG00000030520
ENSG00000118046,STK11,ENSMICG00000026794
ENSG00000164985,PSIP1,ENSMICG00000013923
ENSG00000189233,NUGGC,ENSMICG00000030884
ENSG00000172890,NADSYN1,ENSMICG00000017100
ENSG00000169894,MUC3A,ENSMICG00000045596
ENSG00000133661,SFTPD,ENSMICG00000030174
ENSG00000160111,CPAMD8,ENSMICG00000000327
ENSG00000103381,CPPED1,ENSMICG00000047856
ENSG00000104205,SGK3,ENSMICG00000007046
ENSG00000106331,PAX4,ENSMICG00000000095
ENSG00000116001,TIA1,ENSMICG00000002434
ENSG00000132465,JCHAIN,ENSMICG00000029921
ENSG00000169118,CSNK1G1,ENSMICG00000003315
ENSG00000177058,SLC38A9,ENSMICG00000012849
ENSG00000262246,CORO7,ENSMICG00000017819
ENSG00000133424,LARGE1,ENSMICG00000011834
ENSG00000184343,SRPK3,ENSMICG00000003464
ENSG00000135341,MAP3K7,ENSMICG00000002723
ENSG00000062598,ELMO2,ENSMICG00000010661
ENSG00000214128,TMEM213,ENSMICG00000036044
ENSG00000089351,GRAMD1A,ENSMICG00000001389
ENSG00000122574,WIPF3,ENSMICG00000012182
ENSG00000138757,G3BP2,ENSMICG00000007795
ENSG00000240583,AQP1,ENSMICG00000012214
ENSG00000114455,HHLA2,ENSMICG00000048964
ENSG00000026025,VIM,ENSMICG00000011578
ENSG00000243317,STMP1,ENSMICG00000036535
ENSG00000005486,RHBDD2,ENSMICG00000043146
ENSG00000189057,FAM111B,ENSMICG00000037210
ENSG00000139651,ZNF740,ENSMICG00000014191
ENSG00000152578,GRIA4,ENSMICG00000003112
ENSG00000175600,SUGCT,ENSMICG00000010769
ENSG00000129317,PUS7L,ENSMICG00000043043
ENSG00000067177,PHKA1,ENSMICG00000007902
ENSG00000136819,C9orf78,ENSMICG00000028970
ENSG00000143921,ABCG8,ENSMICG00000010470
ENSG00000130635,COL5A1,ENSMICG00000000447
ENSG00000198355,PIM3,ENSMICG00000037597
ENSG00000090612,ZNF268,ENSMICG00000034406
ENSG00000107796,ACTA2,ENSMICG00000006543
ENSG00000100263,RHBDD3,ENSMICG00000004259
ENSG00000132749,TESMIN,ENSMICG00000001063
ENSG00000138075,ABCG5,ENSMICG00000010457
ENSG00000099625,CBARP,ENSMICG00000013103
ENSG00000166736,HTR3A,ENSMICG00000010063
ENSG00000187672,ERC2,ENSMICG00000001005
ENSG00000124762,CDKN1A,ENSMICG00000032440
ENSG00000100243,CYB5R3,ENSMICG00000006571
ENSG00000169967,MAP3K2,ENSMICG00000009592
ENSG00000126254,RBM42,ENSMICG00000009880
ENSG00000103365,GGA2,ENSMICG00000007723
ENSG00000111145,ELK3,ENSMICG00000012211
ENSG00000177084,POLE,ENSMICG00000003954
ENSG00000109743,BST1,ENSMICG00000016939
ENSG00000206535,LNP1,ENSMICG00000049303
ENSG00000177453,NIM1K,ENSMICG00000009901
ENSG00000124664,SPDEF,ENSMICG00000013437
ENSG00000164081,TEX264,ENSMICG00000031192
ENSG00000166012,TAF1D,ENSMICG00000034947
ENSG00000198961,PJA2,ENSMICG00000002616
ENSG00000131263,RLIM,ENSMICG00000017508
ENSG00000138629,UBL7,ENSMICG00000043338
ENSG00000162078,ZG16B,ENSMICG00000043153
ENSG00000090238,YPEL3,ENSMICG00000031208
ENSG00000176248,ANAPC2,ENSMICG00000006069
ENSG00000105887,MTPN,ENSMICG00000029457
ENSG00000166228,PCBD1,ENSMICG00000015152
ENSG00000071889,FAM3A,ENSMICG00000016470
ENSG00000074317,SNCB,ENSMICG00000013390
ENSG00000135549,PKIB,ENSMICG00000043869
ENSG00000168993,CPLX1,ENSMICG00000036308
ENSG00000172671,ZFAND4,ENSMICG00000002245
ENSG00000277893,SRD5A2,ENSMICG00000035505
ENSG00000243147,MRPL33,ENSMICG00000043272
ENSG00000284190,MIR21,ENSMICG00000018691
ENSG00000201524,RNU6-450P,ENSMICG00000047389
ENSG00000157315,TMED6,ENSMICG00000001486
ENSG00000164023,SGMS2,ENSMICG00000008740
ENSG00000174990,CA5A,ENSMICG00000046573
ENSG00000128683,GAD1,ENSMICG00000015011
ENSG00000196437,ZNF569,ENSMICG00000038344
ENSG00000110060,PUS3,ENSMICG00000032941
ENSG00000186166,CENATAC,ENSMICG00000002682
ENSG00000106636,YKT6,ENSMICG00000004010
ENSG00000153066,TXNDC11,ENSMICG00000008219
ENSG00000138796,HADH,ENSMICG00000012822
ENSG00000083838,ZNF446,ENSMICG00000005466
ENSG00000100239,PPP6R2,ENSMICG00000012829
ENSG00000207839,MIR33B,ENSMICG00000018521
ENSG00000171953,ATPAF2,ENSMICG00000012588
ENSG00000205213,LGR4,ENSMICG00000005157
ENSG00000136931,NR5A1,ENSMICG00000002907
ENSG00000169228,RAB24,ENSMICG00000036422
ENSG00000178409,BEND3,ENSMICG00000043137
ENSG00000105438,KDELR1,ENSMICG00000032657
ENSG00000139291,TMEM19,ENSMICG00000047949
ENSG00000075975,MKRN2,ENSMICG00000012164
ENSG00000183549,ACSM5,ENSMICG00000011169
ENSG00000173467,AGR3,ENSMICG00000013575
ENSG00000099256,PRTFDC1,ENSMICG00000011262
ENSG00000091536,MYO15A,ENSMICG00000012609
ENSG00000168300,PCMTD1,ENSMICG00000003704
ENSG00000124571,XPO5,ENSMICG00000005032
ENSG00000171827,ZNF570,ENSMICG00000009486
ENSG00000123395,ATG101,ENSMICG00000016818
ENSG00000196542,SPTSSB,ENSMICG00000048968
ENSG00000163513,TGFBR2,ENSMICG00000049062
ENSG00000136937,NCBP1,ENSMICG00000012682
ENSG00000151893,CACUL1,ENSMICG00000007500
ENSG00000129933,MAU2,ENSMICG00000015603
ENSG00000102241,HTATSF1,ENSMICG00000009348
ENSG00000197150,ABCB8,ENSMICG00000004734
ENSG00000166266,CUL5,ENSMICG00000000376
ENSG00000111261,MANSC1,ENSMICG00000035214
ENSG00000138669,PRKG2,ENSMICG00000034314
ENSG00000155970,MICU3,ENSMICG00000031422
ENSG00000101246,ARFRP1,ENSMICG00000008840
ENSG00000108061,SHOC2,ENSMICG00000008774
ENSG00000136518,ACTL6A,ENSMICG00000049032
ENSG00000084453,SLCO1A2,ENSMICG00000001069
ENSG00000179262,RAD23A,ENSMICG00000016290
ENSG00000183044,ABAT,ENSMICG00000010637
ENSG00000137492,THAP12,ENSMICG00000006139
ENSG00000215301,DDX3X,ENSMICG00000032772
ENSG00000149016,TUT1,ENSMICG00000009841
ENSG00000113492,AGXT2,ENSMICG00000005689
ENSG00000133884,DPF2,ENSMICG00000008672
ENSG00000118564,FBXL5,ENSMICG00000016925
ENSG00000160959,LRRC14,ENSMICG00000015949
ENSG00000238793,SNORD124,ENSMICG00000024582
ENSG00000126368,NR1D1,ENSMICG00000003310
ENSG00000124795,DEK,ENSMICG00000015469
ENSG00000198682,PAPSS2,ENSMICG00000003328
ENSG00000108352,RAPGEFL1,ENSMICG00000003329
ENSG00000165643,SOHLH1,ENSMICG00000046533
ENSG00000104872,PIH1D1,ENSMICG00000009307
ENSG00000121680,PEX16,ENSMICG00000014206
ENSG00000154582,ELOC,ENSMICG00000031315
ENSG00000137944,KYAT3,ENSMICG00000014713
ENSG00000196498,NCOR2,ENSMICG00000006962
ENSG00000136842,TMOD1,ENSMICG00000012658
ENSG00000166448,TMEM130,ENSMICG00000002904
ENSG00000162738,VANGL2,ENSMICG00000014019
ENSG00000107581,EIF3A,ENSMICG00000007588
ENSG00000166924,NYAP1,ENSMICG00000012488
ENSG00000204370,SDHD,ENSMICG00000008626
ENSG00000243509,TNFRSF6B,ENSMICG00000031323
ENSG00000173889,PHC3,ENSMICG00000049074
ENSG00000122679,RAMP3,ENSMICG00000032638
ENSG00000118702,GHRH,ENSMICG00000044896
ENSG00000197496,SLC2A10,ENSMICG00000034086
ENSG00000164746,C7orf57,ENSMICG00000006345
ENSG00000146054,TRIM7,ENSMICG00000028707
ENSG00000212541,RNU6-510P,ENSMICG00000025473
ENSG00000154930,ACSS1,ENSMICG00000002040
ENSG00000196821,ILRUN,ENSMICG00000047546
ENSG00000171219,CDC42BPG,ENSMICG00000001223
ENSG00000185668,POU3F1,ENSMICG00000001500
ENSG00000166289,PLEKHF1,ENSMICG00000015447
ENSG00000160993,ALKBH4,ENSMICG00000010314
ENSG00000064490,RFXANK,ENSMICG00000003972
ENSG00000173452,TMEM196,ENSMICG00000028950
ENSG00000112319,EYA4,ENSMICG00000007846
ENSG00000043143,JADE2,ENSMICG00000032137
ENSG00000136830,NIBAN2,ENSMICG00000002356
ENSG00000173992,CCS,ENSMICG00000026552
ENSG00000059691,GATB,ENSMICG00000004311
ENSG00000185418,TARS3,ENSMICG00000013039
ENSG00000165449,SLC16A9,ENSMICG00000037920
ENSG00000155926,SLA,ENSMICG00000047658
ENSG00000168439,STIP1,ENSMICG00000016933
ENSG00000103449,SALL1,ENSMICG00000036486
ENSG00000106336,FBXO24,ENSMICG00000009325
ENSG00000196678,ERI2,ENSMICG00000033748
ENSG00000061936,SFSWAP,ENSMICG00000004465
ENSG00000124253,PCK1,ENSMICG00000043054
ENSG00000136925,TSTD2,ENSMICG00000012668
ENSG00000115085,ZAP70,ENSMICG00000007422
ENSG00000138698,RAP1GDS1,ENSMICG00000011571
ENSG00000086475,SEPHS1,ENSMICG00000007329
ENSG00000244274,DBNDD2,ENSMICG00000031138
ENSG00000217930,PAM16,ENSMICG00000042422
ENSG00000135049,AGTPBP1,ENSMICG00000009600
ENSG00000103591,AAGAB,ENSMICG00000044554
ENSG00000114098,ARMC8,ENSMICG00000049544
ENSG00000156475,PPP2R2B,ENSMICG00000009366
ENSG00000144579,CTDSP1,ENSMICG00000033882
ENSG00000186480,INSIG1,ENSMICG00000031879
ENSG00000155980,KIF5A,ENSMICG00000005480
ENSG00000125571,IL37,ENSMICG00000016740
ENSG00000004948,CALCR,ENSMICG00000002792
ENSG00000103044,HAS3,ENSMICG00000009622
ENSG00000203791,EEF1AKMT2,ENSMICG00000029191
ENSG00000137868,STRA6,ENSMICG00000005158
ENSG00000111224,PARP11,ENSMICG00000035881
ENSG00000133247,KMT5C,ENSMICG00000044871
ENSG00000103460,TOX3,ENSMICG00000014881
ENSG00000213699,SLC35F6,ENSMICG00000006854
ENSG00000152463,OLAH,ENSMICG00000045566
ENSG00000196562,SULF2,ENSMICG00000006819
ENSG00000197140,ADAM32,ENSMICG00000003605
ENSG00000173621,LRFN4,ENSMICG00000034770
ENSG00000149136,SSRP1,ENSMICG00000004836
ENSG00000007001,UPP2,ENSMICG00000004835
ENSG00000149930,TAOK2,ENSMICG00000009090
ENSG00000146453,PNLDC1,ENSMICG00000008021
ENSG00000144231,POLR2D,ENSMICG00000009931
ENSG00000197889,MEIG1,ENSMICG00000034359
ENSG00000072422,RHOBTB1,ENSMICG00000028791
ENSG00000116106,EPHA4,ENSMICG00000014302
ENSG00000177169,ULK1,ENSMICG00000011757
ENSG00000180347,ITPRID1,ENSMICG00000038283
ENSG00000137193,PIM1,ENSMICG00000046929
ENSG00000160113,NR2F6,ENSMICG00000032394
ENSG00000160410,SHKBP1,ENSMICG00000009679
ENSG00000055147,FAM114A2,ENSMICG00000003553
ENSG00000088833,NSFL1C,ENSMICG00000014384
ENSG00000091137,SLC26A4,ENSMICG00000012921
ENSG00000131149,GSE1,ENSMICG00000016674
ENSG00000070018,LRP6,ENSMICG00000013962
ENSG00000146192,FGD2,ENSMICG00000003341
ENSG00000107872,FBXL15,ENSMICG00000042452
ENSG00000170145,SIK2,ENSMICG00000015724
ENSG00000166889,PATL1,ENSMICG00000004172
ENSG00000147606,SLC26A7,ENSMICG00000012285
ENSG00000112592,TBP,ENSMICG00000036607
ENSG00000186487,MYT1L,ENSMICG00000000882
ENSG00000122705,CLTA,ENSMICG00000017675
ENSG00000083750,RRAGB,ENSMICG00000035059
ENSG00000196209,SIRPB2,ENSMICG00000002528
ENSG00000135205,CCDC146,ENSMICG00000015818
ENSG00000166788,SAAL1,ENSMICG00000005592
ENSG00000101306,MYLK2,ENSMICG00000042913
ENSG00000152457,DCLRE1C,ENSMICG00000002808
ENSG00000198931,APRT,ENSMICG00000042171
ENSG00000147140,NONO,ENSMICG00000000232
ENSG00000112214,FHL5,ENSMICG00000009176
ENSG00000160563,MED27,ENSMICG00000003670
ENSG00000139574,NPFF,ENSMICG00000047279
ENSG00000172296,SPTLC3,ENSMICG00000002259
ENSG00000132623,ANKEF1,ENSMICG00000010162
ENSG00000166783,MARF1,ENSMICG00000014803
ENSG00000198707,CEP290,ENSMICG00000008089
ENSG00000165185,KIAA1958,ENSMICG00000047260
ENSG00000089091,DZANK1,ENSMICG00000010726
ENSG00000169692,AGPAT2,ENSMICG00000017382
ENSG00000214087,ARL16,ENSMICG00000036087
ENSG00000188175,HEPACAM2,ENSMICG00000012423
ENSG00000160404,TOR2A,ENSMICG00000005629
ENSG00000166796,LDHC,ENSMICG00000009475
ENSG00000170381,SEMA3E,ENSMICG00000027369
ENSG00000050748,MAPK9,ENSMICG00000015900
ENSG00000198467,TPM2,ENSMICG00000002507
ENSG00000244405,ETV5,ENSMICG00000049011
ENSG00000151611,MMAA,ENSMICG00000000564
ENSG00000177082,WDR73,ENSMICG00000015924
ENSG00000105971,CAV2,ENSMICG00000045272
ENSG00000152954,NRSN1,ENSMICG00000030894
ENSG00000164122,ASB5,ENSMICG00000035551
ENSG00000168566,SNRNP48,ENSMICG00000012497
ENSG00000181016,LSMEM1,ENSMICG00000001379
ENSG00000181924,COA4,ENSMICG00000012654
ENSG00000005421,PON1,ENSMICG00000005724
ENSG00000189325,BNIP5,ENSMICG00000011173
ENSG00000145220,LYAR,ENSMICG00000000202
ENSG00000089199,CHGB,ENSMICG00000011615
ENSG00000130382,MLLT1,ENSMICG00000006273
ENSG00000178105,DDX10,ENSMICG00000035071
ENSG00000136404,TM6SF1,ENSMICG00000016971
ENSG00000204070,SYS1,ENSMICG00000028195
ENSG00000023330,ALAS1,ENSMICG00000002714
ENSG00000184162,NR2C2AP,ENSMICG00000003978
ENSG00000065029,ZNF76,ENSMICG00000015530
ENSG00000185467,KPNA7,ENSMICG00000017420
ENSG00000036448,MYOM2,ENSMICG00000013602
ENSG00000164073,MFSD8,ENSMICG00000011520
ENSG00000184434,LRRC19,ENSMICG00000037703
ENSG00000166848,TERF2IP,ENSMICG00000041861
ENSG00000124207,CSE1L,ENSMICG00000001988
ENSG00000008282,SYPL1,ENSMICG00000031837
ENSG00000167123,CERCAM,ENSMICG00000043310
ENSG00000149823,VPS51,ENSMICG00000016561
ENSG00000051180,RAD51,ENSMICG00000005941
ENSG00000105357,MYH14,ENSMICG00000009769
ENSG00000161992,PRR35,ENSMICG00000040140
ENSG00000170759,KIF5B,ENSMICG00000015592
ENSG00000200783,RN7SKP180,ENSMICG00000022772
ENSG00000069188,SDK2,ENSMICG00000005164
ENSG00000167395,ZNF646,ENSMICG00000001613
ENSG00000088992,TESC,ENSMICG00000010998
ENSG00000205277,MUC12,ENSMICG00000042645
ENSG00000172366,MCRIP2,ENSMICG00000026962
ENSG00000175782,SLC35E3,ENSMICG00000029927
ENSG00000157741,UBN2,ENSMICG00000003118
ENSG00000149179,CSTPP1,ENSMICG00000007010
ENSG00000062038,CDH3,ENSMICG00000009586
ENSG00000168952,STXBP6,ENSMICG00000035834
ENSG00000118308,IRAG2,ENSMICG00000030721
ENSG00000105855,ITGB8,ENSMICG00000009239
ENSG00000225180,PVALEF,ENSMICG00000027447
ENSG00000150551,LYPD1,ENSMICG00000029863
ENSG00000010282,HHATL,ENSMICG00000049154
ENSG00000115977,AAK1,ENSMICG00000003788
ENSG00000131652,THOC6,ENSMICG00000001887
ENSG00000129009,ISLR,ENSMICG00000031592
ENSG00000182054,IDH2,ENSMICG00000011539
ENSG00000054967,RELT,ENSMICG00000016731
ENSG00000100241,SBF1,ENSMICG00000012876
ENSG00000146648,EGFR,ENSMICG00000009640
ENSG00000119509,INVS,ENSMICG00000014825
ENSG00000115159,GPD2,ENSMICG00000002816
ENSG00000126778,SIX1,ENSMICG00000033111
ENSG00000092098,RNF31,ENSMICG00000001705
ENSG00000149532,CPSF7,ENSMICG00000013788
ENSG00000244005,NFS1,ENSMICG00000007484
ENSG00000140323,DISP2,ENSMICG00000027535
ENSG00000153774,CFDP1,ENSMICG00000027045
ENSG00000148120,AOPEP,ENSMICG00000001153
ENSG00000003056,M6PR,ENSMICG00000014416
ENSG00000125733,TRIP10,ENSMICG00000000935
ENSG00000120915,EPHX2,ENSMICG00000007709
ENSG00000100647,SUSD6,ENSMICG00000044762
ENSG00000122873,CISD1,ENSMICG00000042103
ENSG00000131876,SNRPA1,ENSMICG00000034886
ENSG00000154556,SORBS2,ENSMICG00000010921
ENSG00000165832,TRUB1,ENSMICG00000016324
ENSG00000143942,CHAC2,ENSMICG00000045392
ENSG00000241106,HLA-DOB,ENSMICG00000034483
ENSG00000134987,WDR36,ENSMICG00000000645
ENSG00000106771,TMEM245,ENSMICG00000002081
ENSG00000162066,AMDHD2,ENSMICG00000017110
ENSG00000169604,ANTXR1,ENSMICG00000003756
ENSG00000090060,PAPOLA,ENSMICG00000010347
ENSG00000148824,MTG1,ENSMICG00000043833
ENSG00000087586,AURKA,ENSMICG00000004643
ENSG00000173156,RHOD,ENSMICG00000015500
ENSG00000182158,CREB3L2,ENSMICG00000003960
ENSG00000137841,PLCB2,ENSMICG00000007700
ENSG00000163714,U2SURP,ENSMICG00000049294
ENSG00000130962,PRRG1,ENSMICG00000043549
ENSG00000172301,COPRS,ENSMICG00000029453
ENSG00000203772,SPRN,ENSMICG00000046377
ENSG00000113761,ZNF346,ENSMICG00000007633
ENSG00000107614,TRDMT1,ENSMICG00000011567
ENSG00000181291,TMEM132E,ENSMICG00000003085
ENSG00000105825,TFPI2,ENSMICG00000032673
ENSG00000137726,FXYD6,ENSMICG00000002438
ENSG00000101928,MOSPD1,ENSMICG00000006580
ENSG00000153975,ZUP1,ENSMICG00000013671
ENSG00000102349,KLF8,ENSMICG00000001146
ENSG00000178952,TUFM,ENSMICG00000007650
ENSG00000112234,FBXL4,ENSMICG00000038579
ENSG00000105852,PON3,ENSMICG00000005738
ENSG00000126895,AVPR2,ENSMICG00000037091
ENSG00000213923,CSNK1E,ENSMICG00000011583
ENSG00000101997,CCDC22,ENSMICG00000006380
ENSG00000270379,HEATR9,ENSMICG00000001796
ENSG00000175426,PCSK1,ENSMICG00000010208
ENSG00000150540,HNMT,ENSMICG00000042723
ENSG00000095203,EPB41L4B,ENSMICG00000002096
ENSG00000029363,BCLAF1,ENSMICG00000004946
ENSG00000148737,TCF7L2,ENSMICG00000030527
ENSG00000169994,MYO7B,ENSMICG00000002875
ENSG00000106236,NPTX2,ENSMICG00000002901
ENSG00000120784,ZFP30,ENSMICG00000009515
ENSG00000042813,ZPBP,ENSMICG00000047043
ENSG00000196428,TSC22D2,ENSMICG00000048865
ENSG00000137806,NDUFAF1,ENSMICG00000016845
ENSG00000172382,PRSS27,ENSMICG00000017144
ENSG00000127507,ADGRE2,ENSMICG00000014240
ENSG00000106511,MEOX2,ENSMICG00000033516
ENSG00000099365,STX1B,ENSMICG00000001600
ENSG00000157927,RADIL,ENSMICG00000008147
ENSG00000172534,HCFC1,ENSMICG00000016286
ENSG00000104218,CSPP1,ENSMICG00000011048
ENSG00000172183,ISG20,ENSMICG00000027508
ENSG00000173611,SCAI,ENSMICG00000002936
ENSG00000132170,PPARG,ENSMICG00000016663
ENSG00000206692,Y_RNA,ENSMICG00000042286
ENSG00000075618,FSCN1,ENSMICG00000010211
ENSG00000103671,TRIP4,ENSMICG00000008679
ENSG00000182149,IST1,ENSMICG00000011314
ENSG00000118960,HS1BP3,ENSMICG00000027064
ENSG00000122591,HYCC1,ENSMICG00000006711
ENSG00000183648,NDUFB1,ENSMICG00000016435
ENSG00000214309,MBLAC1,ENSMICG00000026971
ENSG00000064393,HIPK2,ENSMICG00000003143
ENSG00000163600,ICOS,ENSMICG00000037046
ENSG00000125618,PAX8,ENSMICG00000003265
ENSG00000137103,TMEM8B,ENSMICG00000002579
ENSG00000186198,SLC51B,ENSMICG00000046031
ENSG00000146674,IGFBP3,ENSMICG00000004515
ENSG00000182858,ALG12,ENSMICG00000013098
ENSG00000140299,BNIP2,ENSMICG00000011145
ENSG00000151332,MBIP,ENSMICG00000013161
ENSG00000012211,PRICKLE3,ENSMICG00000006347
ENSG00000119411,BSPRY,ENSMICG00000015064
ENSG00000243566,UPK3B,ENSMICG00000031538
ENSG00000171448,ZBTB26,ENSMICG00000037770
ENSG00000196712,NF1,ENSMICG00000002852
ENSG00000106683,LIMK1,ENSMICG00000016193
ENSG00000012232,EXTL3,ENSMICG00000027437
ENSG00000156345,CDK20,ENSMICG00000002945
ENSG00000176732,PFN4,ENSMICG00000001541
ENSG00000182162,P2RY8,ENSMICG00000047835
ENSG00000140459,CYP11A1,ENSMICG00000046278
ENSG00000244486,SCARF2,ENSMICG00000035306
ENSG00000126214,KLC1,ENSMICG00000014896
ENSG00000198286,CARD11,ENSMICG00000000901
ENSG00000106571,GLI3,ENSMICG00000010785
ENSG00000134138,MEIS2,ENSMICG00000014656
ENSG00000162980,ARL5A,ENSMICG00000046220
ENSG00000198042,MAK16,ENSMICG00000013106
ENSG00000107281,NPDC1,ENSMICG00000033933
ENSG00000105664,COMP,ENSMICG00000028923
ENSG00000196228,SULT1C3,ENSMICG00000007221
ENSG00000184164,CRELD2,ENSMICG00000013107
ENSG00000135929,CYP27A1,ENSMICG00000006999
ENSG00000155097,ATP6V1C1,ENSMICG00000009013
ENSG00000006625,GGCT,ENSMICG00000012142
ENSG00000070047,PHRF1,ENSMICG00000005052
ENSG00000147118,ZNF182,ENSMICG00000037147
ENSG00000164877,MICALL2,ENSMICG00000016821
ENSG00000106809,OGN,ENSMICG00000032253
ENSG00000158526,TSR2,ENSMICG00000010116
ENSG00000182916,TCEAL7,ENSMICG00000047021
ENSG00000135999,EPC2,ENSMICG00000016659
ENSG00000197859,ADAMTSL2,ENSMICG00000031225
ENSG00000185973,TMLHE,ENSMICG00000010663
ENSG00000152056,AP1S3,ENSMICG00000014406
ENSG00000153310,CYRIB,ENSMICG00000030779
ENSG00000106278,PTPRZ1,ENSMICG00000000608
ENSG00000123405,NFE2,ENSMICG00000031522
ENSG00000153086,ACMSD,ENSMICG00000013809
ENSG00000171453,POLR1C,ENSMICG00000005027
ENSG00000131061,ZNF341,ENSMICG00000047832
ENSG00000182050,MGAT4C,ENSMICG00000037297
ENSG00000074219,TEAD2,ENSMICG00000009284
ENSG00000162063,CCNF,ENSMICG00000014845
ENSG00000068394,GPKOW,ENSMICG00000045083
ENSG00000178445,GLDC,ENSMICG00000000602
ENSG00000278505,C17orf78,ENSMICG00000029913
ENSG00000176896,TCEANC,ENSMICG00000002284
ENSG00000138079,SLC3A1,ENSMICG00000004923
ENSG00000147100,SLC16A2,ENSMICG00000043965
ENSG00000140548,ZNF710,ENSMICG00000011530
ENSG00000006327,TNFRSF12A,ENSMICG00000001879
ENSG00000113141,IK,ENSMICG00000014045
ENSG00000089050,RBBP9,ENSMICG00000047808
ENSG00000182831,HAPSTR1,ENSMICG00000046643
ENSG00000140382,HMG20A,ENSMICG00000011025
ENSG00000175556,LONRF3,ENSMICG00000004246
ENSG00000060491,OGFR,ENSMICG00000045669
ENSG00000197006,METTL9,ENSMICG00000034669
ENSG00000023892,DEF6,ENSMICG00000015541
ENSG00000197565,COL4A6,ENSMICG00000002071
ENSG00000140718,FTO,ENSMICG00000016837
ENSG00000215305,VPS16,ENSMICG00000016588
ENSG00000137161,CNPY3,ENSMICG00000042564
ENSG00000108813,DLX4,ENSMICG00000031694
ENSG00000164674,SYTL3,ENSMICG00000009493
ENSG00000163121,NEURL3,ENSMICG00000012532
ENSG00000204822,MRPL53,ENSMICG00000042776
ENSG00000106537,TSPAN13,ENSMICG00000015312
ENSG00000123612,ACVR1C,ENSMICG00000008579
ENSG00000152583,SPARCL1,ENSMICG00000026718
ENSG00000137824,RMDN3,ENSMICG00000005945
ENSG00000164329,TENT2,ENSMICG00000038412
ENSG00000080802,CNOT4,ENSMICG00000001667
ENSG00000092820,EZR,ENSMICG00000036052
ENSG00000131153,GINS2,ENSMICG00000042901
ENSG00000168795,ZBTB5,ENSMICG00000043022
ENSG00000166446,CDYL2,ENSMICG00000000633
ENSG00000167106,EEIG1,ENSMICG00000012755
ENSG00000100038,TOP3B,ENSMICG00000042595
ENSG00000173991,TCAP,ENSMICG00000026867
ENSG00000103363,ELOB,ENSMICG00000012766
ENSG00000148288,GBGT1,ENSMICG00000010686
ENSG00000141744,PNMT,ENSMICG00000048160
ENSG00000111254,AKAP3,ENSMICG00000000841
ENSG00000115616,SLC9A2,ENSMICG00000008821
ENSG00000161395,PGAP3,ENSMICG00000010533
ENSG00000160963,COL26A1,ENSMICG00000010259
ENSG00000096384,HSP90AB1,ENSMICG00000013394
ENSG00000141101,NOB1,ENSMICG00000012123
ENSG00000140526,ABHD2,ENSMICG00000001927
ENSG00000166532,RIMKLB,ENSMICG00000032577
ENSG00000172482,AGXT,ENSMICG00000036652
ENSG00000161405,IKZF3,ENSMICG00000010571
ENSG00000103202,NME4,ENSMICG00000004076
ENSG00000157119,KLHL40,ENSMICG00000049090
ENSG00000171757,LRRC34,ENSMICG00000037650
ENSG00000180176,TH,ENSMICG00000035178
ENSG00000139613,SMARCC2,ENSMICG00000014448
ENSG00000164970,FAM219A,ENSMICG00000002351
ENSG00000132635,PCED1A,ENSMICG00000016578
ENSG00000166822,TMEM170A,ENSMICG00000043281
ENSG00000012171,SEMA3B,ENSMICG00000016288
ENSG00000080503,SMARCA2,ENSMICG00000005162
ENSG00000205084,TMEM231,ENSMICG00000011968
ENSG00000165801,ARHGEF40,ENSMICG00000016880
ENSG00000131435,PDLIM4,ENSMICG00000013790
ENSG00000106638,TBL2,ENSMICG00000013906
ENSG00000140955,ADAD2,ENSMICG00000012378
ENSG00000122386,ZNF205,ENSMICG00000009089
ENSG00000186075,ZPBP2,ENSMICG00000034019
ENSG00000164588,HCN1,ENSMICG00000035751
ENSG00000189157,FAM47E,ENSMICG00000017892
ENSG00000188997,KCTD21,ENSMICG00000046215
ENSG00000077279,DCX,ENSMICG00000016597
ENSG00000115602,IL1RL1,ENSMICG00000008768
ENSG00000204913,LRRC3C,ENSMICG00000047156
ENSG00000174136,RGMB,ENSMICG00000046794
ENSG00000100321,SYNGR1,ENSMICG00000015846
ENSG00000167914,GSDMA,ENSMICG00000047508
ENSG00000138600,SPPL2A,ENSMICG00000010743
ENSG00000173327,MAP3K11,ENSMICG00000046309
ENSG00000214194,SMIM30,ENSMICG00000041783
ENSG00000166676,TVP23A,ENSMICG00000004062
ENSG00000128610,FEZF1,ENSMICG00000033586
ENSG00000121897,LIAS,ENSMICG00000016781
ENSG00000179761,PIPOX,ENSMICG00000005380
ENSG00000183569,SERHL2,ENSMICG00000000839
ENSG00000144550,CPNE9,ENSMICG00000015210
ENSG00000178602,OTOS,ENSMICG00000035278
ENSG00000170276,HSPB2,ENSMICG00000015816
ENSG00000155666,KDM8,ENSMICG00000009534
ENSG00000175334,BANF1,ENSMICG00000037787
ENSG00000115598,IL1RL2,ENSMICG00000043351
ENSG00000147041,SYTL5,ENSMICG00000045851
ENSG00000120725,SIL1,ENSMICG00000013044
ENSG00000105821,DNAJC2,ENSMICG00000008368
ENSG00000132646,PCNA,ENSMICG00000033133
ENSG00000180626,ZNF594,ENSMICG00000043837
ENSG00000144369,FAM171B,ENSMICG00000045239
ENSG00000151092,NGLY1,ENSMICG00000049359
ENSG00000035141,FAM136A,ENSMICG00000042469
ENSG00000198844,ARHGEF15,ENSMICG00000013863
ENSG00000166851,PLK1,ENSMICG00000035119
ENSG00000186297,GABRA5,ENSMICG00000000032
ENSG00000134575,ACP2,ENSMICG00000007053
ENSG00000144354,CDCA7,ENSMICG00000016991
ENSG00000125965,GDF5,ENSMICG00000030851
ENSG00000129988,LBP,ENSMICG00000037837
ENSG00000183690,EFHC2,ENSMICG00000002062
ENSG00000005700,IBTK,ENSMICG00000005321
ENSG00000121075,TBX4,ENSMICG00000016673
ENSG00000128534,LSM8,ENSMICG00000042730
ENSG00000164167,LSM6,ENSMICG00000042599
ENSG00000069535,MAOB,ENSMICG00000031145
ENSG00000015532,XYLT2,ENSMICG00000009687
ENSG00000166068,SPRED1,ENSMICG00000036372
ENSG00000126602,TRAP1,ENSMICG00000009126
ENSG00000163945,UVSSA,ENSMICG00000012963
ENSG00000125834,STK35,ENSMICG00000036350
ENSG00000153993,SEMA3D,ENSMICG00000010733
ENSG00000198854,KPLCE,ENSMICG00000016840
ENSG00000166734,GOLM2,ENSMICG00000027194
ENSG00000123700,KCNJ2,ENSMICG00000002771
ENSG00000100060,MFNG,ENSMICG00000037993
ENSG00000071462,BUD23,ENSMICG00000008214
ENSG00000155438,NIFK,ENSMICG00000037600
ENSG00000170571,EMB,ENSMICG00000046898
ENSG00000101445,PPP1R16B,ENSMICG00000013256
ENSG00000235568,NFAM1,ENSMICG00000047110
ENSG00000123636,BAZ2B,ENSMICG00000013967
ENSG00000239900,ADSL,ENSMICG00000014085
ENSG00000101911,PRPS2,ENSMICG00000034531
ENSG00000131899,LLGL1,ENSMICG00000012687
ENSG00000047188,YTHDC2,ENSMICG00000004030
ENSG00000169851,PCDH7,ENSMICG00000028654
ENSG00000084093,REST,ENSMICG00000028880
ENSG00000103653,CSK,ENSMICG00000035070
ENSG00000101846,STS,ENSMICG00000013455
ENSG00000101255,TRIB3,ENSMICG00000036811
ENSG00000130021,PUDP,ENSMICG00000017082
ENSG00000198276,UCKL1,ENSMICG00000015292
ENSG00000164675,IQUB,ENSMICG00000008091
ENSG00000171155,C1GALT1C1,ENSMICG00000044155
ENSG00000131171,SH3BGRL,ENSMICG00000037235
ENSG00000123570,RAB9B,ENSMICG00000003057
ENSG00000011426,ANLN,ENSMICG00000008936
ENSG00000114480,GBE1,ENSMICG00000006182
ENSG00000116996,ZP4,ENSMICG00000016091
ENSG00000053254,FOXN3,ENSMICG00000016708
ENSG00000115109,EPB41L5,ENSMICG00000000936
ENSG00000214944,ARHGEF28,ENSMICG00000011823
ENSG00000089169,RPH3A,ENSMICG00000008498
ENSG00000167851,CD300A,ENSMICG00000042275
ENSG00000132622,HSPA12B,ENSMICG00000002541
ENSG00000178467,P4HTM,ENSMICG00000007843
ENSG00000168803,MAPDA,ENSMICG00000010039
ENSG00000126215,XRCC3,ENSMICG00000014917
ENSG00000038532,CLEC16A,ENSMICG00000016678
ENSG00000167874,TMEM88,ENSMICG00000038093
ENSG00000203879,GDI1,ENSMICG00000016418
ENSG00000100395,L3MBTL2,ENSMICG00000002619
ENSG00000180336,MEIOC,ENSMICG00000035951
ENSG00000137764,MAP2K5,ENSMICG00000006137
ENSG00000106070,GRB10,ENSMICG00000002358
ENSG00000214193,SH3D21,ENSMICG00000027388
ENSG00000151093,OXSM,ENSMICG00000049367
ENSG00000129214,SHBG,ENSMICG00000014832
ENSG00000150764,DIXDC1,ENSMICG00000015829
ENSG00000022556,NLRP2,ENSMICG00000043941
ENSG00000163754,GYG1,ENSMICG00000048915
ENSG00000129696,TTI2,ENSMICG00000013113
ENSG00000131650,KREMEN2,ENSMICG00000001864
ENSG00000151650,VENTX,ENSMICG00000046760
ENSG00000100997,ABHD12,ENSMICG00000005779
ENSG00000117713,ARID1A,ENSMICG00000015610
ENSG00000158669,GPAT4,ENSMICG00000000942
ENSG00000178295,GEN1,ENSMICG00000026479
ENSG00000148484,RSU1,ENSMICG00000011480
ENSG00000142082,SIRT3,ENSMICG00000006303
ENSG00000169249,ZRSR2,ENSMICG00000003211
ENSG00000095015,MAP3K1,ENSMICG00000000427
ENSG00000156853,ZNF689,ENSMICG00000043380
ENSG00000075240,GRAMD4,ENSMICG00000012224
ENSG00000168101,NUDT16L1,ENSMICG00000015871
ENSG00000138092,CENPO,ENSMICG00000001580
ENSG00000182179,UBA7,ENSMICG00000047457
ENSG00000179913,B3GNT3,ENSMICG00000031110
ENSG00000140830,TXNL4B,ENSMICG00000030972
ENSG00000069998,HDHD5,ENSMICG00000004039
ENSG00000164591,MYOZ3,ENSMICG00000045206
ENSG00000133315,MACROD1,ENSMICG00000048123
ENSG00000107798,LIPA,ENSMICG00000034453
ENSG00000101265,RASSF2,ENSMICG00000014332
ENSG00000104894,CD37,ENSMICG00000034917
ENSG00000140632,GLYR1,ENSMICG00000015933
ENSG00000158552,ZFAND2B,ENSMICG00000000774
ENSG00000152620,NADK2,ENSMICG00000031635
ENSG00000185291,IL3RA,ENSMICG00000043246
ENSG00000112667,DNPH1,ENSMICG00000008364
ENSG00000148935,GAS2,ENSMICG00000031234
ENSG00000215712,TMEM242,ENSMICG00000031602
ENSG00000000419,DPM1,ENSMICG00000003186
ENSG00000137171,KLC4,ENSMICG00000008292
ENSG00000158887,MPZ,ENSMICG00000007313
ENSG00000102575,ACP5,ENSMICG00000007032
ENSG00000166508,MCM7,ENSMICG00000003969
ENSG00000161973,CCDC42,ENSMICG00000002804
ENSG00000196419,XRCC6,ENSMICG00000005993
ENSG00000177370,TIMM22,ENSMICG00000041939
ENSG00000187824,TMEM220,ENSMICG00000011126
ENSG00000157502,PWWP3B,ENSMICG00000006196
ENSG00000132670,PTPRA,ENSMICG00000029145
ENSG00000269190,FBXO17,ENSMICG00000010032
ENSG00000168490,PHYHIP,ENSMICG00000001045
ENSG00000196924,FLNA,ENSMICG00000004663
ENSG00000108381,ASPA,ENSMICG00000015673
ENSG00000075340,ADD2,ENSMICG00000014589
ENSG00000149716,LTO1,ENSMICG00000003061
ENSG00000215695,RSC1A1,ENSMICG00000013122
ENSG00000126353,CCR7,ENSMICG00000028152
ENSG00000169641,LUZP1,ENSMICG00000034030
ENSG00000164930,FZD6,ENSMICG00000027475
ENSG00000173818,ENDOV,ENSMICG00000037907
ENSG00000145868,FBXO38,ENSMICG00000002556
ENSG00000153814,JAZF1,ENSMICG00000009941
ENSG00000229833,PET100,ENSMICG00000033469
ENSG00000165804,ZNF219,ENSMICG00000032662
ENSG00000177963,RIC8A,ENSMICG00000006293
ENSG00000183291,SELENOF,ENSMICG00000015940
ENSG00000130724,CHMP2A,ENSMICG00000003043
ENSG00000213420,GPC2,ENSMICG00000048056
ENSG00000147813,NAPRT,ENSMICG00000001115
ENSG00000146904,EPHA1,ENSMICG00000015546
ENSG00000090054,SPTLC1,ENSMICG00000004405
ENSG00000166197,NOLC1,ENSMICG00000011811
ENSG00000103540,CCP110,ENSMICG00000042690
ENSG00000161267,BDH1,ENSMICG00000049462
ENSG00000157212,PAXIP1,ENSMICG00000014321
ENSG00000198198,SZT2,ENSMICG00000007089
ENSG00000080815,PSEN1,ENSMICG00000017923
ENSG00000153822,KCNJ16,ENSMICG00000002768
ENSG00000161277,THAP8,ENSMICG00000010199
ENSG00000140332,TLE3,ENSMICG00000002321
ENSG00000267221,C17orf113,ENSMICG00000042519
ENSG00000006047,YBX2,ENSMICG00000012453
ENSG00000164742,ADCY1,ENSMICG00000004502
ENSG00000007080,CCDC124,ENSMICG00000008707
ENSG00000151640,DPYSL4,ENSMICG00000000578
ENSG00000006740,ARHGAP44,ENSMICG00000002417
ENSG00000127585,FBXL16,ENSMICG00000010612
ENSG00000176386,CDC26,ENSMICG00000035931
ENSG00000140990,NDUFB10,ENSMICG00000027466
ENSG00000123143,PKN1,ENSMICG00000035009
ENSG00000074319,TSG101,ENSMICG00000008879
ENSG00000084774,CAD,ENSMICG00000017084
ENSG00000167964,RAB26,ENSMICG00000027380
ENSG00000158220,ESYT3,ENSMICG00000049486
ENSG00000105939,ZC3HAV1,ENSMICG00000003101
ENSG00000160293,VAV2,ENSMICG00000015436
ENSG00000099250,NRP1,ENSMICG00000008497
ENSG00000106330,MOSPD3,ENSMICG00000009344
ENSG00000188157,AGRN,ENSMICG00000013481
ENSG00000126603,GLIS2,ENSMICG00000047824
ENSG00000140835,CHST4,ENSMICG00000042768
ENSG00000260734,TLE7,ENSMICG00000046469
ENSG00000196353,CPNE4,ENSMICG00000049422
ENSG00000158792,SPATA2L,ENSMICG00000035332
ENSG00000008516,MMP25,ENSMICG00000028168
ENSG00000135362,PRR5L,ENSMICG00000047184
ENSG00000155561,NUP205,ENSMICG00000032825
ENSG00000258839,MC1R,ENSMICG00000044903
ENSG00000070444,MNT,ENSMICG00000031523
ENSG00000241852,C8orf58,ENSMICG00000017355
ENSG00000135740,SLC9A5,ENSMICG00000007789
ENSG00000145901,TNIP1,ENSMICG00000000664
ENSG00000141854,MISP3,ENSMICG00000046673
ENSG00000091947,TMEM101,ENSMICG00000044424
ENSG00000105671,DDX49,ENSMICG00000003640
ENSG00000202609,MIR488,ENSMICG00000018419
ENSG00000136710,VMA22,ENSMICG00000029104
ENSG00000283575,U6,ENSMICG00000041473
ENSG00000205710,C17orf107,ENSMICG00000029139
ENSG00000007237,GAS7,ENSMICG00000005373
ENSG00000054983,GALC,ENSMICG00000003020
ENSG00000115425,PECR,ENSMICG00000036951
ENSG00000103061,SLC7A6OS,ENSMICG00000041758
ENSG00000115457,IGFBP2,ENSMICG00000008989
ENSG00000104219,ZDHHC2,ENSMICG00000017836
ENSG00000141098,GFOD2,ENSMICG00000012208
ENSG00000131126,TEX101,ENSMICG00000016051
ENSG00000155368,DBI,ENSMICG00000026878
ENSG00000162062,TEDC2,ENSMICG00000014837
ENSG00000015592,STMN4,ENSMICG00000012281
ENSG00000106992,AK1,ENSMICG00000005696
ENSG00000198663,C6orf89,ENSMICG00000010562
ENSG00000142484,TM4SF5,ENSMICG00000000157
ENSG00000129654,FOXJ1,ENSMICG00000030811
ENSG00000144791,LIMD1,ENSMICG00000049497
ENSG00000163453,IGFBP7,ENSMICG00000046078
ENSG00000276293,PIP4K2B,ENSMICG00000003001
ENSG00000232070,TMEM253,ENSMICG00000027606
ENSG00000138039,LHCGR,ENSMICG00000014907
ENSG00000160953,PWWP3A,ENSMICG00000003892
ENSG00000128422,KRT17,ENSMICG00000011795
ENSG00000172113,NME6,ENSMICG00000006161
ENSG00000138785,INTS12,ENSMICG00000010760
ENSG00000167513,CDT1,ENSMICG00000046243
ENSG00000213424,KRT222,ENSMICG00000032628
ENSG00000134001,EIF2S1,ENSMICG00000041438
ENSG00000115661,STK16,ENSMICG00000000800
ENSG00000174996,KLC2,ENSMICG00000008601
ENSG00000141505,ASGR1,ENSMICG00000004281
ENSG00000103067,ESRP2,ENSMICG00000011382
ENSG00000155660,PDIA4,ENSMICG00000030583
ENSG00000147789,ZNF7,ENSMICG00000000042
ENSG00000100596,SPTLC2,ENSMICG00000009115
ENSG00000025708,TYMP,ENSMICG00000013000
ENSG00000165192,ASB11,ENSMICG00000003169
ENSG00000105053,VRK3,ENSMICG00000006537
ENSG00000106688,SLC1A1,ENSMICG00000005171
ENSG00000127124,HIVEP3,ENSMICG00000037990
ENSG00000179542,SLITRK4,ENSMICG00000036015
ENSG00000215277,RNF212B,ENSMICG00000044189
ENSG00000185883,ATP6V0C,ENSMICG00000043687
ENSG00000198689,SLC9A6,ENSMICG00000011746
ENSG00000044012,GUCA2B,ENSMICG00000011582
ENSG00000153162,BMP6,ENSMICG00000005957
ENSG00000075213,SEMA3A,ENSMICG00000004924
ENSG00000145014,TMEM44,ENSMICG00000048733
ENSG00000003249,DBNDD1,ENSMICG00000028045
ENSG00000198876,DCAF12,ENSMICG00000005881
ENSG00000135821,GLUL,ENSMICG00000046030
ENSG00000085511,MAP3K4,ENSMICG00000007663
ENSG00000151445,VIPAS39,ENSMICG00000009084
ENSG00000107679,PLEKHA1,ENSMICG00000037532
ENSG00000056586,RC3H2,ENSMICG00000003227
ENSG00000176476,SGF29,ENSMICG00000009973
ENSG00000137573,SULF1,ENSMICG00000010511
ENSG00000121446,RGSL1,ENSMICG00000042019
ENSG00000140876,NUDT7,ENSMICG00000031936
ENSG00000181220,ZNF746,ENSMICG00000006405
ENSG00000157426,AASDH,ENSMICG00000008484
ENSG00000154978,VOPP1,ENSMICG00000001671
ENSG00000182156,ENPP7,ENSMICG00000002942
ENSG00000152404,CWF19L2,ENSMICG00000010853
ENSG00000095485,CWF19L1,ENSMICG00000034162
ENSG00000039068,CDH1,ENSMICG00000009601
ENSG00000185262,UBALD2,ENSMICG00000034419
ENSG00000115963,RND3,ENSMICG00000035694
ENSG00000198829,SUCNR1,ENSMICG00000049176
ENSG00000183684,ALYREF,ENSMICG00000017403
ENSG00000183833,CFAP91,ENSMICG00000049028
ENSG00000131724,IL13RA1,ENSMICG00000046669
ENSG00000141551,CSNK1D,ENSMICG00000043075
ENSG00000137817,PARP6,ENSMICG00000013544
ENSG00000119986,AVPI1,ENSMICG00000030042
ENSG00000136231,IGF2BP3,ENSMICG00000013683
ENSG00000158022,TRIM63,ENSMICG00000000187
ENSG00000165702,GFI1B,ENSMICG00000010656
ENSG00000128242,GAL3ST1,ENSMICG00000031002
ENSG00000282872,C1orf232,ENSMICG00000034667
ENSG00000168758,SEMA4C,ENSMICG00000044163
ENSG00000142684,ZNF593,ENSMICG00000017472
ENSG00000168306,ACOX2,ENSMICG00000015557
ENSG00000241127,YAE1,ENSMICG00000042079
ENSG00000107672,NSMCE4A,ENSMICG00000042455
ENSG00000080608,PUM3,ENSMICG00000045916
ENSG00000183317,EPHA10,ENSMICG00000011936
ENSG00000184517,ZFP1,ENSMICG00000015124
ENSG00000102125,TAFAZZIN,ENSMICG00000030766
ENSG00000167419,LPO,ENSMICG00000015965
ENSG00000149922,TBX6,ENSMICG00000009134
ENSG00000118181,RPS25,ENSMICG00000002687
ENSG00000197982,C1orf122,ENSMICG00000034712
ENSG00000252448,SNORA63,ENSMICG00000022105
ENSG00000260456,C16orf95,ENSMICG00000031068
ENSG00000125378,BMP4,ENSMICG00000011855
ENSG00000033122,LRRC7,ENSMICG00000005504
ENSG00000177354,C10orf71,ENSMICG00000034143
ENSG00000080603,SRCAP,ENSMICG00000016399
ENSG00000101347,SAMHD1,ENSMICG00000002446
ENSG00000181409,AATK,ENSMICG00000027120
ENSG00000129158,SERGEF,ENSMICG00000005579
ENSG00000118900,UBN1,ENSMICG00000015950
ENSG00000128567,PODXL,ENSMICG00000042010
ENSG00000139926,FRMD6,ENSMICG00000035237
ENSG00000127527,EPS15L1,ENSMICG00000004549
ENSG00000186976,EFCAB6,ENSMICG00000007847
ENSG00000189195,BTBD8,ENSMICG00000033675
ENSG00000131095,GFAP,ENSMICG00000016611
ENSG00000109625,CPZ,ENSMICG00000012180
ENSG00000184489,PTP4A3,ENSMICG00000030190
ENSG00000160679,CHTOP,ENSMICG00000013715
ENSG00000148541,FAM13C,ENSMICG00000001302
ENSG00000170537,TMC7,ENSMICG00000013966
ENSG00000090530,P3H2,ENSMICG00000049208
ENSG00000134207,SYT6,ENSMICG00000001415
ENSG00000146955,RAB19,ENSMICG00000006614
ENSG00000077684,JADE1,ENSMICG00000044275
ENSG00000122557,HERPUD2,ENSMICG00000036369
ENSG00000137168,PPIL1,ENSMICG00000035980
ENSG00000046647,GEMIN8,ENSMICG00000015984
ENSG00000111961,SASH1,ENSMICG00000014483
ENSG00000007545,CRAMP1,ENSMICG00000014094
ENSG00000175634,RPS6KB2,ENSMICG00000004111
ENSG00000013563,DNASE1L1,ENSMICG00000035242
ENSG00000213123,DYNLT2B,ENSMICG00000049156
ENSG00000055957,ITIH1,ENSMICG00000013651
ENSG00000120029,ARMH3,ENSMICG00000011767
ENSG00000106299,WASL,ENSMICG00000038346
ENSG00000014123,UFL1,ENSMICG00000009169
ENSG00000125841,NRSN2,ENSMICG00000013484
ENSG00000125686,MED1,ENSMICG00000030428
ENSG00000122390,NAA60,ENSMICG00000008785
ENSG00000112335,SNX3,ENSMICG00000043331
ENSG00000103966,EHD4,ENSMICG00000034027
ENSG00000006634,DBF4,ENSMICG00000030146
ENSG00000283526,PRRT1B,ENSMICG00000044047
ENSG00000133740,E2F5,ENSMICG00000003567
ENSG00000148218,ALAD,ENSMICG00000015095
ENSG00000100991,TRPC4AP,ENSMICG00000005010
ENSG00000137312,FLOT1,ENSMICG00000014564
ENSG00000137869,CYP19A1,ENSMICG00000041874
ENSG00000119682,AREL1,ENSMICG00000006054
ENSG00000182612,TSPAN10,ENSMICG00000008615
ENSG00000132554,RGS22,ENSMICG00000038466
ENSG00000173714,WFIKKN2,ENSMICG00000037081
ENSG00000170836,PPM1D,ENSMICG00000014711
ENSG00000089682,RBM41,ENSMICG00000009750
ENSG00000114796,KLHL24,ENSMICG00000049481
ENSG00000177030,DEAF1,ENSMICG00000001602
ENSG00000106144,CASP2,ENSMICG00000047392
ENSG00000167880,EVPL,ENSMICG00000007705
ENSG00000102312,PORCN,ENSMICG00000013105
ENSG00000157992,KRTCAP3,ENSMICG00000015922
ENSG00000155256,ZFYVE27,ENSMICG00000000197
ENSG00000164897,TMUB1,ENSMICG00000046312
ENSG00000206053,JPT2,ENSMICG00000026714
ENSG00000018189,RUFY3,ENSMICG00000005370
ENSG00000136381,IREB2,ENSMICG00000005757
ENSG00000102103,PQBP1,ENSMICG00000005973
ENSG00000106615,RHEB,ENSMICG00000033790
ENSG00000220205,VAMP2,ENSMICG00000013748
ENSG00000158050,DUSP2,ENSMICG00000042532
ENSG00000149262,INTS4,ENSMICG00000009837
ENSG00000063761,ADCK1,ENSMICG00000016108
ENSG00000126562,WNK4,ENSMICG00000010362
ENSG00000106268,NUDT1,ENSMICG00000037667
ENSG00000186260,MRTFB,ENSMICG00000007900
ENSG00000115541,HSPE1,ENSMICG00000046768
ENSG00000114956,DGUOK,ENSMICG00000006034
ENSG00000151466,SCLT1,ENSMICG00000017457
ENSG00000167524,RSKR,ENSMICG00000016851
ENSG00000166415,WDR72,ENSMICG00000003702
ENSG00000128602,SMO,ENSMICG00000015350
ENSG00000172794,RAB37,ENSMICG00000010541
ENSG00000081320,STK17B,ENSMICG00000013716
ENSG00000131323,TRAF3,ENSMICG00000011793
ENSG00000000003,TSPAN6,ENSMICG00000011370
ENSG00000170264,FAM161A,ENSMICG00000032665
ENSG00000104517,UBR5,ENSMICG00000014824
ENSG00000163823,CCR1,ENSMICG00000049366
ENSG00000173267,SNCG,ENSMICG00000045281
ENSG00000122585,NPY,ENSMICG00000000511
ENSG00000085265,FCN1,ENSMICG00000000452
ENSG00000196549,MME,ENSMICG00000049514
ENSG00000070761,CFAP20,ENSMICG00000008226
ENSG00000127914,AKAP9,ENSMICG00000011654
ENSG00000185477,GPRIN3,ENSMICG00000036743
ENSG00000138376,BARD1,ENSMICG00000014488
ENSG00000171307,ZDHHC16,ENSMICG00000007671
ENSG00000138795,LEF1,ENSMICG00000012833
ENSG00000169877,AHSP,ENSMICG00000028059
ENSG00000081386,ZNF510,ENSMICG00000037577
ENSG00000184254,ALDH1A3,ENSMICG00000014808
ENSG00000086504,MRPL28,ENSMICG00000031344
ENSG00000130713,EXOSC2,ENSMICG00000015495
ENSG00000121058,COIL,ENSMICG00000000676
ENSG00000166432,ZMAT1,ENSMICG00000003313
ENSG00000252501,RNU4-77P,ENSMICG00000047028
ENSG00000100600,LGMN,ENSMICG00000001672
ENSG00000184640,SEPTIN9,ENSMICG00000008088
ENSG00000078814,MYH7B,ENSMICG00000004956
ENSG00000025423,HSD17B6,ENSMICG00000043569
ENSG00000133131,MORC4,ENSMICG00000015693
ENSG00000109182,CWH43,ENSMICG00000004623
ENSG00000154269,ENPP3,ENSMICG00000002944
ENSG00000106367,AP1S1,ENSMICG00000005406
ENSG00000125827,TMX4,ENSMICG00000043492
ENSG00000103855,CD276,ENSMICG00000045792
ENSG00000127580,WDR24,ENSMICG00000010588
ENSG00000143845,ETNK2,ENSMICG00000007869
ENSG00000125844,RRBP1,ENSMICG00000013693
ENSG00000104866,PPP1R37,ENSMICG00000007018
ENSG00000184924,PTRHD1,ENSMICG00000001578
ENSG00000127928,GNGT1,ENSMICG00000014546
ENSG00000148399,DPH7,ENSMICG00000042053
ENSG00000145996,CDKAL1,ENSMICG00000030037
ENSG00000086991,NOX4,ENSMICG00000014398
ENSG00000103024,NME3,ENSMICG00000030545
ENSG00000100316,RPL3,ENSMICG00000015832
ENSG00000106244,PDAP1,ENSMICG00000017425
ENSG00000157933,SKI,ENSMICG00000013262
ENSG00000115163,CENPA,ENSMICG00000034107
ENSG00000143839,REN,ENSMICG00000007875
ENSG00000106266,SNX8,ENSMICG00000001627
ENSG00000177981,ASB8,ENSMICG00000036562
ENSG00000130202,NECTIN2,ENSMICG00000014030
ENSG00000103489,XYLT1,ENSMICG00000002868
ENSG00000124370,MCEE,ENSMICG00000003827
ENSG00000136856,SLC2A8,ENSMICG00000002319
ENSG00000112118,MCM3,ENSMICG00000011430
ENSG00000116824,CD2,ENSMICG00000011899
ENSG00000164252,AGGF1,ENSMICG00000028679
ENSG00000196503,ARL9,ENSMICG00000036183
ENSG00000197779,ZNF81,ENSMICG00000037260
ENSG00000087274,ADD1,ENSMICG00000007785
ENSG00000177301,KCNA2,ENSMICG00000035462
ENSG00000103154,NECAB2,ENSMICG00000012291
ENSG00000147251,DOCK11,ENSMICG00000011698
ENSG00000115392,FANCL,ENSMICG00000015042
ENSG00000103502,CDIPT,ENSMICG00000010224
ENSG00000049541,RFC2,ENSMICG00000010212
ENSG00000163909,HEYL,ENSMICG00000030376
ENSG00000198574,SH2D1B,ENSMICG00000000048
ENSG00000126934,MAP2K2,ENSMICG00000028081
ENSG00000156869,FRRS1,ENSMICG00000007816
ENSG00000113649,TCERG1,ENSMICG00000009345
ENSG00000120798,NR2C1,ENSMICG00000005857
ENSG00000144668,ITGA9,ENSMICG00000048957
ENSG00000162460,TMEM82,ENSMICG00000044062
ENSG00000140538,NTRK3,ENSMICG00000004359
ENSG00000116191,RALGPS2,ENSMICG00000002482
ENSG00000141985,SH3GL1,ENSMICG00000000322
ENSG00000124102,PI3,ENSMICG00000000987
ENSG00000101126,ADNP,ENSMICG00000027969
ENSG00000184144,CNTN2,ENSMICG00000013182
ENSG00000127564,PKMYT1,ENSMICG00000001874
ENSG00000129534,MIS18BP1,ENSMICG00000005844
ENSG00000181523,SGSH,ENSMICG00000004099
ENSG00000188706,ZDHHC9,ENSMICG00000015847
ENSG00000176024,ZNF613,ENSMICG00000002776
ENSG00000112531,QKI,ENSMICG00000009220
ENSG00000161958,FGF11,ENSMICG00000031532
ENSG00000088888,MAVS,ENSMICG00000034157
ENSG00000135046,ANXA1,ENSMICG00000013045
ENSG00000156469,MTERF3,ENSMICG00000033467
ENSG00000131746,TNS4,ENSMICG00000009811
ENSG00000039987,BEST2,ENSMICG00000037638
ENSG00000170854,RIOX2,ENSMICG00000048909
ENSG00000125968,ID1,ENSMICG00000032502
ENSG00000071537,SEL1L,ENSMICG00000007612
ENSG00000108375,RNF43,ENSMICG00000026858
ENSG00000124160,NCOA5,ENSMICG00000043892
ENSG00000100311,PDGFB,ENSMICG00000028335
ENSG00000105696,TMEM59L,ENSMICG00000010461
ENSG00000172171,TEFM,ENSMICG00000009936
ENSG00000149926,TLCD3B,ENSMICG00000038237
ENSG00000100028,SNRPD3,ENSMICG00000034782
ENSG00000103978,TMEM87A,ENSMICG00000000787
ENSG00000005884,ITGA3,ENSMICG00000007204
ENSG00000109832,DDX25,ENSMICG00000004073
ENSG00000169592,INO80E,ENSMICG00000031360
ENSG00000100300,TSPO,ENSMICG00000003660
ENSG00000243667,DNAAF10,ENSMICG00000010876
ENSG00000175221,MED16,ENSMICG00000010107
ENSG00000167588,GPD1,ENSMICG00000015665
ENSG00000180900,SCRIB,ENSMICG00000012207
ENSG00000127022,CANX,ENSMICG00000003149
ENSG00000185985,SLITRK2,ENSMICG00000003910
ENSG00000001629,ANKIB1,ENSMICG00000015075
ENSG00000157131,C8A,ENSMICG00000000722
ENSG00000229453,SPINK8,ENSMICG00000031612
ENSG00000147255,IGSF1,ENSMICG00000015205
ENSG00000158234,FAIM,ENSMICG00000048920
ENSG00000153107,ANAPC1,ENSMICG00000008365
ENSG00000042088,TDP1,ENSMICG00000016717
ENSG00000090020,SLC9A1,ENSMICG00000015698
ENSG00000120253,NUP43,ENSMICG00000006312
ENSG00000106341,PPP1R17,ENSMICG00000000482
ENSG00000100294,MCAT,ENSMICG00000015473
ENSG00000188026,RILPL1,ENSMICG00000030068
ENSG00000050344,NFE2L3,ENSMICG00000032091
ENSG00000144891,AGTR1,ENSMICG00000049373
ENSG00000149564,ESAM,ENSMICG00000044251
ENSG00000198089,SFI1,ENSMICG00000012732
ENSG00000127922,SEM1,ENSMICG00000008928
ENSG00000141522,ARHGDIA,ENSMICG00000002895
ENSG00000103316,CRYM,ENSMICG00000015090
ENSG00000159251,ACTC1,ENSMICG00000016976
ENSG00000114126,TFDP2,ENSMICG00000049186
ENSG00000110048,OSBP,ENSMICG00000004162
ENSG00000107317,PTGDS,ENSMICG00000034872
ENSG00000249853,HS3ST5,ENSMICG00000027940
ENSG00000105926,PALS2,ENSMICG00000004206
ENSG00000139567,ACVRL1,ENSMICG00000016800
ENSG00000143851,PTPN7,ENSMICG00000007442
ENSG00000130347,RTN4IP1,ENSMICG00000015741
ENSG00000127586,CHTF18,ENSMICG00000017562
ENSG00000151729,SLC25A4,ENSMICG00000006136
ENSG00000197798,FAM118B,ENSMICG00000030128
ENSG00000062524,LTK,ENSMICG00000015875
ENSG00000110876,SELPLG,ENSMICG00000044874
ENSG00000137411,VARS2,ENSMICG00000005365
ENSG00000145287,PLAC8,ENSMICG00000046029
ENSG00000198887,SMC5,ENSMICG00000028308
ENSG00000122884,P4HA1,ENSMICG00000031365
ENSG00000130811,EIF3G,ENSMICG00000006936
ENSG00000114904,NEK4,ENSMICG00000016394
ENSG00000125398,SOX9,ENSMICG00000046955
ENSG00000275023,MLLT6,ENSMICG00000002976
ENSG00000110811,P3H3,ENSMICG00000042131
ENSG00000178381,ZFAND2A,ENSMICG00000002112
ENSG00000271601,LIX1L,ENSMICG00000043095
ENSG00000091583,APOH,ENSMICG00000013257
ENSG00000188290,HES4,ENSMICG00000015660
ENSG00000183513,COA5,ENSMICG00000036770
ENSG00000123080,CDKN2C,ENSMICG00000033935
ENSG00000163795,ZNF513,ENSMICG00000015886
ENSG00000273045,C2orf15,ENSMICG00000011610
ENSG00000205309,NT5M,ENSMICG00000027166
ENSG00000121851,POLR3GL,ENSMICG00000034663
ENSG00000164117,FBXO8,ENSMICG00000009959
ENSG00000104522,GFUS,ENSMICG00000042059
ENSG00000108798,ABI3,ENSMICG00000008618
ENSG00000198919,DZIP3,ENSMICG00000048858
ENSG00000272031,ANKRD34A,ENSMICG00000044107
ENSG00000143162,CREG1,ENSMICG00000011657
ENSG00000103888,CEMIP,ENSMICG00000017190
ENSG00000028203,VEZT,ENSMICG00000031583
ENSG00000188732,FAM221A,ENSMICG00000038246
ENSG00000079616,KIF22,ENSMICG00000010183
ENSG00000198492,YTHDF2,ENSMICG00000003729
ENSG00000196235,SUPT5H,ENSMICG00000006115
ENSG00000205436,EXOC3L4,ENSMICG00000009101
ENSG00000143153,ATP1B1,ENSMICG00000013186
ENSG00000100485,SOS2,ENSMICG00000017573
ENSG00000184205,TSPYL2,ENSMICG00000015786
ENSG00000174080,CTSF,ENSMICG00000003796
ENSG00000136754,ABI1,ENSMICG00000033105
ENSG00000070366,SMG6,ENSMICG00000012913
ENSG00000122643,NT5C3A,ENSMICG00000000723
ENSG00000050555,LAMC3,ENSMICG00000045226
ENSG00000113407,TARS1,ENSMICG00000005593
ENSG00000166233,ARIH1,ENSMICG00000012070
ENSG00000171488,LRRC8C,ENSMICG00000029202
ENSG00000134258,VTCN1,ENSMICG00000009755
ENSG00000101882,NKAP,ENSMICG00000013599
ENSG00000161996,WDR90,ENSMICG00000010525
ENSG00000117069,ST6GALNAC5,ENSMICG00000045831
ENSG00000178605,GTPBP6,ENSMICG00000044435
ENSG00000166750,SLFN5,ENSMICG00000033107
ENSG00000129187,DCTD,ENSMICG00000006929
ENSG00000184313,MROH7,ENSMICG00000007594
ENSG00000074755,ZZEF1,ENSMICG00000015860
ENSG00000130958,SLC35D2,ENSMICG00000002006
ENSG00000185055,EFCAB10,ENSMICG00000010958
ENSG00000094841,UPRT,ENSMICG00000001079
ENSG00000180535,BHLHA15,ENSMICG00000036615
ENSG00000075292,ZNF638,ENSMICG00000005419
ENSG00000164715,LMTK2,ENSMICG00000002866
ENSG00000100614,PPM1A,ENSMICG00000036990
ENSG00000132000,PODNL1,ENSMICG00000027429
ENSG00000069869,NEDD4,ENSMICG00000037350
ENSG00000213719,CLIC1,ENSMICG00000033421
ENSG00000169100,SLC25A6,ENSMICG00000002757
ENSG00000135185,TMEM243,ENSMICG00000014707
ENSG00000063438,AHRR,ENSMICG00000047925
ENSG00000123297,TSFM,ENSMICG00000003812
ENSG00000129353,SLC44A2,ENSMICG00000009648
ENSG00000106443,PHF14,ENSMICG00000014004
ENSG00000167182,SP2,ENSMICG00000036051
ENSG00000182934,SRPRA,ENSMICG00000015981
ENSG00000182872,RBM10,ENSMICG00000016937
ENSG00000164078,MST1R,ENSMICG00000010824
ENSG00000196150,ZNF250,ENSMICG00000042144
ENSG00000019582,CD74,ENSMICG00000002890
ENSG00000183615,FAM167B,ENSMICG00000029680
ENSG00000107295,SH3GL2,ENSMICG00000009761
ENSG00000116661,FBXO2,ENSMICG00000044082
ENSG00000120068,HOXB8,ENSMICG00000045961
ENSG00000109466,KLHL2,ENSMICG00000000794
ENSG00000132141,CCT6B,ENSMICG00000035976
ENSG00000130714,POMT1,ENSMICG00000004891
ENSG00000122644,ARL4A,ENSMICG00000044178
ENSG00000187730,GABRD,ENSMICG00000017160
ENSG00000198742,SMURF1,ENSMICG00000042244
ENSG00000110841,PPFIBP1,ENSMICG00000017684
ENSG00000189367,KIAA0408,ENSMICG00000035037
ENSG00000103260,METRN,ENSMICG00000026761
ENSG00000166199,ALKBH3,ENSMICG00000014651
ENSG00000145916,RMND5B,ENSMICG00000005367
ENSG00000162367,TAL1,ENSMICG00000045732
ENSG00000166482,MFAP4,ENSMICG00000017250
ENSG00000267795,SMIM22,ENSMICG00000041932
ENSG00000091831,ESR1,ENSMICG00000007592
ENSG00000221983,UBA52,ENSMICG00000047956
ENSG00000143365,RORC,ENSMICG00000030874
ENSG00000167186,COQ7,ENSMICG00000013990
ENSG00000163322,ABRAXAS1,ENSMICG00000004908
ENSG00000082996,RNF13,ENSMICG00000049394
ENSG00000173805,HAP1,ENSMICG00000026602
ENSG00000170786,SDR16C5,ENSMICG00000011717
ENSG00000120899,PTK2B,ENSMICG00000007677
ENSG00000149273,RPS3,ENSMICG00000030910
ENSG00000103035,PSMD7,ENSMICG00000027773
ENSG00000161921,CXCL16,ENSMICG00000001646
ENSG00000089916,GPATCH2L,ENSMICG00000006355
ENSG00000214022,REPIN1,ENSMICG00000038153
ENSG00000161920,MED11,ENSMICG00000001645
ENSG00000112473,SLC39A7,ENSMICG00000000905
ENSG00000155011,DKK2,ENSMICG00000027157
ENSG00000167131,DNAAF19,ENSMICG00000031382
ENSG00000167005,NUDT21,ENSMICG00000046719
ENSG00000132321,IQCA1,ENSMICG00000008062
ENSG00000006453,BAIAP2L1,ENSMICG00000002891
ENSG00000127419,TMEM175,ENSMICG00000029354
ENSG00000162409,PRKAA2,ENSMICG00000012632
ENSG00000006695,COX10,ENSMICG00000046924
ENSG00000196586,MYO6,ENSMICG00000012391
ENSG00000132603,NIP7,ENSMICG00000009664
ENSG00000152315,KCNK13,ENSMICG00000047590
ENSG00000072415,PALS1,ENSMICG00000010772
ENSG00000009724,MASP2,ENSMICG00000003841
ENSG00000122257,RBBP6,ENSMICG00000008059
ENSG00000020577,SAMD4A,ENSMICG00000016212
ENSG00000007171,NOS2,ENSMICG00000008244
ENSG00000122512,PMS2,ENSMICG00000012794
ENSG00000116690,PRG4,ENSMICG00000045917
ENSG00000188760,TMEM198,ENSMICG00000029883
ENSG00000123989,CHPF,ENSMICG00000001344
ENSG00000196136,SERPINA3,ENSMICG00000029260
ENSG00000131943,C19orf12,ENSMICG00000046460
ENSG00000211460,TSN,ENSMICG00000015793
ENSG00000183856,IQGAP3,ENSMICG00000008266
ENSG00000176454,LPCAT4,ENSMICG00000004673
ENSG00000164403,SHROOM1,ENSMICG00000041567
ENSG00000186469,GNG2,ENSMICG00000036131
ENSG00000189362,NEMP2,ENSMICG00000007297
ENSG00000138741,TRPC3,ENSMICG00000007029
ENSG00000123815,COQ8B,ENSMICG00000009742
ENSG00000119402,FBXW2,ENSMICG00000045875
ENSG00000168887,C2orf68,ENSMICG00000044296
ENSG00000086848,ALG9,ENSMICG00000015769
ENSG00000151929,BAG3,ENSMICG00000027251
ENSG00000125107,CNOT1,ENSMICG00000007071
ENSG00000140543,DET1,ENSMICG00000015841
ENSG00000204179,PTPN20,ENSMICG00000007849
ENSG00000066185,ZMYND12,ENSMICG00000043809
ENSG00000139990,DCAF5,ENSMICG00000046667
ENSG00000154262,ABCA6,ENSMICG00000044268
ENSG00000140398,NEIL1,ENSMICG00000016138
ENSG00000147050,KDM6A,ENSMICG00000015025
ENSG00000145388,METTL14,ENSMICG00000013017
ENSG00000196923,PDLIM7,ENSMICG00000012163
ENSG00000143514,TP53BP2,ENSMICG00000016508
ENSG00000183576,SETD3,ENSMICG00000015065
ENSG00000164342,TLR3,ENSMICG00000002049
ENSG00000197619,ZNF615,ENSMICG00000034156
ENSG00000169093,ASMTL,ENSMICG00000044509
ENSG00000149591,TAGLN,ENSMICG00000002371
ENSG00000163053,SLC16A14,ENSMICG00000010609
ENSG00000085449,WDFY1,ENSMICG00000014413
ENSG00000158315,RHBDL2,ENSMICG00000006246
ENSG00000131482,G6PC1,ENSMICG00000014178
ENSG00000142599,RERE,ENSMICG00000008489
ENSG00000180979,LRRC57,ENSMICG00000000817
ENSG00000172059,KLF11,ENSMICG00000012761
ENSG00000176658,MYO1D,ENSMICG00000011863
ENSG00000178750,STX19,ENSMICG00000030627
ENSG00000168769,TET2,ENSMICG00000035595
ENSG00000107105,ELAVL2,ENSMICG00000001558
ENSG00000143882,ATP6V1C2,ENSMICG00000017366
ENSG00000168297,PXK,ENSMICG00000014548
ENSG00000204356,NELFE,ENSMICG00000003287
ENSG00000106077,ABHD11,ENSMICG00000007909
ENSG00000189221,MAOA,ENSMICG00000002042
ENSG00000109339,MAPK10,ENSMICG00000014359
ENSG00000120509,PDZD11,ENSMICG00000014239
ENSG00000163535,SGO2,ENSMICG00000033463
ENSG00000162728,KCNJ9,ENSMICG00000028846
ENSG00000100852,ARHGAP5,ENSMICG00000007275
ENSG00000105974,CAV1,ENSMICG00000026847
ENSG00000116882,HAO2,ENSMICG00000030575
ENSG00000138134,STAMBPL1,ENSMICG00000006526
ENSG00000062582,MRPS24,ENSMICG00000043303
ENSG00000087884,AAMDC,ENSMICG00000000300
ENSG00000004059,ARF5,ENSMICG00000000091
ENSG00000151413,NUBPL,ENSMICG00000034340
ENSG00000106701,FSD1L,ENSMICG00000001704
ENSG00000046651,OFD1,ENSMICG00000006744
ENSG00000069956,MAPK6,ENSMICG00000030891
ENSG00000168591,TMUB2,ENSMICG00000001309
ENSG00000166166,TRMT61A,ENSMICG00000047207
ENSG00000167094,TTC16,ENSMICG00000005618
ENSG00000152779,SLC16A12,ENSMICG00000016823
ENSG00000106477,CEP41,ENSMICG00000006125
ENSG00000028528,SNX1,ENSMICG00000011078
ENSG00000144120,TMEM177,ENSMICG00000017224
ENSG00000275152,CCL16,ENSMICG00000029697
ENSG00000137073,UBAP2,ENSMICG00000012187
ENSG00000127774,EMC6,ENSMICG00000038091
ENSG00000174326,SLC16A11,ENSMICG00000005931
ENSG00000172954,LCLAT1,ENSMICG00000000644
ENSG00000181192,DHTKD1,ENSMICG00000001727
ENSG00000165457,FOLR2,ENSMICG00000037402
ENSG00000184708,EIF4ENIF1,ENSMICG00000005470
ENSG00000175866,BAIAP2,ENSMICG00000011082
ENSG00000166165,CKB,ENSMICG00000009774
ENSG00000102109,PCSK1N,ENSMICG00000030219
ENSG00000117501,MROH9,ENSMICG00000017099
ENSG00000204438,GPANK1,ENSMICG00000037690
ENSG00000013619,MAMLD1,ENSMICG00000017610
ENSG00000173212,MAB21L3,ENSMICG00000032799
ENSG00000143473,KCNH1,ENSMICG00000017331
ENSG00000129460,NGDN,ENSMICG00000010111
ENSG00000113391,ARB2A,ENSMICG00000030403
ENSG00000102858,MGRN1,ENSMICG00000015855
ENSG00000082258,CCNT2,ENSMICG00000044355
ENSG00000075131,TIPIN,ENSMICG00000004386
ENSG00000146576,INTS15,ENSMICG00000014369
ENSG00000198315,ZKSCAN8,ENSMICG00000009423
ENSG00000110713,NUP98,ENSMICG00000003216
ENSG00000092020,PPP2R3C,ENSMICG00000001435
ENSG00000187257,RSBN1L,ENSMICG00000046992
ENSG00000156017,CARNMT1,ENSMICG00000007542
ENSG00000105695,MAG,ENSMICG00000027039
ENSG00000118004,COLEC11,ENSMICG00000037566
ENSG00000231925,TAPBP,ENSMICG00000042293
ENSG00000106355,LSM5,ENSMICG00000033928
ENSG00000128849,CGNL1,ENSMICG00000002354
ENSG00000113070,HBEGF,ENSMICG00000047446
ENSG00000173915,ATP5MK,ENSMICG00000012417
ENSG00000169230,PRELID1,ENSMICG00000029077
ENSG00000174502,SLC26A9,ENSMICG00000006832
ENSG00000269335,IKBKG,ENSMICG00000035937
ENSG00000048052,HDAC9,ENSMICG00000000850
ENSG00000152700,SAR1B,ENSMICG00000011638
ENSG00000133935,ERG28,ENSMICG00000016077
ENSG00000050628,PTGER3,ENSMICG00000011907
ENSG00000140044,JDP2,ENSMICG00000029702
ENSG00000241878,PISD,ENSMICG00000012762
ENSG00000134452,FBH1,ENSMICG00000009646
ENSG00000087301,TXNDC16,ENSMICG00000003453
ENSG00000065609,SNAP91,ENSMICG00000012738
ENSG00000159588,CCDC17,ENSMICG00000008434
ENSG00000090554,FLT3LG,ENSMICG00000030023
ENSG00000144644,GADL1,ENSMICG00000049292
ENSG00000026751,SLAMF7,ENSMICG00000014465
ENSG00000184845,DRD1,ENSMICG00000042729
ENSG00000113430,IRX4,ENSMICG00000029233
ENSG00000161202,DVL3,ENSMICG00000049000
ENSG00000132581,SDF2,ENSMICG00000045271
ENSG00000197566,ZNF624,ENSMICG00000012812
ENSG00000074696,HACD3,ENSMICG00000003985
ENSG00000145861,C1QTNF2,ENSMICG00000036878
ENSG00000092094,OSGEP,ENSMICG00000047093
ENSG00000113552,GNPDA1,ENSMICG00000029750
ENSG00000160211,G6PD,ENSMICG00000016481
ENSG00000134532,SOX5,ENSMICG00000046531
ENSG00000168411,RFWD3,ENSMICG00000016400
ENSG00000186205,MTARC1,ENSMICG00000011423
ENSG00000065325,GLP2R,ENSMICG00000005359
ENSG00000169679,BUB1,ENSMICG00000008307
ENSG00000137941,TTLL7,ENSMICG00000016281
ENSG00000185070,FLRT2,ENSMICG00000046698
ENSG00000100823,APEX1,ENSMICG00000043554
ENSG00000161940,BCL6B,ENSMICG00000041989
ENSG00000103037,SETD6,ENSMICG00000007057
ENSG00000115255,REEP6,ENSMICG00000032194
ENSG00000129951,PLPPR3,ENSMICG00000031756
ENSG00000198146,ZNF770,ENSMICG00000017000
ENSG00000147573,TRIM55,ENSMICG00000012826
ENSG00000141519,CCDC40,ENSMICG00000004043
ENSG00000167515,TRAPPC2L,ENSMICG00000001303
ENSG00000076356,PLXNA2,ENSMICG00000007782
ENSG00000124299,PEPD,ENSMICG00000013428
ENSG00000134982,APC,ENSMICG00000000395
ENSG00000163527,STT3B,ENSMICG00000049465
ENSG00000103335,PIEZO1,ENSMICG00000008905
ENSG00000154975,CA10,ENSMICG00000043674
ENSG00000106399,RPA3,ENSMICG00000000741
ENSG00000113140,SPARC,ENSMICG00000045601
ENSG00000159403,C1R,ENSMICG00000002784
ENSG00000106624,AEBP1,ENSMICG00000013400
ENSG00000165078,CPA6,ENSMICG00000012503
ENSG00000165168,CYBB,ENSMICG00000026872
ENSG00000102383,ZDHHC15,ENSMICG00000001081
ENSG00000170323,FABP4,ENSMICG00000005313
ENSG00000154451,GBP5,ENSMICG00000034820
ENSG00000183655,KLHL25,ENSMICG00000013665
ENSG00000104365,IKBKB,ENSMICG00000006581
ENSG00000147124,ZNF41,ENSMICG00000008558
ENSG00000140598,EFL1,ENSMICG00000027853
ENSG00000102934,PLLP,ENSMICG00000029246
ENSG00000167723,TRPV3,ENSMICG00000015684
ENSG00000153406,NMRAL1,ENSMICG00000017823
ENSG00000102003,SYP,ENSMICG00000006351
ENSG00000168907,PLA2G4F,ENSMICG00000000773
ENSG00000153904,DDAH1,ENSMICG00000015756
ENSG00000136824,SMC2,ENSMICG00000015525
ENSG00000122145,TBX22,ENSMICG00000009019
ENSG00000078304,PPP2R5C,ENSMICG00000016123
ENSG00000179902,CFAP276,ENSMICG00000037217
ENSG00000185825,BCAP31,ENSMICG00000003437
ENSG00000107669,ATE1,ENSMICG00000009823
ENSG00000143614,GATAD2B,ENSMICG00000008874
ENSG00000135250,SRPK2,ENSMICG00000032593
ENSG00000196470,SIAH1,ENSMICG00000042262
ENSG00000118971,CCND2,ENSMICG00000004866
ENSG00000074071,MRPS34,ENSMICG00000031095
ENSG00000187164,SHTN1,ENSMICG00000015629
ENSG00000110931,CAMKK2,ENSMICG00000001961
ENSG00000171241,SHCBP1,ENSMICG00000013801
ENSG00000163492,CCDC141,ENSMICG00000010122
ENSG00000118855,MFSD1,ENSMICG00000049472
ENSG00000075142,SRI,ENSMICG00000011498
ENSG00000163485,ADORA1,ENSMICG00000015418
ENSG00000115368,WDR75,ENSMICG00000000797
ENSG00000140465,CYP1A1,ENSMICG00000009669
ENSG00000132688,NES,ENSMICG00000028187
ENSG00000161011,SQSTM1,ENSMICG00000006544
ENSG00000143110,C1orf162,ENSMICG00000045892
ENSG00000188603,CLN3,ENSMICG00000009859
ENSG00000189319,FAM53B,ENSMICG00000003907
ENSG00000273706,LHX1,ENSMICG00000046353
ENSG00000155659,VSIG4,ENSMICG00000008706
ENSG00000198892,SHISA4,ENSMICG00000048002
ENSG00000133027,PEMT,ENSMICG00000035060
ENSG00000020129,NCDN,ENSMICG00000006440
ENSG00000126804,ZBTB1,ENSMICG00000013035
ENSG00000104936,DMPK,ENSMICG00000001848
ENSG00000138592,USP8,ENSMICG00000005859
ENSG00000241258,CRCP,ENSMICG00000004191
ENSG00000204161,TMEM273,ENSMICG00000045683
ENSG00000089775,ZBTB25,ENSMICG00000038249
ENSG00000023318,ERP44,ENSMICG00000003152
ENSG00000114520,SNX4,ENSMICG00000049026
ENSG00000169895,SYAP1,ENSMICG00000000435
ENSG00000164916,FOXK1,ENSMICG00000008124
ENSG00000143183,TMCO1,ENSMICG00000004363
ENSG00000152284,TCF7L1,ENSMICG00000016146
ENSG00000095627,TDRD1,ENSMICG00000016190
ENSG00000185024,BRF1,ENSMICG00000004119
ENSG00000169733,RFNG,ENSMICG00000031333
ENSG00000113721,PDGFRB,ENSMICG00000002797
ENSG00000011422,PLAUR,ENSMICG00000044642
ENSG00000107371,EXOSC3,ENSMICG00000004783
ENSG00000151892,GFRA1,ENSMICG00000015547
ENSG00000068784,SRBD1,ENSMICG00000007835
ENSG00000084073,ZMPSTE24,ENSMICG00000000308
ENSG00000135063,ENTREP1,ENSMICG00000002917
ENSG00000104524,PYCR3,ENSMICG00000042489
ENSG00000133028,SCO1,ENSMICG00000011117
ENSG00000089820,ARHGAP4,ENSMICG00000016246
ENSG00000163491,NEK10,ENSMICG00000048883
ENSG00000095209,TMEM38B,ENSMICG00000001721
ENSG00000162961,DPY30,ENSMICG00000027078
ENSG00000163431,LMOD1,ENSMICG00000001547
ENSG00000047249,ATP6V1H,ENSMICG00000015657
ENSG00000177807,KCNJ10,ENSMICG00000043093
ENSG00000171431,KRT20,ENSMICG00000035159
ENSG00000106785,TRIM14,ENSMICG00000029235
ENSG00000049089,COL9A2,ENSMICG00000009969
ENSG00000131477,RAMP2,ENSMICG00000028500
ENSG00000107821,KAZALD1,ENSMICG00000042680
ENSG00000151665,PIGF,ENSMICG00000009128
ENSG00000130165,ELOF1,ENSMICG00000011684
ENSG00000174944,P2RY14,ENSMICG00000049395
ENSG00000107551,RASSF4,ENSMICG00000007181
ENSG00000095380,NANS,ENSMICG00000012795
ENSG00000088538,DOCK3,ENSMICG00000013613
ENSG00000110756,HPS5,ENSMICG00000005626
ENSG00000119878,CRIPT,ENSMICG00000046155
ENSG00000130204,TOMM40,ENSMICG00000014041
ENSG00000166529,ZSCAN21,ENSMICG00000003959
ENSG00000170681,CAVIN4,ENSMICG00000036502
ENSG00000275410,HNF1B,ENSMICG00000001274
ENSG00000137070,IL11RA,ENSMICG00000002390
ENSG00000115129,TP53I3,ENSMICG00000001537
ENSG00000066923,STAG3,ENSMICG00000010896
ENSG00000138496,PARP9,ENSMICG00000049063
ENSG00000138185,ENTPD1,ENSMICG00000001557
ENSG00000168894,RNF181,ENSMICG00000011489
ENSG00000132359,RAP1GAP2,ENSMICG00000007259
ENSG00000159915,ZNF233,ENSMICG00000016725
ENSG00000106733,NMRK1,ENSMICG00000007552
ENSG00000120341,SEC16B,ENSMICG00000003111
ENSG00000184887,BTBD6,ENSMICG00000004126
ENSG00000160951,PTGER1,ENSMICG00000045048
ENSG00000122085,MTERF4,ENSMICG00000044756
ENSG00000130734,ATG4D,ENSMICG00000009575
ENSG00000171643,S100Z,ENSMICG00000026826
ENSG00000101986,ABCD1,ENSMICG00000003441
ENSG00000172244,C5orf34,ENSMICG00000008192
ENSG00000165568,AKR1E2,ENSMICG00000014810
ENSG00000172428,COPS9,ENSMICG00000043528
ENSG00000157510,AFAP1L1,ENSMICG00000002598
ENSG00000023171,GRAMD1B,ENSMICG00000007638
ENSG00000067445,TRO,ENSMICG00000032024
ENSG00000276409,CCL14,ENSMICG00000027552
ENSG00000108306,FBXL20,ENSMICG00000030222
ENSG00000159917,ZNF235,ENSMICG00000004971
ENSG00000151575,TEX9,ENSMICG00000028185
ENSG00000129990,SYT5,ENSMICG00000016599
ENSG00000146700,SSC4D,ENSMICG00000044731
ENSG00000148481,MINDY3,ENSMICG00000004501
ENSG00000153044,CENPH,ENSMICG00000013448
ENSG00000138587,MNS1,ENSMICG00000002649
ENSG00000122783,CYREN,ENSMICG00000001655
ENSG00000012822,CALCOCO1,ENSMICG00000011694
ENSG00000166819,PLIN1,ENSMICG00000008296
ENSG00000171992,SYNPO,ENSMICG00000037458
ENSG00000180098,TRNAU1AP,ENSMICG00000008386
ENSG00000166167,BTRC,ENSMICG00000007365
ENSG00000160570,DEDD2,ENSMICG00000015165
ENSG00000159784,FAM131B,ENSMICG00000035869
ENSG00000113594,LIFR,ENSMICG00000017232
ENSG00000073861,TBX21,ENSMICG00000035345
ENSG00000161653,NAGS,ENSMICG00000002597
ENSG00000169251,NMD3,ENSMICG00000049196
ENSG00000138614,INTS14,ENSMICG00000003990
ENSG00000128011,LRFN1,ENSMICG00000037818
ENSG00000125648,SLC25A23,ENSMICG00000034151
ENSG00000183742,MACC1,ENSMICG00000027329
ENSG00000276231,PIK3R6,ENSMICG00000007078
ENSG00000134193,REG4,ENSMICG00000004480
ENSG00000143977,SNRPG,ENSMICG00000033993
ENSG00000168333,PPDPFL,ENSMICG00000045092
ENSG00000127989,MTERF1,ENSMICG00000046314
ENSG00000134183,GNAT2,ENSMICG00000005167
ENSG00000050327,ARHGEF5,ENSMICG00000037381
ENSG00000062725,APPBP2,ENSMICG00000030699
ENSG00000186994,KANK3,ENSMICG00000029751
ENSG00000221914,PPP2R2A,ENSMICG00000034854
ENSG00000198478,SH3BGRL2,ENSMICG00000037578
ENSG00000134248,LAMTOR5,ENSMICG00000029007
ENSG00000148671,ADIRF,ENSMICG00000041499
ENSG00000162772,ATF3,ENSMICG00000033583
ENSG00000156521,TYSND1,ENSMICG00000035296
ENSG00000156510,HKDC1,ENSMICG00000014978
ENSG00000141040,ZNF287,ENSMICG00000028270
ENSG00000213413,PVRIG,ENSMICG00000041865
ENSG00000185518,SV2B,ENSMICG00000017792
ENSG00000142677,IL22RA1,ENSMICG00000043393
ENSG00000179133,C10orf67,ENSMICG00000001368
ENSG00000057757,PITHD1,ENSMICG00000048076
ENSG00000158457,TSPAN33,ENSMICG00000015338
ENSG00000260314,MRC1,ENSMICG00000005965
ENSG00000115128,SF3B6,ENSMICG00000032874
ENSG00000197106,SLC6A17,ENSMICG00000005237
ENSG00000161647,MPP3,ENSMICG00000005609
ENSG00000213064,SFT2D2,ENSMICG00000028528
ENSG00000185674,LYG2,ENSMICG00000011632
ENSG00000106605,BLVRA,ENSMICG00000007284
ENSG00000170631,ZNF16,ENSMICG00000045289
ENSG00000159374,M1AP,ENSMICG00000006285
ENSG00000122224,LY9,ENSMICG00000014474
ENSG00000035681,NSMAF,ENSMICG00000003974
ENSG00000159322,ADPGK,ENSMICG00000015028
ENSG00000128482,RNF112,ENSMICG00000017247
ENSG00000186591,UBE2H,ENSMICG00000044025
ENSG00000105409,ATP1A3,ENSMICG00000008581
ENSG00000185787,MORF4L1,ENSMICG00000027750
ENSG00000138448,ITGAV,ENSMICG00000014269
ENSG00000143603,KCNN3,ENSMICG00000001441
ENSG00000147155,EBP,ENSMICG00000037008
ENSG00000099282,TSPAN15,ENSMICG00000015036
ENSG00000106123,EPHB6,ENSMICG00000007364
ENSG00000118729,CASQ2,ENSMICG00000002848
ENSG00000198223,CSF2RA,ENSMICG00000029544
ENSG00000117601,SERPINC1,ENSMICG00000002980
ENSG00000005102,MEOX1,ENSMICG00000005601
ENSG00000109089,CDR2L,ENSMICG00000047561
ENSG00000141560,FN3KRP,ENSMICG00000038225
ENSG00000248485,PCP4L1,ENSMICG00000036221
ENSG00000157911,PEX10,ENSMICG00000016440
ENSG00000165061,ZMAT4,ENSMICG00000047837
ENSG00000167363,FN3K,ENSMICG00000038729
ENSG00000013588,GPRC5A,ENSMICG00000010097
ENSG00000117560,FASLG,ENSMICG00000015725
ENSG00000131558,EXOC4,ENSMICG00000011281
ENSG00000180879,SSR4,ENSMICG00000003476
ENSG00000152465,NMT2,ENSMICG00000002826
ENSG00000010818,HIVEP2,ENSMICG00000030485
ENSG00000021852,C8B,ENSMICG00000000727
ENSG00000139218,SCAF11,ENSMICG00000032882
ENSG00000132510,KDM6B,ENSMICG00000015117
ENSG00000049249,TNFRSF9,ENSMICG00000029701
ENSG00000233927,RPS28,ENSMICG00000026849
ENSG00000137571,SLCO5A1,ENSMICG00000010526
ENSG00000155906,RMND1,ENSMICG00000010583
ENSG00000147383,NSDHL,ENSMICG00000005868
ENSG00000185860,CCDC190,ENSMICG00000041856
ENSG00000171051,FPR1,ENSMICG00000008505
ENSG00000134184,GSTM1,ENSMICG00000017807
ENSG00000005007,UPF1,ENSMICG00000001659
ENSG00000124523,SIRT5,ENSMICG00000000174
ENSG00000139180,NDUFA9,ENSMICG00000000843
ENSG00000198915,RASGEF1A,ENSMICG00000007454
ENSG00000164754,RAD21,ENSMICG00000032869
ENSG00000136449,MYCBPAP,ENSMICG00000009732
ENSG00000105929,ATP6V0A4,ENSMICG00000001839
ENSG00000105376,ICAM5,ENSMICG00000010301
ENSG00000130956,HABP4,ENSMICG00000004381
ENSG00000162426,SLC45A1,ENSMICG00000008476
ENSG00000095637,SORBS1,ENSMICG00000015925
ENSG00000126767,ELK1,ENSMICG00000016244
ENSG00000147471,PLPBP,ENSMICG00000042505
ENSG00000127129,EDN2,ENSMICG00000042709
ENSG00000131469,RPL27,ENSMICG00000014214
ENSG00000136908,DPM2,ENSMICG00000027642
ENSG00000117362,APH1A,ENSMICG00000015279
ENSG00000137857,DUOX1,ENSMICG00000009207
ENSG00000174547,MRPL11,ENSMICG00000003759
ENSG00000139537,CCDC65,ENSMICG00000029612
ENSG00000101955,SRPX,ENSMICG00000001454
ENSG00000196363,WDR5,ENSMICG00000008085
ENSG00000239672,NME1,ENSMICG00000007444
ENSG00000174437,ATP2A2,ENSMICG00000005450
ENSG00000066382,MPPED2,ENSMICG00000033674
ENSG00000119778,ATAD2B,ENSMICG00000003489
ENSG00000162391,FAM151A,ENSMICG00000003940
ENSG00000071564,TCF3,ENSMICG00000008921
ENSG00000188404,SELL,ENSMICG00000012303
ENSG00000146918,NCAPG2,ENSMICG00000016952
ENSG00000178966,RMI1,ENSMICG00000031486
ENSG00000154146,NRGN,ENSMICG00000038339
ENSG00000108298,RPL19,ENSMICG00000045188
ENSG00000143653,SCCPDH,ENSMICG00000014588
ENSG00000137760,ALKBH8,ENSMICG00000001044
ENSG00000148334,PTGES2,ENSMICG00000009604
ENSG00000135900,MRPL44,ENSMICG00000033078
ENSG00000119862,LGALSL,ENSMICG00000031755
ENSG00000153012,LGI2,ENSMICG00000002206
ENSG00000135439,AGAP2,ENSMICG00000003757
ENSG00000135972,MRPS9,ENSMICG00000000223
ENSG00000150627,WDR17,ENSMICG00000001970
ENSG00000157106,SMG1,ENSMICG00000012253
ENSG00000147642,SYBU,ENSMICG00000013019
ENSG00000177105,RHOG,ENSMICG00000044004
ENSG00000142675,CNKSR1,ENSMICG00000017473
ENSG00000184557,SOCS3,ENSMICG00000046219
ENSG00000142102,PGGHG,ENSMICG00000006321
ENSG00000139631,CSAD,ENSMICG00000014180
ENSG00000174231,PRPF8,ENSMICG00000010320
ENSG00000113758,DBN1,ENSMICG00000012144
ENSG00000100767,PAPLN,ENSMICG00000017924
ENSG00000080345,RIF1,ENSMICG00000046127
ENSG00000140557,ST8SIA2,ENSMICG00000012129
ENSG00000138802,SEC24B,ENSMICG00000010277
ENSG00000130595,TNNT3,ENSMICG00000028662
ENSG00000137843,PAK6,ENSMICG00000007683
ENSG00000068001,HYAL2,ENSMICG00000016356
ENSG00000147872,PLIN2,ENSMICG00000005214
ENSG00000114248,LRRC31,ENSMICG00000048868
ENSG00000073578,SDHA,ENSMICG00000008421
ENSG00000069329,VPS35,ENSMICG00000011393
ENSG00000121542,SEC22A,ENSMICG00000049589
ENSG00000117090,SLAMF1,ENSMICG00000029784
ENSG00000269113,TRABD2B,ENSMICG00000033266
ENSG00000187735,TCEA1,ENSMICG00000029278
ENSG00000137965,IFI44,ENSMICG00000001235
ENSG00000165548,TMEM63C,ENSMICG00000017135
ENSG00000181885,CLDN7,ENSMICG00000012478
ENSG00000163539,CLASP2,ENSMICG00000048923
ENSG00000117174,ZNHIT6,ENSMICG00000015775
ENSG00000140254,DUOXA1,ENSMICG00000009195
ENSG00000162551,ALPL,ENSMICG00000013905
ENSG00000141034,GID4,ENSMICG00000036512
ENSG00000100889,PCK2,ENSMICG00000001683
ENSG00000107263,RAPGEF1,ENSMICG00000006835
ENSG00000137200,CMTR1,ENSMICG00000003366
ENSG00000121005,CRISPLD1,ENSMICG00000003387
ENSG00000165704,HPRT1,ENSMICG00000006547
ENSG00000174652,ZNF266,ENSMICG00000045643
ENSG00000256525,POLG2,ENSMICG00000046718
ENSG00000140848,CPNE2,ENSMICG00000012434
ENSG00000143340,FAM163A,ENSMICG00000031528
ENSG00000154511,DIPK1A,ENSMICG00000011814
ENSG00000184368,MAP7D2,ENSMICG00000004105
ENSG00000143195,ILDR2,ENSMICG00000011778
ENSG00000258315,BACC1,ENSMICG00000014069
ENSG00000240857,RDH14,ENSMICG00000033814
ENSG00000152944,MED21,ENSMICG00000028317
ENSG00000135317,SNX14,ENSMICG00000007174
ENSG00000143971,ETAA1,ENSMICG00000033585
ENSG00000158987,RAPGEF6,ENSMICG00000011120
ENSG00000196505,GDAP2,ENSMICG00000001775
ENSG00000198393,ZNF26,ENSMICG00000043825
ENSG00000177303,CASKIN2,ENSMICG00000007455
ENSG00000198554,WDHD1,ENSMICG00000016239
ENSG00000104825,NFKBIB,ENSMICG00000035284
ENSG00000198522,GPN1,ENSMICG00000042626
ENSG00000075415,SLC25A3,ENSMICG00000045036
ENSG00000187954,ZFTRAF1,ENSMICG00000015866
ENSG00000023287,RB1CC1,ENSMICG00000000604
ENSG00000183508,TENT5C,ENSMICG00000001773
ENSG00000188786,MTF1,ENSMICG00000011969
ENSG00000012124,CD22,ENSMICG00000001531
ENSG00000184860,SDR42E1,ENSMICG00000015171
ENSG00000196581,AJAP1,ENSMICG00000038128
ENSG00000189067,LITAF,ENSMICG00000004004
ENSG00000106686,SPATA6L,ENSMICG00000017688
ENSG00000171033,PKIA,ENSMICG00000045782
ENSG00000102226,USP11,ENSMICG00000016972
ENSG00000002726,AOC1,ENSMICG00000030675
ENSG00000168434,COG7,ENSMICG00000007698
ENSG00000104213,PDGFRL,ENSMICG00000013175
ENSG00000136874,STX17,ENSMICG00000031950
ENSG00000104267,CA2,ENSMICG00000034926
ENSG00000198265,HELZ,ENSMICG00000013321
ENSG00000106665,CLIP2,ENSMICG00000010219
ENSG00000121022,COPS5,ENSMICG00000011042
ENSG00000134247,PTGFRN,ENSMICG00000009691
ENSG00000198856,OSTC,ENSMICG00000002182
ENSG00000162642,C1orf52,ENSMICG00000015748
ENSG00000178537,SLC25A20,ENSMICG00000005028
ENSG00000162676,GFI1,ENSMICG00000047208
ENSG00000239779,WBP1,ENSMICG00000006192
ENSG00000092036,HAUS4,ENSMICG00000030177
ENSG00000138780,GSTCD,ENSMICG00000030887
ENSG00000104432,IL7,ENSMICG00000007412
ENSG00000122140,MRPS2,ENSMICG00000030645
ENSG00000080572,DNAAF6,ENSMICG00000009770
ENSG00000163428,LRRC58,ENSMICG00000049536
ENSG00000196465,MYL6B,ENSMICG00000037488
ENSG00000117425,PTCH2,ENSMICG00000011692
ENSG00000080819,CPOX,ENSMICG00000049321
ENSG00000160446,ZDHHC12,ENSMICG00000017645
ENSG00000129422,MTUS1,ENSMICG00000037083
ENSG00000147166,ITGB1BP2,ENSMICG00000000235
ENSG00000102962,CCL22,ENSMICG00000042702
ENSG00000134686,PHC2,ENSMICG00000012486
ENSG00000134419,RPS15A,ENSMICG00000043512
ENSG00000198399,ITSN2,ENSMICG00000001552
ENSG00000078725,BRINP1,ENSMICG00000003249
ENSG00000172995,ARPP21,ENSMICG00000049108
ENSG00000104852,SNRNP70,ENSMICG00000038437
ENSG00000147010,SH3KBP1,ENSMICG00000004092
ENSG00000198000,NOL8,ENSMICG00000014322
ENSG00000151247,EIF4E,ENSMICG00000001482
ENSG00000181264,TLCD5,ENSMICG00000011149
ENSG00000197375,SLC22A5,ENSMICG00000002456
ENSG00000136213,CHST12,ENSMICG00000010964
ENSG00000142959,BEST4,ENSMICG00000047670
ENSG00000188883,KLRG2,ENSMICG00000028565
ENSG00000148925,BTBD10,ENSMICG00000001232
ENSG00000262814,MRPL12,ENSMICG00000047418
ENSG00000136250,AOAH,ENSMICG00000008956
ENSG00000151725,CENPU,ENSMICG00000013084
ENSG00000162687,KCNT2,ENSMICG00000011439
ENSG00000133687,TMTC1,ENSMICG00000013263
ENSG00000167447,SMG8,ENSMICG00000006523
ENSG00000173826,KCNH6,ENSMICG00000003800
ENSG00000090863,GLG1,ENSMICG00000016371
ENSG00000161558,TMEM143,ENSMICG00000004064
ENSG00000113658,SMAD5,ENSMICG00000007315
ENSG00000071127,WDR1,ENSMICG00000001162
ENSG00000125731,SH2D3A,ENSMICG00000000937
ENSG00000167536,DHRS13,ENSMICG00000044247
ENSG00000146530,VWDE,ENSMICG00000011837
ENSG00000112685,EXOC2,ENSMICG00000007997
ENSG00000104324,CPQ,ENSMICG00000047973
ENSG00000109103,UNC119,ENSMICG00000016810
ENSG00000177706,FAM20C,ENSMICG00000029992
ENSG00000186185,KIF18B,ENSMICG00000047079
ENSG00000115875,SRSF7,ENSMICG00000005046
ENSG00000139714,MORN3,ENSMICG00000004098
ENSG00000105072,C19orf44,ENSMICG00000004564
ENSG00000033170,FUT8,ENSMICG00000038097
ENSG00000168067,MAP4K2,ENSMICG00000001208
ENSG00000162931,TRIM17,ENSMICG00000013315
ENSG00000185122,HSF1,ENSMICG00000015688
ENSG00000049130,KITLG,ENSMICG00000027108
ENSG00000151726,ACSL1,ENSMICG00000013092
ENSG00000146729,NIPSNAP2,ENSMICG00000027686
ENSG00000136840,ST6GALNAC4,ENSMICG00000005710
ENSG00000185324,CDK10,ENSMICG00000003270
ENSG00000161654,LSM12,ENSMICG00000037219
ENSG00000170498,KISS1,ENSMICG00000046282
ENSG00000203985,LDLRAD1,ENSMICG00000047268
ENSG00000124459,ZNF45,ENSMICG00000031263
ENSG00000108592,FTSJ3,ENSMICG00000045996
ENSG00000139620,KANSL2,ENSMICG00000005369
ENSG00000141756,FKBP10,ENSMICG00000011846
ENSG00000118733,OLFM3,ENSMICG00000014727
ENSG00000106113,CRHR2,ENSMICG00000012173
ENSG00000130038,CRACR2A,ENSMICG00000012907
ENSG00000018510,AGPS,ENSMICG00000003750
ENSG00000158008,EXTL1,ENSMICG00000046663
ENSG00000137145,DENND4C,ENSMICG00000007242
ENSG00000136999,CCN3,ENSMICG00000026675
ENSG00000140274,DUOXA2,ENSMICG00000048012
ENSG00000158869,FCER1G,ENSMICG00000007278
ENSG00000174226,SNX31,ENSMICG00000010234
ENSG00000166946,CCNDBP1,ENSMICG00000009950
ENSG00000197147,LRRC8B,ENSMICG00000006686
ENSG00000111716,LDHB,ENSMICG00000017183
ENSG00000162086,ZNF75A,ENSMICG00000004692
ENSG00000196449,YRDC,ENSMICG00000031688
ENSG00000125675,GRIA3,ENSMICG00000013350
ENSG00000106034,CPED1,ENSMICG00000036835
ENSG00000104763,ASAH1,ENSMICG00000006697
ENSG00000090565,RAB11FIP3,ENSMICG00000004088
ENSG00000160678,S100A1,ENSMICG00000013713
ENSG00000173914,RBM4B,ENSMICG00000003820
ENSG00000160838,LRRC71,ENSMICG00000009028
ENSG00000122223,CD244,ENSMICG00000014489
ENSG00000136935,GOLGA1,ENSMICG00000002928
ENSG00000166037,CEP57,ENSMICG00000030559
ENSG00000134594,RAB33A,ENSMICG00000034851
ENSG00000141562,NARF,ENSMICG00000004560
ENSG00000105894,PTN,ENSMICG00000003938
ENSG00000126777,KTN1,ENSMICG00000032329
ENSG00000096088,PGC,ENSMICG00000041517
ENSG00000121152,NCAPH,ENSMICG00000004759
ENSG00000130787,HIP1R,ENSMICG00000006476
ENSG00000112033,PPARD,ENSMICG00000000028
ENSG00000104823,ECH1,ENSMICG00000017377
ENSG00000146802,TMEM168,ENSMICG00000007451
ENSG00000113328,CCNG1,ENSMICG00000030112
ENSG00000233041,PHGR1,ENSMICG00000046959
ENSG00000128829,EIF2AK4,ENSMICG00000007608
ENSG00000163378,EOGT,ENSMICG00000047274
ENSG00000006459,KDM7A,ENSMICG00000003175
ENSG00000107186,MPDZ,ENSMICG00000010194
ENSG00000134363,FST,ENSMICG00000028545
ENSG00000010072,SPRTN,ENSMICG00000029926
ENSG00000135387,CAPRIN1,ENSMICG00000003617
ENSG00000170296,GABARAP,ENSMICG00000035720
ENSG00000143382,ADAMTSL4,ENSMICG00000008061
ENSG00000122507,BBS9,ENSMICG00000016999
ENSG00000102225,CDK16,ENSMICG00000016965
ENSG00000157500,APPL1,ENSMICG00000005574
ENSG00000076382,SPAG5,ENSMICG00000016834
ENSG00000168938,PPIC,ENSMICG00000001712
ENSG00000181751,MACIR,ENSMICG00000047126
ENSG00000110955,ATP5F1B,ENSMICG00000030320
ENSG00000146426,TIAM2,ENSMICG00000011537
ENSG00000105221,AKT2,ENSMICG00000016311
ENSG00000162695,SLC30A7,ENSMICG00000005242
ENSG00000067221,STOML1,ENSMICG00000028338
ENSG00000158089,GALNT14,ENSMICG00000012342
ENSG00000134240,HMGCS2,ENSMICG00000004472
ENSG00000127325,BEST3,ENSMICG00000011493
ENSG00000174669,SLC29A2,ENSMICG00000003744
ENSG00000109066,TMEM104,ENSMICG00000028469
ENSG00000196660,SLC30A10,ENSMICG00000037352
ENSG00000136425,CIB2,ENSMICG00000033416
ENSG00000135404,CD63,ENSMICG00000038103
ENSG00000057019,DCBLD2,ENSMICG00000049459
ENSG00000129255,MPDU1,ENSMICG00000014782
ENSG00000181991,MRPS11,ENSMICG00000015830
ENSG00000034510,TMSB10,ENSMICG00000047627
ENSG00000151715,TMEM45B,ENSMICG00000013858
ENSG00000140320,BAHD1,ENSMICG00000008795
ENSG00000084693,AGBL5,ENSMICG00000017022
ENSG00000113249,HAVCR1,ENSMICG00000044152
ENSG00000144713,RPL32,ENSMICG00000037528
ENSG00000143067,ZNF697,ENSMICG00000046814
ENSG00000197217,ENTPD4,ENSMICG00000011165
ENSG00000085382,HACE1,ENSMICG00000002280
ENSG00000187678,SPRY4,ENSMICG00000047702
ENSG00000157823,AP3S2,ENSMICG00000028792
ENSG00000113648,MACROH2A1,ENSMICG00000005677
ENSG00000228474,OST4,ENSMICG00000043827
ENSG00000103196,CRISPLD2,ENSMICG00000002251
ENSG00000115738,ID2,ENSMICG00000033026
ENSG00000170275,CRTAP,ENSMICG00000049306
ENSG00000152253,SPC25,ENSMICG00000017327
ENSG00000141480,ARRB2,ENSMICG00000001643
ENSG00000114790,ARHGEF26,ENSMICG00000049586
ENSG00000052723,SIKE1,ENSMICG00000030154
ENSG00000140395,SKIC8,ENSMICG00000008797
ENSG00000186063,AIDA,ENSMICG00000017177
ENSG00000167701,GPT,ENSMICG00000015902
ENSG00000180772,AGTR2,ENSMICG00000044784
ENSG00000185278,ZBTB37,ENSMICG00000002978
ENSG00000103197,TSC2,ENSMICG00000005800
ENSG00000158109,TPRG1L,ENSMICG00000011701
ENSG00000198821,CD247,ENSMICG00000032743
ENSG00000157150,TIMP4,ENSMICG00000045817
ENSG00000091527,CDV3,ENSMICG00000049179
ENSG00000134323,MYCN,ENSMICG00000013903
ENSG00000168438,CDC40,ENSMICG00000016200
ENSG00000064225,ST3GAL6,ENSMICG00000048898
ENSG00000115687,PASK,ENSMICG00000013010
ENSG00000105963,ADAP1,ENSMICG00000015739
ENSG00000181195,PENK,ENSMICG00000041439
ENSG00000072818,ACAP1,ENSMICG00000012513
ENSG00000163239,TDRD10,ENSMICG00000001419
ENSG00000164944,VIRMA,ENSMICG00000002218
ENSG00000137185,ZSCAN9,ENSMICG00000010443
ENSG00000265491,RNF115,ENSMICG00000044821
ENSG00000147862,NFIB,ENSMICG00000005833
ENSG00000140326,CDAN1,ENSMICG00000004806
ENSG00000026652,AGPAT4,ENSMICG00000009184
ENSG00000175482,POLD4,ENSMICG00000004091
ENSG00000169972,PUSL1,ENSMICG00000014171
ENSG00000116833,NR5A2,ENSMICG00000036896
ENSG00000149292,TTC12,ENSMICG00000004006
ENSG00000108839,ALOX12,ENSMICG00000014044
ENSG00000112053,SLC26A8,ENSMICG00000043206
ENSG00000261787,TCF24,ENSMICG00000029020
ENSG00000131459,GFPT2,ENSMICG00000015921
ENSG00000205189,ZBTB10,ENSMICG00000007243
ENSG00000141349,G6PC3,ENSMICG00000043360
ENSG00000111203,ITFG2,ENSMICG00000030622
ENSG00000173698,ADGRG2,ENSMICG00000004232
ENSG00000158806,NPM2,ENSMICG00000030722
ENSG00000142875,PRKACB,ENSMICG00000003079
ENSG00000132424,PNISR,ENSMICG00000027275
ENSG00000137860,SLC28A2,ENSMICG00000009242
ENSG00000175711,B3GNTL1,ENSMICG00000004774
ENSG00000250571,GLI4,ENSMICG00000046887
ENSG00000124570,SERPINB6,ENSMICG00000001981
ENSG00000069431,ABCC9,ENSMICG00000009833
ENSG00000106462,EZH2,ENSMICG00000011127
ENSG00000163249,CCNYL1,ENSMICG00000009744
ENSG00000113048,MRPS27,ENSMICG00000004527
ENSG00000275835,TUBGCP5,ENSMICG00000012969
ENSG00000147457,CHMP7,ENSMICG00000011964
ENSG00000123609,NMI,ENSMICG00000046560
ENSG00000179832,MROH1,ENSMICG00000044422
ENSG00000182628,SKA2,ENSMICG00000032654
ENSG00000163694,RBM47,ENSMICG00000026417
ENSG00000074370,ATP2A3,ENSMICG00000015815
ENSG00000175229,GAL3ST3,ENSMICG00000044621
ENSG00000130803,ZNF317,ENSMICG00000031730
ENSG00000198722,UNC13B,ENSMICG00000000523
ENSG00000173715,TOP6BL,ENSMICG00000003846
ENSG00000137819,PAQR5,ENSMICG00000012222
ENSG00000164855,TMEM184A,ENSMICG00000011577
ENSG00000143252,SDHC,ENSMICG00000007317
ENSG00000144045,DQX1,ENSMICG00000006232
ENSG00000103876,FAH,ENSMICG00000028610
ENSG00000196345,ZKSCAN7,ENSMICG00000028226
ENSG00000130844,ZNF331,ENSMICG00000028478
ENSG00000131730,CKMT2,ENSMICG00000016259
ENSG00000121931,LRIF1,ENSMICG00000031355
ENSG00000186088,GSAP,ENSMICG00000015851
ENSG00000174099,MSRB3,ENSMICG00000043324
ENSG00000143278,F13B,ENSMICG00000043559
ENSG00000138641,HERC3,ENSMICG00000004118
ENSG00000132855,ANGPTL3,ENSMICG00000001535
ENSG00000136068,FLNB,ENSMICG00000014477
ENSG00000164867,NOS3,ENSMICG00000004720
ENSG00000179403,VWA1,ENSMICG00000035653
ENSG00000073331,ALPK1,ENSMICG00000003431
ENSG00000171385,KCND3,ENSMICG00000046146
ENSG00000198369,SPRED2,ENSMICG00000006435
ENSG00000176783,RUFY1,ENSMICG00000012324
ENSG00000068654,POLR1A,ENSMICG00000000757
ENSG00000108344,PSMD3,ENSMICG00000037269
ENSG00000007933,FMO3,ENSMICG00000031362
ENSG00000048342,CC2D2A,ENSMICG00000016896
ENSG00000179912,R3HDM2,ENSMICG00000012389
ENSG00000203710,CR1,ENSMICG00000034334
ENSG00000169371,SNUPN,ENSMICG00000016438
ENSG00000133574,GIMAP4,ENSMICG00000038028
ENSG00000110514,MADD,ENSMICG00000007074
ENSG00000171848,RRM2,ENSMICG00000012789
ENSG00000128563,PRKRIP1,ENSMICG00000010307
ENSG00000064692,SNCAIP,ENSMICG00000016502
ENSG00000091136,LAMB1,ENSMICG00000001246
ENSG00000108830,RND2,ENSMICG00000035270
ENSG00000181690,PLAG1,ENSMICG00000047968
ENSG00000181610,MRPS23,ENSMICG00000033206
ENSG00000133739,LRRCC1,ENSMICG00000003555
ENSG00000185527,PDE6G,ENSMICG00000008627
ENSG00000160551,TAOK1,ENSMICG00000005354
ENSG00000152894,PTPRK,ENSMICG00000009882
ENSG00000143061,IGSF3,ENSMICG00000016709
ENSG00000148110,MFSD14B,ENSMICG00000013141
ENSG00000109680,TBC1D19,ENSMICG00000015879
ENSG00000167840,ZNF232,ENSMICG00000008086
ENSG00000153317,ASAP1,ENSMICG00000016241
ENSG00000171763,AFG2B,ENSMICG00000035916
ENSG00000181284,TMEM102,ENSMICG00000038598
ENSG00000176083,ZNF683,ENSMICG00000010832
ENSG00000183011,NAA38,ENSMICG00000015147
ENSG00000166920,C15orf48,ENSMICG00000033332
ENSG00000196730,DAPK1,ENSMICG00000017284
ENSG00000121101,TEX14,ENSMICG00000016092
ENSG00000140497,SCAMP2,ENSMICG00000009722
ENSG00000121316,PLBD1,ENSMICG00000011736
ENSG00000124383,MPHOSPH10,ENSMICG00000036069
ENSG00000085831,TTC39A,ENSMICG00000008377
ENSG00000153561,RMND5A,ENSMICG00000047554
ENSG00000111481,COPZ1,ENSMICG00000008401
ENSG00000021574,SPAST,ENSMICG00000015575
ENSG00000068745,IP6K2,ENSMICG00000014451
ENSG00000092531,SNAP23,ENSMICG00000027909
ENSG00000104537,ANXA13,ENSMICG00000004605
ENSG00000155959,VBP1,ENSMICG00000033175
ENSG00000171566,PLRG1,ENSMICG00000003222
ENSG00000170577,SIX2,ENSMICG00000042100
ENSG00000171227,TMEM37,ENSMICG00000000295
ENSG00000089685,BIRC5,ENSMICG00000026802
ENSG00000115825,PRKD3,ENSMICG00000026704
ENSG00000175727,MLXIP,ENSMICG00000001163
ENSG00000197976,AKAP17A,ENSMICG00000027823
ENSG00000154589,LY96,ENSMICG00000028451
ENSG00000164211,STARD4,ENSMICG00000042698
ENSG00000136960,ENPP2,ENSMICG00000017293
ENSG00000133275,CSNK1G2,ENSMICG00000004391
ENSG00000185753,CXorf38,ENSMICG00000015213
ENSG00000109016,DHRS7B,ENSMICG00000045049
ENSG00000179299,NSUN7,ENSMICG00000028347
ENSG00000182492,BGN,ENSMICG00000000009
ENSG00000131096,PYY,ENSMICG00000005650
ENSG00000141027,NCOR1,ENSMICG00000007118
ENSG00000119231,SENP5,ENSMICG00000048939
ENSG00000115282,TTC31,ENSMICG00000006211
ENSG00000154162,CDH12,ENSMICG00000013261
ENSG00000204178,MACO1,ENSMICG00000016248
ENSG00000198055,GRK6,ENSMICG00000012126
ENSG00000138674,SEC31A,ENSMICG00000036189
ENSG00000161638,ITGA5,ENSMICG00000008420
ENSG00000058404,CAMK2B,ENSMICG00000004015
ENSG00000124486,USP9X,ENSMICG00000027320
ENSG00000172339,ALG14,ENSMICG00000037559
ENSG00000131747,TOP2A,ENSMICG00000009772
ENSG00000116299,ELAPOR1,ENSMICG00000016180
ENSG00000130475,FCHO1,ENSMICG00000028462
ENSG00000183571,PGPEP1L,ENSMICG00000010148
ENSG00000162971,TYW5,ENSMICG00000046098
ENSG00000103942,HOMER2,ENSMICG00000017213
ENSG00000004897,CDC27,ENSMICG00000038171
ENSG00000089225,TBX5,ENSMICG00000038251
ENSG00000135924,DNAJB2,ENSMICG00000000806
ENSG00000156802,ATAD2,ENSMICG00000004561
ENSG00000120727,PAIP2,ENSMICG00000012451
ENSG00000140470,ADAMTS17,ENSMICG00000014739
ENSG00000114867,EIF4G1,ENSMICG00000049010
ENSG00000167302,TEPSIN,ENSMICG00000043654
ENSG00000116030,SUMO1,ENSMICG00000008968
ENSG00000187325,TAF9B,ENSMICG00000037189
ENSG00000185551,NR2F2,ENSMICG00000035561
ENSG00000001497,LAS1L,ENSMICG00000010703
ENSG00000186628,FSD2,ENSMICG00000017199
ENSG00000090104,RGS1,ENSMICG00000029539
ENSG00000136045,PWP1,ENSMICG00000007800
ENSG00000204815,ODAD4,ENSMICG00000011891
ENSG00000066583,ISOC1,ENSMICG00000003279
ENSG00000169242,EFNA1,ENSMICG00000008020
ENSG00000167105,TMEM92,ENSMICG00000007273
ENSG00000113578,FGF1,ENSMICG00000029580
ENSG00000104611,SH2D4A,ENSMICG00000010215
ENSG00000162777,DENND2D,ENSMICG00000011941
ENSG00000169764,UGP2,ENSMICG00000006509
ENSG00000108849,PPY,ENSMICG00000042939
ENSG00000187742,SECISBP2,ENSMICG00000001176
ENSG00000109083,IFT20,ENSMICG00000017886
ENSG00000103353,UBFD1,ENSMICG00000007760
ENSG00000116704,SLC35D1,ENSMICG00000004473
ENSG00000160972,PPP1R16A,ENSMICG00000043502
ENSG00000135424,ITGA7,ENSMICG00000010827
ENSG00000174010,KLHL15,ENSMICG00000038607
ENSG00000116218,NPHS2,ENSMICG00000002674
ENSG00000101868,POLA1,ENSMICG00000002524
ENSG00000103319,EEF2K,ENSMICG00000015211
ENSG00000117091,CD48,ENSMICG00000027704
ENSG00000166887,VPS39,ENSMICG00000000780
ENSG00000178307,TMEM11,ENSMICG00000003895
ENSG00000185722,ANKFY1,ENSMICG00000015936
ENSG00000158485,CD1B,ENSMICG00000030172
ENSG00000112186,CAP2,ENSMICG00000014446
ENSG00000075391,RASAL2,ENSMICG00000016969
ENSG00000055163,CYFIP2,ENSMICG00000004742
ENSG00000141084,RANBP10,ENSMICG00000012212
ENSG00000143167,GPA33,ENSMICG00000007836
ENSG00000148384,INPP5E,ENSMICG00000005855
ENSG00000072310,SREBF1,ENSMICG00000012535
ENSG00000197816,CCDC180,ENSMICG00000005495
ENSG00000267206,LCN6,ENSMICG00000043107
ENSG00000006555,TTC22,ENSMICG00000030141
ENSG00000144580,CNOT9,ENSMICG00000005152
ENSG00000106868,SUSD1,ENSMICG00000009775
ENSG00000119280,C1orf198,ENSMICG00000037972
ENSG00000198734,F5,ENSMICG00000012264
ENSG00000091651,ORC6,ENSMICG00000028393
ENSG00000128656,CHN1,ENSMICG00000014292
ENSG00000050820,BCAR1,ENSMICG00000035934
ENSG00000182220,ATP6AP2,ENSMICG00000014583
ENSG00000143257,NR1I3,ENSMICG00000007296
ENSG00000103852,TTC23,ENSMICG00000007312
ENSG00000167863,ATP5PD,ENSMICG00000017484
ENSG00000221829,FANCG,ENSMICG00000005493
ENSG00000178188,SH2B1,ENSMICG00000011488
ENSG00000120071,KANSL1,ENSMICG00000004883
ENSG00000147475,ERLIN2,ENSMICG00000010152
ENSG00000181315,ZNF322,ENSMICG00000043576
ENSG00000119777,TMEM214,ENSMICG00000017015
ENSG00000153721,CNKSR3,ENSMICG00000002819
ENSG00000168096,ANKS3,ENSMICG00000015881
ENSG00000197608,ZNF841,ENSMICG00000028869
ENSG00000161298,ZNF382,ENSMICG00000037643
ENSG00000086666,ZFAND6,ENSMICG00000006343
ENSG00000112062,MAPK14,ENSMICG00000008182
ENSG00000095059,DHPS,ENSMICG00000005368
ENSG00000160445,ZER1,ENSMICG00000017646
ENSG00000179950,PUF60,ENSMICG00000012226
ENSG00000138085,ATRAID,ENSMICG00000017079
ENSG00000095906,NUBP2,ENSMICG00000002126
ENSG00000173065,FAM222B,ENSMICG00000028890
ENSG00000074047,GLI2,ENSMICG00000008885
ENSG00000099866,MADCAM1,ENSMICG00000012567
ENSG00000119888,EPCAM,ENSMICG00000000151
ENSG00000183048,SLC25A10,ENSMICG00000008678
ENSG00000172432,GTPBP2,ENSMICG00000005049
ENSG00000130479,MAP1S,ENSMICG00000041940
ENSG00000129636,ITFG1,ENSMICG00000012296
ENSG00000124491,F13A1,ENSMICG00000011731
ENSG00000187595,ZNF385C,ENSMICG00000015236
ENSG00000213977,TAX1BP3,ENSMICG00000034377
ENSG00000007312,CD79B,ENSMICG00000031356
ENSG00000163214,DHX57,ENSMICG00000028350
ENSG00000112699,GMDS,ENSMICG00000047521
ENSG00000106723,SPIN1,ENSMICG00000048058
ENSG00000169683,LRRC45,ENSMICG00000036749
ENSG00000111817,DSE,ENSMICG00000008111
ENSG00000116857,TMEM9,ENSMICG00000000342
ENSG00000162076,FLYWCH2,ENSMICG00000038602
ENSG00000115944,COX7A2L,ENSMICG00000049012
ENSG00000197062,ZSCAN26,ENSMICG00000010471
ENSG00000169217,CD2BP2,ENSMICG00000011801
ENSG00000011485,PPP5C,ENSMICG00000031666
ENSG00000183808,RBM12B,ENSMICG00000036969
ENSG00000169896,ITGAM,ENSMICG00000006022
ENSG00000176390,CRLF3,ENSMICG00000033044
ENSG00000165071,TMEM71,ENSMICG00000043185
ENSG00000254685,FPGT,ENSMICG00000047410
ENSG00000176978,DPP7,ENSMICG00000006205
ENSG00000115355,CCDC88A,ENSMICG00000017444
ENSG00000136463,TACO1,ENSMICG00000043629
ENSG00000116981,NT5C1A,ENSMICG00000016662
ENSG00000177459,ERICH5,ENSMICG00000043438
ENSG00000139053,PDE6H,ENSMICG00000044536
ENSG00000075461,CACNG4,ENSMICG00000034646
ENSG00000203724,C1orf53,ENSMICG00000026611
ENSG00000188522,FAM83G,ENSMICG00000033465
ENSG00000133878,DUSP26,ENSMICG00000026693
ENSG00000087470,DNM1L,ENSMICG00000017715
ENSG00000179526,SHARPIN,ENSMICG00000015597
ENSG00000169862,CTNND2,ENSMICG00000013931
ENSG00000214046,SMIM7,ENSMICG00000047863
ENSG00000119487,MAPKAP1,ENSMICG00000002956
ENSG00000117834,SLC5A9,ENSMICG00000012426
ENSG00000167258,CDK12,ENSMICG00000010508
ENSG00000103269,RHBDL1,ENSMICG00000010547
ENSG00000164929,BAALC,ENSMICG00000009037
ENSG00000175832,ETV4,ENSMICG00000009518
ENSG00000040199,PHLPP2,ENSMICG00000001901
ENSG00000050130,JKAMP,ENSMICG00000012491
ENSG00000006015,REX1BD,ENSMICG00000038301
ENSG00000198816,ZNF358,ENSMICG00000011673
ENSG00000176222,ZNF404,ENSMICG00000032342
ENSG00000183019,MCEMP1,ENSMICG00000037055
ENSG00000167671,UBXN6,ENSMICG00000033666
ENSG00000197249,SERPINA1,ENSMICG00000016415
ENSG00000183010,PYCR1,ENSMICG00000004071
ENSG00000104450,SPAG1,ENSMICG00000007495
ENSG00000156885,COX6A2,ENSMICG00000042449
ENSG00000103175,WFDC1,ENSMICG00000012406
ENSG00000131849,ZNF132,ENSMICG00000016521
ENSG00000078070,MCCC1,ENSMICG00000048884
ENSG00000158106,RHPN1,ENSMICG00000027040
ENSG00000103485,QPRT,ENSMICG00000027088
ENSG00000130520,LSM4,ENSMICG00000000222
ENSG00000122203,KIAA1191,ENSMICG00000037293
ENSG00000142208,AKT1,ENSMICG00000013771
ENSG00000141002,TCF25,ENSMICG00000000078
ENSG00000130726,TRIM28,ENSMICG00000003035
ENSG00000177570,SAMD12,ENSMICG00000047826
ENSG00000187955,COL14A1,ENSMICG00000017307
ENSG00000105819,PMPCB,ENSMICG00000008356
ENSG00000188931,CFAP126,ENSMICG00000045246
ENSG00000124532,MRS2,ENSMICG00000015494
ENSG00000222046,DCDC2B,ENSMICG00000017798
ENSG00000198898,CAPZA2,ENSMICG00000032607
ENSG00000187607,ZNF286A,ENSMICG00000034480
ENSG00000116337,AMPD2,ENSMICG00000005172
ENSG00000131844,MCCC2,ENSMICG00000000849
ENSG00000034693,PEX3,ENSMICG00000037542
ENSG00000113387,SUB1,ENSMICG00000014535
ENSG00000204386,NEU1,ENSMICG00000003563
ENSG00000159840,ZYX,ENSMICG00000031303
ENSG00000116138,DNAJC16,ENSMICG00000003462
ENSG00000165802,NSMF,ENSMICG00000009555
ENSG00000111885,MAN1A1,ENSMICG00000003859
ENSG00000204569,PPP1R10,ENSMICG00000038776
ENSG00000196123,MATCAP1,ENSMICG00000035308
ENSG00000164764,SBSPON,ENSMICG00000007777
ENSG00000136492,BRIP1,ENSMICG00000016835
ENSG00000160932,LY6E,ENSMICG00000043677
ENSG00000103018,CYB5B,ENSMICG00000036639
ENSG00000012223,LTF,ENSMICG00000049383
ENSG00000116815,CD58,ENSMICG00000042112
ENSG00000140939,NOL3,ENSMICG00000043710
ENSG00000138594,TMOD3,ENSMICG00000006216
ENSG00000164649,CDCA7L,ENSMICG00000008539
ENSG00000182768,NGRN,ENSMICG00000047039
ENSG00000134153,EMC7,ENSMICG00000029705
ENSG00000113108,APBB3,ENSMICG00000000372
ENSG00000178741,COX5A,ENSMICG00000031164
ENSG00000011007,ELOA,ENSMICG00000005828
ENSG00000007384,RHBDF1,ENSMICG00000010336
ENSG00000264522,OTUD7B,ENSMICG00000047179
ENSG00000103742,IGDCC4,ENSMICG00000046639
ENSG00000135338,LCA5,ENSMICG00000014607
ENSG00000278845,MRPL45,ENSMICG00000000626
ENSG00000123136,DDX39A,ENSMICG00000015325
ENSG00000111897,SERINC1,ENSMICG00000006427
ENSG00000167889,MGAT5B,ENSMICG00000003382
ENSG00000143595,AQP10,ENSMICG00000003522
ENSG00000140563,MCTP2,ENSMICG00000016758
ENSG00000186231,KLHL32,ENSMICG00000015742
ENSG00000117650,NEK2,ENSMICG00000007833
ENSG00000132361,CLUH,ENSMICG00000008043
ENSG00000213339,QTRT1,ENSMICG00000029300
ENSG00000112769,LAMA4,ENSMICG00000008751
ENSG00000106069,CHN2,ENSMICG00000008142
ENSG00000139174,PRICKLE1,ENSMICG00000015421
ENSG00000114446,IFT57,ENSMICG00000049261
ENSG00000143297,FCRL5,ENSMICG00000002971
ENSG00000166938,DIS3L,ENSMICG00000004374
ENSG00000104313,EYA1,ENSMICG00000014127
ENSG00000184925,LCN12,ENSMICG00000043817
ENSG00000063177,RPL18,ENSMICG00000046293
ENSG00000131373,HACL1,ENSMICG00000049455
ENSG00000103522,IL21R,ENSMICG00000028006
ENSG00000160271,RALGDS,ENSMICG00000010670
ENSG00000213523,SRA1,ENSMICG00000044059
ENSG00000112941,TENT4A,ENSMICG00000016562
ENSG00000239789,MRPS17,ENSMICG00000046806
ENSG00000170222,ADPRM,ENSMICG00000011123
ENSG00000129195,PIMREG,ENSMICG00000007567
ENSG00000059122,FLYWCH1,ENSMICG00000001856
ENSG00000172009,THOP1,ENSMICG00000031728
ENSG00000004799,PDK4,ENSMICG00000005753
ENSG00000073417,PDE8A,ENSMICG00000000779
ENSG00000116062,MSH6,ENSMICG00000029031
ENSG00000169750,RAC3,ENSMICG00000001114
ENSG00000145882,PCYOX1L,ENSMICG00000028126
ENSG00000146809,ASB15,ENSMICG00000005290
ENSG00000164253,WDR41,ENSMICG00000016642
ENSG00000172375,C2CD2L,ENSMICG00000002722
ENSG00000132478,UNK,ENSMICG00000007591
ENSG00000175203,DCTN2,ENSMICG00000005467
ENSG00000077238,IL4R,ENSMICG00000035473
ENSG00000128536,CDHR3,ENSMICG00000010974
ENSG00000166484,MAPK7,ENSMICG00000042838
ENSG00000161677,JOSD2,ENSMICG00000044863
ENSG00000157764,BRAF,ENSMICG00000005096
ENSG00000115073,ACTR1B,ENSMICG00000007406
ENSG00000147443,DOK2,ENSMICG00000011568
ENSG00000162366,PDZK1IP1,ENSMICG00000043731
ENSG00000105612,DNASE2,ENSMICG00000016255
ENSG00000111364,DDX55,ENSMICG00000006477
ENSG00000152760,DYNLT5,ENSMICG00000046099
ENSG00000120318,ARAP3,ENSMICG00000017452
ENSG00000164758,MED30,ENSMICG00000010568
ENSG00000176994,SMCR8,ENSMICG00000012797
ENSG00000140488,CELF6,ENSMICG00000027918
ENSG00000141580,WDR45B,ENSMICG00000008013
ENSG00000004455,AK2,ENSMICG00000012452
ENSG00000156831,NSMCE2,ENSMICG00000010064
ENSG00000026297,RNASET2,ENSMICG00000014184
ENSG00000142347,MYO1F,ENSMICG00000006198
ENSG00000144339,TMEFF2,ENSMICG00000017769
ENSG00000157782,CABP1,ENSMICG00000029555
ENSG00000169155,ZBTB43,ENSMICG00000047892
ENSG00000169375,SIN3A,ENSMICG00000016172
ENSG00000173227,SYT12,ENSMICG00000015472
ENSG00000177181,RIMKLA,ENSMICG00000014895
ENSG00000122971,ACADS,ENSMICG00000008702
ENSG00000127074,RGS13,ENSMICG00000038367
ENSG00000169607,CKAP2L,ENSMICG00000032460
ENSG00000179091,CYC1,ENSMICG00000015587
ENSG00000171722,SPATA46,ENSMICG00000000046
ENSG00000143753,DEGS1,ENSMICG00000041977
ENSG00000163251,FZD5,ENSMICG00000044967
ENSG00000134115,CNTN6,ENSMICG00000001000
ENSG00000162490,DRAXIN,ENSMICG00000032682
ENSG00000115652,UXS1,ENSMICG00000000234
ENSG00000108829,LRRC59,ENSMICG00000030215
ENSG00000126067,PSMB2,ENSMICG00000006460
ENSG00000172269,DPAGT1,ENSMICG00000044242
ENSG00000117868,ESYT2,ENSMICG00000016962
ENSG00000163156,SCNM1,ENSMICG00000047233
ENSG00000064102,INTS13,ENSMICG00000037722
ENSG00000179029,TMEM107,ENSMICG00000045002
ENSG00000162104,ADCY9,ENSMICG00000017662
ENSG00000198169,ZNF251,ENSMICG00000011171
ENSG00000243749,TMEM35B,ENSMICG00000036891
ENSG00000092978,GPATCH2,ENSMICG00000037090
ENSG00000197603,CPLANE1,ENSMICG00000012526
ENSG00000221818,EBF2,ENSMICG00000015774
ENSG00000104886,PLEKHJ1,ENSMICG00000015433
ENSG00000166582,CENPV,ENSMICG00000007166
ENSG00000131791,PRKAB2,ENSMICG00000002483
ENSG00000176058,TPRN,ENSMICG00000006079
ENSG00000108984,MAP2K6,ENSMICG00000012469
ENSG00000165219,GAPVD1,ENSMICG00000002953
ENSG00000105618,PRPF31,ENSMICG00000002355
ENSG00000182372,CLN8,ENSMICG00000038560
ENSG00000077235,GTF3C1,ENSMICG00000013376
ENSG00000128609,NDUFA5,ENSMICG00000032578
ENSG00000162144,CYB561A3,ENSMICG00000013766
ENSG00000115306,SPTBN1,ENSMICG00000011895
ENSG00000143228,NUF2,ENSMICG00000014089
ENSG00000152495,CAMK4,ENSMICG00000028198
ENSG00000172809,RPL38,ENSMICG00000008493
ENSG00000164961,WASHC5,ENSMICG00000017871
ENSG00000077092,RARB,ENSMICG00000049235
ENSG00000108826,MRPL27,ENSMICG00000009698
ENSG00000154124,OTULIN,ENSMICG00000017364
ENSG00000186566,GPATCH8,ENSMICG00000028586
ENSG00000015479,MATR3,ENSMICG00000012438
ENSG00000158560,DYNC1I1,ENSMICG00000008899
ENSG00000178498,DTX3,ENSMICG00000005515
ENSG00000141295,SCRN2,ENSMICG00000004823
ENSG00000137872,SEMA6D,ENSMICG00000014475
ENSG00000127220,ABHD8,ENSMICG00000031476
ENSG00000162384,CZIB,ENSMICG00000006397
ENSG00000150782,IL18,ENSMICG00000045913
ENSG00000158716,DUSP23,ENSMICG00000031321
ENSG00000197863,ZNF790,ENSMICG00000038460
ENSG00000120063,GNA13,ENSMICG00000034317
ENSG00000175707,KDF1,ENSMICG00000043402
ENSG00000179094,PER1,ENSMICG00000013724
ENSG00000171067,C11orf24,ENSMICG00000035582
ENSG00000196517,SLC6A9,ENSMICG00000011037
ENSG00000020426,MNAT1,ENSMICG00000033557
ENSG00000130175,PRKCSH,ENSMICG00000009913
ENSG00000197111,PCBP2,ENSMICG00000027264
ENSG00000174738,NR1D2,ENSMICG00000049571
ENSG00000137522,RNF121,ENSMICG00000014792
ENSG00000196378,ZNF34,ENSMICG00000047840
ENSG00000203797,DDO,ENSMICG00000016226
ENSG00000135604,STX11,ENSMICG00000038317
ENSG00000124574,ABCC10,ENSMICG00000004986
ENSG00000144040,SFXN5,ENSMICG00000011287
ENSG00000175463,TBC1D10C,ENSMICG00000004107
ENSG00000175893,ZDHHC21,ENSMICG00000035489
ENSG00000171462,DLK2,ENSMICG00000008948
ENSG00000171723,GPHN,ENSMICG00000010139
ENSG00000104325,DECR1,ENSMICG00000010454
ENSG00000167085,PHB1,ENSMICG00000043778
ENSG00000159387,IRX6,ENSMICG00000003780
ENSG00000198729,PPP1R14C,ENSMICG00000038749
ENSG00000172159,FRMD3,ENSMICG00000000303
ENSG00000163141,BNIPL,ENSMICG00000000460
ENSG00000137207,YIPF3,ENSMICG00000005021
ENSG00000135372,NAT10,ENSMICG00000003627
ENSG00000103494,RPGRIP1L,ENSMICG00000016808
ENSG00000127831,VIL1,ENSMICG00000005119
ENSG00000117481,NSUN4,ENSMICG00000043368
ENSG00000135801,TAF5L,ENSMICG00000006613
ENSG00000135749,PCNX2,ENSMICG00000015490
ENSG00000141934,PLPP2,ENSMICG00000003741
ENSG00000003989,SLC7A2,ENSMICG00000013150
ENSG00000273611,ZNHIT3,ENSMICG00000041948
ENSG00000021355,SERPINB1,ENSMICG00000016870
ENSG00000044090,CUL7,ENSMICG00000008269
ENSG00000083845,RPS5,ENSMICG00000016512
ENSG00000163728,TTC14,ENSMICG00000049351
ENSG00000108523,RNF167,ENSMICG00000012515
ENSG00000089486,CDIP1,ENSMICG00000017825
ENSG00000163125,RPRD2,ENSMICG00000007991
ENSG00000137100,DCTN3,ENSMICG00000002376
ENSG00000145979,TBC1D7,ENSMICG00000000168
ENSG00000147905,ZCCHC7,ENSMICG00000003643
ENSG00000198837,DENND4B,ENSMICG00000010282
ENSG00000149231,CCDC82,ENSMICG00000009411
ENSG00000156973,PDE6D,ENSMICG00000032098
ENSG00000127948,POR,ENSMICG00000003908
ENSG00000119711,ALDH6A1,ENSMICG00000008467
ENSG00000185000,DGAT1,ENSMICG00000048051
ENSG00000108370,RGS9,ENSMICG00000013181
ENSG00000075420,FNDC3B,ENSMICG00000049279
ENSG00000182885,ADGRG3,ENSMICG00000026972
ENSG00000115816,CEBPZ,ENSMICG00000003324
ENSG00000160688,FLAD1,ENSMICG00000007946
ENSG00000167965,MLST8,ENSMICG00000047015
ENSG00000187187,ZNF546,ENSMICG00000042581
ENSG00000165113,GKAP1,ENSMICG00000004713
ENSG00000074276,CDHR2,ENSMICG00000027886
ENSG00000125691,RPL23,ENSMICG00000032094
ENSG00000100479,POLE2,ENSMICG00000005594
ENSG00000169016,E2F6,ENSMICG00000017705
ENSG00000149573,MPZL2,ENSMICG00000042376
ENSG00000259494,MRPL46,ENSMICG00000015826
ENSG00000143622,RIT1,ENSMICG00000044667
ENSG00000129932,DOHH,ENSMICG00000044244
ENSG00000180921,FAM83H,ENSMICG00000009499
ENSG00000064763,FAR2,ENSMICG00000013172
ENSG00000137804,NUSAP1,ENSMICG00000037799
ENSG00000109991,P2RX3,ENSMICG00000042170
ENSG00000126653,NSRP1,ENSMICG00000006365
ENSG00000142544,CTU1,ENSMICG00000047541
ENSG00000077782,FGFR1,ENSMICG00000009166
ENSG00000160325,CACFD1,ENSMICG00000031108
ENSG00000105393,BABAM1,ENSMICG00000034679
ENSG00000170421,KRT8,ENSMICG00000049285
ENSG00000097046,CDC7,ENSMICG00000011588
ENSG00000100906,NFKBIA,ENSMICG00000004403
ENSG00000107372,ZFAND5,ENSMICG00000047602
ENSG00000197324,LRP10,ENSMICG00000006358
ENSG00000177697,CD151,ENSMICG00000044065
ENSG00000151693,ASAP2,ENSMICG00000002345
ENSG00000108465,CDK5RAP3,ENSMICG00000014077
ENSG00000100650,SRSF5,ENSMICG00000037432
ENSG00000122729,ACO1,ENSMICG00000006540
ENSG00000173207,CKS1B,ENSMICG00000046559
ENSG00000138382,METTL5,ENSMICG00000008584
ENSG00000163472,TMEM79,ENSMICG00000002260
ENSG00000156218,ADAMTSL3,ENSMICG00000004994
ENSG00000084070,SMAP2,ENSMICG00000015504
ENSG00000197822,OCLN,ENSMICG00000012695
ENSG00000181982,CCDC149,ENSMICG00000017475
ENSG00000164022,AIMP1,ENSMICG00000010202
ENSG00000115942,ORC2,ENSMICG00000043343
ENSG00000162736,NCSTN,ENSMICG00000014005
ENSG00000109118,PHF12,ENSMICG00000005364
ENSG00000137807,KIF23,ENSMICG00000012227
ENSG00000113749,HRH2,ENSMICG00000003318
ENSG00000155506,LARP1,ENSMICG00000000837
ENSG00000140105,WARS1,ENSMICG00000006708
ENSG00000108379,WNT3,ENSMICG00000038322
ENSG00000166313,APBB1,ENSMICG00000038165
ENSG00000277791,PSMB3,ENSMICG00000002997
ENSG00000037280,FLT4,ENSMICG00000005770
ENSG00000068097,HEATR6,ENSMICG00000008703
ENSG00000105849,POLR1F,ENSMICG00000036489
ENSG00000003147,ICA1,ENSMICG00000017517
ENSG00000161091,MFSD12,ENSMICG00000026672
ENSG00000117016,RIMS3,ENSMICG00000004270
ENSG00000198885,ITPRIPL1,ENSMICG00000004755
ENSG00000162994,CLHC1,ENSMICG00000034817
ENSG00000114120,SLC25A36,ENSMICG00000044395
ENSG00000105325,FZR1,ENSMICG00000015945
ENSG00000171490,RSL1D1,ENSMICG00000008229
ENSG00000145246,ATP10D,ENSMICG00000010477
ENSG00000142867,BCL10,ENSMICG00000046947
ENSG00000168393,DTYMK,ENSMICG00000013135
ENSG00000163568,AIM2,ENSMICG00000014429
ENSG00000120647,CCDC77,ENSMICG00000030562
ENSG00000142784,WDTC1,ENSMICG00000015711
ENSG00000073536,NLE1,ENSMICG00000001256
ENSG00000004534,RBM6,ENSMICG00000016174
ENSG00000164187,LMBRD2,ENSMICG00000017828
ENSG00000157827,FMNL2,ENSMICG00000017132
ENSG00000063854,HAGH,ENSMICG00000002132
ENSG00000107738,VSIR,ENSMICG00000000086
ENSG00000168785,TSPAN5,ENSMICG00000005809
ENSG00000178776,C5orf46,ENSMICG00000034778
ENSG00000153071,DAB2,ENSMICG00000006730
ENSG00000132382,MYBBP1A,ENSMICG00000001226
ENSG00000156398,SFXN2,ENSMICG00000012256
ENSG00000066279,ASPM,ENSMICG00000002056
ENSG00000167114,SLC27A4,ENSMICG00000017637
ENSG00000139155,SLCO1C1,ENSMICG00000014567
ENSG00000163644,PPM1K,ENSMICG00000045611
ENSG00000182511,FES,ENSMICG00000015372
ENSG00000196460,RFX8,ENSMICG00000035914
ENSG00000174808,BTC,ENSMICG00000029012
ENSG00000062485,CS,ENSMICG00000017659
ENSG00000103342,GSPT1,ENSMICG00000014137
ENSG00000002587,HS3ST1,ENSMICG00000008698
ENSG00000100461,RBM23,ENSMICG00000006364
ENSG00000171509,RXFP1,ENSMICG00000003863
ENSG00000197142,ACSL5,ENSMICG00000007326
ENSG00000163170,BOLA3,ENSMICG00000028730
ENSG00000183155,RABIF,ENSMICG00000007924
ENSG00000179456,ZBTB18,ENSMICG00000007600
ENSG00000097096,SYDE2,ENSMICG00000036942
ENSG00000152128,TMEM163,ENSMICG00000000228
ENSG00000242485,MRPL20,ENSMICG00000041892
ENSG00000132330,SCLY,ENSMICG00000012094
ENSG00000117450,PRDX1,ENSMICG00000014595
ENSG00000124588,NQO2,ENSMICG00000010625
ENSG00000095261,PSMD5,ENSMICG00000003294
ENSG00000171606,ZNF274,ENSMICG00000017855
ENSG00000011258,MBTD1,ENSMICG00000016291
ENSG00000136861,CDK5RAP2,ENSMICG00000003259
ENSG00000007968,E2F2,ENSMICG00000012121
ENSG00000120333,MRPS14,ENSMICG00000037413
ENSG00000117597,UTP25,ENSMICG00000001242
ENSG00000145817,YIPF5,ENSMICG00000033826
ENSG00000091073,DTX2,ENSMICG00000014104
ENSG00000162882,HAAO,ENSMICG00000006554
ENSG00000172803,SNX32,ENSMICG00000012748
ENSG00000178999,AURKB,ENSMICG00000029675
ENSG00000163558,PRKCI,ENSMICG00000048940
ENSG00000215217,CFAP90,ENSMICG00000034745
ENSG00000103184,SEC14L5,ENSMICG00000015988
ENSG00000152092,ASTN1,ENSMICG00000005992
ENSG00000150712,MTMR12,ENSMICG00000002269
ENSG00000256043,CTSO,ENSMICG00000013464
ENSG00000172554,SNTG2,ENSMICG00000042175
ENSG00000105223,PLD3,ENSMICG00000016343
ENSG00000157350,ST3GAL2,ENSMICG00000033147
ENSG00000135472,FAIM2,ENSMICG00000015588
ENSG00000164303,ENPP6,ENSMICG00000015491
ENSG00000152784,PRDM8,ENSMICG00000032467
ENSG00000196591,HDAC2,ENSMICG00000000261
ENSG00000213639,PPP1CB,ENSMICG00000001446
ENSG00000070182,SPTB,ENSMICG00000013057
ENSG00000150967,ABCB9,ENSMICG00000006491
ENSG00000177842,ZNF620,ENSMICG00000049038
ENSG00000103245,CIAO3,ENSMICG00000032862
ENSG00000163950,SLBP,ENSMICG00000014244
ENSG00000145198,VWA5B2,ENSMICG00000049272
ENSG00000113456,RAD1,ENSMICG00000005664
ENSG00000126351,THRA,ENSMICG00000032209
ENSG00000198208,RPS6KL1,ENSMICG00000006086
ENSG00000031003,FAM13B,ENSMICG00000014836
ENSG00000086827,ZW10,ENSMICG00000009595
ENSG00000116754,SRSF11,ENSMICG00000005537
ENSG00000070495,JMJD6,ENSMICG00000016945
ENSG00000040933,INPP4A,ENSMICG00000013336
ENSG00000164484,TMEM200A,ENSMICG00000041995
ENSG00000146072,TNFRSF21,ENSMICG00000017760
ENSG00000167862,MRPL58,ENSMICG00000010640
ENSG00000149452,SLC22A8,ENSMICG00000006419
ENSG00000112130,RNF8,ENSMICG00000003362
ENSG00000107819,SFXN3,ENSMICG00000000018
ENSG00000185246,PRPF39,ENSMICG00000005802
ENSG00000176208,ATAD5,ENSMICG00000003613
ENSG00000091262,ABCC6,ENSMICG00000026666
ENSG00000090376,IRAK3,ENSMICG00000017401
ENSG00000183605,SFXN4,ENSMICG00000007614
ENSG00000149091,DGKZ,ENSMICG00000006865
ENSG00000131475,VPS25,ENSMICG00000010357
ENSG00000157107,FCHO2,ENSMICG00000009119
ENSG00000010278,CD9,ENSMICG00000009235
ENSG00000198133,TMEM229B,ENSMICG00000047151
ENSG00000204237,OXLD1,ENSMICG00000008636
ENSG00000197157,SND1,ENSMICG00000000097
ENSG00000161960,EIF4A1,ENSMICG00000014759
ENSG00000205659,LIN52,ENSMICG00000008474
ENSG00000114491,UMPS,ENSMICG00000049168
ENSG00000139971,ARMH4,ENSMICG00000001034
ENSG00000122952,ZWINT,ENSMICG00000008552
ENSG00000117862,TXNDC12,ENSMICG00000042975
ENSG00000164331,ANKRA2,ENSMICG00000035309
ENSG00000100591,AHSA1,ENSMICG00000009097
ENSG00000158458,NRG2,ENSMICG00000029845
ENSG00000109618,SEPSECS,ENSMICG00000028863
ENSG00000100796,PPP4R3A,ENSMICG00000011259
ENSG00000186501,TMEM222,ENSMICG00000015726
ENSG00000144847,IGSF11,ENSMICG00000049356
ENSG00000168575,SLC20A2,ENSMICG00000033847
ENSG00000111726,CMAS,ENSMICG00000004164
ENSG00000087008,ACOX3,ENSMICG00000011777
ENSG00000165983,PTER,ENSMICG00000011472
ENSG00000143674,MAP3K21,ENSMICG00000015508
ENSG00000048140,TSPAN17,ENSMICG00000026948
ENSG00000144843,ADPRH,ENSMICG00000048870
ENSG00000178691,SUZ12,ENSMICG00000002637
ENSG00000008405,CRY1,ENSMICG00000006849
ENSG00000143545,RAB13,ENSMICG00000010340
ENSG00000146410,MTFR2,ENSMICG00000004940
ENSG00000120053,GOT1,ENSMICG00000010482
ENSG00000154310,TNIK,ENSMICG00000049397
ENSG00000171160,MORN4,ENSMICG00000047547
ENSG00000118600,RXYLT1,ENSMICG00000042323
ENSG00000128923,MINDY2,ENSMICG00000038206
ENSG00000108423,TUBD1,ENSMICG00000007950
ENSG00000145495,MARCHF6,ENSMICG00000010632
ENSG00000163159,VPS72,ENSMICG00000006827
ENSG00000112110,MRPL18,ENSMICG00000044845
ENSG00000184601,C14orf180,ENSMICG00000042488
ENSG00000075826,SEC31B,ENSMICG00000044332
ENSG00000203778,FAM229B,ENSMICG00000043291
ENSG00000084110,HAL,ENSMICG00000012174
ENSG00000189077,TMEM120A,ENSMICG00000037951
ENSG00000204482,LST1,ENSMICG00000017357
ENSG00000186910,SERPINA11,ENSMICG00000038551
ENSG00000196110,ZNF699,ENSMICG00000044283
ENSG00000132718,SYT11,ENSMICG00000038586
ENSG00000181392,SYNE4,ENSMICG00000010163
ENSG00000176473,WDR25,ENSMICG00000006716
ENSG00000175445,LPL,ENSMICG00000010245
ENSG00000181350,LRRC75A,ENSMICG00000031897
ENSG00000172057,ORMDL3,ENSMICG00000027576
ENSG00000128891,CCDC32,ENSMICG00000008817
ENSG00000154518,ATP5MC3,ENSMICG00000006421
ENSG00000197555,SIPA1L1,ENSMICG00000014353
ENSG00000132680,KHDC4,ENSMICG00000002202
ENSG00000188283,ZNF383,ENSMICG00000010169
ENSG00000167702,KIFC2,ENSMICG00000037324
ENSG00000124641,MED20,ENSMICG00000036676
ENSG00000187514,PTMA,ENSMICG00000042142
ENSG00000108256,NUFIP2,ENSMICG00000016380
ENSG00000170852,KBTBD2,ENSMICG00000034686
ENSG00000166557,TMED3,ENSMICG00000015401
ENSG00000213066,CEP43,ENSMICG00000014198
ENSG00000283632,EXOC3L2,ENSMICG00000031664
ENSG00000129925,PGAP6,ENSMICG00000043202
ENSG00000108510,MED13,ENSMICG00000016865
ENSG00000169857,AVEN,ENSMICG00000005782
ENSG00000176209,SMIM19,ENSMICG00000015429
ENSG00000254004,ZNF260,ENSMICG00000008680
ENSG00000140400,MAN2C1,ENSMICG00000016151
ENSG00000158825,CDA,ENSMICG00000032947
ENSG00000107625,DDX50,ENSMICG00000017539
ENSG00000122515,ZMIZ2,ENSMICG00000003918
ENSG00000132692,BCAN,ENSMICG00000008311
ENSG00000056097,ZFR,ENSMICG00000001244
ENSG00000125319,HROB,ENSMICG00000002625
ENSG00000165392,WRN,ENSMICG00000010630
ENSG00000096093,EFHC1,ENSMICG00000004321
ENSG00000166558,SLC38A8,ENSMICG00000012295
ENSG00000010539,ZNF200,ENSMICG00000026729
ENSG00000110203,FOLR3,ENSMICG00000013939
ENSG00000067182,TNFRSF1A,ENSMICG00000009249
ENSG00000056558,TRAF1,ENSMICG00000031076
ENSG00000165458,INPPL1,ENSMICG00000011696
ENSG00000108578,BLMH,ENSMICG00000000348
ENSG00000169914,OTUD3,ENSMICG00000041815
ENSG00000197223,C1D,ENSMICG00000032141
ENSG00000162813,BPNT1,ENSMICG00000017745
ENSG00000172270,BSG,ENSMICG00000027533
ENSG00000119397,CNTRL,ENSMICG00000003333
ENSG00000250305,TRMT9B,ENSMICG00000012942
ENSG00000138316,ADAMTS14,ENSMICG00000015113
ENSG00000157856,DRC1,ENSMICG00000006785
ENSG00000103549,RNF40,ENSMICG00000001555
ENSG00000108854,SMURF2,ENSMICG00000009294
ENSG00000144535,DIS3L2,ENSMICG00000012086
ENSG00000143363,PRUNE1,ENSMICG00000000451
ENSG00000113532,ST8SIA4,ENSMICG00000048096
ENSG00000096968,JAK2,ENSMICG00000003885
ENSG00000065675,PRKCQ,ENSMICG00000011435
ENSG00000112851,ERBIN,ENSMICG00000007584
ENSG00000170734,POLH,ENSMICG00000005044
ENSG00000164761,TNFRSF11B,ENSMICG00000015474
ENSG00000123159,GIPC1,ENSMICG00000004336
ENSG00000266967,AARSD1,ENSMICG00000014185
ENSG00000142627,EPHA2,ENSMICG00000016876
ENSG00000198846,TOX,ENSMICG00000032215
ENSG00000146085,MMUT,ENSMICG00000008076
ENSG00000240682,ISY1,ENSMICG00000037547
ENSG00000147421,HMBOX1,ENSMICG00000010422
ENSG00000173852,DPY19L1,ENSMICG00000048019
ENSG00000139146,SINHCAF,ENSMICG00000048000
ENSG00000143303,METTL25B,ENSMICG00000008934
ENSG00000233608,TWIST2,ENSMICG00000034572
ENSG00000170322,NFRKB,ENSMICG00000013865
ENSG00000109606,DHX15,ENSMICG00000015414
ENSG00000187736,NHEJ1,ENSMICG00000042607
ENSG00000123358,NR4A1,ENSMICG00000016812
ENSG00000128594,LRRC4,ENSMICG00000000102
ENSG00000144747,TMF1,ENSMICG00000035913
ENSG00000141506,PIK3R5,ENSMICG00000011867
ENSG00000143494,VASH2,ENSMICG00000014703
ENSG00000157224,CLDN12,ENSMICG00000047675
ENSG00000105707,HPN,ENSMICG00000002167
ENSG00000112320,SOBP,ENSMICG00000030144
ENSG00000204128,C2orf72,ENSMICG00000036438
ENSG00000138640,FAM13A,ENSMICG00000004166
ENSG00000144485,HES6,ENSMICG00000033553
ENSG00000082269,FAM135A,ENSMICG00000027973
ENSG00000015413,DPEP1,ENSMICG00000015532
ENSG00000143353,LYPLAL1,ENSMICG00000041495
ENSG00000078687,TNRC6C,ENSMICG00000003952
ENSG00000146587,RBAK,ENSMICG00000044579
ENSG00000163412,EIF4E3,ENSMICG00000001125
ENSG00000108179,PPIF,ENSMICG00000007086
ENSG00000163499,CRYBA2,ENSMICG00000042726
ENSG00000146966,DENND2A,ENSMICG00000002120
ENSG00000182010,RTKN2,ENSMICG00000032739
ENSG00000078900,TP73,ENSMICG00000037331
ENSG00000250506,CDK3,ENSMICG00000045151
ENSG00000183020,AP2A2,ENSMICG00000008530
ENSG00000068697,LAPTM4A,ENSMICG00000031395
ENSG00000141367,CLTC,ENSMICG00000003591
ENSG00000182923,CEP63,ENSMICG00000049067
ENSG00000165322,ARHGAP12,ENSMICG00000006800
ENSG00000153446,C16orf89,ENSMICG00000016010
ENSG00000166225,FRS2,ENSMICG00000011467
ENSG00000136950,ARPC5L,ENSMICG00000002925
ENSG00000125482,TTF1,ENSMICG00000044842
ENSG00000106635,BCL7B,ENSMICG00000013897
ENSG00000149357,LAMTOR1,ENSMICG00000010450
ENSG00000115486,GGCX,ENSMICG00000011475
ENSG00000171503,ETFDH,ENSMICG00000034408
ENSG00000187135,VSTM2B,ENSMICG00000044409
ENSG00000174891,RSRC1,ENSMICG00000048785
ENSG00000174562,KLK15,ENSMICG00000000529
ENSG00000119326,CTNNAL1,ENSMICG00000002075
ENSG00000162222,TTC9C,ENSMICG00000042013
ENSG00000104760,FGL1,ENSMICG00000006669
ENSG00000055118,KCNH2,ENSMICG00000004711
ENSG00000090581,GNPTG,ENSMICG00000047931
ENSG00000149582,TMEM25,ENSMICG00000015327
ENSG00000130287,NCAN,ENSMICG00000036837
ENSG00000119328,ABITRAM,ENSMICG00000042265
ENSG00000171097,KYAT1,ENSMICG00000014042
ENSG00000125753,VASP,ENSMICG00000044750
ENSG00000141741,MIEN1,ENSMICG00000047201
ENSG00000175906,ARL4D,ENSMICG00000046097
ENSG00000108960,MMD,ENSMICG00000034764
ENSG00000117616,RSRP1,ENSMICG00000016214
ENSG00000184500,PROS1,ENSMICG00000011858
ENSG00000133619,KRBA1,ENSMICG00000009603
ENSG00000167881,SRP68,ENSMICG00000007726
ENSG00000111271,ACAD10,ENSMICG00000003477
ENSG00000174606,ANGEL2,ENSMICG00000014726
ENSG00000167646,DNAAF3,ENSMICG00000016558
ENSG00000171497,PPID,ENSMICG00000030402
ENSG00000099385,BCL7C,ENSMICG00000038760
ENSG00000112739,PRP4K,ENSMICG00000011768
ENSG00000168646,AXIN2,ENSMICG00000044460
ENSG00000117600,PLPPR4,ENSMICG00000032022
ENSG00000137628,DDX60,ENSMICG00000013542
ENSG00000147437,GNRH1,ENSMICG00000037976
ENSG00000173436,MICOS10,ENSMICG00000045951
ENSG00000197943,PLCG2,ENSMICG00000015143
ENSG00000076984,MAP2K7,ENSMICG00000009656
ENSG00000074356,NCBP3,ENSMICG00000015798
ENSG00000198373,WWP2,ENSMICG00000012152
ENSG00000031691,CENPQ,ENSMICG00000042405
ENSG00000170390,DCLK2,ENSMICG00000006224
ENSG00000204390,HSPA1L,ENSMICG00000026585
ENSG00000154914,USP43,ENSMICG00000007897
ENSG00000111802,TDP2,ENSMICG00000000039
ENSG00000133816,MICAL2,ENSMICG00000004280
ENSG00000099622,CIRBP,ENSMICG00000038000
ENSG00000084754,HADHA,ENSMICG00000014248
ENSG00000012660,ELOVL5,ENSMICG00000004038
ENSG00000130768,SMPDL3B,ENSMICG00000011091
ENSG00000106052,TAX1BP1,ENSMICG00000009923
ENSG00000094804,CDC6,ENSMICG00000045842
ENSG00000134668,SPOCD1,ENSMICG00000001411
ENSG00000119723,COQ6,ENSMICG00000003007
ENSG00000177752,YIPF7,ENSMICG00000016710
ENSG00000075711,DLG1,ENSMICG00000049162
ENSG00000197442,MAP3K5,ENSMICG00000004915
ENSG00000107485,GATA3,ENSMICG00000008284
ENSG00000178685,PARP10,ENSMICG00000016227
ENSG00000082641,NFE2L1,ENSMICG00000014716
ENSG00000087253,LPCAT2,ENSMICG00000003798
ENSG00000156671,SAMD8,ENSMICG00000037514
ENSG00000162755,KLHDC9,ENSMICG00000007231
ENSG00000116898,MRPS15,ENSMICG00000047526
ENSG00000205220,PSMB10,ENSMICG00000012294
ENSG00000156502,SUPV3L1,ENSMICG00000014955
ENSG00000065559,MAP2K4,ENSMICG00000016202
ENSG00000124496,TRERF1,ENSMICG00000011387
ENSG00000181904,C5orf24,ENSMICG00000046739
ENSG00000188352,FOCAD,ENSMICG00000009888
ENSG00000165914,TTC7B,ENSMICG00000004984
ENSG00000112902,SEMA5A,ENSMICG00000002641
ENSG00000151806,GUF1,ENSMICG00000016714
ENSG00000007376,RPUSD1,ENSMICG00000017561
ENSG00000060718,COL11A1,ENSMICG00000002214
ENSG00000129244,ATP1B2,ENSMICG00000036264
ENSG00000189120,SP6,ENSMICG00000047695
ENSG00000110906,KCTD10,ENSMICG00000017631
ENSG00000109321,AREG,ENSMICG00000012594
ENSG00000140691,ARMC5,ENSMICG00000006051
ENSG00000171861,MRM3,ENSMICG00000031420
ENSG00000130643,CALY,ENSMICG00000013383
ENSG00000170456,DENND5B,ENSMICG00000010484
ENSG00000167653,PSCA,ENSMICG00000036374
ENSG00000100842,EFS,ENSMICG00000010030
ENSG00000156675,RAB11FIP1,ENSMICG00000010174
ENSG00000169738,DCXR,ENSMICG00000027972
ENSG00000163596,ICA1L,ENSMICG00000002701
ENSG00000100815,TRIP11,ENSMICG00000005041
ENSG00000152422,XRCC4,ENSMICG00000031093
ENSG00000197748,CFAP43,ENSMICG00000004417
ENSG00000171914,TLN2,ENSMICG00000002620
ENSG00000132912,DCTN4,ENSMICG00000035522
ENSG00000135336,ORC3,ENSMICG00000003110
ENSG00000168615,ADAM9,ENSMICG00000003592
ENSG00000165752,STK32C,ENSMICG00000026763
ENSG00000165646,SLC18A2,ENSMICG00000047075
ENSG00000104695,PPP2CB,ENSMICG00000016849
ENSG00000136003,ISCU,ENSMICG00000036005
ENSG00000155508,CNOT8,ENSMICG00000000844
ENSG00000120885,CLU,ENSMICG00000007720
ENSG00000196792,STRN3,ENSMICG00000026845
ENSG00000177675,CD163L1,ENSMICG00000007470
ENSG00000172638,EFEMP2,ENSMICG00000012803
ENSG00000107438,PDLIM1,ENSMICG00000015914
ENSG00000009335,UBE3C,ENSMICG00000013340
ENSG00000182022,CHST15,ENSMICG00000008853
ENSG00000135108,FBXO21,ENSMICG00000011004
ENSG00000033800,PIAS1,ENSMICG00000016982
ENSG00000198252,STYX,ENSMICG00000037736
ENSG00000104969,SGTA,ENSMICG00000013433
ENSG00000197930,ERO1A,ENSMICG00000015907
ENSG00000011021,CLCN6,ENSMICG00000003383
ENSG00000165633,VSTM4,ENSMICG00000006767
ENSG00000139438,FAM222A,ENSMICG00000035580
ENSG00000119977,TCTN3,ENSMICG00000015970
ENSG00000100478,AP4S1,ENSMICG00000003359
ENSG00000140259,MFAP1,ENSMICG00000010193
ENSG00000115138,POMC,ENSMICG00000001616
ENSG00000166986,MARS1,ENSMICG00000032056
ENSG00000132432,SEC61G,ENSMICG00000043138
ENSG00000157064,NMNAT2,ENSMICG00000007134
ENSG00000136802,LRRC8A,ENSMICG00000036276
ENSG00000185215,TNFAIP2,ENSMICG00000009107
ENSG00000198933,TBKBP1,ENSMICG00000012069
ENSG00000143256,PFDN2,ENSMICG00000007235
ENSG00000166839,ANKDD1A,ENSMICG00000002854
ENSG00000146409,SLC18B1,ENSMICG00000037158
ENSG00000135750,KCNK1,ENSMICG00000041556
ENSG00000213203,GIMAP1,ENSMICG00000042332
ENSG00000166741,NNMT,ENSMICG00000027668
ENSG00000100473,COCH,ENSMICG00000003344
ENSG00000136286,MYO1G,ENSMICG00000045858
ENSG00000277258,PCGF2,ENSMICG00000002994
ENSG00000169071,ROR2,ENSMICG00000013912
ENSG00000145982,FARS2,ENSMICG00000003828
ENSG00000162782,TDRD5,ENSMICG00000017589
ENSG00000198018,ENTPD7,ENSMICG00000010496
ENSG00000149257,SERPINH1,ENSMICG00000015249
ENSG00000108175,ZMIZ1,ENSMICG00000038253
ENSG00000159899,NPR2,ENSMICG00000002555
ENSG00000115484,CCT4,ENSMICG00000015263
ENSG00000092470,WDR76,ENSMICG00000027347
ENSG00000160014,CALM3,ENSMICG00000028969
ENSG00000183814,LIN9,ENSMICG00000017073
ENSG00000070610,GBA2,ENSMICG00000002543
ENSG00000178826,TMEM139,ENSMICG00000030179
ENSG00000156711,MAPK13,ENSMICG00000008188
ENSG00000119699,TGFB3,ENSMICG00000016110
ENSG00000277972,CISD3,ENSMICG00000030046
ENSG00000150054,MPP7,ENSMICG00000000927
ENSG00000125434,SLC25A35,ENSMICG00000013857
ENSG00000004866,ST7,ENSMICG00000005741
ENSG00000125912,NCLN,ENSMICG00000007457
ENSG00000166002,SMCO4,ENSMICG00000017877
ENSG00000108961,RANGRF,ENSMICG00000030577
ENSG00000100567,PSMA3,ENSMICG00000011559
ENSG00000213930,GALT,ENSMICG00000037133
ENSG00000134825,TMEM258,ENSMICG00000013894
ENSG00000173137,ADCK5,ENSMICG00000015751
ENSG00000135318,NT5E,ENSMICG00000007170
ENSG00000133328,PLAAT2,ENSMICG00000043198
ENSG00000108651,UTP6,ENSMICG00000002632
ENSG00000110013,SIAE,ENSMICG00000001679
ENSG00000138303,ASCC1,ENSMICG00000004222
ENSG00000223501,VPS52,ENSMICG00000027900
ENSG00000085733,CTTN,ENSMICG00000003767
ENSG00000261308,FIGNL2,ENSMICG00000043506
ENSG00000086598,TMED2,ENSMICG00000038482
ENSG00000283071,LBHD2,ENSMICG00000032097
ENSG00000113621,TXNDC15,ENSMICG00000043867
ENSG00000158816,VWA5B1,ENSMICG00000010995
ENSG00000120526,NUDCD1,ENSMICG00000012937
ENSG00000039560,RAI14,ENSMICG00000005641
ENSG00000100503,NIN,ENSMICG00000013569
ENSG00000197768,STPG3,ENSMICG00000010949
ENSG00000162385,MAGOH,ENSMICG00000006406
ENSG00000166295,ANAPC16,ENSMICG00000004229
ENSG00000143190,POU2F1,ENSMICG00000011644
ENSG00000108528,SLC25A11,ENSMICG00000012506
ENSG00000125730,C3,ENSMICG00000000921
ENSG00000107185,RGP1,ENSMICG00000002551
ENSG00000103707,MTFMT,ENSMICG00000002867
ENSG00000122986,HVCN1,ENSMICG00000004957
ENSG00000164031,DNAJB14,ENSMICG00000002463
ENSG00000165102,HGSNAT,ENSMICG00000006908
ENSG00000164975,SNAPC3,ENSMICG00000013886
ENSG00000047662,FAM184B,ENSMICG00000006794
ENSG00000140545,MFGE8,ENSMICG00000015488
ENSG00000278619,MRM1,ENSMICG00000004216
ENSG00000179387,ELMOD2,ENSMICG00000030808
ENSG00000169710,FASN,ENSMICG00000043616
ENSG00000106976,DNM1,ENSMICG00000003416
ENSG00000132024,CC2D1A,ENSMICG00000013491
ENSG00000013810,TACC3,ENSMICG00000038424
ENSG00000112624,BICRAL,ENSMICG00000003774
ENSG00000123329,ARHGAP9,ENSMICG00000005391
ENSG00000155975,VPS37A,ENSMICG00000013504
ENSG00000001167,NFYA,ENSMICG00000009686
ENSG00000126698,DNAJC8,ENSMICG00000001222
ENSG00000138029,HADHB,ENSMICG00000006750
ENSG00000109919,MTCH2,ENSMICG00000027810
ENSG00000117399,CDC20,ENSMICG00000007065
ENSG00000157450,RNF111,ENSMICG00000036162
ENSG00000172336,POP7,ENSMICG00000009398
ENSG00000005469,CROT,ENSMICG00000001271
ENSG00000163762,TM4SF18,ENSMICG00000049421
ENSG00000083168,KAT6A,ENSMICG00000006961
ENSG00000185909,KLHDC8B,ENSMICG00000007972
ENSG00000048028,USP28,ENSMICG00000009608
ENSG00000016402,IL20RA,ENSMICG00000004953
ENSG00000168936,TMEM129,ENSMICG00000014263
ENSG00000183520,UTP11,ENSMICG00000001496
ENSG00000136205,TNS3,ENSMICG00000009472
ENSG00000109323,MANBA,ENSMICG00000000840
ENSG00000143376,SNX27,ENSMICG00000028737
ENSG00000134291,TMEM106C,ENSMICG00000001808
ENSG00000024422,EHD2,ENSMICG00000005571
ENSG00000025796,SEC63,ENSMICG00000014221
ENSG00000129484,PARP2,ENSMICG00000001491
ENSG00000171119,NRTN,ENSMICG00000044302
ENSG00000105251,SHD,ENSMICG00000000315
ENSG00000145730,PAM,ENSMICG00000004763
ENSG00000179564,LSMEM2,ENSMICG00000016305
ENSG00000176095,IP6K1,ENSMICG00000042276
ENSG00000198242,RPL23A,ENSMICG00000041754
ENSG00000197858,GPAA1,ENSMICG00000016025
ENSG00000258484,SPESP1,ENSMICG00000045479
ENSG00000168781,PPIP5K1,ENSMICG00000010125
ENSG00000173812,EIF1,ENSMICG00000011816
ENSG00000073050,XRCC1,ENSMICG00000014662
ENSG00000214706,IFRD2,ENSMICG00000016309
ENSG00000155393,HEATR3,ENSMICG00000012805
ENSG00000139625,MAP3K12,ENSMICG00000011662
ENSG00000198517,MAFK,ENSMICG00000036494
ENSG00000162735,PEX19,ENSMICG00000042952
ENSG00000176438,SYNE3,ENSMICG00000007787
ENSG00000128833,MYO5C,ENSMICG00000008381
ENSG00000091127,PUS7,ENSMICG00000010938
ENSG00000112139,MDGA1,ENSMICG00000003385
ENSG00000139083,ETV6,ENSMICG00000002374
ENSG00000103275,UBE2I,ENSMICG00000030413
ENSG00000148175,STOM,ENSMICG00000037756
ENSG00000155111,CDK19,ENSMICG00000003153
ENSG00000145431,PDGFC,ENSMICG00000033455
ENSG00000161509,GRIN2C,ENSMICG00000010565
ENSG00000116698,SMG7,ENSMICG00000007145
ENSG00000197646,PDCD1LG2,ENSMICG00000004284
ENSG00000231274,SBK3,ENSMICG00000041688
ENSG00000185619,PCGF3,ENSMICG00000046135
ENSG00000070269,TMEM260,ENSMICG00000016993
ENSG00000076928,ARHGEF1,ENSMICG00000009512
ENSG00000076242,MLH1,ENSMICG00000049403
ENSG00000147894,C9orf72,ENSMICG00000004861
ENSG00000111859,NEDD9,ENSMICG00000017359
ENSG00000158604,TMED4,ENSMICG00000005557
ENSG00000087116,ADAMTS2,ENSMICG00000010523
ENSG00000120088,CRHR1,ENSMICG00000004845
ENSG00000128578,STRIP2,ENSMICG00000015996
ENSG00000137831,UACA,ENSMICG00000034701
ENSG00000181513,ACBD4,ENSMICG00000016677
ENSG00000254087,LYN,ENSMICG00000031282
ENSG00000135074,ADAM19,ENSMICG00000001011
ENSG00000128513,POT1,ENSMICG00000035779
ENSG00000125337,KIF25,ENSMICG00000044733
ENSG00000139973,SYT16,ENSMICG00000011462
ENSG00000119630,PGF,ENSMICG00000006094
ENSG00000165688,PMPCA,ENSMICG00000005847
ENSG00000137502,RAB30,ENSMICG00000012002
ENSG00000134851,TMEM165,ENSMICG00000000319
ENSG00000213928,IRF9,ENSMICG00000027895
ENSG00000104518,GSDMD,ENSMICG00000001105
ENSG00000157765,SLC34A2,ENSMICG00000045359
ENSG00000137834,SMAD6,ENSMICG00000035205
ENSG00000134287,ARF3,ENSMICG00000043617
ENSG00000152942,RAD17,ENSMICG00000034342
ENSG00000138617,PARP16,ENSMICG00000004993
ENSG00000213614,HEXA,ENSMICG00000013561
ENSG00000188070,ZFTA,ENSMICG00000015216
ENSG00000108599,AKAP10,ENSMICG00000037089
ENSG00000109911,ELP4,ENSMICG00000031183
ENSG00000167566,NCKAP5L,ENSMICG00000005160
ENSG00000136319,TTC5,ENSMICG00000009403
ENSG00000145391,SETD7,ENSMICG00000007056
ENSG00000135537,AFG1L,ENSMICG00000014294
ENSG00000111450,STX2,ENSMICG00000042543
ENSG00000167632,TRAPPC9,ENSMICG00000004399
ENSG00000183092,BEGAIN,ENSMICG00000046886
ENSG00000135605,TEC,ENSMICG00000044443
ENSG00000149929,HIRIP3,ENSMICG00000036066
ENSG00000122641,INHBA,ENSMICG00000033429
ENSG00000092054,MYH7,ENSMICG00000042027
ENSG00000164414,SLC35A1,ENSMICG00000031759
ENSG00000146963,LUC7L2,ENSMICG00000003133
ENSG00000198917,SPOUT1,ENSMICG00000017649
ENSG00000161542,PRPSAP1,ENSMICG00000013330
ENSG00000159713,TPPP3,ENSMICG00000027878
ENSG00000138722,MMRN1,ENSMICG00000038519
ENSG00000204852,TCTN1,ENSMICG00000004952
ENSG00000042445,RETSAT,ENSMICG00000016157
ENSG00000074935,TUBE1,ENSMICG00000047219
ENSG00000164144,ARFIP1,ENSMICG00000009047
ENSG00000103174,NAGPA,ENSMICG00000016002
ENSG00000108469,RECQL5,ENSMICG00000007529
ENSG00000164535,DAGLB,ENSMICG00000004369
ENSG00000172977,KAT5,ENSMICG00000008880
ENSG00000148337,CIZ1,ENSMICG00000003411
ENSG00000065135,GNAI3,ENSMICG00000011752
ENSG00000151692,RNF144A,ENSMICG00000006187
ENSG00000164879,CA3,ENSMICG00000001457
ENSG00000157429,ZNF19,ENSMICG00000001886
ENSG00000170899,GSTA4,ENSMICG00000005858
ENSG00000010310,GIPR,ENSMICG00000001830
ENSG00000133056,PIK3C2B,ENSMICG00000016940
ENSG00000115694,STK25,ENSMICG00000012111
ENSG00000065833,ME1,ENSMICG00000013756
ENSG00000104299,INTS9,ENSMICG00000010411
ENSG00000172824,CES4A,ENSMICG00000030422
ENSG00000177685,CRACR2B,ENSMICG00000017217
ENSG00000164077,MON1A,ENSMICG00000010860
ENSG00000137822,TUBGCP4,ENSMICG00000010059
ENSG00000167757,KLK11,ENSMICG00000016897
ENSG00000196453,ZNF777,ENSMICG00000006399
ENSG00000004864,SLC25A13,ENSMICG00000008911
ENSG00000204160,ZDHHC18,ENSMICG00000015639
ENSG00000096060,FKBP5,ENSMICG00000013310
ENSG00000166106,ADAMTS15,ENSMICG00000008524
ENSG00000164050,PLXNB1,ENSMICG00000013880
ENSG00000143751,SDE2,ENSMICG00000004083
ENSG00000170242,USP47,ENSMICG00000028952
ENSG00000132698,RAB25,ENSMICG00000002230
ENSG00000103145,HCFC1R1,ENSMICG00000001884
ENSG00000142530,GARIN5A,ENSMICG00000002216
ENSG00000134020,PEBP4,ENSMICG00000005019
ENSG00000143333,RGS16,ENSMICG00000032512
ENSG00000105135,ILVBL,ENSMICG00000005896
ENSG00000089280,FUS,ENSMICG00000033962
ENSG00000104043,ATP8B4,ENSMICG00000003484
ENSG00000120910,PPP3CC,ENSMICG00000001851
ENSG00000122778,KIAA1549,ENSMICG00000003071
ENSG00000108846,ABCC3,ENSMICG00000009822
ENSG00000068078,FGFR3,ENSMICG00000008153
ENSG00000113163,CERT1,ENSMICG00000028951
ENSG00000204580,DDR1,ENSMICG00000007629
ENSG00000128928,IVD,ENSMICG00000008788
ENSG00000091732,ZC3HC1,ENSMICG00000009167
ENSG00000169299,PGM2,ENSMICG00000012334
ENSG00000135974,C2orf49,ENSMICG00000000227
ENSG00000123268,ATF1,ENSMICG00000003301
ENSG00000127990,SGCE,ENSMICG00000001463
ENSG00000118160,SLC8A2,ENSMICG00000030836
ENSG00000067369,TP53BP1,ENSMICG00000010077
ENSG00000162869,PPP1R21,ENSMICG00000014867
ENSG00000105373,NOP53,ENSMICG00000005580
ENSG00000145428,RNF175,ENSMICG00000003199
ENSG00000168092,PAFAH1B2,ENSMICG00000032949
ENSG00000198598,MMP17,ENSMICG00000029005
ENSG00000067715,SYT1,ENSMICG00000015517
ENSG00000002549,LAP3,ENSMICG00000029309
ENSG00000109205,ODAM,ENSMICG00000015215
ENSG00000167414,GNG8,ENSMICG00000011920
ENSG00000037757,MRI1,ENSMICG00000031875
ENSG00000177542,SLC25A22,ENSMICG00000001073
ENSG00000063245,EPN1,ENSMICG00000030667
ENSG00000174938,SEZ6L2,ENSMICG00000010229
ENSG00000197329,PELI1,ENSMICG00000044746
ENSG00000100678,SLC8A3,ENSMICG00000011659
ENSG00000140612,SEC11A,ENSMICG00000015944
ENSG00000109445,ZNF330,ENSMICG00000027897
ENSG00000164292,RHOBTB3,ENSMICG00000001386
ENSG00000144455,SUMF1,ENSMICG00000016631
ENSG00000173221,GLRX,ENSMICG00000038101
ENSG00000113396,SLC27A6,ENSMICG00000047567
ENSG00000120925,RNF170,ENSMICG00000031451
ENSG00000119725,ZNF410,ENSMICG00000002992
ENSG00000118762,PKD2,ENSMICG00000047698
ENSG00000145907,G3BP1,ENSMICG00000033153
ENSG00000130294,KIF1A,ENSMICG00000034158
ENSG00000144677,CTDSPL,ENSMICG00000049342
ENSG00000160948,VPS28,ENSMICG00000015817
ENSG00000109424,UCP1,ENSMICG00000008999
ENSG00000198121,LPAR1,ENSMICG00000004352
ENSG00000168310,IRF2,ENSMICG00000015506
ENSG00000013364,MVP,ENSMICG00000010206
ENSG00000111647,BLTP3B,ENSMICG00000010210
ENSG00000140474,ULK3,ENSMICG00000009716
ENSG00000144824,PHLDB2,ENSMICG00000048881
ENSG00000102879,CORO1A,ENSMICG00000047781
ENSG00000079999,KEAP1,ENSMICG00000009563
ENSG00000164347,GFM2,ENSMICG00000000749
ENSG00000151470,C4orf33,ENSMICG00000042663
ENSG00000064115,TM7SF3,ENSMICG00000047635
ENSG00000172889,EGFL7,ENSMICG00000047232
ENSG00000064607,SUGP2,ENSMICG00000003666
ENSG00000184916,JAG2,ENSMICG00000033950
ENSG00000176273,SLC35G1,ENSMICG00000045783
ENSG00000164035,EMCN,ENSMICG00000028542
ENSG00000165996,HACD1,ENSMICG00000002157
ENSG00000134463,ECHDC3,ENSMICG00000046064
ENSG00000173588,CEP83,ENSMICG00000016681
ENSG00000107929,LARP4B,ENSMICG00000001301
ENSG00000167377,ZNF23,ENSMICG00000001881
ENSG00000276043,UHRF1,ENSMICG00000013754
ENSG00000187486,KCNJ11,ENSMICG00000005520
ENSG00000148700,ADD3,ENSMICG00000006859
ENSG00000103534,TMC5,ENSMICG00000011045
ENSG00000076513,ANKRD13A,ENSMICG00000017203
ENSG00000109501,WFS1,ENSMICG00000028651
ENSG00000134013,LOXL2,ENSMICG00000011154
ENSG00000205302,SNX2,ENSMICG00000001700
ENSG00000072954,TMEM38A,ENSMICG00000044609
ENSG00000129151,BBOX1,ENSMICG00000005143
ENSG00000139970,RTN1,ENSMICG00000012512
ENSG00000078674,PCM1,ENSMICG00000006678
ENSG00000125746,EML2,ENSMICG00000001822
ENSG00000204323,SMIM5,ENSMICG00000047767
ENSG00000137825,ITPKA,ENSMICG00000046128
ENSG00000163291,PAQR3,ENSMICG00000047874
ENSG00000178802,MPI,ENSMICG00000009729
ENSG00000273559,CWC25,ENSMICG00000003004
ENSG00000012963,UBR7,ENSMICG00000000784
ENSG00000052795,FNIP2,ENSMICG00000006383
ENSG00000151500,THYN1,ENSMICG00000005039
ENSG00000130921,MTRFR,ENSMICG00000037138
ENSG00000188878,FBF1,ENSMICG00000007674
ENSG00000173040,EVC2,ENSMICG00000010507
ENSG00000123064,DDX54,ENSMICG00000012217
ENSG00000177932,ZNF354C,ENSMICG00000034512
ENSG00000100884,CPNE6,ENSMICG00000037765
ENSG00000151422,FER,ENSMICG00000002614
ENSG00000149131,SERPING1,ENSMICG00000031150
ENSG00000022355,GABRA1,ENSMICG00000029169
ENSG00000125445,MRPS7,ENSMICG00000007599
ENSG00000154001,PPP2R5E,ENSMICG00000010383
ENSG00000040531,CTNS,ENSMICG00000015732
ENSG00000010319,SEMA3G,ENSMICG00000002820
ENSG00000104946,TBC1D17,ENSMICG00000003129
ENSG00000131165,CHMP1A,ENSMICG00000046535
ENSG00000041880,PARP3,ENSMICG00000017294
ENSG00000138696,BMPR1B,ENSMICG00000009046
ENSG00000125457,MIF4GD,ENSMICG00000007607
ENSG00000132612,VPS4A,ENSMICG00000009652
ENSG00000110628,SLC67A1,ENSMICG00000031505
ENSG00000180209,MYL11,ENSMICG00000030453
ENSG00000105778,AVL9,ENSMICG00000030755
ENSG00000186710,CFAP73,ENSMICG00000012210
ENSG00000170545,SMAGP,ENSMICG00000045772
ENSG00000119139,TJP2,ENSMICG00000002908
ENSG00000131473,ACLY,ENSMICG00000011865
ENSG00000151304,SRFBP1,ENSMICG00000042923
ENSG00000090905,TNRC6A,ENSMICG00000030685
ENSG00000109472,CPE,ENSMICG00000046699
ENSG00000171792,RHNO1,ENSMICG00000035026
ENSG00000234284,ZNF879,ENSMICG00000033568
ENSG00000163071,SPATA18,ENSMICG00000012954
ENSG00000185432,TMT1A,ENSMICG00000033526
ENSG00000198690,FAN1,ENSMICG00000012572
ENSG00000166598,HSP90B1,ENSMICG00000002024
ENSG00000196653,ZNF502,ENSMICG00000046519
ENSG00000155034,FBXL18,ENSMICG00000027885
ENSG00000170365,SMAD1,ENSMICG00000000562
ENSG00000136261,BZW2,ENSMICG00000015293
ENSG00000162493,PDPN,ENSMICG00000017804
ENSG00000105726,ATP13A1,ENSMICG00000005954
ENSG00000205629,LCMT1,ENSMICG00000001568
ENSG00000164398,ACSL6,ENSMICG00000013984
ENSG00000214114,MYCBP,ENSMICG00000044795
ENSG00000164074,ABHD18,ENSMICG00000011534
ENSG00000129744,ART1,ENSMICG00000028693
ENSG00000204624,DISP3,ENSMICG00000012677
ENSG00000137496,IL18BP,ENSMICG00000014827
ENSG00000221866,PLXNA4,ENSMICG00000017140
ENSG00000159625,DRC7,ENSMICG00000006360
ENSG00000059378,PARP12,ENSMICG00000003163
ENSG00000119720,NRDE2,ENSMICG00000016741
ENSG00000092850,TEKT2,ENSMICG00000016171
ENSG00000168924,LETM1,ENSMICG00000008169
ENSG00000144659,SLC25A38,ENSMICG00000049549
ENSG00000164949,GEM,ENSMICG00000043148
ENSG00000188549,CCDC9B,ENSMICG00000007747
ENSG00000165006,UBAP1,ENSMICG00000002327
ENSG00000161642,ZNF385A,ENSMICG00000037401
ENSG00000164054,SHISA5,ENSMICG00000013926
ENSG00000100564,PIGH,ENSMICG00000010835
ENSG00000173517,PEAK1,ENSMICG00000036387
ENSG00000185475,TMEM179B,ENSMICG00000000976
ENSG00000142279,WTIP,ENSMICG00000036036
ENSG00000143590,EFNA3,ENSMICG00000008011
ENSG00000176148,TCP11L1,ENSMICG00000004776
ENSG00000106524,ANKMY2,ENSMICG00000009932
ENSG00000100908,EMC9,ENSMICG00000001697
ENSG00000130770,ATP5IF1,ENSMICG00000001227
ENSG00000184428,TOP1MT,ENSMICG00000014807
ENSG00000145439,CBR4,ENSMICG00000034212
ENSG00000142233,NTN5,ENSMICG00000045608
ENSG00000131873,CHSY1,ENSMICG00000012976
ENSG00000163467,TSACC,ENSMICG00000002266
ENSG00000166262,FAM227B,ENSMICG00000013037
ENSG00000105607,GCDH,ENSMICG00000016264
ENSG00000138764,CCNG2,ENSMICG00000011775
ENSG00000092010,PSME1,ENSMICG00000001688
ENSG00000007392,LUC7L,ENSMICG00000010397
ENSG00000117592,PRDX6,ENSMICG00000002933
ENSG00000157036,EXOG,ENSMICG00000049024
ENSG00000050426,LETMD1,ENSMICG00000009526
ENSG00000132906,CASP9,ENSMICG00000003854
ENSG00000090487,SPG21,ENSMICG00000002862
ENSG00000170185,USP38,ENSMICG00000035652
ENSG00000165917,RAPSN,ENSMICG00000007148
ENSG00000263001,GTF2I,ENSMICG00000014877
ENSG00000163463,KRTCAP2,ENSMICG00000008049
ENSG00000109534,GAR1,ENSMICG00000003326
ENSG00000149187,CELF1,ENSMICG00000045113
ENSG00000162623,TYW3,ENSMICG00000015883
ENSG00000169122,FAM110B,ENSMICG00000041645
ENSG00000163932,PRKCD,ENSMICG00000010903
ENSG00000179364,PACS2,ENSMICG00000001030
ENSG00000066827,ZFAT,ENSMICG00000007692
ENSG00000143119,CD53,ENSMICG00000011305
ENSG00000103479,RBL2,ENSMICG00000016772
ENSG00000153130,SCOC,ENSMICG00000007077
ENSG00000167657,DAPK3,ENSMICG00000046071
ENSG00000106829,TLE4,ENSMICG00000010164
ENSG00000188906,LRRK2,ENSMICG00000012466
ENSG00000125503,PPP1R12C,ENSMICG00000016535
ENSG00000109787,KLF3,ENSMICG00000000339
ENSG00000198301,SDAD1,ENSMICG00000006682
ENSG00000086015,MAST2,ENSMICG00000001029
ENSG00000175084,DES,ENSMICG00000038375
ENSG00000164308,ERAP2,ENSMICG00000017413
ENSG00000242612,DECR2,ENSMICG00000029686
ENSG00000013573,DDX11,ENSMICG00000002391
ENSG00000137509,PRCP,ENSMICG00000011983
ENSG00000104320,NBN,ENSMICG00000010449
ENSG00000064932,SBNO2,ENSMICG00000013071
ENSG00000145526,CDH18,ENSMICG00000008090
ENSG00000172399,MYOZ2,ENSMICG00000002514
ENSG00000134461,ANKRD16,ENSMICG00000035613
ENSG00000134853,PDGFRA,ENSMICG00000014660
ENSG00000081791,DELE1,ENSMICG00000035655
ENSG00000174672,BRSK2,ENSMICG00000006464
ENSG00000176986,SEC24C,ENSMICG00000008006
ENSG00000253313,C1orf210,ENSMICG00000046088
ENSG00000156958,GALK2,ENSMICG00000013027
ENSG00000148248,SURF4,ENSMICG00000037009
ENSG00000143379,SETDB1,ENSMICG00000000425
ENSG00000176049,JAKMIP2,ENSMICG00000009390
ENSG00000197016,ZNF470,ENSMICG00000027019
ENSG00000105011,ASF1B,ENSMICG00000000574
ENSG00000105127,AKAP8,ENSMICG00000012702
ENSG00000122692,SMU1,ENSMICG00000012082
ENSG00000135686,KLHL36,ENSMICG00000001726
ENSG00000003393,ALS2,ENSMICG00000013399
ENSG00000166747,AP1G1,ENSMICG00000001912
ENSG00000152795,HNRNPDL,ENSMICG00000001445
ENSG00000141753,IGFBP4,ENSMICG00000009809
ENSG00000141497,ZMYND15,ENSMICG00000001649
ENSG00000145623,OSMR,ENSMICG00000006658
ENSG00000175376,EIF1AD,ENSMICG00000038645
ENSG00000165819,METTL3,ENSMICG00000015037
ENSG00000185436,IFNLR1,ENSMICG00000035775
ENSG00000166855,CLPX,ENSMICG00000014970
ENSG00000196422,PPP1R26,ENSMICG00000000398
ENSG00000221947,XKR9,ENSMICG00000013281
ENSG00000117322,CR2,ENSMICG00000014407
ENSG00000204001,LCN8,ENSMICG00000041972
ENSG00000085788,DDHD2,ENSMICG00000030736
ENSG00000197746,PSAP,ENSMICG00000000087
ENSG00000178950,GAK,ENSMICG00000012895
ENSG00000144712,CAND2,ENSMICG00000041434
ENSG00000166326,TRIM44,ENSMICG00000008587
ENSG00000170624,SGCD,ENSMICG00000003017
ENSG00000165792,METTL17,ENSMICG00000013660
ENSG00000179168,GGN,ENSMICG00000004481
ENSG00000140386,SCAPER,ENSMICG00000002635
ENSG00000168010,ATG16L2,ENSMICG00000012424
ENSG00000167815,PRDX2,ENSMICG00000016211
ENSG00000123472,ATPAF1,ENSMICG00000000075
ENSG00000105656,ELL,ENSMICG00000017036
ENSG00000183258,DDX41,ENSMICG00000007919
ENSG00000132530,XAF1,ENSMICG00000006638
ENSG00000163608,NEPRO,ENSMICG00000048965
ENSG00000138131,LOXL4,ENSMICG00000000209
ENSG00000076641,PAG1,ENSMICG00000001308
ENSG00000129991,TNNI3,ENSMICG00000030348
ENSG00000116649,SRM,ENSMICG00000044666
ENSG00000142655,PEX14,ENSMICG00000004575
ENSG00000168077,SCARA3,ENSMICG00000035553
ENSG00000172731,LRRC20,ENSMICG00000015067
ENSG00000171747,LGALS4,ENSMICG00000017375
ENSG00000126822,PLEKHG3,ENSMICG00000013046
ENSG00000173890,GPR160,ENSMICG00000049558
ENSG00000006025,OSBPL7,ENSMICG00000004799
ENSG00000165886,UBTD1,ENSMICG00000048128
ENSG00000065308,TRAM2,ENSMICG00000032391
ENSG00000107863,ARHGAP21,ENSMICG00000002125
ENSG00000104472,CHRAC1,ENSMICG00000042491
ENSG00000215114,UBXN2B,ENSMICG00000028037
ENSG00000120733,KDM3B,ENSMICG00000001706
ENSG00000087074,PPP1R15A,ENSMICG00000042814
ENSG00000158636,EMSY,ENSMICG00000006143
ENSG00000130433,CACNG6,ENSMICG00000007586
ENSG00000047936,ROS1,ENSMICG00000007792
ENSG00000140511,HAPLN3,ENSMICG00000044864
ENSG00000196867,ZFP28,ENSMICG00000008783
ENSG00000197181,PIWIL2,ENSMICG00000001062
ENSG00000140527,WDR93,ENSMICG00000008313
ENSG00000142002,DPP9,ENSMICG00000015278
ENSG00000121577,POPDC2,ENSMICG00000048913
ENSG00000099377,HSD3B7,ENSMICG00000001590
ENSG00000145012,LPP,ENSMICG00000049379
ENSG00000146039,SLC17A4,ENSMICG00000006235
ENSG00000242498,ARPIN,ENSMICG00000033601
ENSG00000128739,SNRPN,ENSMICG00000042356
ENSG00000174021,GNG5,ENSMICG00000027648
ENSG00000136305,CIDEB,ENSMICG00000042063
ENSG00000162650,ATXN7L2,ENSMICG00000016391
ENSG00000169174,PCSK9,ENSMICG00000014849
ENSG00000060339,CCAR1,ENSMICG00000007448
ENSG00000132842,AP3B1,ENSMICG00000011403
ENSG00000140043,PTGR2,ENSMICG00000029962
ENSG00000072958,AP1M1,ENSMICG00000013728
ENSG00000119899,SLC17A5,ENSMICG00000016403
ENSG00000168079,SCARA5,ENSMICG00000038705
ENSG00000189091,SF3B3,ENSMICG00000001363
ENSG00000060688,SNRNP40,ENSMICG00000009336
ENSG00000118418,HMGN3,ENSMICG00000012580
ENSG00000076351,SLC46A1,ENSMICG00000005111
ENSG00000085719,CPNE3,ENSMICG00000006189
ENSG00000054116,TRAPPC3,ENSMICG00000016250
ENSG00000175931,UBE2O,ENSMICG00000013365
ENSG00000158186,MRAS,ENSMICG00000049226
ENSG00000134215,VAV3,ENSMICG00000007964
ENSG00000067225,PKM,ENSMICG00000013532
ENSG00000167107,ACSF2,ENSMICG00000009718
ENSG00000188747,NOXA1,ENSMICG00000045284
ENSG00000082805,ERC1,ENSMICG00000016254
ENSG00000122194,PLG,ENSMICG00000034395
ENSG00000187288,CIDEC,ENSMICG00000002317
ENSG00000249115,HAUS5,ENSMICG00000009861
ENSG00000143373,ZNF687,ENSMICG00000016128
ENSG00000188001,TPRG1,ENSMICG00000048908
ENSG00000135334,AKIRIN2,ENSMICG00000046414
ENSG00000027697,IFNGR1,ENSMICG00000044585
ENSG00000156414,TDRD9,ENSMICG00000000428
ENSG00000164904,ALDH7A1,ENSMICG00000007316
ENSG00000134250,NOTCH2,ENSMICG00000016769
ENSG00000138380,CARF,ENSMICG00000011943
ENSG00000147912,FBXO10,ENSMICG00000003684
ENSG00000185697,MYBL1,ENSMICG00000009881
ENSG00000196961,AP2A1,ENSMICG00000003081
ENSG00000146151,HMGCLL1,ENSMICG00000015183
ENSG00000164053,ATRIP,ENSMICG00000013919
ENSG00000100744,GSKIP,ENSMICG00000036600
ENSG00000188833,ENTPD8,ENSMICG00000009546
ENSG00000100604,CHGA,ENSMICG00000001686
ENSG00000135469,COQ10A,ENSMICG00000017658
ENSG00000183831,ANKRD45,ENSMICG00000002947
ENSG00000116161,CACYBP,ENSMICG00000034869
ENSG00000167772,ANGPTL4,ENSMICG00000002426
ENSG00000186577,SMIM29,ENSMICG00000029002
ENSG00000189046,ALKBH2,ENSMICG00000017626
ENSG00000163297,ANTXR2,ENSMICG00000028154
ENSG00000100883,SRP54,ENSMICG00000010270
ENSG00000105397,TYK2,ENSMICG00000010345
ENSG00000187796,CARD9,ENSMICG00000005799
ENSG00000118200,CAMSAP2,ENSMICG00000036731
ENSG00000161800,RACGAP1,ENSMICG00000015618
ENSG00000103248,MTHFSD,ENSMICG00000035837
ENSG00000183624,HMCES,ENSMICG00000042693
ENSG00000171714,ANO5,ENSMICG00000004327
ENSG00000147655,RSPO2,ENSMICG00000010503
ENSG00000181773,GPR3,ENSMICG00000044683
ENSG00000067533,RRP15,ENSMICG00000001591
ENSG00000066855,MTFR1,ENSMICG00000012792
ENSG00000132600,PRMT7,ENSMICG00000011440
ENSG00000063660,GPC1,ENSMICG00000037890
ENSG00000136457,CHAD,ENSMICG00000027984
ENSG00000090432,MUL1,ENSMICG00000030421
ENSG00000166263,STXBP4,ENSMICG00000005231
ENSG00000203667,COX20,ENSMICG00000043634
ENSG00000100519,PSMC6,ENSMICG00000034788
ENSG00000105711,SCN1B,ENSMICG00000012087
ENSG00000162408,NOL9,ENSMICG00000027838
ENSG00000118961,LDAH,ENSMICG00000011319
ENSG00000010361,FUZ,ENSMICG00000003089
ENSG00000106692,FKTN,ENSMICG00000001709
ENSG00000151576,QTRT2,ENSMICG00000049101
ENSG00000162585,FAAP20,ENSMICG00000013227
ENSG00000113272,THG1L,ENSMICG00000038734
ENSG00000108654,DDX5,ENSMICG00000009267
ENSG00000175356,SCUBE2,ENSMICG00000005311
ENSG00000156030,MIDEAS,ENSMICG00000002805
ENSG00000160949,TONSL,ENSMICG00000015837
ENSG00000153832,FBXO36,ENSMICG00000034045
ENSG00000189045,ANKDD1B,ENSMICG00000031448
ENSG00000115290,GRB14,ENSMICG00000047955
ENSG00000140859,KIFC3,ENSMICG00000006381
ENSG00000107951,MTPAP,ENSMICG00000026621
ENSG00000168398,BDKRB2,ENSMICG00000026389
ENSG00000155903,RASA2,ENSMICG00000049339
ENSG00000215788,TNFRSF25,ENSMICG00000038731
ENSG00000113282,CLINT1,ENSMICG00000001037
ENSG00000197616,MYH6,ENSMICG00000045811
ENSG00000104375,STK3,ENSMICG00000004379
ENSG00000107897,ACBD5,ENSMICG00000038152
ENSG00000076003,MCM6,ENSMICG00000012968
ENSG00000274349,ZNF658,ENSMICG00000042550
ENSG00000167641,PPP1R14A,ENSMICG00000004413
ENSG00000160408,ST6GALNAC6,ENSMICG00000005699
ENSG00000170909,OSCAR,ENSMICG00000028728
ENSG00000145191,EIF2B5,ENSMICG00000049428
ENSG00000137218,FRS3,ENSMICG00000006286
ENSG00000205133,TRIQK,ENSMICG00000046319
ENSG00000057663,ATG5,ENSMICG00000010334
ENSG00000105559,PLEKHA4,ENSMICG00000013309
ENSG00000171533,MAP6,ENSMICG00000015256
ENSG00000121989,ACVR2A,ENSMICG00000004565
ENSG00000138686,BBS7,ENSMICG00000007015
ENSG00000070081,NUCB2,ENSMICG00000005512
ENSG00000136813,ECPAS,ENSMICG00000000003
ENSG00000047056,WDR37,ENSMICG00000032267
ENSG00000120820,GLT8D2,ENSMICG00000002035
ENSG00000198515,CNGA1,ENSMICG00000036947
ENSG00000239382,ALKBH6,ENSMICG00000033414
ENSG00000145725,PPIP5K2,ENSMICG00000004779
ENSG00000103811,CTSH,ENSMICG00000037121
ENSG00000230062,ANKRD66,ENSMICG00000034397
ENSG00000068615,REEP1,ENSMICG00000000777
ENSG00000112406,HECA,ENSMICG00000017218
ENSG00000072858,SIDT1,ENSMICG00000049213
ENSG00000137166,FOXP4,ENSMICG00000036858
ENSG00000157796,WDR19,ENSMICG00000016727
ENSG00000011260,UTP18,ENSMICG00000009331
ENSG00000081870,IFT25,ENSMICG00000045633
ENSG00000187147,RNF220,ENSMICG00000013663
ENSG00000134294,SLC38A2,ENSMICG00000012909
ENSG00000163466,ARPC2,ENSMICG00000006821
ENSG00000171017,LRRC8E,ENSMICG00000009651
ENSG00000118849,RARRES1,ENSMICG00000049120
ENSG00000105576,TNPO2,ENSMICG00000016153
ENSG00000182676,PPP1R27,ENSMICG00000044822
ENSG00000204590,GNL1,ENSMICG00000014708
ENSG00000114113,RBP2,ENSMICG00000048996
ENSG00000070731,ST6GALNAC2,ENSMICG00000007518
ENSG00000073803,MAP3K13,ENSMICG00000049178
ENSG00000109390,NDUFC1,ENSMICG00000043951
ENSG00000165637,VDAC2,ENSMICG00000017815
ENSG00000197702,PARVA,ENSMICG00000003066
ENSG00000103507,BCKDK,ENSMICG00000001623
ENSG00000198700,IPO9,ENSMICG00000009250
ENSG00000136444,RSAD1,ENSMICG00000033136
ENSG00000157693,TMEM268,ENSMICG00000015373
ENSG00000179335,CLK3,ENSMICG00000009550
ENSG00000108828,VAT1,ENSMICG00000014234
ENSG00000120162,MOB3B,ENSMICG00000004847
ENSG00000198471,RTP2,ENSMICG00000049274
ENSG00000100505,TRIM9,ENSMICG00000013634
ENSG00000187109,NAP1L1,ENSMICG00000006036
ENSG00000165495,PKNOX2,ENSMICG00000002993
ENSG00000180537,RNF182,ENSMICG00000045818
ENSG00000154945,ANKRD40,ENSMICG00000009832
ENSG00000104442,ARMC1,ENSMICG00000044923
ENSG00000136828,RALGPS1,ENSMICG00000002291
ENSG00000178425,NT5DC1,ENSMICG00000003606
ENSG00000100628,ASB2,ENSMICG00000008355
ENSG00000178038,ALS2CL,ENSMICG00000016507
ENSG00000164125,GASK1B,ENSMICG00000004638
ENSG00000124785,NRN1,ENSMICG00000003842
ENSG00000204427,ABHD16A,ENSMICG00000005816
ENSG00000144136,SLC20A1,ENSMICG00000013283
ENSG00000109814,UGDH,ENSMICG00000016782
ENSG00000110697,PITPNM1,ENSMICG00000004138
ENSG00000129691,ASH2L,ENSMICG00000014641
ENSG00000108509,CAMTA2,ENSMICG00000012537
ENSG00000143412,ANXA9,ENSMICG00000000445
ENSG00000144026,ZNF514,ENSMICG00000011286
ENSG00000160539,PLPP7,ENSMICG00000034614
ENSG00000187741,FANCA,ENSMICG00000003300
ENSG00000140455,USP3,ENSMICG00000007133
ENSG00000157657,ZNF618,ENSMICG00000015151
ENSG00000119685,TTLL5,ENSMICG00000016085
ENSG00000115556,PLCD4,ENSMICG00000005159
ENSG00000167491,GATAD2A,ENSMICG00000015636
ENSG00000173376,NDNF,ENSMICG00000030202
ENSG00000171729,TMEM51,ENSMICG00000033140
ENSG00000164609,SLU7,ENSMICG00000031781
ENSG00000116586,LAMTOR2,ENSMICG00000002227
ENSG00000142405,NLRP12,ENSMICG00000045956
ENSG00000143772,ITPKB,ENSMICG00000038100
ENSG00000166257,SCN3B,ENSMICG00000032256
ENSG00000188389,PDCD1,ENSMICG00000032951
ENSG00000168488,ATXN2L,ENSMICG00000010608
ENSG00000041982,TNC,ENSMICG00000015403
ENSG00000174371,EXO1,ENSMICG00000042831
ENSG00000185730,ZNF696,ENSMICG00000014798
ENSG00000182578,CSF1R,ENSMICG00000002770
ENSG00000071205,ARHGAP10,ENSMICG00000000588
ENSG00000178814,OPLAH,ENSMICG00000017729
ENSG00000165912,PACSIN3,ENSMICG00000007038
ENSG00000011600,TYROBP,ENSMICG00000032551
ENSG00000114948,ADAM23,ENSMICG00000009477
ENSG00000105289,TJP3,ENSMICG00000014731
ENSG00000140092,FBLN5,ENSMICG00000005026
ENSG00000042286,AIFM2,ENSMICG00000001632
ENSG00000179604,CDC42EP4,ENSMICG00000030496
ENSG00000017260,ATP2C1,ENSMICG00000049199
ENSG00000153294,ADGRF4,ENSMICG00000015299
ENSG00000135778,NTPCR,ENSMICG00000015482
ENSG00000156642,NPTN,ENSMICG00000014625
ENSG00000161896,IP6K3,ENSMICG00000016472
ENSG00000160094,ZNF362,ENSMICG00000035915
ENSG00000134057,CCNB1,ENSMICG00000034804
ENSG00000143320,CRABP2,ENSMICG00000008925
ENSG00000148690,FRA10AC1,ENSMICG00000005533
ENSG00000168175,MAPK1IP1L,ENSMICG00000035738
ENSG00000168653,NDUFS5,ENSMICG00000016518
ENSG00000112078,KCTD20,ENSMICG00000004661
ENSG00000104081,BMF,ENSMICG00000032595
ENSG00000075413,MARK3,ENSMICG00000009748
ENSG00000175592,FOSL1,ENSMICG00000012846
ENSG00000142945,KIF2C,ENSMICG00000008003
ENSG00000196531,NACA,ENSMICG00000015430
ENSG00000166250,CLMP,ENSMICG00000046908
ENSG00000103496,STX4,ENSMICG00000001605
ENSG00000166825,ANPEP,ENSMICG00000005589
ENSG00000160613,PCSK7,ENSMICG00000002375
ENSG00000120709,FAM53C,ENSMICG00000038626
ENSG00000165806,CASP7,ENSMICG00000016107
ENSG00000109738,GLRB,ENSMICG00000036260
ENSG00000132837,DMGDH,ENSMICG00000005462
ENSG00000089356,FXYD3,ENSMICG00000044563
ENSG00000186648,CARMIL3,ENSMICG00000001665
ENSG00000158805,ZNF276,ENSMICG00000003291
ENSG00000151834,GABRA2,ENSMICG00000013839
ENSG00000137776,SLTM,ENSMICG00000013069
ENSG00000159921,GNE,ENSMICG00000017676
ENSG00000096717,SIRT1,ENSMICG00000007538
ENSG00000188488,SERPINA5,ENSMICG00000016458
ENSG00000164576,SAP30L,ENSMICG00000035724
ENSG00000160957,RECQL4,ENSMICG00000015923
ENSG00000132514,CLEC10A,ENSMICG00000037927
ENSG00000161013,MGAT4B,ENSMICG00000006533
ENSG00000005194,CIAPIN1,ENSMICG00000004666
ENSG00000112773,TENT5A,ENSMICG00000006596
ENSG00000170915,PAQR8,ENSMICG00000044671
ENSG00000119335,SET,ENSMICG00000036721
ENSG00000153234,NR4A2,ENSMICG00000012076
ENSG00000183137,CEP57L1,ENSMICG00000014373
ENSG00000138286,FAM149B1,ENSMICG00000013882
ENSG00000139998,RAB15,ENSMICG00000013101
ENSG00000107147,KCNT1,ENSMICG00000028463
ENSG00000111275,ALDH2,ENSMICG00000003487
ENSG00000109184,DCUN1D4,ENSMICG00000012931
ENSG00000108669,CYTH1,ENSMICG00000035957
ENSG00000081177,EXD2,ENSMICG00000009606
ENSG00000151376,ME3,ENSMICG00000000951
ENSG00000147465,STAR,ENSMICG00000014671
ENSG00000129292,PHF20L1,ENSMICG00000003634
ENSG00000135373,EHF,ENSMICG00000003694
ENSG00000073712,FERMT2,ENSMICG00000014364
ENSG00000134516,DOCK2,ENSMICG00000036573
ENSG00000103160,HSDL1,ENSMICG00000012329
ENSG00000168610,STAT3,ENSMICG00000012015
ENSG00000119285,HEATR1,ENSMICG00000015859
ENSG00000118898,PPL,ENSMICG00000015966
ENSG00000074966,TXK,ENSMICG00000034723
ENSG00000237489,C10orf143,ENSMICG00000041553
ENSG00000103932,RPAP1,ENSMICG00000015898
ENSG00000148795,CYP17A1,ENSMICG00000012275
ENSG00000155744,HYCC2,ENSMICG00000008160
ENSG00000156219,ART3,ENSMICG00000000929
ENSG00000112419,PHACTR2,ENSMICG00000009825
ENSG00000168872,DDX19A,ENSMICG00000000259
ENSG00000104331,BPNT2,ENSMICG00000028623
ENSG00000163362,INAVA,ENSMICG00000031575
ENSG00000142552,RCN3,ENSMICG00000045822
ENSG00000138207,RBP4,ENSMICG00000005500
ENSG00000104529,EEF1D,ENSMICG00000028262
ENSG00000213585,VDAC1,ENSMICG00000014715
ENSG00000156110,ADK,ENSMICG00000011753
ENSG00000092051,JPH4,ENSMICG00000034835
ENSG00000143398,PIP5K1A,ENSMICG00000033339
ENSG00000179218,CALR,ENSMICG00000016284
ENSG00000153179,RASSF3,ENSMICG00000012044
ENSG00000166669,ATF7IP2,ENSMICG00000005817
ENSG00000129170,CSRP3,ENSMICG00000044417
ENSG00000070367,EXOC5,ENSMICG00000003597
ENSG00000121361,KCNJ8,ENSMICG00000035183
ENSG00000107959,PITRM1,ENSMICG00000006296
ENSG00000172572,PDE3A,ENSMICG00000006815
ENSG00000064547,LPAR2,ENSMICG00000047382
ENSG00000185043,CIB1,ENSMICG00000037035
ENSG00000198925,ATG9A,ENSMICG00000033556
ENSG00000091039,OSBPL8,ENSMICG00000000969
ENSG00000205363,INSYN1,ENSMICG00000015235
ENSG00000137269,LRRC1,ENSMICG00000016820
ENSG00000168661,ZNF30,ENSMICG00000028219
ENSG00000114062,UBE3A,ENSMICG00000027572
ENSG00000113384,GOLPH3,ENSMICG00000002267
ENSG00000100433,KCNK10,ENSMICG00000010200
ENSG00000040275,SPDL1,ENSMICG00000035310
ENSG00000167608,TMC4,ENSMICG00000041915
ENSG00000179044,EXOC3L1,ENSMICG00000007737
ENSG00000119684,MLH3,ENSMICG00000037718
ENSG00000163281,GNPDA2,ENSMICG00000029668
ENSG00000112562,SMOC2,ENSMICG00000000590
ENSG00000159674,SPON2,ENSMICG00000002454
ENSG00000107758,PPP3CB,ENSMICG00000013248
ENSG00000146070,PLA2G7,ENSMICG00000017756
ENSG00000080298,RFX3,ENSMICG00000011871
ENSG00000145675,PIK3R1,ENSMICG00000044724
ENSG00000112312,GMNN,ENSMICG00000014010
ENSG00000156858,PRR14,ENSMICG00000037203
ENSG00000151338,MIPOL1,ENSMICG00000003130
ENSG00000173218,VANGL1,ENSMICG00000002838
ENSG00000188227,ZNF793,ENSMICG00000029811
ENSG00000169181,GSG1L,ENSMICG00000032492
ENSG00000165406,MARCHF8,ENSMICG00000034366
ENSG00000148090,AUH,ENSMICG00000045646
ENSG00000005206,SPPL2B,ENSMICG00000009993
ENSG00000051108,HERPUD1,ENSMICG00000011024
ENSG00000164465,DCBLD1,ENSMICG00000007818
ENSG00000092108,SCFD1,ENSMICG00000004149
ENSG00000173599,PC,ENSMICG00000003862
ENSG00000062650,WAPL,ENSMICG00000001724
ENSG00000197070,ARRDC1,ENSMICG00000048034
ENSG00000135299,ANKRD6,ENSMICG00000012220
ENSG00000171476,HOPX,ENSMICG00000026936
ENSG00000165929,TC2N,ENSMICG00000005020
ENSG00000137124,ALDH1B1,ENSMICG00000008819
ENSG00000128908,INO80,ENSMICG00000005801
ENSG00000165280,VCP,ENSMICG00000005481
ENSG00000072840,EVC,ENSMICG00000010561
ENSG00000157349,DDX19B,ENSMICG00000046042
ENSG00000116584,ARHGEF2,ENSMICG00000002212
ENSG00000160867,FGFR4,ENSMICG00000015371
ENSG00000105321,CCDC9,ENSMICG00000008823
ENSG00000075884,ARHGAP15,ENSMICG00000043939
ENSG00000198948,MFAP3L,ENSMICG00000017310
ENSG00000164169,PRMT9,ENSMICG00000000584
ENSG00000079805,DNM2,ENSMICG00000009737
ENSG00000169814,BTD,ENSMICG00000049329
ENSG00000145241,CENPC,ENSMICG00000014183
ENSG00000115750,TAF1B,ENSMICG00000012714
ENSG00000198894,CIPC,ENSMICG00000045982
ENSG00000168497,CAVIN2,ENSMICG00000034296
ENSG00000171224,FAM241B,ENSMICG00000027702
ENSG00000144224,UBXN4,ENSMICG00000012933
ENSG00000196663,TECPR2,ENSMICG00000006623
ENSG00000165887,ANKRD2,ENSMICG00000007695
ENSG00000091490,SEL1L3,ENSMICG00000017216
ENSG00000168904,LRRC28,ENSMICG00000028987
ENSG00000188690,UROS,ENSMICG00000006188
ENSG00000162402,USP24,ENSMICG00000014857
ENSG00000154175,ABI3BP,ENSMICG00000049175
ENSG00000197776,KLHDC1,ENSMICG00000005617
ENSG00000166965,RCCD1,ENSMICG00000008338
ENSG00000165521,EML5,ENSMICG00000016683
ENSG00000177868,SVBP,ENSMICG00000046288
ENSG00000115677,HDLBP,ENSMICG00000004569
ENSG00000166589,CDH16,ENSMICG00000013331
ENSG00000197614,MFAP5,ENSMICG00000010386
ENSG00000188807,TMEM201,ENSMICG00000008980
ENSG00000138778,CENPE,ENSMICG00000005101
ENSG00000104980,TIMM44,ENSMICG00000009680
ENSG00000107201,RIGI,ENSMICG00000006555
ENSG00000185880,TRIM69,ENSMICG00000007667
ENSG00000116954,RRAGC,ENSMICG00000006241
ENSG00000231852,CYP21A2,ENSMICG00000016652
ENSG00000100802,C14orf93,ENSMICG00000009205
ENSG00000197587,DMBX1,ENSMICG00000045428
ENSG00000116874,WARS2,ENSMICG00000026450
ENSG00000010165,METTL13,ENSMICG00000037588
ENSG00000128973,CLN6,ENSMICG00000016990
ENSG00000181035,SLC25A42,ENSMICG00000042876
ENSG00000142494,SLC47A1,ENSMICG00000015346
ENSG00000185988,PLK5,ENSMICG00000034085
ENSG00000174718,RESF1,ENSMICG00000038464
ENSG00000164978,NUDT2,ENSMICG00000047466
ENSG00000118193,KIF14,ENSMICG00000013951
ENSG00000118369,USP35,ENSMICG00000038576
ENSG00000117906,RCN2,ENSMICG00000031181
ENSG00000163874,ZC3H12A,ENSMICG00000004790
ENSG00000136891,TEX10,ENSMICG00000014842
ENSG00000133265,HSPBP1,ENSMICG00000029358
ENSG00000004139,SARM1,ENSMICG00000028616
ENSG00000240563,L1TD1,ENSMICG00000045847
ENSG00000010295,IFFO1,ENSMICG00000006558
ENSG00000156136,DCK,ENSMICG00000006474
ENSG00000173020,GRK2,ENSMICG00000004063
ENSG00000140553,UNC45A,ENSMICG00000008324
ENSG00000162624,LHX8,ENSMICG00000012199
ENSG00000167900,TK1,ENSMICG00000016775
ENSG00000165533,TTC8,ENSMICG00000016707
ENSG00000096395,MLN,ENSMICG00000016491
ENSG00000160075,SSU72,ENSMICG00000043712
ENSG00000164118,CEP44,ENSMICG00000009966
ENSG00000112305,SMAP1,ENSMICG00000008161
ENSG00000129347,KRI1,ENSMICG00000009591
ENSG00000179593,ALOX15B,ENSMICG00000013649
ENSG00000123352,SPATS2,ENSMICG00000005156
ENSG00000177674,AGTRAP,ENSMICG00000042151
ENSG00000012779,ALOX5,ENSMICG00000008704
ENSG00000137074,APTX,ENSMICG00000006603
ENSG00000065882,TBC1D1,ENSMICG00000009504
ENSG00000105355,PLIN3,ENSMICG00000005543
ENSG00000030582,GRN,ENSMICG00000005124
ENSG00000175756,AURKAIP1,ENSMICG00000014229
ENSG00000167207,NOD2,ENSMICG00000008172
ENSG00000187097,ENTPD5,ENSMICG00000003012
ENSG00000117751,PPP1R8,ENSMICG00000043807
ENSG00000090857,PDPR,ENSMICG00000012215
ENSG00000174915,PTDSS2,ENSMICG00000041884
ENSG00000106603,COA1,ENSMICG00000013834
ENSG00000105523,FAM83E,ENSMICG00000043555
ENSG00000132485,ZRANB2,ENSMICG00000033818
ENSG00000105497,ZNF175,ENSMICG00000017565
ENSG00000070423,RNF126,ENSMICG00000036305
ENSG00000167202,TBC1D2B,ENSMICG00000009141
ENSG00000127329,PTPRB,ENSMICG00000007260
ENSG00000141012,GALNS,ENSMICG00000006599
ENSG00000121454,LHX4,ENSMICG00000017555
ENSG00000177469,CAVIN1,ENSMICG00000034412
ENSG00000196365,LONP1,ENSMICG00000007050
ENSG00000087157,PGS1,ENSMICG00000014301
ENSG00000132122,SPATA6,ENSMICG00000003269
ENSG00000110768,GTF2H1,ENSMICG00000009467
ENSG00000066933,MYO9A,ENSMICG00000000971
ENSG00000119514,GALNT12,ENSMICG00000011075
ENSG00000197562,RAB40C,ENSMICG00000035792
ENSG00000167280,ENGASE,ENSMICG00000014875
ENSG00000106012,IQCE,ENSMICG00000000724
ENSG00000122481,RWDD3,ENSMICG00000044814
ENSG00000165272,AQP3,ENSMICG00000012148
ENSG00000137055,PLAA,ENSMICG00000007609
ENSG00000143543,JTB,ENSMICG00000010337
ENSG00000090861,AARS1,ENSMICG00000000255
ENSG00000267060,PTGES3L,ENSMICG00000044844
ENSG00000131188,PRR7,ENSMICG00000042809
ENSG00000145780,FEM1C,ENSMICG00000046595
ENSG00000204764,RANBP17,ENSMICG00000027710
ENSG00000162188,GNG3,ENSMICG00000028299
ENSG00000083290,ULK2,ENSMICG00000031631
ENSG00000166477,LEO1,ENSMICG00000003454
ENSG00000116771,AGMAT,ENSMICG00000045332
ENSG00000184545,DUSP8,ENSMICG00000029759
ENSG00000117419,ERI3,ENSMICG00000013650
ENSG00000182919,C11orf54,ENSMICG00000028510
ENSG00000182718,ANXA2,ENSMICG00000017701
ENSG00000107331,ABCA2,ENSMICG00000033228
ENSG00000154277,UCHL1,ENSMICG00000044964
ENSG00000100722,ZC3H14,ENSMICG00000016669
ENSG00000162601,MYSM1,ENSMICG00000030414
ENSG00000136436,CALCOCO2,ENSMICG00000015330
ENSG00000143858,SYT2,ENSMICG00000015559
ENSG00000127946,HIP1,ENSMICG00000009230
ENSG00000273274,ZBTB8B,ENSMICG00000027401
ENSG00000196754,S100A2,ENSMICG00000029559
ENSG00000135040,NAA35,ENSMICG00000032353
ENSG00000151881,TMEM267,ENSMICG00000006817
ENSG00000187094,CCK,ENSMICG00000049534
ENSG00000197561,ELANE,ENSMICG00000035578
ENSG00000138326,RPS24,ENSMICG00000005951
ENSG00000164076,CAMKV,ENSMICG00000010815
ENSG00000145332,KLHL8,ENSMICG00000006479
ENSG00000154380,ENAH,ENSMICG00000010930
ENSG00000129968,ABHD17A,ENSMICG00000013508
ENSG00000067248,DHX29,ENSMICG00000012740
ENSG00000002016,RAD52,ENSMICG00000016192
ENSG00000008256,CYTH3,ENSMICG00000004355
ENSG00000203867,RBM20,ENSMICG00000008736
ENSG00000159069,FBXW5,ENSMICG00000033952
ENSG00000099821,POLRMT,ENSMICG00000016701
ENSG00000065618,COL17A1,ENSMICG00000004394
ENSG00000105928,GSDME,ENSMICG00000000755
ENSG00000175287,PHYHD1,ENSMICG00000005825
ENSG00000010256,UQCRC1,ENSMICG00000014344
ENSG00000105792,CFAP69,ENSMICG00000033992
ENSG00000145715,RASA1,ENSMICG00000009491
ENSG00000169435,RASSF6,ENSMICG00000005083
ENSG00000103043,VAC14,ENSMICG00000001393
ENSG00000012048,BRCA1,ENSMICG00000043973
ENSG00000166888,STAT6,ENSMICG00000009087
ENSG00000158092,NCK1,ENSMICG00000049052
ENSG00000132406,TMEM128,ENSMICG00000042056
ENSG00000197993,KEL,ENSMICG00000007416
ENSG00000163349,HIPK1,ENSMICG00000001399
ENSG00000138670,RASGEF1B,ENSMICG00000030486
ENSG00000140740,UQCRC2,ENSMICG00000013461
ENSG00000114698,PLSCR4,ENSMICG00000048916
ENSG00000150760,DOCK1,ENSMICG00000006454
ENSG00000205903,ZNF316,ENSMICG00000045243
ENSG00000219545,UMAD1,ENSMICG00000035355
ENSG00000172262,ZNF131,ENSMICG00000042242
ENSG00000106366,SERPINE1,ENSMICG00000046603
ENSG00000145244,CORIN,ENSMICG00000010493
ENSG00000165209,STRBP,ENSMICG00000000832
ENSG00000222011,FAM185A,ENSMICG00000036715
ENSG00000166333,ILK,ENSMICG00000002134
ENSG00000183379,SYNDIG1L,ENSMICG00000027038
ENSG00000164543,STK17A,ENSMICG00000047496
ENSG00000092148,HECTD1,ENSMICG00000034057
ENSG00000134480,CCNH,ENSMICG00000009500
ENSG00000128591,FLNC,ENSMICG00000000126
ENSG00000018408,WWTR1,ENSMICG00000049363
ENSG00000151208,DLG5,ENSMICG00000005916
ENSG00000264364,DYNLL2,ENSMICG00000038725
ENSG00000131389,SLC6A6,ENSMICG00000044805
ENSG00000141994,DUS3L,ENSMICG00000007097
ENSG00000072778,ACADVL,ENSMICG00000004298
ENSG00000117154,IGSF21,ENSMICG00000008593
ENSG00000159593,NAE1,ENSMICG00000005795
ENSG00000266094,RASSF5,ENSMICG00000035801
ENSG00000116221,MRPL37,ENSMICG00000002201
ENSG00000099326,MZF1,ENSMICG00000031819
ENSG00000059377,TBXAS1,ENSMICG00000003155
ENSG00000162636,EEIG2,ENSMICG00000030423
ENSG00000070214,SLC44A1,ENSMICG00000012375
ENSG00000188916,INSYN2A,ENSMICG00000034810
ENSG00000110324,IL10RA,ENSMICG00000043191
ENSG00000163827,LRRC2,ENSMICG00000016483
ENSG00000148814,LRRC27,ENSMICG00000036674
ENSG00000167766,ZNF83,ENSMICG00000007824
ENSG00000065717,TLE2,ENSMICG00000003029
ENSG00000008118,CAMK1G,ENSMICG00000001192
ENSG00000110446,SLC15A3,ENSMICG00000027981
ENSG00000169714,CNBP,ENSMICG00000045988
ENSG00000167323,STIM1,ENSMICG00000015437
ENSG00000123737,EXOSC9,ENSMICG00000006994
ENSG00000171813,PWWP2B,ENSMICG00000036753
ENSG00000092847,AGO1,ENSMICG00000016147
ENSG00000108001,EBF3,ENSMICG00000008536
ENSG00000106631,MYL7,ENSMICG00000004005
ENSG00000266412,NCOA4,ENSMICG00000003406
ENSG00000110651,CD81,ENSMICG00000017181
ENSG00000165025,SYK,ENSMICG00000000066
ENSG00000146826,TRAPPC14,ENSMICG00000004013
ENSG00000104953,TLE6,ENSMICG00000003016
ENSG00000172331,BPGM,ENSMICG00000014530
ENSG00000134077,THUMPD3,ENSMICG00000010095
ENSG00000105976,MET,ENSMICG00000000697
ENSG00000151498,ACAD8,ENSMICG00000005045
ENSG00000066044,ELAVL1,ENSMICG00000009699
ENSG00000146013,GFRA3,ENSMICG00000001692
ENSG00000072803,FBXW11,ENSMICG00000004512
ENSG00000144468,RHBDD1,ENSMICG00000008350
ENSG00000106384,MOGAT3,ENSMICG00000005416
ENSG00000105701,FKBP8,ENSMICG00000046500
ENSG00000174628,IQCK,ENSMICG00000011119
ENSG00000075624,ACTB,ENSMICG00000002791
ENSG00000186952,TMEM232,ENSMICG00000004950
ENSG00000166455,C16orf46,ENSMICG00000045406
ENSG00000150455,TIRAP,ENSMICG00000015989
ENSG00000186889,TMEM17,ENSMICG00000045940
ENSG00000145911,N4BP3,ENSMICG00000033359
ENSG00000167113,COQ4,ENSMICG00000017636
ENSG00000214711,CAPN14,ENSMICG00000034259
ENSG00000166033,HTRA1,ENSMICG00000009867
ENSG00000013016,EHD3,ENSMICG00000043744
ENSG00000145936,KCNMB1,ENSMICG00000043676
ENSG00000198643,FAM3D,ENSMICG00000035637
ENSG00000175309,PHYKPL,ENSMICG00000005397
ENSG00000080493,SLC4A4,ENSMICG00000004330
ENSG00000137656,BUD13,ENSMICG00000002320
ENSG00000134318,ROCK2,ENSMICG00000037673
ENSG00000107140,TESK1,ENSMICG00000002496
ENSG00000166123,GPT2,ENSMICG00000013187
ENSG00000110435,PDHX,ENSMICG00000003700
ENSG00000023041,ZDHHC6,ENSMICG00000035271
ENSG00000141750,STAC2,ENSMICG00000002665
ENSG00000106823,ECM2,ENSMICG00000003193
ENSG00000105989,WNT2,ENSMICG00000005749
ENSG00000111596,CNOT2,ENSMICG00000001644
ENSG00000171298,GAA,ENSMICG00000004729
ENSG00000005020,SKAP2,ENSMICG00000000466
ENSG00000198853,RUSC2,ENSMICG00000043963
ENSG00000161714,PLCD3,ENSMICG00000016661
ENSG00000167081,PBX3,ENSMICG00000036972
ENSG00000160695,VPS11,ENSMICG00000002708
ENSG00000135698,MPHOSPH6,ENSMICG00000031381
ENSG00000181045,SLC26A11,ENSMICG00000036627
ENSG00000095713,CRTAC1,ENSMICG00000000201
ENSG00000115970,THADA,ENSMICG00000010352
ENSG00000103047,TANGO6,ENSMICG00000009615
ENSG00000130558,OLFM1,ENSMICG00000000544
ENSG00000001626,CFTR,ENSMICG00000046039
ENSG00000172663,TMEM134,ENSMICG00000031454
ENSG00000106799,TGFBR1,ENSMICG00000011110
ENSG00000134470,IL15RA,ENSMICG00000009667
ENSG00000189144,ZNF573,ENSMICG00000033085
ENSG00000157368,IL34,ENSMICG00000043442
ENSG00000127663,KDM4B,ENSMICG00000013784
ENSG00000186635,ARAP1,ENSMICG00000012392
ENSG00000196155,PLEKHG4,ENSMICG00000007799
ENSG00000164989,CCDC171,ENSMICG00000005908
ENSG00000103647,CORO2B,ENSMICG00000001523
ENSG00000166886,NAB2,ENSMICG00000047570
ENSG00000168421,RHOH,ENSMICG00000027779
ENSG00000173726,TOMM20,ENSMICG00000042731
ENSG00000136378,ADAMTS7,ENSMICG00000035475
ENSG00000081803,CADPS2,ENSMICG00000001954
ENSG00000024526,DEPDC1,ENSMICG00000002794
ENSG00000135048,CEMIP2,ENSMICG00000016584
ENSG00000175970,UNC119B,ENSMICG00000030815
ENSG00000184209,SNRNP35,ENSMICG00000026512
ENSG00000198087,CD2AP,ENSMICG00000015240
ENSG00000085365,SCAMP1,ENSMICG00000011421
ENSG00000061987,MON2,ENSMICG00000000252
ENSG00000243449,NICOL1,ENSMICG00000046656
ENSG00000168214,RBPJ,ENSMICG00000016014
ENSG00000155265,GOLGA7B,ENSMICG00000000199
ENSG00000107816,LZTS2,ENSMICG00000000016
ENSG00000152492,CCDC50,ENSMICG00000048952
ENSG00000143107,FNDC7,ENSMICG00000001785
ENSG00000039123,MTREX,ENSMICG00000012779
ENSG00000103404,USP31,ENSMICG00000007651
ENSG00000163191,S100A11,ENSMICG00000034130
ENSG00000160803,UBQLN4,ENSMICG00000002222
ENSG00000103550,KNOP1,ENSMICG00000011112
ENSG00000071626,DAZAP1,ENSMICG00000003579
ENSG00000005238,ATOSB,ENSMICG00000005528
ENSG00000168038,ULK4,ENSMICG00000049370
ENSG00000148572,NRBF2,ENSMICG00000030033
ENSG00000146147,MLIP,ENSMICG00000016830
ENSG00000085999,RAD54L,ENSMICG00000003266
ENSG00000166816,LDHD,ENSMICG00000009466
ENSG00000148498,PARD3,ENSMICG00000008515
ENSG00000127415,IDUA,ENSMICG00000012938
ENSG00000174992,ZG16,ENSMICG00000037619
ENSG00000127241,MASP1,ENSMICG00000049333
ENSG00000108342,CSF3,ENSMICG00000008127
ENSG00000124508,BTN2A2,ENSMICG00000008270
ENSG00000182473,EXOC7,ENSMICG00000007750
ENSG00000148339,SLC25A25,ENSMICG00000012781
ENSG00000175130,MARCKSL1,ENSMICG00000034702
ENSG00000137463,MGARP,ENSMICG00000030509
ENSG00000138646,HERC5,ENSMICG00000027712
ENSG00000172340,SUCLG2,ENSMICG00000036566
ENSG00000116205,TCEANC2,ENSMICG00000014331
ENSG00000153266,FEZF2,ENSMICG00000005546
ENSG00000083223,TUT7,ENSMICG00000016944
ENSG00000142751,GPN2,ENSMICG00000029529
ENSG00000170271,FAXDC2,ENSMICG00000000842
ENSG00000127540,UQCR11,ENSMICG00000047280
ENSG00000181555,SETD2,ENSMICG00000038231
ENSG00000142937,RPS8,ENSMICG00000030970
ENSG00000124302,CHST8,ENSMICG00000044697
ENSG00000116209,TMEM59,ENSMICG00000031709
ENSG00000145217,SLC26A1,ENSMICG00000033003
ENSG00000174521,TTC9B,ENSMICG00000041693
ENSG00000198453,ZNF568,ENSMICG00000003422
ENSG00000151718,WWC2,ENSMICG00000014921
ENSG00000094880,CDC23,ENSMICG00000006680
ENSG00000132423,COQ3,ENSMICG00000006818
ENSG00000103021,CFAP263,ENSMICG00000046018
ENSG00000185250,PPIL6,ENSMICG00000014430
ENSG00000131037,EPS8L1,ENSMICG00000016893
ENSG00000178773,CPNE7,ENSMICG00000008194
ENSG00000136933,RABEPK,ENSMICG00000029186
ENSG00000067113,PLPP1,ENSMICG00000044869
ENSG00000090097,PCBP4,ENSMICG00000002686
ENSG00000130305,NSUN5,ENSMICG00000035469
ENSG00000013561,RNF14,ENSMICG00000000403
ENSG00000253831,ETV3L,ENSMICG00000013475
ENSG00000137486,ARRB1,ENSMICG00000011177
ENSG00000102981,PARD6A,ENSMICG00000012185
ENSG00000029639,TFB1M,ENSMICG00000045849
ENSG00000143786,CNIH3,ENSMICG00000031871
ENSG00000197355,UAP1L1,ENSMICG00000036839
ENSG00000111880,RNGTT,ENSMICG00000006070
ENSG00000146842,TMEM209,ENSMICG00000035291
ENSG00000183439,TRIM61,ENSMICG00000034605
ENSG00000134852,CLOCK,ENSMICG00000000320
ENSG00000119408,NEK6,ENSMICG00000009990
ENSG00000121289,CEP89,ENSMICG00000003646
ENSG00000163481,RNF25,ENSMICG00000005179
ENSG00000105854,PON2,ENSMICG00000026757
ENSG00000146463,ZMYM4,ENSMICG00000031294
ENSG00000124541,RRP36,ENSMICG00000045230
ENSG00000153048,CARHSP1,ENSMICG00000045170
ENSG00000198755,RPL10A,ENSMICG00000012458
ENSG00000176531,PHLDB3,ENSMICG00000031011
ENSG00000146122,DAAM2,ENSMICG00000009058
ENSG00000171522,PTGER4,ENSMICG00000027186
ENSG00000141905,NFIC,ENSMICG00000006236
ENSG00000119729,RHOQ,ENSMICG00000048011
ENSG00000079215,SLC1A3,ENSMICG00000012786
ENSG00000138081,FBXO11,ENSMICG00000010582
ENSG00000196937,FAM3C,ENSMICG00000034347
ENSG00000148180,GSN,ENSMICG00000003365
ENSG00000175567,UCP2,ENSMICG00000012689
ENSG00000108424,KPNB1,ENSMICG00000012059
ENSG00000116774,OLFML3,ENSMICG00000001412
ENSG00000137942,FNBP1L,ENSMICG00000035486
ENSG00000204947,ZNF425,ENSMICG00000036857
ENSG00000006715,VPS41,ENSMICG00000005036
ENSG00000141873,SLC39A3,ENSMICG00000031825
ENSG00000143771,CNIH4,ENSMICG00000032337
ENSG00000014824,SLC30A9,ENSMICG00000016314
ENSG00000104983,CCDC61,ENSMICG00000003511
ENSG00000166444,DENND2B,ENSMICG00000002301
ENSG00000115211,EIF2B4,ENSMICG00000015857
ENSG00000159377,PSMB4,ENSMICG00000016746
ENSG00000113312,TTC1,ENSMICG00000003241
ENSG00000153786,ZDHHC7,ENSMICG00000011194
ENSG00000243649,CFB,ENSMICG00000043004
ENSG00000127125,PPCS,ENSMICG00000014936
ENSG00000132763,MMACHC,ENSMICG00000027767
ENSG00000112874,NUDT12,ENSMICG00000036782
ENSG00000149923,PPP4C,ENSMICG00000009129
ENSG00000143748,NVL,ENSMICG00000006602
ENSG00000141569,TRIM65,ENSMICG00000035411
ENSG00000112981,NME5,ENSMICG00000027492
ENSG00000126247,CAPNS1,ENSMICG00000010255
ENSG00000145506,NKD2,ENSMICG00000029997
ENSG00000180329,CCDC43,ENSMICG00000032667
ENSG00000109790,KLHL5,ENSMICG00000010463
ENSG00000141698,NT5C3B,ENSMICG00000011851
ENSG00000128050,PAICS,ENSMICG00000036099
ENSG00000198624,CCDC69,ENSMICG00000041463
ENSG00000124615,MOCS1,ENSMICG00000009073
ENSG00000164587,RPS14,ENSMICG00000027116
ENSG00000104863,LIN7B,ENSMICG00000015544
ENSG00000122566,HNRNPA2B1,ENSMICG00000030570
ENSG00000160961,ZNF333,ENSMICG00000029549
ENSG00000103056,SMPD3,ENSMICG00000011452
ENSG00000126561,STAT5A,ENSMICG00000012005
ENSG00000143106,PSMA5,ENSMICG00000043836
ENSG00000169247,SH3TC2,ENSMICG00000002571
ENSG00000104812,GYS1,ENSMICG00000001865
ENSG00000038210,PI4K2B,ENSMICG00000017176
ENSG00000204227,RING1,ENSMICG00000030050
ENSG00000163586,FABP1,ENSMICG00000033515
ENSG00000168743,NPNT,ENSMICG00000010776
ENSG00000168830,HTR1E,ENSMICG00000045579
ENSG00000178226,PRSS36,ENSMICG00000047137
ENSG00000171604,CXXC5,ENSMICG00000002899
ENSG00000204351,SKIC2,ENSMICG00000046331
ENSG00000111670,GNPTAB,ENSMICG00000012048
ENSG00000126453,BCL2L12,ENSMICG00000001755
ENSG00000168385,SEPTIN2,ENSMICG00000000909
ENSG00000103429,BFAR,ENSMICG00000016090
ENSG00000154122,ANKH,ENSMICG00000017365
ENSG00000123094,RASSF8,ENSMICG00000006156
ENSG00000084636,COL16A1,ENSMICG00000001377
ENSG00000150753,CCT5,ENSMICG00000000530
ENSG00000140968,IRF8,ENSMICG00000037961
ENSG00000205403,CFI,ENSMICG00000003323
ENSG00000023697,DERA,ENSMICG00000011771
ENSG00000052802,MSMO1,ENSMICG00000033307
ENSG00000105290,APLP1,ENSMICG00000010113
ENSG00000214941,ZSWIM7,ENSMICG00000043051
ENSG00000163738,MTHFD2L,ENSMICG00000042227
ENSG00000135473,PAN2,ENSMICG00000017661
ENSG00000163703,CRELD1,ENSMICG00000002324
ENSG00000168818,STX18,ENSMICG00000009557
ENSG00000161513,FDXR,ENSMICG00000010591
ENSG00000153132,CLGN,ENSMICG00000007083
ENSG00000168824,NSG1,ENSMICG00000009553
ENSG00000164330,EBF1,ENSMICG00000010036
ENSG00000198793,MTOR,ENSMICG00000003873
ENSG00000010017,RANBP9,ENSMICG00000000179
ENSG00000145331,TRMT10A,ENSMICG00000003507
ENSG00000112237,CCNC,ENSMICG00000001092
ENSG00000138678,GPAT3,ENSMICG00000000436
ENSG00000104907,TRMT1,ENSMICG00000000793
ENSG00000169762,TAPT1,ENSMICG00000016984
ENSG00000005844,ITGAL,ENSMICG00000004705
ENSG00000087266,SH3BP2,ENSMICG00000002298
ENSG00000106415,GLCCI1,ENSMICG00000017516
ENSG00000248487,ABHD14A,ENSMICG00000047989
ENSG00000166024,R3HCC1L,ENSMICG00000000208
ENSG00000042753,AP2S1,ENSMICG00000038528
ENSG00000144895,EIF2A,ENSMICG00000049004
ENSG00000181444,ZNF467,ENSMICG00000031746
ENSG00000127526,SLC35E1,ENSMICG00000004587
ENSG00000261857,MIA,ENSMICG00000042899
ENSG00000135454,B4GALNT1,ENSMICG00000005532
ENSG00000132589,FLOT2,ENSMICG00000037652
ENSG00000157954,WIPI2,ENSMICG00000008162
ENSG00000103355,PRSS33,ENSMICG00000038611
ENSG00000177551,NHLH2,ENSMICG00000045301
ENSG00000077152,UBE2T,ENSMICG00000037701
ENSG00000140854,KATNB1,ENSMICG00000006372
ENSG00000089876,DHX32,ENSMICG00000006199
ENSG00000110888,CAPRIN2,ENSMICG00000010650
ENSG00000163520,FBLN2,ENSMICG00000013258
ENSG00000122359,ANXA11,ENSMICG00000038324
ENSG00000138814,PPP3CA,ENSMICG00000001852
ENSG00000197256,KANK2,ENSMICG00000004036
ENSG00000127980,PEX1,ENSMICG00000015105
ENSG00000171962,DRC3,ENSMICG00000012574
ENSG00000081019,RSBN1,ENSMICG00000001369
ENSG00000186439,TRDN,ENSMICG00000007255
ENSG00000158764,ITLN2,ENSMICG00000043466
ENSG00000163285,GABRG1,ENSMICG00000007419
ENSG00000142669,SH3BGRL3,ENSMICG00000028911
ENSG00000164116,GUCY1A1,ENSMICG00000015303
ENSG00000117724,CENPF,ENSMICG00000011643
ENSG00000117614,SYF2,ENSMICG00000016191
ENSG00000266472,MRPS21,ENSMICG00000035458
ENSG00000104892,KLC3,ENSMICG00000000630
ENSG00000121578,B4GALT4,ENSMICG00000049037
ENSG00000164008,C1orf50,ENSMICG00000015041
ENSG00000169221,TBC1D10B,ENSMICG00000036323
ENSG00000117500,TMED5,ENSMICG00000000964
ENSG00000117697,NSL1,ENSMICG00000037746
ENSG00000224470,ATXN1L,ENSMICG00000029273
ENSG00000167977,KCTD5,ENSMICG00000017136
ENSG00000185220,PGBD2,ENSMICG00000004476
ENSG00000170889,RPS9,ENSMICG00000014928
ENSG00000117748,RPA2,ENSMICG00000042716
ENSG00000005189,REXO5,ENSMICG00000014886
ENSG00000110367,DDX6,ENSMICG00000011519
ENSG00000161682,FAM171A2,ENSMICG00000029059
ENSG00000143476,DTL,ENSMICG00000015416
ENSG00000239697,TNFSF12,ENSMICG00000041583
ENSG00000164494,PDSS2,ENSMICG00000032777
ENSG00000167705,RILP,ENSMICG00000034729
ENSG00000112992,NNT,ENSMICG00000008207
ENSG00000111877,MCM9,ENSMICG00000016579
ENSG00000002834,LASP1,ENSMICG00000031791
ENSG00000105568,PPP2R1A,ENSMICG00000012504
ENSG00000198556,ZNF789,ENSMICG00000005979
ENSG00000135315,CEP162,ENSMICG00000012801
ENSG00000108953,YWHAE,ENSMICG00000003595
ENSG00000134369,NAV1,ENSMICG00000009229
ENSG00000103313,MEFV,ENSMICG00000013388
ENSG00000166526,ZNF3,ENSMICG00000003962
ENSG00000073969,NSF,ENSMICG00000010651
ENSG00000001561,ENPP4,ENSMICG00000031250
ENSG00000204371,EHMT2,ENSMICG00000003583
ENSG00000149090,PAMR1,ENSMICG00000003733
ENSG00000160796,NBEAL2,ENSMICG00000017654
ENSG00000130313,PGLS,ENSMICG00000037868
ENSG00000060566,CREB3L3,ENSMICG00000034622
ENSG00000159720,ATP6V0D1,ENSMICG00000012079
ENSG00000162851,TFB2M,ENSMICG00000016790
ENSG00000149541,B3GAT3,ENSMICG00000009885
ENSG00000197785,ATAD3A,ENSMICG00000011005
ENSG00000059573,ALDH18A1,ENSMICG00000015958
ENSG00000129757,CDKN1C,ENSMICG00000032558
ENSG00000093167,LRRFIP2,ENSMICG00000048972
ENSG00000164880,INTS1,ENSMICG00000016841
ENSG00000105519,CAPS,ENSMICG00000004017
ENSG00000110075,PPP6R3,ENSMICG00000003096
ENSG00000103148,NPRL3,ENSMICG00000010365
ENSG00000108602,ALDH3A1,ENSMICG00000007499
ENSG00000104824,HNRNPL,ENSMICG00000017378
ENSG00000092621,PHGDH,ENSMICG00000004462
ENSG00000150593,PDCD4,ENSMICG00000008747
ENSG00000151694,ADAM17,ENSMICG00000002380
ENSG00000104835,SARS2,ENSMICG00000033729
ENSG00000171345,KRT19,ENSMICG00000033033
ENSG00000168538,TRAPPC11,ENSMICG00000000688
ENSG00000182173,TSEN54,ENSMICG00000044012
ENSG00000131355,ADGRE3,ENSMICG00000011089
ENSG00000176788,BASP1,ENSMICG00000046999
ENSG00000178175,ZNF366,ENSMICG00000026789
ENSG00000122008,POLK,ENSMICG00000000006
ENSG00000184922,FMNL1,ENSMICG00000016696
ENSG00000143158,MPC2,ENSMICG00000044989
ENSG00000106392,C1GALT1,ENSMICG00000011894
ENSG00000179134,SAMD4B,ENSMICG00000006081
ENSG00000156076,WIF1,ENSMICG00000012061
ENSG00000115446,UNC50,ENSMICG00000028576
ENSG00000174567,GOLT1A,ENSMICG00000047972
ENSG00000145293,ENOPH1,ENSMICG00000001452
ENSG00000157216,SSBP3,ENSMICG00000003921
ENSG00000128059,PPAT,ENSMICG00000032041
ENSG00000141232,TOB1,ENSMICG00000041835
ENSG00000127314,RAP1B,ENSMICG00000013148
ENSG00000188895,MSL1,ENSMICG00000035632
ENSG00000215375,MYL5,ENSMICG00000034354
ENSG00000138002,IFT172,ENSMICG00000033177
ENSG00000183018,SPNS2,ENSMICG00000043042
ENSG00000099785,MARCHF2,ENSMICG00000002527
ENSG00000145864,GABRB2,ENSMICG00000015110
ENSG00000105967,TFEC,ENSMICG00000006995
ENSG00000177302,TOP3A,ENSMICG00000012759
ENSG00000189409,MMP23B,ENSMICG00000011039
ENSG00000170502,NUDT9,ENSMICG00000046445
ENSG00000170430,MGMT,ENSMICG00000044094
ENSG00000135269,TES,ENSMICG00000007002
ENSG00000095066,HOOK2,ENSMICG00000016176
ENSG00000164463,CREBRF,ENSMICG00000030817
ENSG00000103091,WDR59,ENSMICG00000012260
ENSG00000112039,FANCE,ENSMICG00000012463
ENSG00000137960,GIPC2,ENSMICG00000014492
ENSG00000162373,BEND5,ENSMICG00000003282
ENSG00000270647,TAF15,ENSMICG00000017057
ENSG00000069275,NUCKS1,ENSMICG00000035443
ENSG00000169026,SLC49A3,ENSMICG00000035034
ENSG00000112290,WASF1,ENSMICG00000032077
ENSG00000146592,CREB5,ENSMICG00000007967
ENSG00000105063,PPP6R1,ENSMICG00000043408
ENSG00000125347,IRF1,ENSMICG00000008190
ENSG00000162512,SDC3,ENSMICG00000034678
ENSG00000214413,BBIP1,ENSMICG00000028820
ENSG00000058453,CROCC,ENSMICG00000006471
ENSG00000109180,OCIAD1,ENSMICG00000006142
ENSG00000067057,PFKP,ENSMICG00000006278
ENSG00000029725,RABEP1,ENSMICG00000012652
ENSG00000131653,TRAF7,ENSMICG00000005860
ENSG00000160991,ORAI2,ENSMICG00000010309
ENSG00000070614,NDST1,ENSMICG00000008828
ENSG00000169919,GUSB,ENSMICG00000004175
ENSG00000117505,DR1,ENSMICG00000028249
ENSG00000064703,DDX20,ENSMICG00000011509
ENSG00000170162,VGLL2,ENSMICG00000007779
ENSG00000198563,DDX39B,ENSMICG00000017349
ENSG00000145687,SSBP2,ENSMICG00000035810
ENSG00000000460,FIRRM,ENSMICG00000012330
ENSG00000095739,BAMBI,ENSMICG00000031795
ENSG00000115170,ACVR1,ENSMICG00000042942
ENSG00000175395,ZNF25,ENSMICG00000004606
ENSG00000197430,OPALIN,ENSMICG00000010737
ENSG00000133193,VCF1,ENSMICG00000026803
ENSG00000154678,PDE1C,ENSMICG00000044011
ENSG00000167720,SRR,ENSMICG00000042689
ENSG00000078114,NEBL,ENSMICG00000001138
ENSG00000166685,COG1,ENSMICG00000007471
ENSG00000158717,RNF166,ENSMICG00000034727
ENSG00000142694,EVA1B,ENSMICG00000044326
ENSG00000167721,TSR1,ENSMICG00000012943
ENSG00000167967,E4F1,ENSMICG00000005892
ENSG00000157800,SLC37A3,ENSMICG00000015980
ENSG00000139192,TAPBPL,ENSMICG00000006498
ENSG00000119979,DENND10,ENSMICG00000026438
ENSG00000167543,TP53I13,ENSMICG00000005403
ENSG00000139531,SUOX,ENSMICG00000043722
ENSG00000148832,PAOX,ENSMICG00000009503
ENSG00000104870,FCGRT,ENSMICG00000008987
ENSG00000055483,USP36,ENSMICG00000003252
ENSG00000074582,BCS1L,ENSMICG00000033182
ENSG00000198964,SGMS1,ENSMICG00000017607
ENSG00000162814,SPATA17,ENSMICG00000012115
ENSG00000007516,BAIAP3,ENSMICG00000031314
ENSG00000134744,TUT4,ENSMICG00000015853
ENSG00000048540,LMO3,ENSMICG00000046395
ENSG00000030110,BAK1,ENSMICG00000031665
ENSG00000126522,ASL,ENSMICG00000033809
ENSG00000157637,SLC38A10,ENSMICG00000010970
ENSG00000137309,HMGA1,ENSMICG00000036252
ENSG00000136770,DNAJC1,ENSMICG00000010537
ENSG00000111684,LPCAT3,ENSMICG00000001793
ENSG00000117602,RCAN3,ENSMICG00000038019
ENSG00000181027,FKRP,ENSMICG00000043598
ENSG00000107521,HPS1,ENSMICG00000000212
ENSG00000174130,TLR6,ENSMICG00000027451
ENSG00000178163,ZNF518B,ENSMICG00000042362
ENSG00000092853,CLSPN,ENSMICG00000005691
ENSG00000145358,DDIT4L,ENSMICG00000034039
ENSG00000044115,CTNNA1,ENSMICG00000013026
ENSG00000150625,GPM6A,ENSMICG00000003037
ENSG00000130300,PLVAP,ENSMICG00000043750
ENSG00000142546,NOSIP,ENSMICG00000009006
ENSG00000052126,PLEKHA5,ENSMICG00000014157
ENSG00000108384,RAD51C,ENSMICG00000028544
ENSG00000082898,XPO1,ENSMICG00000027770
ENSG00000109320,NFKB1,ENSMICG00000014491
ENSG00000141526,SLC16A3,ENSMICG00000045790
ENSG00000272514,CFAP206,ENSMICG00000003088
ENSG00000143842,SOX13,ENSMICG00000009236
ENSG00000204655,MOG,ENSMICG00000013337
ENSG00000141968,VAV1,ENSMICG00000014001
ENSG00000215845,TSTD1,ENSMICG00000037518
ENSG00000117245,KIF17,ENSMICG00000010597
ENSG00000060140,STYK1,ENSMICG00000042466
ENSG00000164306,PRIMPOL,ENSMICG00000004817
ENSG00000115504,EHBP1,ENSMICG00000011224
ENSG00000135837,CEP350,ENSMICG00000011196
ENSG00000104859,CLASRP,ENSMICG00000006996
ENSG00000146350,TBC1D32,ENSMICG00000033229
ENSG00000001460,STPG1,ENSMICG00000000545
ENSG00000087269,NOP14,ENSMICG00000007804
ENSG00000159479,MED8,ENSMICG00000007085
ENSG00000008294,SPAG9,ENSMICG00000013743
ENSG00000247077,PGAM5,ENSMICG00000003984
ENSG00000122550,KLHL7,ENSMICG00000013635
ENSG00000117519,CNN3,ENSMICG00000008945
ENSG00000126458,RRAS,ENSMICG00000001757
ENSG00000221988,PPT2,ENSMICG00000001807
ENSG00000087250,MT3,ENSMICG00000029345
ENSG00000090316,MAEA,ENSMICG00000012953
ENSG00000079156,OSBPL6,ENSMICG00000003793
ENSG00000130731,METTL26,ENSMICG00000017041
ENSG00000198822,GRM3,ENSMICG00000001364
ENSG00000130176,CNN1,ENSMICG00000011674
ENSG00000164815,ORC5,ENSMICG00000009070
ENSG00000162694,EXTL2,ENSMICG00000041631
ENSG00000172081,MOB3A,ENSMICG00000033261
ENSG00000060656,PTPRU,ENSMICG00000008985
ENSG00000187151,ANGPTL5,ENSMICG00000031686
ENSG00000007520,TSR3,ENSMICG00000045072
ENSG00000148985,PGAP2,ENSMICG00000003239
ENSG00000125505,MBOAT7,ENSMICG00000002402
ENSG00000139540,SLC39A5,ENSMICG00000014494
ENSG00000166592,RRAD,ENSMICG00000045518
ENSG00000091129,NRCAM,ENSMICG00000001279
ENSG00000040731,CDH10,ENSMICG00000009537
ENSG00000109686,SH3D19,ENSMICG00000004926
ENSG00000118689,FOXO3,ENSMICG00000035769
ENSG00000146094,DOK3,ENSMICG00000037622
ENSG00000137364,TPMT,ENSMICG00000015432
ENSG00000027847,B4GALT7,ENSMICG00000034153
ENSG00000133302,SLF1,ENSMICG00000001017
ENSG00000047932,GOPC,ENSMICG00000037737
ENSG00000205250,E2F4,ENSMICG00000007744
ENSG00000117410,ATP6V0B,ENSMICG00000011028
ENSG00000121380,BCL2L14,ENSMICG00000032264
ENSG00000107745,MICU1,ENSMICG00000004242
ENSG00000185049,NELFA,ENSMICG00000011366
ENSG00000149806,FAU,ENSMICG00000016596
ENSG00000156427,FGF18,ENSMICG00000012403
ENSG00000113389,NPR3,ENSMICG00000014544
ENSG00000142459,EVI5L,ENSMICG00000009812
ENSG00000204644,ZFP57,ENSMICG00000035396
ENSG00000102977,ACD,ENSMICG00000012170
ENSG00000135525,MAP7,ENSMICG00000004905
ENSG00000158555,GDPD5,ENSMICG00000011193
ENSG00000197712,FAM114A1,ENSMICG00000009696
ENSG00000124279,FASTKD3,ENSMICG00000002954
ENSG00000163344,PMVK,ENSMICG00000042375
ENSG00000049656,CLPTM1L,ENSMICG00000000301
ENSG00000143179,UCK2,ENSMICG00000005282
ENSG00000138744,NAAA,ENSMICG00000006663
ENSG00000111344,RASAL1,ENSMICG00000008546
ENSG00000103042,SLC38A7,ENSMICG00000016985
ENSG00000145362,ANK2,ENSMICG00000013698
ENSG00000269858,EGLN2,ENSMICG00000028495
ENSG00000097021,ACOT7,ENSMICG00000009448
ENSG00000138172,CALHM2,ENSMICG00000012493
ENSG00000196263,ZNF471,ENSMICG00000014500
ENSG00000198825,INPP5F,ENSMICG00000007525
ENSG00000141338,ABCA8,ENSMICG00000009565
ENSG00000167969,ECI1,ENSMICG00000035761
ENSG00000168724,DNAJC21,ENSMICG00000005679
ENSG00000143368,SF3B4,ENSMICG00000044961
ENSG00000164506,STXBP5,ENSMICG00000013483
ENSG00000090971,NAT14,ENSMICG00000027142
ENSG00000130529,TRPM4,ENSMICG00000014746
ENSG00000135773,CAPN9,ENSMICG00000004194
ENSG00000179965,ZNF771,ENSMICG00000031736
ENSG00000099246,RAB18,ENSMICG00000017280
ENSG00000102908,NFAT5,ENSMICG00000004942
ENSG00000158793,NIT1,ENSMICG00000007241
ENSG00000152409,JMY,ENSMICG00000032384
ENSG00000137691,CFAP300,ENSMICG00000017739
ENSG00000180233,ZNRF2,ENSMICG00000045789
ENSG00000023445,BIRC3,ENSMICG00000002746
ENSG00000214960,CRPPA,ENSMICG00000047544
ENSG00000119927,GPAM,ENSMICG00000007303
ENSG00000133597,ADCK2,ENSMICG00000005086
ENSG00000079387,SENP1,ENSMICG00000009067
ENSG00000110497,AMBRA1,ENSMICG00000006891
ENSG00000142973,CYP4B1,ENSMICG00000000962
ENSG00000146276,GABRR1,ENSMICG00000013041
ENSG00000039319,ZFYVE16,ENSMICG00000002405
ENSG00000272047,GTF2H5,ENSMICG00000046368
ENSG00000112210,RAB23,ENSMICG00000014037
ENSG00000105851,PIK3CG,ENSMICG00000001209
ENSG00000167775,CD320,ENSMICG00000046176
ENSG00000111371,SLC38A1,ENSMICG00000012891
ENSG00000146833,TRIM4,ENSMICG00000005567
ENSG00000135164,DMTF1,ENSMICG00000014690
ENSG00000105202,FBL,ENSMICG00000007686
ENSG00000149380,P4HA3,ENSMICG00000002249
ENSG00000159461,AMFR,ENSMICG00000003847
ENSG00000024048,UBR2,ENSMICG00000003745
ENSG00000185009,AP3M1,ENSMICG00000011748
ENSG00000152078,TLCD4,ENSMICG00000014720
ENSG00000144476,ACKR3,ENSMICG00000008095
ENSG00000173838,MARCHF10,ENSMICG00000013753
ENSG00000137261,KIAA0319,ENSMICG00000011428
ENSG00000082438,COBLL1,ENSMICG00000001479
ENSG00000181830,SLC35C1,ENSMICG00000014174
ENSG00000016082,ISL1,ENSMICG00000001868
ENSG00000204219,TCEA3,ENSMICG00000005884
ENSG00000172006,ZNF554,ENSMICG00000030632
ENSG00000067365,METTL22,ENSMICG00000015173
ENSG00000213316,LTC4S,ENSMICG00000044735
ENSG00000130159,ECSIT,ENSMICG00000043164
ENSG00000148660,CAMK2G,ENSMICG00000008056
ENSG00000153395,LPCAT1,ENSMICG00000032744
ENSG00000133030,MPRIP,ENSMICG00000037330
ENSG00000112701,SENP6,ENSMICG00000005250
ENSG00000221978,CCNL2,ENSMICG00000014237
ENSG00000196118,CFAP119,ENSMICG00000001551
ENSG00000170231,FABP6,ENSMICG00000003251
ENSG00000064270,ATP2C2,ENSMICG00000004563
ENSG00000113575,PPP2CA,ENSMICG00000045630
ENSG00000072071,ADGRL1,ENSMICG00000027529
ENSG00000170606,HSPA4,ENSMICG00000012231
ENSG00000132004,FBXW9,ENSMICG00000016149
ENSG00000104998,IL27RA,ENSMICG00000003469
ENSG00000185624,P4HB,ENSMICG00000001144
ENSG00000117114,ADGRL2,ENSMICG00000009066
ENSG00000214530,STARD10,ENSMICG00000029572
ENSG00000064961,HMG20B,ENSMICG00000028142
ENSG00000115507,OTX1,ENSMICG00000032707
ENSG00000168883,USP39,ENSMICG00000011500
ENSG00000119396,RAB14,ENSMICG00000003350
ENSG00000162069,BICDL2,ENSMICG00000036231
ENSG00000112893,MAN2A1,ENSMICG00000015033
ENSG00000154920,EME1,ENSMICG00000009705
ENSG00000254901,BORCS8,ENSMICG00000027617
ENSG00000179889,PDXDC1,ENSMICG00000014962
ENSG00000075223,SEMA3C,ENSMICG00000031169
ENSG00000096401,CDC5L,ENSMICG00000006933
ENSG00000105538,RASIP1,ENSMICG00000004300
ENSG00000124507,PACSIN1,ENSMICG00000030734
ENSG00000215041,NEURL4,ENSMICG00000012465
ENSG00000146247,PHIP,ENSMICG00000000134
ENSG00000160584,SIK3,ENSMICG00000002343
ENSG00000138032,PPM1B,ENSMICG00000008341
ENSG00000105771,SMG9,ENSMICG00000028108
ENSG00000135480,KRT7,ENSMICG00000016848
ENSG00000120729,MYOT,ENSMICG00000028568
ENSG00000112208,BAG2,ENSMICG00000043661
ENSG00000049540,ELN,ENSMICG00000045863
ENSG00000145740,SLC30A5,ENSMICG00000013423
ENSG00000105401,CDC37,ENSMICG00000010376
ENSG00000092871,RFFL,ENSMICG00000006829
ENSG00000198001,IRAK4,ENSMICG00000007741
ENSG00000124608,AARS2,ENSMICG00000013453
ENSG00000115318,LOXL3,ENSMICG00000006262
ENSG00000105229,PIAS4,ENSMICG00000012799
ENSG00000124702,KLHDC3,ENSMICG00000008298
ENSG00000178951,ZBTB7A,ENSMICG00000030503
ENSG00000108788,MLX,ENSMICG00000010258
ENSG00000099337,KCNK6,ENSMICG00000047785
ENSG00000198858,R3HDM4,ENSMICG00000010124
ENSG00000135392,DNAJC14,ENSMICG00000010928
ENSG00000043462,LCP2,ENSMICG00000012579
ENSG00000089009,RPL6,ENSMICG00000002961
ENSG00000132470,ITGB4,ENSMICG00000007555
ENSG00000130669,PAK4,ENSMICG00000013952
ENSG00000173926,MARCHF3,ENSMICG00000036064
ENSG00000113318,MSH3,ENSMICG00000016187
ENSG00000162949,CAPN13,ENSMICG00000012320
ENSG00000167986,DDB1,ENSMICG00000013703
ENSG00000140992,PDPK1,ENSMICG00000017126
ENSG00000132429,POPDC3,ENSMICG00000045084
ENSG00000204305,AGER,ENSMICG00000001823
ENSG00000115325,DOK1,ENSMICG00000047288
ENSG00000239474,KLHL41,ENSMICG00000044368
ENSG00000082153,BZW1,ENSMICG00000003355
ENSG00000167613,LAIR1,ENSMICG00000043893
ENSG00000198677,SKIC3,ENSMICG00000006684
ENSG00000103126,AXIN1,ENSMICG00000047256
ENSG00000148444,COMMD3,ENSMICG00000047257
ENSG00000182326,C1S,ENSMICG00000032049
ENSG00000108219,TSPAN14,ENSMICG00000007391
ENSG00000102897,LYRM1,ENSMICG00000036922
ENSG00000251247,ZNF345,ENSMICG00000043350
ENSG00000104774,MAN2B1,ENSMICG00000030973
ENSG00000168807,SNTB2,ENSMICG00000043756
ENSG00000103121,CMC2,ENSMICG00000011915
ENSG00000144214,LYG1,ENSMICG00000046017
ENSG00000150394,CDH8,ENSMICG00000009649
ENSG00000001036,FUCA2,ENSMICG00000026320
ENSG00000116641,DOCK7,ENSMICG00000001507
ENSG00000139436,GIT2,ENSMICG00000017192
ENSG00000198945,L3MBTL3,ENSMICG00000006114
ENSG00000166451,CENPN,ENSMICG00000011918
ENSG00000138308,PLA2G12B,ENSMICG00000034295
ENSG00000164574,GALNT10,ENSMICG00000003562
ENSG00000107862,GBF1,ENSMICG00000011832
ENSG00000130511,SSBP4,ENSMICG00000034758
ENSG00000102984,ZNF821,ENSMICG00000035245
ENSG00000152348,ATG10,ENSMICG00000032372
ENSG00000111845,PAK1IP1,ENSMICG00000004453
ENSG00000112584,FAM120B,ENSMICG00000030538
ENSG00000146005,PSD2,ENSMICG00000012647
ENSG00000113161,HMGCR,ENSMICG00000014536
ENSG00000140983,RHOT2,ENSMICG00000010529
ENSG00000143867,OSR1,ENSMICG00000004493
ENSG00000187123,LYPD6,ENSMICG00000041550
ENSG00000198719,DLL1,ENSMICG00000017125
ENSG00000003756,RBM5,ENSMICG00000016179
ENSG00000184281,TSSC4,ENSMICG00000044190
ENSG00000095002,MSH2,ENSMICG00000000152
ENSG00000108559,NUP88,ENSMICG00000012678
ENSG00000010810,FYN,ENSMICG00000008716
ENSG00000149476,TKFC,ENSMICG00000013737
ENSG00000176102,CSTF3,ENSMICG00000004784
ENSG00000152910,CNTNAP4,ENSMICG00000012242
ENSG00000151572,ANO4,ENSMICG00000015692
ENSG00000187550,SBK2,ENSMICG00000033482
ENSG00000180448,ARHGAP45,ENSMICG00000016616
ENSG00000095139,ARCN1,ENSMICG00000011426
ENSG00000129250,KIF1C,ENSMICG00000012566
ENSG00000310517,CAST,ENSMICG00000017406
ENSG00000102967,DHODH,ENSMICG00000011378
ENSG00000126391,FRMD8,ENSMICG00000008701
ENSG00000067955,CBFB,ENSMICG00000028380
ENSG00000172456,FGGY,ENSMICG00000013422
ENSG00000156599,ZDHHC5,ENSMICG00000004899
ENSG00000175899,A2M,ENSMICG00000001224
ENSG00000055955,ITIH4,ENSMICG00000012130
ENSG00000213023,SYT3,ENSMICG00000030095
ENSG00000002330,BAD,ENSMICG00000028209
ENSG00000143951,WDPCP,ENSMICG00000017077
ENSG00000070404,FSTL3,ENSMICG00000015621
ENSG00000166394,CYB5R2,ENSMICG00000002407
ENSG00000065427,KARS1,ENSMICG00000011997
ENSG00000035403,VCL,ENSMICG00000011725
ENSG00000104915,STX10,ENSMICG00000000814
ENSG00000072210,ALDH3A2,ENSMICG00000001237
ENSG00000011243,AKAP8L,ENSMICG00000027945
ENSG00000103222,ABCC1,ENSMICG00000026567
ENSG00000170955,CAVIN3,ENSMICG00000002084
ENSG00000173264,GPR137,ENSMICG00000009219
ENSG00000119943,PYROXD2,ENSMICG00000000210
ENSG00000112308,C6orf62,ENSMICG00000027769
ENSG00000065548,ZC3H15,ENSMICG00000031065
ENSG00000223865,HLA-DPB1,ENSMICG00000030867
ENSG00000156650,KAT6B,ENSMICG00000000023
ENSG00000154133,ROBO4,ENSMICG00000001710
ENSG00000172137,CALB2,ENSMICG00000001876
ENSG00000162545,CAMK2N1,ENSMICG00000046384
ENSG00000163032,VSNL1,ENSMICG00000036354
ENSG00000185761,ADAMTSL5,ENSMICG00000031338
ENSG00000074706,IPCEF1,ENSMICG00000044930
ENSG00000138792,ENPEP,ENSMICG00000042642
ENSG00000169696,ASPSCR1,ENSMICG00000001102
ENSG00000105048,TNNT1,ENSMICG00000016550
ENSG00000099260,PALMD,ENSMICG00000007809
ENSG00000169180,XPO6,ENSMICG00000001923
ENSG00000162419,GMEB1,ENSMICG00000046821
ENSG00000172292,CERS6,ENSMICG00000044307
ENSG00000110583,NAA40,ENSMICG00000016908
ENSG00000144115,THNSL2,ENSMICG00000011437
ENSG00000099834,CDHR5,ENSMICG00000031611
ENSG00000250510,GPR162,ENSMICG00000001963
ENSG00000169213,RAB3B,ENSMICG00000036580
ENSG00000057657,PRDM1,ENSMICG00000010329
ENSG00000109736,MFSD10,ENSMICG00000007796
ENSG00000068137,PLEKHH3,ENSMICG00000010298
ENSG00000134245,WNT2B,ENSMICG00000003171
ENSG00000189079,ARID2,ENSMICG00000001487
ENSG00000168763,CNNM3,ENSMICG00000012595
ENSG00000071242,RPS6KA2,ENSMICG00000003856
ENSG00000127054,INTS11,ENSMICG00000014186
ENSG00000196388,INCA1,ENSMICG00000012561
ENSG00000103343,ZNF174,ENSMICG00000014556
ENSG00000102871,TRADD,ENSMICG00000007708
ENSG00000144290,SLC4A10,ENSMICG00000007690
ENSG00000110925,CSRNP2,ENSMICG00000043238
ENSG00000103051,COG4,ENSMICG00000001352
ENSG00000123342,MMP19,ENSMICG00000010950
ENSG00000141510,TP53,ENSMICG00000014853
ENSG00000109667,SLC2A9,ENSMICG00000043713
ENSG00000105479,ODAD1,ENSMICG00000026574
ENSG00000035928,RFC1,ENSMICG00000016765
ENSG00000079246,XRCC5,ENSMICG00000008946
ENSG00000006712,PAF1,ENSMICG00000006084
ENSG00000166856,GPR182,ENSMICG00000000900
ENSG00000170515,PA2G4,ENSMICG00000044109
ENSG00000137198,GMPR,ENSMICG00000011868
ENSG00000166575,TMEM135,ENSMICG00000013387
ENSG00000107938,EDRF1,ENSMICG00000006179
ENSG00000140853,NLRC5,ENSMICG00000011036
ENSG00000099817,POLR2E,ENSMICG00000013063
ENSG00000144909,OSBPL11,ENSMICG00000049504
ENSG00000164128,NPY1R,ENSMICG00000027199
ENSG00000125388,GRK4,ENSMICG00000006863
ENSG00000165810,BTNL9,ENSMICG00000033298
ENSG00000050405,LIMA1,ENSMICG00000015696
ENSG00000154813,DPH3,ENSMICG00000049463
ENSG00000163811,WDR43,ENSMICG00000014276
ENSG00000154814,OXNAD1,ENSMICG00000049273
ENSG00000173145,NOC3L,ENSMICG00000005560
ENSG00000169519,METTL15,ENSMICG00000005178
ENSG00000145685,LHFPL2,ENSMICG00000002076
ENSG00000090661,CERS4,ENSMICG00000014575
ENSG00000166900,STX3,ENSMICG00000015251
ENSG00000198203,SULT1C2,ENSMICG00000014901
ENSG00000177791,MYOZ1,ENSMICG00000042994
ENSG00000113569,NUP155,ENSMICG00000017202
ENSG00000108055,SMC3,ENSMICG00000032916
ENSG00000145348,TBCK,ENSMICG00000010786
ENSG00000111652,COPS7A,ENSMICG00000013661
ENSG00000157077,ZFYVE9,ENSMICG00000014124
ENSG00000051009,FHIP1B,ENSMICG00000007239
ENSG00000163904,SENP2,ENSMICG00000049584
ENSG00000135722,FBXL8,ENSMICG00000042011
ENSG00000186187,ZNRF1,ENSMICG00000046133
ENSG00000168002,POLR2G,ENSMICG00000009967
ENSG00000103544,VPS35L,ENSMICG00000011077
ENSG00000118473,SGIP1,ENSMICG00000004414
ENSG00000121691,CAT,ENSMICG00000003672
ENSG00000197771,MCMBP,ENSMICG00000007540
ENSG00000161904,LEMD2,ENSMICG00000016479
ENSG00000155287,SLC25A28,ENSMICG00000010489
ENSG00000124784,RIOK1,ENSMICG00000044301
ENSG00000163898,LIPH,ENSMICG00000049296
ENSG00000150093,ITGB1,ENSMICG00000008479
ENSG00000164129,NPY5R,ENSMICG00000037170
ENSG00000198561,CTNND1,ENSMICG00000004913
ENSG00000109255,NMU,ENSMICG00000004184
ENSG00000113460,BRIX1,ENSMICG00000005672
ENSG00000189058,APOD,ENSMICG00000049034
ENSG00000137275,RIPK1,ENSMICG00000010628
ENSG00000163781,TOPBP1,ENSMICG00000049560
ENSG00000276023,DUSP14,ENSMICG00000029118
ENSG00000137216,TMEM63B,ENSMICG00000013024
ENSG00000087206,UIMC1,ENSMICG00000001918
ENSG00000033178,UBA6,ENSMICG00000014868
ENSG00000083457,ITGAE,ENSMICG00000015770
ENSG00000108187,PBLD,ENSMICG00000007573
ENSG00000113296,THBS4,ENSMICG00000017069
ENSG00000011376,LARS2,ENSMICG00000049159
ENSG00000123095,BHLHE41,ENSMICG00000026785
ENSG00000111642,CHD4,ENSMICG00000006588
ENSG00000151876,FBXO4,ENSMICG00000006133
ENSG00000108774,RAB5C,ENSMICG00000041608
ENSG00000165733,BMS1,ENSMICG00000009977
ENSG00000028137,TNFRSF1B,ENSMICG00000012100
ENSG00000164136,IL15,ENSMICG00000003154
ENSG00000113763,UNC5A,ENSMICG00000033115
ENSG00000196911,KPNA5,ENSMICG00000037900
ENSG00000105509,HAS1,ENSMICG00000035879
ENSG00000152413,HOMER1,ENSMICG00000012592
ENSG00000142227,EMP3,ENSMICG00000027833
ENSG00000112759,SLC29A1,ENSMICG00000038074
ENSG00000117153,KLHL12,ENSMICG00000007928
ENSG00000196357,ZNF565,ENSMICG00000035612
ENSG00000141568,FOXK2,ENSMICG00000004568
ENSG00000165630,PRPF18,ENSMICG00000006572
ENSG00000160392,C19orf47,ENSMICG00000016331
ENSG00000125459,MSTO1,ENSMICG00000028414
ENSG00000119203,CPSF3,ENSMICG00000002363
ENSG00000070526,ST6GALNAC1,ENSMICG00000030490
ENSG00000065000,AP3D1,ENSMICG00000015375
ENSG00000175093,SPSB4,ENSMICG00000049106
ENSG00000109762,SNX25,ENSMICG00000010874
ENSG00000243989,ACY1,ENSMICG00000002700
ENSG00000134242,PTPN22,ENSMICG00000001385
ENSG00000141485,SLC13A5,ENSMICG00000006629
ENSG00000175029,CTBP2,ENSMICG00000000275
ENSG00000034152,MAP2K3,ENSMICG00000037904
ENSG00000135736,CCDC102A,ENSMICG00000027073
ENSG00000164323,CFAP97,ENSMICG00000010870
ENSG00000109475,RPL34,ENSMICG00000042403
ENSG00000140694,PARN,ENSMICG00000016053
ENSG00000129116,PALLD,ENSMICG00000036078
ENSG00000176155,CCDC57,ENSMICG00000016752
ENSG00000142583,SLC2A5,ENSMICG00000006098
ENSG00000181396,OGFOD3,ENSMICG00000004525
ENSG00000164161,HHIP,ENSMICG00000003993
ENSG00000154222,CC2D1B,ENSMICG00000014142
ENSG00000167642,SPINT2,ENSMICG00000004416
ENSG00000163110,PDLIM5,ENSMICG00000012960
ENSG00000005961,ITGA2B,ENSMICG00000005146
ENSG00000160883,HK3,ENSMICG00000001910
ENSG00000198740,ZNF652,ENSMICG00000006959
ENSG00000167635,ZNF146,ENSMICG00000010269
ENSG00000091640,SPAG7,ENSMICG00000012527
ENSG00000162873,KLHDC8A,ENSMICG00000026896
ENSG00000099864,PALM,ENSMICG00000044367
ENSG00000113716,HMGXB3,ENSMICG00000002740
ENSG00000174282,ZBTB4,ENSMICG00000042619
ENSG00000141076,UTP4,ENSMICG00000009634
ENSG00000008382,MPND,ENSMICG00000038621
ENSG00000270885,RASL10B,ENSMICG00000034231
ENSG00000123977,DAW1,ENSMICG00000013275
ENSG00000169660,HEXD,ENSMICG00000004531
ENSG00000037241,RPL26L1,ENSMICG00000002762
ENSG00000144674,GOLGA4,ENSMICG00000049427
ENSG00000184584,STING1,ENSMICG00000030295
ENSG00000116750,UCHL5,ENSMICG00000027139
ENSG00000134352,IL6ST,ENSMICG00000011533
ENSG00000109107,ALDOC,ENSMICG00000016825
ENSG00000132026,RTBDN,ENSMICG00000028676
ENSG00000118307,DNAI7,ENSMICG00000001474
ENSG00000136717,BIN1,ENSMICG00000005344
ENSG00000145425,RPS3A,ENSMICG00000004921
ENSG00000065054,NHERF2,ENSMICG00000015931
ENSG00000134815,DHX34,ENSMICG00000011585
ENSG00000111321,LTBR,ENSMICG00000030640
ENSG00000137414,FAM8A1,ENSMICG00000045527
ENSG00000039650,PNKP,ENSMICG00000003120
ENSG00000079691,CARMIL1,ENSMICG00000006181
ENSG00000114423,CBLB,ENSMICG00000049194
ENSG00000167508,MVD,ENSMICG00000006723
ENSG00000170801,HTRA3,ENSMICG00000030499
ENSG00000174705,SH3PXD2B,ENSMICG00000011279
ENSG00000141542,RAB40B,ENSMICG00000045452
ENSG00000151229,SLC2A13,ENSMICG00000034052
ENSG00000178927,CYBC1,ENSMICG00000038561
ENSG00000165606,DRGX,ENSMICG00000045626
ENSG00000145920,CPLX2,ENSMICG00000047802
ENSG00000121940,CLCC1,ENSMICG00000008425
ENSG00000148719,DNAJB12,ENSMICG00000033013
ENSG00000174720,LARP7,ENSMICG00000031035
ENSG00000135655,USP15,ENSMICG00000000251
ENSG00000103066,PLA2G15,ENSMICG00000011407
ENSG00000077943,ITGA8,ENSMICG00000005791
ENSG00000113580,NR3C1,ENSMICG00000009473
ENSG00000180992,MRPL14,ENSMICG00000013022
ENSG00000096746,HNRNPH3,ENSMICG00000007581
ENSG00000103274,NUBP1,ENSMICG00000004056
ENSG00000108666,C17orf75,ENSMICG00000007788
ENSG00000162729,IGSF8,ENSMICG00000047269
ENSG00000175662,TOM1L2,ENSMICG00000012560
ENSG00000114812,VIPR1,ENSMICG00000049029
ENSG00000197444,OGDHL,ENSMICG00000008508
ENSG00000256870,SLC5A8,ENSMICG00000029503
ENSG00000183751,TBL3,ENSMICG00000012787
ENSG00000104884,ERCC2,ENSMICG00000000635
ENSG00000198673,TAFA2,ENSMICG00000045031
ENSG00000068383,INPP5A,ENSMICG00000047464
ENSG00000143207,COP1,ENSMICG00000008564
ENSG00000111671,SPSB2,ENSMICG00000001765
ENSG00000112936,C7,ENSMICG00000012365
ENSG00000111786,SRSF9,ENSMICG00000008674
ENSG00000111046,MYF6,ENSMICG00000004274
ENSG00000164024,METAP1,ENSMICG00000006107
ENSG00000196458,ZNF605,ENSMICG00000027486
ENSG00000157388,CACNA1D,ENSMICG00000017510
ENSG00000155324,GRAMD2B,ENSMICG00000007304
ENSG00000118596,SLC16A7,ENSMICG00000014669
ENSG00000163138,PACRGL,ENSMICG00000005651
ENSG00000138111,MFSD13A,ENSMICG00000011904
ENSG00000186115,CYP4F2,ENSMICG00000030878
ENSG00000088682,COQ9,ENSMICG00000004671
ENSG00000135452,TSPAN31,ENSMICG00000003778
ENSG00000164402,SEPTIN8,ENSMICG00000012498
ENSG00000169718,DUS1L,ENSMICG00000010159
ENSG00000107890,ANKRD26,ENSMICG00000037016
ENSG00000134531,EMP1,ENSMICG00000006874
ENSG00000184602,SNN,ENSMICG00000041957
ENSG00000158865,SLC5A11,ENSMICG00000005905
ENSG00000123106,CCDC91,ENSMICG00000043077
ENSG00000119929,CUTC,ENSMICG00000042705
ENSG00000069248,NUP133,ENSMICG00000007466
ENSG00000205089,CCNI2,ENSMICG00000045266
ENSG00000108309,RUNDC3A,ENSMICG00000005113
ENSG00000145632,PLK2,ENSMICG00000014702
ENSG00000076344,RGS11,ENSMICG00000010412
ENSG00000204681,GABBR1,ENSMICG00000001917
ENSG00000161618,ALDH16A1,ENSMICG00000027350
ENSG00000092841,MYL6,ENSMICG00000014433
ENSG00000131462,TUBG1,ENSMICG00000047848
ENSG00000167100,SAMD14,ENSMICG00000007228
ENSG00000120705,ETF1,ENSMICG00000012999
ENSG00000114054,PCCB,ENSMICG00000049498
ENSG00000162896,PIGR,ENSMICG00000046585
ENSG00000173918,C1QTNF1,ENSMICG00000003107
ENSG00000153885,KCTD15,ENSMICG00000034643
ENSG00000178187,ZNF454,ENSMICG00000032054
ENSG00000111361,EIF2B1,ENSMICG00000006480
ENSG00000083720,OXCT1,ENSMICG00000012578
ENSG00000171475,WIPF2,ENSMICG00000033471
ENSG00000004478,FKBP4,ENSMICG00000000096
ENSG00000166246,DNAAF8,ENSMICG00000015894
ENSG00000171517,LPAR3,ENSMICG00000034976
ENSG00000142230,SAE1,ENSMICG00000008807
ENSG00000102974,CTCF,ENSMICG00000012128
ENSG00000121957,GPSM2,ENSMICG00000043672
ENSG00000004975,DVL2,ENSMICG00000004315
ENSG00000151948,GLT1D1,ENSMICG00000011508
ENSG00000105647,PIK3R2,ENSMICG00000028339
ENSG00000153914,SREK1,ENSMICG00000034959
ENSG00000164111,ANXA5,ENSMICG00000010361
ENSG00000135597,REPS1,ENSMICG00000008982
ENSG00000102900,NUP93,ENSMICG00000010988
ENSG00000181481,RNF135,ENSMICG00000005151
ENSG00000105255,FSD1,ENSMICG00000000316
ENSG00000278535,DHRS11,ENSMICG00000004210
ENSG00000134255,CEPT1,ENSMICG00000011912
ENSG00000261371,PECAM1,ENSMICG00000032975
ENSG00000130307,USHBP1,ENSMICG00000008197
ENSG00000168314,MOBP,ENSMICG00000049047
ENSG00000197766,CFD,ENSMICG00000036263
ENSG00000188783,PRELP,ENSMICG00000029382
ENSG00000105197,TIMM50,ENSMICG00000006130
ENSG00000130695,CEP85,ENSMICG00000010799
ENSG00000073584,SMARCE1,ENSMICG00000030858
ENSG00000073711,PPP2R3A,ENSMICG00000049027
ENSG00000065268,WDR18,ENSMICG00000031438
ENSG00000205531,NAP1L4,ENSMICG00000003349
ENSG00000178028,DMAP1,ENSMICG00000013636
ENSG00000205423,CNEP1R1,ENSMICG00000038531
ENSG00000198189,HSD17B11,ENSMICG00000001078
ENSG00000144635,DYNC1LI1,ENSMICG00000049500
ENSG00000145214,DGKQ,ENSMICG00000012917
ENSG00000169189,NSMCE1,ENSMICG00000009548
ENSG00000169905,TOR1AIP2,ENSMICG00000006150
ENSG00000167380,ZNF226,ENSMICG00000016718
ENSG00000163788,SNRK,ENSMICG00000011612
ENSG00000090989,EXOC1,ENSMICG00000000681
ENSG00000140743,CDR2,ENSMICG00000045145
ENSG00000184307,ZDHHC23,ENSMICG00000049429
ENSG00000196154,S100A4,ENSMICG00000042495
ENSG00000183625,CCR3,ENSMICG00000049527
ENSG00000185621,LMLN,ENSMICG00000049402
ENSG00000180875,GREM2,ENSMICG00000044365
ENSG00000131781,FMO5,ENSMICG00000002485
ENSG00000105669,COPE,ENSMICG00000003630
ENSG00000173757,STAT5B,ENSMICG00000011988
ENSG00000196455,PIK3R4,ENSMICG00000049166
ENSG00000132334,PTPRE,ENSMICG00000044779
ENSG00000131759,RARA,ENSMICG00000029502
ENSG00000103034,NDRG4,ENSMICG00000007044
ENSG00000186625,KATNA1,ENSMICG00000006299
ENSG00000156990,RPUSD3,ENSMICG00000002315
ENSG00000117155,SSX2IP,ENSMICG00000031693
ENSG00000058063,ATP11B,ENSMICG00000049475
ENSG00000120254,MTHFD1L,ENSMICG00000004610
ENSG00000148482,SLC39A12,ENSMICG00000005988
ENSG00000109436,TBC1D9,ENSMICG00000009012
ENSG00000166135,HIF1AN,ENSMICG00000001348
ENSG00000204344,WHR1,ENSMICG00000016610
ENSG00000138801,PAPSS1,ENSMICG00000016262
ENSG00000153933,DGKE,ENSMICG00000000649
ENSG00000130640,TUBGCP2,ENSMICG00000010638
ENSG00000164530,PI16,ENSMICG00000045729
ENSG00000170310,STX8,ENSMICG00000007887
ENSG00000064999,ANKS1A,ENSMICG00000014070
ENSG00000244607,CCDC13,ENSMICG00000048524
ENSG00000144792,ZNF660,ENSMICG00000030782
ENSG00000068028,RASSF1,ENSMICG00000016362
ENSG00000125386,FAM193A,ENSMICG00000008863
ENSG00000128805,ARHGAP22,ENSMICG00000034089
ENSG00000169704,GP9,ENSMICG00000047442
ENSG00000176974,SHMT1,ENSMICG00000012800
ENSG00000132153,DHX30,ENSMICG00000008784
ENSG00000131236,CAP1,ENSMICG00000000248
ENSG00000184743,ATL3,ENSMICG00000015189
ENSG00000137710,RDX,ENSMICG00000011469
ENSG00000204130,RUFY2,ENSMICG00000007589
ENSG00000110880,CORO1C,ENSMICG00000037735
ENSG00000204348,DXO,ENSMICG00000016605
ENSG00000198546,ZNF511,ENSMICG00000000156
ENSG00000124786,SLC35B3,ENSMICG00000012644
ENSG00000150051,MKX,ENSMICG00000028783
ENSG00000134802,SLC43A3,ENSMICG00000004860
ENSG00000051382,PIK3CB,ENSMICG00000048990
ENSG00000136758,YME1L1,ENSMICG00000027309
ENSG00000142046,TMEM91,ENSMICG00000045784
ENSG00000138660,AP1AR,ENSMICG00000041446
ENSG00000086967,MYBPC2,ENSMICG00000002203
ENSG00000121892,PDS5A,ENSMICG00000010420
ENSG00000161813,LARP4,ENSMICG00000046883
ENSG00000185905,C16orf54,ENSMICG00000029914
ENSG00000133393,CEP20,ENSMICG00000026586
ENSG00000112414,ADGRG6,ENSMICG00000010198
ENSG00000120539,MASTL,ENSMICG00000009327
ENSG00000126457,PRMT1,ENSMICG00000030079
ENSG00000140688,RUSF1,ENSMICG00000006066
ENSG00000154822,PLCL2,ENSMICG00000049502
ENSG00000188316,ENO4,ENSMICG00000015619
ENSG00000133665,DYDC2,ENSMICG00000035424
ENSG00000166780,BMERB1,ENSMICG00000014789
ENSG00000151461,UPF2,ENSMICG00000001716
ENSG00000168447,SCNN1B,ENSMICG00000007684
ENSG00000204560,DHX16,ENSMICG00000014819
ENSG00000121879,PIK3CA,ENSMICG00000049155
ENSG00000160654,CD3G,ENSMICG00000034187
ENSG00000162129,CLPB,ENSMICG00000011735
ENSG00000079689,SCGN,ENSMICG00000006221
ENSG00000107651,SEC23IP,ENSMICG00000007551
ENSG00000204564,C6orf136,ENSMICG00000014805
ENSG00000105329,TGFB1,ENSMICG00000034161
ENSG00000164051,CCDC51,ENSMICG00000013899
ENSG00000112232,KHDRBS2,ENSMICG00000010315
ENSG00000130528,HRC,ENSMICG00000047576
ENSG00000237441,RGL2,ENSMICG00000000926
ENSG00000129197,RPAIN,ENSMICG00000012694
ENSG00000198093,ZNF649,ENSMICG00000042526
ENSG00000113924,HGD,ENSMICG00000049553
ENSG00000274523,RCC1L,ENSMICG00000015336
ENSG00000181852,RNF41,ENSMICG00000034714
ENSG00000089847,ANKRD24,ENSMICG00000001612
ENSG00000187535,IFT140,ENSMICG00000014051
ENSG00000121064,SCPEP1,ENSMICG00000000683
ENSG00000156515,HK1,ENSMICG00000015004
ENSG00000172725,CORO1B,ENSMICG00000004114
ENSG00000146535,GNA12,ENSMICG00000000898
ENSG00000167674,HDGFL2,ENSMICG00000000325
ENSG00000110958,PTGES3,ENSMICG00000001086
ENSG00000164638,SLC29A4,ENSMICG00000008173
ENSG00000163975,MELTF,ENSMICG00000049291
ENSG00000158006,PAFAH2,ENSMICG00000042351
ENSG00000154274,PGCKA1,ENSMICG00000041786
ENSG00000196704,AMZ2,ENSMICG00000029096
ENSG00000081800,SLC13A1,ENSMICG00000030478
ENSG00000164068,RNF123,ENSMICG00000010706
ENSG00000157570,TSPAN18,ENSMICG00000006504
ENSG00000100726,TELO2,ENSMICG00000000220
ENSG00000239857,GET4,ENSMICG00000026606
ENSG00000167528,ZNF641,ENSMICG00000007360
ENSG00000135324,MRAP2,ENSMICG00000012798
ENSG00000117266,CDK18,ENSMICG00000000060
ENSG00000112182,BACH2,ENSMICG00000033104
ENSG00000163072,NOSTRIN,ENSMICG00000017323
ENSG00000108604,SMARCD2,ENSMICG00000010005
ENSG00000139579,NABP2,ENSMICG00000046909
ENSG00000174945,AMZ1,ENSMICG00000000895
ENSG00000163104,SMARCAD1,ENSMICG00000009746
ENSG00000096070,BRPF3,ENSMICG00000001182
ENSG00000162174,ASRGL1,ENSMICG00000047676
ENSG00000167676,PLIN4,ENSMICG00000028930
ENSG00000171115,GIMAP8,ENSMICG00000015448
ENSG00000106105,GARS1,ENSMICG00000046006
ENSG00000018236,CNTN1,ENSMICG00000012376
ENSG00000126246,IGFLR1,ENSMICG00000032696
ENSG00000109944,JHY,ENSMICG00000004695
ENSG00000167703,SLC43A2,ENSMICG00000003877
ENSG00000131115,ZNF227,ENSMICG00000042316
ENSG00000108094,CUL2,ENSMICG00000000831
ENSG00000170962,PDGFD,ENSMICG00000002460
ENSG00000106302,HYAL4,ENSMICG00000030714
ENSG00000076053,RBM7,ENSMICG00000042981
ENSG00000214253,FIS1,ENSMICG00000031412
ENSG00000053900,ANAPC4,ENSMICG00000017188
ENSG00000069122,ADGRF5,ENSMICG00000017758
ENSG00000170892,TSEN34,ENSMICG00000002409
ENSG00000175274,TP53I11,ENSMICG00000033784
ENSG00000136243,NUP42,ENSMICG00000046211
ENSG00000115241,PPM1G,ENSMICG00000015895
ENSG00000204842,ATXN2,ENSMICG00000013541
ENSG00000186111,PIP5K1C,ENSMICG00000028246
ENSG00000108823,SGCA,ENSMICG00000007247
ENSG00000006747,SCIN,ENSMICG00000029127
ENSG00000171208,NETO2,ENSMICG00000029065
ENSG00000172893,DHCR7,ENSMICG00000017094
ENSG00000179144,GIMAP7,ENSMICG00000043921
ENSG00000158769,F11R,ENSMICG00000007190
ENSG00000102921,N4BP1,ENSMICG00000035077
ENSG00000128595,CALU,ENSMICG00000000120
ENSG00000133195,SLC39A11,ENSMICG00000007456
ENSG00000075399,VPS9D1,ENSMICG00000003280
ENSG00000135899,SP110,ENSMICG00000015664
ENSG00000121486,TRMT1L,ENSMICG00000009494
ENSG00000073670,ADAM11,ENSMICG00000016353
ENSG00000172197,MBOAT1,ENSMICG00000032110
ENSG00000176046,NUPR1,ENSMICG00000043997
ENSG00000248098,BCKDHA,ENSMICG00000002010
ENSG00000102878,HSF4,ENSMICG00000007714
ENSG00000079819,EPB41L2,ENSMICG00000015238
ENSG00000082512,TRAF5,ENSMICG00000010432
ENSG00000127884,ECHS1,ENSMICG00000029667
ENSG00000184619,KRBA2,ENSMICG00000027228
ENSG00000007062,PROM1,ENSMICG00000016967
ENSG00000154240,CEP112,ENSMICG00000013222
ENSG00000068831,RASGRP2,ENSMICG00000034620
ENSG00000168395,ING5,ENSMICG00000028191
ENSG00000186474,KLK12,ENSMICG00000016902
ENSG00000156374,PCGF6,ENSMICG00000034497
ENSG00000106348,IMPDH1,ENSMICG00000000111
ENSG00000173846,PLK3,ENSMICG00000008050
ENSG00000103064,SLC7A6,ENSMICG00000011413
ENSG00000167658,EEF2,ENSMICG00000012772
ENSG00000156931,VPS8,ENSMICG00000048987
ENSG00000120594,PLXDC2,ENSMICG00000001136
ENSG00000003402,CFLAR,ENSMICG00000004452
ENSG00000168404,MLKL,ENSMICG00000012237
ENSG00000160049,DFFA,ENSMICG00000041519
ENSG00000108511,HOXB6,ENSMICG00000042216
ENSG00000107960,STN1,ENSMICG00000012547
ENSG00000272636,DOC2B,ENSMICG00000026925
ENSG00000154099,DNAAF1,ENSMICG00000012338
ENSG00000124422,USP22,ENSMICG00000009998
ENSG00000159166,LAD1,ENSMICG00000026613
ENSG00000167476,JSRP1,ENSMICG00000015467
ENSG00000197343,ZNF655,ENSMICG00000006010
ENSG00000198046,ZNF667,ENSMICG00000030534
ENSG00000133392,MYH11,ENSMICG00000007881
ENSG00000148842,CNNM2,ENSMICG00000012298
ENSG00000108239,TBC1D12,ENSMICG00000005577
ENSG00000117625,RCOR3,ENSMICG00000010429
ENSG00000006282,SPATA20,ENSMICG00000009762
ENSG00000060971,ACAA1,ENSMICG00000049114
ENSG00000126460,PRRG2,ENSMICG00000009845
ENSG00000155229,MMS19,ENSMICG00000007678
ENSG00000168090,COPS6,ENSMICG00000003965
ENSG00000154096,THY1,ENSMICG00000045672
ENSG00000013441,CLK1,ENSMICG00000003361
ENSG00000131408,NR1H2,ENSMICG00000002174
ENSG00000173120,KDM2A,ENSMICG00000004044
ENSG00000158715,SLC45A3,ENSMICG00000037193
ENSG00000172819,RARG,ENSMICG00000014220
ENSG00000118263,KLF7,ENSMICG00000037405
ENSG00000136193,SCRN1,ENSMICG00000012191
ENSG00000198860,TSEN15,ENSMICG00000047404
ENSG00000106100,NOD1,ENSMICG00000012125
ENSG00000114982,KANSL3,ENSMICG00000012534
ENSG00000074201,CLNS1A,ENSMICG00000047894
ENSG00000121481,RNF2,ENSMICG00000031722
ENSG00000163430,FSTL1,ENSMICG00000049203
ENSG00000141219,MTNAP1,ENSMICG00000043063
ENSG00000163902,RPN1,ENSMICG00000044691
ENSG00000166527,CLEC4D,ENSMICG00000028843
ENSG00000106049,HIBADH,ENSMICG00000032390
ENSG00000111783,RFX4,ENSMICG00000008937
ENSG00000275700,AATF,ENSMICG00000004226
ENSG00000164124,TMEM144,ENSMICG00000038016
ENSG00000173540,GMPPB,ENSMICG00000010738
ENSG00000149269,PAK1,ENSMICG00000015365
ENSG00000197063,MAFG,ENSMICG00000037828
ENSG00000168389,MFSD2A,ENSMICG00000016306
ENSG00000168256,NKIRAS2,ENSMICG00000044707
ENSG00000197461,PDGFA,ENSMICG00000036157
ENSG00000135506,OS9,ENSMICG00000003746
ENSG00000108107,RPL28,ENSMICG00000033709
ENSG00000204278,TMEM235,ENSMICG00000003104
ENSG00000144021,CIAO1,ENSMICG00000004701
ENSG00000159640,ACE,ENSMICG00000003785
ENSG00000144320,LNPK,ENSMICG00000027707
ENSG00000143409,MINDY1,ENSMICG00000000449
ENSG00000136280,CCM2,ENSMICG00000008829
ENSG00000160013,PTGIR,ENSMICG00000029447
ENSG00000131400,NAPSA,ENSMICG00000027842
ENSG00000085871,MGST2,ENSMICG00000007060
ENSG00000243943,ZNF512,ENSMICG00000014941
ENSG00000163697,APBB2,ENSMICG00000011164
ENSG00000185519,FAM131C,ENSMICG00000017851
ENSG00000181031,RPH3AL,ENSMICG00000044522
ENSG00000233493,TMEM238,ENSMICG00000000995
ENSG00000224420,ADM5,ENSMICG00000044006
ENSG00000143367,TUFT1,ENSMICG00000016784
ENSG00000099331,MYO9B,ENSMICG00000013974
ENSG00000138031,ADCY3,ENSMICG00000001584
ENSG00000073849,ST6GAL1,ENSMICG00000049172
ENSG00000107968,MAP3K8,ENSMICG00000003305
ENSG00000214102,WEE2,ENSMICG00000045942
ENSG00000105997,HOXA3,ENSMICG00000030351
ENSG00000119912,IDE,ENSMICG00000012894
ENSG00000156928,MALSU1,ENSMICG00000033474
ENSG00000087085,ACHE,ENSMICG00000034304
ENSG00000110660,SLC35F2,ENSMICG00000000245
ENSG00000168765,GSTM4,ENSMICG00000005181
ENSG00000196511,TPK1,ENSMICG00000002272
ENSG00000157353,FCSK,ENSMICG00000001338
ENSG00000110786,PTPN5,ENSMICG00000017605
ENSG00000158796,DEDD,ENSMICG00000007248
ENSG00000234906,APOC2,ENSMICG00000030597
ENSG00000107566,ERLIN1,ENSMICG00000038590
ENSG00000128626,MRPS12,ENSMICG00000045111
ENSG00000225663,MCRIP1,ENSMICG00000028892
ENSG00000105486,LIG1,ENSMICG00000007160
ENSG00000106400,ZNHIT1,ENSMICG00000016065
ENSG00000145375,AFG2A,ENSMICG00000010729
ENSG00000169313,P2RY12,ENSMICG00000048971
ENSG00000023228,NDUFS1,ENSMICG00000010601
ENSG00000106565,TMEM176B,ENSMICG00000042311
ENSG00000061918,GUCY1B1,ENSMICG00000015314
ENSG00000166801,FAM111A,ENSMICG00000027976
ENSG00000272573,MUSTN1,ENSMICG00000026959
ENSG00000166579,NDEL1,ENSMICG00000002767
ENSG00000176142,TMEM39A,ENSMICG00000049505
ENSG00000150773,PIH1D2,ENSMICG00000015880
ENSG00000197769,MAP1LC3C,ENSMICG00000041705
ENSG00000171161,ZNF672,ENSMICG00000000269
ENSG00000103168,TAF1C,ENSMICG00000012355
ENSG00000029153,BMAL2,ENSMICG00000007583
ENSG00000109099,PMP22,ENSMICG00000034108
ENSG00000065154,OAT,ENSMICG00000003894
ENSG00000121210,TMEM131L,ENSMICG00000003179
ENSG00000143850,PLEKHA6,ENSMICG00000016918
ENSG00000138107,ACTR1A,ENSMICG00000011929
ENSG00000135127,BICDL1,ENSMICG00000012455
ENSG00000166321,NUDT13,ENSMICG00000013860
ENSG00000105983,LMBR1,ENSMICG00000015471
ENSG00000108679,LGALS3BP,ENSMICG00000041643
ENSG00000151491,EPS8,ENSMICG00000001968
ENSG00000111912,NCOA7,ENSMICG00000014076
ENSG00000159714,ZDHHC1,ENSMICG00000012064
ENSG00000187091,PLCD1,ENSMICG00000049360
ENSG00000137221,TJAP1,ENSMICG00000005000
ENSG00000221946,FXYD7,ENSMICG00000046315
ENSG00000169727,GPS1,ENSMICG00000010127
ENSG00000118162,KPTN,ENSMICG00000026946
ENSG00000015171,ZMYND11,ENSMICG00000010021
ENSG00000102854,MSLN,ENSMICG00000033271
ENSG00000077009,NMRK2,ENSMICG00000037967
ENSG00000128604,IRF5,ENSMICG00000000138
ENSG00000186017,ZNF566,ENSMICG00000006320
ENSG00000132016,BRME1,ENSMICG00000013478
ENSG00000197756,RPL37A,ENSMICG00000008988
ENSG00000114166,KAT2B,ENSMICG00000049426
ENSG00000130755,GMFG,ENSMICG00000000213
ENSG00000138061,CYP1B1,ENSMICG00000027888
ENSG00000143390,RFX5,ENSMICG00000038126
ENSG00000184378,ACTRT3,ENSMICG00000049217
ENSG00000162267,ITIH3,ENSMICG00000013675
ENSG00000115289,PCGF1,ENSMICG00000006222
ENSG00000006611,USH1C,ENSMICG00000005547
ENSG00000185163,DDX51,ENSMICG00000037047
ENSG00000012061,ERCC1,ENSMICG00000001806
ENSG00000135297,MTO1,ENSMICG00000032161
ENSG00000105993,DNAJB6,ENSMICG00000028496
ENSG00000171103,TRMT61B,ENSMICG00000014265
ENSG00000114268,PFKFB4,ENSMICG00000026538
ENSG00000135945,REV1,ENSMICG00000015977
ENSG00000198040,ZNF84,ENSMICG00000031977
ENSG00000211455,STK38L,ENSMICG00000027059
ENSG00000167770,OTUB1,ENSMICG00000016916
ENSG00000143393,PI4KB,ENSMICG00000016139
ENSG00000120457,KCNJ5,ENSMICG00000016759
ENSG00000166025,AMOTL1,ENSMICG00000001878
ENSG00000177575,CD163,ENSMICG00000005428
ENSG00000121073,SLC35B1,ENSMICG00000016462
ENSG00000076706,MCAM,ENSMICG00000045946
ENSG00000002933,TMEM176A,ENSMICG00000008154
ENSG00000110274,CEP164,ENSMICG00000041400
ENSG00000125449,ARMC7,ENSMICG00000043029
ENSG00000066405,CLDN18,ENSMICG00000049021
ENSG00000198863,RUNDC1,ENSMICG00000014204
ENSG00000053328,METTL24,ENSMICG00000041949
ENSG00000143952,VPS54,ENSMICG00000035608
ENSG00000167080,B4GALNT2,ENSMICG00000008596
ENSG00000186340,THBS2,ENSMICG00000009323
ENSG00000110844,PRPF40B,ENSMICG00000005196
ENSG00000072864,NDE1,ENSMICG00000007873
ENSG00000152952,PLOD2,ENSMICG00000049252
ENSG00000090006,LTBP4,ENSMICG00000009701
ENSG00000141552,ANAPC11,ENSMICG00000045567
ENSG00000151503,NCAPD3,ENSMICG00000005023
ENSG00000144357,UBR3,ENSMICG00000029207
ENSG00000085377,PREP,ENSMICG00000000906
ENSG00000241468,ATP5MF,ENSMICG00000044867
ENSG00000103227,LMF1,ENSMICG00000006317
ENSG00000143164,DCAF6,ENSMICG00000011699
ENSG00000105875,WDR91,ENSMICG00000001656
ENSG00000141013,GAS8,ENSMICG00000013982
ENSG00000008394,MGST1,ENSMICG00000031844
ENSG00000115295,CLIP4,ENSMICG00000000629
ENSG00000124780,KCNK17,ENSMICG00000033815
ENSG00000052344,PRSS8,ENSMICG00000001631
ENSG00000118407,FILIP1,ENSMICG00000031943
ENSG00000124587,PEX6,ENSMICG00000008232
ENSG00000146755,TRIM50,ENSMICG00000009226
ENSG00000124067,SLC12A4,ENSMICG00000012297
ENSG00000137507,LRRC32,ENSMICG00000026468
ENSG00000111731,C2CD5,ENSMICG00000002294
ENSG00000135218,CD36,ENSMICG00000005187
ENSG00000133316,WDR74,ENSMICG00000017388
ENSG00000125458,NT5C,ENSMICG00000017488
ENSG00000130810,PPAN,ENSMICG00000047321
ENSG00000170542,SERPINB9,ENSMICG00000032410
ENSG00000196535,MYO18A,ENSMICG00000013997
ENSG00000189164,ZNF527,ENSMICG00000006892
ENSG00000151502,VPS26B,ENSMICG00000030270
ENSG00000213722,DDAH2,ENSMICG00000036019
ENSG00000142409,ZNF787,ENSMICG00000042044
ENSG00000125734,GPR108,ENSMICG00000042263
ENSG00000167771,RCOR2,ENSMICG00000016903
ENSG00000182272,B4GALNT4,ENSMICG00000031585
ENSG00000112079,STK38,ENSMICG00000035391
ENSG00000204257,HLA-DMA,ENSMICG00000010132
ENSG00000135596,MICAL1,ENSMICG00000014458
ENSG00000151348,EXT2,ENSMICG00000014680
ENSG00000070950,RAD18,ENSMICG00000013536
ENSG00000198440,ZNF583,ENSMICG00000007642
ENSG00000079263,SP140,ENSMICG00000045363
ENSG00000104783,KCNN4,ENSMICG00000027506
ENSG00000103415,HMOX2,ENSMICG00000017824
ENSG00000181092,ADIPOQ,ENSMICG00000049529
ENSG00000168026,TTC21A,ENSMICG00000049173
ENSG00000104853,CLPTM1,ENSMICG00000006981
ENSG00000109072,VTN,ENSMICG00000005099
ENSG00000110328,GALNT18,ENSMICG00000017614
ENSG00000144959,NCEH1,ENSMICG00000049131
ENSG00000087111,PIGS,ENSMICG00000034463
ENSG00000114770,ABCC5,ENSMICG00000049116
ENSG00000050165,DKK3,ENSMICG00000004271
ENSG00000167685,ZNF444,ENSMICG00000017167
ENSG00000108771,DHX58,ENSMICG00000011933
ENSG00000104879,CKM,ENSMICG00000000625
ENSG00000168288,MMADHC,ENSMICG00000005952
ENSG00000161031,PGLYRP2,ENSMICG00000012782
ENSG00000185615,PDIA2,ENSMICG00000037095
ENSG00000155592,ZKSCAN2,ENSMICG00000038553
ENSG00000184009,ACTG1,ENSMICG00000014863
ENSG00000105643,ARRDC2,ENSMICG00000048039
ENSG00000162065,TBC1D24,ENSMICG00000017095
ENSG00000115841,RMDN2,ENSMICG00000038134
ENSG00000140682,TGFB1I1,ENSMICG00000006055
ENSG00000062822,POLD1,ENSMICG00000002185
ENSG00000272886,DCP1A,ENSMICG00000010929
ENSG00000162889,MAPKAPK2,ENSMICG00000008345
ENSG00000172243,CLEC7A,ENSMICG00000026634
ENSG00000162227,TAF6L,ENSMICG00000036223
ENSG00000168917,SLC35G2,ENSMICG00000049407
ENSG00000130762,ARHGEF16,ENSMICG00000035816
ENSG00000239305,RNF103,ENSMICG00000038067
ENSG00000170581,STAT2,ENSMICG00000000089
ENSG00000006607,FARP2,ENSMICG00000012071
ENSG00000110429,FBXO3,ENSMICG00000012713
ENSG00000116478,HDAC1,ENSMICG00000030935
ENSG00000162032,SPSB3,ENSMICG00000002122
ENSG00000141030,COPS3,ENSMICG00000000153
ENSG00000197580,BCO2,ENSMICG00000008638
ENSG00000175048,ZDHHC14,ENSMICG00000008645
ENSG00000117143,UAP1,ENSMICG00000028400
ENSG00000135521,LTV1,ENSMICG00000009827
ENSG00000114745,GORASP1,ENSMICG00000049376
ENSG00000161999,JMJD8,ENSMICG00000010570
ENSG00000137409,MTCH1,ENSMICG00000000977
ENSG00000126749,EMG1,ENSMICG00000001790
ENSG00000138385,SSB,ENSMICG00000033304
ENSG00000137310,TCF19,ENSMICG00000037849
ENSG00000174233,ADCY6,ENSMICG00000011825
ENSG00000112655,PTK7,ENSMICG00000008302
ENSG00000084090,STARD7,ENSMICG00000012058
ENSG00000073921,PICALM,ENSMICG00000017261
ENSG00000198520,ARMH1,ENSMICG00000013700
ENSG00000135476,ESPL1,ENSMICG00000014243
ENSG00000103266,STUB1,ENSMICG00000010559
ENSG00000181856,SLC2A4,ENSMICG00000012447
ENSG00000176597,B3GNT5,ENSMICG00000049049
ENSG00000058668,ATP2B4,ENSMICG00000015476
ENSG00000162924,REL,ENSMICG00000010062
ENSG00000198336,MYL4,ENSMICG00000010780
ENSG00000114331,ACAP2,ENSMICG00000048919
ENSG00000139163,ETNK1,ENSMICG00000009917
ENSG00000058600,POLR3E,ENSMICG00000015231
ENSG00000139405,RITA1,ENSMICG00000043183
ENSG00000055332,EIF2AK2,ENSMICG00000003317
ENSG00000004142,POLDIP2,ENSMICG00000005078
ENSG00000070961,ATP2B1,ENSMICG00000005120
ENSG00000087903,RFX2,ENSMICG00000004022
ENSG00000186532,SMYD4,ENSMICG00000000175
ENSG00000143457,GOLPH3L,ENSMICG00000027785
ENSG00000171790,SLFNL1,ENSMICG00000012368
ENSG00000167281,RBFOX3,ENSMICG00000014898
ENSG00000163913,IFT122,ENSMICG00000008033
ENSG00000077549,CAPZB,ENSMICG00000014212
ENSG00000104888,SLC17A7,ENSMICG00000030896
ENSG00000177990,DPY19L2,ENSMICG00000028498
ENSG00000170049,KCNAB3,ENSMICG00000008830
ENSG00000133317,LGALS12,ENSMICG00000010263
ENSG00000031698,SARS1,ENSMICG00000047557
ENSG00000109079,TNFAIP1,ENSMICG00000027414
ENSG00000120262,CCDC170,ENSMICG00000029885
ENSG00000163541,SUCLG1,ENSMICG00000005754
ENSG00000109906,ZBTB16,ENSMICG00000010072
ENSG00000130348,QRSL1,ENSMICG00000015754
ENSG00000154174,TOMM70,ENSMICG00000049013
ENSG00000197912,SPG7,ENSMICG00000008180
ENSG00000204574,ABCF1,ENSMICG00000014745
ENSG00000196510,ANAPC7,ENSMICG00000005476
ENSG00000105705,SUGP1,ENSMICG00000047505
ENSG00000109111,SUPT6H,ENSMICG00000016884
ENSG00000071282,LMCD1,ENSMICG00000000396
ENSG00000187231,SESTD1,ENSMICG00000016724
ENSG00000133321,PLAAT4,ENSMICG00000044321
ENSG00000075239,ACAT1,ENSMICG00000000380
ENSG00000077097,TOP2B,ENSMICG00000049035
ENSG00000186283,TOR3A,ENSMICG00000004404
ENSG00000011523,CEP68,ENSMICG00000037255
ENSG00000153956,CACNA2D1,ENSMICG00000032377
ENSG00000059588,TARBP1,ENSMICG00000015280
ENSG00000110057,UNC93B1,ENSMICG00000009511
ENSG00000163328,GPR155,ENSMICG00000000369
ENSG00000135678,CPM,ENSMICG00000043668
ENSG00000178078,STAP2,ENSMICG00000028853
ENSG00000172830,SSH3,ENSMICG00000004087
ENSG00000130340,SNX9,ENSMICG00000008656
ENSG00000265808,SEC22B,ENSMICG00000027609
ENSG00000130023,ERMARD,ENSMICG00000013232
ENSG00000111144,LTA4H,ENSMICG00000012198
ENSG00000198797,BRINP2,ENSMICG00000006000
ENSG00000197024,ZNF398,ENSMICG00000034934
ENSG00000091140,DLD,ENSMICG00000036659
ENSG00000143643,TTC13,ENSMICG00000004208
ENSG00000241553,ARPC4,ENSMICG00000046050
ENSG00000131097,HIGD1B,ENSMICG00000016587
ENSG00000019485,PRDM11,ENSMICG00000014133
ENSG00000124839,RAB17,ENSMICG00000038213
ENSG00000172543,CTSW,ENSMICG00000029293
ENSG00000141127,PRPSAP2,ENSMICG00000031568
ENSG00000171148,TADA3,ENSMICG00000012205
ENSG00000250067,YJEFN3,ENSMICG00000043804
ENSG00000146457,WTAP,ENSMICG00000007978
ENSG00000110675,ELMOD1,ENSMICG00000001050
ENSG00000138035,PNPT1,ENSMICG00000009369
ENSG00000256269,HMBS,ENSMICG00000002715
ENSG00000078401,EDN1,ENSMICG00000035008
ENSG00000182580,EPHB3,ENSMICG00000049312
ENSG00000166501,PRKCB,ENSMICG00000008028
ENSG00000118503,TNFAIP3,ENSMICG00000013965
ENSG00000183696,UPP1,ENSMICG00000015020
ENSG00000163636,PSMD6,ENSMICG00000014542
ENSG00000118495,PLAGL1,ENSMICG00000026500
ENSG00000077463,SIRT6,ENSMICG00000003439
ENSG00000160808,MYL3,ENSMICG00000017651
ENSG00000131148,EMC8,ENSMICG00000010795
ENSG00000135763,URB2,ENSMICG00000033302
ENSG00000139626,ITGB7,ENSMICG00000014197
ENSG00000167191,GPRC5B,ENSMICG00000011128
ENSG00000187608,ISG15,ENSMICG00000028931
ENSG00000152904,GGPS1,ENSMICG00000007369
ENSG00000130005,GAMT,ENSMICG00000044941
ENSG00000159164,SV2A,ENSMICG00000000293
ENSG00000039523,RIPOR1,ENSMICG00000012105
ENSG00000075790,BCAP29,ENSMICG00000012912
ENSG00000163681,SLMAP,ENSMICG00000013367
ENSG00000105655,ISYNA1,ENSMICG00000017023
ENSG00000116711,PLA2G4A,ENSMICG00000015957
ENSG00000175224,ATG13,ENSMICG00000006905
ENSG00000157837,SPPL3,ENSMICG00000008710
ENSG00000006451,RALA,ENSMICG00000038516
ENSG00000069702,TGFBR3,ENSMICG00000044508
ENSG00000173208,ABCD2,ENSMICG00000033054
ENSG00000115204,MPV17,ENSMICG00000017116
ENSG00000171130,ATP6V0E2,ENSMICG00000044948
ENSG00000106018,VIPR2,ENSMICG00000029297
ENSG00000102189,EEA1,ENSMICG00000015611
ENSG00000106327,TFR2,ENSMICG00000009350
ENSG00000135093,USP30,ENSMICG00000017625
ENSG00000141294,LRRC46,ENSMICG00000004816
ENSG00000133026,MYH10,ENSMICG00000002773
ENSG00000263528,IKBKE,ENSMICG00000010881
ENSG00000242173,ARHGDIG,ENSMICG00000010430
ENSG00000151148,UBE3B,ENSMICG00000017632
ENSG00000214097,SMCO1,ENSMICG00000048879
ENSG00000119227,PIGZ,ENSMICG00000049336
ENSG00000168334,XIRP1,ENSMICG00000049415
ENSG00000144655,CSRNP1,ENSMICG00000048986
ENSG00000154743,TSEN2,ENSMICG00000016672
ENSG00000134202,GSTM3,ENSMICG00000035583
ENSG00000140650,PMM2,ENSMICG00000035678
ENSG00000153558,FBXL2,ENSMICG00000049212
ENSG00000163531,NFASC,ENSMICG00000013137
ENSG00000065457,ADAT1,ENSMICG00000011987
ENSG00000103326,CAPN15,ENSMICG00000027225
ENSG00000163512,AZI2,ENSMICG00000049570
ENSG00000115665,SLC5A7,ENSMICG00000035850
ENSG00000125124,BBS2,ENSMICG00000003876
ENSG00000136240,KDELR2,ENSMICG00000014334
ENSG00000171551,ECEL1,ENSMICG00000012136
ENSG00000166006,KCNC2,ENSMICG00000017734
ENSG00000162458,FBLIM1,ENSMICG00000007384
ENSG00000105856,HBP1,ENSMICG00000012858
ENSG00000138495,COX17,ENSMICG00000049148
ENSG00000184967,NOC4L,ENSMICG00000011789
ENSG00000130304,SLC27A1,ENSMICG00000003391
ENSG00000163935,SFMBT1,ENSMICG00000006897
ENSG00000115808,STRN,ENSMICG00000008661
ENSG00000182196,ARL6IP4,ENSMICG00000032330
ENSG00000163719,MTMR14,ENSMICG00000015187
ENSG00000105379,ETFB,ENSMICG00000015607
ENSG00000115419,GLS,ENSMICG00000033959
ENSG00000197782,ZNF780A,ENSMICG00000029933
ENSG00000234545,FAM133B,ENSMICG00000029896
ENSG00000136630,HLX,ENSMICG00000028264
ENSG00000117010,ZNF684,ENSMICG00000044852
ENSG00000072062,PRKACA,ENSMICG00000036023
ENSG00000084676,NCOA1,ENSMICG00000037585
ENSG00000173039,RELA,ENSMICG00000008872
ENSG00000129351,ILF3,ENSMICG00000009694
ENSG00000153207,AHCTF1,ENSMICG00000014617
ENSG00000011638,LDAF1,ENSMICG00000015039
ENSG00000074660,SCARF1,ENSMICG00000003881
ENSG00000078487,ZCWPW1,ENSMICG00000003360
ENSG00000087263,OGFOD1,ENSMICG00000003868
ENSG00000163536,SERPINI1,ENSMICG00000049293
ENSG00000141699,RETREG3,ENSMICG00000046440
ENSG00000137731,FXYD2,ENSMICG00000043431
ENSG00000156171,DRAM2,ENSMICG00000011901
ENSG00000108587,GOSR1,ENSMICG00000007911
ENSG00000132604,TERF2,ENSMICG00000029828
ENSG00000157445,CACNA2D3,ENSMICG00000012353
ENSG00000188037,CLCN1,ENSMICG00000015526
ENSG00000256223,ZNF10,ENSMICG00000015899
ENSG00000005187,ACSM3,ENSMICG00000030875
ENSG00000163093,BBS5,ENSMICG00000029865
ENSG00000254772,EEF1G,ENSMICG00000009834
ENSG00000138468,SENP7,ENSMICG00000049322
ENSG00000105866,SP4,ENSMICG00000034088
ENSG00000129657,SEC14L1,ENSMICG00000012145
ENSG00000089163,SIRT4,ENSMICG00000012576
ENSG00000105793,GTPBP10,ENSMICG00000010172
ENSG00000169991,IFFO2,ENSMICG00000031817
ENSG00000196208,GREB1,ENSMICG00000017707
ENSG00000009780,FAM76A,ENSMICG00000038656
ENSG00000051825,MPHOSPH9,ENSMICG00000006531
ENSG00000180423,HARBI1,ENSMICG00000029266
ENSG00000164692,COL1A2,ENSMICG00000008483
ENSG00000137478,FCHSD2,ENSMICG00000012437
ENSG00000008869,HEATR5B,ENSMICG00000003296
ENSG00000116791,CRYZ,ENSMICG00000015873
ENSG00000114450,GNB4,ENSMICG00000049251
ENSG00000105755,ETHE1,ENSMICG00000014648
ENSG00000058272,PPP1R12A,ENSMICG00000032335
ENSG00000114767,RRP9,ENSMICG00000017291
ENSG00000130309,COLGALT1,ENSMICG00000037557
ENSG00000105700,KXD1,ENSMICG00000045924
ENSG00000182983,ZNF662,ENSMICG00000049128
ENSG00000115762,PLEKHB2,ENSMICG00000031046
ENSG00000102890,ELMO3,ENSMICG00000007753
ENSG00000160801,PTH1R,ENSMICG00000017652
ENSG00000087095,NLK,ENSMICG00000033073
ENSG00000175264,CHST1,ENSMICG00000037424
ENSG00000164896,FASTK,ENSMICG00000004757
ENSG00000177427,MIEF2,ENSMICG00000012754
ENSG00000134910,STT3A,ENSMICG00000003036
ENSG00000179715,PCED1B,ENSMICG00000033652
ENSG00000108557,RAI1,ENSMICG00000038132
ENSG00000139629,GALNT6,ENSMICG00000003536
ENSG00000013306,SLC25A39,ENSMICG00000005118
ENSG00000181666,ZNF875,ENSMICG00000010166
ENSG00000213658,LAT,ENSMICG00000043017
ENSG00000013374,NUB1,ENSMICG00000004796
ENSG00000105520,PLPPR2,ENSMICG00000036197
ENSG00000116237,ICMT,ENSMICG00000009430
ENSG00000171860,C3AR1,ENSMICG00000035199
ENSG00000116353,MECR,ENSMICG00000008974
ENSG00000111641,NOP2,ENSMICG00000006570
ENSG00000127616,SMARCA4,ENSMICG00000009806
ENSG00000116044,NFE2L2,ENSMICG00000009559
ENSG00000102996,MMP15,ENSMICG00000017360
ENSG00000010318,PHF7,ENSMICG00000002810
ENSG00000103423,DNAJA3,ENSMICG00000017821
ENSG00000170325,PRDM10,ENSMICG00000013888
ENSG00000119535,CSF3R,ENSMICG00000007970
ENSG00000206561,COLQ,ENSMICG00000049255
ENSG00000058804,NDC1,ENSMICG00000014272
ENSG00000172992,DCAKD,ENSMICG00000030498
ENSG00000115415,STAT1,ENSMICG00000002941
ENSG00000153767,GTF2E1,ENSMICG00000049416
ENSG00000165171,METTL27,ENSMICG00000006448
ENSG00000071189,SNX13,ENSMICG00000014067
ENSG00000178921,PFAS,ENSMICG00000013822
ENSG00000177600,RPLP2,ENSMICG00000011364
ENSG00000122417,ODF2L,ENSMICG00000015848
ENSG00000135365,PHF21A,ENSMICG00000014259
ENSG00000181722,ZBTB20,ENSMICG00000049480
ENSG00000161944,ASGR2,ENSMICG00000012091
ENSG00000127955,GNAI1,ENSMICG00000042811
ENSG00000139211,AMIGO2,ENSMICG00000016826
ENSG00000151239,TWF1,ENSMICG00000032658
ENSG00000153187,HNRNPU,ENSMICG00000004616
ENSG00000106066,CPVL,ENSMICG00000037854
ENSG00000214376,VSTM5,ENSMICG00000045625
ENSG00000137634,NXPE4,ENSMICG00000004444
ENSG00000136052,SLC41A2,ENSMICG00000011700
ENSG00000062282,DGAT2,ENSMICG00000015277
ENSG00000179195,ZNF664,ENSMICG00000044061
ENSG00000085741,WNT11,ENSMICG00000015306
ENSG00000064201,TSPAN32,ENSMICG00000045977
ENSG00000135723,FHOD1,ENSMICG00000007774
ENSG00000127324,TSPAN8,ENSMICG00000032193
ENSG00000125447,GGA3,ENSMICG00000007579
ENSG00000197362,ZNF786,ENSMICG00000036503
ENSG00000135374,ELF5,ENSMICG00000003689
ENSG00000119242,CCDC92,ENSMICG00000006578
ENSG00000136271,DDX56,ENSMICG00000005550
ENSG00000115084,SLC35F5,ENSMICG00000010476
ENSG00000174744,BRMS1,ENSMICG00000015290
ENSG00000173905,GOLIM4,ENSMICG00000048403
ENSG00000158545,ZC3H18,ENSMICG00000006699
ENSG00000079337,RAPGEF3,ENSMICG00000008955
ENSG00000213619,NDUFS3,ENSMICG00000045989
ENSG00000122420,PTGFR,ENSMICG00000035932
ENSG00000143420,ENSA,ENSMICG00000004996
ENSG00000158467,AHCYL2,ENSMICG00000015985
ENSG00000133318,RTN3,ENSMICG00000015208
ENSG00000188554,NBR1,ENSMICG00000029916
ENSG00000163399,ATP1A1,ENSMICG00000011083
ENSG00000140931,CMTM3,ENSMICG00000005745
ENSG00000144591,GMPPA,ENSMICG00000001329
ENSG00000225697,SLC26A6,ENSMICG00000027204
ENSG00000173898,SPTBN2,ENSMICG00000003823
ENSG00000128573,FOXP2,ENSMICG00000003648
ENSG00000129910,CDH15,ENSMICG00000015535
ENSG00000143815,LBR,ENSMICG00000010070
ENSG00000135709,KIAA0513,ENSMICG00000011210
ENSG00000064309,CDON,ENSMICG00000004084
ENSG00000135409,AMHR2,ENSMICG00000011633
ENSG00000204991,SPIRE2,ENSMICG00000000077
ENSG00000198746,GPATCH3,ENSMICG00000015656
ENSG00000094963,FMO2,ENSMICG00000017108
ENSG00000089053,ANAPC5,ENSMICG00000002234
ENSG00000102910,LONP2,ENSMICG00000014752
ENSG00000135622,SEMA4F,ENSMICG00000035174
ENSG00000108389,MTMR4,ENSMICG00000016029
ENSG00000115183,TANC1,ENSMICG00000010481
ENSG00000157193,LRP8,ENSMICG00000006407
ENSG00000109920,FNBP4,ENSMICG00000011329
ENSG00000174007,CEP19,ENSMICG00000049559
ENSG00000167972,ABCA3,ENSMICG00000005928
ENSG00000130935,NOL11,ENSMICG00000017576
ENSG00000075651,PLD1,ENSMICG00000049434
ENSG00000177106,EPS8L2,ENSMICG00000001611
ENSG00000169006,NTSR2,ENSMICG00000017708
ENSG00000187838,PLSCR3,ENSMICG00000012544
ENSG00000136699,SMPD4,ENSMICG00000017716
ENSG00000139329,LUM,ENSMICG00000000377
ENSG00000089693,MLF2,ENSMICG00000048017
ENSG00000144645,OSBPL10,ENSMICG00000048997
ENSG00000173801,JUP,ENSMICG00000011829
ENSG00000258227,CLEC5A,ENSMICG00000001118
ENSG00000172209,GPR22,ENSMICG00000027599
ENSG00000241685,ARPC1A,ENSMICG00000017423
ENSG00000016391,CHDH,ENSMICG00000017511
ENSG00000185739,SRL,ENSMICG00000032307
ENSG00000078902,TOLLIP,ENSMICG00000017219
ENSG00000051523,CYBA,ENSMICG00000043128
ENSG00000173585,CCR9,ENSMICG00000049460
ENSG00000188487,INSC,ENSMICG00000008907
ENSG00000177646,ACAD9,ENSMICG00000007418
ENSG00000176842,IRX5,ENSMICG00000027848
ENSG00000122547,EEPD1,ENSMICG00000009317
ENSG00000083799,CYLD,ENSMICG00000008179
ENSG00000075856,SART3,ENSMICG00000013052
ENSG00000106483,SFRP4,ENSMICG00000026727
ENSG00000115648,MLPH,ENSMICG00000006943
ENSG00000176472,ZNF575,ENSMICG00000032878
ENSG00000180773,SLC36A4,ENSMICG00000033063
ENSG00000167578,RAB4B,ENSMICG00000045158
ENSG00000138459,SLC35A5,ENSMICG00000049390
ENSG00000007202,BLTP2,ENSMICG00000016856
ENSG00000105552,BCAT2,ENSMICG00000013280
ENSG00000177728,TMEM94,ENSMICG00000007421
ENSG00000168959,GRM5,ENSMICG00000002451
ENSG00000164062,APEH,ENSMICG00000010662
ENSG00000087494,PTHLH,ENSMICG00000038036
ENSG00000136048,DRAM1,ENSMICG00000012068
ENSG00000133895,MEN1,ENSMICG00000001218
ENSG00000139726,DENR,ENSMICG00000046263
ENSG00000065970,FOXJ2,ENSMICG00000032171
ENSG00000076321,KLHL20,ENSMICG00000002959
ENSG00000117984,CTSD,ENSMICG00000027956
ENSG00000085563,ABCB1,ENSMICG00000001290
ENSG00000125703,ATG4C,ENSMICG00000001538
ENSG00000059758,CDK17,ENSMICG00000005540
ENSG00000104976,SNAPC2,ENSMICG00000035695
ENSG00000099797,TECR,ENSMICG00000009818
ENSG00000185238,PRMT3,ENSMICG00000042200
ENSG00000144857,BOC,ENSMICG00000049357
ENSG00000135148,TRAFD1,ENSMICG00000039369
ENSG00000149418,ST14,ENSMICG00000008486
ENSG00000196352,CD55,ENSMICG00000046137
ENSG00000150556,LYPD6B,ENSMICG00000016688
ENSG00000160058,BSDC1,ENSMICG00000014389
ENSG00000105784,RUNDC3B,ENSMICG00000035579
ENSG00000139370,SLC15A4,ENSMICG00000009050
ENSG00000132109,TRIM21,ENSMICG00000030299
ENSG00000011451,WIZ,ENSMICG00000012764
ENSG00000144401,METTL21A,ENSMICG00000009739
ENSG00000180370,PAK2,ENSMICG00000034038
ENSG00000149781,FERMT3,ENSMICG00000016943
ENSG00000109065,NAT9,ENSMICG00000010549
ENSG00000106078,COBL,ENSMICG00000015584
ENSG00000111452,ADGRD1,ENSMICG00000029882
ENSG00000074416,MGLL,ENSMICG00000031034
ENSG00000115604,IL18R1,ENSMICG00000008776
ENSG00000130733,YIPF2,ENSMICG00000011429
ENSG00000136718,IMP4,ENSMICG00000011797
ENSG00000114405,CEP15,ENSMICG00000043764
ENSG00000137474,MYO7A,ENSMICG00000013944
ENSG00000168509,HJV,ENSMICG00000037948
ENSG00000163848,ZNF148,ENSMICG00000048869
ENSG00000132881,CPLANE2,ENSMICG00000043831
ENSG00000153898,MCOLN2,ENSMICG00000014951
ENSG00000007216,SLC13A2,ENSMICG00000016787
ENSG00000115226,FNDC4,ENSMICG00000047524
ENSG00000158828,PINK1,ENSMICG00000010579
ENSG00000139624,CERS5,ENSMICG00000015675
ENSG00000128596,CCDC136,ENSMICG00000000123
ENSG00000176749,CDK5R1,ENSMICG00000042797
ENSG00000140995,DEF8,ENSMICG00000013942
ENSG00000163157,TMOD4,ENSMICG00000006822
ENSG00000119041,GTF3C3,ENSMICG00000013800
ENSG00000266173,STRADA,ENSMICG00000026424
ENSG00000073008,PVR,ENSMICG00000028614
ENSG00000130813,SHFL,ENSMICG00000029284
ENSG00000139410,SDSL,ENSMICG00000013524
ENSG00000254986,DPP3,ENSMICG00000003766
ENSG00000143819,EPHX1,ENSMICG00000034513
ENSG00000263002,ZNF234,ENSMICG00000044820
ENSG00000126870,DYNC2I1,ENSMICG00000016974
ENSG00000105088,OLFM2,ENSMICG00000002003
ENSG00000042493,CAPG,ENSMICG00000015066
ENSG00000114850,SSR3,ENSMICG00000049476
ENSG00000167785,ZNF558,ENSMICG00000027068
ENSG00000110881,ASIC1,ENSMICG00000015635
ENSG00000172037,LAMB2,ENSMICG00000007913
ENSG00000167755,KLK6,ENSMICG00000029131
ENSG00000205517,RGL3,ENSMICG00000009876
ENSG00000170633,RNF34,ENSMICG00000015566
ENSG00000140986,RPL3L,ENSMICG00000012746
ENSG00000073060,SCARB1,ENSMICG00000005850
ENSG00000102882,MAPK3,ENSMICG00000009154
ENSG00000106609,TMEM248,ENSMICG00000005334
ENSG00000110619,CARS1,ENSMICG00000003357
ENSG00000167733,HSD11B1L,ENSMICG00000007033
ENSG00000163755,HPS3,ENSMICG00000049042
ENSG00000105810,CDK6,ENSMICG00000004219
ENSG00000131143,COX4I1,ENSMICG00000010800
ENSG00000126524,SBDS,ENSMICG00000014366
ENSG00000116521,SCAMP3,ENSMICG00000007428
ENSG00000073350,LLGL2,ENSMICG00000007483
ENSG00000168827,GFM1,ENSMICG00000049086
ENSG00000133612,AGAP3,ENSMICG00000004762
ENSG00000067836,ROGDI,ENSMICG00000015926
ENSG00000158062,UBXN11,ENSMICG00000028266
ENSG00000060709,RIMBP2,ENSMICG00000004877
ENSG00000114650,SCAP,ENSMICG00000013666
ENSG00000116783,TNNI3K,ENSMICG00000015807
ENSG00000119820,YIPF4,ENSMICG00000042040
ENSG00000244219,TMEM225B,ENSMICG00000029262
ENSG00000132329,RAMP1,ENSMICG00000047662
ENSG00000135617,PRADC1,ENSMICG00000015486
ENSG00000149743,TRPT1,ENSMICG00000016950
ENSG00000170949,ZNF160,ENSMICG00000005265
ENSG00000121350,PYROXD1,ENSMICG00000043242
ENSG00000078967,UBE2D4,ENSMICG00000036507
ENSG00000159723,AGRP,ENSMICG00000045134
ENSG00000125629,INSIG2,ENSMICG00000046615
ENSG00000069345,DNAJA2,ENSMICG00000017777
ENSG00000168397,ATG4B,ENSMICG00000013114
ENSG00000110852,CLEC2B,ENSMICG00000030763
ENSG00000006016,CRLF1,ENSMICG00000028147
ENSG00000146830,GIGYF1,ENSMICG00000009384
ENSG00000007541,PIGQ,ENSMICG00000029792
ENSG00000143369,ECM1,ENSMICG00000044220
ENSG00000051128,HOMER3,ENSMICG00000038004
ENSG00000110536,PTPMT1,ENSMICG00000028273
ENSG00000137672,TRPC6,ENSMICG00000010349
ENSG00000158850,B4GALT3,ENSMICG00000007266
ENSG00000196776,CD47,ENSMICG00000048926
ENSG00000064419,TNPO3,ENSMICG00000000140
ENSG00000130592,LSP1,ENSMICG00000047398
ENSG00000114735,HEMK1,ENSMICG00000016429
ENSG00000104731,KLHDC4,ENSMICG00000008652
ENSG00000167378,IRGQ,ENSMICG00000033325
ENSG00000179943,FIZ1,ENSMICG00000030826
ENSG00000171443,ZNF524,ENSMICG00000029589
ENSG00000115380,EFEMP1,ENSMICG00000015820
ENSG00000158966,CACHD1,ENSMICG00000013692
ENSG00000182271,TMIGD1,ENSMICG00000028000
ENSG00000129667,RHBDF2,ENSMICG00000013408
ENSG00000117115,PADI2,ENSMICG00000016634
ENSG00000088543,C3orf18,ENSMICG00000016426
ENSG00000196323,ZBTB44,ENSMICG00000008503
ENSG00000116983,HPCAL4,ENSMICG00000034680
ENSG00000120937,NPPB,ENSMICG00000032500
ENSG00000138463,SLC49A4,ENSMICG00000048933
ENSG00000188529,SRSF10,ENSMICG00000037744
ENSG00000185187,SIGIRR,ENSMICG00000036482
ENSG00000067560,RHOA,ENSMICG00000032818
ENSG00000004700,RECQL,ENSMICG00000002664
ENSG00000182795,C1orf116,ENSMICG00000047606
ENSG00000123444,KBTBD4,ENSMICG00000001087
ENSG00000058056,USP13,ENSMICG00000049124
ENSG00000180902,D2HGDH,ENSMICG00000016497
ENSG00000175564,UCP3,ENSMICG00000012710
ENSG00000125454,SLC25A19,ENSMICG00000007405
ENSG00000103351,CLUAP1,ENSMICG00000009075
ENSG00000162631,NTNG1,ENSMICG00000007953
ENSG00000172273,HINFP,ENSMICG00000002733
ENSG00000143793,C1orf35,ENSMICG00000027688
ENSG00000110921,MVK,ENSMICG00000017634
ENSG00000174514,MFSD4A,ENSMICG00000005127
ENSG00000038358,EDC4,ENSMICG00000012262
ENSG00000186432,KPNA4,ENSMICG00000049332
ENSG00000143995,MEIS1,ENSMICG00000017054
ENSG00000149115,TNKS1BP1,ENSMICG00000004828
ENSG00000162496,DHRS3,ENSMICG00000012203
ENSG00000176834,VSIG10,ENSMICG00000043987
ENSG00000058091,CDK14,ENSMICG00000010076
ENSG00000175183,CSRP2,ENSMICG00000047076
ENSG00000185627,PSMD13,ENSMICG00000006308
ENSG00000143578,CREB3L4,ENSMICG00000010316
ENSG00000114473,IQCG,ENSMICG00000049263
ENSG00000108479,GALK1,ENSMICG00000035768
ENSG00000173960,UBXN2A,ENSMICG00000030881
ENSG00000010626,LRRC23,ENSMICG00000001768
ENSG00000185813,PCYT2,ENSMICG00000017409
ENSG00000016864,GLT8D1,ENSMICG00000016385
ENSG00000125633,CCDC93,ENSMICG00000017592
ENSG00000135519,KCNH3,ENSMICG00000042125
ENSG00000182359,KBTBD3,ENSMICG00000030981
ENSG00000106153,CHCHD2,ENSMICG00000042713
ENSG00000165973,NELL1,ENSMICG00000017138
ENSG00000166578,IQCD,ENSMICG00000029504
ENSG00000102898,NUTF2,ENSMICG00000028936
ENSG00000132437,DDC,ENSMICG00000002347
ENSG00000231738,TSPAN19,ENSMICG00000038361
ENSG00000139433,GLTP,ENSMICG00000030371
ENSG00000124357,NAGK,ENSMICG00000007070
ENSG00000168778,TCTN2,ENSMICG00000006495
ENSG00000135776,ABCB10,ENSMICG00000007486
ENSG00000204186,ZDBF2,ENSMICG00000044925
ENSG00000134533,RERG,ENSMICG00000006266
ENSG00000111181,SLC6A12,ENSMICG00000007883
ENSG00000138398,PPIG,ENSMICG00000013133
ENSG00000166086,JAM3,ENSMICG00000005013
ENSG00000178772,CPN2,ENSMICG00000049231
ENSG00000144908,ALDH1L1,ENSMICG00000042999
ENSG00000132781,MUTYH,ENSMICG00000013605
ENSG00000011405,PIK3C2A,ENSMICG00000003718
ENSG00000124019,FAM124B,ENSMICG00000013981
ENSG00000115310,RTN4,ENSMICG00000036666
ENSG00000137714,FDX1,ENSMICG00000007112
ENSG00000148926,ADM,ENSMICG00000033713
ENSG00000134283,PPHLN1,ENSMICG00000037301
ENSG00000172508,CARNS1,ENSMICG00000004109
ENSG00000197170,PSMD12,ENSMICG00000027720
ENSG00000196715,VKORC1L1,ENSMICG00000027746
ENSG00000166407,LMO1,ENSMICG00000030449
ENSG00000134955,SLC37A2,ENSMICG00000002974
ENSG00000078053,AMPH,ENSMICG00000013941
ENSG00000182938,OTOP3,ENSMICG00000010616
ENSG00000167083,GNGT2,ENSMICG00000045728
ENSG00000110011,DNAJC4,ENSMICG00000016955
ENSG00000115239,ASB3,ENSMICG00000006431
ENSG00000159210,SNF8,ENSMICG00000013305
ENSG00000110455,ACCS,ENSMICG00000007981
ENSG00000173421,IHO1,ENSMICG00000029553
ENSG00000015676,NUDCD3,ENSMICG00000003284
ENSG00000164080,RAD54L2,ENSMICG00000002777
ENSG00000172935,MRGPRF,ENSMICG00000017866
ENSG00000167792,NDUFV1,ENSMICG00000038015
ENSG00000105953,OGDH,ENSMICG00000015987
ENSG00000102901,CENPT,ENSMICG00000012233
ENSG00000132323,ILKAP,ENSMICG00000007351
ENSG00000204316,MRPL38,ENSMICG00000045774
ENSG00000177311,ZBTB38,ENSMICG00000049344
ENSG00000167434,CA4,ENSMICG00000013382
ENSG00000008323,PLEKHG6,ENSMICG00000009241
ENSG00000108932,SLC16A6,ENSMICG00000029908
ENSG00000154265,ABCA5,ENSMICG00000009459
ENSG00000167994,RAB3IL1,ENSMICG00000005824
ENSG00000163660,CCNL1,ENSMICG00000049517
ENSG00000187555,USP7,ENSMICG00000008677
ENSG00000127837,AAMP,ENSMICG00000006828
ENSG00000149428,HYOU1,ENSMICG00000002699
ENSG00000180376,CCDC66,ENSMICG00000005065
ENSG00000215644,GCGR,ENSMICG00000028550
ENSG00000167394,ZNF668,ENSMICG00000001610
ENSG00000115828,QPCT,ENSMICG00000002277
ENSG00000172530,BANP,ENSMICG00000006974
ENSG00000171150,SOCS5,ENSMICG00000004709
ENSG00000129055,ANAPC13,ENSMICG00000049286
ENSG00000183023,SLC8A1,ENSMICG00000004744
ENSG00000174776,WDR49,ENSMICG00000048888
ENSG00000115866,DARS1,ENSMICG00000013832
ENSG00000169359,SLC33A1,ENSMICG00000048976
ENSG00000001617,SEMA3F,ENSMICG00000016219
ENSG00000132388,UBE2G1,ENSMICG00000026498
ENSG00000257949,TEN1,ENSMICG00000042402
ENSG00000068912,ERLEC1,ENSMICG00000017150
ENSG00000111300,NAA25,ENSMICG00000013873
ENSG00000108262,GIT1,ENSMICG00000005414
ENSG00000163359,COL6A3,ENSMICG00000003426
ENSG00000164604,GPR85,ENSMICG00000047258
ENSG00000165685,TMEM52B,ENSMICG00000029594
ENSG00000181789,COPG1,ENSMICG00000047416
ENSG00000136197,C7orf25,ENSMICG00000017285
ENSG00000001630,CYP51A1,ENSMICG00000002486
ENSG00000196850,PPTC7,ENSMICG00000042392
ENSG00000111058,ACSS3,ENSMICG00000010809
ENSG00000086730,LAT2,ENSMICG00000042618
ENSG00000111269,CREBL2,ENSMICG00000043129
ENSG00000182870,GALNT9,ENSMICG00000017778
ENSG00000149499,EML3,ENSMICG00000009866
ENSG00000168301,KCTD6,ENSMICG00000030849
ENSG00000037897,METTL1,ENSMICG00000045368
ENSG00000131386,GALNT15,ENSMICG00000049267
ENSG00000166866,MYO1A,ENSMICG00000009059
ENSG00000172782,FADS6,ENSMICG00000047449
ENSG00000067596,DHX8,ENSMICG00000009509
ENSG00000163389,POGLUT1,ENSMICG00000048901
ENSG00000198648,STK39,ENSMICG00000012416
ENSG00000106459,NRF1,ENSMICG00000004218
ENSG00000144867,SRPRB,ENSMICG00000048959
ENSG00000179583,CIITA,ENSMICG00000016655
ENSG00000090539,CHRD,ENSMICG00000049478
ENSG00000135124,P2RX4,ENSMICG00000001947
ENSG00000141161,UNC45B,ENSMICG00000001264
ENSG00000144278,GALNT13,ENSMICG00000013917
ENSG00000116701,NCF2,ENSMICG00000007165
ENSG00000116266,STXBP3,ENSMICG00000031223
ENSG00000008311,AASS,ENSMICG00000000617
ENSG00000167985,SDHAF2,ENSMICG00000013808
ENSG00000134072,CAMK1,ENSMICG00000044800
ENSG00000111581,NUP107,ENSMICG00000013152
ENSG00000160703,NLRX1,ENSMICG00000002749
ENSG00000240344,PPIL3,ENSMICG00000003367
ENSG00000174943,KCTD13,ENSMICG00000045744
ENSG00000113805,CNTN3,ENSMICG00000006231
ENSG00000197302,KRBOX5,ENSMICG00000043348
ENSG00000134376,CRB1,ENSMICG00000000693
ENSG00000090534,THPO,ENSMICG00000049369
ENSG00000167264,DUS2,ENSMICG00000011354
ENSG00000113946,CLDN16,ENSMICG00000049404
ENSG00000126432,PRDX5,ENSMICG00000016988
ENSG00000114859,CLCN2,ENSMICG00000049507
ENSG00000081985,IL12RB2,ENSMICG00000017732
ENSG00000205356,TECPR1,ENSMICG00000002874
ENSG00000108950,FAM20A,ENSMICG00000009545
ENSG00000152270,PDE3B,ENSMICG00000037786
ENSG00000135913,USP37,ENSMICG00000005129
ENSG00000111245,MYL2,ENSMICG00000004969
ENSG00000006128,TAC1,ENSMICG00000033534
ENSG00000225190,PLEKHM1,ENSMICG00000010468
ENSG00000262655,SPON1,ENSMICG00000013787
ENSG00000078549,ADCYAP1R1,ENSMICG00000012961
ENSG00000163817,SLC6A20,ENSMICG00000049442
ENSG00000149557,FEZ1,ENSMICG00000003008
ENSG00000108878,CACNG1,ENSMICG00000042613
ENSG00000109061,MYH1,ENSMICG00000010047
ENSG00000168309,FAM107A,ENSMICG00000046093
ENSG00000087502,ERGIC2,ENSMICG00000013189
ENSG00000127947,PTPN12,ENSMICG00000015863
ENSG00000150722,PPP1R1C,ENSMICG00000034129
ENSG00000163166,IWS1,ENSMICG00000009948
ENSG00000120332,TNN,ENSMICG00000004867
ENSG00000161791,FMNL3,ENSMICG00000005219
ENSG00000114030,KPNA1,ENSMICG00000048988
ENSG00000062716,VMP1,ENSMICG00000045844
ENSG00000149089,APIP,ENSMICG00000003696
ENSG00000153208,MERTK,ENSMICG00000008396
ENSG00000135828,RNASEL,ENSMICG00000026907
ENSG00000213199,ASIC3,ENSMICG00000032157
ENSG00000215717,TMEM167B,ENSMICG00000045506
ENSG00000167261,DPEP2,ENSMICG00000012337
ENSG00000174842,GLMN,ENSMICG00000008891
ENSG00000091409,ITGA6,ENSMICG00000006990
ENSG00000151702,FLI1,ENSMICG00000016730
ENSG00000111325,OGFOD2,ENSMICG00000006497
ENSG00000168291,PDHB,ENSMICG00000014571
ENSG00000164828,SUN1,ENSMICG00000033436
ENSG00000049283,EPN3,ENSMICG00000009752
ENSG00000167930,FAM234A,ENSMICG00000010403
ENSG00000091986,CCDC80,ENSMICG00000049401
ENSG00000151176,PLBD2,ENSMICG00000012882
ENSG00000133048,CHI3L1,ENSMICG00000015438
ENSG00000108576,SLC6A4,ENSMICG00000000345
ENSG00000136542,GALNT5,ENSMICG00000008562
ENSG00000180353,HCLS1,ENSMICG00000049096
ENSG00000135968,GCC2,ENSMICG00000028759
ENSG00000089159,PXN,ENSMICG00000033215
ENSG00000189334,S100A14,ENSMICG00000031104
ENSG00000143891,GALM,ENSMICG00000005031
ENSG00000179348,GATA2,ENSMICG00000047775
ENSG00000171621,SPSB1,ENSMICG00000030829
ENSG00000142330,CAPN10,ENSMICG00000013040
ENSG00000154370,TRIM11,ENSMICG00000029090
ENSG00000213533,STIMATE,ENSMICG00000042243
ENSG00000109113,RAB34,ENSMICG00000016913
ENSG00000162909,CAPN2,ENSMICG00000016484
ENSG00000110074,FOXRED1,ENSMICG00000036801
ENSG00000025434,NR1H3,ENSMICG00000007066
ENSG00000003509,NDUFAF7,ENSMICG00000003335
ENSG00000137962,ARHGAP29,ENSMICG00000016038
ENSG00000161203,AP2M1,ENSMICG00000048935
ENSG00000155974,GRIP1,ENSMICG00000017070
ENSG00000116141,MARK1,ENSMICG00000005893
ENSG00000168329,CX3CR1,ENSMICG00000049523
ENSG00000173473,SMARCC1,ENSMICG00000013719
ENSG00000185482,STAC3,ENSMICG00000012382
ENSG00000275052,PPP4R3B,ENSMICG00000009332
ENSG00000184613,NELL2,ENSMICG00000007752
ENSG00000158014,SLC30A2,ENSMICG00000000185
ENSG00000082497,SERTAD4,ENSMICG00000031959
ENSG00000004660,CAMKK1,ENSMICG00000001983
ENSG00000173614,NMNAT1,ENSMICG00000041541
ENSG00000117477,CCDC181,ENSMICG00000012243
ENSG00000135090,TAOK3,ENSMICG00000005918
ENSG00000121905,HPCA,ENSMICG00000011229
ENSG00000185269,NOTUM,ENSMICG00000034707
ENSG00000143632,ACTA1,ENSMICG00000007460
ENSG00000173153,ESRRA,ENSMICG00000016983
ENSG00000141556,TBCD,ENSMICG00000004760
ENSG00000132677,RHBG,ENSMICG00000017784
ENSG00000171960,PPIH,ENSMICG00000014971
ENSG00000184014,DENND5A,ENSMICG00000005331
ENSG00000135677,GNS,ENSMICG00000012050
ENSG00000121807,CCR2,ENSMICG00000049181
ENSG00000175105,ZNF654,ENSMICG00000031713
ENSG00000056736,IL17RB,ENSMICG00000035767
ENSG00000138050,THUMPD2,ENSMICG00000008042
ENSG00000124006,OBSL1,ENSMICG00000008122
ENSG00000125944,HNRNPR,ENSMICG00000000748
ENSG00000083093,PALB2,ENSMICG00000007786
ENSG00000074527,NTN4,ENSMICG00000012141
ENSG00000140987,ZSCAN32,ENSMICG00000031981
ENSG00000166391,MOGAT2,ENSMICG00000015272
ENSG00000166261,ZNF202,ENSMICG00000007659
ENSG00000162878,PKDCC,ENSMICG00000006087
ENSG00000149927,DOC2A,ENSMICG00000037303
ENSG00000111674,ENO2,ENSMICG00000027396
ENSG00000143458,GABPB2,ENSMICG00000006802
ENSG00000159063,ALG8,ENSMICG00000015000
ENSG00000185946,RNPC3,ENSMICG00000029591
ENSG00000136044,APPL2,ENSMICG00000014454
ENSG00000151789,ZNF385D,ENSMICG00000049193
ENSG00000133657,ATP13A3,ENSMICG00000049461
ENSG00000021762,OSBPL5,ENSMICG00000004318
ENSG00000144642,RBMS3,ENSMICG00000049249
ENSG00000066136,NFYC,ENSMICG00000004285
ENSG00000159579,RSPRY1,ENSMICG00000012454
ENSG00000185480,PARPBP,ENSMICG00000035939
ENSG00000150687,PRSS23,ENSMICG00000026361
ENSG00000135720,DYNC1LI2,ENSMICG00000005769
ENSG00000166478,ZNF143,ENSMICG00000004353
ENSG00000139350,NEDD1,ENSMICG00000015320
ENSG00000033867,SLC4A7,ENSMICG00000048954
ENSG00000102893,PHKB,ENSMICG00000012314
ENSG00000094914,AAAS,ENSMICG00000014285
ENSG00000271447,MMP28,ENSMICG00000017052
ENSG00000126858,RHOT1,ENSMICG00000007771
ENSG00000163798,SLC4A1AP,ENSMICG00000014967
ENSG00000066084,DIP2B,ENSMICG00000005057
ENSG00000155636,RBM45,ENSMICG00000003787
ENSG00000139173,TMEM117,ENSMICG00000007749
ENSG00000167526,RPL13,ENSMICG00000043954
ENSG00000135447,PPP1R1A,ENSMICG00000008492
ENSG00000005175,RPAP3,ENSMICG00000008923
ENSG00000119013,NDUFB3,ENSMICG00000047803
ENSG00000065057,NTHL1,ENSMICG00000035043
ENSG00000128654,MTX2,ENSMICG00000004295
ENSG00000180881,CAPS2,ENSMICG00000015872
ENSG00000140829,DHX38,ENSMICG00000011402
ENSG00000122565,CBX3,ENSMICG00000033535
ENSG00000061938,TNK2,ENSMICG00000049104
ENSG00000119865,CNRIP1,ENSMICG00000003722
ENSG00000140950,MEAK7,ENSMICG00000004583
ENSG00000155849,ELMO1,ENSMICG00000008990
ENSG00000152102,FAM168B,ENSMICG00000009507
ENSG00000103264,FBXO31,ENSMICG00000007352
ENSG00000120837,NFYB,ENSMICG00000002046
ENSG00000196296,ATP2A1,ENSMICG00000000650
ENSG00000177119,ANO6,ENSMICG00000004893
ENSG00000180398,MCFD2,ENSMICG00000009145
ENSG00000114648,KLHL18,ENSMICG00000017657
ENSG00000198420,TCAF1,ENSMICG00000037779
ENSG00000088727,KIF9,ENSMICG00000017656
ENSG00000242802,AP5Z1,ENSMICG00000008137
ENSG00000072135,PTPN18,ENSMICG00000010256
ENSG00000073605,GSDMB,ENSMICG00000047212
ENSG00000140795,MYLK3,ENSMICG00000046381
ENSG00000186908,ZDHHC17,ENSMICG00000033453
ENSG00000177548,RABEP2,ENSMICG00000000661
ENSG00000004766,VPS50,ENSMICG00000012428
ENSG00000184988,TMEM106A,ENSMICG00000013987
ENSG00000163320,CGGBP1,ENSMICG00000047167
ENSG00000152683,SLC30A6,ENSMICG00000016134
ENSG00000240303,ACAD11,ENSMICG00000049146
ENSG00000205544,TMEM256,ENSMICG00000048046
ENSG00000141736,ERBB2,ENSMICG00000010536
ENSG00000103528,SYT17,ENSMICG00000014000
ENSG00000115307,AUP1,ENSMICG00000044754
ENSG00000103253,HAGHL,ENSMICG00000010673
ENSG00000171681,ATF7IP,ENSMICG00000013891
ENSG00000103249,CLCN7,ENSMICG00000013205
ENSG00000144381,HSPD1,ENSMICG00000028600
ENSG00000136059,VILL,ENSMICG00000049059
ENSG00000111186,WNT5B,ENSMICG00000032191
ENSG00000070540,WIPI1,ENSMICG00000017122
ENSG00000111540,RAB5B,ENSMICG00000011086
ENSG00000185504,FAAP100,ENSMICG00000008568
ENSG00000136297,MMD2,ENSMICG00000008159
ENSG00000258890,CEP95,ENSMICG00000009285
ENSG00000136235,GPNMB,ENSMICG00000013667
ENSG00000111667,USP5,ENSMICG00000001749
ENSG00000161594,KLHL10,ENSMICG00000011862
ENSG00000163710,PCOLCE2,ENSMICG00000048890
ENSG00000159111,MRPL10,ENSMICG00000048091
ENSG00000172831,CES2,ENSMICG00000028404
ENSG00000170412,GPRC5C,ENSMICG00000008563
ENSG00000184432,COPB2,ENSMICG00000049340
ENSG00000136451,VEZF1,ENSMICG00000016243
ENSG00000236609,ZNF853,ENSMICG00000034424
ENSG00000049323,LTBP1,ENSMICG00000009581
ENSG00000164654,MIOS,ENSMICG00000017738
ENSG00000177731,FLII,ENSMICG00000012728
ENSG00000129048,ACKR4,ENSMICG00000048932
ENSG00000213853,EMP2,ENSMICG00000028585
ENSG00000175110,MRPS22,ENSMICG00000048994
ENSG00000136244,IL6,ENSMICG00000006701
ENSG00000125170,DOK4,ENSMICG00000004679
ENSG00000158023,CFAP251,ENSMICG00000001157
ENSG00000058866,DGKG,ENSMICG00000049209
ENSG00000111218,PRMT8,ENSMICG00000012879
ENSG00000137747,TMPRSS13,ENSMICG00000002440
ENSG00000139641,ESYT1,ENSMICG00000014395
ENSG00000205336,ADGRG1,ENSMICG00000032819
ENSG00000149084,HSD17B12,ENSMICG00000014632
ENSG00000174953,DHX36,ENSMICG00000049093
ENSG00000168264,IRF2BP2,ENSMICG00000046369
ENSG00000174928,C3orf33,ENSMICG00000049160
ENSG00000142632,ARHGEF19,ENSMICG00000042882
ENSG00000106546,AHR,ENSMICG00000011723
ENSG00000158163,DZIP1L,ENSMICG00000049211
ENSG00000197037,ZSCAN25,ENSMICG00000006018
ENSG00000010327,STAB1,ENSMICG00000002842
ENSG00000168878,SFTPB,ENSMICG00000011514
ENSG00000106538,RARRES2,ENSMICG00000015426
ENSG00000122970,IFT81,ENSMICG00000005435
ENSG00000129173,E2F8,ENSMICG00000017089
ENSG00000105948,IFT56,ENSMICG00000003109
ENSG00000162520,SYNC,ENSMICG00000033792
ENSG00000006042,TMEM98,ENSMICG00000011888
ENSG00000078369,GNB1,ENSMICG00000033912
ENSG00000151116,UEVLD,ENSMICG00000041675
ENSG00000111348,ARHGDIB,ENSMICG00000029832
ENSG00000163820,FYCO1,ENSMICG00000049304
ENSG00000127995,CASD1,ENSMICG00000034673
ENSG00000174106,LEMD3,ENSMICG00000012102
ENSG00000002919,SNX11,ENSMICG00000014741
ENSG00000151090,THRB,ENSMICG00000048917
ENSG00000156738,MS4A1,ENSMICG00000028712
ENSG00000183735,TBK1,ENSMICG00000029327
ENSG00000105968,H2AZ2,ENSMICG00000008792
ENSG00000167257,RNF214,ENSMICG00000002383
ENSG00000176170,SPHK1,ENSMICG00000013341
ENSG00000257923,CUX1,ENSMICG00000010274
ENSG00000154229,PRKCA,ENSMICG00000013271
ENSG00000135902,CHRND,ENSMICG00000012154
ENSG00000137501,SYTL2,ENSMICG00000005519
ENSG00000163482,STK36,ENSMICG00000005186
ENSG00000141456,PELP1,ENSMICG00000001633
ENSG00000167778,SPRYD3,ENSMICG00000014150
ENSG00000013503,POLR3B,ENSMICG00000008910
ENSG00000198231,DDX42,ENSMICG00000009952
ENSG00000181072,CHRM2,ENSMICG00000043086
ENSG00000005471,ABCB4,ENSMICG00000043619
ENSG00000168268,NT5DC2,ENSMICG00000028554
ENSG00000123983,ACSL3,ENSMICG00000003034
ENSG00000108588,CCDC47,ENSMICG00000009946
ENSG00000072041,SLC6A15,ENSMICG00000026324
ENSG00000114316,USP4,ENSMICG00000043936
ENSG00000185379,RAD51D,ENSMICG00000043657
ENSG00000110801,PSMD9,ENSMICG00000001156
ENSG00000127838,PNKD,ENSMICG00000042547
ENSG00000122965,RBM19,ENSMICG00000014423
ENSG00000133789,SWAP70,ENSMICG00000035708
ENSG00000196975,ANXA4,ENSMICG00000012000
ENSG00000122678,POLM,ENSMICG00000013358
ENSG00000137491,SLCO2B1,ENSMICG00000011163
ENSG00000132386,SERPINF1,ENSMICG00000000173
ENSG00000139636,LMBR1L,ENSMICG00000017550
ENSG00000257057,C11orf97,ENSMICG00000043866
ENSG00000110090,CPT1A,ENSMICG00000001068
ENSG00000167711,SERPINF2,ENSMICG00000000169
ENSG00000172031,EPHX4,ENSMICG00000030659
ENSG00000196666,FAM180B,ENSMICG00000001091
ENSG00000065183,WDR3,ENSMICG00000001783
ENSG00000077454,LRCH4,ENSMICG00000012568
ENSG00000148948,LRRC4C,ENSMICG00000047157
ENSG00000162241,SLC25A45,ENSMICG00000008693
ENSG00000166226,CCT2,ENSMICG00000011477
ENSG00000014914,MTMR11,ENSMICG00000000298
ENSG00000135378,PRRG4,ENSMICG00000046080
ENSG00000068971,PPP2R5B,ENSMICG00000001255
ENSG00000087087,SRRT,ENSMICG00000009471
ENSG00000118873,RAB3GAP2,ENSMICG00000017747
ENSG00000171532,NEUROD2,ENSMICG00000042885
ENSG00000177425,PAWR,ENSMICG00000031649
ENSG00000109063,MYH3,ENSMICG00000011079
ENSG00000130413,STK33,ENSMICG00000005444
ENSG00000011465,DCN,ENSMICG00000028201
ENSG00000172215,CXCR6,ENSMICG00000049140
ENSG00000082781,ITGB5,ENSMICG00000049531
ENSG00000114923,SLC4A3,ENSMICG00000006627
ENSG00000185359,HGS,ENSMICG00000008647
ENSG00000070019,GUCY2C,ENSMICG00000003561
ENSG00000116918,TSNAX,ENSMICG00000043895
ENSG00000180891,CUEDC1,ENSMICG00000033084
ENSG00000131374,TBC1D5,ENSMICG00000049088
ENSG00000143374,TARS2,ENSMICG00000008016
ENSG00000072609,CHFR,ENSMICG00000004011
ENSG00000006744,ELAC2,ENSMICG00000002428
ENSG00000110315,RNF141,ENSMICG00000044602
ENSG00000182450,KCNK4,ENSMICG00000016981
ENSG00000198130,HIBCH,ENSMICG00000010490
ENSG00000174483,BBS1,ENSMICG00000046538
ENSG00000161036,LRWD1,ENSMICG00000010317
ENSG00000106541,AGR2,ENSMICG00000015349
ENSG00000114942,EEF1B2,ENSMICG00000047922
ENSG00000276600,RAB7B,ENSMICG00000037176
ENSG00000106333,PCOLCE,ENSMICG00000009333
ENSG00000204084,INPP5B,ENSMICG00000011984
ENSG00000135926,TMBIM1,ENSMICG00000006846
ENSG00000123836,PFKFB2,ENSMICG00000008423
ENSG00000129083,COPB1,ENSMICG00000010919
ENSG00000174697,LEP,ENSMICG00000031814
ENSG00000005981,ASB4,ENSMICG00000005750
ENSG00000005249,PRKAR2B,ENSMICG00000012848
ENSG00000141582,CBX4,ENSMICG00000033116
ENSG00000161381,PLXDC1,ENSMICG00000002659
ENSG00000161040,FBXL13,ENSMICG00000011727
ENSG00000106460,TMEM106B,ENSMICG00000011835
ENSG00000173226,IQCB1,ENSMICG00000049588
ENSG00000005156,LIG3,ENSMICG00000006814
ENSG00000081760,AACS,ENSMICG00000046827
ENSG00000198839,ZNF277,ENSMICG00000014129
ENSG00000154342,WNT3A,ENSMICG00000010671
ENSG00000067704,IARS2,ENSMICG00000017746
ENSG00000197093,GAL3ST4,ENSMICG00000027257
ENSG00000170248,PDCD6IP,ENSMICG00000049253
ENSG00000136247,ZDHHC4,ENSMICG00000014356
ENSG00000115216,NRBP1,ENSMICG00000015904
ENSG00000137497,NUMA1,ENSMICG00000014831
ENSG00000224982,TMEM233,ENSMICG00000037512
ENSG00000174989,FBXW8,ENSMICG00000010992
ENSG00000131375,CAPN7,ENSMICG00000029119
ENSG00000155363,MOV10,ENSMICG00000003187
ENSG00000154025,SLC5A10,ENSMICG00000017909
ENSG00000111602,TIMELESS,ENSMICG00000000094
ENSG00000132517,SLC52A1,ENSMICG00000027341
ENSG00000161048,NAPEPLD,ENSMICG00000002814
ENSG00000087191,PSMC5,ENSMICG00000009989
ENSG00000172053,QARS1,ENSMICG00000007885
ENSG00000176428,VPS37D,ENSMICG00000032230
ENSG00000032389,EIPR1,ENSMICG00000009793
ENSG00000128606,LRRC17,ENSMICG00000011744
ENSG00000160813,PPP1R35,ENSMICG00000006438
ENSG00000129103,SUMF2,ENSMICG00000027938
ENSG00000079785,DDX1,ENSMICG00000001023
ENSG00000108443,RPS6KB1,ENSMICG00000007960
ENSG00000011105,TSPAN9,ENSMICG00000000109
ENSG00000136238,RAC1,ENSMICG00000047004
ENSG00000151065,DCP1B,ENSMICG00000005702
ENSG00000088035,ALG6,ENSMICG00000000388
ENSG00000141503,MINK1,ENSMICG00000012473
ENSG00000130779,CLIP1,ENSMICG00000001175
ENSG00000106246,PTCD1,ENSMICG00000017428
ENSG00000142700,DMRTA2,ENSMICG00000044233
ENSG00000198483,ANKRD35,ENSMICG00000028514
ENSG00000164011,ZNF691,ENSMICG00000014797
ENSG00000157184,CPT2,ENSMICG00000000353
ENSG00000055917,PUM2,ENSMICG00000011647
ENSG00000172380,GNG12,ENSMICG00000045755
ENSG00000172354,GNB2,ENSMICG00000009371
ENSG00000203666,EFCAB2,ENSMICG00000041551
ENSG00000143502,SUSD4,ENSMICG00000004902
ENSG00000133065,SLC41A1,ENSMICG00000034169
ENSG00000164776,PHKG1,ENSMICG00000014143
ENSG00000184575,XPOT,ENSMICG00000012001
ENSG00000163870,TPRA1,ENSMICG00000046251
ENSG00000154114,TBCEL,ENSMICG00000011213
ENSG00000108582,CPD,ENSMICG00000007896
ENSG00000087077,TRIP6,ENSMICG00000009465
ENSG00000171680,PLEKHG5,ENSMICG00000006655
ENSG00000134574,DDB2,ENSMICG00000007047
ENSG00000170037,CNTROB,ENSMICG00000008866
ENSG00000172500,FIBP,ENSMICG00000043326
ENSG00000008277,ADAM22,ENSMICG00000011473
ENSG00000108406,DHX40,ENSMICG00000027647
ENSG00000186815,TPCN1,ENSMICG00000012265
ENSG00000168496,FEN1,ENSMICG00000045504
ENSG00000159314,ARHGAP27,ENSMICG00000010460
ENSG00000068976,PYGM,ENSMICG00000001197
ENSG00000166352,IFTAP,ENSMICG00000008620
ENSG00000170011,MYRIP,ENSMICG00000049537
ENSG00000163075,CFAP221,ENSMICG00000017212
ENSG00000123473,STIL,ENSMICG00000005402
ENSG00000149150,SLC43A1,ENSMICG00000004875
ENSG00000087152,ATXN7L3,ENSMICG00000001306
ENSG00000004838,ZMYND10,ENSMICG00000016366
ENSG00000108551,RASD1,ENSMICG00000043370
ENSG00000114388,NPRL2,ENSMICG00000016379
ENSG00000108312,UBTF,ENSMICG00000008107
ENSG00000198380,GFPT1,ENSMICG00000035387
ENSG00000166452,AKIP1,ENSMICG00000005291
ENSG00000173402,DAG1,ENSMICG00000010618
ENSG00000135451,TROAP,ENSMICG00000016409
ENSG00000085117,CD82,ENSMICG00000010264
ENSG00000122068,FYTTD1,ENSMICG00000049152
ENSG00000157214,STEAP2,ENSMICG00000006330
ENSG00000085998,POMGNT1,ENSMICG00000034071
ENSG00000163939,PBRM1,ENSMICG00000002878
ENSG00000174600,CMKLR1,ENSMICG00000032427
ENSG00000128641,MYO1B,ENSMICG00000003014
ENSG00000257727,CNPY2,ENSMICG00000046113
ENSG00000089157,RPLP0,ENSMICG00000012551
ENSG00000205060,SLC35B4,ENSMICG00000001914
ENSG00000065883,CDK13,ENSMICG00000044449
ENSG00000090263,MRPS33,ENSMICG00000029049
ENSG00000133805,AMPD3,ENSMICG00000009437
ENSG00000106261,ZKSCAN1,ENSMICG00000003957
ENSG00000173442,EHBP1L1,ENSMICG00000030542
ENSG00000196091,MYBPC1,ENSMICG00000012018
ENSG00000144749,LRIG1,ENSMICG00000012819
ENSG00000248746,ACTN3,ENSMICG00000003777
ENSG00000085491,SLC25A24,ENSMICG00000007350
ENSG00000121671,CRY2,ENSMICG00000014177
ENSG00000116747,RO60,ENSMICG00000011506
ENSG00000164885,CDK5,ENSMICG00000004746
ENSG00000108819,PPP1R9B,ENSMICG00000027692
ENSG00000150776,NKAPD1,ENSMICG00000026692
ENSG00000106351,AGFG2,ENSMICG00000042437
ENSG00000196169,KIF19,ENSMICG00000030912
ENSG00000011347,SYT7,ENSMICG00000013836
ENSG00000088280,ASAP3,ENSMICG00000033880
ENSG00000072274,TFRC,ENSMICG00000048390
ENSG00000002822,MAD1L1,ENSMICG00000009997
ENSG00000165915,SLC39A13,ENSMICG00000007125
ENSG00000159650,UROC1,ENSMICG00000042477
ENSG00000143324,XPR1,ENSMICG00000017557
ENSG00000163406,SLC15A2,ENSMICG00000049070
ENSG00000132383,RPA1,ENSMICG00000012867
ENSG00000175216,CKAP5,ENSMICG00000006951
ENSG00000067208,EVI5,ENSMICG00000011788
ENSG00000001631,KRIT1,ENSMICG00000032533
ENSG00000144061,NPHP1,ENSMICG00000009340
ENSG00000075785,RAB7A,ENSMICG00000038752
ENSG00000171595,DNAI2,ENSMICG00000008509
ENSG00000121903,ZSCAN20,ENSMICG00000008314
ENSG00000163517,HDAC11,ENSMICG00000014219
ENSG00000143437,ARNT,ENSMICG00000005872
ENSG00000138443,ABI2,ENSMICG00000048062
ENSG00000065320,NTN1,ENSMICG00000041492
ENSG00000183034,OTOP2,ENSMICG00000010603
ENSG00000168517,HEXIM2,ENSMICG00000041666
ENSG00000080822,CLDND1,ENSMICG00000049358
ENSG00000008283,CYB561,ENSMICG00000014405
ENSG00000106178,CCL24,ENSMICG00000026489
ENSG00000161526,SAP30BP,ENSMICG00000007548
ENSG00000168005,SPINDOC,ENSMICG00000016878
ENSG00000132436,FIGNL1,ENSMICG00000036059
ENSG00000161328,LRRC56,ENSMICG00000031965
ENSG00000075303,SLC25A40,ENSMICG00000028155
ENSG00000183763,TRAIP,ENSMICG00000010789
ENSG00000167987,VPS37C,ENSMICG00000034100
ENSG00000213445,SIPA1,ENSMICG00000031014
ENSG00000136273,HUS1,ENSMICG00000006513
ENSG00000108506,INTS2,ENSMICG00000016853
ENSG00000081307,UBA5,ENSMICG00000049382
ENSG00000115548,KDM3A,ENSMICG00000000781
ENSG00000135249,RINT1,ENSMICG00000010945
ENSG00000188313,PLSCR1,ENSMICG00000049018
ENSG00000136279,DBNL,ENSMICG00000013311
ENSG00000108773,KAT2A,ENSMICG00000011944
ENSG00000197601,FAR1,ENSMICG00000035920
ENSG00000131788,PIAS3,ENSMICG00000033732
ENSG00000135363,LMO2,ENSMICG00000027826
ENSG00000111790,FGFR1OP2,ENSMICG00000035135
ENSG00000026508,CD44,ENSMICG00000003713
ENSG00000205707,ETFRF1,ENSMICG00000031339
ENSG00000049239,H6PD,ENSMICG00000004376
ENSG00000108784,NAGLU,ENSMICG00000047584
ENSG00000139200,PIANP,ENSMICG00000026350
ENSG00000186074,CD300LF,ENSMICG00000010534
ENSG00000018699,TTC27,ENSMICG00000043484
ENSG00000177628,GBA1,ENSMICG00000011667
ENSG00000187778,MCRS1,ENSMICG00000005176
ENSG00000146872,TLK2,ENSMICG00000013657
ENSG00000138411,HECW2,ENSMICG00000013727
ENSG00000121858,TNFSF10,ENSMICG00000049347
ENSG00000011198,ABHD5,ENSMICG00000012063
ENSG00000133019,CHRM3,ENSMICG00000031202
ENSG00000213672,NCKIPSD,ENSMICG00000030986
ENSG00000169902,TPST1,ENSMICG00000036292
ENSG00000117691,NENF,ENSMICG00000028060
ENSG00000138375,SMARCAL1,ENSMICG00000008967
ENSG00000186364,NUDT17,ENSMICG00000031177
ENSG00000135838,NPL,ENSMICG00000003951
ENSG00000086300,SNX10,ENSMICG00000036618
ENSG00000153237,CCDC148,ENSMICG00000004839
ENSG00000163655,GMPS,ENSMICG00000049568
ENSG00000119004,CYP20A1,ENSMICG00000010806
ENSG00000136267,DGKB,ENSMICG00000006113
ENSG00000181873,IBA57,ENSMICG00000041871
ENSG00000135829,DHX9,ENSMICG00000008285
ENSG00000169064,ZBBX,ENSMICG00000049374
ENSG00000160917,CPSF4,ENSMICG00000017429
ENSG00000196950,SLC39A10,ENSMICG00000012402
ENSG00000114107,CEP70,ENSMICG00000048766
ENSG00000197273,GUCA2A,ENSMICG00000010437
ENSG00000106588,PSMA2,ENSMICG00000017286
ENSG00000070785,EIF2B3,ENSMICG00000008068
ENSG00000239704,CDRT4,ENSMICG00000036002
ENSG00000067191,CACNB1,ENSMICG00000028709
ENSG00000132128,LRRC41,ENSMICG00000003273
ENSG00000164603,SAMTOR,ENSMICG00000047672
ENSG00000131778,CHD1L,ENSMICG00000002497
ENSG00000151689,INPP1,ENSMICG00000010497
ENSG00000108821,COL1A1,ENSMICG00000007252
ENSG00000120756,PLS1,ENSMICG00000049092
ENSG00000136270,TBRG4,ENSMICG00000008857
ENSG00000138356,AOX1,ENSMICG00000005718
ENSG00000134333,LDHA,ENSMICG00000029727
ENSG00000276234,TADA2A,ENSMICG00000004263
ENSG00000198909,MAP3K3,ENSMICG00000003825
ENSG00000157778,PSMG3,ENSMICG00000033070
ENSG00000006576,PHTF2,ENSMICG00000010985
ENSG00000162692,VCAM1,ENSMICG00000006841
ENSG00000198382,UVRAG,ENSMICG00000015281
ENSG00000177463,NR2C2,ENSMICG00000032381
ENSG00000189350,TOGARAM2,ENSMICG00000001254
ENSG00000109046,WSB1,ENSMICG00000012873
ENSG00000057935,MTA3,ENSMICG00000006534
ENSG00000085063,CD59,ENSMICG00000037109
ENSG00000158714,SLAMF8,ENSMICG00000047756
ENSG00000117525,F3,ENSMICG00000008919
ENSG00000117139,KDM5B,ENSMICG00000006046
ENSG00000185670,ZBTB3,ENSMICG00000009961
ENSG00000176697,BDNF,ENSMICG00000031803
ENSG00000163933,RFT1,ENSMICG00000010892
ENSG00000152558,TMEM123,ENSMICG00000016656
ENSG00000167333,TRIM68,ENSMICG00000047619
ENSG00000171302,CANT1,ENSMICG00000029823
ENSG00000221968,FADS3,ENSMICG00000032887
ENSG00000114861,FOXP1,ENSMICG00000005350
ENSG00000068724,TTC7A,ENSMICG00000009149
ENSG00000070669,ASNS,ENSMICG00000016357
ENSG00000129219,PLD2,ENSMICG00000012450
ENSG00000052841,TTC17,ENSMICG00000014602
ENSG00000135211,TMEM60,ENSMICG00000001973
ENSG00000106344,RBM28,ENSMICG00000000107
ENSG00000131242,RAB11FIP4,ENSMICG00000002885
ENSG00000084234,APLP2,ENSMICG00000008471
ENSG00000115363,EVA1A,ENSMICG00000003626
ENSG00000123843,C4BPB,ENSMICG00000046708
ENSG00000048405,ZNF800,ENSMICG00000030435
ENSG00000141198,TOM1L1,ENSMICG00000005217
ENSG00000197448,GSTK1,ENSMICG00000015493
ENSG00000176407,KCMF1,ENSMICG00000046646
ENSG00000075426,FOSL2,ENSMICG00000028779
ENSG00000115459,ELMOD3,ENSMICG00000014497
ENSG00000126107,HECTD3,ENSMICG00000010322
ENSG00000146926,ASB10,ENSMICG00000036188
ENSG00000106025,TSPAN12,ENSMICG00000000958
ENSG00000010803,SCMH1,ENSMICG00000012377
ENSG00000146733,PSPH,ENSMICG00000032693
ENSG00000121057,AKAP1,ENSMICG00000013586
ENSG00000162461,SLC25A34,ENSMICG00000036236
ENSG00000064886,CHI3L2,ENSMICG00000011949
ENSG00000019144,PHLDB1,ENSMICG00000011443
ENSG00000141499,WRAP53,ENSMICG00000014862
ENSG00000076864,RAP1GAP,ENSMICG00000013741
ENSG00000105835,NAMPT,ENSMICG00000007240
ENSG00000085760,MTIF2,ENSMICG00000017441
ENSG00000196456,ZNF775,ENSMICG00000046490
ENSG00000132481,TRIM47,ENSMICG00000007653
ENSG00000175826,CTDNEP1,ENSMICG00000032783
ENSG00000070882,OSBPL3,ENSMICG00000000756
ENSG00000182481,KPNA2,ENSMICG00000011357
ENSG00000108395,TRIM37,ENSMICG00000009211
ENSG00000163171,CDC42EP3,ENSMICG00000042894
ENSG00000072163,LIMS2,ENSMICG00000017200
ENSG00000197548,ATG7,ENSMICG00000016547
ENSG00000136295,TTYH3,ENSMICG00000000732
ENSG00000163833,FBXO40,ENSMICG00000049444
ENSG00000163611,SPICE1,ENSMICG00000049025
ENSG00000106608,URGCP,ENSMICG00000030783
ENSG00000162302,RPS6KA4,ENSMICG00000029334
ENSG00000158528,PPP1R9A,ENSMICG00000026651
ENSG00000170291,ELP5,ENSMICG00000026605
ENSG00000168036,CTNNB1,ENSMICG00000049020
ENSG00000149403,GRIK4,ENSMICG00000011188
ENSG00000121068,TBX2,ENSMICG00000016649
ENSG00000155754,C2CD6,ENSMICG00000034413
ENSG00000131748,STARD3,ENSMICG00000010522
ENSG00000153093,ACOXL,ENSMICG00000008329
ENSG00000106554,CHCHD3,ENSMICG00000038427
ENSG00000158517,NCF1,ENSMICG00000014903
ENSG00000067066,SP100,ENSMICG00000004106
ENSG00000173511,VEGFB,ENSMICG00000016957
ENSG00000127954,STEAP4,ENSMICG00000011510
ENSG00000258659,TRIM34,ENSMICG00000037370
ENSG00000160999,SH2B2,ENSMICG00000010295
ENSG00000214517,PPME1,ENSMICG00000002244
ENSG00000164849,GPR146,ENSMICG00000002101
ENSG00000122779,TRIM24,ENSMICG00000001814
ENSG00000174791,RIN1,ENSMICG00000008665
ENSG00000175220,ARHGAP1,ENSMICG00000006918
ENSG00000108622,ICAM2,ENSMICG00000042703
ENSG00000122642,FKBP9,ENSMICG00000000720
ENSG00000115207,GTF3C2,ENSMICG00000017121
ENSG00000205339,IPO7,ENSMICG00000007465
ENSG00000106290,TAF6,ENSMICG00000003995
ENSG00000165916,PSMC3,ENSMICG00000007138
ENSG00000114805,PLCH1,ENSMICG00000049386
ENSG00000115461,IGFBP5,ENSMICG00000028205
ENSG00000171055,FEZ2,ENSMICG00000014974
ENSG00000005243,COPZ2,ENSMICG00000014097
ENSG00000177830,CHID1,ENSMICG00000000972
ENSG00000151779,NBAS,ENSMICG00000001009
ENSG00000188176,SMTNL2,ENSMICG00000012429
ENSG00000132522,GPS2,ENSMICG00000036660
ENSG00000130429,ARPC1B,ENSMICG00000017424
ENSG00000128487,SPECC1,ENSMICG00000010932
ENSG00000138363,ATIC,ENSMICG00000044310
ENSG00000167925,GHDC,ENSMICG00000011980
ENSG00000144619,CNTN4,ENSMICG00000016581
ENSG00000183077,AFMID,ENSMICG00000029017
ENSG00000196652,ZKSCAN5,ENSMICG00000005991
ENSG00000198836,OPA1,ENSMICG00000049289
ENSG00000006468,ETV1,ENSMICG00000006101
ENSG00000162231,NXF1,ENSMICG00000000980
ENSG00000092929,UNC13D,ENSMICG00000007618
ENSG00000138080,EMILIN1,ENSMICG00000017031
ENSG00000149043,SYT8,ENSMICG00000031880
ENSG00000143774,GUK1,ENSMICG00000003322
ENSG00000168530,MYL1,ENSMICG00000010008
ENSG00000149809,TM7SF2,ENSMICG00000016571
ENSG00000162804,SNED1,ENSMICG00000012979
ENSG00000160908,ZNF394,ENSMICG00000005987
ENSG00000011143,MKS1,ENSMICG00000015953
ENSG00000221838,AP4M1,ENSMICG00000003981
ENSG00000177374,HIC1,ENSMICG00000012908
ENSG00000108799,EZH1,ENSMICG00000010327
ENSG00000198075,SULT1C4,ENSMICG00000007224
ENSG00000144161,ZC3H8,ENSMICG00000045551
ENSG00000134780,DAGLA,ENSMICG00000013847
ENSG00000158435,CNOT11,ENSMICG00000002973
ENSG00000121988,ZRANB3,ENSMICG00000013893
ENSG00000117543,DPH5,ENSMICG00000005254
ENSG00000166927,MS4A7,ENSMICG00000038698
ENSG00000183644,HOATZ,ENSMICG00000032147
ENSG00000149311,ATM,ENSMICG00000013655
ENSG00000141504,SAT2,ENSMICG00000014822
ENSG00000135919,SERPINE2,ENSMICG00000014427
ENSG00000108671,PSMD11,ENSMICG00000011849
ENSG00000143028,SYPL2,ENSMICG00000031203
ENSG00000033050,ABCF2,ENSMICG00000004786
ENSG00000155366,RHOC,ENSMICG00000003200
ENSG00000125637,PSD4,ENSMICG00000003255
ENSG00000110063,DCPS,ENSMICG00000014834
ENSG00000162998,FRZB,ENSMICG00000046694
ENSG00000133818,RRAS2,ENSMICG00000026746
ENSG00000168542,COL3A1,ENSMICG00000014169
ENSG00000169193,CCDC126,ENSMICG00000044703
ENSG00000172732,MUS81,ENSMICG00000012783
ENSG00000106009,BRAT1,ENSMICG00000033020
ENSG00000132376,INPP5K,ENSMICG00000003861
ENSG00000168071,CCDC88B,ENSMICG00000016989
ENSG00000153002,CPB1,ENSMICG00000048946
ENSG00000117595,IRF6,ENSMICG00000001233
ENSG00000178035,IMPDH2,ENSMICG00000007866
ENSG00000166997,CNPY4,ENSMICG00000004002
ENSG00000099849,RASSF7,ENSMICG00000002442
ENSG00000196689,TRPV1,ENSMICG00000015702
ENSG00000077080,ACTL6B,ENSMICG00000009362
ENSG00000116667,C1orf21,ENSMICG00000042970
ENSG00000185507,IRF7,ENSMICG00000037676
ENSG00000143248,RGS5,ENSMICG00000007854
ENSG00000169871,TRIM56,ENSMICG00000037286
ENSG00000133561,GIMAP6,ENSMICG00000033278
ENSG00000086232,EIF2AK1,ENSMICG00000012815
ENSG00000085552,IGSF9,ENSMICG00000011340
ENSG00000064012,CASP8,ENSMICG00000004468
ENSG00000168056,LTBP3,ENSMICG00000008721
ENSG00000163050,COQ8A,ENSMICG00000013440
ENSG00000187531,SIRT7,ENSMICG00000017412
ENSG00000124356,STAMBP,ENSMICG00000014755
ENSG00000131771,PPP1R1B,ENSMICG00000010515
ENSG00000109971,HSPA8,ENSMICG00000032750
ENSG00000146828,SLC12A9,ENSMICG00000009453
ENSG00000144868,TMEM108,ENSMICG00000049334
ENSG00000144810,COL8A1,ENSMICG00000049100
ENSG00000071203,MS4A12,ENSMICG00000015089
ENSG00000142186,SCYL1,ENSMICG00000003114
ENSG00000186001,LRCH3,ENSMICG00000049503
ENSG00000167861,HID1,ENSMICG00000010626
ENSG00000185811,IKZF1,ENSMICG00000037465
ENSG00000138095,LRPPRC,ENSMICG00000010486
ENSG00000114738,MAPKAPK3,ENSMICG00000013169
ENSG00000072849,DERL2,ENSMICG00000012735
ENSG00000196189,SEMA4A,ENSMICG00000002242
ENSG00000109062,NHERF1,ENSMICG00000036133
ENSG00000127952,STYXL1,ENSMICG00000003929
ENSG00000198720,ANKRD13B,ENSMICG00000013392
ENSG00000172936,MYD88,ENSMICG00000048892
ENSG00000108852,MPP2,ENSMICG00000005632
ENSG00000084628,NKAIN1,ENSMICG00000009329
ENSG00000144815,NXPE3,ENSMICG00000048875
ENSG00000196411,EPHB4,ENSMICG00000009440
ENSG00000163161,ERCC3,ENSMICG00000009578
ENSG00000117408,IPO13,ENSMICG00000011003
ENSG00000143499,SMYD2,ENSMICG00000011606
ENSG00000106089,STX1A,ENSMICG00000008224
ENSG00000214063,TSPAN4,ENSMICG00000034279
ENSG00000153250,RBMS1,ENSMICG00000008325
ENSG00000126581,BECN1,ENSMICG00000010391
ENSG00000164708,PGAM2,ENSMICG00000013345
ENSG00000203705,TATDN3,ENSMICG00000014664
ENSG00000164659,ELAPOR2,ENSMICG00000013590
ENSG00000182973,CNOT10,ENSMICG00000049234
ENSG00000146701,MDH2,ENSMICG00000003939
ENSG00000167549,CORO6,ENSMICG00000013407
ENSG00000054356,PTPRN,ENSMICG00000000810
ENSG00000006704,GTF2IRD1,ENSMICG00000010230
ENSG00000143294,PRCC,ENSMICG00000008957
ENSG00000221926,TRIM16,ENSMICG00000034450
ENSG00000159352,PSMD4,ENSMICG00000016117
ENSG00000145103,ILDR1,ENSMICG00000049269
ENSG00000171109,MFN1,ENSMICG00000049257
ENSG00000159842,ABR,ENSMICG00000009381
ENSG00000135931,ARMC9,ENSMICG00000004177
ENSG00000168003,SLC3A2,ENSMICG00000017390
ENSG00000143093,STRIP1,ENSMICG00000005215
ENSG00000174516,PELI3,ENSMICG00000003763
ENSG00000143641,GALNT2,ENSMICG00000004134
ENSG00000183726,TMEM50A,ENSMICG00000016225
ENSG00000006125,AP2B1,ENSMICG00000017045
ENSG00000049449,RCN1,ENSMICG00000027735
ENSG00000175467,SART1,ENSMICG00000030096
ENSG00000178252,WDR6,ENSMICG00000007852
ENSG00000116406,EDEM3,ENSMICG00000005929
ENSG00000178149,DALRD3,ENSMICG00000007858
ENSG00000023191,RNH1,ENSMICG00000031658
ENSG00000085662,AKR1B1,ENSMICG00000001921
ENSG00000117598,PLPPR5,ENSMICG00000030430
ENSG00000168237,GLYCTK,ENSMICG00000030257
ENSG00000135912,TTLL4,ENSMICG00000005204
ENSG00000162552,WNT4,ENSMICG00000000391
ENSG00000152601,MBNL1,ENSMICG00000049530
ENSG00000162614,NEXN,ENSMICG00000014456
ENSG00000115657,ABCB6,ENSMICG00000000778
ENSG00000066135,KDM4A,ENSMICG00000007152
ENSG00000170043,TRAPPC1,ENSMICG00000033485
ENSG00000055130,CUL1,ENSMICG00000011113
ENSG00000125450,NUP85,ENSMICG00000007562
ENSG00000158286,RNF207,ENSMICG00000009424
ENSG00000204634,TBC1D8,ENSMICG00000046616
ENSG00000013297,CLDN11,ENSMICG00000048893
ENSG00000158488,CD1E,ENSMICG00000010222
ENSG00000154928,EPHB1,ENSMICG00000049112
ENSG00000131467,PSME3,ENSMICG00000010398
ENSG00000115271,GCA,ENSMICG00000032511
ENSG00000163637,PRICKLE2,ENSMICG00000033980
ENSG00000183873,SCN5A,ENSMICG00000049061
ENSG00000185090,MANEAL,ENSMICG00000011948
ENSG00000078018,MAP2,ENSMICG00000009887
ENSG00000054282,SDCCAG8,ENSMICG00000015485
ENSG00000141052,MYOCD,ENSMICG00000002408
ENSG00000070759,TESK2,ENSMICG00000029805
ENSG00000106086,PLEKHA8,ENSMICG00000012195
ENSG00000037042,TUBG2,ENSMICG00000044881
ENSG00000182118,FAM89A,ENSMICG00000027871
ENSG00000120656,TAF12,ENSMICG00000033777
ENSG00000143847,PPFIA4,ENSMICG00000005134
ENSG00000168259,DNAJC7,ENSMICG00000011908
ENSG00000105982,RNF32,ENSMICG00000015458
ENSG00000135766,EGLN1,ENSMICG00000010348
ENSG00000118217,ATF6,ENSMICG00000000038
ENSG00000197415,VEPH1,ENSMICG00000049487
ENSG00000188191,PRKAR1B,ENSMICG00000015712
ENSG00000088179,PTPN4,ENSMICG00000046058
ENSG00000196083,IL1RAP,ENSMICG00000049250
ENSG00000169504,CLIC4,ENSMICG00000038442
ENSG00000158882,TOMM40L,ENSMICG00000007287
ENSG00000108840,HDAC5,ENSMICG00000002609
ENSG00000164818,DNAAF5,ENSMICG00000044352
ENSG00000142920,AZIN2,ENSMICG00000012460
ENSG00000071051,NCK2,ENSMICG00000000231
ENSG00000106263,EIF3B,ENSMICG00000010103
ENSG00000163017,ACTG2,ENSMICG00000006029
ENSG00000185104,FAF1,ENSMICG00000003299
ENSG00000163661,PTX3,ENSMICG00000049341
ENSG00000114626,ABTB1,ENSMICG00000031555
ENSG00000163006,CCDC138,ENSMICG00000011882
ENSG00000113851,CRBN,ENSMICG00000016619
ENSG00000236782,ZNF593OS,ENSMICG00000034234
ENSG00000173369,C1QB,ENSMICG00000047215
ENSG00000198758,EPS8L3,ENSMICG00000005191
ENSG00000093183,SEC22C,ENSMICG00000049033
ENSG00000196141,SPATS2L,ENSMICG00000003956
ENSG00000072756,TRNT1,ENSMICG00000016615
ENSG00000122786,CALD1,ENSMICG00000014537
ENSG00000160746,ANO10,ENSMICG00000011622
ENSG00000117480,FAAH,ENSMICG00000010595
ENSG00000178971,CTC1,ENSMICG00000013795
ENSG00000116668,SWT1,ENSMICG00000014975
ENSG00000114857,NKTR,ENSMICG00000049171
ENSG00000108405,P2RX1,ENSMICG00000004652
ENSG00000143147,GPR161,ENSMICG00000011715
ENSG00000108639,SYNGR2,ENSMICG00000030572
ENSG00000247596,TWF2,ENSMICG00000002719
ENSG00000141738,GRB7,ENSMICG00000010557
ENSG00000164088,PPM1M,ENSMICG00000002725
ENSG00000136628,EPRS1,ENSMICG00000038220
ENSG00000163931,TKT,ENSMICG00000010917
ENSG00000169087,HSPBAP1,ENSMICG00000048921
ENSG00000113838,TBCCD1,ENSMICG00000049446
ENSG00000167291,TBC1D16,ENSMICG00000028854
ENSG00000134070,IRAK2,ENSMICG00000002378
ENSG00000117707,PROX1,ENSMICG00000011593
ENSG00000117676,RPS6KA1,ENSMICG00000007848
ENSG00000113971,NPHP3,ENSMICG00000048905
ENSG00000161204,ABCF3,ENSMICG00000049418
ENSG00000141314,RHBDL3,ENSMICG00000007783
ENSG00000108591,DRG2,ENSMICG00000012598
ENSG00000177565,TBL1XR1,ENSMICG00000049448
ENSG00000184060,ADAP2,ENSMICG00000003621
ENSG00000160062,ZBTB8A,ENSMICG00000028795
ENSG00000141258,SGSM2,ENSMICG00000012965
ENSG00000115221,ITGB6,ENSMICG00000008312
ENSG00000136478,TEX2,ENSMICG00000005725
ENSG00000011566,MAP4K3,ENSMICG00000013218
ENSG00000180198,RCC1,ENSMICG00000047487
ENSG00000127252,PLAAT1,ENSMICG00000049538
ENSG00000156983,BRPF1,ENSMICG00000015227
ENSG00000132591,ERAL1,ENSMICG00000005345
ENSG00000114439,BBX,ENSMICG00000049362
ENSG00000197879,MYO1C,ENSMICG00000003839
ENSG00000116120,FARSB,ENSMICG00000002495
ENSG00000152527,PLEKHH2,ENSMICG00000010406
ENSG00000115840,SLC25A12,ENSMICG00000006956
ENSG00000187815,ZFP69,ENSMICG00000007201
ENSG00000181038,METTL23,ENSMICG00000016953
ENSG00000117281,CD160,ENSMICG00000038733
ENSG00000130775,THEMIS2,ENSMICG00000011084
ENSG00000005882,PDK2,ENSMICG00000007219
ENSG00000162654,GBP4,ENSMICG00000035538
ENSG00000198218,QRICH1,ENSMICG00000028751
ENSG00000170190,SLC16A5,ENSMICG00000017486
ENSG00000117133,RPF1,ENSMICG00000012349
ENSG00000122482,ZNF644,ENSMICG00000015207
ENSG00000135917,SLC19A3,ENSMICG00000013255
ENSG00000155893,PXYLP1,ENSMICG00000048945
ENSG00000041988,THAP3,ENSMICG00000034617
ENSG00000120093,HOXB3,ENSMICG00000007522
ENSG00000163001,CFAP36,ENSMICG00000017446
ENSG00000175206,NPPA,ENSMICG00000003392
ENSG00000162511,LAPTM5,ENSMICG00000011554
ENSG00000204859,ZBTB48,ENSMICG00000016317
ENSG00000163686,ABHD6,ENSMICG00000014529
ENSG00000138078,PREPL,ENSMICG00000004928
ENSG00000114670,NEK11,ENSMICG00000048899
ENSG00000143761,ARF1,ENSMICG00000047362
ENSG00000055732,MCOLN3,ENSMICG00000014973
ENSG00000160602,NEK8,ENSMICG00000005332
ENSG00000278259,MYO19,ENSMICG00000004193
ENSG00000143196,DPT,ENSMICG00000013173
ENSG00000065243,PKN2,ENSMICG00000035571
ENSG00000211456,SACM1L,ENSMICG00000049064
ENSG00000115756,HPCAL1,ENSMICG00000029256
ENSG00000154309,DISP1,ENSMICG00000033846
ENSG00000143401,ANP32E,ENSMICG00000045618
ENSG00000174839,DENND6A,ENSMICG00000002018
ENSG00000126062,TMEM115,ENSMICG00000044635
ENSG00000108883,EFTUD2,ENSMICG00000016592
ENSG00000162576,MXRA8,ENSMICG00000032614
ENSG00000177479,ARIH2,ENSMICG00000007837
ENSG00000158473,CD1D,ENSMICG00000037665
ENSG00000065978,YBX1,ENSMICG00000014984
ENSG00000115008,IL1A,ENSMICG00000033464
ENSG00000082126,MPP4,ENSMICG00000013369
ENSG00000118292,C1orf54,ENSMICG00000015318
ENSG00000008130,NADK,ENSMICG00000015125
ENSG00000278311,GGNBP2,ENSMICG00000004202
ENSG00000077380,DYNC1I2,ENSMICG00000006950
ENSG00000141576,RNF157,ENSMICG00000013253
ENSG00000116670,MAD2L2,ENSMICG00000001187
ENSG00000179314,WSCD1,ENSMICG00000013616
ENSG00000141293,SKAP1,ENSMICG00000047158
ENSG00000177885,GRB2,ENSMICG00000007414
ENSG00000010244,ZNF207,ENSMICG00000002395
ENSG00000129673,AANAT,ENSMICG00000047145
ENSG00000162618,ADGRL4,ENSMICG00000014527
ENSG00000141696,P3H4,ENSMICG00000011838
ENSG00000006062,MAP3K14,ENSMICG00000003887
ENSG00000174151,CYB561D1,ENSMICG00000016408
ENSG00000092931,MFSD11,ENSMICG00000016959
ENSG00000168890,TMEM150A,ENSMICG00000026572
ENSG00000142949,PTPRF,ENSMICG00000007128
ENSG00000035862,TIMP2,ENSMICG00000032201
ENSG00000144504,ANKMY1,ENSMICG00000047966
ENSG00000161547,SRSF2,ENSMICG00000016956
ENSG00000141540,TTYH2,ENSMICG00000008496
ENSG00000171401,KRT13,ENSMICG00000012884
ENSG00000121067,SPOP,ENSMICG00000006987
ENSG00000115361,ACADL,ENSMICG00000009991
ENSG00000114354,TFG,ENSMICG00000049522
ENSG00000115594,IL1R1,ENSMICG00000047136
ENSG00000116809,ZBTB17,ENSMICG00000001933
ENSG00000163702,IL17RC,ENSMICG00000002318
ENSG00000117411,B4GALT2,ENSMICG00000029762
ENSG00000123607,TTC21B,ENSMICG00000015487
ENSG00000007923,DNAJC11,ENSMICG00000016354
ENSG00000188612,SUMO2,ENSMICG00000030533
ENSG00000033627,ATP6V0A1,ENSMICG00000010226
ENSG00000126705,AHDC1,ENSMICG00000029375
ENSG00000170035,UBE2E3,ENSMICG00000001647
ENSG00000196187,TMEM63A,ENSMICG00000004058
ENSG00000134313,KIDINS220,ENSMICG00000010065
ENSG00000115649,CNPPD1,ENSMICG00000000769
ENSG00000107404,DVL1,ENSMICG00000014215
ENSG00000119787,ATL2,ENSMICG00000004240
ENSG00000160712,IL6R,ENSMICG00000001408
ENSG00000159202,UBE2Z,ENSMICG00000046102
ENSG00000161649,CD300LG,ENSMICG00000005625
ENSG00000134222,PSRC1,ENSMICG00000016308
ENSG00000232859,LYRM9,ENSMICG00000027726
ENSG00000214226,C17orf67,ENSMICG00000047765
ENSG00000132185,FCRLA,ENSMICG00000000037
ENSG00000108349,CASC3,ENSMICG00000003321
ENSG00000143811,PYCR2,ENSMICG00000017416
ENSG00000153201,RANBP2,ENSMICG00000011864
ENSG00000243710,CFAP57,ENSMICG00000007008
ENSG00000083454,P2RX5,ENSMICG00000015755
ENSG00000005448,WDR54,ENSMICG00000006170
ENSG00000162836,ACP6,ENSMICG00000005556
ENSG00000115020,PIKFYVE,ENSMICG00000009805
ENSG00000143318,CASQ1,ENSMICG00000007986
ENSG00000117395,EBNA1BP2,ENSMICG00000007000
ENSG00000007168,PAFAH1B1,ENSMICG00000031621
ENSG00000158161,EYA3,ENSMICG00000011109
ENSG00000011295,TTC19,ENSMICG00000007108
ENSG00000141577,CEP131,ENSMICG00000030567
ENSG00000138378,STAT4,ENSMICG00000002951
ENSG00000284770,TBCE,ENSMICG00000007372
ENSG00000144028,SNRNP200,ENSMICG00000004710
ENSG00000163217,BMP10,ENSMICG00000044994
ENSG00000244045,VMA12,ENSMICG00000005087
ENSG00000153827,TRIP12,ENSMICG00000005740
ENSG00000157916,RER1,ENSMICG00000016433
ENSG00000186868,MAPT,ENSMICG00000004872
ENSG00000197956,S100A6,ENSMICG00000026326
ENSG00000282881,TMEM275,ENSMICG00000043204
ENSG00000004487,KDM1A,ENSMICG00000013347
ENSG00000142733,MAP3K6,ENSMICG00000015758
ENSG00000141279,NPEPPS,ENSMICG00000012034
ENSG00000162368,CMPK1,ENSMICG00000005386
ENSG00000081721,DUSP12,ENSMICG00000035927
ENSG00000162591,MEGF6,ENSMICG00000041971
ENSG00000141524,TMC6,ENSMICG00000003967
ENSG00000117479,SLC19A2,ENSMICG00000012252
ENSG00000160087,UBE2J2,ENSMICG00000014161
ENSG00000117122,MFAP2,ENSMICG00000006487
ENSG00000174332,GLIS1,ENSMICG00000029546
ENSG00000178585,CTNNBIP1,ENSMICG00000045699
ENSG00000117222,RBBP5,ENSMICG00000013217
ENSG00000160781,PAQR6,ENSMICG00000002252
ENSG00000275066,SYNRG,ENSMICG00000004272
ENSG00000143418,CERS2,ENSMICG00000000441
ENSG00000205221,VIT,ENSMICG00000008646
ENSG00000160691,SHC1,ENSMICG00000007933
ENSG00000115520,COQ10B,ENSMICG00000013910
ENSG00000138386,NAB1,ENSMICG00000007306
ENSG00000143486,EIF2D,ENSMICG00000017696
ENSG00000008838,MED24,ENSMICG00000008136
ENSG00000081026,MAGI3,ENSMICG00000042078
ENSG00000077232,DNAJC10,ENSMICG00000006441
ENSG00000265972,TXNIP,ENSMICG00000038247
ENSG00000131697,NPHP4,ENSMICG00000011876
ENSG00000163029,SMC6,ENSMICG00000010802
ENSG00000170485,NPAS2,ENSMICG00000016027
ENSG00000153823,PID1,ENSMICG00000014596
ENSG00000124374,PAIP2B,ENSMICG00000030507
ENSG00000173163,COMMD1,ENSMICG00000036432
ENSG00000064933,PMS1,ENSMICG00000000830
ENSG00000116198,CEP104,ENSMICG00000000549
ENSG00000167895,TMC8,ENSMICG00000003982
ENSG00000160753,RUSC1,ENSMICG00000029028
ENSG00000162975,KCNF1,ENSMICG00000017370
ENSG00000135940,COX5B,ENSMICG00000043097
ENSG00000230124,ACBD6,ENSMICG00000033842
ENSG00000134308,YWHAQ,ENSMICG00000000973
ENSG00000197121,PGAP1,ENSMICG00000013824
ENSG00000204120,GIGYF2,ENSMICG00000006695
ENSG00000143546,S100A8,ENSMICG00000012649
ENSG00000143554,SLC27A3,ENSMICG00000008852
ENSG00000187961,KLHL17,ENSMICG00000008300
ENSG00000133226,SRRM1,ENSMICG00000006553
ENSG00000116885,OSCP1,ENSMICG00000007944
ENSG00000130147,SH3BP4,ENSMICG00000004598
ENSG00000077254,USP33,ENSMICG00000010681
ENSG00000128699,ORMDL1,ENSMICG00000031731
ENSG00000115194,SLC30A3,ENSMICG00000017103
ENSG00000115233,PSMD14,ENSMICG00000036560
ENSG00000114999,TTL,ENSMICG00000043662
ENSG00000143797,MBOAT2,ENSMICG00000010098
ENSG00000136546,SCN7A,ENSMICG00000014439
ENSG00000162981,LRATD1,ENSMICG00000042880
ENSG00000116962,NID1,ENSMICG00000002600
ENSG00000115252,PDE1A,ENSMICG00000001911
ENSG00000079335,CDC14A,ENSMICG00000007734
ENSG00000115705,TPO,ENSMICG00000006398
ENSG00000132768,DPH2,ENSMICG00000011018
ENSG00000169418,NPR1,ENSMICG00000013747
ENSG00000134324,LPIN1,ENSMICG00000017709
ENSG00000183386,FHL3,ENSMICG00000033109
ENSG00000130414,NDUFA10,ENSMICG00000028653
ENSG00000084623,EIF3I,ENSMICG00000017800
ENSG00000143862,ARL8A,ENSMICG00000038748
ENSG00000116133,DHCR24,ENSMICG00000007632
ENSG00000133067,LGR6,ENSMICG00000035884
ENSG00000138413,IDH1,ENSMICG00000031243
ENSG00000133063,CHIT1,ENSMICG00000002312
ENSG00000162670,BRINP3,ENSMICG00000038619
ENSG00000117054,ACADM,ENSMICG00000017809
ENSG00000118260,CREB1,ENSMICG00000009731
ENSG00000115365,LANCL1,ENSMICG00000033807
ENSG00000224051,CPTP,ENSMICG00000041661
ENSG00000069812,HES2,ENSMICG00000000703
ENSG00000160741,CRTC2,ENSMICG00000010302
ENSG00000074054,CLASP1,ENSMICG00000007186
ENSG00000134684,YARS1,ENSMICG00000011204
ENSG00000117318,ID3,ENSMICG00000030561
ENSG00000117791,MTARC2,ENSMICG00000044174
ENSG00000122176,FMOD,ENSMICG00000015453
ENSG00000117640,MTFR1L,ENSMICG00000012175
ENSG00000198952,SMG5,ENSMICG00000002257
ENSG00000075568,TMEM131,ENSMICG00000007434
ENSG00000144063,MALL,ENSMICG00000038217
ENSG00000213160,KLHL23,ENSMICG00000004335
ENSG00000163510,CWC22,ENSMICG00000016919
ENSG00000135932,CAB39,ENSMICG00000004117
ENSG00000085978,ATG16L1,ENSMICG00000010261
ENSG00000196182,STK40,ENSMICG00000007931
ENSG00000134748,PRPF38A,ENSMICG00000014193
ENSG00000204138,PHACTR4,ENSMICG00000037236
ENSG00000163126,ANKRD23,ENSMICG00000012604
ENSG00000198400,NTRK1,ENSMICG00000009002
ENSG00000151690,MFSD6,ENSMICG00000007291
ENSG00000162929,SANBR,ENSMICG00000016768
ENSG00000040487,SLC66A1,ENSMICG00000010512
ENSG00000138074,SLC5A6,ENSMICG00000017065
ENSG00000162607,USP1,ENSMICG00000001502
ENSG00000132694,ARHGEF11,ENSMICG00000009042
ENSG00000143319,ISG20L2,ENSMICG00000008929
ENSG00000144283,PKP4,ENSMICG00000016813
ENSG00000143702,CEP170,ENSMICG00000011831
ENSG00000135953,MFSD9,ENSMICG00000037979
ENSG00000188674,C2orf80,ENSMICG00000009794
ENSG00000132305,IMMT,ENSMICG00000000770
ENSG00000133059,DSTYK,ENSMICG00000000052
ENSG00000189339,SLC35E2B,ENSMICG00000048053
ENSG00000173641,HSPB7,ENSMICG00000007104
ENSG00000158292,GPR153,ENSMICG00000041733
ENSG00000142657,PGD,ENSMICG00000004557
ENSG00000154305,MIA3,ENSMICG00000017165
ENSG00000118298,CA14,ENSMICG00000045466
ENSG00000162598,C1orf87,ENSMICG00000013485
ENSG00000162910,MRPL55,ENSMICG00000031760
ENSG00000119042,SATB2,ENSMICG00000009378
ENSG00000204923,FBXO48,ENSMICG00000027392
ENSG00000163521,GLB1L,ENSMICG00000000795
ENSG00000115524,SF3B1,ENSMICG00000013879
ENSG00000163516,ANKZF1,ENSMICG00000000789
ENSG00000162441,LZIC,ENSMICG00000028019
ENSG00000162616,DNAJB4,ENSMICG00000014487
ENSG00000037637,FBXO42,ENSMICG00000042418
ENSG00000078098,FAP,ENSMICG00000005381
ENSG00000011009,LYPLA2,ENSMICG00000005841
ENSG00000117643,MAN1C1,ENSMICG00000012135
ENSG00000144031,ANKRD53,ENSMICG00000007049
ENSG00000169621,APLF,ENSMICG00000003735
ENSG00000132704,FCRL2,ENSMICG00000030892
ENSG00000143924,EML4,ENSMICG00000006510
ENSG00000116786,PLEKHM2,ENSMICG00000013125
ENSG00000144366,GULP1,ENSMICG00000016453
ENSG00000116679,IVNS1ABP,ENSMICG00000029941
ENSG00000009790,TRAF3IP3,ENSMICG00000001216
ENSG00000162714,ZNF496,ENSMICG00000014996
ENSG00000027869,SH2D2A,ENSMICG00000008964
ENSG00000117360,PRPF3,ENSMICG00000015386
ENSG00000128652,HOXD3,ENSMICG00000004286
ENSG00000077044,DGKD,ENSMICG00000010285
ENSG00000116199,FAM20B,ENSMICG00000043296
ENSG00000117151,CTBS,ENSMICG00000047868
ENSG00000169241,SLC50A1,ENSMICG00000008029
ENSG00000218739,CEBPZOS,ENSMICG00000046596
ENSG00000016490,CLCA1,ENSMICG00000015876
ENSG00000135956,TMEM127,ENSMICG00000048102
ENSG00000134243,SORT1,ENSMICG00000016349
ENSG00000163162,RNF149,ENSMICG00000034230
ENSG00000055813,CCDC85A,ENSMICG00000029777
ENSG00000123600,METTL8,ENSMICG00000015106
ENSG00000186281,GPAT2,ENSMICG00000010755
ENSG00000135870,RC3H1,ENSMICG00000003000
ENSG00000117308,GALE,ENSMICG00000005846
ENSG00000174175,SELP,ENSMICG00000012288
ENSG00000171853,TRAPPC12,ENSMICG00000030035
ENSG00000144589,STK11IP,ENSMICG00000008151
ENSG00000171612,SLC25A33,ENSMICG00000028470
ENSG00000143624,INTS3,ENSMICG00000008832
ENSG00000188687,SLC4A5,ENSMICG00000006131
ENSG00000117228,GBP1,ENSMICG00000014351
ENSG00000137996,RTCA,ENSMICG00000008643
ENSG00000123992,DNPEP,ENSMICG00000015765
ENSG00000116906,GNPAT,ENSMICG00000029639
ENSG00000152133,GPATCH11,ENSMICG00000003312
ENSG00000144057,ST6GAL2,ENSMICG00000042257
ENSG00000135925,WNT10A,ENSMICG00000043872
ENSG00000163082,SGPP2,ENSMICG00000002490
ENSG00000243244,STON1,ENSMICG00000036882
ENSG00000162630,B3GALT2,ENSMICG00000045687
ENSG00000121310,ECHDC2,ENSMICG00000009181
ENSG00000003400,CASP10,ENSMICG00000047692
ENSG00000128708,HAT1,ENSMICG00000006967
ENSG00000168427,KLHL30,ENSMICG00000002092
ENSG00000197530,MIB2,ENSMICG00000011021
ENSG00000138399,FASTKD1,ENSMICG00000030856
ENSG00000138036,DYNC2LI1,ENSMICG00000010444
ENSG00000152292,SH2D6,ENSMICG00000015081
ENSG00000144034,TPRKB,ENSMICG00000044266
ENSG00000066248,NGEF,ENSMICG00000006727
ENSG00000187957,DNER,ENSMICG00000005730
ENSG00000018280,SLC11A1,ENSMICG00000032402
ENSG00000186453,FAM228A,ENSMICG00000001546
ENSG00000136709,WDR33,ENSMICG00000031042
ENSG00000150938,CRIM1,ENSMICG00000045986
ENSG00000021826,CPS1,ENSMICG00000010886
ENSG00000120948,TARDBP,ENSMICG00000003838
ENSG00000118197,DDX59,ENSMICG00000012110
ENSG00000143612,C1orf43,ENSMICG00000033180
ENSG00000177888,ZBTB41,ENSMICG00000043415
ENSG00000117394,SLC2A1,ENSMICG00000014811
ENSG00000143036,SLC44A3,ENSMICG00000008927
ENSG00000184371,CSF1,ENSMICG00000035526
ENSG00000198771,RCSD1,ENSMICG00000026736
ENSG00000115593,SMYD1,ENSMICG00000037338
ENSG00000142661,MYOM3,ENSMICG00000000527
ENSG00000054523,KIF1B,ENSMICG00000004526
ENSG00000091436,MAP3K20,ENSMICG00000011055
ENSG00000169554,ZEB2,ENSMICG00000017462
ENSG00000172878,METAP1D,ENSMICG00000035249
ENSG00000066294,CD84,ENSMICG00000012049
ENSG00000061676,NCKAP1,ENSMICG00000000966
ENSG00000155367,PPM1J,ENSMICG00000035392
ENSG00000162378,ZYG11B,ENSMICG00000008513
ENSG00000173406,DAB1,ENSMICG00000000730
ENSG00000076258,FMO4,ENSMICG00000017120
ENSG00000198815,FOXJ3,ENSMICG00000010441
ENSG00000198715,GLMP,ENSMICG00000002263
ENSG00000162444,RBP7,ENSMICG00000026974
ENSG00000162711,NLRP3,ENSMICG00000001110
ENSG00000136560,TANK,ENSMICG00000033684
ENSG00000162407,PLPP3,ENSMICG00000012602
ENSG00000198625,MDM4,ENSMICG00000017021
ENSG00000116863,ADPRS,ENSMICG00000016186
ENSG00000187583,PLEKHN1,ENSMICG00000037845
ENSG00000115590,IL1R2,ENSMICG00000003917
ENSG00000132854,KANK4,ENSMICG00000001495
ENSG00000143507,DUSP10,ENSMICG00000037572
ENSG00000197872,CYRIA,ENSMICG00000013924
ENSG00000137936,BCAR3,ENSMICG00000010096
ENSG00000204099,NEU4,ENSMICG00000034826
ENSG00000182827,ACBD3,ENSMICG00000035503
ENSG00000085840,ORC1,ENSMICG00000014173
ENSG00000173744,AGFG1,ENSMICG00000013216
ENSG00000187642,PERM1,ENSMICG00000033997
ENSG00000116514,RNF19B,ENSMICG00000008113
ENSG00000152763,DNAI4,ENSMICG00000043215
ENSG00000186854,TRABD2A,ENSMICG00000015388
ENSG00000153246,PLA2R1,ENSMICG00000008295
ENSG00000263961,RHEX,ENSMICG00000041630
ENSG00000158864,NDUFS2,ENSMICG00000007269
ENSG00000163002,NUP35,ENSMICG00000006790
ENSG00000115827,DCAF17,ENSMICG00000036200
ENSG00000158859,ADAMTS4,ENSMICG00000034309
ENSG00000159596,TMEM69,ENSMICG00000029891
ENSG00000127463,EMC1,ENSMICG00000004009
ENSG00000143537,ADAM15,ENSMICG00000007987
ENSG00000158158,CNNM4,ENSMICG00000012573
ENSG00000168899,VAMP5,ENSMICG00000011486
ENSG00000118246,FASTKD2,ENSMICG00000026515
ENSG00000241399,CD302,ENSMICG00000042240
ENSG00000152154,TMEM178A,ENSMICG00000044330
ENSG00000180228,PRKRA,ENSMICG00000009883
ENSG00000198586,TLK1,ENSMICG00000033836
ENSG00000115414,FN1,ENSMICG00000014594
ENSG00000160785,SLC25A44,ENSMICG00000047168
ENSG00000157978,LDLRAP1,ENSMICG00000047758
ENSG00000169291,SHE,ENSMICG00000033343
ENSG00000173409,ARV1,ENSMICG00000004225
ENSG00000054267,ARID4B,ENSMICG00000016358
ENSG00000171608,PIK3CD,ENSMICG00000009008
ENSG00000116213,WRAP73,ENSMICG00000011706
ENSG00000174827,PDZK1,ENSMICG00000038001
ENSG00000130766,SESN2,ENSMICG00000037742
ENSG00000083444,PLOD1,ENSMICG00000002720
ENSG00000162739,SLAMF6,ENSMICG00000038306
ENSG00000169231,THBS3,ENSMICG00000011642
ENSG00000171603,CLSTN1,ENSMICG00000009043
ENSG00000213088,ACKR1,ENSMICG00000028836
ENSG00000065600,PACC1,ENSMICG00000015461
ENSG00000171793,CTPS1,ENSMICG00000014626
ENSG00000183853,KIRREL1,ENSMICG00000004939
ENSG00000134717,BTF3L4,ENSMICG00000002807
ENSG00000116171,SCP2,ENSMICG00000009189
ENSG00000135632,SMYD5,ENSMICG00000015464
ENSG00000152689,RASGRP3,ENSMICG00000009609
ENSG00000203697,CAPN8,ENSMICG00000027054
ENSG00000174348,PODN,ENSMICG00000009201
ENSG00000036257,CUL3,ENSMICG00000013985
ENSG00000117682,DHDDS,ENSMICG00000013680
ENSG00000163449,TMEM169,ENSMICG00000044265
ENSG00000157851,DPYSL5,ENSMICG00000017006
ENSG00000014641,MDH1,ENSMICG00000042874
ENSG00000186132,C2orf76,ENSMICG00000037028
ENSG00000180758,GPR157,ENSMICG00000045307
ENSG00000132716,DCAF8,ENSMICG00000008012
ENSG00000183607,GKN2,ENSMICG00000003743
ENSG00000115998,C2orf42,ENSMICG00000030784
ENSG00000135638,EMX1,ENSMICG00000032816
ENSG00000068878,PSME4,ENSMICG00000017158
ENSG00000159399,HK2,ENSMICG00000011332
ENSG00000144445,KANSL1L,ENSMICG00000009963
ENSG00000036549,ZZZ3,ENSMICG00000004495
ENSG00000158417,EIF5B,ENSMICG00000015960
ENSG00000143156,NME7,ENSMICG00000013198
ENSG00000115042,FAHD2A,ENSMICG00000010749
ENSG00000182866,LCK,ENSMICG00000017802
ENSG00000163273,NPPC,ENSMICG00000012626
ENSG00000144306,SCRN3,ENSMICG00000000366
ENSG00000097033,SH3GLB1,ENSMICG00000015928
ENSG00000198570,RD3,ENSMICG00000000426
ENSG00000158019,BABAM2,ENSMICG00000015024
ENSG00000187801,ZFP69B,ENSMICG00000042001
ENSG00000259823,LYPD8,ENSMICG00000029880
ENSG00000049246,PER3,ENSMICG00000046888
ENSG00000158773,USF1,ENSMICG00000007199
ENSG00000188177,ZC3H6,ENSMICG00000036353
ENSG00000115966,ATF2,ENSMICG00000006417
ENSG00000151414,NEK7,ENSMICG00000029301
ENSG00000138030,KHK,ENSMICG00000017040
ENSG00000116663,FBXO6,ENSMICG00000045545
ENSG00000126091,ST3GAL3,ENSMICG00000001510
ENSG00000171865,RNASEH1,ENSMICG00000033156
ENSG00000163792,TCF23,ENSMICG00000017064
ENSG00000071073,MGAT4A,ENSMICG00000011397
ENSG00000155729,KCTD18,ENSMICG00000038014
ENSG00000196504,PRPF40A,ENSMICG00000017146
ENSG00000115145,STAM2,ENSMICG00000009382
ENSG00000204104,TRAF3IP1,ENSMICG00000004727
ENSG00000118965,WDR35,ENSMICG00000037969
ENSG00000084733,RAB10,ENSMICG00000037941
ENSG00000073737,DHRS9,ENSMICG00000017337
ENSG00000135637,CCDC142,ENSMICG00000006207
ENSG00000176720,BOK,ENSMICG00000029950
ENSG00000135966,TGFBRAP1,ENSMICG00000000226
ENSG00000030419,IKZF2,ENSMICG00000013862
ENSG00000132780,NASP,ENSMICG00000008415
ENSG00000084764,MAPRE3,ENSMICG00000016874
ENSG00000136731,UGGT1,ENSMICG00000017698
ENSG00000170802,FOXN2,ENSMICG00000028974
ENSG00000162374,ELAVL4,ENSMICG00000003286
ENSG00000196151,WDSUB1,ENSMICG00000010495
ENSG00000057252,SOAT1,ENSMICG00000005177
ENSG00000064989,CALCRL,ENSMICG00000001266
ENSG00000116273,PHF13,ENSMICG00000030725
ENSG00000116984,MTR,ENSMICG00000015938
ENSG00000168243,GNG4,ENSMICG00000028656
ENSG00000142687,KIAA0319L,ENSMICG00000006428
ENSG00000115902,SLC1A4,ENSMICG00000012577
ENSG00000115947,ORC4,ENSMICG00000004578
ENSG00000196843,ARID5A,ENSMICG00000001964
ENSG00000118194,TNNT2,ENSMICG00000002857
ENSG00000162542,TMCO4,ENSMICG00000014270
ENSG00000135960,EDAR,ENSMICG00000010757
ENSG00000114988,LMAN2L,ENSMICG00000047375
ENSG00000173559,NABP1,ENSMICG00000045078
ENSG00000115339,GALNT3,ENSMICG00000015295
ENSG00000028116,VRK2,ENSMICG00000015032
ENSG00000196878,LAMB3,ENSMICG00000001196
ENSG00000168679,SLC16A4,ENSMICG00000005260
ENSG00000138069,RAB1A,ENSMICG00000012587
ENSG00000162734,PEA15,ENSMICG00000007999
ENSG00000204311,PJVK,ENSMICG00000028765
ENSG00000091428,RAPGEF4,ENSMICG00000011026
ENSG00000127472,PLA2G5,ENSMICG00000045448
ENSG00000116922,AIRIM,ENSMICG00000030638
ENSG00000143387,CTSK,ENSMICG00000005853
ENSG00000116459,ATP5PB,ENSMICG00000011992
ENSG00000133069,TMCC2,ENSMICG00000000054
ENSG00000168118,RAB4A,ENSMICG00000013144
ENSG00000005436,GCFC2,ENSMICG00000028998
ENSG00000174574,AKIRIN1,ENSMICG00000016510
ENSG00000117448,AKR1A1,ENSMICG00000014600
ENSG00000121964,GTDC1,ENSMICG00000007473
ENSG00000162819,BROX,ENSMICG00000017180
ENSG00000117632,STMN1,ENSMICG00000010225
ENSG00000188257,PLA2G2A,ENSMICG00000043228
ENSG00000126088,UROD,ENSMICG00000046574
ENSG00000172318,B3GALT1,ENSMICG00000042176
ENSG00000115839,RAB3GAP1,ENSMICG00000013854
ENSG00000084652,TXLNA,ENSMICG00000043957
ENSG00000115884,SDC1,ENSMICG00000041634
ENSG00000124831,LRRFIP1,ENSMICG00000031882
ENSG00000122477,LRRC39,ENSMICG00000005292
ENSG00000203740,NTMT2,ENSMICG00000029538
ENSG00000131591,C1orf159,ENSMICG00000028602
ENSG00000122435,TRMT13,ENSMICG00000005283
ENSG00000163131,CTSS,ENSMICG00000032451
ENSG00000197622,CDC42SE1,ENSMICG00000045944
ENSG00000117586,TNFSF4,ENSMICG00000017761
ENSG00000215883,CYB5RL,ENSMICG00000031411
ENSG00000090273,NUDC,ENSMICG00000027846
ENSG00000143776,CDC42BPA,ENSMICG00000013466
ENSG00000162522,NHSL3,ENSMICG00000011198
ENSG00000135862,LAMC1,ENSMICG00000007087
ENSG00000162600,OMA1,ENSMICG00000005121
ENSG00000135951,TSGA10,ENSMICG00000011594
ENSG00000143569,UBAP2L,ENSMICG00000010402
ENSG00000119771,KLHL29,ENSMICG00000032037
ENSG00000119760,SUPT7L,ENSMICG00000014961
ENSG00000080293,SCTR,ENSMICG00000000297
ENSG00000071054,MAP4K4,ENSMICG00000003905
ENSG00000204843,DCTN1,ENSMICG00000006144
ENSG00000116194,ANGPTL1,ENSMICG00000002492
ENSG00000136631,VPS45,ENSMICG00000015188
ENSG00000157881,PANK4,ENSMICG00000001015
ENSG00000117407,ARTN,ENSMICG00000033756
ENSG00000130939,UBE4B,ENSMICG00000006691
ENSG00000144118,RALB,ENSMICG00000012197
ENSG00000144036,EXOC6B,ENSMICG00000011255
ENSG00000163563,MNDA,ENSMICG00000042551
ENSG00000162927,PUS10,ENSMICG00000010073
ENSG00000115761,NOL10,ENSMICG00000004805
ENSG00000132300,PTCD3,ENSMICG00000000761
ENSG00000162928,PEX13,ENSMICG00000042434
ENSG00000142327,RNPEPL1,ENSMICG00000028767
ENSG00000115421,PAPOLG,ENSMICG00000010042
ENSG00000003436,TFPI,ENSMICG00000031560
ENSG00000138433,CIR1,ENSMICG00000026886
ENSG00000115641,FHL2,ENSMICG00000000229
ENSG00000173692,PSMD1,ENSMICG00000004131
ENSG00000068024,HDAC4,ENSMICG00000000164
ENSG00000115234,SNX17,ENSMICG00000015870
ENSG00000135914,HTR2B,ENSMICG00000004173
ENSG00000115525,ST3GAL5,ENSMICG00000045558
ENSG00000143994,ABHD1,ENSMICG00000017053
ENSG00000219626,FAM228B,ENSMICG00000032483
ENSG00000138073,PREB,ENSMICG00000017058
ENSG00000152291,TGOLN2,ENSMICG00000041852
ENSG00000136732,GYPC,ENSMICG00000044430
ENSG00000054219,LY75,ENSMICG00000008258
ENSG00000035115,SH3YL1,ENSMICG00000006870
ENSG00000116729,WLS,ENSMICG00000010218
ENSG00000162852,CNST,ENSMICG00000036496
ENSG00000123091,RNF11,ENSMICG00000047946
ENSG00000123838,C4BPA,ENSMICG00000008435
ENSG00000115526,CHST10,ENSMICG00000028158
ENSG00000078618,NRDC,ENSMICG00000002748
ENSG00000138449,SLC40A1,ENSMICG00000000807
ENSG00000144048,DUSP11,ENSMICG00000045101
ENSG00000115806,GORASP2,ENSMICG00000015034
ENSG00000136715,SAP130,ENSMICG00000000105
ENSG00000116151,MORN1,ENSMICG00000016425
ENSG00000196420,S100A5,ENSMICG00000013681
ENSG00000143799,PARP1,ENSMICG00000017076
ENSG00000066557,LRRC40,ENSMICG00000046390
ENSG00000090686,USP48,ENSMICG00000013764
ENSG00000142864,SERBP1,ENSMICG00000032019
ENSG00000132196,HSD17B7,ENSMICG00000009945
ENSG00000070831,CDC42,ENSMICG00000000389
ENSG00000174059,CD34,ENSMICG00000007775
ENSG00000160685,ZBTB7B,ENSMICG00000007961
ENSG00000143013,LMO4,ENSMICG00000043046
ENSG00000197323,TRIM33,ENSMICG00000006297
ENSG00000134256,CD101,ENSMICG00000009704
ENSG00000163346,PBXIP1,ENSMICG00000028704
ENSG00000116991,SIPA1L2,ENSMICG00000015451
ENSG00000150337,FCGR1A,ENSMICG00000033541
ENSG00000136636,KCTD3,ENSMICG00000033484
ENSG00000169403,PTAFR,ENSMICG00000047486
ENSG00000197429,IPP,ENSMICG00000007162
ENSG00000159348,CYB5R1,ENSMICG00000034721
ENSG00000142910,TINAGL1,ENSMICG00000001362
ENSG00000135775,COG2,ENSMICG00000004171
ENSG00000162643,DNAI3,ENSMICG00000014988
ENSG00000162894,FCMR,ENSMICG00000008383
ENSG00000082482,KCNK2,ENSMICG00000004889
ENSG00000197056,ZMYM1,ENSMICG00000043287
ENSG00000066056,TIE1,ENSMICG00000007042
ENSG00000171163,ZNF692,ENSMICG00000000270
ENSG00000117385,P3H1,ENSMICG00000015012
ENSG00000085433,WDR47,ENSMICG00000008709
ENSG00000137947,GTF2B,ENSMICG00000014701
ENSG00000067606,PRKCZ,ENSMICG00000013171
ENSG00000134698,AGO4,ENSMICG00000033507
ENSG00000156875,MFSD14A,ENSMICG00000029647
ENSG00000163867,ZMYM6,ENSMICG00000013831
ENSG00000173372,C1QA,ENSMICG00000033787
ENSG00000162688,AGL,ENSMICG00000015845
ENSG00000143127,ITGA10,ENSMICG00000036050
ENSG00000179163,FUCA1,ENSMICG00000007213
ENSG00000116212,LRRC42,ENSMICG00000044960
ENSG00000178922,HYI,ENSMICG00000007121
ENSG00000160767,ENTREP3,ENSMICG00000007413
ENSG00000158195,WASF2,ENSMICG00000015799
ENSG00000142748,FCN3,ENSMICG00000015785
ENSG00000175137,SH3BP5L,ENSMICG00000036773
ENSG00000196188,CTSE,ENSMICG00000017383
ENSG00000143344,RGL1,ENSMICG00000007185
ENSG00000009709,PAX7,ENSMICG00000016256
ENSG00000000457,SCYL3,ENSMICG00000012358
ENSG00000117594,HSD11B1,ENSMICG00000001213
ENSG00000117593,DARS2,ENSMICG00000002969
ENSG00000174950,CD164L2,ENSMICG00000015791
ENSG00000162571,TTLL10,ENSMICG00000011270
ENSG00000197965,MPZL1,ENSMICG00000011660
ENSG00000120334,CENPL,ENSMICG00000002966
ENSG00000126070,AGO3,ENSMICG00000016158
ENSG00000133055,MYBPH,ENSMICG00000015423
ENSG00000143314,MRPL24,ENSMICG00000008944
ENSG00000143416,SELENBP1,ENSMICG00000016742
ENSG00000235169,SMIM1,ENSMICG00000031346
ENSG00000162517,PEF1,ENSMICG00000001374
ENSG00000184677,ZBTB40,ENSMICG00000007464
ENSG00000134709,HOOK1,ENSMICG00000027305
ENSG00000162733,DDR2,ENSMICG00000009930
ENSG00000180488,MIGA1,ENSMICG00000030633
ENSG00000116685,KIAA2013,ENSMICG00000001756
ENSG00000058799,YIPF1,ENSMICG00000014282
ENSG00000177614,PGBD5,ENSMICG00000004140
ENSG00000079739,PGM1,ENSMICG00000013637
ENSG00000188739,RBM34,ENSMICG00000038704
ENSG00000178821,TMEM52,ENSMICG00000046710
ENSG00000117528,ABCD3,ENSMICG00000008904
ENSG00000134198,TSPAN2,ENSMICG00000002161
ENSG00000157191,NECAP2,ENSMICG00000006467
ENSG00000160050,CCDC28B,ENSMICG00000017797
ENSG00000023909,GCLM,ENSMICG00000035919
ENSG00000162599,NFIA,ENSMICG00000005075
ENSG00000116497,S100PBP,ENSMICG00000011215
ENSG00000009307,CSDE1,ENSMICG00000002050
ENSG00000159176,CSRP1,ENSMICG00000037004
ENSG00000117400,MPL,ENSMICG00000007058
ENSG00000121774,KHDRBS1,ENSMICG00000001428
ENSG00000143434,SEMA6C,ENSMICG00000006866
ENSG00000016602,CLCA4,ENSMICG00000015889
ENSG00000176393,RNPEP,ENSMICG00000003151
ENSG00000143079,CTTNBP2NL,ENSMICG00000009868
ENSG00000117013,KCNQ4,ENSMICG00000046630
ENSG00000077522,ACTN2,ENSMICG00000015908
ENSG00000116688,MFN2,ENSMICG00000002730
ENSG00000143493,INTS7,ENSMICG00000015396
ENSG00000121644,DESI2,ENSMICG00000034096
ENSG00000116489,CAPZA1,ENSMICG00000003182
ENSG00000169218,RSPO1,ENSMICG00000011909
ENSG00000143630,HCN3,ENSMICG00000030454
ENSG00000116871,MAP7D1,ENSMICG00000016257
ENSG00000123684,LPGAT1,ENSMICG00000007842
ENSG00000117305,HMGCL,ENSMICG00000005852
ENSG00000117148,ACTL8,ENSMICG00000014146
ENSG00000116977,LGALS8,ENSMICG00000015835
ENSG00000162706,CADM3,ENSMICG00000011231
ENSG00000162415,ZSWIM5,ENSMICG00000041875
ENSG00000143171,RXRG,ENSMICG00000009970
ENSG00000000938,FGR,ENSMICG00000006166
ENSG00000131779,PEX11B,ENSMICG00000028232
ENSG00000116752,BCAS2,ENSMICG00000042087
ENSG00000142621,FHAD1,ENSMICG00000003833
ENSG00000132879,FBXO44,ENSMICG00000001183
ENSG00000135842,NIBAN1,ENSMICG00000030802
ENSG00000142871,CCN1,ENSMICG00000015764
ENSG00000117569,PTBP2,ENSMICG00000008543
ENSG00000158747,NBL1,ENSMICG00000014261
ENSG00000187634,SAMD11,ENSMICG00000034800
ENSG00000132702,HAPLN2,ENSMICG00000028740
ENSG00000142634,EFHD2,ENSMICG00000030850
ENSG00000162639,HENMT1,ENSMICG00000041527
ENSG00000159214,CCDC24,ENSMICG00000037755
ENSG00000143801,PSEN2,ENSMICG00000013427
ENSG00000160789,LMNA,ENSMICG00000002236
ENSG00000188976,NOC2L,ENSMICG00000008289
ENSG00000066322,ELOVL1,ENSMICG00000036712
ENSG00000159189,C1QC,ENSMICG00000046982
ENSG00000164010,ERMAP,ENSMICG00000014750
ENSG00000221986,MYBPHL,ENSMICG00000016334
ENSG00000143217,NECTIN4,ENSMICG00000041538
ENSG00000116793,PHTF1,ENSMICG00000001360
ENSG00000143198,MGST3,ENSMICG00000008309
ENSG00000131584,ACAP3,ENSMICG00000034287
ENSG00000121775,TMEM39B,ENSMICG00000001430
ENSG00000168528,SERINC2,ENSMICG00000009364
ENSG00000077157,PPP1R12B,ENSMICG00000015543
ENSG00000078808,SDF4,ENSMICG00000034258
ENSG00000188015,S100A3,ENSMICG00000013696
ENSG00000007341,ST7L,ENSMICG00000003173
ENSG00000157181,ODR4,ENSMICG00000009023
ENSG00000116350,SRSF4,ENSMICG00000043567
ENSG00000189410,SH2D5,ENSMICG00000028512
ENSG00000153029,MR1,ENSMICG00000035140
ENSG00000001461,NIPAL3,ENSMICG00000034277
ENSG00000163393,SLC22A15,ENSMICG00000009801
ENSG00000187889,FYB2,ENSMICG00000000716
ENSG00000163382,NAXE,ENSMICG00000013611
ENSG00000018625,ATP1A2,ENSMICG00000007914
ENSG00000198799,LRIG2,ENSMICG00000001333
ENSG00000188641,DPYD,ENSMICG00000003295
ENSG00000117533,VAMP4,ENSMICG00000029221
ENSG00000054392,HHAT,ENSMICG00000017324
ENSG00000142676,RPL11,ENSMICG00000009582
ENSG00000117009,KMO,ENSMICG00000003459
ENSG00000188643,S100A16,ENSMICG00000029332
ENSG00000163220,S100A9,ENSMICG00000027899
ENSG00000186141,POLR3C,ENSMICG00000034253
ENSG00000177000,MTHFR,ENSMICG00000003379
ENSG00000117335,CD46,ENSMICG00000041788
ENSG00000134262,AP4B1,ENSMICG00000001394
ENSG00000118454,ANKRD13C,ENSMICG00000016341
ENSG00000142765,SYTL1,ENSMICG00000015733
ENSG00000160710,ADAR,ENSMICG00000001431
ENSG00000158711,ELK4,ENSMICG00000005139
ENSG00000118655,DCLRE1B,ENSMICG00000001396
ENSG00000066027,PPP2R5A,ENSMICG00000015435
ENSG00000060642,PIGV,ENSMICG00000046640
ENSG00000243725,TTC4,ENSMICG00000029674
ENSG00000081237,PTPRC,ENSMICG00000009392
ENSG00000163879,DNALI1,ENSMICG00000011878
ENSG00000074964,ARHGEF10L,ENSMICG00000014120
ENSG00000116604,MEF2D,ENSMICG00000034832
ENSG00000162434,JAK1,ENSMICG00000013750
ENSG00000175984,DENND2C,ENSMICG00000013738
ENSG00000187513,GJA4,ENSMICG00000007952
ENSG00000171824,EXOSC10,ENSMICG00000003858
ENSG00000162437,RAVER2,ENSMICG00000029259
ENSG00000160714,UBE2Q1,ENSMICG00000001427
ENSG00000162390,ACOT11,ENSMICG00000003931
ENSG00000117280,RAB29,ENSMICG00000044525
ENSG00000162769,FLVCR1,ENSMICG00000027099
ENSG00000203965,EFCAB7,ENSMICG00000013626
ENSG00000187800,PEAR1,ENSMICG00000009015
ENSG00000122218,COPA,ENSMICG00000013972
ENSG00000159423,ALDH4A1,ENSMICG00000012040
ENSG00000137959,IFI44L,ENSMICG00000031708
ENSG00000034971,MYOC,ENSMICG00000003947
ENSG00000130764,LRRC47,ENSMICG00000026816
ENSG00000121764,HCRTR1,ENSMICG00000001367
ENSG00000116691,MIIP,ENSMICG00000038774
ENSG00000058085,LAMC2,ENSMICG00000045606
ENSG00000074800,ENO1,ENSMICG00000008343
ENSG00000162664,ZNF326,ENSMICG00000016516
ENSG00000143553,SNAPIN,ENSMICG00000042295
ENSG00000143498,TAF1A,ENSMICG00000032953
ENSG00000077585,GPR137B,ENSMICG00000002610
ENSG00000143157,POGK,ENSMICG00000011758
ENSG00000143515,ATP8B2,ENSMICG00000003529
ENSG00000189171,S100A13,ENSMICG00000013710
ENSG00000152382,TADA1,ENSMICG00000042075
ENSG00000143740,SNAP47,ENSMICG00000029011
ENSG00000117472,TSPAN1,ENSMICG00000003260
ENSG00000168710,AHCYL1,ENSMICG00000005205
ENSG00000081692,JMJD4,ENSMICG00000036474
ENSG00000157873,TNFRSF14,ENSMICG00000047725
ENSG00000132676,DAP3,ENSMICG00000031947
