human_ensembl_id,mouse_ensembl_id,pct_identity,seq_divergence
ENSG00000065548,ENSMUSG00000027091,95.5399,4.460099999999997
ENSG00000137055,ENSMUSG00000028577,94.14734999999999,5.852650000000011
ENSG00000161638,ENSMUSG00000000555,90.58075,9.419250000000005
ENSG00000115112,ENSMUSG00000026380,93.5282,6.471800000000002
ENSG00000162267,ENSMUSG00000006522,84.9916,15.008399999999995
ENSG00000119048,ENSMUSG00000020390,100.0,0.0
ENSG00000267673,ENSMUSG00000079677,81.8447,18.155299999999997
ENSG00000100749,ENSMUSG00000021115,87.1212,12.878799999999998
ENSG00000164211,ENSMUSG00000024378,83.1468,16.8532
ENSG00000176105,ENSMUSG00000014932,96.12575000000001,3.8742499999999893
ENSG00000131747,ENSMUSG00000020914,89.6372,10.362799999999993
ENSG00000125743,ENSMUSG00000040824,100.0,0.0
ENSG00000151365,ENSMUSG00000035686,83.79910000000001,16.20089999999999
ENSG00000165175,ENSMUSG00000008035,88.21979999999999,11.780200000000008
ENSG00000108622,ENSMUSG00000001029,59.4211,40.5789
ENSG00000160392,ENSMUSG00000049643,87.07465,12.925349999999995
ENSG00000138696,ENSMUSG00000052430,98.2072,1.7927999999999997
ENSG00000106366,ENSMUSG00000037411,79.1045,20.8955
ENSG00000178026,ENSMUSG00000046807,81.8207,18.179299999999998
ENSG00000125741,ENSMUSG00000052214,85.4749,14.525099999999995
ENSG00000074755,ENSMUSG00000055670,91.03835000000001,8.961649999999992
ENSG00000109084,ENSMUSG00000037278,82.3864,17.613600000000005
ENSG00000106546,ENSMUSG00000019256,71.31264999999999,28.68735000000001
ENSG00000063438,ENSMUSG00000021575,61.0878,38.9122
ENSG00000112038,ENSMUSG00000000766,86.58555,13.414450000000002
ENSG00000115364,ENSMUSG00000030045,81.5069,18.4931
ENSG00000175329,ENSMUSG00000031621,50.10455,49.89545
ENSG00000088926,ENSMUSG00000031645,77.98245,22.01755
ENSG00000100941,ENSMUSG00000020994,93.2815,6.718500000000006
ENSG00000179115,ENSMUSG00000003808,92.5197,7.4803
ENSG00000162961,ENSMUSG00000024067,97.9798,2.0202000000000027
ENSG00000153130,ENSMUSG00000063253,82.8,17.200000000000003
ENSG00000145309,ENSMUSG00000007907,61.32475,38.67525
ENSG00000104835,ENSMUSG00000070699,86.1004,13.899600000000007
ENSG00000031698,ENSMUSG00000068739,95.71185,4.288150000000002
ENSG00000167077,ENSMUSG00000068117,78.7821,21.2179
ENSG00000107282,ENSMUSG00000024897,93.27065,6.729349999999997
ENSG00000133895,ENSMUSG00000024947,95.8466,4.153400000000005
ENSG00000151779,ENSMUSG00000020576,85.63655,14.36345
ENSG00000076321,ENSMUSG00000026705,99.5895,0.410499999999999
ENSG00000156860,ENSMUSG00000042423,95.4082,4.591800000000006
ENSG00000152332,ENSMUSG00000026667,99.284,0.715999999999994
ENSG00000175221,ENSMUSG00000013833,89.22325000000001,10.776749999999993
ENSG00000166886,ENSMUSG00000025402,95.619,4.381
ENSG00000138386,ENSMUSG00000002881,92.7031,7.296899999999994
ENSG00000134352,ENSMUSG00000021756,77.16624999999999,22.83375000000001
ENSG00000109381,ENSMUSG00000037174,91.9056,8.094399999999993
ENSG00000103275,ENSMUSG00000015120,100.0,0.0
ENSG00000247596,ENSMUSG00000023277,96.5616,3.4384000000000015
ENSG00000151239,ENSMUSG00000022451,94.8571,5.142899999999997
ENSG00000184497,ENSMUSG00000038457,77.37075,22.62925
ENSG00000138107,ENSMUSG00000025228,100.0,0.0
ENSG00000197594,ENSMUSG00000037370,79.3095,20.6905
ENSG00000204351,ENSMUSG00000040356,93.3334,6.6666000000000025
ENSG00000186364,ENSMUSG00000028100,68.44925,31.550749999999994
ENSG00000188191,ENSMUSG00000025855,94.7507,5.249300000000005
ENSG00000141542,ENSMUSG00000025170,92.8058,7.194199999999995
ENSG00000152253,ENSMUSG00000005233,74.22370000000001,25.776299999999992
ENSG00000133313,ENSMUSG00000024644,91.1579,8.842100000000002
ENSG00000257987,ENSMUSG00000022993,80.1527,19.847300000000004
ENSG00000145526,ENSMUSG00000040420,96.076,3.9240000000000066
ENSG00000059769,ENSMUSG00000070972,91.21494999999999,8.785050000000012
ENSG00000184677,ENSMUSG00000060862,78.4186,21.581400000000002
ENSG00000180269,ENSMUSG00000066197,95.14144999999999,4.858550000000008
ENSG00000143363,ENSMUSG00000015711,85.3364,14.663600000000002
ENSG00000203907,ENSMUSG00000032346,40.34825,59.65175
ENSG00000271271,ENSMUSG00000029268,84.2153,15.7847
ENSG00000173610,ENSMUSG00000106677,80.56880000000001,19.43119999999999
ENSG00000213397,ENSMUSG00000031371,64.8244,35.1756
ENSG00000113296,ENSMUSG00000021702,92.41175000000001,7.588249999999988
ENSG00000006451,ENSMUSG00000008859,99.5146,0.4853999999999985
ENSG00000027075,ENSMUSG00000021108,97.6574,2.3426000000000045
ENSG00000115665,ENSMUSG00000023945,92.931,7.069000000000003
ENSG00000174080,ENSMUSG00000083282,76.36265,23.637349999999998
ENSG00000075043,ENSMUSG00000016346,95.1781,4.821899999999999
ENSG00000146966,ENSMUSG00000038456,82.62985,17.370149999999995
ENSG00000175984,ENSMUSG00000007379,83.4431,16.5569
ENSG00000166444,ENSMUSG00000031024,93.0869,6.9131
ENSG00000162777,ENSMUSG00000027901,89.65039999999999,10.34960000000001
ENSG00000143839,ENSMUSG00000070645,70.29875,29.70125
ENSG00000140199,ENSMUSG00000027130,98.1739,1.8260999999999967
ENSG00000104047,ENSMUSG00000023330,73.6842,26.315799999999996
ENSG00000137207,ENSMUSG00000071074,96.41499999999999,3.585000000000008
ENSG00000119782,ENSMUSG00000020635,97.2222,2.777799999999999
ENSG00000166682,ENSMUSG00000032268,78.50915,21.490849999999995
ENSG00000150275,ENSMUSG00000052613,76.74685,23.253150000000005
ENSG00000141027,ENSMUSG00000018501,91.8683,8.131699999999995
ENSG00000168397,ENSMUSG00000026280,94.6565,5.343500000000006
ENSG00000125703,ENSMUSG00000028550,90.393,9.607
ENSG00000130734,ENSMUSG00000002820,86.2869,13.713099999999997
ENSG00000090470,ENSMUSG00000041837,91.22815,8.77185
ENSG00000167642,ENSMUSG00000074227,70.6349,29.365099999999998
ENSG00000172345,ENSMUSG00000046027,83.5681,16.4319
ENSG00000110066,ENSMUSG00000045098,87.3304,12.669600000000003
ENSG00000166343,ENSMUSG00000021815,77.94354999999999,22.056450000000012
ENSG00000165724,ENSMUSG00000026974,100.0,0.0
ENSG00000004838,ENSMUSG00000010044,88.6364,11.363600000000005
ENSG00000148965,ENSMUSG00000040017,57.6923,42.3077
ENSG00000166788,ENSMUSG00000006763,79.7468,20.253200000000007
ENSG00000133961,ENSMUSG00000021224,93.55850000000001,6.441499999999991
ENSG00000167705,ENSMUSG00000038195,71.8123,28.187700000000007
ENSG00000144771,ENSMUSG00000045776,63.08395,36.91605
ENSG00000100242,ENSMUSG00000042524,82.19,17.810000000000002
ENSG00000106070,ENSMUSG00000020176,78.15145,21.848550000000003
ENSG00000111837,ENSMUSG00000021363,83.6169,16.3831
ENSG00000060138,ENSMUSG00000030189,87.605,12.394999999999996
ENSG00000133256,ENSMUSG00000029491,93.33345,6.666550000000001
ENSG00000153317,ENSMUSG00000022377,95.3201,4.6799000000000035
ENSG00000169184,ENSMUSG00000070576,90.41585,9.584149999999994
ENSG00000162520,ENSMUSG00000001333,77.5333,22.466700000000003
ENSG00000177191,ENSMUSG00000059479,76.85275,23.14725
ENSG00000187867,ENSMUSG00000047986,53.50185,46.49815
ENSG00000174177,ENSMUSG00000049482,76.96799999999999,23.03200000000001
ENSG00000137473,ENSMUSG00000037101,74.63135,25.368650000000002
ENSG00000136270,ENSMUSG00000000384,75.6543,24.345699999999994
ENSG00000138399,ENSMUSG00000027086,67.9076,32.0924
ENSG00000118246,ENSMUSG00000025962,64.91815,35.08185
ENSG00000124279,ENSMUSG00000021532,64.5503,35.44970000000001
ENSG00000164896,ENSMUSG00000028959,89.2151,10.784899999999993
ENSG00000215251,ENSMUSG00000079043,72.49225,27.50775
ENSG00000007202,ENSMUSG00000010277,94.51775,5.482249999999993
ENSG00000140319,ENSMUSG00000009549,80.57485,19.425150000000002
ENSG00000054277,ENSMUSG00000026525,87.28235000000001,12.717649999999992
ENSG00000122375,ENSMUSG00000021799,73.0081,26.9919
ENSG00000060069,ENSMUSG00000033323,77.87615,22.123850000000004
ENSG00000124564,ENSMUSG00000036083,64.6586,35.34139999999999
ENSG00000172985,ENSMUSG00000037990,82.7277,17.2723
ENSG00000179632,ENSMUSG00000022553,94.1648,5.8352
ENSG00000169840,ENSMUSG00000053129,97.146,2.853999999999999
ENSG00000214513,ENSMUSG00000068302,56.6476,43.3524
ENSG00000118526,ENSMUSG00000045680,96.0894,3.9106000000000023
ENSG00000100425,ENSMUSG00000022387,90.0256,9.974400000000003
ENSG00000108352,ENSMUSG00000038020,94.4109,5.589100000000002
ENSG00000197894,ENSMUSG00000028138,92.246,7.754000000000005
ENSG00000120800,ENSMUSG00000004356,86.11410000000001,13.885899999999992
ENSG00000171853,ENSMUSG00000020628,75.84225,24.157749999999993
ENSG00000090382,ENSMUSG00000020177,60.2067,39.7933
ENSG00000140749,ENSMUSG00000035004,62.347449999999995,37.652550000000005
ENSG00000144426,ENSMUSG00000073664,89.82079999999999,10.179200000000009
ENSG00000144560,ENSMUSG00000030315,90.24445,9.75555
ENSG00000023445,ENSMUSG00000032000,74.12955,25.870450000000005
ENSG00000110330,ENSMUSG00000057367,83.7418,16.258200000000002
ENSG00000139832,ENSMUSG00000031504,82.65559999999999,17.344400000000007
ENSG00000171222,ENSMUSG00000046229,67.5643,32.4357
ENSG00000095485,ENSMUSG00000025200,89.1164,10.883600000000001
ENSG00000172456,ENSMUSG00000028573,91.02455,8.975449999999995
ENSG00000197417,ENSMUSG00000005951,87.42175,12.578249999999997
ENSG00000093217,ENSMUSG00000035769,86.49305,13.506950000000003
ENSG00000196475,ENSMUSG00000050553,84.5529,15.447100000000006
ENSG00000175066,ENSMUSG00000041440,80.71675,19.283249999999995
ENSG00000198168,ENSMUSG00000074093,80.5195,19.480500000000006
ENSG00000196468,ENSMUSG00000031230,99.5169,0.4830999999999932
ENSG00000184661,ENSMUSG00000048922,51.2933,48.7067
ENSG00000148773,ENSMUSG00000031004,41.2933,58.7067
ENSG00000105989,ENSMUSG00000010797,96.3889,3.6110999999999933
ENSG00000078403,ENSMUSG00000026743,93.1648,6.8352
ENSG00000149257,ENSMUSG00000070436,94.85040000000001,5.149599999999992
ENSG00000013364,ENSMUSG00000030681,89.7676,10.232399999999998
ENSG00000135018,ENSMUSG00000005312,88.47455,11.525450000000006
ENSG00000116977,ENSMUSG00000057554,79.62105,20.378950000000003
ENSG00000186522,ENSMUSG00000019917,82.4838,17.516199999999998
ENSG00000132554,ENSMUSG00000037627,75.89255,24.10745
ENSG00000165072,ENSMUSG00000033207,89.9417,10.058300000000003
ENSG00000169946,ENSMUSG00000022306,93.9183,6.081699999999998
ENSG00000179588,ENSMUSG00000049577,74.1652,25.8348
ENSG00000084090,ENSMUSG00000027367,91.79155,8.20845
ENSG00000204954,ENSMUSG00000063320,79.7772,20.222800000000007
ENSG00000167881,ENSMUSG00000020780,95.36765,4.632350000000002
ENSG00000164037,ENSMUSG00000050150,62.727050000000006,37.272949999999994
ENSG00000164038,ENSMUSG00000037994,80.44964999999999,19.55035000000001
ENSG00000153094,ENSMUSG00000027381,87.31190000000001,12.688099999999991
ENSG00000204314,ENSMUSG00000015476,97.3856,2.6144000000000034
ENSG00000130985,ENSMUSG00000001924,95.5577,4.442300000000003
ENSG00000060688,ENSMUSG00000074088,98.182,1.8179999999999978
ENSG00000122477,ENSMUSG00000027961,85.1198,14.880200000000002
ENSG00000052749,ENSMUSG00000035049,90.5093,9.490700000000004
ENSG00000179314,ENSMUSG00000020811,85.78960000000001,14.210399999999993
ENSG00000007237,ENSMUSG00000033066,96.8487,3.151300000000006
ENSG00000204220,ENSMUSG00000024309,99.2248,0.7751999999999981
ENSG00000138629,ENSMUSG00000055720,97.6316,2.368399999999994
ENSG00000102794,ENSMUSG00000022126,81.738,18.262
ENSG00000110931,ENSMUSG00000029471,91.6667,8.333299999999994
ENSG00000159082,ENSMUSG00000022973,85.04235,14.957650000000001
ENSG00000011347,ENSMUSG00000024743,97.8879,2.112099999999998
ENSG00000105245,ENSMUSG00000063160,95.4674,4.532600000000002
ENSG00000175764,ENSMUSG00000026885,76.2807,23.719300000000004
ENSG00000138604,ENSMUSG00000032252,95.87049999999999,4.129500000000007
ENSG00000170100,ENSMUSG00000067430,39.2819,60.7181
ENSG00000173762,ENSMUSG00000025163,48.66075,51.33925
ENSG00000145882,ENSMUSG00000024579,93.42779999999999,6.572200000000009
ENSG00000116005,ENSMUSG00000029998,78.8119,21.188100000000006
ENSG00000215218,ENSMUSG00000052981,75.53020000000001,24.469799999999992
ENSG00000173699,ENSMUSG00000026226,33.2559,66.7441
ENSG00000172943,ENSMUSG00000041229,94.77289999999999,5.227100000000007
ENSG00000103353,ENSMUSG00000030870,89.0069,10.993099999999998
ENSG00000142669,ENSMUSG00000028843,95.6989,4.301100000000005
ENSG00000263639,ENSMUSG00000021907,43.172650000000004,56.827349999999996
ENSG00000215183,ENSMUSG00000078719,91.3669,8.633099999999999
ENSG00000175213,ENSMUSG00000075040,67.41585,32.584149999999994
ENSG00000124496,ENSMUSG00000064043,88.38990000000001,11.610099999999989
ENSG00000173418,ENSMUSG00000002728,100.0,0.0
ENSG00000103540,ENSMUSG00000033904,69.9779,30.022099999999995
ENSG00000077063,ENSMUSG00000000416,85.4744,14.525599999999997
ENSG00000101019,ENSMUSG00000005882,88.2195,11.780500000000004
ENSG00000180767,ENSMUSG00000056643,78.29079999999999,21.70920000000001
ENSG00000116221,ENSMUSG00000028622,79.9054,20.0946
ENSG00000119446,ENSMUSG00000026889,98.9474,1.0525999999999982
ENSG00000133315,ENSMUSG00000036278,86.11195000000001,13.888049999999993
ENSG00000177294,ENSMUSG00000070388,83.84195,16.158050000000003
ENSG00000186666,ENSMUSG00000037525,78.34774999999999,21.65225000000001
ENSG00000146834,ENSMUSG00000029726,88.8817,11.118300000000005
ENSG00000174808,ENSMUSG00000082361,77.74709999999999,22.25290000000001
ENSG00000143851,ENSMUSG00000031506,92.35065,7.649349999999998
ENSG00000124507,ENSMUSG00000040276,95.3683,4.631699999999995
ENSG00000100266,ENSMUSG00000016664,93.8272,6.172799999999995
ENSG00000165912,ENSMUSG00000027257,94.3396,5.660399999999996
ENSG00000142224,ENSMUSG00000016524,67.9892,32.0108
ENSG00000162891,ENSMUSG00000026416,75.0,25.0
ENSG00000162892,ENSMUSG00000026420,62.79435000000001,37.20564999999999
ENSG00000136634,ENSMUSG00000016529,73.0337,26.966300000000004
ENSG00000176547,ENSMUSG00000075069,84.27045,15.729550000000003
ENSG00000070423,ENSMUSG00000035890,93.5907,6.409300000000002
ENSG00000143340,ENSMUSG00000015484,85.37385,14.626149999999996
ENSG00000178473,ENSMUSG00000044988,63.39005,36.60995
ENSG00000145040,ENSMUSG00000049699,59.5567,40.4433
ENSG00000143641,ENSMUSG00000089704,96.05619999999999,3.94380000000001
ENSG00000185988,ENSMUSG00000035486,51.3343,48.6657
ENSG00000134294,ENSMUSG00000022462,88.3172,11.6828
ENSG00000101162,ENSMUSG00000016255,91.796,8.203999999999994
ENSG00000186104,ENSMUSG00000030670,88.6228,11.377200000000002
ENSG00000167759,ENSMUSG00000054046,78.1196,21.880399999999995
ENSG00000167755,ENSMUSG00000050063,67.22525,32.77475
ENSG00000100448,ENSMUSG00000040314,67.0633,32.9367
ENSG00000092009,ENSMUSG00000022225,72.23685,27.763149999999996
ENSG00000170260,ENSMUSG00000052763,79.636,20.364000000000004
ENSG00000158805,ENSMUSG00000001065,80.6189,19.381100000000004
ENSG00000172331,ENSMUSG00000038871,92.278,7.721999999999994
ENSG00000164708,ENSMUSG00000020475,92.0949,7.9051000000000045
ENSG00000151176,ENSMUSG00000029598,80.81295,19.18705
ENSG00000121316,ENSMUSG00000030214,77.6071,22.392899999999997
ENSG00000148123,ENSMUSG00000063446,96.3077,3.692300000000003
ENSG00000121542,ENSMUSG00000034473,96.7427,3.2573000000000008
ENSG00000128271,ENSMUSG00000020178,81.2657,18.734300000000005
ENSG00000170425,ENSMUSG00000018500,87.6506,12.349400000000003
ENSG00000282608,ENSMUSG00000000562,73.46955,26.530450000000002
ENSG00000163485,ENSMUSG00000042429,94.7853,5.2146999999999935
ENSG00000165644,ENSMUSG00000021773,85.4962,14.503799999999998
ENSG00000198863,ENSMUSG00000035007,89.25104999999999,10.748950000000008
ENSG00000134690,ENSMUSG00000028873,77.6996,22.300399999999996
ENSG00000186687,ENSMUSG00000020268,83.6538,16.346199999999996
ENSG00000002822,ENSMUSG00000029554,80.97565,19.02435
ENSG00000107537,ENSMUSG00000026664,78.1065,21.893500000000003
ENSG00000092421,ENSMUSG00000019647,94.32855,5.671449999999993
ENSG00000135740,ENSMUSG00000014786,95.20635,4.7936499999999995
ENSG00000138175,ENSMUSG00000025035,98.3516,1.6483999999999952
ENSG00000109255,ENSMUSG00000029236,73.5632,26.436800000000005
ENSG00000109016,ENSMUSG00000042569,77.7812,22.2188
ENSG00000197024,ENSMUSG00000062519,91.3619,8.638099999999994
ENSG00000111275,ENSMUSG00000029455,94.59495000000001,5.405049999999989
ENSG00000115963,ENSMUSG00000017144,100.0,0.0
ENSG00000133216,ENSMUSG00000028664,99.4425,0.5575000000000045
ENSG00000186810,ENSMUSG00000050232,85.71445,14.28555
ENSG00000160683,ENSMUSG00000047880,83.1105,16.889499999999998
ENSG00000163464,ENSMUSG00000048480,63.90885,36.09115
ENSG00000180871,ENSMUSG00000026180,70.93195,29.06805
ENSG00000121966,ENSMUSG00000045382,90.3041,9.695899999999995
ENSG00000168060,ENSMUSG00000054999,81.3477,18.652299999999997
ENSG00000077616,ENSMUSG00000043943,88.1081,11.891900000000007
ENSG00000086205,ENSMUSG00000001773,85.08670000000001,14.913299999999992
ENSG00000177694,ENSMUSG00000102758,77.9874,22.012600000000006
ENSG00000072274,ENSMUSG00000022797,76.42835,23.571650000000005
ENSG00000106327,ENSMUSG00000029716,84.92835,15.071650000000005
ENSG00000203724,ENSMUSG00000079283,67.68505,32.314949999999996
ENSG00000135473,ENSMUSG00000005682,96.6103,3.389700000000005
ENSG00000169288,ENSMUSG00000029486,76.87450000000001,23.125499999999988
ENSG00000173113,ENSMUSG00000038812,80.8,19.200000000000003
ENSG00000182601,ENSMUSG00000078591,89.0661,10.933899999999994
ENSG00000143751,ENSMUSG00000038806,66.96405,33.03595
ENSG00000183431,ENSMUSG00000028902,99.2016,0.7984000000000009
ENSG00000059378,ENSMUSG00000038507,80.7406,19.2594
ENSG00000155366,ENSMUSG00000002233,100.0,0.0
ENSG00000143878,ENSMUSG00000054364,100.0,0.0
ENSG00000067560,ENSMUSG00000007815,99.4819,0.518100000000004
ENSG00000119487,ENSMUSG00000038696,97.1264,2.873599999999996
ENSG00000077984,ENSMUSG00000068129,71.28115,28.718850000000003
ENSG00000186577,ENSMUSG00000062753,96.0784,3.921599999999998
ENSG00000088543,ENSMUSG00000037977,83.4387,16.561300000000003
ENSG00000113312,ENSMUSG00000041278,83.2192,16.7808
ENSG00000121769,ENSMUSG00000028773,85.7143,14.285700000000006
ENSG00000153558,ENSMUSG00000032507,95.9811,4.018900000000002
ENSG00000108306,ENSMUSG00000020883,99.7706,0.22939999999999827
ENSG00000004700,ENSMUSG00000030243,85.11955,14.880449999999996
ENSG00000118162,ENSMUSG00000006021,88.22595,11.774050000000003
ENSG00000181982,ENSMUSG00000045790,81.97295,18.027050000000003
ENSG00000161911,ENSMUSG00000023993,66.68684999999999,33.31315000000001
ENSG00000135632,ENSMUSG00000033706,90.1684,9.831599999999995
ENSG00000110344,ENSMUSG00000059890,96.52080000000001,3.4791999999999916
ENSG00000130939,ENSMUSG00000028960,92.5342,7.4658000000000015
ENSG00000100650,ENSMUSG00000021134,98.52535,1.474649999999997
ENSG00000143162,ENSMUSG00000040713,76.8182,23.181799999999996
ENSG00000175874,ENSMUSG00000050967,83.04595,16.954049999999995
ENSG00000109113,ENSMUSG00000002059,94.9807,5.019300000000001
ENSG00000169896,ENSMUSG00000030786,73.0518,26.9482
ENSG00000070886,ENSMUSG00000028661,95.17175,4.828249999999997
ENSG00000100156,ENSMUSG00000032988,83.7471,16.252899999999997
ENSG00000184347,ENSMUSG00000056427,94.0249,5.975099999999998
ENSG00000126264,ENSMUSG00000064109,72.57385,27.426150000000007
ENSG00000171960,ENSMUSG00000060288,100.0,0.0
ENSG00000241852,ENSMUSG00000044551,62.10685,37.89315
ENSG00000143632,ENSMUSG00000031972,100.0,0.0
ENSG00000241404,ENSMUSG00000015467,80.2048,19.795199999999994
ENSG00000145979,ENSMUSG00000021368,90.785,9.215000000000003
ENSG00000159189,ENSMUSG00000036896,73.72735,26.27265
ENSG00000166143,ENSMUSG00000027317,81.78795,18.212050000000005
ENSG00000173457,ENSMUSG00000073730,73.36265,26.637349999999998
ENSG00000198729,ENSMUSG00000040653,91.18625,8.813749999999999
ENSG00000167641,ENSMUSG00000037166,85.034,14.965999999999994
ENSG00000088002,ENSMUSG00000003271,68.39150000000001,31.608499999999992
ENSG00000065325,ENSMUSG00000049928,78.04995,21.950050000000005
ENSG00000111802,ENSMUSG00000035958,64.76185000000001,35.23814999999999
ENSG00000230601,ENSMUSG00000058935,49.659099999999995,50.340900000000005
ENSG00000072756,ENSMUSG00000013736,92.6267,7.3733
ENSG00000082269,ENSMUSG00000026153,84.2113,15.788700000000006
ENSG00000066697,ENSMUSG00000039693,96.3636,3.6363999999999947
ENSG00000175899,ENSMUSG00000030111,72.3881,27.611900000000006
ENSG00000214212,ENSMUSG00000057191,70.376,29.623999999999995
ENSG00000108561,ENSMUSG00000018446,86.27695,13.72305
ENSG00000138813,ENSMUSG00000012042,56.09875,43.90125
ENSG00000135222,ENSMUSG00000063157,46.8327,53.1673
ENSG00000164163,ENSMUSG00000058355,100.0,0.0
ENSG00000167468,ENSMUSG00000075706,92.8934,7.1066
ENSG00000187821,ENSMUSG00000047171,92.11775,7.882249999999999
ENSG00000170153,ENSMUSG00000047747,94.62865,5.371350000000007
ENSG00000141401,ENSMUSG00000024525,90.3125,9.6875
ENSG00000139549,ENSMUSG00000023000,96.4646,3.5353999999999957
ENSG00000167378,ENSMUSG00000041037,80.0217,19.978300000000004
ENSG00000139117,ENSMUSG00000052560,97.64635,2.353650000000002
ENSG00000163738,ENSMUSG00000029376,88.48245,11.51755
ENSG00000173237,ENSMUSG00000042041,69.2436,30.7564
ENSG00000198130,ENSMUSG00000041426,81.9716,18.028400000000005
ENSG00000165406,ENSMUSG00000025702,82.91135,17.08865
ENSG00000268655,ENSMUSG00000118462,55.0454,44.9546
ENSG00000162344,ENSMUSG00000031073,47.92725,52.07275
ENSG00000165832,ENSMUSG00000025086,80.95235,19.047650000000004
ENSG00000197702,ENSMUSG00000030770,92.0459,7.954099999999997
ENSG00000188677,ENSMUSG00000022438,90.8095,9.1905
ENSG00000138964,ENSMUSG00000022439,79.4562,20.543800000000005
ENSG00000121892,ENSMUSG00000029202,98.08955,1.9104499999999973
ENSG00000197746,ENSMUSG00000004207,65.74119999999999,34.25880000000001
ENSG00000169045,ENSMUSG00000007850,94.5215,5.478499999999997
ENSG00000126945,ENSMUSG00000045427,99.1091,0.890900000000002
ENSG00000198826,ENSMUSG00000041219,69.37545,30.62455
ENSG00000165801,ENSMUSG00000004562,86.4954,13.504599999999996
ENSG00000108733,ENSMUSG00000018733,89.415,10.584999999999994
ENSG00000144580,ENSMUSG00000026174,99.6656,0.33440000000000225
ENSG00000204334,ENSMUSG00000075302,45.42475,54.57525
ENSG00000174851,ENSMUSG00000024875,92.4915,7.508499999999998
ENSG00000167645,ENSMUSG00000030588,89.28205,10.717950000000002
ENSG00000155097,ENSMUSG00000022295,98.1675,1.832499999999996
ENSG00000143882,ENSMUSG00000020566,87.66035,12.339650000000006
ENSG00000185436,ENSMUSG00000062157,59.7277,40.2723
ENSG00000146006,ENSMUSG00000071862,98.15719999999999,1.842800000000011
ENSG00000248771,ENSMUSG00000074300,61.9718,38.0282
ENSG00000067955,ENSMUSG00000031885,98.9305,1.069500000000005
ENSG00000028203,ENSMUSG00000036099,83.68610000000001,16.31389999999999
ENSG00000174788,ENSMUSG00000004630,79.2157,20.7843
ENSG00000152611,ENSMUSG00000039676,94.7115,5.288499999999999
ENSG00000143842,ENSMUSG00000070643,89.72135,10.278649999999999
ENSG00000077157,ENSMUSG00000073557,89.99065,10.009349999999998
ENSG00000113327,ENSMUSG00000020436,99.05175,0.9482500000000016
ENSG00000183569,ENSMUSG00000058586,64.57475000000001,35.42524999999999
ENSG00000106025,ENSMUSG00000029669,98.0328,1.9672000000000054
ENSG00000104517,ENSMUSG00000037487,98.23115,1.7688500000000005
ENSG00000181958,ENSMUSG00000075090,83.121,16.879000000000005
ENSG00000166860,ENSMUSG00000044617,88.764,11.236000000000004
ENSG00000167220,ENSMUSG00000025421,89.1892,10.8108
ENSG00000178951,ENSMUSG00000035011,88.47985,11.520150000000001
ENSG00000116525,ENSMUSG00000041000,99.1579,0.8421000000000021
ENSG00000162755,ENSMUSG00000045259,83.5481,16.451899999999995
ENSG00000175756,ENSMUSG00000065990,68.6721,31.3279
ENSG00000172375,ENSMUSG00000032120,90.9348,9.065200000000004
ENSG00000157617,ENSMUSG00000045975,72.2701,27.7299
ENSG00000100348,ENSMUSG00000005354,88.5542,11.445800000000006
ENSG00000102606,ENSMUSG00000031511,89.01859999999999,10.981400000000008
ENSG00000124766,ENSMUSG00000076431,84.3618,15.638199999999998
ENSG00000135750,ENSMUSG00000033998,94.9405,5.0595
ENSG00000178741,ENSMUSG00000000088,86.50225,13.497749999999996
ENSG00000014123,ENSMUSG00000040359,90.6113,9.3887
ENSG00000184166,ENSMUSG00000058275,86.859,13.141000000000005
ENSG00000196570,ENSMUSG00000044444,88.3212,11.678799999999995
ENSG00000108518,ENSMUSG00000018293,95.7143,4.285700000000006
ENSG00000070087,ENSMUSG00000027805,99.2857,0.7142999999999944
ENSG00000163421,ENSMUSG00000030069,82.924,17.075999999999993
ENSG00000101974,ENSMUSG00000062949,94.5084,5.491600000000005
ENSG00000243477,ENSMUSG00000079334,72.49119999999999,27.508800000000008
ENSG00000165985,ENSMUSG00000049630,99.6078,0.39220000000000255
ENSG00000128833,ENSMUSG00000033590,89.2652,10.734800000000007
ENSG00000148834,ENSMUSG00000025068,71.518,28.482
ENSG00000159374,ENSMUSG00000030041,71.577,28.423000000000002
ENSG00000154240,ENSMUSG00000020728,84.5039,15.496099999999998
ENSG00000214216,ENSMUSG00000051777,81.08765,18.912350000000004
ENSG00000242114,ENSMUSG00000004748,86.747,13.253
ENSG00000144034,ENSMUSG00000054226,85.1429,14.857100000000003
ENSG00000061455,ENSMUSG00000069378,95.21415,4.785849999999996
ENSG00000215421,ENSMUSG00000048410,74.94435,25.05565
ENSG00000244694,ENSMUSG00000042256,93.5313,6.468699999999998
ENSG00000141012,ENSMUSG00000015027,83.8775,16.122500000000002
ENSG00000100065,ENSMUSG00000033170,88.992,11.007999999999996
ENSG00000079557,ENSMUSG00000029369,67.27795,32.722049999999996
ENSG00000081051,ENSMUSG00000054932,63.9216,36.0784
ENSG00000163631,ENSMUSG00000029368,72.47335,27.526650000000004
ENSG00000145321,ENSMUSG00000035540,77.68455,22.31545
ENSG00000143458,ENSMUSG00000038766,81.10065,18.89935
ENSG00000240720,ENSMUSG00000040367,65.85050000000001,34.14949999999999
ENSG00000288859,ENSMUSG00000063954,100.0,0.0
ENSG00000198917,ENSMUSG00000039660,89.10575,10.89425
ENSG00000166396,ENSMUSG00000067001,73.9474,26.052599999999998
ENSG00000116497,ENSMUSG00000040928,69.66725,30.332750000000004
ENSG00000176597,ENSMUSG00000022686,79.3109,20.689099999999996
ENSG00000185129,ENSMUSG00000043991,99.53370000000001,0.4662999999999897
ENSG00000146676,ENSMUSG00000094483,95.9461,4.053899999999999
ENSG00000172733,ENSMUSG00000049184,96.70195000000001,3.2980499999999893
ENSG00000180574,ENSMUSG00000035150,98.0932,1.906800000000004
ENSG00000128815,ENSMUSG00000051506,81.29415,18.705849999999998
ENSG00000134258,ENSMUSG00000051076,87.43395000000001,12.56604999999999
ENSG00000079785,ENSMUSG00000037149,97.5676,2.4324000000000012
ENSG00000164615,ENSMUSG00000021501,89.15355,10.846450000000004
ENSG00000103319,ENSMUSG00000035064,89.44104999999999,10.55895000000001
ENSG00000178802,ENSMUSG00000032306,84.6336,15.366399999999999
ENSG00000137843,ENSMUSG00000074923,92.58995,7.410049999999998
ENSG00000135249,ENSMUSG00000028999,87.6263,12.3737
ENSG00000239857,ENSMUSG00000025858,95.107,4.893000000000001
ENSG00000113384,ENSMUSG00000022200,98.6577,1.3422999999999945
ENSG00000143457,ENSMUSG00000046519,95.0877,4.912300000000002
ENSG00000155636,ENSMUSG00000042369,90.3162,9.683800000000005
ENSG00000119682,ENSMUSG00000042350,97.2053,2.794700000000006
ENSG00000136279,ENSMUSG00000020476,85.45445,14.545550000000006
ENSG00000134955,ENSMUSG00000032122,87.8243,12.175700000000006
ENSG00000175643,ENSMUSG00000037991,83.7876,16.212400000000002
ENSG00000133612,ENSMUSG00000023353,95.99125000000001,4.008749999999992
ENSG00000147041,ENSMUSG00000054453,82.95994999999999,17.040050000000008
ENSG00000066056,ENSMUSG00000033191,92.78195,7.218050000000005
ENSG00000142675,ENSMUSG00000028841,76.29805,23.701949999999997
ENSG00000105738,ENSMUSG00000030583,91.31305,8.686949999999996
ENSG00000103707,ENSMUSG00000059183,78.4528,21.547200000000004
ENSG00000164329,ENSMUSG00000042167,92.7686,7.231399999999994
ENSG00000136750,ENSMUSG00000026787,95.7265,4.2734999999999985
ENSG00000185046,ENSMUSG00000058589,93.4846,6.5154
ENSG00000188064,ENSMUSG00000022382,74.04984999999999,25.950150000000008
ENSG00000116260,ENSMUSG00000033684,72.77595,27.224050000000005
ENSG00000112984,ENSMUSG00000003779,87.0008,12.999200000000002
ENSG00000183258,ENSMUSG00000021494,98.8746,1.125399999999999
ENSG00000150403,ENSMUSG00000038497,89.44655,10.553449999999998
ENSG00000095015,ENSMUSG00000021754,90.25315,9.746849999999995
ENSG00000262484,ENSMUSG00000096257,63.717699999999994,36.282300000000006
ENSG00000165929,ENSMUSG00000021187,87.84485000000001,12.155149999999992
ENSG00000185305,ENSMUSG00000042348,97.0588,2.941199999999995
ENSG00000129636,ENSMUSG00000031703,89.36195000000001,10.638049999999993
ENSG00000147130,ENSMUSG00000031310,95.3285,4.671499999999995
ENSG00000176170,ENSMUSG00000061878,79.79485,20.205150000000003
ENSG00000131379,ENSMUSG00000034063,63.379949999999994,36.620050000000006
ENSG00000163645,ENSMUSG00000070471,53.99575,46.00425
ENSG00000165837,ENSMUSG00000022002,37.19365,62.80635
ENSG00000180979,ENSMUSG00000027286,95.3975,4.602500000000006
ENSG00000162951,ENSMUSG00000060780,97.1264,2.873599999999996
ENSG00000039560,ENSMUSG00000022246,85.2476,14.752399999999994
ENSG00000169126,ENSMUSG00000061802,85.15235,14.847650000000002
ENSG00000125454,ENSMUSG00000020744,75.23585,24.76415
ENSG00000162129,ENSMUSG00000001829,86.4568,13.543199999999999
ENSG00000036828,ENSMUSG00000051980,93.74135000000001,6.258649999999989
ENSG00000167244,ENSMUSG00000048583,83.8889,16.111099999999993
ENSG00000147202,ENSMUSG00000034480,84.88425,15.115750000000006
ENSG00000115137,ENSMUSG00000020657,93.4066,6.593400000000003
ENSG00000253537,ENSMUSG00000103472,84.41375,15.586250000000007
ENSG00000011677,ENSMUSG00000031343,96.1382,3.8618000000000023
ENSG00000088038,ENSMUSG00000035632,95.07995,4.920050000000003
ENSG00000206562,ENSMUSG00000021891,85.8668,14.133200000000002
ENSG00000178950,ENSMUSG00000062234,82.95155,17.048450000000003
ENSG00000101181,ENSMUSG00000039069,80.3947,19.6053
ENSG00000108604,ENSMUSG00000078619,98.1168,1.8832000000000022
ENSG00000131368,ENSMUSG00000014551,88.9565,11.043499999999995
ENSG00000070388,ENSMUSG00000020327,82.57804999999999,17.42195000000001
ENSG00000176798,ENSMUSG00000080891,87.9365,12.063500000000005
ENSG00000176893,ENSMUSG00000043354,91.05525,8.944749999999999
ENSG00000278870,ENSMUSG00000045792,88.02664999999999,11.97335000000001
ENSG00000176895,ENSMUSG00000073962,85.5769,14.423100000000005
ENSG00000145388,ENSMUSG00000028114,98.6842,1.3157999999999959
ENSG00000184502,ENSMUSG00000017165,69.3069,30.6931
ENSG00000141255,ENSMUSG00000112920,72.12549999999999,27.874500000000012
ENSG00000184178,ENSMUSG00000062110,83.4795,16.5205
ENSG00000101384,ENSMUSG00000027276,96.5517,3.4483000000000033
ENSG00000164291,ENSMUSG00000021592,80.61315,19.386849999999995
ENSG00000069431,ENSMUSG00000030249,95.3151,4.684899999999999
ENSG00000078142,ENSMUSG00000033628,97.9707,2.0293000000000063
ENSG00000144550,ENSMUSG00000030270,98.5533,1.446700000000007
ENSG00000159720,ENSMUSG00000013160,99.7151,0.28489999999999327
ENSG00000147614,ENSMUSG00000028238,93.1429,6.857100000000003
ENSG00000164929,ENSMUSG00000022296,83.4483,16.551699999999997
ENSG00000165548,ENSMUSG00000034145,83.707,16.293000000000006
ENSG00000184156,ENSMUSG00000056258,95.4728,4.5271999999999935
ENSG00000124535,ENSMUSG00000021400,95.3976,4.602400000000003
ENSG00000106605,ENSMUSG00000001999,82.57215,17.427850000000007
ENSG00000103067,ENSMUSG00000084128,93.0265,6.973500000000001
ENSG00000080986,ENSMUSG00000024056,83.9564,16.043599999999998
ENSG00000144401,ENSMUSG00000025956,89.4495,10.5505
ENSG00000147459,ENSMUSG00000044447,93.95400000000001,6.045999999999992
ENSG00000173436,ENSMUSG00000050608,93.52225,6.47775
ENSG00000206418,ENSMUSG00000023460,86.09765,13.902349999999998
ENSG00000092853,ENSMUSG00000042489,75.89165,24.10835
ENSG00000080371,ENSMUSG00000020132,96.64865,3.3513499999999965
ENSG00000166831,ENSMUSG00000032387,89.16125,10.838750000000005
ENSG00000111058,ENSMUSG00000035948,90.49785,9.50215
ENSG00000054793,ENSMUSG00000027546,97.9943,2.0057000000000045
ENSG00000188487,ENSMUSG00000048782,94.3609,5.639099999999999
ENSG00000163145,ENSMUSG00000061535,96.5398,3.4602000000000004
ENSG00000115392,ENSMUSG00000004018,79.2,20.799999999999997
ENSG00000132612,ENSMUSG00000031913,99.0847,0.915300000000002
ENSG00000138867,ENSMUSG00000033416,95.8159,4.184100000000001
ENSG00000198909,ENSMUSG00000020700,96.6454,3.354600000000005
ENSG00000104936,ENSMUSG00000030409,86.19069999999999,13.809300000000007
ENSG00000127870,ENSMUSG00000029634,73.9776,26.022400000000005
ENSG00000179134,ENSMUSG00000109336,97.32329999999999,2.676700000000011
ENSG00000078070,ENSMUSG00000027709,84.46860000000001,15.53139999999999
ENSG00000060709,ENSMUSG00000029420,79.66505000000001,20.334949999999992
ENSG00000005379,ENSMUSG00000034156,82.3664,17.6336
ENSG00000122863,ENSMUSG00000057337,86.01935,13.980649999999997
ENSG00000005108,ENSMUSG00000032625,90.8275,9.1725
ENSG00000019485,ENSMUSG00000075028,94.2533,5.746700000000004
ENSG00000169223,ENSMUSG00000021484,94.67859999999999,5.321400000000011
ENSG00000120733,ENSMUSG00000038773,93.4431,6.556899999999999
ENSG00000096872,ENSMUSG00000028576,87.8333,12.166700000000006
ENSG00000086232,ENSMUSG00000029613,82.47235,17.527649999999994
ENSG00000023318,ENSMUSG00000028343,93.1034,6.8966000000000065
ENSG00000148634,ENSMUSG00000020064,96.5826,3.4174000000000007
ENSG00000115145,ENSMUSG00000055371,86.64155,13.358450000000005
ENSG00000185043,ENSMUSG00000030538,93.7173,6.2827000000000055
ENSG00000005100,ENSMUSG00000040620,93.09989999999999,6.900100000000009
ENSG00000135972,ENSMUSG00000060679,77.61265,22.387349999999998
ENSG00000119878,ENSMUSG00000024146,99.0099,0.9900999999999982
ENSG00000102978,ENSMUSG00000031783,70.08404999999999,29.91595000000001
ENSG00000171453,ENSMUSG00000067148,93.9306,6.069400000000002
ENSG00000152223,ENSMUSG00000039840,83.6344,16.3656
ENSG00000162409,ENSMUSG00000028518,97.8261,2.1739000000000033
ENSG00000156374,ENSMUSG00000025050,87.62604999999999,12.373950000000008
ENSG00000105726,ENSMUSG00000031862,95.0918,4.908199999999994
ENSG00000100092,ENSMUSG00000022436,83.8717,16.128299999999996
ENSG00000158711,ENSMUSG00000026436,86.8758,13.124200000000002
ENSG00000162642,ENSMUSG00000036873,85.63794999999999,14.36205000000001
ENSG00000204348,ENSMUSG00000040482,89.78575000000001,10.214249999999993
ENSG00000139734,ENSMUSG00000022021,83.679,16.320999999999998
ENSG00000187147,ENSMUSG00000028677,97.8799,2.1200999999999937
ENSG00000213445,ENSMUSG00000056917,90.09649999999999,9.903500000000008
ENSG00000198055,ENSMUSG00000074886,96.3542,3.645799999999994
ENSG00000173145,ENSMUSG00000024999,89.8586,10.141400000000004
ENSG00000143374,ENSMUSG00000028107,83.83170000000001,16.168299999999988
ENSG00000181885,ENSMUSG00000018569,91.9431,8.056899999999999
ENSG00000186297,ENSMUSG00000055078,95.35145,4.64855
ENSG00000164303,ENSMUSG00000038173,86.1364,13.863600000000005
ENSG00000181588,ENSMUSG00000048696,74.6858,25.3142
ENSG00000105656,ENSMUSG00000070002,82.6037,17.396299999999997
ENSG00000156535,ENSMUSG00000046186,72.1857,27.814300000000003
ENSG00000187955,ENSMUSG00000022371,89.78569999999999,10.214300000000009
ENSG00000169299,ENSMUSG00000029171,91.5623,8.437700000000007
ENSG00000167671,ENSMUSG00000019578,80.8608,19.139200000000002
ENSG00000105278,ENSMUSG00000034949,52.577200000000005,47.422799999999995
ENSG00000161956,ENSMUSG00000005204,94.7487,5.2513000000000005
ENSG00000177994,ENSMUSG00000040919,61.43175,38.56825
ENSG00000120539,ENSMUSG00000026779,75.3489,24.6511
ENSG00000147454,ENSMUSG00000034248,91.4201,8.579899999999995
ENSG00000085733,ENSMUSG00000031078,92.51945,7.480549999999994
ENSG00000174705,ENSMUSG00000040711,86.53455,13.465450000000004
ENSG00000012504,ENSMUSG00000047638,89.22545,10.774550000000005
ENSG00000107521,ENSMUSG00000025188,80.7699,19.230099999999993
ENSG00000163312,ENSMUSG00000035266,75.77685,24.223150000000004
ENSG00000162736,ENSMUSG00000003458,88.77915,11.220849999999999
ENSG00000164068,ENSMUSG00000041528,93.62235,6.377650000000003
ENSG00000042429,ENSMUSG00000031935,95.84635,4.153649999999999
ENSG00000107829,ENSMUSG00000040913,78.59035,21.40965
ENSG00000188647,ENSMUSG00000074925,86.25975,13.740250000000003
ENSG00000021852,ENSMUSG00000029656,75.25445,24.745549999999994
ENSG00000162924,ENSMUSG00000020275,76.08515,23.91485
ENSG00000007376,ENSMUSG00000041199,83.17935,16.82065
ENSG00000173846,ENSMUSG00000028680,93.19964999999999,6.800350000000009
ENSG00000113140,ENSMUSG00000018593,88.37325,11.626750000000001
ENSG00000152583,ENSMUSG00000029309,65.4564,34.5436
ENSG00000083290,ENSMUSG00000004798,93.58420000000001,6.41579999999999
ENSG00000158716,ENSMUSG00000026544,95.3333,4.666700000000006
ENSG00000146776,ENSMUSG00000020564,85.7992,14.200800000000001
ENSG00000181523,ENSMUSG00000005043,88.6454,11.354600000000005
ENSG00000111144,ENSMUSG00000015889,92.7987,7.201300000000003
ENSG00000103089,ENSMUSG00000033579,82.5269,17.473100000000002
ENSG00000165416,ENSMUSG00000022024,87.29625,12.70375
ENSG00000165688,ENSMUSG00000026926,91.1345,8.865499999999997
ENSG00000164933,ENSMUSG00000022299,90.33305,9.66695
ENSG00000113555,ENSMUSG00000024440,80.3725,19.627499999999998
ENSG00000092969,ENSMUSG00000039239,95.8937,4.1063000000000045
ENSG00000164815,ENSMUSG00000029012,93.7931,6.2069000000000045
ENSG00000155304,ENSMUSG00000032932,90.6582,9.341800000000006
ENSG00000120738,ENSMUSG00000038418,92.2013,7.798699999999997
ENSG00000103966,ENSMUSG00000027293,97.0425,2.957499999999996
ENSG00000124802,ENSMUSG00000001707,87.3563,12.643699999999995
ENSG00000121741,ENSMUSG00000021945,96.11335,3.886650000000003
ENSG00000165338,ENSMUSG00000041180,89.36175,10.63825
ENSG00000198677,ENSMUSG00000033991,84.68180000000001,15.31819999999999
ENSG00000182944,ENSMUSG00000009079,97.34385,2.6561499999999967
ENSG00000144749,ENSMUSG00000030029,83.42500000000001,16.57499999999999
ENSG00000165025,ENSMUSG00000021457,91.93244999999999,8.067550000000011
ENSG00000177058,ENSMUSG00000047789,91.16865,8.83135
ENSG00000175198,ENSMUSG00000041650,89.53235000000001,10.467649999999992
ENSG00000168874,ENSMUSG00000037621,87.71405,12.28595
ENSG00000101916,ENSMUSG00000040522,71.29895,28.701049999999995
ENSG00000174206,ENSMUSG00000053684,94.6067,5.393299999999996
ENSG00000117245,ENSMUSG00000028758,80.05995,19.94005
ENSG00000131653,ENSMUSG00000052752,96.63935000000001,3.3606499999999926
ENSG00000111481,ENSMUSG00000060992,100.0,0.0
ENSG00000005243,ENSMUSG00000018672,90.13355,9.86645
ENSG00000032742,ENSMUSG00000040040,89.26625000000001,10.733749999999986
ENSG00000108523,ENSMUSG00000040746,92.68465,7.315349999999995
ENSG00000198894,ENSMUSG00000034157,82.6815,17.3185
ENSG00000147162,ENSMUSG00000034160,99.6176,0.38240000000000407
ENSG00000183044,ENSMUSG00000057880,91.2,8.799999999999997
ENSG00000086666,ENSMUSG00000030629,91.52615,8.473849999999999
ENSG00000140795,ENSMUSG00000031698,69.65605,30.343950000000007
ENSG00000131386,ENSMUSG00000021903,77.83875,22.161249999999995
ENSG00000073754,ENSMUSG00000015854,68.67304999999999,31.32695000000001
ENSG00000196544,ENSMUSG00000045176,73.64144999999999,26.358550000000008
ENSG00000212122,ENSMUSG00000041566,84.70009999999999,15.299900000000008
ENSG00000134371,ENSMUSG00000026361,100.0,0.0
ENSG00000001630,ENSMUSG00000001467,90.71465,9.285349999999994
ENSG00000151151,ENSMUSG00000060733,82.45585,17.544150000000002
ENSG00000044012,ENSMUSG00000032978,65.187,34.813
ENSG00000197273,ENSMUSG00000023247,66.6679,33.3321
ENSG00000153086,ENSMUSG00000026348,87.2024,12.797600000000003
ENSG00000155957,ENSMUSG00000020225,84.0336,15.966399999999993
ENSG00000139644,ENSMUSG00000023010,93.6709,6.329099999999997
ENSG00000165678,ENSMUSG00000041028,91.7513,8.2487
ENSG00000179832,ENSMUSG00000022558,79.0613,20.938699999999997
ENSG00000119535,ENSMUSG00000028859,62.522450000000006,37.477549999999994
ENSG00000107902,ENSMUSG00000030946,87.7778,12.2222
ENSG00000128683,ENSMUSG00000070880,97.21995000000001,2.7800499999999886
ENSG00000205808,ENSMUSG00000040105,87.56615,12.433850000000007
ENSG00000080561,ENSMUSG00000000266,95.89355,4.106449999999995
ENSG00000104343,ENSMUSG00000025939,99.3377,0.6623000000000019
ENSG00000158435,ENSMUSG00000003135,95.96289999999999,4.0371000000000095
ENSG00000198700,ENSMUSG00000041879,98.8948,1.1051999999999964
ENSG00000153976,ENSMUSG00000047759,83.877,16.123000000000005
ENSG00000084652,ENSMUSG00000053841,89.82295,10.177049999999994
ENSG00000197724,ENSMUSG00000038025,93.6131,6.386899999999997
ENSG00000076242,ENSMUSG00000032498,88.52305000000001,11.476949999999988
ENSG00000159147,ENSMUSG00000022960,77.6221,22.377899999999997
ENSG00000156920,ENSMUSG00000053852,59.0607,40.9393
ENSG00000013293,ENSMUSG00000069072,96.7575,3.242500000000007
ENSG00000164258,ENSMUSG00000021764,88.0,12.0
ENSG00000148308,ENSMUSG00000026816,85.2744,14.7256
ENSG00000103061,ENSMUSG00000033106,76.0994,23.900599999999997
ENSG00000141556,ENSMUSG00000039230,81.99355,18.00645
ENSG00000174007,ENSMUSG00000035790,85.2761,14.7239
ENSG00000171490,ENSMUSG00000005846,55.717,44.283
ENSG00000165527,ENSMUSG00000044147,100.0,0.0
ENSG00000188655,ENSMUSG00000052382,33.07755,66.92245
ENSG00000155506,ENSMUSG00000037331,90.3247,9.675299999999993
ENSG00000179148,ENSMUSG00000020892,88.4669,11.533100000000005
ENSG00000159166,ENSMUSG00000041782,67.1845,32.8155
ENSG00000183908,ENSMUSG00000075224,92.65305000000001,7.3469499999999925
ENSG00000078246,ENSMUSG00000001521,70.53805,29.46195
ENSG00000249961,ENSMUSG00000052616,68.9482,31.0518
ENSG00000138073,ENSMUSG00000045302,88.4892,11.510800000000003
ENSG00000105171,ENSMUSG00000030423,82.5401,17.459900000000005
ENSG00000067704,ENSMUSG00000026618,83.3992,16.600800000000007
ENSG00000155906,ENSMUSG00000019763,82.09129999999999,17.90870000000001
ENSG00000132017,ENSMUSG00000037103,90.8333,9.166700000000006
ENSG00000156017,ENSMUSG00000024726,90.98775,9.012249999999995
ENSG00000115649,ENSMUSG00000033159,84.94605,15.05395
ENSG00000204371,ENSMUSG00000013787,92.4808,7.519199999999998
ENSG00000005483,ENSMUSG00000029004,89.31895,10.681049999999999
ENSG00000156467,ENSMUSG00000021520,87.3874,12.6126
ENSG00000159263,ENSMUSG00000062713,90.3375,9.662499999999994
ENSG00000120742,ENSMUSG00000027808,100.0,0.0
ENSG00000107581,ENSMUSG00000024991,94.369,5.631
ENSG00000165997,ENSMUSG00000017418,99.7222,0.27779999999999916
ENSG00000274523,ENSMUSG00000061979,90.1631,9.8369
ENSG00000240771,ENSMUSG00000019467,82.38675,17.613249999999994
ENSG00000096092,ENSMUSG00000025933,71.38974999999999,28.610250000000008
ENSG00000205250,ENSMUSG00000014859,92.3463,7.653700000000001
ENSG00000117533,ENSMUSG00000026696,97.1631,2.8369
ENSG00000086200,ENSMUSG00000042590,96.37774999999999,3.622250000000008
ENSG00000145743,ENSMUSG00000023965,93.1526,6.847399999999993
ENSG00000104299,ENSMUSG00000021975,97.1125,2.887500000000003
ENSG00000145734,ENSMUSG00000049658,53.15885,46.84115
ENSG00000143486,ENSMUSG00000026427,81.81445,18.185550000000006
ENSG00000123444,ENSMUSG00000005505,97.5511,2.4488999999999947
ENSG00000149600,ENSMUSG00000056941,88.0,12.0
ENSG00000135919,ENSMUSG00000026249,85.3904,14.6096
ENSG00000163406,ENSMUSG00000022899,82.23740000000001,17.762599999999992
ENSG00000104611,ENSMUSG00000053886,75.7649,24.235100000000003
ENSG00000128463,ENSMUSG00000027131,99.4536,0.5464000000000055
ENSG00000183844,ENSMUSG00000022938,76.1702,23.829800000000006
ENSG00000196937,ENSMUSG00000029672,94.2731,5.7269000000000005
ENSG00000198643,ENSMUSG00000021749,71.14125,28.85875
ENSG00000071889,ENSMUSG00000031399,90.8696,9.130399999999995
ENSG00000196437,ENSMUSG00000059975,84.54435000000001,15.455649999999991
ENSG00000116176,ENSMUSG00000033200,70.90379999999999,29.09620000000001
ENSG00000095981,ENSMUSG00000023387,87.71435,12.285650000000004
ENSG00000154134,ENSMUSG00000032128,85.51214999999999,14.487850000000009
ENSG00000131089,ENSMUSG00000025656,95.40225000000001,4.597749999999991
ENSG00000182957,ENSMUSG00000021990,71.49185,28.50815
ENSG00000127824,ENSMUSG00000026202,100.0,0.0
ENSG00000124194,ENSMUSG00000017943,97.4236,2.5764000000000067
ENSG00000176928,ENSMUSG00000091387,81.4982,18.501800000000003
ENSG00000100416,ENSMUSG00000022386,89.50085,10.49915
ENSG00000179094,ENSMUSG00000020893,91.9024,8.0976
ENSG00000132972,ENSMUSG00000000365,74.71855,25.281450000000007
ENSG00000275835,ENSMUSG00000033790,88.4766,11.523399999999995
ENSG00000184988,ENSMUSG00000034947,66.53945,33.46055
ENSG00000143816,ENSMUSG00000000126,97.2603,2.739699999999999
ENSG00000031823,ENSMUSG00000002372,79.64949999999999,20.35050000000001
ENSG00000049759,ENSMUSG00000024589,95.62434999999999,4.375650000000007
ENSG00000111729,ENSMUSG00000049037,51.46645,48.53355
ENSG00000139890,ENSMUSG00000022176,92.51124999999999,7.48875000000001
ENSG00000175054,ENSMUSG00000032409,90.5204,9.479600000000005
ENSG00000138792,ENSMUSG00000028024,77.7108,22.289199999999994
ENSG00000137100,ENSMUSG00000028447,94.086,5.9140000000000015
ENSG00000182158,ENSMUSG00000038648,91.06635,8.93365
ENSG00000188340,ENSMUSG00000050134,85.8044,14.195599999999999
ENSG00000197403,ENSMUSG00000049528,88.4615,11.538499999999999
ENSG00000053900,ENSMUSG00000029176,93.4985,6.501499999999993
ENSG00000133935,ENSMUSG00000021252,97.8571,2.1428999999999974
ENSG00000188690,ENSMUSG00000030979,77.7358,22.264200000000002
ENSG00000145348,ENSMUSG00000028030,95.2968,4.703199999999995
ENSG00000139668,ENSMUSG00000014547,98.25,1.75
ENSG00000043355,ENSMUSG00000061524,98.39855,1.6014499999999998
ENSG00000173175,ENSMUSG00000022840,95.44194999999999,4.558050000000009
ENSG00000037474,ENSMUSG00000021595,87.53659999999999,12.463400000000007
ENSG00000178694,ENSMUSG00000050312,81.40635,18.593649999999997
ENSG00000105926,ENSMUSG00000038388,98.23915,1.760850000000005
ENSG00000164597,ENSMUSG00000035933,89.2642,10.735799999999998
ENSG00000182541,ENSMUSG00000020451,93.1034,6.8966000000000065
ENSG00000167977,ENSMUSG00000016946,96.1538,3.846199999999996
ENSG00000138944,ENSMUSG00000062760,89.1994,10.800600000000003
ENSG00000198690,ENSMUSG00000033458,72.06695,27.933049999999994
ENSG00000165623,ENSMUSG00000026668,78.9855,21.014499999999998
ENSG00000164978,ENSMUSG00000028443,89.1156,10.8844
ENSG00000144589,ENSMUSG00000026213,75.18935,24.810649999999995
ENSG00000111581,ENSMUSG00000052798,91.30199999999999,8.698000000000008
ENSG00000141101,ENSMUSG00000003848,89.33605,10.66395
ENSG00000134698,ENSMUSG00000042500,98.8386,1.1614000000000004
ENSG00000154803,ENSMUSG00000032633,92.5734,7.426599999999993
ENSG00000165240,ENSMUSG00000033792,89.60294999999999,10.397050000000007
ENSG00000237412,ENSMUSG00000036480,79.039,20.961
ENSG00000168385,ENSMUSG00000026276,98.615,1.3850000000000051
ENSG00000115504,ENSMUSG00000042302,86.31615,13.683850000000007
ENSG00000170234,ENSMUSG00000044950,85.54615,14.453850000000003
ENSG00000048471,ENSMUSG00000071669,87.1866,12.813400000000001
ENSG00000146007,ENSMUSG00000001383,100.0,0.0
ENSG00000103591,ENSMUSG00000037257,85.26169999999999,14.73830000000001
ENSG00000166173,ENSMUSG00000034839,91.14965000000001,8.850349999999992
ENSG00000172379,ENSMUSG00000015709,97.41194999999999,2.5880500000000097
ENSG00000135763,ENSMUSG00000031976,71.6535,28.346500000000006
ENSG00000104969,ENSMUSG00000004937,88.53595,11.46405
ENSG00000243646,ENSMUSG00000022969,66.3704,33.629599999999996
ENSG00000242802,ENSMUSG00000039623,78.6865,21.313500000000005
ENSG00000164930,ENSMUSG00000022297,83.3926,16.6074
ENSG00000147443,ENSMUSG00000022102,74.2718,25.7282
ENSG00000008130,ENSMUSG00000029063,91.53115,8.468850000000003
ENSG00000172845,ENSMUSG00000027109,96.54745,3.4525500000000022
ENSG00000120820,ENSMUSG00000020251,92.2636,7.736400000000003
ENSG00000120675,ENSMUSG00000022013,76.92395,23.076049999999995
ENSG00000164338,ENSMUSG00000041747,88.91825,11.08175
ENSG00000171824,ENSMUSG00000017264,87.13329999999999,12.866700000000009
ENSG00000168394,ENSMUSG00000037321,71.4864,28.513599999999997
ENSG00000110328,ENSMUSG00000038296,98.5173,1.4826999999999941
ENSG00000116514,ENSMUSG00000028793,94.19005,5.809950000000001
ENSG00000196072,ENSMUSG00000057506,92.6327,7.3673
ENSG00000112367,ENSMUSG00000038417,95.1488,4.851200000000006
ENSG00000166685,ENSMUSG00000018661,85.5102,14.489800000000002
ENSG00000214193,ENSMUSG00000073758,52.9971,47.0029
ENSG00000075336,ENSMUSG00000024645,68.70375,31.29625
ENSG00000172156,ENSMUSG00000020676,58.7629,41.2371
ENSG00000108688,ENSMUSG00000035373,62.251400000000004,37.748599999999996
ENSG00000108691,ENSMUSG00000035385,43.830200000000005,56.169799999999995
ENSG00000006210,ENSMUSG00000031778,65.15195,34.84805
ENSG00000172724,ENSMUSG00000071005,68.71039999999999,31.289600000000007
ENSG00000115009,ENSMUSG00000026166,58.6397,41.3603
ENSG00000140299,ENSMUSG00000011958,84.8159,15.1841
ENSG00000197442,ENSMUSG00000071369,94.62645,5.3735499999999945
ENSG00000075131,ENSMUSG00000032397,72.6535,27.346500000000006
ENSG00000136514,ENSMUSG00000033355,42.82985,57.17015
ENSG00000159140,ENSMUSG00000022961,85.50795,14.492050000000006
ENSG00000182197,ENSMUSG00000061731,99.3298,0.6701999999999941
ENSG00000091656,ENSMUSG00000025255,91.96915000000001,8.030849999999987
ENSG00000153037,ENSMUSG00000014504,96.5278,3.472200000000001
ENSG00000124091,ENSMUSG00000074569,55.562250000000006,44.437749999999994
ENSG00000185532,ENSMUSG00000052920,90.3574,9.642600000000002
ENSG00000079215,ENSMUSG00000005360,96.58995,3.4100499999999982
ENSG00000178074,ENSMUSG00000038323,77.3884,22.611599999999996
ENSG00000123395,ENSMUSG00000037204,98.6239,1.3760999999999939
ENSG00000186479,ENSMUSG00000021719,94.5525,5.447500000000005
ENSG00000186326,ENSMUSG00000056043,83.05235,16.947649999999996
ENSG00000143369,ENSMUSG00000028108,67.9002,32.0998
ENSG00000137393,ENSMUSG00000038068,88.08045,11.919550000000001
ENSG00000186862,ENSMUSG00000074818,83.5472,16.452799999999996
ENSG00000095397,ENSMUSG00000039137,87.89359999999999,12.106400000000008
ENSG00000006611,ENSMUSG00000030838,91.98795000000001,8.012049999999988
ENSG00000197309,ENSMUSG00000050853,89.1026,10.897400000000005
ENSG00000198674,ENSMUSG00000046678,88.26565,11.734350000000006
ENSG00000196248,ENSMUSG00000049010,84.91465,15.085350000000005
ENSG00000101146,ENSMUSG00000027509,98.6413,1.358699999999999
ENSG00000243667,ENSMUSG00000078970,93.5574,6.442599999999999
ENSG00000154473,ENSMUSG00000066979,99.38935000000001,0.6106499999999926
ENSG00000106692,ENSMUSG00000028414,88.9371,11.062899999999999
ENSG00000153827,ENSMUSG00000026219,97.3221,2.677899999999994
ENSG00000180440,ENSMUSG00000056306,96.2617,3.7382999999999953
ENSG00000169599,ENSMUSG00000029993,87.45235,12.547650000000004
ENSG00000007168,ENSMUSG00000020745,99.7561,0.24389999999999645
ENSG00000163792,ENSMUSG00000006642,78.02510000000001,21.97489999999999
ENSG00000148229,ENSMUSG00000028394,93.84004999999999,6.159950000000009
ENSG00000091583,ENSMUSG00000000049,76.5217,23.478300000000004
ENSG00000064687,ENSMUSG00000035722,77.39574999999999,22.604250000000008
ENSG00000173805,ENSMUSG00000006930,57.581199999999995,42.418800000000005
ENSG00000197102,ENSMUSG00000018707,99.18195,0.8180499999999995
ENSG00000168615,ENSMUSG00000031555,83.6482,16.351799999999997
ENSG00000176896,ENSMUSG00000051224,68.17769999999999,31.822300000000013
ENSG00000170265,ENSMUSG00000025821,89.00645,10.993549999999999
ENSG00000113068,ENSMUSG00000024346,97.541,2.459000000000003
ENSG00000164542,ENSMUSG00000036411,85.71459999999999,14.28540000000001
ENSG00000196123,ENSMUSG00000014837,83.58359999999999,16.41640000000001
ENSG00000176531,ENSMUSG00000074277,78.41915,21.580849999999998
ENSG00000175193,ENSMUSG00000033918,90.74135,9.258650000000003
ENSG00000136235,ENSMUSG00000029816,70.73385,29.266149999999996
ENSG00000185664,ENSMUSG00000025359,77.13550000000001,22.864499999999992
ENSG00000166448,ENSMUSG00000043388,69.36019999999999,30.639800000000008
ENSG00000188501,ENSMUSG00000032401,83.67175,16.328249999999997
ENSG00000117475,ENSMUSG00000026577,82.69104999999999,17.30895000000001
ENSG00000168631,ENSMUSG00000073408,29.760749999999998,70.23925
ENSG00000168806,ENSMUSG00000074890,77.8426,22.157399999999996
ENSG00000142765,ENSMUSG00000028860,81.7722,18.227800000000002
ENSG00000130021,ENSMUSG00000048875,70.1417,29.8583
ENSG00000122126,ENSMUSG00000001173,91.50475,8.495249999999999
ENSG00000166171,ENSMUSG00000041035,88.1773,11.822699999999998
ENSG00000213190,ENSMUSG00000053192,86.6667,13.333299999999994
ENSG00000213066,ENSMUSG00000069135,84.7118,15.288200000000003
ENSG00000167434,ENSMUSG00000000805,56.4092,43.5908
ENSG00000135624,ENSMUSG00000030007,96.04425,3.9557499999999948
ENSG00000145794,ENSMUSG00000024593,94.27285,5.727149999999995
ENSG00000138750,ENSMUSG00000034826,95.7727,4.2273
ENSG00000259417,ENSMUSG00000097789,100.0,0.0
ENSG00000176020,ENSMUSG00000032593,76.08815000000001,23.911849999999987
ENSG00000139211,ENSMUSG00000048218,88.3773,11.622699999999995
ENSG00000181754,ENSMUSG00000050947,89.5432,10.456800000000001
ENSG00000168538,ENSMUSG00000038102,93.6452,6.354799999999997
ENSG00000139433,ENSMUSG00000011884,93.3014,6.698599999999999
ENSG00000137496,ENSMUSG00000070427,62.015950000000004,37.984049999999996
ENSG00000091129,ENSMUSG00000020598,89.03524999999999,10.96475000000001
ENSG00000120159,ENSMUSG00000028578,82.84925000000001,17.150749999999988
ENSG00000274588,ENSMUSG00000062393,73.93209999999999,26.06790000000001
ENSG00000096384,ENSMUSG00000023944,99.5856,0.41440000000000055
ENSG00000080824,ENSMUSG00000021270,99.11265,0.8873499999999979
ENSG00000166598,ENSMUSG00000020048,97.3209,2.6791000000000054
ENSG00000126602,ENSMUSG00000005981,88.08525,11.914749999999998
ENSG00000115840,ENSMUSG00000027010,96.67904999999999,3.3209500000000105
ENSG00000165282,ENSMUSG00000028454,86.0681,13.931899999999999
ENSG00000142235,ENSMUSG00000062044,88.04225,11.957750000000004
ENSG00000181409,ENSMUSG00000025375,72.9258,27.074200000000005
ENSG00000184983,ENSMUSG00000022450,86.4981,13.501900000000006
ENSG00000157654,ENSMUSG00000038729,75.38355,24.61645
ENSG00000179133,ENSMUSG00000026734,44.14775,55.85225
ENSG00000141429,ENSMUSG00000000420,98.39,1.6099999999999994
ENSG00000120265,ENSMUSG00000019795,94.94550000000001,5.05449999999999
ENSG00000168300,ENSMUSG00000051285,98.5994,1.4005999999999972
ENSG00000203880,ENSMUSG00000027589,90.834,9.165999999999997
ENSG00000171014,ENSMUSG00000045812,89.87705,10.122950000000003
ENSG00000185127,ENSMUSG00000050088,74.48705000000001,25.51294999999999
ENSG00000134802,ENSMUSG00000027074,73.52365,26.476349999999996
ENSG00000166321,ENSMUSG00000021809,77.5568,22.443200000000004
ENSG00000242485,ENSMUSG00000029066,87.9195,12.0805
ENSG00000130193,ENSMUSG00000056665,87.71135000000001,12.28864999999999
ENSG00000214944,ENSMUSG00000021662,80.6463,19.353700000000003
ENSG00000214960,ENSMUSG00000043153,74.389,25.611000000000004
ENSG00000167646,ENSMUSG00000055809,69.49855,30.501450000000006
ENSG00000174791,ENSMUSG00000024883,79.643,20.357
ENSG00000180423,ENSMUSG00000027243,89.9713,10.0287
ENSG00000006071,ENSMUSG00000040136,95.23554999999999,4.764450000000011
ENSG00000181396,ENSMUSG00000025169,84.54595,15.454049999999995
ENSG00000066336,ENSMUSG00000002111,88.19305,11.80695
ENSG00000124795,ENSMUSG00000021377,90.86495,9.135050000000007
ENSG00000205592,ENSMUSG00000118670,28.7495,71.2505
ENSG00000082196,ENSMUSG00000058914,93.1034,6.8966000000000065
ENSG00000111371,ENSMUSG00000023169,93.2103,6.789699999999996
ENSG00000113595,ENSMUSG00000021712,97.7352,2.264799999999994
ENSG00000138092,ENSMUSG00000020652,67.22485,32.77515
ENSG00000138138,ENSMUSG00000013662,100.0,0.0
ENSG00000006788,ENSMUSG00000060180,96.0784,3.921599999999998
ENSG00000162981,ENSMUSG00000020607,96.2329,3.7670999999999992
ENSG00000073614,ENSMUSG00000030180,96.6864,3.313599999999994
ENSG00000123178,ENSMUSG00000021930,98.4694,1.5306000000000068
ENSG00000082898,ENSMUSG00000020290,98.0392,1.960800000000006
ENSG00000124571,ENSMUSG00000067150,87.7076,12.2924
ENSG00000145850,ENSMUSG00000055546,49.77055,50.22945
ENSG00000110245,ENSMUSG00000032081,53.07085,46.92915
ENSG00000197361,ENSMUSG00000050503,80.52315,19.47685
ENSG00000183760,ENSMUSG00000037469,80.82554999999999,19.174450000000007
ENSG00000099795,ENSMUSG00000033938,82.4818,17.518199999999993
ENSG00000133027,ENSMUSG00000000301,74.0993,25.9007
ENSG00000236543,ENSMUSG00000085484,62.08975,37.91025
ENSG00000163121,ENSMUSG00000047180,68.23345,31.766549999999995
ENSG00000127249,ENSMUSG00000038094,87.40074999999999,12.599250000000012
ENSG00000090339,ENSMUSG00000037405,52.76075,47.23925
ENSG00000100290,ENSMUSG00000016758,40.6875,59.3125
ENSG00000150656,ENSMUSG00000056162,78.4962,21.5038
ENSG00000115540,ENSMUSG00000025979,100.0,0.0
ENSG00000182208,ENSMUSG00000025147,87.64165,12.358350000000002
ENSG00000117600,ENSMUSG00000044667,93.96695,6.033050000000003
ENSG00000198740,ENSMUSG00000075595,90.77455,9.225449999999995
ENSG00000163719,ENSMUSG00000030269,90.44704999999999,9.55295000000001
ENSG00000070785,ENSMUSG00000028683,91.8142,8.1858
ENSG00000106624,ENSMUSG00000020473,83.74145,16.25855
ENSG00000144567,ENSMUSG00000049339,86.53165,13.468350000000001
ENSG00000105520,ENSMUSG00000040563,96.6814,3.3186000000000035
ENSG00000126368,ENSMUSG00000020889,95.36215,4.63785
ENSG00000205220,ENSMUSG00000031897,88.6447,11.3553
ENSG00000160360,ENSMUSG00000026930,89.7628,10.237200000000001
ENSG00000165195,ENSMUSG00000031381,87.71940000000001,12.280599999999993
ENSG00000113100,ENSMUSG00000025370,90.93215000000001,9.067849999999993
ENSG00000101247,ENSMUSG00000027384,84.59375,15.40625
ENSG00000198860,ENSMUSG00000014980,91.45259999999999,8.54740000000001
ENSG00000116754,ENSMUSG00000055436,92.32929999999999,7.670700000000011
ENSG00000240849,ENSMUSG00000090213,92.42175,7.578249999999997
ENSG00000231292,ENSMUSG00000106403,56.53885,43.46115
ENSG00000118514,ENSMUSG00000037542,89.9384,10.061599999999999
ENSG00000180448,ENSMUSG00000035697,80.24875,19.75125
ENSG00000089639,ENSMUSG00000036246,81.81354999999999,18.186450000000008
ENSG00000137962,ENSMUSG00000039831,82.62795,17.37205
ENSG00000142546,ENSMUSG00000003421,90.6977,9.302300000000002
ENSG00000162441,ENSMUSG00000028990,93.6842,6.315799999999996
ENSG00000163346,ENSMUSG00000042613,71.60545,28.394549999999995
ENSG00000103490,ENSMUSG00000030793,71.13589999999999,28.864100000000008
ENSG00000172175,ENSMUSG00000032688,87.6832,12.3168
ENSG00000115275,ENSMUSG00000030036,86.5353,13.464699999999993
ENSG00000086015,ENSMUSG00000003810,87.93775,12.062250000000006
ENSG00000115423,ENSMUSG00000052861,88.50905,11.490949999999998
ENSG00000116096,ENSMUSG00000033735,74.57005,25.429950000000005
ENSG00000166415,ENSMUSG00000044976,79.0381,20.9619
ENSG00000143552,ENSMUSG00000027939,82.7278,17.272199999999998
ENSG00000132182,ENSMUSG00000030091,84.44210000000001,15.55789999999999
ENSG00000183346,ENSMUSG00000019945,67.24510000000001,32.75489999999999
ENSG00000105371,ENSMUSG00000001014,67.18615,32.81385
ENSG00000139697,ENSMUSG00000038095,97.5575,2.4424999999999955
ENSG00000120948,ENSMUSG00000041459,96.1353,3.864699999999999
ENSG00000248485,ENSMUSG00000038370,86.7647,13.235299999999995
ENSG00000188937,ENSMUSG00000051228,84.6639,15.336100000000002
ENSG00000071073,ENSMUSG00000026110,93.6449,6.355099999999993
ENSG00000088827,ENSMUSG00000027322,72.7277,27.2723
ENSG00000179213,ENSMUSG00000108695,54.15525,45.84475
ENSG00000149582,ENSMUSG00000002032,91.10825,8.891750000000002
ENSG00000197046,ENSMUSG00000091055,79.7363,20.2637
ENSG00000152683,ENSMUSG00000024069,91.7944,8.205600000000004
ENSG00000163933,ENSMUSG00000052395,87.4307,12.569299999999998
ENSG00000006007,ENSMUSG00000033917,87.3112,12.6888
ENSG00000112195,ENSMUSG00000071068,51.3924,48.6076
ENSG00000188056,ENSMUSG00000051682,47.01515,52.98485
ENSG00000197498,ENSMUSG00000038510,92.1569,7.843100000000007
ENSG00000168348,ENSMUSG00000045440,69.45179999999999,30.54820000000001
ENSG00000213380,ENSMUSG00000031916,86.78465,13.21535
ENSG00000128487,ENSMUSG00000042331,85.13825,14.86175
ENSG00000100014,ENSMUSG00000033444,95.12305,4.876949999999994
ENSG00000147231,ENSMUSG00000042498,78.71035,21.289649999999995
ENSG00000179796,ENSMUSG00000045201,99.6139,0.386099999999999
ENSG00000244752,ENSMUSG00000042240,97.0732,2.9268
ENSG00000180433,ENSMUSG00000046486,81.8192,18.180800000000005
ENSG00000276819,ENSMUSG00000076474,59.6491,40.3509
ENSG00000251258,ENSMUSG00000094311,33.2714,66.7286
ENSG00000099866,ENSMUSG00000020310,45.0194,54.9806
ENSG00000072657,ENSMUSG00000050663,95.17585,4.824150000000003
ENSG00000137764,ENSMUSG00000058444,97.7679,2.2321000000000026
ENSG00000107937,ENSMUSG00000021149,94.795,5.204999999999998
ENSG00000166452,ENSMUSG00000031023,72.03954999999999,27.96045000000001
ENSG00000125037,ENSMUSG00000030286,99.6169,0.3830999999999989
ENSG00000140320,ENSMUSG00000040007,91.23949999999999,8.760500000000008
ENSG00000130427,ENSMUSG00000029711,78.9616,21.038399999999996
ENSG00000147206,ENSMUSG00000057000,49.097750000000005,50.902249999999995
ENSG00000162231,ENSMUSG00000010097,91.1884,8.811599999999999
ENSG00000102119,ENSMUSG00000001964,75.25085,24.74915
ENSG00000173825,ENSMUSG00000044390,83.52825,16.47175
ENSG00000068650,ENSMUSG00000031441,91.65315000000001,8.34684999999999
ENSG00000161652,ENSMUSG00000066500,55.32555,44.67445
ENSG00000149646,ENSMUSG00000038085,60.573499999999996,39.426500000000004
ENSG00000241399,ENSMUSG00000060703,74.35345000000001,25.64654999999999
ENSG00000136842,ENSMUSG00000028328,96.9359,3.0640999999999963
ENSG00000151725,ENSMUSG00000031629,56.768600000000006,43.231399999999994
ENSG00000162374,ENSMUSG00000028546,96.733,3.266999999999996
ENSG00000267796,ENSMUSG00000036845,94.7154,5.2845999999999975
ENSG00000173141,ENSMUSG00000021967,83.3333,16.666700000000006
ENSG00000066379,ENSMUSG00000036315,81.13624999999999,18.86375000000001
ENSG00000132155,ENSMUSG00000000441,97.6852,2.3148000000000053
ENSG00000113368,ENSMUSG00000024590,96.08205000000001,3.9179499999999905
ENSG00000102038,ENSMUSG00000031099,95.5923,4.4077000000000055
ENSG00000082126,ENSMUSG00000079550,81.96615,18.03385
ENSG00000168556,ENSMUSG00000063049,96.6135,3.386499999999998
ENSG00000109705,ENSMUSG00000049691,85.2853,14.714699999999993
ENSG00000137857,ENSMUSG00000033268,91.038,8.962000000000003
ENSG00000136485,ENSMUSG00000049354,100.0,0.0
ENSG00000173715,ENSMUSG00000071691,59.86605,40.13395
ENSG00000076984,ENSMUSG00000002948,93.18180000000001,6.81819999999999
ENSG00000023734,ENSMUSG00000030224,97.7143,2.2857000000000056
ENSG00000163116,ENSMUSG00000047940,54.46625,45.53375
ENSG00000029725,ENSMUSG00000020817,96.17625000000001,3.8237499999999898
ENSG00000177548,ENSMUSG00000030727,84.60995,15.390050000000002
ENSG00000175787,ENSMUSG00000050954,58.1062,41.8938
ENSG00000166478,ENSMUSG00000061079,97.0219,2.9780999999999977
ENSG00000166546,ENSMUSG00000031872,72.0563,27.943700000000007
ENSG00000282881,ENSMUSG00000034185,70.6215,29.378500000000003
ENSG00000198435,ENSMUSG00000078202,100.0,0.0
ENSG00000188488,ENSMUSG00000041550,63.37865,36.62135
ENSG00000114491,ENSMUSG00000022814,88.65775,11.342250000000007
ENSG00000119973,ENSMUSG00000045052,89.7297,10.270300000000006
ENSG00000187642,ENSMUSG00000078486,52.47935,47.52065
ENSG00000156469,ENSMUSG00000021519,76.963,23.037000000000006
ENSG00000144583,ENSMUSG00000039372,90.11,9.89
ENSG00000197747,ENSMUSG00000041959,91.7526,8.247399999999999
ENSG00000128708,ENSMUSG00000027018,92.1636,7.836399999999998
ENSG00000189339,ENSMUSG00000042202,86.1728,13.827200000000005
ENSG00000226792,ENSMUSG00000100486,77.76975,22.230249999999998
ENSG00000133106,ENSMUSG00000022014,65.38675,34.613249999999994
ENSG00000205116,ENSMUSG00000073680,72.6834,27.316599999999994
ENSG00000125611,ENSMUSG00000037938,88.1818,11.818200000000004
ENSG00000026025,ENSMUSG00000026728,97.4249,2.575100000000006
ENSG00000103343,ENSMUSG00000054939,74.9386,25.061400000000006
ENSG00000134548,ENSMUSG00000071112,66.67155,33.328450000000004
ENSG00000065328,ENSMUSG00000026669,75.7278,24.272199999999998
ENSG00000103522,ENSMUSG00000030745,62.797349999999994,37.202650000000006
ENSG00000104755,ENSMUSG00000022039,59.4558,40.5442
ENSG00000095059,ENSMUSG00000060038,91.3279,8.6721
ENSG00000177150,ENSMUSG00000038121,77.79845,22.201549999999997
ENSG00000158555,ENSMUSG00000035314,90.0605,9.939499999999995
ENSG00000113272,ENSMUSG00000011254,82.2148,17.785200000000003
ENSG00000162004,ENSMUSG00000071202,55.86225,44.13775
ENSG00000162385,ENSMUSG00000028609,100.0,0.0
ENSG00000111196,ENSMUSG00000030188,97.973,2.027000000000001
ENSG00000132330,ENSMUSG00000026307,78.4665,21.533500000000004
ENSG00000133657,ENSMUSG00000022533,89.42185,10.578149999999994
ENSG00000111341,ENSMUSG00000030218,83.0937,16.9063
ENSG00000165102,ENSMUSG00000037260,81.3406,18.659400000000005
ENSG00000117501,ENSMUSG00000071890,56.6376,43.3624
ENSG00000145358,ENSMUSG00000046818,92.7461,7.253900000000002
ENSG00000168209,ENSMUSG00000020108,91.11015,8.889849999999996
ENSG00000068885,ENSMUSG00000027778,94.5946,5.4054
ENSG00000117480,ENSMUSG00000034171,83.247,16.753
ENSG00000101180,ENSMUSG00000039059,94.1573,5.842699999999994
ENSG00000122687,ENSMUSG00000029557,78.8618,21.138199999999998
ENSG00000054282,ENSMUSG00000026504,77.48315,22.516850000000005
ENSG00000272514,ENSMUSG00000028294,79.9035,20.096500000000006
ENSG00000111863,ENSMUSG00000058022,65.6522,34.34780000000001
ENSG00000124783,ENSMUSG00000021427,95.4545,4.545500000000004
ENSG00000133135,ENSMUSG00000031438,95.3271,4.6728999999999985
ENSG00000091704,ENSMUSG00000054446,81.8616,18.138400000000004
ENSG00000132305,ENSMUSG00000052337,89.90105,10.098950000000002
ENSG00000113649,ENSMUSG00000024498,96.88935000000001,3.1106499999999926
ENSG00000153071,ENSMUSG00000022150,83.72455,16.275450000000006
ENSG00000122592,ENSMUSG00000038236,91.50370000000001,8.49629999999999
ENSG00000285508,ENSMUSG00000115423,72.0,28.0
ENSG00000105397,ENSMUSG00000032175,79.3759,20.6241
ENSG00000147588,ENSMUSG00000052468,87.1212,12.878799999999998
ENSG00000108515,ENSMUSG00000060600,97.6959,2.3041000000000054
ENSG00000111674,ENSMUSG00000004267,98.6175,1.3824999999999932
ENSG00000188316,ENSMUSG00000048029,72.8905,27.109499999999997
ENSG00000101493,ENSMUSG00000058881,81.72465,18.275350000000003
ENSG00000066136,ENSMUSG00000032897,99.403,0.5969999999999942
ENSG00000105402,ENSMUSG00000006024,98.3051,1.694900000000004
ENSG00000125814,ENSMUSG00000027438,100.0,0.0
ENSG00000134265,ENSMUSG00000024581,98.0769,1.9231000000000051
ENSG00000141933,ENSMUSG00000020308,84.35755,15.642449999999997
ENSG00000129696,ENSMUSG00000031577,70.29335,29.706649999999996
ENSG00000182916,ENSMUSG00000079428,74.7551,25.2449
ENSG00000185222,ENSMUSG00000042712,74.0385,25.9615
ENSG00000180964,ENSMUSG00000051579,72.6496,27.350399999999993
ENSG00000172465,ENSMUSG00000049536,82.74440000000001,17.255599999999987
ENSG00000079257,ENSMUSG00000047557,85.1351,14.864900000000006
ENSG00000118849,ENSMUSG00000049404,70.3895,29.610500000000002
ENSG00000219545,ENSMUSG00000089862,76.31305,23.686949999999996
ENSG00000166004,ENSMUSG00000046111,60.2492,39.7508
ENSG00000178404,ENSMUSG00000076433,39.3972,60.6028
ENSG00000154493,ENSMUSG00000030994,62.855450000000005,37.144549999999995
ENSG00000116127,ENSMUSG00000063810,49.7294,50.2706
ENSG00000178031,ENSMUSG00000066113,90.96305,9.036950000000004
ENSG00000018610,ENSMUSG00000006423,99.5496,0.4504000000000019
ENSG00000132000,ENSMUSG00000012889,81.74425,18.255750000000006
ENSG00000126231,ENSMUSG00000031445,66.333,33.667
ENSG00000118260,ENSMUSG00000025958,99.6942,0.30580000000000496
ENSG00000089250,ENSMUSG00000029361,93.8878,6.112200000000001
ENSG00000178425,ENSMUSG00000039480,77.8874,22.1126
ENSG00000239388,ENSMUSG00000021898,83.3049,16.695099999999996
ENSG00000097007,ENSMUSG00000026842,86.00595,13.994050000000001
ENSG00000143322,ENSMUSG00000026596,94.7547,5.2453
ENSG00000150051,ENSMUSG00000061013,88.95255,11.047449999999998
ENSG00000128285,ENSMUSG00000050164,96.034,3.965999999999994
ENSG00000154813,ENSMUSG00000021905,96.3415,3.6585000000000036
ENSG00000101057,ENSMUSG00000017861,85.0434,14.956599999999995
ENSG00000139405,ENSMUSG00000029600,65.57885,34.42115
ENSG00000176406,ENSMUSG00000037386,92.8077,7.192300000000003
ENSG00000161040,ENSMUSG00000048520,65.4177,34.582300000000004
ENSG00000175482,ENSMUSG00000024854,83.1776,16.822400000000002
ENSG00000175318,ENSMUSG00000074259,71.3983,28.601699999999994
ENSG00000022976,ENSMUSG00000021271,50.974599999999995,49.025400000000005
ENSG00000132823,ENSMUSG00000035399,86.7927,13.207300000000004
ENSG00000173950,ENSMUSG00000047434,92.739,7.260999999999996
ENSG00000198824,ENSMUSG00000047710,76.2111,23.788899999999998
ENSG00000064309,ENSMUSG00000038119,82.02325,17.976749999999996
ENSG00000137822,ENSMUSG00000027263,98.27465000000001,1.7253499999999917
ENSG00000237330,ENSMUSG00000110404,76.20125,23.79875
ENSG00000138769,ENSMUSG00000029403,85.2375,14.762500000000003
ENSG00000012174,ENSMUSG00000046873,97.1001,2.8999000000000024
ENSG00000179869,ENSMUSG00000004668,65.8347,34.1653
ENSG00000122557,ENSMUSG00000008429,89.6302,10.369799999999998
ENSG00000051108,ENSMUSG00000031770,88.7468,11.253200000000007
ENSG00000118523,ENSMUSG00000019997,90.6745,9.325500000000005
ENSG00000178502,ENSMUSG00000048732,96.54205,3.4579499999999967
ENSG00000254901,ENSMUSG00000002345,93.72545,6.274550000000005
ENSG00000164949,ENSMUSG00000028214,95.77015,4.229849999999999
ENSG00000165959,ENSMUSG00000021097,71.5832,28.416799999999995
ENSG00000198642,ENSMUSG00000070923,98.7034,1.296599999999998
ENSG00000003096,ENSMUSG00000036782,92.0464,7.9535999999999945
ENSG00000113108,ENSMUSG00000117679,91.5638,8.4362
ENSG00000163697,ENSMUSG00000029207,94.00925000000001,5.990749999999991
ENSG00000166313,ENSMUSG00000037032,94.6479,5.352099999999993
ENSG00000122692,ENSMUSG00000028409,100.0,0.0
ENSG00000147223,ENSMUSG00000072945,53.349149999999995,46.650850000000005
ENSG00000121152,ENSMUSG00000034906,78.40035,21.599649999999997
ENSG00000149516,ENSMUSG00000024681,56.6748,43.3252
ENSG00000066557,ENSMUSG00000063052,83.0565,16.9435
ENSG00000140093,ENSMUSG00000061947,70.85345000000001,29.14654999999999
ENSG00000148200,ENSMUSG00000063972,93.4418,6.558199999999999
ENSG00000125388,ENSMUSG00000052783,75.1745,24.825500000000005
ENSG00000169856,ENSMUSG00000043013,98.9247,1.0752999999999986
ENSG00000205922,ENSMUSG00000045518,92.27795,7.722049999999996
ENSG00000119547,ENSMUSG00000045991,98.71170000000001,1.2882999999999925
ENSG00000180891,ENSMUSG00000018378,87.08070000000001,12.919299999999993
ENSG00000141665,ENSMUSG00000034391,55.57755,44.42245
ENSG00000175697,ENSMUSG00000046961,70.7266,29.273399999999995
ENSG00000198963,ENSMUSG00000036192,98.2571,1.742900000000006
ENSG00000134779,ENSMUSG00000024269,85.23875000000001,14.76124999999999
ENSG00000186714,ENSMUSG00000045106,60.98125,39.01875
ENSG00000172410,ENSMUSG00000066090,57.7778,42.2222
ENSG00000171136,ENSMUSG00000045232,78.4462,21.553799999999995
ENSG00000107779,ENSMUSG00000021796,97.9323,2.067700000000002
ENSG00000183654,ENSMUSG00000022269,84.78855,15.21145
ENSG00000017260,ENSMUSG00000032570,96.78829999999999,3.2117000000000075
ENSG00000059377,ENSMUSG00000029925,81.6135,18.386499999999998
ENSG00000120519,ENSMUSG00000031684,94.7059,5.2941
ENSG00000187699,ENSMUSG00000043629,54.89075,45.10925
ENSG00000089876,ENSMUSG00000030986,87.82785,12.172150000000002
ENSG00000150768,ENSMUSG00000000168,85.80425,14.195750000000004
ENSG00000107625,ENSMUSG00000020076,95.44565,4.5543499999999995
ENSG00000074695,ENSMUSG00000041891,88.2222,11.7778
ENSG00000157456,ENSMUSG00000032218,89.4472,10.552800000000005
ENSG00000184261,ENSMUSG00000050138,99.0698,0.9301999999999992
ENSG00000134419,ENSMUSG00000008683,100.0,0.0
ENSG00000215845,ENSMUSG00000103711,77.82939999999999,22.170600000000007
ENSG00000173406,ENSMUSG00000028519,96.5766,3.423400000000001
ENSG00000176049,ENSMUSG00000024502,99.2683,0.7317000000000036
ENSG00000152969,ENSMUSG00000063646,94.3442,5.655799999999999
ENSG00000188385,ENSMUSG00000056856,94.438,5.561999999999998
ENSG00000142039,ENSMUSG00000002608,83.16409999999999,16.83590000000001
ENSG00000121022,ENSMUSG00000025917,99.4012,0.5987999999999971
ENSG00000137948,ENSMUSG00000029279,72.62379999999999,27.37620000000001
ENSG00000141867,ENSMUSG00000024002,94.409,5.590999999999994
ENSG00000205978,ENSMUSG00000075592,76.69045,23.30955
ENSG00000158486,ENSMUSG00000052273,87.4969,12.503100000000003
ENSG00000100852,ENSMUSG00000035133,97.3711,2.6289000000000016
ENSG00000196458,ENSMUSG00000023284,62.120400000000004,37.879599999999996
ENSG00000166263,ENSMUSG00000020546,76.57755,23.422449999999998
ENSG00000087077,ENSMUSG00000023348,86.82159999999999,13.17840000000001
ENSG00000159840,ENSMUSG00000029860,87.8565,12.143500000000003
ENSG00000121680,ENSMUSG00000027222,90.7738,9.226200000000006
ENSG00000205693,ENSMUSG00000072662,61.7442,38.2558
ENSG00000171067,ENSMUSG00000035372,49.9321,50.0679
ENSG00000111261,ENSMUSG00000032718,61.80015,38.19985
ENSG00000168505,ENSMUSG00000034486,98.2759,1.724100000000007
ENSG00000164900,ENSMUSG00000067724,84.92824999999999,15.071750000000009
ENSG00000110237,ENSMUSG00000032875,87.23320000000001,12.76679999999999
ENSG00000104728,ENSMUSG00000071176,80.32724999999999,19.672750000000008
ENSG00000074964,ENSMUSG00000040964,91.44194999999999,8.558050000000009
ENSG00000083642,ENSMUSG00000034021,96.40889999999999,3.5911000000000115
ENSG00000086300,ENSMUSG00000038301,95.5224,4.477599999999995
ENSG00000283039,ENSMUSG00000070902,23.64465,76.35535
ENSG00000164334,ENSMUSG00000035420,67.93615,32.06385
ENSG00000167632,ENSMUSG00000047921,92.26205,7.737949999999998
ENSG00000176834,ENSMUSG00000066894,66.3202,33.6798
ENSG00000187514,ENSMUSG00000026238,95.92955,4.070449999999994
ENSG00000161664,ENSMUSG00000034768,85.2097,14.790300000000002
ENSG00000205544,ENSMUSG00000070394,89.3805,10.619500000000002
ENSG00000177025,ENSMUSG00000030385,43.369550000000004,56.630449999999996
ENSG00000130332,ENSMUSG00000035215,97.0874,2.9125999999999976
ENSG00000196712,ENSMUSG00000020716,98.41555,1.584450000000004
ENSG00000135697,ENSMUSG00000031845,84.12155,15.87845
ENSG00000116745,ENSMUSG00000028174,93.621,6.379000000000005
ENSG00000197580,ENSMUSG00000032066,78.08755,21.912450000000007
ENSG00000166164,ENSMUSG00000031660,88.172,11.828000000000003
ENSG00000182362,ENSMUSG00000033126,76.74345,23.256550000000004
ENSG00000028310,ENSMUSG00000057649,92.1273,7.872699999999995
ENSG00000164588,ENSMUSG00000021730,94.1227,5.877300000000005
ENSG00000146205,ENSMUSG00000034107,82.51955,17.480450000000005
ENSG00000204673,ENSMUSG00000011096,93.5676,6.432400000000001
ENSG00000137094,ENSMUSG00000036052,90.6404,9.3596
ENSG00000169020,ENSMUSG00000050856,85.73175,14.268249999999995
ENSG00000144647,ENSMUSG00000066235,93.4483,6.551699999999997
ENSG00000253148,ENSMUSG00000098509,87.5,12.5
ENSG00000140538,ENSMUSG00000059146,96.40105,3.598950000000002
ENSG00000100053,ENSMUSG00000029352,91.9431,8.056899999999999
ENSG00000135374,ENSMUSG00000027186,94.88335000000001,5.116649999999993
ENSG00000058063,ENSMUSG00000037400,93.45245,6.547550000000001
ENSG00000232869,ENSMUSG00000076481,70.2703,29.729699999999994
ENSG00000151470,ENSMUSG00000025766,80.84435,19.155649999999994
ENSG00000179468,ENSMUSG00000045479,81.09305,18.906949999999995
ENSG00000211672,ENSMUSG00000076939,59.0164,40.9836
ENSG00000253293,ENSMUSG00000000938,90.31954999999999,9.680450000000008
ENSG00000130598,ENSMUSG00000031097,96.7033,3.2967000000000013
ENSG00000129991,ENSMUSG00000035458,92.6371,7.362899999999996
ENSG00000159173,ENSMUSG00000026418,97.861,2.138999999999996
ENSG00000147804,ENSMUSG00000063354,71.3154,28.684600000000003
ENSG00000270806,ENSMUSG00000035085,64.02120000000001,35.97879999999999
ENSG00000168703,ENSMUSG00000042845,42.5861,57.4139
ENSG00000164808,ENSMUSG00000041974,63.96715,36.03285
ENSG00000144744,ENSMUSG00000030061,99.24334999999999,0.7566500000000076
ENSG00000171773,ENSMUSG00000034829,76.93355,23.066450000000003
ENSG00000143171,ENSMUSG00000015843,96.9762,3.0237999999999943
ENSG00000272636,ENSMUSG00000020848,95.1456,4.854399999999998
ENSG00000145863,ENSMUSG00000020428,91.3907,8.609300000000005
ENSG00000179715,ENSMUSG00000044250,57.57235,42.42765
ENSG00000132635,ENSMUSG00000037773,85.93844999999999,14.061550000000011
ENSG00000213023,ENSMUSG00000030731,95.66755,4.332449999999994
ENSG00000172771,ENSMUSG00000030321,54.4952,45.5048
ENSG00000092096,ENSMUSG00000022199,96.0264,3.9736000000000047
ENSG00000138448,ENSMUSG00000027087,92.44775,7.552250000000001
ENSG00000167088,ENSMUSG00000002477,100.0,0.0
ENSG00000171617,ENSMUSG00000041773,99.3209,0.6791000000000054
ENSG00000183655,ENSMUSG00000055652,94.9066,5.093400000000003
ENSG00000204347,ENSMUSG00000000202,92.6778,7.322199999999995
ENSG00000179002,ENSMUSG00000028738,69.67935,30.32065
ENSG00000127083,ENSMUSG00000048368,79.14735,20.852649999999997
ENSG00000104412,ENSMUSG00000022337,97.3064,2.6936000000000035
ENSG00000126583,ENSMUSG00000078816,98.9957,1.0043000000000006
ENSG00000231256,ENSMUSG00000010841,85.9756,14.0244
ENSG00000112041,ENSMUSG00000037446,80.00005,19.99995
ENSG00000166189,ENSMUSG00000074811,80.78864999999999,19.21135000000001
ENSG00000181856,ENSMUSG00000018566,95.2849,4.715100000000007
ENSG00000085117,ENSMUSG00000027215,76.5481,23.451899999999995
ENSG00000141873,ENSMUSG00000046822,83.6786,16.321399999999997
ENSG00000196169,ENSMUSG00000010021,89.72435,10.275649999999999
ENSG00000147592,ENSMUSG00000025937,84.0278,15.9722
ENSG00000135423,ENSMUSG00000044005,94.3522,5.647800000000004
ENSG00000115419,ENSMUSG00000026103,95.0125,4.987499999999997
ENSG00000256235,ENSMUSG00000038059,81.6667,18.333299999999994
ENSG00000115084,ENSMUSG00000026342,94.17395,5.826049999999995
ENSG00000105428,ENSMUSG00000044526,46.07685,53.92315
ENSG00000189367,ENSMUSG00000004360,57.146100000000004,42.853899999999996
ENSG00000185028,ENSMUSG00000021579,79.88405,20.115949999999998
ENSG00000160959,ENSMUSG00000033728,94.1176,5.882400000000004
ENSG00000167702,ENSMUSG00000004187,82.628,17.372
ENSG00000140859,ENSMUSG00000031788,93.6971,6.302899999999994
ENSG00000170854,ENSMUSG00000022724,76.5591,23.4409
ENSG00000170468,ENSMUSG00000046791,78.36895,21.631050000000002
ENSG00000128011,ENSMUSG00000030600,95.64185,4.358149999999995
ENSG00000114113,ENSMUSG00000032454,90.2985,9.701499999999996
ENSG00000182154,ENSMUSG00000036850,76.47470000000001,23.525299999999987
ENSG00000114331,ENSMUSG00000049076,93.64695,6.353049999999996
ENSG00000144655,ENSMUSG00000032515,74.57535,25.42465
ENSG00000110925,ENSMUSG00000044636,91.1856,8.814400000000006
ENSG00000178662,ENSMUSG00000044647,93.8462,6.153800000000004
ENSG00000135924,ENSMUSG00000026203,81.3628,18.637200000000007
ENSG00000111652,ENSMUSG00000030127,98.9091,1.0909000000000049
ENSG00000143126,ENSMUSG00000068740,95.6522,4.3478000000000065
ENSG00000176641,ENSMUSG00000047496,97.5369,2.463099999999997
ENSG00000180917,ENSMUSG00000046441,79.2456,20.754400000000004
ENSG00000062038,ENSMUSG00000061048,82.49695,17.50305
ENSG00000177096,ENSMUSG00000049687,77.9923,22.0077
ENSG00000171703,ENSMUSG00000059540,88.9632,11.0368
ENSG00000177156,ENSMUSG00000025503,94.362,5.638000000000005
ENSG00000140623,ENSMUSG00000022542,85.03515,14.964849999999998
ENSG00000149761,ENSMUSG00000037349,81.5112,18.488799999999998
ENSG00000164885,ENSMUSG00000028969,99.6575,0.34250000000000114
ENSG00000133083,ENSMUSG00000027797,98.44495,1.5550499999999943
ENSG00000204060,ENSMUSG00000052135,90.56790000000001,9.432099999999991
ENSG00000204304,ENSMUSG00000034673,97.907,2.0930000000000035
ENSG00000159899,ENSMUSG00000028469,98.6628,1.3371999999999957
ENSG00000114805,ENSMUSG00000036834,84.64515,15.354849999999999
ENSG00000278615,ENSMUSG00000071653,82.9268,17.0732
ENSG00000184047,ENSMUSG00000029433,85.29560000000001,14.704399999999993
ENSG00000171497,ENSMUSG00000027804,94.3243,5.675700000000006
ENSG00000215912,ENSMUSG00000046637,72.08615,27.913849999999996
ENSG00000129250,ENSMUSG00000020821,94.05375000000001,5.946249999999992
ENSG00000197208,ENSMUSG00000020334,84.96405,15.03595
ENSG00000105516,ENSMUSG00000059824,92.6154,7.384600000000006
ENSG00000143493,ENSMUSG00000037461,95.12485,4.875150000000005
ENSG00000136297,ENSMUSG00000039533,95.74080000000001,4.259199999999993
ENSG00000122574,ENSMUSG00000086040,77.6398,22.360200000000006
ENSG00000136535,ENSMUSG00000035033,99.33975000000001,0.6602499999999907
ENSG00000196408,ENSMUSG00000019320,66.17285,33.82715
ENSG00000137976,ENSMUSG00000028185,66.3001,33.6999
ENSG00000105612,ENSMUSG00000003812,70.4135,29.5865
ENSG00000162897,ENSMUSG00000026415,48.637100000000004,51.362899999999996
ENSG00000141968,ENSMUSG00000034116,93.1361,6.863900000000001
ENSG00000177398,ENSMUSG00000054134,61.8233,38.1767
ENSG00000149150,ENSMUSG00000027075,83.1717,16.8283
ENSG00000167703,ENSMUSG00000038178,91.46885,8.531149999999997
ENSG00000254550,ENSMUSG00000074006,89.5705,10.429500000000004
ENSG00000186150,ENSMUSG00000055891,65.29105,34.70895
ENSG00000099953,ENSMUSG00000000901,82.04220000000001,17.95779999999999
ENSG00000125651,ENSMUSG00000002658,92.2998,7.700199999999995
ENSG00000154342,ENSMUSG00000009900,95.4545,4.545500000000004
ENSG00000266173,ENSMUSG00000069631,95.1276,4.872399999999999
ENSG00000172818,ENSMUSG00000024922,95.5056,4.494399999999999
ENSG00000088682,ENSMUSG00000031782,90.97245,9.027550000000005
ENSG00000083896,ENSMUSG00000035851,96.38095,3.6190500000000014
ENSG00000165125,ENSMUSG00000029868,88.773,11.227000000000004
ENSG00000160188,ENSMUSG00000024033,78.04625,21.95375
ENSG00000119977,ENSMUSG00000025008,72.553,27.447000000000003
ENSG00000204852,ENSMUSG00000038593,70.21105,29.78895
ENSG00000168778,ENSMUSG00000118662,67.86,32.14
ENSG00000186675,ENSMUSG00000031224,83.5564,16.443600000000004
ENSG00000205838,ENSMUSG00000022249,60.9279,39.0721
ENSG00000103852,ENSMUSG00000030555,74.1322,25.867800000000003
ENSG00000188452,ENSMUSG00000075256,73.41855,26.581450000000004
ENSG00000166192,ENSMUSG00000051705,88.10675,11.893249999999995
ENSG00000176542,ENSMUSG00000068284,83.2536,16.746399999999994
ENSG00000198373,ENSMUSG00000031930,95.977,4.022999999999996
ENSG00000157193,ENSMUSG00000028613,88.5397,11.460300000000004
ENSG00000132334,ENSMUSG00000041836,89.88475,10.115250000000003
ENSG00000152518,ENSMUSG00000045817,88.96635,11.033649999999994
ENSG00000035681,ENSMUSG00000028245,91.88919999999999,8.110800000000012
ENSG00000087085,ENSMUSG00000023328,88.4365,11.563500000000005
ENSG00000043591,ENSMUSG00000035283,91.42285,8.577150000000003
ENSG00000154359,ENSMUSG00000039633,84.10804999999999,15.891950000000008
ENSG00000170500,ENSMUSG00000048814,77.0557,22.9443
ENSG00000175556,ENSMUSG00000016239,80.29225,19.707750000000004
ENSG00000161328,ENSMUSG00000038637,67.4645,32.5355
ENSG00000162929,ENSMUSG00000042208,88.5794,11.420599999999993
ENSG00000124587,ENSMUSG00000002763,88.01635,11.983649999999997
ENSG00000197111,ENSMUSG00000056851,86.47465,13.525350000000003
ENSG00000164398,ENSMUSG00000020333,91.6898,8.310199999999995
ENSG00000169446,ENSMUSG00000061273,95.4198,4.580200000000005
ENSG00000051620,ENSMUSG00000019853,83.9024,16.0976
ENSG00000183475,ENSMUSG00000030509,99.3711,0.6289000000000016
ENSG00000132436,ENSMUSG00000035455,76.7904,23.209599999999995
ENSG00000086544,ENSMUSG00000003752,75.2398,24.760199999999998
ENSG00000121350,ENSMUSG00000041671,85.1707,14.829300000000003
ENSG00000196876,ENSMUSG00000023033,98.5852,1.4147999999999996
ENSG00000172795,ENSMUSG00000024472,92.6371,7.362899999999996
ENSG00000159409,ENSMUSG00000028137,99.5699,0.43009999999999593
ENSG00000167103,ENSMUSG00000046854,72.7504,27.2496
ENSG00000103569,ENSMUSG00000032204,75.5932,24.406800000000004
ENSG00000139826,ENSMUSG00000040396,95.8457,4.154300000000006
ENSG00000173230,ENSMUSG00000034243,75.48564999999999,24.514350000000007
ENSG00000166278,ENSMUSG00000024371,75.53125,24.46875
ENSG00000169507,ENSMUSG00000061171,80.66354999999999,19.336450000000013
ENSG00000071054,ENSMUSG00000026074,92.88910000000001,7.110899999999987
ENSG00000242259,ENSMUSG00000071632,69.5238,30.476200000000006
ENSG00000181333,ENSMUSG00000031936,87.3167,12.683300000000003
ENSG00000116212,ENSMUSG00000028617,87.87405000000001,12.125949999999989
ENSG00000171819,ENSMUSG00000028989,86.9844,13.015600000000006
ENSG00000165633,ENSMUSG00000050666,87.63714999999999,12.362850000000009
ENSG00000089693,ENSMUSG00000030120,96.9701,3.029899999999998
ENSG00000178053,ENSMUSG00000048416,77.88409999999999,22.11590000000001
ENSG00000134853,ENSMUSG00000029231,91.8274,8.172600000000003
ENSG00000178538,ENSMUSG00000041261,98.79545,1.2045499999999976
ENSG00000164024,ENSMUSG00000005813,98.1865,1.8135000000000048
ENSG00000112297,ENSMUSG00000019866,73.65979999999999,26.34020000000001
ENSG00000124251,ENSMUSG00000017720,52.4022,47.5978
ENSG00000118058,ENSMUSG00000002028,91.1565,8.843500000000006
ENSG00000118804,ENSMUSG00000047963,64.9962,35.0038
ENSG00000140995,ENSMUSG00000001482,93.4382,6.561800000000005
ENSG00000185189,ENSMUSG00000075590,95.2004,4.799599999999998
ENSG00000116586,ENSMUSG00000028062,99.2,0.7999999999999972
ENSG00000147509,ENSMUSG00000002459,63.9311,36.0689
ENSG00000162241,ENSMUSG00000024818,85.0694,14.930599999999998
ENSG00000149636,ENSMUSG00000027635,69.61125,30.38875
ENSG00000157404,ENSMUSG00000005672,82.66005,17.33995
ENSG00000120594,ENSMUSG00000026748,91.78479999999999,8.21520000000001
ENSG00000161381,ENSMUSG00000017417,81.4,18.599999999999994
ENSG00000256061,ENSMUSG00000092192,79.0476,20.952399999999997
ENSG00000115507,ENSMUSG00000005917,97.32034999999999,2.6796500000000094
ENSG00000178209,ENSMUSG00000022565,91.83875,8.161249999999995
ENSG00000237136,ENSMUSG00000031682,51.71835,48.28165
ENSG00000168016,ENSMUSG00000062296,80.56505,19.43495
ENSG00000176973,ENSMUSG00000024939,96.2963,3.7036999999999978
ENSG00000182118,ENSMUSG00000043068,82.50309999999999,17.49690000000001
ENSG00000177189,ENSMUSG00000031309,99.8649,0.13509999999999422
ENSG00000180914,ENSMUSG00000049112,92.1494,7.8506
ENSG00000166148,ENSMUSG00000020123,82.2859,17.714100000000002
ENSG00000198049,ENSMUSG00000026432,80.9478,19.0522
ENSG00000126895,ENSMUSG00000031390,87.6011,12.398899999999998
ENSG00000186409,ENSMUSG00000028637,53.65475,46.34525
ENSG00000165629,ENSMUSG00000025781,91.2752,8.724800000000002
ENSG00000115310,ENSMUSG00000020458,76.39305,23.606949999999998
ENSG00000172172,ENSMUSG00000022370,89.3258,10.674199999999999
ENSG00000176915,ENSMUSG00000029501,68.78255,31.21745
ENSG00000088888,ENSMUSG00000037523,51.071,48.929
ENSG00000100146,ENSMUSG00000033006,98.4979,1.5020999999999987
ENSG00000032389,ENSMUSG00000036613,93.1438,6.856200000000001
ENSG00000153391,ENSMUSG00000047989,90.86225,9.137749999999997
ENSG00000275722,ENSMUSG00000020945,70.9459,29.054100000000005
ENSG00000188827,ENSMUSG00000039738,55.95505,44.04495
ENSG00000124813,ENSMUSG00000039153,87.233,12.766999999999996
ENSG00000163138,ENSMUSG00000029089,88.7097,11.290300000000002
ENSG00000106459,ENSMUSG00000058440,87.83165,12.168350000000004
ENSG00000105559,ENSMUSG00000040428,80.2311,19.768900000000002
ENSG00000262179,ENSMUSG00000079471,69.84125,30.158749999999998
ENSG00000070444,ENSMUSG00000000282,93.44115,6.558850000000007
ENSG00000016082,ENSMUSG00000042258,100.0,0.0
ENSG00000159556,ENSMUSG00000032318,98.6072,1.392799999999994
ENSG00000171224,ENSMUSG00000020083,92.11775,7.882249999999999
ENSG00000174749,ENSMUSG00000050549,74.5258,25.474199999999996
ENSG00000187550,ENSMUSG00000030433,80.03110000000001,19.96889999999999
ENSG00000206072,ENSMUSG00000026327,66.9248,33.075199999999995
ENSG00000100003,ENSMUSG00000003585,93.3002,6.699799999999996
ENSG00000197077,ENSMUSG00000051339,55.1983,44.8017
ENSG00000149115,ENSMUSG00000033955,70.68765,29.312349999999995
ENSG00000163666,ENSMUSG00000040726,80.5405,19.459500000000006
ENSG00000113300,ENSMUSG00000020362,96.2298,3.7702000000000027
ENSG00000178177,ENSMUSG00000015882,71.2541,28.745900000000006
ENSG00000196233,ENSMUSG00000025019,63.503600000000006,36.496399999999994
ENSG00000115520,ENSMUSG00000025981,84.17250000000001,15.827499999999986
ENSG00000157181,ENSMUSG00000006010,86.13175,13.868250000000003
ENSG00000137561,ENSMUSG00000073988,89.2086,10.791399999999996
ENSG00000130348,ENSMUSG00000019863,88.3198,11.6802
ENSG00000143355,ENSMUSG00000019230,98.4887,1.5113000000000056
ENSG00000170515,ENSMUSG00000025364,98.9848,1.015199999999993
ENSG00000187033,ENSMUSG00000051860,65.7689,34.2311
ENSG00000105851,ENSMUSG00000020573,94.1016,5.898399999999995
ENSG00000170178,ENSMUSG00000001823,86.24655,13.75345
ENSG00000119333,ENSMUSG00000039715,82.7587,17.241299999999995
ENSG00000116299,ENSMUSG00000040412,90.3258,9.674199999999999
ENSG00000146399,ENSMUSG00000056379,75.11994999999999,24.88005000000001
ENSG00000167874,ENSMUSG00000045377,88.6792,11.320800000000006
ENSG00000162434,ENSMUSG00000028530,94.8418,5.158199999999994
ENSG00000186790,ENSMUSG00000044518,78.95384999999999,21.04615000000001
ENSG00000140323,ENSMUSG00000040035,74.83085,25.169150000000002
ENSG00000196150,ENSMUSG00000054967,84.4321,15.567899999999995
ENSG00000120992,ENSMUSG00000025903,91.7391,8.260900000000007
ENSG00000148690,ENSMUSG00000054237,86.6667,13.333299999999994
ENSG00000141084,ENSMUSG00000037415,97.7419,2.258099999999999
ENSG00000180304,ENSMUSG00000040652,99.4709,0.5290999999999997
ENSG00000087128,ENSMUSG00000054537,75.6501,24.349900000000005
ENSG00000101182,ENSMUSG00000027566,98.7903,1.209699999999998
ENSG00000171033,ENSMUSG00000027499,97.3684,2.631600000000006
ENSG00000161180,ENSMUSG00000022768,57.919650000000004,42.080349999999996
ENSG00000111670,ENSMUSG00000035311,86.95920000000001,13.04079999999999
ENSG00000184164,ENSMUSG00000023272,75.10804999999999,24.89195000000001
ENSG00000158023,ENSMUSG00000029442,67.82,32.18000000000001
ENSG00000153879,ENSMUSG00000056216,91.3333,8.666700000000006
ENSG00000213047,ENSMUSG00000056268,84.3637,15.636300000000006
ENSG00000171634,ENSMUSG00000040481,81.25985,18.74015
ENSG00000123411,ENSMUSG00000002578,87.8878,12.112200000000001
ENSG00000214413,ENSMUSG00000084957,72.22585,27.774150000000006
ENSG00000256053,ENSMUSG00000037787,75.32515,24.674850000000006
ENSG00000177731,ENSMUSG00000002812,95.1969,4.803100000000001
ENSG00000180616,ENSMUSG00000047904,93.7669,6.233099999999993
ENSG00000149657,ENSMUSG00000039108,94.5455,5.454499999999996
ENSG00000048540,ENSMUSG00000030226,96.47435,3.525649999999999
ENSG00000166407,ENSMUSG00000036111,98.7179,1.2820999999999998
ENSG00000135426,ENSMUSG00000034833,67.08065,32.919349999999994
ENSG00000130382,ENSMUSG00000024212,86.62865,13.371350000000007
ENSG00000131236,ENSMUSG00000028656,94.20455,5.795450000000002
ENSG00000112186,ENSMUSG00000021373,88.98225,11.017750000000007
ENSG00000158516,ENSMUSG00000071553,86.1249,13.875100000000003
ENSG00000151612,ENSMUSG00000071064,84.0678,15.932199999999995
ENSG00000283706,ENSMUSG00000048752,58.2599,41.7401
ENSG00000188846,ENSMUSG00000025794,85.187,14.813000000000002
ENSG00000198910,ENSMUSG00000031391,88.47385,11.526150000000001
ENSG00000128655,ENSMUSG00000075270,94.5338,5.466200000000001
ENSG00000136152,ENSMUSG00000034893,95.7729,4.227099999999993
ENSG00000183648,ENSMUSG00000113902,74.78825,25.211749999999995
ENSG00000203737,ENSMUSG00000118401,95.5679,4.4321000000000055
ENSG00000117602,ENSMUSG00000059713,90.0016,9.998400000000004
ENSG00000162882,ENSMUSG00000000673,85.3147,14.685299999999998
ENSG00000152463,ENSMUSG00000026645,59.2453,40.7547
ENSG00000180806,ENSMUSG00000036139,99.6154,0.38460000000000605
ENSG00000152591,ENSMUSG00000053268,50.055400000000006,49.944599999999994
ENSG00000138035,ENSMUSG00000020464,91.1877,8.812299999999993
ENSG00000134255,ENSMUSG00000040774,98.5577,1.442300000000003
ENSG00000111666,ENSMUSG00000060002,89.4089,10.591099999999997
ENSG00000138018,ENSMUSG00000075703,91.06935,8.93065
ENSG00000100580,ENSMUSG00000034111,86.02170000000001,13.97829999999999
ENSG00000182827,ENSMUSG00000026499,89.07955,10.920450000000002
ENSG00000166575,ENSMUSG00000039428,91.9214,8.078599999999994
ENSG00000079246,ENSMUSG00000026187,78.4153,21.584699999999998
ENSG00000196419,ENSMUSG00000022471,83.15535,16.84465
ENSG00000107854,ENSMUSG00000024811,96.67865,3.3213499999999954
ENSG00000146276,ENSMUSG00000028280,93.63935000000001,6.360649999999993
ENSG00000173588,ENSMUSG00000020024,83.56415,16.435850000000002
ENSG00000169683,ENSMUSG00000025145,83.8806,16.1194
ENSG00000205002,ENSMUSG00000068522,54.112399999999994,45.887600000000006
ENSG00000143319,ENSMUSG00000048039,74.09585,25.90415
ENSG00000108100,ENSMUSG00000024286,98.2405,1.7595000000000027
ENSG00000163249,ENSMUSG00000070871,91.7467,8.253299999999996
ENSG00000181722,ENSMUSG00000022708,97.7058,2.2942000000000036
ENSG00000091164,ENSMUSG00000024583,98.6159,1.3841000000000037
ENSG00000115827,ENSMUSG00000041966,90.4717,9.528300000000002
ENSG00000228486,ENSMUSG00000102416,37.218599999999995,62.781400000000005
ENSG00000242689,ENSMUSG00000079415,81.91159999999999,18.088400000000007
ENSG00000136895,ENSMUSG00000038860,90.5059,9.494100000000003
ENSG00000134444,ENSMUSG00000026319,94.1612,5.838800000000006
ENSG00000108576,ENSMUSG00000020838,92.5397,7.460300000000004
ENSG00000174928,ENSMUSG00000048581,73.4694,26.530600000000007
ENSG00000198015,ENSMUSG00000062981,76.0563,23.943700000000007
ENSG00000162604,ENSMUSG00000028563,84.81979999999999,15.180200000000013
ENSG00000101745,ENSMUSG00000034647,81.74719999999999,18.252800000000008
ENSG00000170324,ENSMUSG00000108841,68.48375,31.51625
ENSG00000104980,ENSMUSG00000002949,89.6018,10.398200000000003
ENSG00000151240,ENSMUSG00000048264,99.2931,0.7069000000000045
ENSG00000066084,ENSMUSG00000023026,97.9683,2.0317000000000007
ENSG00000160305,ENSMUSG00000020231,93.3937,6.6063000000000045
ENSG00000170893,ENSMUSG00000005892,55.867450000000005,44.132549999999995
ENSG00000274070,ENSMUSG00000015944,97.2644,2.735600000000005
ENSG00000239282,ENSMUSG00000020424,91.81905,8.180949999999996
ENSG00000171051,ENSMUSG00000045551,74.53845,25.461550000000003
ENSG00000214943,ENSMUSG00000035148,71.43430000000001,28.565699999999993
ENSG00000134830,ENSMUSG00000074361,59.910849999999996,40.089150000000004
ENSG00000197405,ENSMUSG00000049130,65.6207,34.3793
ENSG00000171860,ENSMUSG00000040552,65.06954999999999,34.93045000000001
ENSG00000003756,ENSMUSG00000032580,98.0368,1.9632000000000005
ENSG00000133835,ENSMUSG00000024507,86.3359,13.664100000000005
ENSG00000266412,ENSMUSG00000056234,79.90944999999999,20.090550000000007
ENSG00000103042,ENSMUSG00000036534,94.91900000000001,5.080999999999989
ENSG00000182325,ENSMUSG00000022559,79.70315,20.296850000000006
ENSG00000189120,ENSMUSG00000038560,96.2766,3.723399999999998
ENSG00000186453,ENSMUSG00000079177,40.174350000000004,59.825649999999996
ENSG00000219626,ENSMUSG00000050545,66.94069999999999,33.05930000000001
ENSG00000160703,ENSMUSG00000032109,90.1538,9.846199999999996
ENSG00000131061,ENSMUSG00000059842,90.11959999999999,9.880400000000009
ENSG00000065882,ENSMUSG00000029174,90.1874,9.812600000000003
ENSG00000174963,ENSMUSG00000036972,87.4251,12.5749
ENSG00000139800,ENSMUSG00000041703,87.72415000000001,12.275849999999991
ENSG00000081386,ENSMUSG00000055102,32.9827,67.0173
ENSG00000187773,ENSMUSG00000047992,80.5885,19.411500000000004
ENSG00000154511,ENSMUSG00000029270,96.9626,3.037400000000005
ENSG00000165716,ENSMUSG00000036186,88.8631,11.136899999999997
ENSG00000122679,ENSMUSG00000041046,84.06875,15.931250000000006
ENSG00000136826,ENSMUSG00000003032,91.06184999999999,8.938150000000007
ENSG00000146670,ENSMUSG00000024791,68.6418,31.358199999999997
ENSG00000108557,ENSMUSG00000062115,82.74215,17.257850000000005
ENSG00000101981,ENSMUSG00000031138,81.12525,18.874750000000006
ENSG00000230778,ENSMUSG00000078137,91.1842,8.815799999999996
ENSG00000116641,ENSMUSG00000028556,97.9865,2.0134999999999934
ENSG00000166295,ENSMUSG00000020107,100.0,0.0
ENSG00000136536,ENSMUSG00000026977,85.33099999999999,14.669000000000011
ENSG00000173838,ENSMUSG00000078627,62.79185,37.20815
ENSG00000157870,ENSMUSG00000029059,87.72425,12.275750000000002
ENSG00000009413,ENSMUSG00000019841,86.8204,13.179599999999994
ENSG00000178591,ENSMUSG00000074680,29.466499999999996,70.5335
ENSG00000187730,ENSMUSG00000029054,92.34285,7.6571500000000015
ENSG00000197448,ENSMUSG00000029864,71.2389,28.7611
ENSG00000143228,ENSMUSG00000026683,73.1392,26.860799999999998
ENSG00000112655,ENSMUSG00000023972,92.12135,7.878649999999993
ENSG00000103187,ENSMUSG00000031827,95.0704,4.9295999999999935
ENSG00000100417,ENSMUSG00000022474,95.0382,4.961799999999997
ENSG00000140650,ENSMUSG00000022711,90.57985,9.420150000000007
ENSG00000166847,ENSMUSG00000030868,99.4505,0.5494999999999948
ENSG00000176273,ENSMUSG00000044026,78.85535,21.14465
ENSG00000168917,ENSMUSG00000070287,92.233,7.766999999999996
ENSG00000138674,ENSMUSG00000035325,90.77699999999999,9.223000000000013
ENSG00000075826,ENSMUSG00000051984,78.48304999999999,21.51695000000001
ENSG00000102858,ENSMUSG00000022517,86.95295,13.047049999999999
ENSG00000141576,ENSMUSG00000052949,92.64725,7.35275
ENSG00000158955,ENSMUSG00000018486,90.5035,9.496499999999997
ENSG00000115042,ENSMUSG00000027371,86.12465,13.875349999999997
ENSG00000145014,ENSMUSG00000022537,77.81909999999999,22.18090000000001
ENSG00000149131,ENSMUSG00000023224,68.9254,31.074600000000004
ENSG00000107872,ENSMUSG00000025226,96.3333,3.666700000000006
ENSG00000040531,ENSMUSG00000005949,84.1962,15.803799999999995
ENSG00000167139,ENSMUSG00000036244,87.2024,12.797600000000003
ENSG00000179299,ENSMUSG00000029206,66.9065,33.093500000000006
ENSG00000104866,ENSMUSG00000051403,86.54825,13.451750000000004
ENSG00000140263,ENSMUSG00000027227,82.9132,17.086799999999997
ENSG00000161800,ENSMUSG00000023015,84.60400000000001,15.395999999999987
ENSG00000117640,ENSMUSG00000046671,95.35535,4.644649999999999
ENSG00000066855,ENSMUSG00000027601,76.55505,23.444950000000006
ENSG00000146410,ENSMUSG00000019992,61.99445,38.00555
ENSG00000119965,ENSMUSG00000040177,70.64125,29.35875
ENSG00000125812,ENSMUSG00000027439,82.28755000000001,17.71244999999999
ENSG00000121068,ENSMUSG00000000093,95.15115,4.848849999999999
ENSG00000125084,ENSMUSG00000022997,98.9189,1.0811000000000064
ENSG00000035862,ENSMUSG00000017466,98.1818,1.8182000000000045
ENSG00000136715,ENSMUSG00000024260,93.7559,6.244100000000003
ENSG00000169105,ENSMUSG00000074916,92.8191,7.180899999999994
ENSG00000243789,ENSMUSG00000098789,89.8734,10.126599999999996
ENSG00000162650,ENSMUSG00000048997,85.7924,14.2076
ENSG00000189139,ENSMUSG00000043060,32.95225,67.04775000000001
ENSG00000215906,ENSMUSG00000070683,81.0347,18.9653
ENSG00000158079,ENSMUSG00000038042,73.7624,26.2376
ENSG00000101230,ENSMUSG00000074766,93.19015,6.809849999999997
ENSG00000187479,ENSMUSG00000087006,71.7313,28.268699999999995
ENSG00000101966,ENSMUSG00000025860,89.42605,10.573949999999996
ENSG00000100888,ENSMUSG00000053754,96.22315,3.776849999999996
ENSG00000171316,ENSMUSG00000041235,95.06970000000001,4.930299999999988
ENSG00000105404,ENSMUSG00000003380,94.5946,5.4054
ENSG00000137869,ENSMUSG00000032274,79.3241,20.6759
ENSG00000032219,ENSMUSG00000048118,85.70315,14.296850000000006
ENSG00000205832,ENSMUSG00000022518,47.7692,52.2308
ENSG00000118113,ENSMUSG00000005800,73.60545,26.394549999999995
ENSG00000143870,ENSMUSG00000020571,94.6923,5.307699999999997
ENSG00000142188,ENSMUSG00000022964,98.1013,1.8987000000000052
ENSG00000144893,ENSMUSG00000056476,94.46549999999999,5.534500000000008
ENSG00000184634,ENSMUSG00000079487,97.00104999999999,2.9989500000000078
ENSG00000101115,ENSMUSG00000027547,74.90889999999999,25.09110000000001
ENSG00000168427,ENSMUSG00000026308,87.4898,12.510199999999998
ENSG00000100811,ENSMUSG00000021264,99.0338,0.9662000000000006
ENSG00000124380,ENSMUSG00000001158,98.0645,1.9355000000000047
ENSG00000165061,ENSMUSG00000037492,94.7598,5.2402000000000015
ENSG00000172058,ENSMUSG00000021643,93.5484,6.451599999999999
ENSG00000134326,ENSMUSG00000020638,74.33070000000001,25.669299999999993
ENSG00000168393,ENSMUSG00000026281,81.1321,18.867900000000006
ENSG00000138078,ENSMUSG00000024127,88.5486,11.451400000000007
ENSG00000085377,ENSMUSG00000019849,95.7747,4.225300000000004
ENSG00000105255,ENSMUSG00000011589,93.1452,6.854799999999997
ENSG00000144908,ENSMUSG00000030088,92.2395,7.760499999999993
ENSG00000109854,ENSMUSG00000039745,82.7355,17.264499999999998
ENSG00000173611,ENSMUSG00000035236,97.6898,2.3101999999999947
ENSG00000167186,ENSMUSG00000030652,65.5294,34.470600000000005
ENSG00000173083,ENSMUSG00000035273,76.2565,23.743499999999997
ENSG00000172987,ENSMUSG00000074852,97.4662,2.5337999999999994
ENSG00000101391,ENSMUSG00000027487,87.6596,12.340400000000002
ENSG00000124608,ENSMUSG00000023938,83.25755,16.742450000000005
ENSG00000159674,ENSMUSG00000037379,85.32544999999999,14.67455000000001
ENSG00000117222,ENSMUSG00000026439,99.0706,0.9294000000000011
ENSG00000134020,ENSMUSG00000022085,44.3951,55.6049
ENSG00000147434,ENSMUSG00000031491,85.0202,14.979799999999997
ENSG00000008324,ENSMUSG00000032526,87.013,12.986999999999995
ENSG00000172840,ENSMUSG00000048371,84.6378,15.362200000000001
ENSG00000175920,ENSMUSG00000044716,85.3175,14.682500000000005
ENSG00000286190,ENSMUSG00000018451,72.505,27.495000000000005
ENSG00000204366,ENSMUSG00000049823,97.3856,2.6144000000000034
ENSG00000168781,ENSMUSG00000033526,88.41014999999999,11.589850000000013
ENSG00000145725,ENSMUSG00000040648,95.4527,4.547300000000007
ENSG00000142178,ENSMUSG00000024042,81.4346,18.565399999999997
ENSG00000174516,ENSMUSG00000024901,94.1568,5.843199999999996
ENSG00000197329,ENSMUSG00000020134,99.7608,0.23919999999999675
ENSG00000139946,ENSMUSG00000021846,95.35175000000001,4.64824999999999
ENSG00000147274,ENSMUSG00000031134,98.7212,1.278800000000004
ENSG00000136854,ENSMUSG00000026797,97.0815,2.9184999999999945
ENSG00000113212,ENSMUSG00000047033,78.0256,21.974400000000003
ENSG00000148057,ENSMUSG00000050002,73.85925,26.140749999999997
ENSG00000101353,ENSMUSG00000074627,68.86734999999999,31.132650000000012
ENSG00000157214,ENSMUSG00000015653,96.6293,3.3706999999999994
ENSG00000115107,ENSMUSG00000026389,86.0129,13.987099999999998
ENSG00000127954,ENSMUSG00000012428,81.3892,18.610799999999998
ENSG00000115204,ENSMUSG00000107283,91.52835,8.471649999999997
ENSG00000187857,ENSMUSG00000044025,86.90185,13.098150000000004
ENSG00000179695,ENSMUSG00000047626,89.7436,10.2564
ENSG00000205327,ENSMUSG00000049573,83.6538,16.346199999999996
ENSG00000197706,ENSMUSG00000044897,88.42535000000001,11.574649999999991
ENSG00000205328,ENSMUSG00000049894,82.6923,17.307699999999997
ENSG00000115361,ENSMUSG00000026003,86.2791,13.7209
ENSG00000139718,ENSMUSG00000038384,89.70085,10.299149999999997
ENSG00000086102,ENSMUSG00000028423,88.45185000000001,11.548149999999993
ENSG00000159588,ENSMUSG00000034035,61.8106,38.1894
ENSG00000164746,ENSMUSG00000040978,74.40620000000001,25.593799999999987
ENSG00000147364,ENSMUSG00000038365,87.42175,12.578249999999997
ENSG00000156804,ENSMUSG00000022358,96.6197,3.3803000000000054
ENSG00000007047,ENSMUSG00000030397,97.6064,2.3936000000000064
ENSG00000165934,ENSMUSG00000041781,97.954,2.0460000000000065
ENSG00000148735,ENSMUSG00000035818,64.1215,35.8785
ENSG00000005700,ENSMUSG00000035941,85.91495,14.085049999999995
ENSG00000104218,ENSMUSG00000056763,78.2613,21.738699999999994
ENSG00000179055,ENSMUSG00000070983,85.6688,14.331199999999995
ENSG00000186943,ENSMUSG00000051593,78.87344999999999,21.12655000000001
ENSG00000243641,ENSMUSG00000111611,48.037800000000004,51.962199999999996
ENSG00000204246,ENSMUSG00000049648,85.489,14.510999999999996
ENSG00000168828,ENSMUSG00000046450,82.0513,17.948700000000002
ENSG00000171133,ENSMUSG00000043385,86.8064,13.193600000000004
ENSG00000151962,ENSMUSG00000033882,96.4353,3.564700000000002
ENSG00000275111,ENSMUSG00000034800,79.34315,20.656850000000006
ENSG00000141026,ENSMUSG00000061650,76.40365,23.59635
ENSG00000105085,ENSMUSG00000045248,85.53065000000001,14.469349999999991
ENSG00000162631,ENSMUSG00000059857,96.2894,3.7105999999999995
ENSG00000196358,ENSMUSG00000035513,89.2562,10.743799999999993
ENSG00000166819,ENSMUSG00000030546,82.00385,17.99615
ENSG00000105355,ENSMUSG00000024197,75.3166,24.683400000000006
ENSG00000214456,ENSMUSG00000011305,71.0583,28.941699999999997
ENSG00000167676,ENSMUSG00000002831,54.56635,45.43365
ENSG00000147872,ENSMUSG00000028494,80.99015,19.00985
ENSG00000205423,ENSMUSG00000036810,100.0,0.0
ENSG00000154654,ENSMUSG00000022762,93.6679,6.332099999999997
ENSG00000099622,ENSMUSG00000045193,74.36575,25.634249999999994
ENSG00000102317,ENSMUSG00000031167,95.8289,4.171099999999996
ENSG00000113196,ENSMUSG00000037335,92.34385,7.656149999999997
ENSG00000213699,ENSMUSG00000029175,86.945,13.055000000000007
ENSG00000065057,ENSMUSG00000041429,79.47370000000001,20.526299999999992
ENSG00000188761,ENSMUSG00000044165,70.31335,29.68665
ENSG00000069020,ENSMUSG00000034751,81.77834999999999,18.22165000000001
ENSG00000089060,ENSMUSG00000032754,82.80584999999999,17.194150000000008
ENSG00000197415,ENSMUSG00000027831,85.4742,14.525800000000004
ENSG00000106689,ENSMUSG00000000247,99.0148,0.9852000000000061
ENSG00000136059,ENSMUSG00000038775,71.95355,28.046449999999993
ENSG00000172458,ENSMUSG00000050222,84.03405,15.965950000000007
ENSG00000178804,ENSMUSG00000042279,44.80245,55.19755
ENSG00000130558,ENSMUSG00000026833,98.3505,1.6495000000000033
ENSG00000185262,ENSMUSG00000050628,90.2439,9.756100000000004
ENSG00000153443,ENSMUSG00000039568,92.352,7.647999999999996
ENSG00000129691,ENSMUSG00000031575,91.8229,8.177099999999996
ENSG00000131018,ENSMUSG00000096054,84.90565000000001,15.094349999999991
ENSG00000163114,ENSMUSG00000047674,74.45555,25.544449999999998
ENSG00000131828,ENSMUSG00000031299,98.2051,1.7948999999999984
ENSG00000248098,ENSMUSG00000060376,92.4805,7.519499999999994
ENSG00000173599,ENSMUSG00000024892,96.73315,3.266850000000005
ENSG00000151748,ENSMUSG00000021067,93.8896,6.1103999999999985
ENSG00000147138,ENSMUSG00000073008,88.02475000000001,11.975249999999988
ENSG00000169508,ENSMUSG00000051212,87.4679,12.5321
ENSG00000187037,ENSMUSG00000053101,80.9836,19.016400000000004
ENSG00000173250,ENSMUSG00000042816,77.05215,22.947850000000003
ENSG00000164849,ENSMUSG00000044197,74.1742,25.8258
ENSG00000211813,ENSMUSG00000076864,58.9286,41.0714
ENSG00000160439,ENSMUSG00000008435,83.91145,16.088549999999998
ENSG00000163002,ENSMUSG00000026999,92.78055,7.219449999999995
ENSG00000104880,ENSMUSG00000004568,73.98835,26.011650000000003
ENSG00000261609,ENSMUSG00000052557,98.325,1.6749999999999972
ENSG00000114638,ENSMUSG00000049436,90.7692,9.230800000000002
ENSG00000139364,ENSMUSG00000070498,85.97915,14.020849999999996
ENSG00000157110,ENSMUSG00000031586,98.7284,1.2716000000000065
ENSG00000085491,ENSMUSG00000040322,93.4878,6.512200000000007
ENSG00000126545,ENSMUSG00000070702,30.53105,69.46895
ENSG00000116254,ENSMUSG00000005045,94.62365,5.376350000000002
ENSG00000001497,ENSMUSG00000057421,69.06005,30.939949999999996
ENSG00000197471,ENSMUSG00000051457,50.8196,49.1804
ENSG00000013583,ENSMUSG00000042770,86.54415,13.455849999999998
ENSG00000186184,ENSMUSG00000029642,90.2256,9.7744
ENSG00000160613,ENSMUSG00000035382,86.6962,13.303799999999995
ENSG00000114302,ENSMUSG00000032601,86.10475,13.895250000000004
ENSG00000158850,ENSMUSG00000052423,96.4473,3.5527000000000015
ENSG00000112936,ENSMUSG00000079105,73.81524999999999,26.184750000000008
ENSG00000164344,ENSMUSG00000109764,76.1756,23.824399999999997
ENSG00000136161,ENSMUSG00000022106,95.2813,4.718699999999998
ENSG00000090989,ENSMUSG00000036435,96.826,3.1740000000000066
ENSG00000039068,ENSMUSG00000000303,81.0873,18.9127
ENSG00000197959,ENSMUSG00000040265,97.6825,2.3174999999999955
ENSG00000177000,ENSMUSG00000029009,87.56375,12.436250000000001
ENSG00000042832,ENSMUSG00000053469,74.01515,25.984849999999994
ENSG00000149418,ENSMUSG00000031995,81.8713,18.128699999999995
ENSG00000065615,ENSMUSG00000032872,80.46115,19.538849999999996
ENSG00000171747,ENSMUSG00000053964,76.42689999999999,23.57310000000001
ENSG00000170502,ENSMUSG00000029310,89.4286,10.571399999999997
ENSG00000111011,ENSMUSG00000029422,96.3134,3.6865999999999985
ENSG00000111262,ENSMUSG00000047976,98.3838,1.6162000000000063
ENSG00000106038,ENSMUSG00000005503,93.3283,6.671700000000001
ENSG00000006042,ENSMUSG00000035413,98.6726,1.3273999999999972
ENSG00000179476,ENSMUSG00000047227,96.4516,3.548400000000001
ENSG00000157551,ENSMUSG00000062609,96.2667,3.7333
ENSG00000177807,ENSMUSG00000044708,99.2084,0.7916000000000025
ENSG00000115474,ENSMUSG00000079436,93.0556,6.944400000000002
ENSG00000151704,ENSMUSG00000041248,92.7419,7.258099999999999
ENSG00000121361,ENSMUSG00000030247,98.3491,1.650899999999993
ENSG00000187486,ENSMUSG00000096146,95.8974,4.102599999999995
ENSG00000132780,ENSMUSG00000028693,81.6219,18.378100000000003
ENSG00000131400,ENSMUSG00000002204,70.7987,29.201300000000003
ENSG00000126003,ENSMUSG00000051413,98.5887,1.4112999999999971
ENSG00000115307,ENSMUSG00000068328,90.2439,9.756100000000004
ENSG00000154370,ENSMUSG00000020455,89.62575,10.374250000000004
ENSG00000232629,ENSMUSG00000073421,72.212,27.787999999999997
ENSG00000108064,ENSMUSG00000003923,61.760999999999996,38.239000000000004
ENSG00000111361,ENSMUSG00000029388,94.0984,5.901600000000002
ENSG00000153294,ENSMUSG00000023918,66.6191,33.3809
ENSG00000127838,ENSMUSG00000026179,91.68405,8.31595
ENSG00000154027,ENSMUSG00000039058,91.4591,8.540899999999993
ENSG00000142453,ENSMUSG00000032185,94.1527,5.847300000000004
ENSG00000100024,ENSMUSG00000033427,84.69605,15.30395
ENSG00000134812,ENSMUSG00000024682,81.7746,18.225399999999993
ENSG00000185339,ENSMUSG00000020432,73.2798,26.720200000000006
ENSG00000115524,ENSMUSG00000025982,100.0,0.0
ENSG00000001631,ENSMUSG00000000600,94.5652,5.434799999999996
ENSG00000126391,ENSMUSG00000024816,87.5273,12.472700000000003
ENSG00000143353,ENSMUSG00000039246,76.05175,23.94825
ENSG00000197635,ENSMUSG00000035000,84.79820000000001,15.201799999999992
ENSG00000137074,ENSMUSG00000028411,85.68125,14.318749999999994
ENSG00000164830,ENSMUSG00000022307,84.7627,15.237300000000005
ENSG00000114841,ENSMUSG00000019027,89.27805000000001,10.721949999999993
ENSG00000185467,ENSMUSG00000038770,59.6534,40.3466
ENSG00000186432,ENSMUSG00000027782,98.8484,1.151600000000002
ENSG00000102753,ENSMUSG00000021929,99.2322,0.767799999999994
ENSG00000150977,ENSMUSG00000029401,75.5792,24.4208
ENSG00000103811,ENSMUSG00000032359,83.2343,16.765699999999995
ENSG00000134595,ENSMUSG00000045179,92.63575,7.364249999999998
ENSG00000088247,ENSMUSG00000007670,98.3278,1.6722000000000037
ENSG00000198563,ENSMUSG00000019432,99.5327,0.4672999999999945
ENSG00000214530,ENSMUSG00000030688,87.4991,12.500900000000001
ENSG00000179958,ENSMUSG00000042462,75.8824,24.117599999999996
ENSG00000126883,ENSMUSG00000001855,77.46119999999999,22.53880000000001
ENSG00000158553,ENSMUSG00000016982,50.573,49.427
ENSG00000221900,ENSMUSG00000084135,33.13365,66.86635
ENSG00000124789,ENSMUSG00000021374,82.6029,17.397099999999995
ENSG00000113924,ENSMUSG00000022821,92.5843,7.415700000000001
ENSG00000284844,ENSMUSG00000078630,92.6357,7.3643
ENSG00000166821,ENSMUSG00000030545,77.8908,22.1092
ENSG00000131779,ENSMUSG00000028102,93.0502,6.949799999999996
ENSG00000173473,ENSMUSG00000032481,95.69945,4.300550000000001
ENSG00000155926,ENSMUSG00000022372,86.9011,13.0989
ENSG00000132664,ENSMUSG00000027427,98.7342,1.2657999999999987
ENSG00000075420,ENSMUSG00000039286,92.90765,7.092349999999996
ENSG00000134317,ENSMUSG00000020656,94.6602,5.339799999999997
ENSG00000110080,ENSMUSG00000032038,90.991,9.009
ENSG00000198515,ENSMUSG00000067220,90.0732,9.9268
ENSG00000106128,ENSMUSG00000004654,81.5603,18.439700000000002
ENSG00000119414,ENSMUSG00000026753,99.6721,0.32789999999999964
ENSG00000268223,ENSMUSG00000073568,88.1579,11.842100000000002
ENSG00000169155,ENSMUSG00000026788,92.9336,7.066400000000002
ENSG00000118680,ENSMUSG00000034868,100.0,0.0
ENSG00000101608,ENSMUSG00000024048,97.96000000000001,2.039999999999992
ENSG00000100359,ENSMUSG00000042303,93.92935,6.0706500000000005
ENSG00000149596,ENSMUSG00000017817,87.3563,12.643699999999995
ENSG00000182768,ENSMUSG00000047084,71.5762,28.4238
ENSG00000180383,ENSMUSG00000074678,63.3803,36.6197
ENSG00000291237,ENSMUSG00000006818,88.7387,11.261300000000006
ENSG00000158786,ENSMUSG00000028749,71.7344,28.265600000000006
ENSG00000181449,ENSMUSG00000074637,97.79974999999999,2.200250000000011
ENSG00000165792,ENSMUSG00000004561,79.1736,20.826400000000007
ENSG00000177733,ENSMUSG00000007836,92.7869,7.213099999999997
ENSG00000123728,ENSMUSG00000050029,100.0,0.0
ENSG00000081985,ENSMUSG00000018341,66.47784999999999,33.52215000000001
ENSG00000186648,ENSMUSG00000022211,94.79445,5.205550000000002
ENSG00000140950,ENSMUSG00000034105,65.42269999999999,34.57730000000001
ENSG00000073067,ENSMUSG00000029541,77.31505,22.68495
ENSG00000182698,ENSMUSG00000033061,43.936099999999996,56.063900000000004
ENSG00000283199,ENSMUSG00000031452,51.081,48.919
ENSG00000123407,ENSMUSG00000050328,95.73075,4.2692499999999995
ENSG00000203952,ENSMUSG00000073207,58.95115,41.04885
ENSG00000139648,ENSMUSG00000051879,91.3086,8.691400000000002
ENSG00000155729,ENSMUSG00000054770,79.7671,20.2329
ENSG00000142856,ENSMUSG00000028549,64.58975000000001,35.41024999999999
ENSG00000087303,ENSMUSG00000021806,80.06569999999999,19.934300000000007
ENSG00000227868,ENSMUSG00000036921,55.15155,44.84845
ENSG00000013374,ENSMUSG00000028954,86.73725,13.262749999999997
ENSG00000116095,ENSMUSG00000002733,91.7946,8.205399999999997
ENSG00000186231,ENSMUSG00000040387,98.0645,1.9355000000000047
ENSG00000159202,ENSMUSG00000014349,99.1557,0.844300000000004
ENSG00000114656,ENSMUSG00000089997,61.57355,38.42645
ENSG00000095066,ENSMUSG00000052566,81.67285,18.327150000000003
ENSG00000177947,ENSMUSG00000025482,93.7008,6.299199999999999
ENSG00000164776,ENSMUSG00000025537,93.16145,6.838549999999998
ENSG00000283268,ENSMUSG00000090840,46.2772,53.7228
ENSG00000140905,ENSMUSG00000034424,81.05575,18.944249999999997
ENSG00000112273,ENSMUSG00000045835,41.72285,58.27715
ENSG00000156299,ENSMUSG00000002489,95.4745,4.525499999999994
ENSG00000133818,ENSMUSG00000055723,100.0,0.0
ENSG00000089057,ENSMUSG00000027340,94.7614,5.238600000000005
ENSG00000170482,ENSMUSG00000024354,90.2774,9.7226
ENSG00000213901,ENSMUSG00000026205,78.1327,21.8673
ENSG00000092330,ENSMUSG00000007589,60.0813,39.9187
ENSG00000168421,ENSMUSG00000029204,96.8586,3.1414000000000044
ENSG00000154059,ENSMUSG00000024423,80.87854999999999,19.12145000000001
ENSG00000154274,ENSMUSG00000060512,57.4164,42.5836
ENSG00000162341,ENSMUSG00000048677,74.05395,25.94605
ENSG00000124212,ENSMUSG00000017969,85.91415,14.085849999999994
ENSG00000180432,ENSMUSG00000050445,74.92515,25.074849999999998
ENSG00000204356,ENSMUSG00000024369,91.594,8.406000000000006
ENSG00000177602,ENSMUSG00000050107,63.3241,36.6759
ENSG00000162885,ENSMUSG00000039242,88.04920000000001,11.950799999999987
ENSG00000174799,ENSMUSG00000036403,82.807,17.192999999999998
ENSG00000130005,ENSMUSG00000020150,87.7119,12.2881
ENSG00000177354,ENSMUSG00000071540,65.828,34.172
ENSG00000180198,ENSMUSG00000028896,93.8242,6.175799999999995
ENSG00000169884,ENSMUSG00000022996,96.9152,3.0848000000000013
ENSG00000151617,ENSMUSG00000031616,92.2717,7.728300000000004
ENSG00000136160,ENSMUSG00000022122,88.914,11.085999999999999
ENSG00000174417,ENSMUSG00000038760,93.80905,6.190950000000001
ENSG00000144834,ENSMUSG00000022658,99.4975,0.5024999999999977
ENSG00000145782,ENSMUSG00000032905,88.9691,11.030900000000003
ENSG00000165169,ENSMUSG00000031176,90.5172,9.482799999999997
ENSG00000134321,ENSMUSG00000020641,81.88125,18.118750000000006
ENSG00000095951,ENSMUSG00000021366,71.25635,28.743650000000002
ENSG00000070501,ENSMUSG00000031536,96.4179,3.582099999999997
ENSG00000153721,ENSMUSG00000015202,92.0721,7.927899999999994
ENSG00000074706,ENSMUSG00000064065,77.44290000000001,22.55709999999999
ENSG00000111203,ENSMUSG00000001518,89.8895,10.110500000000002
ENSG00000164961,ENSMUSG00000022350,95.7722,4.227800000000002
ENSG00000165115,ENSMUSG00000060176,78.85560000000001,21.14439999999999
ENSG00000104872,ENSMUSG00000003423,80.3448,19.655199999999994
ENSG00000152936,ENSMUSG00000054966,51.826,48.174
ENSG00000171786,ENSMUSG00000051251,92.4812,7.518799999999999
ENSG00000127511,ENSMUSG00000031622,91.0421,8.957899999999995
ENSG00000141977,ENSMUSG00000074240,94.1176,5.882400000000004
ENSG00000110315,ENSMUSG00000030788,99.1304,0.8696000000000055
ENSG00000124523,ENSMUSG00000054021,86.129,13.870999999999995
ENSG00000259823,ENSMUSG00000013643,39.48375,60.51625
ENSG00000145832,ENSMUSG00000021509,85.2568,14.743200000000002
ENSG00000154040,ENSMUSG00000024430,75.0005,24.999499999999998
ENSG00000079335,ENSMUSG00000033502,85.7191,14.280900000000003
ENSG00000184967,ENSMUSG00000033294,79.0698,20.9302
ENSG00000172216,ENSMUSG00000056501,76.89240000000001,23.10759999999999
ENSG00000122335,ENSMUSG00000015659,86.8502,13.149799999999999
ENSG00000084636,ENSMUSG00000040690,88.196,11.804000000000002
ENSG00000126821,ENSMUSG00000021054,80.83955,19.160449999999997
ENSG00000174628,ENSMUSG00000073856,72.099,27.900999999999996
ENSG00000196338,ENSMUSG00000031302,98.7599,1.2400999999999982
ENSG00000189051,ENSMUSG00000046490,85.42009999999999,14.57990000000001
ENSG00000213246,ENSMUSG00000020485,100.0,0.0
ENSG00000103249,ENSMUSG00000036636,96.14439999999999,3.8556000000000097
ENSG00000186501,ENSMUSG00000028857,94.2308,5.769199999999998
ENSG00000102287,ENSMUSG00000031340,53.53635,46.46365
ENSG00000154767,ENSMUSG00000030094,74.7615,25.238500000000002
ENSG00000196811,ENSMUSG00000026253,90.3478,9.652199999999993
ENSG00000242372,ENSMUSG00000027613,97.9592,2.0408000000000044
ENSG00000121989,ENSMUSG00000052155,99.6101,0.38989999999999725
ENSG00000156795,ENSMUSG00000022359,82.6164,17.3836
ENSG00000176009,ENSMUSG00000035951,66.50475,33.49525
ENSG00000197780,ENSMUSG00000048100,100.0,0.0
ENSG00000198908,ENSMUSG00000072964,73.30045,26.699550000000002
ENSG00000178752,ENSMUSG00000047443,72.652,27.348
ENSG00000179088,ENSMUSG00000047129,43.47735,56.52265
ENSG00000142534,ENSMUSG00000003429,100.0,0.0
ENSG00000206474,ENSMUSG00000049561,85.8974,14.102599999999995
ENSG00000170782,ENSMUSG00000073897,88.254,11.745999999999995
ENSG00000151651,ENSMUSG00000025473,63.0304,36.9696
ENSG00000156127,ENSMUSG00000034266,96.0,4.0
ENSG00000108443,ENSMUSG00000020516,99.4286,0.571399999999997
ENSG00000198865,ENSMUSG00000091119,76.7717,23.228300000000004
ENSG00000204394,ENSMUSG00000007029,93.47049999999999,6.529500000000013
ENSG00000132600,ENSMUSG00000060098,85.1156,14.8844
ENSG00000150867,ENSMUSG00000026737,98.1506,1.8494000000000028
ENSG00000080644,ENSMUSG00000032303,90.3866,9.613399999999999
ENSG00000129625,ENSMUSG00000005873,93.6508,6.349199999999996
ENSG00000137563,ENSMUSG00000073987,69.9214,30.078599999999994
ENSG00000103510,ENSMUSG00000030801,98.2533,1.7467000000000041
ENSG00000171714,ENSMUSG00000055489,80.68445,19.31555
ENSG00000182621,ENSMUSG00000051177,97.3684,2.631600000000006
ENSG00000162729,ENSMUSG00000038034,88.0721,11.927899999999994
ENSG00000157014,ENSMUSG00000056952,73.59004999999999,26.40995000000001
ENSG00000166333,ENSMUSG00000030890,99.5575,0.44249999999999545
ENSG00000130300,ENSMUSG00000034845,62.04675,37.95325
ENSG00000100201,ENSMUSG00000055065,93.26605,6.733949999999993
ENSG00000171155,ENSMUSG00000048970,93.37635,6.623649999999998
ENSG00000108839,ENSMUSG00000000320,85.5204,14.479600000000005
ENSG00000198791,ENSMUSG00000031601,99.6491,0.35089999999999577
ENSG00000155508,ENSMUSG00000020515,99.3151,0.684899999999999
ENSG00000178974,ENSMUSG00000037536,69.4979,30.5021
ENSG00000177051,ENSMUSG00000050428,91.3764,8.623599999999996
ENSG00000018869,ENSMUSG00000109398,72.56395,27.436049999999994
ENSG00000185985,ENSMUSG00000036790,97.45715,2.5428500000000014
ENSG00000161055,ENSMUSG00000064057,57.6923,42.3077
ENSG00000164265,ENSMUSG00000038791,61.019600000000004,38.980399999999996
ENSG00000048028,ENSMUSG00000032267,86.62389999999999,13.376100000000008
ENSG00000133069,ENSMUSG00000042066,94.4174,5.582599999999999
ENSG00000180096,ENSMUSG00000000486,95.12819999999999,4.8718000000000075
ENSG00000164023,ENSMUSG00000050931,91.5069,8.493099999999998
ENSG00000091651,ENSMUSG00000031697,75.90424999999999,24.09575000000001
ENSG00000007952,ENSMUSG00000031257,84.1172,15.882800000000003
ENSG00000069329,ENSMUSG00000031696,99.3719,0.6281000000000034
ENSG00000171150,ENSMUSG00000037104,94.403,5.596999999999994
ENSG00000074054,ENSMUSG00000064302,96.75389999999999,3.2461000000000126
ENSG00000185070,ENSMUSG00000047414,97.2727,2.7272999999999996
ENSG00000214376,ENSMUSG00000031937,77.19345,22.80655
ENSG00000188175,ENSMUSG00000044156,85.40549999999999,14.59450000000001
ENSG00000165478,ENSMUSG00000046240,94.48495,5.515050000000002
ENSG00000123427,ENSMUSG00000080115,83.85714999999999,16.14285000000001
ENSG00000181092,ENSMUSG00000022878,82.69145,17.308549999999997
ENSG00000141756,ENSMUSG00000001555,88.90805,11.091949999999997
ENSG00000166716,ENSMUSG00000005621,87.94024999999999,12.059750000000008
ENSG00000184454,ENSMUSG00000043924,79.2157,20.7843
ENSG00000099246,ENSMUSG00000073639,97.62774999999999,2.372250000000008
ENSG00000136010,ENSMUSG00000020256,92.3077,7.692300000000003
ENSG00000002745,ENSMUSG00000029671,90.53515,9.464849999999998
ENSG00000180116,ENSMUSG00000078932,53.3742,46.6258
ENSG00000204161,ENSMUSG00000041707,61.232150000000004,38.767849999999996
ENSG00000124541,ENSMUSG00000023971,78.79769999999999,21.202300000000008
ENSG00000187522,ENSMUSG00000109865,90.9627,9.037300000000002
ENSG00000140675,ENSMUSG00000030781,90.76025,9.23975
ENSG00000187566,ENSMUSG00000044231,80.90915000000001,19.09084999999999
ENSG00000128739,ENSMUSG00000102252,100.0,0.0
ENSG00000121691,ENSMUSG00000027187,89.3738,10.626199999999997
ENSG00000107833,ENSMUSG00000056209,82.1589,17.841099999999997
ENSG00000067596,ENSMUSG00000034931,97.73655,2.263450000000006
ENSG00000165171,ENSMUSG00000040557,64.60985,35.390150000000006
ENSG00000110047,ENSMUSG00000024772,99.4382,0.5618000000000052
ENSG00000164674,ENSMUSG00000041831,79.7047,20.295299999999997
ENSG00000095574,ENSMUSG00000040167,96.8974,3.1025999999999954
ENSG00000100522,ENSMUSG00000037722,98.3696,1.6303999999999945
ENSG00000145975,ENSMUSG00000021414,53.75175,46.24825
ENSG00000196227,ENSMUSG00000070476,63.1186,36.8814
ENSG00000146223,ENSMUSG00000063888,82.26205,17.737949999999998
ENSG00000276234,ENSMUSG00000018651,97.2912,2.7087999999999965
ENSG00000168875,ENSMUSG00000053747,99.5833,0.41670000000000584
ENSG00000134640,ENSMUSG00000050901,78.78845,21.211550000000003
ENSG00000178789,ENSMUSG00000063193,50.71115,49.28885
ENSG00000139146,ENSMUSG00000039985,97.7376,2.2623999999999995
ENSG00000205884,ENSMUSG00000054763,51.0,49.0
ENSG00000228727,ENSMUSG00000036185,64.82995,35.17005
ENSG00000076604,ENSMUSG00000017386,96.8085,3.191500000000005
ENSG00000170209,ENSMUSG00000032257,77.2321,22.767899999999997
ENSG00000095539,ENSMUSG00000025207,90.83449999999999,9.165500000000009
ENSG00000136950,ENSMUSG00000026755,96.732,3.2680000000000007
ENSG00000138592,ENSMUSG00000027363,83.10035,16.899649999999994
ENSG00000161249,ENSMUSG00000060962,52.521,47.479
ENSG00000243927,ENSMUSG00000039680,85.6,14.400000000000006
ENSG00000064102,ENSMUSG00000040250,93.9111,6.088899999999995
ENSG00000065518,ENSMUSG00000022820,73.6434,26.3566
ENSG00000163810,ENSMUSG00000025787,54.06785,45.93215
ENSG00000124491,ENSMUSG00000039109,86.8852,13.114800000000002
ENSG00000092295,ENSMUSG00000022218,90.56385,9.436149999999998
ENSG00000086717,ENSMUSG00000062168,69.37875,30.621250000000003
ENSG00000125633,ENSMUSG00000026339,91.905,8.094999999999999
ENSG00000123342,ENSMUSG00000025355,77.12745000000001,22.87254999999999
ENSG00000158050,ENSMUSG00000027368,87.02879999999999,12.97120000000001
ENSG00000150773,ENSMUSG00000000167,72.381,27.619
ENSG00000150594,ENSMUSG00000033717,92.4731,7.526899999999998
ENSG00000110871,ENSMUSG00000041733,83.792,16.208
ENSG00000181085,ENSMUSG00000063704,70.2668,29.733199999999997
ENSG00000184428,ENSMUSG00000000934,73.37010000000001,26.629899999999992
ENSG00000147457,ENSMUSG00000034190,95.35445,4.64555
ENSG00000113761,ENSMUSG00000021481,84.0136,15.986400000000003
ENSG00000152430,ENSMUSG00000025977,89.95765,10.042349999999999
ENSG00000092345,ENSMUSG00000010592,87.35470000000001,12.645299999999992
ENSG00000196503,ENSMUSG00000063820,57.0265,42.9735
ENSG00000213780,ENSMUSG00000001524,98.8109,1.1890999999999963
ENSG00000102218,ENSMUSG00000060090,88.38040000000001,11.619599999999991
ENSG00000147324,ENSMUSG00000070056,94.57175000000001,5.428249999999991
ENSG00000185298,ENSMUSG00000049957,69.43025,30.56975
ENSG00000161202,ENSMUSG00000003233,98.04765,1.9523499999999956
ENSG00000107404,ENSMUSG00000029071,94.964,5.036000000000001
ENSG00000150764,ENSMUSG00000032064,91.37445,8.625550000000004
ENSG00000004975,ENSMUSG00000020888,96.6033,3.3966999999999956
ENSG00000172260,ENSMUSG00000040037,94.87875,5.121250000000003
ENSG00000116205,ENSMUSG00000028619,91.08484999999999,8.915150000000011
ENSG00000105193,ENSMUSG00000037563,100.0,0.0
ENSG00000137200,ENSMUSG00000024019,89.83265,10.167349999999999
ENSG00000146352,ENSMUSG00000019785,97.8593,2.1406999999999954
ENSG00000126787,ENSMUSG00000037544,59.1606,40.8394
ENSG00000138615,ENSMUSG00000042254,87.73910000000001,12.260899999999992
ENSG00000160161,ENSMUSG00000044006,79.0342,20.9658
ENSG00000030066,ENSMUSG00000051329,92.7247,7.275300000000001
ENSG00000142661,ENSMUSG00000037139,83.17115,16.828850000000003
ENSG00000075213,ENSMUSG00000028883,95.3986,4.601399999999998
ENSG00000124743,ENSMUSG00000044938,92.1136,7.886399999999995
ENSG00000188848,ENSMUSG00000092060,89.3061,10.6939
ENSG00000137145,ENSMUSG00000038024,87.1455,12.854500000000002
ENSG00000078401,ENSMUSG00000021367,71.05595,28.944050000000004
ENSG00000127129,ENSMUSG00000028635,69.1268,30.873199999999997
ENSG00000124205,ENSMUSG00000027524,56.7973,43.2027
ENSG00000082684,ENSMUSG00000052133,91.23740000000001,8.762599999999992
ENSG00000214253,ENSMUSG00000019054,96.0526,3.947400000000002
ENSG00000048462,ENSMUSG00000022496,64.4991,35.5009
ENSG00000159958,ENSMUSG00000068105,49.0435,50.9565
ENSG00000114268,ENSMUSG00000025648,97.4414,2.5585999999999984
ENSG00000158571,ENSMUSG00000025271,95.5414,4.458600000000004
ENSG00000170525,ENSMUSG00000026773,92.37700000000001,7.6229999999999905
ENSG00000123836,ENSMUSG00000026409,88.423,11.576999999999998
ENSG00000049167,ENSMUSG00000021694,89.78575000000001,10.214249999999993
ENSG00000145088,ENSMUSG00000022838,80.46095,19.539050000000003
ENSG00000144597,ENSMUSG00000021890,98.1343,1.865700000000004
ENSG00000198879,ENSMUSG00000061186,72.47425,27.525750000000002
ENSG00000101150,ENSMUSG00000000827,86.6791,13.320899999999995
ENSG00000156869,ENSMUSG00000033386,78.2095,21.790499999999994
ENSG00000133980,ENSMUSG00000071235,71.8946,28.105400000000003
ENSG00000203727,ENSMUSG00000060487,89.0173,10.982699999999994
ENSG00000204315,ENSMUSG00000033739,73.27645,26.723550000000003
ENSG00000132274,ENSMUSG00000071089,29.4605,70.5395
ENSG00000046651,ENSMUSG00000040586,67.02850000000001,32.97149999999999
ENSG00000138434,ENSMUSG00000027007,81.96000000000001,18.039999999999992
ENSG00000197006,ENSMUSG00000030876,97.1698,2.830200000000005
ENSG00000174243,ENSMUSG00000003360,98.59675,1.4032499999999999
ENSG00000153936,ENSMUSG00000040151,97.4719,2.528099999999995
ENSG00000111962,ENSMUSG00000047712,96.4331,3.566900000000004
ENSG00000127951,ENSMUSG00000039899,77.8466,22.153400000000005
ENSG00000113248,ENSMUSG00000073591,75.1438,24.8562
ENSG00000173706,ENSMUSG00000075254,62.19435,37.80565
ENSG00000206203,ENSMUSG00000045521,92.1788,7.821200000000005
ENSG00000113073,ENSMUSG00000024485,82.57570000000001,17.424299999999988
ENSG00000135404,ENSMUSG00000025351,78.5714,21.428600000000003
ENSG00000138606,ENSMUSG00000033256,71.57235,28.42765
ENSG00000174137,ENSMUSG00000037339,66.25165,33.74835
ENSG00000120709,ENSMUSG00000034300,94.52244999999999,5.477550000000008
ENSG00000189319,ENSMUSG00000030956,85.545,14.454999999999998
ENSG00000184500,ENSMUSG00000022912,79.64475,20.355249999999998
ENSG00000129214,ENSMUSG00000005202,66.08709999999999,33.91290000000001
ENSG00000284873,ENSMUSG00000041857,35.8292,64.1708
ENSG00000170965,ENSMUSG00000061082,54.06125,45.93875
ENSG00000149507,ENSMUSG00000055895,50.968199999999996,49.031800000000004
ENSG00000168256,ENSMUSG00000017837,98.9529,1.0471000000000004
ENSG00000137168,ENSMUSG00000024007,98.1928,1.8071999999999946
ENSG00000240344,ENSMUSG00000026035,98.1366,1.8633999999999986
ENSG00000100023,ENSMUSG00000022771,90.29785000000001,9.702149999999989
ENSG00000091972,ENSMUSG00000022661,76.5799,23.420100000000005
ENSG00000119772,ENSMUSG00000020661,96.1543,3.8456999999999937
ENSG00000164007,ENSMUSG00000066058,92.4964,7.503600000000006
ENSG00000136352,ENSMUSG00000001496,94.57035,5.429649999999995
ENSG00000156284,ENSMUSG00000050520,82.6667,17.333299999999994
ENSG00000161179,ENSMUSG00000041774,87.55664999999999,12.44335000000001
ENSG00000078902,ENSMUSG00000025139,92.7007,7.299300000000002
ENSG00000149930,ENSMUSG00000059981,68.28215,31.71785
ENSG00000136936,ENSMUSG00000028329,84.037,15.962999999999994
ENSG00000117676,ENSMUSG00000003644,98.5034,1.4966000000000008
ENSG00000075413,ENSMUSG00000007411,93.2364,6.763599999999997
ENSG00000137216,ENSMUSG00000036026,98.1971,1.802899999999994
ENSG00000151135,ENSMUSG00000060935,96.97149999999999,3.028500000000008
ENSG00000107562,ENSMUSG00000061353,81.50315,18.496849999999995
ENSG00000134222,ENSMUSG00000068744,70.39535000000001,29.604649999999992
ENSG00000075218,ENSMUSG00000022385,56.081199999999995,43.918800000000005
ENSG00000198612,ENSMUSG00000034432,95.2153,4.784700000000001
ENSG00000243678,ENSMUSG00000020857,98.0263,1.9736999999999938
ENSG00000197548,ENSMUSG00000030314,90.22865,9.771349999999998
ENSG00000177291,ENSMUSG00000036855,50.6846,49.3154
ENSG00000182963,ENSMUSG00000034520,97.2222,2.777799999999999
ENSG00000198835,ENSMUSG00000043448,84.86925,15.130750000000006
ENSG00000203733,ENSMUSG00000019867,81.9512,18.0488
ENSG00000186417,ENSMUSG00000046167,86.54575,13.454250000000002
ENSG00000163687,ENSMUSG00000025279,80.65575,19.344250000000002
ENSG00000013563,ENSMUSG00000019088,68.2077,31.792299999999997
ENSG00000213918,ENSMUSG00000005980,79.15289999999999,20.84710000000001
ENSG00000167968,ENSMUSG00000024136,79.82845,20.171549999999996
ENSG00000133985,ENSMUSG00000042734,89.34649999999999,10.653500000000008
ENSG00000168264,ENSMUSG00000051495,88.5239,11.476100000000002
ENSG00000089916,ENSMUSG00000021254,85.0622,14.937799999999996
ENSG00000092978,ENSMUSG00000039210,84.54984999999999,15.450150000000008
ENSG00000113448,ENSMUSG00000021699,97.64405,2.355950000000007
ENSG00000156709,ENSMUSG00000036932,88.4536,11.546400000000006
ENSG00000100994,ENSMUSG00000033059,95.6109,4.389099999999999
ENSG00000068976,ENSMUSG00000032648,97.0309,2.9690999999999974
ENSG00000100504,ENSMUSG00000021069,94.4022,5.5978000000000065
ENSG00000133028,ENSMUSG00000069844,70.19855,29.801450000000003
ENSG00000284194,ENSMUSG00000091780,79.11395,20.886049999999997
ENSG00000129538,ENSMUSG00000035896,68.88875,31.11125
ENSG00000124490,ENSMUSG00000023930,70.3704,29.629599999999996
ENSG00000198169,ENSMUSG00000022526,71.5914,28.408600000000007
ENSG00000184863,ENSMUSG00000048271,84.9361,15.063900000000004
ENSG00000130810,ENSMUSG00000004100,74.01985,25.980149999999995
ENSG00000119411,ENSMUSG00000028392,72.041,27.959000000000003
ENSG00000139926,ENSMUSG00000048285,93.5691,6.430899999999994
ENSG00000183559,ENSMUSG00000013668,49.4016,50.5984
ENSG00000177728,ENSMUSG00000020747,95.36105,4.638949999999994
ENSG00000163982,ENSMUSG00000051596,78.2255,21.774500000000003
ENSG00000158220,ENSMUSG00000037681,83.39965000000001,16.60034999999999
ENSG00000174744,ENSMUSG00000080268,92.6829,7.317099999999996
ENSG00000174483,ENSMUSG00000006464,92.2428,7.757199999999997
ENSG00000162980,ENSMUSG00000036093,98.8827,1.1173000000000002
ENSG00000059758,ENSMUSG00000020015,98.6616,1.338399999999993
ENSG00000046647,ENSMUSG00000040621,67.50465,32.49535
ENSG00000115839,ENSMUSG00000036104,92.73859999999999,7.261400000000009
ENSG00000089505,ENSMUSG00000110430,26.6378,73.3622
ENSG00000148482,ENSMUSG00000036949,77.6813,22.318700000000007
ENSG00000165312,ENSMUSG00000043415,77.4978,22.502200000000002
ENSG00000176986,ENSMUSG00000039367,92.32885,7.671149999999997
ENSG00000110811,ENSMUSG00000023191,86.92165,13.07835
ENSG00000143257,ENSMUSG00000005677,73.66915,26.330849999999998
ENSG00000145431,ENSMUSG00000028019,86.9565,13.043499999999995
ENSG00000115155,ENSMUSG00000062372,94.8423,5.1577000000000055
ENSG00000121879,ENSMUSG00000027665,98.6891,1.3109000000000037
ENSG00000169398,ENSMUSG00000022607,97.0308,2.9692000000000007
ENSG00000196228,ENSMUSG00000023943,58.2237,41.7763
ENSG00000130055,ENSMUSG00000019359,84.7866,15.213399999999993
ENSG00000138079,ENSMUSG00000024131,80.438,19.561999999999998
ENSG00000087266,ENSMUSG00000054520,83.16855,16.831450000000004
ENSG00000054803,ENSMUSG00000067578,96.7473,3.2527000000000044
ENSG00000135392,ENSMUSG00000025354,85.69399999999999,14.306000000000012
ENSG00000104361,ENSMUSG00000038879,85.3786,14.621399999999994
ENSG00000163352,ENSMUSG00000078173,80.3279,19.6721
ENSG00000196151,ENSMUSG00000026988,82.31615,17.683850000000007
ENSG00000115464,ENSMUSG00000056342,97.05635,2.943650000000005
ENSG00000171988,ENSMUSG00000037876,86.05825,13.941749999999999
ENSG00000135503,ENSMUSG00000000532,98.2178,1.7822000000000031
ENSG00000034533,ENSMUSG00000032567,78.4625,21.537499999999994
ENSG00000125398,ENSMUSG00000000567,97.24445,2.7555499999999995
ENSG00000108797,ENSMUSG00000017167,93.3189,6.681100000000001
ENSG00000103196,ENSMUSG00000031825,77.62129999999999,22.37870000000001
ENSG00000143924,ENSMUSG00000032624,88.37085,11.629149999999996
ENSG00000136457,ENSMUSG00000039084,93.16614999999999,6.833850000000012
ENSG00000100399,ENSMUSG00000063765,81.464,18.536
ENSG00000015285,ENSMUSG00000031165,87.69839999999999,12.301600000000008
ENSG00000106299,ENSMUSG00000029684,95.82655,4.1734500000000025
ENSG00000180667,ENSMUSG00000046404,87.7036,12.296400000000006
ENSG00000240857,ENSMUSG00000020621,89.55305000000001,10.446949999999987
ENSG00000188886,ENSMUSG00000050468,67.207,32.793000000000006
ENSG00000137575,ENSMUSG00000028249,90.11755,9.882450000000006
ENSG00000187815,ENSMUSG00000064141,71.1932,28.806799999999996
ENSG00000120071,ENSMUSG00000018412,91.8337,8.166300000000007
ENSG00000144445,ENSMUSG00000026004,78.6272,21.372799999999998
ENSG00000129055,ENSMUSG00000035048,95.9459,4.054100000000005
ENSG00000283567,ENSMUSG00000110221,62.09925,37.90075
ENSG00000100628,ENSMUSG00000021200,89.8346,10.165400000000005
ENSG00000225614,ENSMUSG00000043903,46.6978,53.3022
ENSG00000099785,ENSMUSG00000079557,94.7154,5.2845999999999975
ENSG00000198719,ENSMUSG00000014773,88.5814,11.418599999999998
ENSG00000073584,ENSMUSG00000037935,97.3236,2.676400000000001
ENSG00000123297,ENSMUSG00000040521,85.6705,14.329499999999996
ENSG00000162949,ENSMUSG00000043705,67.46690000000001,32.53309999999999
ENSG00000234409,ENSMUSG00000090777,65.5016,34.498400000000004
ENSG00000165935,ENSMUSG00000030292,45.7986,54.2014
ENSG00000166069,ENSMUSG00000027355,69.4187,30.5813
ENSG00000124237,ENSMUSG00000027518,71.0632,28.936800000000005
ENSG00000130779,ENSMUSG00000049550,89.9478,10.0522
ENSG00000006459,ENSMUSG00000042599,90.27115,9.728849999999994
ENSG00000154305,ENSMUSG00000056050,63.4894,36.5106
ENSG00000164299,ENSMUSG00000046957,45.4854,54.5146
ENSG00000261857,ENSMUSG00000089661,81.6794,18.3206
ENSG00000125879,ENSMUSG00000027416,86.7188,13.281199999999998
ENSG00000132383,ENSMUSG00000000751,85.07130000000001,14.928699999999992
ENSG00000139880,ENSMUSG00000059674,93.3419,6.658100000000005
ENSG00000047230,ENSMUSG00000031360,90.4437,9.556299999999993
ENSG00000171793,ENSMUSG00000028633,97.8003,2.199700000000007
ENSG00000165471,ENSMUSG00000024863,59.76005,40.23995
ENSG00000100554,ENSMUSG00000021114,98.3806,1.6193999999999988
ENSG00000162552,ENSMUSG00000036856,98.8604,1.1396000000000015
ENSG00000164438,ENSMUSG00000040610,99.6564,0.343599999999995
ENSG00000105647,ENSMUSG00000031834,89.24289999999999,10.757100000000008
ENSG00000108506,ENSMUSG00000018068,95.9065,4.093500000000006
ENSG00000112562,ENSMUSG00000023886,93.60055,6.399450000000002
ENSG00000198732,ENSMUSG00000021136,93.18639999999999,6.813600000000008
ENSG00000146433,ENSMUSG00000038141,88.02244999999999,11.977550000000008
ENSG00000237172,ENSMUSG00000069920,83.1472,16.852800000000002
ENSG00000077279,ENSMUSG00000031285,99.4536,0.5464000000000055
ENSG00000124374,ENSMUSG00000045896,83.60835,16.39165
ENSG00000120727,ENSMUSG00000037058,97.22505000000001,2.77494999999999
ENSG00000197381,ENSMUSG00000020262,94.8645,5.135499999999993
ENSG00000111445,ENSMUSG00000029363,94.25645,5.743549999999999
ENSG00000125861,ENSMUSG00000027316,62.2043,37.7957
ENSG00000163462,ENSMUSG00000042766,97.892,2.108000000000004
ENSG00000107984,ENSMUSG00000024868,81.7946,18.205399999999997
ENSG00000136628,ENSMUSG00000026615,89.418,10.581999999999994
ENSG00000177889,ENSMUSG00000074781,100.0,0.0
ENSG00000162302,ENSMUSG00000118668,96.0518,3.9482
ENSG00000165271,ENSMUSG00000028430,85.03105,14.968950000000007
ENSG00000160325,ENSMUSG00000015488,93.2953,6.7047000000000025
ENSG00000107551,ENSMUSG00000042129,84.6036,15.3964
ENSG00000117400,ENSMUSG00000006389,81.2305,18.769499999999994
ENSG00000112182,ENSMUSG00000040270,90.1192,9.880799999999994
ENSG00000164458,ENSMUSG00000062327,91.055,8.944999999999993
ENSG00000110851,ENSMUSG00000035529,94.30275,5.697249999999997
ENSG00000139725,ENSMUSG00000029449,91.4692,8.5308
ENSG00000121897,ENSMUSG00000029199,90.2015,9.798500000000004
ENSG00000262165,ENSMUSG00000109833,82.8059,17.194100000000006
ENSG00000175105,ENSMUSG00000047141,88.3974,11.602599999999995
ENSG00000117000,ENSMUSG00000049878,85.29214999999999,14.707850000000008
ENSG00000188994,ENSMUSG00000039967,81.20445000000001,18.79554999999999
ENSG00000162624,ENSMUSG00000096225,96.2428,3.7571999999999974
ENSG00000087263,ENSMUSG00000033009,82.7973,17.202699999999993
ENSG00000141034,ENSMUSG00000018415,85.3725,14.627499999999998
ENSG00000285723,ENSMUSG00000116563,68.92655,31.073449999999994
ENSG00000160803,ENSMUSG00000008604,92.56635,7.43365
ENSG00000138772,ENSMUSG00000029484,89.7833,10.216700000000003
ENSG00000170166,ENSMUSG00000101174,93.07845,6.921549999999996
ENSG00000164796,ENSMUSG00000022311,97.5182,2.481800000000007
ENSG00000160679,ENSMUSG00000001017,98.9944,1.0056000000000012
ENSG00000185507,ENSMUSG00000025498,65.3584,34.6416
ENSG00000167778,ENSMUSG00000036966,99.5475,0.45250000000000057
ENSG00000105176,ENSMUSG00000030421,75.4232,24.576800000000006
ENSG00000100206,ENSMUSG00000022429,97.0588,2.941199999999995
ENSG00000105793,ENSMUSG00000040464,80.00909999999999,19.99090000000001
ENSG00000166557,ENSMUSG00000032353,89.04849999999999,10.95150000000001
ENSG00000122585,ENSMUSG00000029819,92.7835,7.216499999999996
ENSG00000148600,ENSMUSG00000021803,85.2154,14.784599999999998
ENSG00000154451,ENSMUSG00000105504,66.49735,33.50265
ENSG00000285946,ENSMUSG00000103523,56.8421,43.1579
ENSG00000166135,ENSMUSG00000036450,97.1347,2.865300000000005
ENSG00000184924,ENSMUSG00000096199,89.2857,10.714299999999994
ENSG00000123685,ENSMUSG00000026630,82.5604,17.4396
ENSG00000137078,ENSMUSG00000028460,73.53745,26.462549999999993
ENSG00000111644,ENSMUSG00000072770,75.5315,24.468500000000006
ENSG00000055950,ENSMUSG00000025208,82.3899,17.610100000000003
ENSG00000143199,ENSMUSG00000026567,77.2911,22.7089
ENSG00000158301,ENSMUSG00000072966,74.5231,25.4769
ENSG00000175894,ENSMUSG00000069581,81.85215,18.147850000000005
ENSG00000100814,ENSMUSG00000071470,88.2462,11.753799999999998
ENSG00000127314,ENSMUSG00000052681,100.0,0.0
ENSG00000107372,ENSMUSG00000024750,98.5916,1.4084000000000003
ENSG00000196460,ENSMUSG00000057173,64.84345,35.156549999999996
ENSG00000185002,ENSMUSG00000019900,87.43935,12.560649999999995
ENSG00000111783,ENSMUSG00000020037,97.1429,2.8571000000000026
ENSG00000087903,ENSMUSG00000024206,88.0571,11.942899999999995
ENSG00000080298,ENSMUSG00000040929,98.9319,1.0681000000000012
ENSG00000132005,ENSMUSG00000031706,92.0763,7.923699999999997
ENSG00000125347,ENSMUSG00000018899,85.0185,14.981499999999997
ENSG00000156990,ENSMUSG00000051169,72.78035,27.21965
ENSG00000180902,ENSMUSG00000073609,78.00905,21.990949999999998
ENSG00000177875,ENSMUSG00000029875,89.87559999999999,10.124400000000009
ENSG00000099769,ENSMUSG00000046070,77.8148,22.185199999999995
ENSG00000146592,ENSMUSG00000053007,97.2441,2.755899999999997
ENSG00000164587,ENSMUSG00000024608,100.0,0.0
ENSG00000115159,ENSMUSG00000026827,93.26,6.739999999999995
ENSG00000136237,ENSMUSG00000041992,88.30155,11.698449999999994
ENSG00000163481,ENSMUSG00000026171,82.6238,17.376199999999997
ENSG00000171612,ENSMUSG00000028982,91.4199,8.580100000000002
ENSG00000114737,ENSMUSG00000032578,90.87415,9.12585
ENSG00000263001,ENSMUSG00000060261,97.0942,2.9057999999999993
ENSG00000151338,ENSMUSG00000047022,66.94675000000001,33.05324999999999
ENSG00000167861,ENSMUSG00000034586,95.6853,4.314700000000002
ENSG00000188542,ENSMUSG00000047067,76.8091,23.1909
ENSG00000153498,ENSMUSG00000010435,38.7729,61.2271
ENSG00000071655,ENSMUSG00000035478,95.14925,4.850750000000005
ENSG00000170948,ENSMUSG00000038691,60.0266,39.9734
ENSG00000141644,ENSMUSG00000024561,68.4414,31.5586
ENSG00000134046,ENSMUSG00000024513,96.72855,3.2714500000000015
ENSG00000136108,ENSMUSG00000037725,60.783550000000005,39.216449999999995
ENSG00000169607,ENSMUSG00000048327,63.8926,36.1074
ENSG00000214511,ENSMUSG00000093550,81.8675,18.132499999999993
ENSG00000121053,ENSMUSG00000052234,89.3082,10.6918
ENSG00000198704,ENSMUSG00000004341,71.9457,28.054299999999998
ENSG00000127588,ENSMUSG00000025739,95.5224,4.477599999999995
ENSG00000166793,ENSMUSG00000034059,99.2126,0.7874000000000052
ENSG00000105258,ENSMUSG00000019738,100.0,0.0
ENSG00000067191,ENSMUSG00000020882,97.23855,2.7614499999999964
ENSG00000165995,ENSMUSG00000057914,89.19630000000001,10.803699999999992
ENSG00000182389,ENSMUSG00000017412,93.3472,6.652799999999999
ENSG00000167535,ENSMUSG00000003352,99.1736,0.8264000000000067
ENSG00000108786,ENSMUSG00000019301,65.21555,34.78445000000001
ENSG00000181038,ENSMUSG00000090266,78.3337,21.666300000000007
ENSG00000148225,ENSMUSG00000028391,83.1063,16.893699999999995
ENSG00000157999,ENSMUSG00000029607,71.5146,28.4854
ENSG00000128016,ENSMUSG00000044786,83.48755,16.51245
ENSG00000140983,ENSMUSG00000025733,84.976,15.024000000000001
ENSG00000151806,ENSMUSG00000029208,88.6528,11.3472
ENSG00000265808,ENSMUSG00000027879,100.0,0.0
ENSG00000106799,ENSMUSG00000007613,96.4215,3.5785000000000053
ENSG00000165238,ENSMUSG00000037989,79.05199999999999,20.948000000000008
ENSG00000147180,ENSMUSG00000025529,94.41704999999999,5.582950000000011
ENSG00000148357,ENSMUSG00000055632,80.7941,19.2059
ENSG00000165813,ENSMUSG00000035173,83.3149,16.685100000000006
ENSG00000169592,ENSMUSG00000030689,93.8525,6.147499999999994
ENSG00000108588,ENSMUSG00000078622,97.9296,2.0704000000000065
ENSG00000138380,ENSMUSG00000026017,73.03174999999999,26.968250000000012
ENSG00000111886,ENSMUSG00000023267,87.80885,12.191149999999993
ENSG00000153179,ENSMUSG00000025795,92.78105,7.218950000000007
ENSG00000170264,ENSMUSG00000049811,46.2252,53.7748
ENSG00000001084,ENSMUSG00000032350,94.5055,5.494500000000002
ENSG00000181915,ENSMUSG00000057134,86.37299999999999,13.62700000000001
ENSG00000081181,ENSMUSG00000021125,84.7458,15.254199999999997
ENSG00000118520,ENSMUSG00000019987,86.8219,13.1781
ENSG00000116771,ENSMUSG00000040706,83.1045,16.8955
ENSG00000235194,ENSMUSG00000072494,89.6057,10.394300000000001
ENSG00000171385,ENSMUSG00000040896,99.3893,0.6106999999999942
ENSG00000166268,ENSMUSG00000034057,80.92699999999999,19.073000000000008
ENSG00000124920,ENSMUSG00000036098,89.29955000000001,10.70044999999999
ENSG00000113749,ENSMUSG00000034987,82.79965000000001,17.200349999999986
ENSG00000143621,ENSMUSG00000001016,100.0,0.0
ENSG00000138639,ENSMUSG00000057315,92.7091,7.2908999999999935
ENSG00000128805,ENSMUSG00000063506,82.5721,17.427899999999994
ENSG00000163219,ENSMUSG00000030047,87.17175,12.828249999999997
ENSG00000041802,ENSMUSG00000022538,82.65165,17.348349999999996
ENSG00000134152,ENSMUSG00000027132,86.9048,13.095200000000006
ENSG00000283324,ENSMUSG00000105734,72.0185,27.981499999999997
ENSG00000175711,ENSMUSG00000046605,83.37745000000001,16.62254999999999
ENSG00000137221,ENSMUSG00000012296,86.62295,13.377049999999997
ENSG00000136051,ENSMUSG00000034560,96.7604,3.239599999999996
ENSG00000142330,ENSMUSG00000026270,81.4665,18.533500000000004
ENSG00000182652,ENSMUSG00000046210,75.43955,24.560450000000003
ENSG00000161533,ENSMUSG00000020777,85.2385,14.761499999999998
ENSG00000136867,ENSMUSG00000066152,74.8252,25.174800000000005
ENSG00000128309,ENSMUSG00000071711,81.8458,18.154200000000003
ENSG00000128311,ENSMUSG00000044986,90.9091,9.090900000000005
ENSG00000120093,ENSMUSG00000048763,94.44495,5.555049999999994
ENSG00000148339,ENSMUSG00000026819,83.92325,16.076750000000004
ENSG00000111432,ENSMUSG00000081683,92.86335,7.136650000000003
ENSG00000186881,ENSMUSG00000089717,79.9373,20.062700000000007
ENSG00000062524,ENSMUSG00000027297,77.8685,22.131500000000003
ENSG00000108799,ENSMUSG00000006920,97.66239999999999,2.337600000000009
ENSG00000102172,ENSMUSG00000071708,96.1749,3.825100000000006
ENSG00000137073,ENSMUSG00000028433,81.12219999999999,18.877800000000008
ENSG00000143569,ENSMUSG00000042520,97.05664999999999,2.9433500000000095
ENSG00000165752,ENSMUSG00000015981,91.1708,8.8292
ENSG00000170890,ENSMUSG00000029522,78.2349,21.765100000000004
ENSG00000073969,ENSMUSG00000034187,98.1183,1.881699999999995
ENSG00000165807,ENSMUSG00000052221,71.08085,28.919150000000002
ENSG00000148153,ENSMUSG00000038544,96.1538,3.846199999999996
ENSG00000227345,ENSMUSG00000021911,87.25354999999999,12.74645000000001
ENSG00000166484,ENSMUSG00000001034,92.3586,7.641400000000004
ENSG00000009709,ENSMUSG00000028736,97.42099999999999,2.5790000000000077
ENSG00000103197,ENSMUSG00000002496,91.5076,8.492400000000004
ENSG00000174373,ENSMUSG00000021027,84.35560000000001,15.64439999999999
ENSG00000188559,ENSMUSG00000037110,91.3752,8.624799999999993
ENSG00000100221,ENSMUSG00000022426,97.0297,2.9702999999999946
ENSG00000161677,ENSMUSG00000038695,94.6809,5.319100000000006
ENSG00000155893,ENSMUSG00000043587,89.1667,10.833299999999994
ENSG00000178971,ENSMUSG00000020898,68.75285,31.247150000000005
ENSG00000135720,ENSMUSG00000035770,96.9512,3.0488
ENSG00000144635,ENSMUSG00000032435,94.6463,5.3537000000000035
ENSG00000176444,ENSMUSG00000068917,95.38125,4.618750000000006
ENSG00000107959,ENSMUSG00000021193,86.6377,13.362300000000005
ENSG00000145592,ENSMUSG00000041841,100.0,0.0
ENSG00000138303,ENSMUSG00000044475,86.6762,13.323800000000006
ENSG00000172171,ENSMUSG00000046909,66.3004,33.699600000000004
ENSG00000005381,ENSMUSG00000009350,84.78625,15.213750000000005
ENSG00000204323,ENSMUSG00000048442,77.4226,22.577399999999997
ENSG00000108774,ENSMUSG00000019173,98.6111,1.3889000000000067
ENSG00000186001,ENSMUSG00000022801,83.29249999999999,16.70750000000001
ENSG00000204130,ENSMUSG00000020070,94.8845,5.115499999999997
ENSG00000203942,ENSMUSG00000090369,48.9748,51.0252
ENSG00000126218,ENSMUSG00000031444,74.61965000000001,25.380349999999993
ENSG00000162676,ENSMUSG00000029275,87.5741,12.425899999999999
ENSG00000203783,ENSMUSG00000056270,78.4483,21.551699999999997
ENSG00000178057,ENSMUSG00000070283,79.6754,20.324600000000004
ENSG00000170836,ENSMUSG00000020525,88.9473,11.052700000000002
ENSG00000146374,ENSMUSG00000019880,88.53190000000001,11.468099999999993
ENSG00000135521,ENSMUSG00000019814,85.92835,14.071650000000005
ENSG00000182749,ENSMUSG00000037348,82.4893,17.5107
ENSG00000187980,ENSMUSG00000028750,66.22149999999999,33.77850000000001
ENSG00000159131,ENSMUSG00000022962,85.9406,14.059399999999997
ENSG00000230124,ENSMUSG00000033701,85.8156,14.184399999999997
ENSG00000134954,ENSMUSG00000032035,93.70495,6.295050000000003
ENSG00000161011,ENSMUSG00000015837,90.9302,9.0698
ENSG00000019102,ENSMUSG00000001943,81.83225,18.167749999999998
ENSG00000148337,ENSMUSG00000039205,66.49865,33.50135
ENSG00000049130,ENSMUSG00000019966,82.7839,17.216099999999997
ENSG00000100483,ENSMUSG00000049882,89.71600000000001,10.283999999999992
ENSG00000174547,ENSMUSG00000024902,87.5,12.5
ENSG00000080224,ENSMUSG00000055540,95.2212,4.778800000000004
ENSG00000151923,ENSMUSG00000030846,96.7881,3.2119
ENSG00000003137,ENSMUSG00000063415,96.2891,3.710899999999995
ENSG00000187553,ENSMUSG00000062432,87.309,12.691000000000003
ENSG00000095596,ENSMUSG00000024987,93.9638,6.036199999999994
ENSG00000187244,ENSMUSG00000002980,72.96170000000001,27.038299999999992
ENSG00000186812,ENSMUSG00000024276,83.88675,16.113249999999994
ENSG00000180901,ENSMUSG00000016940,96.1977,3.8023000000000025
ENSG00000011260,ENSMUSG00000054079,80.68700000000001,19.312999999999988
ENSG00000135679,ENSMUSG00000020184,81.14125,18.85875
ENSG00000198625,ENSMUSG00000054387,84.0816,15.918400000000005
ENSG00000162456,ENSMUSG00000073774,83.0645,16.935500000000005
ENSG00000235863,ENSMUSG00000067370,79.04565,20.954350000000005
ENSG00000182329,ENSMUSG00000047361,56.9547,43.0453
ENSG00000169174,ENSMUSG00000044254,76.62355,23.376450000000006
ENSG00000158373,ENSMUSG00000114279,100.0,0.0
ENSG00000233822,ENSMUSG00000075031,97.619,2.3810000000000002
ENSG00000180596,ENSMUSG00000058385,100.0,0.0
ENSG00000273703,ENSMUSG00000114456,96.8254,3.174599999999998
ENSG00000203814,ENSMUSG00000105827,100.0,0.0
ENSG00000102243,ENSMUSG00000031131,43.5131,56.4869
ENSG00000206538,ENSMUSG00000091243,88.7867,11.213300000000004
ENSG00000170162,ENSMUSG00000049641,85.45125,14.548749999999998
ENSG00000139636,ENSMUSG00000022999,95.501,4.498999999999995
ENSG00000105983,ENSMUSG00000010721,96.1225,3.8774999999999977
ENSG00000120688,ENSMUSG00000022023,76.0638,23.9362
ENSG00000123384,ENSMUSG00000040249,97.98660000000001,2.01339999999999
ENSG00000156521,ENSMUSG00000020087,79.3653,20.634699999999995
ENSG00000118640,ENSMUSG00000050732,86.5693,13.430700000000002
ENSG00000204956,ENSMUSG00000103144,83.2438,16.756200000000007
ENSG00000147145,ENSMUSG00000049929,98.3784,1.6216000000000008
ENSG00000139679,ENSMUSG00000033446,93.0233,6.976699999999994
ENSG00000135898,ENSMUSG00000049608,76.17269999999999,23.827300000000008
ENSG00000178623,ENSMUSG00000026271,72.72805,27.271950000000004
ENSG00000078589,ENSMUSG00000050921,84.58070000000001,15.419299999999993
ENSG00000081870,ENSMUSG00000063172,85.01845,14.981549999999999
ENSG00000211693,ENSMUSG00000076745,46.1667,53.8333
ENSG00000141622,ENSMUSG00000025427,98.70150000000001,1.29849999999999
ENSG00000162636,ENSMUSG00000040339,93.7162,6.283799999999999
ENSG00000099875,ENSMUSG00000020190,93.294,6.706000000000003
ENSG00000150995,ENSMUSG00000030102,98.4568,1.5431999999999988
ENSG00000149483,ENSMUSG00000024666,66.35804999999999,33.64195000000001
ENSG00000117595,ENSMUSG00000026638,97.6445,2.3555000000000064
ENSG00000256463,ENSMUSG00000024565,83.89805,16.101950000000002
ENSG00000118096,ENSMUSG00000002031,94.21719999999999,5.782800000000009
ENSG00000077498,ENSMUSG00000004651,86.06524999999999,13.934750000000008
ENSG00000178222,ENSMUSG00000055385,51.6698,48.3302
ENSG00000215277,ENSMUSG00000112858,79.064,20.936000000000007
ENSG00000144191,ENSMUSG00000026114,80.5847,19.415300000000002
ENSG00000187942,ENSMUSG00000094035,56.61765,43.38235
ENSG00000055917,ENSMUSG00000020594,97.65270000000001,2.34729999999999
ENSG00000099991,ENSMUSG00000020196,89.36285000000001,10.637149999999991
ENSG00000188001,ENSMUSG00000048399,81.95375,18.04625
ENSG00000158109,ENSMUSG00000029030,91.83295000000001,8.167049999999989
ENSG00000087365,ENSMUSG00000024853,96.794,3.206000000000003
ENSG00000161914,ENSMUSG00000038895,91.9263,8.073700000000002
ENSG00000151611,ENSMUSG00000037022,79.4728,20.527199999999993
ENSG00000105323,ENSMUSG00000040725,95.27725000000001,4.722749999999991
ENSG00000166106,ENSMUSG00000033453,93.0526,6.947400000000002
ENSG00000182578,ENSMUSG00000024621,74.9107,25.089299999999994
ENSG00000197150,ENSMUSG00000028973,84.3206,15.679400000000001
ENSG00000165970,ENSMUSG00000039728,93.57815,6.421850000000006
ENSG00000127663,ENSMUSG00000024201,80.7533,19.246700000000004
ENSG00000131979,ENSMUSG00000037580,87.6058,12.394199999999998
ENSG00000072110,ENSMUSG00000015143,98.02115,1.9788499999999942
ENSG00000181215,ENSMUSG00000117286,46.237899999999996,53.762100000000004
ENSG00000040633,ENSMUSG00000018572,94.2792,5.720799999999997
ENSG00000116273,ENSMUSG00000047777,92.9572,7.0428
ENSG00000225663,ENSMUSG00000061111,90.7216,9.278400000000005
ENSG00000145147,ENSMUSG00000031558,96.32215,3.6778500000000065
ENSG00000180535,ENSMUSG00000052271,80.3454,19.654600000000002
ENSG00000166578,ENSMUSG00000029601,65.93809999999999,34.06190000000001
ENSG00000226660,ENSMUSG00000076463,68.10855000000001,31.891449999999992
ENSG00000007341,ENSMUSG00000045576,87.67179999999999,12.32820000000001
ENSG00000004866,ENSMUSG00000029534,97.2993,2.7006999999999977
ENSG00000205129,ENSMUSG00000071103,75.8495,24.150499999999994
ENSG00000177030,ENSMUSG00000058886,93.54560000000001,6.454399999999993
ENSG00000198682,ENSMUSG00000024899,92.94560000000001,7.054399999999987
ENSG00000138801,ENSMUSG00000028032,98.7179,1.2820999999999998
ENSG00000112701,ENSMUSG00000034252,80.4203,19.579700000000003
ENSG00000205356,ENSMUSG00000066621,86.5723,13.427700000000002
ENSG00000011304,ENSMUSG00000006498,96.94274999999999,3.0572500000000105
ENSG00000119314,ENSMUSG00000028382,92.6506,7.349400000000003
ENSG00000117569,ENSMUSG00000028134,99.52975,0.47024999999999295
ENSG00000141696,ENSMUSG00000006931,90.45875000000001,9.541249999999991
ENSG00000170275,ENSMUSG00000032431,89.38839999999999,10.61160000000001
ENSG00000174482,ENSMUSG00000045083,97.6898,2.3101999999999947
ENSG00000129351,ENSMUSG00000032178,92.32095,7.679050000000004
ENSG00000145022,ENSMUSG00000039461,89.97065,10.029349999999994
ENSG00000158321,ENSMUSG00000029673,93.2171,6.782899999999998
ENSG00000158022,ENSMUSG00000028834,91.52615,8.473849999999999
ENSG00000139350,ENSMUSG00000019988,85.4545,14.545500000000004
ENSG00000159212,ENSMUSG00000022949,62.24119999999999,37.75880000000001
ENSG00000146085,ENSMUSG00000023921,94.92675,5.073250000000002
ENSG00000101200,ENSMUSG00000037727,80.7346,19.2654
ENSG00000101405,ENSMUSG00000027301,87.2,12.799999999999997
ENSG00000170681,ENSMUSG00000028348,82.3698,17.630200000000002
ENSG00000170955,ENSMUSG00000037060,81.3823,18.6177
ENSG00000168497,ENSMUSG00000045954,83.517,16.483000000000004
ENSG00000177469,ENSMUSG00000004044,92.83945,7.160550000000001
ENSG00000064703,ENSMUSG00000027905,82.59555,17.404449999999997
ENSG00000243244,ENSMUSG00000033855,75.7688,24.2312
ENSG00000165553,ENSMUSG00000021032,94.0397,5.960300000000004
ENSG00000158796,ENSMUSG00000013973,98.7421,1.2579000000000065
ENSG00000160570,ENSMUSG00000054499,92.3815,7.618499999999997
ENSG00000158169,ENSMUSG00000021461,67.7419,32.2581
ENSG00000158526,ENSMUSG00000025264,84.98325,15.016750000000002
ENSG00000222018,ENSMUSG00000051728,70.5179,29.482100000000003
ENSG00000120314,ENSMUSG00000042660,87.9414,12.058599999999998
ENSG00000196914,ENSMUSG00000059495,89.3135,10.686499999999995
ENSG00000186111,ENSMUSG00000034902,89.0212,10.978800000000007
ENSG00000157119,ENSMUSG00000074001,92.4316,7.568399999999997
ENSG00000138617,ENSMUSG00000032392,90.3727,9.627300000000005
ENSG00000151883,ENSMUSG00000021725,96.24865,3.751350000000002
ENSG00000137817,ENSMUSG00000025237,98.09,1.9099999999999966
ENSG00000258947,ENSMUSG00000062380,99.7778,0.22220000000000084
ENSG00000184588,ENSMUSG00000028525,97.1467,2.8533000000000044
ENSG00000167107,ENSMUSG00000076435,78.6992,21.300799999999995
ENSG00000123144,ENSMUSG00000041203,92.84355,7.156450000000007
ENSG00000139618,ENSMUSG00000041147,57.8728,42.1272
ENSG00000186265,ENSMUSG00000052013,53.15265,46.84735
ENSG00000127220,ENSMUSG00000007950,88.3827,11.6173
ENSG00000072501,ENSMUSG00000041133,99.8378,0.16219999999999857
ENSG00000145777,ENSMUSG00000024379,38.2817,61.7183
ENSG00000139726,ENSMUSG00000023106,96.4646,3.5353999999999957
ENSG00000205670,ENSMUSG00000051989,81.47335,18.526650000000004
ENSG00000189409,ENSMUSG00000029061,83.99504999999999,16.004950000000008
ENSG00000180697,ENSMUSG00000049694,43.893950000000004,56.106049999999996
ENSG00000196440,ENSMUSG00000049804,57.95399999999999,42.04600000000001
ENSG00000090615,ENSMUSG00000029502,81.14009999999999,18.85990000000001
ENSG00000137497,ENSMUSG00000066306,82.3494,17.650599999999997
ENSG00000110274,ENSMUSG00000043987,57.5933,42.4067
ENSG00000135968,ENSMUSG00000038039,78.1214,21.878600000000006
ENSG00000161654,ENSMUSG00000020922,100.0,0.0
ENSG00000110697,ENSMUSG00000024851,93.36555,6.634450000000001
ENSG00000008394,ENSMUSG00000008540,69.2379,30.762100000000004
ENSG00000148344,ENSMUSG00000050737,79.34514999999999,20.65485000000001
ENSG00000077097,ENSMUSG00000017485,96.04875,3.9512500000000017
ENSG00000160746,ENSMUSG00000037949,91.5846,8.415400000000005
ENSG00000167600,ENSMUSG00000040703,78.01065,21.98935
ENSG00000139292,ENSMUSG00000020140,85.7773,14.222700000000003
ENSG00000099960,ENSMUSG00000022756,81.4173,18.582700000000003
ENSG00000164684,ENSMUSG00000040209,76.74965,23.250349999999997
ENSG00000109390,ENSMUSG00000037152,75.0,25.0
ENSG00000106809,ENSMUSG00000021390,85.2349,14.765100000000004
ENSG00000142507,ENSMUSG00000018286,93.9207,6.0793000000000035
ENSG00000108932,ENSMUSG00000041920,84.7036,15.296400000000006
ENSG00000132297,ENSMUSG00000072511,59.7615,40.2385
ENSG00000206075,ENSMUSG00000067006,89.0667,10.933300000000003
ENSG00000157077,ENSMUSG00000034557,88.1731,11.826899999999995
ENSG00000196284,ENSMUSG00000038954,84.8028,15.197199999999995
ENSG00000088826,ENSMUSG00000027333,95.3153,4.6847000000000065
ENSG00000167515,ENSMUSG00000015013,98.5611,1.4389000000000038
ENSG00000090539,ENSMUSG00000006958,85.2,14.799999999999997
ENSG00000204610,ENSMUSG00000050747,60.2121,39.7879
ENSG00000150347,ENSMUSG00000019947,88.0471,11.9529
ENSG00000185271,ENSMUSG00000090799,79.24575,20.75425
ENSG00000172349,ENSMUSG00000001741,81.1617,18.838300000000004
ENSG00000253368,ENSMUSG00000056596,87.118,12.882000000000005
ENSG00000242732,ENSMUSG00000049191,68.1957,31.804299999999998
ENSG00000138381,ENSMUSG00000026095,75.60255000000001,24.397449999999992
ENSG00000126500,ENSMUSG00000047787,96.1424,3.857600000000005
ENSG00000161526,ENSMUSG00000020755,95.7792,4.220799999999997
ENSG00000186952,ENSMUSG00000045036,64.8767,35.1233
ENSG00000122873,ENSMUSG00000037710,86.1111,13.888900000000007
ENSG00000127743,ENSMUSG00000024578,88.3333,11.666700000000006
ENSG00000198821,ENSMUSG00000005763,81.0976,18.9024
ENSG00000183283,ENSMUSG00000000346,99.4048,0.5952000000000055
ENSG00000159648,ENSMUSG00000090206,79.1667,20.833299999999994
ENSG00000159307,ENSMUSG00000016763,90.6484,9.351600000000005
ENSG00000146197,ENSMUSG00000038677,95.11095,4.8890499999999975
ENSG00000175356,ENSMUSG00000007279,86.95230000000001,13.047699999999992
ENSG00000090060,ENSMUSG00000021111,95.82365,4.176349999999999
ENSG00000165506,ENSMUSG00000020973,64.70065,35.299350000000004
ENSG00000138587,ENSMUSG00000032221,77.0804,22.919600000000003
ENSG00000125975,ENSMUSG00000074646,40.42055,59.57945
ENSG00000109072,ENSMUSG00000017344,74.0586,25.9414
ENSG00000116690,ENSMUSG00000006014,67.22194999999999,32.77805000000001
ENSG00000131910,ENSMUSG00000037583,78.5326,21.467399999999998
ENSG00000169297,ENSMUSG00000025056,66.03,33.97
ENSG00000189056,ENSMUSG00000042453,95.21745,4.7825500000000005
ENSG00000204120,ENSMUSG00000048000,94.51825,5.481750000000005
ENSG00000074201,ENSMUSG00000025439,89.96445,10.03555
ENSG00000161791,ENSMUSG00000023008,94.71940000000001,5.280599999999993
ENSG00000197563,ENSMUSG00000056536,87.4329,12.567099999999996
ENSG00000180044,ENSMUSG00000046999,91.498,8.501999999999995
ENSG00000061656,ENSMUSG00000038180,81.3674,18.632599999999996
ENSG00000143061,ENSMUSG00000042035,91.78375,8.216250000000002
ENSG00000275572,ENSMUSG00000036586,77.0833,22.916700000000006
ENSG00000116209,ENSMUSG00000028618,94.1176,5.882400000000004
ENSG00000105696,ENSMUSG00000035964,73.05255,26.947450000000003
ENSG00000083307,ENSMUSG00000022286,94.72,5.280000000000001
ENSG00000265972,ENSMUSG00000038393,95.6908,4.309200000000004
ENSG00000113811,ENSMUSG00000042682,91.4894,8.510599999999997
ENSG00000174564,ENSMUSG00000044244,76.9,23.099999999999994
ENSG00000188997,ENSMUSG00000044952,99.6154,0.38460000000000605
ENSG00000170454,ENSMUSG00000022986,84.9365,15.063500000000005
ENSG00000081248,ENSMUSG00000026407,91.43915,8.560850000000002
ENSG00000106344,ENSMUSG00000029701,81.24875,18.75125
ENSG00000003393,ENSMUSG00000026024,92.14054999999999,7.85945000000001
ENSG00000018625,ENSMUSG00000007097,99.1176,0.8824000000000041
ENSG00000139132,ENSMUSG00000022788,77.81615,22.183850000000007
ENSG00000154174,ENSMUSG00000022752,93.02765,6.972350000000006
ENSG00000152102,ENSMUSG00000037503,95.33355,4.6664499999999975
ENSG00000054965,ENSMUSG00000029461,95.1923,4.807699999999997
ENSG00000163684,ENSMUSG00000023156,84.55845,15.441550000000007
ENSG00000169718,ENSMUSG00000025155,91.13965,8.860349999999997
ENSG00000083457,ENSMUSG00000005947,69.8228,30.1772
ENSG00000167674,ENSMUSG00000002833,81.2476,18.752399999999994
ENSG00000166503,ENSMUSG00000025104,96.08075,3.9192500000000052
ENSG00000183783,ENSMUSG00000037653,95.04835,4.951650000000001
ENSG00000178127,ENSMUSG00000024099,92.1533,7.8466999999999985
ENSG00000114013,ENSMUSG00000022901,47.695750000000004,52.304249999999996
ENSG00000140939,ENSMUSG00000014776,79.96940000000001,20.030599999999993
ENSG00000152229,ENSMUSG00000025429,87.4251,12.5749
ENSG00000142544,ENSMUSG00000038888,79.60595,20.394049999999993
ENSG00000138709,ENSMUSG00000025762,43.25505,56.74495
ENSG00000186280,ENSMUSG00000053914,69.9046,30.095399999999998
ENSG00000142698,ENSMUSG00000028813,72.362,27.638000000000005
ENSG00000099917,ENSMUSG00000012114,91.18585,8.814149999999998
ENSG00000140682,ENSMUSG00000030782,91.3232,8.6768
ENSG00000175354,ENSMUSG00000024539,89.65755,10.34245
ENSG00000114742,ENSMUSG00000032512,98.8914,1.1085999999999956
ENSG00000137411,ENSMUSG00000038838,83.6554,16.3446
ENSG00000183921,ENSMUSG00000109392,84.26050000000001,15.739499999999992
ENSG00000158411,ENSMUSG00000026088,84.739,15.260999999999996
ENSG00000198947,ENSMUSG00000045103,91.18575000000001,8.814249999999987
ENSG00000114698,ENSMUSG00000032377,79.69630000000001,20.303699999999992
ENSG00000166169,ENSMUSG00000025218,82.57865,17.421350000000004
ENSG00000178607,ENSMUSG00000020715,93.1423,6.857699999999994
ENSG00000164176,ENSMUSG00000034488,95.625,4.375
ENSG00000185338,ENSMUSG00000038037,95.50880000000001,4.491199999999992
ENSG00000118369,ENSMUSG00000035713,89.2963,10.703699999999998
ENSG00000176095,ENSMUSG00000032594,95.88900000000001,4.11099999999999
ENSG00000164692,ENSMUSG00000029661,89.70095,10.299049999999994
ENSG00000179284,ENSMUSG00000053226,62.0392,37.9608
ENSG00000147869,ENSMUSG00000038192,67.90934999999999,32.09065000000001
ENSG00000022277,ENSMUSG00000027502,88.0916,11.9084
ENSG00000145293,ENSMUSG00000029326,93.82794999999999,6.172050000000013
ENSG00000165802,ENSMUSG00000006476,94.1623,5.837699999999998
ENSG00000106524,ENSMUSG00000036188,88.9899,11.010099999999994
ENSG00000185019,ENSMUSG00000027300,79.44470000000001,20.55529999999999
ENSG00000108256,ENSMUSG00000037857,94.3047,5.695300000000003
ENSG00000198918,ENSMUSG00000079641,100.0,0.0
ENSG00000164306,ENSMUSG00000038225,73.8702,26.129800000000003
ENSG00000100139,ENSMUSG00000033039,77.55465000000001,22.44534999999999
ENSG00000181789,ENSMUSG00000030058,97.254,2.745999999999995
ENSG00000158623,ENSMUSG00000025607,97.589,2.4110000000000014
ENSG00000170786,ENSMUSG00000028236,79.9353,20.064700000000002
ENSG00000135821,ENSMUSG00000026473,82.4784,17.521600000000007
ENSG00000060762,ENSMUSG00000023861,58.375,41.625
ENSG00000198841,ENSMUSG00000073775,76.59715,23.40285
ENSG00000163681,ENSMUSG00000021870,92.235,7.765000000000001
ENSG00000171798,ENSMUSG00000066129,76.941,23.058999999999997
ENSG00000131409,ENSMUSG00000047085,96.6252,3.3747999999999934
ENSG00000135315,ENSMUSG00000056919,75.196,24.804000000000002
ENSG00000106772,ENSMUSG00000039126,67.98445,32.015550000000005
ENSG00000179914,ENSMUSG00000038209,81.1502,18.849800000000002
ENSG00000240065,ENSMUSG00000096727,88.1279,11.872100000000003
ENSG00000011007,ENSMUSG00000028668,82.58905,17.41095
ENSG00000205981,ENSMUSG00000027679,71.2031,28.796899999999994
ENSG00000148400,ENSMUSG00000026923,91.07554999999999,8.924450000000007
ENSG00000186642,ENSMUSG00000110195,93.60435000000001,6.395649999999989
ENSG00000163354,ENSMUSG00000109293,69.36495,30.635050000000007
ENSG00000149635,ENSMUSG00000027670,63.039449999999995,36.960550000000005
ENSG00000164935,ENSMUSG00000022303,74.2553,25.744699999999995
ENSG00000163357,ENSMUSG00000042672,70.2594,29.7406
ENSG00000112996,ENSMUSG00000021731,73.3266,26.6734
ENSG00000129559,ENSMUSG00000010376,98.7654,1.2346000000000004
ENSG00000177409,ENSMUSG00000047735,72.14685,27.85315
ENSG00000254122,ENSMUSG00000104063,82.0237,17.976299999999995
ENSG00000061938,ENSMUSG00000022791,92.53055,7.469449999999995
ENSG00000138375,ENSMUSG00000039354,73.2168,26.783199999999994
ENSG00000171700,ENSMUSG00000002458,85.4905,14.509500000000003
ENSG00000196998,ENSMUSG00000039382,97.7778,2.222200000000001
ENSG00000258436,ENSMUSG00000068407,67.81139999999999,32.18860000000001
ENSG00000103994,ENSMUSG00000027288,77.80885,22.191149999999993
ENSG00000196407,ENSMUSG00000028148,77.172,22.828000000000003
ENSG00000146839,ENSMUSG00000079173,30.78685,69.21315
ENSG00000150261,ENSMUSG00000075197,80.31675,19.68325
ENSG00000172199,ENSMUSG00000075200,85.71979999999999,14.280200000000008
ENSG00000279961,ENSMUSG00000050577,81.18690000000001,18.81309999999999
ENSG00000112077,ENSMUSG00000023926,74.70385,25.296149999999997
ENSG00000132677,ENSMUSG00000104445,84.77635000000001,15.223649999999992
ENSG00000140519,ENSMUSG00000030549,76.3851,23.614900000000006
ENSG00000118434,ENSMUSG00000028264,69.13855,30.861450000000005
ENSG00000156313,ENSMUSG00000031174,42.19545,57.80455
ENSG00000170396,ENSMUSG00000070866,66.83365,33.166349999999994
ENSG00000100802,ENSMUSG00000022179,87.11840000000001,12.881599999999992
ENSG00000143942,ENSMUSG00000020309,92.29055,7.709450000000004
ENSG00000128965,ENSMUSG00000027313,88.09035,11.90965
ENSG00000120279,ENSMUSG00000046916,76.59575,23.404250000000005
ENSG00000119986,ENSMUSG00000018821,74.76284999999999,25.237150000000014
ENSG00000108395,ENSMUSG00000018548,92.67554999999999,7.324450000000013
ENSG00000241058,ENSMUSG00000026707,80.63935000000001,19.360649999999993
ENSG00000170365,ENSMUSG00000031681,99.1398,0.8602000000000061
ENSG00000171161,ENSMUSG00000049755,76.32745,23.67255
ENSG00000163545,ENSMUSG00000009772,85.8786,14.121399999999994
ENSG00000143772,ENSMUSG00000038855,77.64865,22.351349999999996
ENSG00000196821,ENSMUSG00000056692,96.10865,3.8913500000000028
ENSG00000152503,ENSMUSG00000033949,91.08,8.920000000000002
ENSG00000087116,ENSMUSG00000036545,88.44890000000001,11.551099999999991
ENSG00000135974,ENSMUSG00000010290,85.3448,14.655199999999994
ENSG00000005302,ENSMUSG00000031358,87.95535000000001,12.04464999999999
ENSG00000123562,ENSMUSG00000031422,95.1389,4.861099999999993
ENSG00000185787,ENSMUSG00000062270,100.0,0.0
ENSG00000091640,ENSMUSG00000018287,96.9163,3.0836999999999932
ENSG00000175416,ENSMUSG00000047547,84.2795,15.720500000000001
ENSG00000196388,ENSMUSG00000057054,61.6773,38.3227
ENSG00000167978,ENSMUSG00000039218,87.00975,12.990250000000003
ENSG00000184507,ENSMUSG00000041358,65.19375,34.806250000000006
ENSG00000147183,ENSMUSG00000072995,41.4596,58.5404
ENSG00000148814,ENSMUSG00000015980,55.652950000000004,44.347049999999996
ENSG00000169717,ENSMUSG00000051276,80.6366,19.3634
ENSG00000198146,ENSMUSG00000040321,75.50905,24.490949999999998
ENSG00000187258,ENSMUSG00000043659,89.2183,10.7817
ENSG00000114735,ENSMUSG00000032579,78.46674999999999,21.53325000000001
ENSG00000164074,ENSMUSG00000037818,91.3793,8.6207
ENSG00000135220,ENSMUSG00000035780,66.92089999999999,33.07910000000001
ENSG00000169347,ENSMUSG00000030954,60.368,39.632
ENSG00000100104,ENSMUSG00000029346,58.5137,41.4863
ENSG00000113578,ENSMUSG00000036585,95.4839,4.5160999999999945
ENSG00000175084,ENSMUSG00000026208,97.5507,2.449299999999994
ENSG00000189410,ENSMUSG00000045349,87.7978,12.202200000000005
ENSG00000071203,ENSMUSG00000101031,51.7011,48.2989
ENSG00000167941,ENSMUSG00000001494,87.7378,12.262200000000007
ENSG00000171243,ENSMUSG00000036169,94.6602,5.339799999999997
ENSG00000183034,ENSMUSG00000050201,85.15559999999999,14.844400000000007
ENSG00000171163,ENSMUSG00000037243,75.2479,24.7521
ENSG00000204576,ENSMUSG00000038500,82.542,17.458
ENSG00000119139,ENSMUSG00000024812,84.8739,15.126099999999994
ENSG00000152128,ENSMUSG00000026347,91.16145,8.838549999999998
ENSG00000095203,ENSMUSG00000028434,90.38355,9.61645
ENSG00000154975,ENSMUSG00000056158,100.0,0.0
ENSG00000134376,ENSMUSG00000063681,76.20065,23.799350000000004
ENSG00000180875,ENSMUSG00000050069,95.2381,4.761899999999997
ENSG00000166923,ENSMUSG00000074934,97.8261,2.1739000000000033
ENSG00000158747,ENSMUSG00000041120,93.59985,6.4001499999999965
ENSG00000172893,ENSMUSG00000058454,88.09285,11.907150000000001
ENSG00000149809,ENSMUSG00000024799,85.8852,14.114800000000002
ENSG00000143815,ENSMUSG00000004880,79.61945,20.38055
ENSG00000050767,ENSMUSG00000063564,90.11695,9.883049999999997
ENSG00000063244,ENSMUSG00000030435,99.7895,0.21049999999999613
ENSG00000273820,ENSMUSG00000046269,96.347,3.653000000000006
ENSG00000151092,ENSMUSG00000021785,84.7514,15.248599999999996
ENSG00000126882,ENSMUSG00000050592,97.1731,2.826899999999995
ENSG00000188859,ENSMUSG00000060568,100.0,0.0
ENSG00000187969,ENSMUSG00000031330,57.74625,42.25375
ENSG00000169714,ENSMUSG00000030057,99.7191,0.2809000000000026
ENSG00000147905,ENSMUSG00000035649,64.3914,35.608599999999996
ENSG00000131732,ENSMUSG00000021621,83.3948,16.605199999999996
ENSG00000197766,ENSMUSG00000061780,64.85265,35.14735
ENSG00000196092,ENSMUSG00000014030,99.2327,0.7673000000000059
ENSG00000143575,ENSMUSG00000027944,80.85895,19.141050000000007
ENSG00000168594,ENSMUSG00000046258,54.7773,45.2227
ENSG00000085721,ENSMUSG00000022682,87.22389999999999,12.776100000000014
ENSG00000140853,ENSMUSG00000074151,63.327200000000005,36.672799999999995
ENSG00000141068,ENSMUSG00000018334,88.589,11.411000000000001
ENSG00000171951,ENSMUSG00000050711,81.8476,18.1524
ENSG00000152580,ENSMUSG00000036334,65.13525,34.86475
ENSG00000119280,ENSMUSG00000031983,78.89529999999999,21.10470000000001
ENSG00000185069,ENSMUSG00000075402,78.0216,21.978399999999993
ENSG00000197980,ENSMUSG00000074579,75.54284999999999,24.457150000000013
ENSG00000181323,ENSMUSG00000041165,67.85155,32.14845
ENSG00000100884,ENSMUSG00000022212,97.6661,2.3339
ENSG00000120008,ENSMUSG00000042055,94.23785,5.762150000000005
ENSG00000112078,ENSMUSG00000005936,90.6921,9.307900000000004
ENSG00000148925,ENSMUSG00000038187,90.61175,9.38825
ENSG00000106648,ENSMUSG00000028938,63.6276,36.3724
ENSG00000174748,ENSMUSG00000012405,100.0,0.0
ENSG00000115233,ENSMUSG00000026914,100.0,0.0
ENSG00000101327,ENSMUSG00000027400,64.55105,35.448949999999996
ENSG00000181195,ENSMUSG00000045573,82.6171,17.382900000000006
ENSG00000168081,ENSMUSG00000045731,74.3514,25.648600000000002
ENSG00000197562,ENSMUSG00000025730,99.2883,0.7116999999999933
ENSG00000164751,ENSMUSG00000040374,87.8689,12.131100000000004
ENSG00000143036,ENSMUSG00000039865,80.82544999999999,19.17455000000001
ENSG00000171509,ENSMUSG00000034009,85.14855,14.85145
ENSG00000184148,ENSMUSG00000045566,70.99435,29.005650000000003
ENSG00000188352,ENSMUSG00000038368,83.91225,16.08775
ENSG00000131503,ENSMUSG00000024483,92.92745,7.072550000000007
ENSG00000132466,ENSMUSG00000055204,94.6087,5.391300000000001
ENSG00000134250,ENSMUSG00000027878,92.5162,7.483800000000002
ENSG00000124191,ENSMUSG00000074607,92.5817,7.418300000000002
ENSG00000145246,ENSMUSG00000046808,83.53375,16.466250000000002
ENSG00000184163,ENSMUSG00000023571,70.82655,29.173450000000003
ENSG00000197261,ENSMUSG00000054951,40.898700000000005,59.101299999999995
ENSG00000105792,ENSMUSG00000040473,83.90865,16.091350000000006
ENSG00000125378,ENSMUSG00000021835,97.3039,2.6961000000000013
ENSG00000175121,ENSMUSG00000040154,66.67635,33.32365
ENSG00000077238,ENSMUSG00000030748,52.726150000000004,47.273849999999996
ENSG00000159450,ENSMUSG00000052415,39.78805,60.21195
ENSG00000154655,ENSMUSG00000041565,81.0769,18.923100000000005
ENSG00000275489,ENSMUSG00000018543,77.02345,22.976550000000003
ENSG00000148660,ENSMUSG00000021820,97.69715,2.3028500000000065
ENSG00000110442,ENSMUSG00000027163,89.899,10.100999999999999
ENSG00000177045,ENSMUSG00000040841,86.57325,13.426749999999998
ENSG00000054611,ENSMUSG00000051864,90.02914999999999,9.970850000000013
ENSG00000169495,ENSMUSG00000037406,66.11404999999999,33.88595000000001
ENSG00000149527,ENSMUSG00000029055,80.76795,19.23205
ENSG00000066629,ENSMUSG00000058070,96.1326,3.8674000000000035
ENSG00000125746,ENSMUSG00000040811,94.1448,5.855199999999996
ENSG00000100968,ENSMUSG00000023411,92.62345,7.376549999999995
ENSG00000143858,ENSMUSG00000026452,97.74205,2.257949999999994
ENSG00000104899,ENSMUSG00000035262,72.53354999999999,27.46645000000001
ENSG00000090924,ENSMUSG00000037552,71.5418,28.458200000000005
ENSG00000188243,ENSMUSG00000075486,83.73225,16.267750000000007
ENSG00000168259,ENSMUSG00000014195,97.166,2.834000000000003
ENSG00000130988,ENSMUSG00000023070,88.6288,11.371200000000002
ENSG00000122122,ENSMUSG00000031101,95.0,5.0
ENSG00000123091,ENSMUSG00000028557,99.3506,0.6494
ENSG00000175040,ENSMUSG00000033350,94.9057,5.094300000000004
ENSG00000172457,ENSMUSG00000075211,87.1795,12.820499999999996
ENSG00000181785,ENSMUSG00000075158,79.58805,20.411950000000004
ENSG00000148215,ENSMUSG00000049018,84.09020000000001,15.90979999999999
ENSG00000198283,ENSMUSG00000046272,84.73485,15.265150000000006
ENSG00000172365,ENSMUSG00000046913,73.0212,26.978800000000007
ENSG00000241356,ENSMUSG00000046590,21.90495,78.09505
ENSG00000010626,ENSMUSG00000030125,78.186,21.813999999999993
ENSG00000012171,ENSMUSG00000057969,88.6515,11.348500000000001
ENSG00000222046,ENSMUSG00000078552,66.98885,33.01115
ENSG00000118482,ENSMUSG00000048874,78.7903,21.209699999999998
ENSG00000137547,ENSMUSG00000033845,90.0172,9.982799999999997
ENSG00000204231,ENSMUSG00000039656,87.38275,12.617249999999999
ENSG00000163710,ENSMUSG00000015354,87.33425,12.665750000000003
ENSG00000064490,ENSMUSG00000036120,85.16409999999999,14.83590000000001
ENSG00000149609,ENSMUSG00000038523,48.1902,51.8098
ENSG00000155660,ENSMUSG00000025823,88.18125,11.818749999999994
ENSG00000111245,ENSMUSG00000013936,96.3855,3.6145000000000067
ENSG00000126778,ENSMUSG00000051367,99.2958,0.7042000000000002
ENSG00000159873,ENSMUSG00000020482,78.4183,21.581699999999998
ENSG00000132510,ENSMUSG00000018476,92.32645,7.673550000000006
ENSG00000139988,ENSMUSG00000021123,86.3924,13.607600000000005
ENSG00000154822,ENSMUSG00000038910,96.7628,3.2372000000000014
ENSG00000100918,ENSMUSG00000002324,73.3962,26.603800000000007
ENSG00000148985,ENSMUSG00000030990,85.33935,14.660650000000004
ENSG00000228594,ENSMUSG00000074738,83.74535,16.254649999999998
ENSG00000144118,ENSMUSG00000004451,95.1456,4.854399999999998
ENSG00000166924,ENSMUSG00000045348,91.87785,8.122150000000005
ENSG00000144460,ENSMUSG00000054976,92.4046,7.595399999999998
ENSG00000179218,ENSMUSG00000003814,94.3579,5.642099999999999
ENSG00000269058,ENSMUSG00000019732,82.9866,17.013400000000004
ENSG00000127022,ENSMUSG00000020368,93.3221,6.677899999999994
ENSG00000153132,ENSMUSG00000002190,80.0983,19.901700000000005
ENSG00000177674,ENSMUSG00000029007,76.878,23.122
ENSG00000101246,ENSMUSG00000038671,97.0149,2.9851000000000028
ENSG00000011114,ENSMUSG00000041702,93.4572,6.5428
ENSG00000154269,ENSMUSG00000019989,80.8462,19.153800000000004
ENSG00000147003,ENSMUSG00000015401,84.6847,15.315299999999993
ENSG00000072818,ENSMUSG00000001588,93.1081,6.891900000000007
ENSG00000123595,ENSMUSG00000079316,95.5224,4.477599999999995
ENSG00000047932,ENSMUSG00000019861,90.8109,9.189099999999996
ENSG00000215644,ENSMUSG00000025127,81.08670000000001,18.913299999999992
ENSG00000172568,ENSMUSG00000048721,84.4461,15.553899999999999
ENSG00000119121,ENSMUSG00000024727,78.12365,21.876350000000002
ENSG00000134910,ENSMUSG00000032116,99.4326,0.5674000000000063
ENSG00000169439,ENSMUSG00000022261,83.8715,16.128500000000003
ENSG00000231925,ENSMUSG00000024308,73.1137,26.886300000000006
ENSG00000148343,ENSMUSG00000026858,92.5801,7.419899999999998
ENSG00000180488,ENSMUSG00000054942,84.8333,15.166700000000006
ENSG00000196421,ENSMUSG00000108976,60.477900000000005,39.522099999999995
ENSG00000140451,ENSMUSG00000041064,86.54235,13.457650000000001
ENSG00000173548,ENSMUSG00000032733,94.7735,5.2265000000000015
ENSG00000126249,ENSMUSG00000002635,70.64195000000001,29.35804999999999
ENSG00000075388,ENSMUSG00000050917,81.38034999999999,18.619650000000007
ENSG00000262406,ENSMUSG00000049723,61.50645,38.49355
ENSG00000187905,ENSMUSG00000022759,67.9439,32.0561
ENSG00000100565,ENSMUSG00000059114,70.50635,29.493650000000002
ENSG00000182180,ENSMUSG00000049960,90.44605,9.55395
ENSG00000178096,ENSMUSG00000015943,81.0219,18.978099999999998
ENSG00000164902,ENSMUSG00000008301,86.53275,13.467250000000007
ENSG00000073578,ENSMUSG00000021577,94.7289,5.271100000000004
ENSG00000079387,ENSMUSG00000033075,88.31864999999999,11.681350000000009
ENSG00000118308,ENSMUSG00000030263,67.5377,32.4623
ENSG00000072952,ENSMUSG00000005611,81.75625,18.243750000000006
ENSG00000113328,ENSMUSG00000020326,92.36019999999999,7.639800000000008
ENSG00000163132,ENSMUSG00000048450,93.7294,6.270600000000002
ENSG00000170608,ENSMUSG00000040891,88.19505000000001,11.804949999999991
ENSG00000148426,ENSMUSG00000045319,59.2547,40.7453
ENSG00000161558,ENSMUSG00000002781,83.96955,16.030450000000002
ENSG00000095209,ENSMUSG00000028420,72.38445,27.61555
ENSG00000072954,ENSMUSG00000031791,91.12254999999999,8.87745000000001
ENSG00000145247,ENSMUSG00000029153,84.4156,15.584400000000002
ENSG00000109180,ENSMUSG00000029152,85.7738,14.226200000000006
ENSG00000164209,ENSMUSG00000024259,88.9952,11.004800000000003
ENSG00000100226,ENSMUSG00000042535,97.23265,2.7673499999999933
ENSG00000125691,ENSMUSG00000071415,100.0,0.0
ENSG00000164185,ENSMUSG00000046886,68.11205000000001,31.88794999999999
ENSG00000020577,ENSMUSG00000021838,95.59365,4.406350000000003
ENSG00000196542,ENSMUSG00000043461,85.5263,14.473699999999994
ENSG00000165389,ENSMUSG00000044408,98.5916,1.4084000000000003
ENSG00000174606,ENSMUSG00000026634,85.4779,14.522099999999995
ENSG00000197241,ENSMUSG00000062064,74.84299999999999,25.15700000000001
ENSG00000143643,ENSMUSG00000037300,93.67025000000001,6.32974999999999
ENSG00000136928,ENSMUSG00000039809,98.033,1.9669999999999987
ENSG00000196171,ENSMUSG00000055033,84.03285,15.967150000000004
ENSG00000100412,ENSMUSG00000022477,96.7949,3.2051000000000016
ENSG00000139517,ENSMUSG00000016520,89.76075,10.239249999999998
ENSG00000179270,ENSMUSG00000044375,58.4347,41.5653
ENSG00000085382,ENSMUSG00000038822,97.1397,2.860299999999995
ENSG00000221821,ENSMUSG00000062619,47.615899999999996,52.384100000000004
ENSG00000254685,ENSMUSG00000053870,73.48055,26.519450000000006
ENSG00000169252,ENSMUSG00000045730,87.60845,12.391549999999995
ENSG00000136883,ENSMUSG00000028357,80.83770000000001,19.162299999999988
ENSG00000110619,ENSMUSG00000010755,89.651,10.349000000000004
ENSG00000134905,ENSMUSG00000056228,77.7868,22.2132
ENSG00000010610,ENSMUSG00000023274,54.86345,45.13655
ENSG00000136834,ENSMUSG00000075384,77.18090000000001,22.81909999999999
ENSG00000171206,ENSMUSG00000025034,97.6407,2.3593000000000046
ENSG00000102158,ENSMUSG00000031232,89.5287,10.4713
ENSG00000104723,ENSMUSG00000118664,98.2759,1.724100000000007
ENSG00000127928,ENSMUSG00000029663,97.2973,2.702699999999993
ENSG00000127920,ENSMUSG00000032766,100.0,0.0
ENSG00000167083,ENSMUSG00000038811,82.6087,17.3913
ENSG00000174021,ENSMUSG00000068523,100.0,0.0
ENSG00000133136,ENSMUSG00000117145,88.2353,11.764700000000005
ENSG00000242616,ENSMUSG00000038607,95.5882,4.4117999999999995
ENSG00000110583,ENSMUSG00000024764,98.7342,1.2657999999999987
ENSG00000139410,ENSMUSG00000029596,80.5471,19.4529
ENSG00000151718,ENSMUSG00000031563,86.67545000000001,13.324549999999988
ENSG00000113645,ENSMUSG00000018849,91.92755,8.072450000000003
ENSG00000040487,ENSMUSG00000028744,85.9599,14.040099999999995
ENSG00000027644,ENSMUSG00000005640,89.02595,10.974050000000005
ENSG00000181924,ENSMUSG00000044881,87.3563,12.643699999999995
ENSG00000106018,ENSMUSG00000011171,86.17155,13.828450000000004
ENSG00000139842,ENSMUSG00000031446,95.1252,4.874799999999993
ENSG00000145824,ENSMUSG00000021508,94.9495,5.0504999999999995
ENSG00000198440,ENSMUSG00000030443,82.6738,17.3262
ENSG00000198939,ENSMUSG00000049321,85.6526,14.347399999999993
ENSG00000019995,ENSMUSG00000030967,99.2938,0.7061999999999955
ENSG00000117385,ENSMUSG00000028641,87.8648,12.135199999999998
ENSG00000164877,ENSMUSG00000036718,56.941050000000004,43.058949999999996
ENSG00000181617,ENSMUSG00000105888,44.972,55.028
ENSG00000145723,ENSMUSG00000026333,85.7705,14.229500000000002
ENSG00000100209,ENSMUSG00000043510,73.34790000000001,26.65209999999999
ENSG00000137124,ENSMUSG00000035561,93.82275,6.177250000000001
ENSG00000090054,ENSMUSG00000021468,91.7548,8.245199999999997
ENSG00000170915,ENSMUSG00000025931,94.0678,5.932199999999995
ENSG00000007908,ENSMUSG00000026582,72.66795,27.332049999999995
ENSG00000100281,ENSMUSG00000034518,87.36699999999999,12.63300000000001
ENSG00000172262,ENSMUSG00000094870,93.88185,6.11815
ENSG00000198286,ENSMUSG00000036526,92.1144,7.885599999999997
ENSG00000112706,ENSMUSG00000032343,66.3323,33.667699999999996
ENSG00000081148,ENSMUSG00000035270,71.1756,28.824399999999997
ENSG00000135902,ENSMUSG00000026251,87.561,12.438999999999993
ENSG00000072786,ENSMUSG00000020272,88.52125,11.478750000000005
ENSG00000183801,ENSMUSG00000051041,63.72645,36.27355
ENSG00000101892,ENSMUSG00000016327,88.86195000000001,11.138049999999993
ENSG00000186009,ENSMUSG00000031449,83.07915,16.92085
ENSG00000143153,ENSMUSG00000026576,93.90469999999999,6.095300000000009
ENSG00000069849,ENSMUSG00000032412,73.60884999999999,26.39115000000001
ENSG00000129244,ENSMUSG00000041329,97.2414,2.7586000000000013
ENSG00000073331,ENSMUSG00000028028,71.92115000000001,28.07884999999999
ENSG00000106348,ENSMUSG00000003500,91.09735,8.902649999999994
ENSG00000183570,ENSMUSG00000001120,97.3046,2.6954000000000065
ENSG00000183324,ENSMUSG00000074269,67.82159999999999,32.17840000000001
ENSG00000164062,ENSMUSG00000032590,91.3934,8.6066
ENSG00000184361,ENSMUSG00000044787,37.7877,62.2123
ENSG00000085760,ENSMUSG00000020459,81.293,18.706999999999994
ENSG00000149792,ENSMUSG00000007338,83.1325,16.867500000000007
ENSG00000105778,ENSMUSG00000029787,91.4418,8.5582
ENSG00000168918,ENSMUSG00000026288,87.64715,12.352850000000004
ENSG00000180881,ENSMUSG00000035694,69.34195,30.658050000000003
ENSG00000080493,ENSMUSG00000060961,95.63685000000001,4.36314999999999
ENSG00000105443,ENSMUSG00000003269,99.2481,0.7519000000000062
ENSG00000185650,ENSMUSG00000021127,98.5207,1.479299999999995
ENSG00000138771,ENSMUSG00000029381,71.48005,28.519949999999994
ENSG00000164944,ENSMUSG00000040720,95.7218,4.278199999999998
ENSG00000146281,ENSMUSG00000054659,81.8943,18.1057
ENSG00000069812,ENSMUSG00000028940,69.25375,30.746250000000003
ENSG00000016402,ENSMUSG00000020007,64.2428,35.7572
ENSG00000143158,ENSMUSG00000026568,92.126,7.873999999999995
ENSG00000162591,ENSMUSG00000057751,77.29645,22.703550000000007
ENSG00000143105,ENSMUSG00000042861,93.7378,6.262200000000007
ENSG00000171729,ENSMUSG00000040616,85.2644,14.735600000000005
ENSG00000123349,ENSMUSG00000001289,99.3506,0.6494
ENSG00000235718,ENSMUSG00000034739,69.4768,30.523200000000003
ENSG00000138161,ENSMUSG00000040205,70.5107,29.4893
ENSG00000143622,ENSMUSG00000028057,94.9772,5.022800000000004
ENSG00000272333,ENSMUSG00000006307,90.54464999999999,9.45535000000001
ENSG00000185133,ENSMUSG00000034570,82.23015000000001,17.76984999999999
ENSG00000072415,ENSMUSG00000021112,96.7407,3.259299999999996
ENSG00000105583,ENSMUSG00000059355,100.0,0.0
ENSG00000157423,ENSMUSG00000059854,77.412,22.587999999999994
ENSG00000198216,ENSMUSG00000004110,95.73339999999999,4.266600000000011
ENSG00000086062,ENSMUSG00000028413,86.57480000000001,13.42519999999999
ENSG00000068796,ENSMUSG00000021693,97.78085,2.219149999999999
ENSG00000183671,ENSMUSG00000046856,80.22665,19.773349999999994
ENSG00000271824,ENSMUSG00000110086,93.2039,6.796099999999996
ENSG00000197591,ENSMUSG00000043880,76.8994,23.1006
ENSG00000125170,ENSMUSG00000040631,98.31049999999999,1.6895000000000095
ENSG00000109906,ENSMUSG00000066687,96.7311,3.268900000000002
ENSG00000160957,ENSMUSG00000033762,65.5123,34.487700000000004
ENSG00000175274,ENSMUSG00000068735,90.4762,9.523799999999994
ENSG00000105409,ENSMUSG00000040907,98.97409999999999,1.0259000000000071
ENSG00000127483,ENSMUSG00000028759,90.3343,9.665700000000001
ENSG00000141646,ENSMUSG00000024515,98.45885000000001,1.5411499999999876
ENSG00000124562,ENSMUSG00000024217,99.3711,0.6289000000000016
ENSG00000174611,ENSMUSG00000035606,90.469,9.531000000000006
ENSG00000167065,ENSMUSG00000047205,82.4468,17.553200000000004
ENSG00000112175,ENSMUSG00000032179,93.1718,6.828199999999995
ENSG00000113916,ENSMUSG00000022508,94.69220000000001,5.307799999999986
ENSG00000182600,ENSMUSG00000026258,80.9917,19.008300000000006
ENSG00000118473,ENSMUSG00000028524,94.92155,5.078450000000004
ENSG00000153406,ENSMUSG00000063445,84.6154,15.384600000000006
ENSG00000235118,ENSMUSG00000115378,77.9006,22.099400000000003
ENSG00000283267,ENSMUSG00000073234,74.58855,25.411450000000002
ENSG00000068831,ENSMUSG00000032946,96.30245,3.6975500000000068
ENSG00000173914,ENSMUSG00000033760,96.6488,3.3512000000000057
ENSG00000173933,ENSMUSG00000094936,96.55335,3.4466500000000053
ENSG00000103257,ENSMUSG00000040010,91.46440000000001,8.535599999999988
ENSG00000270765,ENSMUSG00000020686,68.05494999999999,31.94505000000001
ENSG00000168994,ENSMUSG00000021411,92.2078,7.792199999999994
ENSG00000183287,ENSMUSG00000046318,89.68115,10.318849999999998
ENSG00000143995,ENSMUSG00000020160,89.34245,10.65755
ENSG00000100583,ENSMUSG00000090812,39.7911,60.2089
ENSG00000135185,ENSMUSG00000079659,97.4576,2.5424000000000007
ENSG00000196449,ENSMUSG00000028889,85.5101,14.489900000000006
ENSG00000183963,ENSMUSG00000020439,77.61425,22.38575
ENSG00000031081,ENSMUSG00000022799,78.35825,21.641750000000002
ENSG00000181467,ENSMUSG00000036894,100.0,0.0
ENSG00000147526,ENSMUSG00000065954,75.54725,24.452749999999995
ENSG00000104957,ENSMUSG00000004994,79.145,20.855000000000004
ENSG00000105248,ENSMUSG00000003208,81.0209,18.979100000000003
ENSG00000272047,ENSMUSG00000034345,98.5916,1.4084000000000003
ENSG00000165181,ENSMUSG00000038598,59.4227,40.5773
ENSG00000125485,ENSMUSG00000026806,76.47295,23.527050000000003
ENSG00000272674,ENSMUSG00000046387,75.31765,24.68235
ENSG00000249915,ENSMUSG00000021576,98.9529,1.0471000000000004
ENSG00000006695,ENSMUSG00000042148,81.9413,18.0587
ENSG00000173085,ENSMUSG00000029319,79.1959,20.804100000000005
ENSG00000126088,ENSMUSG00000028684,92.9155,7.084500000000006
ENSG00000114120,ENSMUSG00000032449,96.1415,3.8585000000000065
ENSG00000072858,ENSMUSG00000022696,91.3812,8.618799999999993
ENSG00000149577,ENSMUSG00000034908,95.4327,4.567300000000003
ENSG00000189325,ENSMUSG00000048905,47.69905,52.30095
ENSG00000165097,ENSMUSG00000038080,89.685,10.314999999999998
ENSG00000131373,ENSMUSG00000021884,87.6624,12.337599999999995
ENSG00000120327,ENSMUSG00000046191,78.64750000000001,21.352499999999992
ENSG00000167397,ENSMUSG00000096145,85.18844999999999,14.811550000000011
ENSG00000173193,ENSMUSG00000034422,63.13005,36.86995
ENSG00000183401,ENSMUSG00000006241,64.09105,35.908950000000004
ENSG00000087495,ENSMUSG00000027525,88.80940000000001,11.19059999999999
ENSG00000112462,ENSMUSG00000029184,79.04845,20.951549999999997
ENSG00000129990,ENSMUSG00000004961,91.1917,8.808300000000003
ENSG00000132024,ENSMUSG00000036686,82.68365,17.31635
ENSG00000154222,ENSMUSG00000028582,81.05924999999999,18.94075000000001
ENSG00000204815,ENSMUSG00000006784,77.8846,22.115399999999994
ENSG00000180354,ENSMUSG00000038065,97.7099,2.2900999999999954
ENSG00000142583,ENSMUSG00000028976,82.8343,17.1657
ENSG00000104312,ENSMUSG00000041135,84.33744999999999,15.66255000000001
ENSG00000121594,ENSMUSG00000075122,41.1152,58.8848
ENSG00000179859,ENSMUSG00000043419,78.4211,21.578900000000004
ENSG00000119397,ENSMUSG00000057110,80.7043,19.295699999999997
ENSG00000152495,ENSMUSG00000038128,81.5301,18.469899999999996
ENSG00000182022,ENSMUSG00000030930,92.5134,7.486599999999996
ENSG00000112559,ENSMUSG00000032717,79.2683,20.731700000000004
ENSG00000145888,ENSMUSG00000000263,98.0209,1.9791000000000025
ENSG00000158201,ENSMUSG00000002475,92.64760000000001,7.352399999999989
ENSG00000143994,ENSMUSG00000006638,51.3497,48.6503
ENSG00000140526,ENSMUSG00000039202,98.8235,1.1765000000000043
ENSG00000168792,ENSMUSG00000000686,86.95535,13.044650000000004
ENSG00000169919,ENSMUSG00000025534,74.5193,25.4807
ENSG00000170638,ENSMUSG00000015363,92.8191,7.180899999999994
ENSG00000115241,ENSMUSG00000029147,94.1189,5.8811000000000035
ENSG00000150637,ENSMUSG00000034028,52.61695,47.38305
ENSG00000168818,ENSMUSG00000029125,92.67585,7.324150000000003
ENSG00000099817,ENSMUSG00000004667,98.5714,1.428600000000003
ENSG00000196586,ENSMUSG00000033577,96.1625,3.8375000000000057
ENSG00000074590,ENSMUSG00000020032,90.9785,9.021500000000003
ENSG00000082397,ENSMUSG00000024044,61.634100000000004,38.365899999999996
ENSG00000108469,ENSMUSG00000020752,79.17044999999999,20.829550000000012
ENSG00000160049,ENSMUSG00000028974,76.1329,23.867099999999994
ENSG00000187288,ENSMUSG00000030278,78.06855,21.931449999999998
ENSG00000136305,ENSMUSG00000022219,85.3881,14.611900000000006
ENSG00000176194,ENSMUSG00000024526,83.02924999999999,16.97075000000001
ENSG00000132842,ENSMUSG00000021686,87.95125,12.048749999999998
ENSG00000128789,ENSMUSG00000024537,87.8788,12.121200000000002
ENSG00000127472,ENSMUSG00000041193,77.8192,22.180800000000005
ENSG00000204272,ENSMUSG00000086316,92.6471,7.352900000000005
ENSG00000066654,ENSMUSG00000030942,83.92755,16.072450000000003
ENSG00000178568,ENSMUSG00000062209,97.3242,2.6757999999999953
ENSG00000099822,ENSMUSG00000020331,93.1712,6.828800000000001
ENSG00000126561,ENSMUSG00000004043,96.28235000000001,3.717649999999992
ENSG00000173757,ENSMUSG00000020919,96.63069999999999,3.3693000000000097
ENSG00000166888,ENSMUSG00000002147,85.9888,14.011200000000002
ENSG00000112379,ENSMUSG00000019852,93.0299,6.970100000000002
ENSG00000164117,ENSMUSG00000038206,95.9248,4.075199999999995
ENSG00000110711,ENSMUSG00000024847,94.5455,5.454499999999996
ENSG00000129221,ENSMUSG00000040554,80.83715000000001,19.16284999999999
ENSG00000113946,ENSMUSG00000038148,92.3404,7.6595999999999975
ENSG00000130396,ENSMUSG00000068036,93.27510000000001,6.724899999999991
ENSG00000123838,ENSMUSG00000026405,47.01935,52.98065
ENSG00000188032,ENSMUSG00000046408,80.1127,19.887299999999996
ENSG00000075891,ENSMUSG00000004231,99.2386,0.7613999999999947
ENSG00000140368,ENSMUSG00000032322,87.8461,12.153899999999993
ENSG00000085741,ENSMUSG00000015957,97.4576,2.5424000000000007
ENSG00000277972,ENSMUSG00000078695,73.59045,26.409549999999996
ENSG00000146587,ENSMUSG00000061898,79.2986,20.701400000000007
ENSG00000164631,ENSMUSG00000029587,80.9885,19.011499999999998
ENSG00000112033,ENSMUSG00000002250,92.39515,7.604849999999999
ENSG00000111843,ENSMUSG00000021361,84.07735,15.922650000000004
ENSG00000084734,ENSMUSG00000059434,87.981,12.019000000000005
ENSG00000168061,ENSMUSG00000024790,70.866,29.134
ENSG00000125285,ENSMUSG00000061517,99.6377,0.36230000000000473
ENSG00000157353,ENSMUSG00000033703,85.37325000000001,14.626749999999987
ENSG00000144115,ENSMUSG00000054474,83.14385,16.85615
ENSG00000166949,ENSMUSG00000032402,100.0,0.0
ENSG00000175387,ENSMUSG00000024563,96.788,3.2120000000000033
ENSG00000166897,ENSMUSG00000043460,95.8007,4.199299999999994
ENSG00000139865,ENSMUSG00000046782,60.6502,39.3498
ENSG00000087460,ENSMUSG00000027523,62.94055,37.05945
ENSG00000177542,ENSMUSG00000019082,95.6656,4.334400000000002
ENSG00000175970,ENSMUSG00000046562,90.4382,9.561800000000005
ENSG00000109103,ENSMUSG00000002058,91.6667,8.333299999999994
ENSG00000177679,ENSMUSG00000039860,89.47095,10.529049999999998
ENSG00000143546,ENSMUSG00000056054,57.170500000000004,42.829499999999996
ENSG00000286075,ENSMUSG00000118332,98.5294,1.4706000000000046
ENSG00000256537,ENSMUSG00000072704,85.93065,14.06935
ENSG00000167272,ENSMUSG00000060152,88.58315,11.416849999999997
ENSG00000156282,ENSMUSG00000055811,81.6964,18.303600000000003
ENSG00000142599,ENSMUSG00000039852,94.3028,5.697199999999995
ENSG00000111676,ENSMUSG00000004263,93.44985,6.550150000000002
ENSG00000186532,ENSMUSG00000018809,71.99074999999999,28.00925000000001
ENSG00000180730,ENSMUSG00000044461,92.5424,7.457599999999999
ENSG00000174780,ENSMUSG00000036323,96.2742,3.7258000000000067
ENSG00000104983,ENSMUSG00000074358,85.4351,14.564899999999994
ENSG00000179119,ENSMUSG00000049516,80.6149,19.385099999999994
ENSG00000184564,ENSMUSG00000045871,89.23265,10.767349999999993
ENSG00000142156,ENSMUSG00000001119,89.9174,10.0826
ENSG00000176148,ENSMUSG00000027175,84.6758,15.324200000000005
ENSG00000179041,ENSMUSG00000061024,90.6849,9.315100000000001
ENSG00000064933,ENSMUSG00000026098,74.8562,25.1438
ENSG00000104979,ENSMUSG00000019362,81.9203,18.079700000000003
ENSG00000115363,ENSMUSG00000035104,85.72874999999999,14.271250000000009
ENSG00000142694,ENSMUSG00000050212,89.97045,10.02955
ENSG00000121903,ENSMUSG00000061894,76.607,23.393
ENSG00000130997,ENSMUSG00000045102,71.37415,28.62585
ENSG00000169239,ENSMUSG00000031373,89.2744,10.7256
ENSG00000146469,ENSMUSG00000019772,79.1796,20.820400000000006
ENSG00000141433,ENSMUSG00000024256,82.62174999999999,17.37825000000001
ENSG00000118702,ENSMUSG00000027643,57.8524,42.1476
ENSG00000148356,ENSMUSG00000026792,87.7248,12.275199999999998
ENSG00000204237,ENSMUSG00000039670,51.822500000000005,48.177499999999995
ENSG00000104497,ENSMUSG00000027534,84.0116,15.988399999999999
ENSG00000131584,ENSMUSG00000029033,93.94125,6.058750000000003
ENSG00000117154,ENSMUSG00000040972,94.11775,5.882249999999999
ENSG00000147799,ENSMUSG00000033697,89.33914999999999,10.66085000000001
ENSG00000182993,ENSMUSG00000047515,54.472449999999995,45.527550000000005
ENSG00000160688,ENSMUSG00000042642,82.00735,17.992649999999998
ENSG00000250799,ENSMUSG00000036892,80.13255000000001,19.86744999999999
ENSG00000171608,ENSMUSG00000039936,94.50045,5.499549999999999
ENSG00000158615,ENSMUSG00000046062,68.23570000000001,31.76429999999999
ENSG00000087074,ENSMUSG00000040435,45.23655,54.76345
ENSG00000130731,ENSMUSG00000025731,86.2745,13.725499999999997
ENSG00000173612,ENSMUSG00000019905,80.04325,19.95675
ENSG00000162706,ENSMUSG00000005338,94.9628,5.037199999999999
ENSG00000196090,ENSMUSG00000053141,97.5161,2.4839000000000055
ENSG00000151413,ENSMUSG00000035142,88.0878,11.912199999999999
ENSG00000103274,ENSMUSG00000022503,89.0625,10.9375
ENSG00000095906,ENSMUSG00000039183,83.15465,16.845349999999996
ENSG00000037757,ENSMUSG00000004996,85.9079,14.092100000000002
ENSG00000117971,ENSMUSG00000035200,82.9816,17.0184
ENSG00000212657,ENSMUSG00000078253,71.2618,28.738200000000006
ENSG00000182732,ENSMUSG00000021219,97.7551,2.2449000000000012
ENSG00000154723,ENSMUSG00000022890,80.5556,19.4444
ENSG00000166136,ENSMUSG00000025204,81.1828,18.8172
ENSG00000120156,ENSMUSG00000006386,92.92394999999999,7.076050000000009
ENSG00000186118,ENSMUSG00000044556,66.84055000000001,33.15944999999999
ENSG00000165953,ENSMUSG00000041567,61.42695,38.57305
ENSG00000146038,ENSMUSG00000035910,83.28084999999999,16.719150000000013
ENSG00000147955,ENSMUSG00000036078,90.1345,9.865499999999997
ENSG00000165525,ENSMUSG00000020982,89.90934999999999,10.09065000000001
ENSG00000110435,ENSMUSG00000010914,85.0299,14.970100000000002
ENSG00000103485,ENSMUSG00000030674,82.88685000000001,17.11314999999999
ENSG00000170289,ENSMUSG00000056494,64.38225,35.61775
ENSG00000070729,ENSMUSG00000031789,71.64295,28.35705
ENSG00000107140,ENSMUSG00000028458,92.7375,7.262500000000003
ENSG00000077044,ENSMUSG00000070738,93.92005,6.079949999999997
ENSG00000100284,ENSMUSG00000042870,89.4309,10.569100000000006
ENSG00000141469,ENSMUSG00000059336,84.0915,15.908500000000004
ENSG00000132874,ENSMUSG00000024552,39.3525,60.6475
ENSG00000205937,ENSMUSG00000034681,100.0,0.0
ENSG00000163683,ENSMUSG00000037822,89.899,10.100999999999999
ENSG00000160310,ENSMUSG00000020230,84.3214,15.678600000000003
ENSG00000138433,ENSMUSG00000041777,78.2222,21.7778
ENSG00000134146,ENSMUSG00000057147,87.6404,12.3596
ENSG00000111737,ENSMUSG00000029518,100.0,0.0
ENSG00000087258,ENSMUSG00000031748,98.0226,1.977400000000003
ENSG00000180251,ENSMUSG00000026065,83.3856,16.614400000000003
ENSG00000153201,ENSMUSG00000003226,85.0719,14.9281
ENSG00000136861,ENSMUSG00000039298,69.25815,30.74185
ENSG00000178104,ENSMUSG00000038170,80.50115,19.498850000000004
ENSG00000183155,ENSMUSG00000042229,93.4959,6.504099999999994
ENSG00000204614,ENSMUSG00000073399,62.73394999999999,37.26605000000001
ENSG00000171017,ENSMUSG00000046589,90.38345,9.616550000000004
ENSG00000162594,ENSMUSG00000049093,67.88055,32.11945
ENSG00000100697,ENSMUSG00000041415,93.0695,6.930499999999995
ENSG00000179021,ENSMUSG00000059920,81.60045,18.399550000000005
ENSG00000161973,ENSMUSG00000045915,86.3924,13.607600000000005
ENSG00000186710,ENSMUSG00000094282,54.723749999999995,45.276250000000005
ENSG00000165972,ENSMUSG00000036168,61.717,38.283
ENSG00000163885,ENSMUSG00000048794,63.3989,36.6011
ENSG00000120451,ENSMUSG00000031993,81.64955,18.350449999999995
ENSG00000109762,ENSMUSG00000038291,80.13495,19.865049999999997
ENSG00000071189,ENSMUSG00000020590,97.1787,2.8212999999999937
ENSG00000135317,ENSMUSG00000032422,95.61055,4.3894499999999965
ENSG00000225973,ENSMUSG00000098332,64.9123,35.0877
ENSG00000162959,ENSMUSG00000058704,99.3266,0.6734000000000009
ENSG00000130675,ENSMUSG00000001566,89.69065,10.309349999999995
ENSG00000131203,ENSMUSG00000031551,61.483000000000004,38.516999999999996
ENSG00000118496,ENSMUSG00000047648,87.9947,12.005300000000005
ENSG00000163833,ENSMUSG00000047746,84.8485,15.151499999999999
ENSG00000119041,ENSMUSG00000041303,93.6656,6.334400000000002
ENSG00000187135,ENSMUSG00000039257,89.4737,10.526300000000006
ENSG00000144355,ENSMUSG00000041911,98.8235,1.1765000000000043
ENSG00000111885,ENSMUSG00000003746,90.5201,9.4799
ENSG00000110887,ENSMUSG00000042096,80.63655,19.36345
ENSG00000203797,ENSMUSG00000063428,80.3519,19.6481
ENSG00000180176,ENSMUSG00000000214,87.4373,12.562700000000007
ENSG00000171759,ENSMUSG00000020051,92.3758,7.624200000000002
ENSG00000129167,ENSMUSG00000040046,89.7878,10.212199999999996
ENSG00000139287,ENSMUSG00000006764,93.66095,6.33905
ENSG00000156574,ENSMUSG00000037171,79.3232,20.6768
ENSG00000147166,ENSMUSG00000031312,92.68465,7.315349999999995
ENSG00000100271,ENSMUSG00000022442,96.9267,3.0733000000000033
ENSG00000158578,ENSMUSG00000025270,90.1192,9.880799999999994
ENSG00000177697,ENSMUSG00000025510,93.6759,6.324100000000001
ENSG00000103356,ENSMUSG00000030871,85.086,14.914000000000001
ENSG00000139767,ENSMUSG00000063919,84.66005,15.339950000000002
ENSG00000243649,ENSMUSG00000090231,82.38375,17.616249999999994
ENSG00000125354,ENSMUSG00000050379,95.4767,4.523300000000006
ENSG00000233198,ENSMUSG00000089953,67.3077,32.6923
ENSG00000070985,ENSMUSG00000009246,84.37445,15.625550000000004
ENSG00000095787,ENSMUSG00000024283,95.12765,4.872349999999997
ENSG00000108953,ENSMUSG00000020849,100.0,0.0
ENSG00000170027,ENSMUSG00000051391,100.0,0.0
ENSG00000128245,ENSMUSG00000018965,99.187,0.8130000000000024
ENSG00000157796,ENSMUSG00000037890,89.6012,10.398799999999994
ENSG00000047457,ENSMUSG00000003617,81.83019999999999,18.16980000000001
ENSG00000122711,ENSMUSG00000028415,62.7907,37.2093
ENSG00000132740,ENSMUSG00000024831,77.6435,22.356499999999997
ENSG00000261341,ENSMUSG00000087376,89.2857,10.714299999999994
ENSG00000106483,ENSMUSG00000021319,92.6877,7.312299999999993
ENSG00000171060,ENSMUSG00000021961,68.58420000000001,31.41579999999999
ENSG00000196118,ENSMUSG00000057176,72.59105,27.408950000000004
ENSG00000101194,ENSMUSG00000023393,81.3263,18.673699999999997
ENSG00000205442,ENSMUSG00000028533,67.0856,32.9144
ENSG00000159527,ENSMUSG00000042244,72.67994999999999,27.32005000000001
ENSG00000060656,ENSMUSG00000028909,95.00465,4.995350000000002
ENSG00000116983,ENSMUSG00000046093,99.4764,0.5236000000000018
ENSG00000114529,ENSMUSG00000033187,68.04634999999999,31.95365000000001
ENSG00000147789,ENSMUSG00000033669,69.43844999999999,30.56155000000001
ENSG00000186951,ENSMUSG00000022383,92.3077,7.692300000000003
ENSG00000100030,ENSMUSG00000063358,98.88655,1.1134500000000003
ENSG00000092098,ENSMUSG00000047098,86.71725,13.282749999999993
ENSG00000189143,ENSMUSG00000008843,37.143699999999995,62.856300000000005
ENSG00000149548,ENSMUSG00000034303,54.171549999999996,45.828450000000004
ENSG00000084092,ENSMUSG00000036285,75.1987,24.801299999999998
ENSG00000257138,ENSMUSG00000058250,65.66325,34.336749999999995
ENSG00000127364,ENSMUSG00000037140,66.7793,33.220699999999994
ENSG00000221855,ENSMUSG00000048284,68.29284999999999,31.707150000000013
ENSG00000185899,ENSMUSG00000056203,56.652249999999995,43.347750000000005
ENSG00000128519,ENSMUSG00000043865,52.213,47.787
ENSG00000169777,ENSMUSG00000045267,48.17255,51.82745
ENSG00000221937,ENSMUSG00000051917,65.4231,34.576899999999995
ENSG00000236398,ENSMUSG00000047102,52.7077,47.2923
ENSG00000221988,ENSMUSG00000015474,93.3775,6.622500000000002
ENSG00000165733,ENSMUSG00000030138,86.51605,13.483949999999993
ENSG00000167721,ENSMUSG00000038335,85.87434999999999,14.125650000000007
ENSG00000104043,ENSMUSG00000060131,86.33705,13.662949999999995
ENSG00000101331,ENSMUSG00000027474,89.87125,10.128749999999997
ENSG00000136280,ENSMUSG00000000378,92.54,7.459999999999994
ENSG00000118855,ENSMUSG00000027775,87.6212,12.378799999999998
ENSG00000081237,ENSMUSG00000026395,67.02745,32.97255
ENSG00000033178,ENSMUSG00000035898,88.54315,11.456850000000003
ENSG00000269556,ENSMUSG00000073139,99.7143,0.2857000000000056
ENSG00000136099,ENSMUSG00000036422,94.2056,5.794399999999996
ENSG00000138002,ENSMUSG00000038564,95.8834,4.116600000000005
ENSG00000187535,ENSMUSG00000024169,81.6815,18.3185
ENSG00000253276,ENSMUSG00000090946,76.48740000000001,23.512599999999992
ENSG00000177352,ENSMUSG00000049305,72.7705,27.2295
ENSG00000108001,ENSMUSG00000010476,95.5796,4.420400000000001
ENSG00000221818,ENSMUSG00000022053,99.4783,0.5216999999999956
ENSG00000088881,ENSMUSG00000053552,95.25455,4.745450000000005
ENSG00000164330,ENSMUSG00000057098,99.91555,0.08445000000000391
ENSG00000169744,ENSMUSG00000039706,97.5871,2.4128999999999934
ENSG00000198728,ENSMUSG00000025223,95.36545000000001,4.63454999999999
ENSG00000140015,ENSMUSG00000034402,98.0769,1.9231000000000051
ENSG00000213886,ENSMUSG00000035186,69.73065,30.269350000000003
ENSG00000243279,ENSMUSG00000031149,91.0112,8.988799999999998
ENSG00000144746,ENSMUSG00000035199,90.4255,9.5745
ENSG00000163554,ENSMUSG00000026532,80.51310000000001,19.48689999999999
ENSG00000262814,ENSMUSG00000039640,85.7191,14.280900000000003
ENSG00000198554,ENSMUSG00000037572,83.31305,16.686949999999996
ENSG00000164951,ENSMUSG00000049225,93.3831,6.616900000000001
ENSG00000079689,ENSMUSG00000021337,84.7826,15.217399999999998
ENSG00000172137,ENSMUSG00000003657,98.524,1.475999999999999
ENSG00000104327,ENSMUSG00000028222,98.4674,1.5326000000000022
ENSG00000110958,ENSMUSG00000071072,98.75,1.25
ENSG00000064666,ENSMUSG00000004665,95.44380000000001,4.55619999999999
ENSG00000100938,ENSMUSG00000002326,95.1149,4.885099999999994
ENSG00000007944,ENSMUSG00000038175,96.1798,3.8202
ENSG00000180900,ENSMUSG00000022568,86.80799999999999,13.192000000000007
ENSG00000137269,ENSMUSG00000032352,93.1298,6.870199999999997
ENSG00000156466,ENSMUSG00000051279,87.7889,12.211100000000002
ENSG00000024422,ENSMUSG00000074364,96.6851,3.3148999999999944
ENSG00000103494,ENSMUSG00000033282,83.631,16.369
ENSG00000092200,ENSMUSG00000057132,63.90885,36.09115
ENSG00000178645,ENSMUSG00000072473,77.4194,22.580600000000004
ENSG00000179387,ENSMUSG00000035151,87.0307,12.969300000000004
ENSG00000197380,ENSMUSG00000078794,86.21885,13.781149999999997
ENSG00000165617,ENSMUSG00000044548,79.8096,20.190399999999997
ENSG00000164488,ENSMUSG00000048826,55.918099999999995,44.081900000000005
ENSG00000105976,ENSMUSG00000009376,89.27555000000001,10.72444999999999
ENSG00000100036,ENSMUSG00000048807,83.59505,16.40495
ENSG00000066044,ENSMUSG00000040028,98.4663,1.533699999999996
ENSG00000130943,ENSMUSG00000052496,61.801249999999996,38.198750000000004
ENSG00000111711,ENSMUSG00000030245,98.5507,1.4492999999999938
ENSG00000174567,ENSMUSG00000103421,86.03895,13.96105
ENSG00000257108,ENSMUSG00000090113,75.09264999999999,24.907350000000008
ENSG00000141579,ENSMUSG00000039238,70.84145,29.158550000000005
ENSG00000161992,ENSMUSG00000025727,67.2504,32.7496
ENSG00000187688,ENSMUSG00000018507,81.0549,18.945099999999996
ENSG00000164946,ENSMUSG00000059049,77.75800000000001,22.24199999999999
ENSG00000020633,ENSMUSG00000070691,89.98435,10.015649999999994
ENSG00000198967,ENSMUSG00000050788,87.5399,12.460099999999997
ENSG00000144452,ENSMUSG00000050296,89.5568,10.443200000000004
ENSG00000034971,ENSMUSG00000026697,80.70009999999999,19.299900000000008
ENSG00000129673,ENSMUSG00000020804,83.4971,16.502899999999997
ENSG00000198498,ENSMUSG00000025591,74.19030000000001,25.809699999999992
ENSG00000139537,ENSMUSG00000003354,79.843,20.156999999999996
ENSG00000157856,ENSMUSG00000073102,75.29034999999999,24.70965000000001
ENSG00000143147,ENSMUSG00000040836,91.45415,8.545850000000002
ENSG00000186350,ENSMUSG00000015846,97.95760000000001,2.0423999999999864
ENSG00000144810,ENSMUSG00000068196,93.414,6.5859999999999985
ENSG00000178795,ENSMUSG00000035582,59.06525,40.93475
ENSG00000109079,ENSMUSG00000017615,97.1519,2.8481000000000023
ENSG00000110906,ENSMUSG00000001098,97.9355,2.0644999999999953
ENSG00000174943,ENSMUSG00000030685,94.2249,5.775099999999995
ENSG00000187607,ENSMUSG00000047342,81.34645,18.653549999999996
ENSG00000143294,ENSMUSG00000004895,93.279,6.721000000000004
ENSG00000170734,ENSMUSG00000023953,80.32735,19.672650000000004
ENSG00000152818,ENSMUSG00000019820,87.5419,12.458100000000002
ENSG00000102385,ENSMUSG00000000223,95.0888,4.911199999999994
ENSG00000140961,ENSMUSG00000074063,81.6755,18.3245
ENSG00000164823,ENSMUSG00000041153,92.26575,7.734250000000003
ENSG00000137098,ENSMUSG00000066196,59.07215,40.92785
ENSG00000164853,ENSMUSG00000029546,87.6532,12.346800000000002
ENSG00000114166,ENSMUSG00000000708,92.5351,7.4649
ENSG00000144455,ENSMUSG00000030101,85.52340000000001,14.47659999999999
ENSG00000071626,ENSMUSG00000069565,98.40115,1.5988499999999988
ENSG00000125319,ENSMUSG00000034773,65.2258,34.77419999999999
ENSG00000174871,ENSMUSG00000024873,100.0,0.0
ENSG00000143786,ENSMUSG00000026514,100.0,0.0
ENSG00000100528,ENSMUSG00000015759,100.0,0.0
ENSG00000143771,ENSMUSG00000062169,95.6835,4.316500000000005
ENSG00000127125,ENSMUSG00000028636,87.4598,12.540199999999999
ENSG00000119522,ENSMUSG00000035392,86.0596,13.940399999999997
ENSG00000122877,ENSMUSG00000037868,89.43275,10.567250000000001
ENSG00000170348,ENSMUSG00000021248,92.6941,7.305899999999994
ENSG00000134138,ENSMUSG00000027210,99.5807,0.4193000000000069
ENSG00000188636,ENSMUSG00000055745,92.1225,7.877499999999998
ENSG00000136824,ENSMUSG00000028312,91.87665,8.123350000000002
ENSG00000172915,ENSMUSG00000027799,97.10585,2.8941499999999962
ENSG00000119737,ENSMUSG00000043999,87.963,12.037000000000006
ENSG00000123307,ENSMUSG00000048015,88.65375,11.346249999999998
ENSG00000136518,ENSMUSG00000027671,98.8345,1.1654999999999944
ENSG00000250305,ENSMUSG00000039620,73.70035,26.29965
ENSG00000188959,ENSMUSG00000052117,62.3183,37.6817
ENSG00000156345,ENSMUSG00000021483,94.2197,5.780299999999997
ENSG00000145700,ENSMUSG00000109561,54.88615,45.11385
ENSG00000182521,ENSMUSG00000061809,68.40525,31.594750000000005
ENSG00000108342,ENSMUSG00000038067,72.82239999999999,27.177600000000012
ENSG00000104432,ENSMUSG00000040329,64.96625,35.03375
ENSG00000004776,ENSMUSG00000036854,88.20215,11.797849999999997
ENSG00000185753,ENSMUSG00000044148,86.07220000000001,13.92779999999999
ENSG00000166450,ENSMUSG00000036030,88.62180000000001,11.378199999999993
ENSG00000163659,ENSMUSG00000034640,92.6941,7.305899999999994
ENSG00000104267,ENSMUSG00000027562,81.1538,18.846199999999996
ENSG00000085265,ENSMUSG00000026835,73.1507,26.8493
ENSG00000050748,ENSMUSG00000020366,98.9376,1.0623999999999967
ENSG00000123096,ENSMUSG00000030255,80.0154,19.9846
ENSG00000163092,ENSMUSG00000027022,64.89685,35.10315
ENSG00000168334,ENSMUSG00000079243,70.136,29.864000000000004
ENSG00000135205,ENSMUSG00000064280,75.99324999999999,24.00675000000001
ENSG00000120051,ENSMUSG00000046585,86.6476,13.352400000000003
ENSG00000171097,ENSMUSG00000039648,81.56075000000001,18.439249999999987
ENSG00000151418,ENSMUSG00000026394,83.8983,16.101699999999994
ENSG00000168228,ENSMUSG00000029179,75.70734999999999,24.29265000000001
ENSG00000074266,ENSMUSG00000030619,100.0,0.0
ENSG00000152104,ENSMUSG00000026604,91.66675000000001,8.333249999999992
ENSG00000104714,ENSMUSG00000051978,50.322599999999994,49.677400000000006
ENSG00000172336,ENSMUSG00000029715,95.0,5.0
ENSG00000114767,ENSMUSG00000041506,92.6316,7.368399999999994
ENSG00000234906,ENSMUSG00000002992,60.6308,39.3692
ENSG00000171208,ENSMUSG00000036902,92.64135,7.358649999999997
ENSG00000111906,ENSMUSG00000000295,87.85470000000001,12.145299999999992
ENSG00000123552,ENSMUSG00000040455,77.5661,22.433899999999994
ENSG00000102882,ENSMUSG00000063065,96.96985000000001,3.030149999999992
ENSG00000100246,ENSMUSG00000022420,99.0476,0.9523999999999972
ENSG00000100219,ENSMUSG00000020484,85.14439999999999,14.85560000000001
ENSG00000120215,ENSMUSG00000024806,69.29655,30.703450000000004
ENSG00000109452,ENSMUSG00000037940,90.43785,9.562150000000003
ENSG00000108946,ENSMUSG00000020612,96.8504,3.1496000000000066
ENSG00000187608,ENSMUSG00000035692,62.5861,37.4139
ENSG00000130876,ENSMUSG00000030495,92.31174999999999,7.688250000000011
ENSG00000213965,ENSMUSG00000034875,64.7933,35.2067
ENSG00000102967,ENSMUSG00000031730,87.5949,12.405100000000004
ENSG00000159197,ENSMUSG00000039672,84.5528,15.447199999999995
ENSG00000180509,ENSMUSG00000039639,75.969,24.031000000000006
ENSG00000153823,ENSMUSG00000045658,96.3134,3.6865999999999985
ENSG00000153157,ENSMUSG00000038651,51.8913,48.1087
ENSG00000196074,ENSMUSG00000060445,63.438599999999994,36.561400000000006
ENSG00000010818,ENSMUSG00000015501,87.44964999999999,12.550350000000009
ENSG00000169905,ENSMUSG00000050565,66.739,33.260999999999996
ENSG00000143337,ENSMUSG00000026466,69.54525000000001,30.45474999999999
ENSG00000163104,ENSMUSG00000029920,92.62389999999999,7.376100000000008
ENSG00000129744,ENSMUSG00000030996,76.68785,23.312150000000003
ENSG00000167311,ENSMUSG00000070424,77.06935,22.93065
ENSG00000156219,ENSMUSG00000034842,51.72325,48.27675
ENSG00000111339,ENSMUSG00000030217,60.617850000000004,39.382149999999996
ENSG00000144681,ENSMUSG00000032502,82.9815,17.018500000000003
ENSG00000141750,ENSMUSG00000017400,93.77414999999999,6.225850000000008
ENSG00000185482,ENSMUSG00000040287,93.9255,6.0745000000000005
ENSG00000128590,ENSMUSG00000014905,93.93305,6.066950000000006
ENSG00000163467,ENSMUSG00000010538,63.45485,36.54515
ENSG00000176153,ENSMUSG00000042808,93.6842,6.315799999999996
ENSG00000039537,ENSMUSG00000022181,75.1606,24.839399999999998
ENSG00000187266,ENSMUSG00000006235,81.77345,18.226550000000003
ENSG00000101198,ENSMUSG00000027574,83.1731,16.826899999999995
ENSG00000170310,ENSMUSG00000020903,92.7966,7.203400000000002
ENSG00000288611,ENSMUSG00000033774,84.6273,15.372699999999995
ENSG00000197496,ENSMUSG00000027661,77.8104,22.1896
ENSG00000112541,ENSMUSG00000023868,82.9862,17.013800000000003
ENSG00000163632,ENSMUSG00000079357,63.715450000000004,36.284549999999996
ENSG00000146755,ENSMUSG00000053388,87.9514,12.048599999999993
ENSG00000178233,ENSMUSG00000096847,93.7019,6.298100000000005
ENSG00000179292,ENSMUSG00000061451,97.4359,2.5640999999999963
ENSG00000165359,ENSMUSG00000035967,88.4985,11.501499999999993
ENSG00000102786,ENSMUSG00000035161,96.15870000000001,3.8412999999999897
ENSG00000196683,ENSMUSG00000028998,94.5455,5.454499999999996
ENSG00000108591,ENSMUSG00000020537,98.6264,1.3735999999999962
ENSG00000185721,ENSMUSG00000020457,99.7275,0.27249999999999375
ENSG00000198937,ENSMUSG00000024018,79.3814,20.6186
ENSG00000177943,ENSMUSG00000026941,70.4383,29.561700000000002
ENSG00000106591,ENSMUSG00000015672,71.46719999999999,28.53280000000001
ENSG00000145780,ENSMUSG00000033319,99.5138,0.48619999999999663
ENSG00000121039,ENSMUSG00000025921,98.827,1.1730000000000018
ENSG00000133878,ENSMUSG00000039661,96.6825,3.3174999999999955
ENSG00000166123,ENSMUSG00000031700,93.0144,6.985600000000005
ENSG00000136710,ENSMUSG00000042111,78.8889,21.111099999999993
ENSG00000183035,ENSMUSG00000073001,39.75445,60.24555
ENSG00000155833,ENSMUSG00000039555,35.23745,64.76255
ENSG00000166261,ENSMUSG00000025602,79.13345,20.866550000000004
ENSG00000074416,ENSMUSG00000033174,82.81405000000001,17.18594999999999
ENSG00000198755,ENSMUSG00000037805,100.0,0.0
ENSG00000115234,ENSMUSG00000029146,98.5106,1.4894000000000034
ENSG00000174226,ENSMUSG00000013611,75.54044999999999,24.459550000000007
ENSG00000143376,ENSMUSG00000028136,98.70405,1.2959500000000048
ENSG00000078814,ENSMUSG00000074652,96.1875,3.8125
ENSG00000137770,ENSMUSG00000033411,97.31485,2.685149999999993
ENSG00000105197,ENSMUSG00000003438,91.7847,8.2153
ENSG00000175826,ENSMUSG00000018559,99.5902,0.40980000000000416
ENSG00000116783,ENSMUSG00000040086,90.9527,9.047300000000007
ENSG00000170835,ENSMUSG00000026818,71.04005000000001,28.959949999999992
ENSG00000143167,ENSMUSG00000000544,63.6364,36.3636
ENSG00000125966,ENSMUSG00000027612,93.1542,6.845799999999997
ENSG00000163820,ENSMUSG00000025241,76.79050000000001,23.20949999999999
ENSG00000188282,ENSMUSG00000061815,62.2606,37.7394
ENSG00000125246,ENSMUSG00000025545,85.84145000000001,14.158549999999991
ENSG00000273238,ENSMUSG00000105867,84.3392,15.660799999999995
ENSG00000232125,ENSMUSG00000069085,55.77165,44.22835
ENSG00000162688,ENSMUSG00000033400,91.906,8.093999999999994
ENSG00000012963,ENSMUSG00000041712,86.8235,13.176500000000004
ENSG00000163012,ENSMUSG00000034552,67.87989999999999,32.12010000000001
ENSG00000121210,ENSMUSG00000033767,77.26975,22.730249999999998
ENSG00000075568,ENSMUSG00000026116,89.73429999999999,10.26570000000001
ENSG00000102010,ENSMUSG00000031377,88.8923,11.107699999999994
ENSG00000079435,ENSMUSG00000003123,73.74325,26.256749999999997
ENSG00000082516,ENSMUSG00000037275,82.23205,17.76795
ENSG00000100150,ENSMUSG00000037426,94.55365,5.446349999999995
ENSG00000173442,ENSMUSG00000024937,65.21605,34.783950000000004
ENSG00000187735,ENSMUSG00000033813,96.6777,3.3222999999999985
ENSG00000125734,ENSMUSG00000005823,80.7996,19.200400000000002
ENSG00000143157,ENSMUSG00000040596,91.11865,8.881349999999998
ENSG00000165458,ENSMUSG00000032737,95.8251,4.174899999999994
ENSG00000163950,ENSMUSG00000004642,88.08080000000001,11.91919999999999
ENSG00000135525,ENSMUSG00000019996,79.22425,20.775750000000002
ENSG00000116871,ENSMUSG00000028849,86.95245,13.047550000000001
ENSG00000184368,ENSMUSG00000041020,70.1434,29.8566
ENSG00000129680,ENSMUSG00000067878,25.1142,74.8858
ENSG00000183354,ENSMUSG00000046138,77.94409999999999,22.05590000000001
ENSG00000138600,ENSMUSG00000027366,79.5788,20.4212
ENSG00000158636,ENSMUSG00000035401,92.72975,7.270250000000004
ENSG00000050327,ENSMUSG00000033542,65.5775,34.4225
ENSG00000142632,ENSMUSG00000028919,84.788,15.212000000000003
ENSG00000198844,ENSMUSG00000052921,84.7356,15.264399999999995
ENSG00000066248,ENSMUSG00000026259,84.749,15.251000000000005
ENSG00000130762,ENSMUSG00000029032,81.43525,18.564750000000004
ENSG00000114790,ENSMUSG00000036885,86.6668,13.333200000000005
ENSG00000177519,ENSMUSG00000075334,97.2477,2.7523000000000053
ENSG00000179673,ENSMUSG00000046215,91.15385,8.846149999999994
ENSG00000110448,ENSMUSG00000024669,64.1052,35.894800000000004
ENSG00000135913,ENSMUSG00000033364,90.6027,9.397300000000001
ENSG00000056050,ENSMUSG00000038005,89.3064,10.693600000000004
ENSG00000134001,ENSMUSG00000021116,99.0476,0.9523999999999972
ENSG00000155959,ENSMUSG00000031197,97.20165,2.7983499999999992
ENSG00000128578,ENSMUSG00000039629,95.4742,4.525800000000004
ENSG00000143093,ENSMUSG00000014601,97.9689,2.031099999999995
ENSG00000166352,ENSMUSG00000027165,61.65625,38.34375
ENSG00000100253,ENSMUSG00000022613,89.8246,10.175399999999996
ENSG00000114405,ENSMUSG00000033111,68.23635,31.76365
ENSG00000145391,ENSMUSG00000037111,95.3552,4.644800000000004
ENSG00000255587,ENSMUSG00000064147,61.72085,38.27915
ENSG00000106460,ENSMUSG00000029571,95.8109,4.189099999999996
ENSG00000134809,ENSMUSG00000027076,100.0,0.0
ENSG00000071242,ENSMUSG00000023809,95.6344,4.365600000000001
ENSG00000197901,ENSMUSG00000024650,85.48125,14.518749999999997
ENSG00000134285,ENSMUSG00000003355,90.5473,9.452699999999993
ENSG00000170276,ENSMUSG00000038086,97.2527,2.7472999999999956
ENSG00000127603,ENSMUSG00000028649,82.6842,17.315799999999996
ENSG00000122565,ENSMUSG00000029836,100.0,0.0
ENSG00000125656,ENSMUSG00000002660,86.346,13.653999999999996
ENSG00000173988,ENSMUSG00000021997,50.536550000000005,49.463449999999995
ENSG00000132671,ENSMUSG00000037014,88.7465,11.253500000000003
ENSG00000242028,ENSMUSG00000027245,96.89920000000001,3.1007999999999925
ENSG00000213186,ENSMUSG00000034317,82.6303,17.369699999999995
ENSG00000135698,ENSMUSG00000031843,87.22825,12.771749999999997
ENSG00000174885,ENSMUSG00000038745,69.05165,30.948350000000005
ENSG00000101448,ENSMUSG00000017733,61.42405,38.57595
ENSG00000036530,ENSMUSG00000021259,94.8,5.200000000000003
ENSG00000179023,ENSMUSG00000078234,69.29079999999999,30.70920000000001
ENSG00000140943,ENSMUSG00000031835,95.8175,4.1825000000000045
ENSG00000084112,ENSMUSG00000042121,82.92775,17.072249999999997
ENSG00000103264,ENSMUSG00000052934,89.1848,10.815200000000004
ENSG00000108963,ENSMUSG00000078789,86.3014,13.698599999999999
ENSG00000132768,ENSMUSG00000028540,83.6401,16.359899999999996
ENSG00000162139,ENSMUSG00000035239,65.23005,34.769949999999994
ENSG00000115488,ENSMUSG00000079434,68.7748,31.2252
ENSG00000204099,ENSMUSG00000034000,70.27475,29.725250000000003
ENSG00000204386,ENSMUSG00000007038,82.2859,17.714100000000002
ENSG00000105514,ENSMUSG00000019066,94.5205,5.479500000000002
ENSG00000177853,ENSMUSG00000049164,68.42305,31.576949999999997
ENSG00000106683,ENSMUSG00000029674,95.2087,4.791300000000007
ENSG00000182450,ENSMUSG00000024957,78.66725,21.332750000000004
ENSG00000011422,ENSMUSG00000046223,61.94255,38.05745
ENSG00000124466,ENSMUSG00000057454,72.5382,27.461799999999997
ENSG00000159871,ENSMUSG00000030484,69.82925,30.170749999999998
ENSG00000131462,ENSMUSG00000035198,98.8913,1.108699999999999
ENSG00000166228,ENSMUSG00000020098,99.0385,0.9615000000000009
ENSG00000132570,ENSMUSG00000021496,78.3047,21.695300000000003
ENSG00000136870,ENSMUSG00000039634,92.07795,7.922049999999999
ENSG00000173947,ENSMUSG00000010136,58.594049999999996,41.405950000000004
ENSG00000171587,ENSMUSG00000050272,98.3851,1.6149000000000058
ENSG00000185559,ENSMUSG00000040856,85.41725,14.582750000000004
ENSG00000187800,ENSMUSG00000028073,84.0176,15.982399999999998
ENSG00000148218,ENSMUSG00000028393,89.0909,10.909099999999995
ENSG00000105173,ENSMUSG00000002068,78.9736,21.026399999999995
ENSG00000123473,ENSMUSG00000028718,74.36070000000001,25.63929999999999
ENSG00000161647,ENSMUSG00000052373,90.9402,9.059799999999996
ENSG00000089050,ENSMUSG00000027428,91.3979,8.602099999999993
ENSG00000174038,ENSMUSG00000028451,46.2516,53.7484
ENSG00000114923,ENSMUSG00000006576,95.73035,4.269649999999999
ENSG00000236027,ENSMUSG00000094995,64.2857,35.714299999999994
ENSG00000127452,ENSMUSG00000066892,93.2515,6.748500000000007
ENSG00000182149,ENSMUSG00000031729,95.0578,4.9422
ENSG00000144674,ENSMUSG00000038708,70.99395,29.006050000000002
ENSG00000138688,ENSMUSG00000037270,95.82820000000001,4.17179999999999
ENSG00000156886,ENSMUSG00000070369,70.77885,29.221149999999994
ENSG00000204138,ENSMUSG00000066043,80.37,19.629999999999995
ENSG00000100445,ENSMUSG00000022223,84.6416,15.358400000000003
ENSG00000180772,ENSMUSG00000068122,91.7355,8.264499999999998
ENSG00000134817,ENSMUSG00000044338,91.41489999999999,8.585100000000011
ENSG00000154165,ENSMUSG00000047293,76.3889,23.611099999999993
ENSG00000170128,ENSMUSG00000052759,75.1056,24.894400000000005
ENSG00000184719,ENSMUSG00000071573,71.345,28.655
ENSG00000211891,ENSMUSG00000087642,45.717299999999994,54.282700000000006
ENSG00000067445,ENSMUSG00000025272,59.60525,40.39475
ENSG00000142025,ENSMUSG00000011349,81.1411,18.858900000000006
ENSG00000162390,ENSMUSG00000034853,89.0572,10.942800000000005
ENSG00000142623,ENSMUSG00000025329,76.9812,23.0188
ENSG00000142619,ENSMUSG00000025328,87.1988,12.801199999999994
ENSG00000159339,ENSMUSG00000025330,73.13810000000001,26.86189999999999
ENSG00000276747,ENSMUSG00000040935,67.01089999999999,32.98910000000001
ENSG00000117115,ENSMUSG00000028927,92.67894999999999,7.321050000000014
ENSG00000184995,ENSMUSG00000045364,56.08975,43.91025
ENSG00000171855,ENSMUSG00000048806,48.78945,51.21055
ENSG00000147896,ENSMUSG00000042993,34.49615,65.50385
ENSG00000159884,ENSMUSG00000028461,56.41135,43.58865
ENSG00000184743,ENSMUSG00000024759,94.6396,5.3603999999999985
ENSG00000111181,ENSMUSG00000030109,87.785,12.215000000000003
ENSG00000167658,ENSMUSG00000034994,99.0676,0.9324000000000012
ENSG00000104760,ENSMUSG00000031594,81.78999999999999,18.210000000000008
ENSG00000159640,ENSMUSG00000020681,83.1173,16.8827
ENSG00000143669,ENSMUSG00000019726,85.47739999999999,14.522600000000011
ENSG00000185272,ENSMUSG00000032940,73.72380000000001,26.27619999999999
ENSG00000076053,ENSMUSG00000042396,83.45985,16.540149999999997
ENSG00000173578,ENSMUSG00000060509,70.24885,29.751149999999996
ENSG00000168329,ENSMUSG00000052336,82.65180000000001,17.34819999999999
ENSG00000144648,ENSMUSG00000044534,72.18295,27.817049999999995
ENSG00000166167,ENSMUSG00000025217,98.6777,1.3222999999999985
ENSG00000140474,ENSMUSG00000032308,94.0678,5.932199999999995
ENSG00000134884,ENSMUSG00000040459,98.53075,1.4692500000000024
ENSG00000136848,ENSMUSG00000026883,97.3928,2.607200000000006
ENSG00000111669,ENSMUSG00000023456,95.9839,4.0160999999999945
ENSG00000164465,ENSMUSG00000019891,66.04015,33.95985
ENSG00000103313,ENSMUSG00000022534,41.043949999999995,58.956050000000005
ENSG00000151322,ENSMUSG00000021010,93.86615,6.133849999999995
ENSG00000182010,ENSMUSG00000037846,72.7135,27.286500000000004
ENSG00000184887,ENSMUSG00000002803,90.8079,9.192099999999996
ENSG00000119946,ENSMUSG00000025189,94.6372,5.362799999999993
ENSG00000006327,ENSMUSG00000023905,81.3953,18.604699999999994
ENSG00000198952,ENSMUSG00000001415,93.2612,6.738799999999998
ENSG00000204370,ENSMUSG00000000171,82.3899,17.610100000000003
ENSG00000213563,ENSMUSG00000116138,85.7161,14.283900000000003
ENSG00000167644,ENSMUSG00000030587,56.4383,43.5617
ENSG00000143545,ENSMUSG00000027935,91.8524,8.147599999999997
ENSG00000127152,ENSMUSG00000048251,93.92869999999999,6.071300000000008
ENSG00000184557,ENSMUSG00000053113,96.8889,3.1110999999999933
ENSG00000187123,ENSMUSG00000050447,94.7368,5.263199999999998
ENSG00000150556,ENSMUSG00000026765,79.83655,20.163449999999997
ENSG00000134871,ENSMUSG00000031503,83.76740000000001,16.23259999999999
ENSG00000183715,ENSMUSG00000062257,93.12835000000001,6.871649999999988
ENSG00000028839,ENSMUSG00000071359,100.0,0.0
ENSG00000278129,ENSMUSG00000060397,73.58375000000001,26.41624999999999
ENSG00000143921,ENSMUSG00000024254,81.7236,18.276399999999995
ENSG00000173627,ENSMUSG00000055547,60.73415,39.26585
ENSG00000172244,ENSMUSG00000062822,75.17625000000001,24.82374999999999
ENSG00000101882,ENSMUSG00000016409,89.8795,10.120500000000007
ENSG00000128040,ENSMUSG00000053030,43.9084,56.0916
ENSG00000112983,ENSMUSG00000003778,76.12475,23.875249999999994
ENSG00000131043,ENSMUSG00000027628,90.625,9.375
ENSG00000214279,ENSMUSG00000054672,50.008849999999995,49.991150000000005
ENSG00000159208,ENSMUSG00000038550,78.43465,21.565349999999995
ENSG00000086696,ENSMUSG00000031844,59.8995,40.1005
ENSG00000174238,ENSMUSG00000017781,98.70645,1.2935499999999962
ENSG00000100162,ENSMUSG00000068101,79.4444,20.5556
ENSG00000260596,ENSMUSG00000048502,27.64285,72.35715
ENSG00000156011,ENSMUSG00000030465,72.5249,27.475099999999998
ENSG00000188167,ENSMUSG00000079260,85.33709999999999,14.662900000000008
ENSG00000179772,ENSMUSG00000074676,75.26570000000001,24.73429999999999
ENSG00000182557,ENSMUSG00000020798,79.14259999999999,20.857400000000013
ENSG00000183018,ENSMUSG00000040447,95.9927,4.007300000000001
ENSG00000169682,ENSMUSG00000030741,93.5606,6.439400000000006
ENSG00000123545,ENSMUSG00000028261,72.4162,27.583799999999997
ENSG00000219200,ENSMUSG00000093989,100.0,0.0
ENSG00000157693,ENSMUSG00000045917,87.4269,12.573099999999997
ENSG00000111269,ENSMUSG00000032652,92.1951,7.8049000000000035
ENSG00000137166,ENSMUSG00000023991,92.16239999999999,7.837600000000009
ENSG00000167792,ENSMUSG00000037916,95.9052,4.094800000000006
ENSG00000180537,ENSMUSG00000044164,98.3806,1.6193999999999988
ENSG00000040608,ENSMUSG00000043811,89.4292,10.570800000000006
ENSG00000140391,ENSMUSG00000032324,97.2332,2.7668000000000035
ENSG00000165168,ENSMUSG00000015340,93.1579,6.842100000000002
ENSG00000182050,ENSMUSG00000019888,94.7699,5.230099999999993
ENSG00000237702,ENSMUSG00000107486,67.84275,32.157250000000005
ENSG00000178966,ENSMUSG00000035367,72.68715,27.312849999999997
ENSG00000164031,ENSMUSG00000074212,93.4037,6.596299999999999
ENSG00000073008,ENSMUSG00000040511,40.00475,59.99525
ENSG00000204869,ENSMUSG00000066756,28.89405,71.10595
ENSG00000048140,ENSMUSG00000025875,87.13275,12.867249999999999
ENSG00000136888,ENSMUSG00000039105,94.9153,5.084699999999998
ENSG00000171564,ENSMUSG00000033831,83.34215,16.657849999999996
ENSG00000134343,ENSMUSG00000074968,93.6799,6.3200999999999965
ENSG00000143001,ENSMUSG00000085933,48.206450000000004,51.793549999999996
ENSG00000075303,ENSMUSG00000054099,82.96315,17.03685
ENSG00000156885,ENSMUSG00000030785,78.3505,21.649500000000003
ENSG00000131153,ENSMUSG00000031821,92.4324,7.567599999999999
ENSG00000069764,ENSMUSG00000022683,67.85470000000001,32.14529999999999
ENSG00000110092,ENSMUSG00000070348,93.8983,6.101699999999994
ENSG00000109534,ENSMUSG00000028010,93.3948,6.605199999999996
ENSG00000102309,ENSMUSG00000079480,96.9466,3.0533999999999963
ENSG00000049883,ENSMUSG00000021650,72.82785,27.172150000000002
ENSG00000168067,ENSMUSG00000024948,93.84525,6.154750000000007
ENSG00000058056,ENSMUSG00000056900,96.1077,3.892300000000006
ENSG00000162526,ENSMUSG00000000411,97.7612,2.2387999999999977
ENSG00000078795,ENSMUSG00000014503,81.44624999999999,18.553750000000008
ENSG00000149554,ENSMUSG00000032113,93.0672,6.9328
ENSG00000168944,ENSMUSG00000048799,89.66575,10.334249999999997
ENSG00000166527,ENSMUSG00000030144,61.295550000000006,38.704449999999994
ENSG00000198546,ENSMUSG00000025470,73.70635,26.29365
ENSG00000156650,ENSMUSG00000021767,90.3339,9.6661
ENSG00000102897,ENSMUSG00000030922,87.7049,12.295100000000005
ENSG00000166896,ENSMUSG00000025436,80.4878,19.512200000000007
ENSG00000138134,ENSMUSG00000024776,91.055,8.944999999999993
ENSG00000124356,ENSMUSG00000006906,83.4906,16.5094
ENSG00000169981,ENSMUSG00000057895,81.25659999999999,18.74340000000001
ENSG00000079332,ENSMUSG00000020088,99.4949,0.5050999999999988
ENSG00000108840,ENSMUSG00000008855,95.21775,4.782250000000005
ENSG00000146411,ENSMUSG00000037490,83.94005,16.05995
ENSG00000090263,ENSMUSG00000029918,82.0755,17.924499999999995
ENSG00000177700,ENSMUSG00000038489,100.0,0.0
ENSG00000113583,ENSMUSG00000036275,62.9854,37.0146
ENSG00000156509,ENSMUSG00000048230,65.3948,34.605199999999996
ENSG00000112029,ENSMUSG00000019773,65.7272,34.272800000000004
ENSG00000108551,ENSMUSG00000049892,97.68299999999999,2.3170000000000073
ENSG00000103175,ENSMUSG00000023336,81.24195,18.758049999999997
ENSG00000112561,ENSMUSG00000023990,93.5858,6.414199999999994
ENSG00000180098,ENSMUSG00000028898,98.9547,1.0452999999999975
ENSG00000134398,ENSMUSG00000030866,81.5514,18.4486
ENSG00000116014,ENSMUSG00000035773,82.3683,17.631699999999995
ENSG00000103111,ENSMUSG00000078908,88.3663,11.633700000000005
ENSG00000164077,ENSMUSG00000032583,94.1495,5.850499999999997
ENSG00000186625,ENSMUSG00000019794,92.6833,7.316699999999997
ENSG00000180347,ENSMUSG00000037973,58.71165,41.28835
ENSG00000213930,ENSMUSG00000036073,89.09815,10.901849999999996
ENSG00000107719,ENSMUSG00000020092,81.28305,18.716949999999997
ENSG00000007001,ENSMUSG00000026839,87.2861,12.713899999999995
ENSG00000138036,ENSMUSG00000024253,87.7493,12.250699999999995
ENSG00000151881,ENSMUSG00000074634,74.80654999999999,25.193450000000013
ENSG00000124370,ENSMUSG00000033429,79.66355,20.33645
ENSG00000171433,ENSMUSG00000031163,78.04055,21.959450000000004
ENSG00000070367,ENSMUSG00000061244,98.4463,1.5537000000000063
ENSG00000125944,ENSMUSG00000066037,99.6048,0.39520000000000266
ENSG00000135316,ENSMUSG00000032423,95.63595000000001,4.364049999999992
ENSG00000114988,ENSMUSG00000001143,90.64765,9.352350000000001
ENSG00000109339,ENSMUSG00000046709,96.54565,3.454350000000005
ENSG00000107643,ENSMUSG00000021936,97.1897,2.810299999999998
ENSG00000221869,ENSMUSG00000071637,86.0338,13.9662
ENSG00000189376,ENSMUSG00000101892,68.3588,31.641199999999998
ENSG00000144476,ENSMUSG00000044337,92.8177,7.182299999999998
ENSG00000148604,ENSMUSG00000021804,81.0997,18.9003
ENSG00000182687,ENSMUSG00000020793,83.1505,16.849500000000006
ENSG00000173681,ENSMUSG00000044150,61.97625,38.02375
ENSG00000029363,ENSMUSG00000037608,96.24799999999999,3.7520000000000095
ENSG00000054118,ENSMUSG00000043962,93.28475,6.7152499999999975
ENSG00000049540,ENSMUSG00000029675,70.46895,29.531049999999993
ENSG00000107201,ENSMUSG00000040296,77.03945,22.960549999999998
ENSG00000108771,ENSMUSG00000017830,78.6136,21.386399999999995
ENSG00000115267,ENSMUSG00000026896,79.8049,20.195099999999996
ENSG00000129038,ENSMUSG00000032334,89.14665,10.853350000000006
ENSG00000135900,ENSMUSG00000026248,85.7145,14.285499999999999
ENSG00000182793,ENSMUSG00000025934,72.6866,27.3134
ENSG00000141668,ENSMUSG00000024647,94.1964,5.803600000000003
ENSG00000116473,ENSMUSG00000068798,100.0,0.0
ENSG00000022567,ENSMUSG00000079020,82.8798,17.120199999999997
ENSG00000162426,ENSMUSG00000039838,90.72749999999999,9.272500000000008
ENSG00000164175,ENSMUSG00000022243,82.4528,17.547200000000004
ENSG00000158715,ENSMUSG00000026435,90.7776,9.222399999999993
ENSG00000149091,ENSMUSG00000040479,84.0361,15.963899999999995
ENSG00000166257,ENSMUSG00000049281,97.6744,2.3255999999999943
ENSG00000105711,ENSMUSG00000019194,96.3303,3.669700000000006
ENSG00000184986,ENSMUSG00000049036,97.3315,2.6684999999999945
ENSG00000198650,ENSMUSG00000001670,92.0705,7.929500000000004
ENSG00000130150,ENSMUSG00000061778,89.9614,10.038600000000002
ENSG00000141506,ENSMUSG00000020901,86.46715,13.532849999999996
ENSG00000276231,ENSMUSG00000046207,82.86865,17.131349999999998
ENSG00000217442,ENSMUSG00000078938,89.7727,10.2273
ENSG00000128918,ENSMUSG00000013584,97.2973,2.702699999999993
ENSG00000006453,ENSMUSG00000038859,88.19585000000001,11.804149999999993
ENSG00000128298,ENSMUSG00000018126,91.72625,8.273750000000007
ENSG00000175866,ENSMUSG00000025372,95.79050000000001,4.209499999999991
ENSG00000165071,ENSMUSG00000036944,65.64815,34.35185
ENSG00000198932,ENSMUSG00000043384,58.807249999999996,41.192750000000004
ENSG00000175573,ENSMUSG00000047423,92.73085,7.269149999999996
ENSG00000133740,ENSMUSG00000027552,88.42245,11.577550000000002
ENSG00000100078,ENSMUSG00000034579,66.14179999999999,33.85820000000001
ENSG00000148411,ENSMUSG00000026932,92.75370000000001,7.246299999999991
ENSG00000171962,ENSMUSG00000056598,80.6883,19.311700000000002
ENSG00000159792,ENSMUSG00000048310,97.6415,2.3585000000000065
ENSG00000137275,ENSMUSG00000021408,70.3933,29.606700000000004
ENSG00000165197,ENSMUSG00000031380,84.55324999999999,15.446750000000009
ENSG00000025770,ENSMUSG00000008690,80.2973,19.702699999999993
ENSG00000188162,ENSMUSG00000009487,82.10849999999999,17.891500000000008
ENSG00000158055,ENSMUSG00000037188,90.95439999999999,9.045600000000007
ENSG00000182256,ENSMUSG00000055026,95.9315,4.0685
ENSG00000184220,ENSMUSG00000022748,82.8853,17.1147
ENSG00000160131,ENSMUSG00000073131,94.0594,5.940600000000003
ENSG00000239704,ENSMUSG00000042200,41.3628,58.6372
ENSG00000213923,ENSMUSG00000022433,98.7981,1.2018999999999949
ENSG00000141551,ENSMUSG00000025162,95.87095,4.1290500000000065
ENSG00000077721,ENSMUSG00000016308,85.02305,14.976950000000002
ENSG00000244617,ENSMUSG00000033508,80.3911,19.608900000000006
ENSG00000151838,ENSMUSG00000021086,49.17995,50.82005
ENSG00000164970,ENSMUSG00000028439,94.83755,5.162450000000007
ENSG00000178761,ENSMUSG00000032305,83.5448,16.455200000000005
ENSG00000151332,ENSMUSG00000021028,82.3373,17.6627
ENSG00000163297,ENSMUSG00000029338,82.87190000000001,17.12809999999999
ENSG00000124731,ENSMUSG00000042265,45.262,54.738
ENSG00000187372,ENSMUSG00000047910,74.62545,25.37455
ENSG00000083838,ENSMUSG00000033961,51.4716,48.5284
ENSG00000213928,ENSMUSG00000002325,65.0267,34.973299999999995
ENSG00000112592,ENSMUSG00000014767,94.4676,5.5323999999999955
ENSG00000198881,ENSMUSG00000031204,87.24275,12.757249999999999
ENSG00000154065,ENSMUSG00000057766,94.7704,5.229600000000005
ENSG00000064692,ENSMUSG00000024534,84.44524999999999,15.554750000000013
ENSG00000071246,ENSMUSG00000021256,91.90870000000001,8.09129999999999
ENSG00000143494,ENSMUSG00000037568,97.4648,2.5352000000000032
ENSG00000163032,ENSMUSG00000054459,100.0,0.0
ENSG00000113391,ENSMUSG00000064138,93.1574,6.8426000000000045
ENSG00000036054,ENSMUSG00000022749,94.5637,5.436300000000003
ENSG00000277075,ENSMUSG00000071478,100.0,0.0
ENSG00000181218,ENSMUSG00000078851,100.0,0.0
ENSG00000163909,ENSMUSG00000032744,77.9824,22.0176
ENSG00000197272,ENSMUSG00000044701,72.98195,27.018050000000002
ENSG00000162367,ENSMUSG00000028717,93.33420000000001,6.66579999999999
ENSG00000127540,ENSMUSG00000020163,83.9286,16.071399999999997
ENSG00000073711,ENSMUSG00000043154,85.5652,14.434799999999996
ENSG00000111237,ENSMUSG00000029462,97.83765,2.1623500000000035
ENSG00000140632,ENSMUSG00000022536,98.64259999999999,1.3574000000000126
ENSG00000178773,ENSMUSG00000034796,89.3274,10.672600000000003
ENSG00000183476,ENSMUSG00000046460,66.23055,33.769450000000006
ENSG00000100097,ENSMUSG00000068220,88.1481,11.8519
ENSG00000167613,ENSMUSG00000055541,41.533649999999994,58.466350000000006
ENSG00000105705,ENSMUSG00000011306,89.28595,10.71405
ENSG00000064607,ENSMUSG00000036054,74.4569,25.543099999999995
ENSG00000172270,ENSMUSG00000023175,65.118,34.882000000000005
ENSG00000188993,ENSMUSG00000067206,46.91875,53.08125
ENSG00000128510,ENSMUSG00000039070,83.9478,16.0522
ENSG00000189114,ENSMUSG00000057667,88.69255,11.307450000000003
ENSG00000159733,ENSMUSG00000037224,82.37440000000001,17.62559999999999
ENSG00000229544,ENSMUSG00000048528,72.1999,27.8001
ENSG00000161960,ENSMUSG00000059796,100.0,0.0
ENSG00000175895,ENSMUSG00000049969,97.5904,2.4095999999999975
ENSG00000176619,ENSMUSG00000062075,82.10659999999999,17.893400000000014
ENSG00000110536,ENSMUSG00000063235,82.77525,17.22475
ENSG00000104044,ENSMUSG00000030450,78.3969,21.603099999999998
ENSG00000007216,ENSMUSG00000001095,76.57245,23.427549999999997
ENSG00000141485,ENSMUSG00000020805,74.5623,25.437700000000007
ENSG00000081800,ENSMUSG00000029700,81.0766,18.9234
ENSG00000164707,ENSMUSG00000029843,88.97785,11.022149999999996
ENSG00000158296,ENSMUSG00000018459,87.8538,12.146199999999993
ENSG00000181029,ENSMUSG00000040236,98.9362,1.0638000000000005
ENSG00000102547,ENSMUSG00000021981,98.5163,1.483699999999999
ENSG00000135932,ENSMUSG00000036707,99.1202,0.879800000000003
ENSG00000146414,ENSMUSG00000090112,85.85105,14.14895
ENSG00000159692,ENSMUSG00000037373,97.2599,2.740099999999998
ENSG00000154589,ENSMUSG00000025779,62.5,37.5
ENSG00000174343,ENSMUSG00000029205,91.023,8.977000000000004
ENSG00000182117,ENSMUSG00000027133,100.0,0.0
ENSG00000100056,ENSMUSG00000003527,92.67945,7.320549999999997
ENSG00000054392,ENSMUSG00000037375,83.06755,16.932450000000003
ENSG00000010282,ENSMUSG00000032523,90.96335,9.036649999999995
ENSG00000100299,ENSMUSG00000022620,85.71504999999999,14.28495000000001
ENSG00000143333,ENSMUSG00000026475,84.86404999999999,15.135950000000008
ENSG00000135824,ENSMUSG00000042671,98.3333,1.6667000000000058
ENSG00000144468,ENSMUSG00000026142,80.9524,19.047600000000003
ENSG00000005001,ENSMUSG00000045027,75.6605,24.3395
ENSG00000227500,ENSMUSG00000113949,83.22479999999999,16.775200000000012
ENSG00000011451,ENSMUSG00000024050,79.72255,20.27745
ENSG00000135093,ENSMUSG00000029592,89.7486,10.251400000000004
ENSG00000118922,ENSMUSG00000072294,97.0149,2.9851000000000028
ENSG00000138413,ENSMUSG00000025950,95.6522,4.3478000000000065
ENSG00000182054,ENSMUSG00000030541,95.1327,4.8673
ENSG00000182379,ENSMUSG00000040258,89.8731,10.126900000000006
ENSG00000144227,ENSMUSG00000069132,89.52674999999999,10.473250000000007
ENSG00000182575,ENSMUSG00000046719,96.4286,3.571399999999997
ENSG00000122584,ENSMUSG00000046178,99.631,0.3689999999999998
ENSG00000144306,ENSMUSG00000008226,81.4768,18.523200000000003
ENSG00000136193,ENSMUSG00000019124,87.9227,12.077299999999994
ENSG00000141295,ENSMUSG00000020877,85.8824,14.117599999999996
ENSG00000197386,ENSMUSG00000029104,90.8347,9.165300000000002
ENSG00000042781,ENSMUSG00000026609,71.38050000000001,28.619499999999988
ENSG00000184937,ENSMUSG00000016458,93.16865,6.8313500000000005
ENSG00000154553,ENSMUSG00000031636,71.53290000000001,28.467099999999988
ENSG00000127947,ENSMUSG00000028771,84.5025,15.497500000000002
ENSG00000111875,ENSMUSG00000019857,99.5098,0.4902000000000015
ENSG00000105011,ENSMUSG00000005470,91.5842,8.415800000000004
ENSG00000112146,ENSMUSG00000001366,91.0755,8.924499999999995
ENSG00000184194,ENSMUSG00000056679,99.4638,0.5361999999999938
ENSG00000170837,ENSMUSG00000072875,96.55445,3.4455499999999972
ENSG00000164604,ENSMUSG00000048216,100.0,0.0
ENSG00000182247,ENSMUSG00000058317,99.5025,0.4975000000000023
ENSG00000163633,ENSMUSG00000029320,63.2479,36.7521
ENSG00000078399,ENSMUSG00000038227,98.3429,1.6570999999999998
ENSG00000131944,ENSMUSG00000030493,80.2904,19.709599999999995
ENSG00000103326,ENSMUSG00000037326,84.2448,15.755200000000002
ENSG00000132016,ENSMUSG00000008129,38.4386,61.5614
ENSG00000173898,ENSMUSG00000067889,94.93515,5.064850000000007
ENSG00000144228,ENSMUSG00000026771,96.4286,3.571399999999997
ENSG00000187583,ENSMUSG00000078485,66.6121,33.3879
ENSG00000135951,ENSMUSG00000060771,95.48395,4.516050000000007
ENSG00000226807,ENSMUSG00000072487,66.95365000000001,33.04634999999999
ENSG00000116251,ENSMUSG00000028936,99.2188,0.7811999999999983
ENSG00000182187,ENSMUSG00000073658,82.8571,17.142899999999997
ENSG00000163254,ENSMUSG00000025952,84.81445,15.185550000000006
ENSG00000169379,ENSMUSG00000022911,80.46795,19.532049999999998
ENSG00000111860,ENSMUSG00000038594,86.406,13.593999999999994
ENSG00000130695,ENSMUSG00000037443,85.5453,14.454700000000003
ENSG00000166780,ENSMUSG00000044117,95.33225,4.667749999999998
ENSG00000197953,ENSMUSG00000091376,79.0524,20.947599999999994
ENSG00000065534,ENSMUSG00000022836,84.6347,15.365300000000005
ENSG00000174807,ENSMUSG00000056481,78.05735,21.94265
ENSG00000016490,ENSMUSG00000028255,75.53365,24.466350000000006
ENSG00000125815,ENSMUSG00000027442,58.4507,41.5493
ENSG00000152133,ENSMUSG00000050668,89.56385,10.436149999999998
ENSG00000203618,ENSMUSG00000050761,85.7454,14.254599999999996
ENSG00000169704,ENSMUSG00000030054,71.1864,28.813599999999994
ENSG00000166813,ENSMUSG00000050382,88.74055,11.259450000000001
ENSG00000197599,ENSMUSG00000059562,63.7499,36.2501
ENSG00000100341,ENSMUSG00000018868,66.12675,33.87325
ENSG00000075290,ENSMUSG00000036961,93.5154,6.4846
ENSG00000119431,ENSMUSG00000038422,76.494,23.506
ENSG00000152782,ENSMUSG00000033610,83.67465,16.32535
ENSG00000152990,ENSMUSG00000029090,92.9701,7.029899999999998
ENSG00000144791,ENSMUSG00000025239,77.6813,22.318700000000007
ENSG00000176842,ENSMUSG00000031737,93.07145,6.928550000000001
ENSG00000171603,ENSMUSG00000039953,92.55115,7.448849999999993
ENSG00000139182,ENSMUSG00000008153,95.8159,4.184100000000001
ENSG00000158258,ENSMUSG00000032452,94.51759999999999,5.482400000000013
ENSG00000213614,ENSMUSG00000025232,84.20065,15.799350000000004
ENSG00000049860,ENSMUSG00000021665,73.28465,26.71535
ENSG00000181090,ENSMUSG00000036893,88.8204,11.179599999999994
ENSG00000170236,ENSMUSG00000027364,71.9776,28.022400000000005
ENSG00000171827,ENSMUSG00000037001,38.4495,61.5505
ENSG00000130255,ENSMUSG00000057863,100.0,0.0
ENSG00000183560,ENSMUSG00000031933,67.2164,32.78360000000001
ENSG00000165457,ENSMUSG00000032725,77.47515,22.52485
ENSG00000132026,ENSMUSG00000048617,52.59625,47.40375
ENSG00000147256,ENSMUSG00000036198,80.01345,19.986549999999994
ENSG00000047648,ENSMUSG00000031355,85.36834999999999,14.631650000000008
ENSG00000161610,ENSMUSG00000045471,81.99355,18.00645
ENSG00000258484,ENSMUSG00000046846,44.78445,55.21555
ENSG00000170145,ENSMUSG00000037112,91.00765000000001,8.992349999999988
ENSG00000184956,ENSMUSG00000118661,43.75695,56.24305
ENSG00000141504,ENSMUSG00000069835,80.0,20.0
ENSG00000184788,ENSMUSG00000025527,34.2301,65.7699
ENSG00000130066,ENSMUSG00000025283,96.4912,3.5087999999999937
ENSG00000187994,ENSMUSG00000051735,68.20245,31.79755
ENSG00000002834,ENSMUSG00000038366,95.80295,4.197050000000004
ENSG00000186907,ENSMUSG00000050896,95.0,5.0
ENSG00000198816,ENSMUSG00000047264,82.7047,17.295299999999997
ENSG00000198858,ENSMUSG00000035781,84.91655,15.08345
ENSG00000188060,ENSMUSG00000089687,78.0638,21.9362
ENSG00000176014,ENSMUSG00000001473,97.20054999999999,2.7994500000000073
ENSG00000132478,ENSMUSG00000020770,95.4321,4.5678999999999945
ENSG00000116106,ENSMUSG00000026235,98.5801,1.4198999999999984
ENSG00000138823,ENSMUSG00000028158,85.906,14.093999999999994
ENSG00000109756,ENSMUSG00000062232,89.532,10.468000000000004
ENSG00000187783,ENSMUSG00000048108,84.3636,15.636399999999995
ENSG00000204390,ENSMUSG00000007033,94.6958,5.3041999999999945
ENSG00000116918,ENSMUSG00000056820,90.6897,9.310299999999998
ENSG00000211460,ENSMUSG00000026374,98.6842,1.3157999999999959
ENSG00000174109,ENSMUSG00000067722,64.93984999999999,35.06015000000001
ENSG00000188895,ENSMUSG00000052915,96.2604,3.739599999999996
ENSG00000118307,ENSMUSG00000043541,67.08189999999999,32.91810000000001
ENSG00000157869,ENSMUSG00000029128,95.4751,4.524900000000002
ENSG00000196754,ENSMUSG00000094018,43.602850000000004,56.397149999999996
ENSG00000065911,ENSMUSG00000005667,92.0,8.0
ENSG00000137872,ENSMUSG00000027200,94.8742,5.125799999999998
ENSG00000213983,ENSMUSG00000040701,86.93015,13.069850000000002
ENSG00000166747,ENSMUSG00000031731,99.08959999999999,0.9104000000000099
ENSG00000081014,ENSMUSG00000001998,80.92435,19.075649999999996
ENSG00000183020,ENSMUSG00000002957,97.3895,2.610500000000002
ENSG00000196961,ENSMUSG00000060279,98.4293,1.5707000000000022
ENSG00000155158,ENSMUSG00000038172,88.24015,11.75985
ENSG00000085831,ENSMUSG00000028555,91.42865,8.571349999999995
ENSG00000168234,ENSMUSG00000024424,94.06765,5.93235
ENSG00000139899,ENSMUSG00000040380,90.58315,9.416849999999997
ENSG00000095585,ENSMUSG00000061132,85.43275,14.567250000000001
ENSG00000172059,ENSMUSG00000020653,75.94425000000001,24.05574999999999
ENSG00000100142,ENSMUSG00000033020,99.2126,0.7874000000000052
ENSG00000114948,ENSMUSG00000025964,94.04005000000001,5.959949999999992
ENSG00000166012,ENSMUSG00000031939,52.28115,47.71885
ENSG00000133020,ENSMUSG00000055775,97.0057,2.9942999999999955
ENSG00000130173,ENSMUSG00000047822,72.7273,27.2727
ENSG00000154146,ENSMUSG00000053310,96.1538,3.846199999999996
ENSG00000115705,ENSMUSG00000020673,73.64070000000001,26.35929999999999
ENSG00000101204,ENSMUSG00000027577,83.13315,16.86685
ENSG00000103064,ENSMUSG00000031904,89.1262,10.873800000000003
ENSG00000197191,ENSMUSG00000036731,76.92685,23.07315
ENSG00000179222,ENSMUSG00000025151,87.70155,12.298450000000003
ENSG00000164073,ENSMUSG00000025759,81.58155,18.418450000000007
ENSG00000101189,ENSMUSG00000027569,96.5686,3.4313999999999965
ENSG00000109061,ENSMUSG00000056328,96.83075,3.1692500000000052
ENSG00000175029,ENSMUSG00000030970,69.7498,30.250200000000007
ENSG00000196684,ENSMUSG00000062007,53.3895,46.6105
ENSG00000175634,ENSMUSG00000024830,92.8654,7.134600000000006
ENSG00000160695,ENSMUSG00000032127,97.5558,2.444199999999995
ENSG00000104142,ENSMUSG00000034216,95.7862,4.213800000000006
ENSG00000041988,ENSMUSG00000039759,73.67855,26.32145
ENSG00000100353,ENSMUSG00000016554,98.9051,1.0948999999999955
ENSG00000091010,ENSMUSG00000024497,99.1124,0.8876000000000062
ENSG00000137054,ENSMUSG00000028318,75.5216,24.478399999999993
ENSG00000151292,ENSMUSG00000073563,98.01650000000001,1.9834999999999923
ENSG00000183918,ENSMUSG00000005696,88.19445,11.805549999999997
ENSG00000187624,ENSMUSG00000053783,47.5877,52.4123
ENSG00000182087,ENSMUSG00000013858,84.5476,15.452399999999997
ENSG00000006530,ENSMUSG00000029916,91.34055000000001,8.659449999999993
ENSG00000241685,ENSMUSG00000029621,98.6487,1.3512999999999948
ENSG00000186141,ENSMUSG00000028099,93.3459,6.6541
ENSG00000129911,ENSMUSG00000035397,87.8731,12.126900000000006
ENSG00000112473,ENSMUSG00000024327,86.35395,13.646050000000002
ENSG00000120875,ENSMUSG00000031530,96.4671,3.532899999999998
ENSG00000120280,ENSMUSG00000025058,83.80845,16.191550000000007
ENSG00000185056,ENSMUSG00000020299,46.96965,53.03035
ENSG00000131116,ENSMUSG00000064264,90.7168,9.283199999999994
ENSG00000232237,ENSMUSG00000097918,75.28405000000001,24.715949999999992
ENSG00000139620,ENSMUSG00000022992,94.8911,5.1089000000000055
ENSG00000183798,ENSMUSG00000050700,84.648,15.352000000000004
ENSG00000132205,ENSMUSG00000024053,73.34989999999999,26.65010000000001
ENSG00000138080,ENSMUSG00000029163,86.66995,13.33005
ENSG00000138722,ENSMUSG00000054641,66.2054,33.7946
ENSG00000173269,ENSMUSG00000041445,66.38544999999999,33.61455000000001
ENSG00000178602,ENSMUSG00000044055,79.7753,20.2247
ENSG00000163793,ENSMUSG00000053856,62.4339,37.5661
ENSG00000118596,ENSMUSG00000020102,72.35204999999999,27.64795000000001
ENSG00000182473,ENSMUSG00000020792,95.30170000000001,4.698299999999989
ENSG00000155011,ENSMUSG00000028031,95.3668,4.633200000000002
ENSG00000166233,ENSMUSG00000025234,99.2809,0.7190999999999974
ENSG00000189050,ENSMUSG00000020521,81.3939,18.606099999999998
ENSG00000165119,ENSMUSG00000021546,100.0,0.0
ENSG00000145757,ENSMUSG00000021590,78.6574,21.342600000000004
ENSG00000162493,ENSMUSG00000028583,44.8637,55.1363
ENSG00000130702,ENSMUSG00000015647,79.23995,20.760050000000007
ENSG00000169019,ENSMUSG00000029213,76.5027,23.497299999999996
ENSG00000157483,ENSMUSG00000032220,96.16255000000001,3.83744999999999
ENSG00000170190,ENSMUSG00000045775,38.67765,61.32235
ENSG00000134028,ENSMUSG00000022057,65.52895000000001,34.47104999999999
ENSG00000154930,ENSMUSG00000027452,87.38374999999999,12.616250000000008
ENSG00000130287,ENSMUSG00000002341,67.2356,32.764399999999995
ENSG00000215474,ENSMUSG00000091519,92.24035,7.7596499999999935
ENSG00000153347,ENSMUSG00000109228,74.4725,25.527500000000003
ENSG00000157470,ENSMUSG00000032224,92.62575000000001,7.374249999999989
ENSG00000133030,ENSMUSG00000005417,78.44200000000001,21.557999999999993
ENSG00000162620,ENSMUSG00000028182,61.419250000000005,38.580749999999995
ENSG00000060718,ENSMUSG00000027966,93.90585,6.094149999999999
ENSG00000121644,ENSMUSG00000026502,96.9072,3.092799999999997
ENSG00000141404,ENSMUSG00000024524,84.3818,15.618200000000002
ENSG00000166166,ENSMUSG00000060950,91.19200000000001,8.807999999999993
ENSG00000179361,ENSMUSG00000004661,85.99719999999999,14.002800000000008
ENSG00000167741,ENSMUSG00000040471,69.8798,30.120199999999997
ENSG00000151687,ENSMUSG00000039342,80.72675000000001,19.27324999999999
ENSG00000163811,ENSMUSG00000041057,87.0015,12.998500000000007
ENSG00000114744,ENSMUSG00000036513,93.9698,6.030199999999994
ENSG00000084628,ENSMUSG00000078532,99.5169,0.4830999999999932
ENSG00000152214,ENSMUSG00000057455,91.7051,8.294899999999998
ENSG00000085552,ENSMUSG00000037995,87.7863,12.213700000000003
ENSG00000165219,ENSMUSG00000026867,97.87530000000001,2.12469999999999
ENSG00000130540,ENSMUSG00000018865,97.8873,2.112700000000004
ENSG00000063180,ENSMUSG00000003273,96.6463,3.3537000000000035
ENSG00000140931,ENSMUSG00000031875,87.98075,12.01925
ENSG00000205744,ENSMUSG00000002668,70.5797,29.420299999999997
ENSG00000120899,ENSMUSG00000059456,95.441,4.5589999999999975
ENSG00000198553,ENSMUSG00000046168,73.52385000000001,26.47614999999999
ENSG00000197694,ENSMUSG00000057738,98.0118,1.9882000000000062
ENSG00000119383,ENSMUSG00000039515,96.2848,3.715199999999996
ENSG00000188739,ENSMUSG00000033931,68.82034999999999,31.17965000000001
ENSG00000020181,ENSMUSG00000031486,87.95814999999999,12.04185000000001
ENSG00000058404,ENSMUSG00000057897,96.997,3.003
ENSG00000100060,ENSMUSG00000018169,82.866,17.134
ENSG00000153292,ENSMUSG00000041293,70.1871,29.8129
ENSG00000148795,ENSMUSG00000003555,66.7981,33.201899999999995
ENSG00000232119,ENSMUSG00000000355,99.4475,0.5524999999999949
ENSG00000185808,ENSMUSG00000022940,74.66145,25.338549999999998
ENSG00000122390,ENSMUSG00000005982,97.1074,2.8926000000000016
ENSG00000226650,ENSMUSG00000092054,76.66205,23.337950000000006
ENSG00000141698,ENSMUSG00000017176,89.6667,10.333299999999994
ENSG00000122643,ENSMUSG00000029780,93.6556,6.344399999999993
ENSG00000151079,ENSMUSG00000038077,92.8166,7.183400000000006
ENSG00000105379,ENSMUSG00000004610,92.1569,7.843100000000007
ENSG00000090554,ENSMUSG00000110206,62.63415,37.36585
ENSG00000185149,ENSMUSG00000028004,94.4882,5.511799999999994
ENSG00000108179,ENSMUSG00000021868,89.10465,10.895349999999993
ENSG00000251247,ENSMUSG00000051034,46.7321,53.2679
ENSG00000075673,ENSMUSG00000022229,86.7891,13.210899999999995
ENSG00000152904,ENSMUSG00000021302,93.6667,6.333299999999994
ENSG00000164494,ENSMUSG00000038240,88.00055,11.999449999999996
ENSG00000148459,ENSMUSG00000026784,84.2278,15.772199999999998
ENSG00000023287,ENSMUSG00000025907,89.37805,10.621949999999998
ENSG00000196141,ENSMUSG00000038305,89.5068,10.493200000000002
ENSG00000123352,ENSMUSG00000051934,83.6697,16.330299999999994
ENSG00000184083,ENSMUSG00000025262,92.54735,7.4526500000000055
ENSG00000048828,ENSMUSG00000038014,96.6823,3.317700000000002
ENSG00000112584,ENSMUSG00000014763,75.40305000000001,24.596949999999993
ENSG00000165695,ENSMUSG00000026807,77.0355,22.9645
ENSG00000166562,ENSMUSG00000024516,97.9167,2.083299999999994
ENSG00000140612,ENSMUSG00000025724,79.97194999999999,20.028050000000007
ENSG00000165501,ENSMUSG00000034883,77.75829999999999,22.24170000000001
ENSG00000188612,ENSMUSG00000020738,100.0,0.0
ENSG00000184900,ENSMUSG00000020265,85.36815,14.63185
ENSG00000198783,ENSMUSG00000046010,84.09424999999999,15.905750000000012
ENSG00000152601,ENSMUSG00000027763,95.71275,4.28725
ENSG00000139793,ENSMUSG00000022139,89.1806,10.819400000000002
ENSG00000076770,ENSMUSG00000036109,82.7832,17.216800000000006
ENSG00000135482,ENSMUSG00000039810,97.12325,2.8767500000000013
ENSG00000260916,ENSMUSG00000034563,70.18674999999999,29.81325000000001
ENSG00000110680,ENSMUSG00000030669,50.676,49.324
ENSG00000167487,ENSMUSG00000055707,85.83595,14.164050000000003
ENSG00000008018,ENSMUSG00000014769,93.1397,6.860299999999995
ENSG00000203666,ENSMUSG00000026495,85.2793,14.720699999999994
ENSG00000140326,ENSMUSG00000027284,88.4103,11.589699999999993
ENSG00000204316,ENSMUSG00000020775,86.5789,13.421099999999996
ENSG00000172466,ENSMUSG00000051469,95.1087,4.891300000000001
ENSG00000117054,ENSMUSG00000062908,87.6485,12.351500000000001
ENSG00000152932,ENSMUSG00000021700,97.3568,2.643199999999993
ENSG00000152556,ENSMUSG00000033065,97.8205,2.1795000000000044
ENSG00000143318,ENSMUSG00000007122,93.6448,6.355199999999996
ENSG00000118729,ENSMUSG00000027861,88.175,11.825000000000003
ENSG00000174903,ENSMUSG00000024870,99.005,0.9950000000000045
ENSG00000171298,ENSMUSG00000025579,80.31495000000001,19.68504999999999
ENSG00000165521,ENSMUSG00000051166,95.8017,4.198300000000003
ENSG00000160917,ENSMUSG00000029625,99.2565,0.7434999999999974
ENSG00000113194,ENSMUSG00000025873,97.7528,2.2472000000000065
ENSG00000122694,ENSMUSG00000028480,93.5065,6.493499999999997
ENSG00000290292,ENSMUSG00000057156,76.0983,23.901700000000005
ENSG00000178764,ENSMUSG00000071757,87.1489,12.851100000000002
ENSG00000165156,ENSMUSG00000022361,91.2944,8.705600000000004
ENSG00000174306,ENSMUSG00000035877,85.58005,14.41995
ENSG00000196743,ENSMUSG00000000594,67.8756,32.124399999999994
ENSG00000157045,ENSMUSG00000022681,92.2581,7.741900000000001
ENSG00000118972,ENSMUSG00000000182,70.5179,29.482100000000003
ENSG00000100485,ENSMUSG00000034801,95.00935,4.990650000000002
ENSG00000214102,ENSMUSG00000037159,66.49600000000001,33.50399999999999
ENSG00000108599,ENSMUSG00000047804,89.7281,10.271900000000002
ENSG00000043462,ENSMUSG00000002699,82.1764,17.8236
ENSG00000073598,ENSMUSG00000018844,66.66810000000001,33.33189999999999
ENSG00000203896,ENSMUSG00000090077,58.27985,41.72015
ENSG00000162782,ENSMUSG00000060985,78.16915,21.830849999999998
ENSG00000177595,ENSMUSG00000025507,80.98689999999999,19.01310000000001
ENSG00000169679,ENSMUSG00000027379,72.8652,27.1348
ENSG00000255408,ENSMUSG00000102312,85.83664999999999,14.163350000000008
ENSG00000047578,ENSMUSG00000032743,72.61505,27.384950000000003
ENSG00000273706,ENSMUSG00000018698,99.5074,0.49259999999999593
ENSG00000169876,ENSMUSG00000037390,23.9991,76.0009
ENSG00000169894,ENSMUSG00000094840,31.28377,68.71623
ENSG00000173702,ENSMUSG00000022824,39.3872,60.6128
ENSG00000057019,ENSMUSG00000035107,84.4572,15.5428
ENSG00000164649,ENSMUSG00000021175,78.50059999999999,21.49940000000001
ENSG00000030304,ENSMUSG00000057280,92.352,7.647999999999996
ENSG00000075275,ENSMUSG00000016028,81.05125,18.948750000000004
ENSG00000120645,ENSMUSG00000040797,85.90915000000001,14.090849999999989
ENSG00000106100,ENSMUSG00000038058,81.532,18.468000000000004
ENSG00000173114,ENSMUSG00000036295,87.91525,12.08475
ENSG00000130037,ENSMUSG00000045534,87.08535,12.914649999999995
ENSG00000234438,ENSMUSG00000054978,86.2445,13.755499999999998
ENSG00000243317,ENSMUSG00000073155,91.4894,8.510599999999997
ENSG00000133265,ENSMUSG00000063802,95.25215,4.74785
ENSG00000120725,ENSMUSG00000024357,84.8828,15.117199999999997
ENSG00000159346,ENSMUSG00000026457,96.8,3.200000000000003
ENSG00000142273,ENSMUSG00000040525,69.52029999999999,30.47970000000001
ENSG00000150961,ENSMUSG00000039234,87.9845,12.015500000000003
ENSG00000113615,ENSMUSG00000036391,88.59385,11.406149999999997
ENSG00000138802,ENSMUSG00000001052,83.4496,16.550399999999996
ENSG00000130032,ENSMUSG00000033361,94.3723,5.627700000000004
ENSG00000162585,ENSMUSG00000073684,53.0197,46.9803
ENSG00000162384,ENSMUSG00000028608,95.0,5.0
ENSG00000188554,ENSMUSG00000017119,84.04339999999999,15.956600000000009
ENSG00000133739,ENSMUSG00000027550,79.98124999999999,20.01875000000001
ENSG00000121964,ENSMUSG00000036890,79.97229999999999,20.02770000000001
ENSG00000186970,ENSMUSG00000022931,51.673950000000005,48.326049999999995
ENSG00000145949,ENSMUSG00000044951,67.46724999999999,32.53275000000001
ENSG00000183049,ENSMUSG00000039145,97.6623,2.337699999999998
ENSG00000139546,ENSMUSG00000023051,94.66499999999999,5.335000000000008
ENSG00000078177,ENSMUSG00000037795,69.65514999999999,30.344850000000008
ENSG00000133048,ENSMUSG00000064246,73.03715,26.962850000000003
ENSG00000136146,ENSMUSG00000022109,94.4444,5.555599999999998
ENSG00000157150,ENSMUSG00000030317,88.8393,11.160700000000006
ENSG00000102710,ENSMUSG00000027751,88.29265000000001,11.707349999999991
ENSG00000135362,ENSMUSG00000032841,91.3286,8.671400000000006
ENSG00000186654,ENSMUSG00000036106,88.77435,11.225650000000002
ENSG00000080802,ENSMUSG00000038784,97.9625,2.0374999999999943
ENSG00000104320,ENSMUSG00000028224,71.2295,28.7705
ENSG00000164266,ENSMUSG00000024503,69.18515,30.814850000000007
ENSG00000178462,ENSMUSG00000021216,82.7354,17.2646
ENSG00000093009,ENSMUSG00000000028,91.6961,8.303899999999999
ENSG00000064961,ENSMUSG00000020232,93.6908,6.309200000000004
ENSG00000124568,ENSMUSG00000021335,65.45095,34.549049999999994
ENSG00000197771,ENSMUSG00000048170,92.97995,7.020049999999998
ENSG00000084733,ENSMUSG00000020671,100.0,0.0
ENSG00000172350,ENSMUSG00000032131,96.5944,3.405600000000007
ENSG00000132541,ENSMUSG00000022323,80.88675,19.113249999999994
ENSG00000143756,ENSMUSG00000047539,94.837,5.162999999999997
ENSG00000164096,ENSMUSG00000054091,68.7063,31.2937
ENSG00000091140,ENSMUSG00000020664,94.8919,5.108099999999993
ENSG00000161860,ENSMUSG00000003824,61.42125,38.57875
ENSG00000152910,ENSMUSG00000031772,86.32545,13.674549999999996
ENSG00000196655,ENSMUSG00000032112,98.1735,1.8264999999999958
ENSG00000170043,ENSMUSG00000049299,98.6207,1.3793000000000006
ENSG00000179950,ENSMUSG00000002524,98.31004999999999,1.6899500000000103
ENSG00000170322,ENSMUSG00000042185,94.10419999999999,5.895800000000008
ENSG00000204175,ENSMUSG00000071531,73.1662,26.833799999999997
ENSG00000185477,ENSMUSG00000045441,58.7436,41.2564
ENSG00000128591,ENSMUSG00000068699,98.2939,1.7061000000000064
ENSG00000196924,ENSMUSG00000031328,97.16255000000001,2.83744999999999
ENSG00000137338,ENSMUSG00000055313,48.8528,51.1472
ENSG00000173402,ENSMUSG00000039952,93.28875,6.711250000000007
ENSG00000137845,ENSMUSG00000054693,96.05885,3.9411499999999933
ENSG00000088882,ENSMUSG00000027408,85.44535,14.554649999999995
ENSG00000151967,ENSMUSG00000027777,92.48285000000001,7.517149999999987
ENSG00000106628,ENSMUSG00000020471,94.2431,5.756900000000002
ENSG00000146151,ENSMUSG00000007908,92.24189999999999,7.758100000000013
ENSG00000140464,ENSMUSG00000036986,67.23275000000001,32.76724999999999
ENSG00000006576,ENSMUSG00000039987,93.5921,6.407899999999998
ENSG00000116793,ENSMUSG00000058388,93.63104999999999,6.368950000000012
ENSG00000094755,ENSMUSG00000020159,92.7273,7.2727
ENSG00000142494,ENSMUSG00000010122,78.45259999999999,21.54740000000001
ENSG00000101457,ENSMUSG00000017299,96.49945,3.500550000000004
ENSG00000158008,ENSMUSG00000028838,74.20275,25.797250000000005
ENSG00000143702,ENSMUSG00000057335,89.02915,10.970849999999999
ENSG00000070495,ENSMUSG00000056962,97.7667,2.2333
ENSG00000145681,ENSMUSG00000021613,96.05709999999999,3.9429000000000087
ENSG00000165682,ENSMUSG00000030159,63.7555,36.2445
ENSG00000091136,ENSMUSG00000002900,92.7772,7.2228000000000065
ENSG00000104921,ENSMUSG00000005540,54.92085,45.07915
ENSG00000168172,ENSMUSG00000037234,97.7716,2.2283999999999935
ENSG00000103150,ENSMUSG00000074064,87.71585,12.284149999999997
ENSG00000104324,ENSMUSG00000039007,87.8985,12.101500000000001
ENSG00000175003,ENSMUSG00000023829,77.6579,22.342100000000002
ENSG00000196428,ENSMUSG00000027806,83.6782,16.321799999999996
ENSG00000162873,ENSMUSG00000042115,95.7143,4.285700000000006
ENSG00000101342,ENSMUSG00000074628,84.3133,15.686700000000002
ENSG00000090857,ENSMUSG00000033624,92.20265,7.7973499999999945
ENSG00000137944,ENSMUSG00000040213,83.38845,16.611549999999994
ENSG00000179195,ENSMUSG00000079215,100.0,0.0
ENSG00000182903,ENSMUSG00000070709,34.991550000000004,65.00845
ENSG00000137500,ENSMUSG00000030613,86.668,13.331999999999994
ENSG00000184271,ENSMUSG00000009739,85.66839999999999,14.331600000000009
ENSG00000136068,ENSMUSG00000025278,95.8493,4.1507000000000005
ENSG00000132485,ENSMUSG00000028180,96.9697,3.030299999999997
ENSG00000134986,ENSMUSG00000042834,76.4706,23.529399999999995
ENSG00000142065,ENSMUSG00000053985,84.6071,15.392899999999997
ENSG00000163348,ENSMUSG00000047824,96.67089999999999,3.329100000000011
ENSG00000171016,ENSMUSG00000034910,89.71345,10.286550000000005
ENSG00000188133,ENSMUSG00000046593,92.3404,7.6595999999999975
ENSG00000186310,ENSMUSG00000055733,75.33675,24.663250000000005
ENSG00000166337,ENSMUSG00000043866,91.7431,8.256900000000002
ENSG00000119699,ENSMUSG00000021253,97.5728,2.427199999999999
ENSG00000153250,ENSMUSG00000026970,96.41665,3.583349999999996
ENSG00000215595,ENSMUSG00000087035,74.11359999999999,25.88640000000001
ENSG00000142279,ENSMUSG00000036459,88.05425,11.945750000000004
ENSG00000240230,ENSMUSG00000045438,80.22945,19.77055
ENSG00000113838,ENSMUSG00000004462,82.77895,17.221050000000005
ENSG00000175073,ENSMUSG00000045210,95.4956,4.504400000000004
ENSG00000140718,ENSMUSG00000055932,85.8002,14.199799999999996
ENSG00000154380,ENSMUSG00000022995,74.3545,25.6455
ENSG00000196549,ENSMUSG00000027820,94.1333,5.8666999999999945
ENSG00000124479,ENSMUSG00000040138,94.7024,5.297600000000003
ENSG00000163171,ENSMUSG00000036533,92.5197,7.4803
ENSG00000188763,ENSMUSG00000049551,95.689,4.311000000000007
ENSG00000159184,ENSMUSG00000049604,92.9836,7.016400000000004
ENSG00000179008,ENSMUSG00000021098,69.7762,30.223799999999997
ENSG00000166411,ENSMUSG00000032279,97.541,2.459000000000003
ENSG00000101365,ENSMUSG00000027406,93.62825000000001,6.371749999999992
ENSG00000067829,ENSMUSG00000002010,95.1654,4.834599999999995
ENSG00000116237,ENSMUSG00000039662,96.1268,3.873199999999997
ENSG00000132915,ENSMUSG00000024575,94.8837,5.116299999999995
ENSG00000129292,ENSMUSG00000072501,86.04725,13.952749999999995
ENSG00000139197,ENSMUSG00000005069,93.5837,6.416300000000007
ENSG00000142655,ENSMUSG00000028975,92.1648,7.8352
ENSG00000126457,ENSMUSG00000109324,99.7305,0.26949999999999363
ENSG00000196296,ENSMUSG00000030730,96.6801,3.319900000000004
ENSG00000126775,ENSMUSG00000037526,93.0894,6.910600000000002
ENSG00000146072,ENSMUSG00000023915,89.0076,10.992400000000004
ENSG00000178718,ENSMUSG00000062309,87.9397,12.060299999999998
ENSG00000164967,ENSMUSG00000036114,94.4785,5.521500000000003
ENSG00000101958,ENSMUSG00000018589,98.6726,1.3273999999999972
ENSG00000162643,ENSMUSG00000043020,80.06905,19.930949999999996
ENSG00000170802,ENSMUSG00000034998,84.65165,15.348349999999996
ENSG00000145020,ENSMUSG00000032607,88.8337,11.166300000000007
ENSG00000162542,ENSMUSG00000041143,82.2139,17.786100000000005
ENSG00000011009,ENSMUSG00000028670,99.1342,0.865799999999993
ENSG00000187871,ENSMUSG00000059383,70.1399,29.860100000000003
ENSG00000137218,ENSMUSG00000023266,85.9756,14.0244
ENSG00000132530,ENSMUSG00000040483,47.150549999999996,52.849450000000004
ENSG00000135148,ENSMUSG00000042726,76.24805,23.751949999999994
ENSG00000159128,ENSMUSG00000022965,59.19615,40.80385
ENSG00000144040,ENSMUSG00000033720,97.06825,2.931749999999994
ENSG00000183605,ENSMUSG00000063698,59.1576,40.8424
ENSG00000156398,ENSMUSG00000025036,89.1304,10.869600000000005
ENSG00000164466,ENSMUSG00000021474,94.7205,5.279499999999999
ENSG00000107819,ENSMUSG00000025212,93.7695,6.230500000000006
ENSG00000157985,ENSMUSG00000055013,93.5329,6.467100000000002
ENSG00000183397,ENSMUSG00000020234,57.3524,42.6476
ENSG00000250821,ENSMUSG00000091204,90.1163,9.883700000000005
ENSG00000146830,ENSMUSG00000029714,91.1994,8.800600000000003
ENSG00000010704,ENSMUSG00000006611,67.34305,32.656949999999995
ENSG00000153029,ENSMUSG00000026471,75.6598,24.340199999999996
ENSG00000101138,ENSMUSG00000027498,99.536,0.46399999999999864
ENSG00000135678,ENSMUSG00000020183,84.8758,15.124200000000002
ENSG00000099940,ENSMUSG00000022765,83.3989,16.601100000000002
ENSG00000143740,ENSMUSG00000009894,67.3112,32.6888
ENSG00000092531,ENSMUSG00000027287,86.93639999999999,13.063600000000008
ENSG00000132639,ENSMUSG00000027273,95.6311,4.3688999999999965
ENSG00000092847,ENSMUSG00000041530,100.0,0.0
ENSG00000110171,ENSMUSG00000036989,98.6559,1.3440999999999974
ENSG00000151689,ENSMUSG00000026102,81.00745,18.992549999999994
ENSG00000133488,ENSMUSG00000019368,82.8194,17.1806
ENSG00000176731,ENSMUSG00000078784,66.19785,33.80215
ENSG00000179988,ENSMUSG00000063179,76.1508,23.849199999999996
ENSG00000090376,ENSMUSG00000020227,75.36144999999999,24.63855000000001
ENSG00000185681,ENSMUSG00000026894,76.79395,23.206050000000005
ENSG00000181016,ENSMUSG00000071342,82.6366,17.3634
ENSG00000173546,ENSMUSG00000032911,83.37285,16.62715
ENSG00000173281,ENSMUSG00000046794,89.6312,10.368799999999993
ENSG00000183309,ENSMUSG00000050846,81.40775,18.592250000000007
ENSG00000118557,ENSMUSG00000031727,70.08765,29.912350000000004
ENSG00000131408,ENSMUSG00000060601,88.7629,11.237099999999998
ENSG00000175395,ENSMUSG00000072623,78.6817,21.318299999999994
ENSG00000114503,ENSMUSG00000022774,98.0769,1.9231000000000051
ENSG00000102931,ENSMUSG00000031776,95.7055,4.294499999999999
ENSG00000159259,ENSMUSG00000022945,82.9464,17.053600000000003
ENSG00000107957,ENSMUSG00000053617,91.45025,8.549750000000003
ENSG00000213339,ENSMUSG00000002825,87.0968,12.903199999999998
ENSG00000151576,ENSMUSG00000022704,87.4699,12.530100000000004
ENSG00000108669,ENSMUSG00000017132,96.8634,3.1366000000000014
ENSG00000180190,ENSMUSG00000050052,75.75434999999999,24.245650000000012
ENSG00000172602,ENSMUSG00000054855,96.5517,3.4483000000000033
ENSG00000100711,ENSMUSG00000021286,84.6154,15.384600000000006
ENSG00000107951,ENSMUSG00000024234,76.26445,23.735550000000003
ENSG00000010295,ENSMUSG00000038271,93.9159,6.0841000000000065
ENSG00000169991,ENSMUSG00000041025,96.2122,3.7878000000000043
ENSG00000144231,ENSMUSG00000024258,100.0,0.0
ENSG00000166152,ENSMUSG00000069971,52.341049999999996,47.658950000000004
ENSG00000137075,ENSMUSG00000035696,92.79525000000001,7.20474999999999
ENSG00000186132,ENSMUSG00000026388,83.3333,16.666700000000006
ENSG00000179846,ENSMUSG00000060621,77.8529,22.147099999999995
ENSG00000179674,ENSMUSG00000098207,75.0,25.0
ENSG00000138642,ENSMUSG00000029798,66.475,33.525000000000006
ENSG00000284024,ENSMUSG00000051396,85.5956,14.404399999999995
ENSG00000177981,ENSMUSG00000048175,97.2222,2.777799999999999
ENSG00000214814,ENSMUSG00000037106,88.24965,11.750349999999997
ENSG00000105639,ENSMUSG00000031805,82.92335,17.07665
ENSG00000162496,ENSMUSG00000066026,95.0331,4.966899999999995
ENSG00000014216,ENSMUSG00000024942,89.1381,10.861900000000006
ENSG00000181392,ENSMUSG00000019737,67.45175,32.548249999999996
ENSG00000102977,ENSMUSG00000038000,62.15725,37.84275
ENSG00000204439,ENSMUSG00000043311,75.97975,24.020250000000004
ENSG00000174446,ENSMUSG00000032398,76.0304,23.9696
ENSG00000140563,ENSMUSG00000032776,89.2938,10.706199999999995
ENSG00000162813,ENSMUSG00000026617,91.8831,8.116900000000001
ENSG00000169567,ENSMUSG00000020267,94.4444,5.555599999999998
ENSG00000162694,ENSMUSG00000027963,86.9697,13.030299999999997
ENSG00000151014,ENSMUSG00000023087,87.0305,12.969499999999996
ENSG00000131051,ENSMUSG00000027620,99.2442,0.7557999999999936
ENSG00000112304,ENSMUSG00000006717,83.5714,16.428600000000003
ENSG00000149782,ENSMUSG00000024960,92.2204,7.779600000000002
ENSG00000142684,ENSMUSG00000028840,90.2985,9.701499999999996
ENSG00000161298,ENSMUSG00000074220,74.0967,25.9033
ENSG00000013016,ENSMUSG00000024065,97.3832,2.616799999999998
ENSG00000110693,ENSMUSG00000051910,96.8599,3.140100000000004
ENSG00000105507,ENSMUSG00000005649,93.0636,6.936400000000006
ENSG00000104859,ENSMUSG00000061028,95.38195,4.618049999999997
ENSG00000061936,ENSMUSG00000029439,89.03045,10.969549999999998
ENSG00000163577,ENSMUSG00000050192,100.0,0.0
ENSG00000091409,ENSMUSG00000027111,88.93835000000001,11.061649999999986
ENSG00000188729,ENSMUSG00000052276,75.29495,24.70505
ENSG00000250719,ENSMUSG00000078593,62.7485,37.2515
ENSG00000106245,ENSMUSG00000038722,100.0,0.0
ENSG00000266200,ENSMUSG00000025091,73.83085,26.169150000000002
ENSG00000135541,ENSMUSG00000019986,74.963,25.037000000000006
ENSG00000165816,ENSMUSG00000025082,78.56784999999999,21.432150000000007
ENSG00000163581,ENSMUSG00000027690,81.9485,18.051500000000004
ENSG00000104833,ENSMUSG00000062591,100.0,0.0
ENSG00000164087,ENSMUSG00000023345,90.64095,9.359049999999996
ENSG00000273611,ENSMUSG00000020526,79.0985,20.9015
ENSG00000128422,ENSMUSG00000035557,95.26025,4.739750000000001
ENSG00000008513,ENSMUSG00000013846,81.8332,18.166799999999995
ENSG00000131069,ENSMUSG00000027605,92.72865,7.271349999999998
ENSG00000205126,ENSMUSG00000075023,55.23255,44.76745
ENSG00000105887,ENSMUSG00000029840,99.1525,0.8474999999999966
ENSG00000146215,ENSMUSG00000023968,88.2353,11.764700000000005
ENSG00000076555,ENSMUSG00000042010,88.62655,11.373450000000005
ENSG00000160877,ENSMUSG00000001910,88.5825,11.417500000000004
ENSG00000104427,ENSMUSG00000043542,87.2113,12.788700000000006
ENSG00000197081,ENSMUSG00000023830,81.3834,18.616600000000005
ENSG00000080608,ENSMUSG00000041360,89.57535,10.42465
ENSG00000122566,ENSMUSG00000004980,93.91704999999999,6.082950000000011
ENSG00000135519,ENSMUSG00000037579,95.4115,4.588499999999996
ENSG00000167964,ENSMUSG00000079657,86.4393,13.560699999999997
ENSG00000148584,ENSMUSG00000052595,91.6226,8.377399999999994
ENSG00000087206,ENSMUSG00000025878,75.79765,24.202349999999996
ENSG00000254087,ENSMUSG00000042228,96.0938,3.9061999999999983
ENSG00000151116,ENSMUSG00000043262,83.8641,16.135900000000007
ENSG00000074319,ENSMUSG00000014402,94.75049999999999,5.249500000000012
ENSG00000140092,ENSMUSG00000021186,94.1964,5.803600000000003
ENSG00000159387,ENSMUSG00000031738,73.90295,26.097049999999996
ENSG00000069345,ENSMUSG00000031701,99.5146,0.4853999999999985
ENSG00000111879,ENSMUSG00000019856,88.83064999999999,11.169350000000009
ENSG00000047662,ENSMUSG00000015879,71.37684999999999,28.62315000000001
ENSG00000139168,ENSMUSG00000022635,94.9309,5.069100000000006
ENSG00000163156,ENSMUSG00000092607,77.29585,22.70415
ENSG00000176386,ENSMUSG00000066149,88.2353,11.764700000000005
ENSG00000125877,ENSMUSG00000074797,88.78475,11.215249999999997
ENSG00000078098,ENSMUSG00000000392,89.5464,10.453599999999994
ENSG00000105649,ENSMUSG00000031840,99.0909,0.9090999999999951
ENSG00000143067,ENSMUSG00000050064,88.01214999999999,11.987850000000009
ENSG00000182271,ENSMUSG00000020839,73.4228,26.577200000000005
ENSG00000110975,ENSMUSG00000063260,92.9254,7.074600000000004
ENSG00000167105,ENSMUSG00000075610,40.501999999999995,59.498000000000005
ENSG00000158806,ENSMUSG00000047911,66.52674999999999,33.47325000000001
ENSG00000168899,ENSMUSG00000073002,68.17105000000001,31.828949999999992
ENSG00000189377,ENSMUSG00000060188,70.5882,29.4118
ENSG00000152669,ENSMUSG00000042417,79.77275,20.227249999999998
ENSG00000152213,ENSMUSG00000043157,81.9573,18.042699999999996
ENSG00000110031,ENSMUSG00000024696,85.2332,14.766800000000003
ENSG00000159761,ENSMUSG00000013158,63.47785,36.52215
ENSG00000222009,ENSMUSG00000073771,89.27765,10.722350000000006
ENSG00000267710,ENSMUSG00000053367,70.15985,29.840149999999994
ENSG00000188779,ENSMUSG00000022245,92.69055,7.309449999999998
ENSG00000168938,ENSMUSG00000024538,90.566,9.433999999999997
ENSG00000111321,ENSMUSG00000030339,66.62515,33.374849999999995
ENSG00000150753,ENSMUSG00000022234,96.3031,3.6968999999999994
ENSG00000137814,ENSMUSG00000027285,70.3628,29.637200000000007
ENSG00000122779,ENSMUSG00000029833,93.6697,6.330299999999994
ENSG00000124459,ENSMUSG00000074282,64.311,35.68899999999999
ENSG00000124181,ENSMUSG00000016933,96.93915,3.060850000000002
ENSG00000111252,ENSMUSG00000042594,73.59555,26.404449999999997
ENSG00000178188,ENSMUSG00000030733,91.6667,8.333299999999994
ENSG00000160999,ENSMUSG00000005057,83.6457,16.354299999999995
ENSG00000160256,ENSMUSG00000032977,70.86654999999999,29.13345000000001
ENSG00000198853,ENSMUSG00000035969,87.034,12.965999999999994
ENSG00000160753,ENSMUSG00000041263,78.60589999999999,21.39410000000001
ENSG00000068724,ENSMUSG00000036918,88.2284,11.771600000000007
ENSG00000159214,ENSMUSG00000078588,65.36175,34.63825
ENSG00000176894,ENSMUSG00000029499,76.29065,23.70935
ENSG00000011478,ENSMUSG00000030407,84.18315,15.816850000000002
ENSG00000115828,ENSMUSG00000024084,81.88125,18.118750000000006
ENSG00000186910,ENSMUSG00000063232,74.9143,25.085700000000003
ENSG00000107165,ENSMUSG00000005994,85.2886,14.711399999999998
ENSG00000168496,ENSMUSG00000024742,96.5789,3.4210999999999956
ENSG00000214866,ENSMUSG00000020633,54.162349999999996,45.837650000000004
ENSG00000103266,ENSMUSG00000039615,97.5291,2.4709000000000003
ENSG00000109685,ENSMUSG00000057406,90.88245,9.117549999999994
ENSG00000134900,ENSMUSG00000041763,96.2757,3.7242999999999995
ENSG00000105669,ENSMUSG00000055681,90.2597,9.740300000000005
ENSG00000131781,ENSMUSG00000028088,84.0525,15.947500000000005
ENSG00000152760,ENSMUSG00000028523,70.22695,29.773049999999998
ENSG00000174527,ENSMUSG00000066952,87.1897,12.810299999999998
ENSG00000166589,ENSMUSG00000031881,77.5166,22.483400000000003
ENSG00000186377,ENSMUSG00000047155,71.0633,28.936700000000002
ENSG00000172534,ENSMUSG00000031386,94.1182,5.881799999999998
ENSG00000166454,ENSMUSG00000047388,79.46449999999999,20.535500000000013
ENSG00000178814,ENSMUSG00000022562,92.5466,7.453400000000002
ENSG00000171105,ENSMUSG00000005534,94.8451,5.154899999999998
ENSG00000130921,ENSMUSG00000047635,73.33680000000001,26.66319999999999
ENSG00000164188,ENSMUSG00000048424,69.2981,30.701899999999995
ENSG00000169213,ENSMUSG00000003411,97.2603,2.739699999999999
ENSG00000099937,ENSMUSG00000022766,83.35475,16.645250000000004
ENSG00000163082,ENSMUSG00000032908,85.03145,14.968549999999993
ENSG00000059122,ENSMUSG00000040097,67.163,32.837
ENSG00000162076,ENSMUSG00000023911,71.6855,28.314499999999995
ENSG00000159763,ENSMUSG00000058499,46.5753,53.4247
ENSG00000181284,ENSMUSG00000089876,79.84275,20.157250000000005
ENSG00000180611,ENSMUSG00000051065,98.5743,1.4257000000000062
ENSG00000104894,ENSMUSG00000030798,80.0712,19.928799999999995
ENSG00000072422,ENSMUSG00000019944,88.857,11.143
ENSG00000033170,ENSMUSG00000021065,96.5217,3.4783000000000044
ENSG00000166188,ENSMUSG00000046556,96.13075,3.869249999999994
ENSG00000179477,ENSMUSG00000032807,86.02,13.980000000000004
ENSG00000169550,ENSMUSG00000050808,57.91235,42.08765
ENSG00000167080,ENSMUSG00000013418,73.2295,26.7705
ENSG00000135454,ENSMUSG00000006731,86.8668,13.133200000000002
ENSG00000168542,ENSMUSG00000026043,90.64850000000001,9.351499999999987
ENSG00000104537,ENSMUSG00000055114,86.5721,13.427899999999994
ENSG00000182568,ENSMUSG00000023927,96.31790000000001,3.6820999999999913
ENSG00000119042,ENSMUSG00000038331,99.5907,0.4093000000000018
ENSG00000181026,ENSMUSG00000030609,71.1241,28.8759
ENSG00000196218,ENSMUSG00000030592,95.5149,4.485100000000003
ENSG00000188687,ENSMUSG00000068323,90.747,9.253
ENSG00000109458,ENSMUSG00000031714,88.4143,11.585700000000003
ENSG00000137522,ENSMUSG00000070426,98.1651,1.8349000000000046
ENSG00000083857,ENSMUSG00000070047,87.62385,12.376149999999996
ENSG00000101335,ENSMUSG00000067818,99.4186,0.5814000000000021
ENSG00000011600,ENSMUSG00000030579,73.12915000000001,26.87084999999999
ENSG00000146267,ENSMUSG00000028246,98.533,1.4669999999999987
ENSG00000128654,ENSMUSG00000027099,96.9582,3.041799999999995
ENSG00000173171,ENSMUSG00000064068,77.02484999999999,22.975150000000014
ENSG00000177034,ENSMUSG00000021704,90.0641,9.935900000000004
ENSG00000198001,ENSMUSG00000059883,83.78685,16.21315
ENSG00000171115,ENSMUSG00000064262,52.49115,47.50885
ENSG00000117597,ENSMUSG00000016181,87.1445,12.855500000000006
ENSG00000165120,ENSMUSG00000029784,67.6229,32.3771
ENSG00000187715,ENSMUSG00000033182,91.6669,8.333100000000002
ENSG00000198730,ENSMUSG00000005609,97.6982,2.3018
ENSG00000197079,ENSMUSG00000048013,91.2088,8.791200000000003
ENSG00000101443,ENSMUSG00000017723,53.17485,46.82515
ENSG00000070010,ENSMUSG00000005262,98.6971,1.302899999999994
ENSG00000135441,ENSMUSG00000090247,90.1229,9.877099999999999
ENSG00000198960,ENSMUSG00000050394,69.55095,30.44905
ENSG00000185274,ENSMUSG00000034040,98.495,1.5049999999999955
ENSG00000198056,ENSMUSG00000025395,90.5627,9.437299999999993
ENSG00000115290,ENSMUSG00000026888,85.90010000000001,14.099899999999991
ENSG00000189007,ENSMUSG00000019808,89.0052,10.994799999999998
ENSG00000197790,ENSMUSG00000073971,90.2208,9.779200000000003
ENSG00000183313,ENSMUSG00000047794,84.06515,15.934849999999997
ENSG00000205495,ENSMUSG00000073956,82.1832,17.8168
ENSG00000176787,ENSMUSG00000051362,82.87895,17.121049999999997
ENSG00000180974,ENSMUSG00000073914,85.5769,14.423100000000005
ENSG00000277932,ENSMUSG00000073913,84.72805,15.271950000000004
ENSG00000100726,ENSMUSG00000024170,75.01515,24.984849999999994
ENSG00000214285,ENSMUSG00000073804,73.0337,26.966300000000004
ENSG00000075856,ENSMUSG00000018974,87.06495000000001,12.93504999999999
ENSG00000109832,ENSMUSG00000032101,93.07145,6.928550000000001
ENSG00000137507,ENSMUSG00000090958,79.54724999999999,20.45275000000001
ENSG00000196748,ENSMUSG00000024224,52.4804,47.5196
ENSG00000129197,ENSMUSG00000018449,72.1461,27.853899999999996
ENSG00000109132,ENSMUSG00000012520,100.0,0.0
ENSG00000148110,ENSMUSG00000038212,90.22715,9.772850000000005
ENSG00000160233,ENSMUSG00000051652,80.1556,19.844399999999993
ENSG00000204913,ENSMUSG00000086545,81.24775,18.752250000000004
ENSG00000119004,ENSMUSG00000049439,83.1169,16.8831
ENSG00000171135,ENSMUSG00000051256,97.8142,2.1858000000000004
ENSG00000185420,ENSMUSG00000055067,93.9252,6.074799999999996
ENSG00000105185,ENSMUSG00000030417,67.60974999999999,32.39025000000001
ENSG00000164327,ENSMUSG00000050310,95.4333,4.566699999999997
ENSG00000179965,ENSMUSG00000054716,95.8991,4.100899999999996
ENSG00000063322,ENSMUSG00000003444,92.23115,7.7688500000000005
ENSG00000076382,ENSMUSG00000002055,66.67605,33.323949999999996
ENSG00000103495,ENSMUSG00000030678,88.0652,11.934799999999996
ENSG00000134438,ENSMUSG00000024518,67.15344999999999,32.84655000000001
ENSG00000080546,ENSMUSG00000038332,87.1437,12.856300000000005
ENSG00000130766,ENSMUSG00000028893,91.4583,8.541700000000006
ENSG00000149212,ENSMUSG00000032009,93.9024,6.0976
ENSG00000111701,ENSMUSG00000040613,69.69325,30.306749999999994
ENSG00000013725,ENSMUSG00000024670,70.06790000000001,29.93209999999999
ENSG00000244038,ENSMUSG00000028757,95.00049999999999,4.999500000000012
ENSG00000214050,ENSMUSG00000034532,79.27055,20.72945
ENSG00000169862,ENSMUSG00000022240,96.89314999999999,3.1068500000000085
ENSG00000174453,ENSMUSG00000045648,98.6487,1.3512999999999948
ENSG00000188730,ENSMUSG00000050830,90.9093,9.090699999999998
ENSG00000164651,ENSMUSG00000048562,95.8216,4.178399999999996
ENSG00000119537,ENSMUSG00000009905,92.7711,7.228899999999996
ENSG00000107485,ENSMUSG00000015619,96.5052,3.494799999999998
ENSG00000145781,ENSMUSG00000042705,89.1089,10.891099999999994
ENSG00000179168,ENSMUSG00000031493,70.2187,29.7813
ENSG00000101282,ENSMUSG00000032852,83.1309,16.869100000000003
ENSG00000186017,ENSMUSG00000078768,77.2368,22.763199999999998
ENSG00000145808,ENSMUSG00000053441,87.1648,12.8352
ENSG00000131969,ENSMUSG00000090121,75.45205,24.54795
ENSG00000079112,ENSMUSG00000028217,79.20505,20.79495
ENSG00000197506,ENSMUSG00000021553,77.33715000000001,22.66284999999999
ENSG00000156222,ENSMUSG00000025726,83.88595,16.114050000000006
ENSG00000135903,ENSMUSG00000004872,98.7603,1.2396999999999991
ENSG00000173486,ENSMUSG00000056629,95.74950000000001,4.250499999999988
ENSG00000158691,ENSMUSG00000036721,62.481899999999996,37.518100000000004
ENSG00000132763,ENSMUSG00000028690,84.13785,15.86215
ENSG00000068745,ENSMUSG00000032599,94.33895,5.661050000000003
ENSG00000137955,ENSMUSG00000038975,96.0725,3.927499999999995
ENSG00000164219,ENSMUSG00000024477,96.817,3.183000000000007
ENSG00000257365,ENSMUSG00000033373,84.92085,15.079149999999998
ENSG00000101144,ENSMUSG00000008999,97.56110000000001,2.4388999999999896
ENSG00000189046,ENSMUSG00000044339,78.15129999999999,21.848700000000008
ENSG00000006534,ENSMUSG00000024885,83.7607,16.2393
ENSG00000129562,ENSMUSG00000022174,100.0,0.0
ENSG00000151948,ENSMUSG00000049971,84.104,15.896
ENSG00000187689,ENSMUSG00000029282,59.721000000000004,40.278999999999996
ENSG00000283787,ENSMUSG00000043795,61.48180000000001,38.51819999999999
ENSG00000166961,ENSMUSG00000067571,79.18365,20.81635
ENSG00000165661,ENSMUSG00000036327,71.94265,28.05735
ENSG00000146013,ENSMUSG00000024366,76.28715,23.712850000000003
ENSG00000089685,ENSMUSG00000017716,82.2736,17.726399999999998
ENSG00000204590,ENSMUSG00000024429,95.3872,4.612799999999993
ENSG00000130313,ENSMUSG00000031807,88.9324,11.067599999999999
ENSG00000167136,ENSMUSG00000015337,90.01925,9.98075
ENSG00000101605,ENSMUSG00000024049,86.69704999999999,13.30295000000001
ENSG00000107771,ENSMUSG00000058690,72.85895,27.141050000000007
ENSG00000184305,ENSMUSG00000039578,79.22065,20.779349999999994
ENSG00000109424,ENSMUSG00000031710,79.1531,20.846900000000005
ENSG00000139915,ENSMUSG00000034912,97.0732,2.9268
ENSG00000129472,ENSMUSG00000022159,94.9074,5.0926000000000045
ENSG00000104388,ENSMUSG00000047187,98.5849,1.4150999999999954
ENSG00000181315,ENSMUSG00000046351,84.49095,15.509050000000002
ENSG00000042980,ENSMUSG00000014725,69.14175,30.858249999999998
ENSG00000132376,ENSMUSG00000006127,74.05275,25.947249999999997
ENSG00000276547,ENSMUSG00000103749,84.47835,15.521649999999994
ENSG00000253953,ENSMUSG00000103585,84.2537,15.746300000000005
ENSG00000155897,ENSMUSG00000022376,96.96005,3.0399500000000046
ENSG00000106665,ENSMUSG00000063146,91.54325,8.45675
ENSG00000109790,ENSMUSG00000054920,97.1066,2.8933999999999997
ENSG00000147687,ENSMUSG00000050891,90.54159999999999,9.458400000000012
ENSG00000176410,ENSMUSG00000061118,69.2306,30.769400000000005
ENSG00000108587,ENSMUSG00000010392,97.19030000000001,2.8096999999999923
ENSG00000074410,ENSMUSG00000032373,81.9209,18.079099999999997
ENSG00000132031,ENSMUSG00000020583,82.5255,17.474500000000006
ENSG00000126562,ENSMUSG00000035112,86.5783,13.421700000000001
ENSG00000123992,ENSMUSG00000026209,88.74045000000001,11.25954999999999
ENSG00000170088,ENSMUSG00000025521,78.2191,21.780900000000003
ENSG00000116679,ENSMUSG00000023150,97.0405,2.9595000000000056
ENSG00000148296,ENSMUSG00000036160,72.91015,27.08985
ENSG00000175513,ENSMUSG00000039330,57.55775,42.44225
ENSG00000071894,ENSMUSG00000034022,96.602,3.397999999999996
ENSG00000189091,ENSMUSG00000033732,99.9178,0.08220000000000027
ENSG00000167986,ENSMUSG00000024740,99.6491,0.35089999999999577
ENSG00000113712,ENSMUSG00000024576,93.64320000000001,6.356799999999993
ENSG00000164366,ENSMUSG00000021578,82.6923,17.307699999999997
ENSG00000108671,ENSMUSG00000017428,99.763,0.23699999999999477
ENSG00000166200,ENSMUSG00000027206,99.2222,0.7777999999999992
ENSG00000100916,ENSMUSG00000012076,99.6904,0.3096000000000032
ENSG00000123154,ENSMUSG00000005150,93.9683,6.031700000000001
ENSG00000206561,ENSMUSG00000057606,90.7899,9.210099999999997
ENSG00000088179,ENSMUSG00000026384,94.7084,5.2916000000000025
ENSG00000174332,ENSMUSG00000034762,82.95575,17.044250000000005
ENSG00000178537,ENSMUSG00000032602,93.0233,6.976699999999994
ENSG00000097033,ENSMUSG00000037062,95.8904,4.1096
ENSG00000181007,ENSMUSG00000098022,85.31105,14.688950000000006
ENSG00000124006,ENSMUSG00000026211,86.0532,13.946799999999996
ENSG00000105767,ENSMUSG00000054793,98.4536,1.5464000000000055
ENSG00000103423,ENSMUSG00000004069,87.5,12.5
ENSG00000125508,ENSMUSG00000027579,77.6474,22.352599999999995
ENSG00000176256,ENSMUSG00000048686,72.49305,27.506950000000003
ENSG00000157020,ENSMUSG00000030298,96.8944,3.1055999999999955
ENSG00000085415,ENSMUSG00000079614,88.8905,11.109499999999997
ENSG00000076554,ENSMUSG00000027506,78.13964999999999,21.86035000000001
ENSG00000159023,ENSMUSG00000028906,89.09479999999999,10.905200000000008
ENSG00000172689,ENSMUSG00000024731,48.3146,51.6854
ENSG00000176029,ENSMUSG00000031022,57.86115,42.13885
ENSG00000140598,ENSMUSG00000038563,90.5216,9.478399999999993
ENSG00000198420,ENSMUSG00000036667,90.17904999999999,9.82095000000001
ENSG00000105996,ENSMUSG00000014704,95.1899,4.810100000000006
ENSG00000093167,ENSMUSG00000032497,90.22875,9.771249999999995
ENSG00000124831,ENSMUSG00000026305,34.62405,65.37595
ENSG00000187533,ENSMUSG00000002240,34.44315,65.55685
ENSG00000168724,ENSMUSG00000044224,85.3107,14.689300000000003
ENSG00000175077,ENSMUSG00000033383,88.2129,11.787099999999995
ENSG00000170627,ENSMUSG00000022487,91.6168,8.383200000000002
ENSG00000155760,ENSMUSG00000041075,96.6844,3.3156000000000034
ENSG00000089902,ENSMUSG00000037896,92.64495,7.355050000000006
ENSG00000178199,ENSMUSG00000039981,64.3417,35.6583
ENSG00000007312,ENSMUSG00000040592,67.83404999999999,32.16595000000001
ENSG00000105369,ENSMUSG00000003379,70.4163,29.583699999999993
ENSG00000103174,ENSMUSG00000023143,80.62045,19.379549999999995
ENSG00000218336,ENSMUSG00000031561,98.04295,1.9570499999999953
ENSG00000145934,ENSMUSG00000049336,98.4657,1.5343000000000018
ENSG00000149256,ENSMUSG00000048078,94.9785,5.021500000000003
ENSG00000009694,ENSMUSG00000016150,96.97964999999999,3.0203500000000076
ENSG00000169410,ENSMUSG00000032290,97.3019,2.6980999999999966
ENSG00000141503,ENSMUSG00000020827,96.86295000000001,3.137049999999988
ENSG00000154310,ENSMUSG00000027692,98.8235,1.1765000000000043
ENSG00000169570,ENSMUSG00000024505,84.5638,15.4362
ENSG00000180425,ENSMUSG00000042293,65.04065,34.95935
ENSG00000008086,ENSMUSG00000031292,96.0417,3.958299999999994
ENSG00000140600,ENSMUSG00000030638,85.879,14.120999999999995
ENSG00000188817,ENSMUSG00000044772,72.1088,27.891199999999998
ENSG00000115904,ENSMUSG00000024241,97.2878,2.7121999999999957
ENSG00000120498,ENSMUSG00000009670,54.70845,45.29155
ENSG00000197168,ENSMUSG00000037738,59.57225,40.42775
ENSG00000262576,ENSMUSG00000103677,83.2162,16.7838
ENSG00000179902,ENSMUSG00000027886,70.62375,29.37625
ENSG00000138463,ENSMUSG00000022848,94.9791,5.0208999999999975
ENSG00000169026,ENSMUSG00000029490,65.59335,34.40665
ENSG00000162769,ENSMUSG00000066595,78.74600000000001,21.25399999999999
ENSG00000119686,ENSMUSG00000034258,84.7253,15.274699999999996
ENSG00000170469,ENSMUSG00000024352,90.7317,9.268299999999996
ENSG00000135334,ENSMUSG00000028291,94.06175,5.9382499999999965
ENSG00000168297,ENSMUSG00000033885,92.41489999999999,7.585100000000011
ENSG00000114378,ENSMUSG00000010051,71.19045,28.80955
ENSG00000106302,ENSMUSG00000029680,79.6258,20.374200000000002
ENSG00000068001,ENSMUSG00000010047,82.0296,17.970399999999998
ENSG00000186792,ENSMUSG00000036091,78.4106,21.589399999999998
ENSG00000160471,ENSMUSG00000051811,79.5455,20.454499999999996
ENSG00000106080,ENSMUSG00000038074,92.891,7.108999999999995
ENSG00000169499,ENSMUSG00000031557,88.7059,11.2941
ENSG00000163798,ENSMUSG00000029141,79.54255,20.457449999999994
ENSG00000177551,ENSMUSG00000048540,97.7778,2.222200000000001
ENSG00000116691,ENSMUSG00000029022,55.59855,44.40145
ENSG00000134330,ENSMUSG00000062054,83.70255,16.297449999999998
ENSG00000101997,ENSMUSG00000031143,88.0383,11.961699999999993
ENSG00000149534,ENSMUSG00000024680,59.311099999999996,40.688900000000004
ENSG00000139219,ENSMUSG00000022483,95.2253,4.774699999999996
ENSG00000183765,ENSMUSG00000029521,83.01255,16.987449999999995
ENSG00000099783,ENSMUSG00000059208,97.6011,2.3988999999999976
ENSG00000110876,ENSMUSG00000048163,46.32255,53.67745
ENSG00000165805,ENSMUSG00000056912,77.5375,22.462500000000006
ENSG00000104687,ENSMUSG00000031584,84.9709,15.0291
ENSG00000095380,ENSMUSG00000028334,94.7075,5.292500000000004
ENSG00000182446,ENSMUSG00000039703,97.2039,2.7960999999999956
ENSG00000115266,ENSMUSG00000020135,81.2853,18.714699999999993
ENSG00000134982,ENSMUSG00000005871,90.65965,9.34035
ENSG00000203757,ENSMUSG00000051528,77.1429,22.857100000000003
ENSG00000129009,ENSMUSG00000037206,86.4486,13.551400000000001
ENSG00000121297,ENSMUSG00000021217,95.0971,4.9029000000000025
ENSG00000179981,ENSMUSG00000046982,92.4582,7.541799999999995
ENSG00000182463,ENSMUSG00000047907,90.6011,9.398899999999998
ENSG00000143125,ENSMUSG00000070368,83.8095,16.1905
ENSG00000135297,ENSMUSG00000032342,85.8438,14.156199999999998
ENSG00000107815,ENSMUSG00000025209,86.9248,13.075199999999995
ENSG00000128218,ENSMUSG00000000903,66.6667,33.333299999999994
ENSG00000177082,ENSMUSG00000025722,78.77855,21.221450000000004
ENSG00000171657,ENSMUSG00000047678,81.33709999999999,18.662900000000008
ENSG00000196917,ENSMUSG00000049241,80.11765,19.882350000000002
ENSG00000120436,ENSMUSG00000071311,61.1285,38.8715
ENSG00000126266,ENSMUSG00000044453,83.0,17.0
ENSG00000196177,ENSMUSG00000030861,81.9444,18.0556
ENSG00000008118,ENSMUSG00000016179,92.1302,7.869799999999998
ENSG00000145687,ENSMUSG00000003992,98.642,1.358000000000004
ENSG00000157216,ENSMUSG00000061887,100.0,0.0
ENSG00000130511,ENSMUSG00000070003,86.1708,13.8292
ENSG00000164022,ENSMUSG00000028029,82.419,17.581000000000003
ENSG00000140157,ENSMUSG00000030452,95.68865,4.3113500000000045
ENSG00000173728,ENSMUSG00000015962,67.81139999999999,32.18860000000001
ENSG00000166704,ENSMUSG00000030386,89.28135,10.718649999999997
ENSG00000100280,ENSMUSG00000009090,96.6183,3.381699999999995
ENSG00000188153,ENSMUSG00000031274,91.2478,8.752200000000002
ENSG00000172575,ENSMUSG00000027347,89.9499,10.0501
ENSG00000118197,ENSMUSG00000026404,84.0065,15.993499999999997
ENSG00000119725,ENSMUSG00000042472,94.1423,5.857699999999994
ENSG00000235173,ENSMUSG00000022554,76.8849,23.115099999999998
ENSG00000064201,ENSMUSG00000000244,56.9531,43.0469
ENSG00000213015,ENSMUSG00000055633,84.85085000000001,15.149149999999992
ENSG00000100364,ENSMUSG00000036046,92.1271,7.872900000000001
ENSG00000196843,ENSMUSG00000037447,71.5599,28.4401
ENSG00000185518,ENSMUSG00000053025,94.8755,5.124499999999998
ENSG00000159164,ENSMUSG00000038486,98.9218,1.0781999999999954
ENSG00000122012,ENSMUSG00000051111,97.1114,2.8885999999999967
ENSG00000169071,ENSMUSG00000021464,92.42185,7.578149999999994
ENSG00000185483,ENSMUSG00000035305,96.7983,3.2017000000000024
ENSG00000204287,ENSMUSG00000036322,71.9937,28.006299999999996
ENSG00000063660,ENSMUSG00000034220,88.60995,11.390050000000002
ENSG00000076716,ENSMUSG00000031119,94.6991,5.300899999999999
ENSG00000183098,ENSMUSG00000058571,96.7568,3.2432000000000016
ENSG00000213420,ENSMUSG00000029510,82.2107,17.789299999999997
ENSG00000108384,ENSMUSG00000007646,84.9211,15.078900000000004
ENSG00000157557,ENSMUSG00000022895,91.78235000000001,8.217649999999992
ENSG00000170426,ENSMUSG00000040127,84.6645,15.335499999999996
ENSG00000173992,ENSMUSG00000034108,86.8613,13.1387
ENSG00000106305,ENSMUSG00000029610,86.875,13.125
ENSG00000124299,ENSMUSG00000063931,89.0467,10.953299999999999
ENSG00000196236,ENSMUSG00000022401,90.622,9.378
ENSG00000162894,ENSMUSG00000042474,56.7384,43.2616
ENSG00000149403,ENSMUSG00000032017,97.908,2.0919999999999987
ENSG00000120658,ENSMUSG00000022012,97.6672,2.332800000000006
ENSG00000165675,ENSMUSG00000031109,94.4111,5.588899999999995
ENSG00000172404,ENSMUSG00000047108,73.43164999999999,26.56835000000001
ENSG00000163235,ENSMUSG00000029999,92.1639,7.836100000000002
ENSG00000164051,ENSMUSG00000025645,81.52080000000001,18.47919999999999
ENSG00000198718,ENSMUSG00000035614,85.2644,14.735600000000005
ENSG00000155090,ENSMUSG00000037465,85.29724999999999,14.702750000000009
ENSG00000160818,ENSMUSG00000028069,53.495599999999996,46.504400000000004
ENSG00000011405,ENSMUSG00000030660,90.2135,9.786500000000004
ENSG00000108813,ENSMUSG00000020871,75.4167,24.583299999999994
ENSG00000067177,ENSMUSG00000034055,94.16085,5.839150000000004
ENSG00000044446,ENSMUSG00000031295,90.8502,9.149799999999999
ENSG00000102893,ENSMUSG00000036879,93.4126,6.587400000000002
ENSG00000167580,ENSMUSG00000023013,88.9299,11.070099999999996
ENSG00000186130,ENSMUSG00000066798,92.5621,7.437899999999999
ENSG00000172819,ENSMUSG00000001288,97.5896,2.4103999999999957
ENSG00000168748,ENSMUSG00000031883,94.697,5.302999999999997
ENSG00000105672,ENSMUSG00000006311,67.65865,32.341350000000006
ENSG00000141527,ENSMUSG00000013483,77.08484999999999,22.91515000000001
ENSG00000001561,ENSMUSG00000023961,82.06909999999999,17.93090000000001
ENSG00000166197,ENSMUSG00000015176,73.3765,26.623500000000007
ENSG00000155287,ENSMUSG00000040414,97.5275,2.4724999999999966
ENSG00000183145,ENSMUSG00000022941,60.39475,39.60525
ENSG00000004660,ENSMUSG00000020785,93.4653,6.534700000000001
ENSG00000187908,ENSMUSG00000047517,45.7615,54.2385
ENSG00000117298,ENSMUSG00000057530,94.82464999999999,5.175350000000009
ENSG00000143498,ENSMUSG00000072258,79.29214999999999,20.707850000000008
ENSG00000155827,ENSMUSG00000028309,97.74135000000001,2.2586499999999887
ENSG00000103549,ENSMUSG00000030816,92.5075,7.492500000000007
ENSG00000133863,ENSMUSG00000009628,51.82185,48.17815
ENSG00000182177,ENSMUSG00000067081,79.3141,20.685900000000004
ENSG00000101928,ENSMUSG00000023074,96.95605,3.0439499999999953
ENSG00000100300,ENSMUSG00000041736,81.0651,18.9349
ENSG00000112212,ENSMUSG00000023995,66.9063,33.0937
ENSG00000196476,ENSMUSG00000032680,46.869299999999996,53.130700000000004
ENSG00000243364,ENSMUSG00000028040,83.0592,16.940799999999996
ENSG00000108242,ENSMUSG00000025002,75.9184,24.081599999999995
ENSG00000130449,ENSMUSG00000032846,96.78059999999999,3.2194000000000074
ENSG00000184205,ENSMUSG00000041096,72.12665,27.873350000000002
ENSG00000128609,ENSMUSG00000023089,82.7586,17.2414
ENSG00000198369,ENSMUSG00000045671,90.10300000000001,9.896999999999991
ENSG00000163590,ENSMUSG00000027784,99.1667,0.8332999999999942
ENSG00000011465,ENSMUSG00000019929,80.78935000000001,19.210649999999987
ENSG00000050438,ENSMUSG00000023032,96.15065,3.849350000000001
ENSG00000048162,ENSMUSG00000025869,91.0112,8.988799999999998
ENSG00000164818,ENSMUSG00000025857,77.6348,22.3652
ENSG00000165757,ENSMUSG00000033960,53.91215,46.08785
ENSG00000075429,ENSMUSG00000040373,97.0909,2.909099999999995
ENSG00000105605,ENSMUSG00000069806,100.0,0.0
ENSG00000067840,ENSMUSG00000002006,93.21305000000001,6.78694999999999
ENSG00000121440,ENSMUSG00000035357,94.69255,5.307450000000003
ENSG00000165966,ENSMUSG00000036218,80.00925000000001,19.99074999999999
ENSG00000132341,ENSMUSG00000029430,100.0,0.0
ENSG00000144119,ENSMUSG00000036907,94.0767,5.923299999999998
ENSG00000114942,ENSMUSG00000025967,95.5556,4.444400000000002
ENSG00000104529,ENSMUSG00000055762,84.62965,15.370350000000002
ENSG00000114654,ENSMUSG00000068263,71.588,28.412000000000006
ENSG00000139631,ENSMUSG00000023044,89.6552,10.344800000000006
ENSG00000109471,ENSMUSG00000027720,60.3976,39.6024
ENSG00000156711,ENSMUSG00000004864,93.02345,6.976550000000003
ENSG00000187021,ENSMUSG00000042179,83.19485,16.805149999999998
ENSG00000125355,ENSMUSG00000036502,93.92595,6.07405
ENSG00000197753,ENSMUSG00000062252,98.1735,1.8264999999999958
ENSG00000187416,ENSMUSG00000106379,95.71809999999999,4.281900000000007
ENSG00000156959,ENSMUSG00000042873,98.3806,1.6193999999999988
ENSG00000182472,ENSMUSG00000054083,86.03200000000001,13.96799999999999
ENSG00000249853,ENSMUSG00000044499,96.8208,3.1791999999999945
ENSG00000177971,ENSMUSG00000032288,96.1957,3.804299999999998
ENSG00000261308,ENSMUSG00000095440,86.0489,13.951099999999997
ENSG00000067208,ENSMUSG00000011831,85.7585,14.241500000000002
ENSG00000142459,ENSMUSG00000011832,97.45849999999999,2.5415000000000134
ENSG00000174106,ENSMUSG00000048661,82.99735,17.002650000000003
ENSG00000113460,ENSMUSG00000022247,91.7847,8.2153
ENSG00000130713,ENSMUSG00000039356,93.8567,6.143299999999996
ENSG00000107371,ENSMUSG00000028322,87.0677,12.932299999999998
ENSG00000145439,ENSMUSG00000031641,86.25835000000001,13.741649999999993
ENSG00000163349,ENSMUSG00000008730,97.686,2.313999999999993
ENSG00000104154,ENSMUSG00000005802,91.96755,8.032449999999997
ENSG00000009307,ENSMUSG00000068823,98.4962,1.5037999999999982
ENSG00000197535,ENSMUSG00000034593,96.22919999999999,3.7708000000000084
ENSG00000126351,ENSMUSG00000058756,99.2683,0.7317000000000036
ENSG00000109270,ENSMUSG00000091512,97.5806,2.419399999999996
ENSG00000117614,ENSMUSG00000028821,90.72205,9.277950000000004
ENSG00000130518,ENSMUSG00000110622,45.43835,54.56165
ENSG00000168004,ENSMUSG00000024973,69.4086,30.591399999999993
ENSG00000130208,ENSMUSG00000040564,65.55315,34.44685
ENSG00000166669,ENSMUSG00000039200,54.8121,45.1879
ENSG00000171681,ENSMUSG00000030213,74.2381,25.761899999999997
ENSG00000128228,ENSMUSG00000022769,89.1403,10.859700000000004
ENSG00000151917,ENSMUSG00000042182,82.8582,17.141800000000003
ENSG00000106268,ENSMUSG00000036639,82.6923,17.307699999999997
ENSG00000139645,ENSMUSG00000014498,99.0706,0.9294000000000011
ENSG00000164512,ENSMUSG00000049985,84.8467,15.153300000000002
ENSG00000065413,ENSMUSG00000052331,95.7704,4.229600000000005
ENSG00000206560,ENSMUSG00000014496,96.08635000000001,3.91364999999999
ENSG00000158106,ENSMUSG00000022580,72.43005,27.569950000000006
ENSG00000131941,ENSMUSG00000030494,85.8601,14.139899999999997
ENSG00000099284,ENSMUSG00000020086,98.3871,1.6128999999999962
ENSG00000185880,ENSMUSG00000033368,79.0,21.0
ENSG00000160908,ENSMUSG00000029627,64.0432,35.9568
ENSG00000162413,ENSMUSG00000073700,96.6499,3.3500999999999976
ENSG00000189401,ENSMUSG00000051582,62.9765,37.0235
ENSG00000175018,ENSMUSG00000030976,56.67255,43.32745
ENSG00000135722,ENSMUSG00000033313,78.6096,21.3904
ENSG00000239305,ENSMUSG00000052656,95.61420000000001,4.385799999999989
ENSG00000163803,ENSMUSG00000029134,68.32745,31.67255
ENSG00000171475,ENSMUSG00000038013,93.8636,6.136399999999995
ENSG00000175600,ENSMUSG00000055137,84.211,15.789000000000001
ENSG00000204128,ENSMUSG00000026227,70.1163,29.883700000000005
ENSG00000187778,ENSMUSG00000037570,98.2684,1.7316000000000003
ENSG00000148408,ENSMUSG00000004113,92.17965000000001,7.820349999999991
ENSG00000196277,ENSMUSG00000056755,97.44290000000001,2.5570999999999913
ENSG00000113262,ENSMUSG00000000617,93.59375,6.40625
ENSG00000179603,ENSMUSG00000024211,98.4582,1.541799999999995
ENSG00000124493,ENSMUSG00000063239,97.1491,2.8508999999999958
ENSG00000239389,ENSMUSG00000103310,86.7368,13.263199999999998
ENSG00000013619,ENSMUSG00000059401,69.6494,30.3506
ENSG00000184867,ENSMUSG00000033436,71.15895,28.841049999999996
ENSG00000170584,ENSMUSG00000020328,99.3631,0.6368999999999971
ENSG00000162927,ENSMUSG00000020280,86.74275,13.257249999999999
ENSG00000167972,ENSMUSG00000024130,88.0869,11.9131
ENSG00000171501,ENSMUSG00000055088,88.15185,11.848150000000004
ENSG00000259431,ENSMUSG00000045691,71.37809999999999,28.62190000000001
ENSG00000226321,ENSMUSG00000084989,63.629400000000004,36.370599999999996
ENSG00000070770,ENSMUSG00000046707,98.8571,1.1428999999999974
ENSG00000204539,ENSMUSG00000039518,64.2756,35.7244
ENSG00000114248,ENSMUSG00000074653,64.51689999999999,35.48310000000001
ENSG00000059588,ENSMUSG00000090290,72.95005,27.049949999999995
ENSG00000085840,ENSMUSG00000028587,66.912,33.087999999999994
ENSG00000094804,ENSMUSG00000017499,79.85765,20.142349999999993
ENSG00000169962,ENSMUSG00000029072,72.51554999999999,27.48445000000001
ENSG00000204889,ENSMUSG00000059169,78.1675,21.832499999999996
ENSG00000106538,ENSMUSG00000009281,63.1902,36.8098
ENSG00000169247,ENSMUSG00000045629,81.56775,18.432249999999996
ENSG00000125089,ENSMUSG00000036553,72.7825,27.2175
ENSG00000198840,ENSMUSG00000064360,66.087,33.913
ENSG00000121895,ENSMUSG00000037913,50.9751,49.0249
ENSG00000144488,ENSMUSG00000049515,79.403,20.596999999999994
ENSG00000109193,ENSMUSG00000029272,76.06135,23.938649999999996
ENSG00000168675,ENSMUSG00000024544,90.1961,9.803899999999999
ENSG00000124225,ENSMUSG00000038400,83.6181,16.3819
ENSG00000108559,ENSMUSG00000040667,89.95285,10.047150000000002
ENSG00000171595,ENSMUSG00000034706,83.40555,16.594449999999995
ENSG00000143344,ENSMUSG00000026482,95.1823,4.817700000000002
ENSG00000133111,ENSMUSG00000036615,71.649,28.351
ENSG00000167419,ENSMUSG00000009356,79.4657,20.5343
ENSG00000153993,ENSMUSG00000040254,92.9215,7.078500000000005
ENSG00000126950,ENSMUSG00000033578,97.006,2.9939999999999998
ENSG00000243749,ENSMUSG00000070737,66.45885,33.54115
ENSG00000249115,ENSMUSG00000078762,72.21350000000001,27.78649999999999
ENSG00000068878,ENSMUSG00000040850,95.7135,4.286500000000004
ENSG00000180376,ENSMUSG00000046753,69.67935,30.32065
ENSG00000099910,ENSMUSG00000022750,94.6372,5.362799999999993
ENSG00000080854,ENSMUSG00000034275,95.8306,4.169399999999996
ENSG00000161265,ENSMUSG00000078765,85.0942,14.9058
ENSG00000160201,ENSMUSG00000061613,99.79165,0.20834999999999582
ENSG00000147883,ENSMUSG00000073802,84.40360000000001,15.596399999999988
ENSG00000114812,ENSMUSG00000032528,84.4982,15.501800000000003
ENSG00000157916,ENSMUSG00000029048,96.4286,3.571399999999997
ENSG00000168924,ENSMUSG00000005299,83.81854999999999,16.181450000000012
ENSG00000165046,ENSMUSG00000037363,77.86785,22.132149999999996
ENSG00000050426,ENSMUSG00000037353,80.0,20.0
ENSG00000139324,ENSMUSG00000036676,90.18635,9.813649999999996
ENSG00000173275,ENSMUSG00000073176,90.1544,9.845600000000005
ENSG00000181656,ENSMUSG00000068696,95.5729,4.427099999999996
ENSG00000131931,ENSMUSG00000037214,93.1489,6.851100000000002
ENSG00000198185,ENSMUSG00000017667,69.61005,30.38995
ENSG00000130772,ENSMUSG00000066042,98.5577,1.442300000000003
ENSG00000157911,ENSMUSG00000029047,82.4623,17.5377
ENSG00000131263,ENSMUSG00000056537,87.45195000000001,12.54804999999999
ENSG00000170381,ENSMUSG00000063531,90.1936,9.806399999999996
ENSG00000114993,ENSMUSG00000034930,86.7791,13.2209
ENSG00000177613,ENSMUSG00000053536,89.9186,10.081400000000002
ENSG00000119703,ENSMUSG00000045064,57.8808,42.1192
ENSG00000128594,ENSMUSG00000049939,97.77785,2.222149999999999
ENSG00000100351,ENSMUSG00000042351,86.8229,13.177099999999996
ENSG00000115944,ENSMUSG00000024248,89.79375,10.206249999999997
ENSG00000176909,ENSMUSG00000042918,75.602,24.397999999999996
ENSG00000147649,ENSMUSG00000022255,91.3012,8.698800000000006
ENSG00000142528,ENSMUSG00000048012,50.37585,49.62415
ENSG00000159256,ENSMUSG00000039456,82.82849999999999,17.17150000000001
ENSG00000206535,ENSMUSG00000109588,61.7978,38.2022
ENSG00000114354,ENSMUSG00000022757,94.10419999999999,5.895800000000008
ENSG00000133195,ENSMUSG00000041654,86.16985,13.830150000000003
ENSG00000120256,ENSMUSG00000019796,69.80725,30.192750000000004
ENSG00000105373,ENSMUSG00000041560,81.50004999999999,18.499950000000013
ENSG00000163466,ENSMUSG00000006304,99.3333,0.6667000000000058
ENSG00000165996,ENSMUSG00000063275,86.3015,13.698499999999996
ENSG00000206527,ENSMUSG00000035376,94.8819,5.118099999999998
ENSG00000074696,ENSMUSG00000033629,91.1602,8.839799999999997
ENSG00000188921,ENSMUSG00000028497,85.3448,14.655199999999994
ENSG00000135912,ENSMUSG00000033257,80.18445,19.81555
ENSG00000128872,ENSMUSG00000032186,95.1567,4.843299999999999
ENSG00000114573,ENSMUSG00000052459,98.0551,1.944900000000004
ENSG00000115977,ENSMUSG00000057230,88.85425000000001,11.145749999999992
ENSG00000176101,ENSMUSG00000026966,97.479,2.521000000000001
ENSG00000101883,ENSMUSG00000050197,25.33735,74.66265
ENSG00000133704,ENSMUSG00000040029,91.07589999999999,8.92410000000001
ENSG00000102901,ENSMUSG00000036672,58.09875,41.90125
ENSG00000157837,ENSMUSG00000029550,100.0,0.0
ENSG00000107882,ENSMUSG00000025231,97.62655000000001,2.373449999999991
ENSG00000188976,ENSMUSG00000095567,74.58305,25.41695
ENSG00000123374,ENSMUSG00000025358,98.9933,1.006699999999995
ENSG00000140365,ENSMUSG00000032299,90.4523,9.547700000000006
ENSG00000159267,ENSMUSG00000040820,78.53085,21.46915
ENSG00000145623,ENSMUSG00000022146,55.385549999999995,44.614450000000005
ENSG00000105339,ENSMUSG00000036661,78.8403,21.1597
ENSG00000166947,ENSMUSG00000023216,73.0825,26.917500000000004
ENSG00000125780,ENSMUSG00000027401,76.4791,23.520899999999997
ENSG00000166948,ENSMUSG00000027403,85.6941,14.305899999999994
ENSG00000104055,ENSMUSG00000053675,82.68765,17.312349999999995
ENSG00000159495,ENSMUSG00000079103,78.0282,21.9718
ENSG00000198959,ENSMUSG00000037820,84.19525,15.804749999999999
ENSG00000166689,ENSMUSG00000045659,90.02795,9.972049999999996
ENSG00000118004,ENSMUSG00000036655,90.7251,9.274900000000002
ENSG00000054796,ENSMUSG00000005883,82.5758,17.4242
ENSG00000127329,ENSMUSG00000020154,81.20285000000001,18.797149999999988
ENSG00000204006,ENSMUSG00000060491,52.0199,47.9801
ENSG00000139505,ENSMUSG00000021987,90.46940000000001,9.530599999999993
ENSG00000132692,ENSMUSG00000004892,81.62525,18.374750000000006
ENSG00000171311,ENSMUSG00000034321,95.8974,4.102599999999995
ENSG00000152595,ENSMUSG00000053863,47.7732,52.2268
ENSG00000119705,ENSMUSG00000021040,66.07554999999999,33.92445000000001
ENSG00000203908,ENSMUSG00000092622,27.524099999999997,72.4759
ENSG00000110660,ENSMUSG00000042195,89.71979999999999,10.280200000000008
ENSG00000196376,ENSMUSG00000038602,97.0588,2.941199999999995
ENSG00000171302,ENSMUSG00000025575,87.5627,12.437299999999993
ENSG00000128652,ENSMUSG00000079277,95.72264999999999,4.277350000000013
ENSG00000136699,ENSMUSG00000005899,89.93995000000001,10.06004999999999
ENSG00000167916,ENSMUSG00000020913,71.178,28.822000000000003
ENSG00000115966,ENSMUSG00000027104,97.4111,2.5888999999999953
ENSG00000185670,ENSMUSG00000071661,83.49605,16.503950000000003
ENSG00000102974,ENSMUSG00000005698,98.56835000000001,1.4316499999999905
ENSG00000180210,ENSMUSG00000027249,81.29114999999999,18.708850000000012
ENSG00000149090,ENSMUSG00000027188,90.1389,9.861099999999993
ENSG00000160055,ENSMUSG00000028797,85.0,15.0
ENSG00000055044,ENSMUSG00000026020,95.2154,4.7845999999999975
ENSG00000101361,ENSMUSG00000027405,90.4728,9.527199999999993
ENSG00000188312,ENSMUSG00000021391,66.8998,33.1002
ENSG00000114349,ENSMUSG00000034837,99.4286,0.571399999999997
ENSG00000114316,ENSMUSG00000032612,90.9091,9.090900000000005
ENSG00000128159,ENSMUSG00000051786,75.6,24.400000000000006
ENSG00000099364,ENSMUSG00000030811,97.4777,2.5223000000000013
ENSG00000155093,ENSMUSG00000056553,70.2415,29.758499999999998
ENSG00000054356,ENSMUSG00000026204,87.34705,12.652950000000004
ENSG00000159618,ENSMUSG00000061577,70.1531,29.846900000000005
ENSG00000134480,ENSMUSG00000021548,95.0464,4.9535999999999945
ENSG00000156564,ENSMUSG00000040490,94.99055,5.009450000000001
ENSG00000152582,ENSMUSG00000072663,56.1646,43.8354
ENSG00000110318,ENSMUSG00000040729,60.723150000000004,39.276849999999996
ENSG00000118816,ENSMUSG00000063015,93.8992,6.100800000000007
ENSG00000162545,ENSMUSG00000046447,97.4359,2.5640999999999963
ENSG00000163888,ENSMUSG00000051146,98.7342,1.2657999999999987
ENSG00000124334,ENSMUSG00000020279,54.5942,45.4058
ENSG00000133059,ENSMUSG00000042046,91.3794,8.620599999999996
ENSG00000141194,ENSMUSG00000060787,85.39519999999999,14.604800000000012
ENSG00000149218,ENSMUSG00000037419,76.32375,23.676249999999996
ENSG00000105643,ENSMUSG00000002910,80.5897,19.410300000000007
ENSG00000156931,ENSMUSG00000033653,93.45009999999999,6.549900000000008
ENSG00000162040,ENSMUSG00000039628,90.0585,9.941500000000005
ENSG00000185104,ENSMUSG00000010517,96.3819,3.6180999999999983
ENSG00000124508,ENSMUSG00000053216,69.43625,30.56375
ENSG00000004487,ENSMUSG00000036940,97.9991,2.0009000000000015
ENSG00000133816,ENSMUSG00000038244,87.2502,12.749799999999993
ENSG00000278535,ENSMUSG00000034449,92.6923,7.307699999999997
ENSG00000105053,ENSMUSG00000002205,73.3926,26.6074
ENSG00000168411,ENSMUSG00000033596,67.5711,32.4289
ENSG00000150750,ENSMUSG00000036027,83.4785,16.521500000000003
ENSG00000165194,ENSMUSG00000051323,96.5549,3.4450999999999965
ENSG00000172954,ENSMUSG00000054469,89.0957,10.904300000000006
ENSG00000123684,ENSMUSG00000026623,90.0,10.0
ENSG00000155189,ENSMUSG00000031467,81.75595,18.24405
ENSG00000160216,ENSMUSG00000001211,92.2872,7.712800000000001
ENSG00000026652,ENSMUSG00000023827,85.7143,14.285700000000006
ENSG00000169760,ENSMUSG00000063887,95.8482,4.151799999999994
ENSG00000073536,ENSMUSG00000020692,94.0206,5.979399999999998
ENSG00000104375,ENSMUSG00000022329,96.35985,3.6401500000000055
ENSG00000066405,ENSMUSG00000032473,88.38385,11.616150000000005
ENSG00000185739,ENSMUSG00000022519,72.77595,27.224050000000005
ENSG00000123143,ENSMUSG00000057672,91.0744,8.925600000000003
ENSG00000244274,ENSMUSG00000017734,83.39295,16.60705
ENSG00000075073,ENSMUSG00000020081,83.9144,16.0856
ENSG00000173511,ENSMUSG00000024962,65.4679,34.5321
ENSG00000151623,ENSMUSG00000031618,91.0391,8.960899999999995
ENSG00000156738,ENSMUSG00000024673,73.8172,26.1828
ENSG00000105642,ENSMUSG00000002908,80.6972,19.302800000000005
ENSG00000104783,ENSMUSG00000054342,87.08965,12.910349999999994
ENSG00000143603,ENSMUSG00000000794,95.8305,4.169499999999999
ENSG00000080709,ENSMUSG00000054477,85.23095,14.769049999999993
ENSG00000135447,ENSMUSG00000022490,79.5322,20.467799999999997
ENSG00000140848,ENSMUSG00000034361,94.5256,5.474400000000003
ENSG00000102359,ENSMUSG00000031253,93.4629,6.537099999999995
ENSG00000170471,ENSMUSG00000027652,96.96950000000001,3.0304999999999893
ENSG00000110321,ENSMUSG00000005610,98.95205,1.0479500000000002
ENSG00000076650,ENSMUSG00000063808,84.4707,15.529300000000006
ENSG00000205846,ENSMUSG00000023349,68.8995,31.100499999999997
ENSG00000162517,ENSMUSG00000028779,86.2478,13.752200000000002
ENSG00000105948,ENSMUSG00000056832,96.3899,3.6101000000000028
ENSG00000100395,ENSMUSG00000022394,91.19335000000001,8.80664999999999
ENSG00000011258,ENSMUSG00000059474,97.6971,2.302899999999994
ENSG00000167291,ENSMUSG00000039976,88.71495,11.285049999999998
ENSG00000102189,ENSMUSG00000036499,85.9674,14.032600000000002
ENSG00000188186,ENSMUSG00000050552,95.9596,4.040400000000005
ENSG00000170370,ENSMUSG00000043969,99.80234999999999,0.1976500000000101
ENSG00000155629,ENSMUSG00000025017,84.53085,15.469149999999999
ENSG00000153064,ENSMUSG00000037922,66.58175,33.41825
ENSG00000132855,ENSMUSG00000028553,76.06784999999999,23.932150000000007
ENSG00000103269,ENSMUSG00000025735,97.5871,2.4128999999999934
ENSG00000179454,ENSMUSG00000020948,97.0228,2.9771999999999963
ENSG00000136379,ENSMUSG00000038459,94.93350000000001,5.066499999999991
ENSG00000134901,ENSMUSG00000026047,92.0319,7.968100000000007
ENSG00000079999,ENSMUSG00000003308,94.0705,5.929500000000004
ENSG00000149743,ENSMUSG00000047656,82.87375,17.12625
ENSG00000133858,ENSMUSG00000034163,91.53485,8.465149999999994
ENSG00000213995,ENSMUSG00000031505,80.48855,19.511449999999996
ENSG00000197992,ENSMUSG00000046080,59.71005,40.28995
ENSG00000084093,ENSMUSG00000029249,65.0788,34.9212
ENSG00000074219,ENSMUSG00000030796,93.08455000000001,6.915449999999993
ENSG00000187079,ENSMUSG00000055320,94.67635,5.323650000000001
ENSG00000197905,ENSMUSG00000030353,92.92134999999999,7.07865000000001
ENSG00000007866,ENSMUSG00000002249,94.32705,5.67295
ENSG00000064995,ENSMUSG00000024218,86.7299,13.2701
ENSG00000204564,ENSMUSG00000050705,60.472049999999996,39.527950000000004
ENSG00000112365,ENSMUSG00000019826,81.45685,18.543149999999997
ENSG00000157350,ENSMUSG00000031749,94.2857,5.714299999999994
ENSG00000165462,ENSMUSG00000007946,97.52265,2.4773500000000013
ENSG00000149243,ENSMUSG00000035298,89.54735,10.452650000000006
ENSG00000143578,ENSMUSG00000027938,68.56995,31.430049999999994
ENSG00000160282,ENSMUSG00000001155,83.9187,16.0813
ENSG00000108883,ENSMUSG00000020929,99.3827,0.6173000000000002
ENSG00000056736,ENSMUSG00000015966,74.72595,25.274050000000003
ENSG00000060140,ENSMUSG00000032899,77.32605000000001,22.67394999999999
ENSG00000163655,ENSMUSG00000027823,97.8355,2.164500000000004
ENSG00000170037,ENSMUSG00000032782,84.5878,15.412199999999999
ENSG00000144278,ENSMUSG00000060988,99.4604,0.539599999999993
ENSG00000175893,ENSMUSG00000028403,97.7358,2.2642000000000024
ENSG00000150783,ENSMUSG00000032065,84.5528,15.447199999999995
ENSG00000020256,ENSMUSG00000027551,52.7625,47.2375
ENSG00000235750,ENSMUSG00000090394,70.7071,29.292900000000003
ENSG00000130054,ENSMUSG00000071719,93.95555,6.044449999999998
ENSG00000120149,ENSMUSG00000021469,92.5094,7.490600000000001
ENSG00000139687,ENSMUSG00000022105,90.8612,9.138800000000003
ENSG00000103479,ENSMUSG00000031666,90.94135,9.05865
ENSG00000080839,ENSMUSG00000027641,90.5683,9.431700000000006
ENSG00000075188,ENSMUSG00000035351,91.1043,8.895700000000005
ENSG00000074582,ENSMUSG00000026172,93.90690000000001,6.093099999999993
ENSG00000118156,ENSMUSG00000078796,75.8243,24.175700000000006
ENSG00000134313,ENSMUSG00000036333,93.32249999999999,6.677500000000009
ENSG00000184216,ENSMUSG00000031392,78.9863,21.0137
ENSG00000170345,ENSMUSG00000021250,93.6842,6.315799999999996
ENSG00000091127,ENSMUSG00000057541,88.17005,11.829949999999997
ENSG00000129317,ENSMUSG00000033356,71.70349999999999,28.29650000000001
ENSG00000187024,ENSMUSG00000053746,81.3863,18.613699999999994
ENSG00000077549,ENSMUSG00000028745,94.83279999999999,5.167200000000008
ENSG00000179242,ENSMUSG00000000305,92.61915,7.380849999999995
ENSG00000075035,ENSMUSG00000063430,92.2561,7.7438999999999965
ENSG00000115457,ENSMUSG00000039323,84.52965,15.470349999999996
ENSG00000171443,ENSMUSG00000051184,73.1733,26.826700000000002
ENSG00000182871,ENSMUSG00000001435,67.8196,32.180400000000006
ENSG00000131378,ENSMUSG00000039316,70.34965,29.650350000000003
ENSG00000162944,ENSMUSG00000025978,79.52055,20.47945
ENSG00000064652,ENSMUSG00000024535,97.0414,2.958600000000004
ENSG00000157734,ENSMUSG00000039452,83.11744999999999,16.88255000000001
ENSG00000184792,ENSMUSG00000020435,82.7867,17.213300000000004
ENSG00000182747,ENSMUSG00000050473,90.6968,9.303200000000004
ENSG00000112159,ENSMUSG00000058006,82.4855,17.514499999999998
ENSG00000167701,ENSMUSG00000022546,87.2984,12.7016
ENSG00000275066,ENSMUSG00000034940,80.29015000000001,19.70984999999999
ENSG00000119801,ENSMUSG00000039770,100.0,0.0
ENSG00000123570,ENSMUSG00000043463,98.0099,1.9900999999999982
ENSG00000150630,ENSMUSG00000031520,85.8533,14.146699999999996
ENSG00000118655,ENSMUSG00000027845,77.35865,22.641350000000003
ENSG00000215148,ENSMUSG00000024114,56.8201,43.1799
ENSG00000007038,ENSMUSG00000024116,64.2791,35.7209
ENSG00000116128,ENSMUSG00000038256,95.33494999999999,4.665050000000008
ENSG00000186174,ENSMUSG00000063382,94.08645,5.913550000000001
ENSG00000178093,ENSMUSG00000047654,97.0696,2.930400000000006
ENSG00000060558,ENSMUSG00000034792,84.7594,15.2406
ENSG00000143106,ENSMUSG00000068749,100.0,0.0
ENSG00000278845,ENSMUSG00000018882,79.7386,20.261399999999995
ENSG00000152520,ENSMUSG00000029647,94.0248,5.975200000000001
ENSG00000135597,ENSMUSG00000019854,95.1603,4.8396999999999935
ENSG00000075785,ENSMUSG00000079477,100.0,0.0
ENSG00000124214,ENSMUSG00000039536,83.88635,16.113650000000007
ENSG00000104671,ENSMUSG00000031516,96.3158,3.684200000000004
ENSG00000171148,ENSMUSG00000048930,99.3056,0.6944000000000017
ENSG00000135537,ENSMUSG00000038302,86.99279999999999,13.007200000000012
ENSG00000072134,ENSMUSG00000001036,88.68075,11.319249999999997
ENSG00000140497,ENSMUSG00000040188,88.7538,11.246200000000002
ENSG00000143110,ENSMUSG00000074342,54.96505,45.03495
ENSG00000197587,ENSMUSG00000028707,93.40629999999999,6.5937000000000126
ENSG00000116984,ENSMUSG00000021311,91.58269999999999,8.417300000000012
ENSG00000140527,ENSMUSG00000039099,64.30395,35.69605
ENSG00000175906,ENSMUSG00000034936,95.0249,4.975099999999998
ENSG00000135723,ENSMUSG00000014778,86.75985,13.24015
ENSG00000116675,ENSMUSG00000028528,92.98255,7.017449999999997
ENSG00000267855,ENSMUSG00000041881,91.1504,8.849599999999995
ENSG00000165923,ENSMUSG00000040812,78.04465,21.955349999999996
ENSG00000131013,ENSMUSG00000015757,96.748,3.2519999999999953
ENSG00000067715,ENSMUSG00000035864,97.74625,2.2537499999999966
ENSG00000099625,ENSMUSG00000035640,83.25225,16.747749999999996
ENSG00000110497,ENSMUSG00000040506,95.76605,4.233949999999993
ENSG00000188010,ENSMUSG00000045257,86.4696,13.5304
ENSG00000066926,ENSMUSG00000024588,88.52085,11.479150000000004
ENSG00000233493,ENSMUSG00000030431,85.2273,14.7727
ENSG00000047365,ENSMUSG00000037999,83.2404,16.759600000000006
ENSG00000177575,ENSMUSG00000008845,71.6866,28.3134
ENSG00000138780,ENSMUSG00000028018,84.45155,15.548450000000003
ENSG00000119929,ENSMUSG00000025193,91.74345,8.256550000000004
ENSG00000153790,ENSMUSG00000029828,73.8542,26.145799999999994
ENSG00000112511,ENSMUSG00000024193,89.94765000000001,10.05234999999999
ENSG00000119403,ENSMUSG00000026873,89.11945,10.88055
ENSG00000143033,ENSMUSG00000029267,97.6391,2.360900000000001
ENSG00000204116,ENSMUSG00000031327,94.46095,5.539050000000003
ENSG00000109220,ENSMUSG00000029229,99.3939,0.6060999999999979
ENSG00000119919,ENSMUSG00000044220,90.08335,9.916650000000004
ENSG00000172061,ENSMUSG00000052316,81.8968,18.1032
ENSG00000175203,ENSMUSG00000025410,95.64150000000001,4.358499999999992
ENSG00000102401,ENSMUSG00000049047,96.5699,3.430099999999996
ENSG00000181929,ENSMUSG00000067713,97.1258,2.874200000000002
ENSG00000115592,ENSMUSG00000006542,84.8671,15.132900000000006
ENSG00000106617,ENSMUSG00000028944,93.56895,6.431049999999999
ENSG00000035115,ENSMUSG00000020669,92.66945,7.330550000000002
ENSG00000100433,ENSMUSG00000033854,94.0683,5.931700000000006
ENSG00000177576,ENSMUSG00000036299,78.4357,21.564300000000003
ENSG00000104341,ENSMUSG00000022257,92.27420000000001,7.7257999999999925
ENSG00000068697,ENSMUSG00000020585,97.4249,2.575100000000006
ENSG00000162511,ENSMUSG00000028581,79.15895,20.841049999999996
ENSG00000126432,ENSMUSG00000024953,76.89359999999999,23.106400000000008
ENSG00000166856,ENSMUSG00000058396,72.07390000000001,27.92609999999999
ENSG00000164850,ENSMUSG00000053647,86.9333,13.066699999999997
ENSG00000095564,ENSMUSG00000040565,96.29425,3.7057499999999948
ENSG00000185875,ENSMUSG00000048550,82.4167,17.583299999999994
ENSG00000111845,ENSMUSG00000038683,72.88040000000001,27.11959999999999
ENSG00000065970,ENSMUSG00000003154,90.78705,9.212950000000006
ENSG00000124227,ENSMUSG00000027517,61.640649999999994,38.359350000000006
ENSG00000094963,ENSMUSG00000040170,85.6075,14.392499999999998
ENSG00000116035,ENSMUSG00000034777,87.28625,12.713750000000005
ENSG00000135298,ENSMUSG00000033569,98.3574,1.6426000000000016
ENSG00000161509,ENSMUSG00000020734,88.67365000000001,11.32634999999999
ENSG00000134504,ENSMUSG00000036225,97.45124999999999,2.5487500000000125
ENSG00000144028,ENSMUSG00000003660,99.6723,0.327699999999993
ENSG00000198961,ENSMUSG00000024083,83.25094999999999,16.74905000000001
ENSG00000181191,ENSMUSG00000034403,78.05035000000001,21.94964999999999
ENSG00000163932,ENSMUSG00000021948,90.5187,9.481300000000005
ENSG00000063515,ENSMUSG00000022738,73.54225,26.457750000000004
ENSG00000213203,ENSMUSG00000090019,61.39215,38.60785
ENSG00000175206,ENSMUSG00000041616,79.8689,20.131100000000004
ENSG00000120937,ENSMUSG00000029019,32.24065,67.75935
ENSG00000166435,ENSMUSG00000035211,73.524,26.476
ENSG00000231500,ENSMUSG00000008668,100.0,0.0
ENSG00000131446,ENSMUSG00000020346,90.135,9.864999999999995
ENSG00000085998,ENSMUSG00000028700,98.4848,1.515199999999993
ENSG00000144649,ENSMUSG00000038233,69.4902,30.5098
ENSG00000164125,ENSMUSG00000027955,83.398,16.602000000000004
ENSG00000131435,ENSMUSG00000020388,90.6061,9.393900000000002
ENSG00000154415,ENSMUSG00000042717,62.791,37.209
ENSG00000148090,ENSMUSG00000021460,90.79155,9.20845
ENSG00000108381,ENSMUSG00000020774,86.40025,13.59975
ENSG00000132744,ENSMUSG00000024866,68.75995,31.240049999999997
ENSG00000162692,ENSMUSG00000027962,75.7781,24.221900000000005
ENSG00000092108,ENSMUSG00000020952,96.3315,3.6684999999999945
ENSG00000175267,ENSMUSG00000030889,71.801,28.198999999999998
ENSG00000134775,ENSMUSG00000034295,87.47985,12.520150000000001
ENSG00000219435,ENSMUSG00000050623,47.7268,52.2732
ENSG00000198157,ENSMUSG00000031245,40.56175,59.43825
ENSG00000177938,ENSMUSG00000041791,91.3043,8.695700000000002
ENSG00000198898,ENSMUSG00000015733,98.2517,1.7483000000000004
ENSG00000169992,ENSMUSG00000051790,98.26455,1.7354500000000002
ENSG00000166426,ENSMUSG00000032291,99.2701,0.7299000000000007
ENSG00000128536,ENSMUSG00000035860,73.84935,26.15065
ENSG00000155792,ENSMUSG00000022419,96.088,3.912000000000006
ENSG00000089472,ENSMUSG00000031209,85.78835000000001,14.211649999999992
ENSG00000021826,ENSMUSG00000025991,95.3333,4.666700000000006
ENSG00000137821,ENSMUSG00000047766,85.4373,14.562700000000007
ENSG00000168280,ENSMUSG00000026764,98.275,1.7249999999999943
ENSG00000198900,ENSMUSG00000070544,97.1281,2.8718999999999966
ENSG00000100387,ENSMUSG00000022400,100.0,0.0
ENSG00000117118,ENSMUSG00000009863,91.46025,8.539749999999998
ENSG00000198478,ENSMUSG00000032261,93.4579,6.542100000000005
ENSG00000115806,ENSMUSG00000014959,90.36555,9.634450000000001
ENSG00000114745,ENSMUSG00000032513,82.1708,17.8292
ENSG00000143434,ENSMUSG00000038777,86.34425,13.655749999999998
ENSG00000168672,ENSMUSG00000072568,92.5806,7.419399999999996
ENSG00000138207,ENSMUSG00000024990,85.5721,14.427899999999994
ENSG00000160741,ENSMUSG00000027936,92.13,7.8700000000000045
ENSG00000140577,ENSMUSG00000030527,88.853,11.147000000000006
ENSG00000105662,ENSMUSG00000003575,90.5072,9.492800000000003
ENSG00000269313,ENSMUSG00000031147,64.1486,35.8514
ENSG00000174607,ENSMUSG00000032854,93.1608,6.839200000000005
ENSG00000196639,ENSMUSG00000053004,77.53855,22.46145
ENSG00000106733,ENSMUSG00000037847,80.2113,19.788700000000006
ENSG00000132950,ENSMUSG00000040123,66.42775,33.57225
ENSG00000164379,ENSMUSG00000038415,75.9662,24.0338
ENSG00000153922,ENSMUSG00000023852,95.8784,4.121600000000001
ENSG00000096696,ENSMUSG00000054889,94.82145,5.178550000000001
ENSG00000183091,ENSMUSG00000026950,87.4921,12.507900000000006
ENSG00000139977,ENSMUSG00000036282,85.71685,14.283150000000006
ENSG00000131725,ENSMUSG00000036769,92.12265,7.877350000000007
ENSG00000089737,ENSMUSG00000041645,77.11959999999999,22.88040000000001
ENSG00000178467,ENSMUSG00000006675,91.1444,8.855599999999995
ENSG00000163694,ENSMUSG00000070780,94.5061,5.4938999999999965
ENSG00000267467,ENSMUSG00000074336,57.3787,42.6213
ENSG00000049249,ENSMUSG00000028965,57.5345,42.4655
ENSG00000102384,ENSMUSG00000031262,72.83945,27.16055
ENSG00000042813,ENSMUSG00000020193,72.8748,27.125200000000007
ENSG00000186075,ENSMUSG00000017195,71.71015,28.28985
ENSG00000176125,ENSMUSG00000051502,76.32225,23.677750000000003
ENSG00000187210,ENSMUSG00000038843,85.0467,14.953299999999999
ENSG00000198648,ENSMUSG00000027030,96.10405,3.895949999999999
ENSG00000149970,ENSMUSG00000025658,98.6448,1.3551999999999964
ENSG00000164916,ENSMUSG00000056493,89.12674999999999,10.873250000000013
ENSG00000221931,ENSMUSG00000051095,85.2564,14.7436
ENSG00000205329,ENSMUSG00000049217,88.4244,11.575599999999994
ENSG00000160973,ENSMUSG00000033837,73.79225,26.207750000000004
ENSG00000115947,ENSMUSG00000026761,89.2991,10.700900000000004
ENSG00000169189,ENSMUSG00000030750,89.4737,10.526300000000006
ENSG00000184162,ENSMUSG00000071078,82.43835,17.56165
ENSG00000166471,ENSMUSG00000047554,90.378,9.622
ENSG00000184560,ENSMUSG00000044084,61.554,38.446
ENSG00000155313,ENSMUSG00000022867,93.2444,6.755600000000001
ENSG00000153560,ENSMUSG00000009741,94.0741,5.925899999999999
ENSG00000101460,ENSMUSG00000027602,100.0,0.0
ENSG00000009724,ENSMUSG00000028979,81.54635,18.453649999999996
ENSG00000126460,ENSMUSG00000007837,79.50795,20.492050000000006
ENSG00000127241,ENSMUSG00000022887,67.61675,32.383250000000004
ENSG00000085832,ENSMUSG00000028552,89.01285,10.98715
ENSG00000166743,ENSMUSG00000033533,70.60955,29.39045
ENSG00000126767,ENSMUSG00000009406,85.41435,14.585650000000001
ENSG00000101294,ENSMUSG00000019188,90.37185,9.628150000000005
ENSG00000171307,ENSMUSG00000025157,97.0646,2.9354000000000013
ENSG00000010244,ENSMUSG00000017421,98.8879,1.112099999999998
ENSG00000135336,ENSMUSG00000040044,79.66405,20.335949999999997
ENSG00000254585,ENSMUSG00000056972,64.36285000000001,35.63714999999999
ENSG00000101126,ENSMUSG00000051149,94.02785,5.972149999999999
ENSG00000101544,ENSMUSG00000053950,78.93715,21.062849999999997
ENSG00000113845,ENSMUSG00000002846,71.2281,28.771900000000002
ENSG00000137364,ENSMUSG00000021376,77.94645,22.05355
ENSG00000171989,ENSMUSG00000101959,71.55975,28.440250000000006
ENSG00000081087,ENSMUSG00000038280,77.3837,22.616299999999995
ENSG00000100211,ENSMUSG00000022428,83.7958,16.2042
ENSG00000123171,ENSMUSG00000017049,83.14644999999999,16.853550000000013
ENSG00000174015,ENSMUSG00000034913,78.9713,21.0287
ENSG00000204659,ENSMUSG00000050087,52.99295,47.00705
ENSG00000154781,ENSMUSG00000034083,84.5824,15.417599999999993
ENSG00000176108,ENSMUSG00000025371,92.76865000000001,7.231349999999992
ENSG00000152092,ENSMUSG00000026587,97.9134,2.0866000000000042
ENSG00000148219,ENSMUSG00000028373,96.84355,3.1564500000000066
ENSG00000196715,ENSMUSG00000066735,97.1591,2.840900000000005
ENSG00000187240,ENSMUSG00000047193,93.2715,6.728499999999997
ENSG00000100644,ENSMUSG00000021109,89.89495,10.105050000000006
ENSG00000165376,ENSMUSG00000047230,91.3043,8.695700000000002
ENSG00000204542,ENSMUSG00000039269,45.75535,54.24465
ENSG00000166979,ENSMUSG00000039903,86.26570000000001,13.73429999999999
ENSG00000113240,ENSMUSG00000020385,97.0894,2.9106000000000023
ENSG00000168612,ENSMUSG00000017764,82.2114,17.788600000000002
ENSG00000132801,ENSMUSG00000045822,80.2301,19.769900000000007
ENSG00000102996,ENSMUSG00000031790,88.0917,11.908299999999997
ENSG00000170242,ENSMUSG00000059263,94.33005,5.66995
ENSG00000124615,ENSMUSG00000064120,84.7484,15.251599999999996
ENSG00000010292,ENSMUSG00000038252,86.28805,13.711950000000002
ENSG00000151503,ENSMUSG00000035024,74.03514999999999,25.964850000000013
ENSG00000155980,ENSMUSG00000074657,97.81505,2.1849500000000006
ENSG00000184058,ENSMUSG00000009097,90.14445,9.855549999999994
ENSG00000185513,ENSMUSG00000035576,77.64195,22.358050000000006
ENSG00000125817,ENSMUSG00000068267,91.8197,8.180300000000003
ENSG00000198954,ENSMUSG00000036955,92.08494999999999,7.915050000000008
ENSG00000142867,ENSMUSG00000028191,90.5579,9.442099999999996
ENSG00000146476,ENSMUSG00000061759,77.0459,22.954099999999997
ENSG00000117862,ENSMUSG00000028567,90.6464,9.3536
ENSG00000106541,ENSMUSG00000020581,91.4286,8.571399999999997
ENSG00000173467,ENSMUSG00000036231,91.23955,8.760450000000006
ENSG00000001167,ENSMUSG00000023994,99.7118,0.28820000000000334
ENSG00000162490,ENSMUSG00000029005,77.46245,22.537549999999996
ENSG00000131773,ENSMUSG00000022332,97.1098,2.890199999999993
ENSG00000174945,ENSMUSG00000050022,73.4012,26.598799999999997
ENSG00000196704,ENSMUSG00000020610,79.27695,20.72305
ENSG00000114784,ENSMUSG00000006941,100.0,0.0
ENSG00000138755,ENSMUSG00000029417,68.527,31.473
ENSG00000117215,ENSMUSG00000041202,71.28115,28.718850000000003
ENSG00000229453,ENSMUSG00000050074,53.549350000000004,46.450649999999996
ENSG00000243232,ENSMUSG00000102697,93.1943,6.805700000000002
ENSG00000006468,ENSMUSG00000004151,97.9036,2.0964000000000027
ENSG00000166265,ENSMUSG00000041134,80.07820000000001,19.92179999999999
ENSG00000180878,ENSMUSG00000078611,86.4865,13.513499999999993
ENSG00000100815,ENSMUSG00000021188,83.0342,16.9658
ENSG00000160208,ENSMUSG00000058392,62.38105,37.61895
ENSG00000160214,ENSMUSG00000061032,62.69265,37.30735
ENSG00000157890,ENSMUSG00000036466,89.91555,10.084450000000004
ENSG00000239642,ENSMUSG00000020332,54.58695,45.41305
ENSG00000143452,ENSMUSG00000028109,77.8631,22.136899999999997
ENSG00000176635,ENSMUSG00000020419,76.6723,23.327699999999993
ENSG00000129932,ENSMUSG00000078440,84.7682,15.231800000000007
ENSG00000090975,ENSMUSG00000029406,86.94425,13.055750000000003
ENSG00000091622,ENSMUSG00000040543,94.4558,5.544200000000004
ENSG00000172530,ENSMUSG00000025316,93.29329999999999,6.706700000000012
ENSG00000213123,ENSMUSG00000014075,82.5215,17.478499999999997
ENSG00000171368,ENSMUSG00000021573,91.9913,8.008700000000005
ENSG00000159713,ENSMUSG00000014846,96.5909,3.409099999999995
ENSG00000179636,ENSMUSG00000008813,84.1176,15.882400000000004
ENSG00000187741,ENSMUSG00000032815,66.4844,33.515600000000006
ENSG00000101945,ENSMUSG00000039231,95.3884,4.611599999999996
ENSG00000150394,ENSMUSG00000036510,96.9962,3.0037999999999982
ENSG00000140937,ENSMUSG00000031673,97.3618,2.6381999999999977
ENSG00000188157,ENSMUSG00000041936,81.83439999999999,18.165600000000012
ENSG00000112282,ENSMUSG00000019984,96.30715000000001,3.692849999999993
ENSG00000041982,ENSMUSG00000028364,85.95805,14.04195
ENSG00000124786,ENSMUSG00000021432,90.7859,9.214100000000002
ENSG00000165480,ENSMUSG00000021965,62.69755,37.30245
ENSG00000087245,ENSMUSG00000031740,95.76419999999999,4.235800000000012
ENSG00000161920,ENSMUSG00000018923,97.4359,2.5640999999999963
ENSG00000042493,ENSMUSG00000056737,92.6831,7.316900000000004
ENSG00000187144,ENSMUSG00000045004,55.8097,44.1903
ENSG00000176435,ENSMUSG00000045930,65.4017,34.598299999999995
ENSG00000179889,ENSMUSG00000022680,87.88845,12.111549999999994
ENSG00000165118,ENSMUSG00000021550,76.87925,23.12075
ENSG00000110422,ENSMUSG00000027177,90.60964999999999,9.390350000000012
ENSG00000162494,ENSMUSG00000028584,88.8554,11.144599999999997
ENSG00000129219,ENSMUSG00000020828,90.0322,9.967799999999997
ENSG00000038382,ENSMUSG00000022263,96.48395,3.516050000000007
ENSG00000138136,ENSMUSG00000025216,96.98075,3.0192499999999995
ENSG00000114739,ENSMUSG00000061393,99.4141,0.5858999999999952
ENSG00000164169,ENSMUSG00000037134,86.45775,13.542249999999996
ENSG00000104415,ENSMUSG00000005124,83.6512,16.348799999999997
ENSG00000055332,ENSMUSG00000024079,58.79125,41.20875
ENSG00000182670,ENSMUSG00000040785,76.084,23.915999999999997
ENSG00000250506,ENSMUSG00000092300,82.43045000000001,17.569549999999992
ENSG00000170312,ENSMUSG00000019942,96.9697,3.030299999999997
ENSG00000154319,ENSMUSG00000035095,82.98415,17.01585
ENSG00000170340,ENSMUSG00000051650,87.4055,12.594499999999996
ENSG00000115170,ENSMUSG00000026836,98.4283,1.571700000000007
ENSG00000163006,ENSMUSG00000038010,78.07665,21.92335
ENSG00000149043,ENSMUSG00000031098,74.43235,25.56765
ENSG00000007255,ENSMUSG00000002043,83.0189,16.981099999999998
ENSG00000182400,ENSMUSG00000020993,97.4684,2.5315999999999974
ENSG00000120129,ENSMUSG00000024190,96.4578,3.542199999999994
ENSG00000119185,ENSMUSG00000062352,94.0,6.0
ENSG00000178125,ENSMUSG00000025916,76.92025000000001,23.07974999999999
ENSG00000137040,ENSMUSG00000074909,96.1991,3.8008999999999986
ENSG00000149651,ENSMUSG00000017310,46.712450000000004,53.287549999999996
ENSG00000167543,ENSMUSG00000044328,70.95865,29.041349999999994
ENSG00000213658,ENSMUSG00000030742,67.81379999999999,32.186200000000014
ENSG00000130584,ENSMUSG00000027583,90.504,9.495999999999995
ENSG00000189058,ENSMUSG00000022548,71.9577,28.042299999999997
ENSG00000266472,ENSMUSG00000054312,89.6552,10.344800000000006
ENSG00000123636,ENSMUSG00000026987,85.21095,14.789050000000003
ENSG00000137766,ENSMUSG00000062151,91.0941,8.905900000000003
ENSG00000014919,ENSMUSG00000040018,89.91614999999999,10.083850000000012
ENSG00000108784,ENSMUSG00000001751,82.3218,17.678200000000004
ENSG00000162639,ENSMUSG00000045662,68.78215,31.21785
ENSG00000157211,ENSMUSG00000047636,88.7037,11.296300000000002
ENSG00000198870,ENSMUSG00000049897,58.13265,41.86735
ENSG00000071859,ENSMUSG00000001962,98.2301,1.769900000000007
ENSG00000145945,ENSMUSG00000038246,82.86825,17.131749999999997
ENSG00000189308,ENSMUSG00000118665,96.6622,3.3378000000000014
ENSG00000170558,ENSMUSG00000024304,96.7991,3.2009000000000043
ENSG00000167617,ENSMUSG00000063838,79.1982,20.8018
ENSG00000176209,ENSMUSG00000031534,85.9813,14.018699999999995
ENSG00000284638,ENSMUSG00000114004,71.30000000000001,28.69999999999999
ENSG00000079337,ENSMUSG00000022469,90.53569999999999,9.464300000000009
ENSG00000005206,ENSMUSG00000035206,78.30185,21.69815
ENSG00000166326,ENSMUSG00000027189,92.01765,7.982349999999997
ENSG00000183379,ENSMUSG00000071234,88.8425,11.157499999999999
ENSG00000142046,ENSMUSG00000061702,78.4884,21.5116
ENSG00000283758,ENSMUSG00000049761,40.1458,59.8542
ENSG00000101463,ENSMUSG00000074736,93.0233,6.976699999999994
ENSG00000036473,ENSMUSG00000031173,92.6554,7.3446
ENSG00000186767,ENSMUSG00000071722,95.9839,4.0160999999999945
ENSG00000106723,ENSMUSG00000021395,99.2366,0.7634000000000043
ENSG00000185053,ENSMUSG00000039539,95.34535,4.654650000000004
ENSG00000004766,ENSMUSG00000001376,96.2656,3.7343999999999937
ENSG00000180992,ENSMUSG00000023939,84.8276,15.172399999999996
ENSG00000159461,ENSMUSG00000031751,94.2287,5.7712999999999965
ENSG00000169087,ENSMUSG00000022849,73.3284,26.671599999999998
ENSG00000082458,ENSMUSG00000000881,97.39485,2.6051499999999947
ENSG00000165804,ENSMUSG00000049295,88.53659999999999,11.463400000000007
ENSG00000179152,ENSMUSG00000046603,81.6057,18.3943
ENSG00000183513,ENSMUSG00000026112,82.4324,17.5676
ENSG00000091039,ENSMUSG00000020189,96.063,3.9369999999999976
ENSG00000128791,ENSMUSG00000024098,93.03415000000001,6.965849999999989
ENSG00000158077,ENSMUSG00000016626,53.142250000000004,46.857749999999996
ENSG00000088280,ENSMUSG00000036995,81.57169999999999,18.428300000000007
ENSG00000168546,ENSMUSG00000022103,93.75,6.25
ENSG00000170545,ENSMUSG00000053559,78.3505,21.649500000000003
ENSG00000164167,ENSMUSG00000031683,100.0,0.0
ENSG00000136155,ENSMUSG00000022123,65.7191,34.2809
ENSG00000147394,ENSMUSG00000031351,55.082449999999994,44.917550000000006
ENSG00000153485,ENSMUSG00000046675,92.638,7.361999999999995
ENSG00000137274,ENSMUSG00000038286,81.0997,18.9003
ENSG00000005448,ENSMUSG00000030032,88.6228,11.377200000000002
ENSG00000100714,ENSMUSG00000021048,93.1551,6.8448999999999955
ENSG00000204290,ENSMUSG00000024340,60.30325,39.69675
ENSG00000152240,ENSMUSG00000041840,84.1727,15.827299999999994
ENSG00000161270,ENSMUSG00000006649,81.43379999999999,18.56620000000001
ENSG00000214941,ENSMUSG00000014243,77.5282,22.4718
ENSG00000104549,ENSMUSG00000022351,84.29345,15.706549999999993
ENSG00000138135,ENSMUSG00000050370,74.54105,25.45895
ENSG00000092201,ENSMUSG00000035726,98.7584,1.2416000000000054
ENSG00000198796,ENSMUSG00000032845,55.913,44.087
ENSG00000120860,ENSMUSG00000020056,90.2062,9.793800000000005
ENSG00000175857,ENSMUSG00000046006,54.7771,45.2229
ENSG00000234284,ENSMUSG00000044296,80.6394,19.360600000000005
ENSG00000181778,ENSMUSG00000048572,62.974900000000005,37.025099999999995
ENSG00000102001,ENSMUSG00000031142,91.79939999999999,8.200600000000009
ENSG00000135778,ENSMUSG00000031851,81.5789,18.421099999999996
ENSG00000197451,ENSMUSG00000020358,92.4699,7.5301000000000045
ENSG00000154258,ENSMUSG00000041797,78.59559999999999,21.40440000000001
ENSG00000206559,ENSMUSG00000032443,63.257,36.743
ENSG00000078487,ENSMUSG00000037108,60.37295,39.62705
ENSG00000155229,ENSMUSG00000025159,89.95635,10.04365
ENSG00000168734,ENSMUSG00000035268,90.7895,9.210499999999996
ENSG00000132676,ENSMUSG00000068921,81.37525,18.624750000000006
ENSG00000144229,ENSMUSG00000042581,85.65205,14.347949999999997
ENSG00000162670,ENSMUSG00000035131,97.7807,2.219300000000004
ENSG00000170820,ENSMUSG00000032937,87.67165,12.32835
ENSG00000001036,ENSMUSG00000019810,81.46895,18.531049999999993
ENSG00000179163,ENSMUSG00000028673,82.37209999999999,17.62790000000001
ENSG00000143952,ENSMUSG00000020128,92.6305,7.369500000000002
ENSG00000138614,ENSMUSG00000034263,97.9679,2.0321
ENSG00000164904,ENSMUSG00000053644,88.3117,11.688299999999998
ENSG00000179820,ENSMUSG00000068566,84.11295,15.887050000000002
ENSG00000185105,ENSMUSG00000025141,91.5309,8.469099999999997
ENSG00000007174,ENSMUSG00000056752,87.69235,12.307649999999995
ENSG00000187193,ENSMUSG00000031762,85.2459,14.754099999999994
ENSG00000087250,ENSMUSG00000031760,86.7647,13.235299999999995
ENSG00000102891,ENSMUSG00000031757,90.3226,9.677400000000006
ENSG00000072163,ENSMUSG00000024395,91.2023,8.797700000000006
ENSG00000158560,ENSMUSG00000029757,96.79655,3.2034500000000037
ENSG00000168283,ENSMUSG00000026739,97.2317,2.7682999999999964
ENSG00000172992,ENSMUSG00000020935,90.9091,9.090900000000005
ENSG00000145990,ENSMUSG00000051335,98.2051,1.7948999999999984
ENSG00000074771,ENSMUSG00000023802,80.6338,19.366200000000006
ENSG00000214435,ENSMUSG00000003559,76.69784999999999,23.30215000000001
ENSG00000130414,ENSMUSG00000026260,76.6197,23.380300000000005
ENSG00000155961,ENSMUSG00000031202,99.5305,0.4694999999999965
ENSG00000163568,ENSMUSG00000037860,55.394,44.606
ENSG00000178381,ENSMUSG00000053581,70.732,29.268
ENSG00000182870,ENSMUSG00000033316,91.30080000000001,8.69919999999999
ENSG00000165588,ENSMUSG00000021848,99.3266,0.6734000000000009
ENSG00000102543,ENSMUSG00000021982,87.78655,12.213449999999995
ENSG00000129187,ENSMUSG00000031562,92.6966,7.303399999999996
ENSG00000004399,ENSMUSG00000030123,91.4286,8.571399999999997
ENSG00000136040,ENSMUSG00000074785,90.3886,9.611400000000003
ENSG00000198753,ENSMUSG00000031385,84.2826,15.717399999999998
ENSG00000164050,ENSMUSG00000053646,87.02520000000001,12.974799999999988
ENSG00000196576,ENSMUSG00000036606,87.5001,12.499899999999997
ENSG00000108262,ENSMUSG00000011877,97.19475,2.805250000000001
ENSG00000119509,ENSMUSG00000028344,80.6772,19.3228
ENSG00000156735,ENSMUSG00000037316,84.9015,15.098500000000001
ENSG00000178338,ENSMUSG00000020335,82.11725000000001,17.882749999999987
ENSG00000133401,ENSMUSG00000022197,69.1788,30.821200000000005
ENSG00000206043,ENSMUSG00000117781,61.52805,38.47195
ENSG00000123338,ENSMUSG00000022488,94.56085,5.439149999999998
ENSG00000061676,ENSMUSG00000027002,99.3794,0.620599999999996
ENSG00000182551,ENSMUSG00000020629,83.7989,16.201099999999997
ENSG00000123095,ENSMUSG00000030256,74.0249,25.975099999999998
ENSG00000151348,ENSMUSG00000027198,95.4039,4.596100000000007
ENSG00000011566,ENSMUSG00000024242,95.86605,4.133949999999999
ENSG00000162607,ENSMUSG00000028560,88.2091,11.790899999999993
ENSG00000203985,ENSMUSG00000070877,69.56925000000001,30.43074999999999
ENSG00000147144,ENSMUSG00000031150,85.199,14.801000000000002
ENSG00000163362,ENSMUSG00000041605,81.93155,18.06845
ENSG00000077420,ENSMUSG00000026786,80.68934999999999,19.31065000000001
ENSG00000151247,ENSMUSG00000028156,98.1567,1.8432999999999993
ENSG00000196433,ENSMUSG00000093806,46.331500000000005,53.668499999999995
ENSG00000172830,ENSMUSG00000034616,80.18459999999999,19.81540000000001
ENSG00000262664,ENSMUSG00000038268,83.62995000000001,16.370049999999992
ENSG00000254772,ENSMUSG00000071644,98.1693,1.830699999999993
ENSG00000110063,ENSMUSG00000032040,89.48165,10.518349999999998
ENSG00000023228,ENSMUSG00000025968,94.0853,5.914699999999996
ENSG00000141562,ENSMUSG00000000056,84.97095,15.029049999999998
ENSG00000103245,ENSMUSG00000002280,87.605,12.394999999999996
ENSG00000117983,ENSMUSG00000066108,40.155100000000004,59.844899999999996
ENSG00000198797,ENSMUSG00000004031,94.7637,5.2363
ENSG00000119771,ENSMUSG00000020627,97.0286,2.9714000000000027
ENSG00000197872,ENSMUSG00000020589,99.6904,0.3096000000000032
ENSG00000153310,ENSMUSG00000022378,99.6914,0.30859999999999843
ENSG00000156427,ENSMUSG00000057967,98.0676,1.9324000000000012
ENSG00000164035,ENSMUSG00000054690,52.8736,47.1264
ENSG00000162896,ENSMUSG00000026417,65.2782,34.7218
ENSG00000103546,ENSMUSG00000055368,94.3274,5.672600000000003
ENSG00000104824,ENSMUSG00000015165,98.21340000000001,1.7865999999999929
ENSG00000143889,ENSMUSG00000024095,92.848,7.152000000000001
ENSG00000203867,ENSMUSG00000043639,78.2462,21.7538
ENSG00000135638,ENSMUSG00000033726,90.64065,9.359350000000006
ENSG00000115993,ENSMUSG00000026028,87.5753,12.424700000000001
ENSG00000148824,ENSMUSG00000039018,80.01175,19.988249999999994
ENSG00000219438,ENSMUSG00000054863,99.2424,0.7575999999999965
ENSG00000137877,ENSMUSG00000074899,63.3902,36.6098
ENSG00000163191,ENSMUSG00000027907,82.85714999999999,17.14285000000001
ENSG00000177932,ENSMUSG00000044807,74.5084,25.491600000000005
ENSG00000096060,ENSMUSG00000024222,87.1852,12.814800000000005
ENSG00000123576,ENSMUSG00000023443,26.420450000000002,73.57955
ENSG00000092931,ENSMUSG00000020818,93.0958,6.904200000000003
ENSG00000166920,ENSMUSG00000033213,72.2892,27.710800000000006
ENSG00000256394,ENSMUSG00000028008,77.8078,22.1922
ENSG00000106392,ENSMUSG00000042460,89.2562,10.743799999999993
ENSG00000134909,ENSMUSG00000041444,87.39930000000001,12.60069999999999
ENSG00000115525,ENSMUSG00000056091,83.4154,16.584599999999995
ENSG00000051382,ENSMUSG00000032462,95.5959,4.4041
ENSG00000173821,ENSMUSG00000070327,66.97749999999999,33.02250000000001
ENSG00000196345,ENSMUSG00000063488,70.8304,29.169600000000003
ENSG00000167595,ENSMUSG00000036864,54.3069,45.6931
ENSG00000176248,ENSMUSG00000026965,93.55799999999999,6.442000000000007
ENSG00000150471,ENSMUSG00000037605,95.37039999999999,4.629600000000011
ENSG00000100836,ENSMUSG00000022194,90.91935000000001,9.080649999999991
ENSG00000121310,ENSMUSG00000028601,85.3781,14.621899999999997
ENSG00000134460,ENSMUSG00000026770,60.74405,39.25595
ENSG00000163359,ENSMUSG00000048126,74.23474999999999,25.76525000000001
ENSG00000105246,ENSMUSG00000003206,60.8318,39.1682
ENSG00000148702,ENSMUSG00000025075,78.27875,21.721249999999998
ENSG00000186198,ENSMUSG00000053862,63.2812,36.7188
ENSG00000163576,ENSMUSG00000023931,67.9811,32.0189
ENSG00000096093,ENSMUSG00000041809,84.16475,15.835250000000002
ENSG00000183690,ENSMUSG00000025038,74.1828,25.8172
ENSG00000128585,ENSMUSG00000025609,99.1837,0.8162999999999982
ENSG00000088256,ENSMUSG00000034781,97.7716,2.2283999999999935
ENSG00000125813,ENSMUSG00000037034,90.60034999999999,9.399650000000008
ENSG00000168301,ENSMUSG00000021752,99.1561,0.843900000000005
ENSG00000148429,ENSMUSG00000039046,81.20335,18.79665
ENSG00000164953,ENSMUSG00000049488,85.1537,14.8463
ENSG00000180182,ENSMUSG00000064127,96.5331,3.4668999999999954
ENSG00000186566,ENSMUSG00000034621,90.18965,9.81035
ENSG00000178997,ENSMUSG00000048647,73.55539999999999,26.44460000000001
ENSG00000165983,ENSMUSG00000026730,87.6791,12.320899999999995
ENSG00000059915,ENSMUSG00000037126,92.0449,7.955100000000002
ENSG00000164008,ENSMUSG00000078584,84.4221,15.5779
ENSG00000163703,ENSMUSG00000030284,91.4286,8.571399999999997
ENSG00000156232,ENSMUSG00000045795,66.4236,33.57640000000001
ENSG00000152409,ENSMUSG00000021690,87.2659,12.734099999999998
ENSG00000068489,ENSMUSG00000020493,72.811,27.188999999999993
ENSG00000125816,ENSMUSG00000054160,94.3503,5.649699999999996
ENSG00000139874,ENSMUSG00000035431,98.7212,1.278800000000004
ENSG00000215217,ENSMUSG00000021534,66.40504999999999,33.59495000000001
ENSG00000029993,ENSMUSG00000015217,97.5,2.5
ENSG00000108061,ENSMUSG00000024976,98.4536,1.5464000000000055
ENSG00000171435,ENSMUSG00000061578,96.47555,3.5244500000000016
ENSG00000099992,ENSMUSG00000034412,91.2756,8.724400000000003
ENSG00000114026,ENSMUSG00000030271,84.9275,15.072500000000005
ENSG00000108829,ENSMUSG00000020869,95.4397,4.560299999999998
ENSG00000079150,ENSMUSG00000002732,86.3708,13.629199999999997
ENSG00000109846,ENSMUSG00000032060,97.7143,2.2857000000000056
ENSG00000111785,ENSMUSG00000035620,97.3214,2.678600000000003
ENSG00000177963,ENSMUSG00000025485,88.03025,11.969750000000005
ENSG00000100376,ENSMUSG00000022434,92.437,7.563000000000002
ENSG00000197798,ENSMUSG00000050471,98.0057,1.9942999999999955
ENSG00000196553,ENSMUSG00000099418,66.9803,33.0197
ENSG00000158042,ENSMUSG00000030879,84.33115000000001,15.668849999999992
ENSG00000198326,ENSMUSG00000049692,83.82929999999999,16.17070000000001
ENSG00000073910,ENSMUSG00000056602,96.46955,3.530450000000002
ENSG00000075539,ENSMUSG00000070733,94.5848,5.415199999999999
ENSG00000094914,ENSMUSG00000036678,93.5897,6.4103000000000065
ENSG00000143919,ENSMUSG00000071037,83.5913,16.408699999999996
ENSG00000171448,ENSMUSG00000050714,95.80035,4.199650000000005
ENSG00000132423,ENSMUSG00000028247,71.71865,28.281350000000003
ENSG00000273559,ENSMUSG00000018541,89.66544999999999,10.334550000000007
ENSG00000157600,ENSMUSG00000047045,95.10990000000001,4.89009999999999
ENSG00000064393,ENSMUSG00000061436,96.8255,3.1744999999999948
ENSG00000052344,ENSMUSG00000030800,76.83545000000001,23.16454999999999
ENSG00000187775,ENSMUSG00000033987,91.44715,8.552850000000007
ENSG00000135049,ENSMUSG00000021557,90.01735,9.982650000000007
ENSG00000132464,ENSMUSG00000029286,56.8357,43.1643
ENSG00000137106,ENSMUSG00000035637,85.6707,14.329300000000003
ENSG00000115850,ENSMUSG00000026354,79.6787,20.321299999999994
ENSG00000151164,ENSMUSG00000038569,63.18915,36.81085
ENSG00000172613,ENSMUSG00000024824,82.0518,17.9482
ENSG00000101193,ENSMUSG00000027573,99.5614,0.4385999999999939
ENSG00000167565,ENSMUSG00000055200,85.49674999999999,14.503250000000008
ENSG00000197019,ENSMUSG00000008384,86.017,13.983000000000004
ENSG00000111424,ENSMUSG00000022479,88.57785000000001,11.422149999999988
ENSG00000143801,ENSMUSG00000010609,95.9821,4.017899999999997
ENSG00000182183,ENSMUSG00000059816,74.93455,25.06545
ENSG00000166971,ENSMUSG00000031667,96.2329,3.7670999999999992
ENSG00000072042,ENSMUSG00000066441,84.8589,15.141099999999994
ENSG00000155465,ENSMUSG00000000958,90.30375000000001,9.696249999999992
ENSG00000079841,ENSMUSG00000041670,90.89285,9.107150000000004
ENSG00000174514,ENSMUSG00000059149,85.74350000000001,14.256499999999988
ENSG00000020922,ENSMUSG00000031928,88.40185,11.598150000000004
ENSG00000076641,ENSMUSG00000027508,78.9789,21.021100000000004
ENSG00000078687,ENSMUSG00000025571,89.78895,10.21105
ENSG00000143748,ENSMUSG00000026516,87.90185,12.098150000000004
ENSG00000183696,ENSMUSG00000020407,78.58314999999999,21.41685000000001
ENSG00000109323,ENSMUSG00000028164,75.6542,24.345799999999997
ENSG00000055732,ENSMUSG00000036853,91.1392,8.860799999999998
ENSG00000090674,ENSMUSG00000004567,91.3793,8.6207
ENSG00000153898,ENSMUSG00000011008,81.5742,18.425799999999995
ENSG00000135248,ENSMUSG00000039742,75.8024,24.197599999999994
ENSG00000185379,ENSMUSG00000018841,83.1052,16.894800000000004
ENSG00000124782,ENSMUSG00000039087,80.55015,19.449849999999998
ENSG00000185565,ENSMUSG00000061080,98.5207,1.479299999999995
ENSG00000127948,ENSMUSG00000005514,92.10335,7.896649999999994
ENSG00000253305,ENSMUSG00000103088,83.0107,16.9893
ENSG00000108509,ENSMUSG00000040712,92.11675,7.883250000000004
ENSG00000105963,ENSMUSG00000056413,93.8503,6.149699999999996
ENSG00000108582,ENSMUSG00000020841,91.2587,8.741299999999995
ENSG00000173157,ENSMUSG00000022449,70.7024,29.297600000000003
ENSG00000124383,ENSMUSG00000030521,82.0852,17.9148
ENSG00000115252,ENSMUSG00000059173,89.40530000000001,10.594699999999989
ENSG00000160948,ENSMUSG00000115987,98.6425,1.3575000000000017
ENSG00000182504,ENSMUSG00000022604,76.9341,23.0659
ENSG00000115484,ENSMUSG00000007739,96.6605,3.339500000000001
ENSG00000176978,ENSMUSG00000026958,78.3721,21.627899999999997
ENSG00000102048,ENSMUSG00000031384,73.9761,26.023899999999998
ENSG00000172264,ENSMUSG00000068205,72.86840000000001,27.13159999999999
ENSG00000166398,ENSMUSG00000066571,93.37965,6.620350000000002
ENSG00000163440,ENSMUSG00000029235,87.31845,12.681550000000001
ENSG00000132361,ENSMUSG00000020741,95.00215,4.99785
ENSG00000170873,ENSMUSG00000022353,96.56605,3.433949999999996
ENSG00000132613,ENSMUSG00000033763,92.93095,7.069050000000004
ENSG00000063127,ENSMUSG00000094152,46.2795,53.7205
ENSG00000101447,ENSMUSG00000027654,77.265,22.735
ENSG00000099999,ENSMUSG00000003581,90.21225000000001,9.787749999999988
ENSG00000144730,ENSMUSG00000040717,87.06845,12.931550000000001
ENSG00000167004,ENSMUSG00000027248,93.0693,6.930700000000002
ENSG00000171444,ENSMUSG00000071856,94.17009999999999,5.829900000000009
ENSG00000130307,ENSMUSG00000034911,59.45245,40.54755
ENSG00000164828,ENSMUSG00000036817,64.9154,35.084599999999995
ENSG00000171680,ENSMUSG00000039713,81.53805,18.46195
ENSG00000183317,ENSMUSG00000028876,59.62575,40.37425
ENSG00000117682,ENSMUSG00000012117,92.35405,7.645949999999999
ENSG00000105880,ENSMUSG00000029755,96.5398,3.4602000000000004
ENSG00000163874,ENSMUSG00000042677,82.51095000000001,17.48904999999999
ENSG00000014257,ENSMUSG00000032561,77.32570000000001,22.674299999999988
ENSG00000145649,ENSMUSG00000023132,68.5834,31.416600000000003
ENSG00000135045,ENSMUSG00000047044,55.88355,44.11645
ENSG00000243056,ENSMUSG00000090264,86.5693,13.430700000000002
ENSG00000114446,ENSMUSG00000032965,90.4429,9.557100000000005
ENSG00000107611,ENSMUSG00000026726,69.9144,30.0856
ENSG00000106341,ENSMUSG00000002930,78.99369999999999,21.00630000000001
ENSG00000100558,ENSMUSG00000021118,95.1841,4.815899999999999
ENSG00000108423,ENSMUSG00000020513,85.46295,14.537049999999994
ENSG00000198888,ENSMUSG00000064341,77.044,22.956000000000003
ENSG00000104164,ENSMUSG00000005804,86.6279,13.372100000000003
ENSG00000100362,ENSMUSG00000005716,87.2727,12.7273
ENSG00000066422,ENSMUSG00000022601,89.3012,10.698800000000006
ENSG00000108651,ENSMUSG00000035575,86.0972,13.9028
ENSG00000184012,ENSMUSG00000000385,78.20805,21.79195
ENSG00000076003,ENSMUSG00000026355,95.8587,4.141300000000001
ENSG00000100297,ENSMUSG00000005410,95.6403,4.359700000000004
ENSG00000112118,ENSMUSG00000041859,93.08695,6.913049999999998
ENSG00000166508,ENSMUSG00000029730,92.7677,7.232299999999995
ENSG00000175426,ENSMUSG00000021587,92.5631,7.436899999999994
ENSG00000196850,ENSMUSG00000038582,98.055,1.9449999999999932
ENSG00000104814,ENSMUSG00000037337,85.92345,14.076549999999997
ENSG00000169621,ENSMUSG00000030051,60.800650000000005,39.199349999999995
ENSG00000182831,ENSMUSG00000022507,98.5455,1.454499999999996
ENSG00000230707,ENSMUSG00000082226,78.6909,21.3091
ENSG00000186049,ENSMUSG00000063661,84.15209999999999,15.84790000000001
ENSG00000167670,ENSMUSG00000002835,66.13374999999999,33.86625000000001
ENSG00000232434,ENSMUSG00000029419,86.8719,13.128100000000003
ENSG00000113119,ENSMUSG00000006850,83.0801,16.9199
ENSG00000167785,ENSMUSG00000074500,79.6075,20.3925
ENSG00000198488,ENSMUSG00000074004,68.9088,31.0912
ENSG00000120254,ENSMUSG00000040675,88.49105,11.508949999999999
ENSG00000262919,ENSMUSG00000049489,88.75645,11.243549999999999
ENSG00000166595,ENSMUSG00000031879,97.546,2.4539999999999935
ENSG00000166797,ENSMUSG00000032381,95.0,5.0
ENSG00000133316,ENSMUSG00000042729,89.46695,10.533050000000003
ENSG00000174327,ENSMUSG00000044367,87.1199,12.880099999999999
ENSG00000138356,ENSMUSG00000063558,83.1901,16.8099
ENSG00000158125,ENSMUSG00000024066,89.20545,10.794550000000001
ENSG00000139445,ENSMUSG00000042002,80.92605,19.073949999999996
ENSG00000217555,ENSMUSG00000054400,57.8947,42.1053
ENSG00000165732,ENSMUSG00000020075,80.31045,19.689549999999997
ENSG00000100360,ENSMUSG00000016637,83.3333,16.666700000000006
ENSG00000122512,ENSMUSG00000079109,77.74575,22.25425
ENSG00000005339,ENSMUSG00000022521,95.88365,4.116349999999997
ENSG00000130038,ENSMUSG00000061414,80.71475,19.285250000000005
ENSG00000177685,ENSMUSG00000048200,76.16945,23.830550000000002
ENSG00000175879,ENSMUSG00000027102,89.46485,10.535150000000002
ENSG00000150676,ENSMUSG00000030617,63.339749999999995,36.660250000000005
ENSG00000189306,ENSMUSG00000018040,83.9286,16.071399999999997
ENSG00000250510,ENSMUSG00000038390,95.9184,4.081599999999995
ENSG00000158292,ENSMUSG00000042804,87.92115,12.078850000000003
ENSG00000090520,ENSMUSG00000004460,98.324,1.676000000000002
ENSG00000241468,ENSMUSG00000038690,78.10685,21.893150000000006
ENSG00000183508,ENSMUSG00000044468,95.9079,4.092100000000002
ENSG00000164270,ENSMUSG00000026322,88.00014999999999,11.99985000000001
ENSG00000108439,ENSMUSG00000018659,90.0383,9.961699999999993
ENSG00000124406,ENSMUSG00000037685,98.11,1.8900000000000006
ENSG00000114648,ENSMUSG00000054792,98.00704999999999,1.9929500000000075
ENSG00000156150,ENSMUSG00000014603,91.5452,8.454800000000006
ENSG00000138675,ENSMUSG00000029337,84.96725,15.032749999999993
ENSG00000130589,ENSMUSG00000027580,66.31360000000001,33.68639999999999
ENSG00000174132,ENSMUSG00000051185,68.4211,31.578900000000004
ENSG00000134594,ENSMUSG00000031104,98.3122,1.6877999999999957
ENSG00000143013,ENSMUSG00000028266,100.0,0.0
ENSG00000111142,ENSMUSG00000036112,94.9791,5.0208999999999975
ENSG00000125818,ENSMUSG00000032869,83.7638,16.236199999999997
ENSG00000151657,ENSMUSG00000037262,91.58225,8.417749999999998
ENSG00000132906,ENSMUSG00000028914,75.0858,24.914199999999994
ENSG00000111907,ENSMUSG00000000296,89.6015,10.398499999999999
ENSG00000123124,ENSMUSG00000041058,90.7613,9.238699999999994
ENSG00000095932,ENSMUSG00000078439,58.49355,41.50645
ENSG00000162366,ENSMUSG00000028716,67.1949,32.805099999999996
ENSG00000163053,ENSMUSG00000026220,87.2802,12.719800000000006
ENSG00000184979,ENSMUSG00000030107,70.5426,29.457400000000007
ENSG00000145491,ENSMUSG00000022236,76.39410000000001,23.60589999999999
ENSG00000134107,ENSMUSG00000030103,90.40110000000001,9.598899999999986
ENSG00000131196,ENSMUSG00000033016,83.95365,16.046350000000004
ENSG00000047346,ENSMUSG00000034858,74.14330000000001,25.85669999999999
ENSG00000066827,ENSMUSG00000022335,88.30695,11.69305
ENSG00000173011,ENSMUSG00000029196,99.2857,0.7142999999999944
ENSG00000171495,ENSMUSG00000022155,81.49095,18.509050000000002
ENSG00000024862,ENSMUSG00000059554,93.4783,6.521699999999996
ENSG00000160050,ENSMUSG00000028795,96.5,3.5
ENSG00000106113,ENSMUSG00000003476,84.6083,15.3917
ENSG00000176720,ENSMUSG00000026278,95.52995,4.4700500000000005
ENSG00000087088,ENSMUSG00000003873,92.1875,7.8125
ENSG00000143384,ENSMUSG00000038612,78.47515,21.52485
ENSG00000030110,ENSMUSG00000057789,77.14465,22.85535
ENSG00000066777,ENSMUSG00000067851,97.3749,2.6251000000000033
ENSG00000101000,ENSMUSG00000027611,66.25460000000001,33.74539999999999
ENSG00000154153,ENSMUSG00000022270,88.46074999999999,11.53925000000001
ENSG00000169427,ENSMUSG00000036760,69.42025000000001,30.57974999999999
ENSG00000183066,ENSMUSG00000022455,59.91655,40.08345
ENSG00000132471,ENSMUSG00000034341,96.9349,3.065100000000001
ENSG00000140525,ENSMUSG00000039187,80.51169999999999,19.48830000000001
ENSG00000188517,ENSMUSG00000058897,91.8258,8.174199999999999
ENSG00000113522,ENSMUSG00000020380,92.3018,7.6982
ENSG00000117410,ENSMUSG00000033379,96.0976,3.9024
ENSG00000122194,ENSMUSG00000059481,79.53155,20.468450000000004
ENSG00000198513,ENSMUSG00000021066,96.595,3.405000000000001
ENSG00000213625,ENSMUSG00000035212,94.6565,5.343500000000006
ENSG00000104660,ENSMUSG00000031513,98.4733,1.5267000000000053
ENSG00000125968,ENSMUSG00000042745,92.45859999999999,7.54140000000001
ENSG00000106397,ENSMUSG00000004846,91.27825,8.72175
ENSG00000083444,ENSMUSG00000019055,91.27154999999999,8.72845000000001
ENSG00000152952,ENSMUSG00000032374,90.6332,9.366799999999998
ENSG00000130309,ENSMUSG00000034807,91.6883,8.311700000000002
ENSG00000167123,ENSMUSG00000039787,83.4041,16.5959
ENSG00000198756,ENSMUSG00000032649,92.40615,7.593850000000003
ENSG00000154743,ENSMUSG00000042389,69.19120000000001,30.80879999999999
ENSG00000137460,ENSMUSG00000041842,72.60085,27.399150000000006
ENSG00000042088,ENSMUSG00000021177,81.34765,18.65235
ENSG00000213782,ENSMUSG00000030204,96.044,3.956000000000003
ENSG00000092470,ENSMUSG00000027242,71.6354,28.364599999999996
ENSG00000107593,ENSMUSG00000037578,84.67065,15.329350000000005
ENSG00000038274,ENSMUSG00000042032,94.3114,5.688599999999994
ENSG00000165304,ENSMUSG00000035683,83.6199,16.3801
ENSG00000204392,ENSMUSG00000007050,85.35155,14.648449999999997
ENSG00000124302,ENSMUSG00000060402,86.094,13.906000000000006
ENSG00000182795,ENSMUSG00000042510,62.47,37.53
ENSG00000183172,ENSMUSG00000022452,81.3084,18.691599999999994
ENSG00000171467,ENSMUSG00000015597,72.4598,27.5402
ENSG00000230667,ENSMUSG00000054766,89.8475,10.152500000000003
ENSG00000205038,ENSMUSG00000038725,81.8418,18.158199999999994
ENSG00000184371,ENSMUSG00000014599,70.16300000000001,29.83699999999999
ENSG00000110011,ENSMUSG00000024963,64.2454,35.754599999999996
ENSG00000175220,ENSMUSG00000027247,96.5831,3.4168999999999983
ENSG00000164400,ENSMUSG00000018916,54.7429,45.2571
ENSG00000163918,ENSMUSG00000022881,91.05935,8.940650000000005
ENSG00000130958,ENSMUSG00000033114,89.01395,10.986050000000006
ENSG00000092208,ENSMUSG00000060121,94.4238,5.5762
ENSG00000139083,ENSMUSG00000030199,86.33975000000001,13.66024999999999
ENSG00000139910,ENSMUSG00000021047,99.6055,0.39449999999999363
ENSG00000118322,ENSMUSG00000055415,83.34065000000001,16.65934999999999
ENSG00000049239,ENSMUSG00000028980,83.67099999999999,16.329000000000008
ENSG00000196083,ENSMUSG00000022514,89.1228,10.877200000000002
ENSG00000189108,ENSMUSG00000059203,94.4606,5.5394000000000005
ENSG00000169306,ENSMUSG00000052372,98.5632,1.4368000000000052
ENSG00000168522,ENSMUSG00000015994,92.32865000000001,7.67134999999999
ENSG00000109689,ENSMUSG00000039156,93.5657,6.434299999999993
ENSG00000167323,ENSMUSG00000030987,87.9693,12.030699999999996
ENSG00000115306,ENSMUSG00000020315,98.3288,1.671199999999999
ENSG00000169710,ENSMUSG00000025153,81.23644999999999,18.76355000000001
ENSG00000010932,ENSMUSG00000040181,83.2707,16.729299999999995
ENSG00000249693,ENSMUSG00000029248,55.4136,44.5864
ENSG00000105549,ENSMUSG00000020317,59.6834,40.3166
ENSG00000149452,ENSMUSG00000063796,77.85155,22.148449999999997
ENSG00000149262,ENSMUSG00000025133,96.83445,3.165549999999996
ENSG00000213760,ENSMUSG00000024403,94.9153,5.084699999999998
ENSG00000177830,ENSMUSG00000025512,89.8219,10.1781
ENSG00000134160,ENSMUSG00000030523,86.50485,13.495149999999995
ENSG00000197343,ENSMUSG00000007812,77.119,22.881
ENSG00000183763,ENSMUSG00000032586,79.2333,20.7667
ENSG00000179774,ENSMUSG00000036816,83.72925000000001,16.270749999999992
ENSG00000167281,ENSMUSG00000025576,94.992,5.007999999999996
ENSG00000132356,ENSMUSG00000050697,98.7478,1.252200000000002
ENSG00000100385,ENSMUSG00000068227,57.62165,42.37835
ENSG00000144668,ENSMUSG00000039115,89.522,10.477999999999994
ENSG00000138764,ENSMUSG00000029385,88.9535,11.046499999999995
ENSG00000167522,ENSMUSG00000035569,78.54325,21.45675
ENSG00000135775,ENSMUSG00000031979,85.36615,14.633849999999995
ENSG00000129749,ENSMUSG00000066279,91.6398,8.360200000000006
ENSG00000186732,ENSMUSG00000041708,98.1595,1.8405000000000058
ENSG00000066382,ENSMUSG00000016386,99.6599,0.34010000000000673
ENSG00000225190,ENSMUSG00000034247,83.01060000000001,16.98939999999999
ENSG00000132467,ENSMUSG00000070697,87.1405,12.859499999999997
ENSG00000076685,ENSMUSG00000025041,99.37565000000001,0.6243499999999926
ENSG00000254004,ENSMUSG00000049421,86.2059,13.7941
ENSG00000164485,ENSMUSG00000039760,62.348299999999995,37.651700000000005
ENSG00000135956,ENSMUSG00000034850,98.7395,1.2604999999999933
ENSG00000120217,ENSMUSG00000016496,69.3103,30.689700000000002
ENSG00000136630,ENSMUSG00000039377,87.56545,12.434550000000002
ENSG00000185610,ENSMUSG00000045608,67.2285,32.7715
ENSG00000109851,ENSMUSG00000030507,88.8029,11.197100000000006
ENSG00000167685,ENSMUSG00000044876,83.58975,16.410250000000005
ENSG00000123815,ENSMUSG00000003762,85.6171,14.382900000000006
ENSG00000101199,ENSMUSG00000027575,85.5824,14.417599999999993
ENSG00000171462,ENSMUSG00000047428,92.28775,7.712249999999997
ENSG00000141456,ENSMUSG00000018921,87.08475,12.91525
ENSG00000204843,ENSMUSG00000031865,96.99115,3.0088499999999954
ENSG00000145041,ENSMUSG00000040325,98.30735,1.6926500000000004
ENSG00000108312,ENSMUSG00000020923,97.9058,2.0942000000000007
ENSG00000165819,ENSMUSG00000022160,97.069,2.9309999999999974
ENSG00000107438,ENSMUSG00000055044,89.0252,10.974800000000002
ENSG00000198804,ENSMUSG00000064351,90.74985000000001,9.25014999999999
ENSG00000184160,ENSMUSG00000045318,93.48005,6.519949999999994
ENSG00000091073,ENSMUSG00000004947,85.2543,14.7457
ENSG00000130222,ENSMUSG00000021453,96.8553,3.1447000000000003
ENSG00000099860,ENSMUSG00000015312,93.125,6.875
ENSG00000116717,ENSMUSG00000036390,94.5455,5.454499999999996
ENSG00000120075,ENSMUSG00000038700,98.8848,1.1152000000000015
ENSG00000166573,ENSMUSG00000024553,91.82225,8.177750000000003
ENSG00000128310,ENSMUSG00000114755,90.24455,9.755449999999996
ENSG00000121764,ENSMUSG00000028778,92.75735,7.242649999999998
ENSG00000137252,ENSMUSG00000032360,94.4759,5.524100000000004
ENSG00000171160,ENSMUSG00000049670,97.9452,2.0548
ENSG00000115694,ENSMUSG00000026277,98.8263,1.1736999999999966
ENSG00000102572,ENSMUSG00000063410,95.1276,4.872399999999999
ENSG00000163673,ENSMUSG00000032500,74.4454,25.554599999999994
ENSG00000108309,ENSMUSG00000006575,96.4126,3.5874000000000024
ENSG00000169519,ENSMUSG00000057234,78.47489999999999,21.52510000000001
ENSG00000166225,ENSMUSG00000020170,95.8661,4.133899999999997
ENSG00000140009,ENSMUSG00000021055,85.7858,14.214200000000005
ENSG00000198431,ENSMUSG00000020250,80.9996,19.0004
ENSG00000140743,ENSMUSG00000030878,88.88900000000001,11.11099999999999
ENSG00000109089,ENSMUSG00000050910,93.3333,6.666700000000006
ENSG00000185000,ENSMUSG00000022555,85.40435,14.595650000000006
ENSG00000057252,ENSMUSG00000026600,86.24575,13.754249999999999
ENSG00000167780,ENSMUSG00000023045,81.75805,18.241950000000003
ENSG00000122435,ENSMUSG00000033439,84.8233,15.176699999999997
ENSG00000090686,ENSMUSG00000043411,94.6403,5.359700000000004
ENSG00000069188,ENSMUSG00000041592,94.6643,5.335700000000003
ENSG00000156194,ENSMUSG00000029410,82.64955,17.350449999999995
ENSG00000118690,ENSMUSG00000071324,73.44985,26.550150000000002
ENSG00000095002,ENSMUSG00000024151,92.4559,7.5441
ENSG00000164690,ENSMUSG00000002633,89.9472,10.052800000000005
ENSG00000091482,ENSMUSG00000041476,84.41845,15.581549999999993
ENSG00000018408,ENSMUSG00000027803,91.32435000000001,8.67564999999999
ENSG00000137693,ENSMUSG00000053110,90.14445,9.855549999999994
ENSG00000140022,ENSMUSG00000020961,86.57755,13.422449999999998
ENSG00000112406,ENSMUSG00000039879,95.49225,4.5077500000000015
ENSG00000253649,ENSMUSG00000052099,63.9025,36.0975
ENSG00000184647,ENSMUSG00000034623,56.58365,43.41635
ENSG00000165643,ENSMUSG00000059625,40.92675,59.07325
ENSG00000080166,ENSMUSG00000022129,83.20495,16.795050000000003
ENSG00000118873,ENSMUSG00000039318,88.9213,11.078699999999998
ENSG00000114021,ENSMUSG00000022751,89.4928,10.507199999999997
ENSG00000168936,ENSMUSG00000019295,89.2265,10.773499999999999
ENSG00000117500,ENSMUSG00000063406,89.9563,10.043700000000001
ENSG00000158604,ENSMUSG00000004394,94.7137,5.286299999999997
ENSG00000107614,ENSMUSG00000026723,78.4815,21.518500000000003
ENSG00000167548,ENSMUSG00000048154,88.57714999999999,11.422850000000011
ENSG00000136267,ENSMUSG00000036095,96.24775,3.7522500000000036
ENSG00000100479,ENSMUSG00000020974,90.1328,9.867199999999997
ENSG00000106077,ENSMUSG00000040532,69.8207,30.179299999999998
ENSG00000130203,ENSMUSG00000002985,71.3441,28.655900000000003
ENSG00000118137,ENSMUSG00000032083,65.5388,34.461200000000005
ENSG00000110244,ENSMUSG00000032080,59.6714,40.3286
ENSG00000110243,ENSMUSG00000032079,72.75255,27.24745
ENSG00000006712,ENSMUSG00000003437,98.50045,1.4995499999999993
ENSG00000183134,ENSMUSG00000034117,78.01415,21.98585
ENSG00000167476,ENSMUSG00000020216,53.69545,46.30455
ENSG00000130176,ENSMUSG00000001349,97.6431,2.356899999999996
ENSG00000104221,ENSMUSG00000031487,82.7176,17.282399999999996
ENSG00000164124,ENSMUSG00000027956,86.00450000000001,13.995499999999993
ENSG00000188467,ENSMUSG00000035183,84.71535,15.28465
ENSG00000074621,ENSMUSG00000034452,68.47444999999999,31.52555000000001
ENSG00000155886,ENSMUSG00000037996,84.5146,15.485399999999998
ENSG00000185052,ENSMUSG00000063873,96.509,3.4909999999999997
ENSG00000140090,ENSMUSG00000041771,93.8907,6.109300000000005
ENSG00000121900,ENSMUSG00000028786,75.28694999999999,24.71305000000001
ENSG00000157992,ENSMUSG00000029149,85.8333,14.166700000000006
ENSG00000154928,ENSMUSG00000032537,98.8821,1.117900000000006
ENSG00000008952,ENSMUSG00000027706,93.60114999999999,6.39885000000001
ENSG00000173928,ENSMUSG00000051238,63.43595,36.56405
ENSG00000069248,ENSMUSG00000039509,83.1675,16.832499999999996
ENSG00000088325,ENSMUSG00000027469,79.6248,20.375200000000007
ENSG00000124107,ENSMUSG00000017002,58.555949999999996,41.444050000000004
ENSG00000095777,ENSMUSG00000025716,81.5733,18.426699999999997
ENSG00000166887,ENSMUSG00000027291,96.6534,3.346599999999995
ENSG00000135966,ENSMUSG00000070939,89.3023,10.697699999999998
ENSG00000145220,ENSMUSG00000067367,74.32575,25.67425
ENSG00000198836,ENSMUSG00000038084,93.7436,6.256399999999999
ENSG00000136011,ENSMUSG00000035459,78.16065,21.839349999999996
ENSG00000111639,ENSMUSG00000030335,81.25,18.75
ENSG00000109445,ENSMUSG00000031711,95.91575,4.084249999999997
ENSG00000166451,ENSMUSG00000031756,73.0776,26.922399999999996
ENSG00000168461,ENSMUSG00000056515,94.359,5.641000000000005
ENSG00000185261,ENSMUSG00000071252,72.0064,27.9936
ENSG00000176853,ENSMUSG00000037119,95.04485,4.955150000000003
ENSG00000144671,ENSMUSG00000070280,57.4469,42.5531
ENSG00000172717,ENSMUSG00000056987,55.81615,44.18385
ENSG00000144120,ENSMUSG00000036975,78.4566,21.543400000000005
ENSG00000154917,ENSMUSG00000032549,100.0,0.0
ENSG00000163611,ENSMUSG00000043065,76.5021,23.4979
ENSG00000135999,ENSMUSG00000069495,96.96594999999999,3.0340500000000077
ENSG00000090006,ENSMUSG00000040488,84.92490000000001,15.075099999999992
ENSG00000065491,ENSMUSG00000042203,98.8119,1.1881000000000057
ENSG00000023171,ENSMUSG00000040111,96.8661,3.133899999999997
ENSG00000136897,ENSMUSG00000044018,77.6033,22.396699999999996
ENSG00000176142,ENSMUSG00000002845,95.27765,4.722350000000006
ENSG00000121775,ENSMUSG00000053730,96.1382,3.8618000000000023
ENSG00000184343,ENSMUSG00000002007,93.81655,6.1834499999999935
ENSG00000154678,ENSMUSG00000004347,82.3001,17.6999
ENSG00000130202,ENSMUSG00000062300,74.536,25.464
ENSG00000167969,ENSMUSG00000024132,72.11609999999999,27.88390000000001
ENSG00000106153,ENSMUSG00000070493,86.18795,13.81205
ENSG00000177202,ENSMUSG00000070563,65.34795,34.65205
ENSG00000115318,ENSMUSG00000000693,92.76715,7.232849999999999
ENSG00000151615,ENSMUSG00000031688,98.29325,1.7067499999999995
ENSG00000187837,ENSMUSG00000036181,88.47104999999999,11.528950000000009
ENSG00000023041,ENSMUSG00000024982,92.7361,7.263900000000007
ENSG00000165630,ENSMUSG00000039449,99.1228,0.877200000000002
ENSG00000154025,ENSMUSG00000042371,88.5906,11.409400000000005
ENSG00000132821,ENSMUSG00000037843,94.58355,5.4164499999999975
ENSG00000163263,ENSMUSG00000118506,74.2574,25.742599999999996
ENSG00000100626,ENSMUSG00000021130,96.0574,3.9425999999999988
ENSG00000089169,ENSMUSG00000029608,88.58975000000001,11.41024999999999
ENSG00000103021,ENSMUSG00000036598,77.9841,22.015900000000002
ENSG00000074181,ENSMUSG00000038146,91.01105000000001,8.988949999999988
ENSG00000127527,ENSMUSG00000006276,92.6805,7.319500000000005
ENSG00000284779,ENSMUSG00000115302,41.2868,58.7132
ENSG00000168286,ENSMUSG00000036442,93.71934999999999,6.2806500000000085
ENSG00000197768,ENSMUSG00000036770,64.17005,35.82995
ENSG00000165417,ENSMUSG00000020962,96.5524,3.4475999999999942
ENSG00000068078,ENSMUSG00000054252,88.93090000000001,11.069099999999992
ENSG00000168795,ENSMUSG00000049657,93.54374999999999,6.456250000000011
ENSG00000127884,ENSMUSG00000025465,87.5862,12.413799999999995
ENSG00000181035,ENSMUSG00000002346,92.1384,7.861599999999996
ENSG00000169031,ENSMUSG00000079465,78.826,21.174000000000007
ENSG00000105784,ENSMUSG00000040570,94.85225,5.147750000000002
ENSG00000105607,ENSMUSG00000003809,86.758,13.242000000000004
ENSG00000284479,ENSMUSG00000118272,92.8571,7.142899999999997
ENSG00000157445,ENSMUSG00000021991,98.0752,1.9248000000000047
ENSG00000130487,ENSMUSG00000091680,51.08725,48.91275
ENSG00000179528,ENSMUSG00000034968,77.35820000000001,22.64179999999999
ENSG00000167182,ENSMUSG00000018678,93.801,6.198999999999998
ENSG00000011021,ENSMUSG00000029016,96.5562,3.443799999999996
ENSG00000140564,ENSMUSG00000030530,93.88785,6.11215
ENSG00000157315,ENSMUSG00000031919,77.66215,22.337850000000003
ENSG00000185737,ENSMUSG00000041014,90.8578,9.142200000000003
ENSG00000091527,ENSMUSG00000032803,80.66635,19.333650000000006
ENSG00000160949,ENSMUSG00000059323,76.1059,23.894099999999995
ENSG00000176281,ENSMUSG00000049011,82.0433,17.956699999999998
ENSG00000233927,ENSMUSG00000067288,100.0,0.0
ENSG00000138166,ENSMUSG00000034765,93.4896,6.510400000000004
ENSG00000164304,ENSMUSG00000044566,56.63705,43.36295
ENSG00000134489,ENSMUSG00000037346,68.37395000000001,31.626049999999992
ENSG00000153291,ENSMUSG00000023912,95.194,4.805999999999997
ENSG00000143590,ENSMUSG00000028039,94.89949999999999,5.100500000000011
ENSG00000112799,ENSMUSG00000021423,66.6667,33.333299999999994
ENSG00000101654,ENSMUSG00000009535,75.8871,24.112899999999996
ENSG00000173065,ENSMUSG00000037750,97.331,2.668999999999997
ENSG00000139438,ENSMUSG00000041930,91.27085,8.729150000000004
ENSG00000111816,ENSMUSG00000019779,88.8931,11.106899999999996
ENSG00000087269,ENSMUSG00000036693,83.1686,16.831400000000002
ENSG00000134369,ENSMUSG00000009418,91.9507,8.049300000000002
ENSG00000027697,ENSMUSG00000020009,50.939499999999995,49.060500000000005
ENSG00000183386,ENSMUSG00000032643,95.98185000000001,4.0181499999999915
ENSG00000112214,ENSMUSG00000028259,85.2113,14.788700000000006
ENSG00000115641,ENSMUSG00000008136,92.1147,7.885300000000001
ENSG00000196305,ENSMUSG00000037851,90.6498,9.350200000000001
ENSG00000159423,ENSMUSG00000028737,91.91120000000001,8.088799999999992
ENSG00000132300,ENSMUSG00000063884,73.9453,26.054699999999997
ENSG00000184640,ENSMUSG00000059248,90.1631,9.8369
ENSG00000225556,ENSMUSG00000091648,80.42750000000001,19.57249999999999
ENSG00000182333,ENSMUSG00000024768,77.4286,22.571399999999997
ENSG00000196872,ENSMUSG00000026090,57.66225,42.33775
ENSG00000107281,ENSMUSG00000015094,73.31559999999999,26.68440000000001
ENSG00000143224,ENSMUSG00000062729,88.6792,11.320800000000006
ENSG00000107862,ENSMUSG00000025224,93.8995,6.100499999999997
ENSG00000110881,ENSMUSG00000023017,97.7233,2.2767000000000053
ENSG00000118046,ENSMUSG00000003068,90.21975,9.780249999999995
ENSG00000104883,ENSMUSG00000069633,77.5934,22.406599999999997
ENSG00000186976,ENSMUSG00000022441,65.36455,34.635450000000006
ENSG00000189420,ENSMUSG00000031374,57.22135,42.77865
ENSG00000198846,ENSMUSG00000041272,94.2966,5.703400000000002
ENSG00000102699,ENSMUSG00000054509,60.325050000000005,39.674949999999995
ENSG00000183779,ENSMUSG00000085795,95.10239999999999,4.897600000000011
ENSG00000165655,ENSMUSG00000039081,95.99584999999999,4.00415000000001
ENSG00000241484,ENSMUSG00000078954,79.96035,20.039649999999995
ENSG00000176399,ENSMUSG00000043753,68.02155,31.978449999999995
ENSG00000178343,ENSMUSG00000050010,92.437,7.563000000000002
ENSG00000165689,ENSMUSG00000026927,73.97755000000001,26.022449999999992
ENSG00000146094,ENSMUSG00000035711,78.0559,21.944100000000006
ENSG00000162419,ENSMUSG00000028901,95.11115000000001,4.888849999999991
ENSG00000101216,ENSMUSG00000038705,93.9623,6.037700000000001
ENSG00000253117,ENSMUSG00000015001,68.196,31.804000000000002
ENSG00000044524,ENSMUSG00000052504,96.49215000000001,3.5078499999999906
ENSG00000134291,ENSMUSG00000052369,77.2846,22.715400000000002
ENSG00000126822,ENSMUSG00000052609,76.9717,23.0283
ENSG00000181610,ENSMUSG00000023723,72.025,27.974999999999994
ENSG00000196455,ENSMUSG00000032571,95.8027,4.1972999999999985
ENSG00000198471,ENSMUSG00000047531,83.0374,16.962599999999995
ENSG00000171320,ENSMUSG00000022034,69.74415,30.255849999999995
ENSG00000172399,ENSMUSG00000028116,88.2576,11.742400000000004
ENSG00000177791,ENSMUSG00000068697,90.7586,9.241399999999999
ENSG00000164591,ENSMUSG00000049173,74.6077,25.392300000000006
ENSG00000197140,ENSMUSG00000037437,58.560249999999996,41.439750000000004
ENSG00000158748,ENSMUSG00000028747,87.9545,12.045500000000004
ENSG00000148680,ENSMUSG00000024798,87.8899,12.110100000000003
ENSG00000135312,ENSMUSG00000049511,92.52825,7.47175
ENSG00000179097,ENSMUSG00000050783,94.2623,5.737700000000004
ENSG00000157219,ENSMUSG00000039106,87.9552,12.044799999999995
ENSG00000116133,ENSMUSG00000034926,96.8992,3.1008000000000067
ENSG00000129521,ENSMUSG00000035105,96.6527,3.347300000000004
ENSG00000165113,ENSMUSG00000021552,87.9781,12.021900000000002
ENSG00000172071,ENSMUSG00000031668,87.444,12.555999999999997
ENSG00000196739,ENSMUSG00000045672,80.973,19.027
ENSG00000156042,ENSMUSG00000039543,80.81975,19.18025
ENSG00000092051,ENSMUSG00000022208,96.1783,3.821700000000007
ENSG00000123610,ENSMUSG00000053475,90.5809,9.4191
ENSG00000175183,ENSMUSG00000020186,99.4819,0.518100000000004
ENSG00000108424,ENSMUSG00000001440,99.2009,0.7990999999999957
ENSG00000175497,ENSMUSG00000036815,87.34389999999999,12.65610000000001
ENSG00000105467,ENSMUSG00000040231,72.8055,27.194500000000005
ENSG00000108639,ENSMUSG00000048277,88.8393,11.160700000000006
ENSG00000100321,ENSMUSG00000022415,94.21885,5.781149999999997
ENSG00000127561,ENSMUSG00000007021,93.8865,6.113500000000002
ENSG00000139344,ENSMUSG00000015890,89.2019,10.798100000000005
ENSG00000104643,ENSMUSG00000035078,94.88245,5.117549999999994
ENSG00000014641,ENSMUSG00000020321,96.4072,3.592799999999997
ENSG00000138400,ENSMUSG00000025963,69.17685,30.82315
ENSG00000197043,ENSMUSG00000018340,94.3536,5.6464
ENSG00000101003,ENSMUSG00000027454,93.3673,6.6327
ENSG00000112699,ENSMUSG00000038372,97.043,2.9569999999999936
ENSG00000021574,ENSMUSG00000024068,92.35795,7.642049999999998
ENSG00000141098,ENSMUSG00000013150,95.5844,4.415599999999998
ENSG00000082014,ENSMUSG00000028949,99.793,0.20699999999999363
ENSG00000167657,ENSMUSG00000034974,84.26089999999999,15.739100000000008
ENSG00000180549,ENSMUSG00000036587,74.72755000000001,25.272449999999992
ENSG00000144045,ENSMUSG00000009145,84.3206,15.679400000000001
ENSG00000163347,ENSMUSG00000022512,90.5213,9.478700000000003
ENSG00000086827,ENSMUSG00000032264,86.1361,13.863900000000001
ENSG00000185527,ENSMUSG00000025386,96.5517,3.4483000000000033
ENSG00000139053,ENSMUSG00000064330,91.5663,8.433700000000002
ENSG00000123136,ENSMUSG00000005481,97.1897,2.810299999999998
ENSG00000036549,ENSMUSG00000039068,87.03935,12.960650000000001
ENSG00000122432,ENSMUSG00000028188,70.81595,29.18405
ENSG00000106028,ENSMUSG00000029911,91.8919,8.108099999999993
ENSG00000100012,ENSMUSG00000054986,96.87905,3.1209499999999935
ENSG00000135069,ENSMUSG00000024640,92.4324,7.567599999999999
ENSG00000172482,ENSMUSG00000026272,74.74549999999999,25.254500000000007
ENSG00000163519,ENSMUSG00000030775,69.7056,30.294399999999996
ENSG00000102452,ENSMUSG00000000197,98.64824999999999,1.3517500000000098
ENSG00000223573,ENSMUSG00000110218,89.6552,10.344800000000006
ENSG00000120088,ENSMUSG00000018634,97.5904,2.4095999999999975
ENSG00000168158,ENSMUSG00000059043,82.0513,17.948700000000002
ENSG00000100926,ENSMUSG00000002320,97.5247,2.4753000000000043
ENSG00000168101,ENSMUSG00000022516,95.7346,4.2654
ENSG00000160223,ENSMUSG00000000732,43.9554,56.0446
ENSG00000112812,ENSMUSG00000006179,79.1808,20.819199999999995
ENSG00000167925,ENSMUSG00000017747,73.4466,26.553399999999996
ENSG00000179954,ENSMUSG00000035279,69.0752,30.924800000000005
ENSG00000099341,ENSMUSG00000030591,89.90205,10.097949999999997
ENSG00000152422,ENSMUSG00000021615,74.8595,25.140500000000003
ENSG00000058729,ENSMUSG00000116564,83.3502,16.6498
ENSG00000134917,ENSMUSG00000031994,80.60839999999999,19.39160000000001
ENSG00000109184,ENSMUSG00000051674,96.5753,3.4247000000000014
ENSG00000198695,ENSMUSG00000064368,52.60295,47.39705
ENSG00000100596,ENSMUSG00000021036,96.257,3.742999999999995
ENSG00000141298,ENSMUSG00000037926,82.6387,17.3613
ENSG00000241343,ENSMUSG00000049751,100.0,0.0
ENSG00000203877,ENSMUSG00000047897,63.2812,36.7188
ENSG00000139163,ENSMUSG00000030275,93.9394,6.060599999999994
ENSG00000143845,ENSMUSG00000070644,87.4191,12.5809
ENSG00000110721,ENSMUSG00000024843,86.3754,13.624600000000001
ENSG00000100288,ENSMUSG00000022617,85.9317,14.068299999999994
ENSG00000129682,ENSMUSG00000031137,99.5918,0.4081999999999937
ENSG00000105953,ENSMUSG00000020456,93.4397,6.560299999999998
ENSG00000197444,ENSMUSG00000021913,93.1683,6.831699999999998
ENSG00000181192,ENSMUSG00000025815,87.9349,12.065100000000001
ENSG00000173267,ENSMUSG00000023064,84.82175000000001,15.178249999999991
ENSG00000074317,ENSMUSG00000034891,97.37965,2.620350000000002
ENSG00000145335,ENSMUSG00000025889,95.0,5.0
ENSG00000085274,ENSMUSG00000037730,91.9672,8.032799999999995
ENSG00000106780,ENSMUSG00000039270,79.20155,20.798450000000003
ENSG00000172183,ENSMUSG00000039236,58.4641,41.5359
ENSG00000038532,ENSMUSG00000068663,90.28845000000001,9.711549999999988
ENSG00000269404,ENSMUSG00000008193,83.5613,16.438699999999997
ENSG00000127328,ENSMUSG00000064181,90.6522,9.347800000000007
ENSG00000183208,ENSMUSG00000050973,78.85875,21.14125
ENSG00000100413,ENSMUSG00000022476,98.0392,1.960800000000006
ENSG00000161267,ENSMUSG00000046598,85.7143,14.285700000000006
ENSG00000183688,ENSMUSG00000020846,68.86575,31.134249999999994
ENSG00000178882,ENSMUSG00000037962,71.9635,28.036500000000004
ENSG00000147548,ENSMUSG00000054823,91.50274999999999,8.497250000000008
ENSG00000106086,ENSMUSG00000005225,93.0636,6.936400000000006
ENSG00000164619,ENSMUSG00000031963,92.7007,7.299300000000002
ENSG00000122691,ENSMUSG00000035799,95.59745000000001,4.402549999999991
ENSG00000166634,ENSMUSG00000059956,72.1702,27.829800000000006
ENSG00000163209,ENSMUSG00000045539,51.606049999999996,48.393950000000004
ENSG00000136869,ENSMUSG00000039005,67.02545,32.974549999999994
ENSG00000172789,ENSMUSG00000022485,99.5496,0.4504000000000019
ENSG00000171806,ENSMUSG00000041396,70.31275,29.687250000000006
ENSG00000189159,ENSMUSG00000020737,90.2597,9.740300000000005
ENSG00000183395,ENSMUSG00000035383,86.6667,13.333299999999994
ENSG00000166501,ENSMUSG00000052889,98.8113,1.1886999999999972
ENSG00000129534,ENSMUSG00000047534,53.16815,46.83185
ENSG00000217128,ENSMUSG00000035992,91.37710000000001,8.622899999999987
ENSG00000052795,ENSMUSG00000061175,77.53985,22.46015
ENSG00000125851,ENSMUSG00000027419,96.7844,3.215599999999995
ENSG00000132932,ENSMUSG00000021983,93.0067,6.993300000000005
ENSG00000138068,ENSMUSG00000038045,84.8185,15.1815
ENSG00000112685,ENSMUSG00000021357,93.6147,6.385300000000001
ENSG00000187595,ENSMUSG00000014198,76.0157,23.984300000000005
ENSG00000105617,ENSMUSG00000078813,81.52645,18.473550000000003
ENSG00000184486,ENSMUSG00000095139,99.7753,0.22469999999999857
ENSG00000128191,ENSMUSG00000022718,95.3428,4.657200000000003
ENSG00000100312,ENSMUSG00000022622,66.298,33.702
ENSG00000154080,ENSMUSG00000047161,75.09225,24.907749999999993
ENSG00000133067,ENSMUSG00000042793,90.1758,9.824200000000005
ENSG00000002746,ENSMUSG00000021301,88.66045,11.339550000000003
ENSG00000176381,ENSMUSG00000055945,55.5038,44.4962
ENSG00000169635,ENSMUSG00000050240,88.33155,11.668450000000007
ENSG00000204267,ENSMUSG00000024339,76.2349,23.765100000000004
ENSG00000161203,ENSMUSG00000022841,100.0,0.0
ENSG00000187581,ENSMUSG00000025488,26.765900000000002,73.2341
ENSG00000176340,ENSMUSG00000035885,68.1159,31.884100000000004
ENSG00000105677,ENSMUSG00000006315,99.1071,0.8928999999999974
ENSG00000214290,ENSMUSG00000079559,69.44555,30.554450000000003
ENSG00000170540,ENSMUSG00000030654,96.5517,3.4483000000000033
ENSG00000122970,ENSMUSG00000029469,92.8994,7.1006
ENSG00000113504,ENSMUSG00000017756,91.0434,8.956599999999995
ENSG00000042317,ENSMUSG00000021007,67.58385000000001,32.41614999999999
ENSG00000198646,ENSMUSG00000038369,91.52969999999999,8.470300000000009
ENSG00000159596,ENSMUSG00000055900,68.2938,31.706199999999995
ENSG00000185909,ENSMUSG00000032609,97.7401,2.259900000000002
ENSG00000235387,ENSMUSG00000028475,65.3333,34.666700000000006
ENSG00000276023,ENSMUSG00000018648,93.9394,6.060599999999994
ENSG00000172731,ENSMUSG00000037151,89.6739,10.326099999999997
ENSG00000185905,ENSMUSG00000045165,71.7153,28.2847
ENSG00000170486,ENSMUSG00000056605,82.45054999999999,17.549450000000007
ENSG00000185585,ENSMUSG00000046618,81.50895,18.49105
ENSG00000141441,ENSMUSG00000042680,91.4384,8.561599999999999
ENSG00000157833,ENSMUSG00000044576,87.68635,12.313649999999996
ENSG00000130522,ENSMUSG00000071076,81.69225,18.30775
ENSG00000025708,ENSMUSG00000022615,80.38845,19.611549999999994
ENSG00000100100,ENSMUSG00000034614,78.55815,21.441850000000002
ENSG00000168610,ENSMUSG00000004040,99.8701,0.12990000000000634
ENSG00000138378,ENSMUSG00000062939,94.7861,5.213899999999995
ENSG00000115415,ENSMUSG00000026104,93.5291,6.4709
ENSG00000170581,ENSMUSG00000040033,66.5478,33.452200000000005
ENSG00000152457,ENSMUSG00000026648,79.03335,20.96665
ENSG00000163840,ENSMUSG00000049502,58.066199999999995,41.933800000000005
ENSG00000205090,ENSMUSG00000084845,97.6879,2.312100000000001
ENSG00000113494,ENSMUSG00000005268,68.46414999999999,31.53585000000001
ENSG00000089195,ENSMUSG00000037376,85.3119,14.688100000000006
ENSG00000175262,ENSMUSG00000070577,51.7365,48.2635
ENSG00000083067,ENSMUSG00000052387,97.10265,2.897350000000003
ENSG00000054148,ENSMUSG00000036504,83.5355,16.4645
ENSG00000198218,ENSMUSG00000006673,99.29175000000001,0.7082499999999925
ENSG00000167264,ENSMUSG00000031901,90.2637,9.7363
ENSG00000144283,ENSMUSG00000026991,96.55760000000001,3.442399999999992
ENSG00000143217,ENSMUSG00000006411,91.94535,8.054649999999995
ENSG00000102145,ENSMUSG00000031162,85.9564,14.043599999999998
ENSG00000214510,ENSMUSG00000073551,51.321600000000004,48.678399999999996
ENSG00000008256,ENSMUSG00000018001,98.9975,1.0024999999999977
ENSG00000187231,ENSMUSG00000042272,98.2759,1.724100000000007
ENSG00000112339,ENSMUSG00000019977,89.01925,10.98075
ENSG00000089163,ENSMUSG00000029524,83.5342,16.4658
ENSG00000147100,ENSMUSG00000033965,93.7298,6.270200000000003
ENSG00000197157,ENSMUSG00000001424,97.3626,2.6373999999999995
ENSG00000123983,ENSMUSG00000032883,92.9167,7.083299999999994
ENSG00000111679,ENSMUSG00000004266,93.95994999999999,6.040050000000008
ENSG00000164362,ENSMUSG00000021611,62.37925,37.62075
ENSG00000198707,ENSMUSG00000019971,87.4143,12.585700000000003
ENSG00000182492,ENSMUSG00000031375,95.79395,4.206050000000005
ENSG00000130812,ENSMUSG00000038742,74.8799,25.120099999999994
ENSG00000151849,ENSMUSG00000064128,73.2293,26.770700000000005
ENSG00000175216,ENSMUSG00000040549,94.9311,5.068899999999999
ENSG00000166507,ENSMUSG00000039308,96.7157,3.2843000000000018
ENSG00000232388,ENSMUSG00000074754,44.71225,55.28775
ENSG00000140521,ENSMUSG00000039176,87.30345,12.696550000000002
ENSG00000196132,ENSMUSG00000010505,89.12215,10.877849999999995
ENSG00000185198,ENSMUSG00000020323,68.90545,31.094549999999998
ENSG00000149100,ENSMUSG00000027170,99.4652,0.5348000000000042
ENSG00000115286,ENSMUSG00000020153,84.26395,15.736050000000006
ENSG00000070182,ENSMUSG00000021061,90.83099999999999,9.169000000000011
ENSG00000196793,ENSMUSG00000042097,66.93225000000001,33.06774999999999
ENSG00000184481,ENSMUSG00000042903,88.5149,11.485100000000003
ENSG00000187094,ENSMUSG00000032532,80.8696,19.130399999999995
ENSG00000142892,ENSMUSG00000039047,91.3924,8.607600000000005
ENSG00000143799,ENSMUSG00000026496,92.5049,7.495099999999994
ENSG00000101638,ENSMUSG00000025425,85.1064,14.893600000000006
ENSG00000111728,ENSMUSG00000030283,91.702,8.298000000000002
ENSG00000148488,ENSMUSG00000003418,82.6633,17.336699999999993
ENSG00000177511,ENSMUSG00000056812,97.8947,2.1052999999999997
ENSG00000113532,ENSMUSG00000040710,97.7716,2.2283999999999935
ENSG00000140557,ENSMUSG00000025789,97.8667,2.1333000000000055
ENSG00000077254,ENSMUSG00000025437,92.5276,7.472399999999993
ENSG00000152270,ENSMUSG00000030671,81.7758,18.224199999999996
ENSG00000134962,ENSMUSG00000029195,78.77335,21.226650000000006
ENSG00000248767,ENSMUSG00000094504,74.04825,25.951750000000004
ENSG00000264522,ENSMUSG00000038495,90.90934999999999,9.09065000000001
ENSG00000075340,ENSMUSG00000030000,92.62585,7.37415
ENSG00000196361,ENSMUSG00000003410,99.455,0.5450000000000017
ENSG00000162222,ENSMUSG00000071660,95.3216,4.678399999999996
ENSG00000172901,ENSMUSG00000024481,67.44069999999999,32.55930000000001
ENSG00000144596,ENSMUSG00000030098,87.7698,12.230199999999996
ENSG00000165078,ENSMUSG00000042501,84.343,15.656999999999996
ENSG00000119013,ENSMUSG00000026032,75.31395,24.686049999999994
ENSG00000095752,ENSMUSG00000004371,87.9397,12.060299999999998
ENSG00000241837,ENSMUSG00000022956,82.1596,17.840400000000002
ENSG00000090273,ENSMUSG00000028851,93.81620000000001,6.183799999999991
ENSG00000135837,ENSMUSG00000033671,80.426,19.573999999999998
ENSG00000126091,ENSMUSG00000028538,97.19645,2.8035500000000013
ENSG00000164091,ENSMUSG00000020257,100.0,0.0
ENSG00000197430,ENSMUSG00000050121,77.46865,22.531350000000003
ENSG00000249158,ENSMUSG00000102206,84.8868,15.113200000000006
ENSG00000171227,ENSMUSG00000050777,71.01769999999999,28.98230000000001
ENSG00000160199,ENSMUSG00000006705,96.1009,3.8991000000000042
ENSG00000019582,ENSMUSG00000024610,74.848,25.152
ENSG00000118492,ENSMUSG00000050994,74.7299,25.2701
ENSG00000115263,ENSMUSG00000000394,90.0,10.0
ENSG00000137154,ENSMUSG00000028495,100.0,0.0
ENSG00000147813,ENSMUSG00000022574,83.829,16.171000000000006
ENSG00000105835,ENSMUSG00000020572,95.723,4.277000000000001
ENSG00000181291,ENSMUSG00000020701,92.4581,7.541899999999998
ENSG00000000419,ENSMUSG00000078919,91.1538,8.846199999999996
ENSG00000120697,ENSMUSG00000036632,89.5062,10.493799999999993
ENSG00000173338,ENSMUSG00000024936,74.9993,25.000699999999995
ENSG00000175414,ENSMUSG00000025870,87.88534999999999,12.114650000000012
ENSG00000169228,ENSMUSG00000034789,98.5222,1.477800000000002
ENSG00000115902,ENSMUSG00000020142,89.8496,10.150400000000005
ENSG00000138376,ENSMUSG00000026196,70.4323,29.567700000000002
ENSG00000140553,ENSMUSG00000030533,94.0678,5.932199999999995
ENSG00000243710,ENSMUSG00000028730,87.55505,12.444950000000006
ENSG00000131044,ENSMUSG00000074673,84.2726,15.727400000000003
ENSG00000149292,ENSMUSG00000040219,75.08875,24.911249999999995
ENSG00000205133,ENSMUSG00000055963,88.3721,11.627899999999997
ENSG00000007372,ENSMUSG00000027168,98.3945,1.6055000000000064
ENSG00000099985,ENSMUSG00000058755,45.45765,54.54235
ENSG00000139266,ENSMUSG00000040502,95.38980000000001,4.610199999999992
ENSG00000126746,ENSMUSG00000038346,93.83,6.170000000000002
ENSG00000197912,ENSMUSG00000000738,87.57034999999999,12.42965000000001
ENSG00000146926,ENSMUSG00000038204,83.94,16.060000000000002
ENSG00000175877,ENSMUSG00000040576,58.22325,41.77675
ENSG00000120370,ENSMUSG00000040124,75.1697,24.830299999999994
ENSG00000131966,ENSMUSG00000021076,95.2038,4.796199999999999
ENSG00000080845,ENSMUSG00000061689,96.9758,3.0241999999999933
ENSG00000170892,ENSMUSG00000035585,87.22845,12.771550000000005
ENSG00000133997,ENSMUSG00000002679,95.1219,4.878100000000003
ENSG00000022840,ENSMUSG00000041740,92.328,7.671999999999997
ENSG00000185761,ENSMUSG00000043822,78.88725,21.112750000000005
ENSG00000140416,ENSMUSG00000032366,85.65195,14.34805
ENSG00000143549,ENSMUSG00000027940,98.9474,1.0525999999999982
ENSG00000198467,ENSMUSG00000028464,99.6479,0.352099999999993
ENSG00000167460,ENSMUSG00000031799,86.2903,13.709699999999998
ENSG00000149506,ENSMUSG00000024734,66.78184999999999,33.21815000000001
ENSG00000162814,ENSMUSG00000026611,74.36834999999999,25.631650000000008
ENSG00000171303,ENSMUSG00000049265,89.6951,10.304900000000004
ENSG00000198223,ENSMUSG00000059326,27.92525,72.07475
ENSG00000275074,ENSMUSG00000045211,81.4241,18.575900000000004
ENSG00000023909,ENSMUSG00000028124,96.3504,3.6496000000000066
ENSG00000141627,ENSMUSG00000035765,91.1687,8.831299999999999
ENSG00000267041,ENSMUSG00000068959,35.753,64.247
ENSG00000166130,ENSMUSG00000019975,22.7594,77.2406
ENSG00000107262,ENSMUSG00000028416,71.15735000000001,28.842649999999992
ENSG00000284797,ENSMUSG00000095026,34.4988,65.5012
ENSG00000103642,ENSMUSG00000032370,87.79715,12.202849999999998
ENSG00000140297,ENSMUSG00000032226,77.02865,22.97135
ENSG00000161671,ENSMUSG00000008140,83.40690000000001,16.593099999999993
ENSG00000165060,ENSMUSG00000059363,73.38505,26.614949999999993
ENSG00000107669,ENSMUSG00000030850,78.4796,21.520399999999995
ENSG00000278505,ENSMUSG00000051452,60.927899999999994,39.072100000000006
ENSG00000178149,ENSMUSG00000019039,77.15244999999999,22.847550000000012
ENSG00000113805,ENSMUSG00000030075,91.4397,8.560299999999998
ENSG00000188725,ENSMUSG00000071180,98.6487,1.3512999999999948
ENSG00000154122,ENSMUSG00000022265,98.374,1.6260000000000048
ENSG00000168002,ENSMUSG00000071662,100.0,0.0
ENSG00000143207,ENSMUSG00000040782,97.54115,2.458849999999998
ENSG00000068120,ENSMUSG00000001755,86.95655,13.043450000000007
ENSG00000159314,ENSMUSG00000034255,83.40100000000001,16.59899999999999
ENSG00000165322,ENSMUSG00000041225,91.1785,8.8215
ENSG00000075884,ENSMUSG00000049744,85.77744999999999,14.222550000000012
ENSG00000123329,ENSMUSG00000040345,72.19775,27.80225
ENSG00000178878,ENSMUSG00000090698,87.8557,12.144300000000001
ENSG00000221963,ENSMUSG00000033576,40.7915,59.2085
ENSG00000237441,ENSMUSG00000041354,89.9036,10.096400000000003
ENSG00000137804,ENSMUSG00000027306,62.9196,37.0804
ENSG00000105997,ENSMUSG00000079560,93.6795,6.320499999999996
ENSG00000178028,ENSMUSG00000009640,97.96805,2.031949999999995
ENSG00000145536,ENSMUSG00000049538,82.6656,17.334400000000002
ENSG00000146618,ENSMUSG00000046518,78.44595000000001,21.55404999999999
ENSG00000164039,ENSMUSG00000028167,90.6122,9.387799999999999
ENSG00000284723,ENSMUSG00000062037,58.6443,41.3557
ENSG00000167720,ENSMUSG00000001323,89.8382,10.1618
ENSG00000168785,ENSMUSG00000028152,100.0,0.0
ENSG00000068383,ENSMUSG00000025477,97.0874,2.9125999999999976
ENSG00000113722,ENSMUSG00000024619,84.8057,15.194299999999998
ENSG00000070610,ENSMUSG00000028467,87.15655,12.843450000000004
ENSG00000159352,ENSMUSG00000005625,96.1489,3.8511000000000024
ENSG00000122008,ENSMUSG00000021668,76.66345,23.336550000000003
ENSG00000168306,ENSMUSG00000021751,73.4214,26.578599999999994
ENSG00000197971,ENSMUSG00000041607,79.45525,20.544749999999993
ENSG00000118961,ENSMUSG00000037669,66.3596,33.6404
ENSG00000213024,ENSMUSG00000109511,79.77215,20.227850000000004
ENSG00000151694,ENSMUSG00000052593,91.94454999999999,8.055450000000008
ENSG00000183323,ENSMUSG00000048924,72.61,27.39
ENSG00000138814,ENSMUSG00000028161,99.6161,0.383899999999997
ENSG00000126453,ENSMUSG00000003190,83.57255,16.427449999999993
ENSG00000121380,ENSMUSG00000030200,68.09174999999999,31.90825000000001
ENSG00000164403,ENSMUSG00000018387,60.3166,39.6834
ENSG00000163159,ENSMUSG00000008958,96.45095,3.549049999999994
ENSG00000108679,ENSMUSG00000033880,68.16159999999999,31.838400000000007
ENSG00000187257,ENSMUSG00000039968,82.44205,17.557950000000005
ENSG00000081019,ENSMUSG00000044098,94.5541,5.445899999999995
ENSG00000133812,ENSMUSG00000038371,93.93945,6.060550000000006
ENSG00000100605,ENSMUSG00000057963,93.4007,6.5992999999999995
ENSG00000135119,ENSMUSG00000032850,92.1353,7.864699999999999
ENSG00000155330,ENSMUSG00000036934,98.7013,1.2986999999999966
ENSG00000143341,ENSMUSG00000066842,87.31915000000001,12.680849999999992
ENSG00000116670,ENSMUSG00000029003,98.5782,1.4218000000000046
ENSG00000164109,ENSMUSG00000029910,94.1463,5.8537000000000035
ENSG00000165392,ENSMUSG00000031583,70.39320000000001,29.606799999999993
ENSG00000108666,ENSMUSG00000057181,89.48165,10.518349999999998
ENSG00000143320,ENSMUSG00000004885,93.4783,6.521699999999996
ENSG00000125356,ENSMUSG00000016427,82.8571,17.142899999999997
ENSG00000169251,ENSMUSG00000027787,94.831,5.168999999999997
ENSG00000122707,ENSMUSG00000028476,93.5118,6.488200000000006
ENSG00000189337,ENSMUSG00000040606,94.08045,5.919550000000001
ENSG00000111266,ENSMUSG00000030203,91.02015,8.979849999999999
ENSG00000119396,ENSMUSG00000026878,100.0,0.0
ENSG00000184922,ENSMUSG00000055805,88.1818,11.818200000000004
ENSG00000137265,ENSMUSG00000021356,92.34195,7.658050000000003
ENSG00000118971,ENSMUSG00000000184,92.0415,7.958500000000001
ENSG00000121931,ENSMUSG00000056260,69.55969999999999,30.440300000000008
ENSG00000171094,ENSMUSG00000055471,87.1336,12.866399999999999
ENSG00000159658,ENSMUSG00000034210,76.8425,23.1575
ENSG00000153012,ENSMUSG00000039252,97.88485,2.11515
ENSG00000136213,ENSMUSG00000036599,83.3163,16.6837
ENSG00000169490,ENSMUSG00000031556,90.39859999999999,9.601400000000012
ENSG00000172020,ENSMUSG00000047261,79.1841,20.8159
ENSG00000132549,ENSMUSG00000037646,87.5094,12.4906
ENSG00000198598,ENSMUSG00000029436,83.6954,16.304599999999994
ENSG00000108176,ENSMUSG00000036764,77.2727,22.7273
ENSG00000135414,ENSMUSG00000025352,99.2617,0.7382999999999953
ENSG00000130826,ENSMUSG00000031403,90.52025,9.479749999999996
ENSG00000162849,ENSMUSG00000026494,88.1991,11.800899999999999
ENSG00000175467,ENSMUSG00000039148,95.02000000000001,4.97999999999999
ENSG00000197943,ENSMUSG00000034330,94.1502,5.849800000000002
ENSG00000172824,ENSMUSG00000060560,70.6408,29.3592
ENSG00000103355,ENSMUSG00000049620,80.07415,19.925849999999997
ENSG00000109475,ENSMUSG00000062006,99.1453,0.854699999999994
ENSG00000135709,ENSMUSG00000031824,89.2442,10.755799999999994
ENSG00000100055,ENSMUSG00000018008,91.99510000000001,8.004899999999992
ENSG00000162415,ENSMUSG00000033948,95.82825,4.171750000000003
ENSG00000010072,ENSMUSG00000031986,70.99855,29.001450000000006
ENSG00000123454,ENSMUSG00000000889,79.58165,20.418350000000004
ENSG00000079931,ENSMUSG00000020000,84.8287,15.171300000000002
ENSG00000131724,ENSMUSG00000017057,74.97155000000001,25.028449999999992
ENSG00000171766,ENSMUSG00000027199,95.7447,4.255300000000005
ENSG00000259494,ENSMUSG00000030612,80.07525000000001,19.92474999999999
ENSG00000161944,ENSMUSG00000040963,65.2433,34.756699999999995
ENSG00000268182,ENSMUSG00000093536,86.47954999999999,13.520450000000011
ENSG00000007384,ENSMUSG00000020282,95.49975,4.500249999999994
ENSG00000116604,ENSMUSG00000001419,88.23695000000001,11.763049999999993
ENSG00000142677,ENSMUSG00000037157,72.3836,27.6164
ENSG00000146828,ENSMUSG00000037344,93.2166,6.7834
ENSG00000163322,ENSMUSG00000035234,72.30435,27.69565
ENSG00000165660,ENSMUSG00000030965,92.5017,7.4983
ENSG00000165916,ENSMUSG00000002102,98.97954999999999,1.020450000000011
ENSG00000100764,ENSMUSG00000021178,100.0,0.0
ENSG00000013275,ENSMUSG00000030603,99.7608,0.23919999999999675
ENSG00000100519,ENSMUSG00000021832,100.0,0.0
ENSG00000161057,ENSMUSG00000028932,99.7691,0.23090000000000543
ENSG00000087191,ENSMUSG00000020708,100.0,0.0
ENSG00000166006,ENSMUSG00000035681,97.18844999999999,2.811550000000011
ENSG00000154265,ENSMUSG00000018800,90.0731,9.926900000000003
ENSG00000265203,ENSMUSG00000041534,84.80685,15.193150000000003
ENSG00000158467,ENSMUSG00000029772,99.0199,0.9800999999999931
ENSG00000168710,ENSMUSG00000027893,100.0,0.0
ENSG00000204977,ENSMUSG00000035235,88.9435,11.0565
ENSG00000187066,ENSMUSG00000047733,71.5517,28.448300000000003
ENSG00000203872,ENSMUSG00000071015,73.0595,26.9405
ENSG00000087494,ENSMUSG00000048776,85.79820000000001,14.201799999999992
ENSG00000115935,ENSMUSG00000075284,89.36645,10.63355
ENSG00000075089,ENSMUSG00000019948,98.4848,1.515199999999993
ENSG00000099954,ENSMUSG00000071226,81.79755,18.20245
ENSG00000149735,ENSMUSG00000024784,83.26975,16.730249999999998
ENSG00000170017,ENSMUSG00000022636,92.9674,7.032600000000002
ENSG00000227729,ENSMUSG00000091402,75.4435,24.5565
ENSG00000198570,ENSMUSG00000049353,85.641,14.358999999999995
ENSG00000106351,ENSMUSG00000029722,81.16045,18.839550000000003
ENSG00000082482,ENSMUSG00000037624,96.2441,3.755899999999997
ENSG00000155087,ENSMUSG00000061923,90.7645,9.235500000000002
ENSG00000175664,ENSMUSG00000029660,58.46995,41.53005
ENSG00000117281,ENSMUSG00000038304,65.58160000000001,34.41839999999999
ENSG00000067182,ENSMUSG00000030341,63.1464,36.8536
ENSG00000112851,ENSMUSG00000021709,87.6465,12.353499999999997
ENSG00000107362,ENSMUSG00000047368,99.6528,0.34720000000000084
ENSG00000101367,ENSMUSG00000027479,97.0149,2.9851000000000028
ENSG00000084764,ENSMUSG00000029166,99.2883,0.7116999999999933
ENSG00000166974,ENSMUSG00000024277,97.0906,2.909400000000005
ENSG00000134042,ENSMUSG00000064036,74.09025,25.909750000000003
ENSG00000160087,ENSMUSG00000023286,94.2085,5.791499999999999
ENSG00000162664,ENSMUSG00000029290,86.0588,13.941199999999995
ENSG00000011243,ENSMUSG00000002625,92.4645,7.535499999999999
ENSG00000105127,ENSMUSG00000024045,79.769,20.230999999999995
ENSG00000183770,ENSMUSG00000050397,96.13865,3.8613500000000016
ENSG00000135127,ENSMUSG00000041609,90.60634999999999,9.393650000000008
ENSG00000156171,ENSMUSG00000027900,85.929,14.070999999999998
ENSG00000136048,ENSMUSG00000020057,94.5378,5.462199999999996
ENSG00000180061,ENSMUSG00000046456,70.49625,29.503749999999997
ENSG00000168890,ENSMUSG00000055912,91.5129,8.487099999999998
ENSG00000249242,ENSMUSG00000050640,95.9839,4.0160999999999945
ENSG00000101639,ENSMUSG00000024542,65.41415,34.58584999999999
ENSG00000129451,ENSMUSG00000030693,66.78790000000001,33.21209999999999
ENSG00000161813,ENSMUSG00000023025,84.1313,15.868700000000004
ENSG00000165899,ENSMUSG00000091455,86.92060000000001,13.079399999999993
ENSG00000144407,ENSMUSG00000025946,83.21279999999999,16.787200000000013
ENSG00000254245,ENSMUSG00000104346,85.05414999999999,14.945850000000007
ENSG00000100568,ENSMUSG00000021124,92.6724,7.327600000000004
ENSG00000151532,ENSMUSG00000024983,93.4476,6.552400000000006
ENSG00000108433,ENSMUSG00000020946,88.2076,11.7924
ENSG00000127084,ENSMUSG00000037946,74.62504999999999,25.374950000000013
ENSG00000105879,ENSMUSG00000020659,97.3523,2.6477000000000004
ENSG00000074527,ENSMUSG00000020019,89.8089,10.191100000000006
ENSG00000088356,ENSMUSG00000027472,91.7293,8.270700000000005
ENSG00000114098,ENSMUSG00000032468,98.8113,1.1886999999999972
ENSG00000153162,ENSMUSG00000039004,90.71435,9.285650000000004
ENSG00000167112,ENSMUSG00000039826,80.9668,19.033199999999994
ENSG00000173905,ENSMUSG00000034109,82.67595,17.32405
ENSG00000167461,ENSMUSG00000003037,97.1014,2.898600000000002
ENSG00000165915,ENSMUSG00000002105,89.36095,10.639049999999997
ENSG00000183337,ENSMUSG00000040363,88.84475,11.155249999999995
ENSG00000085185,ENSMUSG00000036959,90.80215,9.197850000000003
ENSG00000131620,ENSMUSG00000031075,91.66704999999999,8.332950000000011
ENSG00000106536,ENSMUSG00000009734,93.23490000000001,6.76509999999999
ENSG00000143970,ENSMUSG00000037486,79.40095,20.599050000000005
ENSG00000141431,ENSMUSG00000045215,81.94380000000001,18.05619999999999
ENSG00000171456,ENSMUSG00000042548,74.1138,25.886200000000002
ENSG00000204179,ENSMUSG00000021940,64.0694,35.9306
ENSG00000138119,ENSMUSG00000048612,93.9835,6.0164999999999935
ENSG00000125903,ENSMUSG00000074681,40.78445,59.21555
ENSG00000180318,ENSMUSG00000036602,97.2393,2.7607
ENSG00000137700,ENSMUSG00000032114,92.7739,7.226100000000002
ENSG00000164638,ENSMUSG00000050822,86.7678,13.232200000000006
ENSG00000198246,ENSMUSG00000020100,74.1053,25.8947
ENSG00000112759,ENSMUSG00000023942,79.47749999999999,20.522500000000008
ENSG00000174669,ENSMUSG00000024891,88.8158,11.184200000000004
ENSG00000132773,ENSMUSG00000028688,81.68469999999999,18.315300000000008
ENSG00000146453,ENSMUSG00000073460,85.4991,14.500900000000001
ENSG00000140694,ENSMUSG00000022685,87.42325,12.576750000000004
ENSG00000163848,ENSMUSG00000022811,97.6071,2.3928999999999974
ENSG00000187546,ENSMUSG00000050103,83.18430000000001,16.815699999999993
ENSG00000138678,ENSMUSG00000029314,93.80930000000001,6.1906999999999925
ENSG00000158669,ENSMUSG00000031545,97.5877,2.412300000000002
ENSG00000153395,ENSMUSG00000021608,88.3895,11.610500000000002
ENSG00000176454,ENSMUSG00000027134,93.3206,6.679400000000001
ENSG00000087253,ENSMUSG00000033192,88.4191,11.5809
ENSG00000128607,ENSMUSG00000029775,96.93639999999999,3.063600000000008
ENSG00000117394,ENSMUSG00000028645,97.1545,2.8455000000000013
ENSG00000258227,ENSMUSG00000029915,71.43055,28.569450000000003
ENSG00000170054,ENSMUSG00000058260,65.3893,34.610699999999994
ENSG00000115350,ENSMUSG00000030042,92.37950000000001,7.620499999999993
ENSG00000129646,ENSMUSG00000070331,45.59325,54.40675
ENSG00000173404,ENSMUSG00000068154,92.15405,7.845950000000002
ENSG00000122882,ENSMUSG00000021810,78.444,21.555999999999997
ENSG00000198176,ENSMUSG00000038482,94.8781,5.121899999999997
ENSG00000140265,ENSMUSG00000050619,80.19375,19.806250000000006
ENSG00000167656,ENSMUSG00000034634,59.60875,40.39125
ENSG00000137225,ENSMUSG00000058626,72.69875,27.301249999999996
ENSG00000047621,ENSMUSG00000030347,94.2029,5.7971
ENSG00000139985,ENSMUSG00000008438,67.679,32.321
ENSG00000165434,ENSMUSG00000030729,93.32265000000001,6.67734999999999
ENSG00000068903,ENSMUSG00000015149,87.6607,12.339299999999994
ENSG00000166068,ENSMUSG00000027351,93.2432,6.756799999999998
ENSG00000100151,ENSMUSG00000068206,96.26965,3.7303500000000014
ENSG00000164144,ENSMUSG00000074513,92.4933,7.506699999999995
ENSG00000132254,ENSMUSG00000030881,99.1202,0.879800000000003
ENSG00000105186,ENSMUSG00000034867,81.79225,18.207750000000004
ENSG00000182636,ENSMUSG00000033585,82.6657,17.3343
ENSG00000047249,ENSMUSG00000033793,96.87039999999999,3.1296000000000106
ENSG00000169314,ENSMUSG00000050157,56.192949999999996,43.807050000000004
ENSG00000197892,ENSMUSG00000060012,88.0508,11.949200000000005
ENSG00000160789,ENSMUSG00000028063,96.61404999999999,3.3859500000000082
ENSG00000119523,ENSMUSG00000039740,80.62585,19.37415
ENSG00000157703,ENSMUSG00000029830,91.68395000000001,8.31604999999999
ENSG00000157103,ENSMUSG00000030310,97.9967,2.003299999999996
ENSG00000187650,ENSMUSG00000054723,75.23465,24.765349999999998
ENSG00000103351,ENSMUSG00000014232,89.8305,10.1695
ENSG00000196700,ENSMUSG00000000823,86.67009999999999,13.32990000000001
ENSG00000186193,ENSMUSG00000026955,70.7473,29.252700000000004
ENSG00000186871,ENSMUSG00000051220,73.17384999999999,26.826150000000013
ENSG00000117650,ENSMUSG00000026622,87.83825,12.161749999999998
ENSG00000122859,ENSMUSG00000044312,76.1682,23.8318
ENSG00000161798,ENSMUSG00000044217,90.566,9.433999999999997
ENSG00000118094,ENSMUSG00000032098,81.79765,18.202349999999996
ENSG00000121898,ENSMUSG00000030862,88.68665,11.31335
ENSG00000085449,ENSMUSG00000073643,97.8049,2.1950999999999965
ENSG00000132122,ENSMUSG00000034401,90.5738,9.426199999999994
ENSG00000106686,ENSMUSG00000064202,61.0419,38.9581
ENSG00000107175,ENSMUSG00000028466,66.40755,33.59245
ENSG00000120438,ENSMUSG00000068039,96.4029,3.5970999999999975
ENSG00000134575,ENSMUSG00000002103,89.3617,10.638300000000001
ENSG00000173409,ENSMUSG00000031982,79.70895,20.29105
ENSG00000151445,ENSMUSG00000021038,94.9191,5.0809
ENSG00000089486,ENSMUSG00000004071,94.2308,5.769199999999998
ENSG00000173482,ENSMUSG00000033278,96.5823,3.4176999999999964
ENSG00000132952,ENSMUSG00000041264,60.3394,39.6606
ENSG00000197530,ENSMUSG00000029060,90.96805,9.031949999999995
ENSG00000103978,ENSMUSG00000033808,92.28125,7.71875
ENSG00000169758,ENSMUSG00000032313,87.48215,12.517849999999996
ENSG00000173531,ENSMUSG00000032591,79.90090000000001,20.099099999999993
ENSG00000106355,ENSMUSG00000091625,100.0,0.0
ENSG00000141424,ENSMUSG00000024270,86.71430000000001,13.285699999999991
ENSG00000118785,ENSMUSG00000029304,65.08795,34.912049999999994
ENSG00000145826,ENSMUSG00000021539,82.7815,17.218500000000006
ENSG00000160221,ENSMUSG00000053329,89.8889,10.111099999999993
ENSG00000102678,ENSMUSG00000021974,99.5192,0.4808000000000021
ENSG00000100196,ENSMUSG00000010830,92.5234,7.476600000000005
ENSG00000136240,ENSMUSG00000079111,98.5849,1.4150999999999954
ENSG00000105438,ENSMUSG00000002778,99.5283,0.47169999999999845
ENSG00000130475,ENSMUSG00000070000,86.8403,13.1597
ENSG00000071462,ENSMUSG00000005378,79.3594,20.640600000000006
ENSG00000101624,ENSMUSG00000073542,97.7238,2.276200000000003
ENSG00000155085,ENSMUSG00000091415,71.80170000000001,28.19829999999999
ENSG00000214336,ENSMUSG00000055874,73.61205000000001,26.38794999999999
ENSG00000154133,ENSMUSG00000032125,77.43545,22.564549999999997
ENSG00000139574,ENSMUSG00000023052,60.7941,39.2059
ENSG00000114902,ENSMUSG00000021917,58.706500000000005,41.293499999999995
ENSG00000064042,ENSMUSG00000037736,71.20425,28.795749999999998
ENSG00000136153,ENSMUSG00000033060,79.17439999999999,20.82560000000001
ENSG00000102030,ENSMUSG00000031388,96.1702,3.829800000000006
ENSG00000105329,ENSMUSG00000002603,90.0,10.0
ENSG00000185437,ENSMUSG00000040666,49.64465,50.35535
ENSG00000070882,ENSMUSG00000029822,91.48339999999999,8.516600000000011
ENSG00000105401,ENSMUSG00000019471,95.11245,4.8875500000000045
ENSG00000106993,ENSMUSG00000024780,88.98885,11.01115
ENSG00000085662,ENSMUSG00000001642,85.443,14.557000000000002
ENSG00000165568,ENSMUSG00000045410,72.53165,27.46835
ENSG00000004059,ENSMUSG00000020440,100.0,0.0
ENSG00000206190,ENSMUSG00000025324,80.74565000000001,19.254349999999988
ENSG00000019144,ENSMUSG00000048537,91.85015,8.14985
ENSG00000122547,ENSMUSG00000036611,90.6854,9.314599999999999
ENSG00000118985,ENSMUSG00000001542,90.38315,9.61685
ENSG00000121671,ENSMUSG00000068742,94.51485,5.485150000000004
ENSG00000106236,ENSMUSG00000059991,96.51214999999999,3.4878500000000088
ENSG00000171246,ENSMUSG00000025582,96.2963,3.7036999999999978
ENSG00000073169,ENSMUSG00000035757,81.1379,18.862099999999998
ENSG00000146858,ENSMUSG00000047749,74.16445,25.835549999999998
ENSG00000134243,ENSMUSG00000068747,90.82245,9.177549999999997
ENSG00000137642,ENSMUSG00000049313,93.20385,6.796149999999997
ENSG00000184985,ENSMUSG00000029093,86.0224,13.977599999999995
ENSG00000156395,ENSMUSG00000063434,92.50319999999999,7.4968000000000075
ENSG00000108018,ENSMUSG00000043531,90.00935,9.990650000000002
ENSG00000112238,ENSMUSG00000040478,80.71324999999999,19.286750000000012
ENSG00000276293,ENSMUSG00000018547,99.0385,0.9615000000000009
ENSG00000174130,ENSMUSG00000051498,73.91579999999999,26.08420000000001
ENSG00000149196,ENSMUSG00000062797,96.9543,3.0456999999999965
ENSG00000111602,ENSMUSG00000039994,83.99345,16.006550000000004
ENSG00000139651,ENSMUSG00000046897,81.56819999999999,18.43180000000001
ENSG00000174358,ENSMUSG00000021565,86.7508,13.249200000000002
ENSG00000178252,ENSMUSG00000066357,86.64320000000001,13.356799999999993
ENSG00000164463,ENSMUSG00000048249,93.667,6.332999999999998
ENSG00000151465,ENSMUSG00000039128,92.2619,7.738100000000003
ENSG00000167967,ENSMUSG00000024137,87.7396,12.260400000000004
ENSG00000146143,ENSMUSG00000026134,89.745,10.254999999999995
ENSG00000123643,ENSMUSG00000020261,86.01485,13.985150000000004
ENSG00000204897,ENSMUSG00000035831,91.5197,8.4803
ENSG00000122482,ENSMUSG00000049606,84.90585,15.094149999999999
ENSG00000080200,ENSMUSG00000022723,62.51325,37.48675
ENSG00000150551,ENSMUSG00000026344,93.617,6.382999999999996
ENSG00000134215,ENSMUSG00000033721,95.3955,4.604500000000002
ENSG00000146802,ENSMUSG00000029569,95.4089,4.591099999999997
ENSG00000112530,ENSMUSG00000037196,89.24875,10.751249999999999
ENSG00000231852,ENSMUSG00000024365,71.28784999999999,28.71215000000001
ENSG00000100601,ENSMUSG00000079036,82.7764,17.223600000000005
ENSG00000215262,ENSMUSG00000031576,64.0626,35.9374
ENSG00000175745,ENSMUSG00000069171,99.17089999999999,0.829100000000011
ENSG00000143499,ENSMUSG00000026603,93.3025,6.697500000000005
ENSG00000145287,ENSMUSG00000029322,82.83385,17.166150000000002
ENSG00000198919,ENSMUSG00000064061,83.41645,16.583550000000002
ENSG00000180483,ENSMUSG00000050645,64.67295,35.32705
ENSG00000159216,ENSMUSG00000022952,94.83869999999999,5.161300000000011
ENSG00000012061,ENSMUSG00000003549,86.05065,13.949349999999995
ENSG00000173276,ENSMUSG00000046962,85.38475,14.615250000000003
ENSG00000066117,ENSMUSG00000023018,99.4175,0.582499999999996
ENSG00000141738,ENSMUSG00000019312,90.3475,9.652500000000003
ENSG00000111404,ENSMUSG00000092164,85.7843,14.215699999999998
ENSG00000137413,ENSMUSG00000023980,94.82300000000001,5.1769999999999925
ENSG00000164104,ENSMUSG00000054717,96.89795000000001,3.1020499999999913
ENSG00000111696,ENSMUSG00000054027,91.7736,8.226399999999998
ENSG00000110900,ENSMUSG00000030351,87.3518,12.648200000000003
ENSG00000109572,ENSMUSG00000004319,94.73255,5.267449999999997
ENSG00000171365,ENSMUSG00000004317,97.1814,2.8186000000000035
ENSG00000137965,ENSMUSG00000028037,55.00085,44.99915
ENSG00000113492,ENSMUSG00000089678,84.7128,15.287199999999999
ENSG00000077009,ENSMUSG00000004939,78.65105,21.348950000000002
ENSG00000177888,ENSMUSG00000033964,93.781,6.218999999999994
ENSG00000147119,ENSMUSG00000037347,87.62925,12.370750000000001
ENSG00000148154,ENSMUSG00000028381,98.2234,1.776600000000002
ENSG00000254858,ENSMUSG00000035559,76.86410000000001,23.135899999999992
ENSG00000039600,ENSMUSG00000040489,77.55215000000001,22.44784999999999
ENSG00000166902,ENSMUSG00000024683,84.4622,15.537800000000004
ENSG00000010310,ENSMUSG00000030406,79.269,20.730999999999995
ENSG00000082175,ENSMUSG00000031870,80.4745,19.525499999999994
ENSG00000187855,ENSMUSG00000085111,66.34365,33.65635
ENSG00000101306,ENSMUSG00000027470,81.73660000000001,18.26339999999999
ENSG00000145451,ENSMUSG00000038257,98.9224,1.0776000000000039
ENSG00000010322,ENSMUSG00000021910,86.54225,13.457750000000004
ENSG00000176919,ENSMUSG00000015083,73.7624,26.2376
ENSG00000111912,ENSMUSG00000039697,82.01589999999999,17.984100000000012
ENSG00000211746,ENSMUSG00000076475,65.81200000000001,34.18799999999999
ENSG00000128944,ENSMUSG00000027331,68.15559999999999,31.844400000000007
ENSG00000126016,ENSMUSG00000041688,85.6418,14.358199999999997
ENSG00000196711,ENSMUSG00000087247,72.66065,27.339349999999996
ENSG00000176092,ENSMUSG00000012123,63.82455,36.17545
ENSG00000175471,ENSMUSG00000021596,89.6954,10.304599999999994
ENSG00000159200,ENSMUSG00000022951,78.01225,21.987750000000005
ENSG00000196781,ENSMUSG00000008305,97.6623,2.337699999999998
ENSG00000106829,ENSMUSG00000024642,99.6119,0.38809999999999434
ENSG00000140332,ENSMUSG00000032280,98.13714999999999,1.8628500000000088
ENSG00000065717,ENSMUSG00000034771,90.089,9.911000000000001
ENSG00000260734,ENSMUSG00000095941,61.5047,38.4953
ENSG00000104953,ENSMUSG00000034758,42.847350000000006,57.152649999999994
ENSG00000104964,ENSMUSG00000054452,99.4924,0.5075999999999965
ENSG00000102924,ENSMUSG00000031654,98.9637,1.0362999999999971
ENSG00000212916,ENSMUSG00000050930,50.33715,49.66285
ENSG00000108849,ENSMUSG00000017316,59.5263,40.4737
ENSG00000122778,ENSMUSG00000063455,72.6483,27.351699999999994
ENSG00000110427,ENSMUSG00000068373,72.7062,27.293800000000005
ENSG00000136504,ENSMUSG00000038909,99.8363,0.16370000000000573
ENSG00000169972,ENSMUSG00000051557,78.82005000000001,21.17994999999999
ENSG00000110060,ENSMUSG00000032103,85.447,14.552999999999997
ENSG00000177192,ENSMUSG00000029507,84.04695000000001,15.95304999999999
ENSG00000083845,ENSMUSG00000012848,99.0196,0.980400000000003
ENSG00000183813,ENSMUSG00000047898,86.6667,13.333299999999994
ENSG00000121807,ENSMUSG00000049103,78.33295000000001,21.66704999999999
ENSG00000160791,ENSMUSG00000079227,82.15365,17.84635
ENSG00000121797,ENSMUSG00000043953,50.594300000000004,49.405699999999996
ENSG00000183625,ENSMUSG00000035448,68.3495,31.650499999999994
ENSG00000179934,ENSMUSG00000042262,70.622,29.378
ENSG00000101407,ENSMUSG00000027650,85.18885,14.811149999999998
ENSG00000131323,ENSMUSG00000021277,96.21155,3.7884499999999974
ENSG00000118257,ENSMUSG00000025969,94.34639999999999,5.6536000000000115
ENSG00000101850,ENSMUSG00000025333,78.36845,21.631550000000004
ENSG00000171724,ENSMUSG00000046844,98.32589999999999,1.67410000000001
ENSG00000213977,ENSMUSG00000040158,99.1936,0.8063999999999965
ENSG00000156603,ENSMUSG00000027080,94.6721,5.3279
ENSG00000120068,ENSMUSG00000056648,98.3539,1.6461000000000041
ENSG00000072864,ENSMUSG00000022678,84.8455,15.154499999999999
ENSG00000166579,ENSMUSG00000018736,95.942,4.058000000000007
ENSG00000162383,ENSMUSG00000008932,91.59129999999999,8.40870000000001
ENSG00000124216,ENSMUSG00000042821,87.5,12.5
ENSG00000119203,ENSMUSG00000054309,98.3918,1.6081999999999965
ENSG00000197651,ENSMUSG00000047025,61.5583,38.4417
ENSG00000149346,ENSMUSG00000027281,68.94284999999999,31.057150000000007
ENSG00000140854,ENSMUSG00000031787,95.35464999999999,4.645350000000008
ENSG00000142676,ENSMUSG00000059291,100.0,0.0
ENSG00000197056,ENSMUSG00000043872,59.81725,40.18275
ENSG00000117308,ENSMUSG00000028671,93.23759999999999,6.762400000000014
ENSG00000240505,ENSMUSG00000010142,49.0316,50.9684
ENSG00000215182,ENSMUSG00000037974,49.358000000000004,50.641999999999996
ENSG00000166436,ENSMUSG00000031026,82.62780000000001,17.372199999999992
ENSG00000110046,ENSMUSG00000024773,85.2577,14.7423
ENSG00000066739,ENSMUSG00000041341,91.01855,8.981449999999995
ENSG00000181513,ENSMUSG00000056938,66.61564999999999,33.38435000000001
ENSG00000102383,ENSMUSG00000033906,97.9229,2.0771000000000015
ENSG00000154429,ENSMUSG00000031971,70.582,29.418000000000006
ENSG00000166342,ENSMUSG00000050321,95.6848,4.315200000000004
ENSG00000182255,ENSMUSG00000042604,97.32215,2.6778500000000065
ENSG00000176402,ENSMUSG00000056966,61.6994,38.3006
ENSG00000183153,ENSMUSG00000047197,83.63185,16.36815
ENSG00000159248,ENSMUSG00000068615,98.1308,1.8692000000000064
ENSG00000090238,ENSMUSG00000042675,87.8981,12.1019
ENSG00000175595,ENSMUSG00000022545,85.9793,14.020700000000005
ENSG00000142530,ENSMUSG00000051113,47.509100000000004,52.490899999999996
ENSG00000214022,ENSMUSG00000052751,84.27459999999999,15.725400000000008
ENSG00000102984,ENSMUSG00000031728,95.5153,4.484700000000004
ENSG00000095464,ENSMUSG00000024992,86.7949,13.205100000000002
ENSG00000168036,ENSMUSG00000006932,99.872,0.1280000000000001
ENSG00000070961,ENSMUSG00000019943,99.5082,0.4917999999999978
ENSG00000145860,ENSMUSG00000019189,93.816,6.1839999999999975
ENSG00000132792,ENSMUSG00000027649,96.0924,3.907600000000002
ENSG00000103855,ENSMUSG00000035914,70.77285,29.227149999999995
ENSG00000087301,ENSMUSG00000021830,75.74539999999999,24.25460000000001
ENSG00000168495,ENSMUSG00000000776,93.9698,6.030199999999994
ENSG00000183087,ENSMUSG00000031451,81.0658,18.934200000000004
ENSG00000166734,ENSMUSG00000060227,89.782,10.218000000000004
ENSG00000135052,ENSMUSG00000021556,64.23825,35.761750000000006
ENSG00000253767,ENSMUSG00000103897,83.3691,16.630899999999997
ENSG00000101972,ENSMUSG00000025862,99.1325,0.8675000000000068
ENSG00000118007,ENSMUSG00000037286,99.3641,0.6359000000000066
ENSG00000066923,ENSMUSG00000036928,78.0236,21.976399999999998
ENSG00000253731,ENSMUSG00000103793,80.2575,19.742500000000007
ENSG00000165868,ENSMUSG00000025092,95.7037,4.296300000000002
ENSG00000162601,ENSMUSG00000062627,79.78380000000001,20.216199999999986
ENSG00000132382,ENSMUSG00000040463,69.3887,30.6113
ENSG00000179751,ENSMUSG00000084174,73.1343,26.865700000000004
ENSG00000204335,ENSMUSG00000075304,97.4874,2.512600000000006
ENSG00000128596,ENSMUSG00000029769,68.61680000000001,31.383199999999988
ENSG00000119718,ENSMUSG00000004788,94.0171,5.982900000000001
ENSG00000151693,ENSMUSG00000052632,94.5173,5.482699999999994
ENSG00000146263,ENSMUSG00000045751,80.85485,19.14515
ENSG00000163157,ENSMUSG00000005628,96.2319,3.768100000000004
ENSG00000257335,ENSMUSG00000068587,70.34479999999999,29.655200000000008
ENSG00000158901,ENSMUSG00000070533,38.98075,61.01925
ENSG00000135424,ENSMUSG00000025348,86.17555,13.824449999999999
ENSG00000161649,ENSMUSG00000017309,55.03015,44.96985
ENSG00000176407,ENSMUSG00000055239,97.3753,2.6247000000000043
ENSG00000133055,ENSMUSG00000042451,85.42,14.579999999999998
ENSG00000185347,ENSMUSG00000037466,62.0563,37.9437
ENSG00000163444,ENSMUSG00000042305,93.47555,6.524450000000002
ENSG00000108055,ENSMUSG00000024974,99.9178,0.08220000000000027
ENSG00000133398,ENSMUSG00000021598,99.2593,0.7407000000000039
ENSG00000118217,ENSMUSG00000026663,85.9824,14.017600000000002
ENSG00000074855,ENSMUSG00000034863,79.69135,20.30865
ENSG00000132681,ENSMUSG00000007107,83.2607,16.7393
ENSG00000165409,ENSMUSG00000020963,86.7801,13.219899999999996
ENSG00000149948,ENSMUSG00000056758,95.85455,4.145449999999997
ENSG00000167210,ENSMUSG00000032818,92.73044999999999,7.2695500000000095
ENSG00000165410,ENSMUSG00000062929,99.3976,0.6024000000000029
ENSG00000172757,ENSMUSG00000056201,98.7952,1.2048000000000059
ENSG00000125868,ENSMUSG00000015932,95.7576,4.2424000000000035
ENSG00000127564,ENSMUSG00000023908,88.5817,11.418300000000002
ENSG00000122678,ENSMUSG00000020474,76.16194999999999,23.83805000000001
ENSG00000143155,ENSMUSG00000040843,96.86959999999999,3.1304000000000087
ENSG00000184984,ENSMUSG00000074939,88.7218,11.278199999999998
ENSG00000147677,ENSMUSG00000022312,97.1591,2.840900000000005
ENSG00000136521,ENSMUSG00000027673,75.6614,24.3386
ENSG00000151006,ENSMUSG00000044139,80.36205,19.637950000000004
ENSG00000170419,ENSMUSG00000048834,80.67795000000001,19.32204999999999
ENSG00000126214,ENSMUSG00000021288,93.7306,6.2694000000000045
ENSG00000125247,ENSMUSG00000041594,89.4214,10.578599999999994
ENSG00000170788,ENSMUSG00000021790,71.1864,28.813599999999994
ENSG00000100557,ENSMUSG00000021850,63.390550000000005,36.609449999999995
ENSG00000063176,ENSMUSG00000057342,81.10730000000001,18.89269999999999
ENSG00000183023,ENSMUSG00000054640,94.905,5.094999999999999
ENSG00000182896,ENSMUSG00000094845,65.3409,34.659099999999995
ENSG00000157224,ENSMUSG00000046798,91.3934,8.6066
ENSG00000261150,ENSMUSG00000118671,63.36285,36.63715
ENSG00000103942,ENSMUSG00000025813,92.993,7.007000000000005
ENSG00000151093,ENSMUSG00000021786,84.9673,15.032700000000006
ENSG00000084676,ENSMUSG00000020647,90.10579999999999,9.894200000000012
ENSG00000140396,ENSMUSG00000005886,94.32675,5.673249999999996
ENSG00000124151,ENSMUSG00000027678,83.3438,16.6562
ENSG00000130119,ENSMUSG00000025266,87.49085,12.509150000000005
ENSG00000130159,ENSMUSG00000066839,73.44264999999999,26.557350000000014
ENSG00000166959,ENSMUSG00000024730,57.72415,42.27585
ENSG00000174996,ENSMUSG00000024862,95.72980000000001,4.2701999999999884
ENSG00000168014,ENSMUSG00000047248,76.30765,23.692350000000005
ENSG00000196116,ENSMUSG00000035517,83.09270000000001,16.907299999999992
ENSG00000141682,ENSMUSG00000024521,50.8091,49.1909
ENSG00000113319,ENSMUSG00000021708,93.4414,6.558599999999998
ENSG00000166558,ENSMUSG00000034224,81.89255,18.10745
ENSG00000226490,ENSMUSG00000086361,72.6354,27.364599999999996
ENSG00000131398,ENSMUSG00000062785,91.42775,8.572249999999997
ENSG00000122254,ENSMUSG00000046321,96.1853,3.814700000000002
ENSG00000092140,ENSMUSG00000035293,77.6876,22.312399999999997
ENSG00000010318,ENSMUSG00000021902,75.87780000000001,24.122199999999992
ENSG00000156531,ENSMUSG00000025626,97.3939,2.606099999999998
ENSG00000184209,ENSMUSG00000029402,89.38925,10.610749999999996
ENSG00000142233,ENSMUSG00000070564,70.53775,29.462249999999997
ENSG00000103222,ENSMUSG00000023088,88.1988,11.801199999999994
ENSG00000089053,ENSMUSG00000029472,93.7887,6.211299999999994
ENSG00000135838,ENSMUSG00000042684,85.625,14.375
ENSG00000241935,ENSMUSG00000025176,88.58785,11.412149999999997
ENSG00000198586,ENSMUSG00000041997,98.1723,1.827699999999993
ENSG00000146872,ENSMUSG00000020694,99.3333,0.6667000000000058
ENSG00000112742,ENSMUSG00000038379,75.06370000000001,24.93629999999999
ENSG00000204472,ENSMUSG00000024397,89.1156,10.8844
ENSG00000126878,ENSMUSG00000001864,96.0,4.0
ENSG00000170516,ENSMUSG00000049387,58.89795,41.10205
ENSG00000120500,ENSMUSG00000060890,81.67125,18.32875
ENSG00000130561,ENSMUSG00000056055,87.6243,12.375699999999995
ENSG00000137486,ENSMUSG00000018909,97.25219999999999,2.7478000000000122
ENSG00000141480,ENSMUSG00000060216,96.70345,3.2965499999999963
ENSG00000159625,ENSMUSG00000031786,83.08585,16.914150000000006
ENSG00000167549,ENSMUSG00000020836,96.50065000000001,3.4993499999999926
ENSG00000124209,ENSMUSG00000027519,97.4227,2.577299999999994
ENSG00000164713,ENSMUSG00000047843,93.6,6.400000000000006
ENSG00000040275,ENSMUSG00000069910,73.8669,26.1331
ENSG00000176390,ENSMUSG00000017561,92.9864,7.013599999999997
ENSG00000176208,ENSMUSG00000017550,69.26595,30.734049999999996
ENSG00000152217,ENSMUSG00000024548,89.9325,10.067499999999995
ENSG00000180921,ENSMUSG00000046761,79.68655,20.313450000000003
ENSG00000150967,ENSMUSG00000029408,93.97970000000001,6.020299999999992
ENSG00000115942,ENSMUSG00000026037,78.92465,21.07535
ENSG00000167034,ENSMUSG00000022061,65.82005000000001,34.17994999999999
ENSG00000102313,ENSMUSG00000087149,69.7045,30.295500000000004
ENSG00000135480,ENSMUSG00000023039,81.87119999999999,18.128800000000012
ENSG00000135677,ENSMUSG00000034707,90.33324999999999,9.666750000000008
ENSG00000161835,ENSMUSG00000000531,90.97970000000001,9.020299999999992
ENSG00000115165,ENSMUSG00000026832,81.337,18.662999999999997
ENSG00000145494,ENSMUSG00000021606,81.75755000000001,18.24244999999999
ENSG00000205903,ENSMUSG00000046658,78.97409999999999,21.025900000000007
ENSG00000062370,ENSMUSG00000052675,63.397450000000006,36.602549999999994
ENSG00000111850,ENSMUSG00000028295,88.6598,11.340199999999996
ENSG00000136997,ENSMUSG00000022346,90.0881,9.911900000000003
ENSG00000147437,ENSMUSG00000015812,72.5362,27.463800000000006
ENSG00000167987,ENSMUSG00000048832,82.03825,17.961749999999995
ENSG00000139722,ENSMUSG00000066278,83.8596,16.1404
ENSG00000176428,ENSMUSG00000043614,93.78575000000001,6.214249999999993
ENSG00000155975,ENSMUSG00000031600,90.6801,9.319900000000004
ENSG00000149380,ENSMUSG00000051048,90.05555000000001,9.94444999999999
ENSG00000115884,ENSMUSG00000020592,76.65074999999999,23.349250000000012
ENSG00000172889,ENSMUSG00000026921,75.5053,24.494699999999995
ENSG00000198743,ENSMUSG00000089774,93.8719,6.128100000000003
ENSG00000077235,ENSMUSG00000032777,78.6226,21.377399999999994
ENSG00000100276,ENSMUSG00000034209,95.0739,4.926100000000005
ENSG00000167157,ENSMUSG00000039476,88.81275,11.187250000000006
ENSG00000236782,ENSMUSG00000086322,85.7143,14.285700000000006
ENSG00000156206,ENSMUSG00000011154,72.51735,27.482650000000007
ENSG00000117425,ENSMUSG00000028681,90.1537,9.8463
ENSG00000147586,ENSMUSG00000040269,72.9228,27.077200000000005
ENSG00000144857,ENSMUSG00000022687,86.56225,13.437749999999994
ENSG00000105928,ENSMUSG00000029821,70.45425,29.545749999999998
ENSG00000132437,ENSMUSG00000020182,89.1667,10.833299999999994
ENSG00000070476,ENSMUSG00000034430,77.0396,22.960400000000007
ENSG00000119559,ENSMUSG00000020133,64.41845,35.58154999999999
ENSG00000109066,ENSMUSG00000045980,89.7177,10.282300000000006
ENSG00000148484,ENSMUSG00000026727,97.1119,2.8880999999999943
ENSG00000149305,ENSMUSG00000008590,72.89445,27.105549999999994
ENSG00000146540,ENSMUSG00000053553,61.182900000000004,38.817099999999996
ENSG00000106608,ENSMUSG00000049680,84.84445,15.155550000000005
ENSG00000126804,ENSMUSG00000033454,95.0912,4.908799999999999
ENSG00000185236,ENSMUSG00000077450,99.0826,0.9174000000000007
ENSG00000115414,ENSMUSG00000026193,92.0468,7.953199999999995
ENSG00000131374,ENSMUSG00000023923,88.6466,11.353399999999993
ENSG00000173662,ENSMUSG00000028950,73.678,26.322000000000003
ENSG00000067064,ENSMUSG00000058258,78.07515000000001,21.924849999999992
ENSG00000184517,ENSMUSG00000055835,86.17495,13.825050000000005
ENSG00000205726,ENSMUSG00000022957,95.00005,4.999949999999998
ENSG00000107821,ENSMUSG00000025213,82.67565,17.324349999999995
ENSG00000163453,ENSMUSG00000036256,86.7533,13.246700000000004
ENSG00000137142,ENSMUSG00000035551,77.02369999999999,22.97630000000001
ENSG00000130413,ENSMUSG00000031027,68.09540000000001,31.904599999999988
ENSG00000132463,ENSMUSG00000044221,90.92814999999999,9.071850000000012
ENSG00000183114,ENSMUSG00000078235,93.1717,6.828299999999999
ENSG00000154188,ENSMUSG00000022309,97.3896,2.6103999999999985
ENSG00000147081,ENSMUSG00000050089,78.45045,21.549549999999996
ENSG00000111254,ENSMUSG00000030344,73.15385,26.846149999999994
ENSG00000153820,ENSMUSG00000026163,71.1249,28.875100000000003
ENSG00000023516,ENSMUSG00000022016,74.20315,25.796850000000006
ENSG00000142102,ENSMUSG00000062031,75.90575,24.094250000000002
ENSG00000007545,ENSMUSG00000038002,83.5585,16.441500000000005
ENSG00000174197,ENSMUSG00000033943,81.88255,18.117450000000005
ENSG00000134744,ENSMUSG00000034610,87.5798,12.420199999999994
ENSG00000185950,ENSMUSG00000038894,85.59960000000001,14.40039999999999
ENSG00000172752,ENSMUSG00000091345,73.0128,26.9872
ENSG00000146047,ENSMUSG00000050799,94.4882,5.511799999999994
ENSG00000164603,ENSMUSG00000042742,94.06,5.939999999999998
ENSG00000163702,ENSMUSG00000030281,65.6382,34.3618
ENSG00000071539,ENSMUSG00000021569,93.287,6.712999999999994
ENSG00000204421,ENSMUSG00000092586,77.2684,22.7316
ENSG00000073150,ENSMUSG00000058441,92.3191,7.680899999999994
ENSG00000110218,ENSMUSG00000031934,86.385,13.614999999999995
ENSG00000154143,ENSMUSG00000011118,88.7755,11.224500000000006
ENSG00000134242,ENSMUSG00000027843,71.10075,28.899249999999995
ENSG00000048544,ENSMUSG00000034729,81.592,18.408
ENSG00000187682,ENSMUSG00000031160,74.7953,25.204700000000003
ENSG00000083720,ENSMUSG00000022186,92.1154,7.884600000000006
ENSG00000226763,ENSMUSG00000117477,43.77135,56.22865
ENSG00000134852,ENSMUSG00000029238,95.5935,4.406499999999994
ENSG00000081177,ENSMUSG00000032705,84.5444,15.455600000000004
ENSG00000163380,ENSMUSG00000044086,79.75995,20.240049999999997
ENSG00000187109,ENSMUSG00000058799,98.2097,1.790300000000002
ENSG00000205531,ENSMUSG00000059119,93.0549,6.9450999999999965
ENSG00000175445,ENSMUSG00000015568,92.94005,7.059950000000001
ENSG00000174989,ENSMUSG00000032867,78.5953,21.404700000000005
ENSG00000146678,ENSMUSG00000020429,66.70665,33.293350000000004
ENSG00000089091,ENSMUSG00000037259,77.50655,22.493449999999996
ENSG00000115761,ENSMUSG00000061458,95.56370000000001,4.436299999999989
ENSG00000141367,ENSMUSG00000047126,99.702,0.2980000000000018
ENSG00000162994,ENSMUSG00000020461,69.85485,30.14515
ENSG00000159217,ENSMUSG00000013415,99.3068,0.6932000000000045
ENSG00000196584,ENSMUSG00000028933,78.1372,21.862799999999993
ENSG00000205795,ENSMUSG00000062563,58.8542,41.1458
ENSG00000184838,ENSMUSG00000073565,92.7632,7.236800000000002
ENSG00000205363,ENSMUSG00000066607,88.88915,11.11085
ENSG00000110048,ENSMUSG00000024687,95.78174999999999,4.218250000000012
ENSG00000133706,ENSMUSG00000024493,90.1445,9.855500000000006
ENSG00000140374,ENSMUSG00000032314,95.7958,4.2042
ENSG00000107223,ENSMUSG00000015092,98.6487,1.3512999999999948
ENSG00000148396,ENSMUSG00000026924,70.6392,29.360799999999998
ENSG00000184344,ENSMUSG00000030117,69.8635,30.136499999999998
ENSG00000006744,ENSMUSG00000020549,81.83535,18.164649999999995
ENSG00000235631,ENSMUSG00000078179,79.89625,20.103750000000005
ENSG00000128606,ENSMUSG00000039883,87.78325,12.216750000000005
ENSG00000176182,ENSMUSG00000048481,85.86349999999999,14.136500000000012
ENSG00000284691,ENSMUSG00000053297,94.0887,5.911299999999997
ENSG00000196453,ENSMUSG00000071477,89.13255,10.867450000000005
ENSG00000103657,ENSMUSG00000038664,97.36625000000001,2.633749999999992
ENSG00000143373,ENSMUSG00000019338,86.4188,13.581199999999995
ENSG00000162889,ENSMUSG00000016528,91.3776,8.622399999999999
ENSG00000145901,ENSMUSG00000020400,82.78085,17.21915
ENSG00000050730,ENSMUSG00000044162,42.63135,57.36865
ENSG00000168884,ENSMUSG00000059866,77.09365,22.906350000000003
ENSG00000148297,ENSMUSG00000015776,95.0,5.0
ENSG00000172346,ENSMUSG00000042109,96.41794999999999,3.5820500000000095
ENSG00000153048,ENSMUSG00000008393,96.95025,3.049750000000003
ENSG00000102755,ENSMUSG00000029648,81.8423,18.157700000000006
ENSG00000197446,ENSMUSG00000052974,81.6701,18.329899999999995
ENSG00000112539,ENSMUSG00000023873,50.3493,49.6507
ENSG00000085871,ENSMUSG00000074604,74.8299,25.170100000000005
ENSG00000120306,ENSMUSG00000046727,74.03715,25.962850000000003
ENSG00000172765,ENSMUSG00000030126,95.85345000000001,4.146549999999991
ENSG00000161714,ENSMUSG00000020937,88.3106,11.689400000000006
ENSG00000138686,ENSMUSG00000037325,91.7483,8.2517
ENSG00000163873,ENSMUSG00000001985,99.0207,0.979299999999995
ENSG00000157637,ENSMUSG00000061306,68.6402,31.359800000000007
ENSG00000176994,ENSMUSG00000049323,89.8505,10.149500000000003
ENSG00000160539,ENSMUSG00000051373,94.8339,5.1661
ENSG00000100325,ENSMUSG00000020412,87.3863,12.613699999999994
ENSG00000091844,ENSMUSG00000019775,91.9048,8.095200000000006
ENSG00000127955,ENSMUSG00000057614,100.0,0.0
ENSG00000065135,ENSMUSG00000000001,98.3051,1.694900000000004
ENSG00000171540,ENSMUSG00000021685,100.0,0.0
ENSG00000086189,ENSMUSG00000021692,95.8466,4.153400000000005
ENSG00000162851,ENSMUSG00000026492,52.5253,47.4747
ENSG00000029639,ENSMUSG00000036983,84.2259,15.774100000000004
ENSG00000136383,ENSMUSG00000038763,72.61845,27.381550000000004
ENSG00000110651,ENSMUSG00000037706,91.9492,8.050799999999995
ENSG00000183785,ENSMUSG00000030137,99.3318,0.6681999999999988
ENSG00000133661,ENSMUSG00000021795,74.76650000000001,25.233499999999992
ENSG00000249992,ENSMUSG00000054871,85.37295,14.627049999999997
ENSG00000036257,ENSMUSG00000004364,99.4792,0.5207999999999942
ENSG00000163026,ENSMUSG00000051721,63.4559,36.5441
ENSG00000165264,ENSMUSG00000071014,70.3125,29.6875
ENSG00000113593,ENSMUSG00000021713,97.2136,2.7864000000000004
ENSG00000182327,ENSMUSG00000046811,61.585899999999995,38.414100000000005
ENSG00000107147,ENSMUSG00000058740,88.47565,11.524349999999998
ENSG00000198088,ENSMUSG00000072944,40.5451,59.4549
ENSG00000139354,ENSMUSG00000074802,76.11234999999999,23.887650000000008
ENSG00000100373,ENSMUSG00000022435,83.6237,16.3763
ENSG00000243566,ENSMUSG00000042985,78.2609,21.739099999999993
ENSG00000107929,ENSMUSG00000033499,60.4811,39.5189
ENSG00000163960,ENSMUSG00000053774,97.7505,2.2494999999999976
ENSG00000116990,ENSMUSG00000028654,89.34694999999999,10.653050000000007
ENSG00000185860,ENSMUSG00000070532,54.938,45.062
ENSG00000156876,ENSMUSG00000027959,84.8212,15.178799999999995
ENSG00000142549,ENSMUSG00000013367,97.9167,2.083299999999994
ENSG00000135605,ENSMUSG00000029217,95.16265,4.837350000000001
ENSG00000184144,ENSMUSG00000053024,90.4808,9.519199999999998
ENSG00000172939,ENSMUSG00000036737,95.8254,4.174599999999998
ENSG00000102225,ENSMUSG00000031065,97.5806,2.419399999999996
ENSG00000196189,ENSMUSG00000028064,83.76075,16.23925
ENSG00000168477,ENSMUSG00000033327,73.9893,26.0107
ENSG00000204671,ENSMUSG00000029437,28.13485,71.86515
ENSG00000204568,ENSMUSG00000024436,77.73915,22.260850000000005
ENSG00000135144,ENSMUSG00000029603,96.3944,3.6055999999999955
ENSG00000157895,ENSMUSG00000029559,66.4182,33.5818
ENSG00000158773,ENSMUSG00000026641,98.3871,1.6128999999999962
ENSG00000198883,ENSMUSG00000050424,47.35825,52.64175
ENSG00000183837,ENSMUSG00000046287,74.0589,25.941100000000006
ENSG00000240694,ENSMUSG00000046204,78.18945,21.810550000000006
ENSG00000165943,ENSMUSG00000096458,76.8138,23.1862
ENSG00000176903,ENSMUSG00000054383,92.068,7.932000000000002
ENSG00000277531,ENSMUSG00000108348,74.0196,25.980400000000003
ENSG00000169515,ENSMUSG00000041117,55.86585,44.13415
ENSG00000182013,ENSMUSG00000041141,62.837599999999995,37.162400000000005
ENSG00000204851,ENSMUSG00000070802,61.4445,38.5555
ENSG00000114771,ENSMUSG00000027761,69.76169999999999,30.23830000000001
ENSG00000158445,ENSMUSG00000050556,93.76095000000001,6.239049999999992
ENSG00000108961,ENSMUSG00000032892,87.87125,12.128749999999997
ENSG00000123908,ENSMUSG00000036698,99.24375,0.7562499999999943
ENSG00000172543,ENSMUSG00000024910,68.54390000000001,31.456099999999992
ENSG00000081479,ENSMUSG00000027070,76.8009,23.1991
ENSG00000164120,ENSMUSG00000031613,88.6009,11.399100000000004
ENSG00000138622,ENSMUSG00000032338,95.1748,4.825199999999995
ENSG00000196260,ENSMUSG00000090509,54.19585,45.80415
ENSG00000184470,ENSMUSG00000075704,83.92075,16.079250000000002
ENSG00000101343,ENSMUSG00000001767,96.1515,3.8485000000000014
ENSG00000244607,ENSMUSG00000079235,77.66995,22.33005
ENSG00000175536,ENSMUSG00000030725,84.4156,15.584400000000002
ENSG00000154277,ENSMUSG00000029223,95.5157,4.484300000000005
ENSG00000143811,ENSMUSG00000026520,92.1875,7.8125
ENSG00000183010,ENSMUSG00000025140,89.83170000000001,10.168299999999988
ENSG00000165555,ENSMUSG00000072919,60.41945,39.58055
ENSG00000104524,ENSMUSG00000022571,82.1168,17.883200000000002
ENSG00000099812,ENSMUSG00000035852,63.78765,36.21235
ENSG00000141854,ENSMUSG00000074217,77.2487,22.7513
ENSG00000104695,ENSMUSG00000009630,100.0,0.0
ENSG00000113575,ENSMUSG00000020349,99.6764,0.323599999999999
ENSG00000180316,ENSMUSG00000043286,60.8351,39.1649
ENSG00000197119,ENSMUSG00000021265,89.0005,10.999499999999998
ENSG00000257727,ENSMUSG00000025381,97.2527,2.7472999999999956
ENSG00000102780,ENSMUSG00000034731,87.7744,12.2256
ENSG00000121060,ENSMUSG00000000275,73.41845,26.581549999999993
ENSG00000007968,ENSMUSG00000018983,82.27655,17.72345
ENSG00000177182,ENSMUSG00000041216,97.1751,2.8248999999999995
ENSG00000147576,ENSMUSG00000025911,89.4854,10.514600000000002
ENSG00000134077,ENSMUSG00000030264,80.03985,19.96015
ENSG00000138050,ENSMUSG00000024246,67.1588,32.8412
ENSG00000142513,ENSMUSG00000012777,84.8415,15.158500000000004
ENSG00000163320,ENSMUSG00000054604,98.2036,1.7964000000000055
ENSG00000175832,ENSMUSG00000017724,92.37155,7.628450000000001
ENSG00000160752,ENSMUSG00000059743,77.7705,22.2295
ENSG00000167700,ENSMUSG00000019080,77.9126,22.087400000000002
ENSG00000169359,ENSMUSG00000027822,93.53965,6.460350000000005
ENSG00000185920,ENSMUSG00000021466,95.94085000000001,4.059149999999988
ENSG00000134256,ENSMUSG00000086564,70.01214999999999,29.98785000000001
ENSG00000115514,ENSMUSG00000058407,89.823,10.177000000000007
ENSG00000122729,ENSMUSG00000028405,93.3633,6.636700000000005
ENSG00000134207,ENSMUSG00000027849,94.1605,5.839500000000001
ENSG00000086159,ENSMUSG00000043144,73.7661,26.233900000000006
ENSG00000185313,ENSMUSG00000034533,82.1666,17.833399999999997
ENSG00000116560,ENSMUSG00000028820,94.59765,5.402349999999998
ENSG00000069943,ENSMUSG00000079469,77.74655000000001,22.253449999999987
ENSG00000182858,ENSMUSG00000035845,79.26115,20.73885
ENSG00000086848,ENSMUSG00000032059,91.7849,8.215100000000007
ENSG00000178395,ENSMUSG00000043429,54.1802,45.8198
ENSG00000254402,ENSMUSG00000033707,82.79025,17.20975
ENSG00000028116,ENSMUSG00000064090,69.04225,30.957750000000004
ENSG00000181104,ENSMUSG00000048376,78.59915000000001,21.40084999999999
ENSG00000164220,ENSMUSG00000021675,69.9897,30.0103
ENSG00000127533,ENSMUSG00000050147,75.55915,24.440849999999998
ENSG00000164251,ENSMUSG00000021678,83.4176,16.582400000000007
ENSG00000138031,ENSMUSG00000020654,94.53909999999999,5.460900000000009
ENSG00000148290,ENSMUSG00000015790,77.89545000000001,22.10454999999999
ENSG00000126337,ENSMUSG00000020916,84.04595,15.954049999999995
ENSG00000091428,ENSMUSG00000049044,97.3294,2.670599999999993
ENSG00000184709,ENSMUSG00000026961,67.3698,32.6302
ENSG00000170296,ENSMUSG00000018567,100.0,0.0
ENSG00000167447,ENSMUSG00000020495,96.0646,3.9354000000000013
ENSG00000089847,ENSMUSG00000054708,58.99465,41.00535
ENSG00000173227,ENSMUSG00000049303,95.0119,4.988100000000003
ENSG00000164687,ENSMUSG00000027533,80.0,20.0
ENSG00000109684,ENSMUSG00000039315,60.9542,39.0458
ENSG00000104133,ENSMUSG00000033396,76.6679,23.332099999999997
ENSG00000057657,ENSMUSG00000038151,87.5001,12.499899999999997
ENSG00000005187,ENSMUSG00000030935,85.76555,14.234449999999995
ENSG00000114626,ENSMUSG00000030083,94.1423,5.857699999999994
ENSG00000134470,ENSMUSG00000023206,52.833200000000005,47.166799999999995
ENSG00000122068,ENSMUSG00000022800,92.59864999999999,7.401350000000008
ENSG00000136560,ENSMUSG00000064289,77.25865,22.741349999999997
ENSG00000169813,ENSMUSG00000042079,98.0723,1.9277000000000015
ENSG00000113600,ENSMUSG00000022149,57.857299999999995,42.142700000000005
ENSG00000168309,ENSMUSG00000021750,83.5675,16.432500000000005
ENSG00000065809,ENSMUSG00000026655,80.26125,19.738749999999996
ENSG00000171262,ENSMUSG00000027349,89.5611,10.438900000000004
ENSG00000130244,ENSMUSG00000030590,73.3083,26.691699999999997
ENSG00000119812,ENSMUSG00000002017,95.45095,4.549049999999994
ENSG00000133710,ENSMUSG00000055561,62.02105,37.97895
ENSG00000102904,ENSMUSG00000031893,73.73115,26.26885
ENSG00000167996,ENSMUSG00000024661,92.0555,7.944500000000005
ENSG00000133773,ENSMUSG00000019897,69.43895,30.561049999999994
ENSG00000155115,ENSMUSG00000019837,69.9222,30.077799999999996
ENSG00000116001,ENSMUSG00000071337,96.6321,3.367900000000006
ENSG00000198739,ENSMUSG00000042846,97.50655,2.4934499999999957
ENSG00000275832,ENSMUSG00000049807,92.11155,7.888450000000006
ENSG00000160396,ENSMUSG00000040424,87.1753,12.824700000000007
ENSG00000135446,ENSMUSG00000006728,94.7195,5.2805000000000035
ENSG00000132840,ENSMUSG00000042118,85.6749,14.325100000000006
ENSG00000135387,ENSMUSG00000027184,96.89285000000001,3.10714999999999
ENSG00000110888,ENSMUSG00000030309,80.8322,19.1678
ENSG00000058866,ENSMUSG00000022861,89.424,10.575999999999993
ENSG00000198873,ENSMUSG00000003228,95.2542,4.745800000000003
ENSG00000168488,ENSMUSG00000032637,91.6714,8.328599999999994
ENSG00000169814,ENSMUSG00000021900,83.843,16.156999999999996
ENSG00000112299,ENSMUSG00000037440,74.34155000000001,25.658449999999988
ENSG00000127578,ENSMUSG00000071192,87.27385000000001,12.72614999999999
ENSG00000121211,ENSMUSG00000033752,89.7561,10.243899999999996
ENSG00000139144,ENSMUSG00000030228,66.49674999999999,33.50325000000001
ENSG00000151150,ENSMUSG00000069601,60.69715,39.30285
ENSG00000171450,ENSMUSG00000090071,95.3811,4.6188999999999965
ENSG00000176749,ENSMUSG00000048895,98.3713,1.628699999999995
ENSG00000269190,ENSMUSG00000030598,84.7688,15.231200000000001
ENSG00000137513,ENSMUSG00000018995,84.4864,15.513599999999997
ENSG00000134440,ENSMUSG00000024587,92.69205,7.307950000000005
ENSG00000065427,ENSMUSG00000031948,88.1676,11.832400000000007
ENSG00000117593,ENSMUSG00000026709,84.9031,15.096900000000005
ENSG00000115866,ENSMUSG00000026356,96.008,3.9920000000000044
ENSG00000133302,ENSMUSG00000021597,79.7351,20.264899999999997
ENSG00000185774,ENSMUSG00000029088,99.6,0.4000000000000057
ENSG00000164113,ENSMUSG00000027719,85.96905000000001,14.03094999999999
ENSG00000165898,ENSMUSG00000021241,83.7662,16.233800000000002
ENSG00000141316,ENSMUSG00000053184,65.2561,34.7439
ENSG00000229809,ENSMUSG00000045251,74.9101,25.0899
ENSG00000130303,ENSMUSG00000046718,35.81395,64.18605
ENSG00000108379,ENSMUSG00000000125,98.8732,1.126800000000003
ENSG00000172572,ENSMUSG00000041741,83.7862,16.213800000000006
ENSG00000061492,ENSMUSG00000012282,75.27445,24.72555
ENSG00000198198,ENSMUSG00000033253,92.35024999999999,7.649750000000012
ENSG00000128709,ENSMUSG00000043342,86.86144999999999,13.13855000000001
ENSG00000213465,ENSMUSG00000024944,95.1087,4.891300000000001
ENSG00000152359,ENSMUSG00000021671,76.8046,23.195400000000006
ENSG00000132359,ENSMUSG00000038807,89.684,10.316000000000003
ENSG00000197353,ENSMUSG00000022595,66.67085,33.32915
ENSG00000137504,ENSMUSG00000051451,82.86775,17.13225
ENSG00000119899,ENSMUSG00000049624,86.2626,13.737399999999994
ENSG00000012822,ENSMUSG00000023055,89.2909,10.709100000000007
ENSG00000106052,ENSMUSG00000004535,86.10955,13.890450000000001
ENSG00000136436,ENSMUSG00000006056,35.5273,64.4727
ENSG00000155100,ENSMUSG00000040550,84.3686,15.6314
ENSG00000110768,ENSMUSG00000006599,97.16905,2.8309500000000014
ENSG00000225526,ENSMUSG00000068011,70.013,29.986999999999995
ENSG00000077274,ENSMUSG00000067276,95.1638,4.836200000000005
ENSG00000112425,ENSMUSG00000055493,88.95635,11.04365
ENSG00000130748,ENSMUSG00000019158,94.1489,5.851100000000002
ENSG00000033327,ENSMUSG00000004508,92.70259999999999,7.29740000000001
ENSG00000166908,ENSMUSG00000025417,95.962,4.037999999999997
ENSG00000184708,ENSMUSG00000020454,90.0407,9.959299999999999
ENSG00000111537,ENSMUSG00000055170,39.298500000000004,60.701499999999996
ENSG00000160472,ENSMUSG00000013091,65.95705,34.042950000000005
ENSG00000143379,ENSMUSG00000015697,91.61885000000001,8.381149999999991
ENSG00000082641,ENSMUSG00000038615,95.21515,4.784850000000006
ENSG00000050344,ENSMUSG00000029832,69.02435,30.97565
ENSG00000123405,ENSMUSG00000058794,88.7399,11.260099999999994
ENSG00000116044,ENSMUSG00000015839,81.53434999999999,18.46565000000001
ENSG00000133619,ENSMUSG00000042810,59.292950000000005,40.707049999999995
ENSG00000188021,ENSMUSG00000050148,88.44195,11.558049999999994
ENSG00000131143,ENSMUSG00000031818,78.1065,21.893500000000003
ENSG00000131055,ENSMUSG00000009876,74.0531,25.9469
ENSG00000244588,ENSMUSG00000074704,73.5326,26.467399999999998
ENSG00000100154,ENSMUSG00000033209,90.2459,9.754099999999994
ENSG00000130270,ENSMUSG00000003341,63.76835,36.23165
ENSG00000185633,ENSMUSG00000040280,94.2529,5.747100000000003
ENSG00000197757,ENSMUSG00000001661,100.0,0.0
ENSG00000196535,ENSMUSG00000000631,82.9572,17.0428
ENSG00000111490,ENSMUSG00000052302,90.89815,9.101849999999999
ENSG00000243627,ENSMUSG00000116967,57.676500000000004,42.323499999999996
ENSG00000129194,ENSMUSG00000041287,75.0014,24.998599999999996
ENSG00000151876,ENSMUSG00000022184,87.8244,12.175600000000003
ENSG00000072133,ENSMUSG00000025665,88.3066,11.693399999999997
ENSG00000156502,ENSMUSG00000020079,88.1807,11.819299999999998
ENSG00000177989,ENSMUSG00000047394,74.5565,25.4435
ENSG00000198837,ENSMUSG00000042404,93.34864999999999,6.651350000000008
ENSG00000178796,ENSMUSG00000028139,68.41890000000001,31.581099999999992
ENSG00000160294,ENSMUSG00000001150,78.7653,21.234700000000004
ENSG00000185838,ENSMUSG00000000884,80.2452,19.754800000000003
ENSG00000172273,ENSMUSG00000032119,86.09465,13.905349999999999
ENSG00000011198,ENSMUSG00000032540,94.57220000000001,5.427799999999991
ENSG00000100439,ENSMUSG00000040997,93.1535,6.846500000000006
ENSG00000197106,ENSMUSG00000027894,96.5612,3.4388000000000005
ENSG00000155111,ENSMUSG00000038481,96.51055,3.489450000000005
ENSG00000188676,ENSMUSG00000031549,72.16794999999999,27.83205000000001
ENSG00000166762,ENSMUSG00000033486,65.65075,34.34925
ENSG00000108984,ENSMUSG00000020623,97.9042,2.095799999999997
ENSG00000197540,ENSMUSG00000054206,65.65485000000001,34.34514999999999
ENSG00000214782,ENSMUSG00000094584,48.2339,51.7661
ENSG00000100167,ENSMUSG00000022456,67.13125,32.868750000000006
ENSG00000163877,ENSMUSG00000050213,84.7476,15.252399999999994
ENSG00000198604,ENSMUSG00000035021,87.25880000000001,12.741199999999992
ENSG00000137492,ENSMUSG00000030753,94.93125,5.068749999999994
ENSG00000182310,ENSMUSG00000080316,62.1736,37.8264
ENSG00000175130,ENSMUSG00000047945,95.20515,4.794849999999997
ENSG00000126947,ENSMUSG00000033460,84.48935,15.510649999999998
ENSG00000065621,ENSMUSG00000025069,83.10435,16.895650000000003
ENSG00000169139,ENSMUSG00000022674,98.6207,1.3793000000000006
ENSG00000184465,ENSMUSG00000046991,61.38075,38.61925
ENSG00000148019,ENSMUSG00000041491,73.9514,26.048599999999993
ENSG00000198722,ENSMUSG00000028456,72.7401,27.259900000000002
ENSG00000133641,ENSMUSG00000046567,84.04984999999999,15.950150000000008
ENSG00000148341,ENSMUSG00000026860,95.6317,4.368300000000005
ENSG00000167207,ENSMUSG00000055994,79.2695,20.730500000000006
ENSG00000163497,ENSMUSG00000055197,96.0004,3.999600000000001
ENSG00000137802,ENSMUSG00000033902,86.3772,13.622799999999998
ENSG00000163491,ENSMUSG00000042567,89.3274,10.672600000000003
ENSG00000179564,ENSMUSG00000103409,79.13825,20.86175
ENSG00000170703,ENSMUSG00000038756,64.4361,35.563900000000004
ENSG00000132259,ENSMUSG00000030897,93.2174,6.782600000000002
ENSG00000159685,ENSMUSG00000030086,62.9507,37.0493
ENSG00000106554,ENSMUSG00000053768,90.3084,9.691599999999994
ENSG00000177169,ENSMUSG00000029512,89.7668,10.233199999999997
ENSG00000215475,ENSMUSG00000091722,90.13065,9.869349999999997
ENSG00000198125,ENSMUSG00000018893,83.7662,16.233800000000002
ENSG00000164100,ENSMUSG00000027977,93.4708,6.529200000000003
ENSG00000111229,ENSMUSG00000029465,97.7528,2.2472000000000065
ENSG00000137975,ENSMUSG00000036960,72.25465,27.745350000000002
ENSG00000175287,ENSMUSG00000079484,85.9107,14.089299999999994
ENSG00000284862,ENSMUSG00000027676,75.61265,24.387349999999998
ENSG00000140807,ENSMUSG00000031661,87.1414,12.858599999999996
ENSG00000145506,ENSMUSG00000021567,76.9829,23.0171
ENSG00000186895,ENSMUSG00000031074,81.41749999999999,18.58250000000001
ENSG00000180543,ENSMUSG00000038984,72.67395,27.326049999999995
ENSG00000167981,ENSMUSG00000039789,62.3984,37.6016
ENSG00000081913,ENSMUSG00000044340,87.72715,12.272850000000005
ENSG00000048545,ENSMUSG00000023982,91.31569999999999,8.684300000000007
ENSG00000188051,ENSMUSG00000043664,67.3338,32.6662
ENSG00000131475,ENSMUSG00000078656,98.8636,1.1363999999999947
ENSG00000110696,ENSMUSG00000030663,95.6073,4.392700000000005
ENSG00000112234,ENSMUSG00000040410,93.3977,6.6023
ENSG00000129968,ENSMUSG00000003346,91.9355,8.064499999999995
ENSG00000104889,ENSMUSG00000052926,87.001,12.998999999999995
ENSG00000114423,ENSMUSG00000022637,95.2139,4.786100000000005
ENSG00000163516,ENSMUSG00000026199,77.22210000000001,22.77789999999999
ENSG00000058272,ENSMUSG00000019907,93.54055,6.459450000000004
ENSG00000184226,ENSMUSG00000055421,97.39595,2.604050000000001
ENSG00000101474,ENSMUSG00000033096,89.53085,10.469149999999999
ENSG00000133561,ENSMUSG00000047867,50.2751,49.7249
ENSG00000198445,ENSMUSG00000038044,63.0933,36.9067
ENSG00000214700,ENSMUSG00000040163,39.4225,60.5775
ENSG00000125648,ENSMUSG00000046329,93.68995,6.310050000000004
ENSG00000101191,ENSMUSG00000038914,74.4671,25.532899999999998
ENSG00000008710,ENSMUSG00000032855,78.33885000000001,21.661149999999992
ENSG00000197299,ENSMUSG00000030528,76.4457,23.554299999999998
ENSG00000205659,ENSMUSG00000085793,100.0,0.0
ENSG00000153140,ENSMUSG00000021537,98.8024,1.1975999999999942
ENSG00000100983,ENSMUSG00000027610,88.6076,11.392399999999995
ENSG00000186073,ENSMUSG00000040282,95.0178,4.982200000000006
ENSG00000198363,ENSMUSG00000028207,82.46555000000001,17.534449999999993
ENSG00000115138,ENSMUSG00000020660,74.806,25.194000000000003
ENSG00000072071,ENSMUSG00000013033,96.7074,3.292599999999993
ENSG00000204052,ENSMUSG00000071073,98.7342,1.2657999999999987
ENSG00000112761,ENSMUSG00000062074,78.2486,21.751400000000004
ENSG00000177143,ENSMUSG00000050996,90.6977,9.302300000000002
ENSG00000078140,ENSMUSG00000029203,100.0,0.0
ENSG00000105135,ENSMUSG00000032763,86.3924,13.607600000000005
ENSG00000143437,ENSMUSG00000015522,91.7723,8.227699999999999
ENSG00000189241,ENSMUSG00000047514,64.54175000000001,35.45824999999999
ENSG00000105131,ENSMUSG00000037577,76.5304,23.4696
ENSG00000122481,ENSMUSG00000028133,78.6517,21.348299999999995
ENSG00000081277,ENSMUSG00000026413,94.91075000000001,5.089249999999993
ENSG00000137714,ENSMUSG00000032051,75.8152,24.184799999999996
ENSG00000101868,ENSMUSG00000006678,88.101,11.899000000000001
ENSG00000012817,ENSMUSG00000056673,80.53195,19.468050000000005
ENSG00000004809,ENSMUSG00000019834,49.191,50.809
ENSG00000126860,ENSMUSG00000078771,63.66765,36.33235
ENSG00000106404,ENSMUSG00000001739,77.80260000000001,22.197399999999988
ENSG00000235098,ENSMUSG00000078487,65.66895,34.331050000000005
ENSG00000145833,ENSMUSG00000021500,98.9341,1.0658999999999992
ENSG00000135631,ENSMUSG00000051343,74.338,25.662000000000006
ENSG00000110786,ENSMUSG00000030854,88.1066,11.8934
ENSG00000100426,ENSMUSG00000034333,82.85605,17.143950000000004
ENSG00000070540,ENSMUSG00000041895,94.3946,5.605400000000003
ENSG00000170571,ENSMUSG00000021728,64.2327,35.767300000000006
ENSG00000182899,ENSMUSG00000060636,99.0909,0.9090999999999951
ENSG00000105679,ENSMUSG00000061099,78.6497,21.350300000000004
ENSG00000131437,ENSMUSG00000018395,97.58795,2.4120499999999936
ENSG00000188931,ENSMUSG00000026649,65.11725,34.88275
ENSG00000169604,ENSMUSG00000033420,96.09264999999999,3.907350000000008
ENSG00000169906,ENSMUSG00000040808,74.6835,25.316500000000005
ENSG00000174886,ENSMUSG00000002379,64.0877,35.9123
ENSG00000138760,ENSMUSG00000029426,85.7741,14.225899999999996
ENSG00000135218,ENSMUSG00000002944,84.1102,15.889799999999994
ENSG00000073060,ENSMUSG00000037936,79.5678,20.432199999999995
ENSG00000119471,ENSMUSG00000028383,80.68350000000001,19.31649999999999
ENSG00000183888,ENSMUSG00000070637,45.1955,54.8045
ENSG00000128294,ENSMUSG00000029344,94.55529999999999,5.444700000000012
ENSG00000169902,ENSMUSG00000034118,96.4865,3.5134999999999934
ENSG00000213906,ENSMUSG00000040432,92.20125,7.798749999999998
ENSG00000100307,ENSMUSG00000053411,88.4462,11.553799999999995
ENSG00000197296,ENSMUSG00000048486,87.4046,12.595399999999998
ENSG00000139914,ENSMUSG00000022215,96.2329,3.7670999999999992
ENSG00000122299,ENSMUSG00000037965,85.31685,14.683149999999998
ENSG00000100403,ENSMUSG00000022390,95.96795,4.032049999999998
ENSG00000173064,ENSMUSG00000042744,97.1028,2.897199999999998
ENSG00000143420,ENSMUSG00000038619,98.3471,1.6529000000000025
ENSG00000117906,ENSMUSG00000032320,92.9377,7.062299999999993
ENSG00000128595,ENSMUSG00000029767,98.0952,1.9047999999999945
ENSG00000049449,ENSMUSG00000005973,95.12989999999999,4.870100000000008
ENSG00000142552,ENSMUSG00000019539,92.6829,7.317099999999996
ENSG00000078808,ENSMUSG00000029076,86.59825000000001,13.401749999999993
ENSG00000136286,ENSMUSG00000020437,90.59819999999999,9.401800000000009
ENSG00000100311,ENSMUSG00000000489,89.6266,10.373400000000004
ENSG00000108773,ENSMUSG00000020918,97.6622,2.3378000000000014
ENSG00000198746,ENSMUSG00000028850,84.5714,15.428600000000003
ENSG00000111653,ENSMUSG00000030330,98.59195,1.408050000000003
ENSG00000188505,ENSMUSG00000047586,72.14245,27.857550000000003
ENSG00000196628,ENSMUSG00000053477,96.4279,3.572100000000006
ENSG00000204694,ENSMUSG00000064121,74.2046,25.7954
ENSG00000158458,ENSMUSG00000060275,82.7699,17.230099999999993
ENSG00000186010,ENSMUSG00000036199,83.3333,16.666700000000006
ENSG00000176658,ENSMUSG00000035441,97.7137,2.286299999999997
ENSG00000127774,ENSMUSG00000047260,100.0,0.0
ENSG00000138071,ENSMUSG00000020152,100.0,0.0
ENSG00000120337,ENSMUSG00000066755,50.8638,49.1362
ENSG00000114200,ENSMUSG00000027792,79.5021,20.4979
ENSG00000198597,ENSMUSG00000043456,88.6242,11.375799999999998
ENSG00000110076,ENSMUSG00000033768,98.2467,1.7532999999999959
ENSG00000011105,ENSMUSG00000030352,97.0711,2.9288999999999987
ENSG00000141577,ENSMUSG00000039781,73.93165,26.068349999999995
ENSG00000130528,ENSMUSG00000038239,51.95195,48.04805
ENSG00000143382,ENSMUSG00000015850,77.4659,22.534099999999995
ENSG00000138081,ENSMUSG00000005371,95.18870000000001,4.811299999999989
ENSG00000147912,ENSMUSG00000048232,94.0198,5.980199999999996
ENSG00000280165,ENSMUSG00000050505,92.4856,7.514399999999995
ENSG00000090061,ENSMUSG00000021258,96.0416,3.9583999999999975
ENSG00000260286,ENSMUSG00000085861,52.579499999999996,47.420500000000004
ENSG00000183814,ENSMUSG00000058729,97.048,2.951999999999998
ENSG00000136636,ENSMUSG00000026608,93.6196,6.3803999999999945
ENSG00000160410,ENSMUSG00000089832,92.9841,7.015900000000002
ENSG00000133026,ENSMUSG00000020900,98.3238,1.6761999999999944
ENSG00000176476,ENSMUSG00000030714,98.2935,1.7065000000000055
ENSG00000140990,ENSMUSG00000040048,79.89564999999999,20.10435000000001
ENSG00000125445,ENSMUSG00000046756,84.7107,15.289299999999997
ENSG00000185024,ENSMUSG00000011158,89.7266,10.273399999999995
ENSG00000154642,ENSMUSG00000022864,81.4426,18.5574
ENSG00000169432,ENSMUSG00000075316,93.30324999999999,6.696750000000009
ENSG00000167117,ENSMUSG00000094091,61.890499999999996,38.109500000000004
ENSG00000154945,ENSMUSG00000020864,92.754,7.245999999999995
ENSG00000205704,ENSMUSG00000068099,98.5294,1.4706000000000046
ENSG00000141526,ENSMUSG00000025161,89.2004,10.799599999999998
ENSG00000015413,ENSMUSG00000019278,72.3509,27.649100000000004
ENSG00000130158,ENSMUSG00000032198,90.8344,9.165599999999998
ENSG00000106009,ENSMUSG00000000148,73.64580000000001,26.35419999999999
ENSG00000168634,ENSMUSG00000067704,51.97135,48.02865
ENSG00000124257,ENSMUSG00000039873,90.5263,9.473699999999994
ENSG00000090905,ENSMUSG00000052707,93.18435,6.815650000000005
ENSG00000197921,ENSMUSG00000048001,90.69155,9.308449999999993
ENSG00000166387,ENSMUSG00000036528,87.77455,12.225449999999995
ENSG00000110841,ENSMUSG00000016487,88.8806,11.119399999999999
ENSG00000179071,ENSMUSG00000044362,77.42155,22.578450000000004
ENSG00000166930,ENSMUSG00000054523,69.02154999999999,30.97845000000001
ENSG00000070269,ENSMUSG00000036339,81.88965,18.110349999999997
ENSG00000178226,ENSMUSG00000070371,80.32775000000001,19.67224999999999
ENSG00000058600,ENSMUSG00000030880,92.38380000000001,7.616199999999992
ENSG00000009780,ENSMUSG00000028878,98.3713,1.628699999999995
ENSG00000167104,ENSMUSG00000068009,72.0635,27.936499999999995
ENSG00000078898,ENSMUSG00000027481,67.8274,32.1726
ENSG00000186191,ENSMUSG00000074665,74.70060000000001,25.29939999999999
ENSG00000186190,ENSMUSG00000068008,78.51859999999999,21.481400000000008
ENSG00000131059,ENSMUSG00000027482,62.9386,37.0614
ENSG00000125999,ENSMUSG00000027485,58.670249999999996,41.329750000000004
ENSG00000131050,ENSMUSG00000042459,32.258399999999995,67.7416
ENSG00000100979,ENSMUSG00000017754,81.9473,18.0527
ENSG00000164292,ENSMUSG00000021589,95.7447,4.255300000000005
ENSG00000215695,ENSMUSG00000078515,43.78105,56.21895
ENSG00000240045,ENSMUSG00000103476,75.37815,24.621849999999995
ENSG00000124164,ENSMUSG00000054455,90.1235,9.876499999999993
ENSG00000133104,ENSMUSG00000036580,85.8651,14.134900000000002
ENSG00000203870,ENSMUSG00000073094,35.67055,64.32945000000001
ENSG00000173848,ENSMUSG00000021215,80.2229,19.777100000000004
ENSG00000049246,ENSMUSG00000028957,62.52835,37.47165
ENSG00000127922,ENSMUSG00000042541,100.0,0.0
ENSG00000241563,ENSMUSG00000028971,55.15945,44.84055
ENSG00000142961,ENSMUSG00000028709,97.6852,2.3148000000000053
ENSG00000120162,ENSMUSG00000073910,98.1481,1.8519000000000005
ENSG00000172081,ENSMUSG00000003348,94.47,5.530000000000001
ENSG00000173542,ENSMUSG00000006262,97.4956,2.504400000000004
ENSG00000114978,ENSMUSG00000043131,100.0,0.0
ENSG00000170579,ENSMUSG00000003279,95.28229999999999,4.717700000000008
ENSG00000185972,ENSMUSG00000070999,93.0272,6.9728000000000065
ENSG00000185652,ENSMUSG00000049107,95.74895000000001,4.251049999999992
ENSG00000134259,ENSMUSG00000027859,85.0622,14.937799999999996
ENSG00000225950,ENSMUSG00000074121,91.17,8.829999999999998
ENSG00000176697,ENSMUSG00000048482,90.4809,9.519099999999995
ENSG00000103121,ENSMUSG00000014633,82.2785,17.721500000000006
ENSG00000072182,ENSMUSG00000033007,97.5881,2.411900000000003
ENSG00000121753,ENSMUSG00000028782,95.50975,4.490250000000003
ENSG00000215305,ENSMUSG00000027411,97.0203,2.979699999999994
ENSG00000104332,ENSMUSG00000031548,94.9045,5.095500000000001
ENSG00000263201,ENSMUSG00000115768,58.94655,41.05345
ENSG00000167094,ENSMUSG00000039021,51.42765,48.57235
ENSG00000215041,ENSMUSG00000047284,95.68,4.319999999999993
ENSG00000177108,ENSMUSG00000048483,92.3954,7.604600000000005
ENSG00000124249,ENSMUSG00000035238,72.8355,27.164500000000004
ENSG00000053254,ENSMUSG00000033713,94.2836,5.716399999999993
ENSG00000166523,ENSMUSG00000030142,66.0596,33.9404
ENSG00000162975,ENSMUSG00000051726,96.45400000000001,3.5459999999999923
ENSG00000114115,ENSMUSG00000046402,81.14305,18.856949999999998
ENSG00000079819,ENSMUSG00000019978,82.99655,17.00345
ENSG00000120915,ENSMUSG00000022040,73.03885,26.961150000000004
ENSG00000177606,ENSMUSG00000052684,96.8441,3.1559000000000026
ENSG00000188816,ENSMUSG00000050100,93.7729,6.227099999999993
ENSG00000084623,ENSMUSG00000028798,99.3846,0.615399999999994
ENSG00000122705,ENSMUSG00000028478,93.0897,6.9103000000000065
ENSG00000211829,ENSMUSG00000104876,72.31345,27.686549999999997
ENSG00000197410,ENSMUSG00000102692,74.37944999999999,25.62055000000001
ENSG00000111057,ENSMUSG00000023043,87.93090000000001,12.069099999999992
ENSG00000135245,ENSMUSG00000043421,77.17015,22.829849999999993
ENSG00000100075,ENSMUSG00000003528,94.2122,5.787800000000004
ENSG00000057757,ENSMUSG00000028669,98.1043,1.895700000000005
ENSG00000066135,ENSMUSG00000033326,93.609,6.391000000000005
ENSG00000117519,ENSMUSG00000053931,97.72405,2.2759499999999946
ENSG00000157259,ENSMUSG00000007415,93.08705,6.912949999999995
ENSG00000100804,ENSMUSG00000022193,93.35895,6.641050000000007
ENSG00000115355,ENSMUSG00000032740,94.08425,5.915750000000003
ENSG00000122507,ENSMUSG00000035919,87.81049999999999,12.18950000000001
ENSG00000163520,ENSMUSG00000064080,82.30155,17.698449999999994
ENSG00000197756,ENSMUSG00000046330,100.0,0.0
ENSG00000181904,ENSMUSG00000045767,93.617,6.382999999999996
ENSG00000127580,ENSMUSG00000025737,95.5696,4.430400000000006
ENSG00000132749,ENSMUSG00000024905,66.19874999999999,33.80125000000001
ENSG00000041357,ENSMUSG00000032301,98.8506,1.1494
ENSG00000133640,ENSMUSG00000019892,58.74565,41.25435
ENSG00000184260,ENSMUSG00000068855,100.0,0.0
ENSG00000246705,ENSMUSG00000060032,98.4496,1.5503999999999962
ENSG00000184270,ENSMUSG00000063689,99.2308,0.7691999999999979
ENSG00000108094,ENSMUSG00000024231,97.3154,2.684600000000003
ENSG00000101292,ENSMUSG00000050558,89.936,10.063999999999993
ENSG00000077150,ENSMUSG00000025225,91.82885,8.171149999999997
ENSG00000080031,ENSMUSG00000035429,54.43,45.57
ENSG00000181830,ENSMUSG00000049922,87.7581,12.241900000000001
ENSG00000204922,ENSMUSG00000071654,57.170500000000004,42.829499999999996
ENSG00000008197,ENSMUSG00000042596,99.5575,0.44249999999999545
ENSG00000116819,ENSMUSG00000042477,93.2127,6.787300000000002
ENSG00000008196,ENSMUSG00000025927,99.8913,0.10869999999999891
ENSG00000087510,ENSMUSG00000028640,89.4328,10.5672
ENSG00000137203,ENSMUSG00000021359,92.0156,7.984399999999994
ENSG00000113211,ENSMUSG00000047307,77.98755,22.01245
ENSG00000183150,ENSMUSG00000032641,89.1566,10.843400000000003
ENSG00000173801,ENSMUSG00000001552,98.3893,1.6106999999999942
ENSG00000169967,ENSMUSG00000024383,96.2843,3.7156999999999982
ENSG00000060237,ENSMUSG00000045962,76.3752,23.624799999999993
ENSG00000064651,ENSMUSG00000024597,94.29339999999999,5.706600000000009
ENSG00000198203,ENSMUSG00000023122,83.1081,16.891900000000007
ENSG00000132694,ENSMUSG00000041977,85.16465,14.835350000000005
ENSG00000164047,ENSMUSG00000038357,54.38785,45.61215
ENSG00000140750,ENSMUSG00000030766,80.84100000000001,19.158999999999992
ENSG00000196636,ENSMUSG00000042505,82.4,17.599999999999994
ENSG00000184378,ENSMUSG00000037737,79.0836,20.916399999999996
ENSG00000283439,ENSMUSG00000109737,47.5107,52.4893
ENSG00000175793,ENSMUSG00000047281,97.5806,2.419399999999996
ENSG00000164924,ENSMUSG00000022285,99.5918,0.4081999999999937
ENSG00000166913,ENSMUSG00000018326,98.7805,1.2194999999999965
ENSG00000123561,ENSMUSG00000031271,75.16149999999999,24.83850000000001
ENSG00000166340,ENSMUSG00000030894,88.35565,11.644350000000003
ENSG00000116668,ENSMUSG00000052748,70.0619,29.938100000000006
ENSG00000236279,ENSMUSG00000079598,95.53415000000001,4.465849999999989
ENSG00000154079,ENSMUSG00000026154,68.89245,31.107550000000003
ENSG00000013810,ENSMUSG00000037313,44.21085,55.78915
ENSG00000067369,ENSMUSG00000043909,80.99375,19.006249999999994
ENSG00000163788,ENSMUSG00000038145,90.1634,9.836600000000004
ENSG00000196860,ENSMUSG00000021078,60.5263,39.4737
ENSG00000173726,ENSMUSG00000093904,99.3103,0.689700000000002
ENSG00000132518,ENSMUSG00000020890,85.21075,14.789249999999996
ENSG00000168032,ENSMUSG00000041608,81.2854,18.714600000000004
ENSG00000054179,ENSMUSG00000015085,83.4343,16.565700000000007
ENSG00000188833,ENSMUSG00000036813,74.19385,25.806150000000002
ENSG00000138185,ENSMUSG00000048120,75.4902,24.5098
ENSG00000116698,ENSMUSG00000042772,93.38505,6.614949999999993
ENSG00000160094,ENSMUSG00000028799,98.32990000000001,1.6700999999999908
ENSG00000070831,ENSMUSG00000006699,100.0,0.0
ENSG00000170421,ENSMUSG00000049382,90.4466,9.553399999999996
ENSG00000100292,ENSMUSG00000005413,81.80265,18.19735
ENSG00000103415,ENSMUSG00000004070,89.0652,10.934799999999996
ENSG00000162600,ENSMUSG00000035069,70.62254999999999,29.37745000000001
ENSG00000169914,ENSMUSG00000041161,82.11635,17.883650000000003
ENSG00000125430,ENSMUSG00000070407,88.4615,11.538499999999999
ENSG00000138685,ENSMUSG00000037225,95.1466,4.8533999999999935
ENSG00000139173,ENSMUSG00000063296,95.9144,4.0855999999999995
ENSG00000143742,ENSMUSG00000026511,93.0233,6.976699999999994
ENSG00000113048,ENSMUSG00000041632,76.47774999999999,23.522250000000014
ENSG00000129667,ENSMUSG00000020806,91.8984,8.101600000000005
ENSG00000007541,ENSMUSG00000025728,83.6489,16.351100000000002
ENSG00000197321,ENSMUSG00000024236,79.94475,20.05525
ENSG00000125726,ENSMUSG00000019489,56.70255,43.29745
ENSG00000122121,ENSMUSG00000037005,81.3056,18.6944
ENSG00000113648,ENSMUSG00000015937,91.7694,8.230599999999995
ENSG00000164508,ENSMUSG00000060081,86.9282,13.071799999999996
ENSG00000156113,ENSMUSG00000063142,87.923,12.076999999999998
ENSG00000142186,ENSMUSG00000024941,90.58255,9.417450000000002
ENSG00000143553,ENSMUSG00000001018,97.7941,2.2058999999999997
ENSG00000006740,ENSMUSG00000033389,93.99565,6.004350000000002
ENSG00000113430,ENSMUSG00000021604,82.39965000000001,17.60034999999999
ENSG00000125864,ENSMUSG00000027420,67.167,32.833
ENSG00000113263,ENSMUSG00000020395,93.8168,6.183199999999999
ENSG00000180822,ENSMUSG00000071451,89.4309,10.569100000000006
ENSG00000074603,ENSMUSG00000032393,95.3807,4.6192999999999955
ENSG00000138660,ENSMUSG00000074238,90.6707,9.329300000000003
ENSG00000177200,ENSMUSG00000056608,91.45660000000001,8.543399999999991
ENSG00000009790,ENSMUSG00000037318,72.83725,27.162750000000003
ENSG00000180628,ENSMUSG00000024805,96.0938,3.9061999999999983
ENSG00000100345,ENSMUSG00000022443,97.0918,2.9081999999999937
ENSG00000121413,ENSMUSG00000070822,40.4405,59.5595
ENSG00000163867,ENSMUSG00000042408,69.36895000000001,30.631049999999988
ENSG00000181555,ENSMUSG00000044791,83.19305,16.80695
ENSG00000166816,ENSMUSG00000031958,85.3306,14.669399999999996
ENSG00000255359,ENSMUSG00000094445,62.22565,37.77435
ENSG00000149532,ENSMUSG00000034820,97.75829999999999,2.2417000000000087
ENSG00000111605,ENSMUSG00000055531,96.50215,3.4978499999999997
ENSG00000213889,ENSMUSG00000030402,72.73255,27.267449999999997
ENSG00000111790,ENSMUSG00000040242,92.05994999999999,7.940050000000014
ENSG00000052723,ENSMUSG00000027854,91.7874,8.212599999999995
ENSG00000178852,ENSMUSG00000020690,11.262485,88.737515
ENSG00000083799,ENSMUSG00000036712,94.8195,5.180499999999995
ENSG00000037042,ENSMUSG00000045007,97.561,2.438999999999993
ENSG00000127362,ENSMUSG00000052850,62.29235,37.70765
ENSG00000121377,ENSMUSG00000054497,67.62514999999999,32.37485000000001
ENSG00000186136,ENSMUSG00000057699,46.796800000000005,53.203199999999995
ENSG00000182923,ENSMUSG00000032534,78.41364999999999,21.58635000000001
ENSG00000165325,ENSMUSG00000039977,80.4984,19.501599999999996
ENSG00000122483,ENSMUSG00000056531,84.3299,15.670100000000005
ENSG00000197958,ENSMUSG00000038900,99.3939,0.6060999999999979
ENSG00000105707,ENSMUSG00000001249,87.87530000000001,12.12469999999999
ENSG00000124788,ENSMUSG00000046876,88.31365,11.686350000000004
ENSG00000224470,ENSMUSG00000069895,93.7502,6.249799999999993
ENSG00000143674,ENSMUSG00000031853,69.3029,30.697100000000006
ENSG00000162630,ENSMUSG00000033849,94.5498,5.450199999999995
ENSG00000136261,ENSMUSG00000020547,99.0453,0.9547000000000025
ENSG00000082153,ENSMUSG00000051223,100.0,0.0
ENSG00000178776,ENSMUSG00000071858,66.74080000000001,33.25919999999999
ENSG00000064218,ENSMUSG00000042372,90.71889999999999,9.28110000000001
ENSG00000112782,ENSMUSG00000023959,70.43495,29.56505
ENSG00000172780,ENSMUSG00000030055,90.9973,9.002700000000004
ENSG00000135622,ENSMUSG00000000627,90.88745,9.112549999999999
ENSG00000022355,ENSMUSG00000010803,98.5731,1.4269000000000034
ENSG00000244355,ENSMUSG00000073413,62.69005,37.30995
ENSG00000204424,ENSMUSG00000034923,65.66329999999999,34.33670000000001
ENSG00000253729,ENSMUSG00000022672,79.1182,20.8818
ENSG00000107036,ENSMUSG00000038658,92.935,7.064999999999998
ENSG00000205138,ENSMUSG00000074211,78.1245,21.875500000000002
ENSG00000214113,ENSMUSG00000046573,89.011,10.989000000000004
ENSG00000100592,ENSMUSG00000034574,96.87815,3.121849999999995
ENSG00000126247,ENSMUSG00000001794,94.403,5.596999999999994
ENSG00000105321,ENSMUSG00000041375,74.18715,25.812849999999997
ENSG00000188549,ENSMUSG00000045838,65.25919999999999,34.74080000000001
ENSG00000122644,ENSMUSG00000047446,99.5,0.5
ENSG00000144711,ENSMUSG00000034312,93.0002,6.999799999999993
ENSG00000221986,ENSMUSG00000068745,83.21594999999999,16.784050000000008
ENSG00000162998,ENSMUSG00000027004,91.66755,8.332449999999994
ENSG00000179295,ENSMUSG00000043733,99.1608,0.8392000000000053
ENSG00000133874,ENSMUSG00000039328,96.7742,3.2258000000000067
ENSG00000113638,ENSMUSG00000022151,82.0611,17.938900000000004
ENSG00000258083,ENSMUSG00000045514,84.3949,15.605099999999993
ENSG00000125503,ENSMUSG00000019254,87.2123,12.787700000000001
ENSG00000182378,ENSMUSG00000064247,64.86805000000001,35.13194999999999
ENSG00000133226,ENSMUSG00000028809,94.70095,5.299049999999994
ENSG00000175283,ENSMUSG00000075419,94.96405,5.03595
ENSG00000175931,ENSMUSG00000020802,94.03125,5.96875
ENSG00000139291,ENSMUSG00000069520,87.2024,12.797600000000003
ENSG00000166592,ENSMUSG00000031880,92.6832,7.316800000000001
ENSG00000112964,ENSMUSG00000055737,68.95009999999999,31.049900000000008
ENSG00000186094,ENSMUSG00000061298,83.51835,16.481650000000002
ENSG00000198046,ENSMUSG00000054893,74.4873,25.512699999999995
ENSG00000006432,ENSMUSG00000042724,95.0094,4.990600000000001
ENSG00000090013,ENSMUSG00000040466,93.2039,6.796099999999996
ENSG00000137692,ENSMUSG00000032002,96.2025,3.7974999999999994
ENSG00000075643,ENSMUSG00000039616,75.2166,24.7834
ENSG00000172936,ENSMUSG00000032508,81.7568,18.2432
ENSG00000158825,ENSMUSG00000028755,81.5069,18.4931
ENSG00000254470,ENSMUSG00000049562,77.8792,22.120800000000003
ENSG00000188529,ENSMUSG00000028676,100.0,0.0
ENSG00000198912,ENSMUSG00000047613,66.435,33.565
ENSG00000119711,ENSMUSG00000021238,94.7664,5.233599999999996
ENSG00000107745,ENSMUSG00000020111,91.97569999999999,8.02430000000001
ENSG00000155970,ENSMUSG00000039478,92.12180000000001,7.8781999999999925
ENSG00000165487,ENSMUSG00000021973,86.14365000000001,13.856349999999992
ENSG00000157778,ENSMUSG00000029551,91.8033,8.196700000000007
ENSG00000140955,ENSMUSG00000024266,68.20705,31.792950000000005
ENSG00000166037,ENSMUSG00000031922,87.6,12.400000000000006
ENSG00000183137,ENSMUSG00000019813,71.40289999999999,28.59710000000001
ENSG00000143450,ENSMUSG00000028141,85.37955,14.620450000000005
ENSG00000198089,ENSMUSG00000023764,64.04294999999999,35.95705000000001
ENSG00000163617,ENSMUSG00000022701,68.99755,31.002449999999996
ENSG00000148798,ENSMUSG00000034336,94.0004,5.999600000000001
ENSG00000178187,ENSMUSG00000048728,78.8418,21.158199999999994
ENSG00000173212,ENSMUSG00000044313,70.54405,29.45595
ENSG00000172478,ENSMUSG00000034159,76.0869,23.9131
ENSG00000180660,ENSMUSG00000056947,100.0,0.0
ENSG00000181541,ENSMUSG00000057777,99.7215,0.278499999999994
ENSG00000198885,ENSMUSG00000074825,87.11895000000001,12.881049999999988
ENSG00000148841,ENSMUSG00000117975,77.68105,22.31895
ENSG00000205730,ENSMUSG00000095115,85.4206,14.579400000000007
ENSG00000164430,ENSMUSG00000032344,55.5998,44.4002
ENSG00000231213,ENSMUSG00000095654,87.7091,12.290899999999993
ENSG00000164114,ENSMUSG00000033900,70.06965,29.930350000000004
ENSG00000198938,ENSMUSG00000064358,86.9732,13.026799999999994
ENSG00000141219,ENSMUSG00000041623,46.36105,53.63895
ENSG00000109158,ENSMUSG00000029211,90.59705,9.402950000000004
ENSG00000184445,ENSMUSG00000029414,81.0236,18.976399999999998
ENSG00000131746,ENSMUSG00000017607,75.7047,24.295299999999997
ENSG00000037749,ENSMUSG00000020522,82.1653,17.834699999999998
ENSG00000198948,ENSMUSG00000031647,89.9755,10.024500000000003
ENSG00000003436,ENSMUSG00000027082,59.017,40.983
ENSG00000175928,ENSMUSG00000034648,95.5307,4.469300000000004
ENSG00000157933,ENSMUSG00000029050,93.33335,6.666650000000004
ENSG00000162931,ENSMUSG00000036964,76.5199,23.480099999999993
ENSG00000112144,ENSMUSG00000009828,86.59845,13.40155
ENSG00000137812,ENSMUSG00000027326,59.147149999999996,40.852850000000004
ENSG00000163781,ENSMUSG00000032555,77.11595,22.884050000000002
ENSG00000127529,ENSMUSG00000051190,71.67465,28.32535
ENSG00000184140,ENSMUSG00000108827,84.9359,15.064099999999996
ENSG00000250366,ENSMUSG00000097929,95.3846,4.615399999999994
ENSG00000100319,ENSMUSG00000009076,92.9412,7.058800000000005
ENSG00000179059,ENSMUSG00000051176,54.9238,45.0762
ENSG00000144559,ENSMUSG00000030316,81.8991,18.100899999999996
ENSG00000118194,ENSMUSG00000026414,87.67054999999999,12.329450000000008
ENSG00000132589,ENSMUSG00000061981,99.2991,0.7009000000000043
ENSG00000137312,ENSMUSG00000059714,98.24574999999999,1.7542500000000132
ENSG00000132702,ENSMUSG00000004894,91.63015,8.36985
ENSG00000149021,ENSMUSG00000024653,53.5142,46.4858
ENSG00000179104,ENSMUSG00000036019,95.6938,4.306200000000004
ENSG00000166091,ENSMUSG00000040759,71.3594,28.640600000000006
ENSG00000116198,ENSMUSG00000039523,80.49705,19.50295
ENSG00000088367,ENSMUSG00000027624,74.30985,25.690150000000003
ENSG00000129353,ENSMUSG00000057193,90.9348,9.065200000000004
ENSG00000184254,ENSMUSG00000015134,93.9453,6.054699999999997
ENSG00000138668,ENSMUSG00000000568,96.6197,3.3803000000000054
ENSG00000169826,ENSMUSG00000042042,92.6199,7.380099999999999
ENSG00000147408,ENSMUSG00000036356,91.3374,8.662599999999998
ENSG00000175224,ENSMUSG00000027244,88.07724999999999,11.922750000000008
ENSG00000072201,ENSMUSG00000029228,88.1868,11.813199999999995
ENSG00000161544,ENSMUSG00000020810,95.2632,4.736800000000002
ENSG00000116922,ENSMUSG00000044730,76.2752,23.724800000000002
ENSG00000145384,ENSMUSG00000023057,78.0303,21.969700000000003
ENSG00000156642,ENSMUSG00000032336,95.34604999999999,4.653950000000009
ENSG00000160447,ENSMUSG00000026785,83.64785,16.352149999999995
ENSG00000128694,ENSMUSG00000026096,85.0242,14.975800000000007
ENSG00000092094,ENSMUSG00000006289,93.4328,6.5672
ENSG00000139154,ENSMUSG00000030232,93.3467,6.6533000000000015
ENSG00000115970,ENSMUSG00000024251,78.6956,21.3044
ENSG00000162300,ENSMUSG00000024792,92.2581,7.741900000000001
ENSG00000170624,ENSMUSG00000020354,94.30080000000001,5.6991999999999905
ENSG00000254221,ENSMUSG00000103037,82.4952,17.504800000000003
ENSG00000170445,ENSMUSG00000001380,94.8919,5.108099999999993
ENSG00000112855,ENSMUSG00000019143,84.27305,15.726950000000002
ENSG00000047410,ENSMUSG00000006005,93.9832,6.0168000000000035
ENSG00000150540,ENSMUSG00000026986,83.47745,16.522549999999995
ENSG00000112335,ENSMUSG00000019804,100.0,0.0
ENSG00000147164,ENSMUSG00000046032,100.0,0.0
ENSG00000187676,ENSMUSG00000051950,84.30285,15.697149999999993
ENSG00000185716,ENSMUSG00000046096,100.0,0.0
ENSG00000136045,ENSMUSG00000001785,89.8204,10.179599999999994
ENSG00000100379,ENSMUSG00000033287,78.41005,21.58995
ENSG00000216588,ENSMUSG00000040498,43.2052,56.7948
ENSG00000027869,ENSMUSG00000028071,62.1472,37.8528
ENSG00000160801,ENSMUSG00000032492,90.37185,9.628150000000005
ENSG00000034693,ENSMUSG00000019809,93.9599,6.040099999999995
ENSG00000284395,ENSMUSG00000114245,65.56365,34.436350000000004
ENSG00000133794,ENSMUSG00000055116,97.8585,2.1414999999999935
ENSG00000163879,ENSMUSG00000042707,95.7364,4.263599999999997
ENSG00000145715,ENSMUSG00000021549,95.54135,4.458650000000006
ENSG00000137672,ENSMUSG00000031997,93.60560000000001,6.39439999999999
ENSG00000069018,ENSMUSG00000021541,98.1439,1.8560999999999979
ENSG00000138741,ENSMUSG00000027716,93.94115,6.058850000000007
ENSG00000101251,ENSMUSG00000074764,85.7558,14.244200000000006
ENSG00000101955,ENSMUSG00000090084,92.6724,7.327600000000004
ENSG00000164331,ENSMUSG00000021661,95.04025,4.95975
ENSG00000266524,ENSMUSG00000021943,83.4385,16.561499999999995
ENSG00000178562,ENSMUSG00000026012,68.03795,31.962050000000005
ENSG00000163599,ENSMUSG00000026011,74.8879,25.112099999999998
ENSG00000188710,ENSMUSG00000043102,64.7533,35.246700000000004
ENSG00000113369,ENSMUSG00000074794,98.0676,1.9324000000000012
ENSG00000117013,ENSMUSG00000028631,96.76495,3.235050000000001
ENSG00000103769,ENSMUSG00000004771,100.0,0.0
ENSG00000176422,ENSMUSG00000051346,84.5411,15.4589
ENSG00000204899,ENSMUSG00000033186,90.0563,9.943700000000007
ENSG00000161395,ENSMUSG00000038208,84.6875,15.3125
ENSG00000166183,ENSMUSG00000037686,79.3365,20.6635
ENSG00000090863,ENSMUSG00000003316,96.09205,3.9079499999999996
ENSG00000163154,ENSMUSG00000013707,94.0217,5.978300000000004
ENSG00000183578,ENSMUSG00000074345,90.6863,9.313699999999997
ENSG00000185361,ENSMUSG00000044469,81.7204,18.279600000000002
ENSG00000145779,ENSMUSG00000062210,91.7714,8.2286
ENSG00000169908,ENSMUSG00000027800,77.2277,22.7723
ENSG00000169903,ENSMUSG00000027801,87.6238,12.376199999999997
ENSG00000142484,ENSMUSG00000018919,81.9344,18.065600000000003
ENSG00000168955,ENSMUSG00000026149,75.16810000000001,24.83189999999999
ENSG00000145107,ENSMUSG00000079625,78.5583,21.441699999999997
ENSG00000031691,ENSMUSG00000023919,65.4208,34.5792
ENSG00000154864,ENSMUSG00000041482,90.53025,9.469750000000005
ENSG00000168827,ENSMUSG00000027774,90.9454,9.054599999999994
ENSG00000145476,ENSMUSG00000079057,81.9048,18.095200000000006
ENSG00000068912,ENSMUSG00000020311,96.4803,3.5197000000000003
ENSG00000135506,ENSMUSG00000040462,81.10645,18.893550000000005
ENSG00000168010,ENSMUSG00000047767,82.2875,17.712500000000006
ENSG00000085978,ENSMUSG00000026289,92.86125,7.138750000000002
ENSG00000260325,ENSMUSG00000017832,53.17785,46.82215
ENSG00000110057,ENSMUSG00000036908,90.7114,9.288600000000002
ENSG00000101680,ENSMUSG00000032796,76.1937,23.806299999999993
ENSG00000131370,ENSMUSG00000021892,92.22445,7.7755499999999955
ENSG00000175137,ENSMUSG00000013646,94.77725,5.222750000000005
ENSG00000162069,ENSMUSG00000043782,84.138,15.861999999999995
ENSG00000106261,ENSMUSG00000029729,89.8579,10.1421
ENSG00000141458,ENSMUSG00000024413,86.4188,13.581199999999995
ENSG00000168769,ENSMUSG00000040943,60.5058,39.4942
ENSG00000116747,ENSMUSG00000018199,89.777,10.222999999999999
ENSG00000121871,ENSMUSG00000048304,96.27005,3.7299500000000023
ENSG00000178726,ENSMUSG00000074743,67.70855,32.29145
ENSG00000164089,ENSMUSG00000019232,83.9679,16.0321
ENSG00000137474,ENSMUSG00000030761,95.9088,4.091200000000001
ENSG00000204020,ENSMUSG00000024770,81.70474999999999,18.29525000000001
ENSG00000204619,ENSMUSG00000036398,87.19255000000001,12.807449999999989
ENSG00000163539,ENSMUSG00000033392,87.96244999999999,12.03755000000001
ENSG00000255274,ENSMUSG00000091996,88.2353,11.764700000000005
ENSG00000163218,ENSMUSG00000042250,75.66900000000001,24.33099999999999
ENSG00000117859,ENSMUSG00000028559,95.146,4.853999999999999
ENSG00000170323,ENSMUSG00000062515,91.6667,8.333299999999994
ENSG00000158092,ENSMUSG00000032475,98.939,1.061000000000007
ENSG00000157168,ENSMUSG00000062991,77.066,22.933999999999997
ENSG00000135945,ENSMUSG00000026082,84.32005000000001,15.679949999999991
ENSG00000152147,ENSMUSG00000055760,85.88665,14.113349999999997
ENSG00000099260,ENSMUSG00000033377,80.5808,19.419200000000004
ENSG00000145191,ENSMUSG00000003235,88.03960000000001,11.960399999999993
ENSG00000149968,ENSMUSG00000043613,77.1488,22.851200000000006
ENSG00000197355,ENSMUSG00000026956,82.4458,17.554199999999994
ENSG00000117143,ENSMUSG00000026670,93.4866,6.513400000000004
ENSG00000169764,ENSMUSG00000001891,98.8189,1.1811000000000007
ENSG00000140284,ENSMUSG00000027359,82.4194,17.580600000000004
ENSG00000277363,ENSMUSG00000038453,84.96565000000001,15.03434999999999
ENSG00000126756,ENSMUSG00000001134,91.0828,8.917199999999994
ENSG00000134882,ENSMUSG00000041765,89.11485,10.885149999999996
ENSG00000175352,ENSMUSG00000034825,93.1397,6.860299999999995
ENSG00000053702,ENSMUSG00000001520,74.5,25.5
ENSG00000170967,ENSMUSG00000047619,80.11735,19.882649999999998
ENSG00000277481,ENSMUSG00000048827,51.585300000000004,48.414699999999996
ENSG00000165516,ENSMUSG00000020978,96.798,3.201999999999998
ENSG00000168878,ENSMUSG00000056370,71.24205,28.757949999999994
ENSG00000239697,ENSMUSG00000097328,89.1566,10.843400000000003
ENSG00000205336,ENSMUSG00000031785,79.3304,20.669600000000003
ENSG00000120837,ENSMUSG00000020248,99.0338,0.9662000000000006
ENSG00000176715,ENSMUSG00000015016,78.51885,21.48115
ENSG00000119953,ENSMUSG00000025024,99.5798,0.42019999999999413
ENSG00000144713,ENSMUSG00000057841,100.0,0.0
ENSG00000163945,ENSMUSG00000037355,71.95175,28.048249999999996
ENSG00000106367,ENSMUSG00000004849,100.0,0.0
ENSG00000182287,ENSMUSG00000031367,90.0,10.0
ENSG00000152056,ENSMUSG00000054702,95.4545,4.545500000000004
ENSG00000158792,ENSMUSG00000033594,85.41225,14.58775
ENSG00000158480,ENSMUSG00000047030,85.02615,14.973849999999999
ENSG00000164199,ENSMUSG00000069170,80.4983,19.5017
ENSG00000197177,ENSMUSG00000025475,80.86385,19.13615
ENSG00000100577,ENSMUSG00000021033,85.1852,14.814800000000005
ENSG00000187164,ENSMUSG00000041362,91.1252,8.874799999999993
ENSG00000172269,ENSMUSG00000032123,93.88804999999999,6.111950000000007
ENSG00000182866,ENSMUSG00000000409,96.6601,3.3399
ENSG00000147570,ENSMUSG00000027606,88.9447,11.055300000000003
ENSG00000119979,ENSMUSG00000024993,90.4762,9.523799999999994
ENSG00000196353,ENSMUSG00000032564,99.4614,0.5386000000000024
ENSG00000105967,ENSMUSG00000029553,73.3425,26.6575
ENSG00000113205,ENSMUSG00000045498,78.23235,21.767650000000003
ENSG00000132432,ENSMUSG00000078974,84.0,16.0
ENSG00000257093,ENSMUSG00000037172,96.2637,3.7363
ENSG00000205155,ENSMUSG00000036835,96.0396,3.960400000000007
ENSG00000155850,ENSMUSG00000034320,80.9202,19.079800000000006
ENSG00000145217,ENSMUSG00000046959,78.5769,21.423100000000005
ENSG00000147606,ENSMUSG00000040569,87.6524,12.3476
ENSG00000091137,ENSMUSG00000020651,87.5641,12.435900000000004
ENSG00000091138,ENSMUSG00000001225,81.00104999999999,18.998950000000008
ENSG00000112053,ENSMUSG00000036196,64.71695,35.28305
ENSG00000181045,ENSMUSG00000039908,81.41075000000001,18.589249999999993
ENSG00000124171,ENSMUSG00000044641,91.52105,8.478949999999998
ENSG00000178184,ENSMUSG00000056214,77.84125,22.158749999999998
ENSG00000102981,ENSMUSG00000005699,92.90905000000001,7.090949999999992
ENSG00000016391,ENSMUSG00000015970,83.02545,16.974549999999994
ENSG00000283434,ENSMUSG00000068167,44.2957,55.7043
ENSG00000205593,ENSMUSG00000015377,91.2821,8.7179
ENSG00000174839,ENSMUSG00000040818,95.1366,4.863399999999999
ENSG00000138398,ENSMUSG00000042133,93.22725,6.772750000000002
ENSG00000122140,ENSMUSG00000035772,70.1925,29.807500000000005
ENSG00000102908,ENSMUSG00000003847,92.4864,7.513599999999997
ENSG00000152208,ENSMUSG00000071424,97.6167,2.3833000000000055
ENSG00000101546,ENSMUSG00000024570,59.1691,40.8309
ENSG00000048342,ENSMUSG00000039765,85.09205,14.90795
ENSG00000132388,ENSMUSG00000020794,100.0,0.0
ENSG00000144224,ENSMUSG00000026353,89.54669999999999,10.453300000000013
ENSG00000180773,ENSMUSG00000043885,88.6468,11.353200000000001
ENSG00000117155,ENSMUSG00000036825,87.5509,12.449100000000001
ENSG00000136197,ENSMUSG00000039182,92.6366,7.363399999999999
ENSG00000175143,ENSMUSG00000072707,86.29939999999999,13.700600000000009
ENSG00000198104,ENSMUSG00000052417,80.46195,19.53805
ENSG00000170632,ENSMUSG00000038525,75.12865,24.871350000000007
ENSG00000075142,ENSMUSG00000003161,95.9596,4.040400000000005
ENSG00000115271,ENSMUSG00000026893,81.92605,18.073949999999996
ENSG00000147383,ENSMUSG00000031349,84.37265,15.627350000000007
ENSG00000127054,ENSMUSG00000029034,97.1667,2.833299999999994
ENSG00000144566,ENSMUSG00000017831,98.1395,1.8605000000000018
ENSG00000179256,ENSMUSG00000043298,84.8889,15.111099999999993
ENSG00000174562,ENSMUSG00000055193,76.0796,23.9204
ENSG00000196968,ENSMUSG00000039357,86.44325,13.556749999999994
ENSG00000164088,ENSMUSG00000020253,89.03460000000001,10.965399999999988
ENSG00000179922,ENSMUSG00000043290,80.78725,19.21275
ENSG00000115365,ENSMUSG00000026000,91.4787,8.521299999999997
ENSG00000132434,ENSMUSG00000062190,89.1111,10.888900000000007
ENSG00000147036,ENSMUSG00000047344,95.7143,4.285700000000006
ENSG00000187605,ENSMUSG00000034832,89.38345000000001,10.61654999999999
ENSG00000196581,ENSMUSG00000039546,78.97945,21.02055
ENSG00000124196,ENSMUSG00000070708,68.23429999999999,31.76570000000001
ENSG00000160345,ENSMUSG00000026831,66.7048,33.295199999999994
ENSG00000261652,ENSMUSG00000086158,65.0217,34.978300000000004
ENSG00000166349,ENSMUSG00000061311,90.0626,9.937399999999997
ENSG00000113441,ENSMUSG00000023845,87.8049,12.195099999999996
ENSG00000136231,ENSMUSG00000029814,96.5458,3.4542
ENSG00000136144,ENSMUSG00000035469,96.0452,3.954800000000006
ENSG00000160307,ENSMUSG00000033208,98.913,1.0870000000000033
ENSG00000174125,ENSMUSG00000044827,73.6267,26.3733
ENSG00000141384,ENSMUSG00000054321,78.8598,21.140199999999993
ENSG00000130699,ENSMUSG00000039117,84.1905,15.8095
ENSG00000170891,ENSMUSG00000062329,68.37174999999999,31.62825000000001
ENSG00000034510,ENSMUSG00000091955,100.0,0.0
ENSG00000105472,ENSMUSG00000004473,83.8759,16.1241
ENSG00000166509,ENSMUSG00000008874,87.02345,12.976550000000003
ENSG00000163815,ENSMUSG00000025784,79.2079,20.792100000000005
ENSG00000138834,ENSMUSG00000024163,93.7173,6.2827000000000055
ENSG00000008294,ENSMUSG00000020859,96.12145,3.878550000000004
ENSG00000067836,ENSMUSG00000022540,94.4251,5.5748999999999995
ENSG00000107185,ENSMUSG00000028468,96.9309,3.069100000000006
ENSG00000108821,ENSMUSG00000001506,92.08225,7.917749999999998
ENSG00000126262,ENSMUSG00000051314,84.5455,15.454499999999996
ENSG00000004534,ENSMUSG00000032582,89.0678,10.932199999999995
ENSG00000184005,ENSMUSG00000052544,84.918,15.081999999999994
ENSG00000152402,ENSMUSG00000041624,90.28745,9.712549999999993
ENSG00000165272,ENSMUSG00000028435,95.5479,4.4521000000000015
ENSG00000198832,ENSMUSG00000075702,83.4483,16.551699999999997
ENSG00000183291,ENSMUSG00000037072,91.75085,8.24915
ENSG00000183826,ENSMUSG00000062202,95.7516,4.248400000000004
ENSG00000167863,ENSMUSG00000034566,81.3665,18.633499999999998
ENSG00000101074,ENSMUSG00000078949,77.8656,22.1344
ENSG00000127337,ENSMUSG00000020171,99.5595,0.4405000000000001
ENSG00000138796,ENSMUSG00000027984,89.8089,10.191100000000006
ENSG00000162734,ENSMUSG00000013698,99.2308,0.7691999999999979
ENSG00000165556,ENSMUSG00000029646,93.27015,6.729849999999999
ENSG00000021762,ENSMUSG00000037606,83.85875,16.14125
ENSG00000234965,ENSMUSG00000096883,80.65375,19.346249999999998
ENSG00000101017,ENSMUSG00000017652,60.80475,39.19525
ENSG00000079277,ENSMUSG00000028708,92.867,7.132999999999996
ENSG00000105270,ENSMUSG00000013921,98.5375,1.4625000000000057
ENSG00000119392,ENSMUSG00000019715,83.03515,16.96485
ENSG00000135437,ENSMUSG00000025350,87.1069,12.893100000000004
ENSG00000204262,ENSMUSG00000026042,94.7931,5.2069000000000045
ENSG00000108826,ENSMUSG00000024414,83.1081,16.891900000000007
ENSG00000182035,ENSMUSG00000044405,62.5,37.5
ENSG00000206107,ENSMUSG00000090515,51.84145,48.15855
ENSG00000160213,ENSMUSG00000005054,78.5714,21.428600000000003
ENSG00000051523,ENSMUSG00000006519,87.34375,12.65625
ENSG00000184574,ENSMUSG00000067714,80.914,19.086
ENSG00000119714,ENSMUSG00000047415,92.0548,7.9452
ENSG00000179399,ENSMUSG00000022112,85.6643,14.335700000000003
ENSG00000147257,ENSMUSG00000055653,94.04665,5.95335
ENSG00000256269,ENSMUSG00000032126,90.8587,9.141300000000001
ENSG00000124688,ENSMUSG00000034509,77.09195,22.908050000000003
ENSG00000070526,ENSMUSG00000009588,62.4366,37.5634
ENSG00000171159,ENSMUSG00000039195,93.9759,6.024100000000004
ENSG00000099840,ENSMUSG00000055862,74.95439999999999,25.045600000000007
ENSG00000173597,ENSMUSG00000029269,71.9346,28.065399999999997
ENSG00000123415,ENSMUSG00000036061,87.4552,12.544799999999995
ENSG00000106484,ENSMUSG00000051855,96.53835000000001,3.4616499999999917
ENSG00000125910,ENSMUSG00000044199,81.559,18.441000000000003
ENSG00000170989,ENSMUSG00000045092,94.2408,5.759200000000007
ENSG00000180739,ENSMUSG00000045087,84.7123,15.287700000000001
ENSG00000267534,ENSMUSG00000043895,90.78035,9.219650000000001
ENSG00000213694,ENSMUSG00000067586,87.5661,12.433899999999994
ENSG00000197885,ENSMUSG00000021772,95.3125,4.6875
ENSG00000103671,ENSMUSG00000032386,88.6403,11.359700000000004
ENSG00000117707,ENSMUSG00000010175,98.3718,1.6282000000000068
ENSG00000119608,ENSMUSG00000042320,64.64134999999999,35.35865000000001
ENSG00000104903,ENSMUSG00000034041,77.77879999999999,22.22120000000001
ENSG00000133393,ENSMUSG00000022677,78.7356,21.264399999999995
ENSG00000167654,ENSMUSG00000034958,91.25185,8.748149999999995
ENSG00000114757,ENSMUSG00000027674,94.54755,5.452449999999999
ENSG00000171487,ENSMUSG00000015721,48.18915,51.81085
ENSG00000154611,ENSMUSG00000036743,94.8,5.200000000000003
ENSG00000213171,ENSMUSG00000044505,94.2664,5.733599999999996
ENSG00000140988,ENSMUSG00000044533,98.6348,1.3652000000000015
ENSG00000178342,ENSMUSG00000059852,86.48825,13.511750000000006
ENSG00000166090,ENSMUSG00000040770,78.2278,21.772199999999998
ENSG00000118271,ENSMUSG00000061808,81.6327,18.3673
ENSG00000183463,ENSMUSG00000025481,17.1059,82.89410000000001
ENSG00000065150,ENSMUSG00000030662,98.268,1.7319999999999993
ENSG00000140367,ENSMUSG00000032307,95.3534,4.6466000000000065
ENSG00000178952,ENSMUSG00000073838,93.27555000000001,6.72444999999999
ENSG00000168566,ENSMUSG00000021431,86.98304999999999,13.016950000000008
ENSG00000184155,ENSMUSG00000037924,87.3786,12.621399999999994
ENSG00000135090,ENSMUSG00000061288,95.5457,4.4543000000000035
ENSG00000177885,ENSMUSG00000059923,99.5392,0.4608000000000061
ENSG00000257057,ENSMUSG00000031927,72.90440000000001,27.09559999999999
ENSG00000011485,ENSMUSG00000003099,97.7956,2.204400000000007
ENSG00000204435,ENSMUSG00000024387,100.0,0.0
ENSG00000187189,ENSMUSG00000039485,77.56835000000001,22.43164999999999
ENSG00000088854,ENSMUSG00000027309,84.97460000000001,15.02539999999999
ENSG00000114933,ENSMUSG00000040865,94.33675,5.663250000000005
ENSG00000205307,ENSMUSG00000079165,42.470650000000006,57.529349999999994
ENSG00000115461,ENSMUSG00000026185,95.3963,4.6037000000000035
ENSG00000112130,ENSMUSG00000090083,70.29875,29.70125
ENSG00000088448,ENSMUSG00000031508,78.56565,21.434349999999995
ENSG00000211455,ENSMUSG00000001630,97.6293,2.3706999999999994
ENSG00000112079,ENSMUSG00000024006,98.7097,1.290300000000002
ENSG00000101082,ENSMUSG00000027636,80.0012,19.998800000000003
ENSG00000170448,ENSMUSG00000072889,89.33975000000001,10.66024999999999
ENSG00000186998,ENSMUSG00000034164,80.49615,19.50385
ENSG00000156504,ENSMUSG00000036022,81.48920000000001,18.51079999999999
ENSG00000156500,ENSMUSG00000036013,28.24075,71.75925000000001
ENSG00000187866,ENSMUSG00000074922,97.3757,2.624300000000005
ENSG00000182199,ENSMUSG00000025403,93.8492,6.150800000000004
ENSG00000176974,ENSMUSG00000020534,90.74125,9.258750000000006
ENSG00000137103,ENSMUSG00000078716,91.6455,8.354500000000002
ENSG00000128917,ENSMUSG00000027314,86.3604,13.639600000000002
ENSG00000143867,ENSMUSG00000048387,97.7444,2.255600000000001
ENSG00000169242,ENSMUSG00000027954,85.8537,14.146299999999997
ENSG00000125820,ENSMUSG00000027434,98.1685,1.8315000000000055
ENSG00000275183,ENSMUSG00000043432,56.077749999999995,43.922250000000005
ENSG00000147475,ENSMUSG00000031483,97.4965,2.5035000000000025
ENSG00000107566,ENSMUSG00000025198,95.977,4.022999999999996
ENSG00000197879,ENSMUSG00000017774,96.7074,3.292599999999993
ENSG00000075461,ENSMUSG00000020723,98.1651,1.8349000000000046
ENSG00000142408,ENSMUSG00000053395,94.576,5.424000000000007
ENSG00000006116,ENSMUSG00000066189,98.7302,1.2698000000000036
ENSG00000166862,ENSMUSG00000019146,98.7616,1.2383999999999986
ENSG00000187045,ENSMUSG00000016942,83.69794999999999,16.30205000000001
ENSG00000162641,ENSMUSG00000049565,48.331649999999996,51.668350000000004
ENSG00000106948,ENSMUSG00000039158,58.74965,41.25035
ENSG00000166473,ENSMUSG00000034416,63.6179,36.3821
ENSG00000153283,ENSMUSG00000022657,59.483599999999996,40.516400000000004
ENSG00000162843,ENSMUSG00000026523,80.64455000000001,19.35544999999999
ENSG00000167994,ENSMUSG00000024663,80.64824999999999,19.35175000000001
ENSG00000107738,ENSMUSG00000020101,76.1298,23.870199999999997
ENSG00000161940,ENSMUSG00000000317,89.61425,10.385750000000002
ENSG00000139200,ENSMUSG00000030329,92.41995,7.58005
ENSG00000165669,ENSMUSG00000057858,78.89445,21.105549999999994
ENSG00000183260,ENSMUSG00000055882,84.41380000000001,15.586199999999991
ENSG00000213593,ENSMUSG00000050043,92.7245,7.275499999999994
ENSG00000120440,ENSMUSG00000079722,62.4994,37.5006
ENSG00000160124,ENSMUSG00000075229,96.5278,3.472200000000001
ENSG00000215193,ENSMUSG00000067825,74.7541,25.245900000000006
ENSG00000080511,ENSMUSG00000053773,82.1731,17.826899999999995
ENSG00000166140,ENSMUSG00000068580,74.1626,25.837400000000002
ENSG00000116266,ENSMUSG00000027882,91.8919,8.108099999999993
ENSG00000099800,ENSMUSG00000020219,94.7368,5.263199999999998
ENSG00000138698,ENSMUSG00000028149,95.3872,4.612799999999993
ENSG00000158869,ENSMUSG00000058715,88.3721,11.627899999999997
ENSG00000183722,ENSMUSG00000048332,97.0,3.0
ENSG00000182508,ENSMUSG00000041700,94.5455,5.454499999999996
ENSG00000145685,ENSMUSG00000045312,84.90395000000001,15.096049999999991
ENSG00000206069,ENSMUSG00000066964,61.27565,38.72435
ENSG00000261587,ENSMUSG00000116376,65.9574,34.04259999999999
ENSG00000158457,ENSMUSG00000001763,96.8198,3.1801999999999992
ENSG00000078549,ENSMUSG00000029778,87.77969999999999,12.220300000000009
ENSG00000069206,ENSMUSG00000022056,66.78745,33.21254999999999
ENSG00000149428,ENSMUSG00000032115,91.3914,8.608599999999996
ENSG00000101412,ENSMUSG00000027490,85.1267,14.8733
ENSG00000010404,ENSMUSG00000035847,85.48124999999999,14.518750000000011
ENSG00000105254,ENSMUSG00000006095,89.3443,10.655699999999996
ENSG00000147168,ENSMUSG00000031304,70.4607,29.539299999999997
ENSG00000114054,ENSMUSG00000032527,92.4077,7.5922999999999945
ENSG00000186051,ENSMUSG00000028417,86.1111,13.888900000000007
ENSG00000182224,ENSMUSG00000044795,83.3333,16.666700000000006
ENSG00000158470,ENSMUSG00000017929,95.1031,4.896900000000002
ENSG00000086991,ENSMUSG00000030562,90.6574,9.342600000000004
ENSG00000169131,ENSMUSG00000020364,84.95230000000001,15.047699999999992
ENSG00000161681,ENSMUSG00000038738,93.76175,6.238249999999994
ENSG00000251322,ENSMUSG00000022623,93.2146,6.785399999999996
ENSG00000162105,ENSMUSG00000037541,89.53970000000001,10.46029999999999
ENSG00000171956,ENSMUSG00000059246,99.6923,0.307699999999997
ENSG00000090581,ENSMUSG00000035521,77.5608,22.4392
ENSG00000124733,ENSMUSG00000002768,90.3355,9.664500000000004
ENSG00000175305,ENSMUSG00000028212,92.3267,7.673299999999998
ENSG00000196290,ENSMUSG00000026036,84.4623,15.537700000000001
ENSG00000178234,ENSMUSG00000038072,87.8289,12.171099999999996
ENSG00000203685,ENSMUSG00000053963,97.8723,2.1277000000000044
ENSG00000147316,ENSMUSG00000039842,57.45675,42.54325
ENSG00000105146,ENSMUSG00000070837,74.76785000000001,25.23214999999999
ENSG00000110367,ENSMUSG00000032097,97.7226,2.2774
ENSG00000067057,ENSMUSG00000021196,88.3929,11.607100000000003
ENSG00000140287,ENSMUSG00000027360,86.5559,13.444100000000006
ENSG00000125753,ENSMUSG00000030403,88.2158,11.784199999999998
ENSG00000182156,ENSMUSG00000046697,77.0047,22.9953
ENSG00000160179,ENSMUSG00000024030,96.8468,3.1531999999999982
ENSG00000151729,ENSMUSG00000031633,95.302,4.697999999999993
ENSG00000160838,ENSMUSG00000023084,80.7521,19.2479
ENSG00000165502,ENSMUSG00000104043,94.3396,5.660399999999996
ENSG00000182938,ENSMUSG00000018862,82.25115,17.748850000000004
ENSG00000049089,ENSMUSG00000028626,91.06755000000001,8.932449999999989
ENSG00000116151,ENSMUSG00000029049,67.58494999999999,32.41505000000001
ENSG00000149182,ENSMUSG00000027255,92.60335,7.396649999999994
ENSG00000214688,ENSMUSG00000090439,65.9246,34.0754
ENSG00000125823,ENSMUSG00000055177,67.38915,32.61085
ENSG00000116117,ENSMUSG00000052062,84.3024,15.697599999999994
ENSG00000148498,ENSMUSG00000025812,90.81215,9.187849999999997
ENSG00000141759,ENSMUSG00000057130,100.0,0.0
ENSG00000140830,ENSMUSG00000031723,97.3154,2.684600000000003
ENSG00000156928,ENSMUSG00000029815,72.30655,27.69345
ENSG00000196792,ENSMUSG00000020954,96.0452,3.954800000000006
ENSG00000115808,ENSMUSG00000024077,96.7949,3.2051000000000016
ENSG00000090372,ENSMUSG00000030374,94.6484,5.351600000000005
ENSG00000173376,ENSMUSG00000049001,87.5,12.5
ENSG00000106211,ENSMUSG00000004951,83.58265,16.41735
ENSG00000185888,ENSMUSG00000049291,57.4096,42.5904
ENSG00000141086,ENSMUSG00000031896,86.3636,13.636399999999995
ENSG00000122367,ENSMUSG00000021798,88.82825,11.171750000000003
ENSG00000100393,ENSMUSG00000055024,93.94945,6.050550000000001
ENSG00000151466,ENSMUSG00000059834,75.436,24.563999999999993
ENSG00000164078,ENSMUSG00000032584,74.87870000000001,25.12129999999999
ENSG00000119906,ENSMUSG00000036097,84.84745000000001,15.15254999999999
ENSG00000168754,ENSMUSG00000046337,64.26695000000001,35.73304999999999
ENSG00000149922,ENSMUSG00000030699,87.844,12.156000000000006
ENSG00000127252,ENSMUSG00000022525,84.17985,15.820149999999998
ENSG00000185900,ENSMUSG00000037251,80.68684999999999,19.313150000000007
ENSG00000128266,ENSMUSG00000040009,98.3099,1.690100000000001
ENSG00000135960,ENSMUSG00000003227,91.5179,8.482100000000003
ENSG00000127863,ENSMUSG00000060548,70.82845,29.171549999999996
ENSG00000131080,ENSMUSG00000034457,80.1347,19.865300000000005
ENSG00000025800,ENSMUSG00000003731,99.2537,0.7463000000000051
ENSG00000114030,ENSMUSG00000022905,97.7695,2.2305000000000064
ENSG00000130803,ENSMUSG00000057551,82.0381,17.9619
ENSG00000160226,ENSMUSG00000020284,73.67750000000001,26.32249999999999
ENSG00000102738,ENSMUSG00000031533,65.73840000000001,34.26159999999999
ENSG00000160299,ENSMUSG00000001151,56.975,43.025
ENSG00000127914,ENSMUSG00000040407,70.01685,29.983149999999995
ENSG00000164736,ENSMUSG00000025902,84.03665000000001,15.963349999999991
ENSG00000030582,ENSMUSG00000034708,75.12775,24.872249999999994
ENSG00000188396,ENSMUSG00000047671,70.00145,29.998549999999994
ENSG00000247626,ENSMUSG00000046994,86.3474,13.652600000000007
ENSG00000188257,ENSMUSG00000058908,32.30585,67.69415000000001
ENSG00000167536,ENSMUSG00000020834,84.19669999999999,15.803300000000007
ENSG00000242247,ENSMUSG00000054277,80.774,19.226
ENSG00000163939,ENSMUSG00000042323,98.1807,1.8192999999999984
ENSG00000168003,ENSMUSG00000010095,72.29035,27.709649999999996
ENSG00000100027,ENSMUSG00000022773,98.7359,1.2640999999999991
ENSG00000104756,ENSMUSG00000034327,98.4576,1.5424000000000007
ENSG00000136731,ENSMUSG00000037470,90.72775,9.27225
ENSG00000102595,ENSMUSG00000042104,78.8754,21.1246
ENSG00000165030,ENSMUSG00000056749,84.4156,15.584400000000002
ENSG00000158158,ENSMUSG00000037408,89.00450000000001,10.995499999999993
ENSG00000122787,ENSMUSG00000038641,82.33505,17.664950000000005
ENSG00000100599,ENSMUSG00000044456,76.7435,23.256500000000003
ENSG00000166226,ENSMUSG00000034024,97.5701,2.4299000000000035
ENSG00000111684,ENSMUSG00000004270,87.269,12.730999999999995
ENSG00000177669,ENSMUSG00000071113,78.6207,21.3793
ENSG00000172197,ENSMUSG00000038732,82.87819999999999,17.121800000000007
ENSG00000143797,ENSMUSG00000020646,86.62185,13.378150000000005
ENSG00000125505,ENSMUSG00000035596,93.54509999999999,6.454900000000009
ENSG00000102312,ENSMUSG00000031169,97.18,2.819999999999993
ENSG00000047936,ENSMUSG00000019893,80.4529,19.5471
ENSG00000013561,ENSMUSG00000060450,89.47995,10.520049999999998
ENSG00000164675,ENSMUSG00000046192,69.41125,30.588750000000005
ENSG00000134463,ENSMUSG00000039063,81.92575,18.074250000000006
ENSG00000139746,ENSMUSG00000022119,96.62705,3.372950000000003
ENSG00000091009,ENSMUSG00000024491,95.283,4.716999999999999
ENSG00000164070,ENSMUSG00000025757,92.54625,7.453749999999999
ENSG00000160075,ENSMUSG00000029038,98.9691,1.0309000000000026
ENSG00000106346,ENSMUSG00000051306,69.16730000000001,30.83269999999999
ENSG00000168619,ENSMUSG00000031552,61.3284,38.6716
ENSG00000203778,ENSMUSG00000051736,90.0,10.0
ENSG00000225828,ENSMUSG00000078554,83.13855000000001,16.86144999999999
ENSG00000164294,ENSMUSG00000021760,82.2967,17.7033
ENSG00000159231,ENSMUSG00000022947,85.1986,14.801400000000001
ENSG00000196776,ENSMUSG00000055447,72.36095,27.639049999999997
ENSG00000185621,ENSMUSG00000022802,89.67075,10.329250000000002
ENSG00000124875,ENSMUSG00000029371,54.76475,45.23525
ENSG00000139514,ENSMUSG00000041313,87.13305,12.866950000000003
ENSG00000162704,ENSMUSG00000008475,99.3377,0.6623000000000019
ENSG00000181938,ENSMUSG00000031669,89.3519,10.6481
ENSG00000103363,ENSMUSG00000055839,97.4576,2.5424000000000007
ENSG00000184056,ENSMUSG00000030534,97.2447,2.7553000000000054
ENSG00000180053,ENSMUSG00000044186,59.00745,40.99255
ENSG00000164283,ENSMUSG00000042379,75.0,25.0
ENSG00000184697,ENSMUSG00000023906,87.9276,12.072400000000002
ENSG00000149591,ENSMUSG00000032085,97.0149,2.9851000000000028
ENSG00000117009,ENSMUSG00000039783,78.3461,21.653899999999993
ENSG00000144331,ENSMUSG00000027016,90.70400000000001,9.295999999999992
ENSG00000187764,ENSMUSG00000021451,85.54845,14.451549999999997
ENSG00000184394,ENSMUSG00000048933,86.3636,13.636399999999995
ENSG00000198301,ENSMUSG00000029415,94.032,5.9680000000000035
ENSG00000176302,ENSMUSG00000074397,48.64015,51.35985
ENSG00000168071,ENSMUSG00000047810,78.1876,21.812399999999997
ENSG00000155393,ENSMUSG00000031657,86.23995,13.760050000000007
ENSG00000170921,ENSMUSG00000053580,96.20240000000001,3.7975999999999885
ENSG00000159921,ENSMUSG00000028479,98.7535,1.2464999999999975
ENSG00000257743,ENSMUSG00000102802,64.3734,35.626599999999996
ENSG00000204856,ENSMUSG00000029463,65.38245,34.617549999999994
ENSG00000179813,ENSMUSG00000045655,53.4303,46.5697
ENSG00000154007,ENSMUSG00000038997,87.7966,12.203400000000002
ENSG00000204612,ENSMUSG00000056829,90.9322,9.067800000000005
ENSG00000166986,ENSMUSG00000040354,89.174,10.825999999999993
ENSG00000170946,ENSMUSG00000027166,83.50265,16.497349999999997
ENSG00000135451,ENSMUSG00000032783,56.342650000000006,43.657349999999994
ENSG00000163623,ENSMUSG00000035187,96.4488,3.5511999999999944
ENSG00000164363,ENSMUSG00000021612,73.70070000000001,26.299299999999988
ENSG00000130520,ENSMUSG00000031848,96.75215,3.2478499999999997
ENSG00000178982,ENSMUSG00000053565,98.6239,1.3760999999999939
ENSG00000130770,ENSMUSG00000054428,51.8868,48.1132
ENSG00000145545,ENSMUSG00000021594,61.871449999999996,38.128550000000004
ENSG00000277893,ENSMUSG00000038541,75.1969,24.8031
ENSG00000099797,ENSMUSG00000031708,95.7792,4.220799999999997
ENSG00000205678,ENSMUSG00000049537,82.3211,17.6789
ENSG00000184601,ENSMUSG00000043122,36.931799999999996,63.068200000000004
ENSG00000175334,ENSMUSG00000024844,96.6292,3.3708000000000027
ENSG00000161896,ENSMUSG00000024210,75.457,24.543000000000006
ENSG00000139209,ENSMUSG00000022464,87.0201,12.9799
ENSG00000243449,ENSMUSG00000070858,84.386,15.614000000000004
ENSG00000071994,ENSMUSG00000014771,85.00745,14.992549999999994
ENSG00000128731,ENSMUSG00000030451,95.59465,4.4053499999999985
ENSG00000110848,ENSMUSG00000030156,57.7889,42.2111
ENSG00000138152,ENSMUSG00000040298,69.9605,30.039500000000004
ENSG00000169231,ENSMUSG00000028047,97.1757,2.824299999999994
ENSG00000214694,ENSMUSG00000054901,89.0818,10.918199999999999
ENSG00000121281,ENSMUSG00000031659,83.07195,16.92805
ENSG00000119614,ENSMUSG00000021239,96.6759,3.3241000000000014
ENSG00000160563,ENSMUSG00000026799,98.0707,1.9292999999999978
ENSG00000168454,ENSMUSG00000050612,38.17659999999999,61.82340000000001
ENSG00000108846,ENSMUSG00000020865,80.78705,19.212950000000006
ENSG00000161929,ENSMUSG00000057135,60.356300000000005,39.643699999999995
ENSG00000185245,ENSMUSG00000050675,58.06765,41.93235
ENSG00000102081,ENSMUSG00000000838,96.1204,3.8795999999999964
ENSG00000114416,ENSMUSG00000027680,94.01165,5.988349999999997
ENSG00000129245,ENSMUSG00000018765,98.29255,1.7074499999999944
ENSG00000186166,ENSMUSG00000043923,85.8434,14.156599999999997
ENSG00000167775,ENSMUSG00000002308,58.398799999999994,41.601200000000006
ENSG00000016864,ENSMUSG00000021916,90.2965,9.703500000000005
ENSG00000277639,ENSMUSG00000110332,59.6154,40.3846
ENSG00000177225,ENSMUSG00000051007,92.7273,7.2727
ENSG00000013288,ENSMUSG00000029119,75.28515,24.71485
ENSG00000104774,ENSMUSG00000005142,75.4941,24.505899999999997
ENSG00000196547,ENSMUSG00000038886,89.48745,10.512550000000005
ENSG00000112893,ENSMUSG00000024085,80.6457,19.354299999999995
ENSG00000140400,ENSMUSG00000032295,89.5623,10.437700000000007
ENSG00000187054,ENSMUSG00000072845,67.24915,32.75085
ENSG00000108788,ENSMUSG00000017801,98.3607,1.6393000000000058
ENSG00000166165,ENSMUSG00000001270,96.5879,3.4120999999999952
ENSG00000104879,ENSMUSG00000030399,96.5879,3.4120999999999952
ENSG00000131730,ENSMUSG00000021622,95.9427,4.057299999999998
ENSG00000174792,ENSMUSG00000096035,59.3895,40.6105
ENSG00000226742,ENSMUSG00000078963,71.24625,28.753749999999997
ENSG00000119943,ENSMUSG00000060224,84.5095,15.490499999999997
ENSG00000155034,ENSMUSG00000066640,87.82115,12.178849999999997
ENSG00000101236,ENSMUSG00000048911,97.973,2.027000000000001
ENSG00000181371,ENSMUSG00000043267,81.41985,18.580150000000003
ENSG00000172154,ENSMUSG00000075166,85.1613,14.838700000000003
ENSG00000183166,ENSMUSG00000060371,91.53415000000001,8.465849999999989
ENSG00000160633,ENSMUSG00000071054,85.249,14.751000000000005
ENSG00000115073,ENSMUSG00000037351,98.9362,1.0638000000000005
ENSG00000088899,ENSMUSG00000037703,93.26259999999999,6.737400000000008
ENSG00000061337,ENSMUSG00000036306,89.7077,10.292299999999997
ENSG00000107816,ENSMUSG00000035342,92.08975,7.910250000000005
ENSG00000151952,ENSMUSG00000034310,83.15125,16.848749999999995
ENSG00000179364,ENSMUSG00000021143,93.44005,6.559950000000001
ENSG00000175115,ENSMUSG00000024855,97.5053,2.4946999999999946
ENSG00000182108,ENSMUSG00000038055,94.7368,5.263199999999998
ENSG00000164326,ENSMUSG00000021647,96.5517,3.4483000000000033
ENSG00000173210,ENSMUSG00000032735,98.02199999999999,1.9780000000000086
ENSG00000099204,ENSMUSG00000025085,90.848,9.152000000000001
ENSG00000158856,ENSMUSG00000022099,96.0494,3.9505999999999943
ENSG00000163995,ENSMUSG00000029095,88.68485,11.315150000000003
ENSG00000111358,ENSMUSG00000029387,93.3552,6.644800000000004
ENSG00000145819,ENSMUSG00000036452,93.6937,6.306299999999993
ENSG00000006062,ENSMUSG00000020941,84.48974999999999,15.510250000000013
ENSG00000067798,ENSMUSG00000020181,93.5397,6.460300000000004
ENSG00000162512,ENSMUSG00000025743,83.4842,16.5158
ENSG00000204839,ENSMUSG00000098678,79.94485,20.055149999999998
ENSG00000172005,ENSMUSG00000027375,86.9281,13.0719
ENSG00000130962,ENSMUSG00000047996,92.6606,7.339399999999998
ENSG00000165209,ENSMUSG00000026915,98.9583,1.0417000000000058
ENSG00000163449,ENSMUSG00000026188,87.8788,12.121200000000002
ENSG00000186765,ENSMUSG00000025380,90.8537,9.146299999999997
ENSG00000075618,ENSMUSG00000029581,96.5517,3.4483000000000033
ENSG00000106328,ENSMUSG00000029707,84.5382,15.461799999999997
ENSG00000077080,ENSMUSG00000029712,99.7653,0.23470000000000368
ENSG00000168685,ENSMUSG00000003882,64.488,35.512
ENSG00000159167,ENSMUSG00000014813,96.3563,3.6436999999999955
ENSG00000113739,ENSMUSG00000020303,86.6308,13.369200000000006
ENSG00000141580,ENSMUSG00000025173,99.1279,0.8721000000000032
ENSG00000175662,ENSMUSG00000000538,94.8718,5.128200000000007
ENSG00000129757,ENSMUSG00000037664,50.448449999999994,49.551550000000006
ENSG00000120910,ENSMUSG00000022092,85.88815,14.111850000000004
ENSG00000107758,ENSMUSG00000021816,99.1421,0.8579000000000008
ENSG00000175455,ENSMUSG00000022833,64.50765,35.49235
ENSG00000092439,ENSMUSG00000027365,94.3133,5.686700000000002
ENSG00000127463,ENSMUSG00000078517,93.1662,6.8337999999999965
ENSG00000055208,ENSMUSG00000015755,94.6609,5.339100000000002
ENSG00000164106,ENSMUSG00000031610,81.6327,18.3673
ENSG00000185728,ENSMUSG00000047213,98.8034,1.1966000000000037
ENSG00000169609,ENSMUSG00000025102,77.4276,22.572400000000002
ENSG00000179431,ENSMUSG00000075012,88.4068,11.593199999999996
ENSG00000170684,ENSMUSG00000011267,64.41635000000001,35.58364999999999
ENSG00000115661,ENSMUSG00000026201,94.0984,5.901600000000002
ENSG00000145996,ENSMUSG00000006191,90.57915,9.420850000000002
ENSG00000173421,ENSMUSG00000047220,56.009550000000004,43.990449999999996
ENSG00000182606,ENSMUSG00000032536,91.20805,8.79195
ENSG00000008853,ENSMUSG00000022075,97.59455,2.405450000000002
ENSG00000180758,ENSMUSG00000047875,85.7191,14.280900000000003
ENSG00000103260,ENSMUSG00000002274,80.8229,19.177099999999996
ENSG00000176845,ENSMUSG00000039208,77.1704,22.8296
ENSG00000286131,ENSMUSG00000118541,92.68905000000001,7.310949999999991
ENSG00000212907,ENSMUSG00000065947,66.3265,33.673500000000004
ENSG00000151498,ENSMUSG00000031969,89.13095,10.869050000000001
ENSG00000100372,ENSMUSG00000022404,95.4397,4.560299999999998
ENSG00000198399,ENSMUSG00000020640,92.60910000000001,7.390899999999988
ENSG00000128563,ENSMUSG00000039737,91.35400000000001,8.645999999999987
ENSG00000163071,ENSMUSG00000029155,71.2559,28.744100000000003
ENSG00000077800,ENSMUSG00000040013,81.9572,18.0428
ENSG00000074370,ENSMUSG00000020788,94.6947,5.305300000000003
ENSG00000092148,ENSMUSG00000035247,98.9272,1.0728000000000009
ENSG00000111145,ENSMUSG00000008398,92.1574,7.8426000000000045
ENSG00000110756,ENSMUSG00000014418,81.3305,18.6695
ENSG00000137266,ENSMUSG00000038267,91.6368,8.363200000000006
ENSG00000155324,ENSMUSG00000001700,80.7475,19.252499999999998
ENSG00000115221,ENSMUSG00000026971,90.53970000000001,9.46029999999999
ENSG00000259207,ENSMUSG00000020689,90.66669999999999,9.333300000000008
ENSG00000082781,ENSMUSG00000022817,91.7397,8.2603
ENSG00000105855,ENSMUSG00000025321,87.36995,12.630049999999997
ENSG00000132470,ENSMUSG00000020758,88.24185,11.75815
ENSG00000198542,ENSMUSG00000032925,90.8907,9.109300000000005
ENSG00000166432,ENSMUSG00000052676,59.39045,40.60955
ENSG00000144320,ENSMUSG00000009207,85.11245,14.887550000000005
ENSG00000198815,ENSMUSG00000032998,94.4579,5.542100000000005
ENSG00000165152,ENSMUSG00000039611,98.263,1.7369999999999948
ENSG00000140522,ENSMUSG00000039194,90.5363,9.463700000000003
ENSG00000099968,ENSMUSG00000009112,72.25735,27.742649999999998
ENSG00000101323,ENSMUSG00000027261,89.4595,10.540499999999994
ENSG00000172508,ENSMUSG00000075289,83.7113,16.288700000000006
ENSG00000116882,ENSMUSG00000027870,71.0233,28.976699999999994
ENSG00000162337,ENSMUSG00000024913,94.08485,5.915149999999997
ENSG00000141505,ENSMUSG00000020884,77.92455,22.075450000000004
ENSG00000114670,ENSMUSG00000035032,73.3831,26.6169
ENSG00000123901,ENSMUSG00000031932,89.3617,10.638300000000001
ENSG00000175449,ENSMUSG00000043190,75.69305,24.30695
ENSG00000146242,ENSMUSG00000035274,82.9829,17.0171
ENSG00000125970,ENSMUSG00000027593,86.09225,13.907749999999993
ENSG00000260456,ENSMUSG00000031809,41.731,58.269
ENSG00000164663,ENSMUSG00000090115,90.16794999999999,9.83205000000001
ENSG00000257949,ENSMUSG00000020778,54.4968,45.5032
ENSG00000163161,ENSMUSG00000024382,95.84665,4.153350000000003
ENSG00000204219,ENSMUSG00000001604,90.64765,9.352350000000001
ENSG00000164754,ENSMUSG00000022314,96.8414,3.158600000000007
ENSG00000157954,ENSMUSG00000029578,94.07285,5.9271499999999975
ENSG00000108255,ENSMUSG00000000724,95.3488,4.651200000000003
ENSG00000129810,ENSMUSG00000023940,53.4532,46.5468
ENSG00000167194,ENSMUSG00000045989,60.63475,39.36525
ENSG00000095319,ENSMUSG00000052533,94.24244999999999,5.757550000000009
ENSG00000091157,ENSMUSG00000040560,95.0655,4.9345
ENSG00000151067,ENSMUSG00000051331,94.3474,5.652600000000007
ENSG00000163818,ENSMUSG00000025245,90.9699,9.030100000000004
ENSG00000084234,ENSMUSG00000031996,92.8096,7.190399999999997
ENSG00000142192,ENSMUSG00000022892,96.00444999999999,3.9955500000000086
ENSG00000105290,ENSMUSG00000006651,89.0426,10.957400000000007
ENSG00000171209,ENSMUSG00000001622,38.0168,61.9832
ENSG00000159445,ENSMUSG00000028145,67.2645,32.7355
ENSG00000250878,ENSMUSG00000046828,82.03659999999999,17.963400000000007
ENSG00000187838,ENSMUSG00000019461,93.06285,6.937150000000003
ENSG00000242715,ENSMUSG00000048655,71.028,28.971999999999994
ENSG00000223953,ENSMUSG00000079592,93.8272,6.172799999999995
ENSG00000214447,ENSMUSG00000075510,78.55605,21.44395
ENSG00000177558,ENSMUSG00000046826,47.108450000000005,52.891549999999995
ENSG00000118960,ENSMUSG00000020605,76.4941,23.505899999999997
ENSG00000007171,ENSMUSG00000020826,80.88935000000001,19.110649999999993
ENSG00000128829,ENSMUSG00000005102,90.50655,9.493449999999996
ENSG00000008988,ENSMUSG00000028234,100.0,0.0
ENSG00000135829,ENSMUSG00000042699,87.95429999999999,12.04570000000001
ENSG00000160714,ENSMUSG00000042572,99.2891,0.7108999999999952
ENSG00000106615,ENSMUSG00000028945,98.913,1.0870000000000033
ENSG00000179151,ENSMUSG00000038957,95.6693,4.330699999999993
ENSG00000139174,ENSMUSG00000036158,93.20505,6.79495
ENSG00000132670,ENSMUSG00000027303,95.42625,4.573750000000004
ENSG00000139318,ENSMUSG00000019960,98.1627,1.837299999999999
ENSG00000164099,ENSMUSG00000027978,77.02435,22.97565
ENSG00000250120,ENSMUSG00000103770,81.91015,18.08985
ENSG00000213413,ENSMUSG00000109713,47.134249999999994,52.865750000000006
ENSG00000158710,ENSMUSG00000026547,96.4824,3.5176000000000016
ENSG00000170522,ENSMUSG00000041220,96.61789999999999,3.3821000000000083
ENSG00000119915,ENSMUSG00000038754,69.13149999999999,30.86850000000001
ENSG00000044574,ENSMUSG00000026864,98.5486,1.4514000000000067
ENSG00000197993,ENSMUSG00000029866,73.2307,26.7693
ENSG00000131096,ENSMUSG00000017311,73.1134,26.8866
ENSG00000065665,ENSMUSG00000025816,100.0,0.0
ENSG00000058262,ENSMUSG00000030082,100.0,0.0
ENSG00000184349,ENSMUSG00000048915,99.1228,0.877200000000002
ENSG00000117543,ENSMUSG00000033554,91.524,8.475999999999999
ENSG00000163947,ENSMUSG00000021895,91.80985000000001,8.190149999999988
ENSG00000183161,ENSMUSG00000092118,48.347,51.653
ENSG00000184281,ENSMUSG00000045752,62.250550000000004,37.749449999999996
ENSG00000174684,ENSMUSG00000047379,96.6265,3.373500000000007
ENSG00000182591,ENSMUSG00000091212,77.7163,22.283699999999996
ENSG00000068354,ENSMUSG00000039201,94.0407,5.959299999999999
ENSG00000186185,ENSMUSG00000051378,71.65705,28.342950000000002
ENSG00000163958,ENSMUSG00000052363,64.23995000000001,35.76004999999999
ENSG00000018236,ENSMUSG00000055022,95.28960000000001,4.710399999999993
ENSG00000106004,ENSMUSG00000038253,97.7778,2.222200000000001
ENSG00000103528,ENSMUSG00000058420,95.55255,4.4474500000000035
ENSG00000185386,ENSMUSG00000053137,97.2527,2.7472999999999956
ENSG00000109927,ENSMUSG00000037705,95.8701,4.129900000000006
ENSG00000164976,ENSMUSG00000046312,91.8883,8.111699999999999
ENSG00000131748,ENSMUSG00000018167,93.60284999999999,6.3971500000000106
ENSG00000138131,ENSMUSG00000025185,87.05430000000001,12.945699999999988
ENSG00000101558,ENSMUSG00000024091,97.1888,2.8111999999999995
ENSG00000124253,ENSMUSG00000027513,90.836,9.164000000000001
ENSG00000100889,ENSMUSG00000040618,92.1875,7.8125
ENSG00000204538,ENSMUSG00000024409,68.63565,31.36435
ENSG00000172247,ENSMUSG00000040794,94.65845,5.341549999999998
ENSG00000158987,ENSMUSG00000037533,91.1532,8.846800000000002
ENSG00000211592,ENSMUSG00000076609,59.8131,40.1869
ENSG00000113721,ENSMUSG00000024620,85.5592,14.440799999999996
ENSG00000005421,ENSMUSG00000002588,82.2535,17.746499999999997
ENSG00000105854,ENSMUSG00000032667,88.1356,11.864400000000003
ENSG00000105852,ENSMUSG00000029759,81.3559,18.644099999999995
ENSG00000149474,ENSMUSG00000027425,95.25655,4.743449999999996
ENSG00000175110,ENSMUSG00000032459,78.99875,21.00125
ENSG00000157388,ENSMUSG00000015968,95.9096,4.0904000000000025
ENSG00000130711,ENSMUSG00000079466,98.0882,1.9117999999999995
ENSG00000175048,ENSMUSG00000034265,94.78005,5.219949999999997
ENSG00000274211,ENSMUSG00000038485,92.75335000000001,7.246649999999988
ENSG00000163704,ENSMUSG00000045009,73.22225,26.777749999999997
ENSG00000049656,ENSMUSG00000021610,92.8506,7.1494
ENSG00000104853,ENSMUSG00000002981,94.82505,5.1749499999999955
ENSG00000189129,ENSMUSG00000095304,69.4683,30.5317
ENSG00000278195,ENSMUSG00000044933,84.40895,15.591049999999996
ENSG00000107807,ENSMUSG00000025215,96.83455000000001,3.1654499999999928
ENSG00000104825,ENSMUSG00000030595,84.1973,15.802700000000002
ENSG00000143507,ENSMUSG00000039384,96.5804,3.4196000000000026
ENSG00000242419,ENSMUSG00000023036,98.03110000000001,1.9688999999999908
ENSG00000240764,ENSMUSG00000102543,93.1144,6.885599999999997
ENSG00000071537,ENSMUSG00000020964,93.1824,6.817599999999999
ENSG00000066230,ENSMUSG00000036123,81.97985,18.02015
ENSG00000114686,ENSMUSG00000032563,82.1839,17.816100000000006
ENSG00000163608,ENSMUSG00000036208,65.9598,34.0402
ENSG00000107187,ENSMUSG00000026934,89.83815,10.161850000000001
ENSG00000144406,ENSMUSG00000055567,96.69175,3.308250000000001
ENSG00000129484,ENSMUSG00000036023,86.10210000000001,13.897899999999993
ENSG00000111530,ENSMUSG00000020114,99.4309,0.5691000000000059
ENSG00000144712,ENSMUSG00000030319,90.57065,9.42935
ENSG00000131171,ENSMUSG00000031246,94.7368,5.263199999999998
ENSG00000170385,ENSMUSG00000037434,85.54589999999999,14.454100000000011
ENSG00000079459,ENSMUSG00000021273,88.35544999999999,11.64455000000001
ENSG00000204711,ENSMUSG00000033053,62.58235,37.41765
ENSG00000113732,ENSMUSG00000015575,98.7654,1.2346000000000004
ENSG00000205765,ENSMUSG00000041935,88.7755,11.224500000000006
ENSG00000163412,ENSMUSG00000093661,91.093,8.906999999999996
ENSG00000135476,ENSMUSG00000058290,77.30065,22.699349999999995
ENSG00000117020,ENSMUSG00000019699,99.5825,0.417500000000004
ENSG00000144642,ENSMUSG00000039607,92.55000000000001,7.449999999999989
ENSG00000165632,ENSMUSG00000025782,85.86805000000001,14.13194999999999
ENSG00000146083,ENSMUSG00000034928,91.4352,8.564800000000005
ENSG00000154783,ENSMUSG00000034037,70.7205,29.2795
ENSG00000135272,ENSMUSG00000041390,81.5419,18.4581
ENSG00000102032,ENSMUSG00000031387,83.08155,16.918450000000007
ENSG00000260802,ENSMUSG00000085139,91.62295,8.377049999999997
ENSG00000139329,ENSMUSG00000036446,86.6864,13.313599999999994
ENSG00000172086,ENSMUSG00000053012,74.1773,25.822699999999998
ENSG00000162745,ENSMUSG00000038463,83.55675,16.443250000000006
ENSG00000172663,ENSMUSG00000024845,93.3333,6.666700000000006
ENSG00000131095,ENSMUSG00000020932,90.48775,9.512249999999995
ENSG00000143653,ENSMUSG00000038936,87.1795,12.820499999999996
ENSG00000108375,ENSMUSG00000034177,81.94005,18.05995
ENSG00000183579,ENSMUSG00000041961,86.22210000000001,13.777899999999988
ENSG00000115091,ENSMUSG00000026341,99.7608,0.23919999999999675
ENSG00000176946,ENSMUSG00000026279,83.94825,16.05175
ENSG00000145642,ENSMUSG00000042655,84.28005,15.719949999999997
ENSG00000171843,ENSMUSG00000028496,98.50495000000001,1.495049999999992
ENSG00000116138,ENSMUSG00000040697,88.9355,11.064499999999995
ENSG00000070808,ENSMUSG00000024617,99.7955,0.2044999999999959
ENSG00000046604,ENSMUSG00000044393,76.69665,23.303349999999995
ENSG00000134757,ENSMUSG00000056632,72.89225,27.107749999999996
ENSG00000175065,ENSMUSG00000001804,82.46035,17.539649999999995
ENSG00000134765,ENSMUSG00000044322,82.02414999999999,17.97585000000001
ENSG00000134755,ENSMUSG00000024331,75.65175,24.348249999999993
ENSG00000134762,ENSMUSG00000059898,79.5759,20.424099999999996
ENSG00000135587,ENSMUSG00000019822,75.53614999999999,24.463850000000008
ENSG00000230062,ENSMUSG00000096140,76.8123,23.187700000000007
ENSG00000203734,ENSMUSG00000071392,75.98179999999999,24.018200000000007
ENSG00000022556,ENSMUSG00000035177,43.5509,56.4491
ENSG00000089818,ENSMUSG00000030327,94.1818,5.8182000000000045
ENSG00000157191,ENSMUSG00000028923,88.84975,11.15025
ENSG00000186897,ENSMUSG00000001076,96.6387,3.3613
ENSG00000073734,ENSMUSG00000027048,81.6805,18.319500000000005
ENSG00000153495,ENSMUSG00000031512,36.30215,63.69785
ENSG00000197982,ENSMUSG00000078570,70.93209999999999,29.06790000000001
ENSG00000104635,ENSMUSG00000022094,86.6471,13.352900000000005
ENSG00000196569,ENSMUSG00000019899,88.39744999999999,11.602550000000008
ENSG00000078114,ENSMUSG00000053702,87.574,12.426000000000002
ENSG00000163395,ENSMUSG00000051985,50.92745,49.07255
ENSG00000089597,ENSMUSG00000071650,91.00685,8.99315
ENSG00000198551,ENSMUSG00000074472,60.476299999999995,39.523700000000005
ENSG00000187166,ENSMUSG00000048077,39.2482,60.7518
ENSG00000135439,ENSMUSG00000025422,94.87025,5.129750000000001
ENSG00000148334,ENSMUSG00000026820,81.47865,18.521349999999998
ENSG00000120029,ENSMUSG00000039901,98.5486,1.4514000000000067
ENSG00000180644,ENSMUSG00000037202,68.34995,31.650049999999993
ENSG00000134996,ENSMUSG00000024725,96.03784999999999,3.9621500000000083
ENSG00000135517,ENSMUSG00000025389,93.1559,6.844099999999997
ENSG00000130669,ENSMUSG00000030602,92.90565000000001,7.0943499999999915
ENSG00000139131,ENSMUSG00000022792,84.9339,15.066100000000006
ENSG00000176204,ENSMUSG00000052581,94.49625,5.503749999999997
ENSG00000196975,ENSMUSG00000029994,91.8759,8.124099999999999
ENSG00000136960,ENSMUSG00000022425,91.46535,8.53465
ENSG00000170509,ENSMUSG00000034528,81.3333,18.666700000000006
ENSG00000115919,ENSMUSG00000026866,83.3155,16.6845
ENSG00000118298,ENSMUSG00000038526,83.9763,16.023700000000005
ENSG00000130385,ENSMUSG00000023279,63.2653,36.7347
ENSG00000144339,ENSMUSG00000026109,98.9305,1.069500000000005
ENSG00000143512,ENSMUSG00000053461,82.1671,17.832899999999995
ENSG00000187997,ENSMUSG00000025573,47.612300000000005,52.387699999999995
ENSG00000163534,ENSMUSG00000059994,51.6211,48.3789
ENSG00000132185,ENSMUSG00000038421,67.70145,32.298550000000006
ENSG00000150337,ENSMUSG00000015947,63.33325000000001,36.66674999999999
ENSG00000179639,ENSMUSG00000005339,47.740849999999995,52.259150000000005
ENSG00000162746,ENSMUSG00000070524,82.53235,17.467650000000006
ENSG00000271605,ENSMUSG00000040528,36.647549999999995,63.352450000000005
ENSG00000113456,ENSMUSG00000022248,90.39259999999999,9.607400000000013
ENSG00000204681,ENSMUSG00000024462,98.6986,1.301400000000001
ENSG00000145675,ENSMUSG00000041417,95.9945,4.005499999999998
ENSG00000109107,ENSMUSG00000017390,97.6618,2.3382000000000005
ENSG00000136872,ENSMUSG00000028307,95.8791,4.120900000000006
ENSG00000118160,ENSMUSG00000030376,94.4625,5.537499999999994
ENSG00000166159,ENSMUSG00000055003,92.1622,7.837800000000001
ENSG00000204463,ENSMUSG00000024392,91.88364999999999,8.116350000000011
ENSG00000134375,ENSMUSG00000062580,95.9064,4.093599999999995
ENSG00000126768,ENSMUSG00000031158,95.9302,4.069800000000001
ENSG00000118242,ENSMUSG00000039395,85.9813,14.018699999999995
ENSG00000174740,ENSMUSG00000034732,95.15090000000001,4.849099999999993
ENSG00000090776,ENSMUSG00000031217,95.80335,4.196650000000005
ENSG00000100865,ENSMUSG00000021276,77.8302,22.169799999999995
ENSG00000153563,ENSMUSG00000053977,48.99305,51.00695
ENSG00000167508,ENSMUSG00000006517,83.3959,16.604100000000003
ENSG00000264364,ENSMUSG00000020483,100.0,0.0
ENSG00000088986,ENSMUSG00000009013,100.0,0.0
ENSG00000134574,ENSMUSG00000002109,78.00030000000001,21.99969999999999
ENSG00000118705,ENSMUSG00000027642,92.393,7.606999999999999
ENSG00000164897,ENSMUSG00000028958,48.34165,51.65835
ENSG00000168591,ENSMUSG00000034757,85.93835,14.06165
ENSG00000188215,ENSMUSG00000048787,97.6974,2.302599999999998
ENSG00000179912,ENSMUSG00000025404,93.1827,6.817300000000003
ENSG00000137745,ENSMUSG00000050578,86.53245000000001,13.467549999999989
ENSG00000188784,ENSMUSG00000028751,84.507,15.492999999999995
ENSG00000163083,ENSMUSG00000037035,96.82385,3.176150000000007
ENSG00000099995,ENSMUSG00000002129,98.2325,1.7674999999999983
ENSG00000144867,ENSMUSG00000032553,90.742,9.257999999999996
ENSG00000091513,ENSMUSG00000032554,73.1183,26.881699999999995
ENSG00000146409,ENSMUSG00000037455,79.73725,20.262749999999997
ENSG00000189195,ENSMUSG00000111375,65.3206,34.6794
ENSG00000183248,ENSMUSG00000064125,53.1661,46.8339
ENSG00000132326,ENSMUSG00000055866,78.90129999999999,21.098700000000008
ENSG00000137574,ENSMUSG00000028233,73.5053,26.494699999999995
ENSG00000135002,ENSMUSG00000024712,93.5484,6.451599999999999
ENSG00000165476,ENSMUSG00000019873,92.3383,7.661699999999996
ENSG00000189299,ENSMUSG00000071665,53.84525,46.15475
ENSG00000168395,ENSMUSG00000026283,94.5833,5.416700000000006
ENSG00000137726,ENSMUSG00000066705,93.1243,6.875699999999995
ENSG00000266964,ENSMUSG00000036570,82.6087,17.3913
ENSG00000221946,ENSMUSG00000036578,86.25,13.75
ENSG00000137731,ENSMUSG00000059412,72.32480000000001,27.67519999999999
ENSG00000089356,ENSMUSG00000057092,73.14525,26.854749999999996
ENSG00000150201,ENSMUSG00000004988,67.79875,32.20125
ENSG00000118263,ENSMUSG00000025959,97.18105,2.818950000000001
ENSG00000173540,ENSMUSG00000070284,96.9444,3.0555999999999983
ENSG00000131037,ENSMUSG00000006154,82.77395,17.22605
ENSG00000272031,ENSMUSG00000049097,96.67015,3.3298499999999933
ENSG00000189127,ENSMUSG00000045034,81.80324999999999,18.19675000000001
ENSG00000106789,ENSMUSG00000028337,85.22409999999999,14.775900000000007
ENSG00000100564,ENSMUSG00000021120,87.766,12.233999999999995
ENSG00000113013,ENSMUSG00000024359,98.38,1.6200000000000045
ENSG00000162068,ENSMUSG00000117406,87.4138,12.586200000000005
ENSG00000065320,ENSMUSG00000020902,99.1722,0.8277999999999963
ENSG00000159176,ENSMUSG00000026421,99.4819,0.518100000000004
ENSG00000157152,ENSMUSG00000009394,94.8641,5.135900000000007
ENSG00000163644,ENSMUSG00000037826,90.3226,9.677400000000006
ENSG00000064225,ENSMUSG00000022747,74.2431,25.7569
ENSG00000178913,ENSMUSG00000051316,93.9257,6.074299999999994
ENSG00000108947,ENSMUSG00000003934,95.5882,4.4117999999999995
ENSG00000067334,ENSMUSG00000039756,60.89835,39.10165
ENSG00000162521,ENSMUSG00000057236,100.0,0.0
ENSG00000103647,ENSMUSG00000041729,98.125,1.875
ENSG00000162373,ENSMUSG00000028545,98.5748,1.4252000000000038
ENSG00000136802,ENSMUSG00000007476,99.0123,0.9877000000000038
ENSG00000171492,ENSMUSG00000046079,95.98140000000001,4.018599999999992
ENSG00000128713,ENSMUSG00000042499,93.47265,6.527349999999998
ENSG00000110700,ENSMUSG00000090862,100.0,0.0
ENSG00000169016,ENSMUSG00000057469,85.737,14.263000000000005
ENSG00000205213,ENSMUSG00000050199,92.9548,7.045199999999994
ENSG00000168528,ENSMUSG00000023232,83.09649999999999,16.903500000000008
ENSG00000132824,ENSMUSG00000017707,78.09535,21.904650000000004
ENSG00000111897,ENSMUSG00000019877,95.8057,4.194299999999998
ENSG00000184716,ENSMUSG00000046110,80.2512,19.748800000000003
ENSG00000164300,ENSMUSG00000021703,81.7787,18.2213
ENSG00000130254,ENSMUSG00000042625,71.83815,28.16185
ENSG00000144063,ENSMUSG00000027377,84.69145,15.308549999999997
ENSG00000122145,ENSMUSG00000031241,71.55875,28.441249999999997
ENSG00000266714,ENSMUSG00000034427,66.51055,33.489450000000005
ENSG00000177272,ENSMUSG00000047959,92.64330000000001,7.356699999999989
ENSG00000133317,ENSMUSG00000024972,81.2102,18.7898
ENSG00000152464,ENSMUSG00000049950,76.37870000000001,23.62129999999999
ENSG00000084710,ENSMUSG00000020658,97.552,2.4479999999999933
ENSG00000132294,ENSMUSG00000015002,97.19525,2.8047499999999985
ENSG00000132964,ENSMUSG00000029635,98.9224,1.0776000000000039
ENSG00000188523,ENSMUSG00000079502,87.831,12.168999999999997
ENSG00000250803,ENSMUSG00000024532,95.3704,4.629599999999996
ENSG00000064999,ENSMUSG00000024219,85.71315000000001,14.286849999999987
ENSG00000141446,ENSMUSG00000024293,76.4114,23.5886
ENSG00000117479,ENSMUSG00000040918,90.45235,9.547650000000004
ENSG00000135917,ENSMUSG00000038496,68.90700000000001,31.09299999999999
ENSG00000173638,ENSMUSG00000001436,61.9679,38.0321
ENSG00000104976,ENSMUSG00000011837,61.552,38.448
ENSG00000197275,ENSMUSG00000078773,78.74455,21.255449999999996
ENSG00000156110,ENSMUSG00000039197,91.56315000000001,8.436849999999993
ENSG00000170044,ENSMUSG00000064310,91.5663,8.433700000000002
ENSG00000144036,ENSMUSG00000033769,98.9513,1.0486999999999966
ENSG00000138190,ENSMUSG00000053799,90.52799999999999,9.472000000000008
ENSG00000167815,ENSMUSG00000005161,92.4242,7.575800000000001
ENSG00000110200,ENSMUSG00000030649,100.0,0.0
ENSG00000107863,ENSMUSG00000036591,86.58325,13.416749999999993
ENSG00000104897,ENSMUSG00000020211,94.88315,5.1168499999999995
ENSG00000160180,ENSMUSG00000024029,68.32560000000001,31.67439999999999
ENSG00000106125,ENSMUSG00000038022,74.75575,25.244249999999994
ENSG00000183773,ENSMUSG00000022763,96.0331,3.9668999999999954
ENSG00000130733,ENSMUSG00000032182,80.258,19.742000000000004
ENSG00000058799,ENSMUSG00000057375,87.5817,12.418300000000002
ENSG00000082213,ENSMUSG00000022195,78.2805,21.719499999999996
ENSG00000205029,ENSMUSG00000075145,79.47704999999999,20.52295000000001
ENSG00000167825,ENSMUSG00000068816,89.84219999999999,10.157800000000009
ENSG00000169021,ENSMUSG00000038462,88.6861,11.313900000000004
ENSG00000148826,ENSMUSG00000041309,96.7509,3.2490999999999985
ENSG00000185156,ENSMUSG00000048329,67.5768,32.423199999999994
ENSG00000151690,ENSMUSG00000041439,87.82365,12.17635
ENSG00000143368,ENSMUSG00000068856,99.5283,0.47169999999999845
ENSG00000158859,ENSMUSG00000006403,90.65925,9.34075
ENSG00000110801,ENSMUSG00000029440,84.4948,15.505200000000002
ENSG00000135299,ENSMUSG00000040183,84.09530000000001,15.904699999999991
ENSG00000175097,ENSMUSG00000032864,88.425,11.575000000000003
ENSG00000066185,ENSMUSG00000070806,81.59405000000001,18.40594999999999
ENSG00000171530,ENSMUSG00000042043,92.5926,7.4073999999999955
ENSG00000156463,ENSMUSG00000057719,81.28555,18.71445
ENSG00000253313,ENSMUSG00000028536,75.006,24.994
ENSG00000151743,ENSMUSG00000068250,76.3566,23.6434
ENSG00000091317,ENSMUSG00000032434,83.0601,16.939899999999994
ENSG00000166548,ENSMUSG00000035824,80.007,19.992999999999995
ENSG00000084754,ENSMUSG00000025745,86.5007,13.499300000000005
ENSG00000283329,ENSMUSG00000096537,76.9231,23.076899999999995
ENSG00000283473,ENSMUSG00000096393,72.6618,27.3382
ENSG00000204469,ENSMUSG00000024393,89.91890000000001,10.081099999999992
ENSG00000288701,ENSMUSG00000039262,85.44515,14.554850000000002
ENSG00000117523,ENSMUSG00000040225,86.46255,13.537450000000007
ENSG00000187616,ENSMUSG00000009214,88.6878,11.312200000000004
ENSG00000148700,ENSMUSG00000025026,92.2096,7.790400000000005
ENSG00000186393,ENSMUSG00000075570,77.20750000000001,22.79249999999999
ENSG00000091436,ENSMUSG00000004085,92.01015000000001,7.98984999999999
ENSG00000140057,ENSMUSG00000041323,85.6155,14.384500000000003
ENSG00000064115,ENSMUSG00000040234,77.887,22.113
ENSG00000215547,ENSMUSG00000074679,49.7191,50.2809
ENSG00000160051,ENSMUSG00000040795,52.8708,47.1292
ENSG00000161999,ENSMUSG00000025736,81.1354,18.864599999999996
ENSG00000132646,ENSMUSG00000027342,96.9349,3.065100000000001
ENSG00000184599,ENSMUSG00000055865,86.03895,13.96105
ENSG00000117448,ENSMUSG00000028692,93.2308,6.769199999999998
ENSG00000173809,ENSMUSG00000030491,73.28125,26.71875
ENSG00000170291,ENSMUSG00000018565,75.3333,24.666700000000006
ENSG00000183960,ENSMUSG00000035580,92.4405,7.5595
ENSG00000057704,ENSMUSG00000020023,93.9203,6.0797000000000025
ENSG00000150433,ENSMUSG00000032121,80.8696,19.130399999999995
ENSG00000135077,ENSMUSG00000020399,62.96095,37.03905
ENSG00000155868,ENSMUSG00000020397,96.9957,3.0043000000000006
ENSG00000151929,ENSMUSG00000030847,84.89609999999999,15.10390000000001
ENSG00000164136,ENSMUSG00000031712,72.8395,27.1605
ENSG00000159261,ENSMUSG00000047109,93.3054,6.694599999999994
ENSG00000166024,ENSMUSG00000025184,64.3917,35.6083
ENSG00000104679,ENSMUSG00000034194,67.85395,32.14605
ENSG00000205221,ENSMUSG00000024076,82.13929999999999,17.86070000000001
ENSG00000221890,ENSMUSG00000022421,89.0276,10.972399999999993
ENSG00000183741,ENSMUSG00000089715,88.62039999999999,11.37960000000001
ENSG00000076706,ENSMUSG00000032135,76.3526,23.647400000000005
ENSG00000105447,ENSMUSG00000053801,91.4798,8.520200000000003
ENSG00000105655,ENSMUSG00000019139,88.4306,11.569400000000002
ENSG00000198520,ENSMUSG00000060268,76.95815,23.041849999999997
ENSG00000148704,ENSMUSG00000006270,95.83675,4.163250000000005
ENSG00000102879,ENSMUSG00000030707,94.577,5.423000000000002
ENSG00000161048,ENSMUSG00000044968,88.9747,11.025300000000001
ENSG00000143196,ENSMUSG00000026574,92.0398,7.9602
ENSG00000124256,ENSMUSG00000027514,46.211650000000006,53.788349999999994
ENSG00000079156,ENSMUSG00000042359,96.08365,3.9163499999999942
ENSG00000250722,ENSMUSG00000064373,70.6966,29.303399999999996
ENSG00000069998,ENSMUSG00000058979,76.0112,23.988799999999998
ENSG00000167526,ENSMUSG00000000740,98.1043,1.895700000000005
ENSG00000125531,ENSMUSG00000047841,79.42145,20.578550000000007
ENSG00000138670,ENSMUSG00000089809,89.96584999999999,10.034150000000011
ENSG00000174136,ENSMUSG00000048027,89.3472,10.6528
ENSG00000168509,ENSMUSG00000038403,87.71125,12.288749999999993
ENSG00000182175,ENSMUSG00000070509,91.81595,8.18405
ENSG00000283205,ENSMUSG00000114559,56.07145,43.92855
ENSG00000251493,ENSMUSG00000078302,82.0925,17.9075
ENSG00000187140,ENSMUSG00000067261,91.24375,8.756249999999994
ENSG00000136940,ENSMUSG00000009030,92.0266,7.973399999999998
ENSG00000134014,ENSMUSG00000022031,95.7952,4.204800000000006
ENSG00000185085,ENSMUSG00000071652,95.3363,4.663700000000006
ENSG00000169976,ENSMUSG00000078348,98.8372,1.1628000000000043
ENSG00000164934,ENSMUSG00000022300,93.0337,6.966300000000004
ENSG00000171812,ENSMUSG00000056174,94.29464999999999,5.70535000000001
ENSG00000169035,ENSMUSG00000030713,73.31145000000001,26.688549999999992
ENSG00000129437,ENSMUSG00000044737,73.05420000000001,26.94579999999999
ENSG00000167749,ENSMUSG00000006948,69.15545,30.844549999999998
ENSG00000167754,ENSMUSG00000074155,69.6246,30.3754
ENSG00000167757,ENSMUSG00000067616,80.56145000000001,19.438549999999992
ENSG00000186474,ENSMUSG00000044430,70.30330000000001,29.696699999999993
ENSG00000129455,ENSMUSG00000064023,71.9231,28.076899999999995
ENSG00000258223,ENSMUSG00000051936,65.9751,34.0249
ENSG00000103023,ENSMUSG00000048400,58.62575,41.37425
ENSG00000137648,ENSMUSG00000032091,76.60589999999999,23.39410000000001
ENSG00000176076,ENSMUSG00000090122,80.70275000000001,19.29724999999999
ENSG00000175538,ENSMUSG00000035165,93.2039,6.796099999999996
ENSG00000005889,ENSMUSG00000079509,95.3879,4.612099999999998
ENSG00000117625,ENSMUSG00000037395,96.73945,3.260549999999995
ENSG00000167771,ENSMUSG00000024968,97.5143,2.4856999999999942
ENSG00000204442,ENSMUSG00000079157,88.22460000000001,11.77539999999999
ENSG00000137876,ENSMUSG00000032215,98.1595,1.8405000000000058
ENSG00000166710,ENSMUSG00000060802,68.0672,31.9328
ENSG00000103044,ENSMUSG00000031910,97.01905,2.980950000000007
ENSG00000170961,ENSMUSG00000022367,98.913,1.0870000000000033
ENSG00000105509,ENSMUSG00000003665,95.17495,4.8250500000000045
ENSG00000143393,ENSMUSG00000038861,97.8154,2.184600000000003
ENSG00000196943,ENSMUSG00000019297,82.0755,17.924499999999995
ENSG00000175868,ENSMUSG00000030666,72.3834,27.616600000000005
ENSG00000124827,ENSMUSG00000021362,68.71315,31.28685
ENSG00000137270,ENSMUSG00000023333,73.6239,26.376099999999994
ENSG00000241360,ENSMUSG00000116165,91.16065,8.839349999999996
ENSG00000124275,ENSMUSG00000034617,78.90979999999999,21.09020000000001
ENSG00000146535,ENSMUSG00000000149,98.1586,1.841399999999993
ENSG00000169057,ENSMUSG00000031393,92.68690000000001,7.3130999999999915
ENSG00000129071,ENSMUSG00000030322,67.21975,32.780249999999995
ENSG00000142627,ENSMUSG00000006445,92.88275,7.1172499999999985
ENSG00000149633,ENSMUSG00000037813,64.51805,35.48195
ENSG00000157593,ENSMUSG00000037089,92.00475,7.995249999999999
ENSG00000136999,ENSMUSG00000037362,80.4515,19.548500000000004
ENSG00000173641,ENSMUSG00000006221,94.9861,5.013900000000007
ENSG00000198862,ENSMUSG00000052299,85.42314999999999,14.576850000000007
ENSG00000077092,ENSMUSG00000017491,98.4375,1.5625
ENSG00000071677,ENSMUSG00000090550,69.36645,30.63355
ENSG00000138231,ENSMUSG00000032469,85.74295000000001,14.257049999999992
ENSG00000124767,ENSMUSG00000024026,90.2174,9.782600000000002
ENSG00000124215,ENSMUSG00000039155,63.19035,36.80965
ENSG00000108528,ENSMUSG00000014606,96.4968,3.5032000000000068
ENSG00000169836,ENSMUSG00000028172,87.04034999999999,12.95965000000001
ENSG00000115353,ENSMUSG00000030043,94.5946,5.4054
ENSG00000092445,ENSMUSG00000027298,89.1554,10.8446
ENSG00000139372,ENSMUSG00000034674,86.8985,13.101500000000001
ENSG00000100523,ENSMUSG00000037697,87.79740000000001,12.20259999999999
ENSG00000105072,ENSMUSG00000052794,49.4682,50.5318
ENSG00000062582,ENSMUSG00000020477,83.8323,16.167699999999996
ENSG00000232040,ENSMUSG00000034173,26.69545,73.30455
ENSG00000155307,ENSMUSG00000022876,80.26859999999999,19.731400000000008
ENSG00000124098,ENSMUSG00000027495,75.91829999999999,24.081700000000012
ENSG00000169857,ENSMUSG00000003604,69.9428,30.057199999999995
ENSG00000139116,ENSMUSG00000022629,93.8434,6.156599999999997
ENSG00000173674,ENSMUSG00000067194,100.0,0.0
ENSG00000168883,ENSMUSG00000056305,97.25425,2.745750000000001
ENSG00000185800,ENSMUSG00000030410,92.01315,7.986850000000004
ENSG00000008438,ENSMUSG00000030413,66.75825,33.241749999999996
ENSG00000143190,ENSMUSG00000026565,92.2663,7.733699999999999
ENSG00000163093,ENSMUSG00000063145,96.4809,3.5190999999999946
ENSG00000214827,ENSMUSG00000031200,94.3925,5.607500000000002
ENSG00000100721,ENSMUSG00000041359,38.3715,61.6285
ENSG00000198569,ENSMUSG00000006469,79.6669,20.3331
ENSG00000131183,ENSMUSG00000021490,91.06604999999999,8.93395000000001
ENSG00000157765,ENSMUSG00000029188,78.5889,21.411100000000005
ENSG00000167118,ENSMUSG00000069020,89.1089,10.891099999999994
ENSG00000121064,ENSMUSG00000000278,82.3009,17.6991
ENSG00000122641,ENSMUSG00000041324,96.23585,3.7641500000000008
ENSG00000139908,ENSMUSG00000007591,84.4034,15.596599999999995
ENSG00000142538,ENSMUSG00000038300,79.0,21.0
ENSG00000140873,ENSMUSG00000053399,88.85249999999999,11.147500000000008
ENSG00000115317,ENSMUSG00000068329,84.9345,15.0655
ENSG00000198231,ENSMUSG00000020705,96.0922,3.9077999999999946
ENSG00000137801,ENSMUSG00000040152,94.66045,5.339550000000003
ENSG00000010278,ENSMUSG00000030342,89.42904999999999,10.57095000000001
ENSG00000182791,ENSMUSG00000067872,60.3294,39.6706
ENSG00000130758,ENSMUSG00000040390,92.72525,7.274749999999997
ENSG00000176571,ENSMUSG00000073991,51.5974,48.4026
ENSG00000165023,ENSMUSG00000047842,98.995,1.0049999999999955
ENSG00000156304,ENSMUSG00000022983,87.07220000000001,12.92779999999999
ENSG00000213079,ENSMUSG00000046201,91.53225,8.467749999999995
ENSG00000184845,ENSMUSG00000021478,91.0314,8.968599999999995
ENSG00000168056,ENSMUSG00000024940,92.6802,7.319800000000001
ENSG00000120094,ENSMUSG00000018973,86.2915,13.7085
ENSG00000137198,ENSMUSG00000000253,95.3623,4.637699999999995
ENSG00000183742,ENSMUSG00000041886,76.8057,23.1943
ENSG00000130147,ENSMUSG00000036206,91.74025,8.259749999999997
ENSG00000105261,ENSMUSG00000100512,86.54415,13.455849999999998
ENSG00000185049,ENSMUSG00000029111,95.46345,4.536550000000005
ENSG00000134686,ENSMUSG00000028796,87.07085000000001,12.929149999999993
ENSG00000074071,ENSMUSG00000038880,89.4495,10.5505
ENSG00000241973,ENSMUSG00000041720,96.30445,3.6955499999999972
ENSG00000143324,ENSMUSG00000026469,95.32715,4.672849999999997
ENSG00000170777,ENSMUSG00000024815,52.56875,47.43125
ENSG00000141642,ENSMUSG00000036941,91.86225,8.137749999999997
ENSG00000124134,ENSMUSG00000040164,87.069,12.930999999999997
ENSG00000134597,ENSMUSG00000031107,75.9288,24.071200000000005
ENSG00000204634,ENSMUSG00000003134,91.31395,8.686049999999994
ENSG00000152284,ENSMUSG00000055799,94.7006,5.299400000000006
ENSG00000156103,ENSMUSG00000028226,98.0231,1.9769000000000005
ENSG00000126858,ENSMUSG00000017686,94.89435,5.105649999999997
ENSG00000196664,ENSMUSG00000044583,80.8004,19.199600000000004
ENSG00000038427,ENSMUSG00000021614,63.172799999999995,36.827200000000005
ENSG00000138162,ENSMUSG00000030852,60.6572,39.3428
ENSG00000162616,ENSMUSG00000028035,94.0653,5.9347000000000065
ENSG00000133392,ENSMUSG00000018830,96.33035000000001,3.66964999999999
ENSG00000068654,ENSMUSG00000049553,86.5872,13.412800000000004
ENSG00000170929,ENSMUSG00000054141,85.3035,14.6965
ENSG00000155659,ENSMUSG00000044206,52.87595,47.12405
ENSG00000242110,ENSMUSG00000022244,77.32645,22.673550000000006
ENSG00000100330,ENSMUSG00000034354,87.22505000000001,12.77494999999999
ENSG00000183735,ENSMUSG00000020115,94.1015,5.8984999999999985
ENSG00000263528,ENSMUSG00000042349,83.32175000000001,16.67824999999999
ENSG00000104365,ENSMUSG00000031537,92.53145,7.468549999999993
ENSG00000213341,ENSMUSG00000025199,95.302,4.697999999999993
ENSG00000120949,ENSMUSG00000028602,53.67065,46.32935
ENSG00000042286,ENSMUSG00000020085,90.3485,9.651499999999999
ENSG00000167196,ENSMUSG00000032309,92.4225,7.577500000000001
ENSG00000073737,ENSMUSG00000027068,85.8934,14.1066
ENSG00000184207,ENSMUSG00000043445,90.6542,9.345799999999997
ENSG00000005812,ENSMUSG00000022124,97.1963,2.8037000000000063
ENSG00000103241,ENSMUSG00000042812,93.52725000000001,6.472749999999991
ENSG00000188386,ENSMUSG00000028310,78.56225,21.437749999999994
ENSG00000152484,ENSMUSG00000029640,98.3784,1.6216000000000008
ENSG00000109189,ENSMUSG00000054814,100.0,0.0
ENSG00000140043,ENSMUSG00000072946,86.3248,13.675200000000004
ENSG00000213471,ENSMUSG00000045467,72.23825,27.761750000000006
ENSG00000116017,ENSMUSG00000019564,80.74065,19.259349999999998
ENSG00000137809,ENSMUSG00000032243,90.2357,9.764300000000006
ENSG00000175785,ENSMUSG00000041669,91.5033,8.496700000000004
ENSG00000099889,ENSMUSG00000118669,91.7879,8.212100000000007
ENSG00000019505,ENSMUSG00000027220,89.9061,10.093900000000005
ENSG00000047188,ENSMUSG00000034653,96.4896,3.510400000000004
ENSG00000271303,ENSMUSG00000032802,90.1111,9.888900000000007
ENSG00000077935,ENSMUSG00000022432,82.88585,17.114149999999995
ENSG00000205208,ENSMUSG00000027811,83.04235,16.95765
ENSG00000137571,ENSMUSG00000025938,88.4571,11.542900000000003
ENSG00000173930,ENSMUSG00000040693,81.32795,18.67205
ENSG00000101187,ENSMUSG00000038963,75.43260000000001,24.567399999999992
ENSG00000154764,ENSMUSG00000030093,99.4269,0.5730999999999966
ENSG00000179051,ENSMUSG00000040945,96.16159999999999,3.838400000000007
ENSG00000185989,ENSMUSG00000031453,94.8441,5.155900000000003
ENSG00000135870,ENSMUSG00000040423,93.7695,6.230500000000006
ENSG00000168229,ENSMUSG00000071489,72.90559999999999,27.094400000000007
ENSG00000125384,ENSMUSG00000037759,86.66929999999999,13.330700000000007
ENSG00000160013,ENSMUSG00000043017,76.25475,23.74525
ENSG00000171522,ENSMUSG00000039942,88.3197,11.680300000000003
ENSG00000137831,ENSMUSG00000034485,79.3921,20.6079
ENSG00000160408,ENSMUSG00000026811,90.71940000000001,9.280599999999993
ENSG00000174529,ENSMUSG00000048174,71.21055000000001,28.789449999999988
ENSG00000127418,ENSMUSG00000008090,83.88265,16.117350000000002
ENSG00000198265,ENSMUSG00000020721,91.12165,8.878349999999998
ENSG00000168070,ENSMUSG00000024786,57.6172,42.3828
ENSG00000241370,ENSMUSG00000024446,79.61905,20.38095
ENSG00000224531,ENSMUSG00000091264,87.17535,12.824650000000005
ENSG00000136709,ENSMUSG00000024400,96.24955,3.7504500000000007
ENSG00000185238,ENSMUSG00000030505,89.89685,10.10315
ENSG00000117408,ENSMUSG00000033365,99.1693,0.8306999999999931
ENSG00000064419,ENSMUSG00000012535,99.0291,0.9709000000000003
ENSG00000167325,ENSMUSG00000030978,97.601,2.399000000000001
ENSG00000155561,ENSMUSG00000038759,93.2837,6.716300000000004
ENSG00000124721,ENSMUSG00000033826,91.5878,8.412199999999999
ENSG00000177917,ENSMUSG00000026960,81.8584,18.141599999999997
ENSG00000103888,ENSMUSG00000052353,91.2564,8.7436
ENSG00000135048,ENSMUSG00000024754,86.7679,13.232100000000003
ENSG00000180613,ENSMUSG00000035946,88.6702,11.329800000000006
ENSG00000138379,ENSMUSG00000026100,96.13865,3.8613500000000016
ENSG00000111615,ENSMUSG00000063334,91.9844,8.015600000000006
ENSG00000205683,ENSMUSG00000021221,99.7355,0.2644999999999982
ENSG00000177565,ENSMUSG00000027630,99.0272,0.9728000000000065
ENSG00000164867,ENSMUSG00000028978,94.22040000000001,5.779599999999988
ENSG00000133019,ENSMUSG00000046159,91.60310000000001,8.396899999999988
ENSG00000189227,ENSMUSG00000032403,92.3567,7.643299999999996
ENSG00000010219,ENSMUSG00000030345,73.4599,26.540099999999995
ENSG00000177414,ENSMUSG00000069733,46.465,53.535
ENSG00000105464,ENSMUSG00000002771,97.1065,2.893500000000003
ENSG00000091831,ENSMUSG00000019768,89.2807,10.719300000000004
ENSG00000111049,ENSMUSG00000000435,89.4118,10.5882
ENSG00000129152,ENSMUSG00000009471,88.40209999999999,11.59790000000001
ENSG00000122180,ENSMUSG00000026459,95.0893,4.910700000000006
ENSG00000111046,ENSMUSG00000035923,95.4545,4.545500000000004
ENSG00000187961,ENSMUSG00002076083,97.97215,2.027850000000001
ENSG00000173926,ENSMUSG00000032656,99.2095,0.7904999999999944
ENSG00000276600,ENSMUSG00000052688,88.4422,11.5578
ENSG00000130045,ENSMUSG00000021396,84.6154,15.384600000000006
ENSG00000168487,ENSMUSG00000022098,95.8023,4.1976999999999975
ENSG00000133466,ENSMUSG00000022440,65.35730000000001,34.64269999999999
ENSG00000269743,ENSMUSG00000044348,88.7441,11.255899999999997
ENSG00000148444,ENSMUSG00000051154,89.2308,10.769199999999998
ENSG00000004848,ENSMUSG00000035277,95.91505000000001,4.084949999999992
ENSG00000126243,ENSMUSG00000036957,96.1725,3.8275000000000006
ENSG00000112293,ENSMUSG00000021340,79.42935,20.57065
ENSG00000161547,ENSMUSG00000034120,100.0,0.0
ENSG00000155816,ENSMUSG00000028354,77.1165,22.883499999999998
ENSG00000171388,ENSMUSG00000037010,83.1169,16.8831
ENSG00000213347,ENSMUSG00000021485,83.9806,16.019400000000005
ENSG00000167100,ENSMUSG00000047181,94.2446,5.7553999999999945
ENSG00000117450,ENSMUSG00000028691,95.4774,4.522599999999997
ENSG00000140798,ENSMUSG00000036872,85.06479999999999,14.935200000000009
ENSG00000213676,ENSMUSG00000015461,87.537,12.462999999999994
ENSG00000111540,ENSMUSG00000000711,100.0,0.0
ENSG00000058668,ENSMUSG00000026463,84.6473,15.352699999999999
ENSG00000186187,ENSMUSG00000033545,99.1189,0.8811000000000035
ENSG00000106853,ENSMUSG00000028378,80.5471,19.4529
ENSG00000121390,ENSMUSG00000021938,97.7055,2.2944999999999993
ENSG00000006016,ENSMUSG00000007888,94.6883,5.311700000000002
ENSG00000177303,ENSMUSG00000034471,89.47149999999999,10.528500000000008
ENSG00000154721,ENSMUSG00000053062,73.6588,26.3412
ENSG00000124440,ENSMUSG00000004328,82.67179999999999,17.32820000000001
ENSG00000234776,ENSMUSG00000044916,81.2204,18.779600000000002
ENSG00000140403,ENSMUSG00000032285,93.199,6.801000000000002
ENSG00000091490,ENSMUSG00000029189,86.73464999999999,13.265350000000012
ENSG00000225921,ENSMUSG00000063200,76.715,23.284999999999997
ENSG00000075711,ENSMUSG00000022770,94.86825,5.131749999999997
ENSG00000213160,ENSMUSG00000042155,97.1326,2.8674000000000035
ENSG00000004142,ENSMUSG00000001100,95.1087,4.891300000000001
ENSG00000110429,ENSMUSG00000027180,94.22505,5.774950000000004
ENSG00000184611,ENSMUSG00000059742,94.4375,5.5625
ENSG00000170613,ENSMUSG00000020401,53.03175,46.96825
ENSG00000106638,ENSMUSG00000005374,87.5168,12.483199999999997
ENSG00000151715,ENSMUSG00000041737,79.56835000000001,20.43164999999999
ENSG00000163492,ENSMUSG00000044033,72.98265,27.017349999999993
ENSG00000123388,ENSMUSG00000001656,97.6974,2.302599999999998
ENSG00000214140,ENSMUSG00000075410,72.90355,27.096450000000004
ENSG00000132661,ENSMUSG00000036992,98.5714,1.428600000000003
ENSG00000185055,ENSMUSG00000020562,69.52395,30.47605
ENSG00000163424,ENSMUSG00000022798,33.90205,66.09795
ENSG00000135929,ENSMUSG00000026170,71.61680000000001,28.383199999999988
ENSG00000111012,ENSMUSG00000006724,81.57645,18.423550000000006
ENSG00000019186,ENSMUSG00000038567,82.8794,17.120599999999996
ENSG00000253159,ENSMUSG00000102428,85.9442,14.055800000000005
ENSG00000253873,ENSMUSG00000102742,82.7624,17.2376
ENSG00000173166,ENSMUSG00000026014,91.25965,8.740350000000007
ENSG00000162910,ENSMUSG00000036860,69.5021,30.4979
ENSG00000164040,ENSMUSG00000049940,89.10749999999999,10.892500000000013
ENSG00000147655,ENSMUSG00000051920,95.8848,4.1152000000000015
ENSG00000109738,ENSMUSG00000028020,96.87825000000001,3.1217499999999916
ENSG00000103449,ENSMUSG00000031665,90.5176,9.482399999999998
ENSG00000170917,ENSMUSG00000050174,73.4516,26.5484
ENSG00000147596,ENSMUSG00000042414,69.9701,30.029899999999998
ENSG00000117505,ENSMUSG00000029265,99.4318,0.5682000000000045
ENSG00000144381,ENSMUSG00000025980,97.5567,2.4432999999999936
ENSG00000134198,ENSMUSG00000027858,93.6652,6.334800000000001
ENSG00000106049,ENSMUSG00000029776,90.01515,9.984849999999994
ENSG00000156411,ENSMUSG00000021290,72.4138,27.586200000000005
ENSG00000185614,ENSMUSG00000042106,80.0728,19.9272
ENSG00000197852,ENSMUSG00000048458,79.399,20.601
ENSG00000176953,ENSMUSG00000030722,70.0411,29.9589
ENSG00000143194,ENSMUSG00000040629,89.8617,10.138300000000001
ENSG00000170477,ENSMUSG00000059668,81.1502,18.849800000000002
ENSG00000198680,ENSMUSG00000054000,73.4368,26.563199999999995
ENSG00000160323,ENSMUSG00000014852,69.67295,30.32705
ENSG00000164162,ENSMUSG00000036977,99.4595,0.5404999999999944
ENSG00000130592,ENSMUSG00000018819,68.17375000000001,31.826249999999987
ENSG00000122786,ENSMUSG00000029761,78.4314,21.568600000000004
ENSG00000109618,ENSMUSG00000029173,87.56295,12.43705
ENSG00000041353,ENSMUSG00000024511,94.4954,5.504599999999996
ENSG00000115548,ENSMUSG00000053470,91.52805000000001,8.471949999999993
ENSG00000151414,ENSMUSG00000026393,97.6821,2.3178999999999945
ENSG00000162391,ENSMUSG00000034871,69.93379999999999,30.06620000000001
ENSG00000152380,ENSMUSG00000034334,84.32679999999999,15.673200000000008
ENSG00000177425,ENSMUSG00000035873,78.4632,21.5368
ENSG00000161036,ENSMUSG00000029703,77.83789999999999,22.16210000000001
ENSG00000188770,ENSMUSG00000010311,72.72995,27.270049999999998
ENSG00000162869,ENSMUSG00000034709,92.0513,7.948700000000002
ENSG00000121058,ENSMUSG00000033983,65.97085,34.02915
ENSG00000242550,ENSMUSG00000092572,74.8111,25.188900000000004
ENSG00000182968,ENSMUSG00000096014,99.4885,0.5114999999999981
ENSG00000171217,ENSMUSG00000091530,74.4292,25.570800000000006
ENSG00000100985,ENSMUSG00000017737,73.22685,26.77315
ENSG00000182872,ENSMUSG00000031060,96.129,3.870999999999995
ENSG00000169752,ENSMUSG00000032311,74.7826,25.217399999999998
ENSG00000274749,ENSMUSG00000056706,79.3103,20.689700000000002
ENSG00000049245,ENSMUSG00000028955,88.6893,11.310699999999997
ENSG00000162771,ENSMUSG00000091017,50.8936,49.1064
ENSG00000132128,ENSMUSG00000028703,95.12135,4.878649999999993
ENSG00000151208,ENSMUSG00000021782,91.97919999999999,8.020800000000008
ENSG00000103168,ENSMUSG00000031832,65.87370000000001,34.126299999999986
ENSG00000197555,ENSMUSG00000042700,95.8205,4.179500000000004
ENSG00000113360,ENSMUSG00000022191,95.668,4.331999999999994
ENSG00000165895,ENSMUSG00000050730,94.2623,5.737700000000004
ENSG00000170881,ENSMUSG00000037075,93.39425,6.6057500000000005
ENSG00000158402,ENSMUSG00000044201,63.74655,36.25345
ENSG00000166250,ENSMUSG00000032024,92.7614,7.238600000000005
ENSG00000151148,ENSMUSG00000029577,92.23580000000001,7.764199999999988
ENSG00000120868,ENSMUSG00000019979,87.3849,12.615099999999998
ENSG00000160193,ENSMUSG00000024037,71.84360000000001,28.15639999999999
ENSG00000057468,ENSMUSG00000005493,85.01675,14.983249999999998
ENSG00000284308,ENSMUSG00000030030,50.79315,49.20685
ENSG00000145241,ENSMUSG00000029253,50.6422,49.3578
ENSG00000111713,ENSMUSG00000030244,94.101,5.899000000000001
ENSG00000104812,ENSMUSG00000003865,96.54245,3.4575499999999977
ENSG00000124588,ENSMUSG00000046949,80.9524,19.047600000000003
ENSG00000139370,ENSMUSG00000029416,86.53405000000001,13.465949999999992
ENSG00000122386,ENSMUSG00000062012,72.34495000000001,27.65504999999999
ENSG00000048392,ENSMUSG00000022292,93.4473,6.5527000000000015
ENSG00000171848,ENSMUSG00000020649,91.3994,8.6006
ENSG00000111877,ENSMUSG00000058298,70.1286,29.871399999999994
ENSG00000178460,ENSMUSG00000046101,85.4626,14.537400000000005
ENSG00000125885,ENSMUSG00000027353,88.82405,11.17595
ENSG00000073111,ENSMUSG00000002870,96.0177,3.982299999999995
ENSG00000104738,ENSMUSG00000022673,94.95655,5.043450000000007
ENSG00000198380,ENSMUSG00000029992,97.84270000000001,2.1572999999999922
ENSG00000180233,ENSMUSG00000058446,82.08905,17.91095
ENSG00000171431,ENSMUSG00000035775,78.8357,21.164299999999997
ENSG00000110324,ENSMUSG00000032089,56.2016,43.7984
ENSG00000109920,ENSMUSG00000008200,84.21430000000001,15.785699999999991
ENSG00000019549,ENSMUSG00000022676,95.34485000000001,4.655149999999992
ENSG00000185669,ENSMUSG00000006587,73.5806,26.419399999999996
ENSG00000130227,ENSMUSG00000022100,99.4023,0.5977000000000032
ENSG00000204764,ENSMUSG00000040594,93.75,6.25
ENSG00000132953,ENSMUSG00000021952,98.523,1.4770000000000039
ENSG00000198792,ENSMUSG00000009035,95.25659999999999,4.743400000000008
ENSG00000164855,ENSMUSG00000036687,79.95385,20.046149999999997
ENSG00000134086,ENSMUSG00000033933,77.6697,22.330299999999994
ENSG00000116396,ENSMUSG00000027895,92.1936,7.8063999999999965
ENSG00000113594,ENSMUSG00000054263,75.37729999999999,24.62270000000001
ENSG00000153266,ENSMUSG00000021743,95.62549999999999,4.374500000000012
ENSG00000134508,ENSMUSG00000040957,83.3768,16.623199999999997
ENSG00000149679,ENSMUSG00000038990,89.51820000000001,10.481799999999993
ENSG00000165006,ENSMUSG00000028437,91.0359,8.964100000000002
ENSG00000246922,ENSMUSG00000086228,69.02065,30.979349999999997
ENSG00000119681,ENSMUSG00000002020,80.44165000000001,19.55834999999999
ENSG00000000460,ENSMUSG00000041406,70.1024,29.897599999999997
ENSG00000157131,ENSMUSG00000035031,72.41720000000001,27.58279999999999
ENSG00000143476,ENSMUSG00000037474,89.51345,10.486549999999994
ENSG00000188674,ENSMUSG00000044816,60.39075,39.60925
ENSG00000237452,ENSMUSG00000085601,49.846050000000005,50.153949999999995
ENSG00000224940,ENSMUSG00000079654,85.0641,14.935900000000004
ENSG00000150722,ENSMUSG00000034683,84.79445,15.205550000000002
ENSG00000108592,ENSMUSG00000020706,88.07375,11.926249999999996
ENSG00000204084,ENSMUSG00000028894,82.41175,17.588250000000002
ENSG00000183831,ENSMUSG00000044835,71.59385,28.406149999999997
ENSG00000066933,ENSMUSG00000039585,87.56835000000001,12.43164999999999
ENSG00000131504,ENSMUSG00000024456,90.30055,9.699449999999999
ENSG00000101901,ENSMUSG00000041718,59.35205,40.64795
ENSG00000108039,ENSMUSG00000025027,92.73310000000001,7.266899999999993
ENSG00000155719,ENSMUSG00000034990,77.24085,22.759150000000005
ENSG00000102854,ENSMUSG00000063011,57.395849999999996,42.604150000000004
ENSG00000162006,ENSMUSG00000041062,53.7006,46.2994
ENSG00000242866,ENSMUSG00000033498,86.61495,13.385050000000007
ENSG00000186416,ENSMUSG00000044149,89.10050000000001,10.899499999999989
ENSG00000283428,ENSMUSG00000110100,57.79475,42.20525
ENSG00000156453,ENSMUSG00000051375,87.26105000000001,12.738949999999988
ENSG00000084444,ENSMUSG00000030207,87.1591,12.840900000000005
ENSG00000167930,ENSMUSG00000024187,73.35195,26.648049999999998
ENSG00000182545,ENSMUSG00000021872,60.1077,39.8923
ENSG00000100138,ENSMUSG00000063480,100.0,0.0
ENSG00000124610,ENSMUSG00000049539,78.9737,21.026300000000006
ENSG00000088298,ENSMUSG00000038312,93.6797,6.320300000000003
ENSG00000105865,ENSMUSG00000020648,89.2462,10.753799999999998
ENSG00000089351,ENSMUSG00000001248,93.4995,6.500500000000002
ENSG00000125998,ENSMUSG00000074647,76.84995,23.150049999999993
ENSG00000131375,ENSMUSG00000021893,95.2029,4.7971
ENSG00000141655,ENSMUSG00000026321,67.52975,32.47024999999999
ENSG00000186564,ENSMUSG00000055210,93.61785,6.382149999999996
ENSG00000163624,ENSMUSG00000029330,95.8785,4.1214999999999975
ENSG00000127334,ENSMUSG00000028630,97.16695,2.83305
ENSG00000265817,ENSMUSG00000094595,87.9599,12.040099999999995
ENSG00000157036,ENSMUSG00000042787,83.1522,16.847800000000007
ENSG00000162714,ENSMUSG00000020472,77.9866,22.013400000000004
ENSG00000203791,ENSMUSG00000030960,67.43635,32.563649999999996
ENSG00000196415,ENSMUSG00000057729,63.92255,36.07745
ENSG00000197561,ENSMUSG00000020125,72.18145,27.818550000000002
ENSG00000139610,ENSMUSG00000023031,82.46195,17.53805
ENSG00000159723,ENSMUSG00000005705,79.84909999999999,20.150900000000007
ENSG00000101440,ENSMUSG00000027596,78.32815,21.671850000000006
ENSG00000172538,ENSMUSG00000078127,56.84745,43.15255
ENSG00000174004,ENSMUSG00000052384,80.72205,19.277950000000004
ENSG00000184434,ENSMUSG00000049799,70.5769,29.423100000000005
ENSG00000167842,ENSMUSG00000040599,78.34595,21.654049999999998
ENSG00000198892,ENSMUSG00000041889,91.8782,8.121799999999993
ENSG00000127324,ENSMUSG00000034127,70.34025,29.659750000000003
ENSG00000146904,ENSMUSG00000029859,88.17205000000001,11.827949999999987
ENSG00000152779,ENSMUSG00000009378,84.30709999999999,15.692900000000009
ENSG00000104356,ENSMUSG00000022325,77.58855,22.411450000000002
ENSG00000154485,ENSMUSG00000030981,77.7485,22.251499999999993
ENSG00000015153,ENSMUSG00000022634,91.3656,8.6344
ENSG00000163602,ENSMUSG00000072872,96.46105,3.53895
ENSG00000198162,ENSMUSG00000008763,94.5398,5.4602
ENSG00000029364,ENSMUSG00000048833,93.33355,6.6664499999999975
ENSG00000149541,ENSMUSG00000071649,95.8209,4.179100000000005
ENSG00000103056,ENSMUSG00000031906,91.145,8.855000000000004
ENSG00000198060,ENSMUSG00000023307,100.0,0.0
ENSG00000137806,ENSMUSG00000027305,77.6272,22.372799999999998
ENSG00000182774,ENSMUSG00000061787,99.2593,0.7407000000000039
ENSG00000106066,ENSMUSG00000052955,75.8913,24.1087
ENSG00000132623,ENSMUSG00000074771,85.36435,14.635649999999998
ENSG00000113083,ENSMUSG00000024529,86.96105,13.03895
ENSG00000105675,ENSMUSG00000005553,98.0184,1.9816000000000003
ENSG00000182934,ENSMUSG00000032042,97.17445000000001,2.8255499999999927
ENSG00000119285,ENSMUSG00000050244,83.83484999999999,16.16515000000001
ENSG00000218891,ENSMUSG00000051550,89.3238,10.676199999999994
ENSG00000166035,ENSMUSG00000032207,74.1416,25.858400000000003
ENSG00000133731,ENSMUSG00000027531,86.2816,13.718400000000003
ENSG00000153814,ENSMUSG00000063568,99.5885,0.41150000000000375
ENSG00000166477,ENSMUSG00000042487,93.62345,6.376549999999995
ENSG00000113070,ENSMUSG00000024486,80.7692,19.230800000000002
ENSG00000172348,ENSMUSG00000039601,79.04575,20.954250000000002
ENSG00000111364,ENSMUSG00000029389,91.1667,8.833299999999994
ENSG00000149201,ENSMUSG00000039391,78.86695,21.133049999999997
ENSG00000160785,ENSMUSG00000050144,96.1783,3.821700000000007
ENSG00000118513,ENSMUSG00000019982,83.70525,16.294749999999993
ENSG00000280090,ENSMUSG00000066747,86.0841,13.915899999999993
ENSG00000197125,ENSMUSG00000066748,85.99055,14.009450000000001
ENSG00000154839,ENSMUSG00000036223,75.04945000000001,24.950549999999993
ENSG00000163975,ENSMUSG00000022780,83.7398,16.260199999999998
ENSG00000125166,ENSMUSG00000031672,94.6512,5.348799999999997
ENSG00000120053,ENSMUSG00000025190,90.799,9.200999999999993
ENSG00000169154,ENSMUSG00000039720,72.75815,27.24185
ENSG00000136938,ENSMUSG00000028333,83.49985,16.500150000000005
ENSG00000143401,ENSMUSG00000015749,92.06655,7.9334499999999935
ENSG00000101413,ENSMUSG00000027651,99.3865,0.6135000000000019
ENSG00000141425,ENSMUSG00000040446,98.7179,1.2820999999999998
ENSG00000163125,ENSMUSG00000028106,90.44435,9.55565
ENSG00000132323,ENSMUSG00000026309,95.1531,4.846900000000005
ENSG00000176788,ENSMUSG00000045763,72.40655000000001,27.59344999999999
ENSG00000134490,ENSMUSG00000049411,81.9564,18.043599999999998
ENSG00000006831,ENSMUSG00000030168,92.7461,7.253900000000002
ENSG00000100575,ENSMUSG00000021079,97.7528,2.2472000000000065
ENSG00000177485,ENSMUSG00000048047,88.16085000000001,11.83914999999999
ENSG00000055483,ENSMUSG00000033909,73.4897,26.5103
ENSG00000144354,ENSMUSG00000055612,76.47235,23.527649999999994
ENSG00000185982,ENSMUSG00000049560,49.74795,50.25205
ENSG00000258839,ENSMUSG00000074037,75.95015000000001,24.049849999999992
ENSG00000185231,ENSMUSG00000045569,88.70175,11.298249999999996
ENSG00000166603,ENSMUSG00000047259,93.9759,6.024100000000004
ENSG00000124089,ENSMUSG00000038537,88.8545,11.145499999999998
ENSG00000176136,ENSMUSG00000007480,80.3077,19.692300000000003
ENSG00000115604,ENSMUSG00000026070,63.4517,36.5483
ENSG00000115607,ENSMUSG00000026068,64.3132,35.686800000000005
ENSG00000115602,ENSMUSG00000026069,66.2575,33.74250000000001
ENSG00000115594,ENSMUSG00000026072,68.29945000000001,31.700549999999993
ENSG00000115598,ENSMUSG00000070942,65.27420000000001,34.72579999999999
ENSG00000115590,ENSMUSG00000026073,60.1618,39.8382
ENSG00000089692,ENSMUSG00000030124,68.83465,31.165350000000004
ENSG00000185187,ENSMUSG00000025494,81.56299999999999,18.437000000000012
ENSG00000124116,ENSMUSG00000076434,52.89375,47.10625
ENSG00000162836,ENSMUSG00000028093,76.13355,23.86645
ENSG00000040933,ENSMUSG00000026113,95.74205,4.257949999999994
ENSG00000082701,ENSMUSG00000022812,97.56075,2.4392500000000013
ENSG00000105723,ENSMUSG00000057177,94.3523,5.6477
ENSG00000244005,ENSMUSG00000027618,90.61175,9.38825
ENSG00000176046,ENSMUSG00000030717,71.61585,28.384150000000005
ENSG00000185290,ENSMUSG00000095789,70.39615,29.603849999999994
ENSG00000255072,ENSMUSG00000010607,84.507,15.492999999999995
ENSG00000087008,ENSMUSG00000029098,73.2857,26.714299999999994
ENSG00000101213,ENSMUSG00000038751,80.0443,19.955699999999993
ENSG00000182253,ENSMUSG00000030554,69.22595,30.774050000000003
ENSG00000205929,ENSMUSG00000039851,66.40955,33.590450000000004
ENSG00000105698,ENSMUSG00000058239,97.9769,2.0230999999999995
ENSG00000196230,ENSMUSG00000001525,100.0,0.0
ENSG00000051825,ENSMUSG00000038126,73.5918,26.408199999999994
ENSG00000164758,ENSMUSG00000038622,94.9438,5.056200000000004
ENSG00000183307,ENSMUSG00000094626,87.82845,12.171549999999996
ENSG00000215187,ENSMUSG00000042788,53.65025,46.34975
ENSG00000148516,ENSMUSG00000024238,86.6202,13.379800000000003
ENSG00000169554,ENSMUSG00000026872,96.6653,3.334699999999998
ENSG00000162460,ENSMUSG00000043085,78.1386,21.861400000000003
ENSG00000081154,ENSMUSG00000071533,95.5056,4.494399999999999
ENSG00000134759,ENSMUSG00000024271,78.57645,21.423550000000006
ENSG00000107518,ENSMUSG00000054843,96.04645,3.953550000000007
ENSG00000141179,ENSMUSG00000020553,81.3084,18.691599999999994
ENSG00000188582,ENSMUSG00000064225,93.08574999999999,6.91425000000001
ENSG00000184182,ENSMUSG00000034343,96.7568,3.2432000000000016
ENSG00000168434,ENSMUSG00000034951,92.4675,7.532499999999999
ENSG00000155438,ENSMUSG00000026377,57.13765,42.86235
ENSG00000182700,ENSMUSG00000110185,94.3396,5.660399999999996
ENSG00000135931,ENSMUSG00000062590,85.5746,14.425399999999996
ENSG00000151090,ENSMUSG00000021779,79.71870000000001,20.281299999999987
ENSG00000286140,ENSMUSG00000117748,86.2882,13.711799999999997
ENSG00000134644,ENSMUSG00000028580,98.94825,1.0517499999999984
ENSG00000153767,ENSMUSG00000022828,93.28795,6.712050000000005
ENSG00000120896,ENSMUSG00000022091,77.78705,22.212950000000006
ENSG00000056558,ENSMUSG00000026875,84.61215,15.38785
ENSG00000135046,ENSMUSG00000024659,87.5723,12.427700000000002
ENSG00000068028,ENSMUSG00000010067,90.8824,9.117599999999996
ENSG00000171241,ENSMUSG00000022322,78.0604,21.9396
ENSG00000130703,ENSMUSG00000039050,89.42065,10.579350000000005
ENSG00000106701,ENSMUSG00000054752,91.6233,8.3767
ENSG00000126216,ENSMUSG00000000759,93.59835000000001,6.401649999999989
ENSG00000148450,ENSMUSG00000023094,76.78020000000001,23.219799999999992
ENSG00000168658,ENSMUSG00000050122,70.11875,29.881249999999994
ENSG00000116171,ENSMUSG00000028603,89.2139,10.786100000000005
ENSG00000132631,ENSMUSG00000027431,72.4359,27.564099999999996
ENSG00000284753,ENSMUSG00000115219,83.5294,16.470600000000005
ENSG00000184544,ENSMUSG00000033044,91.3183,8.681700000000006
ENSG00000119684,ENSMUSG00000021245,72.1003,27.899699999999996
ENSG00000125046,ENSMUSG00000034387,82.6667,17.333299999999994
ENSG00000214842,ENSMUSG00000086022,48.69499999999999,51.30500000000001
ENSG00000110148,ENSMUSG00000030898,88.67060000000001,11.329399999999993
ENSG00000163394,ENSMUSG00000029193,89.82249999999999,10.177500000000009
ENSG00000056291,ENSMUSG00000035528,79.09299999999999,20.90700000000001
ENSG00000148734,ENSMUSG00000020090,86.77539999999999,13.22460000000001
ENSG00000132321,ENSMUSG00000026301,74.48145,25.518550000000005
ENSG00000278685,ENSMUSG00000038199,75.2296,24.770399999999995
ENSG00000122417,ENSMUSG00000028256,74.3392,25.660799999999995
ENSG00000136811,ENSMUSG00000026790,89.86619999999999,10.133800000000008
ENSG00000100116,ENSMUSG00000006378,91.01915,8.980850000000004
ENSG00000111707,ENSMUSG00000066900,96.36715000000001,3.6328499999999906
ENSG00000100350,ENSMUSG00000016552,83.4858,16.514200000000002
ENSG00000104888,ENSMUSG00000070570,98.5714,1.428600000000003
ENSG00000168269,ENSMUSG00000047861,84.27205000000001,15.727949999999993
ENSG00000050165,ENSMUSG00000030772,82.40360000000001,17.59639999999999
ENSG00000137673,ENSMUSG00000018623,69.68209999999999,30.31790000000001
ENSG00000107077,ENSMUSG00000028397,84.54984999999999,15.450150000000008
ENSG00000221813,ENSMUSG00000049168,92.6045,7.395499999999998
ENSG00000184933,ENSMUSG00000070417,89.9083,10.091700000000003
ENSG00000197532,ENSMUSG00000051509,56.7066,43.2934
ENSG00000164190,ENSMUSG00000022141,96.75125,3.248750000000001
ENSG00000120705,ENSMUSG00000024360,100.0,0.0
ENSG00000215529,ENSMUSG00000044083,59.3749,40.6251
ENSG00000100625,ENSMUSG00000034460,90.36125,9.638750000000002
ENSG00000141639,ENSMUSG00000024558,93.84725,6.1527499999999975
ENSG00000164985,ENSMUSG00000028484,92.4389,7.561099999999996
ENSG00000102349,ENSMUSG00000041649,83.1959,16.804100000000005
ENSG00000160712,ENSMUSG00000027947,54.314400000000006,45.685599999999994
ENSG00000154144,ENSMUSG00000011114,84.7033,15.296700000000001
ENSG00000112667,ENSMUSG00000040658,69.74119999999999,30.258800000000008
ENSG00000169180,ENSMUSG00000000131,97.9556,2.044399999999996
ENSG00000262152,ENSMUSG00000043747,39.6507,60.3493
ENSG00000165626,ENSMUSG00000048186,84.8219,15.1781
ENSG00000164105,ENSMUSG00000031609,95.9091,4.090900000000005
ENSG00000164576,ENSMUSG00000020519,96.987,3.0130000000000052
ENSG00000196932,ENSMUSG00000060044,69.4828,30.517200000000003
ENSG00000128342,ENSMUSG00000034394,80.00049999999999,19.999500000000012
ENSG00000198799,ENSMUSG00000032913,89.95054999999999,10.049450000000007
ENSG00000153207,ENSMUSG00000026491,70.8823,29.1177
ENSG00000241553,ENSMUSG00000079426,100.0,0.0
ENSG00000133250,ENSMUSG00000073423,70.90305000000001,29.096949999999993
ENSG00000189023,ENSMUSG00000046942,51.4029,48.5971
ENSG00000119950,ENSMUSG00000025025,80.8683,19.131699999999995
ENSG00000275158,ENSMUSG00000076473,66.087,33.913
ENSG00000156675,ENSMUSG00000031488,64.6637,35.336299999999994
ENSG00000107130,ENSMUSG00000062661,100.0,0.0
ENSG00000115756,ENSMUSG00000071379,98.4456,1.5544000000000011
ENSG00000211584,ENSMUSG00000081534,92.4658,7.5341999999999985
ENSG00000049541,ENSMUSG00000023104,92.46555000000001,7.5344499999999925
ENSG00000033867,ENSMUSG00000021733,89.71340000000001,10.286599999999993
ENSG00000129535,ENSMUSG00000040632,89.4515,10.548500000000004
ENSG00000100320,ENSMUSG00000033565,95.75945,4.240549999999999
ENSG00000112499,ENSMUSG00000040966,83.2133,16.786699999999996
ENSG00000155858,ENSMUSG00000044847,88.76580000000001,11.234199999999987
ENSG00000153339,ENSMUSG00000033382,91.78280000000001,8.217199999999991
ENSG00000121351,ENSMUSG00000041681,64.8665,35.1335
ENSG00000143624,ENSMUSG00000027933,98.7038,1.296199999999999
ENSG00000169291,ENSMUSG00000046280,83.48605,16.513949999999994
ENSG00000013375,ENSMUSG00000056131,87.6384,12.361599999999996
ENSG00000196678,ENSMUSG00000030929,74.6922,25.3078
ENSG00000117419,ENSMUSG00000033423,97.9229,2.0771000000000015
ENSG00000104626,ENSMUSG00000031527,83.86445,16.135549999999995
ENSG00000164309,ENSMUSG00000047419,57.13875,42.86125
ENSG00000115128,ENSMUSG00000037361,100.0,0.0
ENSG00000148835,ENSMUSG00000025049,96.81455,3.185450000000003
ENSG00000135801,ENSMUSG00000038697,93.3786,6.621399999999994
ENSG00000240184,ENSMUSG00000102918,92.0771,7.9228999999999985
ENSG00000175564,ENSMUSG00000032942,86.1326,13.867400000000004
ENSG00000068097,ENSMUSG00000000976,83.7211,16.278899999999993
ENSG00000146555,ENSMUSG00000039683,90.15165,9.848349999999996
ENSG00000136816,ENSMUSG00000026848,88.3929,11.607100000000003
ENSG00000136827,ENSMUSG00000026849,90.82730000000001,9.172699999999992
ENSG00000186283,ENSMUSG00000060519,68.55834999999999,31.44165000000001
ENSG00000160404,ENSMUSG00000009563,86.2928,13.7072
ENSG00000198113,ENSMUSG00000059555,77.73949999999999,22.260500000000008
ENSG00000161091,ENSMUSG00000034854,84.9387,15.061300000000003
ENSG00000168389,ENSMUSG00000028655,84.7756,15.224400000000003
ENSG00000205639,ENSMUSG00000037336,82.7738,17.226200000000006
ENSG00000187823,ENSMUSG00000071679,58.6375,41.3625
ENSG00000142949,ENSMUSG00000033295,95.61155,4.388450000000006
ENSG00000198522,ENSMUSG00000064037,90.61725000000001,9.382749999999987
ENSG00000142751,ENSMUSG00000028848,96.129,3.870999999999995
ENSG00000111231,ENSMUSG00000029464,94.7183,5.281700000000001
ENSG00000135355,ENSMUSG00000051056,76.2453,23.7547
ENSG00000187513,ENSMUSG00000050234,88.8889,11.111099999999993
ENSG00000152661,ENSMUSG00000050953,97.3822,2.6178000000000026
ENSG00000088538,ENSMUSG00000039716,98.1281,1.8718999999999966
ENSG00000134874,ENSMUSG00000042156,67.71895,32.28104999999999
ENSG00000101938,ENSMUSG00000031283,89.51595,10.484049999999996
ENSG00000188738,ENSMUSG00000075249,59.029849999999996,40.970150000000004
ENSG00000179091,ENSMUSG00000022551,84.3077,15.692300000000003
ENSG00000234602,ENSMUSG00000074651,78.80064999999999,21.19935000000001
ENSG00000205835,ENSMUSG00000068428,78.5609,21.439099999999996
ENSG00000112312,ENSMUSG00000006715,78.0764,21.923599999999993
ENSG00000006747,ENSMUSG00000002565,91.4685,8.531499999999994
ENSG00000159322,ENSMUSG00000025236,91.4402,8.559799999999996
ENSG00000127481,ENSMUSG00000066036,96.92175,3.078249999999997
ENSG00000115216,ENSMUSG00000029148,97.5935,2.406499999999994
ENSG00000104885,ENSMUSG00000061589,84.36795000000001,15.632049999999992
ENSG00000174776,ENSMUSG00000104301,63.05844999999999,36.94155000000001
ENSG00000122490,ENSMUSG00000034006,88.9299,11.070099999999996
ENSG00000082805,ENSMUSG00000030172,97.13804999999999,2.8619500000000073
ENSG00000187672,ENSMUSG00000040640,99.0596,0.9403999999999968
ENSG00000040341,ENSMUSG00000025920,93.8596,6.1404
ENSG00000174348,ENSMUSG00000028600,91.34015,8.659850000000006
ENSG00000133318,ENSMUSG00000024758,69.31895,30.68105
ENSG00000109943,ENSMUSG00000032021,71.5013,28.4987
ENSG00000117360,ENSMUSG00000015748,99.5608,0.4391999999999996
ENSG00000215712,ENSMUSG00000004945,86.1221,13.877899999999997
ENSG00000204385,ENSMUSG00000007034,82.14574999999999,17.854250000000008
ENSG00000198010,ENSMUSG00000047495,89.3622,10.637799999999999
ENSG00000103995,ENSMUSG00000068394,64.94855,35.05145
ENSG00000148082,ENSMUSG00000021448,91.2458,8.754199999999997
ENSG00000160691,ENSMUSG00000042626,94.7567,5.243300000000005
ENSG00000185634,ENSMUSG00000035109,80.09635,19.90365
ENSG00000168124,ENSMUSG00000051003,73.60015,26.39985
ENSG00000116852,ENSMUSG00000041642,95.71915,4.280850000000001
ENSG00000107789,ENSMUSG00000024896,82.44120000000001,17.55879999999999
ENSG00000278540,ENSMUSG00000020532,96.83365,3.1663499999999942
ENSG00000172296,ENSMUSG00000039092,69.6032,30.3968
ENSG00000215853,ENSMUSG00000041984,41.8803,58.1197
ENSG00000143520,ENSMUSG00000049133,28.30885,71.69115
ENSG00000143631,ENSMUSG00000102439,18.89367,81.10633
ENSG00000197915,ENSMUSG00000041991,37.4835,62.5165
ENSG00000129159,ENSMUSG00000058975,99.8291,0.17090000000000316
ENSG00000137267,ENSMUSG00000058672,100.0,0.0
ENSG00000137285,ENSMUSG00000045136,100.0,0.0
ENSG00000186468,ENSMUSG00000049517,100.0,0.0
ENSG00000130813,ENSMUSG00000038884,95.0089,4.991100000000003
ENSG00000101752,ENSMUSG00000024294,99.3042,0.6958000000000055
ENSG00000172594,ENSMUSG00000019872,79.96185,20.03815
ENSG00000130768,ENSMUSG00000028885,75.0824,24.917599999999993
ENSG00000166311,ENSMUSG00000037049,82.51275,17.487250000000003
ENSG00000166483,ENSMUSG00000031016,90.5573,9.442700000000002
ENSG00000122176,ENSMUSG00000041559,92.5532,7.446799999999996
ENSG00000158286,ENSMUSG00000058498,81.32390000000001,18.67609999999999
ENSG00000143198,ENSMUSG00000026688,85.90255,14.097449999999995
ENSG00000105640,ENSMUSG00000045128,99.4318,0.5682000000000045
ENSG00000116761,ENSMUSG00000028179,84.68885,15.311149999999998
ENSG00000102057,ENSMUSG00000009731,94.76205,5.237949999999998
ENSG00000185015,ENSMUSG00000027555,91.2214,8.778599999999997
ENSG00000068438,ENSMUSG00000031171,87.29454999999999,12.705450000000013
ENSG00000174165,ENSMUSG00000006463,87.3239,12.676100000000005
ENSG00000148300,ENSMUSG00000052406,67.45655,32.54345000000001
ENSG00000111799,ENSMUSG00000032332,92.36295000000001,7.637049999999988
ENSG00000248487,ENSMUSG00000042210,78.22265,21.77735
ENSG00000175166,ENSMUSG00000006998,98.6784,1.3216000000000037
ENSG00000173692,ENSMUSG00000026229,99.0556,0.9444000000000017
ENSG00000152266,ENSMUSG00000059077,67.8261,32.1739
ENSG00000184545,ENSMUSG00000037887,86.72145,13.278549999999996
ENSG00000125779,ENSMUSG00000037514,91.0498,8.950199999999995
ENSG00000018189,ENSMUSG00000029291,82.1979,17.802099999999996
ENSG00000127528,ENSMUSG00000055148,87.72935,12.270650000000003
ENSG00000121207,ENSMUSG00000028003,79.82685000000001,20.173149999999993
ENSG00000076258,ENSMUSG00000026692,79.78559999999999,20.214400000000012
ENSG00000174579,ENSMUSG00000066415,98.9601,1.039900000000003
ENSG00000138100,ENSMUSG00000062077,94.21039999999999,5.789600000000007
ENSG00000147573,ENSMUSG00000060913,85.08755,14.912450000000007
ENSG00000154162,ENSMUSG00000040452,95.8438,4.156199999999998
ENSG00000040731,ENSMUSG00000022321,96.8274,3.1726000000000028
ENSG00000172667,ENSMUSG00000027663,86.70145,13.298550000000006
ENSG00000261221,ENSMUSG00000074405,88.33255,11.667450000000002
ENSG00000183828,ENSMUSG00000002804,82.4324,17.5676
ENSG00000165609,ENSMUSG00000025817,82.3803,17.619699999999995
ENSG00000174469,ENSMUSG00000039419,93.72890000000001,6.27109999999999
ENSG00000155511,ENSMUSG00000020524,97.8489,2.1510999999999996
ENSG00000177453,ENSMUSG00000095930,91.5138,8.486199999999997
ENSG00000087299,ENSMUSG00000020988,82.4165,17.5835
ENSG00000106399,ENSMUSG00000012483,76.8595,23.140500000000003
ENSG00000156256,ENSMUSG00000025616,83.00985,16.99015
ENSG00000116701,ENSMUSG00000026480,84.68135000000001,15.318649999999991
ENSG00000188747,ENSMUSG00000036805,60.9433,39.0567
ENSG00000102934,ENSMUSG00000031775,90.1099,9.890100000000004
ENSG00000168062,ENSMUSG00000039699,62.07085,37.92915
ENSG00000159479,ENSMUSG00000006392,96.6418,3.3581999999999965
ENSG00000139263,ENSMUSG00000020105,86.04655,13.953450000000004
ENSG00000182318,ENSMUSG00000054715,74.166,25.834000000000003
ENSG00000168118,ENSMUSG00000019478,97.7064,2.293599999999998
ENSG00000006837,ENSMUSG00000020389,80.7082,19.291799999999995
ENSG00000147689,ENSMUSG00000051225,82.0694,17.9306
ENSG00000138768,ENSMUSG00000029407,92.4521,7.5478999999999985
ENSG00000128203,ENSMUSG00000029348,90.8515,9.148499999999999
ENSG00000170191,ENSMUSG00000053916,93.9516,6.048400000000001
ENSG00000166783,ENSMUSG00000060657,86.3142,13.6858
ENSG00000148908,ENSMUSG00000030844,92.2652,7.734800000000007
ENSG00000061918,ENSMUSG00000028005,98.628,1.3719999999999999
ENSG00000204628,ENSMUSG00000020372,100.0,0.0
ENSG00000173894,ENSMUSG00000025577,83.74260000000001,16.25739999999999
ENSG00000175087,ENSMUSG00000050890,99.4135,0.5865000000000009
ENSG00000177374,ENSMUSG00000043099,94.14205000000001,5.857949999999988
ENSG00000054967,ENSMUSG00000008318,85.2235,14.776499999999999
ENSG00000170871,ENSMUSG00000029190,88.64205,11.357950000000002
ENSG00000161849,ENSMUSG00000044294,81.79599999999999,18.204000000000008
ENSG00000270170,ENSMUSG00000107002,74.2584,25.741600000000005
ENSG00000148926,ENSMUSG00000030790,66.1251,33.8749
ENSG00000128165,ENSMUSG00000054136,64.43245,35.56755
ENSG00000026751,ENSMUSG00000038179,46.2687,53.7313
ENSG00000122224,ENSMUSG00000004707,54.8511,45.1489
ENSG00000162723,ENSMUSG00000026548,57.8425,42.1575
ENSG00000116824,ENSMUSG00000027863,52.37945,47.62055
ENSG00000066294,ENSMUSG00000038147,58.447649999999996,41.552350000000004
ENSG00000162739,ENSMUSG00000015314,41.61345,58.38655
ENSG00000122223,ENSMUSG00000004709,50.482699999999994,49.517300000000006
ENSG00000117091,ENSMUSG00000015355,46.792699999999996,53.207300000000004
ENSG00000117090,ENSMUSG00000015316,60.775400000000005,39.224599999999995
ENSG00000158714,ENSMUSG00000053318,76.03305,23.966949999999997
ENSG00000112419,ENSMUSG00000062866,81.2927,18.707300000000004
ENSG00000166401,ENSMUSG00000026315,78.3422,21.657799999999995
ENSG00000183423,ENSMUSG00000093865,71.6178,28.382199999999997
ENSG00000115295,ENSMUSG00000024059,87.57985,12.420150000000007
ENSG00000177732,ENSMUSG00000051817,95.07175,4.928250000000006
ENSG00000117724,ENSMUSG00000026605,65.34875,34.651250000000005
ENSG00000205323,ENSMUSG00000078427,95.7143,4.285700000000006
ENSG00000211456,ENSMUSG00000025240,95.0596,4.940399999999997
ENSG00000092529,ENSMUSG00000079110,93.4227,6.577299999999994
ENSG00000087302,ENSMUSG00000021807,97.1311,2.8688999999999965
ENSG00000169047,ENSMUSG00000055980,89.4478,10.5522
ENSG00000215009,ENSMUSG00000047026,86.3793,13.6207
ENSG00000136807,ENSMUSG00000009555,98.6559,1.3440999999999974
ENSG00000063245,ENSMUSG00000035203,94.7917,5.208299999999994
ENSG00000112619,ENSMUSG00000023978,91.0405,8.959500000000006
ENSG00000214114,ENSMUSG00000028647,72.85544999999999,27.14455000000001
ENSG00000186918,ENSMUSG00000034522,82.07835,17.92165
ENSG00000118946,ENSMUSG00000035566,98.1866,1.8134000000000015
ENSG00000012232,ENSMUSG00000021978,97.3885,2.6115000000000066
ENSG00000065802,ENSMUSG00000026311,93.88995,6.110050000000001
ENSG00000134461,ENSMUSG00000047909,81.7175,18.2825
ENSG00000155252,ENSMUSG00000025178,95.4071,4.5929
ENSG00000038210,ENSMUSG00000029186,80.0128,19.9872
ENSG00000087586,ENSMUSG00000027496,80.75524999999999,19.24475000000001
ENSG00000130948,ENSMUSG00000033122,72.85034999999999,27.14965000000001
ENSG00000148143,ENSMUSG00000060206,92.98185000000001,7.0181499999999915
ENSG00000107651,ENSMUSG00000055319,86.48655,13.513450000000006
ENSG00000137449,ENSMUSG00000039782,91.4428,8.557199999999995
ENSG00000116329,ENSMUSG00000050511,93.5484,6.451599999999999
ENSG00000184489,ENSMUSG00000059895,96.5318,3.468199999999996
ENSG00000170759,ENSMUSG00000006740,97.0924,2.907600000000002
ENSG00000135914,ENSMUSG00000026228,83.3337,16.666300000000007
ENSG00000147246,ENSMUSG00000041380,90.51265000000001,9.487349999999992
ENSG00000102468,ENSMUSG00000034997,91.5074,8.492599999999996
ENSG00000120341,ENSMUSG00000026589,73.42625000000001,26.57374999999999
ENSG00000122783,ENSMUSG00000046806,65.6051,34.39490000000001
ENSG00000103066,ENSMUSG00000031903,88.3495,11.650499999999994
ENSG00000108578,ENSMUSG00000020840,93.1868,6.813199999999995
ENSG00000174652,ENSMUSG00000060510,50.824600000000004,49.175399999999996
ENSG00000197183,ENSMUSG00000061411,95.953,4.046999999999997
ENSG00000110777,ENSMUSG00000032053,89.0625,10.9375
ENSG00000142657,ENSMUSG00000028961,93.9959,6.004099999999994
ENSG00000116459,ENSMUSG00000000563,82.8125,17.1875
ENSG00000118762,ENSMUSG00000034462,89.96905000000001,10.03094999999999
ENSG00000126106,ENSMUSG00000048772,86.07624999999999,13.923750000000013
ENSG00000146109,ENSMUSG00000036376,78.3758,21.624200000000002
ENSG00000116353,ENSMUSG00000028910,81.7694,18.230599999999995
ENSG00000113790,ENSMUSG00000022853,78.00235,21.997649999999993
ENSG00000176058,ENSMUSG00000048707,69.08789999999999,30.91210000000001
ENSG00000146112,ENSMUSG00000034595,74.14155,25.858450000000005
ENSG00000106400,ENSMUSG00000059518,97.4026,2.5973999999999933
ENSG00000172459,ENSMUSG00000075208,92.5806,7.419399999999996
ENSG00000172464,ENSMUSG00000046975,85.62425,14.375749999999996
ENSG00000174957,ENSMUSG00000047149,78.2051,21.7949
ENSG00000129460,ENSMUSG00000022204,88.5714,11.428600000000003
ENSG00000162065,ENSMUSG00000036473,92.5003,7.499700000000004
ENSG00000170903,ENSMUSG00000041124,94.4928,5.507199999999997
ENSG00000104804,ENSMUSG00000023467,53.870450000000005,46.129549999999995
ENSG00000198843,ENSMUSG00000075700,99.4872,0.5127999999999986
ENSG00000159579,ENSMUSG00000050079,96.7014,3.2985999999999933
ENSG00000178585,ENSMUSG00000028988,97.5309,2.4690999999999974
ENSG00000138085,ENSMUSG00000013622,73.2815,26.718500000000006
ENSG00000080189,ENSMUSG00000017664,95.1991,4.800899999999999
ENSG00000248905,ENSMUSG00000044042,73.13745,26.86255
ENSG00000136014,ENSMUSG00000020020,80.253,19.747
ENSG00000149294,ENSMUSG00000039542,94.3201,5.6799000000000035
ENSG00000124145,ENSMUSG00000017009,79.798,20.201999999999998
ENSG00000171204,ENSMUSG00000030614,55.2174,44.7826
ENSG00000171202,ENSMUSG00000030615,70.58869999999999,29.41130000000001
ENSG00000206557,ENSMUSG00000079259,92.7505,7.249499999999998
ENSG00000049618,ENSMUSG00000069729,91.11240000000001,8.887599999999992
ENSG00000204583,ENSMUSG00000072754,46.876850000000005,53.123149999999995
ENSG00000104140,ENSMUSG00000034226,99.1525,0.8474999999999966
ENSG00000078699,ENSMUSG00000038533,96.38355,3.6164500000000004
ENSG00000129993,ENSMUSG00000006362,85.9965,14.003500000000003
ENSG00000079102,ENSMUSG00000006586,99.0066,0.9933999999999941
ENSG00000170315,ENSMUSG00000019505,86.7764,13.223600000000005
ENSG00000070778,ENSMUSG00000021009,89.19155,10.808449999999993
ENSG00000169018,ENSMUSG00000032244,99.0431,0.9569000000000045
ENSG00000143570,ENSMUSG00000052310,93.8272,6.172799999999995
ENSG00000184232,ENSMUSG00000032014,85.06739999999999,14.932600000000008
ENSG00000110723,ENSMUSG00000034584,57.8912,42.1088
ENSG00000088727,ENSMUSG00000032489,88.9873,11.012699999999995
ENSG00000124657,ENSMUSG00000036658,81.1502,18.849800000000002
ENSG00000177535,ENSMUSG00000059610,86.61439999999999,13.38560000000001
ENSG00000237988,ENSMUSG00000043827,82.112,17.888000000000005
ENSG00000171992,ENSMUSG00000043079,72.09025,27.909750000000003
ENSG00000166317,ENSMUSG00000039376,87.775,12.224999999999994
ENSG00000172403,ENSMUSG00000050315,79.58715000000001,20.41284999999999
ENSG00000137713,ENSMUSG00000032058,89.1082,10.891800000000003
ENSG00000105568,ENSMUSG00000007564,99.8302,0.16979999999999507
ENSG00000154845,ENSMUSG00000061950,87.00685,12.99315
ENSG00000184363,ENSMUSG00000054065,93.4755,6.524500000000003
ENSG00000114346,ENSMUSG00000027699,91.29724999999999,8.702750000000009
ENSG00000146700,ENSMUSG00000029699,86.8295,13.170500000000004
ENSG00000124155,ENSMUSG00000017721,93.27695,6.723050000000001
ENSG00000181963,ENSMUSG00000073973,87.48214999999999,12.51785000000001
ENSG00000175485,ENSMUSG00000073906,79.375,20.625
ENSG00000100991,ENSMUSG00000038324,97.6161,2.383899999999997
ENSG00000131495,ENSMUSG00000014294,85.8586,14.141400000000004
ENSG00000085365,ENSMUSG00000021687,98.2249,1.7750999999999948
ENSG00000185924,ENSMUSG00000045287,88.26365,11.736350000000002
ENSG00000183780,ENSMUSG00000057060,81.6981,18.301900000000003
ENSG00000151812,ENSMUSG00000021852,95.2577,4.7423
ENSG00000213937,ENSMUSG00000066720,97.235,2.7650000000000006
ENSG00000137842,ENSMUSG00000054484,83.2037,16.796300000000002
ENSG00000164172,ENSMUSG00000015536,82.2287,17.771299999999997
ENSG00000100767,ENSMUSG00000021223,73.6498,26.3502
ENSG00000174010,ENSMUSG00000043929,99.3377,0.6623000000000019
ENSG00000153885,ENSMUSG00000030499,97.5265,2.4735000000000014
ENSG00000186462,ENSMUSG00000082229,83.6957,16.304299999999998
ENSG00000154814,ENSMUSG00000021906,79.936,20.063999999999993
ENSG00000075945,ENSMUSG00000026585,97.7918,2.208200000000005
ENSG00000151778,ENSMUSG00000052584,100.0,0.0
ENSG00000180694,ENSMUSG00000043252,89.35624999999999,10.643750000000011
ENSG00000129465,ENSMUSG00000022221,59.0241,40.9759
ENSG00000162878,ENSMUSG00000024247,92.995,7.0049999999999955
ENSG00000043143,ENSMUSG00000020387,91.1614,8.8386
ENSG00000149489,ENSMUSG00000071648,84.3305,15.6695
ENSG00000276043,ENSMUSG00000001228,74.03535,25.964650000000006
ENSG00000164054,ENSMUSG00000025647,65.97105,34.028949999999995
ENSG00000147854,ENSMUSG00000024817,90.71655,9.283450000000002
ENSG00000171858,ENSMUSG00000039001,95.1807,4.819299999999998
ENSG00000004139,ENSMUSG00000050132,93.7845,6.215500000000006
ENSG00000053501,ENSMUSG00000002395,85.85945000000001,14.14054999999999
ENSG00000138496,ENSMUSG00000022906,61.73715,38.26285
ENSG00000139496,ENSMUSG00000114797,91.74629999999999,8.25370000000001
ENSG00000108091,ENSMUSG00000048701,95.86699999999999,4.13300000000001
ENSG00000102781,ENSMUSG00000041298,94.47890000000001,5.52109999999999
ENSG00000170852,ENSMUSG00000059486,98.5554,1.444599999999994
ENSG00000179930,ENSMUSG00000066797,67.44195,32.558049999999994
ENSG00000142182,ENSMUSG00000000730,60.5848,39.4152
ENSG00000197122,ENSMUSG00000027646,98.973,1.027000000000001
ENSG00000115183,ENSMUSG00000035168,89.64235,10.357650000000007
ENSG00000110713,ENSMUSG00000063550,91.15225000000001,8.84774999999999
ENSG00000131068,ENSMUSG00000056544,30.82115,69.17885
ENSG00000136542,ENSMUSG00000026828,74.65455,25.34545
ENSG00000133103,ENSMUSG00000027742,91.0198,8.980199999999996
ENSG00000146809,ENSMUSG00000029685,88.1314,11.8686
ENSG00000165917,ENSMUSG00000002104,96.1165,3.883499999999998
ENSG00000139218,ENSMUSG00000033228,68.58555,31.414450000000002
ENSG00000126461,ENSMUSG00000038406,86.48975,13.51025
ENSG00000070047,ENSMUSG00000038611,69.65559999999999,30.344400000000007
ENSG00000116649,ENSMUSG00000006442,94.702,5.298000000000002
ENSG00000283516,ENSMUSG00000107252,66.7735,33.2265
ENSG00000177990,ENSMUSG00000085576,77.8651,22.134900000000002
ENSG00000173852,ENSMUSG00000043067,89.96000000000001,10.039999999999992
ENSG00000178904,ENSMUSG00000043671,87.7095,12.290499999999994
ENSG00000156162,ENSMUSG00000045205,88.5814,11.418599999999998
ENSG00000196950,ENSMUSG00000025986,87.25975,12.740250000000003
ENSG00000115041,ENSMUSG00000079056,79.23915,20.760850000000005
ENSG00000196632,ENSMUSG00000041245,80.2479,19.7521
ENSG00000113580,ENSMUSG00000024431,89.30865,10.69135
ENSG00000173714,ENSMUSG00000044177,92.5911,7.408900000000003
ENSG00000101096,ENSMUSG00000027544,88.63730000000001,11.36269999999999
ENSG00000250565,ENSMUSG00000053375,78.7611,21.2389
ENSG00000131100,ENSMUSG00000019210,98.6726,1.3273999999999972
ENSG00000033122,ENSMUSG00000028176,94.52455,5.475449999999995
ENSG00000143951,ENSMUSG00000020319,77.1323,22.8677
ENSG00000105875,ENSMUSG00000058486,91.77260000000001,8.227399999999989
ENSG00000173465,ENSMUSG00000079478,89.4472,10.552800000000005
ENSG00000123700,ENSMUSG00000041695,98.47965,1.5203499999999934
ENSG00000182324,ENSMUSG00000058743,94.02345,5.976550000000003
ENSG00000153822,ENSMUSG00000051497,92.23429999999999,7.76570000000001
ENSG00000168135,ENSMUSG00000044216,98.2022,1.7977999999999952
ENSG00000161970,ENSMUSG00000060938,100.0,0.0
ENSG00000150455,ENSMUSG00000032041,74.30625,25.693749999999994
ENSG00000188342,ENSMUSG00000067995,97.992,2.0079999999999956
ENSG00000198258,ENSMUSG00000084786,81.17345,18.826549999999997
ENSG00000090621,ENSMUSG00000011257,95.63305,4.366950000000003
ENSG00000145414,ENSMUSG00000014907,66.0331,33.966899999999995
ENSG00000177479,ENSMUSG00000064145,98.07114999999999,1.9288500000000113
ENSG00000080603,ENSMUSG00000053877,86.6055,13.394499999999994
ENSG00000187098,ENSMUSG00000035158,94.4867,5.513300000000001
ENSG00000145362,ENSMUSG00000032826,84.10634999999999,15.893650000000008
ENSG00000196199,ENSMUSG00000079184,77.9978,22.002200000000002
ENSG00000076864,ENSMUSG00000041351,92.28195,7.718050000000005
ENSG00000109610,ENSMUSG00000072941,64.39075,35.60925
ENSG00000137699,ENSMUSG00000032013,89.532,10.468000000000004
ENSG00000163064,ENSMUSG00000058665,92.82405,7.17595
ENSG00000213145,ENSMUSG00000006360,77.9982,22.001800000000003
ENSG00000116981,ENSMUSG00000054958,95.2267,4.773300000000006
ENSG00000185013,ENSMUSG00000020622,70.61155,29.388450000000006
ENSG00000217236,ENSMUSG00000068859,99.5868,0.41320000000000334
ENSG00000090402,ENSMUSG00000027790,77.86055,22.139449999999997
ENSG00000196367,ENSMUSG00000045482,98.44835,1.551649999999995
ENSG00000157680,ENSMUSG00000038665,94.92895,5.07105
ENSG00000163141,ENSMUSG00000028115,83.59065,16.409350000000003
ENSG00000198851,ENSMUSG00000032093,61.237649999999995,38.762350000000005
ENSG00000167286,ENSMUSG00000032094,63.95565,36.04435
ENSG00000160654,ENSMUSG00000002033,69.7802,30.219800000000006
ENSG00000131473,ENSMUSG00000020917,98.0926,1.9073999999999955
ENSG00000101856,ENSMUSG00000006373,95.3846,4.615399999999994
ENSG00000139684,ENSMUSG00000021996,91.844,8.156000000000006
ENSG00000067842,ENSMUSG00000031376,98.1967,1.803299999999993
ENSG00000087274,ENSMUSG00000029106,88.94229999999999,11.057700000000011
ENSG00000118495,ENSMUSG00000019817,58.89565,41.10435
ENSG00000128573,ENSMUSG00000029563,99.5102,0.48980000000000246
ENSG00000196411,ENSMUSG00000029710,92.48804999999999,7.511950000000013
ENSG00000165810,ENSMUSG00000040283,68.90764999999999,31.09235000000001
ENSG00000175518,ENSMUSG00000051437,52.4245,47.5755
ENSG00000111087,ENSMUSG00000025407,85.5214,14.4786
ENSG00000105700,ENSMUSG00000055553,83.5214,16.4786
ENSG00000112210,ENSMUSG00000004768,93.2489,6.751099999999994
ENSG00000133665,ENSMUSG00000021791,52.660250000000005,47.339749999999995
ENSG00000165637,ENSMUSG00000021771,95.35525000000001,4.644749999999988
ENSG00000213585,ENSMUSG00000020402,98.5866,1.4133999999999958
ENSG00000078668,ENSMUSG00000008892,98.2332,1.7668000000000035
ENSG00000232859,ENSMUSG00000072640,91.0256,8.974400000000003
ENSG00000164086,ENSMUSG00000053716,98.21764999999999,1.782350000000008
ENSG00000110628,ENSMUSG00000000154,77.24000000000001,22.75999999999999
ENSG00000116062,ENSMUSG00000005370,85.5041,14.495900000000006
ENSG00000177103,ENSMUSG00000032087,96.8007,3.199299999999994
ENSG00000173273,ENSMUSG00000031529,97.46955,2.530450000000002
ENSG00000013306,ENSMUSG00000018677,88.3008,11.699200000000005
ENSG00000058091,ENSMUSG00000028926,98.5075,1.4925000000000068
ENSG00000181222,ENSMUSG00000005198,96.0406,3.9594000000000023
ENSG00000140044,ENSMUSG00000034271,96.319,3.6809999999999974
ENSG00000150672,ENSMUSG00000052572,92.6445,7.355500000000006
ENSG00000123977,ENSMUSG00000053161,89.8795,10.120500000000007
ENSG00000170791,ENSMUSG00000042198,82.3529,17.647099999999995
ENSG00000215018,ENSMUSG00000068794,85.52940000000001,14.47059999999999
ENSG00000165794,ENSMUSG00000072572,78.3172,21.6828
ENSG00000166002,ENSMUSG00000058173,96.6102,3.389799999999994
ENSG00000221838,ENSMUSG00000019518,93.34995,6.650049999999993
ENSG00000153006,ENSMUSG00000021716,88.9648,11.035200000000003
ENSG00000082438,ENSMUSG00000034903,65.66225,34.33775
ENSG00000106078,ENSMUSG00000020173,65.1828,34.8172
ENSG00000263761,ENSMUSG00000072625,80.28014999999999,19.719850000000008
ENSG00000080503,ENSMUSG00000024921,96.836,3.1640000000000015
ENSG00000071909,ENSMUSG00000042064,85.5655,14.4345
ENSG00000011523,ENSMUSG00000044066,61.22395,38.77605
ENSG00000151320,ENSMUSG00000061603,81.0641,18.935900000000004
ENSG00000243147,ENSMUSG00000106918,76.9231,23.076899999999995
ENSG00000149084,ENSMUSG00000027195,81.0897,18.910300000000007
ENSG00000165714,ENSMUSG00000042992,94.62979999999999,5.370200000000011
ENSG00000100604,ENSMUSG00000021194,67.39415,32.605850000000004
ENSG00000089199,ENSMUSG00000027350,63.8109,36.1891
ENSG00000138621,ENSMUSG00000063849,87.2549,12.745099999999994
ENSG00000086598,ENSMUSG00000029390,99.005,0.9950000000000045
ENSG00000126524,ENSMUSG00000025337,97.2,2.799999999999997
ENSG00000011083,ENSMUSG00000052026,97.56485,2.435149999999993
ENSG00000140006,ENSMUSG00000045690,80.98335,19.01665
ENSG00000112697,ENSMUSG00000032328,88.55325,11.446749999999994
ENSG00000182107,ENSMUSG00000034435,90.05754999999999,9.942450000000008
ENSG00000164574,ENSMUSG00000020520,95.3566,4.6434
ENSG00000133958,ENSMUSG00000021198,94.6558,5.344200000000001
ENSG00000141161,ENSMUSG00000018845,94.94635,5.053650000000005
ENSG00000197057,ENSMUSG00000090326,74.6549,25.345100000000002
ENSG00000101843,ENSMUSG00000031429,92.7901,7.209900000000005
ENSG00000128059,ENSMUSG00000029246,93.0368,6.9632000000000005
ENSG00000138653,ENSMUSG00000027971,95.8716,4.128399999999999
ENSG00000240303,ENSMUSG00000090150,80.56450000000001,19.43549999999999
ENSG00000163754,ENSMUSG00000019528,84.09309999999999,15.906900000000007
ENSG00000172113,ENSMUSG00000032478,88.53899999999999,11.461000000000013
ENSG00000108010,ENSMUSG00000031068,85.166,14.834000000000003
ENSG00000166866,ENSMUSG00000025401,87.6318,12.368200000000002
ENSG00000071553,ENSMUSG00000019087,86.6072,13.392799999999994
ENSG00000152578,ENSMUSG00000025892,98.5588,1.441199999999995
ENSG00000131094,ENSMUSG00000045532,98.4496,1.5503999999999962
ENSG00000104886,ENSMUSG00000035278,82.61785,17.382149999999996
ENSG00000168646,ENSMUSG00000000142,90.19635,9.803650000000005
ENSG00000109501,ENSMUSG00000039474,86.8539,13.146100000000004
ENSG00000178175,ENSMUSG00000050919,85.9062,14.093800000000002
ENSG00000160469,ENSMUSG00000035390,99.1003,0.8996999999999957
ENSG00000115289,ENSMUSG00000069678,98.0695,1.930499999999995
ENSG00000106688,ENSMUSG00000024935,90.16245,9.837549999999993
ENSG00000161031,ENSMUSG00000079563,70.1032,29.8968
ENSG00000133056,ENSMUSG00000026447,93.69265,6.30735
ENSG00000183032,ENSMUSG00000035472,81.40725,18.592749999999995
ENSG00000163536,ENSMUSG00000027834,86.3415,13.658500000000004
ENSG00000198673,ENSMUSG00000044071,96.9466,3.0533999999999963
ENSG00000089225,ENSMUSG00000018263,96.139,3.861000000000004
ENSG00000169895,ENSMUSG00000031357,82.5934,17.406599999999997
ENSG00000204228,ENSMUSG00000073422,87.309,12.691000000000003
ENSG00000107938,ENSMUSG00000039990,93.1397,6.860299999999995
ENSG00000160097,ENSMUSG00000001334,91.94575,8.054249999999996
ENSG00000115226,ENSMUSG00000038552,95.05770000000001,4.942299999999989
ENSG00000150054,ENSMUSG00000057440,92.5347,7.465299999999999
ENSG00000164237,ENSMUSG00000022235,82.8571,17.142899999999997
ENSG00000176771,ENSMUSG00000049690,64.8507,35.1493
ENSG00000167566,ENSMUSG00000023009,87.31800000000001,12.681999999999988
ENSG00000175175,ENSMUSG00000046442,90.29400000000001,9.705999999999989
ENSG00000105619,ENSMUSG00000006335,91.63929999999999,8.360700000000008
ENSG00000183662,ENSMUSG00000059187,99.2481,0.7519000000000062
ENSG00000136908,ENSMUSG00000026810,64.09775,35.902249999999995
ENSG00000148158,ENSMUSG00000028385,95.4233,4.576700000000002
ENSG00000156381,ENSMUSG00000037904,79.89420000000001,20.105799999999988
ENSG00000198398,ENSMUSG00000091972,62.29045,37.70955
ENSG00000164318,ENSMUSG00000042961,87.95795000000001,12.042049999999989
ENSG00000087157,ENSMUSG00000017715,94.3199,5.680099999999996
ENSG00000100949,ENSMUSG00000040472,90.8289,9.171099999999996
ENSG00000182885,ENSMUSG00000060470,68.93045000000001,31.069549999999992
ENSG00000088930,ENSMUSG00000027433,95.94955,4.050449999999998
ENSG00000166033,ENSMUSG00000006205,92.2917,7.708299999999994
ENSG00000266265,ENSMUSG00000073209,66.05005,33.94995
ENSG00000138074,ENSMUSG00000006641,82.58475,17.41525
ENSG00000196923,ENSMUSG00000021493,93.8731,6.126900000000006
ENSG00000166965,ENSMUSG00000038930,73.57249999999999,26.42750000000001
ENSG00000149571,ENSMUSG00000032036,97.1561,2.843900000000005
ENSG00000185008,ENSMUSG00000052516,92.45945,7.540549999999996
ENSG00000100225,ENSMUSG00000001786,73.11015,26.889849999999996
ENSG00000165694,ENSMUSG00000036131,85.8203,14.179699999999997
ENSG00000141376,ENSMUSG00000059439,96.7141,3.285899999999998
ENSG00000173261,ENSMUSG00000059455,77.4011,22.5989
ENSG00000129170,ENSMUSG00000030470,97.9381,2.0618999999999943
ENSG00000107099,ENSMUSG00000052085,91.9743,8.0257
ENSG00000163913,ENSMUSG00000030323,91.0556,8.944400000000002
ENSG00000099904,ENSMUSG00000060166,91.8144,8.185599999999994
ENSG00000126217,ENSMUSG00000031442,88.9778,11.022199999999998
ENSG00000188229,ENSMUSG00000036752,100.0,0.0
ENSG00000136478,ENSMUSG00000040548,90.1996,9.800399999999996
ENSG00000147488,ENSMUSG00000033740,84.89495,15.105050000000006
ENSG00000135776,ENSMUSG00000031974,72.1447,27.8553
ENSG00000006118,ENSMUSG00000024736,87.3107,12.689300000000003
ENSG00000134109,ENSMUSG00000030104,92.4383,7.561700000000002
ENSG00000096717,ENSMUSG00000020063,86.7964,13.203599999999994
ENSG00000168267,ENSMUSG00000026735,90.1874,9.812600000000003
ENSG00000171823,ENSMUSG00000030019,97.35765,2.6423499999999933
ENSG00000168517,ENSMUSG00000043372,73.6053,26.3947
ENSG00000186834,ENSMUSG00000048878,85.31620000000001,14.68379999999999
ENSG00000213523,ENSMUSG00000006050,80.72659999999999,19.27340000000001
ENSG00000174231,ENSMUSG00000020850,99.9143,0.08570000000000277
ENSG00000196155,ENSMUSG00000014782,72.68289999999999,27.31710000000001
ENSG00000123165,ENSMUSG00000046615,70.4787,29.521299999999997
ENSG00000169327,ENSMUSG00000044286,84.2444,15.755600000000001
ENSG00000181518,ENSMUSG00000049073,84.48195000000001,15.518049999999988
ENSG00000161243,ENSMUSG00000037463,78.86545000000001,21.13454999999999
ENSG00000110717,ENSMUSG00000059734,89.57544999999999,10.42455000000001
ENSG00000106927,ENSMUSG00000028356,75.60765,24.392349999999993
ENSG00000150627,ENSMUSG00000039375,88.30225,11.69775
ENSG00000090104,ENSMUSG00000026358,86.6029,13.397099999999995
ENSG00000059691,ENSMUSG00000028085,85.4578,14.542199999999994
ENSG00000174804,ENSMUSG00000049791,97.0205,2.9795000000000016
ENSG00000146729,ENSMUSG00000029432,91.01235,8.987650000000002
ENSG00000184117,ENSMUSG00000034285,94.3662,5.633799999999994
ENSG00000188039,ENSMUSG00000048148,73.79724999999999,26.20275000000001
ENSG00000070915,ENSMUSG00000031766,90.5666,9.433400000000006
ENSG00000026508,ENSMUSG00000005087,68.50524999999999,31.49475000000001
ENSG00000133800,ENSMUSG00000030787,69.0652,30.934799999999996
ENSG00000100813,ENSMUSG00000022185,84.66145,15.338549999999998
ENSG00000149547,ENSMUSG00000062762,98.2353,1.7647000000000048
ENSG00000135373,ENSMUSG00000012350,93.6667,6.333299999999994
ENSG00000161653,ENSMUSG00000048217,86.1489,13.851100000000002
ENSG00000115325,ENSMUSG00000068335,83.6969,16.3031
ENSG00000171053,ENSMUSG00000091215,61.35555,38.64445
ENSG00000225968,ENSMUSG00000048988,87.9227,12.077299999999994
ENSG00000170776,ENSMUSG00000066406,73.69444999999999,26.30555000000001
ENSG00000154548,ENSMUSG00000054679,58.06975,41.93025
ENSG00000136141,ENSMUSG00000068015,78.77449999999999,21.22550000000001
ENSG00000277791,ENSMUSG00000069744,98.5366,1.463399999999993
ENSG00000206150,ENSMUSG00000068392,70.5568,29.443200000000004
ENSG00000153574,ENSMUSG00000053604,88.94015,11.059849999999997
ENSG00000112280,ENSMUSG00000026147,90.0109,9.989099999999993
ENSG00000054267,ENSMUSG00000039219,89.5659,10.4341
ENSG00000146376,ENSMUSG00000039031,84.7662,15.233800000000002
ENSG00000100243,ENSMUSG00000018042,87.0432,12.956800000000001
ENSG00000166394,ENSMUSG00000048065,82.2464,17.753600000000006
ENSG00000107560,ENSMUSG00000040022,93.3594,6.640600000000006
ENSG00000142230,ENSMUSG00000052833,92.81915000000001,7.180849999999992
ENSG00000137135,ENSMUSG00000051517,85.43475000000001,14.565249999999992
ENSG00000111731,ENSMUSG00000030279,92.2492,7.750799999999998
ENSG00000196730,ENSMUSG00000021559,95.1049,4.895099999999999
ENSG00000035664,ENSMUSG00000032380,97.2973,2.702699999999993
ENSG00000009830,ENSMUSG00000034126,86.92439999999999,13.075600000000009
ENSG00000183864,ENSMUSG00000048546,89.6954,10.304599999999994
ENSG00000141232,ENSMUSG00000037573,94.5384,5.461600000000004
ENSG00000147669,ENSMUSG00000045996,77.92585,22.074150000000003
ENSG00000136944,ENSMUSG00000038765,98.3812,1.6187999999999931
ENSG00000198794,ENSMUSG00000040722,98.7234,1.276600000000002
ENSG00000205269,ENSMUSG00000087370,97.7273,2.2727000000000004
ENSG00000265491,ENSMUSG00000028098,92.93950000000001,7.0604999999999905
ENSG00000162191,ENSMUSG00000071655,92.9293,7.070700000000002
ENSG00000064199,ENSMUSG00000001948,72.00319999999999,27.996800000000007
ENSG00000122952,ENSMUSG00000019923,52.2907,47.7093
ENSG00000274529,ENSMUSG00000001103,62.1053,37.8947
ENSG00000106682,ENSMUSG00000040731,95.1259,4.8740999999999985
ENSG00000177459,ENSMUSG00000044726,51.10055,48.89945
ENSG00000149923,ENSMUSG00000030697,100.0,0.0
ENSG00000237388,ENSMUSG00000075073,80.65235,19.34765
ENSG00000142910,ENSMUSG00000028776,88.96045000000001,11.039549999999991
ENSG00000170476,ENSMUSG00000024353,71.61855,28.38145
ENSG00000071127,ENSMUSG00000005103,95.2145,4.785499999999999
ENSG00000138785,ENSMUSG00000028016,91.44104999999999,8.55895000000001
ENSG00000015520,ENSMUSG00000020447,77.2233,22.776700000000005
ENSG00000145740,ENSMUSG00000021629,95.02029999999999,4.979700000000008
ENSG00000114473,ENSMUSG00000035578,65.48,34.519999999999996
ENSG00000172932,ENSMUSG00000005986,92.3967,7.603300000000004
ENSG00000076513,ENSMUSG00000041870,90.66239999999999,9.337600000000009
ENSG00000198720,ENSMUSG00000037907,96.9649,3.0351
ENSG00000118454,ENSMUSG00000039988,91.8669,8.133099999999999
ENSG00000237515,ENSMUSG00000022494,93.6321,6.367900000000006
ENSG00000110455,ENSMUSG00000040272,82.9512,17.0488
ENSG00000100614,ENSMUSG00000021096,98.1675,1.832499999999996
ENSG00000143258,ENSMUSG00000053483,96.37495,3.6250500000000017
ENSG00000188996,ENSMUSG00000076430,64.6218,35.37820000000001
ENSG00000136273,ENSMUSG00000020413,85.91825,14.08175
ENSG00000121957,ENSMUSG00000027883,91.56395,8.436049999999994
ENSG00000163463,ENSMUSG00000042747,97.0588,2.941199999999995
ENSG00000125434,ENSMUSG00000018740,91.0,9.0
ENSG00000151702,ENSMUSG00000016087,96.6814,3.3186000000000035
ENSG00000151458,ENSMUSG00000044864,60.37375,39.62625
ENSG00000148942,ENSMUSG00000041644,85.52955,14.47045
ENSG00000125730,ENSMUSG00000024164,77.0295,22.9705
ENSG00000168350,ENSMUSG00000021263,86.3777,13.622299999999996
ENSG00000035141,ENSMUSG00000057497,70.23365,29.766350000000003
ENSG00000142611,ENSMUSG00000039410,88.3229,11.677099999999996
ENSG00000105821,ENSMUSG00000029014,93.3977,6.6023
ENSG00000135953,ENSMUSG00000041945,72.984,27.016000000000005
ENSG00000066455,ENSMUSG00000021192,83.83574999999999,16.16425000000001
ENSG00000181143,ENSMUSG00000109564,27.303849999999997,72.69615
ENSG00000175544,ENSMUSG00000024842,75.09565,24.904349999999994
ENSG00000079308,ENSMUSG00000055322,87.05555000000001,12.94444999999999
ENSG00000174444,ENSMUSG00000032399,93.62535,6.374650000000003
ENSG00000186628,ENSMUSG00000038663,80.72354999999999,19.27645000000001
ENSG00000106246,ENSMUSG00000029624,73.26259999999999,26.737400000000008
ENSG00000111325,ENSMUSG00000023707,85.551,14.448999999999998
ENSG00000169660,ENSMUSG00000039307,73.6609,26.339100000000002
ENSG00000151364,ENSMUSG00000051727,51.1006,48.8994
ENSG00000158683,ENSMUSG00000046634,59.506150000000005,40.493849999999995
ENSG00000104852,ENSMUSG00000063511,96.28604999999999,3.713950000000011
ENSG00000173156,ENSMUSG00000041845,82.8571,17.142899999999997
ENSG00000065526,ENSMUSG00000040761,81.31995,18.680049999999994
ENSG00000144827,ENSMUSG00000033157,75.9705,24.0295
ENSG00000283536,ENSMUSG00000097050,68.7884,31.211600000000004
ENSG00000273173,ENSMUSG00000102627,95.7747,4.225300000000004
ENSG00000130818,ENSMUSG00000059475,72.4566,27.543400000000005
ENSG00000117114,ENSMUSG00000028184,94.92904999999999,5.0709500000000105
ENSG00000008226,ENSMUSG00000038060,70.5961,29.403899999999993
ENSG00000183597,ENSMUSG00000013539,87.6812,12.318799999999996
ENSG00000179886,ENSMUSG00000103906,84.1122,15.887799999999999
ENSG00000119669,ENSMUSG00000034168,96.51625,3.4837500000000006
ENSG00000172037,ENSMUSG00000052911,88.29585,11.704149999999998
ENSG00000109101,ENSMUSG00000002057,86.1111,13.888900000000007
ENSG00000159348,ENSMUSG00000026456,91.8033,8.196700000000007
ENSG00000111199,ENSMUSG00000014158,95.2928,4.7072
ENSG00000132911,ENSMUSG00000037393,77.8252,22.174800000000005
ENSG00000171596,ENSMUSG00000026237,72.36574999999999,27.63425000000001
ENSG00000121853,ENSMUSG00000051136,95.61715,4.382850000000005
ENSG00000183840,ENSMUSG00000026343,81.40905000000001,18.590949999999992
ENSG00000101188,ENSMUSG00000027568,84.8024,15.197599999999994
ENSG00000169006,ENSMUSG00000020591,78.21235,21.78765
ENSG00000130234,ENSMUSG00000015405,82.1118,17.888199999999998
ENSG00000157303,ENSMUSG00000021384,62.640100000000004,37.359899999999996
ENSG00000004948,ENSMUSG00000023964,76.12165,23.878349999999998
ENSG00000132912,ENSMUSG00000024603,96.0141,3.985900000000001
ENSG00000157927,ENSMUSG00000029576,80.8396,19.160399999999996
ENSG00000250423,ENSMUSG00000091556,30.31655,69.68345
ENSG00000088836,ENSMUSG00000074796,84.6334,15.366600000000005
ENSG00000126246,ENSMUSG00000036826,56.12195,43.87805
ENSG00000127124,ENSMUSG00000028634,80.9965,19.003500000000003
ENSG00000152382,ENSMUSG00000026563,95.8209,4.179100000000005
ENSG00000126861,ENSMUSG00000049612,88.33625,11.663749999999993
ENSG00000145936,ENSMUSG00000020155,82.7225,17.277500000000003
ENSG00000197584,ENSMUSG00000037610,95.3191,4.680899999999994
ENSG00000171121,ENSMUSG00000091091,60.99965,39.00035
ENSG00000135643,ENSMUSG00000054934,93.8095,6.1905
ENSG00000197050,ENSMUSG00000063047,46.20525,53.79475
ENSG00000128604,ENSMUSG00000029771,86.86930000000001,13.13069999999999
ENSG00000187323,ENSMUSG00000060534,96.4755,3.5245000000000033
ENSG00000134748,ENSMUSG00000063800,98.7179,1.2820999999999998
ENSG00000177707,ENSMUSG00000022656,70.9177,29.082300000000004
ENSG00000186088,ENSMUSG00000039934,74.7668,25.233199999999997
ENSG00000171532,ENSMUSG00000038255,98.03935,1.9606500000000011
ENSG00000170423,ENSMUSG00000050463,50.61149999999999,49.38850000000001
ENSG00000187527,ENSMUSG00000048939,82.991,17.009
ENSG00000171953,ENSMUSG00000042709,87.1972,12.802800000000005
ENSG00000120662,ENSMUSG00000022022,81.93055,18.069450000000003
ENSG00000135823,ENSMUSG00000026470,94.5098,5.4902000000000015
ENSG00000196865,ENSMUSG00000025078,83.94215,16.057850000000002
ENSG00000182103,ENSMUSG00000051515,78.06345,21.936549999999997
ENSG00000140067,ENSMUSG00000096753,76.7123,23.2877
ENSG00000100490,ENSMUSG00000020990,89.42615,10.573849999999993
ENSG00000123612,ENSMUSG00000026834,92.9006,7.099400000000003
ENSG00000162783,ENSMUSG00000056708,75.0278,24.9722
ENSG00000160888,ENSMUSG00000053560,79.2809,20.719099999999997
ENSG00000188483,ENSMUSG00000089762,93.58085,6.419150000000002
ENSG00000163075,ENSMUSG00000036962,72.1961,27.8039
ENSG00000118515,ENSMUSG00000019970,94.2861,5.713899999999995
ENSG00000108823,ENSMUSG00000001508,88.8889,11.111099999999993
ENSG00000127990,ENSMUSG00000004631,91.35175,8.648250000000004
ENSG00000101280,ENSMUSG00000027460,54.94265,45.05735
ENSG00000183186,ENSMUSG00000045912,90.7148,9.285200000000003
ENSG00000101336,ENSMUSG00000003283,87.8962,12.103800000000007
ENSG00000100304,ENSMUSG00000016757,85.42609999999999,14.573900000000009
ENSG00000215131,ENSMUSG00000005983,73.41755,26.582449999999994
ENSG00000204021,ENSMUSG00000024771,80.55064999999999,19.44935000000001
ENSG00000176979,ENSMUSG00000053490,52.72295,47.27705
ENSG00000183439,ENSMUSG00000109718,52.58115,47.41885
ENSG00000205476,ENSMUSG00000084883,92.04365,7.9563500000000005
ENSG00000204979,ENSMUSG00000057240,55.22425,44.77575
ENSG00000118518,ENSMUSG00000038876,92.4791,7.5208999999999975
ENSG00000167258,ENSMUSG00000003119,91.52695,8.47305
ENSG00000088320,ENSMUSG00000000359,89.07589999999999,10.92410000000001
ENSG00000234545,ENSMUSG00000058503,87.80635000000001,12.193649999999991
ENSG00000107742,ENSMUSG00000058297,93.74275,6.257249999999999
ENSG00000164483,ENSMUSG00000051354,81.0472,18.952799999999996
ENSG00000065613,ENSMUSG00000025060,83.87365,16.126350000000002
ENSG00000128951,ENSMUSG00000027203,69.97354999999999,30.02645000000001
ENSG00000134452,ENSMUSG00000058594,89.97605,10.02395
ENSG00000198561,ENSMUSG00000034101,97.46775,2.5322500000000048
ENSG00000189001,ENSMUSG00000046056,53.10805,46.89195
ENSG00000166845,ENSMUSG00000044906,65.34755,34.65245
ENSG00000083099,ENSMUSG00000045854,88.6364,11.363600000000005
ENSG00000181418,ENSMUSG00000059213,77.1288,22.8712
ENSG00000130751,ENSMUSG00000001988,86.9942,13.005799999999994
ENSG00000272573,ENSMUSG00000042485,84.1463,15.853700000000003
ENSG00000213533,ENSMUSG00000006526,96.5738,3.4261999999999944
ENSG00000099308,ENSMUSG00000031833,89.06395,10.936049999999994
ENSG00000137161,ENSMUSG00000023973,88.0878,11.912199999999999
ENSG00000166997,ENSMUSG00000036968,82.76169999999999,17.23830000000001
ENSG00000163882,ENSMUSG00000021018,100.0,0.0
ENSG00000151233,ENSMUSG00000036197,86.85995,13.140050000000002
ENSG00000148950,ENSMUSG00000042670,93.9759,6.024100000000004
ENSG00000107331,ENSMUSG00000026944,93.36625000000001,6.633749999999992
ENSG00000185480,ENSMUSG00000035365,69.2727,30.7273
ENSG00000163736,ENSMUSG00000029372,49.986149999999995,50.013850000000005
ENSG00000164742,ENSMUSG00000020431,92.53465,7.465350000000001
ENSG00000115616,ENSMUSG00000026062,91.02105,8.978949999999998
ENSG00000155761,ENSMUSG00000027867,72.36404999999999,27.63595000000001
ENSG00000049192,ENSMUSG00000046169,95.9714,4.028599999999997
ENSG00000176102,ENSMUSG00000027176,99.3027,0.6972999999999985
ENSG00000185963,ENSMUSG00000037933,94.95945,5.040549999999996
ENSG00000151746,ENSMUSG00000003452,95.5897,4.4103000000000065
ENSG00000126970,ENSMUSG00000035062,100.0,0.0
ENSG00000142609,ENSMUSG00000078490,70.26535,29.734650000000002
ENSG00000150401,ENSMUSG00000038506,91.1197,8.880300000000005
ENSG00000136244,ENSMUSG00000025746,41.6078,58.3922
ENSG00000140678,ENSMUSG00000030789,70.41215,29.587850000000003
ENSG00000149480,ENSMUSG00000071646,98.503,1.4969999999999999
ENSG00000057935,ENSMUSG00000055817,93.16515,6.834850000000003
ENSG00000182979,ENSMUSG00000021144,95.97995,4.020049999999998
ENSG00000198160,ENSMUSG00000028522,86.35705,13.642949999999999
ENSG00000105556,ENSMUSG00000042570,81.21655,18.783450000000002
ENSG00000155545,ENSMUSG00000032727,92.4615,7.538499999999999
ENSG00000153015,ENSMUSG00000021715,90.75545,9.244550000000004
ENSG00000101224,ENSMUSG00000027330,81.31585,18.684150000000002
ENSG00000006625,ENSMUSG00000002797,81.9149,18.085099999999997
ENSG00000262246,ENSMUSG00000039637,86.41065,13.589349999999996
ENSG00000008735,ENSMUSG00000022619,88.03015,11.969849999999994
ENSG00000163705,ENSMUSG00000033963,91.8317,8.168300000000002
ENSG00000128617,ENSMUSG00000058831,85.96260000000001,14.037399999999991
ENSG00000163914,ENSMUSG00000030324,94.8276,5.172399999999996
ENSG00000173372,ENSMUSG00000036887,70.6122,29.3878
ENSG00000164744,ENSMUSG00000040985,76.44695,23.55305
ENSG00000198838,ENSMUSG00000057378,95.79865,4.201350000000005
ENSG00000156234,ENSMUSG00000023078,45.8716,54.1284
ENSG00000134987,ENSMUSG00000038299,88.74065,11.259349999999998
ENSG00000110107,ENSMUSG00000024735,99.4048,0.5952000000000055
ENSG00000090020,ENSMUSG00000028854,92.60024999999999,7.399750000000012
ENSG00000112658,ENSMUSG00000015605,96.83945,3.1605500000000006
ENSG00000244405,ENSMUSG00000013089,95.4902,4.5097999999999985
ENSG00000166211,ENSMUSG00000004359,66.9488,33.051199999999994
ENSG00000101347,ENSMUSG00000027639,71.07220000000001,28.92779999999999
ENSG00000141385,ENSMUSG00000024527,92.934,7.0660000000000025
ENSG00000137767,ENSMUSG00000005803,86.8889,13.111099999999993
ENSG00000093144,ENSMUSG00000019883,82.0009,17.9991
ENSG00000119318,ENSMUSG00000028426,89.94585000000001,10.054149999999993
ENSG00000179262,ENSMUSG00000003813,94.7658,5.234200000000001
ENSG00000153956,ENSMUSG00000040118,95.26265000000001,4.737349999999992
ENSG00000105664,ENSMUSG00000031849,91.00545,8.994550000000004
ENSG00000104368,ENSMUSG00000031538,79.92920000000001,20.07079999999999
ENSG00000100324,ENSMUSG00000022414,97.4159,2.5841000000000065
ENSG00000187049,ENSMUSG00000024667,88.82855,11.171449999999993
ENSG00000177042,ENSMUSG00000025505,68.0539,31.9461
ENSG00000186889,ENSMUSG00000049904,79.798,20.201999999999998
ENSG00000010671,ENSMUSG00000031264,98.3308,1.6692000000000036
ENSG00000113302,ENSMUSG00000004296,67.2775,32.7225
ENSG00000183617,ENSMUSG00000034932,68.87275,31.127250000000004
ENSG00000173626,ENSMUSG00000071340,92.8177,7.182299999999998
ENSG00000054116,ENSMUSG00000028847,98.3333,1.6667000000000058
ENSG00000172426,ENSMUSG00000023966,91.6667,8.333299999999994
ENSG00000213221,ENSMUSG00000075467,72.11325,27.886750000000006
ENSG00000172638,ENSMUSG00000024909,94.8081,5.191900000000004
ENSG00000162669,ENSMUSG00000043410,76.89089999999999,23.109100000000012
ENSG00000186407,ENSMUSG00000048498,57.385549999999995,42.614450000000005
ENSG00000166016,ENSMUSG00000032724,96.9254,3.0746000000000038
ENSG00000074276,ENSMUSG00000034918,72.9565,27.043499999999995
ENSG00000173705,ENSMUSG00000086596,68.9147,31.085300000000004
ENSG00000172955,ENSMUSG00000074206,58.2427,41.7573
ENSG00000140398,ENSMUSG00000032298,78.81909999999999,21.18090000000001
ENSG00000109674,ENSMUSG00000039396,73.82335,26.176649999999995
ENSG00000154328,ENSMUSG00000035121,73.2239,26.7761
ENSG00000174500,ENSMUSG00000022659,55.714200000000005,44.285799999999995
ENSG00000134571,ENSMUSG00000002100,89.70145,10.298550000000006
ENSG00000136159,ENSMUSG00000033405,87.4534,12.546599999999998
ENSG00000139714,ENSMUSG00000029477,83.99205,16.007949999999994
ENSG00000117748,ENSMUSG00000028884,88.5185,11.481499999999997
ENSG00000165914,ENSMUSG00000033530,96.07535,3.9246499999999997
ENSG00000147065,ENSMUSG00000031207,98.6135,1.386499999999998
ENSG00000136541,ENSMUSG00000026830,60.1787,39.8213
ENSG00000137710,ENSMUSG00000032050,98.4563,1.5437000000000012
ENSG00000130720,ENSMUSG00000026841,90.43520000000001,9.564799999999991
ENSG00000043514,ENSMUSG00000028653,89.2934,10.706599999999995
ENSG00000121274,ENSMUSG00000036779,89.49745,10.50255
ENSG00000181220,ENSMUSG00000057691,91.77170000000001,8.22829999999999
ENSG00000135596,ENSMUSG00000019823,80.2902,19.7098
ENSG00000160058,ENSMUSG00000040859,92.1832,7.816800000000001
ENSG00000156968,ENSMUSG00000022679,77.95075,22.04925
ENSG00000100647,ENSMUSG00000021133,86.3501,13.649900000000002
ENSG00000156973,ENSMUSG00000026239,98.0,2.0
ENSG00000239672,ENSMUSG00000037601,94.0789,5.921099999999996
ENSG00000039123,ENSMUSG00000016018,97.59855,2.401449999999997
ENSG00000112852,ENSMUSG00000051599,75.8923,24.107699999999994
ENSG00000070950,ENSMUSG00000030254,70.0743,29.925700000000006
ENSG00000213139,ENSMUSG00000033501,89.8876,10.112399999999994
ENSG00000005893,ENSMUSG00000016534,59.80945,40.19055
ENSG00000185896,ENSMUSG00000031447,67.32675,32.673249999999996
ENSG00000125869,ENSMUSG00000027270,85.7143,14.285700000000006
ENSG00000101310,ENSMUSG00000027429,97.1317,2.868300000000005
ENSG00000100934,ENSMUSG00000020986,98.9542,1.0457999999999998
ENSG00000129493,ENSMUSG00000035181,87.51259999999999,12.487400000000008
ENSG00000008869,ENSMUSG00000039414,95.87055,4.129450000000006
ENSG00000119865,ENSMUSG00000044629,96.3415,3.6585000000000036
ENSG00000213578,ENSMUSG00000039714,95.5696,4.430400000000006
ENSG00000166569,ENSMUSG00000024519,91.875,8.125
ENSG00000145920,ENSMUSG00000025867,100.0,0.0
ENSG00000168993,ENSMUSG00000033615,97.0149,2.9851000000000028
ENSG00000141497,ENSMUSG00000040829,84.03385,15.966149999999999
ENSG00000137880,ENSMUSG00000046814,92.8571,7.142899999999997
ENSG00000172732,ENSMUSG00000024906,82.0327,17.967299999999994
ENSG00000152953,ENSMUSG00000029123,92.029,7.971000000000004
ENSG00000214046,ENSMUSG00000044600,96.0,4.0
ENSG00000074966,ENSMUSG00000054892,82.9222,17.077799999999996
ENSG00000213337,ENSMUSG00000079610,90.1639,9.836100000000002
ENSG00000150787,ENSMUSG00000032067,81.66185,18.33815
ENSG00000115539,ENSMUSG00000026078,89.3532,10.646799999999999
ENSG00000145632,ENSMUSG00000021701,96.8549,3.1450999999999993
ENSG00000185345,ENSMUSG00000023826,83.74605,16.253950000000003
ENSG00000109321,ENSMUSG00000029378,70.4045,29.5955
ENSG00000104442,ENSMUSG00000027599,98.227,1.7729999999999961
ENSG00000150281,ENSMUSG00000042340,78.7148,21.285200000000003
ENSG00000175505,ENSMUSG00000040663,96.8889,3.1110999999999933
ENSG00000124228,ENSMUSG00000017999,92.7223,7.277699999999996
ENSG00000155714,ENSMUSG00000030887,67.9255,32.0745
ENSG00000130856,ENSMUSG00000041258,88.6302,11.369799999999998
ENSG00000081803,ENSMUSG00000017978,94.46785,5.5321500000000015
ENSG00000099821,ENSMUSG00000020329,66.8094,33.1906
ENSG00000164989,ENSMUSG00000052407,86.9079,13.092100000000002
ENSG00000101890,ENSMUSG00000042282,89.8917,10.1083
ENSG00000135569,ENSMUSG00000069706,86.6469,13.353099999999998
ENSG00000162946,ENSMUSG00000043051,56.3893,43.6107
ENSG00000119616,ENSMUSG00000021243,97.9798,2.0202000000000027
ENSG00000147679,ENSMUSG00000022313,87.1486,12.851399999999998
ENSG00000168813,ENSMUSG00000044452,80.25665000000001,19.743349999999992
ENSG00000145087,ENSMUSG00000022829,94.7684,5.2316
ENSG00000164506,ENSMUSG00000019790,96.9171,3.082899999999995
ENSG00000131899,ENSMUSG00000020536,90.1224,9.877600000000001
ENSG00000073350,ENSMUSG00000020782,90.47489999999999,9.525100000000009
ENSG00000144366,ENSMUSG00000056870,92.4342,7.565799999999996
ENSG00000185264,ENSMUSG00000062154,64.14475,35.85525
ENSG00000083937,ENSMUSG00000004843,99.5305,0.4694999999999965
ENSG00000115561,ENSMUSG00000053119,96.41445,3.585549999999998
ENSG00000130724,ENSMUSG00000033916,99.5496,0.4504000000000019
ENSG00000131165,ENSMUSG00000000743,97.449,2.551000000000002
ENSG00000255112,ENSMUSG00000109901,97.99,2.010000000000005
ENSG00000065978,ENSMUSG00000028639,98.45295,1.5470499999999987
ENSG00000134668,ENSMUSG00000028784,47.7413,52.2587
ENSG00000065029,ENSMUSG00000024220,92.26745,7.732550000000003
ENSG00000278224,ENSMUSG00000096549,66.42745,33.57255000000001
ENSG00000073792,ENSMUSG00000033581,95.2174,4.782600000000002
ENSG00000188643,ENSMUSG00000074457,77.31365,22.686350000000004
ENSG00000168310,ENSMUSG00000031627,92.5501,7.4498999999999995
ENSG00000147262,ENSMUSG00000051209,82.0896,17.910399999999996
ENSG00000171517,ENSMUSG00000036832,91.37215,8.627849999999995
ENSG00000064547,ENSMUSG00000031861,92.2414,7.758600000000001
ENSG00000198121,ENSMUSG00000038668,97.2527,2.7472999999999956
ENSG00000166181,ENSMUSG00000027193,95.56145,4.438550000000006
ENSG00000160781,ENSMUSG00000041423,87.33645,12.66355
ENSG00000090266,ENSMUSG00000002416,82.8571,17.142899999999997
ENSG00000173451,ENSMUSG00000020137,86.3449,13.655100000000004
ENSG00000124882,ENSMUSG00000029377,79.794,20.206000000000003
ENSG00000140463,ENSMUSG00000025235,89.70175,10.298249999999996
ENSG00000156875,ENSMUSG00000089911,99.7959,0.20409999999999684
ENSG00000049769,ENSMUSG00000039556,82.1764,17.8236
ENSG00000163531,ENSMUSG00000026442,92.38845,7.611549999999994
ENSG00000169258,ENSMUSG00000069227,55.75565,44.24435
ENSG00000263429,ENSMUSG00000085683,70.8861,29.1139
ENSG00000163596,ENSMUSG00000026018,77.13005000000001,22.86994999999999
ENSG00000003147,ENSMUSG00000062995,89.49255,10.507450000000006
ENSG00000184925,ENSMUSG00000026943,55.5848,44.4152
ENSG00000148346,ENSMUSG00000026822,61.8106,38.1894
ENSG00000148386,ENSMUSG00000023210,50.94645,49.05355
ENSG00000204001,ENSMUSG00000036449,64.53945,35.46055
ENSG00000187922,ENSMUSG00000047356,64.5412,35.4588
ENSG00000267206,ENSMUSG00000045684,69.376,30.623999999999995
ENSG00000163749,ENSMUSG00000050050,92.0946,7.9054
ENSG00000145192,ENSMUSG00000022868,60.1698,39.8302
ENSG00000090512,ENSMUSG00000022871,63.900000000000006,36.099999999999994
ENSG00000113905,ENSMUSG00000022877,60.32695,39.67305
ENSG00000143442,ENSMUSG00000038902,93.19485,6.805149999999998
ENSG00000120318,ENSMUSG00000024451,88.51429999999999,11.485700000000008
ENSG00000187051,ENSMUSG00000051518,75.31625,24.683750000000003
ENSG00000170006,ENSMUSG00000056498,65.3866,34.6134
ENSG00000137310,ENSMUSG00000050410,70.02369999999999,29.97630000000001
ENSG00000113812,ENSMUSG00000015971,97.1154,2.884600000000006
ENSG00000156136,ENSMUSG00000029366,93.4615,6.538499999999999
ENSG00000267909,ENSMUSG00000062961,91.0121,8.987899999999996
ENSG00000182264,ENSMUSG00000064158,47.8467,52.1533
ENSG00000205707,ENSMUSG00000040370,88.6822,11.317800000000005
ENSG00000187713,ENSMUSG00000078201,97.7941,2.2058999999999997
ENSG00000141338,ENSMUSG00000020620,75.53225,24.467749999999995
ENSG00000197576,ENSMUSG00000000942,73.3032,26.696799999999996
ENSG00000157884,ENSMUSG00000053194,91.8919,8.108099999999993
ENSG00000189292,ENSMUSG00000054204,75.24835,24.751649999999998
ENSG00000129347,ENSMUSG00000035047,81.6763,18.323700000000002
ENSG00000128626,ENSMUSG00000045948,85.19964999999999,14.800350000000009
ENSG00000136098,ENSMUSG00000031478,73.1041,26.895899999999997
ENSG00000121481,ENSMUSG00000026484,99.7024,0.29760000000000275
ENSG00000114857,ENSMUSG00000032525,79.5205,20.4795
ENSG00000181790,ENSMUSG00000034730,94.12515,5.874849999999995
ENSG00000278057,ENSMUSG00000062564,59.09655,40.90345
ENSG00000204653,ENSMUSG00000038704,87.7236,12.276399999999995
ENSG00000173221,ENSMUSG00000021591,89.2038,10.796199999999999
ENSG00000005156,ENSMUSG00000020697,88.17439999999999,11.825600000000009
ENSG00000027847,ENSMUSG00000021504,92.0489,7.951099999999997
ENSG00000167992,ENSMUSG00000043789,77.2971,22.7029
ENSG00000169562,ENSMUSG00000047797,98.5866,1.4133999999999958
ENSG00000121742,ENSMUSG00000040055,95.4023,4.597700000000003
ENSG00000165474,ENSMUSG00000046352,92.9204,7.079599999999999
ENSG00000189433,ENSMUSG00000046623,86.4662,13.5338
ENSG00000189280,ENSMUSG00000042357,77.20695,22.793049999999994
ENSG00000188910,ENSMUSG00000042367,82.5926,17.407399999999996
ENSG00000009954,ENSMUSG00000002748,91.28985,8.710149999999999
ENSG00000174938,ENSMUSG00000030683,95.9913,4.008700000000005
ENSG00000180305,ENSMUSG00000070529,40.40935,59.59065
ENSG00000010361,ENSMUSG00000011658,86.1956,13.804400000000001
ENSG00000180370,ENSMUSG00000022781,97.1374,2.8626000000000005
ENSG00000149269,ENSMUSG00000030774,99.17365000000001,0.8263499999999908
ENSG00000077264,ENSMUSG00000031284,97.20745,2.7925500000000056
ENSG00000131097,ENSMUSG00000020928,77.15935,22.840649999999997
ENSG00000186367,ENSMUSG00000050875,79.90045,20.099549999999994
ENSG00000169330,ENSMUSG00000039313,89.90725,10.092749999999995
ENSG00000283526,ENSMUSG00000079497,72.0778,27.922200000000004
ENSG00000139531,ENSMUSG00000049858,85.6096,14.3904
ENSG00000197283,ENSMUSG00000067629,99.14285,0.8571500000000043
ENSG00000078295,ENSMUSG00000021536,95.42575,4.574250000000006
ENSG00000254726,ENSMUSG00000074480,96.9231,3.076899999999995
ENSG00000061273,ENSMUSG00000022475,87.9966,12.0034
ENSG00000107290,ENSMUSG00000043535,72.40525,27.594750000000005
ENSG00000165084,ENSMUSG00000057715,82.47640000000001,17.523599999999988
ENSG00000166046,ENSMUSG00000020034,78.57169999999999,21.428300000000007
ENSG00000105618,ENSMUSG00000008373,98.998,1.0019999999999953
ENSG00000197324,ENSMUSG00000022175,87.6578,12.342200000000005
ENSG00000167711,ENSMUSG00000038224,74.5417,25.458299999999994
ENSG00000120798,ENSMUSG00000005897,88.52685,11.473150000000004
ENSG00000224051,ENSMUSG00000029073,78.14125,21.85875
ENSG00000204396,ENSMUSG00000007030,82.2671,17.7329
ENSG00000079313,ENSMUSG00000047417,78.06165,21.93835
ENSG00000108654,ENSMUSG00000020719,99.10505,0.8949499999999944
ENSG00000091664,ENSMUSG00000030500,97.4227,2.577299999999994
ENSG00000185798,ENSMUSG00000022787,83.5196,16.480400000000003
ENSG00000125945,ENSMUSG00000051351,92.87705,7.122950000000003
ENSG00000134531,ENSMUSG00000030208,76.34755,23.65245
ENSG00000213853,ENSMUSG00000022505,76.71285,23.287149999999997
ENSG00000109099,ENSMUSG00000018217,86.25,13.75
ENSG00000142227,ENSMUSG00000040212,92.0245,7.975499999999997
ENSG00000117362,ENSMUSG00000015750,99.2453,0.7546999999999997
ENSG00000283703,ENSMUSG00000098590,73.5587,26.4413
ENSG00000095713,ENSMUSG00000042401,88.76455,11.23545
ENSG00000154175,ENSMUSG00000035258,72.00319999999999,27.996800000000007
ENSG00000164694,ENSMUSG00000071984,70.63875,29.36125
ENSG00000236383,ENSMUSG00000085486,39.417249999999996,60.582750000000004
ENSG00000130700,ENSMUSG00000015627,76.1606,23.839399999999998
ENSG00000197487,ENSMUSG00000034660,63.5205,36.4795
ENSG00000185955,ENSMUSG00000029723,45.6773,54.3227
ENSG00000117069,ENSMUSG00000039037,90.9093,9.090699999999998
ENSG00000178498,ENSMUSG00000040415,86.61585,13.384150000000005
ENSG00000054690,ENSMUSG00000060716,83.6772,16.3228
ENSG00000175691,ENSMUSG00000074862,24.6008,75.39920000000001
ENSG00000178401,ENSMUSG00000038009,82.35365,17.646349999999998
ENSG00000130479,ENSMUSG00000019261,67.0492,32.9508
ENSG00000188130,ENSMUSG00000022610,92.6431,7.356899999999996
ENSG00000170801,ENSMUSG00000029096,92.10925,7.890749999999997
ENSG00000124172,ENSMUSG00000016252,89.3288,10.671199999999999
ENSG00000181804,ENSMUSG00000031129,92.3197,7.680300000000003
ENSG00000137760,ENSMUSG00000025899,77.1084,22.891599999999997
ENSG00000196196,ENSMUSG00000071001,53.6099,46.3901
ENSG00000181378,ENSMUSG00000047021,70.49674999999999,29.50325000000001
ENSG00000139220,ENSMUSG00000053825,98.8067,1.1932999999999936
ENSG00000143847,ENSMUSG00000026458,93.74085,6.259150000000005
ENSG00000131626,ENSMUSG00000037519,93.4178,6.5822
ENSG00000177380,ENSMUSG00000003863,98.0737,1.9262999999999977
ENSG00000103507,ENSMUSG00000030802,95.1456,4.854399999999998
ENSG00000067992,ENSMUSG00000035232,96.23564999999999,3.7643500000000074
ENSG00000152256,ENSMUSG00000006494,92.1844,7.815600000000003
ENSG00000004799,ENSMUSG00000019577,92.8312,7.1688000000000045
ENSG00000005882,ENSMUSG00000038967,97.543,2.4569999999999936
ENSG00000002919,ENSMUSG00000020876,83.91895,16.081050000000005
ENSG00000133574,ENSMUSG00000054435,60.5785,39.4215
ENSG00000125901,ENSMUSG00000037740,67.66465,32.335350000000005
ENSG00000180720,ENSMUSG00000040495,96.0334,3.9665999999999997
ENSG00000092020,ENSMUSG00000021022,98.234,1.7660000000000053
ENSG00000181867,ENSMUSG00000024510,76.83510000000001,23.16489999999999
ENSG00000125538,ENSMUSG00000027398,67.658,32.342
ENSG00000136697,ENSMUSG00000046845,81.5789,18.421099999999996
ENSG00000136689,ENSMUSG00000026981,75.49355,24.50645
ENSG00000136695,ENSMUSG00000026983,90.67615,9.323849999999993
ENSG00000136696,ENSMUSG00000026985,56.80275,43.19725
ENSG00000136694,ENSMUSG00000026984,53.46125,46.53875
ENSG00000136688,ENSMUSG00000044103,49.94325,50.05675
ENSG00000164076,ENSMUSG00000032936,93.7919,6.208100000000002
ENSG00000173812,ENSMUSG00000035530,99.115,0.8850000000000051
ENSG00000198189,ENSMUSG00000029311,82.9441,17.055899999999994
ENSG00000123106,ENSMUSG00000030301,79.0488,20.9512
ENSG00000012779,ENSMUSG00000025701,93.4718,6.528199999999998
ENSG00000149716,ENSMUSG00000031072,77.3723,22.627700000000004
ENSG00000091262,ENSMUSG00000030834,78.9739,21.0261
ENSG00000129480,ENSMUSG00000020956,84.5238,15.476200000000006
ENSG00000125821,ENSMUSG00000027430,95.2153,4.784700000000001
ENSG00000180530,ENSMUSG00000048490,84.51935,15.480649999999997
ENSG00000177302,ENSMUSG00000002814,86.92625000000001,13.07374999999999
ENSG00000108175,ENSMUSG00000007817,97.80324999999999,2.1967500000000086
ENSG00000122515,ENSMUSG00000041164,90.8696,9.130399999999995
ENSG00000105229,ENSMUSG00000004934,89.0863,10.913700000000006
ENSG00000078043,ENSMUSG00000025423,98.0676,1.9324000000000012
ENSG00000033800,ENSMUSG00000032405,98.0031,1.9968999999999966
ENSG00000131788,ENSMUSG00000028101,96.9745,3.025499999999994
ENSG00000138650,ENSMUSG00000049100,96.04825,3.951750000000004
ENSG00000105427,ENSMUSG00000063651,91.7627,8.237300000000005
ENSG00000267795,ENSMUSG00000096215,67.05795,32.942049999999995
ENSG00000139278,ENSMUSG00000056888,70.28085,29.71915
ENSG00000189283,ENSMUSG00000060579,77.03365,22.966350000000006
ENSG00000125977,ENSMUSG00000074656,95.784,4.215999999999994
ENSG00000167553,ENSMUSG00000043091,99.3318,0.6681999999999988
ENSG00000123416,ENSMUSG00000023004,100.0,0.0
ENSG00000167552,ENSMUSG00000072235,100.0,0.0
ENSG00000198033,ENSMUSG00000067338,100.0,0.0
ENSG00000128881,ENSMUSG00000090100,89.7467,10.253299999999996
ENSG00000002587,ENSMUSG00000051022,87.70595,12.294049999999999
ENSG00000110042,ENSMUSG00000039982,93.92765,6.07235
ENSG00000159079,ENSMUSG00000022972,92.4138,7.586200000000005
ENSG00000164187,ENSMUSG00000039704,94.6005,5.399500000000003
ENSG00000139187,ENSMUSG00000030114,56.76435,43.23565
ENSG00000159788,ENSMUSG00000029101,83.98910000000001,16.010899999999992
ENSG00000178927,ENSMUSG00000039294,88.7701,11.2299
ENSG00000197893,ENSMUSG00000049134,86.23485,13.765150000000006
ENSG00000162598,ENSMUSG00000078639,64.1614,35.8386
ENSG00000162817,ENSMUSG00000039349,69.96555000000001,30.034449999999993
ENSG00000176769,ENSMUSG00000091002,80.27305,19.726950000000002
ENSG00000111716,ENSMUSG00000030246,97.9042,2.095799999999997
ENSG00000166825,ENSMUSG00000039062,76.56495000000001,23.43504999999999
ENSG00000147601,ENSMUSG00000025925,65.37745000000001,34.62254999999999
ENSG00000144837,ENSMUSG00000002847,81.3596,18.6404
ENSG00000178980,ENSMUSG00000041571,86.85995,13.140050000000002
ENSG00000118017,ENSMUSG00000037953,71.0721,28.927899999999994
ENSG00000128274,ENSMUSG00000047878,76.69085000000001,23.30914999999999
ENSG00000116285,ENSMUSG00000028967,82.1236,17.876400000000004
ENSG00000111880,ENSMUSG00000028274,94.9749,5.025099999999995
ENSG00000132819,ENSMUSG00000027510,94.9597,5.040300000000002
ENSG00000162104,ENSMUSG00000005580,92.1656,7.834400000000002
ENSG00000114770,ENSMUSG00000022822,95.02265,4.977350000000001
ENSG00000260428,ENSMUSG00000034161,94.138,5.861999999999995
ENSG00000141200,ENSMUSG00000046755,78.1517,21.848299999999995
ENSG00000182985,ENSMUSG00000032076,98.4137,1.5862999999999943
ENSG00000144741,ENSMUSG00000045100,87.5912,12.4088
ENSG00000004864,ENSMUSG00000015112,95.4849,4.515100000000004
ENSG00000168952,ENSMUSG00000046314,98.5714,1.428600000000003
ENSG00000162430,ENSMUSG00000050989,86.73265,13.267349999999993
ENSG00000109805,ENSMUSG00000015880,82.51855,17.481449999999995
ENSG00000141741,ENSMUSG00000002580,89.5652,10.434799999999996
ENSG00000005059,ENSMUSG00000027994,73.5119,26.488100000000003
ENSG00000139323,ENSMUSG00000019952,82.18065,17.81935
ENSG00000149357,ENSMUSG00000030842,99.3789,0.6210999999999984
ENSG00000116741,ENSMUSG00000026360,96.2085,3.791499999999999
ENSG00000186106,ENSMUSG00000048307,97.807,2.192999999999998
ENSG00000166681,ENSMUSG00000046432,84.43785,15.562150000000003
ENSG00000115446,ENSMUSG00000026111,95.7529,4.247100000000003
ENSG00000167081,ENSMUSG00000038718,99.7696,0.23040000000000305
ENSG00000185630,ENSMUSG00000052534,100.0,0.0
ENSG00000078725,ENSMUSG00000028351,98.75085,1.2491500000000002
ENSG00000182585,ENSMUSG00000035020,77.78110000000001,22.21889999999999
ENSG00000188493,ENSMUSG00000078786,75.01480000000001,24.985199999999992
ENSG00000151665,ENSMUSG00000024145,87.6712,12.328800000000001
ENSG00000056487,ENSMUSG00000016624,84.63749999999999,15.362500000000011
ENSG00000176624,ENSMUSG00000037253,95.19720000000001,4.802799999999991
ENSG00000070759,ENSMUSG00000033985,87.46719999999999,12.532800000000009
ENSG00000108848,ENSMUSG00000020863,99.0741,0.9258999999999986
ENSG00000007392,ENSMUSG00000024188,97.035,2.9650000000000034
ENSG00000146963,ENSMUSG00000029823,99.4898,0.5101999999999975
ENSG00000076924,ENSMUSG00000019470,98.8304,1.1696000000000026
ENSG00000278259,ENSMUSG00000020527,82.0497,17.9503
ENSG00000121073,ENSMUSG00000020873,95.6522,4.3478000000000065
ENSG00000175325,ENSMUSG00000044542,73.05449999999999,26.94550000000001
ENSG00000197683,ENSMUSG00000071471,54.5958,45.4042
ENSG00000124784,ENSMUSG00000021428,80.35249999999999,19.647500000000008
ENSG00000077458,ENSMUSG00000037808,97.6401,2.359899999999996
ENSG00000146701,ENSMUSG00000019179,94.9704,5.029600000000002
ENSG00000108641,ENSMUSG00000001039,94.6078,5.3922000000000025
ENSG00000166446,ENSMUSG00000031758,91.77485,8.22515
ENSG00000170091,ENSMUSG00000020297,97.076,2.9240000000000066
ENSG00000168824,ENSMUSG00000029126,98.3784,1.6216000000000008
ENSG00000130643,ENSMUSG00000025468,79.49105,20.50895
ENSG00000152315,ENSMUSG00000045404,84.872,15.128
ENSG00000197826,ENSMUSG00000057816,84.5494,15.450599999999994
ENSG00000175155,ENSMUSG00000018427,100.0,0.0
ENSG00000188306,ENSMUSG00000027703,67.3664,32.6336
ENSG00000164116,ENSMUSG00000033910,89.79005,10.209950000000006
ENSG00000214021,ENSMUSG00000030276,66.83279999999999,33.16720000000001
ENSG00000135390,ENSMUSG00000062683,89.9228,10.077200000000005
ENSG00000077454,ENSMUSG00000093445,81.2842,18.7158
ENSG00000005513,ENSMUSG00000024176,82.0101,17.989900000000006
ENSG00000093010,ENSMUSG00000000326,77.2485,22.751499999999993
ENSG00000154997,ENSMUSG00000034219,76.656,23.343999999999994
ENSG00000055070,ENSMUSG00000040842,97.3684,2.631600000000006
ENSG00000128512,ENSMUSG00000035954,98.25455,1.7454500000000053
ENSG00000129151,ENSMUSG00000041660,89.1473,10.852699999999999
ENSG00000155099,ENSMUSG00000028221,96.4981,3.5019000000000062
ENSG00000165782,ENSMUSG00000035953,95.9151,4.084900000000005
ENSG00000221978,ENSMUSG00000029068,89.5957,10.404300000000006
ENSG00000151062,ENSMUSG00000041460,82.8592,17.1408
ENSG00000149177,ENSMUSG00000025314,66.54415,33.45585
ENSG00000163377,ENSMUSG00000046500,91.66665,8.333349999999996
ENSG00000157540,ENSMUSG00000022897,98.61914999999999,1.3808500000000095
ENSG00000165280,ENSMUSG00000028452,100.0,0.0
ENSG00000163785,ENSMUSG00000032547,94.09925,5.900750000000002
ENSG00000114353,ENSMUSG00000032562,98.3099,1.690100000000001
ENSG00000188486,ENSMUSG00000049932,97.2028,2.7972000000000037
ENSG00000069122,ENSMUSG00000056492,72.01195,27.98805
ENSG00000163638,ENSMUSG00000030022,89.0327,10.967299999999994
ENSG00000113552,ENSMUSG00000052102,96.1938,3.806200000000004
ENSG00000163281,ENSMUSG00000029209,97.1014,2.898600000000002
ENSG00000181031,ENSMUSG00000020847,79.45179999999999,20.54820000000001
ENSG00000079691,ENSMUSG00000021338,89.399,10.600999999999999
ENSG00000186452,ENSMUSG00000045631,59.375,40.625
ENSG00000139269,ENSMUSG00000047492,82.2857,17.714299999999994
ENSG00000127423,ENSMUSG00000078521,58.57145,41.42855
ENSG00000104998,ENSMUSG00000005465,62.27825,37.72175
ENSG00000213722,ENSMUSG00000007039,97.193,2.807000000000002
ENSG00000105810,ENSMUSG00000040274,96.319,3.6809999999999974
ENSG00000165606,ENSMUSG00000041730,95.8175,4.1825000000000045
ENSG00000196562,ENSMUSG00000006800,93.9836,6.016400000000004
ENSG00000146285,ENSMUSG00000044770,79.5663,20.4337
ENSG00000259330,ENSMUSG00000074918,91.8043,8.195700000000002
ENSG00000128710,ENSMUSG00000050368,98.8235,1.1765000000000043
ENSG00000125835,ENSMUSG00000027404,99.5671,0.4329000000000036
ENSG00000070031,ENSMUSG00000038580,57.197199999999995,42.802800000000005
ENSG00000185033,ENSMUSG00000030539,83.62039999999999,16.37960000000001
ENSG00000164548,ENSMUSG00000029817,99.2908,0.7091999999999956
ENSG00000163586,ENSMUSG00000054422,84.252,15.748000000000005
ENSG00000137392,ENSMUSG00000024225,75.55705,24.442949999999996
ENSG00000155249,ENSMUSG00000050030,85.8521,14.147900000000007
ENSG00000151572,ENSMUSG00000035189,98.3246,1.6753999999999962
ENSG00000102241,ENSMUSG00000067873,76.7197,23.280299999999997
ENSG00000146733,ENSMUSG00000029446,93.7778,6.222200000000001
ENSG00000163399,ENSMUSG00000033161,96.8719,3.1281000000000034
ENSG00000141198,ENSMUSG00000020541,80.63194999999999,19.36805000000001
ENSG00000132793,ENSMUSG00000027412,80.5163,19.4837
ENSG00000054654,ENSMUSG00000063450,70.56135,29.438649999999996
ENSG00000132386,ENSMUSG00000000753,85.7486,14.251400000000004
ENSG00000179913,ENSMUSG00000031803,68.2796,31.720399999999998
ENSG00000174437,ENSMUSG00000029467,96.5155,3.484499999999997
ENSG00000167302,ENSMUSG00000025377,71.20445,28.795550000000006
ENSG00000105825,ENSMUSG00000029664,52.90935,47.09065
ENSG00000163517,ENSMUSG00000034245,92.219,7.781000000000006
ENSG00000130726,ENSMUSG00000005566,93.9485,6.051500000000004
ENSG00000184787,ENSMUSG00000009293,100.0,0.0
ENSG00000247315,ENSMUSG00000074682,87.4234,12.5766
ENSG00000163795,ENSMUSG00000043059,95.1941,4.805899999999994
ENSG00000196557,ENSMUSG00000024112,84.3115,15.688500000000005
ENSG00000124557,ENSMUSG00000000706,74.0955,25.9045
ENSG00000086570,ENSMUSG00000055333,81.95405,18.045950000000005
ENSG00000166884,ENSMUSG00000067524,88.2166,11.7834
ENSG00000153208,ENSMUSG00000014361,81.285,18.715000000000003
ENSG00000076067,ENSMUSG00000040043,86.15545,13.844549999999998
ENSG00000122033,ENSMUSG00000016510,64.2608,35.7392
ENSG00000224982,ENSMUSG00000079278,85.84649999999999,14.153500000000008
ENSG00000139540,ENSMUSG00000039878,83.9088,16.0912
ENSG00000149658,ENSMUSG00000038848,93.9177,6.082300000000004
ENSG00000110944,ENSMUSG00000025383,73.271,26.729
ENSG00000136527,ENSMUSG00000022858,100.0,0.0
ENSG00000128989,ENSMUSG00000007656,99.1071,0.8928999999999974
ENSG00000147400,ENSMUSG00000031347,95.9302,4.069800000000001
ENSG00000124641,ENSMUSG00000092558,97.1698,2.830200000000005
ENSG00000141985,ENSMUSG00000003200,94.0217,5.978300000000004
ENSG00000135469,ENSMUSG00000039914,90.72725,9.272750000000002
ENSG00000179593,ENSMUSG00000020891,77.90100000000001,22.09899999999999
ENSG00000164093,ENSMUSG00000028023,87.07745,12.922550000000001
ENSG00000204970,ENSMUSG00000103442,84.72085000000001,15.279149999999987
ENSG00000115657,ENSMUSG00000026198,88.9549,11.045100000000005
ENSG00000137691,ENSMUSG00000053070,83.5206,16.4794
ENSG00000113966,ENSMUSG00000022722,95.6989,4.301100000000005
ENSG00000131778,ENSMUSG00000028089,86.0325,13.967500000000001
ENSG00000172803,ENSMUSG00000056185,90.95429999999999,9.04570000000001
ENSG00000134539,ENSMUSG00000030165,54.1899,45.8101
ENSG00000125124,ENSMUSG00000031755,90.0139,9.986099999999993
ENSG00000107736,ENSMUSG00000012819,94.3649,5.635099999999994
ENSG00000131943,ENSMUSG00000054676,81.5603,18.439700000000002
ENSG00000041880,ENSMUSG00000023249,80.4919,19.5081
ENSG00000204403,ENSMUSG00000025887,53.45785,46.54215
ENSG00000114646,ENSMUSG00000032482,84.7565,15.243499999999997
ENSG00000100365,ENSMUSG00000071715,86.4307,13.569299999999998
ENSG00000164252,ENSMUSG00000021681,78.17580000000001,21.82419999999999
ENSG00000099250,ENSMUSG00000025810,93.1744,6.825599999999994
ENSG00000170779,ENSMUSG00000047832,73.64529999999999,26.35470000000001
ENSG00000179833,ENSMUSG00000049800,86.68295,13.317049999999995
ENSG00000168288,ENSMUSG00000026766,93.5811,6.418899999999994
ENSG00000127074,ENSMUSG00000051079,83.2816,16.718400000000003
ENSG00000273274,ENSMUSG00000048485,80.8683,19.131699999999995
ENSG00000153446,ENSMUSG00000051669,66.02005,33.97995
ENSG00000152061,ENSMUSG00000026721,82.56395,17.436049999999994
ENSG00000130560,ENSMUSG00000036352,89.6828,10.3172
ENSG00000164080,ENSMUSG00000040661,95.91,4.090000000000003
ENSG00000164880,ENSMUSG00000029547,90.12555,9.874449999999996
ENSG00000166377,ENSMUSG00000024566,92.6406,7.359399999999994
ENSG00000103381,ENSMUSG00000065979,79.55355,20.44645
ENSG00000150510,ENSMUSG00000035184,73.7586,26.2414
ENSG00000124019,ENSMUSG00000043230,64.54454999999999,35.45545000000001
ENSG00000145386,ENSMUSG00000027715,86.42875000000001,13.571249999999992
ENSG00000124201,ENSMUSG00000039501,87.85,12.150000000000006
ENSG00000249751,ENSMUSG00000073599,52.97355,47.02645
ENSG00000101098,ENSMUSG00000035226,99.2565,0.7434999999999974
ENSG00000148948,ENSMUSG00000050587,99.6875,0.3125
ENSG00000160293,ENSMUSG00000009621,95.30665,4.693349999999995
ENSG00000139515,ENSMUSG00000029644,87.831,12.168999999999997
ENSG00000143536,ENSMUSG00000078657,54.2201,45.7799
ENSG00000100028,ENSMUSG00000020180,100.0,0.0
ENSG00000102054,ENSMUSG00000031353,99.7647,0.23529999999999518
ENSG00000243156,ENSMUSG00000051586,86.06954999999999,13.930450000000008
ENSG00000125841,ENSMUSG00000059361,57.636849999999995,42.363150000000005
ENSG00000152954,ENSMUSG00000048978,92.0722,7.927800000000005
ENSG00000269855,ENSMUSG00000033967,73.2239,26.7761
ENSG00000113520,ENSMUSG00000000869,41.0364,58.9636
ENSG00000174145,ENSMUSG00000090061,94.7761,5.2239
ENSG00000127837,ENSMUSG00000006299,98.3913,1.608699999999999
ENSG00000149300,ENSMUSG00000032062,61.61575,38.38425
ENSG00000165091,ENSMUSG00000024749,95.84745000000001,4.152549999999991
ENSG00000149488,ENSMUSG00000060332,82.5055,17.494500000000002
ENSG00000188869,ENSMUSG00000038540,81.50845000000001,18.49154999999999
ENSG00000135333,ENSMUSG00000028289,98.0962,1.903800000000004
ENSG00000284713,ENSMUSG00000109305,66.6667,33.333299999999994
ENSG00000108759,ENSMUSG00000046095,79.4697,20.530299999999997
ENSG00000096063,ENSMUSG00000004865,91.94435,8.05565
ENSG00000188338,ENSMUSG00000010064,89.9902,10.009799999999998
ENSG00000271447,ENSMUSG00000020682,84.8077,15.192300000000003
ENSG00000010379,ENSMUSG00000030108,91.0299,8.970100000000002
ENSG00000140030,ENSMUSG00000021886,78.635,21.364999999999995
ENSG00000177464,ENSMUSG00000044317,91.88605,8.113950000000003
ENSG00000125245,ENSMUSG00000050350,85.8006,14.199399999999997
ENSG00000173198,ENSMUSG00000052821,85.67195,14.328050000000005
ENSG00000185942,ENSMUSG00000055761,87.97455,12.025450000000006
ENSG00000189221,ENSMUSG00000025037,87.3695,12.630499999999998
ENSG00000133105,ENSMUSG00000053368,81.43245,18.567549999999997
ENSG00000198842,ENSMUSG00000026564,81.80064999999999,18.19935000000001
ENSG00000073050,ENSMUSG00000051768,86.0762,13.9238
ENSG00000254469,ENSMUSG00000099481,54.9525,45.0475
ENSG00000169217,ENSMUSG00000042502,90.77619999999999,9.223800000000011
ENSG00000069424,ENSMUSG00000028931,98.0723,1.9277000000000015
ENSG00000163126,ENSMUSG00000067653,82.1606,17.839399999999998
ENSG00000197437,ENSMUSG00000054054,84.5531,15.4469
ENSG00000006283,ENSMUSG00000020866,94.6617,5.338300000000004
ENSG00000122406,ENSMUSG00000058558,98.3165,1.6834999999999951
ENSG00000183454,ENSMUSG00000059003,95.2869,4.713099999999997
ENSG00000197114,ENSMUSG00000027582,80.0391,19.960899999999995
ENSG00000185088,ENSMUSG00000036781,100.0,0.0
ENSG00000167363,ENSMUSG00000025175,88.6731,11.326899999999995
ENSG00000141560,ENSMUSG00000039253,88.9968,11.003200000000007
ENSG00000124143,ENSMUSG00000074625,74.3879,25.612099999999998
ENSG00000222011,ENSMUSG00000047221,71.97185,28.028149999999997
ENSG00000076201,ENSMUSG00000036057,89.749,10.251000000000005
ENSG00000167074,ENSMUSG00000022389,97.68315000000001,2.316849999999988
ENSG00000165495,ENSMUSG00000035934,98.73195000000001,1.2680499999999881
ENSG00000167014,ENSMUSG00000027229,78.08385,21.916150000000002
ENSG00000140740,ENSMUSG00000030884,85.4305,14.569500000000005
ENSG00000143947,ENSMUSG00000020460,99.359,0.6410000000000053
ENSG00000149231,ENSMUSG00000079084,71.22915,28.770849999999996
ENSG00000183479,ENSMUSG00000031372,88.1356,11.864400000000003
ENSG00000213689,ENSMUSG00000049734,73.5669,26.433099999999996
ENSG00000259956,ENSMUSG00000074102,95.8922,4.1077999999999975
ENSG00000168589,ENSMUSG00000034467,97.9167,2.083299999999994
ENSG00000125971,ENSMUSG00000047459,96.875,3.125
ENSG00000185662,ENSMUSG00000020270,54.6426,45.3574
ENSG00000125844,ENSMUSG00000027422,80.5434,19.456599999999995
ENSG00000182810,ENSMUSG00000045538,80.5556,19.4444
ENSG00000153774,ENSMUSG00000031954,83.8422,16.157799999999995
ENSG00000174844,ENSMUSG00000021879,89.4697,10.530299999999997
ENSG00000175398,ENSMUSG00000052012,84.43215000000001,15.567849999999993
ENSG00000173769,ENSMUSG00000094985,66.6757,33.324299999999994
ENSG00000166292,ENSMUSG00000069763,85.0746,14.925399999999996
ENSG00000233670,ENSMUSG00000048070,78.68074999999999,21.31925000000001
ENSG00000188266,ENSMUSG00000035878,79.57405,20.42595
ENSG00000175582,ENSMUSG00000030704,99.0385,0.9615000000000009
ENSG00000109586,ENSMUSG00000031608,95.1294,4.870599999999996
ENSG00000174837,ENSMUSG00000004730,66.52404999999999,33.47595000000001
ENSG00000166960,ENSMUSG00000024306,50.20195,49.79805
ENSG00000181444,ENSMUSG00000068551,84.60895,15.391050000000007
ENSG00000150991,ENSMUSG00000008348,96.521,3.478999999999999
ENSG00000012124,ENSMUSG00000030577,60.53385,39.46615
ENSG00000101746,ENSMUSG00000041923,94.5883,5.411699999999996
ENSG00000126067,ENSMUSG00000028837,96.5174,3.482600000000005
ENSG00000189431,ENSMUSG00000098132,86.50255,13.49745
ENSG00000198774,ENSMUSG00000044921,85.2874,14.712599999999995
ENSG00000099849,ENSMUSG00000038618,75.4374,24.562600000000003
ENSG00000123094,ENSMUSG00000030259,91.6468,8.353200000000001
ENSG00000262655,ENSMUSG00000038156,96.2825,3.717500000000001
ENSG00000189184,ENSMUSG00000037892,92.63995,7.360050000000001
ENSG00000158014,ENSMUSG00000028836,78.86955,21.130449999999996
ENSG00000166822,ENSMUSG00000031953,95.8333,4.166700000000006
ENSG00000169085,ENSMUSG00000067879,82.6087,17.3913
ENSG00000160271,ENSMUSG00000026821,86.98645,13.013549999999995
ENSG00000175806,ENSMUSG00000054733,85.899,14.100999999999999
ENSG00000004939,ENSMUSG00000006574,81.63825,18.36175
ENSG00000187824,ENSMUSG00000050270,75.87575,24.124250000000004
ENSG00000158113,ENSMUSG00000063409,66.8225,33.177499999999995
ENSG00000187091,ENSMUSG00000010660,88.19165000000001,11.80834999999999
ENSG00000135686,ENSMUSG00000031828,85.92405,14.075950000000006
ENSG00000102221,ENSMUSG00000037315,82.017,17.983000000000004
ENSG00000288649,ENSMUSG00000078129,66.58075,33.419250000000005
ENSG00000170745,ENSMUSG00000043673,94.9083,5.091700000000003
ENSG00000174948,ENSMUSG00000043441,79.1525,20.847499999999997
ENSG00000188283,ENSMUSG00000099689,82.507,17.492999999999995
ENSG00000173875,ENSMUSG00000074194,66.42995,33.570049999999995
ENSG00000257446,ENSMUSG00000054519,45.7703,54.2297
ENSG00000163001,ENSMUSG00000020462,90.80314999999999,9.196850000000012
ENSG00000166145,ENSMUSG00000027315,80.00280000000001,19.997199999999992
ENSG00000080823,ENSMUSG00000056458,83.43275,16.56725
ENSG00000135094,ENSMUSG00000029597,83.6643,16.335700000000003
ENSG00000135486,ENSMUSG00000046434,93.01075,6.989249999999998
ENSG00000182218,ENSMUSG00000021260,81.8844,18.1156
ENSG00000188803,ENSMUSG00000053930,91.31725,8.682749999999999
ENSG00000159398,ENSMUSG00000058019,69.7391,30.260900000000007
ENSG00000182220,ENSMUSG00000031007,93.7143,6.285700000000006
ENSG00000249715,ENSMUSG00000037432,73.5547,26.445300000000003
ENSG00000105426,ENSMUSG00000013236,93.24015,6.75985
ENSG00000153707,ENSMUSG00000028399,98.1172,1.8828000000000031
ENSG00000178732,ENSMUSG00000047953,70.1003,29.899699999999996
ENSG00000147471,ENSMUSG00000031485,86.7034,13.296599999999998
ENSG00000003056,ENSMUSG00000007458,91.8922,8.107799999999997
ENSG00000115687,ENSMUSG00000026274,70.84045,29.159549999999996
ENSG00000134058,ENSMUSG00000069089,95.0867,4.913300000000007
ENSG00000179271,ENSMUSG00000033751,73.8739,26.126099999999994
ENSG00000165424,ENSMUSG00000055538,97.9253,2.074700000000007
ENSG00000065989,ENSMUSG00000032177,83.2861,16.713899999999995
ENSG00000158163,ENSMUSG00000037784,76.70505,23.29495
ENSG00000038295,ENSMUSG00000053626,93.6821,6.3178999999999945
ENSG00000171488,ENSMUSG00000054720,97.3848,2.6152000000000015
ENSG00000177238,ENSMUSG00000042828,91.195,8.805000000000007
ENSG00000181817,ENSMUSG00000050188,88.9811,11.018900000000002
ENSG00000162735,ENSMUSG00000003464,90.6355,9.364500000000007
ENSG00000136243,ENSMUSG00000048439,77.3438,22.6562
ENSG00000105523,ENSMUSG00000054161,71.7421,28.257900000000006
ENSG00000174276,ENSMUSG00000075227,82.29635,17.703649999999996
ENSG00000163131,ENSMUSG00000038642,72.9328,27.0672
ENSG00000107897,ENSMUSG00000026781,80.76740000000001,19.23259999999999
ENSG00000111206,ENSMUSG00000001517,80.00125,19.99875
ENSG00000183036,ENSMUSG00000090223,96.7742,3.2258000000000067
ENSG00000163029,ENSMUSG00000020608,90.31145000000001,9.688549999999992
ENSG00000198887,ENSMUSG00000024943,89.4641,10.535899999999998
ENSG00000010256,ENSMUSG00000025651,88.75,11.25
ENSG00000260027,ENSMUSG00000038721,94.0092,5.990799999999993
ENSG00000178307,ENSMUSG00000043284,96.8613,3.1387
ENSG00000110934,ENSMUSG00000098112,67.34755000000001,32.65244999999999
ENSG00000136717,ENSMUSG00000024381,86.62559999999999,13.374400000000009
ENSG00000078053,ENSMUSG00000021314,74.567,25.433000000000007
ENSG00000147439,ENSMUSG00000022089,94.4664,5.533600000000007
ENSG00000077942,ENSMUSG00000006369,84.94335,15.056650000000005
ENSG00000124664,ENSMUSG00000024215,86.68655,13.313450000000003
ENSG00000018510,ENSMUSG00000042410,89.54955,10.450450000000004
ENSG00000168273,ENSMUSG00000058351,88.39285000000001,11.60714999999999
ENSG00000160678,ENSMUSG00000044080,93.617,6.382999999999996
ENSG00000171914,ENSMUSG00000052698,98.66300000000001,1.336999999999989
ENSG00000174775,ENSMUSG00000025499,100.0,0.0
ENSG00000204025,ENSMUSG00000072934,58.824749999999995,41.175250000000005
ENSG00000177628,ENSMUSG00000028048,84.90545,15.094549999999998
ENSG00000240891,ENSMUSG00000087141,93.68594999999999,6.314050000000009
ENSG00000061987,ENSMUSG00000034602,94.87180000000001,5.1281999999999925
ENSG00000119514,ENSMUSG00000039774,85.39485,14.605149999999995
ENSG00000196459,ENSMUSG00000079317,97.8571,2.1428999999999974
ENSG00000139641,ENSMUSG00000025366,87.7986,12.201400000000007
ENSG00000058804,ENSMUSG00000028614,87.0082,12.991799999999998
ENSG00000123200,ENSMUSG00000022000,84.25229999999999,15.747700000000009
ENSG00000169245,ENSMUSG00000034855,68.3673,31.6327
ENSG00000183090,ENSMUSG00000042353,68.12055000000001,31.87944999999999
ENSG00000132275,ENSMUSG00000030888,75.7942,24.205799999999996
ENSG00000185863,ENSMUSG00000026963,69.3878,30.6122
ENSG00000147650,ENSMUSG00000022305,92.7199,7.2801000000000045
ENSG00000278619,ENSMUSG00000018405,76.55850000000001,23.44149999999999
ENSG00000170458,ENSMUSG00000051439,66.13659999999999,33.86340000000001
ENSG00000086967,ENSMUSG00000038670,92.22704999999999,7.772950000000009
ENSG00000154358,ENSMUSG00000061462,75.56045,24.439549999999997
ENSG00000123453,ENSMUSG00000009614,88.62275,11.377250000000004
ENSG00000131558,ENSMUSG00000029763,95.84405,4.155950000000004
ENSG00000092871,ENSMUSG00000020696,89.5317,10.4683
ENSG00000170633,ENSMUSG00000029474,88.5052,11.494799999999998
ENSG00000197245,ENSMUSG00000050105,86.3469,13.653099999999995
ENSG00000184731,ENSMUSG00000036136,55.45465,44.54535
ENSG00000169122,ENSMUSG00000049119,95.655,4.344999999999999
ENSG00000125898,ENSMUSG00000027459,85.61785,14.382149999999996
ENSG00000156853,ENSMUSG00000048921,92.4,7.599999999999994
ENSG00000196372,ENSMUSG00000033781,97.8417,2.158299999999997
ENSG00000134070,ENSMUSG00000060477,69.92825,30.071749999999994
ENSG00000158769,ENSMUSG00000038235,69.1154,30.884600000000006
ENSG00000261678,ENSMUSG00000048385,93.1034,6.8966000000000065
ENSG00000215397,ENSMUSG00000060257,91.58959999999999,8.41040000000001
ENSG00000180205,ENSMUSG00000074594,53.55355,46.44645
ENSG00000090530,ENSMUSG00000038168,89.29945000000001,10.700549999999993
ENSG00000170855,ENSMUSG00000029535,98.6842,1.3157999999999959
ENSG00000169740,ENSMUSG00000059689,95.41315,4.586849999999998
ENSG00000196878,ENSMUSG00000026639,82.56434999999999,17.43565000000001
ENSG00000002549,ENSMUSG00000039682,90.3661,9.633899999999997
ENSG00000215440,ENSMUSG00000039263,94.747,5.253
ENSG00000104290,ENSMUSG00000007989,98.1982,1.8018
ENSG00000146378,ENSMUSG00000059763,85.82305,14.176950000000005
ENSG00000137959,ENSMUSG00000039146,41.1927,58.8073
ENSG00000105048,ENSMUSG00000064179,92.67394999999999,7.326050000000009
ENSG00000170142,ENSMUSG00000021774,98.9637,1.0362999999999971
ENSG00000185359,ENSMUSG00000025793,93.4965,6.5035000000000025
ENSG00000147099,ENSMUSG00000067567,96.2865,3.7134999999999962
ENSG00000175707,ENSMUSG00000037600,91.3209,8.679100000000005
ENSG00000004961,ENSMUSG00000031352,84.8195,15.180499999999995
ENSG00000067225,ENSMUSG00000032294,97.7401,2.259900000000002
ENSG00000143627,ENSMUSG00000041237,90.84885,9.151150000000001
ENSG00000180340,ENSMUSG00000050288,98.85655,1.1434500000000014
ENSG00000185250,ENSMUSG00000078451,71.4751,28.524900000000002
ENSG00000143436,ENSMUSG00000028140,80.45224999999999,19.547750000000008
ENSG00000129235,ENSMUSG00000020803,80.4878,19.512200000000007
ENSG00000089048,ENSMUSG00000045624,81.13310000000001,18.866899999999987
ENSG00000163866,ENSMUSG00000042380,95.6522,4.3478000000000065
ENSG00000205755,ENSMUSG00000033467,34.8039,65.1961
ENSG00000163293,ENSMUSG00000067219,86.44525,13.554749999999999
ENSG00000282936,ENSMUSG00000107877,49.098349999999996,50.901650000000004
ENSG00000185352,ENSMUSG00000053465,95.21795,4.782049999999998
ENSG00000171004,ENSMUSG00000062184,89.0033,10.996700000000004
ENSG00000136720,ENSMUSG00000045216,97.3236,2.676400000000001
ENSG00000185561,ENSMUSG00000038217,66.63,33.370000000000005
ENSG00000160606,ENSMUSG00000019437,87.0445,12.9555
ENSG00000152078,ENSMUSG00000028132,74.99725000000001,25.002749999999992
ENSG00000182372,ENSMUSG00000026317,85.36685,14.63315
ENSG00000167695,ENSMUSG00000069808,73.1517,26.848299999999995
ENSG00000149926,ENSMUSG00000058966,95.0823,4.917699999999996
ENSG00000213588,ENSMUSG00000079605,76.84135,23.158649999999994
ENSG00000138095,ENSMUSG00000024120,75.30515,24.694850000000002
ENSG00000128482,ENSMUSG00000010086,88.1141,11.885900000000007
ENSG00000142185,ENSMUSG00000009292,85.21115,14.788849999999996
ENSG00000176678,ENSMUSG00000097084,71.08435,28.91565
ENSG00000185101,ENSMUSG00000054662,72.50365,27.496350000000007
ENSG00000198795,ENSMUSG00000024420,97.4828,2.5172000000000025
ENSG00000174898,ENSMUSG00000040828,49.7826,50.2174
ENSG00000140835,ENSMUSG00000035930,66.2291,33.7709
ENSG00000174576,ENSMUSG00000045903,92.8928,7.107200000000006
ENSG00000143398,ENSMUSG00000028126,89.28595,10.71405
ENSG00000172073,ENSMUSG00000051896,70.0,30.0
ENSG00000135457,ENSMUSG00000009733,96.6135,3.386499999999998
ENSG00000120160,ENSMUSG00000028575,52.5419,47.4581
ENSG00000152137,ENSMUSG00000041548,94.3878,5.612200000000001
ENSG00000021488,ENSMUSG00000030492,86.8583,13.1417
ENSG00000109466,ENSMUSG00000031605,98.8196,1.180400000000006
ENSG00000170417,ENSMUSG00000079588,89.083,10.917000000000002
ENSG00000177239,ENSMUSG00000036646,75.82455,24.175449999999998
ENSG00000005007,ENSMUSG00000058301,98.61099999999999,1.38900000000001
ENSG00000043039,ENSMUSG00000032033,87.90485000000001,12.09514999999999
ENSG00000136169,ENSMUSG00000071350,67.04345,32.95654999999999
ENSG00000176219,ENSMUSG00000050028,81.7637,18.2363
ENSG00000167723,ENSMUSG00000043029,93.1057,6.894300000000001
ENSG00000179627,ENSMUSG00000037638,75.7724,24.227599999999995
ENSG00000176200,ENSMUSG00000067529,87.60085000000001,12.399149999999992
ENSG00000080618,ENSMUSG00000021999,83.78710000000001,16.21289999999999
ENSG00000184060,ENSMUSG00000020709,84.5144,15.485600000000005
ENSG00000188909,ENSMUSG00000054360,95.91445,4.085549999999998
ENSG00000204296,ENSMUSG00000057246,20.120800000000003,79.8792
ENSG00000175766,ENSMUSG00000074895,66.27770000000001,33.72229999999999
ENSG00000168843,ENSMUSG00000034098,91.2633,8.736699999999999
ENSG00000085788,ENSMUSG00000061313,89.65190000000001,10.348099999999988
ENSG00000185100,ENSMUSG00000011148,96.7177,3.2823000000000064
ENSG00000035687,ENSMUSG00000015961,96.7105,3.289500000000004
ENSG00000034713,ENSMUSG00000031950,100.0,0.0
ENSG00000151500,ENSMUSG00000035443,82.0403,17.959699999999998
ENSG00000146731,ENSMUSG00000029447,96.6102,3.389799999999994
ENSG00000114127,ENSMUSG00000032410,87.3929,12.607100000000003
ENSG00000047617,ENSMUSG00000038115,92.0004,7.999600000000001
ENSG00000148843,ENSMUSG00000025047,81.22200000000001,18.77799999999999
ENSG00000121570,ENSMUSG00000058550,50.6757,49.3243
ENSG00000163530,ENSMUSG00000072419,42.405100000000004,57.594899999999996
ENSG00000050820,ENSMUSG00000031955,90.48215,9.517849999999996
ENSG00000100842,ENSMUSG00000022203,80.64235,19.357650000000007
ENSG00000111859,ENSMUSG00000021365,88.78225,11.217749999999995
ENSG00000087589,ENSMUSG00000074570,63.78175,36.21825
ENSG00000151502,ENSMUSG00000031988,99.1071,0.8928999999999974
ENSG00000122958,ENSMUSG00000020078,99.0826,0.9174000000000007
ENSG00000157538,ENSMUSG00000022898,91.5825,8.417500000000004
ENSG00000144182,ENSMUSG00000037216,80.9651,19.034899999999993
ENSG00000198934,ENSMUSG00000031227,62.21355,37.78645
ENSG00000131864,ENSMUSG00000051527,42.24805,57.75195
ENSG00000116704,ENSMUSG00000028521,90.3604,9.639600000000002
ENSG00000184530,ENSMUSG00000015519,53.979,46.021
ENSG00000221926,ENSMUSG00000047821,77.86115000000001,22.13884999999999
ENSG00000185915,ENSMUSG00000047485,81.8323,18.167699999999996
ENSG00000185340,ENSMUSG00000034201,86.9761,13.023899999999998
ENSG00000179841,ENSMUSG00000021057,48.46655,51.53345
ENSG00000100418,ENSMUSG00000022472,97.0238,2.9762000000000057
ENSG00000105671,ENSMUSG00000057788,90.34355,9.656450000000007
ENSG00000169564,ENSMUSG00000051695,100.0,0.0
ENSG00000122188,ENSMUSG00000051998,50.68955,49.31045
ENSG00000060749,ENSMUSG00000074994,79.93605,20.063950000000006
ENSG00000126464,ENSMUSG00000046574,93.19579999999999,6.804200000000009
ENSG00000203485,ENSMUSG00000037679,78.81555,21.18445
ENSG00000176783,ENSMUSG00000020375,90.8458,9.154200000000003
ENSG00000170325,ENSMUSG00000042496,93.64564999999999,6.354350000000011
ENSG00000059573,ENSMUSG00000025007,95.4717,4.5283000000000015
ENSG00000095794,ENSMUSG00000063889,79.8928,20.107200000000006
ENSG00000174521,ENSMUSG00000007944,91.2134,8.786600000000007
ENSG00000142871,ENSMUSG00000028195,92.10589999999999,7.894100000000009
ENSG00000166987,ENSMUSG00000025409,93.32675,6.673249999999996
ENSG00000204406,ENSMUSG00000036792,88.63295,11.367050000000006
ENSG00000140279,ENSMUSG00000068452,84.96610000000001,15.033899999999988
ENSG00000106771,ENSMUSG00000055296,91.41560000000001,8.584399999999988
ENSG00000151475,ENSMUSG00000069041,87.87944999999999,12.120550000000009
ENSG00000204930,ENSMUSG00000043633,51.5398,48.4602
ENSG00000188732,ENSMUSG00000047115,82.13895,17.861050000000006
ENSG00000182950,ENSMUSG00000045620,71.7671,28.2329
ENSG00000176927,ENSMUSG00000050944,55.6824,44.3176
ENSG00000126653,ENSMUSG00000037958,74.0157,25.984300000000005
ENSG00000122966,ENSMUSG00000029516,96.7867,3.213300000000004
ENSG00000198752,ENSMUSG00000021279,91.88085000000001,8.11914999999999
ENSG00000143776,ENSMUSG00000026490,94.34635,5.653649999999999
ENSG00000171219,ENSMUSG00000024769,85.0419,14.958100000000002
ENSG00000067900,ENSMUSG00000024290,96.6027,3.3973000000000013
ENSG00000134318,ENSMUSG00000020580,96.6859,3.3140999999999963
ENSG00000122741,ENSMUSG00000035572,88.8923,11.107699999999994
ENSG00000151577,ENSMUSG00000022705,82.8865,17.113500000000002
ENSG00000171811,ENSMUSG00000049571,62.5586,37.4414
ENSG00000128052,ENSMUSG00000062960,86.2658,13.734200000000001
ENSG00000188566,ENSMUSG00000006471,81.50630000000001,18.49369999999999
ENSG00000146005,ENSMUSG00000024347,88.3269,11.673100000000005
ENSG00000182704,ENSMUSG00000049580,84.30005,15.699950000000001
ENSG00000185414,ENSMUSG00000026087,82.86685,17.13315
ENSG00000188042,ENSMUSG00000049866,97.7612,2.2387999999999977
ENSG00000179348,ENSMUSG00000015053,97.9167,2.083299999999994
ENSG00000171864,ENSMUSG00000027338,73.24465000000001,26.755349999999993
ENSG00000125912,ENSMUSG00000020238,93.4281,6.571899999999999
ENSG00000188508,ENSMUSG00000074199,53.74335,46.25665
ENSG00000114853,ENSMUSG00000013419,80.6353,19.3647
ENSG00000170549,ENSMUSG00000060969,91.4583,8.541700000000006
ENSG00000130299,ENSMUSG00000007610,81.0976,18.9024
ENSG00000006015,ENSMUSG00000058833,65.3537,34.6463
ENSG00000113396,ENSMUSG00000024600,78.3522,21.647800000000004
ENSG00000100298,ENSMUSG00000009585,32.49625,67.50375
ENSG00000005020,ENSMUSG00000059182,90.37674999999999,9.623250000000013
ENSG00000141293,ENSMUSG00000057058,82.0754,17.924599999999998
ENSG00000162066,ENSMUSG00000036820,90.709,9.290999999999997
ENSG00000101203,ENSMUSG00000016356,71.26375,28.73625
ENSG00000133703,ENSMUSG00000030265,90.1863,9.813699999999997
ENSG00000186143,ENSMUSG00000042888,53.8844,46.1156
ENSG00000176890,ENSMUSG00000025747,89.6858,10.3142
ENSG00000127399,ENSMUSG00000073096,87.6448,12.355199999999996
ENSG00000138083,ENSMUSG00000038805,97.74459999999999,2.2554000000000087
ENSG00000272398,ENSMUSG00000047139,37.461749999999995,62.538250000000005
ENSG00000008311,ENSMUSG00000029695,87.473,12.527000000000001
ENSG00000162877,ENSMUSG00000042251,71.44284999999999,28.557150000000007
ENSG00000142208,ENSMUSG00000001729,98.3333,1.6667000000000058
ENSG00000092068,ENSMUSG00000022180,91.55855,8.441450000000003
ENSG00000211810,ENSMUSG00000076862,68.0672,31.9328
ENSG00000171476,ENSMUSG00000059325,82.7036,17.296400000000006
ENSG00000182261,ENSMUSG00000049709,58.1432,41.8568
ENSG00000140025,ENSMUSG00000021176,77.5392,22.460800000000006
ENSG00000164122,ENSMUSG00000031519,93.617,6.382999999999996
ENSG00000182854,ENSMUSG00000109528,85.5769,14.423100000000005
ENSG00000100344,ENSMUSG00000041653,64.39359999999999,35.60640000000001
ENSG00000136758,ENSMUSG00000026775,95.17824999999999,4.821750000000009
ENSG00000256590,ENSMUSG00000076873,63.16275,36.83725
ENSG00000185958,ENSMUSG00000045350,37.51555,62.48445
ENSG00000204344,ENSMUSG00000061207,85.8268,14.173199999999994
ENSG00000166111,ENSMUSG00000042078,95.6204,4.379599999999996
ENSG00000236980,ENSMUSG00000050641,77.9412,22.058800000000005
ENSG00000118600,ENSMUSG00000034620,83.2019,16.798100000000005
ENSG00000196652,ENSMUSG00000055991,79.62559999999999,20.37440000000001
ENSG00000057663,ENSMUSG00000038160,96.7273,3.2727000000000004
ENSG00000156471,ENSMUSG00000021518,97.2516,2.7484000000000037
ENSG00000174915,ENSMUSG00000025495,87.72694999999999,12.273050000000012
ENSG00000203811,ENSMUSG00000074403,100.0,0.0
ENSG00000275714,ENSMUSG00000069265,100.0,0.0
ENSG00000168148,ENSMUSG00000080152,97.7941,2.2058999999999997
ENSG00000160182,ENSMUSG00000024032,63.177350000000004,36.822649999999996
ENSG00000122545,ENSMUSG00000001833,99.0847,0.915300000000002
ENSG00000157554,ENSMUSG00000040732,95.75630000000001,4.24369999999999
ENSG00000118507,ENSMUSG00000039166,74.81970000000001,25.18029999999999
ENSG00000169218,ENSMUSG00000028871,88.63765000000001,11.362349999999992
ENSG00000142002,ENSMUSG00000001229,90.56245,9.437550000000002
ENSG00000089220,ENSMUSG00000047104,84.492,15.507999999999996
ENSG00000103152,ENSMUSG00000020287,67.6885,32.311499999999995
ENSG00000003987,ENSMUSG00000039431,94.5455,5.454499999999996
ENSG00000185811,ENSMUSG00000018654,91.10255000000001,8.897449999999992
ENSG00000168268,ENSMUSG00000071547,96.03729999999999,3.9627000000000123
ENSG00000197653,ENSMUSG00000038011,87.95205,12.04795
ENSG00000136828,ENSMUSG00000038831,94.45255,5.547449999999998
ENSG00000116191,ENSMUSG00000026594,92.45705000000001,7.5429499999999905
ENSG00000204186,ENSMUSG00000027520,43.97935,56.02065
ENSG00000151287,ENSMUSG00000026049,95.5771,4.4228999999999985
ENSG00000155621,ENSMUSG00000035171,82.05465000000001,17.94534999999999
ENSG00000105722,ENSMUSG00000040857,96.634,3.3659999999999997
ENSG00000136732,ENSMUSG00000090523,62.35195,37.64805
ENSG00000175264,ENSMUSG00000027221,94.1606,5.839399999999998
ENSG00000141971,ENSMUSG00000031813,82.35405,17.64595
ENSG00000126267,ENSMUSG00000036751,83.7209,16.2791
ENSG00000163217,ENSMUSG00000030046,85.44485,14.555149999999998
ENSG00000178035,ENSMUSG00000062867,98.8327,1.1672999999999973
ENSG00000168453,ENSMUSG00000022096,79.8826,20.117400000000004
ENSG00000261787,ENSMUSG00000099032,82.8836,17.1164
ENSG00000167377,ENSMUSG00000044676,76.0022,23.997799999999998
ENSG00000176371,ENSMUSG00000038797,89.4137,10.586299999999994
ENSG00000162852,ENSMUSG00000038949,68.80875,31.191249999999997
ENSG00000120685,ENSMUSG00000049504,80.36705,19.632949999999994
ENSG00000129988,ENSMUSG00000016024,67.5676,32.4324
ENSG00000101425,ENSMUSG00000052922,53.4577,46.5423
ENSG00000184459,ENSMUSG00000050108,71.2032,28.796800000000005
ENSG00000140968,ENSMUSG00000041515,89.64755,10.352450000000005
ENSG00000167693,ENSMUSG00000020844,97.931,2.0690000000000026
ENSG00000253719,ENSMUSG00000074748,93.8144,6.185599999999994
ENSG00000173226,ENSMUSG00000022837,86.9565,13.043499999999995
ENSG00000147874,ENSMUSG00000038047,64.3096,35.6904
ENSG00000186827,ENSMUSG00000029075,61.935900000000004,38.064099999999996
ENSG00000183914,ENSMUSG00000005237,90.6978,9.3022
ENSG00000178172,ENSMUSG00000055095,68.2738,31.726200000000006
ENSG00000174032,ENSMUSG00000022003,92.4399,7.560100000000006
ENSG00000169994,ENSMUSG00000024388,81.27289999999999,18.727100000000007
ENSG00000143971,ENSMUSG00000016984,52.6179,47.3821
ENSG00000067141,ENSMUSG00000032340,93.5423,6.457700000000003
ENSG00000169340,ENSMUSG00000030968,70.9906,29.0094
ENSG00000189134,ENSMUSG00000059395,68.01025,31.98975
ENSG00000261236,ENSMUSG00000022557,83.76935,16.230649999999997
ENSG00000158104,ENSMUSG00000029445,89.5674,10.432599999999994
ENSG00000186603,ENSMUSG00000043155,78.7062,21.293800000000005
ENSG00000165370,ENSMUSG00000036357,70.8544,29.1456
ENSG00000088726,ENSMUSG00000059900,76.19315,23.806849999999997
ENSG00000133477,ENSMUSG00000022408,80.40405,19.595950000000002
ENSG00000186205,ENSMUSG00000026621,79.17435,20.825649999999996
ENSG00000123104,ENSMUSG00000030287,95.8164,4.183599999999998
ENSG00000176244,ENSMUSG00000026644,82.48849999999999,17.511500000000012
ENSG00000169762,ENSMUSG00000046985,95.66825,4.3317499999999995
ENSG00000205189,ENSMUSG00000069114,88.22465,11.775350000000003
ENSG00000106852,ENSMUSG00000026890,97.9592,2.0408000000000044
ENSG00000108474,ENSMUSG00000014245,79.3651,20.634900000000002
ENSG00000163629,ENSMUSG00000034573,80.9196,19.080399999999997
ENSG00000096433,ENSMUSG00000042644,95.33795,4.662049999999994
ENSG00000183762,ENSMUSG00000020393,92.39779999999999,7.6022000000000105
ENSG00000188878,ENSMUSG00000020776,66.09985,33.90015
ENSG00000157093,ENSMUSG00000032530,70.10390000000001,29.89609999999999
ENSG00000104472,ENSMUSG00000068391,79.2355,20.764499999999998
ENSG00000186660,ENSMUSG00000024695,91.594,8.406000000000006
ENSG00000170927,ENSMUSG00000043760,72.51965000000001,27.480349999999987
ENSG00000134717,ENSMUSG00000114133,100.0,0.0
ENSG00000173889,ENSMUSG00000037652,93.02085,6.979150000000004
ENSG00000125826,ENSMUSG00000027466,91.35595,8.644049999999993
ENSG00000120686,ENSMUSG00000027746,100.0,0.0
ENSG00000120278,ENSMUSG00000040624,76.3409,23.659099999999995
ENSG00000005175,ENSMUSG00000022466,79.09545,20.90455
ENSG00000204217,ENSMUSG00000067336,96.6281,3.3718999999999966
ENSG00000125995,ENSMUSG00000067847,100.0,0.0
ENSG00000138435,ENSMUSG00000027107,94.3107,5.689300000000003
ENSG00000113758,ENSMUSG00000034675,88.94194999999999,11.058050000000009
ENSG00000119650,ENSMUSG00000007867,76.8134,23.1866
ENSG00000158290,ENSMUSG00000031095,92.69685,7.303150000000002
ENSG00000101109,ENSMUSG00000018209,97.3306,2.669399999999996
ENSG00000117153,ENSMUSG00000026455,99.2958,0.7042000000000002
ENSG00000138795,ENSMUSG00000027985,97.48805,2.511949999999999
ENSG00000185813,ENSMUSG00000025137,91.87235,8.127650000000003
ENSG00000188050,ENSMUSG00000051956,73.35555,26.644450000000006
ENSG00000165355,ENSMUSG00000035329,92.93115,7.068849999999998
ENSG00000128050,ENSMUSG00000029247,95.0588,4.941199999999995
ENSG00000197889,ENSMUSG00000026650,87.5,12.5
ENSG00000150667,ENSMUSG00000027344,59.63145,40.36855
ENSG00000197362,ENSMUSG00000051499,64.40095,35.599050000000005
ENSG00000232838,ENSMUSG00000098387,85.7176,14.282399999999996
ENSG00000101290,ENSMUSG00000058793,96.2881,3.7119
ENSG00000109861,ENSMUSG00000030560,77.83795,22.162049999999994
ENSG00000173826,ENSMUSG00000001901,90.25315,9.746849999999995
ENSG00000081721,ENSMUSG00000026659,83.6526,16.347399999999993
ENSG00000041515,ENSMUSG00000039057,75.3962,24.603800000000007
ENSG00000161082,ENSMUSG00000034818,92.75139999999999,7.24860000000001
ENSG00000140488,ENSMUSG00000032297,95.4262,4.573800000000006
ENSG00000117899,ENSMUSG00000038503,85.63034999999999,14.369650000000007
ENSG00000100722,ENSMUSG00000021012,89.8709,10.129099999999994
ENSG00000169418,ENSMUSG00000027931,91.02959999999999,8.970400000000012
ENSG00000276045,ENSMUSG00000049686,90.58075,9.419250000000005
ENSG00000160991,ENSMUSG00000039747,96.0378,3.9621999999999957
ENSG00000175938,ENSMUSG00000043964,89.5792,10.4208
ENSG00000164919,ENSMUSG00000014313,74.17545000000001,25.824549999999988
ENSG00000130656,ENSMUSG00000055609,78.169,21.831000000000003
ENSG00000136931,ENSMUSG00000026751,93.6079,6.392099999999999
ENSG00000116833,ENSMUSG00000026398,87.8356,12.1644
ENSG00000185946,ENSMUSG00000027981,89.04050000000001,10.959499999999991
ENSG00000089682,ENSMUSG00000031433,88.1007,11.899299999999997
ENSG00000102870,ENSMUSG00000045639,89.05539999999999,10.944600000000008
ENSG00000114019,ENSMUSG00000032531,87.3403,12.6597
ENSG00000080345,ENSMUSG00000036202,70.76984999999999,29.23015000000001
ENSG00000179388,ENSMUSG00000033730,98.9664,1.033600000000007
ENSG00000111961,ENSMUSG00000015305,85.8337,14.166300000000007
ENSG00000176490,ENSMUSG00000043670,93.9394,6.060599999999994
ENSG00000133424,ENSMUSG00000004383,97.7513,2.2486999999999995
ENSG00000198018,ENSMUSG00000025192,92.23165,7.768349999999998
ENSG00000197586,ENSMUSG00000033068,84.85194999999999,15.148050000000012
ENSG00000187097,ENSMUSG00000021236,88.18725,11.812749999999994
ENSG00000145029,ENSMUSG00000032606,89.2019,10.798100000000005
ENSG00000166323,ENSMUSG00000005131,69.7459,30.254099999999994
ENSG00000184436,ENSMUSG00000022760,92.8803,7.119699999999995
ENSG00000153802,ENSMUSG00000061259,66.58695,33.41305
ENSG00000072401,ENSMUSG00000019927,100.0,0.0
ENSG00000196832,ENSMUSG00000094692,78.135,21.864999999999995
ENSG00000164695,ENSMUSG00000027536,86.0219,13.978099999999998
ENSG00000143156,ENSMUSG00000026575,86.17425,13.82575
ENSG00000095637,ENSMUSG00000025006,55.7708,44.2292
ENSG00000113734,ENSMUSG00000024191,93.8596,6.1404
ENSG00000116962,ENSMUSG00000005397,85.2328,14.767200000000003
ENSG00000109956,ENSMUSG00000045994,98.503,1.4969999999999999
ENSG00000125962,ENSMUSG00000072969,58.51875,41.48125
ENSG00000124198,ENSMUSG00000074582,95.49940000000001,4.5005999999999915
ENSG00000178394,ENSMUSG00000021721,88.25635,11.743650000000002
ENSG00000101773,ENSMUSG00000041238,76.42495,23.575050000000005
ENSG00000130701,ENSMUSG00000038980,59.7158,40.2842
ENSG00000206052,ENSMUSG00000073514,99.6979,0.3020999999999958
ENSG00000165215,ENSMUSG00000070473,91.11664999999999,8.883350000000007
ENSG00000138069,ENSMUSG00000020149,100.0,0.0
ENSG00000127585,ENSMUSG00000025738,96.4509,3.5490999999999957
ENSG00000109111,ENSMUSG00000002052,98.0881,1.9119000000000028
ENSG00000164066,ENSMUSG00000060798,79.4055,20.594499999999996
ENSG00000171621,ENSMUSG00000039911,98.5348,1.4651999999999958
ENSG00000111671,ENSMUSG00000038451,90.3229,9.677099999999996
ENSG00000175093,ENSMUSG00000046997,97.8022,2.197800000000001
ENSG00000174013,ENSMUSG00000035764,95.4545,4.545500000000004
ENSG00000162032,ENSMUSG00000024160,88.8577,11.142300000000006
ENSG00000160963,ENSMUSG00000004415,88.08185,11.918149999999997
ENSG00000170889,ENSMUSG00000006333,100.0,0.0
ENSG00000181234,ENSMUSG00000034324,78.10385,21.896150000000006
ENSG00000154262,ENSMUSG00000044749,67.57205,32.427949999999996
ENSG00000162396,ENSMUSG00000043572,81.8947,18.1053
ENSG00000128039,ENSMUSG00000029233,79.34819999999999,20.65180000000001
ENSG00000104413,ENSMUSG00000040728,97.21,2.7900000000000063
ENSG00000124391,ENSMUSG00000046108,75.05160000000001,24.948399999999992
ENSG00000077152,ENSMUSG00000026429,83.31715,16.682850000000002
ENSG00000116774,ENSMUSG00000027848,94.0887,5.911299999999997
ENSG00000138449,ENSMUSG00000025993,90.62235000000001,9.377649999999988
ENSG00000154229,ENSMUSG00000050965,99.4048,0.5952000000000055
ENSG00000172578,ENSMUSG00000043008,94.51635,5.483649999999997
ENSG00000114796,ENSMUSG00000062901,99.3333,0.6667000000000058
ENSG00000161958,ENSMUSG00000042826,96.8889,3.1110999999999933
ENSG00000029534,ENSMUSG00000031543,90.68655000000001,9.313449999999989
ENSG00000078269,ENSMUSG00000023805,83.96915,16.03085
ENSG00000085224,ENSMUSG00000031229,84.21985000000001,15.780149999999992
ENSG00000116685,ENSMUSG00000044496,91.9558,8.044200000000004
ENSG00000178772,ENSMUSG00000023176,67.21629999999999,32.78370000000001
ENSG00000164889,ENSMUSG00000028962,94.51195,5.488050000000001
ENSG00000187601,ENSMUSG00000047238,92.9067,7.093299999999999
ENSG00000091536,ENSMUSG00000042678,82.88655,17.11345
ENSG00000169064,ENSMUSG00000034151,52.02975,47.97025
ENSG00000130165,ENSMUSG00000013822,100.0,0.0
ENSG00000120262,ENSMUSG00000019767,67.92085,32.07915
ENSG00000147481,ENSMUSG00000025909,93.4236,6.576400000000007
ENSG00000172554,ENSMUSG00000020672,83.1169,16.8831
ENSG00000172164,ENSMUSG00000060429,93.20939999999999,6.790600000000012
ENSG00000101400,ENSMUSG00000027488,92.832,7.168000000000006
ENSG00000168807,ENSMUSG00000041308,80.49119999999999,19.508800000000008
ENSG00000115268,ENSMUSG00000063457,100.0,0.0
ENSG00000175782,ENSMUSG00000060181,92.3323,7.667699999999996
ENSG00000163870,ENSMUSG00000002871,91.91640000000001,8.08359999999999
ENSG00000079432,ENSMUSG00000005442,92.30175,7.698250000000002
ENSG00000130827,ENSMUSG00000031398,94.57655,5.4234500000000025
ENSG00000114554,ENSMUSG00000030084,95.98945,4.010549999999995
ENSG00000076356,ENSMUSG00000026640,96.5681,3.431899999999999
ENSG00000221866,ENSMUSG00000029765,97.7555,2.244500000000002
ENSG00000169855,ENSMUSG00000022883,93.97605,6.023949999999999
ENSG00000205581,ENSMUSG00000040681,79.625,20.375
ENSG00000118418,ENSMUSG00000066456,76.51125,23.488749999999996
ENSG00000132879,ENSMUSG00000029001,96.4706,3.5293999999999954
ENSG00000104918,ENSMUSG00000012705,54.093599999999995,45.906400000000005
ENSG00000214753,ENSMUSG00000071659,95.17445000000001,4.825549999999993
ENSG00000106336,ENSMUSG00000089984,86.74595,13.254050000000007
ENSG00000169783,ENSMUSG00000049556,98.8678,1.1321999999999974
ENSG00000164241,ENSMUSG00000024592,82.6087,17.3913
ENSG00000185246,ENSMUSG00000035597,94.30369999999999,5.696300000000008
ENSG00000213366,ENSMUSG00000004035,83.0275,16.972499999999997
ENSG00000084774,ENSMUSG00000013629,95.3708,4.629199999999997
ENSG00000103599,ENSMUSG00000037801,72.2911,27.7089
ENSG00000089063,ENSMUSG00000027341,96.6667,3.333299999999994
ENSG00000144962,ENSMUSG00000039335,78.9476,21.052400000000006
ENSG00000165140,ENSMUSG00000069805,84.9112,15.088800000000006
ENSG00000130957,ENSMUSG00000021456,94.1003,5.899699999999996
ENSG00000071282,ENSMUSG00000057604,92.8767,7.1233
ENSG00000135773,ENSMUSG00000031981,85.7971,14.2029
ENSG00000101842,ENSMUSG00000031430,68.05324999999999,31.94675000000001
ENSG00000204616,ENSMUSG00000058063,40.4418,59.5582
ENSG00000152492,ENSMUSG00000038127,76.0918,23.908199999999994
ENSG00000179058,ENSMUSG00000044320,42.6376,57.3624
ENSG00000013392,ENSMUSG00000032417,93.1507,6.8492999999999995
ENSG00000156253,ENSMUSG00000041079,78.33855,21.661450000000002
ENSG00000169221,ENSMUSG00000042492,89.04455,10.955449999999999
ENSG00000160783,ENSMUSG00000028066,74.2055,25.7945
ENSG00000198964,ENSMUSG00000040451,97.1204,2.8795999999999964
ENSG00000152455,ENSMUSG00000026646,82.77215000000001,17.22784999999999
ENSG00000172053,ENSMUSG00000032604,89.9355,10.064499999999995
ENSG00000149089,ENSMUSG00000010911,94.41035,5.589650000000006
ENSG00000160886,ENSMUSG00000044678,35.77925,64.22075000000001
ENSG00000176988,ENSMUSG00000062170,32.89915,67.10085000000001
ENSG00000153982,ENSMUSG00000061666,92.0382,7.961799999999997
ENSG00000158865,ENSMUSG00000030769,86.35034999999999,13.649650000000008
ENSG00000162999,ENSMUSG00000027001,81.92605,18.073949999999996
ENSG00000137038,ENSMUSG00000028398,57.4003,42.5997
ENSG00000189350,ENSMUSG00000045761,71.5538,28.446200000000005
ENSG00000113088,ENSMUSG00000042385,71.727,28.272999999999996
ENSG00000275052,ENSMUSG00000020463,94.6961,5.303899999999999
ENSG00000100796,ENSMUSG00000041846,98.49369999999999,1.5063000000000102
ENSG00000184113,ENSMUSG00000041378,91.7431,8.256900000000002
ENSG00000164500,ENSMUSG00000020191,74.7499,25.250100000000003
ENSG00000205177,ENSMUSG00000032671,82.6879,17.3121
ENSG00000006634,ENSMUSG00000002297,67.16985,32.83015
ENSG00000004846,ENSMUSG00000072791,78.10515000000001,21.89484999999999
ENSG00000064012,ENSMUSG00000026029,65.60730000000001,34.39269999999999
ENSG00000165490,ENSMUSG00000030641,51.8016,48.1984
ENSG00000039139,ENSMUSG00000022262,89.6485,10.351500000000001
ENSG00000132141,ENSMUSG00000020698,83.3177,16.682299999999998
ENSG00000189369,ENSMUSG00000071723,89.68345,10.316550000000007
ENSG00000197147,ENSMUSG00000070639,93.6488,6.351200000000006
ENSG00000172922,ENSMUSG00000024925,64.85085000000001,35.14914999999999
ENSG00000023697,ENSMUSG00000030225,92.1384,7.861599999999996
ENSG00000235162,ENSMUSG00000087651,82.5397,17.460300000000004
ENSG00000146955,ENSMUSG00000029923,88.9401,11.059899999999999
ENSG00000151353,ENSMUSG00000043061,77.8571,22.142899999999997
ENSG00000157502,ENSMUSG00000042515,66.09355,33.90645000000001
ENSG00000160953,ENSMUSG00000020156,61.23165,38.76835
ENSG00000135211,ENSMUSG00000045435,99.2481,0.7519000000000062
ENSG00000178695,ENSMUSG00000098557,99.08070000000001,0.9192999999999927
ENSG00000141582,ENSMUSG00000039989,89.4748,10.525199999999998
ENSG00000177370,ENSMUSG00000020843,95.3608,4.639200000000002
ENSG00000253352,ENSMUSG00000056579,95.04745,4.952550000000002
ENSG00000142864,ENSMUSG00000036371,96.77965,3.2203499999999963
ENSG00000130956,ENSMUSG00000021476,86.0607,13.939300000000003
ENSG00000108819,ENSMUSG00000038976,96.4504,3.549599999999998
ENSG00000168876,ENSMUSG00000031931,87.6314,12.3686
ENSG00000172354,ENSMUSG00000029713,100.0,0.0
ENSG00000114450,ENSMUSG00000027669,96.7647,3.235299999999995
ENSG00000078369,ENSMUSG00000029064,100.0,0.0
ENSG00000111664,ENSMUSG00000023439,97.0588,2.941199999999995
ENSG00000069966,ENSMUSG00000032192,99.2405,0.7595000000000027
ENSG00000002016,ENSMUSG00000030166,69.9288,30.071200000000005
ENSG00000172167,ENSMUSG00000022369,77.533,22.467
ENSG00000184698,ENSMUSG00000042219,82.18020000000001,17.819799999999987
ENSG00000197428,ENSMUSG00000073967,88.54575,11.454250000000002
ENSG00000167332,ENSMUSG00000043366,92.8125,7.1875
ENSG00000180785,ENSMUSG00000070423,93.2286,6.7714
ENSG00000184292,ENSMUSG00000051397,79.382,20.617999999999995
ENSG00000119888,ENSMUSG00000045394,81.39925,18.600750000000005
ENSG00000161981,ENSMUSG00000040767,98.374,1.6260000000000048
ENSG00000139428,ENSMUSG00000029575,83.838,16.162000000000006
ENSG00000163319,ENSMUSG00000016833,79.29925,20.70075
ENSG00000188811,ENSMUSG00000042997,83.8617,16.1383
ENSG00000148606,ENSMUSG00000025280,97.9856,2.014399999999995
ENSG00000178301,ENSMUSG00000042797,83.0258,16.974199999999996
ENSG00000108828,ENSMUSG00000034993,88.38385,11.616150000000005
ENSG00000104129,ENSMUSG00000034278,88.63284999999999,11.36715000000001
ENSG00000174292,ENSMUSG00000001583,83.0377,16.9623
ENSG00000081052,ENSMUSG00000067158,78.35159999999999,21.64840000000001
ENSG00000197565,ENSMUSG00000031273,79.97635,20.023650000000004
ENSG00000139044,ENSMUSG00000041372,83.16835,16.831649999999996
ENSG00000182272,ENSMUSG00000055629,84.80515,15.194850000000002
ENSG00000033100,ENSMUSG00000038181,95.4552,4.544799999999995
ENSG00000123989,ENSMUSG00000032997,94.2544,5.745599999999996
ENSG00000198108,ENSMUSG00000058152,91.27985000000001,8.72014999999999
ENSG00000131873,ENSMUSG00000032640,94.38215,5.617850000000004
ENSG00000155368,ENSMUSG00000026385,62.3755,37.6245
ENSG00000170677,ENSMUSG00000056153,85.019,14.980999999999995
ENSG00000105221,ENSMUSG00000004056,98.1289,1.8710999999999984
ENSG00000157978,ENSMUSG00000037295,89.6104,10.389600000000002
ENSG00000164010,ENSMUSG00000028644,66.4029,33.5971
ENSG00000110492,ENSMUSG00000027239,86.93555,13.064449999999994
ENSG00000105894,ENSMUSG00000029838,97.619,2.3810000000000002
ENSG00000179918,ENSMUSG00000049091,89.77955,10.22045
ENSG00000086475,ENSMUSG00000026662,99.4898,0.5101999999999975
ENSG00000139974,ENSMUSG00000044712,82.58494999999999,17.415050000000008
ENSG00000166105,ENSMUSG00000031966,65.4023,34.5977
ENSG00000149328,ENSMUSG00000036395,79.2453,20.7547
ENSG00000163521,ENSMUSG00000026200,80.92609999999999,19.07390000000001
ENSG00000170266,ENSMUSG00000045594,74.66069999999999,25.33930000000001
ENSG00000162592,ENSMUSG00000039492,50.047200000000004,49.952799999999996
ENSG00000142621,ENSMUSG00000051435,69.29395,30.706050000000005
ENSG00000180957,ENSMUSG00000050017,95.7646,4.2353999999999985
ENSG00000185551,ENSMUSG00000030551,100.0,0.0
ENSG00000182628,ENSMUSG00000020492,77.17975,22.82025
ENSG00000255561,ENSMUSG00000037845,71.7498,28.250200000000007
ENSG00000176393,ENSMUSG00000041926,88.6154,11.384600000000006
ENSG00000090097,ENSMUSG00000023495,97.5186,2.4813999999999936
ENSG00000183665,ENSMUSG00000037085,78.7476,21.252399999999994
ENSG00000126814,ENSMUSG00000034442,75.84635,24.15365
ENSG00000162623,ENSMUSG00000047583,70.15610000000001,29.84389999999999
ENSG00000142149,ENSMUSG00000053414,92.437,7.563000000000002
ENSG00000146857,ENSMUSG00000029848,65.82475,34.175250000000005
ENSG00000203760,ENSMUSG00000075266,72.42335,27.57665
ENSG00000157343,ENSMUSG00000024223,80.27885,19.721149999999994
ENSG00000203883,ENSMUSG00000046470,86.99815000000001,13.00184999999999
ENSG00000048649,ENSMUSG00000035623,83.6225,16.377499999999998
ENSG00000130714,ENSMUSG00000039254,84.31354999999999,15.686450000000008
ENSG00000189037,ENSMUSG00000025043,69.6575,30.3425
ENSG00000184307,ENSMUSG00000036304,89.0818,10.918199999999999
ENSG00000099139,ENSMUSG00000024713,81.4565,18.543499999999995
ENSG00000100227,ENSMUSG00000041815,91.32,8.680000000000007
ENSG00000132170,ENSMUSG00000000440,98.3158,1.6842000000000041
ENSG00000143554,ENSMUSG00000027932,84.75264999999999,15.247350000000012
ENSG00000215883,ENSMUSG00000028621,77.97165000000001,22.02834999999999
ENSG00000114315,ENSMUSG00000022528,97.5101,2.4899000000000058
ENSG00000064270,ENSMUSG00000034112,84.55035,15.449650000000005
ENSG00000163393,ENSMUSG00000033147,94.0429,5.957099999999997
ENSG00000101134,ENSMUSG00000027560,98.366,1.6340000000000003
ENSG00000103710,ENSMUSG00000041696,93.609,6.391000000000005
ENSG00000196220,ENSMUSG00000030257,98.6351,1.3649000000000058
ENSG00000196935,ENSMUSG00000020121,96.23835,3.761650000000003
ENSG00000089820,ENSMUSG00000031389,80.9066,19.093400000000003
ENSG00000095383,ENSMUSG00000039813,82.27115,17.728849999999994
ENSG00000163513,ENSMUSG00000032440,92.2399,7.760099999999994
ENSG00000082515,ENSMUSG00000020514,89.3204,10.679599999999994
ENSG00000166128,ENSMUSG00000036943,98.5507,1.4492999999999938
ENSG00000133107,ENSMUSG00000027748,97.07865000000001,2.9213499999999897
ENSG00000072315,ENSMUSG00000041710,96.81735,3.1826499999999953
ENSG00000144935,ENSMUSG00000032839,98.76140000000001,1.238599999999991
ENSG00000143443,ENSMUSG00000068860,63.10765,36.89235
ENSG00000051596,ENSMUSG00000025872,98.8604,1.1396000000000015
ENSG00000160224,ENSMUSG00000000731,71.28819999999999,28.71180000000001
ENSG00000116791,ENSMUSG00000028199,80.90979999999999,19.09020000000001
ENSG00000173327,ENSMUSG00000004054,94.52000000000001,5.47999999999999
ENSG00000062725,ENSMUSG00000018481,99.1453,0.854699999999994
ENSG00000117395,ENSMUSG00000028729,84.9673,15.032700000000006
ENSG00000255009,ENSMUSG00000074502,51.8425,48.1575
ENSG00000163956,ENSMUSG00000029103,75.87305,24.126949999999994
ENSG00000137501,ENSMUSG00000030616,64.14115,35.858850000000004
ENSG00000117411,ENSMUSG00000028541,92.3092,7.690799999999996
ENSG00000124659,ENSMUSG00000036430,76.56885,23.431150000000002
ENSG00000131711,ENSMUSG00000052727,90.9976,9.002399999999994
ENSG00000165905,ENSMUSG00000040434,82.17415,17.825850000000003
ENSG00000157368,ENSMUSG00000031750,68.35855000000001,31.641449999999992
ENSG00000120253,ENSMUSG00000040034,93.6842,6.315799999999996
ENSG00000255302,ENSMUSG00000091337,68.07585,31.924149999999997
ENSG00000176396,ENSMUSG00000046058,78.3898,21.610200000000006
ENSG00000176401,ENSMUSG00000070705,53.25985,46.74015
ENSG00000165762,ENSMUSG00000109835,82.2818,17.718199999999996
ENSG00000120055,ENSMUSG00000099655,54.98125,45.01875
ENSG00000151552,ENSMUSG00000015806,93.1994,6.800600000000003
ENSG00000177311,ENSMUSG00000040433,81.27095,18.72905
ENSG00000182566,ENSMUSG00000074491,64.0547,35.9453
ENSG00000186583,ENSMUSG00000049653,60.59485,39.40515
ENSG00000160284,ENSMUSG00000009115,85.0447,14.955299999999994
ENSG00000174600,ENSMUSG00000042190,80.10810000000001,19.891899999999993
ENSG00000111786,ENSMUSG00000029538,97.96885,2.0311499999999967
ENSG00000181690,ENSMUSG00000003282,95.4956,4.504400000000004
ENSG00000105856,ENSMUSG00000002996,94.051,5.948999999999998
ENSG00000095970,ENSMUSG00000023992,68.71195,31.28805
ENSG00000187492,ENSMUSG00000032595,72.05675,27.943250000000006
ENSG00000156076,ENSMUSG00000020218,93.9314,6.0686000000000035
ENSG00000106331,ENSMUSG00000029706,74.85775000000001,25.14224999999999
ENSG00000177951,ENSMUSG00000025484,90.991,9.009
ENSG00000205022,ENSMUSG00000069867,66.79315,33.20685
ENSG00000167985,ENSMUSG00000024668,86.747,13.253
ENSG00000156273,ENSMUSG00000025612,80.40715,19.59285
ENSG00000198105,ENSMUSG00000030145,74.97885,25.021150000000006
ENSG00000174282,ENSMUSG00000018750,86.5372,13.462800000000001
ENSG00000163285,ENSMUSG00000001260,95.2688,4.731200000000001
ENSG00000120526,ENSMUSG00000038736,90.12885,9.87115
ENSG00000172878,ENSMUSG00000041921,91.0448,8.955200000000005
ENSG00000112246,ENSMUSG00000019913,96.66884999999999,3.331150000000008
ENSG00000124092,ENSMUSG00000070495,57.9157,42.0843
ENSG00000176165,ENSMUSG00000020950,96.7076,3.2924000000000007
ENSG00000205302,ENSMUSG00000034484,97.4952,2.504800000000003
ENSG00000181704,ENSMUSG00000047694,83.4746,16.525400000000005
ENSG00000119820,ENSMUSG00000024072,97.55265,2.44735
ENSG00000145817,ENSMUSG00000024487,92.607,7.393000000000001
ENSG00000177752,ENSMUSG00000029158,81.17775,18.822249999999997
ENSG00000170819,ENSMUSG00000032556,84.47665,15.523349999999994
ENSG00000112679,ENSMUSG00000069255,90.7317,9.268299999999996
ENSG00000157613,ENSMUSG00000027230,92.20415,7.7958500000000015
ENSG00000169851,ENSMUSG00000029108,97.8486,2.1513999999999953
ENSG00000118292,ENSMUSG00000038543,60.43945,39.56055
ENSG00000173621,ENSMUSG00000045045,96.77425,3.225750000000005
ENSG00000188580,ENSMUSG00000069670,97.5962,2.403800000000004
ENSG00000164171,ENSMUSG00000015533,82.4079,17.592100000000002
ENSG00000240583,ENSMUSG00000004655,94.052,5.947999999999993
ENSG00000164221,ENSMUSG00000071855,85.20044999999999,14.79955000000001
ENSG00000153237,ENSMUSG00000036641,71.43180000000001,28.56819999999999
ENSG00000100354,ENSMUSG00000047888,93.6628,6.337199999999996
ENSG00000126603,ENSMUSG00000014303,92.82374999999999,7.17625000000001
ENSG00000005486,ENSMUSG00000039917,87.7256,12.2744
ENSG00000275023,ENSMUSG00000038437,92.37545,7.624549999999999
ENSG00000156858,ENSMUSG00000030822,74.72475,25.27525
ENSG00000183530,ENSMUSG00000054280,55.9534,44.0466
ENSG00000122359,ENSMUSG00000021866,93.05595,6.944050000000004
ENSG00000253250,ENSMUSG00000086587,94.8718,5.128200000000007
ENSG00000096080,ENSMUSG00000023967,80.6122,19.3878
ENSG00000138663,ENSMUSG00000035297,99.5074,0.49259999999999593
ENSG00000197170,ENSMUSG00000020720,97.5877,2.412300000000002
ENSG00000135116,ENSMUSG00000046607,73.22625,26.773750000000007
ENSG00000152193,ENSMUSG00000022120,81.07795,18.92205
ENSG00000180008,ENSMUSG00000048379,86.75980000000001,13.240199999999987
ENSG00000184384,ENSMUSG00000031925,83.15005,16.849950000000007
ENSG00000196782,ENSMUSG00000061143,87.7256,12.2744
ENSG00000161021,ENSMUSG00000050567,86.739,13.260999999999996
ENSG00000017427,ENSMUSG00000020053,91.5033,8.496700000000004
ENSG00000133687,ENSMUSG00000030306,85.3994,14.6006
ENSG00000138180,ENSMUSG00000024989,75.16235,24.837649999999996
ENSG00000104848,ENSMUSG00000038201,90.9045,9.095500000000001
ENSG00000075151,ENSMUSG00000028760,78.46435,21.535650000000004
ENSG00000125863,ENSMUSG00000027274,77.193,22.807000000000002
ENSG00000099901,ENSMUSG00000005732,78.8399,21.1601
ENSG00000134183,ENSMUSG00000009108,95.7627,4.237300000000005
ENSG00000131477,ENSMUSG00000001240,64.93125,35.068749999999994
ENSG00000138623,ENSMUSG00000038264,89.1731,10.826899999999995
ENSG00000008283,ENSMUSG00000019590,88.2239,11.7761
ENSG00000071967,ENSMUSG00000027015,74.65635,25.343649999999997
ENSG00000162144,ENSMUSG00000034445,84.7107,15.289299999999997
ENSG00000069399,ENSMUSG00000053175,81.8218,18.178200000000004
ENSG00000074935,ENSMUSG00000019845,91.1579,8.842100000000002
ENSG00000140443,ENSMUSG00000005533,96.0527,3.9472999999999985
ENSG00000167384,ENSMUSG00000057101,68.18575,31.81425
ENSG00000088970,ENSMUSG00000074749,66.83015,33.16985
ENSG00000198914,ENSMUSG00000045515,99.2988,0.7012
ENSG00000174842,ENSMUSG00000029276,86.21870000000001,13.781299999999987
ENSG00000184840,ENSMUSG00000058569,93.617,6.382999999999996
ENSG00000203805,ENSMUSG00000070366,99.262,0.7379999999999995
ENSG00000163832,ENSMUSG00000054836,80.0752,19.924800000000005
ENSG00000169194,ENSMUSG00000020383,54.310900000000004,45.689099999999996
ENSG00000142166,ENSMUSG00000022967,47.467349999999996,52.532650000000004
ENSG00000136114,ENSMUSG00000031480,78.68469999999999,21.315300000000008
ENSG00000163479,ENSMUSG00000041355,97.2678,2.732200000000006
ENSG00000059728,ENSMUSG00000001156,87.0692,12.930800000000005
ENSG00000112531,ENSMUSG00000062078,100.0,0.0
ENSG00000167880,ENSMUSG00000034282,82.8417,17.158299999999997
ENSG00000118898,ENSMUSG00000039457,88.20515,11.794849999999997
ENSG00000225697,ENSMUSG00000023259,77.3896,22.6104
ENSG00000174502,ENSMUSG00000042268,89.8166,10.183400000000006
ENSG00000170615,ENSMUSG00000029015,95.0269,4.973100000000002
ENSG00000211778,ENSMUSG00000076759,71.5596,28.440399999999997
ENSG00000102181,ENSMUSG00000035776,72.58685,27.41315
ENSG00000026103,ENSMUSG00000024778,49.554050000000004,50.445949999999996
ENSG00000126001,ENSMUSG00000038241,78.9565,21.043499999999995
ENSG00000163931,ENSMUSG00000021957,94.703,5.296999999999997
ENSG00000125618,ENSMUSG00000026976,97.46995,2.530050000000003
ENSG00000178597,ENSMUSG00000043430,65.77185,34.22815
ENSG00000167524,ENSMUSG00000037593,84.07065,15.92935
ENSG00000136250,ENSMUSG00000021322,76.24025,23.759749999999997
ENSG00000112309,ENSMUSG00000026156,90.5721,9.427899999999994
ENSG00000120833,ENSMUSG00000020027,93.9394,6.060599999999994
ENSG00000180035,ENSMUSG00000045598,85.23685,14.763149999999996
ENSG00000183733,ENSMUSG00000030001,62.69945,37.30055
ENSG00000310560,ENSMUSG00000047617,74.81705,25.182950000000005
ENSG00000178257,ENSMUSG00000050058,68.63405,31.365949999999998
ENSG00000205301,ENSMUSG00000035057,62.91845,37.08155
ENSG00000204248,ENSMUSG00000024330,94.5276,5.472399999999993
ENSG00000188573,ENSMUSG00000051062,86.81105,13.188950000000006
ENSG00000105202,ENSMUSG00000046865,95.37855,4.621449999999996
ENSG00000182901,ENSMUSG00000026527,93.63655,6.36345
ENSG00000186340,ENSMUSG00000023885,88.5666,11.433400000000006
ENSG00000165349,ENSMUSG00000031297,81.64920000000001,18.350799999999992
ENSG00000123572,ENSMUSG00000052854,67.42115,32.57885
ENSG00000009844,ENSMUSG00000019868,91.55940000000001,8.44059999999999
ENSG00000139436,ENSMUSG00000041890,92.6219,7.378100000000003
ENSG00000184408,ENSMUSG00000060882,99.0476,0.9523999999999972
ENSG00000126870,ENSMUSG00000042050,72.7158,27.2842
ENSG00000153902,ENSMUSG00000036560,88.4544,11.545599999999993
ENSG00000076248,ENSMUSG00000029591,85.6329,14.367099999999994
ENSG00000185306,ENSMUSG00000047642,75.0008,24.999200000000002
ENSG00000125149,ENSMUSG00000031889,96.9194,3.080600000000004
ENSG00000146350,ENSMUSG00000038122,83.29400000000001,16.70599999999999
ENSG00000131381,ENSMUSG00000014550,83.8545,16.1455
ENSG00000163898,ENSMUSG00000044626,77.827,22.173000000000002
ENSG00000182718,ENSMUSG00000032231,97.6401,2.359899999999996
ENSG00000070190,ENSMUSG00000028159,93.2143,6.785700000000006
ENSG00000163626,ENSMUSG00000035505,78.3791,21.620900000000006
ENSG00000155463,ENSMUSG00000000959,74.6548,25.345200000000006
ENSG00000178605,ENSMUSG00000033434,61.942,38.058
ENSG00000135617,ENSMUSG00000030008,97.8723,2.1277000000000044
ENSG00000183421,ENSMUSG00000005251,90.446,9.554000000000002
ENSG00000168140,ENSMUSG00000039646,83.5067,16.493300000000005
ENSG00000101298,ENSMUSG00000027457,84.81049999999999,15.18950000000001
ENSG00000147642,ENSMUSG00000022340,78.23355000000001,21.766449999999992
ENSG00000188807,ENSMUSG00000044700,83.30845,16.691550000000007
ENSG00000278053,ENSMUSG00000020677,88.5548,11.4452
ENSG00000165685,ENSMUSG00000030160,79.138,20.861999999999995
ENSG00000165828,ENSMUSG00000025467,46.66875,53.33125
ENSG00000143107,ENSMUSG00000045326,85.30675,14.693250000000006
ENSG00000115738,ENSMUSG00000020644,98.5075,1.4925000000000068
ENSG00000196371,ENSMUSG00000049307,67.5598,32.440200000000004
ENSG00000150782,ENSMUSG00000039217,64.416,35.584
ENSG00000148053,ENSMUSG00000055254,93.0779,6.9221
ENSG00000173581,ENSMUSG00000035228,89.80355,10.196449999999999
ENSG00000089094,ENSMUSG00000029475,93.0154,6.9846
ENSG00000160007,ENSMUSG00000058230,97.7985,2.201499999999996
ENSG00000128656,ENSMUSG00000056486,96.2963,3.7036999999999978
ENSG00000106069,ENSMUSG00000004633,97.6496,2.3503999999999934
ENSG00000105137,ENSMUSG00000032714,87.3643,12.6357
ENSG00000097096,ENSMUSG00000036863,71.21565,28.784350000000003
ENSG00000105518,ENSMUSG00000040883,79.3651,20.634900000000002
ENSG00000129514,ENSMUSG00000035451,95.3209,4.679100000000005
ENSG00000085719,ENSMUSG00000028228,94.02,5.980000000000004
ENSG00000174953,ENSMUSG00000027770,92.08675,7.913250000000005
ENSG00000123689,ENSMUSG00000009633,77.6699,22.3301
ENSG00000130311,ENSMUSG00000074247,98.0392,1.960800000000006
ENSG00000161850,ENSMUSG00000049548,85.715,14.284999999999997
ENSG00000183396,ENSMUSG00000025652,55.53945,44.46055
ENSG00000121864,ENSMUSG00000027667,92.9897,7.010300000000001
ENSG00000175161,ENSMUSG00000064115,93.33365,6.666349999999994
ENSG00000275342,ENSMUSG00000050271,76.945,23.055000000000007
ENSG00000157240,ENSMUSG00000044674,94.18295,5.817049999999995
ENSG00000073670,ENSMUSG00000020926,94.2501,5.749899999999997
ENSG00000204444,ENSMUSG00000024391,80.42555,19.57445
ENSG00000129173,ENSMUSG00000046179,83.26714999999999,16.732850000000013
ENSG00000137463,ENSMUSG00000037161,49.7222,50.2778
ENSG00000075391,ENSMUSG00000070565,96.80485,3.195149999999998
ENSG00000135436,ENSMUSG00000078907,57.66805,42.33195
ENSG00000283654,ENSMUSG00000114865,70.1909,29.8091
ENSG00000069482,ENSMUSG00000024907,70.4465,29.5535
ENSG00000100294,ENSMUSG00000048755,74.19945,25.80055
ENSG00000072080,ENSMUSG00000026295,67.17484999999999,32.82515000000001
ENSG00000137414,ENSMUSG00000069237,77.3629,22.637100000000004
ENSG00000169442,ENSMUSG00000000682,40.3744,59.6256
ENSG00000102245,ENSMUSG00000031132,77.54345,22.456549999999993
ENSG00000120659,ENSMUSG00000022015,83.41255000000001,16.58744999999999
ENSG00000121858,ENSMUSG00000039304,63.30605,36.69395
ENSG00000243943,ENSMUSG00000062761,86.9813,13.018699999999995
ENSG00000127080,ENSMUSG00000021385,91.22485,8.775149999999996
ENSG00000161980,ENSMUSG00000038628,99.0741,0.9258999999999986
ENSG00000267060,ENSMUSG00000097487,89.8834,10.116600000000005
ENSG00000185269,ENSMUSG00000042988,90.09450000000001,9.90549999999999
ENSG00000196289,ENSMUSG00000104158,52.18135,47.81865
ENSG00000126581,ENSMUSG00000035086,98.21875,1.78125
ENSG00000163827,ENSMUSG00000032495,85.7143,14.285700000000006
ENSG00000136933,ENSMUSG00000070953,78.7634,21.236599999999996
ENSG00000116830,ENSMUSG00000033222,71.9209,28.079099999999997
ENSG00000166329,ENSMUSG00000034031,83.27955,16.72045
ENSG00000183378,ENSMUSG00000048236,74.38045,25.619550000000004
ENSG00000147889,ENSMUSG00000044303,59.9588,40.0412
ENSG00000197816,ENSMUSG00000035539,64.55915,35.44085
ENSG00000137868,ENSMUSG00000032327,73.89715000000001,26.10284999999999
ENSG00000100263,ENSMUSG00000034175,75.74595,24.254050000000007
ENSG00000228253,ENSMUSG00000064356,45.92845,54.07155
ENSG00000143891,ENSMUSG00000035473,85.0877,14.912300000000002
ENSG00000126226,ENSMUSG00000038542,97.2431,2.7569000000000017
ENSG00000238227,ENSMUSG00000087679,95.6835,4.316500000000005
ENSG00000188641,ENSMUSG00000033308,89.561,10.438999999999993
ENSG00000146122,ENSMUSG00000040260,90.00965,9.990350000000007
ENSG00000006128,ENSMUSG00000061762,94.9821,5.017899999999997
ENSG00000180828,ENSMUSG00000025128,89.5139,10.486099999999993
ENSG00000112337,ENSMUSG00000036110,88.0753,11.924700000000001
ENSG00000110395,ENSMUSG00000034342,92.7996,7.200400000000002
ENSG00000187239,ENSMUSG00000075415,93.5929,6.4071
ENSG00000137942,ENSMUSG00000039735,92.76294999999999,7.237050000000011
ENSG00000125733,ENSMUSG00000019487,90.5318,9.468199999999996
ENSG00000188315,ENSMUSG00000032611,77.5214,22.4786
ENSG00000011295,ENSMUSG00000042298,83.5238,16.476200000000006
ENSG00000166946,ENSMUSG00000023572,80.7288,19.271199999999993
ENSG00000175581,ENSMUSG00000030706,80.85155,19.148449999999997
ENSG00000117152,ENSMUSG00000038530,96.0976,3.9024
ENSG00000122218,ENSMUSG00000026553,98.4477,1.5523000000000025
ENSG00000188404,ENSMUSG00000026581,76.0753,23.9247
ENSG00000032444,ENSMUSG00000004565,94.14949999999999,5.850500000000011
ENSG00000069974,ENSMUSG00000032202,95.9276,4.072400000000002
ENSG00000151655,ENSMUSG00000037254,83.9324,16.0676
ENSG00000004777,ENSMUSG00000036882,90.9766,9.023399999999995
ENSG00000006377,ENSMUSG00000029754,96.6146,3.385400000000004
ENSG00000197632,ENSMUSG00000062345,75.9036,24.096400000000003
ENSG00000181991,ENSMUSG00000030611,71.69265,28.30735
ENSG00000163808,ENSMUSG00000036768,85.982,14.018
ENSG00000176774,ENSMUSG00000067649,58.54085,41.45915
ENSG00000034152,ENSMUSG00000018932,96.5418,3.458200000000005
ENSG00000138032,ENSMUSG00000061130,91.423,8.576999999999998
ENSG00000170390,ENSMUSG00000028078,93.95935,6.040649999999999
ENSG00000139624,ENSMUSG00000023021,74.4972,25.502799999999993
ENSG00000172292,ENSMUSG00000027035,94.3399,5.6601
ENSG00000154227,ENSMUSG00000030510,77.8068,22.193200000000004
ENSG00000143418,ENSMUSG00000015714,92.3684,7.631600000000006
ENSG00000090661,ENSMUSG00000008206,69.3775,30.622500000000002
ENSG00000223802,ENSMUSG00000087408,80.8571,19.142899999999997
ENSG00000141380,ENSMUSG00000037013,96.1722,3.8277999999999963
ENSG00000125827,ENSMUSG00000034723,81.32065,18.67935
ENSG00000083312,ENSMUSG00000009470,99.219,0.7810000000000059
ENSG00000164325,ENSMUSG00000046082,81.4815,18.518500000000003
ENSG00000135111,ENSMUSG00000018604,92.63695,7.363050000000001
ENSG00000183644,ENSMUSG00000032057,70.62375,29.37625
ENSG00000165066,ENSMUSG00000063672,94.50025,5.499750000000006
ENSG00000178860,ENSMUSG00000025930,85.0251,14.974900000000005
ENSG00000197070,ENSMUSG00000026972,85.12119999999999,14.878800000000012
ENSG00000178573,ENSMUSG00000055435,93.05605,6.943950000000001
ENSG00000118900,ENSMUSG00000039473,86.91055,13.08945
ENSG00000256806,ENSMUSG00000053574,64.90605,35.09395000000001
ENSG00000179165,ENSMUSG00000045378,48.16165,51.83835
ENSG00000104064,ENSMUSG00000027361,98.1723,1.827699999999993
ENSG00000135549,ENSMUSG00000019876,63.54315,36.45685
ENSG00000144852,ENSMUSG00000022809,76.3015,23.698499999999996
ENSG00000136631,ENSMUSG00000015747,97.0175,2.9825000000000017
ENSG00000131459,ENSMUSG00000020363,97.8006,2.199399999999997
ENSG00000173218,ENSMUSG00000027860,95.2384,4.761600000000001
ENSG00000162738,ENSMUSG00000026556,99.4242,0.575800000000001
ENSG00000148399,ENSMUSG00000026975,63.7706,36.2294
ENSG00000182898,ENSMUSG00000027908,42.510149999999996,57.489850000000004
ENSG00000142686,ENSMUSG00000073755,82.35335,17.646649999999994
ENSG00000140406,ENSMUSG00000070462,98.0663,1.9337000000000018
ENSG00000241945,ENSMUSG00000032834,89.3362,10.663799999999995
ENSG00000163637,ENSMUSG00000030020,92.24745,7.752549999999999
ENSG00000012211,ENSMUSG00000031145,88.9474,11.052599999999998
ENSG00000132698,ENSMUSG00000008601,95.7747,4.225300000000004
ENSG00000196867,ENSMUSG00000062861,73.40825000000001,26.59174999999999
ENSG00000257923,ENSMUSG00000029705,89.6771,10.322900000000004
ENSG00000011426,ENSMUSG00000036777,80.26740000000001,19.73259999999999
ENSG00000204305,ENSMUSG00000015452,78.41239999999999,21.58760000000001
ENSG00000125686,ENSMUSG00000018160,94.55045,5.449550000000002
ENSG00000107164,ENSMUSG00000026843,93.2522,6.747799999999998
ENSG00000185627,ENSMUSG00000025487,96.5426,3.457400000000007
ENSG00000008323,ENSMUSG00000038167,81.67435,18.325649999999996
ENSG00000188373,ENSMUSG00000096001,55.36565,44.63435
ENSG00000150712,ENSMUSG00000039458,89.5582,10.4418
ENSG00000102195,ENSMUSG00000056380,72.05324999999999,27.94675000000001
ENSG00000111775,ENSMUSG00000041697,82.7341,17.265900000000002
ENSG00000113851,ENSMUSG00000005362,95.37880000000001,4.6211999999999875
ENSG00000278023,ENSMUSG00000010362,71.50645,28.49355
ENSG00000239900,ENSMUSG00000022407,94.0083,5.9916999999999945
ENSG00000126522,ENSMUSG00000025533,93.9655,6.034499999999994
ENSG00000091483,ENSMUSG00000026526,93.0195,6.980500000000006
ENSG00000171720,ENSMUSG00000024454,99.7664,0.2335999999999956
ENSG00000102900,ENSMUSG00000032939,97.6801,2.319900000000004
ENSG00000165475,ENSMUSG00000021947,83.6991,16.3009
ENSG00000119787,ENSMUSG00000059811,97.7702,2.2297999999999973
ENSG00000138468,ENSMUSG00000052917,70.91795,29.082049999999995
ENSG00000283288,ENSMUSG00000073598,61.0266,38.9734
ENSG00000163468,ENSMUSG00000001416,97.2477,2.7523000000000053
ENSG00000109063,ENSMUSG00000020908,98.1959,1.8041000000000054
ENSG00000167635,ENSMUSG00000037029,95.5479,4.4521000000000015
ENSG00000221933,ENSMUSG00000045708,81.9355,18.064499999999995
ENSG00000197345,ENSMUSG00000024829,80.2007,19.799300000000002
ENSG00000172680,ENSMUSG00000078365,73.73145,26.268550000000005
ENSG00000101004,ENSMUSG00000068115,60.3758,39.6242
ENSG00000100503,ENSMUSG00000021068,78.4756,21.5244
ENSG00000136247,ENSMUSG00000001844,73.6537,26.3463
ENSG00000176956,ENSMUSG00000022577,89.7205,10.279499999999999
ENSG00000139629,ENSMUSG00000037280,88.5852,11.4148
ENSG00000004478,ENSMUSG00000030357,89.8583,10.1417
ENSG00000131876,ENSMUSG00000030512,98.0392,1.960800000000006
ENSG00000148655,ENSMUSG00000063458,87.9159,12.084100000000007
ENSG00000261594,ENSMUSG00000096606,85.37915,14.620850000000004
ENSG00000108468,ENSMUSG00000018666,100.0,0.0
ENSG00000170485,ENSMUSG00000026077,87.685,12.314999999999998
ENSG00000133101,ENSMUSG00000027793,84.323,15.677000000000007
ENSG00000185742,ENSMUSG00000078307,86.8709,13.129099999999994
ENSG00000071051,ENSMUSG00000066877,96.0526,3.947400000000002
ENSG00000138039,ENSMUSG00000024107,82.34455,17.655450000000002
ENSG00000112242,ENSMUSG00000016477,95.01805,4.981949999999998
ENSG00000214128,ENSMUSG00000029829,62.8523,37.1477
ENSG00000173567,ENSMUSG00000067642,60.7545,39.2455
ENSG00000008838,ENSMUSG00000017210,94.3321,5.667900000000003
ENSG00000257008,ENSMUSG00000034677,68.189,31.811000000000007
ENSG00000184389,ENSMUSG00000028794,66.31555,33.68445
ENSG00000204007,ENSMUSG00000036401,59.1541,40.8459
ENSG00000148288,ENSMUSG00000026829,79.2507,20.749300000000005
ENSG00000175164,ENSMUSG00000015787,71.67054999999999,28.32945000000001
ENSG00000110921,ENSMUSG00000041939,80.65755,19.34245
ENSG00000156958,ENSMUSG00000027207,88.8646,11.135400000000004
ENSG00000108479,ENSMUSG00000020766,88.0102,11.989800000000002
ENSG00000204428,ENSMUSG00000034482,67.55924999999999,32.44075000000001
ENSG00000125657,ENSMUSG00000035678,29.0517,70.9483
ENSG00000224877,ENSMUSG00000078572,86.4865,13.513499999999993
ENSG00000113389,ENSMUSG00000022206,91.1812,8.818799999999996
ENSG00000211448,ENSMUSG00000007682,89.3836,10.616399999999999
ENSG00000197406,ENSMUSG00000075707,94.7368,5.263199999999998
ENSG00000211452,ENSMUSG00000034785,77.8851,22.114900000000006
ENSG00000196767,ENSMUSG00000056854,98.892,1.108000000000004
ENSG00000112514,ENSMUSG00000024194,89.8905,10.109499999999997
ENSG00000144909,ENSMUSG00000022807,91.4934,8.506600000000006
ENSG00000170619,ENSMUSG00000055041,79.4643,20.535700000000006
ENSG00000125878,ENSMUSG00000068079,92.90299999999999,7.097000000000008
ENSG00000174429,ENSMUSG00000042895,79.37010000000001,20.629899999999992
ENSG00000172382,ENSMUSG00000050762,71.7925,28.207499999999996
ENSG00000204695,ENSMUSG00000050613,79.8754,20.1246
ENSG00000170270,ENSMUSG00000091931,64.65305000000001,35.34694999999999
ENSG00000198626,ENSMUSG00000021313,97.3925,2.6075000000000017
ENSG00000161618,ENSMUSG00000007833,81.6708,18.3292
ENSG00000050405,ENSMUSG00000023022,69.68965,30.31035
ENSG00000175606,ENSMUSG00000025940,60.70865,39.29135
ENSG00000138411,ENSMUSG00000042807,94.8575,5.142499999999998
ENSG00000139233,ENSMUSG00000020224,80.3101,19.689899999999994
ENSG00000127946,ENSMUSG00000039959,88.28784999999999,11.712150000000008
ENSG00000130787,ENSMUSG00000000915,90.9176,9.082400000000007
ENSG00000072364,ENSMUSG00000049470,93.24164999999999,6.758350000000007
ENSG00000172493,ENSMUSG00000029313,72.42305,27.576949999999997
ENSG00000155966,ENSMUSG00000031189,87.67,12.329999999999998
ENSG00000144218,ENSMUSG00000037138,87.1885,12.811499999999995
ENSG00000102393,ENSMUSG00000031266,76.94800000000001,23.051999999999992
ENSG00000198951,ENSMUSG00000022453,82.08425,17.915750000000003
ENSG00000063978,ENSMUSG00000029110,86.98859999999999,13.011400000000009
ENSG00000108510,ENSMUSG00000034297,93.717,6.283000000000001
ENSG00000123066,ENSMUSG00000018076,92.1375,7.862499999999997
ENSG00000219607,ENSMUSG00000050423,67.53415000000001,32.46584999999999
ENSG00000112739,ENSMUSG00000021413,95.1341,4.865899999999996
ENSG00000131389,ENSMUSG00000030096,93.31190000000001,6.6880999999999915
ENSG00000081923,ENSMUSG00000039529,94.4844,5.515600000000006
ENSG00000196660,ENSMUSG00000026614,79.3913,20.6087
ENSG00000102580,ENSMUSG00000022136,96.8254,3.174599999999998
ENSG00000178449,ENSMUSG00000023020,80.7018,19.298199999999994
ENSG00000131791,ENSMUSG00000038205,97.2379,2.7621000000000038
ENSG00000175854,ENSMUSG00000044627,61.3036,38.6964
ENSG00000182645,ENSMUSG00000025090,68.97265,31.02735
ENSG00000153786,ENSMUSG00000031823,95.1299,4.870099999999994
ENSG00000139835,ENSMUSG00000038515,83.78235,16.217650000000006
ENSG00000126803,ENSMUSG00000059970,98.9016,1.098399999999998
ENSG00000175182,ENSMUSG00000050821,93.26435000000001,6.735649999999993
ENSG00000185519,ENSMUSG00000006218,80.3022,19.6978
ENSG00000159784,ENSMUSG00000029861,95.8333,4.166700000000006
ENSG00000173239,ENSMUSG00000056078,87.3374,12.662599999999998
ENSG00000158528,ENSMUSG00000032827,84.25075000000001,15.74924999999999
ENSG00000034053,ENSMUSG00000030519,92.46170000000001,7.5382999999999925
ENSG00000113658,ENSMUSG00000021540,98.9247,1.0752999999999986
ENSG00000206199,ENSMUSG00000074591,79.3741,20.6259
ENSG00000125533,ENSMUSG00000045493,82.02000000000001,17.97999999999999
ENSG00000211753,ENSMUSG00000076480,68.4211,31.578900000000004
ENSG00000185668,ENSMUSG00000090125,99.11155,0.888450000000006
ENSG00000152404,ENSMUSG00000025898,73.7799,26.220100000000002
ENSG00000122376,ENSMUSG00000041471,65.1845,34.8155
ENSG00000168282,ENSMUSG00000043998,89.0917,10.908299999999997
ENSG00000206113,ENSMUSG00000109572,72.79769999999999,27.202300000000008
ENSG00000141040,ENSMUSG00000005267,82.8949,17.105099999999993
ENSG00000184831,ENSMUSG00000079508,82.8283,17.1717
ENSG00000155008,ENSMUSG00000025525,77.30075,22.699250000000006
ENSG00000151136,ENSMUSG00000020042,97.5152,2.484800000000007
ENSG00000197822,ENSMUSG00000021638,90.31649999999999,9.68350000000001
ENSG00000062282,ENSMUSG00000030747,95.1031,4.896900000000002
ENSG00000184210,ENSMUSG00000067597,72.1068,27.893199999999993
ENSG00000147160,ENSMUSG00000031220,84.3844,15.6156
ENSG00000204195,ENSMUSG00000015665,81.7073,18.292699999999996
ENSG00000124003,ENSMUSG00000012187,72.5373,27.462699999999998
ENSG00000166391,ENSMUSG00000052396,81.1377,18.862300000000005
ENSG00000073417,ENSMUSG00000025584,79.541,20.459000000000003
ENSG00000101489,ENSMUSG00000024268,97.20384999999999,2.7961500000000115
ENSG00000106031,ENSMUSG00000038203,98.96705,1.0329499999999996
ENSG00000100422,ENSMUSG00000035891,84.08505,15.914950000000005
ENSG00000182240,ENSMUSG00000040605,88.9548,11.045199999999994
ENSG00000214097,ENSMUSG00000046345,75.7009,24.299099999999996
ENSG00000110880,ENSMUSG00000004530,97.4684,2.5315999999999974
ENSG00000104960,ENSMUSG00000038502,96.6346,3.365399999999994
ENSG00000147419,ENSMUSG00000022035,95.1923,4.807699999999997
ENSG00000135905,ENSMUSG00000038608,92.93395000000001,7.06604999999999
ENSG00000073146,ENSMUSG00000015365,79.60225,20.397750000000002
ENSG00000128699,ENSMUSG00000026097,98.6928,1.3071999999999946
ENSG00000172057,ENSMUSG00000038150,96.732,3.2680000000000007
ENSG00000123353,ENSMUSG00000025353,97.3856,2.6144000000000034
ENSG00000130749,ENSMUSG00000059273,91.5228,8.477199999999996
ENSG00000134970,ENSMUSG00000033184,95.9821,4.017899999999997
ENSG00000136878,ENSMUSG00000026854,92.6777,7.3222999999999985
ENSG00000109814,ENSMUSG00000029201,97.87245,2.1275499999999994
ENSG00000020426,ENSMUSG00000021103,95.4693,4.530699999999996
ENSG00000115421,ENSMUSG00000020273,94.10210000000001,5.897899999999993
ENSG00000124203,ENSMUSG00000050600,56.83545,43.16455
ENSG00000131981,ENSMUSG00000050335,81.77275,18.227249999999998
ENSG00000183631,ENSMUSG00000037086,52.2639,47.7361
ENSG00000198920,ENSMUSG00000020807,76.01374999999999,23.986250000000013
ENSG00000167208,ENSMUSG00000031662,77.58525,22.414749999999998
ENSG00000124104,ENSMUSG00000050373,92.68015,7.319850000000002
ENSG00000164972,ENSMUSG00000028441,76.62950000000001,23.370499999999993
ENSG00000100532,ENSMUSG00000055128,83.7349,16.265100000000004
ENSG00000177468,ENSMUSG00000045591,98.34895,1.651049999999998
ENSG00000066735,ENSMUSG00000021294,78.02285,21.977149999999995
ENSG00000183853,ENSMUSG00000041734,93.44235,6.557649999999995
ENSG00000251692,ENSMUSG00000044172,64.7928,35.2072
ENSG00000154889,ENSMUSG00000062526,73.6445,26.355500000000006
ENSG00000144214,ENSMUSG00000026085,70.08085,29.919150000000002
ENSG00000185674,ENSMUSG00000061584,75.29455,24.70545
ENSG00000180481,ENSMUSG00000020214,60.67,39.33
ENSG00000100122,ENSMUSG00000029343,80.47935,19.520650000000003
ENSG00000168092,ENSMUSG00000003131,99.5633,0.43670000000000186
ENSG00000079462,ENSMUSG00000005447,95.8968,4.103200000000001
ENSG00000164151,ENSMUSG00000034525,61.24,38.76
ENSG00000182447,ENSMUSG00000027788,71.53479999999999,28.46520000000001
ENSG00000168418,ENSMUSG00000045246,80.59835,19.401650000000004
ENSG00000106537,ENSMUSG00000020577,95.5882,4.4117999999999995
ENSG00000184828,ENSMUSG00000044646,94.0226,5.977400000000003
ENSG00000180447,ENSMUSG00000052957,79.7894,20.2106
ENSG00000140479,ENSMUSG00000030513,91.3925,8.607500000000002
ENSG00000197818,ENSMUSG00000039463,96.11245,3.8875500000000045
ENSG00000171649,ENSMUSG00000030393,72.25665000000001,27.743349999999992
ENSG00000171867,ENSMUSG00000079037,89.54669999999999,10.453300000000013
ENSG00000141013,ENSMUSG00000040220,90.795,9.204999999999998
ENSG00000237254,ENSMUSG00000076499,67.5676,32.4324
ENSG00000177879,ENSMUSG00000024480,100.0,0.0
ENSG00000157823,ENSMUSG00000063801,100.0,0.0
ENSG00000042753,ENSMUSG00000008036,100.0,0.0
ENSG00000100478,ENSMUSG00000020955,95.8333,4.166700000000006
ENSG00000068784,ENSMUSG00000024135,82.3928,17.607200000000006
ENSG00000136546,ENSMUSG00000034810,74.10050000000001,25.89949999999999
ENSG00000177646,ENSMUSG00000027710,85.71515,14.284850000000006
ENSG00000109944,ENSMUSG00000032023,67.18525,32.814750000000004
ENSG00000258429,ENSMUSG00000078931,74.73145,25.268550000000005
ENSG00000109670,ENSMUSG00000028086,85.2748,14.725200000000001
ENSG00000121578,ENSMUSG00000022793,83.4302,16.5698
ENSG00000182518,ENSMUSG00000041629,46.533500000000004,53.466499999999996
ENSG00000103160,ENSMUSG00000034189,87.8788,12.121200000000002
ENSG00000157827,ENSMUSG00000036053,96.2895,3.710499999999996
ENSG00000196431,ENSMUSG00000066975,91.8367,8.163300000000007
ENSG00000100890,ENSMUSG00000021023,77.29225,22.707750000000004
ENSG00000166086,ENSMUSG00000031990,86.4516,13.5484
ENSG00000167106,ENSMUSG00000039157,95.11325,4.886750000000006
ENSG00000103342,ENSMUSG00000062203,95.2082,4.791799999999995
ENSG00000168000,ENSMUSG00000071657,85.3415,14.658500000000004
ENSG00000162039,ENSMUSG00000024155,84.591,15.409000000000006
ENSG00000165731,ENSMUSG00000030110,83.26605,16.733949999999993
ENSG00000182902,ENSMUSG00000004902,87.2495,12.750500000000002
ENSG00000107242,ENSMUSG00000024867,96.38565,3.6143500000000017
ENSG00000168913,ENSMUSG00000028445,100.0,0.0
ENSG00000143303,ENSMUSG00000004896,86.5263,13.473699999999994
ENSG00000127720,ENSMUSG00000036009,75.0019,24.998099999999994
ENSG00000119720,ENSMUSG00000021179,80.3948,19.605199999999996
ENSG00000147533,ENSMUSG00000015341,99.2701,0.7299000000000007
ENSG00000155265,ENSMUSG00000042532,98.8024,1.1975999999999942
ENSG00000110514,ENSMUSG00000040687,94.82305,5.176950000000005
ENSG00000180228,ENSMUSG00000002731,98.0831,1.9168999999999983
ENSG00000105364,ENSMUSG00000003299,78.73984999999999,21.26015000000001
ENSG00000088756,ENSMUSG00000024043,84.7737,15.226299999999995
ENSG00000069956,ENSMUSG00000042688,94.7953,5.2047000000000025
ENSG00000171100,ENSMUSG00000031337,92.0398,7.9602
ENSG00000171813,ENSMUSG00000060260,78.661,21.339
ENSG00000164414,ENSMUSG00000028293,91.5307,8.469300000000004
ENSG00000102100,ENSMUSG00000031156,96.0724,3.927599999999998
ENSG00000117620,ENSMUSG00000027957,95.23830000000001,4.7616999999999905
ENSG00000138459,ENSMUSG00000022664,84.57215,15.427850000000007
ENSG00000176087,ENSMUSG00000033272,88.5802,11.419799999999995
ENSG00000121101,ENSMUSG00000010342,66.1841,33.8159
ENSG00000118200,ENSMUSG00000041570,92.3545,7.645499999999998
ENSG00000076826,ENSMUSG00000044433,89.64869999999999,10.351300000000009
ENSG00000130559,ENSMUSG00000026933,84.99080000000001,15.009199999999993
ENSG00000153815,ENSMUSG00000034390,98.4476,1.5524000000000058
ENSG00000097021,ENSMUSG00000028937,83.31784999999999,16.682150000000007
ENSG00000221955,ENSMUSG00000035506,80.6234,19.376599999999996
ENSG00000164118,ENSMUSG00000038215,67.0121,32.987899999999996
ENSG00000105204,ENSMUSG00000002409,97.2973,2.702699999999993
ENSG00000141448,ENSMUSG00000005836,89.69825,10.301749999999998
ENSG00000277586,ENSMUSG00000022055,95.5801,4.419899999999998
ENSG00000104231,ENSMUSG00000039795,82.8358,17.164199999999994
ENSG00000112578,ENSMUSG00000023988,90.7218,9.278199999999998
ENSG00000116991,ENSMUSG00000001995,91.3473,8.652699999999996
ENSG00000130304,ENSMUSG00000031808,89.4737,10.526300000000006
ENSG00000119866,ENSMUSG00000000861,99.521,0.4789999999999992
ENSG00000163884,ENSMUSG00000030087,85.1987,14.801299999999998
ENSG00000112208,ENSMUSG00000042215,93.5872,6.412800000000004
ENSG00000160796,ENSMUSG00000056724,88.11775,11.882249999999999
ENSG00000162458,ENSMUSG00000006219,77.80805,22.191950000000006
ENSG00000182544,ENSMUSG00000045665,96.2222,3.777799999999999
ENSG00000229474,ENSMUSG00000027233,68.85499999999999,31.14500000000001
ENSG00000166889,ENSMUSG00000046139,96.4935,3.5065000000000026
ENSG00000115008,ENSMUSG00000027399,60.62864999999999,39.37135000000001
ENSG00000172215,ENSMUSG00000048521,72.8952,27.104799999999997
ENSG00000112486,ENSMUSG00000040899,73.9607,26.039299999999997
ENSG00000173585,ENSMUSG00000029530,85.6369,14.363100000000003
ENSG00000184451,ENSMUSG00000044052,88.1215,11.878500000000003
ENSG00000126353,ENSMUSG00000037944,87.037,12.962999999999994
ENSG00000129048,ENSMUSG00000079355,85.4286,14.571399999999997
ENSG00000151491,ENSMUSG00000015766,89.10535,10.894649999999999
ENSG00000129566,ENSMUSG00000006281,75.30445,24.695549999999997
ENSG00000134262,ENSMUSG00000032952,91.1307,8.869299999999996
ENSG00000010319,ENSMUSG00000021904,87.19605,12.80395
ENSG00000135040,ENSMUSG00000021555,97.3793,2.6206999999999994
ENSG00000204264,ENSMUSG00000024338,88.4058,11.5942
ENSG00000185163,ENSMUSG00000029504,76.50784999999999,23.49215000000001
ENSG00000168569,ENSMUSG00000117924,74.81715,25.182850000000002
ENSG00000183978,ENSMUSG00000017188,81.31555,18.68445
ENSG00000167601,ENSMUSG00000002602,87.8798,12.120199999999997
ENSG00000069011,ENSMUSG00000021506,96.66159999999999,3.338400000000007
ENSG00000160993,ENSMUSG00000039754,79.0706,20.9294
ENSG00000215612,ENSMUSG00000067438,87.98984999999999,12.01015000000001
ENSG00000182040,ENSMUSG00000045288,96.3124,3.6876000000000033
ENSG00000175311,ENSMUSG00000030909,82.14705000000001,17.852949999999993
ENSG00000183723,ENSMUSG00000096188,95.6731,4.326899999999995
ENSG00000072041,ENSMUSG00000019894,91.56965,8.430350000000004
ENSG00000055118,ENSMUSG00000038319,96.16560000000001,3.834399999999988
ENSG00000170271,ENSMUSG00000086962,73.13515000000001,26.86484999999999
ENSG00000167699,ENSMUSG00000017286,91.6107,8.389300000000006
ENSG00000143314,ENSMUSG00000019710,87.963,12.037000000000006
ENSG00000187664,ENSMUSG00000007594,91.023,8.977000000000004
ENSG00000106511,ENSMUSG00000036144,97.8586,2.1414000000000044
ENSG00000005102,ENSMUSG00000001493,81.65715,18.34285
ENSG00000130881,ENSMUSG00000001802,91.9382,8.061800000000005
ENSG00000181350,ENSMUSG00000046417,92.53790000000001,7.462099999999992
ENSG00000139330,ENSMUSG00000019932,85.9177,14.082300000000004
ENSG00000165646,ENSMUSG00000025094,92.14435,7.855649999999997
ENSG00000158019,ENSMUSG00000052139,99.2167,0.783299999999997
ENSG00000128283,ENSMUSG00000049521,73.03695,26.963049999999996
ENSG00000227877,ENSMUSG00000019933,80.4348,19.565200000000004
ENSG00000274443,ENSMUSG00000067795,66.6996,33.300399999999996
ENSG00000145879,ENSMUSG00000060201,67.0588,32.941199999999995
ENSG00000128849,ENSMUSG00000032232,82.72444999999999,17.27555000000001
ENSG00000143375,ENSMUSG00000068876,86.5989,13.4011
ENSG00000243335,ENSMUSG00000034110,97.5779,2.4221000000000004
ENSG00000197956,ENSMUSG00000001025,96.0924,3.907600000000002
ENSG00000124839,ENSMUSG00000026304,74.64955,25.350449999999995
ENSG00000105341,ENSMUSG00000057229,67.18475000000001,32.81524999999999
ENSG00000130529,ENSMUSG00000038260,82.4887,17.511300000000006
ENSG00000188522,ENSMUSG00000042377,80.61525,19.384749999999997
ENSG00000136982,ENSMUSG00000022422,84.85335,15.146649999999994
ENSG00000221823,ENSMUSG00000033953,100.0,0.0
ENSG00000090487,ENSMUSG00000032388,97.7273,2.2727000000000004
ENSG00000090889,ENSMUSG00000034311,87.04835,12.95165
ENSG00000160194,ENSMUSG00000024038,50.79845,49.20155
ENSG00000179941,ENSMUSG00000035759,67.13419999999999,32.86580000000001
ENSG00000115956,ENSMUSG00000020120,91.7143,8.285700000000006
ENSG00000157212,ENSMUSG00000002221,86.02674999999999,13.973250000000007
ENSG00000197616,ENSMUSG00000040752,96.9822,3.017799999999994
ENSG00000236104,ENSMUSG00000051390,86.16435,13.835650000000001
ENSG00000118402,ENSMUSG00000032262,91.69425000000001,8.305749999999989
ENSG00000197977,ENSMUSG00000021364,89.11975,10.880250000000004
ENSG00000012660,ENSMUSG00000032349,92.9766,7.023399999999995
ENSG00000066322,ENSMUSG00000006390,92.4731,7.526899999999998
ENSG00000164181,ENSMUSG00000021696,88.6121,11.387900000000002
ENSG00000130764,ENSMUSG00000029028,85.85915,14.14085
ENSG00000116120,ENSMUSG00000026245,93.5484,6.451599999999999
ENSG00000103091,ENSMUSG00000031959,95.38255000000001,4.617449999999991
ENSG00000140450,ENSMUSG00000042659,86.4357,13.564300000000003
ENSG00000169918,ENSMUSG00000033510,93.1697,6.830299999999994
ENSG00000136205,ENSMUSG00000020422,79.41425000000001,20.58574999999999
ENSG00000131771,ENSMUSG00000061718,84.97825,15.021749999999997
ENSG00000131067,ENSMUSG00000027603,96.2236,3.7763999999999953
ENSG00000091986,ENSMUSG00000022665,84.04425,15.955749999999995
ENSG00000117834,ENSMUSG00000028544,85.21305,14.786950000000004
ENSG00000198689,ENSMUSG00000060681,92.56729999999999,7.432700000000011
ENSG00000065923,ENSMUSG00000037341,95.3168,4.683199999999999
ENSG00000163431,ENSMUSG00000048096,83.68345,16.316550000000007
ENSG00000157017,ENSMUSG00000064177,83.7607,16.2393
ENSG00000187790,ENSMUSG00000055884,64.982,35.018
ENSG00000177663,ENSMUSG00000002897,68.20815,31.791849999999997
ENSG00000130830,ENSMUSG00000031402,92.9185,7.0815000000000055
ENSG00000173917,ENSMUSG00000075588,80.56405000000001,19.43594999999999
ENSG00000211445,ENSMUSG00000018339,89.3805,10.619500000000002
ENSG00000189362,ENSMUSG00000043015,70.16865,29.83135
ENSG00000166881,ENSMUSG00000040195,83.31970000000001,16.68029999999999
ENSG00000196814,ENSMUSG00000038740,96.5418,3.458200000000005
ENSG00000204178,ENSMUSG00000028826,99.247,0.7530000000000001
ENSG00000151229,ENSMUSG00000036298,89.1894,10.810599999999994
ENSG00000143006,ENSMUSG00000028610,50.528999999999996,49.471000000000004
ENSG00000132561,ENSMUSG00000022324,87.3431,12.656899999999993
ENSG00000187796,ENSMUSG00000026928,85.8209,14.179100000000005
ENSG00000127666,ENSMUSG00000047123,55.82785,44.17215
ENSG00000186298,ENSMUSG00000004455,99.6904,0.3096000000000032
ENSG00000172531,ENSMUSG00000040385,99.697,0.30299999999999727
ENSG00000142733,ENSMUSG00000028862,87.0881,12.911900000000003
ENSG00000092036,ENSMUSG00000022177,78.2369,21.763099999999994
ENSG00000065609,ENSMUSG00000033419,93.25325000000001,6.746749999999992
ENSG00000073921,ENSMUSG00000039361,97.1073,2.892700000000005
ENSG00000178163,ENSMUSG00000046572,71.24404999999999,28.755950000000013
ENSG00000166479,ENSMUSG00000024614,91.20925,8.790750000000003
ENSG00000148180,ENSMUSG00000026879,94.8016,5.198400000000007
ENSG00000175727,ENSMUSG00000038342,87.25505,12.744950000000003
ENSG00000132535,ENSMUSG00000020886,95.98859999999999,4.011400000000009
ENSG00000102554,ENSMUSG00000005148,90.37885,9.62115
ENSG00000152700,ENSMUSG00000020386,98.9899,1.0100999999999942
ENSG00000164129,ENSMUSG00000044014,86.98365,13.016350000000003
ENSG00000220008,ENSMUSG00000051067,88.7389,11.261099999999999
ENSG00000164535,ENSMUSG00000039206,78.89670000000001,21.10329999999999
ENSG00000105327,ENSMUSG00000002083,90.6736,9.326400000000007
ENSG00000121940,ENSMUSG00000027884,73.245,26.754999999999995
ENSG00000126698,ENSMUSG00000054405,99.2095,0.7904999999999944
ENSG00000135540,ENSMUSG00000039835,72.41785,27.58215
ENSG00000162522,ENSMUSG00000050390,81.80305,18.19695
ENSG00000204131,ENSMUSG00000079481,84.3704,15.629599999999996
ENSG00000188158,ENSMUSG00000059493,88.65995000000001,11.34004999999999
ENSG00000136111,ENSMUSG00000033083,89.9394,10.060599999999994
ENSG00000065183,ENSMUSG00000033285,91.03450000000001,8.965499999999992
ENSG00000156787,ENSMUSG00000022364,81.47115,18.528850000000006
ENSG00000179776,ENSMUSG00000031871,75.3827,24.6173
ENSG00000129315,ENSMUSG00000011960,90.06915000000001,9.930849999999992
ENSG00000108556,ENSMUSG00000014609,88.146,11.854
ENSG00000182759,ENSMUSG00000047591,94.1078,5.8922000000000025
ENSG00000254093,ENSMUSG00000021958,73.033,26.967
ENSG00000179300,ENSMUSG00000047686,55.768550000000005,44.231449999999995
ENSG00000017483,ENSMUSG00000031170,87.5929,12.4071
ENSG00000257315,ENSMUSG00000094410,89.22925000000001,10.770749999999992
ENSG00000071564,ENSMUSG00000020167,83.2441,16.755899999999997
ENSG00000088053,ENSMUSG00000078810,64.827,35.173
ENSG00000189430,ENSMUSG00000062524,59.207499999999996,40.792500000000004
ENSG00000140575,ENSMUSG00000030536,95.9566,4.043400000000005
ENSG00000183856,ENSMUSG00000028068,85.1977,14.802300000000002
ENSG00000145703,ENSMUSG00000021676,88.9524,11.047600000000003
ENSG00000175592,ENSMUSG00000024912,91.1777,8.822299999999998
ENSG00000237621,ENSMUSG00000068259,78.46905000000001,21.53094999999999
ENSG00000115085,ENSMUSG00000026117,93.61365,6.386349999999993
ENSG00000117751,ENSMUSG00000028882,98.0057,1.9942999999999955
ENSG00000097046,ENSMUSG00000029283,79.7953,20.204700000000003
ENSG00000149564,ENSMUSG00000001946,72.45085,27.549149999999997
ENSG00000131269,ENSMUSG00000031333,92.2872,7.712800000000001
ENSG00000134602,ENSMUSG00000031112,98.0769,1.9231000000000051
ENSG00000181873,ENSMUSG00000049287,69.74844999999999,30.25155000000001
ENSG00000185624,ENSMUSG00000025130,93.60875,6.391249999999999
ENSG00000136327,ENSMUSG00000058669,75.95474999999999,24.04525000000001
ENSG00000184154,ENSMUSG00000064307,85.9375,14.0625
ENSG00000135324,ENSMUSG00000042761,87.3807,12.619299999999996
ENSG00000146063,ENSMUSG00000040365,93.8095,6.1905
ENSG00000183718,ENSMUSG00000022113,40.8249,59.1751
ENSG00000064726,ENSMUSG00000025103,96.91095,3.0890500000000003
ENSG00000100591,ENSMUSG00000021037,94.9704,5.029600000000002
ENSG00000100526,ENSMUSG00000037628,89.3622,10.637799999999999
ENSG00000176383,ENSMUSG00000029431,75.66135,24.33865
ENSG00000172728,ENSMUSG00000046152,81.87535,18.124650000000003
ENSG00000070019,ENSMUSG00000042638,81.9581,18.0419
ENSG00000185090,ENSMUSG00000042763,95.71245,4.287549999999996
ENSG00000172469,ENSMUSG00000040520,85.4978,14.502200000000002
ENSG00000105429,ENSMUSG00000045039,94.89755,5.102450000000005
ENSG00000096968,ENSMUSG00000024789,93.7279,6.272099999999995
ENSG00000214415,ENSMUSG00000028777,95.4802,4.519800000000004
ENSG00000101542,ENSMUSG00000050840,96.1298,3.870199999999997
ENSG00000141449,ENSMUSG00000042942,90.66795,9.332049999999995
ENSG00000196208,ENSMUSG00000036523,88.95734999999999,11.042650000000009
ENSG00000171791,ENSMUSG00000057329,90.951,9.049000000000007
ENSG00000171552,ENSMUSG00000007659,97.8541,2.1458999999999975
ENSG00000129473,ENSMUSG00000089682,98.4456,1.5544000000000011
ENSG00000154832,ENSMUSG00000024560,96.35345,3.646550000000005
ENSG00000178821,ENSMUSG00000023153,69.1198,30.880200000000002
ENSG00000240053,ENSMUSG00000043807,62.29805,37.70195
ENSG00000185883,ENSMUSG00000024121,90.9677,9.032300000000006
ENSG00000164627,ENSMUSG00000023999,82.80160000000001,17.198399999999992
ENSG00000122642,ENSMUSG00000029781,93.5088,6.491200000000006
ENSG00000005022,ENSMUSG00000016319,97.9866,2.0134000000000043
ENSG00000116752,ENSMUSG00000005687,100.0,0.0
ENSG00000184602,ENSMUSG00000037972,97.7273,2.2727000000000004
ENSG00000082556,ENSMUSG00000025905,93.6842,6.315799999999996
ENSG00000220201,ENSMUSG00000079681,57.89475,42.10525
ENSG00000155754,ENSMUSG00000072295,46.123850000000004,53.876149999999996
ENSG00000167395,ENSMUSG00000049739,70.23134999999999,29.768650000000008
ENSG00000167768,ENSMUSG00000046834,76.19274999999999,23.80725000000001
ENSG00000179520,ENSMUSG00000019935,91.60595,8.394049999999993
ENSG00000198382,ENSMUSG00000035354,88.3322,11.6678
ENSG00000182307,ENSMUSG00000063236,64.76065,35.23935
ENSG00000104325,ENSMUSG00000028223,82.3881,17.611900000000006
ENSG00000242612,ENSMUSG00000036775,82.1918,17.8082
ENSG00000197181,ENSMUSG00000033644,88.0659,11.9341
ENSG00000134627,ENSMUSG00000036912,74.95635,25.04365
ENSG00000125207,ENSMUSG00000029423,94.83465000000001,5.1653499999999894
ENSG00000180042,ENSMUSG00000049041,81.5287,18.4713
ENSG00000171723,ENSMUSG00000047454,98.63765000000001,1.3623499999999922
ENSG00000135250,ENSMUSG00000062604,92.1211,7.878900000000002
ENSG00000115380,ENSMUSG00000020467,94.5233,5.476699999999994
ENSG00000205643,ENSMUSG00000064284,74.40045,25.599549999999994
ENSG00000102466,ENSMUSG00000025551,98.7854,1.2146000000000043
ENSG00000181061,ENSMUSG00000038412,85.116,14.884
ENSG00000184432,ENSMUSG00000032458,98.28825,1.711749999999995
ENSG00000144057,ENSMUSG00000024172,77.68455,22.31545
ENSG00000172977,ENSMUSG00000024926,96.03280000000001,3.967199999999991
ENSG00000120549,ENSMUSG00000036617,80.01505,19.984949999999998
ENSG00000188095,ENSMUSG00000030543,63.442400000000006,36.557599999999994
ENSG00000166823,ENSMUSG00000030544,61.987899999999996,38.012100000000004
ENSG00000151379,ENSMUSG00000047002,78.2287,21.771299999999997
ENSG00000124702,ENSMUSG00000063576,96.5969,3.403099999999995
ENSG00000197223,ENSMUSG00000000581,90.0709,9.929100000000005
ENSG00000137947,ENSMUSG00000028271,99.6835,0.3165000000000049
ENSG00000122912,ENSMUSG00000071253,92.7711,7.228899999999996
ENSG00000187003,ENSMUSG00000070979,85.4885,14.511499999999998
ENSG00000148384,ENSMUSG00000026925,76.84005,23.159949999999995
ENSG00000009950,ENSMUSG00000005373,81.58905,18.41095
ENSG00000106123,ENSMUSG00000029869,92.24115,7.758849999999995
ENSG00000111218,ENSMUSG00000030350,98.4772,1.5228000000000037
ENSG00000213551,ENSMUSG00000021811,87.86160000000001,12.13839999999999
ENSG00000138286,ENSMUSG00000039599,80.34575000000001,19.65424999999999
ENSG00000109794,ENSMUSG00000070044,62.86665,37.13335
ENSG00000124942,ENSMUSG00000069833,79.95665,20.043350000000004
ENSG00000144959,ENSMUSG00000027698,87.5,12.5
ENSG00000078328,ENSMUSG00000008658,86.69065,13.309349999999995
ENSG00000243989,ENSMUSG00000023262,85.2941,14.7059
ENSG00000140280,ENSMUSG00000032184,89.3023,10.697699999999998
ENSG00000092929,ENSMUSG00000057948,87.9085,12.091499999999996
ENSG00000007516,ENSMUSG00000047507,88.9662,11.0338
ENSG00000213022,ENSMUSG00000047884,79.44145,20.558549999999997
ENSG00000198911,ENSMUSG00000022463,92.20824999999999,7.7917500000000075
ENSG00000198855,ENSMUSG00000053334,89.5197,10.4803
ENSG00000037897,ENSMUSG00000006732,88.98985,11.010149999999996
ENSG00000151726,ENSMUSG00000018796,84.7531,15.246899999999997
ENSG00000136986,ENSMUSG00000022365,97.6096,2.3903999999999996
ENSG00000099958,ENSMUSG00000009092,89.00524999999999,10.99475000000001
ENSG00000072849,ENSMUSG00000018442,98.7448,1.255200000000002
ENSG00000197483,ENSMUSG00000074406,85.65475,14.345249999999993
ENSG00000126733,ENSMUSG00000025592,90.74625,9.253749999999997
ENSG00000276644,ENSMUSG00000055639,92.6072,7.392799999999994
ENSG00000090861,ENSMUSG00000031960,95.5579,4.442099999999996
ENSG00000100664,ENSMUSG00000021282,97.44239999999999,2.557600000000008
ENSG00000176022,ENSMUSG00000050796,83.7952,16.204800000000006
ENSG00000197860,ENSMUSG00000042743,96.3816,3.618399999999994
ENSG00000162761,ENSMUSG00000026686,97.1204,2.8795999999999964
ENSG00000135443,ENSMUSG00000116336,92.7022,7.297799999999995
ENSG00000248712,ENSMUSG00000070306,67.9868,32.0132
ENSG00000123240,ENSMUSG00000026672,78.3836,21.6164
ENSG00000269335,ENSMUSG00000004221,87.3708,12.629199999999997
ENSG00000109320,ENSMUSG00000028163,87.1135,12.886499999999998
ENSG00000130649,ENSMUSG00000025479,78.0933,21.9067
ENSG00000084110,ENSMUSG00000020017,93.7595,6.240499999999997
ENSG00000164764,ENSMUSG00000032719,89.3939,10.606099999999998
ENSG00000171611,ENSMUSG00000036858,57.0826,42.9174
ENSG00000005810,ENSMUSG00000033004,96.26984999999999,3.730150000000009
ENSG00000132329,ENSMUSG00000034353,70.9459,29.054100000000005
ENSG00000101695,ENSMUSG00000033107,86.0219,13.978099999999998
ENSG00000134758,ENSMUSG00000024317,93.8775,6.122500000000002
ENSG00000158717,ENSMUSG00000014470,98.7342,1.2657999999999987
ENSG00000124226,ENSMUSG00000006418,89.71600000000001,10.283999999999992
ENSG00000164197,ENSMUSG00000021720,82.0946,17.9054
ENSG00000141994,ENSMUSG00000007603,81.90424999999999,18.09575000000001
ENSG00000177570,ENSMUSG00000058656,83.8973,16.1027
ENSG00000130590,ENSMUSG00000038605,92.0792,7.9208
ENSG00000179921,ENSMUSG00000064272,83.45994999999999,16.540050000000008
ENSG00000142303,ENSMUSG00000024299,94.15495,5.8450500000000005
ENSG00000167513,ENSMUSG00000006585,72.35534999999999,27.644650000000013
ENSG00000131480,ENSMUSG00000078651,80.8989,19.101100000000002
ENSG00000131471,ENSMUSG00000019326,82.98445000000001,17.01554999999999
ENSG00000239732,ENSMUSG00000045322,75.1938,24.806200000000004
ENSG00000175820,ENSMUSG00000091844,32.73915,67.26085
ENSG00000185619,ENSMUSG00000033623,97.723,2.277000000000001
ENSG00000014914,ENSMUSG00000045934,85.73805,14.261949999999999
ENSG00000144747,ENSMUSG00000030059,87.27115,12.728849999999994
ENSG00000165699,ENSMUSG00000026812,87.31195,12.688050000000004
ENSG00000177105,ENSMUSG00000073982,100.0,0.0
ENSG00000122203,ENSMUSG00000025871,80.59299999999999,19.40700000000001
ENSG00000168412,ENSMUSG00000054764,84.78110000000001,15.21889999999999
ENSG00000164284,ENSMUSG00000024580,85.0784,14.921599999999998
ENSG00000109519,ENSMUSG00000029198,88.0184,11.9816
ENSG00000007264,ENSMUSG00000004933,87.54975,12.450249999999997
ENSG00000135341,ENSMUSG00000028284,99.3399,0.6600999999999999
ENSG00000121005,ENSMUSG00000025776,94.6,5.400000000000006
ENSG00000132849,ENSMUSG00000061859,78.18505,21.814949999999996
ENSG00000164741,ENSMUSG00000031523,84.2091,15.790899999999993
ENSG00000130052,ENSMUSG00000031216,82.5044,17.495599999999996
ENSG00000133121,ENSMUSG00000016128,89.5777,10.422300000000007
ENSG00000206384,ENSMUSG00000043719,83.0389,16.961100000000002
ENSG00000151131,ENSMUSG00000020255,71.3513,28.648700000000005
ENSG00000266074,ENSMUSG00000039741,81.0929,18.9071
ENSG00000149929,ENSMUSG00000042606,55.91865,44.08135
ENSG00000131016,ENSMUSG00000038587,57.74955,42.25045
ENSG00000083635,ENSMUSG00000022009,71.7149,28.2851
ENSG00000147465,ENSMUSG00000031574,87.1707,12.829300000000003
ENSG00000008405,ENSMUSG00000020038,94.6575,5.342500000000001
ENSG00000176692,ENSMUSG00000046714,90.45675,9.54325
ENSG00000162551,ENSMUSG00000028766,89.8855,10.114500000000007
ENSG00000138495,ENSMUSG00000046516,92.0635,7.936499999999995
ENSG00000091947,ENSMUSG00000020921,98.0545,1.9454999999999956
ENSG00000132002,ENSMUSG00000005483,94.7059,5.2941
ENSG00000139192,ENSMUSG00000038213,66.18155,33.81845
ENSG00000172243,ENSMUSG00000079293,54.89595,45.10405
ENSG00000213316,ENSMUSG00000020377,88.0,12.0
ENSG00000101417,ENSMUSG00000000876,80.6604,19.339600000000004
ENSG00000142875,ENSMUSG00000005034,88.46584999999999,11.534150000000011
ENSG00000275591,ENSMUSG00000039814,65.936,34.06399999999999
ENSG00000260903,ENSMUSG00000042631,90.94055,9.059449999999998
ENSG00000171044,ENSMUSG00000035067,93.9802,6.019800000000004
ENSG00000206579,ENSMUSG00000051951,95.75999999999999,4.240000000000009
ENSG00000179600,ENSMUSG00000048982,86.9231,13.076899999999995
ENSG00000114395,ENSMUSG00000037190,95.4955,4.504499999999993
ENSG00000174151,ENSMUSG00000048796,90.393,9.607
ENSG00000178691,ENSMUSG00000017548,97.1623,2.837699999999998
ENSG00000109047,ENSMUSG00000020907,87.56434999999999,12.43565000000001
ENSG00000165259,ENSMUSG00000034551,90.4488,9.551199999999994
ENSG00000137628,ENSMUSG00000037921,75.13875,24.86125
ENSG00000180879,ENSMUSG00000002014,95.3757,4.624300000000005
ENSG00000183778,ENSMUSG00000074892,71.8454,28.154600000000002
ENSG00000181027,ENSMUSG00000048920,93.83224999999999,6.167750000000012
ENSG00000154920,ENSMUSG00000039055,69.8246,30.175399999999996
ENSG00000197774,ENSMUSG00000073436,67.82345000000001,32.17654999999999
ENSG00000127616,ENSMUSG00000032187,98.17009999999999,1.8299000000000092
ENSG00000105538,ENSMUSG00000044562,93.971,6.028999999999996
ENSG00000066279,ENSMUSG00000033952,66.2928,33.7072
ENSG00000135406,ENSMUSG00000023484,94.60585,5.394149999999996
ENSG00000146463,ENSMUSG00000042446,94.34935,5.650649999999999
ENSG00000105701,ENSMUSG00000019428,91.92555,8.074449999999999
ENSG00000118245,ENSMUSG00000026182,87.2727,12.7273
ENSG00000168582,ENSMUSG00000044429,84.4828,15.517200000000003
ENSG00000163751,ENSMUSG00000001865,81.295,18.705
ENSG00000258315,ENSMUSG00000020831,89.5014,10.498599999999996
ENSG00000100218,ENSMUSG00000009070,63.28665,36.71335
ENSG00000077348,ENSMUSG00000061286,89.3617,10.638300000000001
ENSG00000178896,ENSMUSG00000034259,95.9184,4.081599999999995
ENSG00000223496,ENSMUSG00000109941,91.74345,8.256550000000004
ENSG00000174738,ENSMUSG00000021775,91.25605,8.743949999999998
ENSG00000100902,ENSMUSG00000021024,99.5935,0.4064999999999941
ENSG00000258289,ENSMUSG00000090258,96.4286,3.571399999999997
ENSG00000169255,ENSMUSG00000043300,93.3535,6.646500000000003
ENSG00000234127,ENSMUSG00000024457,88.3791,11.620900000000006
ENSG00000139567,ENSMUSG00000000530,88.75630000000001,11.24369999999999
ENSG00000163872,ENSMUSG00000041215,86.95895,13.041049999999998
ENSG00000211818,ENSMUSG00000106289,56.917,43.083
ENSG00000211809,ENSMUSG00000076861,60.5505,39.4495
ENSG00000126259,ENSMUSG00000036915,84.2357,15.764300000000006
ENSG00000078237,ENSMUSG00000038028,72.35645,27.643550000000005
ENSG00000162398,ENSMUSG00000054362,69.4728,30.527199999999993
ENSG00000077312,ENSMUSG00000061479,95.2622,4.737799999999993
ENSG00000125870,ENSMUSG00000008333,96.0,4.0
ENSG00000028137,ENSMUSG00000028599,61.616200000000006,38.383799999999994
ENSG00000108798,ENSMUSG00000018381,85.12975,14.870249999999999
ENSG00000213463,ENSMUSG00000090935,91.0345,8.965500000000006
ENSG00000183873,ENSMUSG00000032511,94.27525,5.72475
ENSG00000163686,ENSMUSG00000025277,93.90805,6.091949999999997
ENSG00000187959,ENSMUSG00000018727,58.153400000000005,41.846599999999995
ENSG00000131871,ENSMUSG00000075701,83.3779,16.622100000000003
ENSG00000100427,ENSMUSG00000035805,88.54140000000001,11.45859999999999
ENSG00000095587,ENSMUSG00000025013,90.18275,9.817250000000001
ENSG00000136003,ENSMUSG00000025825,96.7173,3.2827000000000055
ENSG00000019991,ENSMUSG00000028864,90.6593,9.340699999999998
ENSG00000008277,ENSMUSG00000040537,90.14555,9.85445
ENSG00000198785,ENSMUSG00000039579,93.3632,6.636799999999994
ENSG00000171984,ENSMUSG00000044991,63.747299999999996,36.252700000000004
ENSG00000157227,ENSMUSG00000000957,96.5636,3.436400000000006
ENSG00000253457,ENSMUSG00000094500,90.4358,9.5642
ENSG00000175376,ENSMUSG00000024841,88.97505,11.024950000000004
ENSG00000123064,ENSMUSG00000029599,85.12955,14.870450000000005
ENSG00000253304,ENSMUSG00000070720,87.781,12.218999999999994
ENSG00000206432,ENSMUSG00000095407,75.84694999999999,24.153050000000007
ENSG00000164484,ENSMUSG00000049420,90.6314,9.3686
ENSG00000188782,ENSMUSG00000048003,67.90684999999999,32.09315000000001
ENSG00000178403,ENSMUSG00000027967,85.6317,14.368300000000005
ENSG00000163806,ENSMUSG00000052525,83.7901,16.209900000000005
ENSG00000089116,ENSMUSG00000029595,98.7562,1.2437999999999931
ENSG00000099624,ENSMUSG00000003072,86.3095,13.6905
ENSG00000166147,ENSMUSG00000027204,96.2744,3.7256
ENSG00000138829,ENSMUSG00000024598,96.40835000000001,3.591649999999987
ENSG00000167550,ENSMUSG00000023755,88.28405000000001,11.715949999999992
ENSG00000205078,ENSMUSG00000033409,53.993399999999994,46.006600000000006
ENSG00000171772,ENSMUSG00000025480,61.829449999999994,38.170550000000006
ENSG00000109511,ENSMUSG00000031635,88.8889,11.111099999999993
ENSG00000162461,ENSMUSG00000040740,86.539,13.460999999999999
ENSG00000113231,ENSMUSG00000021684,94.75525,5.244749999999996
ENSG00000185974,ENSMUSG00000031450,85.8918,14.108199999999997
ENSG00000153002,ENSMUSG00000011463,74.27925,25.720749999999995
ENSG00000196900,ENSMUSG00000032900,73.50215,26.49785
ENSG00000130226,ENSMUSG00000061576,92.57650000000001,7.42349999999999
ENSG00000167178,ENSMUSG00000051243,86.9033,13.096699999999998
ENSG00000177363,ENSMUSG00000071656,67.9248,32.075199999999995
ENSG00000188389,ENSMUSG00000026285,59.7222,40.2778
ENSG00000002330,ENSMUSG00000024959,68.92505,31.07495
ENSG00000169116,ENSMUSG00000034981,63.4002,36.5998
ENSG00000137675,ENSMUSG00000070323,75.54,24.459999999999994
ENSG00000124574,ENSMUSG00000032842,83.97355,16.026449999999997
ENSG00000167653,ENSMUSG00000022598,58.311949999999996,41.688050000000004
ENSG00000277494,ENSMUSG00000022579,49.1037,50.8963
ENSG00000160932,ENSMUSG00000022587,61.3036,38.6964
ENSG00000114859,ENSMUSG00000022843,93.8013,6.198700000000002
ENSG00000136238,ENSMUSG00000001847,100.0,0.0
ENSG00000169750,ENSMUSG00000018012,100.0,0.0
ENSG00000155749,ENSMUSG00000047528,57.98825,42.01175
ENSG00000152684,ENSMUSG00000042275,96.8831,3.116900000000001
ENSG00000127419,ENSMUSG00000013495,81.35794999999999,18.642050000000012
ENSG00000151065,ENSMUSG00000041477,65.67665,34.323350000000005
ENSG00000071794,ENSMUSG00000002428,83.798,16.201999999999998
ENSG00000122870,ENSMUSG00000014329,92.8757,7.124300000000005
ENSG00000163961,ENSMUSG00000014074,63.97265,36.02735
ENSG00000166439,ENSMUSG00000058761,79.3232,20.6768
ENSG00000181781,ENSMUSG00000035963,80.6016,19.398399999999995
ENSG00000109182,ENSMUSG00000029154,82.9757,17.024299999999997
ENSG00000138892,ENSMUSG00000022388,62.7864,37.2136
ENSG00000164406,ENSMUSG00000036216,84.97095,15.029049999999998
ENSG00000183273,ENSMUSG00000043913,76.34864999999999,23.651350000000008
ENSG00000128524,ENSMUSG00000004285,98.3193,1.6807000000000016
ENSG00000149451,ENSMUSG00000027318,70.6902,29.309799999999996
ENSG00000125675,ENSMUSG00000001986,99.21549999999999,0.7845000000000084
ENSG00000165124,ENSMUSG00000028369,81.81565,18.184349999999995
ENSG00000134108,ENSMUSG00000030105,100.0,0.0
ENSG00000144820,ENSMUSG00000022755,69.6627,30.3373
ENSG00000101152,ENSMUSG00000000826,99.4949,0.5050999999999988
ENSG00000132522,ENSMUSG00000023170,97.5535,2.4465000000000003
ENSG00000243284,ENSMUSG00000049598,86.40305000000001,13.596949999999993
ENSG00000166582,ENSMUSG00000018509,75.68275,24.31725
ENSG00000213088,ENSMUSG00000037872,59.4035,40.5965
ENSG00000152766,ENSMUSG00000024774,86.3874,13.6126
ENSG00000165076,ENSMUSG00000029909,82.6286,17.371399999999994
ENSG00000133243,ENSMUSG00000003344,87.5358,12.464200000000005
ENSG00000126254,ENSMUSG00000036733,97.07765,2.9223499999999945
ENSG00000170382,ENSMUSG00000026443,88.99365,11.006349999999998
ENSG00000126458,ENSMUSG00000038387,94.4954,5.504599999999996
ENSG00000165443,ENSMUSG00000037747,97.2039,2.7960999999999956
ENSG00000168490,ENSMUSG00000003469,99.3939,0.6060999999999979
ENSG00000133937,ENSMUSG00000021095,97.0764,2.9235999999999933
ENSG00000125510,ENSMUSG00000027584,94.1671,5.832899999999995
ENSG00000180287,ENSMUSG00000055214,94.2164,5.783600000000007
ENSG00000105223,ENSMUSG00000003363,93.4564,6.543599999999998
ENSG00000166428,ENSMUSG00000052160,74.13345,25.866550000000004
ENSG00000186806,ENSMUSG00000070604,69.1643,30.835700000000003
ENSG00000148120,ENSMUSG00000021458,76.49255,23.507450000000006
ENSG00000108852,ENSMUSG00000017314,94.9371,5.062899999999999
ENSG00000151012,ENSMUSG00000027737,89.1327,10.8673
ENSG00000106410,ENSMUSG00000029736,48.331050000000005,51.668949999999995
ENSG00000155890,ENSMUSG00000032451,86.9986,13.001400000000004
ENSG00000159650,ENSMUSG00000034456,91.8639,8.136099999999999
ENSG00000168476,ENSMUSG00000033589,88.3269,11.673100000000005
ENSG00000105641,ENSMUSG00000000792,82.6653,17.334699999999998
ENSG00000235169,ENSMUSG00000078350,80.7692,19.230800000000002
ENSG00000101276,ENSMUSG00000027463,74.711,25.289
ENSG00000198315,ENSMUSG00000063894,86.79885,13.201149999999998
ENSG00000166796,ENSMUSG00000030851,74.0964,25.903599999999997
ENSG00000174840,ENSMUSG00000043702,88.41415,11.585849999999994
ENSG00000171109,ENSMUSG00000027668,90.5533,9.446700000000007
ENSG00000116688,ENSMUSG00000029020,94.9802,5.019800000000004
ENSG00000079134,ENSMUSG00000024287,96.1948,3.8051999999999992
ENSG00000214575,ENSMUSG00000025586,92.56905,7.430949999999996
ENSG00000135835,ENSMUSG00000033722,56.1887,43.8113
ENSG00000145214,ENSMUSG00000004815,80.9183,19.081699999999998
ENSG00000141294,ENSMUSG00000020878,70.187,29.813000000000002
ENSG00000109133,ENSMUSG00000037720,97.5708,2.4291999999999945
ENSG00000130822,ENSMUSG00000002012,95.3353,4.664699999999996
ENSG00000006638,ENSMUSG00000034881,74.85445,25.14555
ENSG00000122420,ENSMUSG00000028036,87.73230000000001,12.26769999999999
ENSG00000160951,ENSMUSG00000019464,85.0074,14.992599999999996
ENSG00000050628,ENSMUSG00000040016,81.56370000000001,18.43629999999999
ENSG00000167984,ENSMUSG00000049871,78.657,21.343000000000004
ENSG00000170099,ENSMUSG00000060807,58.609350000000006,41.390649999999994
ENSG00000133884,ENSMUSG00000024826,98.4655,1.5344999999999942
ENSG00000121075,ENSMUSG00000000094,93.26325,6.736750000000001
ENSG00000113269,ENSMUSG00000020376,90.6921,9.307900000000004
ENSG00000147853,ENSMUSG00000024782,92.511,7.489000000000004
ENSG00000141934,ENSMUSG00000052151,87.9831,12.016900000000007
ENSG00000072736,ENSMUSG00000031902,89.0749,10.9251
ENSG00000165507,ENSMUSG00000048489,59.00945,40.99055
ENSG00000168096,ENSMUSG00000022515,81.92225,18.077749999999995
ENSG00000171763,ENSMUSG00000118663,80.13465,19.865350000000007
ENSG00000157330,ENSMUSG00000028589,74.87375,25.12625
ENSG00000131914,ENSMUSG00000050966,96.6507,3.3492999999999995
ENSG00000187772,ENSMUSG00000063804,82.2834,17.7166
ENSG00000008056,ENSMUSG00000037217,96.24385000000001,3.756149999999991
ENSG00000089558,ENSMUSG00000035355,89.9263,10.073700000000002
ENSG00000100316,ENSMUSG00000060036,98.5112,1.4887999999999977
ENSG00000140986,ENSMUSG00000002500,95.5774,4.422600000000003
ENSG00000168803,ENSMUSG00000027259,82.80125000000001,17.19874999999999
ENSG00000196839,ENSMUSG00000017697,81.97745,18.022549999999995
ENSG00000007402,ENSMUSG00000010066,96.26445,3.7355500000000035
ENSG00000138347,ENSMUSG00000020067,87.66635,12.333650000000006
ENSG00000129116,ENSMUSG00000058056,78.7544,21.245599999999996
ENSG00000182223,ENSMUSG00000063935,52.31145,47.68855
ENSG00000189167,ENSMUSG00000056586,58.6376,41.3624
ENSG00000137871,ENSMUSG00000038535,71.16965,28.830349999999996
ENSG00000183726,ENSMUSG00000028822,94.2675,5.732500000000002
ENSG00000142945,ENSMUSG00000028678,87.69085000000001,12.309149999999988
ENSG00000186638,ENSMUSG00000028438,72.39495,27.605050000000006
ENSG00000113569,ENSMUSG00000022142,94.8239,5.176100000000005
ENSG00000136444,ENSMUSG00000039096,84.6154,15.384600000000006
ENSG00000006125,ENSMUSG00000035152,99.8948,0.10519999999999641
ENSG00000146243,ENSMUSG00000032251,82.4666,17.5334
ENSG00000112237,ENSMUSG00000028252,99.2933,0.7066999999999979
ENSG00000185697,ENSMUSG00000025912,92.48175,7.518249999999995
ENSG00000156261,ENSMUSG00000025613,96.8978,3.1021999999999963
ENSG00000140691,ENSMUSG00000042178,86.62209999999999,13.377900000000011
ENSG00000160181,ENSMUSG00000024028,81.3953,18.604699999999994
ENSG00000181004,ENSMUSG00000051444,68.9705,31.0295
ENSG00000013523,ENSMUSG00000021257,90.80075,9.199250000000006
ENSG00000272886,ENSMUSG00000021962,87.8629,12.137100000000004
ENSG00000135097,ENSMUSG00000054256,99.4475,0.5524999999999949
ENSG00000132622,ENSMUSG00000074793,93.6543,6.345699999999994
ENSG00000170906,ENSMUSG00000035674,80.9524,19.047600000000003
ENSG00000164332,ENSMUSG00000041231,98.1132,1.8867999999999938
ENSG00000183979,ENSMUSG00000044034,57.41175,42.58825
ENSG00000183971,ENSMUSG00000071230,55.77655,44.22345
ENSG00000163902,ENSMUSG00000030062,94.9795,5.020499999999998
ENSG00000083807,ENSMUSG00000030382,71.50115,28.498850000000004
ENSG00000167625,ENSMUSG00000046541,87.13875,12.861249999999998
ENSG00000186591,ENSMUSG00000039159,100.0,0.0
ENSG00000226174,ENSMUSG00000012211,46.6349,53.3651
ENSG00000137462,ENSMUSG00000027995,70.9184,29.081599999999995
ENSG00000203910,ENSMUSG00000089798,80.89605,19.103949999999998
ENSG00000172007,ENSMUSG00000027739,94.7598,5.2402000000000015
ENSG00000146477,ENSMUSG00000023828,87.084,12.915999999999997
ENSG00000114956,ENSMUSG00000014554,75.0903,24.9097
ENSG00000064300,ENSMUSG00000000120,91.8033,8.196700000000007
ENSG00000160185,ENSMUSG00000042345,80.84525,19.154750000000007
ENSG00000099377,ENSMUSG00000042289,86.9919,13.008099999999999
ENSG00000178297,ENSMUSG00000059406,79.4714,20.528599999999997
ENSG00000147416,ENSMUSG00000006273,99.0215,0.9784999999999968
ENSG00000109654,ENSMUSG00000027993,98.89685,1.1031499999999994
ENSG00000165188,ENSMUSG00000063851,87.96055,12.039450000000002
ENSG00000125798,ENSMUSG00000037025,97.19874999999999,2.8012500000000102
ENSG00000122257,ENSMUSG00000030779,88.60974999999999,11.390250000000009
ENSG00000156140,ENSMUSG00000043635,88.28909999999999,11.71090000000001
ENSG00000160710,ENSMUSG00000027951,76.27234999999999,23.72765000000001
ENSG00000188613,ENSMUSG00000072437,79.94525,20.05475
ENSG00000187556,ENSMUSG00000056155,69.2884,30.711600000000004
ENSG00000188425,ENSMUSG00000051965,75.1865,24.813500000000005
ENSG00000102104,ENSMUSG00000031293,95.9821,4.017899999999997
ENSG00000153832,ENSMUSG00000073633,76.0638,23.9362
ENSG00000138684,ENSMUSG00000027718,59.9019,40.0981
ENSG00000079393,ENSMUSG00000021768,72.05525,27.94475
ENSG00000228474,ENSMUSG00000038803,100.0,0.0
ENSG00000124812,ENSMUSG00000025774,56.8321,43.1679
ENSG00000114209,ENSMUSG00000027835,99.5283,0.47169999999999845
ENSG00000086065,ENSMUSG00000028419,98.6301,1.3699000000000012
ENSG00000135114,ENSMUSG00000041827,70.63475,29.365250000000003
ENSG00000111331,ENSMUSG00000032661,68.89015,31.109849999999994
ENSG00000111335,ENSMUSG00000032690,59.366550000000004,40.633449999999996
ENSG00000138767,ENSMUSG00000034724,97.55855,2.4414500000000032
ENSG00000112977,ENSMUSG00000039168,96.0784,3.921599999999998
ENSG00000163331,ENSMUSG00000026989,81.3084,18.691599999999994
ENSG00000101363,ENSMUSG00000063019,88.2353,11.764700000000005
ENSG00000136930,ENSMUSG00000026750,96.0289,3.971100000000007
ENSG00000025293,ENSMUSG00000038116,88.82305,11.176950000000005
ENSG00000122861,ENSMUSG00000021822,69.21334999999999,30.78665000000001
ENSG00000021645,ENSMUSG00000066392,98.154,1.8460000000000036
ENSG00000116147,ENSMUSG00000015829,93.2253,6.774699999999996
ENSG00000100987,ENSMUSG00000033080,74.72579999999999,25.274200000000008
ENSG00000103544,ENSMUSG00000030982,93.6656,6.334400000000002
ENSG00000179335,ENSMUSG00000032316,98.7755,1.2245000000000061
ENSG00000196482,ENSMUSG00000026610,100.0,0.0
ENSG00000119715,ENSMUSG00000021255,92.9515,7.048500000000004
ENSG00000182173,ENSMUSG00000020781,80.68515,19.314850000000007
ENSG00000101751,ENSMUSG00000038425,76.64215,23.35785
ENSG00000130182,ENSMUSG00000023902,71.7031,28.296899999999994
ENSG00000188766,ENSMUSG00000037239,94.86605,5.133949999999999
ENSG00000104213,ENSMUSG00000031595,89.3333,10.666700000000006
ENSG00000009765,ENSMUSG00000019762,85.02155,14.978449999999995
ENSG00000165192,ENSMUSG00000031382,90.7121,9.287899999999993
ENSG00000174233,ENSMUSG00000022994,94.4349,5.565100000000001
ENSG00000130635,ENSMUSG00000026837,94.3961,5.603899999999996
ENSG00000129103,ENSMUSG00000025538,79.8135,20.186499999999995
ENSG00000116030,ENSMUSG00000026021,100.0,0.0
ENSG00000052850,ENSMUSG00000040310,91.62505,8.374949999999998
ENSG00000163378,ENSMUSG00000035245,87.8558,12.144199999999998
ENSG00000187398,ENSMUSG00000063297,83.06819999999999,16.93180000000001
ENSG00000163541,ENSMUSG00000052738,92.1965,7.8035
ENSG00000196159,ENSMUSG00000046743,91.38900000000001,8.61099999999999
ENSG00000163507,ENSMUSG00000033031,86.6447,13.3553
ENSG00000176155,ENSMUSG00000048445,61.7737,38.2263
ENSG00000204536,ENSMUSG00000040312,71.92215,28.077849999999998
ENSG00000049283,ENSMUSG00000010080,86.4362,13.5638
ENSG00000146909,ENSMUSG00000001569,72.1129,27.887100000000004
ENSG00000093183,ENSMUSG00000061536,81.1881,18.811899999999994
ENSG00000163807,ENSMUSG00000032551,88.02680000000001,11.973199999999991
ENSG00000109625,ENSMUSG00000036596,81.47035,18.529650000000004
ENSG00000103429,ENSMUSG00000022684,90.0,10.0
ENSG00000151490,ENSMUSG00000030223,91.32015000000001,8.679849999999988
ENSG00000160862,ENSMUSG00000037053,58.52535,41.47465
ENSG00000104870,ENSMUSG00000003420,66.487,33.513000000000005
ENSG00000100038,ENSMUSG00000022779,95.5916,4.4084
ENSG00000103550,ENSMUSG00000030980,63.3611,36.6389
ENSG00000184903,ENSMUSG00000056899,91.4286,8.571399999999997
ENSG00000162227,ENSMUSG00000003680,92.69085,7.3091500000000025
ENSG00000106290,ENSMUSG00000036980,97.417,2.5829999999999984
ENSG00000177119,ENSMUSG00000064210,89.37215,10.627849999999995
ENSG00000135083,ENSMUSG00000044707,88.3721,11.627899999999997
ENSG00000183185,ENSMUSG00000074991,83.99655,16.00345
ENSG00000135241,ENSMUSG00000036257,82.7997,17.2003
ENSG00000153187,ENSMUSG00000039630,95.7765,4.223500000000001
ENSG00000183977,ENSMUSG00000044957,56.0036,43.9964
ENSG00000072121,ENSMUSG00000066440,82.5575,17.442499999999995
ENSG00000102804,ENSMUSG00000022010,85.86075,14.139250000000004
ENSG00000111452,ENSMUSG00000044017,79.36834999999999,20.631650000000008
ENSG00000155530,ENSMUSG00000056215,52.09315000000001,47.90684999999999
ENSG00000001460,ENSMUSG00000028801,70.5261,29.4739
ENSG00000140836,ENSMUSG00000038872,94.50645,5.493549999999999
ENSG00000173818,ENSMUSG00000039850,73.50285,26.497150000000005
ENSG00000163428,ENSMUSG00000034158,93.8985,6.1015000000000015
ENSG00000143850,ENSMUSG00000041757,87.17395,12.826049999999995
ENSG00000067533,ENSMUSG00000001305,73.5349,26.465100000000007
ENSG00000117151,ENSMUSG00000028189,81.01055,18.989450000000005
ENSG00000178397,ENSMUSG00000083012,40.46255,59.53745
ENSG00000121236,ENSMUSG00000072244,77.94905,22.05095
ENSG00000152242,ENSMUSG00000047466,94.64875,5.351249999999993
ENSG00000112796,ENSMUSG00000023960,81.761,18.239000000000004
ENSG00000048052,ENSMUSG00000004698,92.13489999999999,7.865100000000012
ENSG00000117697,ENSMUSG00000062510,67.2598,32.7402
ENSG00000168040,ENSMUSG00000031077,68.28450000000001,31.71549999999999
ENSG00000106330,ENSMUSG00000037221,88.5106,11.489400000000003
ENSG00000166863,ENSMUSG00000025400,65.00785,34.992149999999995
ENSG00000143473,ENSMUSG00000058248,95.66159999999999,4.338400000000007
ENSG00000165186,ENSMUSG00000041552,98.0856,1.9144000000000005
ENSG00000182771,ENSMUSG00000041078,98.4143,1.5857000000000028
ENSG00000164932,ENSMUSG00000054196,93.85405,6.145949999999999
ENSG00000141252,ENSMUSG00000017288,96.7548,3.245199999999997
ENSG00000113282,ENSMUSG00000006169,93.22185,6.778149999999997
ENSG00000131650,ENSMUSG00000040680,87.54075,12.459249999999997
ENSG00000187736,ENSMUSG00000026162,74.41415,25.585849999999994
ENSG00000067248,ENSMUSG00000042426,91.00235,8.997649999999993
ENSG00000125991,ENSMUSG00000005881,96.8019,3.1980999999999966
ENSG00000087502,ENSMUSG00000030304,95.4907,4.509299999999996
ENSG00000113719,ENSMUSG00000001576,98.9655,1.0344999999999942
ENSG00000204923,ENSMUSG00000044966,74.07735,25.922650000000004
ENSG00000170185,ENSMUSG00000038250,90.1152,9.884799999999998
ENSG00000111832,ENSMUSG00000019782,96.2963,3.7036999999999978
ENSG00000143630,ENSMUSG00000028051,94.78524999999999,5.214750000000009
ENSG00000150907,ENSMUSG00000044167,92.73195,7.268050000000002
ENSG00000042445,ENSMUSG00000056666,81.0501,18.9499
ENSG00000124772,ENSMUSG00000024008,97.9764,2.023600000000002
ENSG00000109436,ENSMUSG00000031709,95.96845,4.031549999999996
ENSG00000100296,ENSMUSG00000034274,96.0469,3.9531000000000063
ENSG00000176473,ENSMUSG00000040877,78.226,21.774
ENSG00000168438,ENSMUSG00000038446,98.791,1.2090000000000032
ENSG00000171236,ENSMUSG00000037095,63.28345,36.71655
ENSG00000142405,ENSMUSG00000078817,72.814,27.186000000000007
ENSG00000126070,ENSMUSG00000028842,98.9535,1.0464999999999947
ENSG00000166482,ENSMUSG00000042436,93.75139999999999,6.24860000000001
ENSG00000105771,ENSMUSG00000002210,97.3077,2.692300000000003
ENSG00000081760,ENSMUSG00000029482,89.881,10.119
ENSG00000111642,ENSMUSG00000063870,98.3314,1.6685999999999979
ENSG00000089009,ENSMUSG00000029614,87.6877,12.312299999999993
ENSG00000198242,ENSMUSG00000058546,100.0,0.0
ENSG00000176945,ENSMUSG00000035638,30.64405,69.35595
ENSG00000198929,ENSMUSG00000038473,95.34275,4.657250000000005
ENSG00000166851,ENSMUSG00000030867,95.0249,4.975099999999998
ENSG00000086589,ENSMUSG00000024604,100.0,0.0
ENSG00000238205,ENSMUSG00000079871,64.60085000000001,35.39914999999999
ENSG00000198723,ENSMUSG00000040340,57.9119,42.0881
ENSG00000240972,ENSMUSG00000033307,89.5652,10.434799999999996
ENSG00000197622,ENSMUSG00000046722,98.1171,1.8829000000000065
ENSG00000142252,ENSMUSG00000044709,81.54325,18.45675
ENSG00000120729,ENSMUSG00000024471,89.33635,10.663650000000004
ENSG00000130816,ENSMUSG00000004099,76.9383,23.061700000000002
ENSG00000167280,ENSMUSG00000033857,78.94675000000001,21.05324999999999
ENSG00000166266,ENSMUSG00000032030,94.14305,5.856949999999998
ENSG00000118965,ENSMUSG00000066643,91.70765,8.292349999999999
ENSG00000030419,ENSMUSG00000025997,97.3566,2.6433999999999997
ENSG00000124357,ENSMUSG00000034744,91.70325,8.296750000000003
ENSG00000148572,ENSMUSG00000075000,88.5017,11.4983
ENSG00000181927,ENSMUSG00000111590,85.99234999999999,14.007650000000012
ENSG00000099219,ENSMUSG00000046324,85.68350000000001,14.31649999999999
ENSG00000197614,ENSMUSG00000030116,78.3942,21.605800000000002
ENSG00000117122,ENSMUSG00000060572,90.1639,9.836100000000002
ENSG00000230989,ENSMUSG00000031839,88.1579,11.842100000000002
ENSG00000134153,ENSMUSG00000055943,96.48075,3.5192499999999995
ENSG00000162779,ENSMUSG00000026601,61.650800000000004,38.349199999999996
ENSG00000158315,ENSMUSG00000043333,85.62004999999999,14.379950000000008
ENSG00000147535,ENSMUSG00000031570,85.8829,14.117099999999994
ENSG00000138669,ENSMUSG00000029334,96.8504,3.1496000000000066
ENSG00000077380,ENSMUSG00000027012,97.9624,2.0375999999999976
ENSG00000152592,ENSMUSG00000029307,65.36064999999999,34.63935000000001
ENSG00000176261,ENSMUSG00000057572,95.8084,4.191599999999994
ENSG00000112877,ENSMUSG00000021572,67.28545,32.71455
ENSG00000159708,ENSMUSG00000054320,81.1386,18.861400000000003
ENSG00000100220,ENSMUSG00000001783,99.4059,0.5940999999999974
ENSG00000146648,ENSMUSG00000020122,90.4959,9.504099999999994
ENSG00000133943,ENSMUSG00000021185,73.05914999999999,26.94085000000001
ENSG00000055957,ENSMUSG00000006529,81.9978,18.002200000000002
ENSG00000198331,ENSMUSG00000050555,79.98265,20.017349999999993
ENSG00000102878,ENSMUSG00000033249,86.7886,13.211399999999998
ENSG00000130347,ENSMUSG00000019864,90.1515,9.848500000000001
ENSG00000204252,ENSMUSG00000024334,73.2,26.799999999999997
ENSG00000160813,ENSMUSG00000029725,70.9684,29.031599999999997
ENSG00000122304,ENSMUSG00000038015,62.236599999999996,37.763400000000004
ENSG00000205268,ENSMUSG00000069094,94.1909,5.809100000000001
ENSG00000149972,ENSMUSG00000039488,90.5369,9.463099999999997
ENSG00000161010,ENSMUSG00000020381,51.629599999999996,48.370400000000004
ENSG00000186891,ENSMUSG00000041954,43.63785,56.36215
ENSG00000205085,ENSMUSG00000079652,73.03370000000001,26.96629999999999
ENSG00000135338,ENSMUSG00000032258,69.09525,30.904750000000007
ENSG00000157578,ENSMUSG00000045275,59.20145,40.79855
ENSG00000198517,ENSMUSG00000018143,98.0769,1.9231000000000051
ENSG00000159714,ENSMUSG00000039199,86.7499,13.250100000000003
ENSG00000205710,ENSMUSG00000087279,68.5588,31.441199999999995
ENSG00000125652,ENSMUSG00000002661,81.9005,18.099500000000006
ENSG00000052126,ENSMUSG00000030231,86.87015,13.129850000000005
ENSG00000159753,ENSMUSG00000050357,86.24435,13.755650000000003
ENSG00000148832,ENSMUSG00000025464,81.1861,18.813900000000004
ENSG00000085872,ENSMUSG00000052488,93.54135,6.458650000000006
ENSG00000177868,ENSMUSG00000028643,77.36185,22.638149999999996
ENSG00000008516,ENSMUSG00000023903,72.19395,27.80605
ENSG00000062822,ENSMUSG00000038644,89.60225,10.397750000000002
ENSG00000174939,ENSMUSG00000046378,85.203,14.796999999999997
ENSG00000237190,ENSMUSG00000020392,96.5517,3.4483000000000033
ENSG00000162733,ENSMUSG00000026674,95.96255,4.037450000000007
ENSG00000154727,ENSMUSG00000008976,96.0352,3.9647999999999968
ENSG00000121446,ENSMUSG00000042641,66.86420000000001,33.13579999999999
ENSG00000186335,ENSMUSG00000020264,82.00014999999999,17.99985000000001
ENSG00000077463,ENSMUSG00000034748,86.00155000000001,13.998449999999991
ENSG00000122550,ENSMUSG00000028986,97.7816,2.2184000000000026
ENSG00000130402,ENSMUSG00000054808,97.46244999999999,2.53755000000001
ENSG00000186517,ENSMUSG00000048865,75.9354,24.0646
ENSG00000119729,ENSMUSG00000024143,99.5122,0.4877999999999929
ENSG00000166347,ENSMUSG00000024646,87.3134,12.686599999999999
ENSG00000166359,ENSMUSG00000118454,54.828649999999996,45.171350000000004
ENSG00000156172,ENSMUSG00000059482,77.7019,22.298100000000005
ENSG00000174950,ENSMUSG00000028865,81.50559999999999,18.494400000000013
ENSG00000135535,ENSMUSG00000019818,61.9289,38.0711
ENSG00000152558,ENSMUSG00000050912,51.666650000000004,48.333349999999996
ENSG00000026559,ENSMUSG00000074575,92.89205,7.107950000000002
ENSG00000181788,ENSMUSG00000036432,97.38085000000001,2.6191499999999905
ENSG00000115593,ENSMUSG00000055027,94.4898,5.5101999999999975
ENSG00000138315,ENSMUSG00000009654,89.45930000000001,10.540699999999987
ENSG00000227057,ENSMUSG00000024312,84.26124999999999,15.73875000000001
ENSG00000204618,ENSMUSG00000036492,83.2386,16.761399999999995
ENSG00000127995,ENSMUSG00000015189,94.8557,5.144300000000001
ENSG00000266094,ENSMUSG00000026430,85.68299999999999,14.317000000000007
ENSG00000180209,ENSMUSG00000030672,96.4497,3.550299999999993
ENSG00000120656,ENSMUSG00000028899,96.2733,3.726699999999994
ENSG00000116521,ENSMUSG00000028049,90.38905,9.610950000000003
ENSG00000169302,ENSMUSG00000039954,90.4288,9.571200000000005
ENSG00000198856,ENSMUSG00000041084,99.3289,0.6710999999999956
ENSG00000130775,ENSMUSG00000037731,67.7035,32.296499999999995
ENSG00000172673,ENSMUSG00000049109,79.7193,20.280699999999996
ENSG00000100578,ENSMUSG00000034601,70.01885,29.98115
ENSG00000163635,ENSMUSG00000021738,83.02199999999999,16.97800000000001
ENSG00000126705,ENSMUSG00000037692,95.0899,4.9101
ENSG00000136770,ENSMUSG00000026740,85.1721,14.8279
ENSG00000171346,ENSMUSG00000054146,87.7193,12.280699999999996
ENSG00000006025,ENSMUSG00000038534,92.55590000000001,7.444099999999992
ENSG00000136810,ENSMUSG00000028367,87.619,12.381
ENSG00000160551,ENSMUSG00000017291,99.4006,0.5994000000000028
ENSG00000087842,ENSMUSG00000031379,95.8621,4.137900000000002
ENSG00000164418,ENSMUSG00000056073,99.0088,0.9912000000000063
ENSG00000132465,ENSMUSG00000067149,76.1006,23.8994
ENSG00000150681,ENSMUSG00000026357,83.8298,16.170199999999994
ENSG00000175985,ENSMUSG00000066438,95.3512,4.648799999999994
ENSG00000133789,ENSMUSG00000031015,95.0427,4.957300000000004
ENSG00000023892,ENSMUSG00000002257,92.46635,7.533649999999994
ENSG00000203667,ENSMUSG00000026500,80.85255000000001,19.147449999999992
ENSG00000171169,ENSMUSG00000039164,93.8838,6.116200000000006
ENSG00000109911,ENSMUSG00000027167,77.5418,22.458200000000005
ENSG00000105576,ENSMUSG00000031691,99.10625,0.8937499999999972
ENSG00000167740,ENSMUSG00000057778,80.45570000000001,19.544299999999993
ENSG00000168904,ENSMUSG00000030556,89.9183,10.081699999999998
ENSG00000181649,ENSMUSG00000010760,58.826750000000004,41.173249999999996
ENSG00000174307,ENSMUSG00000041801,99.21260000000001,0.787399999999991
ENSG00000139289,ENSMUSG00000020205,85.36189999999999,14.638100000000009
ENSG00000196588,ENSMUSG00000042292,81.99725000000001,18.002749999999992
ENSG00000186260,ENSMUSG00000009569,84.11075,15.889250000000004
ENSG00000141052,ENSMUSG00000020542,80.95240000000001,19.04759999999999
ENSG00000099834,ENSMUSG00000025497,59.073350000000005,40.926649999999995
ENSG00000121653,ENSMUSG00000027223,93.6538,6.346199999999996
ENSG00000171815,ENSMUSG00000051663,88.0196,11.980400000000003
ENSG00000245848,ENSMUSG00000034957,94.28190000000001,5.718099999999993
ENSG00000116455,ENSMUSG00000000561,89.7661,10.233900000000006
ENSG00000125845,ENSMUSG00000027358,91.393,8.607
ENSG00000129467,ENSMUSG00000022220,92.2934,7.706599999999995
ENSG00000125107,ENSMUSG00000036550,99.4108,0.5892000000000053
ENSG00000183580,ENSMUSG00000043556,98.3707,1.6293000000000006
ENSG00000107104,ENSMUSG00000032702,84.66149999999999,15.33850000000001
ENSG00000179542,ENSMUSG00000046699,97.2521,2.7479000000000013
ENSG00000197045,ENSMUSG00000062014,97.8873,2.112700000000004
ENSG00000130755,ENSMUSG00000060791,93.662,6.337999999999994
ENSG00000156575,ENSMUSG00000027072,61.747749999999996,38.252250000000004
ENSG00000186652,ENSMUSG00000027073,59.7756,40.2244
ENSG00000010810,ENSMUSG00000019843,99.4413,0.5587000000000018
ENSG00000124596,ENSMUSG00000040771,95.3947,4.6053
ENSG00000237489,ENSMUSG00000040139,48.7037,51.2963
ENSG00000102683,ENSMUSG00000035296,83.5052,16.494799999999998
ENSG00000130349,ENSMUSG00000019797,78.75,21.25
ENSG00000168026,ENSMUSG00000032514,77.04605000000001,22.953949999999992
ENSG00000123607,ENSMUSG00000034848,85.8229,14.177099999999996
ENSG00000164164,ENSMUSG00000036990,87.529,12.471000000000004
ENSG00000152465,ENSMUSG00000026643,95.7831,4.216899999999995
ENSG00000136448,ENSMUSG00000020936,97.379,2.620999999999995
ENSG00000204740,ENSMUSG00000075520,72.0772,27.922799999999995
ENSG00000161609,ENSMUSG00000038292,67.28205,32.71795
ENSG00000171792,ENSMUSG00000048668,68.07884999999999,31.92115000000001
ENSG00000160298,ENSMUSG00000009114,45.62225,54.37775
ENSG00000135625,ENSMUSG00000071341,85.89805,14.101950000000002
ENSG00000125871,ENSMUSG00000027424,70.38665,29.613349999999997
ENSG00000053747,ENSMUSG00000024421,77.83285000000001,22.167149999999992
ENSG00000221983,ENSMUSG00000090137,100.0,0.0
ENSG00000134333,ENSMUSG00000063229,93.9759,6.024100000000004
ENSG00000116194,ENSMUSG00000033544,92.96645000000001,7.033549999999991
ENSG00000184007,ENSMUSG00000028788,100.0,0.0
ENSG00000197579,ENSMUSG00000036822,86.62465,13.375349999999997
ENSG00000128581,ENSMUSG00000007987,90.2703,9.729699999999994
ENSG00000184076,ENSMUSG00000059534,83.46975,16.530249999999995
ENSG00000070081,ENSMUSG00000030659,85.9524,14.047600000000003
ENSG00000104805,ENSMUSG00000030824,87.8265,12.173500000000004
ENSG00000107263,ENSMUSG00000039844,90.0101,9.989900000000006
ENSG00000104205,ENSMUSG00000025915,96.7742,3.2258000000000067
ENSG00000101049,ENSMUSG00000017868,94.0054,5.9946000000000055
ENSG00000164440,ENSMUSG00000039891,71.5851,28.414900000000003
ENSG00000134072,ENSMUSG00000030272,96.50815,3.4918499999999995
ENSG00000151468,ENSMUSG00000026676,89.87385,10.126149999999996
ENSG00000108854,ENSMUSG00000018363,99.1979,0.8020999999999958
ENSG00000167604,ENSMUSG00000036931,81.10239999999999,18.89760000000001
ENSG00000144802,ENSMUSG00000035356,74.8628,25.137200000000007
ENSG00000068394,ENSMUSG00000031148,74.49289999999999,25.50710000000001
ENSG00000235568,ENSMUSG00000058099,47.197,52.803
ENSG00000103310,ENSMUSG00000030911,57.915400000000005,42.084599999999995
ENSG00000150990,ENSMUSG00000029480,84.17935,15.82065
ENSG00000149308,ENSMUSG00000033054,74.81604999999999,25.18395000000001
ENSG00000163634,ENSMUSG00000053453,97.549,2.4509999999999934
ENSG00000125872,ENSMUSG00000043110,64.4957,35.5043
ENSG00000152192,ENSMUSG00000048349,99.04820000000001,0.9517999999999915
ENSG00000187720,ENSMUSG00000032289,87.8193,12.180700000000002
ENSG00000158864,ENSMUSG00000013593,92.2246,7.775400000000005
ENSG00000040199,ENSMUSG00000031732,89.48255,10.517449999999997
ENSG00000115844,ENSMUSG00000023391,94.2459,5.754099999999994
ENSG00000169193,ENSMUSG00000050786,89.2857,10.714299999999994
ENSG00000152127,ENSMUSG00000036155,97.23165,2.768349999999998
ENSG00000167889,ENSMUSG00000043857,91.2879,8.712100000000007
ENSG00000162174,ENSMUSG00000024654,75.45515,24.544849999999997
ENSG00000089123,ENSMUSG00000039033,94.5238,5.476200000000006
ENSG00000038002,ENSMUSG00000031521,82.3699,17.6301
ENSG00000221858,ENSMUSG00000073111,85.4378,14.562200000000004
ENSG00000221989,ENSMUSG00000071481,73.5788,26.4212
ENSG00000221836,ENSMUSG00000043119,86.6347,13.365300000000005
ENSG00000146674,ENSMUSG00000020427,81.6469,18.353099999999998
ENSG00000175322,ENSMUSG00000060314,38.9362,61.0638
ENSG00000139637,ENSMUSG00000001285,85.98125,14.018749999999997
ENSG00000114487,ENSMUSG00000022652,66.30799999999999,33.69200000000001
ENSG00000164778,ENSMUSG00000039095,87.99215000000001,12.00784999999999
ENSG00000159111,ENSMUSG00000001445,78.01175,21.988249999999994
ENSG00000148541,ENSMUSG00000043259,82.64574999999999,17.354250000000008
ENSG00000031003,ENSMUSG00000036501,86.5537,13.446299999999994
ENSG00000138640,ENSMUSG00000037709,69.1058,30.894199999999998
ENSG00000204965,ENSMUSG00000103092,86.63114999999999,13.368850000000009
ENSG00000080819,ENSMUSG00000022742,80.05664999999999,19.94335000000001
ENSG00000181894,ENSMUSG00000057894,72.08324999999999,27.916750000000008
ENSG00000107831,ENSMUSG00000025219,86.51825,13.481750000000005
ENSG00000163584,ENSMUSG00000039221,95.9016,4.098399999999998
ENSG00000104331,ENSMUSG00000066324,91.4701,8.529899999999998
ENSG00000174173,ENSMUSG00000044763,74.67695,25.323049999999995
ENSG00000165275,ENSMUSG00000035601,77.6033,22.396699999999996
ENSG00000145331,ENSMUSG00000004127,76.18265,23.817350000000005
ENSG00000106266,ENSMUSG00000029560,85.94305,14.05695
ENSG00000180346,ENSMUSG00000049232,88.1905,11.8095
ENSG00000138430,ENSMUSG00000027108,99.4949,0.5050999999999988
ENSG00000164975,ENSMUSG00000028483,84.84309999999999,15.156900000000007
ENSG00000141499,ENSMUSG00000041346,78.35055,21.64945
ENSG00000129354,ENSMUSG00000003309,96.69865,3.3013499999999993
ENSG00000149927,ENSMUSG00000052301,94.1651,5.834900000000005
ENSG00000100462,ENSMUSG00000023110,97.8022,2.197800000000001
ENSG00000148187,ENSMUSG00000026887,85.1145,14.885499999999993
ENSG00000176225,ENSMUSG00000023066,82.2552,17.744799999999998
ENSG00000112183,ENSMUSG00000038132,98.7288,1.2711999999999932
ENSG00000005073,ENSMUSG00000038210,96.8051,3.194900000000004
ENSG00000105550,ENSMUSG00000030827,75.41810000000001,24.58189999999999
ENSG00000142207,ENSMUSG00000039929,76.1215,23.878500000000003
ENSG00000232112,ENSMUSG00000091537,100.0,0.0
ENSG00000145911,ENSMUSG00000001053,91.4007,8.5993
ENSG00000154645,ENSMUSG00000022860,82.57124999999999,17.428750000000008
ENSG00000204381,ENSMUSG00000060594,82.92099999999999,17.079000000000008
ENSG00000277443,ENSMUSG00000069662,72.4802,27.519800000000004
ENSG00000253910,ENSMUSG00000102748,82.30250000000001,17.69749999999999
ENSG00000053372,ENSMUSG00000028741,92.887,7.1129999999999995
ENSG00000137674,ENSMUSG00000018620,89.32655,10.673450000000003
ENSG00000116574,ENSMUSG00000039960,91.33255,8.667450000000002
ENSG00000114279,ENSMUSG00000022523,85.31479999999999,14.685200000000009
ENSG00000178445,ENSMUSG00000024827,92.2255,7.774500000000003
ENSG00000063601,ENSMUSG00000015214,92.4002,7.599800000000002
ENSG00000087053,ENSMUSG00000031918,97.3561,2.643900000000002
ENSG00000107968,ENSMUSG00000024235,93.3619,6.638099999999994
ENSG00000132975,ENSMUSG00000041468,93.7126,6.287400000000005
ENSG00000181773,ENSMUSG00000049649,93.6364,6.363600000000005
ENSG00000146360,ENSMUSG00000046922,93.7933,6.206699999999998
ENSG00000118432,ENSMUSG00000044288,96.93135000000001,3.068649999999991
ENSG00000188822,ENSMUSG00000062585,81.21555000000001,18.784449999999993
ENSG00000146192,ENSMUSG00000024013,81.0687,18.931299999999993
ENSG00000205517,ENSMUSG00000040146,80.3383,19.661699999999996
ENSG00000136643,ENSMUSG00000089872,78.7011,21.298900000000003
ENSG00000086758,ENSMUSG00000025261,97.76055,2.239450000000005
ENSG00000171126,ENSMUSG00000045053,96.2037,3.7963000000000022
ENSG00000184939,ENSMUSG00000031907,81.6038,18.396199999999993
ENSG00000185009,ENSMUSG00000021824,99.5215,0.4784999999999968
ENSG00000163930,ENSMUSG00000021901,93.34254999999999,6.657450000000011
ENSG00000198400,ENSMUSG00000028072,86.39529999999999,13.604700000000008
ENSG00000213424,ENSMUSG00000035849,88.2855,11.714500000000001
ENSG00000172366,ENSMUSG00000025732,85.0,15.0
ENSG00000003509,ENSMUSG00000024082,83.69715,16.302850000000007
ENSG00000007080,ENSMUSG00000007721,88.1982,11.8018
ENSG00000175324,ENSMUSG00000037296,96.9925,3.007499999999993
ENSG00000172590,ENSMUSG00000010406,83.129,16.870999999999995
ENSG00000119574,ENSMUSG00000049600,86.9125,13.087500000000006
ENSG00000114126,ENSMUSG00000032411,95.0673,4.932699999999997
ENSG00000132718,ENSMUSG00000068923,95.2382,4.761799999999994
ENSG00000055130,ENSMUSG00000029686,99.8711,0.12890000000000157
ENSG00000141434,ENSMUSG00000024313,77.43805,22.561949999999996
ENSG00000092850,ENSMUSG00000028845,83.7209,16.2791
ENSG00000167858,ENSMUSG00000020799,82.5359,17.464100000000002
ENSG00000153060,ENSMUSG00000039179,77.72235,22.277649999999994
ENSG00000125409,ENSMUSG00000042189,83.4694,16.530600000000007
ENSG00000115556,ENSMUSG00000026173,73.3554,26.644599999999997
ENSG00000141753,ENSMUSG00000017493,91.41185,8.588149999999999
ENSG00000196511,ENSMUSG00000029735,89.3004,10.699600000000004
ENSG00000157653,ENSMUSG00000058046,43.644800000000004,56.355199999999996
ENSG00000164002,ENSMUSG00000028629,83.9142,16.085800000000006
ENSG00000174990,ENSMUSG00000025317,71.1991,28.8009
ENSG00000182004,ENSMUSG00000090553,100.0,0.0
ENSG00000139160,ENSMUSG00000039958,77.77055,22.22945
ENSG00000156239,ENSMUSG00000044442,87.3832,12.616799999999998
ENSG00000110013,ENSMUSG00000001942,77.27775,22.722250000000003
ENSG00000111752,ENSMUSG00000040669,92.25505,7.744950000000003
ENSG00000275004,ENSMUSG00000049764,66.4856,33.514399999999995
ENSG00000136718,ENSMUSG00000026127,97.9381,2.0618999999999943
ENSG00000117133,ENSMUSG00000028187,95.1289,4.871099999999998
ENSG00000154734,ENSMUSG00000022893,82.0672,17.9328
ENSG00000152670,ENSMUSG00000021758,88.84365,11.156350000000003
ENSG00000169371,ENSMUSG00000055334,92.20125,7.798749999999998
ENSG00000101574,ENSMUSG00000055660,75.29175000000001,24.708249999999992
ENSG00000167767,ENSMUSG00000037185,85.6195,14.380499999999998
ENSG00000277258,ENSMUSG00000018537,95.6276,4.372399999999999
ENSG00000102531,ENSMUSG00000033487,91.0685,8.9315
ENSG00000108590,ENSMUSG00000020801,97.7099,2.2900999999999954
ENSG00000074842,ENSMUSG00000019579,84.99199999999999,15.00800000000001
ENSG00000128534,ENSMUSG00000044155,100.0,0.0
ENSG00000064989,ENSMUSG00000059588,89.6108,10.389200000000002
ENSG00000222028,ENSMUSG00000072423,83.0574,16.9426
ENSG00000160191,ENSMUSG00000041119,87.72935000000001,12.27064999999999
ENSG00000152939,ENSMUSG00000021636,87.69155,12.308449999999993
ENSG00000144591,ENSMUSG00000033021,97.619,2.3810000000000002
ENSG00000005884,ENSMUSG00000001507,86.78715,13.212850000000003
ENSG00000206013,ENSMUSG00000025489,78.95185000000001,21.048149999999993
ENSG00000244242,ENSMUSG00000045777,89.39840000000001,10.60159999999999
ENSG00000136449,ENSMUSG00000039110,70.4196,29.580399999999997
ENSG00000163382,ENSMUSG00000028070,88.78175,11.218249999999998
ENSG00000250067,ENSMUSG00000048967,74.38475,25.615250000000003
ENSG00000157510,ENSMUSG00000033032,88.9323,11.067700000000002
ENSG00000196526,ENSMUSG00000029094,87.11225,12.887749999999997
ENSG00000169129,ENSMUSG00000025083,82.25825,17.741749999999996
ENSG00000072803,ENSMUSG00000020271,98.579,1.4210000000000065
ENSG00000187957,ENSMUSG00000036766,90.3663,9.633700000000005
ENSG00000184990,ENSMUSG00000064326,70.8571,29.142899999999997
ENSG00000160117,ENSMUSG00000046295,55.80385,44.19615
ENSG00000156671,ENSMUSG00000021770,95.6627,4.337299999999999
ENSG00000130725,ENSMUSG00000005575,100.0,0.0
ENSG00000160190,ENSMUSG00000024036,86.65445,13.345550000000003
ENSG00000124429,ENSMUSG00000034607,89.45605,10.543949999999995
ENSG00000118276,ENSMUSG00000056124,94.7644,5.235600000000005
ENSG00000143256,ENSMUSG00000006412,96.1039,3.896100000000004
ENSG00000111405,ENSMUSG00000022468,81.9956,18.004400000000004
ENSG00000101158,ENSMUSG00000016253,96.9354,3.0645999999999987
ENSG00000168005,ENSMUSG00000024970,82.1522,17.847800000000007
ENSG00000183615,ENSMUSG00000050493,86.15469999999999,13.845300000000009
ENSG00000115652,ENSMUSG00000057363,97.9916,2.0083999999999946
ENSG00000135604,ENSMUSG00000039232,85.0174,14.982600000000005
ENSG00000178750,ENSMUSG00000047854,86.34909999999999,13.650900000000007
ENSG00000076944,ENSMUSG00000004626,94.7723,5.227699999999999
ENSG00000068366,ENSMUSG00000031278,93.92779999999999,6.072200000000009
ENSG00000197785,ENSMUSG00000029036,91.7604,8.239599999999996
ENSG00000147234,ENSMUSG00000042425,91.57990000000001,8.42009999999999
ENSG00000169933,ENSMUSG00000049176,88.2504,11.749600000000001
ENSG00000070601,ENSMUSG00000035615,77.3971,22.602900000000005
ENSG00000167191,ENSMUSG00000008734,83.30045000000001,16.699549999999988
ENSG00000170412,ENSMUSG00000051043,87.9819,12.018100000000004
ENSG00000111291,ENSMUSG00000030205,81.27735000000001,18.722649999999987
ENSG00000013588,ENSMUSG00000046733,75.45595,24.54405
ENSG00000129474,ENSMUSG00000022178,92.72525,7.274749999999997
ENSG00000116288,ENSMUSG00000028964,91.5344,8.465599999999995
ENSG00000125843,ENSMUSG00000068264,86.5,13.5
ENSG00000072682,ENSMUSG00000018906,90.8424,9.157600000000002
ENSG00000163291,ENSMUSG00000055725,97.7492,2.250799999999998
ENSG00000244687,ENSMUSG00000078923,93.8775,6.122500000000002
ENSG00000171840,ENSMUSG00000041377,72.98335,27.01665
ENSG00000146386,ENSMUSG00000078453,92.5926,7.4073999999999955
ENSG00000053918,ENSMUSG00000009545,88.24719999999999,11.752800000000008
ENSG00000135736,ENSMUSG00000063605,92.26575,7.734250000000003
ENSG00000181965,ENSMUSG00000048904,87.75245,12.247550000000004
ENSG00000116731,ENSMUSG00000057637,84.38925,15.610749999999996
ENSG00000138336,ENSMUSG00000047146,55.7625,44.2375
ENSG00000114861,ENSMUSG00000030067,95.1973,4.8027000000000015
ENSG00000149016,ENSMUSG00000071645,78.48605,21.513949999999994
ENSG00000104369,ENSMUSG00000042686,93.4141,6.585899999999995
ENSG00000123999,ENSMUSG00000032968,78.9617,21.038300000000007
ENSG00000288658,ENSMUSG00000118426,75.97515,24.02485
ENSG00000145423,ENSMUSG00000027996,97.9661,2.0339000000000027
ENSG00000273540,ENSMUSG00000025754,77.21805,22.781949999999995
ENSG00000153531,ENSMUSG00000031448,44.01635,55.98365
ENSG00000144843,ENSMUSG00000002844,81.506,18.494
ENSG00000143127,ENSMUSG00000090210,87.832,12.168000000000006
ENSG00000169925,ENSMUSG00000026918,94.3625,5.637500000000003
ENSG00000204256,ENSMUSG00000024335,96.18545,3.814549999999997
ENSG00000171503,ENSMUSG00000027809,92.4575,7.542500000000004
ENSG00000121454,ENSMUSG00000026468,98.9744,1.0255999999999972
ENSG00000125834,ENSMUSG00000037885,87.60675,12.393249999999995
ENSG00000125447,ENSMUSG00000020740,86.19115,13.808850000000007
ENSG00000167037,ENSMUSG00000042216,93.9616,6.038399999999996
ENSG00000101265,ENSMUSG00000027339,92.638,7.361999999999995
ENSG00000143727,ENSMUSG00000044573,84.8101,15.189899999999994
ENSG00000184992,ENSMUSG00000037905,82.14415,17.855850000000004
ENSG00000024526,ENSMUSG00000028175,82.6229,17.3771
ENSG00000035499,ENSMUSG00000021697,93.9509,6.049099999999996
ENSG00000121690,ENSMUSG00000027173,87.0842,12.915800000000004
ENSG00000176387,ENSMUSG00000031891,84.49879999999999,15.501200000000011
ENSG00000167114,ENSMUSG00000059316,92.224,7.775999999999996
ENSG00000157106,ENSMUSG00000030655,97.71825000000001,2.281749999999988
ENSG00000057294,ENSMUSG00000041957,80.07755,19.922449999999998
ENSG00000133110,ENSMUSG00000027750,89.84485000000001,10.155149999999992
ENSG00000120708,ENSMUSG00000035493,90.6296,9.370400000000004
ENSG00000100170,ENSMUSG00000011034,87.88565,12.114350000000002
ENSG00000079616,ENSMUSG00000030677,81.96340000000001,18.036599999999993
ENSG00000126856,ENSMUSG00000051977,47.3941,52.6059
ENSG00000172500,ENSMUSG00000024911,96.26429999999999,3.7357000000000085
ENSG00000174448,ENSMUSG00000079608,69.37280000000001,30.627199999999988
ENSG00000165233,ENSMUSG00000037960,90.1639,9.836100000000002
ENSG00000181001,ENSMUSG00000051885,86.42765,13.57235
ENSG00000181009,ENSMUSG00000073916,85.81365,14.186350000000004
ENSG00000181109,ENSMUSG00000073924,47.114000000000004,52.885999999999996
ENSG00000122733,ENSMUSG00000036062,91.0,9.0
ENSG00000141552,ENSMUSG00000025135,98.8095,1.1905000000000001
ENSG00000168263,ENSMUSG00000047298,81.32,18.680000000000007
ENSG00000234616,ENSMUSG00000046380,77.51855,22.481449999999995
ENSG00000100124,ENSMUSG00000033055,92.15385,7.846149999999994
ENSG00000070018,ENSMUSG00000030201,98.0161,1.9839000000000055
ENSG00000138759,ENSMUSG00000034687,84.96635,15.033649999999994
ENSG00000196405,ENSMUSG00000021262,90.37935,9.620649999999998
ENSG00000182612,ENSMUSG00000039691,61.495400000000004,38.504599999999996
ENSG00000054938,ENSMUSG00000030732,72.2816,27.718400000000003
ENSG00000170561,ENSMUSG00000001504,91.8528,8.147199999999998
ENSG00000131652,ENSMUSG00000041319,94.7214,5.278599999999997
ENSG00000169738,ENSMUSG00000039450,84.0164,15.983599999999996
ENSG00000118564,ENSMUSG00000039753,93.6234,6.376599999999996
ENSG00000203963,ENSMUSG00000028520,34.8548,65.1452
ENSG00000012983,ENSMUSG00000034761,96.16069999999999,3.8393000000000086
ENSG00000132604,ENSMUSG00000031921,85.134,14.866
ENSG00000185112,ENSMUSG00000046546,88.54795,11.45205
ENSG00000071205,ENSMUSG00000037148,91.4758,8.524199999999993
ENSG00000189099,ENSMUSG00000049013,58.16135,41.83865
ENSG00000137807,ENSMUSG00000032254,88.5419,11.458100000000002
ENSG00000165886,ENSMUSG00000025171,98.6784,1.3216000000000037
ENSG00000168763,ENSMUSG00000001138,87.0438,12.956199999999995
ENSG00000182580,ENSMUSG00000005958,96.63544999999999,3.3645500000000084
ENSG00000130224,ENSMUSG00000031290,92.85034999999999,7.149650000000008
ENSG00000134684,ENSMUSG00000028811,96.5909,3.409099999999995
ENSG00000156873,ENSMUSG00000030815,93.5961,6.403899999999993
ENSG00000134056,ENSMUSG00000061474,83.9044,16.095600000000005
ENSG00000166848,ENSMUSG00000033430,85.61095,14.389049999999997
ENSG00000204420,ENSMUSG00000073414,71.22184999999999,28.77815000000001
ENSG00000120533,ENSMUSG00000022338,97.52475,2.4752500000000026
ENSG00000153253,ENSMUSG00000057182,96.0903,3.909700000000001
ENSG00000134245,ENSMUSG00000027840,95.1288,4.871200000000002
ENSG00000137309,ENSMUSG00000078249,97.1963,2.8037000000000063
ENSG00000162819,ENSMUSG00000046836,91.7275,8.272499999999994
ENSG00000107105,ENSMUSG00000008489,95.87615,4.1238500000000045
ENSG00000175309,ENSMUSG00000020359,85.21795,14.782049999999998
ENSG00000204209,ENSMUSG00000002307,71.8919,28.108099999999993
ENSG00000159055,ENSMUSG00000022978,71.25200000000001,28.74799999999999
ENSG00000104147,ENSMUSG00000072980,63.4456,36.5544
ENSG00000168447,ENSMUSG00000030873,84.03775,15.962249999999997
ENSG00000163935,ENSMUSG00000006527,88.95345,11.046549999999996
ENSG00000158246,ENSMUSG00000046694,91.31505,8.68495
ENSG00000047579,ENSMUSG00000057531,78.2363,21.7637
ENSG00000205143,ENSMUSG00000066224,85.75025,14.249750000000006
ENSG00000277399,ENSMUSG00000070337,66.1111,33.88890000000001
ENSG00000188916,ENSMUSG00000073805,84.5176,15.482399999999998
ENSG00000204767,ENSMUSG00000069911,77.9439,22.0561
ENSG00000204165,ENSMUSG00000090141,55.10545,44.89455
ENSG00000137343,ENSMUSG00000024426,89.5487,10.451300000000003
ENSG00000182196,ENSMUSG00000029404,82.85705,17.14295
ENSG00000164134,ENSMUSG00000063273,98.44024999999999,1.5597500000000082
ENSG00000172766,ENSMUSG00000022020,88.1944,11.805599999999998
ENSG00000111300,ENSMUSG00000042719,92.9012,7.098799999999997
ENSG00000172461,ENSMUSG00000055373,99.4429,0.5571000000000055
ENSG00000006607,ENSMUSG00000034066,83.15465,16.845349999999996
ENSG00000166869,ENSMUSG00000030865,81.1225,18.877499999999998
ENSG00000256162,ENSMUSG00000096546,53.8941,46.1059
ENSG00000047056,ENSMUSG00000021147,96.7681,3.231899999999996
ENSG00000138442,ENSMUSG00000026019,93.8534,6.1466000000000065
ENSG00000120647,ENSMUSG00000030177,80.85985,19.140150000000006
ENSG00000005981,ENSMUSG00000042607,92.4883,7.511700000000005
ENSG00000148719,ENSMUSG00000020109,92.69735,7.30265
ENSG00000168275,ENSMUSG00000051671,60.196,39.804
ENSG00000163701,ENSMUSG00000043088,69.82225,30.177750000000003
ENSG00000179604,ENSMUSG00000041598,78.0219,21.978099999999998
ENSG00000166133,ENSMUSG00000027324,77.4176,22.582400000000007
ENSG00000140262,ENSMUSG00000032228,95.6091,4.390900000000002
ENSG00000117594,ENSMUSG00000016194,78.4247,21.5753
ENSG00000148481,ENSMUSG00000026767,95.8381,4.161900000000003
ENSG00000170214,ENSMUSG00000050541,95.84765,4.152349999999998
ENSG00000167769,ENSMUSG00000045019,78.2343,21.765699999999995
ENSG00000177076,ENSMUSG00000038007,93.0909,6.909099999999995
ENSG00000078124,ENSMUSG00000030760,88.3895,11.610500000000002
ENSG00000105376,ENSMUSG00000032174,85.17235,14.827650000000006
ENSG00000137273,ENSMUSG00000038402,93.70835,6.291650000000004
ENSG00000158417,ENSMUSG00000026083,91.62585,8.37415
ENSG00000105650,ENSMUSG00000031842,67.8986,32.1014
ENSG00000147044,ENSMUSG00000031012,99.5677,0.4322999999999979
ENSG00000197256,ENSMUSG00000032194,83.4729,16.527100000000004
ENSG00000112110,ENSMUSG00000057388,83.3333,16.666700000000006
ENSG00000119912,ENSMUSG00000056999,95.1914,4.808599999999998
ENSG00000146166,ENSMUSG00000050217,75.93895,24.061049999999994
ENSG00000275700,ENSMUSG00000018697,80.1891,19.810900000000004
ENSG00000068305,ENSMUSG00000030557,89.4836,10.516400000000004
ENSG00000171872,ENSMUSG00000048626,44.30115,55.69885
ENSG00000103460,ENSMUSG00000043668,95.2216,4.778400000000005
ENSG00000172318,ENSMUSG00000034780,100.0,0.0
ENSG00000177283,ENSMUSG00000036904,96.30574999999999,3.694250000000011
ENSG00000256525,ENSMUSG00000020718,74.8449,25.155100000000004
ENSG00000106105,ENSMUSG00000029777,91.96610000000001,8.033899999999988
ENSG00000077684,ENSMUSG00000025764,92.60355,7.3964500000000015
ENSG00000134769,ENSMUSG00000024302,93.95495,6.045050000000003
ENSG00000105993,ENSMUSG00000029131,81.01060000000001,18.98939999999999
ENSG00000231824,ENSMUSG00000091636,76.8116,23.1884
ENSG00000166224,ENSMUSG00000020097,84.6831,15.316900000000004
ENSG00000111732,ENSMUSG00000040627,92.4242,7.575800000000001
ENSG00000146282,ENSMUSG00000028292,86.5052,13.494799999999998
ENSG00000113643,ENSMUSG00000018848,91.5152,8.484800000000007
ENSG00000174485,ENSMUSG00000053641,91.21685,8.783150000000006
ENSG00000150456,ENSMUSG00000021951,80.8411,19.158900000000003
ENSG00000171310,ENSMUSG00000034612,96.875,3.125
ENSG00000235608,ENSMUSG00000029112,80.471,19.528999999999996
ENSG00000285025,ENSMUSG00000115798,87.1429,12.857100000000003
ENSG00000116141,ENSMUSG00000026620,94.3396,5.660399999999996
ENSG00000113742,ENSMUSG00000020300,97.16825,2.8317499999999995
ENSG00000135409,ENSMUSG00000023047,78.70439999999999,21.295600000000007
ENSG00000197705,ENSMUSG00000042514,98.8874,1.1126000000000005
ENSG00000105227,ENSMUSG00000053198,73.2693,26.7307
ENSG00000087095,ENSMUSG00000017376,99.8102,0.1898000000000053
ENSG00000122735,ENSMUSG00000061322,87.7145,12.285499999999999
ENSG00000162009,ENSMUSG00000050824,80.1659,19.834100000000007
ENSG00000173918,ENSMUSG00000017446,76.8683,23.131699999999995
ENSG00000120458,ENSMUSG00000042138,97.3166,2.683400000000006
ENSG00000142700,ENSMUSG00000047143,93.9521,6.0478999999999985
ENSG00000187714,ENSMUSG00000100241,94.3506,5.6494
ENSG00000142541,ENSMUSG00000074129,95.5665,4.433499999999995
ENSG00000134532,ENSMUSG00000041540,96.9856,3.014399999999995
ENSG00000185453,ENSMUSG00000070814,69.7562,30.243799999999993
ENSG00000105877,ENSMUSG00000018581,84.78535,15.214650000000006
ENSG00000181072,ENSMUSG00000045613,96.3519,3.6480999999999995
ENSG00000115677,ENSMUSG00000034088,97.9495,2.0504999999999995
ENSG00000144233,ENSMUSG00000041915,98.3871,1.6128999999999962
ENSG00000101935,ENSMUSG00000042225,95.1507,4.8492999999999995
ENSG00000117036,ENSMUSG00000003382,85.85374999999999,14.146250000000009
ENSG00000137502,ENSMUSG00000030643,100.0,0.0
ENSG00000197763,ENSMUSG00000000811,85.57499999999999,14.425000000000011
ENSG00000117318,ENSMUSG00000007872,96.6387,3.3613
ENSG00000133063,ENSMUSG00000026450,74.83905,25.16095
ENSG00000095261,ENSMUSG00000026869,89.881,10.119
ENSG00000106565,ENSMUSG00000029810,52.5419,47.4581
ENSG00000002933,ENSMUSG00000023367,54.2989,45.7011
ENSG00000168887,ENSMUSG00000058706,83.1325,16.867500000000007
ENSG00000185736,ENSMUSG00000052551,83.28975,16.710250000000002
ENSG00000175792,ENSMUSG00000030079,99.7807,0.21930000000000405
ENSG00000183207,ENSMUSG00000003868,99.568,0.43200000000000216
ENSG00000187122,ENSMUSG00000025020,94.4862,5.513800000000003
ENSG00000083544,ENSMUSG00000022019,85.0034,14.9966
ENSG00000185825,ENSMUSG00000002015,90.83539999999999,9.164600000000007
ENSG00000075790,ENSMUSG00000020650,82.32885,17.671149999999997
ENSG00000100106,ENSMUSG00000033088,68.5381,31.4619
ENSG00000197467,ENSMUSG00000058806,86.5761,13.423900000000003
ENSG00000142731,ENSMUSG00000025758,80.57315,19.42685
ENSG00000066032,ENSMUSG00000063063,97.37389999999999,2.626100000000008
ENSG00000044115,ENSMUSG00000037815,99.4481,0.5519000000000034
ENSG00000183230,ENSMUSG00000060843,93.5196,6.480400000000003
ENSG00000119326,ENSMUSG00000038816,87.50890000000001,12.491099999999989
ENSG00000035403,ENSMUSG00000021823,96.36475,3.635249999999999
ENSG00000128340,ENSMUSG00000033220,98.9583,1.0417000000000058
ENSG00000137825,ENSMUSG00000027296,93.4787,6.5212999999999965
ENSG00000111241,ENSMUSG00000000183,93.2692,6.730800000000002
ENSG00000142347,ENSMUSG00000024300,93.3515,6.6484999999999985
ENSG00000110911,ENSMUSG00000023030,89.1088,10.891199999999998
ENSG00000014824,ENSMUSG00000029221,88.98685,11.013149999999996
ENSG00000161204,ENSMUSG00000003234,96.897,3.1029999999999944
ENSG00000146426,ENSMUSG00000023800,83.6665,16.3335
ENSG00000213402,ENSMUSG00000045826,64.5483,35.4517
ENSG00000132286,ENSMUSG00000089847,89.67475,10.325249999999997
ENSG00000171631,ENSMUSG00000048779,86.5854,13.414599999999993
ENSG00000186912,ENSMUSG00000044359,81.2697,18.7303
ENSG00000175591,ENSMUSG00000032860,89.8692,10.130799999999994
ENSG00000169860,ENSMUSG00000027765,94.9062,5.093800000000002
ENSG00000165621,ENSMUSG00000044819,85.4599,14.540099999999995
ENSG00000149503,ENSMUSG00000024660,69.7149,30.2851
ENSG00000141959,ENSMUSG00000020277,94.2308,5.769199999999998
ENSG00000155256,ENSMUSG00000018820,87.41125,12.588750000000005
ENSG00000063169,ENSMUSG00000070808,87.57454999999999,12.425450000000012
ENSG00000160062,ENSMUSG00000028807,84.11965000000001,15.880349999999993
ENSG00000137177,ENSMUSG00000021375,90.9624,9.037599999999998
ENSG00000130517,ENSMUSG00000056204,94.7368,5.263199999999998
ENSG00000183571,ENSMUSG00000030553,54.724450000000004,45.275549999999996
ENSG00000146070,ENSMUSG00000023913,67.6505,32.349500000000006
ENSG00000158006,ENSMUSG00000037366,78.5171,21.4829
ENSG00000137331,ENSMUSG00000003541,71.53045,28.469549999999998
ENSG00000144451,ENSMUSG00000053153,74.8061,25.1939
ENSG00000146054,ENSMUSG00000040350,89.1284,10.8716
ENSG00000142173,ENSMUSG00000020241,90.31165,9.68835
ENSG00000101104,ENSMUSG00000054582,77.00575,22.994249999999994
ENSG00000136881,ENSMUSG00000039653,69.2128,30.7872
ENSG00000205669,ENSMUSG00000043487,71.66704999999999,28.33295000000001
ENSG00000177465,ENSMUSG00000052392,74.3468,25.6532
ENSG00000134780,ENSMUSG00000035735,97.4114,2.5885999999999996
ENSG00000109046,ENSMUSG00000017677,92.6366,7.363399999999999
ENSG00000176871,ENSMUSG00000029364,95.30924999999999,4.690750000000008
ENSG00000139055,ENSMUSG00000030219,64.2204,35.7796
ENSG00000112039,ENSMUSG00000007570,64.4125,35.587500000000006
ENSG00000155592,ENSMUSG00000030757,81.2673,18.732699999999994
ENSG00000006194,ENSMUSG00000022529,84.07965,15.92035
ENSG00000138641,ENSMUSG00000029804,95.3333,4.666700000000006
ENSG00000172794,ENSMUSG00000020732,93.722,6.278000000000006
ENSG00000006652,ENSMUSG00000001627,94.2227,5.777299999999997
ENSG00000214706,ENSMUSG00000010048,87.88235,12.117649999999998
ENSG00000100346,ENSMUSG00000022416,92.13295,7.867050000000006
ENSG00000198589,ENSMUSG00000028080,90.7115,9.288499999999999
ENSG00000130312,ENSMUSG00000034880,75.0,25.0
ENSG00000134697,ENSMUSG00000028869,86.3609,13.6391
ENSG00000146859,ENSMUSG00000057137,62.1622,37.8378
ENSG00000063015,ENSMUSG00000000632,90.68035,9.319649999999996
ENSG00000105732,ENSMUSG00000045252,93.7644,6.235600000000005
ENSG00000110446,ENSMUSG00000024737,80.9324,19.0676
ENSG00000103496,ENSMUSG00000030805,90.0843,9.915700000000001
ENSG00000166900,ENSMUSG00000041488,88.19550000000001,11.80449999999999
ENSG00000111450,ENSMUSG00000029428,89.42835,10.571650000000005
ENSG00000106089,ENSMUSG00000007207,98.2639,1.7360999999999933
ENSG00000099365,ENSMUSG00000030806,100.0,0.0
ENSG00000120690,ENSMUSG00000036461,89.19865,10.80135
ENSG00000131831,ENSMUSG00000043518,89.51849999999999,10.481500000000011
ENSG00000112320,ENSMUSG00000038248,94.64850000000001,5.351499999999987
ENSG00000005469,ENSMUSG00000003623,85.6209,14.379099999999994
ENSG00000157184,ENSMUSG00000028607,87.234,12.766000000000005
ENSG00000186472,ENSMUSG00000061601,83.4324,16.5676
ENSG00000164061,ENSMUSG00000032589,88.86664999999999,11.133350000000007
ENSG00000173163,ENSMUSG00000051355,84.65844999999999,15.341550000000012
ENSG00000143195,ENSMUSG00000040612,87.5883,12.411699999999996
ENSG00000105699,ENSMUSG00000001247,79.63075,20.369249999999994
ENSG00000145103,ENSMUSG00000022900,79.5992,20.400800000000004
ENSG00000171566,ENSMUSG00000027998,96.0079,3.9920999999999935
ENSG00000198901,ENSMUSG00000038943,83.871,16.129000000000005
ENSG00000082258,ENSMUSG00000026349,87.26975,12.730249999999998
ENSG00000270647,ENSMUSG00000020680,91.81715,8.182850000000002
ENSG00000127804,ENSMUSG00000010554,88.61565,11.384349999999998
ENSG00000147251,ENSMUSG00000031093,96.6233,3.3766999999999996
ENSG00000274618,ENSMUSG00000069306,100.0,0.0
ENSG00000273542,ENSMUSG00000064288,100.0,0.0
ENSG00000197238,ENSMUSG00000069274,100.0,0.0
ENSG00000103740,ENSMUSG00000032281,86.50559999999999,13.494400000000013
ENSG00000198003,ENSMUSG00000039632,66.27425,33.725750000000005
ENSG00000244187,ENSMUSG00000026939,78.7037,21.296300000000002
ENSG00000101473,ENSMUSG00000017307,84.82025,15.179749999999999
ENSG00000166275,ENSMUSG00000062376,95.73675,4.263249999999999
ENSG00000181786,ENSMUSG00000092519,77.01575,22.984250000000003
ENSG00000070193,ENSMUSG00000021732,94.00534999999999,5.994650000000007
ENSG00000164761,ENSMUSG00000063727,85.5362,14.463800000000006
ENSG00000187634,ENSMUSG00000096351,58.43035,41.56965
ENSG00000132881,ENSMUSG00000073733,88.7597,11.240300000000005
ENSG00000243725,ENSMUSG00000025413,82.27695,17.72305
ENSG00000197776,ENSMUSG00000051890,88.67,11.329999999999998
ENSG00000138821,ENSMUSG00000053897,89.15440000000001,10.84559999999999
ENSG00000112294,ENSMUSG00000035936,84.699,15.301000000000002
ENSG00000167173,ENSMUSG00000032300,76.4354,23.5646
ENSG00000162148,ENSMUSG00000035179,71.8314,28.168599999999998
ENSG00000205883,ENSMUSG00000075571,47.376599999999996,52.623400000000004
ENSG00000067221,ENSMUSG00000032333,89.0842,10.915800000000004
ENSG00000148175,ENSMUSG00000026880,86.7175,13.282499999999999
ENSG00000133115,ENSMUSG00000027744,92.0459,7.954099999999997
ENSG00000116218,ENSMUSG00000026602,86.1985,13.801500000000004
ENSG00000165283,ENSMUSG00000028455,94.21889999999999,5.781100000000009
ENSG00000171873,ENSMUSG00000027335,85.89734999999999,14.102650000000011
ENSG00000129158,ENSMUSG00000030839,73.97274999999999,26.02725000000001
ENSG00000038219,ENSMUSG00000061755,68.6839,31.316100000000006
ENSG00000130164,ENSMUSG00000032193,78.04885,21.95115
ENSG00000183549,ENSMUSG00000030972,86.25765,13.742350000000002
ENSG00000072958,ENSMUSG00000003033,99.2908,0.7091999999999956
ENSG00000257594,ENSMUSG00000090035,91.3495,8.650499999999994
ENSG00000104112,ENSMUSG00000032181,88.6058,11.394199999999998
ENSG00000147654,ENSMUSG00000022339,97.6526,2.3473999999999933
ENSG00000142444,ENSMUSG00000048429,80.23855,19.761449999999996
ENSG00000137090,ENSMUSG00000024837,82.73105000000001,17.26894999999999
ENSG00000140285,ENSMUSG00000027208,94.3299,5.670100000000005
ENSG00000121289,ENSMUSG00000023072,69.2521,30.7479
ENSG00000255833,ENSMUSG00000049625,76.782,23.218000000000004
ENSG00000145365,ENSMUSG00000046688,76.6304,23.369600000000005
ENSG00000185523,ENSMUSG00000057072,58.4631,41.5369
ENSG00000255150,ENSMUSG00000109864,65.76820000000001,34.23179999999999
ENSG00000119408,ENSMUSG00000026749,95.2077,4.792299999999997
ENSG00000100191,ENSMUSG00000020229,78.9358,21.0642
ENSG00000102445,ENSMUSG00000034959,60.43955,39.56045
ENSG00000196591,ENSMUSG00000019777,99.5902,0.40980000000000416
ENSG00000116903,ENSMUSG00000074030,93.411,6.588999999999999
ENSG00000187068,ENSMUSG00000043391,93.1742,6.825800000000001
ENSG00000070404,ENSMUSG00000020325,82.4813,17.518699999999995
ENSG00000024048,ENSMUSG00000023977,89.8006,10.199399999999997
ENSG00000159459,ENSMUSG00000027272,92.35645,7.643550000000005
ENSG00000144357,ENSMUSG00000044308,95.31375,4.686250000000001
ENSG00000242498,ENSMUSG00000039043,88.4956,11.504400000000004
ENSG00000129295,ENSMUSG00000022375,79.45065,20.549350000000004
ENSG00000188783,ENSMUSG00000041577,90.26565,9.734350000000006
ENSG00000114631,ENSMUSG00000033152,77.15254999999999,22.84745000000001
ENSG00000162437,ENSMUSG00000035275,80.0726,19.927400000000006
ENSG00000139178,ENSMUSG00000038527,73.27340000000001,26.72659999999999
ENSG00000239474,ENSMUSG00000075307,95.3795,4.620500000000007
ENSG00000185155,ENSMUSG00000026497,68.68285,31.317149999999998
ENSG00000145416,ENSMUSG00000036469,80.5547,19.445300000000003
ENSG00000100099,ENSMUSG00000042328,63.13464999999999,36.86535000000001
ENSG00000109686,ENSMUSG00000028082,77.84655000000001,22.153449999999992
ENSG00000197062,ENSMUSG00000022228,70.48949999999999,29.510500000000008
ENSG00000130340,ENSMUSG00000002365,90.7563,9.243700000000004
ENSG00000165684,ENSMUSG00000036281,61.17195,38.82805
ENSG00000102802,ENSMUSG00000029659,91.0891,8.910899999999998
ENSG00000107159,ENSMUSG00000028463,71.47165000000001,28.52834999999999
ENSG00000102174,ENSMUSG00000057457,95.9947,4.005300000000005
ENSG00000161016,ENSMUSG00000003970,100.0,0.0
ENSG00000112651,ENSMUSG00000002767,84.1246,15.875399999999999
ENSG00000169230,ENSMUSG00000021486,96.791,3.209000000000003
ENSG00000186314,ENSMUSG00000056671,88.7006,11.299400000000006
ENSG00000141391,ENSMUSG00000024530,90.1163,9.883700000000005
ENSG00000101166,ENSMUSG00000016257,94.08805,5.9119500000000045
ENSG00000138395,ENSMUSG00000026023,89.8851,10.114900000000006
ENSG00000072571,ENSMUSG00000020330,71.5103,28.4897
ENSG00000158874,ENSMUSG00000005681,62.38235,37.61765
ENSG00000172201,ENSMUSG00000021379,98.1366,1.8633999999999986
ENSG00000101577,ENSMUSG00000024052,90.1065,9.893500000000003
ENSG00000178919,ENSMUSG00000070990,89.51675,10.483249999999998
ENSG00000154102,ENSMUSG00000043687,62.067350000000005,37.932649999999995
ENSG00000001617,ENSMUSG00000034684,94.5153,5.484700000000004
ENSG00000179178,ENSMUSG00000050854,86.44085000000001,13.559149999999988
ENSG00000170950,ENSMUSG00000031233,85.8513,14.148700000000005
ENSG00000102144,ENSMUSG00000062070,97.8417,2.158299999999997
ENSG00000188649,ENSMUSG00000108929,75.23825,24.761750000000006
ENSG00000134115,ENSMUSG00000030092,89.1051,10.894900000000007
ENSG00000104321,ENSMUSG00000032769,79.5906,20.409400000000005
ENSG00000167900,ENSMUSG00000025574,87.36655,12.633449999999996
ENSG00000164756,ENSMUSG00000022315,80.7071,19.292900000000003
ENSG00000112874,ENSMUSG00000024228,87.8788,12.121200000000002
ENSG00000166402,ENSMUSG00000031028,95.54905,4.450950000000006
ENSG00000087087,ENSMUSG00000037364,97.36445,2.635549999999995
ENSG00000100410,ENSMUSG00000061360,100.0,0.0
ENSG00000102886,ENSMUSG00000030703,75.02574999999999,24.974250000000012
ENSG00000182095,ENSMUSG00000039477,66.37245,33.62755
ENSG00000005471,ENSMUSG00000042476,91.0373,8.962699999999998
ENSG00000036448,ENSMUSG00000031461,89.2077,10.792299999999997
ENSG00000227051,ENSMUSG00000094910,89.1566,10.843400000000003
ENSG00000009335,ENSMUSG00000039000,93.3518,6.648200000000003
ENSG00000060566,ENSMUSG00000035041,70.0257,29.9743
ENSG00000028528,ENSMUSG00000032382,94.72685,5.273150000000001
ENSG00000186222,ENSMUSG00000060708,77.77945,22.220550000000003
ENSG00000184108,ENSMUSG00000031651,79.9577,20.042299999999997
ENSG00000112787,ENSMUSG00000043323,70.25534999999999,29.744650000000007
ENSG00000076344,ENSMUSG00000024186,77.81360000000001,22.186399999999992
ENSG00000107443,ENSMUSG00000025010,96.06565,3.934349999999995
ENSG00000166049,ENSMUSG00000073130,16.85335,83.14665
ENSG00000162078,ENSMUSG00000024125,25.31075,74.68925
ENSG00000173575,ENSMUSG00000078671,96.47059999999999,3.5294000000000096
ENSG00000069509,ENSMUSG00000025040,96.129,3.870999999999995
ENSG00000158352,ENSMUSG00000068270,78.37219999999999,21.627800000000008
ENSG00000184811,ENSMUSG00000046275,74.8669,25.1331
ENSG00000106823,ENSMUSG00000043631,73.80959999999999,26.19040000000001
ENSG00000136158,ENSMUSG00000022114,96.5079,3.4920999999999935
ENSG00000164056,ENSMUSG00000037211,84.1848,15.815200000000004
ENSG00000187678,ENSMUSG00000024427,92.82165,7.178349999999995
ENSG00000138363,ENSMUSG00000026192,91.0473,8.952699999999993
ENSG00000128272,ENSMUSG00000042406,86.85785,13.14215
ENSG00000169136,ENSMUSG00000038539,87.43395000000001,12.56604999999999
ENSG00000136104,ENSMUSG00000021932,81.2937,18.7063
ENSG00000055813,ENSMUSG00000032878,91.626,8.373999999999995
ENSG00000107295,ENSMUSG00000028488,98.8636,1.1363999999999947
ENSG00000168137,ENSMUSG00000034269,93.4564,6.543599999999998
ENSG00000188786,ENSMUSG00000028890,87.65645,12.343549999999993
ENSG00000170231,ENSMUSG00000020405,79.6875,20.3125
ENSG00000134200,ENSMUSG00000027857,84.7826,15.217399999999998
ENSG00000115020,ENSMUSG00000025949,91.81854999999999,8.181450000000012
ENSG00000005844,ENSMUSG00000030830,68.92785,31.072149999999993
ENSG00000153487,ENSMUSG00000045969,88.8889,11.111099999999993
ENSG00000104522,ENSMUSG00000022570,93.7695,6.230500000000006
ENSG00000120805,ENSMUSG00000060904,98.895,1.105000000000004
ENSG00000117616,ENSMUSG00000037266,75.52414999999999,24.47585000000001
ENSG00000125775,ENSMUSG00000027456,78.7671,21.2329
ENSG00000239590,ENSMUSG00000050015,79.36019999999999,20.639800000000008
ENSG00000125744,ENSMUSG00000030401,77.9727,22.027299999999997
ENSG00000173020,ENSMUSG00000024858,98.8389,1.1611000000000047
ENSG00000116885,ENSMUSG00000042616,86.8074,13.192599999999999
ENSG00000155016,ENSMUSG00000027983,79.34309999999999,20.656900000000007
ENSG00000119913,ENSMUSG00000024979,94.2249,5.775099999999995
ENSG00000007062,ENSMUSG00000029086,60.854600000000005,39.145399999999995
ENSG00000155066,ENSMUSG00000027376,73.21754999999999,26.78245000000001
ENSG00000153066,ENSMUSG00000022498,82.3737,17.6263
ENSG00000151692,ENSMUSG00000020642,96.5753,3.4247000000000014
ENSG00000143515,ENSMUSG00000060671,96.8908,3.1092000000000013
ENSG00000131467,ENSMUSG00000078652,100.0,0.0
ENSG00000092010,ENSMUSG00000022216,94.7791,5.2209
ENSG00000074803,ENSMUSG00000027202,93.28615,6.713849999999994
ENSG00000204822,ENSMUSG00000030037,84.40525,15.594750000000005
ENSG00000124140,ENSMUSG00000017740,96.3712,3.6287999999999982
ENSG00000104941,ENSMUSG00000040866,76.35395,23.646050000000002
ENSG00000111834,ENSMUSG00000039552,73.4637,26.536299999999997
ENSG00000044459,ENSMUSG00000038070,77.4892,22.510800000000003
ENSG00000126467,ENSMUSG00000059891,83.4354,16.5646
ENSG00000072210,ENSMUSG00000010025,84.0042,15.995800000000003
ENSG00000077713,ENSMUSG00000037636,85.6305,14.369500000000002
ENSG00000161217,ENSMUSG00000005615,96.1853,3.814700000000002
ENSG00000169188,ENSMUSG00000025269,79.4974,20.5026
ENSG00000100823,ENSMUSG00000035960,94.48840000000001,5.511599999999987
ENSG00000106263,ENSMUSG00000056076,91.53174999999999,8.468250000000012
ENSG00000184584,ENSMUSG00000024349,68.9565,31.043499999999995
ENSG00000213859,ENSMUSG00000046731,83.204,16.796000000000006
ENSG00000121988,ENSMUSG00000036086,77.56219999999999,22.43780000000001
ENSG00000143612,ENSMUSG00000027942,95.6522,4.3478000000000065
ENSG00000187325,ENSMUSG00000047242,90.40145,9.598550000000003
ENSG00000183019,ENSMUSG00000013974,45.407,54.593
ENSG00000074047,ENSMUSG00000048402,83.6546,16.345399999999998
ENSG00000127993,ENSMUSG00000040302,71.5468,28.453199999999995
ENSG00000160113,ENSMUSG00000002393,93.228,6.772000000000006
ENSG00000231274,ENSMUSG00000085272,83.61175,16.38825
ENSG00000188322,ENSMUSG00000042978,94.65575000000001,5.344249999999988
ENSG00000145375,ENSMUSG00000027722,84.9944,15.005600000000001
ENSG00000070731,ENSMUSG00000057286,74.96664999999999,25.033350000000013
ENSG00000164045,ENSMUSG00000032477,85.3644,14.635599999999997
ENSG00000102743,ENSMUSG00000031482,95.0166,4.983400000000003
ENSG00000153234,ENSMUSG00000026826,99.4983,0.5016999999999996
ENSG00000119508,ENSMUSG00000028341,92.41825,7.5817499999999995
ENSG00000123358,ENSMUSG00000023034,91.5769,8.423100000000005
ENSG00000276950,ENSMUSG00000009093,74.42859999999999,25.57140000000001
ENSG00000095139,ENSMUSG00000032096,99.0215,0.9784999999999968
ENSG00000103194,ENSMUSG00000031826,83.59604999999999,16.40395000000001
ENSG00000162722,ENSMUSG00000037124,78.68185,21.318150000000003
ENSG00000171757,ENSMUSG00000027702,73.49350000000001,26.50649999999999
ENSG00000125375,ENSMUSG00000054894,78.0,22.0
ENSG00000135318,ENSMUSG00000032420,86.43505,13.564949999999996
ENSG00000137101,ENSMUSG00000028459,53.055949999999996,46.944050000000004
ENSG00000181472,ENSMUSG00000075327,94.9416,5.058400000000006
ENSG00000112773,ENSMUSG00000032265,92.9163,7.083699999999993
ENSG00000174574,ENSMUSG00000023075,92.951,7.049000000000007
ENSG00000119328,ENSMUSG00000038827,82.97315,17.026849999999996
ENSG00000086730,ENSMUSG00000040751,55.152150000000006,44.847849999999994
ENSG00000176887,ENSMUSG00000063632,82.78655,17.213449999999995
ENSG00000160285,ENSMUSG00000033105,85.59729999999999,14.40270000000001
ENSG00000148248,ENSMUSG00000014867,99.2565,0.7434999999999974
ENSG00000138346,ENSMUSG00000036875,79.92465,20.07535
ENSG00000102125,ENSMUSG00000009995,92.1435,7.856499999999997
ENSG00000186334,ENSMUSG00000049491,73.9217,26.0783
ENSG00000100567,ENSMUSG00000060073,98.8235,1.1765000000000043
ENSG00000203965,ENSMUSG00000073791,82.73675,17.26325
ENSG00000125482,ENSMUSG00000026803,51.28205,48.71795
ENSG00000100335,ENSMUSG00000022412,97.8402,2.159800000000004
ENSG00000177427,ENSMUSG00000018599,79.7357,20.264300000000006
ENSG00000060642,ENSMUSG00000043257,79.5132,20.486800000000002
ENSG00000237353,ENSMUSG00000032099,39.5949,60.4051
ENSG00000166262,ENSMUSG00000027209,58.10785,41.89215
ENSG00000011376,ENSMUSG00000035202,86.53745,13.462549999999993
ENSG00000103404,ENSMUSG00000063317,91.54384999999999,8.456150000000008
ENSG00000172995,ENSMUSG00000032503,85.0558,14.944199999999995
ENSG00000061794,ENSMUSG00000040112,76.20695,23.793049999999994
ENSG00000203784,ENSMUSG00000027927,51.904799999999994,48.095200000000006
ENSG00000156966,ENSMUSG00000079445,85.4658,14.534199999999998
ENSG00000105141,ENSMUSG00000005355,71.80834999999999,28.19165000000001
ENSG00000131951,ENSMUSG00000021090,80.69135,19.30865
ENSG00000123364,ENSMUSG00000001655,98.48115,1.5188500000000005
ENSG00000114541,ENSMUSG00000030064,93.5718,6.428200000000004
ENSG00000151474,ENSMUSG00000026657,94.3779,5.622100000000003
ENSG00000092820,ENSMUSG00000052397,96.4164,3.583600000000004
ENSG00000186575,ENSMUSG00000009073,98.4048,1.5952000000000055
ENSG00000163755,ENSMUSG00000027615,81.0569,18.9431
ENSG00000198763,ENSMUSG00000064345,57.225899999999996,42.774100000000004
ENSG00000081059,ENSMUSG00000000782,89.5849,10.415099999999995
ENSG00000177483,ENSMUSG00000070732,56.1237,43.8763
ENSG00000134287,ENSMUSG00000051853,100.0,0.0
ENSG00000143761,ENSMUSG00000048076,100.0,0.0
ENSG00000161013,ENSMUSG00000036620,98.5401,1.4599000000000046
ENSG00000027001,ENSMUSG00000021993,83.70805,16.29195
ENSG00000172009,ENSMUSG00000004929,89.09899999999999,10.90100000000001
ENSG00000123213,ENSMUSG00000021710,90.1989,9.801100000000005
ENSG00000129007,ENSMUSG00000032246,86.2745,13.725499999999997
ENSG00000197948,ENSMUSG00000038524,91.1468,8.853200000000001
ENSG00000137478,ENSMUSG00000030691,96.4865,3.5134999999999934
ENSG00000198492,ENSMUSG00000040025,99.6546,0.34539999999999793
ENSG00000122034,ENSMUSG00000016503,77.9151,22.084900000000005
ENSG00000109736,ENSMUSG00000001082,80.13185,19.86815
ENSG00000130513,ENSMUSG00000038508,58.26905,41.73095
ENSG00000158552,ENSMUSG00000026197,90.2724,9.727599999999995
ENSG00000145016,ENSMUSG00000035629,86.1055,13.894499999999994
ENSG00000137171,ENSMUSG00000003546,94.3457,5.654300000000006
ENSG00000078618,ENSMUSG00000053510,90.09675,9.90325
ENSG00000258597,ENSMUSG00000021081,31.181350000000002,68.81864999999999
ENSG00000165449,ENSMUSG00000037762,87.9057,12.094300000000004
ENSG00000186197,ENSMUSG00000095105,75.67085,24.32915
ENSG00000188906,ENSMUSG00000036273,86.6245,13.375500000000002
ENSG00000181631,ENSMUSG00000036362,74.71965,25.28035
ENSG00000169313,ENSMUSG00000036353,86.50675000000001,13.493249999999989
ENSG00000174946,ENSMUSG00000050075,89.6552,10.344800000000006
ENSG00000171659,ENSMUSG00000040229,90.4819,9.518100000000004
ENSG00000169403,ENSMUSG00000056529,81.69855000000001,18.30144999999999
ENSG00000197063,ENSMUSG00000051510,98.7654,1.2346000000000004
ENSG00000205403,ENSMUSG00000058952,68.99095,31.009050000000002
ENSG00000163558,ENSMUSG00000037643,98.4048,1.5952000000000055
ENSG00000067606,ENSMUSG00000029053,95.6081,4.391900000000007
ENSG00000114251,ENSMUSG00000021994,98.6842,1.3157999999999959
ENSG00000204655,ENSMUSG00000076439,84.6154,15.384600000000006
ENSG00000145864,ENSMUSG00000007653,96.08590000000001,3.9140999999999906
ENSG00000163288,ENSMUSG00000029212,98.1013,1.8987000000000052
ENSG00000122025,ENSMUSG00000042817,85.80135,14.19865
ENSG00000234465,ENSMUSG00000011632,53.8661,46.1339
ENSG00000156976,ENSMUSG00000022884,100.0,0.0
ENSG00000232593,ENSMUSG00000087403,96.0526,3.947400000000002
ENSG00000111224,ENSMUSG00000037997,93.88175,6.118250000000003
ENSG00000166348,ENSMUSG00000034235,77.93995,22.060050000000004
ENSG00000136156,ENSMUSG00000022108,95.4887,4.511300000000006
ENSG00000078596,ENSMUSG00000031239,95.057,4.942999999999998
ENSG00000135916,ENSMUSG00000026223,92.5386,7.461399999999998
ENSG00000143387,ENSMUSG00000028111,86.0182,13.981800000000007
ENSG00000160446,ENSMUSG00000015335,86.8914,13.108599999999996
ENSG00000131482,ENSMUSG00000078650,88.5154,11.4846
ENSG00000152254,ENSMUSG00000005232,84.2253,15.774699999999996
ENSG00000141349,ENSMUSG00000034793,84.104,15.896
ENSG00000165861,ENSMUSG00000042628,96.6538,3.346199999999996
ENSG00000115486,ENSMUSG00000053460,89.505,10.495000000000005
ENSG00000149260,ENSMUSG00000035547,92.1875,7.8125
ENSG00000182185,ENSMUSG00000059060,84.8571,15.142899999999997
ENSG00000173391,ENSMUSG00000030162,52.947050000000004,47.052949999999996
ENSG00000010803,ENSMUSG00000000085,89.80690000000001,10.193099999999987
ENSG00000171056,ENSMUSG00000063060,88.29079999999999,11.70920000000001
ENSG00000134516,ENSMUSG00000020143,95.134,4.866
ENSG00000169964,ENSMUSG00000066233,81.64885,18.351150000000004
ENSG00000095303,ENSMUSG00000047250,89.2595,10.740499999999997
ENSG00000073756,ENSMUSG00000032487,86.755,13.245000000000005
ENSG00000277161,ENSMUSG00000045140,75.67035000000001,24.329649999999987
ENSG00000197461,ENSMUSG00000025856,92.3469,7.653099999999995
ENSG00000100997,ENSMUSG00000032046,93.2161,6.783900000000003
ENSG00000108370,ENSMUSG00000020599,90.88220000000001,9.117799999999988
ENSG00000284188,ENSMUSG00000070489,55.38459999999999,44.61540000000001
ENSG00000162543,ENSMUSG00000043621,69.30185,30.69815
ENSG00000078747,ENSMUSG00000027598,95.82865000000001,4.17134999999999
ENSG00000159363,ENSMUSG00000036622,85.82560000000001,14.174399999999991
ENSG00000161996,ENSMUSG00000073434,69.0641,30.935900000000004
ENSG00000136877,ENSMUSG00000009566,81.431,18.569000000000003
ENSG00000103502,ENSMUSG00000030682,96.2441,3.755899999999997
ENSG00000169957,ENSMUSG00000047371,87.9623,12.037700000000001
ENSG00000119596,ENSMUSG00000021244,88.96175,11.038250000000005
ENSG00000179630,ENSMUSG00000044350,77.2093,22.7907
ENSG00000052802,ENSMUSG00000031604,89.0785,10.921499999999995
ENSG00000117280,ENSMUSG00000026433,93.36670000000001,6.633299999999991
ENSG00000255690,ENSMUSG00000043496,88.27175,11.728250000000003
ENSG00000157005,ENSMUSG00000004366,96.5517,3.4483000000000033
ENSG00000187105,ENSMUSG00000090843,61.46210000000001,38.53789999999999
ENSG00000065485,ENSMUSG00000022844,90.15475,9.845249999999993
ENSG00000185475,ENSMUSG00000118346,80.3653,19.634699999999995
ENSG00000101888,ENSMUSG00000042271,74.9751,25.024900000000002
ENSG00000261934,ENSMUSG00000102440,84.1202,15.879800000000003
ENSG00000266967,ENSMUSG00000075528,90.0485,9.951499999999996
ENSG00000111641,ENSMUSG00000038279,76.8465,23.153499999999994
ENSG00000108830,ENSMUSG00000001313,98.6784,1.3216000000000037
ENSG00000107317,ENSMUSG00000015090,72.29605000000001,27.703949999999992
ENSG00000113558,ENSMUSG00000036309,99.3865,0.6135000000000019
ENSG00000117598,ENSMUSG00000033342,85.15605,14.843950000000007
ENSG00000112981,ENSMUSG00000035984,86.05250000000001,13.947499999999991
ENSG00000112062,ENSMUSG00000053436,94.7222,5.277799999999999
ENSG00000164654,ENSMUSG00000042447,98.1714,1.8285999999999945
ENSG00000114904,ENSMUSG00000021918,74.40870000000001,25.59129999999999
ENSG00000153093,ENSMUSG00000027380,71.25325000000001,28.74674999999999
ENSG00000089248,ENSMUSG00000029616,88.33680000000001,11.66319999999999
ENSG00000121933,ENSMUSG00000074344,52.13245,47.86755
ENSG00000079739,ENSMUSG00000025791,97.331,2.668999999999997
ENSG00000164879,ENSMUSG00000027559,91.9231,8.076899999999995
ENSG00000186866,ENSMUSG00000020260,92.5408,7.459199999999996
ENSG00000137656,ENSMUSG00000032077,76.13024999999999,23.86975000000001
ENSG00000117643,ENSMUSG00000037306,88.28825,11.711749999999995
ENSG00000123933,ENSMUSG00000037235,91.866,8.134
ENSG00000139597,ENSMUSG00000041132,83.5849,16.415099999999995
ENSG00000088035,ENSMUSG00000073792,84.4181,15.581900000000005
ENSG00000159063,ENSMUSG00000035704,89.924,10.075999999999993
ENSG00000143365,ENSMUSG00000028150,88.3949,11.605099999999993
ENSG00000136143,ENSMUSG00000022110,91.1447,8.8553
ENSG00000172340,ENSMUSG00000061838,92.9481,7.051900000000003
ENSG00000173991,ENSMUSG00000007877,90.4192,9.580799999999996
ENSG00000175489,ENSMUSG00000049988,48.513549999999995,51.486450000000005
ENSG00000183751,ENSMUSG00000040688,88.50385,11.49615
ENSG00000163527,ENSMUSG00000032437,97.75655,2.2434499999999957
ENSG00000157625,ENSMUSG00000035476,95.09880000000001,4.901199999999989
ENSG00000050393,ENSMUSG00000021371,71.011,28.989000000000004
ENSG00000166199,ENSMUSG00000040174,83.7699,16.230099999999993
ENSG00000198336,ENSMUSG00000061086,90.2659,9.734099999999998
ENSG00000160808,ENSMUSG00000059741,93.78205,6.217950000000002
ENSG00000196465,ENSMUSG00000039824,91.5668,8.4332
ENSG00000168530,ENSMUSG00000061816,92.693,7.307000000000002
ENSG00000065883,ENSMUSG00000041297,95.33574999999999,4.66425000000001
ENSG00000125848,ENSMUSG00000051379,96.302,3.6979999999999933
ENSG00000090432,ENSMUSG00000041241,89.7727,10.2273
ENSG00000215301,ENSMUSG00000000787,98.6405,1.359499999999997
ENSG00000067048,ENSMUSG00000069045,89.22630000000001,10.773699999999991
ENSG00000152234,ENSMUSG00000025428,97.4684,2.5315999999999974
ENSG00000185567,ENSMUSG00000118667,48.01885,51.98115
ENSG00000108465,ENSMUSG00000018669,88.40515,11.594849999999994
ENSG00000175348,ENSMUSG00000031021,94.71095,5.289050000000003
ENSG00000116857,ENSMUSG00000026411,97.2678,2.732200000000006
ENSG00000180329,ENSMUSG00000020925,89.68790000000001,10.312099999999987
ENSG00000105849,ENSMUSG00000020561,75.1605,24.8395
ENSG00000106244,ENSMUSG00000029623,96.6851,3.3148999999999944
ENSG00000007520,ENSMUSG00000015126,64.7173,35.282700000000006
ENSG00000179029,ENSMUSG00000020895,89.2857,10.714299999999994
ENSG00000129596,ENSMUSG00000033022,92.0,8.0
ENSG00000164405,ENSMUSG00000044894,79.2683,20.731700000000004
ENSG00000101160,ENSMUSG00000016256,82.76060000000001,17.23939999999999
ENSG00000188596,ENSMUSG00000020014,72.581,27.418999999999997
ENSG00000185640,ENSMUSG00000061397,83.1156,16.8844
ENSG00000132603,ENSMUSG00000031917,97.7778,2.222200000000001
ENSG00000123975,ENSMUSG00000062248,98.7342,1.2657999999999987
ENSG00000110400,ENSMUSG00000032012,94.7678,5.232200000000006
ENSG00000168237,ENSMUSG00000020258,84.3212,15.678799999999995
ENSG00000124126,ENSMUSG00000039621,90.60204999999999,9.397950000000009
ENSG00000269964,ENSMUSG00000043289,71.31975,28.68025
ENSG00000100105,ENSMUSG00000020453,98.9811,1.0189000000000021
ENSG00000165383,ENSMUSG00000041673,82.1817,17.818299999999994
ENSG00000131187,ENSMUSG00000021492,70.80770000000001,29.19229999999999
ENSG00000103184,ENSMUSG00000091712,88.0747,11.925299999999993
ENSG00000120694,ENSMUSG00000029657,93.4732,6.526799999999994
ENSG00000109917,ENSMUSG00000032078,90.4139,9.586100000000002
ENSG00000168702,ENSMUSG00000049252,91.6504,8.349599999999995
ENSG00000162976,ENSMUSG00000045679,85.1485,14.851500000000001
ENSG00000129255,ENSMUSG00000018761,91.498,8.501999999999995
ENSG00000169733,ENSMUSG00000025158,80.54315,19.456850000000003
ENSG00000134363,ENSMUSG00000021765,97.3837,2.6162999999999954
ENSG00000164307,ENSMUSG00000021583,84.87729999999999,15.122700000000009
ENSG00000126261,ENSMUSG00000052997,94.52289999999999,5.477100000000007
ENSG00000105717,ENSMUSG00000031860,76.59790000000001,23.40209999999999
ENSG00000136378,ENSMUSG00000032363,72.87415,27.12585
ENSG00000144736,ENSMUSG00000035378,75.57085000000001,24.429149999999993
ENSG00000151360,ENSMUSG00000020636,77.8275,22.1725
ENSG00000100241,ENSMUSG00000036529,94.7702,5.229799999999997
ENSG00000225830,ENSMUSG00000054051,79.01945,20.980549999999994
ENSG00000175189,ENSMUSG00000025405,75.8523,24.1477
ENSG00000204427,ENSMUSG00000007036,96.0574,3.9425999999999988
ENSG00000196188,ENSMUSG00000004552,82.4718,17.5282
ENSG00000113597,ENSMUSG00000021711,96.5271,3.4728999999999957
ENSG00000151304,ENSMUSG00000024528,66.21950000000001,33.78049999999999
ENSG00000167791,ENSMUSG00000024857,87.9823,12.017700000000005
ENSG00000256812,ENSMUSG00000078144,91.71755,8.282449999999997
ENSG00000120063,ENSMUSG00000020611,96.817,3.183000000000007
ENSG00000076928,ENSMUSG00000040940,85.35305,14.646950000000004
ENSG00000214978,ENSMUSG00000097886,68.26939999999999,31.73060000000001
ENSG00000111305,ENSMUSG00000030206,71.06354999999999,28.936450000000008
ENSG00000169181,ENSMUSG00000046182,90.06305,9.936949999999996
ENSG00000105374,ENSMUSG00000004612,69.697,30.302999999999997
ENSG00000105370,ENSMUSG00000118560,91.3295,8.670500000000004
ENSG00000160318,ENSMUSG00000038973,70.0599,29.9401
ENSG00000184374,ENSMUSG00000038591,88.8087,11.191299999999998
ENSG00000204842,ENSMUSG00000042605,86.36099999999999,13.63900000000001
ENSG00000184277,ENSMUSG00000078681,86.181,13.819000000000003
ENSG00000119638,ENSMUSG00000034290,95.36484999999999,4.63515000000001
ENSG00000162804,ENSMUSG00000047793,83.9499,16.0501
ENSG00000179532,ENSMUSG00000030882,68.3784,31.6216
ENSG00000132680,ENSMUSG00000028060,95.59565,4.404349999999994
ENSG00000046889,ENSMUSG00000048960,93.57115,6.428849999999997
ENSG00000172586,ENSMUSG00000063787,83.0508,16.949200000000005
ENSG00000065600,ENSMUSG00000026627,90.5714,9.428600000000003
ENSG00000214357,ENSMUSG00000034413,92.10419999999999,7.895800000000008
ENSG00000181751,ENSMUSG00000044768,94.43155,5.568449999999999
ENSG00000115596,ENSMUSG00000033227,97.6682,2.331800000000001
ENSG00000118420,ENSMUSG00000032415,76.41284999999999,23.58715000000001
ENSG00000183955,ENSMUSG00000049327,82.14595,17.85405
ENSG00000134940,ENSMUSG00000032110,59.319,40.681
ENSG00000198854,ENSMUSG00000090314,71.92855,28.07145
ENSG00000115816,ENSMUSG00000024081,81.76644999999999,18.233550000000008
ENSG00000205927,ENSMUSG00000039830,96.2848,3.715199999999996
ENSG00000065060,ENSMUSG00000039512,83.7238,16.276200000000003
ENSG00000111647,ENSMUSG00000019951,85.51915,14.480850000000004
ENSG00000126953,ENSMUSG00000048007,94.8454,5.154600000000002
ENSG00000185010,ENSMUSG00000031196,73.19405,26.805949999999996
ENSG00000134248,ENSMUSG00000087260,80.48505,19.51495
ENSG00000144821,ENSMUSG00000092009,75.66865,24.33135
ENSG00000124120,ENSMUSG00000017679,94.30675,5.693250000000006
ENSG00000198081,ENSMUSG00000049672,99.3318,0.6681999999999988
ENSG00000188112,ENSMUSG00000034382,68.34135,31.658649999999994
ENSG00000228672,ENSMUSG00000073600,68.3461,31.653899999999993
ENSG00000204291,ENSMUSG00000028339,74.4145,25.585499999999996
ENSG00000111052,ENSMUSG00000019906,99.5708,0.4291999999999945
ENSG00000148943,ENSMUSG00000027162,100.0,0.0
ENSG00000120509,ENSMUSG00000015668,97.1429,2.8571000000000026
ENSG00000104863,ENSMUSG00000003872,98.0676,1.9324000000000012
ENSG00000136490,ENSMUSG00000040699,95.68775,4.312250000000006
ENSG00000138483,ENSMUSG00000050685,64.5359,35.4641
ENSG00000185324,ENSMUSG00000033862,96.9444,3.0555999999999983
ENSG00000143079,ENSMUSG00000062127,89.74164999999999,10.258350000000007
ENSG00000168386,ENSMUSG00000043336,85.9668,14.033199999999994
ENSG00000118407,ENSMUSG00000034898,93.77834999999999,6.221650000000011
ENSG00000169641,ENSMUSG00000001089,80.41155,19.588449999999995
ENSG00000205899,ENSMUSG00000044243,66.52850000000001,33.47149999999999
ENSG00000038945,ENSMUSG00000025044,70.85130000000001,29.14869999999999
ENSG00000168079,ENSMUSG00000022032,87.62819999999999,12.371800000000007
ENSG00000019169,ENSMUSG00000026390,67.82300000000001,32.17699999999999
ENSG00000158270,ENSMUSG00000036103,92.3181,7.681899999999999
ENSG00000149806,ENSMUSG00000038274,97.7444,2.255600000000001
ENSG00000023330,ENSMUSG00000032786,91.5759,8.424099999999996
ENSG00000054598,ENSMUSG00000050295,93.3092,6.690799999999996
ENSG00000148291,ENSMUSG00000014873,69.39595,30.60405
ENSG00000184508,ENSMUSG00000030532,95.5307,4.469300000000004
ENSG00000136603,ENSMUSG00000027660,88.45125,11.548749999999998
ENSG00000150893,ENSMUSG00000037016,88.29214999999999,11.707850000000008
ENSG00000112343,ENSMUSG00000064140,55.34415,44.65585
ENSG00000131351,ENSMUSG00000035439,49.9199,50.0801
ENSG00000112333,ENSMUSG00000019803,98.961,1.0390000000000015
ENSG00000140107,ENSMUSG00000048856,87.7032,12.296800000000005
ENSG00000198087,ENSMUSG00000061665,86.36385,13.63615
ENSG00000170374,ENSMUSG00000060284,94.76255,5.2374499999999955
ENSG00000112308,ENSMUSG00000019132,100.0,0.0
ENSG00000144152,ENSMUSG00000027386,84.86925,15.130750000000006
ENSG00000175567,ENSMUSG00000033685,96.1165,3.883499999999998
ENSG00000107949,ENSMUSG00000030983,79.04845,20.951549999999997
ENSG00000106635,ENSMUSG00000029681,96.0396,3.960400000000007
ENSG00000099385,ENSMUSG00000030814,93.0876,6.912400000000005
ENSG00000110987,ENSMUSG00000029438,94.2857,5.714299999999994
ENSG00000096088,ENSMUSG00000023987,73.84809999999999,26.151900000000012
ENSG00000145495,ENSMUSG00000039100,97.96594999999999,2.0340500000000077
ENSG00000090534,ENSMUSG00000022847,67.8783,32.121700000000004
ENSG00000133138,ENSMUSG00000042473,90.95859999999999,9.04140000000001
ENSG00000165244,ENSMUSG00000044934,90.16385,9.836150000000004
ENSG00000213199,ENSMUSG00000038276,83.5062,16.493799999999993
ENSG00000163013,ENSMUSG00000047013,97.0253,2.9746999999999986
ENSG00000138311,ENSMUSG00000037855,84.90809999999999,15.09190000000001
ENSG00000101665,ENSMUSG00000025880,98.1221,1.8778999999999968
ENSG00000132406,ENSMUSG00000067365,81.71035,18.289649999999995
ENSG00000172986,ENSMUSG00000030074,87.7115,12.288499999999999
ENSG00000188760,ENSMUSG00000051703,97.7778,2.222200000000001
ENSG00000165702,ENSMUSG00000026815,81.281,18.718999999999994
ENSG00000168298,ENSMUSG00000051627,94.0639,5.936099999999996
ENSG00000124575,ENSMUSG00000052565,87.7828,12.217200000000005
ENSG00000156831,ENSMUSG00000059586,84.2105,15.789500000000004
ENSG00000126233,ENSMUSG00000022596,65.7988,34.2012
ENSG00000057593,ENSMUSG00000031443,70.11275,29.887249999999995
ENSG00000162711,ENSMUSG00000032691,82.82535,17.17465
ENSG00000167130,ENSMUSG00000026856,94.1176,5.882400000000004
ENSG00000084693,ENSMUSG00000029165,87.5846,12.415400000000005
ENSG00000133454,ENSMUSG00000072720,73.3218,26.678200000000004
ENSG00000167098,ENSMUSG00000027480,75.7912,24.208799999999997
ENSG00000142798,ENSMUSG00000028763,86.14095,13.859049999999996
ENSG00000237651,ENSMUSG00000020286,54.86055,45.13945
ENSG00000070061,ENSMUSG00000028431,81.0507,18.949299999999994
ENSG00000114650,ENSMUSG00000032485,92.0549,7.9450999999999965
ENSG00000205758,ENSMUSG00000058240,90.6745,9.325500000000005
ENSG00000196689,ENSMUSG00000005952,86.8892,13.110799999999998
ENSG00000161904,ENSMUSG00000044857,84.4234,15.5766
ENSG00000150938,ENSMUSG00000024074,89.1462,10.853800000000007
ENSG00000114107,ENSMUSG00000056267,77.67775,22.322249999999997
ENSG00000102024,ENSMUSG00000016382,99.0476,0.9523999999999972
ENSG00000136167,ENSMUSG00000021998,96.9697,3.030299999999997
ENSG00000120756,ENSMUSG00000049493,94.36064999999999,5.639350000000007
ENSG00000275410,ENSMUSG00000020679,93.89705000000001,6.102949999999993
ENSG00000135100,ENSMUSG00000029556,94.8377,5.162300000000002
ENSG00000165379,ENSMUSG00000035653,96.8011,3.1988999999999947
ENSG00000143119,ENSMUSG00000040747,83.105,16.894999999999996
ENSG00000185666,ENSMUSG00000059602,92.32105,7.67895
ENSG00000135363,ENSMUSG00000032698,94.06635,5.93365
ENSG00000131470,ENSMUSG00000019303,88.0184,11.9816
ENSG00000135108,ENSMUSG00000032898,95.03425,4.96575
ENSG00000136840,ENSMUSG00000079442,89.0728,10.9272
ENSG00000104731,ENSMUSG00000040263,75.61645,24.38355
ENSG00000141664,ENSMUSG00000038866,86.4357,13.564300000000003
ENSG00000140948,ENSMUSG00000061410,87.564,12.436000000000007
ENSG00000062598,ENSMUSG00000017670,98.75,1.25
ENSG00000164626,ENSMUSG00000023243,89.1117,10.888300000000001
ENSG00000125449,ENSMUSG00000057219,83.8384,16.161600000000007
ENSG00000196365,ENSMUSG00000041168,88.0527,11.947299999999998
ENSG00000102910,ENSMUSG00000047866,95.5399,4.460099999999997
ENSG00000154736,ENSMUSG00000022894,90.2151,9.784899999999993
ENSG00000132357,ENSMUSG00000041849,54.7338,45.2662
ENSG00000104823,ENSMUSG00000053898,74.19865,25.80135
ENSG00000152785,ENSMUSG00000029335,80.00145,19.998549999999994
ENSG00000149639,ENSMUSG00000055485,91.64445,8.355549999999994
ENSG00000168502,ENSMUSG00000052105,81.67085,18.32915
ENSG00000214338,ENSMUSG00000038916,91.1206,8.879400000000004
ENSG00000171561,ENSMUSG00000073998,86.16695,13.83305
ENSG00000142197,ENSMUSG00000022946,86.43594999999999,13.564050000000009
ENSG00000083097,ENSMUSG00000034973,93.32255,6.677449999999993
ENSG00000166510,ENSMUSG00000038903,72.45575,27.544250000000005
ENSG00000143367,ENSMUSG00000005968,88.9744,11.025599999999997
ENSG00000263155,ENSMUSG00000041361,89.9142,10.085800000000006
ENSG00000255529,ENSMUSG00000032199,72.20765,27.79235
ENSG00000122965,ENSMUSG00000029594,81.8006,18.199399999999997
ENSG00000099998,ENSMUSG00000006344,79.0436,20.956400000000002
ENSG00000082293,ENSMUSG00000026141,83.2315,16.768500000000003
ENSG00000120329,ENSMUSG00000050304,74.15155,25.84845
ENSG00000109680,ENSMUSG00000039178,97.3384,2.661600000000007
ENSG00000102078,ENSMUSG00000031105,92.65780000000001,7.342199999999991
ENSG00000124067,ENSMUSG00000017765,96.1327,3.8673
ENSG00000132963,ENSMUSG00000029649,93.617,6.382999999999996
ENSG00000204560,ENSMUSG00000024422,95.92345,4.0765499999999975
ENSG00000114982,ENSMUSG00000010453,93.1121,6.887900000000002
ENSG00000168701,ENSMUSG00000014856,95.9538,4.046199999999999
ENSG00000115526,ENSMUSG00000026080,91.0112,8.988799999999998
ENSG00000115896,ENSMUSG00000038349,94.47739999999999,5.522600000000011
ENSG00000204310,ENSMUSG00000034254,90.84620000000001,9.15379999999999
ENSG00000169692,ENSMUSG00000026922,76.9784,23.021600000000007
ENSG00000099994,ENSMUSG00000006342,76.2486,23.751400000000004
ENSG00000243978,ENSMUSG00000085584,68.53389999999999,31.46610000000001
ENSG00000145113,ENSMUSG00000118672,20.333199999999998,79.6668
ENSG00000140945,ENSMUSG00000031841,93.62299999999999,6.3770000000000095
ENSG00000084674,ENSMUSG00000020609,70.3381,29.661900000000003
ENSG00000141905,ENSMUSG00000055053,87.6883,12.311700000000002
ENSG00000147862,ENSMUSG00000008575,91.444,8.555999999999997
ENSG00000162599,ENSMUSG00000028565,99.2141,0.785899999999998
ENSG00000008441,ENSMUSG00000001911,98.19915,1.800849999999997
ENSG00000153147,ENSMUSG00000031715,97.67005,2.3299499999999966
ENSG00000116584,ENSMUSG00000028059,79.86585,20.134150000000005
ENSG00000163344,ENSMUSG00000027952,83.3333,16.666700000000006
ENSG00000130829,ENSMUSG00000031383,78.26905,21.730950000000007
ENSG00000150756,ENSMUSG00000039065,72.5617,27.438299999999998
ENSG00000103254,ENSMUSG00000057411,79.3236,20.6764
ENSG00000160207,ENSMUSG00000002076,87.80075,12.199250000000006
ENSG00000223501,ENSMUSG00000024319,98.2019,1.7981000000000051
ENSG00000154479,ENSMUSG00000070883,74.7968,25.203199999999995
ENSG00000139613,ENSMUSG00000025369,95.45965,4.540350000000004
ENSG00000107960,ENSMUSG00000042694,69.98575,30.014250000000004
ENSG00000161642,ENSMUSG00000000552,93.6833,6.316699999999997
ENSG00000063761,ENSMUSG00000021044,88.16825,11.83175
ENSG00000258890,ENSMUSG00000018372,72.93785,27.062150000000003
ENSG00000188176,ENSMUSG00000045667,84.19005,15.80995
ENSG00000189171,ENSMUSG00000042312,82.6531,17.346900000000005
ENSG00000167680,ENSMUSG00000001227,89.28985,10.710149999999999
ENSG00000188368,ENSMUSG00000058741,69.26535,30.734650000000002
ENSG00000174891,ENSMUSG00000034544,91.9162,8.083799999999997
ENSG00000100239,ENSMUSG00000036561,82.4534,17.546599999999998
ENSG00000105063,ENSMUSG00000052296,85.1069,14.893100000000004
ENSG00000110075,ENSMUSG00000024908,96.3345,3.6654999999999944
ENSG00000105668,ENSMUSG00000006313,92.8159,7.184100000000001
ENSG00000104371,ENSMUSG00000031535,75.50905,24.490949999999998
ENSG00000176563,ENSMUSG00000078653,84.6416,15.358400000000003
ENSG00000112902,ENSMUSG00000022231,94.1341,5.865899999999996
ENSG00000166455,ENSMUSG00000031847,54.2453,45.7547
ENSG00000112200,ENSMUSG00000042197,79.26355000000001,20.73644999999999
ENSG00000169372,ENSMUSG00000045867,89.9497,10.050299999999993
ENSG00000156970,ENSMUSG00000040084,75.07145,24.92855
ENSG00000104904,ENSMUSG00000035242,83.95645,16.043549999999996
ENSG00000135926,ENSMUSG00000006301,89.0332,10.966800000000006
ENSG00000135472,ENSMUSG00000023011,91.94335000000001,8.05664999999999
ENSG00000178719,ENSMUSG00000022564,90.62225000000001,9.377749999999992
ENSG00000146232,ENSMUSG00000023947,81.93245,18.067549999999997
ENSG00000167531,ENSMUSG00000022991,67.36925,32.630750000000006
ENSG00000109971,ENSMUSG00000015656,99.8452,0.1547999999999945
ENSG00000173868,ENSMUSG00000050860,92.8839,7.116100000000003
ENSG00000144362,ENSMUSG00000027088,80.4979,19.5021
ENSG00000102890,ENSMUSG00000014791,90.8333,9.166700000000006
ENSG00000239605,ENSMUSG00000036557,68.68715,31.312849999999997
ENSG00000164610,ENSMUSG00000032239,90.8143,9.185699999999997
ENSG00000101596,ENSMUSG00000024054,86.6401,13.359899999999996
ENSG00000164893,ENSMUSG00000041052,69.20320000000001,30.79679999999999
ENSG00000286053,ENSMUSG00000117809,64.6307,35.369299999999996
ENSG00000147113,ENSMUSG00000037358,80.6456,19.3544
ENSG00000181744,ENSMUSG00000045414,97.6744,2.3255999999999943
ENSG00000233608,ENSMUSG00000007805,100.0,0.0
ENSG00000100083,ENSMUSG00000033128,91.36664999999999,8.633350000000007
ENSG00000101452,ENSMUSG00000027655,95.0213,4.9787000000000035
ENSG00000136925,ENSMUSG00000035495,78.57,21.430000000000007
ENSG00000105982,ENSMUSG00000029130,77.5395,22.460499999999996
ENSG00000163938,ENSMUSG00000042354,72.68455,27.31545
ENSG00000083168,ENSMUSG00000031540,88.20615000000001,11.793849999999992
ENSG00000111911,ENSMUSG00000019791,65.28635,34.71365
ENSG00000089154,ENSMUSG00000041638,94.0097,5.990300000000005
ENSG00000136813,ENSMUSG00000050812,95.73255,4.267449999999997
ENSG00000156050,ENSMUSG00000021234,74.59795,25.402050000000003
ENSG00000119938,ENSMUSG00000067279,86.1199,13.880099999999999
ENSG00000109775,ENSMUSG00000031634,84.09225,15.907749999999993
ENSG00000146576,ENSMUSG00000039244,94.76044999999999,5.239550000000008
ENSG00000261949,ENSMUSG00000095276,53.630449999999996,46.369550000000004
ENSG00000214654,ENSMUSG00000107167,79.5117,20.488299999999995
ENSG00000128923,ENSMUSG00000042444,83.6558,16.3442
ENSG00000143409,ENSMUSG00000038712,86.01929999999999,13.980700000000013
ENSG00000070159,ENSMUSG00000038764,92.0044,7.995599999999996
ENSG00000178202,ENSMUSG00000034487,85.7439,14.256100000000004
ENSG00000100906,ENSMUSG00000021025,91.6027,8.397300000000001
ENSG00000151366,ENSMUSG00000030647,66.9468,33.053200000000004
ENSG00000247746,ENSMUSG00000067215,74.58885000000001,25.411149999999992
ENSG00000131759,ENSMUSG00000037992,98.2684,1.7316000000000003
ENSG00000173890,ENSMUSG00000037661,66.17265,33.827349999999996
ENSG00000135655,ENSMUSG00000020124,97.6555,2.3444999999999965
ENSG00000254986,ENSMUSG00000063904,92.8814,7.118600000000001
ENSG00000011132,ENSMUSG00000004931,76.44069999999999,23.559300000000007
ENSG00000162775,ENSMUSG00000048109,93.55895000000001,6.44104999999999
ENSG00000121905,ENSMUSG00000028785,100.0,0.0
ENSG00000268089,ENSMUSG00000031344,77.3246,22.675399999999996
ENSG00000168439,ENSMUSG00000024966,96.8692,3.1307999999999936
ENSG00000075399,ENSMUSG00000001062,81.8291,18.170900000000003
ENSG00000153989,ENSMUSG00000023068,89.83465000000001,10.16534999999999
ENSG00000254535,ENSMUSG00000090919,81.3513,18.648700000000005
ENSG00000007933,ENSMUSG00000026691,79.36240000000001,20.637599999999992
ENSG00000020129,ENSMUSG00000028833,98.2167,1.783299999999997
ENSG00000153944,ENSMUSG00000069769,99.6951,0.3049000000000035
ENSG00000164794,ENSMUSG00000022342,95.3149,4.685100000000006
ENSG00000112164,ENSMUSG00000024027,92.0086,7.991399999999999
ENSG00000212123,ENSMUSG00000090273,56.872,43.128
ENSG00000120158,ENSMUSG00000024785,97.0509,2.9491000000000014
ENSG00000137996,ENSMUSG00000000339,90.4372,9.562799999999996
ENSG00000172238,ENSMUSG00000073043,88.51225,11.487750000000005
ENSG00000178295,ENSMUSG00000051235,69.9339,30.066100000000006
ENSG00000163214,ENSMUSG00000035051,86.9503,13.049700000000001
ENSG00000118777,ENSMUSG00000029299,54.713449999999995,45.286550000000005
ENSG00000120334,ENSMUSG00000026708,85.05095,14.94905
ENSG00000102805,ENSMUSG00000022125,73.57715,26.422849999999997
ENSG00000160200,ENSMUSG00000024039,83.1002,16.8998
ENSG00000053770,ENSMUSG00000036291,84.898,15.102000000000004
ENSG00000006715,ENSMUSG00000041236,97.24665,2.7533499999999975
ENSG00000181240,ENSMUSG00000011486,77.3926,22.6074
ENSG00000099814,ENSMUSG00000072825,80.05445,19.945549999999997
ENSG00000168779,ENSMUSG00000027833,96.34049999999999,3.6595000000000084
ENSG00000114850,ENSMUSG00000027828,98.9189,1.0811000000000064
ENSG00000169891,ENSMUSG00000040855,87.77495,12.225049999999996
ENSG00000101333,ENSMUSG00000039943,95.1862,4.8138000000000005
ENSG00000148358,ENSMUSG00000000194,84.13425000000001,15.865749999999991
ENSG00000091732,ENSMUSG00000039130,85.14465,14.855350000000001
ENSG00000141378,ENSMUSG00000072582,78.8913,21.1087
ENSG00000085644,ENSMUSG00000071256,74.22489999999999,25.77510000000001
ENSG00000236609,ENSMUSG00000093910,69.01689999999999,30.983100000000007
ENSG00000144535,ENSMUSG00000053333,86.03735,13.962649999999996
ENSG00000083520,ENSMUSG00000033166,91.1273,8.872699999999995
ENSG00000166938,ENSMUSG00000032396,91.59944999999999,8.40055000000001
ENSG00000183833,ENSMUSG00000022805,74.0724,25.927599999999998
ENSG00000100095,ENSMUSG00000058153,82.87225000000001,17.127749999999992
ENSG00000162399,ENSMUSG00000025418,72.1203,27.8797
ENSG00000143178,ENSMUSG00000026572,92.1705,7.829499999999996
ENSG00000107447,ENSMUSG00000025014,80.6674,19.3326
ENSG00000136866,ENSMUSG00000028389,71.30355,28.69645
ENSG00000179943,ENSMUSG00000061374,86.3468,13.653199999999998
ENSG00000196323,ENSMUSG00000047412,92.3818,7.618200000000002
ENSG00000157657,ENSMUSG00000028358,96.2769,3.7231000000000023
ENSG00000179598,ENSMUSG00000043648,77.7122,22.287800000000004
ENSG00000162763,ENSMUSG00000040485,73.68440000000001,26.31559999999999
ENSG00000204410,ENSMUSG00000007035,88.90225000000001,11.09774999999999
ENSG00000005238,ENSMUSG00000036002,91.0781,8.921899999999994
ENSG00000064313,ENSMUSG00000037343,95.61955,4.380449999999996
ENSG00000055163,ENSMUSG00000020340,99.9202,0.07980000000000587
ENSG00000273749,ENSMUSG00000030447,99.0423,0.9577000000000027
ENSG00000135372,ENSMUSG00000027185,95.46119999999999,4.538800000000009
ENSG00000134864,ENSMUSG00000041625,68.8863,31.113699999999994
ENSG00000117174,ENSMUSG00000074182,71.83625,28.163749999999993
ENSG00000165323,ENSMUSG00000074505,92.28035,7.7196500000000015
ENSG00000170743,ENSMUSG00000062542,97.556,2.4440000000000026
ENSG00000075651,ENSMUSG00000027695,91.1546,8.845399999999998
ENSG00000163273,ENSMUSG00000026241,91.2698,8.730199999999996
ENSG00000116711,ENSMUSG00000056220,94.4556,5.544399999999996
ENSG00000188089,ENSMUSG00000050211,75.64595,24.35405
ENSG00000243708,ENSMUSG00000098488,81.04655,18.953450000000004
ENSG00000159337,ENSMUSG00000070719,70.72555,29.27445
ENSG00000168907,ENSMUSG00000046971,73.3577,26.642300000000006
ENSG00000105499,ENSMUSG00000033847,54.36085,45.63915
ENSG00000214309,ENSMUSG00000049285,71.87245,28.12755
ENSG00000003249,ENSMUSG00000031970,79.87735,20.122649999999993
ENSG00000108924,ENSMUSG00000003949,97.6271,2.3729000000000013
ENSG00000175294,ENSMUSG00000038498,49.179,50.821
ENSG00000130294,ENSMUSG00000014602,97.4316,2.568399999999997
ENSG00000124217,ENSMUSG00000074576,80.2174,19.782600000000002
ENSG00000143774,ENSMUSG00000020444,83.36574999999999,16.63425000000001
ENSG00000077943,ENSMUSG00000026768,89.0353,10.964699999999993
ENSG00000054983,ENSMUSG00000021003,82.6881,17.311899999999994
ENSG00000149823,ENSMUSG00000024797,95.7801,4.2198999999999955
ENSG00000117984,ENSMUSG00000007891,80.77905,19.220950000000002
ENSG00000119844,ENSMUSG00000049659,79.2721,20.727900000000005
ENSG00000140104,ENSMUSG00000037594,58.82575,41.17425
ENSG00000167470,ENSMUSG00000035621,93.22945,6.77055
ENSG00000138738,ENSMUSG00000029913,90.3748,9.625200000000007
ENSG00000004455,ENSMUSG00000028792,94.9791,5.0208999999999975
ENSG00000151835,ENSMUSG00000048279,93.5051,6.494900000000001
ENSG00000154620,ENSMUSG00000049775,93.1818,6.8182000000000045
ENSG00000123472,ENSMUSG00000028710,87.35454999999999,12.645450000000011
ENSG00000135253,ENSMUSG00000059022,78.65025,21.34975
ENSG00000078061,ENSMUSG00000001127,95.0416,4.9583999999999975
ENSG00000140543,ENSMUSG00000030610,98.9091,1.0909000000000049
ENSG00000204978,ENSMUSG00000074261,63.19005,36.80995
ENSG00000184898,ENSMUSG00000036249,56.8799,43.1201
ENSG00000068079,ENSMUSG00000010358,71.6783,28.321700000000007
ENSG00000123609,ENSMUSG00000026946,64.42045,35.57955
ENSG00000177463,ENSMUSG00000005893,95.74295000000001,4.2570499999999925
ENSG00000091181,ENSMUSG00000005364,68.2659,31.734099999999998
ENSG00000185760,ENSMUSG00000028033,94.59665,5.403350000000003
ENSG00000270885,ENSMUSG00000020684,99.0148,0.9852000000000061
ENSG00000163743,ENSMUSG00000029397,90.4215,9.578500000000005
ENSG00000100629,ENSMUSG00000061533,78.2342,21.7658
ENSG00000100867,ENSMUSG00000022209,64.05775,35.94225
ENSG00000101210,ENSMUSG00000016349,99.784,0.21599999999999397
ENSG00000103047,ENSMUSG00000041949,81.82624999999999,18.173750000000013
ENSG00000162687,ENSMUSG00000052726,97.533,2.4669999999999987
ENSG00000168216,ENSMUSG00000073725,93.03694999999999,6.96305000000001
ENSG00000172320,ENSMUSG00000067522,83.54515,16.454849999999993
ENSG00000172324,ENSMUSG00000109328,78.69835,21.301649999999995
ENSG00000048405,ENSMUSG00000039841,94.57034999999999,5.429650000000009
ENSG00000176438,ENSMUSG00000054150,77.5385,22.4615
ENSG00000184009,ENSMUSG00000062825,100.0,0.0
ENSG00000075624,ENSMUSG00000029580,100.0,0.0
ENSG00000108298,ENSMUSG00000017404,100.0,0.0
ENSG00000154582,ENSMUSG00000079658,100.0,0.0
ENSG00000185615,ENSMUSG00000024184,78.32730000000001,21.672699999999992
ENSG00000161281,ENSMUSG00000074218,70.44305,29.55695
ENSG00000141699,ENSMUSG00000017802,91.2017,8.798299999999998
ENSG00000213949,ENSMUSG00000042284,87.6166,12.383399999999995
ENSG00000129595,ENSMUSG00000024376,93.4402,6.559799999999996
ENSG00000126777,ENSMUSG00000021843,82.57365,17.42635
ENSG00000183943,ENSMUSG00000035725,77.42075,22.579250000000002
ENSG00000170537,ENSMUSG00000042246,90.82165,9.178349999999995
ENSG00000167608,ENSMUSG00000019734,75.4341,24.5659
ENSG00000167895,ENSMUSG00000050106,78.2612,21.738799999999998
ENSG00000103534,ENSMUSG00000030650,74.2307,25.7693
ENSG00000141524,ENSMUSG00000025572,75.04715,24.952849999999998
ENSG00000105866,ENSMUSG00000025323,97.5736,2.426400000000001
ENSG00000107954,ENSMUSG00000006435,94.2509,5.7490999999999985
ENSG00000198833,ENSMUSG00000028277,92.4528,7.547200000000004
ENSG00000062716,ENSMUSG00000018171,94.0887,5.911299999999997
ENSG00000117601,ENSMUSG00000026715,87.4059,12.594099999999997
ENSG00000173253,ENSMUSG00000048138,84.1355,15.864500000000007
ENSG00000115568,ENSMUSG00000026135,84.62305,15.376949999999994
ENSG00000133597,ENSMUSG00000046947,74.5011,25.498900000000006
ENSG00000117713,ENSMUSG00000007880,96.32544999999999,3.6745500000000106
ENSG00000136367,ENSMUSG00000040721,84.57375,15.426249999999996
ENSG00000136856,ENSMUSG00000026791,86.3732,13.626800000000003
ENSG00000163501,ENSMUSG00000006538,95.1338,4.866200000000006
ENSG00000119698,ENSMUSG00000021209,90.8468,9.153199999999998
ENSG00000082146,ENSMUSG00000026027,90.9091,9.090900000000005
ENSG00000091879,ENSMUSG00000031465,85.36840000000001,14.631599999999992
ENSG00000132563,ENSMUSG00000038555,92.9134,7.086600000000004
ENSG00000198765,ENSMUSG00000027855,73.8501,26.149900000000002
ENSG00000167371,ENSMUSG00000045114,79.30635000000001,20.69364999999999
ENSG00000148842,ENSMUSG00000064105,97.8286,2.1714000000000055
ENSG00000164123,ENSMUSG00000091685,34.548249999999996,65.45175
ENSG00000211454,ENSMUSG00000028743,80.73055,19.269450000000006
ENSG00000164347,ENSMUSG00000021666,84.2105,15.789500000000004
ENSG00000164683,ENSMUSG00000040289,95.52895000000001,4.471049999999991
ENSG00000181638,ENSMUSG00000047003,80.8081,19.191900000000004
ENSG00000165512,ENSMUSG00000059878,83.79765,16.202349999999996
ENSG00000177426,ENSMUSG00000047407,89.7059,10.2941
ENSG00000164659,ENSMUSG00000056004,93.43705,6.562950000000001
ENSG00000184357,ENSMUSG00000058773,91.31815,8.681849999999997
ENSG00000120903,ENSMUSG00000022041,83.21145,16.78855
ENSG00000196154,ENSMUSG00000001020,93.0693,6.930700000000002
ENSG00000129518,ENSMUSG00000054302,87.28355,12.716449999999995
ENSG00000145012,ENSMUSG00000033306,89.46945,10.530550000000005
ENSG00000138443,ENSMUSG00000026782,93.22665,6.7733499999999935
ENSG00000072310,ENSMUSG00000020538,80.58135,19.41865
ENSG00000102109,ENSMUSG00000039278,83.3989,16.601100000000002
ENSG00000204438,ENSMUSG00000092417,79.7242,20.275800000000004
ENSG00000100347,ENSMUSG00000022437,95.9488,4.051199999999994
ENSG00000178171,ENSMUSG00000045174,62.55335,37.44665
ENSG00000165566,ENSMUSG00000021986,79.2257,20.774299999999997
ENSG00000184675,ENSMUSG00000050332,78.9591,21.040899999999993
ENSG00000111678,ENSMUSG00000072772,97.619,2.3810000000000002
ENSG00000170293,ENSMUSG00000041012,92.4855,7.514499999999998
ENSG00000068024,ENSMUSG00000026313,93.76785000000001,6.23214999999999
ENSG00000167257,ENSMUSG00000042790,84.592,15.408000000000001
ENSG00000157379,ENSMUSG00000002332,82.7476,17.252399999999994
ENSG00000160584,ENSMUSG00000034135,91.3075,8.692499999999995
ENSG00000118363,ENSMUSG00000035227,95.5752,4.424800000000005
ENSG00000105695,ENSMUSG00000036634,94.33365,5.666349999999994
ENSG00000185294,ENSMUSG00000049506,69.28805,30.71195
ENSG00000186847,ENSMUSG00000045545,90.1816,9.818399999999997
ENSG00000186832,ENSMUSG00000053797,84.7149,15.2851
ENSG00000122971,ENSMUSG00000029545,90.534,9.465999999999994
ENSG00000152219,ENSMUSG00000027122,90.00555,9.99445
ENSG00000176055,ENSMUSG00000051098,96.7742,3.2258000000000067
ENSG00000149599,ENSMUSG00000042662,89.3617,10.638300000000001
ENSG00000188778,ENSMUSG00000031489,78.81965,21.180350000000004
ENSG00000116157,ENSMUSG00000028597,89.0087,10.991299999999995
ENSG00000153933,ENSMUSG00000000276,90.53995,9.460049999999995
ENSG00000125755,ENSMUSG00000023118,93.91380000000001,6.086199999999991
ENSG00000157426,ENSMUSG00000055923,72.70255,27.297449999999998
ENSG00000253958,ENSMUSG00000055976,79.9357,20.064300000000003
ENSG00000112137,ENSMUSG00000054728,91.7457,8.2543
ENSG00000085465,ENSMUSG00000074340,56.23609999999999,43.76390000000001
ENSG00000122484,ENSMUSG00000033773,70.3101,29.689899999999994
ENSG00000133872,ENSMUSG00000031532,76.4426,23.5574
ENSG00000156049,ENSMUSG00000024697,96.9014,3.0986000000000047
ENSG00000125952,ENSMUSG00000059436,99.375,0.625
ENSG00000006555,ENSMUSG00000034919,84.43275,15.567250000000001
ENSG00000064787,ENSMUSG00000013523,62.441199999999995,37.558800000000005
ENSG00000164600,ENSMUSG00000037984,98.2196,1.7804000000000002
ENSG00000218823,ENSMUSG00000074817,85.06775,14.932249999999996
ENSG00000056097,ENSMUSG00000022201,97.7654,2.2346000000000004
ENSG00000170035,ENSMUSG00000027011,100.0,0.0
ENSG00000124207,ENSMUSG00000002718,99.0731,0.9269000000000034
ENSG00000166246,ENSMUSG00000022543,27.4668,72.5332
ENSG00000130283,ENSMUSG00000109523,69.71405,30.28595
ENSG00000173320,ENSMUSG00000038143,95.5724,4.427599999999998
ENSG00000165730,ENSMUSG00000036923,60.7378,39.2622
ENSG00000127415,ENSMUSG00000033540,78.2454,21.754599999999996
ENSG00000198915,ENSMUSG00000030134,92.36699999999999,7.63300000000001
ENSG00000112624,ENSMUSG00000036568,87.4134,12.586600000000004
ENSG00000139193,ENSMUSG00000030336,65.5154,34.4846
ENSG00000154856,ENSMUSG00000071847,91.8288,8.171199999999999
ENSG00000149798,ENSMUSG00000045664,87.74365,12.256349999999998
ENSG00000172725,ENSMUSG00000024835,94.1443,5.855699999999999
ENSG00000114439,ENSMUSG00000022641,86.71765,13.282349999999994
ENSG00000114520,ENSMUSG00000022808,94.0,6.0
ENSG00000165887,ENSMUSG00000025172,89.02275,10.977249999999998
ENSG00000148677,ENSMUSG00000024803,90.2821,9.7179
ENSG00000166963,ENSMUSG00000027254,77.18594999999999,22.81405000000001
ENSG00000146950,ENSMUSG00000045180,66.63145,33.36855
ENSG00000025796,ENSMUSG00000019802,96.3158,3.684200000000004
ENSG00000087152,ENSMUSG00000059995,98.44059999999999,1.5594000000000108
ENSG00000163728,ENSMUSG00000027677,87.50059999999999,12.499400000000009
ENSG00000090447,ENSMUSG00000005718,97.6331,2.366900000000001
ENSG00000167216,ENSMUSG00000025420,86.53675,13.463250000000002
ENSG00000196091,ENSMUSG00000020061,88.7616,11.238399999999999
ENSG00000143315,ENSMUSG00000050229,89.8345,10.165499999999994
ENSG00000106636,ENSMUSG00000002741,92.9293,7.070700000000002
ENSG00000171885,ENSMUSG00000024411,93.1889,6.811099999999996
ENSG00000086712,ENSMUSG00000038344,90.11535,9.884649999999993
ENSG00000273899,ENSMUSG00000033099,90.24035,9.759649999999993
ENSG00000144481,ENSMUSG00000036251,93.6594,6.340599999999995
ENSG00000158089,ENSMUSG00000024064,91.65185,8.348150000000004
ENSG00000104093,ENSMUSG00000041268,92.83385,7.166150000000002
ENSG00000172869,ENSMUSG00000037416,89.24879999999999,10.751200000000011
ENSG00000025434,ENSMUSG00000002108,91.7045,8.295500000000004
ENSG00000185418,ENSMUSG00000030515,86.06020000000001,13.939799999999991
ENSG00000218739,ENSMUSG00000062691,78.75,21.25
ENSG00000179456,ENSMUSG00000063659,99.435,0.5649999999999977
ENSG00000106952,ENSMUSG00000028362,70.62100000000001,29.37899999999999
ENSG00000078900,ENSMUSG00000029026,87.2354,12.764600000000002
ENSG00000073282,ENSMUSG00000022510,97.9412,2.058800000000005
ENSG00000141510,ENSMUSG00000059552,77.6512,22.348799999999997
ENSG00000131508,ENSMUSG00000091896,100.0,0.0
ENSG00000109332,ENSMUSG00000078578,97.62825000000001,2.3717499999999916
ENSG00000099282,ENSMUSG00000037031,91.8367,8.163300000000007
ENSG00000066468,ENSMUSG00000030849,96.4605,3.539500000000004
ENSG00000187860,ENSMUSG00000051427,74.4616,25.538399999999996
ENSG00000163499,ENSMUSG00000006546,90.8629,9.137100000000004
ENSG00000168811,ENSMUSG00000027776,56.78255,43.21745
ENSG00000198793,ENSMUSG00000028991,98.9408,1.0592000000000041
ENSG00000188986,ENSMUSG00000013465,94.04339999999999,5.956600000000009
ENSG00000126107,ENSMUSG00000046861,97.7933,2.206699999999998
ENSG00000131668,ENSMUSG00000021381,95.2756,4.724400000000003
ENSG00000106868,ENSMUSG00000038578,73.7833,26.216700000000003
ENSG00000142606,ENSMUSG00000058183,77.6754,22.324600000000004
ENSG00000138316,ENSMUSG00000059901,81.82835,18.17165
ENSG00000125351,ENSMUSG00000036572,85.6658,14.334199999999996
ENSG00000169062,ENSMUSG00000038398,67.5047,32.4953
ENSG00000133124,ENSMUSG00000054667,77.93305000000001,22.06694999999999
ENSG00000130305,ENSMUSG00000000916,84.42545,15.574550000000002
ENSG00000214595,ENSMUSG00000044072,97.0889,2.9111000000000047
ENSG00000120669,ENSMUSG00000027794,49.436949999999996,50.563050000000004
ENSG00000156218,ENSMUSG00000070469,84.90010000000001,15.099899999999991
ENSG00000119231,ENSMUSG00000022772,82.0492,17.9508
ENSG00000185504,ENSMUSG00000025384,72.9546,27.0454
ENSG00000139625,ENSMUSG00000023050,96.18025,3.819749999999999
ENSG00000085511,ENSMUSG00000014426,88.6126,11.3874
ENSG00000188917,ENSMUSG00000067369,75.43545,24.564549999999997
ENSG00000099899,ENSMUSG00000022721,83.04495,16.95505
ENSG00000183576,ENSMUSG00000056770,92.2559,7.744100000000003
ENSG00000103037,ENSMUSG00000031671,79.0698,20.9302
ENSG00000185917,ENSMUSG00000022948,76.9057,23.094300000000004
ENSG00000156925,ENSMUSG00000067860,98.39240000000001,1.6075999999999908
ENSG00000154438,ENSMUSG00000010796,85.2632,14.736800000000002
ENSG00000235711,ENSMUSG00000047606,90.17785,9.822149999999993
ENSG00000235034,ENSMUSG00000008028,62.76945,37.23055
ENSG00000134278,ENSMUSG00000024533,89.66650000000001,10.333499999999987
ENSG00000204991,ENSMUSG00000010154,84.9169,15.083100000000002
ENSG00000105486,ENSMUSG00000056394,84.2509,15.749099999999999
ENSG00000103742,ENSMUSG00000032816,88.05445,11.945549999999997
ENSG00000101464,ENSMUSG00000038383,97.2414,2.7586000000000013
ENSG00000176540,ENSMUSG00000042894,73.31684999999999,26.683150000000012
ENSG00000120925,ENSMUSG00000013878,86.25795,13.742050000000006
ENSG00000186329,ENSMUSG00000043164,75.61605,24.38395
ENSG00000120885,ENSMUSG00000022037,76.47725,23.522750000000002
ENSG00000144868,ENSMUSG00000042757,76.93655000000001,23.06344999999999
ENSG00000125386,ENSMUSG00000037210,88.1267,11.8733
ENSG00000146067,ENSMUSG00000021495,85.92734999999999,14.07265000000001
ENSG00000163430,ENSMUSG00000022816,92.1834,7.816599999999994
ENSG00000103335,ENSMUSG00000014444,81.7861,18.213899999999995
ENSG00000173285,ENSMUSG00000047286,78.15015,21.849850000000004
ENSG00000162972,ENSMUSG00000025971,77.3196,22.680400000000006
ENSG00000198142,ENSMUSG00000098188,71.9496,28.050399999999996
ENSG00000187808,ENSMUSG00000044400,61.0805,38.9195
ENSG00000198944,ENSMUSG00000044352,76.93715,23.062849999999997
ENSG00000186212,ENSMUSG00000045314,66.0955,33.9045
ENSG00000119777,ENSMUSG00000038828,81.54085,18.459149999999994
ENSG00000074356,ENSMUSG00000020783,94.73835,5.261650000000003
ENSG00000149136,ENSMUSG00000027067,97.6712,2.328800000000001
ENSG00000164898,ENSMUSG00000019689,92.9204,7.079599999999999
ENSG00000166025,ENSMUSG00000013076,85.82615,14.173850000000002
ENSG00000137573,ENSMUSG00000016918,93.05,6.950000000000003
ENSG00000092067,ENSMUSG00000052435,93.2384,6.761600000000001
ENSG00000177301,ENSMUSG00000040724,99.3988,0.6012000000000057
ENSG00000166928,ENSMUSG00000099398,35.0662,64.93379999999999
ENSG00000182132,ENSMUSG00000053519,88.05875,11.941249999999997
ENSG00000170876,ENSMUSG00000030095,93.0,7.0
ENSG00000250317,ENSMUSG00000061461,89.7253,10.274699999999996
ENSG00000237110,ENSMUSG00000037424,86.7816,13.218400000000003
ENSG00000064545,ENSMUSG00000002342,82.79464999999999,17.20535000000001
ENSG00000164180,ENSMUSG00000035762,95.0719,4.928100000000001
ENSG00000178567,ENSMUSG00000046785,89.03550000000001,10.964499999999987
ENSG00000120963,ENSMUSG00000062397,100.0,0.0
ENSG00000189334,ENSMUSG00000042306,90.3846,9.615399999999994
ENSG00000150457,ENSMUSG00000021959,84.26465,15.735349999999997
ENSG00000173039,ENSMUSG00000024927,88.90934999999999,11.09065000000001
ENSG00000173120,ENSMUSG00000054611,97.3741,2.6259000000000015
ENSG00000085999,ENSMUSG00000028702,94.3775,5.622500000000002
ENSG00000166341,ENSMUSG00000036862,92.63935,7.360650000000007
ENSG00000284701,ENSMUSG00000037689,66.9999,33.0001
ENSG00000137076,ENSMUSG00000028465,98.7407,1.259299999999996
ENSG00000239306,ENSMUSG00000006456,98.3558,1.6441999999999979
ENSG00000072195,ENSMUSG00000026207,91.31575000000001,8.684249999999992
ENSG00000163875,ENSMUSG00000028863,98.9529,1.0471000000000004
ENSG00000112394,ENSMUSG00000019838,84.324,15.676000000000002
ENSG00000160202,ENSMUSG00000024041,94.7977,5.202299999999994
ENSG00000126785,ENSMUSG00000046768,92.9907,7.009299999999996
ENSG00000168077,ENSMUSG00000034463,90.7591,9.240899999999996
ENSG00000113163,ENSMUSG00000021669,96.6346,3.365399999999994
ENSG00000185219,ENSMUSG00000047036,60.7144,39.2856
ENSG00000214087,ENSMUSG00000057594,84.9711,15.028899999999993
ENSG00000109606,ENSMUSG00000029169,99.6226,0.3773999999999944
ENSG00000055211,ENSMUSG00000040006,72.949,27.051000000000002
ENSG00000242120,ENSMUSG00000090667,81.4815,18.518500000000003
ENSG00000180263,ENSMUSG00000020021,75.15925,24.84075
ENSG00000158122,ENSMUSG00000021482,88.4956,11.504400000000004
ENSG00000137558,ENSMUSG00000067780,93.4109,6.589100000000002
ENSG00000185122,ENSMUSG00000022556,90.13415,9.865849999999995
ENSG00000105968,ENSMUSG00000041126,100.0,0.0
ENSG00000150316,ENSMUSG00000004096,99.1266,0.8734000000000037
ENSG00000204569,ENSMUSG00000039220,92.19715,7.8028500000000065
ENSG00000147421,ENSMUSG00000021972,99.0476,0.9523999999999972
ENSG00000101346,ENSMUSG00000046020,90.40065,9.599350000000001
ENSG00000120942,ENSMUSG00000047719,92.28565,7.714349999999996
ENSG00000269858,ENSMUSG00000058709,89.3651,10.634900000000002
ENSG00000001629,ENSMUSG00000040351,93.46860000000001,6.531399999999991
ENSG00000055955,ENSMUSG00000021922,65.1736,34.82640000000001
ENSG00000188706,ENSMUSG00000036985,98.3516,1.6483999999999952
ENSG00000134057,ENSMUSG00000041431,86.2119,13.7881
ENSG00000204613,ENSMUSG00000073400,83.51085,16.489149999999995
ENSG00000075415,ENSMUSG00000061904,88.7359,11.2641
ENSG00000138111,ENSMUSG00000025227,88.9965,11.003500000000003
ENSG00000124785,ENSMUSG00000039114,97.1831,2.816900000000004
ENSG00000188038,ENSMUSG00000044287,77.6824,22.3176
ENSG00000168772,ENSMUSG00000044365,96.3167,3.6833000000000027
ENSG00000171604,ENSMUSG00000046668,93.90245,6.097549999999998
ENSG00000123575,ENSMUSG00000042595,97.6804,2.319599999999994
ENSG00000174099,ENSMUSG00000051236,92.18395000000001,7.81604999999999
ENSG00000184916,ENSMUSG00000002799,90.14205000000001,9.857949999999988
ENSG00000100285,ENSMUSG00000020396,77.52605,22.473950000000002
ENSG00000136918,ENSMUSG00000035295,73.9295,26.070499999999996
ENSG00000168826,ENSMUSG00000029127,74.29585,25.70415
ENSG00000132481,ENSMUSG00000020773,88.75085,11.24915
ENSG00000134253,ENSMUSG00000033233,86.0345,13.965500000000006
ENSG00000130707,ENSMUSG00000076441,96.8447,3.155299999999997
ENSG00000107341,ENSMUSG00000036241,100.0,0.0
ENSG00000173559,ENSMUSG00000026107,82.6055,17.394499999999994
ENSG00000177455,ENSMUSG00000030724,65.8249,34.1751
ENSG00000164715,ENSMUSG00000038970,76.9423,23.057699999999997
ENSG00000157741,ENSMUSG00000038538,91.7886,8.211399999999998
ENSG00000132846,ENSMUSG00000041995,51.523849999999996,48.476150000000004
ENSG00000184014,ENSMUSG00000035901,97.7467,2.253299999999996
ENSG00000170456,ENSMUSG00000030313,95.3689,4.6311000000000035
ENSG00000183621,ENSMUSG00000050945,63.49025,36.50975
ENSG00000216490,ENSMUSG00000031838,62.25,37.75
ENSG00000137727,ENSMUSG00000053199,78.8886,21.111400000000003
ENSG00000109667,ENSMUSG00000005107,81.07634999999999,18.92365000000001
ENSG00000115274,ENSMUSG00000030034,94.3985,5.6015000000000015
ENSG00000072609,ENSMUSG00000014668,81.46575,18.53425
ENSG00000166118,ENSMUSG00000031991,69.27250000000001,30.727499999999992
ENSG00000101871,ENSMUSG00000035299,94.2924,5.707599999999999
ENSG00000165698,ENSMUSG00000026809,78.9495,21.0505
ENSG00000189157,ENSMUSG00000057068,50.82415,49.17585
ENSG00000117322,ENSMUSG00000026616,55.77105,44.22895
ENSG00000197142,ENSMUSG00000024981,81.4056,18.594399999999993
ENSG00000015676,ENSMUSG00000053838,87.29345,12.706549999999993
ENSG00000115339,ENSMUSG00000026994,91.9431,8.056899999999999
ENSG00000174405,ENSMUSG00000049717,87.0472,12.952799999999996
ENSG00000094975,ENSMUSG00000040297,86.0447,13.955299999999994
ENSG00000226479,ENSMUSG00000098923,96.0,4.0
ENSG00000166833,ENSMUSG00000052512,91.01325,8.98675
ENSG00000056277,ENSMUSG00000036916,66.26175,33.738249999999994
ENSG00000102265,ENSMUSG00000001131,72.81725,27.18275
ENSG00000139921,ENSMUSG00000021072,77.42035,22.57965
ENSG00000005194,ENSMUSG00000031781,81.48335,18.51665
ENSG00000154309,ENSMUSG00000030768,84.138,15.861999999999995
ENSG00000173545,ENSMUSG00000052253,82.47645,17.52355
ENSG00000253309,ENSMUSG00000091155,65.83945,34.16055
ENSG00000113407,ENSMUSG00000022241,94.94810000000001,5.051899999999989
ENSG00000185591,ENSMUSG00000001280,95.27520000000001,4.724799999999988
ENSG00000116406,ENSMUSG00000043019,93.56635,6.43365
ENSG00000115758,ENSMUSG00000011179,90.6725,9.3275
ENSG00000142920,ENSMUSG00000028789,86.18075,13.819249999999997
ENSG00000155096,ENSMUSG00000037458,95.7589,4.241100000000003
ENSG00000198931,ENSMUSG00000006589,82.7778,17.2222
ENSG00000134013,ENSMUSG00000034205,86.3227,13.677300000000002
ENSG00000001461,ENSMUSG00000028803,89.70805,10.29195
ENSG00000013503,ENSMUSG00000034453,99.3822,0.6178000000000026
ENSG00000047315,ENSMUSG00000029250,99.9148,0.08520000000000039
ENSG00000125630,ENSMUSG00000027395,90.3084,9.691599999999994
ENSG00000077782,ENSMUSG00000031565,98.4185,1.5815000000000055
ENSG00000171223,ENSMUSG00000052837,93.48945,6.510549999999995
ENSG00000188394,ENSMUSG00000053164,91.1175,8.882499999999993
ENSG00000148156,ENSMUSG00000070980,86.4357,13.564300000000003
ENSG00000124532,ENSMUSG00000021339,83.24709999999999,16.75290000000001
ENSG00000115239,ENSMUSG00000020305,83.41695,16.58305
ENSG00000160799,ENSMUSG00000019659,89.759,10.241
ENSG00000180787,ENSMUSG00000043602,86.08824999999999,13.911750000000012
ENSG00000130638,ENSMUSG00000016541,82.7368,17.263199999999998
ENSG00000204928,ENSMUSG00000073574,80.09115,19.90885
ENSG00000221829,ENSMUSG00000028453,72.12854999999999,27.87145000000001
ENSG00000125534,ENSMUSG00000016344,66.37685,33.623149999999995
ENSG00000198324,ENSMUSG00000044134,58.704750000000004,41.295249999999996
ENSG00000145708,ENSMUSG00000021680,87.2671,12.7329
ENSG00000187017,ENSMUSG00000028943,61.5644,38.4356
ENSG00000178996,ENSMUSG00000042364,96.21170000000001,3.7882999999999925
ENSG00000204070,ENSMUSG00000045503,97.4359,2.5640999999999963
ENSG00000196187,ENSMUSG00000026519,89.75825,10.241749999999996
ENSG00000162971,ENSMUSG00000048495,89.2064,10.793599999999998
ENSG00000143032,ENSMUSG00000034384,92.86785,7.132149999999996
ENSG00000025156,ENSMUSG00000019878,93.4777,6.522300000000001
ENSG00000154099,ENSMUSG00000031831,59.4276,40.5724
ENSG00000129084,ENSMUSG00000030751,98.0989,1.9010999999999996
ENSG00000116661,ENSMUSG00000041556,88.02725000000001,11.97274999999999
ENSG00000115163,ENSMUSG00000029177,70.8369,29.1631
ENSG00000167394,ENSMUSG00000049728,92.084,7.915999999999997
ENSG00000188659,ENSMUSG00000038570,77.90435,22.095650000000006
ENSG00000171863,ENSMUSG00000061477,100.0,0.0
ENSG00000175315,ENSMUSG00000024846,69.1275,30.872500000000002
ENSG00000103005,ENSMUSG00000031792,80.8282,19.171800000000005
ENSG00000141452,ENSMUSG00000024410,94.9772,5.022800000000004
ENSG00000124713,ENSMUSG00000002769,91.8378,8.162199999999999
ENSG00000198771,ENSMUSG00000040723,64.2527,35.747299999999996
ENSG00000131737,ENSMUSG00000043485,87.02345,12.976550000000003
ENSG00000116132,ENSMUSG00000026586,99.5918,0.4081999999999937
ENSG00000197858,ENSMUSG00000022561,91.3043,8.695700000000002
ENSG00000163964,ENSMUSG00000023791,75.0046,24.995400000000004
ENSG00000112715,ENSMUSG00000023951,84.11815,15.88185
ENSG00000088386,ENSMUSG00000025557,85.10945000000001,14.89054999999999
ENSG00000180801,ENSMUSG00000046561,89.5573,10.442700000000002
ENSG00000113716,ENSMUSG00000024622,88.9066,11.093400000000003
ENSG00000136522,ENSMUSG00000037531,77.29204999999999,22.70795000000001
ENSG00000152672,ENSMUSG00000014542,47.731399999999994,52.268600000000006
ENSG00000104901,ENSMUSG00000030792,61.90445,38.09555
ENSG00000181826,ENSMUSG00000047881,88.02975,11.970249999999993
ENSG00000177106,ENSMUSG00000025504,85.04955,14.950450000000004
ENSG00000198026,ENSMUSG00000039834,87.1224,12.877600000000001
ENSG00000081791,ENSMUSG00000024442,73.56275,26.437250000000006
ENSG00000149295,ENSMUSG00000032259,95.6033,4.396699999999996
ENSG00000146090,ENSMUSG00000020374,94.33255,5.667450000000002
ENSG00000090565,ENSMUSG00000037098,63.12575,36.87425
ENSG00000131242,ENSMUSG00000017639,92.76755,7.23245
ENSG00000214872,ENSMUSG00000027077,65.35575,34.64425
ENSG00000188958,ENSMUSG00000056423,46.582899999999995,53.417100000000005
ENSG00000105220,ENSMUSG00000036427,88.8889,11.111099999999993
ENSG00000143502,ENSMUSG00000038576,91.2245,8.775499999999994
ENSG00000123268,ENSMUSG00000023027,91.48275000000001,8.51724999999999
ENSG00000188716,ENSMUSG00000063821,82.76955000000001,17.23044999999999
ENSG00000203780,ENSMUSG00000053111,88.5343,11.465699999999998
ENSG00000171174,ENSMUSG00000029136,86.20175,13.798249999999996
ENSG00000100314,ENSMUSG00000009075,100.0,0.0
ENSG00000072506,ENSMUSG00000025260,87.7395,12.260499999999993
ENSG00000103154,ENSMUSG00000031837,85.93675,14.063249999999996
ENSG00000123119,ENSMUSG00000040536,96.44399999999999,3.5560000000000116
ENSG00000125967,ENSMUSG00000027489,82.78285,17.217150000000004
ENSG00000069869,ENSMUSG00000032216,81.92935,18.07065
ENSG00000176472,ENSMUSG00000066721,83.0706,16.9294
ENSG00000132872,ENSMUSG00000024261,89.8824,10.117599999999996
ENSG00000125484,ENSMUSG00000035666,93.35050000000001,6.649499999999989
ENSG00000073712,ENSMUSG00000037712,98.2353,1.7647000000000048
ENSG00000101311,ENSMUSG00000027356,87.8877,12.112300000000005
ENSG00000149781,ENSMUSG00000024965,93.8255,6.174499999999995
ENSG00000274286,ENSMUSG00000058620,83.51935,16.480649999999997
ENSG00000182533,ENSMUSG00000062694,94.702,5.298000000000002
ENSG00000105974,ENSMUSG00000007655,94.9438,5.056200000000004
ENSG00000105971,ENSMUSG00000000058,90.1235,9.876499999999993
ENSG00000004779,ENSMUSG00000030869,85.8974,14.102599999999995
ENSG00000136271,ENSMUSG00000004393,90.94239999999999,9.057600000000008
ENSG00000165821,ENSMUSG00000049532,88.8004,11.199600000000004
ENSG00000239264,ENSMUSG00000038991,83.6539,16.346100000000007
ENSG00000128645,ENSMUSG00000042448,82.3171,17.682900000000004
ENSG00000101220,ENSMUSG00000027327,89.46525,10.534750000000003
ENSG00000075223,ENSMUSG00000028780,97.0706,2.929400000000001
ENSG00000149179,ENSMUSG00000040591,93.6556,6.344399999999993
ENSG00000138758,ENSMUSG00000058013,98.4913,1.5087000000000046
ENSG00000149289,ENSMUSG00000035164,91.90719999999999,8.092800000000011
ENSG00000283632,ENSMUSG00000011263,87.12085,12.879149999999996
ENSG00000205436,ENSMUSG00000021280,72.07215,27.927850000000007
ENSG00000185215,ENSMUSG00000021281,70.38785,29.61215
ENSG00000179044,ENSMUSG00000043251,78.2509,21.7491
ENSG00000180104,ENSMUSG00000034152,95.60425000000001,4.3957499999999925
ENSG00000173040,ENSMUSG00000050248,69.15025,30.84975
ENSG00000072840,ENSMUSG00000029122,67.8046,32.19540000000001
ENSG00000170262,ENSMUSG00000039956,56.12065,43.87935
ENSG00000152377,ENSMUSG00000056222,94.89325,5.106750000000005
ENSG00000198171,ENSMUSG00000068290,84.26095000000001,15.739049999999992
ENSG00000188603,ENSMUSG00000030720,85.8447,14.155299999999997
ENSG00000122042,ENSMUSG00000001687,99.1453,0.854699999999994
ENSG00000131686,ENSMUSG00000028972,51.53065,48.46935
ENSG00000139998,ENSMUSG00000021062,98.5849,1.4150999999999954
ENSG00000152942,ENSMUSG00000021635,80.1319,19.8681
ENSG00000119630,ENSMUSG00000004791,60.87875,39.12125
ENSG00000164244,ENSMUSG00000024594,87.3878,12.612200000000001
ENSG00000180817,ENSMUSG00000020089,94.1176,5.882400000000004
ENSG00000138777,ENSMUSG00000028013,76.50880000000001,23.491199999999992
ENSG00000125266,ENSMUSG00000001300,96.265,3.7349999999999994
ENSG00000146233,ENSMUSG00000023963,74.97345,25.02655
ENSG00000172817,ENSMUSG00000039519,65.1531,34.846900000000005
ENSG00000167910,ENSMUSG00000028240,81.62865,18.371350000000007
ENSG00000033050,ENSMUSG00000028953,98.80250000000001,1.197499999999991
ENSG00000158813,ENSMUSG00000059327,94.6292,5.370800000000003
ENSG00000273604,ENSMUSG00000043439,74.8797,25.1203
ENSG00000180592,ENSMUSG00000054074,92.90039999999999,7.0996000000000095
ENSG00000170085,ENSMUSG00000043183,66.43365,33.56635
ENSG00000116863,ENSMUSG00000042558,90.5949,9.405100000000004
ENSG00000196642,ENSMUSG00000015087,79.91805,20.081950000000006
ENSG00000150093,ENSMUSG00000025809,92.4812,7.518799999999999
ENSG00000160255,ENSMUSG00000000290,80.57185,19.428150000000002
ENSG00000139626,ENSMUSG00000001281,85.66295,14.337050000000005
ENSG00000186188,ENSMUSG00000054200,86.4266,13.573400000000007
ENSG00000172209,ENSMUSG00000044067,96.87870000000001,3.121299999999991
ENSG00000109163,ENSMUSG00000029255,89.46585,10.534149999999997
ENSG00000111726,ENSMUSG00000030282,94.45775,5.542249999999996
ENSG00000180353,ENSMUSG00000022831,82.0988,17.901200000000003
ENSG00000150760,ENSMUSG00000058325,95.92410000000001,4.07589999999999
ENSG00000101255,ENSMUSG00000032715,73.59785,26.402150000000006
ENSG00000173334,ENSMUSG00000032501,93.8172,6.1828
ENSG00000071575,ENSMUSG00000020601,98.2507,1.7493000000000052
ENSG00000196182,ENSMUSG00000042608,97.2414,2.7586000000000013
ENSG00000166927,ENSMUSG00000024672,49.8455,50.1545
ENSG00000092621,ENSMUSG00000053398,94.5591,5.440899999999999
ENSG00000137509,ENSMUSG00000061119,77.40825,22.591750000000005
ENSG00000140382,ENSMUSG00000032329,96.1041,3.8958999999999975
ENSG00000187446,ENSMUSG00000014077,98.9744,1.0255999999999972
ENSG00000196498,ENSMUSG00000029478,87.5126,12.487399999999994
ENSG00000183077,ENSMUSG00000017718,70.06655,29.933449999999993
ENSG00000183251,ENSMUSG00000058200,75.04044999999999,24.959550000000007
ENSG00000176925,ENSMUSG00000073965,81.23875000000001,18.76124999999999
ENSG00000197674,ENSMUSG00000110008,82.74844999999999,17.25155000000001
ENSG00000176900,ENSMUSG00000045824,76.13794999999999,23.86205000000001
ENSG00000176922,ENSMUSG00000043310,80.0002,19.999799999999993
ENSG00000167359,ENSMUSG00000066262,87.8981,12.1019
ENSG00000187918,ENSMUSG00000073932,89.1026,10.897400000000005
ENSG00000182853,ENSMUSG00000020830,70.9682,29.031800000000004
ENSG00000177508,ENSMUSG00000031734,91.66995,8.33005
ENSG00000018699,ENSMUSG00000024078,84.3792,15.620800000000003
ENSG00000183160,ENSMUSG00000054675,67.85275,32.14725
ENSG00000178279,ENSMUSG00000043050,39.483450000000005,60.516549999999995
ENSG00000284526,ENSMUSG00000110170,74.8334,25.166600000000003
ENSG00000121621,ENSMUSG00000027115,76.2366,23.763400000000004
ENSG00000023191,ENSMUSG00000038650,73.28460000000001,26.71539999999999
ENSG00000142973,ENSMUSG00000028713,85.04405,14.955950000000001
ENSG00000180043,ENSMUSG00000092518,39.7792,60.2208
ENSG00000278570,ENSMUSG00000032292,88.72645,11.27355
ENSG00000196976,ENSMUSG00000015289,50.18665,49.81335
ENSG00000178685,ENSMUSG00000063268,64.9563,35.0437
ENSG00000137337,ENSMUSG00000061607,53.52815,46.47185
ENSG00000175520,ENSMUSG00000051618,73.87700000000001,26.12299999999999
ENSG00000136450,ENSMUSG00000018379,100.0,0.0
ENSG00000141314,ENSMUSG00000017692,95.5446,4.455399999999997
ENSG00000067365,ENSMUSG00000039345,77.80654999999999,22.193450000000013
ENSG00000106462,ENSMUSG00000029687,97.9303,2.0696999999999974
ENSG00000134851,ENSMUSG00000029234,91.80860000000001,8.191399999999987
ENSG00000116667,ENSMUSG00000032666,96.6942,3.305800000000005
ENSG00000181322,ENSMUSG00000046242,77.6937,22.306299999999993
ENSG00000134121,ENSMUSG00000030077,84.2613,15.738699999999994
ENSG00000105357,ENSMUSG00000030739,92.01284999999999,7.987150000000014
ENSG00000131634,ENSMUSG00000024168,88.0531,11.9469
ENSG00000116213,ENSMUSG00000029029,88.06985,11.930149999999998
ENSG00000072778,ENSMUSG00000018574,84.05799999999999,15.942000000000007
ENSG00000155275,ENSMUSG00000029097,68.2244,31.775599999999997
ENSG00000140481,ENSMUSG00000037716,56.855500000000006,43.144499999999994
ENSG00000099949,ENSMUSG00000022761,95.17025000000001,4.82974999999999
ENSG00000188981,ENSMUSG00000051246,89.2086,10.791399999999996
ENSG00000124193,ENSMUSG00000016921,97.22335000000001,2.7766499999999894
ENSG00000134283,ENSMUSG00000036167,81.31190000000001,18.68809999999999
ENSG00000171446,ENSMUSG00000017588,88.21585,11.784149999999997
ENSG00000280094,ENSMUSG00000075377,86.7508,13.249200000000002
ENSG00000100084,ENSMUSG00000022702,95.86625000000001,4.133749999999992
ENSG00000117877,ENSMUSG00000047649,51.37105,48.62895
ENSG00000115109,ENSMUSG00000026383,83.69705,16.302949999999996
ENSG00000008300,ENSMUSG00000023473,92.37275,7.627250000000004
ENSG00000146373,ENSMUSG00000063760,81.0368,18.9632
ENSG00000179046,ENSMUSG00000091490,57.8529,42.1471
ENSG00000198300,ENSMUSG00000002265,65.40235,34.59765
ENSG00000198715,ENSMUSG00000001418,78.519,21.480999999999995
ENSG00000106443,ENSMUSG00000029629,96.45445,3.5455500000000058
ENSG00000164983,ENSMUSG00000062373,91.99785,8.00215
ENSG00000125895,ENSMUSG00000044364,85.86340000000001,14.136599999999987
ENSG00000164841,ENSMUSG00000054409,77.0492,22.9508
ENSG00000164532,ENSMUSG00000031965,97.5341,2.465900000000005
ENSG00000163162,ENSMUSG00000048234,77.3344,22.665599999999998
ENSG00000173264,ENSMUSG00000024958,95.202,4.798000000000002
ENSG00000077585,ENSMUSG00000021306,92.8868,7.113200000000006
ENSG00000180998,ENSMUSG00000049092,91.55385,8.446150000000003
ENSG00000067082,ENSMUSG00000000078,89.8221,10.177899999999994
ENSG00000103316,ENSMUSG00000030905,88.67644999999999,11.323550000000012
ENSG00000055147,ENSMUSG00000020523,79.4462,20.553799999999995
ENSG00000197712,ENSMUSG00000029185,77.3873,22.612700000000004
ENSG00000257704,ENSMUSG00000091811,72.19935000000001,27.80064999999999
ENSG00000004468,ENSMUSG00000029084,57.6184,42.3816
ENSG00000109743,ENSMUSG00000029082,71.233,28.766999999999996
ENSG00000109205,ENSMUSG00000009580,67.76165,32.23835
ENSG00000170473,ENSMUSG00000064030,89.43545,10.564549999999997
ENSG00000171345,ENSMUSG00000020911,82.44200000000001,17.557999999999993
ENSG00000184730,ENSMUSG00000042759,45.3824,54.6176
ENSG00000167085,ENSMUSG00000038845,99.6324,0.36759999999999593
ENSG00000215021,ENSMUSG00000004264,100.0,0.0
ENSG00000197603,ENSMUSG00000039801,65.6789,34.3211
ENSG00000153904,ENSMUSG00000028194,93.6842,6.315799999999996
ENSG00000205060,ENSMUSG00000018999,90.9366,9.063400000000001
ENSG00000084073,ENSMUSG00000043207,93.4737,6.526300000000006
ENSG00000116786,ENSMUSG00000028917,88.50315,11.496849999999995
ENSG00000100731,ENSMUSG00000021140,90.92855,9.071449999999999
ENSG00000198780,ENSMUSG00000041817,80.15090000000001,19.849099999999993
ENSG00000198042,ENSMUSG00000031578,89.60135,10.398650000000004
ENSG00000127412,ENSMUSG00000036899,80.8554,19.144599999999997
ENSG00000183111,ENSMUSG00000045094,79.49674999999999,20.50325000000001
ENSG00000107554,ENSMUSG00000025195,76.08500000000001,23.914999999999992
ENSG00000236699,ENSMUSG00000040969,84.68175,15.318250000000006
ENSG00000142168,ENSMUSG00000022982,83.7662,16.233800000000002
ENSG00000145050,ENSMUSG00000032575,96.9596,3.0404000000000053
ENSG00000185267,ENSMUSG00000039496,77.5401,22.459900000000005
ENSG00000162695,ENSMUSG00000054414,96.0219,3.9780999999999977
ENSG00000175701,ENSMUSG00000051319,94.6429,5.357100000000003
ENSG00000205084,ENSMUSG00000031951,86.84649999999999,13.153500000000008
ENSG00000157349,ENSMUSG00000033658,97.286,2.7139999999999986
ENSG00000168872,ENSMUSG00000015023,97.4895,2.5104999999999933
ENSG00000283297,ENSMUSG00000079304,66.23325,33.76675
ENSG00000186047,ENSMUSG00000048281,85.18260000000001,14.817399999999992
ENSG00000185115,ENSMUSG00000100937,65.2356,34.764399999999995
ENSG00000101040,ENSMUSG00000039671,89.67195,10.328050000000005
ENSG00000080815,ENSMUSG00000019969,92.7195,7.2805000000000035
ENSG00000156802,ENSMUSG00000022360,75.64335,24.356650000000002
ENSG00000119778,ENSMUSG00000052812,91.63815,8.361850000000004
ENSG00000164053,ENSMUSG00000025646,74.49350000000001,25.50649999999999
ENSG00000169676,ENSMUSG00000039358,82.7226,17.2774
ENSG00000183624,ENSMUSG00000030060,84.01715,15.98285
ENSG00000175946,ENSMUSG00000022357,84.1652,15.834800000000001
ENSG00000172139,ENSMUSG00000033210,66.3266,33.6734
ENSG00000149476,ENSMUSG00000034371,85.1697,14.830299999999994
ENSG00000152977,ENSMUSG00000032368,99.3289,0.6710999999999956
ENSG00000180113,ENSMUSG00000040140,71.47855,28.52145
ENSG00000166441,ENSMUSG00000046364,97.2973,2.702699999999993
ENSG00000080822,ENSMUSG00000022744,91.6996,8.300399999999996
ENSG00000015532,ENSMUSG00000020868,93.526,6.474000000000004
ENSG00000159593,ENSMUSG00000031878,97.0037,2.996300000000005
ENSG00000204599,ENSMUSG00000045409,96.75434999999999,3.245650000000012
ENSG00000143633,ENSMUSG00000031984,66.23105000000001,33.76894999999999
ENSG00000197641,ENSMUSG00000048775,74.8723,25.127700000000004
ENSG00000137409,ENSMUSG00000024012,98.2005,1.7994999999999948
ENSG00000109919,ENSMUSG00000027282,93.7294,6.270600000000002
ENSG00000115648,ENSMUSG00000026303,64.71045000000001,35.28954999999999
ENSG00000170011,ENSMUSG00000041794,80.00025,19.999750000000006
ENSG00000168314,ENSMUSG00000032517,78.8605,21.139499999999998
ENSG00000134453,ENSMUSG00000037197,98.0173,1.9826999999999941
ENSG00000250479,ENSMUSG00000049422,85.73175,14.268249999999995
ENSG00000178999,ENSMUSG00000020897,84.18015,15.819850000000002
ENSG00000112167,ENSMUSG00000045107,75.4854,24.5146
ENSG00000109787,ENSMUSG00000029178,95.21065,4.789349999999999
ENSG00000166206,ENSMUSG00000033676,97.2516,2.7484000000000037
ENSG00000139971,ENSMUSG00000036242,56.4235,43.5765
ENSG00000094631,ENSMUSG00000031161,76.5402,23.4598
ENSG00000135845,ENSMUSG00000026698,93.6027,6.397300000000001
ENSG00000179407,ENSMUSG00000048206,82.7985,17.201499999999996
ENSG00000154719,ENSMUSG00000022889,84.57045,15.429550000000006
ENSG00000070366,ENSMUSG00000038290,90.87065,9.129350000000002
ENSG00000162510,ENSMUSG00000040533,89.55969999999999,10.440300000000008
ENSG00000011143,ENSMUSG00000034121,89.1074,10.892600000000002
ENSG00000165494,ENSMUSG00000041328,89.99425,10.005750000000006
ENSG00000228336,ENSMUSG00000049806,83.7662,16.233800000000002
ENSG00000160767,ENSMUSG00000032657,94.09129999999999,5.90870000000001
ENSG00000104059,ENSMUSG00000030518,78.97835,21.021649999999994
ENSG00000135063,ENSMUSG00000071604,88.57685000000001,11.423149999999993
ENSG00000284491,ENSMUSG00000111184,62.566,37.434
ENSG00000140506,ENSMUSG00000056271,67.34125,32.65875
ENSG00000167491,ENSMUSG00000036180,88.45025,11.549750000000003
ENSG00000143614,ENSMUSG00000042390,98.3994,1.6006
ENSG00000011275,ENSMUSG00000045078,87.18385,12.816149999999993
ENSG00000101442,ENSMUSG00000037761,89.21815000000001,10.781849999999991
ENSG00000164609,ENSMUSG00000020409,96.328,3.671999999999997
ENSG00000104691,ENSMUSG00000052906,72.4067,27.5933
ENSG00000073849,ENSMUSG00000022885,79.85275,20.14725
ENSG00000170689,ENSMUSG00000020875,96.8,3.200000000000003
ENSG00000233276,ENSMUSG00000063856,85.64564999999999,14.35435000000001
ENSG00000169375,ENSMUSG00000042557,97.96105,2.03895
ENSG00000146216,ENSMUSG00000015599,89.7702,10.229799999999997
ENSG00000185862,ENSMUSG00000093938,57.8487,42.1513
ENSG00000135365,ENSMUSG00000058318,94.9623,5.037700000000001
ENSG00000131808,ENSMUSG00000027120,85.71555000000001,14.284449999999993
ENSG00000162298,ENSMUSG00000024807,95.6891,4.310900000000004
ENSG00000087076,ENSMUSG00000030825,81.0338,18.9662
ENSG00000143479,ENSMUSG00000016526,89.60845,10.391549999999995
ENSG00000184575,ENSMUSG00000034667,95.06495000000001,4.93504999999999
ENSG00000164404,ENSMUSG00000018238,71.74695,28.25305
ENSG00000101670,ENSMUSG00000053846,80.2,19.799999999999997
ENSG00000171877,ENSMUSG00000027238,98.4211,1.5789000000000044
ENSG00000111596,ENSMUSG00000020166,99.8148,0.1851999999999947
ENSG00000197121,ENSMUSG00000073678,90.4555,9.5445
ENSG00000111725,ENSMUSG00000029513,96.6667,3.333299999999994
ENSG00000137204,ENSMUSG00000067144,76.65854999999999,23.34145000000001
ENSG00000137634,ENSMUSG00000044229,72.86115000000001,27.13884999999999
ENSG00000204361,ENSMUSG00000032028,68.5766,31.4234
ENSG00000144815,ENSMUSG00000075033,88.551,11.448999999999998
ENSG00000141519,ENSMUSG00000039963,53.357,46.643
ENSG00000147082,ENSMUSG00000051592,34.324600000000004,65.6754
ENSG00000248099,ENSMUSG00000079019,56.98909999999999,43.01090000000001
ENSG00000105143,ENSMUSG00000005357,95.28960000000001,4.710399999999993
ENSG00000188015,ENSMUSG00000001021,90.099,9.900999999999996
ENSG00000127325,ENSMUSG00000020169,84.66720000000001,15.332799999999992
ENSG00000204859,ENSMUSG00000028952,91.3099,8.690100000000001
ENSG00000128908,ENSMUSG00000034154,96.95035,3.0496499999999997
ENSG00000053328,ENSMUSG00000045555,82.30590000000001,17.69409999999999
ENSG00000070669,ENSMUSG00000029752,93.9394,6.060599999999994
ENSG00000127831,ENSMUSG00000026175,89.601,10.399000000000001
ENSG00000174914,ENSMUSG00000075209,75.57325,24.42675
ENSG00000117335,ENSMUSG00000016493,47.18215,52.81785
ENSG00000092607,ENSMUSG00000027868,98.6711,1.3289000000000044
ENSG00000203705,ENSMUSG00000026632,81.79155,18.20845
ENSG00000136026,ENSMUSG00000046841,81.94624999999999,18.053750000000008
ENSG00000174951,ENSMUSG00000008461,76.56989999999999,23.43010000000001
ENSG00000089775,ENSMUSG00000056459,91.30625,8.693749999999994
ENSG00000162063,ENSMUSG00000072082,83.94395,16.05605
ENSG00000132164,ENSMUSG00000030307,93.88555,6.114450000000005
ENSG00000140829,ENSMUSG00000037993,97.27090000000001,2.7290999999999883
ENSG00000146021,ENSMUSG00000014164,97.615,2.385000000000005
ENSG00000176177,ENSMUSG00000050439,55.0248,44.9752
ENSG00000178826,ENSMUSG00000071506,56.745400000000004,43.254599999999996
ENSG00000081853,ENSMUSG00000103332,86.0977,13.902299999999997
ENSG00000132405,ENSMUSG00000029192,89.28785,10.712149999999994
ENSG00000136451,ENSMUSG00000018377,98.36465000000001,1.6353499999999883
ENSG00000119689,ENSMUSG00000004789,92.1721,7.8279
ENSG00000204644,ENSMUSG00000036036,35.8362,64.16380000000001
ENSG00000204580,ENSMUSG00000003534,93.7501,6.249899999999997
ENSG00000188771,ENSMUSG00000032068,26.69845,73.30154999999999
ENSG00000256870,ENSMUSG00000020062,86.48655,13.513450000000006
ENSG00000178409,ENSMUSG00000038214,90.9864,9.013599999999997
ENSG00000169435,ENSMUSG00000029370,76.99385,23.006150000000005
ENSG00000169220,ENSMUSG00000052087,86.638,13.361999999999995
ENSG00000141447,ENSMUSG00000044252,92.0,8.0
ENSG00000178965,ENSMUSG00000078161,47.67045,52.32955
ENSG00000162062,ENSMUSG00000024118,61.91095,38.08905
ENSG00000115762,ENSMUSG00000026123,90.29390000000001,9.706099999999992
ENSG00000021300,ENSMUSG00000030701,84.65610000000001,15.34389999999999
ENSG00000142687,ENSMUSG00000028830,84.40635,15.593649999999997
ENSG00000260230,ENSMUSG00000045589,92.8328,7.167199999999994
ENSG00000073861,ENSMUSG00000001444,86.76245,13.237549999999999
ENSG00000155974,ENSMUSG00000034813,92.507,7.492999999999995
ENSG00000050030,ENSMUSG00000046449,85.84625,14.153750000000002
ENSG00000133636,ENSMUSG00000019890,81.41665,18.583349999999996
ENSG00000265763,ENSMUSG00000044519,53.76765,46.23235
ENSG00000152784,ENSMUSG00000035456,88.59845,11.40155
ENSG00000078018,ENSMUSG00000015222,77.2881,22.7119
ENSG00000116748,ENSMUSG00000070385,92.8956,7.104399999999998
ENSG00000133805,ENSMUSG00000005686,93.90655,6.093450000000004
ENSG00000116337,ENSMUSG00000027889,96.0216,3.9783999999999935
ENSG00000178075,ENSMUSG00000036292,82.4773,17.5227
ENSG00000136021,ENSMUSG00000069539,93.0608,6.9392
ENSG00000136122,ENSMUSG00000022070,69.25635,30.743650000000002
ENSG00000117266,ENSMUSG00000026437,89.13615,10.86385
ENSG00000065243,ENSMUSG00000004591,94.7636,5.236400000000003
ENSG00000151461,ENSMUSG00000043241,96.96979999999999,3.0302000000000078
ENSG00000116031,ENSMUSG00000034783,66.1622,33.8378
ENSG00000023902,ENSMUSG00000015745,90.0858,9.914199999999994
ENSG00000241839,ENSMUSG00000050721,77.15935,22.840649999999997
ENSG00000148803,ENSMUSG00000025466,78.17675,21.82325
ENSG00000169344,ENSMUSG00000030963,75.3512,24.648799999999994
ENSG00000144485,ENSMUSG00000067071,85.7143,14.285700000000006
ENSG00000134202,ENSMUSG00000004032,87.751,12.248999999999995
ENSG00000198890,ENSMUSG00000049300,91.90055000000001,8.09944999999999
ENSG00000102230,ENSMUSG00000035246,98.103,1.8970000000000056
ENSG00000117016,ENSMUSG00000032890,96.91085,3.0891500000000036
ENSG00000178358,ENSMUSG00000073896,77.6877,22.312299999999993
ENSG00000171054,ENSMUSG00000051706,44.62845,55.37155
ENSG00000166736,ENSMUSG00000032269,84.18875,15.811250000000001
ENSG00000145912,ENSMUSG00000001056,89.5425,10.457499999999996
ENSG00000099337,ENSMUSG00000046410,84.984,15.016000000000005
ENSG00000140455,ENSMUSG00000032376,96.5385,3.461500000000001
ENSG00000161847,ENSMUSG00000010205,87.9656,12.034400000000005
ENSG00000177614,ENSMUSG00000050751,93.02775,6.9722500000000025
ENSG00000176040,ENSMUSG00000033177,88.7622,11.237799999999993
ENSG00000241127,ENSMUSG00000075054,68.3608,31.639200000000002
ENSG00000106278,ENSMUSG00000068748,81.997,18.003
ENSG00000185722,ENSMUSG00000020790,95.0385,4.961500000000001
ENSG00000101132,ENSMUSG00000052033,97.0149,2.9851000000000028
ENSG00000082068,ENSMUSG00000039828,91.076,8.924000000000007
ENSG00000163946,ENSMUSG00000040651,77.75444999999999,22.24555000000001
ENSG00000108021,ENSMUSG00000033799,58.2352,41.7648
ENSG00000144021,ENSMUSG00000003662,94.9853,5.014700000000005
ENSG00000138798,ENSMUSG00000028017,66.17269999999999,33.82730000000001
ENSG00000007923,ENSMUSG00000039768,96.6011,3.3988999999999976
ENSG00000196859,ENSMUSG00000064165,73.182,26.817999999999998
ENSG00000198759,ENSMUSG00000000402,78.15105,21.848950000000002
ENSG00000168743,ENSMUSG00000040998,84.27510000000001,15.724899999999991
ENSG00000087448,ENSMUSG00000040102,91.99725,8.002750000000006
ENSG00000211899,ENSMUSG00000076617,66.10555,33.894450000000006
ENSG00000141736,ENSMUSG00000062312,87.61449999999999,12.385500000000008
ENSG00000172339,ENSMUSG00000039887,76.2129,23.787099999999995
ENSG00000116183,ENSMUSG00000073530,79.16205,20.837950000000006
ENSG00000198786,ENSMUSG00000064367,63.63705,36.36295
ENSG00000166220,ENSMUSG00000020096,64.98519999999999,35.01480000000001
ENSG00000204104,ENSMUSG00000034292,74.8082,25.1918
ENSG00000198933,ENSMUSG00000038517,93.47569999999999,6.524300000000011
ENSG00000163512,ENSMUSG00000039285,83.08359999999999,16.91640000000001
ENSG00000184524,ENSMUSG00000060240,78.5235,21.4765
ENSG00000213265,ENSMUSG00000039032,59.1249,40.8751
ENSG00000141002,ENSMUSG00000001472,90.3846,9.615399999999994
ENSG00000145839,ENSMUSG00000021538,56.25,43.75
ENSG00000074657,ENSMUSG00000042439,91.2861,8.713899999999995
ENSG00000182552,ENSMUSG00000031568,90.9574,9.042599999999993
ENSG00000221914,ENSMUSG00000022052,100.0,0.0
ENSG00000175470,ENSMUSG00000041769,97.351,2.649000000000001
ENSG00000074211,ENSMUSG00000029120,99.3289,0.6710999999999956
ENSG00000156475,ENSMUSG00000024500,94.2116,5.788399999999996
ENSG00000197429,ENSMUSG00000028696,93.4931,6.506900000000002
ENSG00000156030,ENSMUSG00000042507,85.65074999999999,14.349250000000012
ENSG00000075292,ENSMUSG00000030016,77.40129999999999,22.598700000000008
ENSG00000015479,ENSMUSG00000037236,98.40525,1.5947500000000048
ENSG00000170606,ENSMUSG00000020361,95.9573,4.042699999999996
ENSG00000173369,ENSMUSG00000036905,79.76315,20.236850000000004
ENSG00000205784,ENSMUSG00000073380,69.52674999999999,30.473250000000007
ENSG00000187658,ENSMUSG00000020434,50.1909,49.8091
ENSG00000112695,ENSMUSG00000032330,80.7229,19.277100000000004
ENSG00000256043,ENSMUSG00000028015,72.36850000000001,27.63149999999999
ENSG00000143222,ENSMUSG00000062963,97.006,2.9939999999999998
ENSG00000143543,ENSMUSG00000027937,84.2466,15.7534
ENSG00000135636,ENSMUSG00000033788,92.94645,7.053550000000001
ENSG00000154114,ENSMUSG00000037287,97.4057,2.594300000000004
ENSG00000284770,ENSMUSG00000039233,74.59625,25.403750000000002
ENSG00000147536,ENSMUSG00000031546,87.8924,12.107600000000005
ENSG00000162728,ENSMUSG00000038026,98.7277,1.2723000000000013
ENSG00000162989,ENSMUSG00000026824,99.002,0.9980000000000047
ENSG00000120457,ENSMUSG00000032034,94.2721,5.727900000000005
ENSG00000157542,ENSMUSG00000043301,99.05715000000001,0.9428499999999929
ENSG00000162571,ENSMUSG00000029074,52.314099999999996,47.685900000000004
ENSG00000173349,ENSMUSG00000044982,78.224,21.775999999999996
ENSG00000213064,ENSMUSG00000040848,91.53694999999999,8.46305000000001
ENSG00000144524,ENSMUSG00000026240,98.1061,1.8939000000000021
ENSG00000121774,ENSMUSG00000028790,94.3567,5.643299999999996
ENSG00000136875,ENSMUSG00000066148,99.0403,0.959699999999998
ENSG00000165973,ENSMUSG00000055409,93.3333,6.666700000000006
ENSG00000184613,ENSMUSG00000022454,93.82294999999999,6.177050000000008
ENSG00000179915,ENSMUSG00000024109,99.0406,0.9594000000000023
ENSG00000101811,ENSMUSG00000031256,93.34545,6.65455
ENSG00000240021,ENSMUSG00000026592,49.92095,50.07905
ENSG00000070761,ENSMUSG00000031796,99.4819,0.518100000000004
ENSG00000153930,ENSMUSG00000047773,85.0681,14.931899999999999
ENSG00000114779,ENSMUSG00000042073,87.1429,12.857100000000003
ENSG00000081692,ENSMUSG00000036819,74.65504999999999,25.34495000000001
ENSG00000187498,ENSMUSG00000031502,90.7729,9.227099999999993
ENSG00000214194,ENSMUSG00000052419,91.5254,8.474599999999995
ENSG00000139579,ENSMUSG00000025374,93.1447,6.8553
ENSG00000110169,ENSMUSG00000030895,74.4038,25.596199999999996
ENSG00000204498,ENSMUSG00000042419,91.8635,8.136499999999998
ENSG00000136381,ENSMUSG00000032293,93.6656,6.334400000000002
ENSG00000251154,ENSMUSG00000079666,49.35065,50.64935
ENSG00000183255,ENSMUSG00000009291,72.33715,27.662850000000006
ENSG00000262874,ENSMUSG00000118553,59.29965,40.70035
ENSG00000140992,ENSMUSG00000024122,93.63295,6.367050000000006
ENSG00000168243,ENSMUSG00000021303,98.6667,1.3332999999999942
ENSG00000167414,ENSMUSG00000063594,98.5714,1.428600000000003
ENSG00000186469,ENSMUSG00000043004,100.0,0.0
ENSG00000172380,ENSMUSG00000036402,95.8333,4.166700000000006
ENSG00000176533,ENSMUSG00000048240,94.1176,5.882400000000004
ENSG00000162188,ENSMUSG00000071658,100.0,0.0
ENSG00000168679,ENSMUSG00000027896,81.67575,18.324250000000006
ENSG00000128714,ENSMUSG00000001819,93.8449,6.1551000000000045
ENSG00000155876,ENSMUSG00000070934,100.0,0.0
ENSG00000083750,ENSMUSG00000041658,93.75285,6.247150000000005
ENSG00000116954,ENSMUSG00000028646,98.87095,1.1290500000000065
ENSG00000025039,ENSMUSG00000028278,94.86875,5.131249999999994
ENSG00000162618,ENSMUSG00000039167,76.2268,23.773200000000003
ENSG00000160326,ENSMUSG00000036067,82.2791,17.7209
ENSG00000131264,ENSMUSG00000031326,82.68655000000001,17.31344999999999
ENSG00000167333,ENSMUSG00000073968,77.9381,22.061899999999994
ENSG00000132965,ENSMUSG00000060063,91.9255,8.0745
ENSG00000182919,ENSMUSG00000031938,87.9365,12.063500000000005
ENSG00000087111,ENSMUSG00000041958,91.8919,8.108099999999993
ENSG00000196504,ENSMUSG00000061136,94.4707,5.529300000000006
ENSG00000110844,ENSMUSG00000023007,94.4019,5.598100000000002
ENSG00000110375,ENSMUSG00000041523,86.9565,13.043499999999995
ENSG00000184895,ENSMUSG00000069036,26.017599999999998,73.9824
ENSG00000135452,ENSMUSG00000006736,88.0952,11.904799999999994
ENSG00000159842,ENSMUSG00000017631,83.4335,16.566500000000005
ENSG00000186716,ENSMUSG00000009681,93.97874999999999,6.021250000000009
ENSG00000172890,ENSMUSG00000031090,84.29159999999999,15.708400000000012
ENSG00000205629,ENSMUSG00000030763,87.98875000000001,12.01124999999999
ENSG00000128928,ENSMUSG00000027332,89.02019999999999,10.979800000000012
ENSG00000104450,ENSMUSG00000037617,69.85435,30.145650000000003
ENSG00000138835,ENSMUSG00000059810,73.83924999999999,26.160750000000007
ENSG00000062650,ENSMUSG00000041408,93.22335,6.776650000000004
ENSG00000064835,ENSMUSG00000004842,91.6149,8.385099999999994
ENSG00000232113,ENSMUSG00000049160,56.8918,43.1082
ENSG00000102302,ENSMUSG00000025265,94.95054999999999,5.049450000000007
ENSG00000241258,ENSMUSG00000025532,88.5135,11.486500000000007
ENSG00000183092,ENSMUSG00000040867,74.60655,25.39345
ENSG00000091542,ENSMUSG00000042650,97.08505,2.9149500000000046
ENSG00000060982,ENSMUSG00000030268,84.9741,15.025899999999993
ENSG00000105552,ENSMUSG00000030826,83.31225,16.687749999999994
ENSG00000188070,ENSMUSG00000053080,88.938,11.061999999999998
ENSG00000130783,ENSMUSG00000061882,73.5129,26.487099999999998
ENSG00000239789,ENSMUSG00000034211,83.33335,16.666650000000004
ENSG00000144847,ENSMUSG00000022790,88.9417,11.058300000000003
ENSG00000214517,ENSMUSG00000030718,97.9275,2.072500000000005
ENSG00000162614,ENSMUSG00000039103,89.15385,10.846149999999994
ENSG00000163472,ENSMUSG00000001420,83.3133,16.686700000000002
ENSG00000102763,ENSMUSG00000058997,86.1417,13.8583
ENSG00000135378,ENSMUSG00000027171,74.7788,25.221199999999996
ENSG00000170807,ENSMUSG00000029683,89.5175,10.482500000000002
ENSG00000173517,ENSMUSG00000074305,86.12555,13.874449999999996
ENSG00000136044,ENSMUSG00000020263,92.60955,7.390450000000001
ENSG00000154978,ENSMUSG00000037788,89.5349,10.465100000000007
ENSG00000123810,ENSMUSG00000063439,96.5714,3.428600000000003
ENSG00000159592,ENSMUSG00000034042,89.12365,10.876350000000002
ENSG00000062194,ENSMUSG00000032745,93.41475,6.585250000000002
ENSG00000079482,ENSMUSG00000031214,91.7706,8.229399999999998
ENSG00000184381,ENSMUSG00000042632,89.77065,10.229349999999997
ENSG00000120251,ENSMUSG00000033981,99.7735,0.22650000000000148
ENSG00000168621,ENSMUSG00000022144,87.27885,12.721149999999994
ENSG00000171119,ENSMUSG00000039481,86.73695000000001,13.263049999999993
ENSG00000125650,ENSMUSG00000002664,64.7436,35.2564
ENSG00000117407,ENSMUSG00000028539,76.58279999999999,23.41720000000001
ENSG00000100401,ENSMUSG00000022391,88.26554999999999,11.73445000000001
ENSG00000159069,ENSMUSG00000015095,89.38,10.620000000000005
ENSG00000112139,ENSMUSG00000043557,96.2847,3.715299999999999
ENSG00000163376,ENSMUSG00000030031,97.50030000000001,2.49969999999999
ENSG00000077522,ENSMUSG00000052374,99.217,0.7830000000000013
ENSG00000248746,ENSMUSG00000006457,97.16825,2.8317499999999995
ENSG00000196670,ENSMUSG00000046311,86.44290000000001,13.557099999999991
ENSG00000103723,ENSMUSG00000062444,94.2811,5.718900000000005
ENSG00000147852,ENSMUSG00000024924,95.9908,4.009200000000007
ENSG00000143469,ENSMUSG00000016200,67.66274999999999,32.33725000000001
ENSG00000185522,ENSMUSG00000025500,48.975449999999995,51.024550000000005
ENSG00000122884,ENSMUSG00000019916,95.3184,4.681600000000003
ENSG00000100442,ENSMUSG00000020949,94.1964,5.803600000000003
ENSG00000189182,ENSMUSG00000067594,74.61075,25.389250000000004
ENSG00000038358,ENSMUSG00000036270,95.11965000000001,4.880349999999993
ENSG00000138160,ENSMUSG00000012443,79.50694999999999,20.49305000000001
ENSG00000214954,ENSMUSG00000023151,66.8588,33.1412
ENSG00000119723,ENSMUSG00000021235,86.4469,13.5531
ENSG00000125965,ENSMUSG00000038259,91.7704,8.229600000000005
ENSG00000213639,ENSMUSG00000014956,100.0,0.0
ENSG00000186994,ENSMUSG00000042099,76.20505,23.79495
ENSG00000102226,ENSMUSG00000031066,82.02065,17.979349999999997
ENSG00000167306,ENSMUSG00000025885,90.2493,9.750699999999995
ENSG00000079263,ENSMUSG00000026222,28.3122,71.6878
ENSG00000164749,ENSMUSG00000017688,94.44385,5.556150000000002
ENSG00000003989,ENSMUSG00000031596,87.09965,12.900350000000003
ENSG00000186153,ENSMUSG00000004637,93.7198,6.280199999999994
ENSG00000122085,ENSMUSG00000026273,61.7663,38.2337
ENSG00000176171,ENSMUSG00000078566,91.89455,8.105450000000005
ENSG00000104765,ENSMUSG00000022051,97.02565,2.974350000000001
ENSG00000167528,ENSMUSG00000022987,82.7428,17.257199999999997
ENSG00000163166,ENSMUSG00000024384,87.1637,12.836299999999994
ENSG00000157500,ENSMUSG00000040760,98.16405,1.8359499999999969
ENSG00000105088,ENSMUSG00000032172,92.33595,7.664050000000003
ENSG00000170775,ENSMUSG00000039904,82.1199,17.8801
ENSG00000170075,ENSMUSG00000026424,90.8524,9.147599999999997
ENSG00000102239,ENSMUSG00000031130,85.213,14.787000000000006
ENSG00000126010,ENSMUSG00000031364,90.1042,9.895799999999994
ENSG00000135577,ENSMUSG00000019865,90.5128,9.487200000000001
ENSG00000131844,ENSMUSG00000021646,88.8099,11.190100000000001
ENSG00000244754,ENSMUSG00000029655,63.7336,36.2664
ENSG00000154096,ENSMUSG00000032011,69.35050000000001,30.64949999999999
ENSG00000168404,ENSMUSG00000012519,61.293800000000005,38.706199999999995
ENSG00000163389,ENSMUSG00000034064,91.3265,8.673500000000004
ENSG00000135828,ENSMUSG00000066800,64.2287,35.7713
ENSG00000167904,ENSMUSG00000028232,92.1953,7.804699999999997
ENSG00000026950,ENSMUSG00000108763,13.49921,86.50079
ENSG00000170222,ENSMUSG00000020910,84.75145,15.248549999999994
ENSG00000072135,ENSMUSG00000026126,75.79855,24.201449999999994
ENSG00000099864,ENSMUSG00000035863,80.2619,19.738100000000003
ENSG00000198945,ENSMUSG00000039089,84.1472,15.852800000000002
ENSG00000186439,ENSMUSG00000019787,68.96125,31.038749999999993
ENSG00000142409,ENSMUSG00000046792,92.7918,7.208200000000005
ENSG00000145555,ENSMUSG00000022272,94.51464999999999,5.485350000000011
ENSG00000143514,ENSMUSG00000026510,91.0053,8.994699999999995
ENSG00000088808,ENSMUSG00000021285,91.8697,8.130300000000005
ENSG00000166676,ENSMUSG00000050908,86.47380000000001,13.526199999999989
ENSG00000162368,ENSMUSG00000028719,90.98945,9.010549999999995
ENSG00000106803,ENSMUSG00000053317,98.9583,1.0417000000000058
ENSG00000111727,ENSMUSG00000020246,86.31395,13.686049999999994
ENSG00000242441,ENSMUSG00000024154,72.1011,27.898899999999998
ENSG00000126773,ENSMUSG00000034501,76.8969,23.103099999999998
ENSG00000110074,ENSMUSG00000039048,78.86,21.14
ENSG00000182752,ENSMUSG00000028370,91.3566,8.6434
ENSG00000171403,ENSMUSG00000051617,62.56185,37.43815
ENSG00000163110,ENSMUSG00000028273,71.58609999999999,28.413900000000012
ENSG00000120137,ENSMUSG00000018846,99.1892,0.8108000000000004
ENSG00000136574,ENSMUSG00000021944,93.1075,6.892499999999998
ENSG00000075702,ENSMUSG00000037020,77.19069999999999,22.809300000000007
ENSG00000151892,ENSMUSG00000025089,93.03415,6.965850000000003
ENSG00000130175,ENSMUSG00000003402,86.55125000000001,13.44874999999999
ENSG00000104381,ENSMUSG00000025777,93.8548,6.145200000000003
ENSG00000164182,ENSMUSG00000068184,80.71289999999999,19.28710000000001
ENSG00000102034,ENSMUSG00000031103,78.60685000000001,21.39314999999999
ENSG00000128346,ENSMUSG00000033029,80.83185,19.168149999999997
ENSG00000164161,ENSMUSG00000064325,94.2857,5.714299999999994
ENSG00000089101,ENSMUSG00000037143,75.63905,24.360950000000003
ENSG00000132394,ENSMUSG00000033216,89.06935,10.93065
ENSG00000136932,ENSMUSG00000028331,66.04635,33.953649999999996
ENSG00000146250,ENSMUSG00000033491,77.6174,22.382599999999996
ENSG00000150687,ENSMUSG00000039405,90.7191,9.280900000000003
ENSG00000125735,ENSMUSG00000005824,77.24459999999999,22.75540000000001
ENSG00000117560,ENSMUSG00000000817,76.7867,23.213300000000004
ENSG00000181634,ENSMUSG00000050395,64.19290000000001,35.80709999999999
ENSG00000227507,ENSMUSG00000024399,67.77025,32.229749999999996
ENSG00000232810,ENSMUSG00000024401,79.06125,20.93875
ENSG00000226979,ENSMUSG00000024402,72.7312,27.2688
ENSG00000148602,ENSMUSG00000041044,78.90944999999999,21.090550000000007
ENSG00000101084,ENSMUSG00000027637,98.4496,1.5503999999999962
ENSG00000073464,ENSMUSG00000000605,97.68475000000001,2.315249999999992
ENSG00000175336,ENSMUSG00000047631,58.363550000000004,41.636449999999996
ENSG00000184860,ENSMUSG00000034308,79.5427,20.457300000000004
ENSG00000166803,ENSMUSG00000040204,85.06960000000001,14.930399999999992
ENSG00000119969,ENSMUSG00000025001,90.4254,9.574600000000004
ENSG00000116750,ENSMUSG00000018189,96.80385,3.196150000000003
ENSG00000173786,ENSMUSG00000006782,84.89905,15.100949999999997
ENSG00000163600,ENSMUSG00000026009,64.6641,35.335899999999995
ENSG00000155903,ENSMUSG00000032413,89.03315,10.966849999999994
ENSG00000158828,ENSMUSG00000028756,81.48155,18.51845
ENSG00000138061,ENSMUSG00000024087,81.0313,18.9687
ENSG00000140505,ENSMUSG00000032310,72.69255,27.307450000000003
ENSG00000140465,ENSMUSG00000032315,79.16120000000001,20.838799999999992
ENSG00000144895,ENSMUSG00000027810,93.14,6.859999999999999
ENSG00000184302,ENSMUSG00000021099,97.9675,2.032499999999999
ENSG00000151914,ENSMUSG00000026131,80.454,19.546000000000006
ENSG00000196363,ENSMUSG00000026917,100.0,0.0
ENSG00000196981,ENSMUSG00000034379,83.28345,16.716549999999998
ENSG00000136859,ENSMUSG00000004105,95.3347,4.665300000000002
ENSG00000204574,ENSMUSG00000038762,91.67865,8.321349999999995
ENSG00000082512,ENSMUSG00000026637,79.8207,20.179299999999998
ENSG00000065559,ENSMUSG00000033352,97.9906,2.0093999999999994
ENSG00000120832,ENSMUSG00000049038,76.3636,23.636399999999995
ENSG00000113387,ENSMUSG00000022205,93.7008,6.299199999999999
ENSG00000198812,ENSMUSG00000060187,88.20585,11.794150000000002
ENSG00000204950,ENSMUSG00000090291,95.2055,4.794499999999999
ENSG00000139112,ENSMUSG00000030161,100.0,0.0
ENSG00000174371,ENSMUSG00000039748,73.32355,26.676450000000003
ENSG00000102271,ENSMUSG00000025597,87.8049,12.195099999999996
ENSG00000134324,ENSMUSG00000020593,86.41415,13.585849999999994
ENSG00000050555,ENSMUSG00000026840,74.7151,25.284899999999993
ENSG00000186471,ENSMUSG00000036551,27.42015,72.57985
ENSG00000241644,ENSMUSG00000003477,58.0647,41.9353
ENSG00000166741,ENSMUSG00000032271,84.8485,15.151499999999999
ENSG00000141744,ENSMUSG00000038216,82.5376,17.462400000000002
ENSG00000124232,ENSMUSG00000017007,87.9848,12.015199999999993
ENSG00000168214,ENSMUSG00000039191,98.9733,1.0267000000000053
ENSG00000198092,ENSMUSG00000048764,86.88725,13.112750000000005
ENSG00000167525,ENSMUSG00000044122,49.23755,50.76245
ENSG00000213822,ENSMUSG00000030472,54.216499999999996,45.783500000000004
ENSG00000186567,ENSMUSG00000049848,62.60724999999999,37.39275000000001
ENSG00000213892,ENSMUSG00000014686,88.8368,11.163200000000003
ENSG00000273777,ENSMUSG00000070777,53.7225,46.2775
ENSG00000006704,ENSMUSG00000023079,80.47165,19.528350000000003
ENSG00000132003,ENSMUSG00000035671,92.1618,7.8382000000000005
ENSG00000115760,ENSMUSG00000024073,95.34925,4.650750000000002
ENSG00000198876,ENSMUSG00000028436,98.4547,1.5452999999999975
ENSG00000123485,ENSMUSG00000044783,43.25125,56.74875
ENSG00000101076,ENSMUSG00000017950,90.9801,9.019900000000007
ENSG00000133119,ENSMUSG00000033970,97.191,2.8089999999999975
ENSG00000204624,ENSMUSG00000041544,90.0572,9.942800000000005
ENSG00000117868,ENSMUSG00000021171,91.4223,8.577699999999993
ENSG00000165138,ENSMUSG00000066191,85.18074999999999,14.819250000000011
ENSG00000171533,ENSMUSG00000055407,64.8787,35.121300000000005
ENSG00000180834,ENSMUSG00000041205,72.8512,27.148799999999994
ENSG00000162377,ENSMUSG00000048351,90.4762,9.523799999999994
ENSG00000169598,ENSMUSG00000029027,76.5455,23.454499999999996
ENSG00000166170,ENSMUSG00000049792,91.2752,8.724800000000002
ENSG00000189067,ENSMUSG00000022500,85.7143,14.285700000000006
ENSG00000106609,ENSMUSG00000053094,94.586,5.4140000000000015
ENSG00000149932,ENSMUSG00000060538,83.75,16.25
ENSG00000170653,ENSMUSG00000099083,97.5155,2.484499999999997
ENSG00000196844,ENSMUSG00000074452,52.9073,47.0927
ENSG00000148303,ENSMUSG00000062647,99.6241,0.37590000000000146
ENSG00000151640,ENSMUSG00000025478,93.3566,6.6434
ENSG00000092964,ENSMUSG00000022048,89.50365,10.496350000000007
ENSG00000157851,ENSMUSG00000029168,97.8723,2.1277000000000044
ENSG00000147647,ENSMUSG00000022304,88.4393,11.560699999999997
ENSG00000113657,ENSMUSG00000024501,88.77195,11.228049999999996
ENSG00000072832,ENSMUSG00000029121,87.20259999999999,12.79740000000001
ENSG00000138075,ENSMUSG00000040505,80.1228,19.877200000000002
ENSG00000163660,ENSMUSG00000027829,97.16755,2.8324499999999944
ENSG00000179403,ENSMUSG00000042116,75.67349999999999,24.32650000000001
ENSG00000154478,ENSMUSG00000040125,95.2522,4.747799999999998
ENSG00000112218,ENSMUSG00000040372,91.7108,8.289199999999994
ENSG00000135973,ENSMUSG00000041907,88.8592,11.140799999999999
ENSG00000128915,ENSMUSG00000032235,76.0413,23.958699999999993
ENSG00000213672,ENSMUSG00000032598,88.86070000000001,11.139299999999992
ENSG00000159210,ENSMUSG00000006058,98.4496,1.5503999999999962
ENSG00000136274,ENSMUSG00000041073,55.5319,44.4681
ENSG00000135749,ENSMUSG00000060212,80.7242,19.275800000000004
ENSG00000162757,ENSMUSG00000079144,78.20545000000001,21.794549999999987
ENSG00000104067,ENSMUSG00000030516,90.11869999999999,9.88130000000001
ENSG00000035928,ENSMUSG00000029191,82.11175,17.88825
ENSG00000163625,ENSMUSG00000043940,96.3982,3.6017999999999972
ENSG00000094916,ENSMUSG00000009575,97.9058,2.0942000000000007
ENSG00000132781,ENSMUSG00000028687,77.0296,22.970399999999998
ENSG00000080293,ENSMUSG00000026387,77.48825,22.511750000000006
ENSG00000188735,ENSMUSG00000054434,94.3953,5.604699999999994
ENSG00000189077,ENSMUSG00000039886,94.7522,5.247799999999998
ENSG00000179583,ENSMUSG00000022504,69.32995,30.670050000000003
ENSG00000172409,ENSMUSG00000027079,98.5882,1.4117999999999995
ENSG00000162408,ENSMUSG00000028948,59.46755,40.53245
ENSG00000112769,ENSMUSG00000019846,88.54115,11.458849999999998
ENSG00000141564,ENSMUSG00000025583,96.6292,3.3708000000000027
ENSG00000198924,ENSMUSG00000025077,63.8007,36.1993
ENSG00000196335,ENSMUSG00000023403,78.25235,21.747649999999993
ENSG00000113621,ENSMUSG00000021497,78.73385,21.266149999999996
ENSG00000136937,ENSMUSG00000028330,97.9747,2.0253000000000014
ENSG00000114383,ENSMUSG00000010054,92.7273,7.2727
ENSG00000128408,ENSMUSG00000022431,69.56819999999999,30.43180000000001
ENSG00000158423,ENSMUSG00000025257,65.9631,34.0369
ENSG00000136295,ENSMUSG00000036565,94.747,5.253
ENSG00000167614,ENSMUSG00000030428,88.8889,11.111099999999993
ENSG00000141540,ENSMUSG00000034714,82.73949999999999,17.260500000000008
ENSG00000145907,ENSMUSG00000018583,93.6628,6.337199999999996
ENSG00000138757,ENSMUSG00000029405,98.3402,1.6598000000000042
ENSG00000164434,ENSMUSG00000019874,67.0535,32.9465
ENSG00000188026,ENSMUSG00000029392,93.44995,6.550049999999999
ENSG00000148331,ENSMUSG00000039483,89.6317,10.368300000000005
ENSG00000082497,ENSMUSG00000016262,78.9188,21.081199999999995
ENSG00000166828,ENSMUSG00000000216,85.8914,14.108599999999996
ENSG00000144644,ENSMUSG00000056880,88.59360000000001,11.40639999999999
ENSG00000154518,ENSMUSG00000018770,95.40755,4.5924499999999995
ENSG00000165526,ENSMUSG00000032044,78.5146,21.4854
ENSG00000115207,ENSMUSG00000106864,88.55924999999999,11.440750000000008
ENSG00000172432,ENSMUSG00000023952,98.8372,1.1628000000000043
ENSG00000121766,ENSMUSG00000028772,95.0207,4.979299999999995
ENSG00000065457,ENSMUSG00000031949,77.92275000000001,22.077249999999992
ENSG00000180336,ENSMUSG00000051455,87.95394999999999,12.046050000000008
ENSG00000147894,ENSMUSG00000028300,98.1289,1.8710999999999984
ENSG00000136319,ENSMUSG00000006288,90.4545,9.545500000000004
ENSG00000137288,ENSMUSG00000024208,87.9143,12.085700000000003
ENSG00000172301,ENSMUSG00000031458,74.5806,25.419399999999996
ENSG00000241635,ENSMUSG00000089960,78.4647,21.535300000000007
ENSG00000147724,ENSMUSG00000036800,81.23894999999999,18.76105000000001
ENSG00000160209,ENSMUSG00000032788,84.6154,15.384600000000006
ENSG00000186635,ENSMUSG00000032812,90.42044999999999,9.579550000000012
ENSG00000163251,ENSMUSG00000045005,96.5812,3.4188000000000045
ENSG00000129657,ENSMUSG00000020823,94.56139999999999,5.438600000000008
ENSG00000179331,ENSMUSG00000055069,97.235,2.7650000000000006
ENSG00000117791,ENSMUSG00000073481,74.89005,25.109949999999998
ENSG00000104856,ENSMUSG00000002983,88.1567,11.8433
ENSG00000115425,ENSMUSG00000026189,72.6073,27.392700000000005
ENSG00000175602,ENSMUSG00000095098,98.5149,1.4851000000000028
ENSG00000161921,ENSMUSG00000018920,48.0123,51.9877
ENSG00000151023,ENSMUSG00000026679,87.2802,12.719800000000006
ENSG00000124074,ENSMUSG00000013155,84.3931,15.606899999999996
ENSG00000163630,ENSMUSG00000056296,95.4386,4.561400000000006
ENSG00000102003,ENSMUSG00000031144,95.0561,4.943899999999999
ENSG00000143028,ENSMUSG00000027887,92.55795,7.442049999999995
ENSG00000008282,ENSMUSG00000020570,83.88575,16.11425
ENSG00000102178,ENSMUSG00000015290,89.8089,10.191100000000006
ENSG00000007314,ENSMUSG00000001027,92.41245,7.587549999999993
ENSG00000183775,ENSMUSG00000051401,96.37440000000001,3.6255999999999915
ENSG00000104892,ENSMUSG00000040714,90.51525000000001,9.484749999999991
ENSG00000140471,ENSMUSG00000053091,59.041349999999994,40.958650000000006
ENSG00000166922,ENSMUSG00000023236,91.9811,8.018900000000002
ENSG00000145868,ENSMUSG00000042211,94.1232,5.876800000000003
ENSG00000055609,ENSMUSG00000038056,85.29805,14.701949999999997
ENSG00000178522,ENSMUSG00000029288,64.0346,35.9654
ENSG00000126062,ENSMUSG00000010045,94.1514,5.848600000000005
ENSG00000112290,ENSMUSG00000019831,98.39,1.6099999999999994
ENSG00000158195,ENSMUSG00000028868,91.6584,8.3416
ENSG00000132970,ENSMUSG00000029636,93.71895,6.281049999999993
ENSG00000197323,ENSMUSG00000033014,95.5479,4.4521000000000015
ENSG00000158985,ENSMUSG00000052298,100.0,0.0
ENSG00000234828,ENSMUSG00000031620,59.40265,40.59735
ENSG00000138778,ENSMUSG00000045328,62.3429,37.6571
ENSG00000105954,ENSMUSG00000029831,58.87975,41.12025
ENSG00000007350,ENSMUSG00000031397,70.0252,29.974800000000002
ENSG00000177666,ENSMUSG00000025509,85.28075,14.719250000000002
ENSG00000080573,ENSMUSG00000004098,82.77865,17.22135
ENSG00000197037,ENSMUSG00000070420,84.08475,15.91525
ENSG00000174917,ENSMUSG00000049760,86.92134999999999,13.07865000000001
ENSG00000144061,ENSMUSG00000027378,79.10185,20.89815
ENSG00000054523,ENSMUSG00000063077,96.8612,3.1388000000000034
ENSG00000102096,ENSMUSG00000031155,82.2621,17.737899999999996
ENSG00000172775,ENSMUSG00000031774,92.9134,7.086600000000004
ENSG00000176160,ENSMUSG00000070345,87.58709999999999,12.412900000000008
ENSG00000103253,ENSMUSG00000061046,81.06219999999999,18.93780000000001
ENSG00000188334,ENSMUSG00000074378,49.0573,50.9427
ENSG00000178105,ENSMUSG00000053289,85.1429,14.857100000000003
ENSG00000088387,ENSMUSG00000025558,95.07185000000001,4.928149999999988
ENSG00000168539,ENSMUSG00000032773,98.913,1.0870000000000033
ENSG00000145354,ENSMUSG00000028165,96.2963,3.7036999999999978
ENSG00000170577,ENSMUSG00000024134,98.1332,1.8667999999999978
ENSG00000188277,ENSMUSG00000055926,86.2857,13.714299999999994
ENSG00000108960,ENSMUSG00000003948,99.1597,0.8402999999999992
ENSG00000136463,ENSMUSG00000001983,77.8362,22.163799999999995
ENSG00000151276,ENSMUSG00000045095,85.7168,14.283199999999994
ENSG00000198712,ENSMUSG00000064354,71.3656,28.6344
ENSG00000160994,ENSMUSG00000078442,78.7575,21.242500000000007
ENSG00000197859,ENSMUSG00000036040,88.26085,11.739149999999995
ENSG00000141748,ENSMUSG00000038352,81.5642,18.4358
ENSG00000123080,ENSMUSG00000028551,92.2619,7.738100000000003
ENSG00000102871,ENSMUSG00000031887,76.8497,23.1503
ENSG00000137251,ENSMUSG00000032357,85.5942,14.4058
ENSG00000139973,ENSMUSG00000044912,78.66215,21.337850000000003
ENSG00000137841,ENSMUSG00000040061,86.22175,13.77825
ENSG00000029153,ENSMUSG00000040187,68.95835,31.041650000000004
ENSG00000144554,ENSMUSG00000034023,75.07755,24.922449999999998
ENSG00000112276,ENSMUSG00000071317,87.46585,12.534149999999997
ENSG00000121577,ENSMUSG00000022803,83.35730000000001,16.64269999999999
ENSG00000132429,ENSMUSG00000019848,89.0034,10.9966
ENSG00000127586,ENSMUSG00000019214,75.1676,24.832400000000007
ENSG00000125637,ENSMUSG00000026979,68.2611,31.7389
ENSG00000180083,ENSMUSG00000078940,46.1943,53.8057
ENSG00000213281,ENSMUSG00000027852,99.4709,0.5290999999999997
ENSG00000182359,ENSMUSG00000025893,90.73165,9.268349999999998
ENSG00000144840,ENSMUSG00000022827,92.3729,7.627099999999999
ENSG00000272899,ENSMUSG00000090685,81.58705,18.412949999999995
ENSG00000168564,ENSMUSG00000038069,85.75825,14.241749999999996
ENSG00000176907,ENSMUSG00000056313,91.5094,8.4906
ENSG00000196104,ENSMUSG00000054162,89.7594,10.2406
ENSG00000158816,ENSMUSG00000028753,72.7572,27.242800000000003
ENSG00000198523,ENSMUSG00000038583,98.0769,1.9231000000000051
ENSG00000184313,ENSMUSG00000047502,70.5044,29.495599999999996
ENSG00000198807,ENSMUSG00000001497,98.38964999999999,1.610350000000011
ENSG00000163812,ENSMUSG00000025786,97.3244,2.675600000000003
ENSG00000179085,ENSMUSG00000042737,90.2174,9.782600000000002
ENSG00000134247,ENSMUSG00000027864,89.9886,10.011399999999995
ENSG00000205309,ENSMUSG00000032615,85.7416,14.258399999999995
ENSG00000125458,ENSMUSG00000020736,83.2923,16.707700000000003
ENSG00000164941,ENSMUSG00000040738,95.7789,4.221100000000007
ENSG00000070814,ENSMUSG00000024613,55.4463,44.5537
ENSG00000162772,ENSMUSG00000026628,95.0276,4.972399999999993
ENSG00000165105,ENSMUSG00000043003,79.32050000000001,20.67949999999999
ENSG00000149557,ENSMUSG00000032118,95.4082,4.591800000000006
ENSG00000171055,ENSMUSG00000056121,86.34255,13.657449999999997
ENSG00000111319,ENSMUSG00000030340,80.5943,19.405699999999996
ENSG00000165891,ENSMUSG00000020185,79.4502,20.549800000000005
ENSG00000006047,ENSMUSG00000018554,90.73740000000001,9.262599999999992
ENSG00000132825,ENSMUSG00000049999,83.49095,16.509050000000002
ENSG00000180245,ENSMUSG00000028012,78.635,21.364999999999995
ENSG00000124818,ENSMUSG00000043972,92.2938,7.7061999999999955
ENSG00000123146,ENSMUSG00000002885,58.08235,41.91765
ENSG00000130024,ENSMUSG00000023883,96.0805,3.9194999999999993
ENSG00000167716,ENSMUSG00000045374,87.6906,12.309399999999997
ENSG00000166619,ENSMUSG00000067787,100.0,0.0
ENSG00000102837,ENSMUSG00000022026,70.5436,29.456400000000002
ENSG00000183527,ENSMUSG00000022913,84.92224999999999,15.077750000000009
ENSG00000135407,ENSMUSG00000025432,89.4994,10.500600000000006
ENSG00000108684,ENSMUSG00000020704,74.77295000000001,25.22704999999999
ENSG00000107249,ENSMUSG00000052942,83.8612,16.138800000000003
ENSG00000187944,ENSMUSG00000109809,72.0,28.0
ENSG00000145604,ENSMUSG00000054115,86.3208,13.679199999999994
ENSG00000115459,ENSMUSG00000056698,80.0525,19.947500000000005
ENSG00000108349,ENSMUSG00000078676,90.6507,9.3493
ENSG00000164168,ENSMUSG00000031617,66.92215,33.07785
ENSG00000141337,ENSMUSG00000020604,82.4762,17.523799999999994
ENSG00000103126,ENSMUSG00000024182,87.3044,12.695599999999999
ENSG00000164620,ENSMUSG00000044024,84.8185,15.1815
ENSG00000149499,ENSMUSG00000071647,93.5862,6.413799999999995
ENSG00000084070,ENSMUSG00000032870,95.68275,4.317250000000001
ENSG00000149311,ENSMUSG00000034218,84.0577,15.942300000000003
ENSG00000135637,ENSMUSG00000107499,71.37559999999999,28.62440000000001
ENSG00000112305,ENSMUSG00000026155,89.826,10.174000000000007
ENSG00000152620,ENSMUSG00000022253,91.28659999999999,8.713400000000007
ENSG00000132693,ENSMUSG00000037942,69.93355,30.066450000000003
ENSG00000132703,ENSMUSG00000026542,68.45675,31.54325
ENSG00000163661,ENSMUSG00000027832,81.8898,18.110200000000006
ENSG00000198576,ENSMUSG00000022602,92.9293,7.070700000000002
ENSG00000100593,ENSMUSG00000050671,61.4203,38.5797
ENSG00000158793,ENSMUSG00000013997,84.9263,15.073700000000002
ENSG00000144029,ENSMUSG00000027374,79.81479999999999,20.18520000000001
ENSG00000165496,ENSMUSG00000060499,94.8598,5.140199999999993
ENSG00000147403,ENSMUSG00000008682,99.5327,0.4672999999999945
ENSG00000155254,ENSMUSG00000044345,88.4393,11.560699999999997
ENSG00000128045,ENSMUSG00000049907,94.14179999999999,5.858200000000011
ENSG00000131126,ENSMUSG00000062773,53.70765,46.29235
ENSG00000204936,ENSMUSG00000052212,40.3917,59.6083
ENSG00000273111,ENSMUSG00000062732,69.5122,30.487799999999993
ENSG00000133678,ENSMUSG00000072676,81.3008,18.699200000000005
ENSG00000230873,ENSMUSG00000063529,66.6686,33.3314
ENSG00000015592,ENSMUSG00000022044,93.25395,6.746049999999997
ENSG00000117632,ENSMUSG00000028832,98.6577,1.3422999999999945
ENSG00000104435,ENSMUSG00000027500,100.0,0.0
ENSG00000197457,ENSMUSG00000027581,96.1111,3.8889000000000067
ENSG00000111276,ENSMUSG00000003031,87.08915,12.910849999999996
ENSG00000130508,ENSMUSG00000020674,91.0631,8.936899999999994
ENSG00000172497,ENSMUSG00000021620,81.3682,18.6318
ENSG00000087884,ENSMUSG00000035642,91.8033,8.196700000000007
ENSG00000118707,ENSMUSG00000062175,93.6709,6.329099999999997
ENSG00000187554,ENSMUSG00000079164,71.6403,28.359700000000004
ENSG00000188984,ENSMUSG00000078507,62.086,37.914
ENSG00000171551,ENSMUSG00000026247,94.5806,5.419399999999996
ENSG00000132837,ENSMUSG00000042102,89.568,10.432000000000002
ENSG00000084072,ENSMUSG00000028651,98.0066,1.993399999999994
ENSG00000056586,ENSMUSG00000075376,95.45865,4.541349999999994
ENSG00000138382,ENSMUSG00000051730,91.3876,8.612399999999994
ENSG00000174473,ENSMUSG00000096914,96.173,3.826999999999998
ENSG00000182712,ENSMUSG00000090110,88.2353,11.764700000000005
ENSG00000154330,ENSMUSG00000041731,97.5309,2.4690999999999974
ENSG00000172809,ENSMUSG00000057322,98.5714,1.428600000000003
ENSG00000198353,ENSMUSG00000075394,98.8636,1.1363999999999947
ENSG00000083093,ENSMUSG00000044702,60.95155,39.04845
ENSG00000179761,ENSMUSG00000017453,81.0256,18.974400000000003
ENSG00000125931,ENSMUSG00000051159,76.31125,23.68875
ENSG00000179862,ENSMUSG00000070803,78.14439999999999,21.85560000000001
ENSG00000164442,ENSMUSG00000039910,94.99105,5.008949999999999
ENSG00000111665,ENSMUSG00000023505,73.03475,26.965249999999997
ENSG00000164743,ENSMUSG00000074384,52.05475,47.94525
ENSG00000012223,ENSMUSG00000032496,70.7131,29.286900000000003
ENSG00000121904,ENSMUSG00000028804,95.22305,4.776949999999999
ENSG00000116678,ENSMUSG00000057722,75.548,24.451999999999998
ENSG00000198099,ENSMUSG00000037797,71.59955,28.400450000000006
ENSG00000146918,ENSMUSG00000042029,81.28055,18.719449999999995
ENSG00000186795,ENSMUSG00000040901,65.5635,34.436499999999995
ENSG00000048740,ENSMUSG00000002107,94.17595,5.82405
ENSG00000119457,ENSMUSG00000028386,77.1502,22.849800000000002
ENSG00000139508,ENSMUSG00000029650,74.91865,25.08135
ENSG00000076351,ENSMUSG00000020829,87.146,12.854
ENSG00000173698,ENSMUSG00000031298,81.1464,18.8536
ENSG00000160445,ENSMUSG00000039686,96.3447,3.655299999999997
ENSG00000162378,ENSMUSG00000034636,98.1183,1.881699999999995
ENSG00000203995,ENSMUSG00000034645,72.67945,27.320549999999997
ENSG00000122756,ENSMUSG00000028444,95.1613,4.838700000000003
ENSG00000112357,ENSMUSG00000020003,91.1132,8.886799999999994
ENSG00000167797,ENSMUSG00000024856,98.02525,1.9747500000000002
ENSG00000155849,ENSMUSG00000041112,99.5873,0.41270000000000095
ENSG00000164111,ENSMUSG00000027712,92.95795,7.042050000000003
ENSG00000120913,ENSMUSG00000022090,79.31675,20.68325
ENSG00000176623,ENSMUSG00000028229,82.4084,17.5916
ENSG00000115841,ENSMUSG00000036368,79.5122,20.487799999999993
ENSG00000137824,ENSMUSG00000070730,84.6809,15.319100000000006
ENSG00000136891,ENSMUSG00000028345,88.85305,11.146950000000004
ENSG00000116906,ENSMUSG00000031985,81.1489,18.851100000000002
ENSG00000119927,ENSMUSG00000024978,92.80969999999999,7.190300000000008
ENSG00000186281,ENSMUSG00000046338,83.1461,16.853899999999996
ENSG00000105755,ENSMUSG00000064254,90.1575,9.842500000000001
ENSG00000112115,ENSMUSG00000025929,61.9865,38.0135
ENSG00000116544,ENSMUSG00000042388,96.2169,3.7831000000000046
ENSG00000168653,ENSMUSG00000028648,74.5283,25.4717
ENSG00000147378,ENSMUSG00000053593,37.357150000000004,62.642849999999996
ENSG00000101986,ENSMUSG00000031378,91.29305,8.706950000000006
ENSG00000173208,ENSMUSG00000055782,93.85555,6.144450000000006
ENSG00000119688,ENSMUSG00000021240,89.604,10.396
ENSG00000117528,ENSMUSG00000028127,95.4476,4.552400000000006
ENSG00000206422,ENSMUSG00000073375,88.5194,11.480599999999995
ENSG00000137968,ENSMUSG00000028360,69.09765,30.90235
ENSG00000214367,ENSMUSG00000079555,75.93395000000001,24.06604999999999
ENSG00000125492,ENSMUSG00000026805,97.8593,2.1406999999999954
ENSG00000117461,ENSMUSG00000028698,95.8785,4.1214999999999975
ENSG00000008382,ENSMUSG00000003199,84.02494999999999,15.97505000000001
ENSG00000163155,ENSMUSG00000053769,84.32715,15.672849999999997
ENSG00000169684,ENSMUSG00000035594,89.19800000000001,10.801999999999992
ENSG00000104490,ENSMUSG00000051359,100.0,0.0
ENSG00000214655,ENSMUSG00000021819,97.16315,2.8368499999999983
ENSG00000112149,ENSMUSG00000015396,67.86465,32.13535
ENSG00000163794,ENSMUSG00000038676,81.3062,18.693799999999996
ENSG00000147571,ENSMUSG00000049796,78.89475,21.105249999999998
ENSG00000160401,ENSMUSG00000038987,64.43005,35.569950000000006
ENSG00000124486,ENSMUSG00000031010,98.473,1.527000000000001
ENSG00000114374,ENSMUSG00000069044,82.64525,17.354749999999996
ENSG00000204257,ENSMUSG00000037649,75.8621,24.137900000000002
ENSG00000127526,ENSMUSG00000019731,90.8426,9.157399999999996
ENSG00000154914,ENSMUSG00000020905,80.8882,19.111800000000002
ENSG00000119922,ENSMUSG00000045932,62.632999999999996,37.367000000000004
ENSG00000156983,ENSMUSG00000001632,96.8609,3.139099999999999
ENSG00000104613,ENSMUSG00000031864,93.9446,6.055400000000006
ENSG00000000938,ENSMUSG00000028874,84.906,15.093999999999994
ENSG00000125888,ENSMUSG00000037307,87.7778,12.2222
ENSG00000167770,ENSMUSG00000024767,99.631,0.3689999999999998
ENSG00000089723,ENSMUSG00000021203,81.43275,18.56725
ENSG00000166912,ENSMUSG00000030522,92.50784999999999,7.492150000000009
ENSG00000177125,ENSMUSG00000068966,91.6023,8.3977
ENSG00000089022,ENSMUSG00000029454,97.03435,2.9656499999999966
ENSG00000114738,ENSMUSG00000032577,94.51759999999999,5.482400000000013
ENSG00000168038,ENSMUSG00000040936,83.2941,16.7059
ENSG00000152527,ENSMUSG00000040852,85.92500000000001,14.074999999999989
ENSG00000107874,ENSMUSG00000036748,87.5681,12.431899999999999
ENSG00000261371,ENSMUSG00000020717,63.75785,36.24215
ENSG00000175550,ENSMUSG00000024914,91.6325,8.367500000000007
ENSG00000129925,ENSMUSG00000024180,75.4547,24.545299999999997
ENSG00000186318,ENSMUSG00000032086,96.4072,3.592799999999997
ENSG00000141030,ENSMUSG00000019373,99.5272,0.47280000000000655
ENSG00000108344,ENSMUSG00000017221,97.55775,2.4422500000000014
ENSG00000144824,ENSMUSG00000033149,86.89070000000001,13.10929999999999
ENSG00000153714,ENSMUSG00000048706,89.55404999999999,10.44595000000001
ENSG00000171357,ENSMUSG00000028701,84.1004,15.899600000000007
ENSG00000166794,ENSMUSG00000032383,93.9815,6.018500000000003
ENSG00000198822,ENSMUSG00000003974,96.7008,3.299199999999999
ENSG00000164082,ENSMUSG00000023192,97.4771,2.522900000000007
ENSG00000168959,ENSMUSG00000049583,95.7363,4.2637
ENSG00000152822,ENSMUSG00000019828,94.1918,5.808199999999999
ENSG00000142319,ENSMUSG00000021609,93.62395000000001,6.376049999999992
ENSG00000088451,ENSMUSG00000022130,90.50104999999999,9.498950000000008
ENSG00000173744,ENSMUSG00000026159,96.8834,3.1166000000000054
ENSG00000025423,ENSMUSG00000025396,73.1861,26.813900000000004
ENSG00000180398,ENSMUSG00000024150,82.4752,17.5248
ENSG00000138028,ENSMUSG00000029161,61.11635,38.88365
ENSG00000154118,ENSMUSG00000025318,91.42160000000001,8.578399999999988
ENSG00000025772,ENSMUSG00000018322,87.055,12.944999999999993
ENSG00000116874,ENSMUSG00000004233,86.3889,13.611099999999993
ENSG00000140105,ENSMUSG00000021266,89.8536,10.1464
ENSG00000103248,ENSMUSG00000031816,70.7435,29.256500000000003
ENSG00000157764,ENSMUSG00000002413,89.989,10.010999999999996
ENSG00000121743,ENSMUSG00000048582,73.2721,26.727900000000005
ENSG00000265107,ENSMUSG00000057123,82.6816,17.318399999999997
ENSG00000121634,ENSMUSG00000049908,87.97815,12.02185
ENSG00000183520,ENSMUSG00000028907,90.5138,9.486199999999997
ENSG00000165704,ENSMUSG00000025630,96.789,3.2109999999999985
ENSG00000064932,ENSMUSG00000035673,82.1395,17.860500000000002
ENSG00000151025,ENSMUSG00000045967,86.7114,13.288600000000002
ENSG00000204640,ENSMUSG00000067604,63.3987,36.6013
ENSG00000092203,ENSMUSG00000016831,95.16149999999999,4.8385000000000105
ENSG00000138030,ENSMUSG00000029162,81.52505,18.474950000000007
ENSG00000015475,ENSMUSG00000004446,64.1026,35.897400000000005
ENSG00000118503,ENSMUSG00000019850,88.82605000000001,11.17394999999999
ENSG00000068615,ENSMUSG00000052852,95.7747,4.225300000000004
ENSG00000132196,ENSMUSG00000026675,77.63795,22.362049999999996
ENSG00000204969,ENSMUSG00000104148,86.7089,13.2911
ENSG00000152689,ENSMUSG00000071042,94.27955,5.72045
ENSG00000068323,ENSMUSG00000000134,95.90299999999999,4.097000000000008
ENSG00000106003,ENSMUSG00000029570,89.0358,10.964200000000005
ENSG00000248383,ENSMUSG00000103255,84.1723,15.827699999999993
ENSG00000124177,ENSMUSG00000057133,88.64734999999999,11.352650000000011
ENSG00000123737,ENSMUSG00000027714,92.58850000000001,7.4114999999999895
ENSG00000120699,ENSMUSG00000027752,90.942,9.058000000000007
ENSG00000075914,ENSMUSG00000025785,95.5326,4.467399999999998
ENSG00000168066,ENSMUSG00000024949,93.81365,6.1863500000000045
ENSG00000100234,ENSMUSG00000020044,96.2085,3.791499999999999
ENSG00000181852,ENSMUSG00000025373,99.6845,0.3155000000000001
ENSG00000179580,ENSMUSG00000008482,67.779,32.221000000000004
ENSG00000167113,ENSMUSG00000026798,82.10955,17.89045
ENSG00000157060,ENSMUSG00000042708,82.053,17.947000000000003
ENSG00000107186,ENSMUSG00000028402,84.07830000000001,15.921699999999987
ENSG00000143390,ENSMUSG00000005774,75.9067,24.0933
ENSG00000181827,ENSMUSG00000037674,92.70295,7.297049999999999
ENSG00000137193,ENSMUSG00000024014,94.2492,5.750799999999998
ENSG00000198355,ENSMUSG00000035828,95.7055,4.294499999999999
ENSG00000176018,ENSMUSG00000035840,80.19665,19.803349999999995
ENSG00000104313,ENSMUSG00000025932,96.1962,3.8037999999999954
ENSG00000064655,ENSMUSG00000017897,88.414,11.585999999999999
ENSG00000158161,ENSMUSG00000028886,91.1585,8.841499999999996
ENSG00000112319,ENSMUSG00000010461,96.5571,3.4428999999999945
ENSG00000167612,ENSMUSG00000047034,66.3751,33.6249
ENSG00000164236,ENSMUSG00000022237,74.99725000000001,25.002749999999992
ENSG00000125831,ENSMUSG00000036958,53.4303,46.5697
ENSG00000183117,ENSMUSG00000060924,93.4905,6.509500000000003
ENSG00000166260,ENSMUSG00000020544,83.48485,16.515150000000006
ENSG00000163814,ENSMUSG00000035498,81.1267,18.8733
ENSG00000146039,ENSMUSG00000021336,78.6673,21.332700000000003
ENSG00000173557,ENSMUSG00000029182,68.3296,31.6704
ENSG00000260220,ENSMUSG00000048038,44.16015,55.83985
ENSG00000112232,ENSMUSG00000026058,95.4155,4.584500000000006
ENSG00000197265,ENSMUSG00000031585,93.99685,6.003150000000005
ENSG00000139970,ENSMUSG00000021087,81.62010000000001,18.379899999999992
ENSG00000109065,ENSMUSG00000015542,75.8835,24.116500000000002
ENSG00000102471,ENSMUSG00000053253,82.4933,17.506699999999995
ENSG00000131507,ENSMUSG00000024425,97.2851,2.7149
ENSG00000215045,ENSMUSG00000010825,90.88749999999999,9.112500000000011
ENSG00000241224,ENSMUSG00000110573,60.77535,39.22465
ENSG00000163636,ENSMUSG00000021737,97.9434,2.056600000000003
ENSG00000169727,ENSMUSG00000025156,92.33824999999999,7.661750000000012
ENSG00000229972,ENSMUSG00001074846,40.36255,59.63745
ENSG00000214681,ENSMUSG00000066382,74.3243,25.675700000000006
ENSG00000173389,ENSMUSG00000066383,54.4559,45.5441
ENSG00000214686,ENSMUSG00000091129,75.3425,24.6575
ENSG00000182667,ENSMUSG00000059974,89.8649,10.135099999999994
ENSG00000103148,ENSMUSG00000020289,96.3093,3.6907000000000068
ENSG00000092054,ENSMUSG00000053093,97.5194,2.4805999999999955
ENSG00000205111,ENSMUSG00000033966,91.5205,8.479500000000002
ENSG00000166126,ENSMUSG00000021278,65.64410000000001,34.35589999999999
ENSG00000107679,ENSMUSG00000040268,78.07339999999999,21.926600000000008
ENSG00000070614,ENSMUSG00000054008,97.7324,2.2676000000000016
ENSG00000203786,ENSMUSG00000059832,58.48535,41.51465
ENSG00000128641,ENSMUSG00000018417,97.8873,2.112700000000004
ENSG00000176358,ENSMUSG00000020872,44.61155,55.38845
ENSG00000198727,ENSMUSG00000064370,78.05535,21.944649999999996
ENSG00000115946,ENSMUSG00000020116,92.00585000000001,7.9941499999999905
ENSG00000151893,ENSMUSG00000033417,93.04015,6.959850000000003
ENSG00000106006,ENSMUSG00000043219,96.3445,3.6555000000000035
ENSG00000102316,ENSMUSG00000025268,86.09415,13.905850000000001
ENSG00000148468,ENSMUSG00000050530,92.03155,7.968450000000004
ENSG00000161682,ENSMUSG00000034685,93.93260000000001,6.067399999999992
ENSG00000144369,ENSMUSG00000048388,89.01115,10.98885
ENSG00000148840,ENSMUSG00000055491,76.07480000000001,23.92519999999999
ENSG00000109819,ENSMUSG00000029167,94.42009999999999,5.579900000000009
ENSG00000155846,ENSMUSG00000033871,76.18205,23.817949999999996
ENSG00000145198,ENSMUSG00000046613,83.93625,16.06375
ENSG00000184857,ENSMUSG00000043140,70.86595,29.134050000000002
ENSG00000123131,ENSMUSG00000025289,89.17699999999999,10.823000000000008
ENSG00000165672,ENSMUSG00000024997,86.16015,13.839849999999998
ENSG00000096070,ENSMUSG00000063952,92.40350000000001,7.596499999999992
ENSG00000163825,ENSMUSG00000066319,38.841300000000004,61.158699999999996
ENSG00000164399,ENSMUSG00000018914,27.09655,72.90344999999999
ENSG00000107672,ENSMUSG00000040331,87.73085,12.269149999999996
ENSG00000174326,ENSMUSG00000040938,87.472,12.528000000000006
ENSG00000180815,ENSMUSG00000031303,86.16135,13.838650000000001
ENSG00000084731,ENSMUSG00000020668,95.02865,4.971350000000001
ENSG00000101350,ENSMUSG00000027475,97.992,2.0079999999999956
ENSG00000131591,ENSMUSG00000059939,71.537,28.462999999999994
ENSG00000110104,ENSMUSG00000024732,64.83375,35.166250000000005
ENSG00000173614,ENSMUSG00000028992,81.21485,18.78515
ENSG00000163864,ENSMUSG00000032456,81.30385,18.696150000000003
ENSG00000157064,ENSMUSG00000042751,98.6971,1.302899999999994
ENSG00000108107,ENSMUSG00000030432,98.5401,1.4599000000000046
ENSG00000144161,ENSMUSG00000027387,78.23105000000001,21.76894999999999
ENSG00000180424,ENSMUSG00000044863,76.1194,23.8806
ENSG00000111667,ENSMUSG00000038429,98.3683,1.631699999999995
ENSG00000147255,ENSMUSG00000031111,86.77414999999999,13.225850000000008
ENSG00000248385,ENSMUSG00000053338,47.9453,52.0547
ENSG00000121410,ENSMUSG00000022347,44.6999,55.3001
ENSG00000170909,ENSMUSG00000054594,73.4247,26.5753
ENSG00000197226,ENSMUSG00000036644,91.2792,8.720799999999997
ENSG00000124449,ENSMUSG00000062028,89.8488,10.151200000000003
ENSG00000100228,ENSMUSG00000020175,87.6404,12.3596
ENSG00000187391,ENSMUSG00000040003,94.68645,5.313550000000006
ENSG00000213654,ENSMUSG00000034786,88.40209999999999,11.59790000000001
ENSG00000171132,ENSMUSG00000045038,97.9647,2.0353000000000065
ENSG00000119402,ENSMUSG00000035949,98.4582,1.541799999999995
ENSG00000010327,ENSMUSG00000042286,81.8129,18.1871
ENSG00000169032,ENSMUSG00000004936,98.9822,1.017799999999994
ENSG00000126934,ENSMUSG00000035027,94.1325,5.867500000000007
ENSG00000187569,ENSMUSG00000046323,33.68555,66.31445
ENSG00000081026,ENSMUSG00000052539,82.9341,17.0659
ENSG00000011332,ENSMUSG00000030584,96.57945000000001,3.4205499999999915
ENSG00000114867,ENSMUSG00000045983,91.34105,8.658950000000004
ENSG00000134443,ENSMUSG00000024517,57.8258,42.1742
ENSG00000197696,ENSMUSG00000025723,64.3871,35.612899999999996
ENSG00000114204,ENSMUSG00000034139,75.8025,24.197500000000005
ENSG00000232070,ENSMUSG00000072571,69.90035,30.099649999999997
ENSG00000167862,ENSMUSG00000018858,79.6116,20.388400000000004
ENSG00000112116,ENSMUSG00000041872,55.557649999999995,44.442350000000005
ENSG00000104907,ENSMUSG00000001909,82.90545,17.094549999999998
ENSG00000121486,ENSMUSG00000053286,87.88605000000001,12.113949999999988
ENSG00000186480,ENSMUSG00000045294,82.18225,17.817750000000004
ENSG00000125629,ENSMUSG00000003721,96.8889,3.1110999999999933
ENSG00000100897,ENSMUSG00000022214,93.5167,6.4833
ENSG00000162928,ENSMUSG00000020283,90.84215,9.157849999999996
ENSG00000180745,ENSMUSG00000050866,73.0089,26.991100000000003
ENSG00000163646,ENSMUSG00000043850,88.7931,11.206900000000005
ENSG00000249581,ENSMUSG00000049530,94.3966,5.6033999999999935
ENSG00000152749,ENSMUSG00000022131,86.71975,13.280249999999995
ENSG00000167619,ENSMUSG00000043843,85.2852,14.714799999999997
ENSG00000168291,ENSMUSG00000021748,93.5933,6.406700000000001
ENSG00000180155,ENSMUSG00000075605,20.82295,79.17705000000001
ENSG00000186838,ENSMUSG00000046750,42.76045,57.23955
ENSG00000049768,ENSMUSG00000039521,86.5121,13.487899999999996
ENSG00000142327,ENSMUSG00000026269,93.4267,6.573300000000003
ENSG00000021776,ENSMUSG00000040383,94.74055,5.259450000000001
ENSG00000214160,ENSMUSG00000033809,88.8128,11.187200000000004
ENSG00000014164,ENSMUSG00000075600,70.91685000000001,29.08314999999999
ENSG00000117586,ENSMUSG00000026700,42.5857,57.4143
ENSG00000203972,ENSMUSG00000091043,85.81415,14.185850000000002
ENSG00000149124,ENSMUSG00000063683,72.6351,27.364900000000006
ENSG00000204278,ENSMUSG00000070330,70.09965,29.900350000000003
ENSG00000232258,ENSMUSG00000022715,84.94425,15.055750000000003
ENSG00000010017,ENSMUSG00000038546,94.38755,5.6124499999999955
ENSG00000139180,ENSMUSG00000000399,77.9841,22.015900000000002
ENSG00000147432,ENSMUSG00000031492,85.90385,14.096149999999994
ENSG00000112659,ENSMUSG00000040327,86.19040000000001,13.809599999999989
ENSG00000044090,ENSMUSG00000038545,77.70939999999999,22.290600000000012
ENSG00000183496,ENSMUSG00000057706,97.12155,2.878450000000001
ENSG00000128886,ENSMUSG00000027246,76.51565,23.484350000000006
ENSG00000068308,ENSMUSG00000031154,97.8031,2.1968999999999994
ENSG00000169067,ENSMUSG00000055194,97.0745,2.9254999999999995
ENSG00000017797,ENSMUSG00000024096,92.09785,7.902150000000006
ENSG00000103375,ENSMUSG00000030762,76.2452,23.754800000000003
ENSG00000247077,ENSMUSG00000029500,93.5878,6.412199999999999
ENSG00000106631,ENSMUSG00000020469,95.4286,4.571399999999997
ENSG00000111249,ENSMUSG00000042589,81.9029,18.097099999999998
ENSG00000183048,ENSMUSG00000025792,89.547,10.453000000000003
ENSG00000171940,ENSMUSG00000052056,70.27365,29.726349999999996
ENSG00000151575,ENSMUSG00000090626,76.35165,23.648349999999994
ENSG00000158517,ENSMUSG00000015950,82.0513,17.948700000000002
ENSG00000162407,ENSMUSG00000028517,94.7033,5.296700000000001
ENSG00000133983,ENSMUSG00000091803,84.9057,15.094300000000004
ENSG00000100302,ENSMUSG00000034472,95.1128,4.887200000000007
ENSG00000184702,ENSMUSG00000072214,97.35825,2.641750000000002
ENSG00000133131,ENSMUSG00000031434,81.71775,18.282250000000005
ENSG00000185344,ENSMUSG00000038023,91.5888,8.411199999999994
ENSG00000110719,ENSMUSG00000001750,83.77449999999999,16.22550000000001
ENSG00000105929,ENSMUSG00000038600,85.83535,14.164649999999995
ENSG00000033627,ENSMUSG00000019302,96.1194,3.880600000000001
ENSG00000165131,ENSMUSG00000029867,46.25835,53.74165
ENSG00000167005,ENSMUSG00000031754,99.5595,0.4405000000000001
ENSG00000125810,ENSMUSG00000027435,68.05815000000001,31.941849999999988
ENSG00000118579,ENSMUSG00000015804,94.382,5.617999999999995
ENSG00000000003,ENSMUSG00000067377,93.0612,6.9388000000000005
ENSG00000156587,ENSMUSG00000027078,76.4706,23.529399999999995
ENSG00000119401,ENSMUSG00000051675,96.0247,3.9753000000000043
ENSG00000122862,ENSMUSG00000020077,50.986850000000004,49.013149999999996
ENSG00000128268,ENSMUSG00000042428,92.62575,7.3742500000000035
ENSG00000110172,ENSMUSG00000001774,95.3245,4.6754999999999995
ENSG00000145721,ENSMUSG00000047786,95.0355,4.964500000000001
ENSG00000271601,ENSMUSG00000049288,97.0326,2.967399999999998
ENSG00000128891,ENSMUSG00000039983,83.5392,16.460800000000006
ENSG00000107021,ENSMUSG00000039678,97.5,2.5
ENSG00000175197,ENSMUSG00000025408,88.4281,11.5719
ENSG00000156298,ENSMUSG00000058254,98.3936,1.6063999999999936
ENSG00000186063,ENSMUSG00000042901,97.8726,2.1273999999999944
ENSG00000124602,ENSMUSG00000043592,83.9768,16.023200000000003
ENSG00000107731,ENSMUSG00000020099,92.381,7.619
ENSG00000156687,ENSMUSG00000063626,96.17625,3.823750000000004
ENSG00000182168,ENSMUSG00000059921,96.1289,3.8710999999999984
ENSG00000113763,ENSMUSG00000025876,93.66024999999999,6.339750000000009
ENSG00000188177,ENSMUSG00000042851,77.0941,22.905900000000003
ENSG00000198208,ENSMUSG00000019235,79.05015,20.949849999999998
ENSG00000100603,ENSMUSG00000021039,99.2537,0.7463000000000051
ENSG00000189060,ENSMUSG00000096210,94.8454,5.154600000000002
ENSG00000120210,ENSMUSG00000050957,44.19045,55.80955
ENSG00000162627,ENSMUSG00000028007,89.28970000000001,10.71029999999999
ENSG00000152291,ENSMUSG00000056429,38.92105,61.07895
ENSG00000248109,ENSMUSG00000110628,47.34425,52.65575
ENSG00000182836,ENSMUSG00000049148,98.4424,1.5575999999999937
ENSG00000198758,ENSMUSG00000040600,71.922,28.078000000000003
ENSG00000182676,ENSMUSG00000025129,94.8052,5.194800000000001
ENSG00000213719,ENSMUSG00000007041,98.3402,1.6598000000000042
ENSG00000125257,ENSMUSG00000032849,87.0943,12.905699999999996
ENSG00000274180,ENSMUSG00000018931,91.4964,8.503600000000006
ENSG00000160145,ENSMUSG00000061751,97.2114,2.7886000000000024
ENSG00000124635,ENSMUSG00000068854,97.619,2.3810000000000002
ENSG00000196890,ENSMUSG00000080712,100.0,0.0
ENSG00000104881,ENSMUSG00000040734,88.2572,11.742800000000003
ENSG00000100744,ENSMUSG00000044715,91.9015,8.098500000000001
ENSG00000196396,ENSMUSG00000027540,83.04595,16.954049999999995
ENSG00000115875,ENSMUSG00000024097,98.3193,1.6807000000000016
ENSG00000112081,ENSMUSG00000071172,100.0,0.0
ENSG00000180332,ENSMUSG00000046523,97.2973,2.702699999999993
ENSG00000167995,ENSMUSG00000037418,66.60895,33.39105000000001
ENSG00000185608,ENSMUSG00000022706,75.2427,24.7573
ENSG00000215788,ENSMUSG00000024793,64.49615,35.50385
ENSG00000132109,ENSMUSG00000030966,69.3837,30.616299999999995
ENSG00000164323,ENSMUSG00000031631,69.52225,30.47775
ENSG00000134061,ENSMUSG00000021624,73.9788,26.021199999999993
ENSG00000099957,ENSMUSG00000022758,76.44460000000001,23.55539999999999
ENSG00000083454,ENSMUSG00000005950,66.45665,33.543350000000004
ENSG00000089041,ENSMUSG00000029468,80.8403,19.1597
ENSG00000135124,ENSMUSG00000029470,86.5979,13.402100000000004
ENSG00000108405,ENSMUSG00000020787,89.4737,10.526300000000006
ENSG00000187848,ENSMUSG00000029503,77.74199999999999,22.25800000000001
ENSG00000109991,ENSMUSG00000027071,93.7028,6.297200000000004
ENSG00000102103,ENSMUSG00000031157,87.50125,12.498750000000001
ENSG00000105298,ENSMUSG00000034889,86.15100000000001,13.84899999999999
ENSG00000140832,ENSMUSG00000001672,66.73575,33.264250000000004
ENSG00000106785,ENSMUSG00000039853,77.09790000000001,22.90209999999999
ENSG00000106333,ENSMUSG00000029718,78.9408,21.059200000000004
ENSG00000125850,ENSMUSG00000037279,89.2535,10.746499999999997
ENSG00000069667,ENSMUSG00000032238,92.21424999999999,7.785750000000007
ENSG00000204882,ENSMUSG00000045281,82.6816,17.318399999999997
ENSG00000144230,ENSMUSG00000052229,90.2655,9.734499999999997
ENSG00000147118,ENSMUSG00000054737,81.77539999999999,18.22460000000001
ENSG00000172548,ENSMUSG00000020411,84.6919,15.308099999999996
ENSG00000048991,ENSMUSG00000056211,90.87705,9.122950000000003
ENSG00000105392,ENSMUSG00000041578,96.6555,3.3444999999999965
ENSG00000108219,ENSMUSG00000037824,97.4074,2.5926000000000045
ENSG00000172367,ENSMUSG00000032105,81.55930000000001,18.440699999999993
ENSG00000174827,ENSMUSG00000038298,78.42,21.58
ENSG00000109062,ENSMUSG00000020733,86.95805,13.04195
ENSG00000065054,ENSMUSG00000002504,91.6914,8.308599999999998
ENSG00000137404,ENSMUSG00000059791,94.2748,5.725200000000001
ENSG00000186665,ENSMUSG00000078607,75.0539,24.9461
ENSG00000104408,ENSMUSG00000022336,100.0,0.0
ENSG00000104228,ENSMUSG00000022043,79.9226,20.077399999999997
ENSG00000135862,ENSMUSG00000026478,92.9727,7.027299999999997
ENSG00000116039,ENSMUSG00000006269,93.5673,6.432699999999997
ENSG00000109083,ENSMUSG00000001105,98.4848,1.515199999999993
ENSG00000138756,ENSMUSG00000034663,83.17490000000001,16.825099999999992
ENSG00000153214,ENSMUSG00000014353,88.2883,11.711699999999993
ENSG00000153107,ENSMUSG00000014355,92.3868,7.613200000000006
ENSG00000133962,ENSMUSG00000047014,56.3601,43.6399
ENSG00000159388,ENSMUSG00000020423,93.6709,6.329099999999997
ENSG00000133639,ENSMUSG00000036478,100.0,0.0
ENSG00000154640,ENSMUSG00000022863,93.6508,6.349199999999996
ENSG00000137707,ENSMUSG00000032056,69.8629,30.137100000000004
ENSG00000157881,ENSMUSG00000029056,92.238,7.7620000000000005
ENSG00000126456,ENSMUSG00000003184,70.92830000000001,29.071699999999993
ENSG00000168802,ENSMUSG00000046691,91.7355,8.264499999999998
ENSG00000123360,ENSMUSG00000022489,95.98515,4.014849999999996
ENSG00000103932,ENSMUSG00000034032,79.66,20.340000000000003
ENSG00000272325,ENSMUSG00000024213,96.4839,3.5160999999999945
ENSG00000103227,ENSMUSG00000002279,77.6541,22.3459
ENSG00000100258,ENSMUSG00000022614,82.75475,17.24525
ENSG00000116478,ENSMUSG00000028800,99.3776,0.622399999999999
ENSG00000100079,ENSMUSG00000043501,65.65265,34.347350000000006
ENSG00000114388,ENSMUSG00000010057,98.4211,1.5789000000000044
ENSG00000186815,ENSMUSG00000032741,90.87575,9.124250000000004
ENSG00000157087,ENSMUSG00000030302,98.3105,1.6894999999999953
ENSG00000115211,ENSMUSG00000029145,82.7737,17.226299999999995
ENSG00000138279,ENSMUSG00000021814,90.25685,9.74315
ENSG00000162073,ENSMUSG00000023909,96.337,3.6629999999999967
ENSG00000166855,ENSMUSG00000015357,95.97485,4.0251499999999965
ENSG00000082212,ENSMUSG00000024556,88.66315,11.336849999999998
ENSG00000065833,ENSMUSG00000032418,90.035,9.965000000000003
ENSG00000151376,ENSMUSG00000030621,94.2053,5.794700000000006
ENSG00000108602,ENSMUSG00000019102,80.3532,19.6468
ENSG00000157570,ENSMUSG00000027217,90.7258,9.274199999999993
ENSG00000159110,ENSMUSG00000022971,46.3037,53.6963
ENSG00000179144,ENSMUSG00000043931,60.7167,39.2833
ENSG00000150477,ENSMUSG00000033632,72.49155,27.508449999999996
ENSG00000174225,ENSMUSG00000052549,53.0851,46.9149
ENSG00000066583,ENSMUSG00000024601,94.7902,5.209800000000001
ENSG00000125304,ENSMUSG00000025544,95.69815,4.301850000000002
ENSG00000286105,ENSMUSG00000091614,50.927099999999996,49.072900000000004
ENSG00000172738,ENSMUSG00000079580,51.6563,48.3437
ENSG00000152348,ENSMUSG00000021619,80.31344999999999,19.68655000000001
ENSG00000141570,ENSMUSG00000025578,90.66315,9.336849999999998
ENSG00000105610,ENSMUSG00000054191,69.6728,30.327200000000005
ENSG00000152705,ENSMUSG00000021499,65.0703,34.9297
ENSG00000102575,ENSMUSG00000001348,84.97015,15.029849999999996
ENSG00000110675,ENSMUSG00000041986,95.16550000000001,4.834499999999991
ENSG00000221947,ENSMUSG00000067813,76.6756,23.324399999999997
ENSG00000158156,ENSMUSG00000037752,68.34559999999999,31.65440000000001
ENSG00000047597,ENSMUSG00000015342,82.2476,17.752399999999994
ENSG00000182489,ENSMUSG00000031258,91.9822,8.017799999999994
ENSG00000176732,ENSMUSG00000020639,69.7674,30.232600000000005
ENSG00000065618,ENSMUSG00000025064,80.6268,19.373199999999997
ENSG00000112941,ENSMUSG00000034575,92.45585,7.544150000000002
ENSG00000136819,ENSMUSG00000026851,95.8477,4.152299999999997
ENSG00000119321,ENSMUSG00000066151,79.91795,20.082049999999995
ENSG00000151882,ENSMUSG00000074715,62.265299999999996,37.734700000000004
ENSG00000184672,ENSMUSG00000039717,95.20655,4.793450000000007
ENSG00000165650,ENSMUSG00000074746,87.09335,12.906649999999999
ENSG00000104884,ENSMUSG00000030400,97.5,2.5
ENSG00000258366,ENSMUSG00000038685,72.6344,27.3656
ENSG00000136492,ENSMUSG00000034329,72.12854999999999,27.87145000000001
ENSG00000013573,ENSMUSG00000035842,78.6976,21.302400000000006
ENSG00000121579,ENSMUSG00000022698,95.9594,4.040599999999998
ENSG00000068137,ENSMUSG00000035172,93.01480000000001,6.985199999999992
ENSG00000146457,ENSMUSG00000060475,96.2121,3.7878999999999934
ENSG00000138246,ENSMUSG00000032560,96.5488,3.4512
ENSG00000162444,ENSMUSG00000028996,89.5522,10.4478
ENSG00000249481,ENSMUSG00000023935,56.5642,43.4358
ENSG00000129195,ENSMUSG00000020808,73.79044999999999,26.209550000000007
ENSG00000000457,ENSMUSG00000026584,80.1999,19.8001
ENSG00000183011,ENSMUSG00000059278,95.2,4.799999999999997
ENSG00000254999,ENSMUSG00000033940,98.6667,1.3332999999999942
ENSG00000139190,ENSMUSG00000030337,80.2062,19.793800000000005
ENSG00000141279,ENSMUSG00000001441,97.4443,2.5557000000000016
ENSG00000010165,ENSMUSG00000026694,90.05015,9.949849999999998
ENSG00000102390,ENSMUSG00000031226,78.0086,21.9914
ENSG00000228607,ENSMUSG00000105298,77.5603,22.439700000000002
ENSG00000156639,ENSMUSG00000044477,95.5947,4.405299999999997
ENSG00000122986,ENSMUSG00000064267,77.86404999999999,22.13595000000001
ENSG00000120049,ENSMUSG00000025221,80.5153,19.484700000000004
ENSG00000250298,ENSMUSG00000091721,72.8111,27.188900000000004
ENSG00000186529,ENSMUSG00000003484,80.6525,19.347499999999997
ENSG00000183691,ENSMUSG00000048616,99.1379,0.8620999999999981
ENSG00000157107,ENSMUSG00000041685,94.8734,5.126599999999996
ENSG00000213619,ENSMUSG00000005510,87.28685,12.713149999999999
ENSG00000156414,ENSMUSG00000054003,86.2206,13.779399999999995
ENSG00000137720,ENSMUSG00000037971,71.0683,28.931700000000006
ENSG00000198000,ENSMUSG00000021392,63.37915,36.62085
ENSG00000257103,ENSMUSG00000066568,93.4055,6.5944999999999965
ENSG00000163607,ENSMUSG00000022668,75.9229,24.0771
ENSG00000136110,ENSMUSG00000022025,88.396,11.604
ENSG00000000005,ENSMUSG00000031250,96.2145,3.785499999999999
ENSG00000090932,ENSMUSG00000003436,83.618,16.382000000000005
ENSG00000214013,ENSMUSG00000062646,84.2912,15.708799999999997
ENSG00000005961,ENSMUSG00000034664,80.21305000000001,19.78694999999999
ENSG00000160460,ENSMUSG00000011751,95.68785,4.312150000000003
ENSG00000197961,ENSMUSG00000045519,40.84885,59.15115
ENSG00000051341,ENSMUSG00000034206,73.16525,26.83475
ENSG00000155380,ENSMUSG00000032902,86.61055,13.389449999999997
ENSG00000059145,ENSMUSG00000015127,87.67269999999999,12.327300000000008
ENSG00000164509,ENSMUSG00000050377,58.43985,41.56015
ENSG00000139719,ENSMUSG00000029434,97.65520000000001,2.3447999999999922
ENSG00000136738,ENSMUSG00000026718,91.7329,8.2671
ENSG00000248483,ENSMUSG00000093668,65.44915,34.55085
ENSG00000173653,ENSMUSG00000024889,94.8328,5.167199999999994
ENSG00000138594,ENSMUSG00000058587,90.0568,9.943200000000004
ENSG00000152767,ENSMUSG00000025555,91.83009999999999,8.169900000000013
ENSG00000123191,ENSMUSG00000006567,82.6786,17.321399999999997
ENSG00000131023,ENSMUSG00000040021,93.13855000000001,6.861449999999991
ENSG00000165806,ENSMUSG00000025076,82.1782,17.821799999999996
ENSG00000164305,ENSMUSG00000031628,86.6426,13.357399999999998
ENSG00000068400,ENSMUSG00000031153,93.2067,6.793300000000002
ENSG00000198734,ENSMUSG00000026579,69.1233,30.8767
ENSG00000011638,ENSMUSG00000030917,69.5652,30.434799999999996
ENSG00000233436,ENSMUSG00000086598,75.82329999999999,24.17670000000001
ENSG00000075239,ENSMUSG00000032047,84.37235,15.627650000000003
ENSG00000167315,ENSMUSG00000036880,87.9093,12.090699999999998
ENSG00000138029,ENSMUSG00000059447,90.83255,9.167450000000002
ENSG00000177692,ENSMUSG00000039763,72.70485,27.295150000000007
ENSG00000103051,ENSMUSG00000031753,94.15565000000001,5.8443499999999915
ENSG00000140511,ENSMUSG00000030606,80.66775,19.332250000000002
ENSG00000160219,ENSMUSG00000032750,77.1609,22.839100000000002
ENSG00000256453,ENSMUSG00000044595,86.525,13.474999999999994
ENSG00000178531,ENSMUSG00000048644,96.3415,3.6585000000000036
ENSG00000205279,ENSMUSG00000069372,91.929,8.070999999999998
ENSG00000233932,ENSMUSG00000074872,94.48205,5.517949999999999
ENSG00000130811,ENSMUSG00000070319,98.4375,1.5625
ENSG00000064195,ENSMUSG00000001510,97.9094,2.090599999999995
ENSG00000173137,ENSMUSG00000022550,80.72315,19.276849999999996
ENSG00000157450,ENSMUSG00000032217,90.22805,9.771950000000004
ENSG00000130640,ENSMUSG00000025474,91.09045,8.909549999999996
ENSG00000100441,ENSMUSG00000047153,79.4684,20.531599999999997
ENSG00000268480,ENSMUSG00000117495,57.8701,42.1299
ENSG00000253846,ENSMUSG00000102222,87.56790000000001,12.432099999999991
ENSG00000213931,ENSMUSG00000052187,80.9524,19.047600000000003
ENSG00000119421,ENSMUSG00000026895,86.6279,13.372100000000003
ENSG00000186487,ENSMUSG00000061911,94.8167,5.183300000000003
ENSG00000049323,ENSMUSG00000001870,82.4495,17.5505
ENSG00000198825,ENSMUSG00000042105,90.5477,9.452299999999994
ENSG00000119541,ENSMUSG00000009907,95.4955,4.504499999999993
ENSG00000105281,ENSMUSG00000001918,82.1302,17.869799999999998
ENSG00000067167,ENSMUSG00000025935,93.0481,6.951899999999995
ENSG00000174599,ENSMUSG00000044528,75.14165,24.85835
ENSG00000065308,ENSMUSG00000041779,90.0,10.0
ENSG00000116161,ENSMUSG00000014226,93.21709999999999,6.782900000000012
ENSG00000197136,ENSMUSG00000054874,94.9288,5.071200000000005
ENSG00000173068,ENSMUSG00000028487,95.88220000000001,4.117799999999988
ENSG00000169594,ENSMUSG00000025105,86.7947,13.205299999999994
ENSG00000151388,ENSMUSG00000047497,80.33840000000001,19.661599999999993
ENSG00000147050,ENSMUSG00000037369,95.61685,4.3831500000000005
ENSG00000183878,ENSMUSG00000068457,74.13495,25.865049999999997
ENSG00000164938,ENSMUSG00000028211,87.2655,12.734499999999997
ENSG00000078804,ENSMUSG00000038375,85.71475,14.285250000000005
ENSG00000168246,ENSMUSG00000044949,97.0085,2.991500000000002
ENSG00000142937,ENSMUSG00000047675,100.0,0.0
ENSG00000014138,ENSMUSG00000024833,82.97184999999999,17.02815000000001
ENSG00000241106,ENSMUSG00000041538,71.02600000000001,28.97399999999999
ENSG00000169241,ENSMUSG00000027953,79.638,20.361999999999995
ENSG00000147155,ENSMUSG00000031168,77.8261,22.173900000000003
ENSG00000123179,ENSMUSG00000021928,75.7282,24.2718
ENSG00000169282,ENSMUSG00000027827,85.163,14.837000000000003
ENSG00000143248,ENSMUSG00000026678,90.0553,9.944699999999997
ENSG00000145390,ENSMUSG00000039701,74.9769,25.0231
ENSG00000077147,ENSMUSG00000025016,99.14995,0.850049999999996
ENSG00000094661,ENSMUSG00000071185,71.84084999999999,28.15915000000001
ENSG00000176595,ENSMUSG00000055675,80.89685,19.10315
ENSG00000183640,ENSMUSG00000059632,83.8928,16.107200000000006
ENSG00000143183,ENSMUSG00000052428,100.0,0.0
ENSG00000189266,ENSMUSG00000028675,82.43835,17.56165
ENSG00000146278,ENSMUSG00000040128,80.31385,19.686149999999998
ENSG00000146826,ENSMUSG00000036948,96.3793,3.6206999999999994
ENSG00000018280,ENSMUSG00000026177,87.0677,12.932299999999998
ENSG00000037637,ENSMUSG00000028920,95.3975,4.602500000000006
ENSG00000015171,ENSMUSG00000021156,97.6744,2.3255999999999943
ENSG00000138385,ENSMUSG00000068882,78.98509999999999,21.01490000000001
ENSG00000145741,ENSMUSG00000021660,89.3204,10.679599999999994
ENSG00000139780,ENSMUSG00000047343,77.81035,22.18965
ENSG00000248713,ENSMUSG00000090066,81.97855000000001,18.021449999999987
ENSG00000111110,ENSMUSG00000034613,96.39735,3.602649999999997
ENSG00000172425,ENSMUSG00000039438,89.60575,10.39425
ENSG00000103018,ENSMUSG00000031924,74.33789999999999,25.66210000000001
ENSG00000134193,ENSMUSG00000027876,66.0324,33.967600000000004
ENSG00000164645,ENSMUSG00000040514,70.3557,29.6443
ENSG00000143278,ENSMUSG00000026368,76.8449,23.155100000000004
ENSG00000188163,ENSMUSG00000026969,77.9882,22.011799999999994
ENSG00000198886,ENSMUSG00000064363,66.8845,33.1155
ENSG00000119760,ENSMUSG00000053134,95.15795,4.84205
ENSG00000174442,ENSMUSG00000032400,80.8477,19.152299999999997
ENSG00000101438,ENSMUSG00000037771,98.4762,1.5237999999999943
ENSG00000107859,ENSMUSG00000025229,98.3444,1.6556000000000068
ENSG00000161405,ENSMUSG00000018168,86.81135,13.188649999999996
ENSG00000139304,ENSMUSG00000035916,86.758,13.242000000000004
ENSG00000164112,ENSMUSG00000085007,92.0635,7.936499999999995
ENSG00000099326,ENSMUSG00000030380,78.76335,21.236649999999997
ENSG00000178665,ENSMUSG00000056014,28.5186,71.48140000000001
ENSG00000188428,ENSMUSG00000038982,76.3463,23.6537
ENSG00000065154,ENSMUSG00000030934,90.8884,9.111599999999996
ENSG00000138593,ENSMUSG00000035093,87.5825,12.417500000000004
ENSG00000187742,ENSMUSG00000035139,72.19665,27.803349999999995
ENSG00000109881,ENSMUSG00000027160,69.73429999999999,30.26570000000001
ENSG00000129675,ENSMUSG00000031133,91.40365,8.596350000000001
ENSG00000203943,ENSMUSG00000048652,94.1176,5.882400000000004
ENSG00000188037,ENSMUSG00000029862,87.58905,12.41095
ENSG00000076108,ENSMUSG00000040054,84.05055,15.949449999999999
ENSG00000156486,ENSMUSG00000050963,98.1132,1.8867999999999938
ENSG00000104081,ENSMUSG00000040093,73.4548,26.545199999999994
ENSG00000117472,ENSMUSG00000028699,73.59700000000001,26.40299999999999
ENSG00000170464,ENSMUSG00000024350,90.0701,9.929900000000004
ENSG00000136100,ENSMUSG00000031479,95.8549,4.145099999999999
ENSG00000188991,ENSMUSG00000044378,63.4143,36.5857
ENSG00000102098,ENSMUSG00000000037,45.15135,54.84865
ENSG00000152763,ENSMUSG00000035126,72.673,27.326999999999998
ENSG00000183495,ENSMUSG00000029505,84.98,15.019999999999996
ENSG00000185038,ENSMUSG00000079429,80.00004999999999,19.999950000000013
ENSG00000154127,ENSMUSG00000032020,96.82135,3.1786500000000046
ENSG00000145730,ENSMUSG00000026335,85.62504999999999,14.374950000000013
ENSG00000126759,ENSMUSG00000001128,75.45769999999999,24.54230000000001
ENSG00000165533,ENSMUSG00000021013,94.9111,5.088899999999995
ENSG00000140470,ENSMUSG00000058145,88.78175,11.218249999999998
ENSG00000082996,ENSMUSG00000036503,93.4383,6.561700000000002
ENSG00000132424,ENSMUSG00000028248,92.4056,7.594399999999993
ENSG00000213085,ENSMUSG00000026546,82.9401,17.0599
ENSG00000111554,ENSMUSG00000020212,70.4589,29.5411
ENSG00000196344,ENSMUSG00000055301,89.0374,10.962599999999995
ENSG00000160602,ENSMUSG00000017405,93.6708,6.3292
ENSG00000099330,ENSMUSG00000002396,52.213049999999996,47.786950000000004
ENSG00000128564,ENSMUSG00000037428,86.5262,13.473799999999997
ENSG00000173915,ENSMUSG00000071528,89.6552,10.344800000000006
ENSG00000273079,ENSMUSG00000030209,98.584,1.4159999999999968
ENSG00000162702,ENSMUSG00000041483,94.85470000000001,5.145299999999992
ENSG00000006282,ENSMUSG00000020867,85.05510000000001,14.94489999999999
ENSG00000125740,ENSMUSG00000003545,95.858,4.141999999999996
ENSG00000168356,ENSMUSG00000034115,72.951,27.049000000000007
ENSG00000162909,ENSMUSG00000026509,93.8571,6.142899999999997
ENSG00000134533,ENSMUSG00000030222,98.4925,1.5074999999999932
ENSG00000165185,ENSMUSG00000045071,97.486,2.513999999999996
ENSG00000141096,ENSMUSG00000031898,71.35759999999999,28.64240000000001
ENSG00000165300,ENSMUSG00000033214,96.9191,3.0808999999999997
ENSG00000115053,ENSMUSG00000026234,82.428,17.572000000000003
ENSG00000151005,ENSMUSG00000025519,80.447,19.552999999999997
ENSG00000184402,ENSMUSG00000039086,90.4813,9.518699999999995
ENSG00000230561,ENSMUSG00000058925,58.63995,41.36005
ENSG00000102921,ENSMUSG00000031652,81.2747,18.725300000000004
ENSG00000088766,ENSMUSG00000027357,86.09365,13.906350000000003
ENSG00000083535,ENSMUSG00000022064,88.8302,11.169799999999995
ENSG00000141569,ENSMUSG00000054517,64.48655,35.513450000000006
ENSG00000203668,ENSMUSG00000078185,77.5837,22.416300000000007
ENSG00000188419,ENSMUSG00000025531,82.89365000000001,17.106349999999992
ENSG00000203879,ENSMUSG00000015291,97.9866,2.0134000000000043
ENSG00000057608,ENSMUSG00000021218,96.4045,3.5955000000000013
ENSG00000204519,ENSMUSG00000034071,61.515699999999995,38.484300000000005
ENSG00000213390,ENSMUSG00000025154,87.8542,12.145799999999994
ENSG00000269113,ENSMUSG00000070867,90.1354,9.864599999999996
ENSG00000163508,ENSMUSG00000032446,90.5101,9.489900000000006
ENSG00000205339,ENSMUSG00000066232,99.422,0.578000000000003
ENSG00000109472,ENSMUSG00000037852,96.6387,3.3613
ENSG00000013297,ENSMUSG00000037625,94.2029,5.7971
ENSG00000156599,ENSMUSG00000034075,97.9021,2.0978999999999957
ENSG00000144290,ENSMUSG00000026904,95.5064,4.493600000000001
ENSG00000179241,ENSMUSG00000048058,95.942,4.058000000000007
ENSG00000137819,ENSMUSG00000032278,91.5152,8.484800000000007
ENSG00000101190,ENSMUSG00000038932,88.1808,11.819199999999995
ENSG00000144619,ENSMUSG00000064293,95.1267,4.8733
ENSG00000065675,ENSMUSG00000026778,94.69220000000001,5.307799999999986
ENSG00000100982,ENSMUSG00000039849,95.03565,4.964349999999996
ENSG00000134240,ENSMUSG00000027875,89.3701,10.629900000000006
ENSG00000112972,ENSMUSG00000093930,94.6154,5.384600000000006
ENSG00000148848,ENSMUSG00000054555,81.37115,18.62885
ENSG00000076043,ENSMUSG00000032026,94.0928,5.907200000000003
ENSG00000181264,ENSMUSG00000048503,92.6531,7.346900000000005
ENSG00000163050,ENSMUSG00000026489,86.99709999999999,13.002900000000011
ENSG00000118491,ENSMUSG00000019815,68.10185,31.89815
ENSG00000089280,ENSMUSG00000030795,96.36580000000001,3.6341999999999928
ENSG00000152894,ENSMUSG00000019889,97.6408,2.3592000000000013
ENSG00000165671,ENSMUSG00000021488,83.86865,16.131349999999998
ENSG00000144645,ENSMUSG00000040875,91.3727,8.627300000000005
ENSG00000051128,ENSMUSG00000003573,89.44515000000001,10.554849999999988
ENSG00000129910,ENSMUSG00000031962,84.25995,15.740049999999997
ENSG00000162613,ENSMUSG00000028034,97.0782,2.9218000000000046
ENSG00000175514,ENSMUSG00000044724,74.1356,25.864400000000003
ENSG00000130368,ENSMUSG00000068037,90.29295,9.707049999999995
ENSG00000172938,ENSMUSG00000051207,59.5016,40.4984
ENSG00000182170,ENSMUSG00000050276,57.4394,42.5606
ENSG00000184350,ENSMUSG00000048965,73.63419999999999,26.365800000000007
ENSG00000172935,ENSMUSG00000031070,86.0058,13.994200000000006
ENSG00000172322,ENSMUSG00000053063,48.4969,51.5031
ENSG00000104518,ENSMUSG00000022575,57.055099999999996,42.944900000000004
ENSG00000204311,ENSMUSG00000075267,96.0227,3.9772999999999996
ENSG00000121749,ENSMUSG00000020130,91.0042,8.995800000000003
ENSG00000110917,ENSMUSG00000048578,94.3399,5.6601
ENSG00000189079,ENSMUSG00000033237,92.21985000000001,7.780149999999992
ENSG00000103489,ENSMUSG00000030657,91.4235,8.576499999999996
ENSG00000101940,ENSMUSG00000031166,99.1753,0.8247000000000071
ENSG00000162923,ENSMUSG00000038733,90.67855,9.321449999999999
ENSG00000153789,ENSMUSG00000042269,70.49835,29.501649999999998
ENSG00000188343,ENSMUSG00000028218,78.46385000000001,21.536149999999992
ENSG00000175104,ENSMUSG00000027164,88.40815,11.591849999999994
ENSG00000260001,ENSMUSG00000089736,75.38745,24.61255
ENSG00000106991,ENSMUSG00000026814,71.85455,28.145449999999997
ENSG00000069702,ENSMUSG00000029287,81.4815,18.518500000000003
ENSG00000205186,ENSMUSG00000027528,71.2121,28.787899999999993
ENSG00000104973,ENSMUSG00000002968,86.02199999999999,13.978000000000009
ENSG00000104808,ENSMUSG00000011382,79.46045000000001,20.53954999999999
ENSG00000164287,ENSMUSG00000078926,72.2543,27.7457
ENSG00000117399,ENSMUSG00000006398,94.7896,5.210400000000007
ENSG00000105325,ENSMUSG00000020235,98.3773,1.6226999999999947
ENSG00000213999,ENSMUSG00000079033,70.06315000000001,29.936849999999993
ENSG00000164346,ENSMUSG00000060739,99.2308,0.7691999999999979
ENSG00000115750,ENSMUSG00000059669,74.6169,25.3831
ENSG00000120616,ENSMUSG00000024240,92.8659,7.134100000000004
ENSG00000197891,ENSMUSG00000061742,73.9602,26.0398
ENSG00000127184,ENSMUSG00000017778,85.7143,14.285700000000006
ENSG00000277200,ENSMUSG00000069814,78.47335,21.526650000000004
ENSG00000119242,ENSMUSG00000037979,84.3997,15.600300000000004
ENSG00000105819,ENSMUSG00000029017,90.1841,9.8159
ENSG00000104967,ENSMUSG00000030411,98.5772,1.4227999999999952
ENSG00000145569,ENSMUSG00000056069,84.06360000000001,15.936399999999992
ENSG00000154124,ENSMUSG00000046034,90.0568,9.943200000000004
ENSG00000100473,ENSMUSG00000020953,94.19265,5.80735
ENSG00000172031,ENSMUSG00000033805,88.21235,11.78765
ENSG00000125450,ENSMUSG00000020739,91.6159,8.384100000000004
ENSG00000150776,ENSMUSG00000059820,83.76089999999999,16.239100000000008
ENSG00000158966,ENSMUSG00000028532,96.41194999999999,3.5880500000000097
ENSG00000136573,ENSMUSG00000014453,86.65645,13.343549999999993
ENSG00000063854,ENSMUSG00000024158,87.52045000000001,12.479549999999989
ENSG00000089159,ENSMUSG00000029528,75.3209,24.679100000000005
ENSG00000158941,ENSMUSG00000033712,91.49055,8.509450000000001
ENSG00000060339,ENSMUSG00000020074,94.94800000000001,5.0519999999999925
ENSG00000113525,ENSMUSG00000036117,69.66390000000001,30.336099999999988
ENSG00000158525,ENSMUSG00000029788,84.1743,15.825699999999998
ENSG00000085433,ENSMUSG00000040389,95.4867,4.513300000000001
ENSG00000152154,ENSMUSG00000024245,98.3165,1.6834999999999951
ENSG00000261115,ENSMUSG00000057716,99.6599,0.34010000000000673
ENSG00000196505,ENSMUSG00000027865,94.87445,5.125550000000004
ENSG00000160183,ENSMUSG00000024034,86.9023,13.097700000000003
ENSG00000181544,ENSMUSG00000047757,49.2997,50.7003
ENSG00000001626,ENSMUSG00000041301,78.6199,21.3801
ENSG00000136404,ENSMUSG00000038623,94.3243,5.675700000000006
ENSG00000213996,ENSMUSG00000036151,78.41075000000001,21.589249999999993
ENSG00000112031,ENSMUSG00000019774,81.0163,18.9837
ENSG00000131697,ENSMUSG00000039577,78.28835000000001,21.71164999999999
ENSG00000253485,ENSMUSG00000103567,85.02414999999999,14.975850000000008
ENSG00000103365,ENSMUSG00000030872,85.5321,14.4679
ENSG00000114544,ENSMUSG00000030089,75.89755,24.102450000000005
ENSG00000136052,ENSMUSG00000034591,91.0995,8.900499999999994
ENSG00000133065,ENSMUSG00000013275,97.95134999999999,2.048650000000009
ENSG00000161955,ENSMUSG00000089669,81.25835000000001,18.741649999999993
ENSG00000167578,ENSMUSG00000053291,99.5305,0.4694999999999965
ENSG00000260314,ENSMUSG00000026712,82.0055,17.994500000000002
ENSG00000011028,ENSMUSG00000020695,90.8046,9.195400000000006
ENSG00000054219,ENSMUSG00000026980,76.865,23.135000000000005
ENSG00000153246,ENSMUSG00000054580,73.0896,26.910399999999996
ENSG00000196517,ENSMUSG00000028542,96.2085,3.791499999999999
ENSG00000155666,ENSMUSG00000030752,77.83175,22.16825
ENSG00000134249,ENSMUSG00000043468,55.4024,44.5976
ENSG00000005189,ENSMUSG00000030924,67.71685,32.283150000000006
ENSG00000128610,ENSMUSG00000029697,94.3158,5.684200000000004
ENSG00000100109,ENSMUSG00000029345,92.17914999999999,7.820850000000007
ENSG00000137834,ENSMUSG00000036867,93.03745,6.962549999999993
ENSG00000198691,ENSMUSG00000028125,87.6339,12.366100000000003
ENSG00000107798,ENSMUSG00000024781,74.12105,25.878950000000003
ENSG00000120054,ENSMUSG00000025196,83.93455,16.06545
ENSG00000145244,ENSMUSG00000005220,79.90110000000001,20.098899999999986
ENSG00000150048,ENSMUSG00000033082,68.5157,31.484300000000005
ENSG00000144659,ENSMUSG00000032519,83.91185,16.08815
ENSG00000023608,ENSMUSG00000021113,75.35525,24.644750000000002
ENSG00000133116,ENSMUSG00000058488,85.7849,14.215100000000007
ENSG00000149187,ENSMUSG00000005506,99.51320000000001,0.48679999999998813
ENSG00000102524,ENSMUSG00000031497,64.4149,35.5851
ENSG00000143862,ENSMUSG00000026426,99.4624,0.5375999999999976
ENSG00000149634,ENSMUSG00000017767,79.47059999999999,20.52940000000001
ENSG00000172867,ENSMUSG00000064201,74.03739999999999,25.96260000000001
ENSG00000171722,ENSMUSG00000042800,71.61375,28.386250000000004
ENSG00000064601,ENSMUSG00000017760,85.81555,14.184449999999998
ENSG00000088812,ENSMUSG00000027312,93.24465000000001,6.755349999999993
ENSG00000241697,ENSMUSG00000028347,93.89359999999999,6.106400000000008
ENSG00000170430,ENSMUSG00000054612,68.9058,31.0942
ENSG00000118193,ENSMUSG00000041498,71.3469,28.653099999999995
ENSG00000036565,ENSMUSG00000036330,82.41035,17.589650000000006
ENSG00000102362,ENSMUSG00000031255,90.47640000000001,9.523599999999988
ENSG00000144031,ENSMUSG00000014747,49.710499999999996,50.289500000000004
ENSG00000119283,ENSMUSG00000036913,92.852,7.147999999999996
ENSG00000100505,ENSMUSG00000021071,92.65435,7.345650000000006
ENSG00000100784,ENSMUSG00000021180,96.2506,3.7493999999999943
ENSG00000173673,ENSMUSG00000028946,61.73925,38.26075
ENSG00000175535,ENSMUSG00000046008,78.4946,21.505399999999995
ENSG00000109771,ENSMUSG00000031637,86.0031,13.996899999999997
ENSG00000171695,ENSMUSG00000045794,67.86420000000001,32.13579999999999
ENSG00000115232,ENSMUSG00000027009,84.8837,15.116299999999995
ENSG00000101197,ENSMUSG00000038840,65.21255000000001,34.78744999999999
ENSG00000115468,ENSMUSG00000026255,82.25505,17.744950000000003
ENSG00000142634,ENSMUSG00000040659,94.1667,5.833299999999994
ENSG00000168916,ENSMUSG00000052713,93.08635,6.913650000000004
ENSG00000180357,ENSMUSG00000040524,94.2635,5.736500000000007
ENSG00000064205,ENSMUSG00000027656,73.05420000000001,26.94579999999999
ENSG00000185658,ENSMUSG00000022914,77.2842,22.7158
ENSG00000165288,ENSMUSG00000063663,94.696,5.304000000000002
ENSG00000146247,ENSMUSG00000032253,94.8929,5.107100000000003
ENSG00000163328,ENSMUSG00000041762,89.87355,10.126450000000006
ENSG00000174059,ENSMUSG00000016494,65.71154999999999,34.28845000000001
ENSG00000102935,ENSMUSG00000045333,98.2972,1.7027999999999963
ENSG00000179111,ENSMUSG00000023781,91.0,9.0
ENSG00000003402,ENSMUSG00000026031,65.56129999999999,34.43870000000001
ENSG00000177432,ENSMUSG00000055430,73.21430000000001,26.78569999999999
ENSG00000065000,ENSMUSG00000020198,89.15055000000001,10.84944999999999
ENSG00000168676,ENSMUSG00000051648,88.721,11.278999999999996
ENSG00000138308,ENSMUSG00000009646,90.2564,9.7436
ENSG00000123739,ENSMUSG00000027999,88.71940000000001,11.280599999999993
ENSG00000258818,ENSMUSG00000021876,83.3908,16.6092
ENSG00000164733,ENSMUSG00000021939,78.7611,21.2389
ENSG00000138182,ENSMUSG00000024795,73.18950000000001,26.81049999999999
ENSG00000164402,ENSMUSG00000018398,97.41475,2.585250000000002
ENSG00000198839,ENSMUSG00000055917,86.66444999999999,13.335550000000012
ENSG00000183807,ENSMUSG00000019909,67.10115,32.898849999999996
ENSG00000114023,ENSMUSG00000003955,78.96525,21.034750000000003
ENSG00000113971,ENSMUSG00000032558,88.73855,11.261449999999996
ENSG00000129355,ENSMUSG00000096472,86.747,13.253
ENSG00000174695,ENSMUSG00000012422,97.2222,2.777799999999999
ENSG00000174175,ENSMUSG00000026580,69.8172,30.1828
ENSG00000132591,ENSMUSG00000020832,78.2609,21.739099999999993
ENSG00000130377,ENSMUSG00000024207,68.71725,31.282749999999993
ENSG00000143537,ENSMUSG00000028041,80.13900000000001,19.86099999999999
ENSG00000144395,ENSMUSG00000025983,76.52770000000001,23.47229999999999
ENSG00000135744,ENSMUSG00000031980,60.440799999999996,39.559200000000004
ENSG00000143869,ENSMUSG00000037660,81.6804,18.319599999999994
ENSG00000198678,ENSMUSG00000108728,77.22315,22.776849999999996
ENSG00000146221,ENSMUSG00000023949,76.87755,23.12245
ENSG00000131148,ENSMUSG00000031819,92.57075,7.429249999999996
ENSG00000100908,ENSMUSG00000022217,90.82335,9.176649999999995
ENSG00000141837,ENSMUSG00000034656,87.89895,12.10105
ENSG00000037280,ENSMUSG00000020357,87.4541,12.545900000000003
ENSG00000107020,ENSMUSG00000016495,82.3129,17.6871
ENSG00000099203,ENSMUSG00000032180,95.1542,4.845799999999997
ENSG00000179409,ENSMUSG00000049396,81.6635,18.3365
ENSG00000011454,ENSMUSG00000035437,97.5158,2.4842000000000013
ENSG00000106976,ENSMUSG00000026825,98.0324,1.9676000000000045
ENSG00000132153,ENSMUSG00000032480,97.6549,2.345100000000002
ENSG00000108231,ENSMUSG00000067242,96.7684,3.2316000000000003
ENSG00000124701,ENSMUSG00000040694,90.625,9.375
ENSG00000188820,ENSMUSG00000046031,68.47205,31.527950000000004
ENSG00000178033,ENSMUSG00000049872,83.4951,16.504900000000006
ENSG00000138172,ENSMUSG00000033033,92.2601,7.739900000000006
ENSG00000185933,ENSMUSG00000079258,91.9316,8.068399999999997
ENSG00000183128,ENSMUSG00000094219,84.8062,15.193799999999996
ENSG00000164451,ENSMUSG00000039508,77.2657,22.734300000000005
ENSG00000139352,ENSMUSG00000020052,94.65755,5.3424499999999995
ENSG00000171954,ENSMUSG00000061126,86.5476,13.452399999999997
ENSG00000079805,ENSMUSG00000033335,98.1609,1.839100000000002
ENSG00000157111,ENSMUSG00000052485,74.92335,25.07665
ENSG00000120784,ENSMUSG00000047473,82.5352,17.464799999999997
ENSG00000131669,ENSMUSG00000037966,75.41665,24.583349999999996
ENSG00000153551,ENSMUSG00000032436,81.33105,18.668949999999995
ENSG00000102053,ENSMUSG00000035045,90.72415000000001,9.275849999999991
ENSG00000125875,ENSMUSG00000027465,93.16785,6.832149999999999
ENSG00000175390,ENSMUSG00000031029,91.6463,8.353700000000003
ENSG00000168090,ENSMUSG00000019494,94.77035000000001,5.229649999999992
ENSG00000103035,ENSMUSG00000039067,97.6765,2.3234999999999957
ENSG00000108406,ENSMUSG00000018425,97.4326,2.5674000000000063
ENSG00000198742,ENSMUSG00000038780,96.9382,3.061800000000005
ENSG00000118733,ENSMUSG00000027965,93.6325,6.367500000000007
ENSG00000116703,ENSMUSG00000006007,88.5729,11.427099999999996
ENSG00000164920,ENSMUSG00000022330,98.0769,1.9231000000000051
ENSG00000075426,ENSMUSG00000029135,94.7853,5.2146999999999935
ENSG00000110436,ENSMUSG00000005089,95.28819999999999,4.711800000000011
ENSG00000184897,ENSMUSG00000044927,63.04045000000001,36.95954999999999
ENSG00000153975,ENSMUSG00000039531,82.4243,17.575699999999998
ENSG00000213398,ENSMUSG00000035237,86.10525,13.894750000000002
ENSG00000122378,ENSMUSG00000021792,87.3362,12.663799999999995
ENSG00000069275,ENSMUSG00000026434,93.9538,6.046199999999999
ENSG00000111247,ENSMUSG00000030346,63.0958,36.9042
ENSG00000171777,ENSMUSG00000030589,85.41935000000001,14.580649999999991
ENSG00000182077,ENSMUSG00000039198,68.75545,31.244550000000004
ENSG00000169083,ENSMUSG00000046532,86.65254999999999,13.34745000000001
ENSG00000163714,ENSMUSG00000032407,99.2225,0.7775000000000034
ENSG00000196663,ENSMUSG00000021275,82.21745,17.78255
ENSG00000188800,ENSMUSG00000078577,74.26835,25.731650000000002
ENSG00000170962,ENSMUSG00000032006,85.1351,14.864900000000006
ENSG00000125459,ENSMUSG00000068922,79.0531,20.9469
ENSG00000177084,ENSMUSG00000007080,90.7858,9.214200000000005
ENSG00000180999,ENSMUSG00000086277,58.08265,41.91735
ENSG00000168398,ENSMUSG00000021070,79.6936,20.306399999999996
ENSG00000100739,ENSMUSG00000041347,70.21385000000001,29.786149999999992
ENSG00000173080,ENSMUSG00000049741,71.7585,28.241500000000002
ENSG00000137992,ENSMUSG00000000340,87.7593,12.240700000000004
ENSG00000163017,ENSMUSG00000059430,100.0,0.0
ENSG00000107796,ENSMUSG00000035783,100.0,0.0
ENSG00000133246,ENSMUSG00000032739,56.20895,43.79105
ENSG00000082074,ENSMUSG00000022148,77.43005,22.569950000000006
ENSG00000187889,ENSMUSG00000078612,55.591300000000004,44.408699999999996
ENSG00000081138,ENSMUSG00000026312,97.9618,2.0382000000000033
ENSG00000171865,ENSMUSG00000020630,78.1088,21.891199999999998
ENSG00000106144,ENSMUSG00000029863,89.6018,10.398200000000003
ENSG00000147010,ENSMUSG00000040990,91.21435,8.785650000000004
ENSG00000182179,ENSMUSG00000032596,74.13055,25.86945
ENSG00000103043,ENSMUSG00000010936,94.1176,5.882400000000004
ENSG00000186513,ENSMUSG00000044040,85.6688,14.331199999999995
ENSG00000186509,ENSMUSG00000054526,82.12585,17.87415
ENSG00000058335,ENSMUSG00000032356,84.3195,15.680499999999995
ENSG00000168481,ENSMUSG00000033595,96.5328,3.4672000000000054
ENSG00000148935,ENSMUSG00000030498,97.28895,2.71105
ENSG00000135925,ENSMUSG00000026167,95.2038,4.796199999999999
ENSG00000182195,ENSMUSG00000057615,70.72710000000001,29.272899999999993
ENSG00000167779,ENSMUSG00000023046,69.8757,30.124300000000005
ENSG00000173908,ENSMUSG00000055937,85.52955,14.47045
ENSG00000204482,ENSMUSG00000073412,49.495599999999996,50.504400000000004
ENSG00000287363,ENSMUSG00000047150,52.708349999999996,47.291650000000004
ENSG00000169871,ENSMUSG00000043279,81.54745,18.452550000000002
ENSG00000186766,ENSMUSG00000048377,70.19030000000001,29.809699999999992
ENSG00000124762,ENSMUSG00000023067,78.0373,21.962699999999998
ENSG00000268041,ENSMUSG00000108367,93.2019,6.798100000000005
ENSG00000144848,ENSMUSG00000022663,97.4522,2.547799999999995
ENSG00000198356,ENSMUSG00000052456,99.7126,0.2874000000000052
ENSG00000178385,ENSMUSG00000051344,91.59,8.409999999999997
ENSG00000141428,ENSMUSG00000024273,73.22999999999999,26.77000000000001
ENSG00000137033,ENSMUSG00000024810,51.86855,48.13145
ENSG00000170860,ENSMUSG00000034192,100.0,0.0
ENSG00000182511,ENSMUSG00000053158,90.6326,9.367400000000004
ENSG00000116016,ENSMUSG00000024140,88.0739,11.926100000000005
ENSG00000088205,ENSMUSG00000001674,86.1703,13.829700000000003
ENSG00000196235,ENSMUSG00000003435,97.55699999999999,2.443000000000012
ENSG00000072518,ENSMUSG00000024969,97.57605000000001,2.4239499999999907
ENSG00000069696,ENSMUSG00000025496,75.8019,24.198099999999997
ENSG00000143412,ENSMUSG00000015702,77.6812,22.318799999999996
ENSG00000177556,ENSMUSG00000018585,85.2941,14.7059
ENSG00000127311,ENSMUSG00000020228,65.5276,34.47239999999999
ENSG00000167380,ENSMUSG00000050605,48.14465,51.85535
ENSG00000139343,ENSMUSG00000020018,100.0,0.0
ENSG00000154710,ENSMUSG00000025340,95.723,4.277000000000001
ENSG00000158428,ENSMUSG00000073650,61.052899999999994,38.947100000000006
ENSG00000095739,ENSMUSG00000024232,93.0769,6.923100000000005
ENSG00000151790,ENSMUSG00000028011,88.67,11.329999999999998
ENSG00000111186,ENSMUSG00000030170,94.1504,5.849599999999995
ENSG00000101337,ENSMUSG00000068040,96.8094,3.1906000000000034
ENSG00000149654,ENSMUSG00000053166,93.60925,6.390749999999997
ENSG00000206530,ENSMUSG00000071550,76.22460000000001,23.77539999999999
ENSG00000116663,ENSMUSG00000055401,67.68785,32.31215
ENSG00000012048,ENSMUSG00000017146,56.8817,43.1183
ENSG00000124678,ENSMUSG00000062859,67.15615,32.84385
ENSG00000140876,ENSMUSG00000031767,64.5581,35.441900000000004
ENSG00000198668,ENSMUSG00000001175,100.0,0.0
ENSG00000143933,ENSMUSG00000036438,100.0,0.0
ENSG00000160014,ENSMUSG00000019370,100.0,0.0
ENSG00000178363,ENSMUSG00000063130,89.2617,10.738299999999995
ENSG00000128973,ENSMUSG00000032245,90.47065,9.529349999999994
ENSG00000130338,ENSMUSG00000034377,94.36905,5.630949999999999
ENSG00000168758,ENSMUSG00000026121,87.8225,12.177499999999995
ENSG00000161905,ENSMUSG00000018924,73.35855000000001,26.641449999999992
ENSG00000101349,ENSMUSG00000039913,93.8804,6.1196000000000055
ENSG00000141956,ENSMUSG00000014039,90.2127,9.787300000000002
ENSG00000102760,ENSMUSG00000022018,86.8613,13.1387
ENSG00000174718,ENSMUSG00000032712,48.3955,51.6045
ENSG00000073803,ENSMUSG00000033618,89.35185,10.648150000000001
ENSG00000162992,ENSMUSG00000034701,97.6159,2.3841000000000037
ENSG00000164530,ENSMUSG00000024011,63.97665000000001,36.02334999999999
ENSG00000172289,ENSMUSG00000060878,89.9676,10.032399999999996
ENSG00000256574,ENSMUSG00000053391,82.33385,17.666150000000002
ENSG00000144048,ENSMUSG00000030002,69.75219999999999,30.247800000000012
ENSG00000204227,ENSMUSG00000024325,96.5517,3.4483000000000033
ENSG00000114999,ENSMUSG00000027394,95.2255,4.774500000000003
ENSG00000034239,ENSMUSG00000068617,91.72625,8.273750000000007
ENSG00000099956,ENSMUSG00000000902,100.0,0.0
ENSG00000166532,ENSMUSG00000040649,96.76599999999999,3.234000000000009
ENSG00000177181,ENSMUSG00000048899,88.73400000000001,11.265999999999991
ENSG00000106819,ENSMUSG00000021388,90.31325,9.686750000000004
ENSG00000142082,ENSMUSG00000025486,70.37045,29.629549999999995
ENSG00000117139,ENSMUSG00000042207,94.2357,5.764300000000006
ENSG00000157782,ENSMUSG00000029544,90.62549999999999,9.374500000000012
ENSG00000116199,ENSMUSG00000033557,97.3105,2.6894999999999953
ENSG00000108950,ENSMUSG00000020614,85.7671,14.2329
ENSG00000177706,ENSMUSG00000025854,86.84595,13.154049999999998
ENSG00000181609,ENSMUSG00000073931,86.99199999999999,13.00800000000001
ENSG00000221996,ENSMUSG00000073979,84.48195000000001,15.518049999999988
ENSG00000187747,ENSMUSG00000081859,77.77539999999999,22.22460000000001
ENSG00000181616,ENSMUSG00000042909,88.5723,11.427700000000002
ENSG00000255307,ENSMUSG00000043948,88.06225,11.937749999999994
ENSG00000105737,ENSMUSG00000003378,98.928,1.0720000000000027
ENSG00000169926,ENSMUSG00000052040,93.5878,6.412199999999999
ENSG00000170175,ENSMUSG00000041189,89.8204,10.179599999999994
ENSG00000142784,ENSMUSG00000037622,97.0458,2.9542
ENSG00000143164,ENSMUSG00000026571,83.6659,16.334100000000007
ENSG00000132716,ENSMUSG00000026554,96.13040000000001,3.8695999999999913
ENSG00000139990,ENSMUSG00000049106,90.89025000000001,9.109749999999991
ENSG00000214063,ENSMUSG00000025511,80.33225,19.667749999999998
ENSG00000158545,ENSMUSG00000017478,89.775,10.224999999999994
ENSG00000187242,ENSMUSG00000020912,78.9031,21.096900000000005
ENSG00000187840,ENSMUSG00000031490,91.0655,8.9345
ENSG00000127377,ENSMUSG00000038135,70.13755,29.862449999999995
ENSG00000105251,ENSMUSG00000039154,76.61080000000001,23.389199999999988
ENSG00000125772,ENSMUSG00000027346,92.65075,7.349249999999998
ENSG00000135346,ENSMUSG00000028298,74.5977,25.402299999999997
ENSG00000169504,ENSMUSG00000037242,98.8142,1.1858000000000004
ENSG00000141522,ENSMUSG00000025132,97.0588,2.941199999999995
ENSG00000242173,ENSMUSG00000073433,79.5556,20.4444
ENSG00000111348,ENSMUSG00000030220,87.28235000000001,12.717649999999992
ENSG00000049247,ENSMUSG00000028963,48.5838,51.4162
ENSG00000134049,ENSMUSG00000090000,97.561,2.438999999999993
ENSG00000132669,ENSMUSG00000001768,91.77045,8.229550000000003
ENSG00000072062,ENSMUSG00000005469,98.0057,1.9942999999999955
ENSG00000108239,ENSMUSG00000048720,81.28120000000001,18.718799999999987
ENSG00000106477,ENSMUSG00000029790,86.8633,13.136700000000005
ENSG00000155363,ENSMUSG00000002227,88.18854999999999,11.811450000000008
ENSG00000113318,ENSMUSG00000014850,79.95665,20.043350000000004
ENSG00000131149,ENSMUSG00000031822,89.5907,10.409300000000002
ENSG00000136868,ENSMUSG00000066150,91.21375,8.786249999999995
ENSG00000212864,ENSMUSG00000044628,93.54155,6.458449999999999
ENSG00000167202,ENSMUSG00000037410,89.00425,10.995750000000001
ENSG00000181019,ENSMUSG00000003849,86.4964,13.503600000000006
ENSG00000156170,ENSMUSG00000050323,81.982,18.018
ENSG00000187902,ENSMUSG00000053550,91.27125000000001,8.728749999999991
ENSG00000184949,ENSMUSG00000042564,50.14805,49.85195
ENSG00000110799,ENSMUSG00000001930,83.363,16.637
ENSG00000187260,ENSMUSG00000055235,87.30405,12.695949999999996
ENSG00000106633,ENSMUSG00000041798,95.914,4.0859999999999985
ENSG00000160883,ENSMUSG00000025877,85.42009999999999,14.57990000000001
ENSG00000159399,ENSMUSG00000000628,48.7459,51.2541
ENSG00000156510,ENSMUSG00000020080,91.15729999999999,8.842700000000008
ENSG00000156515,ENSMUSG00000037012,92.75205,7.247950000000003
ENSG00000115297,ENSMUSG00000068327,92.9577,7.042299999999997
ENSG00000158186,ENSMUSG00000032470,96.6346,3.365399999999994
ENSG00000123496,ENSMUSG00000031289,57.93015,42.06985
ENSG00000140459,ENSMUSG00000032323,74.8823,25.1177
ENSG00000197601,ENSMUSG00000030759,98.0583,1.9416999999999973
ENSG00000064763,ENSMUSG00000030303,87.9612,12.038799999999995
ENSG00000166073,ENSMUSG00000040133,90.2913,9.708699999999993
ENSG00000181619,ENSMUSG00000043398,80.03705,19.962950000000006
ENSG00000156097,ENSMUSG00000046793,96.2227,3.7772999999999968
ENSG00000180929,ENSMUSG00000091735,80.1805,19.819500000000005
ENSG00000105676,ENSMUSG00000002343,81.0021,18.9979
ENSG00000145242,ENSMUSG00000029245,95.14914999999999,4.850850000000008
ENSG00000174236,ENSMUSG00000040121,73.832,26.168000000000006
ENSG00000075240,ENSMUSG00000035900,90.3598,9.640199999999993
ENSG00000149575,ENSMUSG00000070304,92.093,7.9069999999999965
ENSG00000177098,ENSMUSG00000046480,79.386,20.614000000000004
ENSG00000197965,ENSMUSG00000026566,83.1172,16.882800000000003
ENSG00000158887,ENSMUSG00000056569,93.9516,6.048400000000001
ENSG00000160588,ENSMUSG00000070305,87.2897,12.710300000000004
ENSG00000149573,ENSMUSG00000032092,81.3953,18.604699999999994
ENSG00000109929,ENSMUSG00000032018,83.612,16.388000000000005
ENSG00000156026,ENSMUSG00000009647,96.14855,3.85145
ENSG00000137941,ENSMUSG00000036745,87.17635,12.82365
ENSG00000153044,ENSMUSG00000045273,65.1738,34.8262
ENSG00000011590,ENSMUSG00000006310,70.2056,29.794399999999996
ENSG00000161594,ENSMUSG00000001558,98.8487,1.1513000000000062
ENSG00000129951,ENSMUSG00000035835,88.7031,11.296899999999994
ENSG00000130477,ENSMUSG00000034799,95.11404999999999,4.885950000000008
ENSG00000181585,ENSMUSG00000049555,92.56540000000001,7.434599999999989
ENSG00000159086,ENSMUSG00000022974,95.316,4.6839999999999975
ENSG00000005436,ENSMUSG00000035125,69.93965,30.06035
ENSG00000108389,ENSMUSG00000018401,90.62675,9.373249999999999
ENSG00000116898,ENSMUSG00000028861,62.5245,37.4755
ENSG00000115998,ENSMUSG00000046679,91.6376,8.362399999999994
ENSG00000196990,ENSMUSG00000009216,90.0909,9.909099999999995
ENSG00000134709,ENSMUSG00000028572,92.5824,7.417599999999993
ENSG00000164011,ENSMUSG00000045268,81.16890000000001,18.831099999999992
ENSG00000168143,ENSMUSG00000032358,81.3643,18.6357
ENSG00000151117,ENSMUSG00000010307,88.56585,11.434150000000002
ENSG00000180089,ENSMUSG00000045282,65.9292,34.070800000000006
ENSG00000101161,ENSMUSG00000002455,98.2997,1.7002999999999986
ENSG00000198276,ENSMUSG00000089917,94.8905,5.109499999999997
ENSG00000130717,ENSMUSG00000002550,90.7247,9.275300000000001
ENSG00000143179,ENSMUSG00000026558,98.0843,1.915700000000001
ENSG00000094841,ENSMUSG00000073016,86.2684,13.7316
ENSG00000170004,ENSMUSG00000018474,95.11,4.890000000000001
ENSG00000113361,ENSMUSG00000039385,97.0886,2.9114000000000004
ENSG00000214360,ENSMUSG00000044056,63.087500000000006,36.912499999999994
ENSG00000136935,ENSMUSG00000026754,81.8389,18.161100000000005
ENSG00000179562,ENSMUSG00000029708,93.62555,6.374449999999996
ENSG00000122035,ENSMUSG00000029641,89.2562,10.743799999999993
ENSG00000145861,ENSMUSG00000046491,88.70535,11.294650000000004
ENSG00000104951,ENSMUSG00000074141,68.1203,31.8797
ENSG00000170634,ENSMUSG00000060923,81.07015,18.929850000000002
ENSG00000169696,ENSMUSG00000025142,79.6017,20.398300000000006
ENSG00000155744,ENSMUSG00000038174,95.3925,4.607500000000002
ENSG00000122591,ENSMUSG00000028995,72.89075,27.109250000000003
ENSG00000172671,ENSMUSG00000042213,71.90115,28.09885
ENSG00000140254,ENSMUSG00000027224,83.04165,16.958349999999996
ENSG00000140274,ENSMUSG00000027225,78.4375,21.5625
ENSG00000079950,ENSMUSG00000019998,94.2529,5.747100000000003
ENSG00000117758,ENSMUSG00000028879,92.36484999999999,7.63515000000001
ENSG00000136874,ENSMUSG00000061455,92.53755000000001,7.46244999999999
ENSG00000124222,ENSMUSG00000027522,93.70224999999999,6.297750000000008
ENSG00000162236,ENSMUSG00000010110,94.0845,5.915499999999994
ENSG00000168484,ENSMUSG00000022097,81.7731,18.2269
ENSG00000081307,ENSMUSG00000032557,87.9803,12.0197
ENSG00000130935,ENSMUSG00000018433,76.2835,23.716499999999996
ENSG00000150779,ENSMUSG00000039016,97.5904,2.4095999999999975
ENSG00000114062,ENSMUSG00000025326,95.98179999999999,4.018200000000007
ENSG00000198899,ENSMUSG00000064357,75.6637,24.336299999999994
ENSG00000189320,ENSMUSG00000047420,78.6127,21.387299999999996
ENSG00000120333,ENSMUSG00000058267,86.7188,13.281199999999998
ENSG00000170439,ENSMUSG00000025347,83.6066,16.3934
ENSG00000137601,ENSMUSG00000031644,82.0007,17.999300000000005
ENSG00000133275,ENSMUSG00000003345,95.1807,4.819299999999998
ENSG00000124422,ENSMUSG00000042506,97.9048,2.0952000000000055
ENSG00000198624,ENSMUSG00000049588,43.726600000000005,56.273399999999995
ENSG00000129422,ENSMUSG00000045636,64.3925,35.6075
ENSG00000132938,ENSMUSG00000029651,70.53880000000001,29.46119999999999
ENSG00000106992,ENSMUSG00000026817,87.6289,12.371099999999998
ENSG00000196531,ENSMUSG00000061315,49.64555,50.35445
ENSG00000148335,ENSMUSG00000026857,94.1704,5.829599999999999
ENSG00000203740,ENSMUSG00000040113,93.6396,6.3603999999999985
ENSG00000119125,ENSMUSG00000058624,90.7489,9.251099999999994
ENSG00000133742,ENSMUSG00000027556,78.1609,21.839100000000002
ENSG00000132313,ENSMUSG00000052962,76.5957,23.404300000000006
ENSG00000165309,ENSMUSG00000037683,83.4006,16.599400000000003
ENSG00000119661,ENSMUSG00000042523,93.1579,6.842100000000002
ENSG00000163072,ENSMUSG00000034738,82.6087,17.3913
ENSG00000123219,ENSMUSG00000021714,70.553,29.447000000000003
ENSG00000145332,ENSMUSG00000029312,93.1994,6.800600000000003
ENSG00000198736,ENSMUSG00000075705,90.5172,9.482799999999997
ENSG00000146416,ENSMUSG00000019806,95.3782,4.621799999999993
ENSG00000154237,ENSMUSG00000015133,88.85579999999999,11.144200000000012
ENSG00000071243,ENSMUSG00000029670,95.82955000000001,4.170449999999988
ENSG00000086288,ENSMUSG00000041138,63.2029,36.7971
ENSG00000086619,ENSMUSG00000057069,94.0043,5.995699999999999
ENSG00000197930,ENSMUSG00000021831,92.27635000000001,7.723649999999992
ENSG00000203710,ENSMUSG00000016481,32.22765,67.77235
ENSG00000140534,ENSMUSG00000046591,68.75704999999999,31.242950000000008
ENSG00000008083,ENSMUSG00000038518,92.42150000000001,7.578499999999991
ENSG00000141076,ENSMUSG00000041438,89.9417,10.058300000000003
ENSG00000140395,ENSMUSG00000061559,97.3771,2.6229000000000013
ENSG00000197748,ENSMUSG00000044948,73.38105,26.618949999999998
ENSG00000204033,ENSMUSG00000043418,71.33760000000001,28.66239999999999
ENSG00000116539,ENSMUSG00000028053,92.13115,7.868849999999995
ENSG00000175229,ENSMUSG00000047658,94.6636,5.336399999999998
ENSG00000128242,ENSMUSG00000049721,83.9243,16.075699999999998
ENSG00000197093,ENSMUSG00000075593,78.4709,21.5291
ENSG00000130595,ENSMUSG00000061723,88.25775,11.742249999999999
ENSG00000130653,ENSMUSG00000036833,81.81255,18.18745
ENSG00000127191,ENSMUSG00000026942,86.8263,13.173699999999997
ENSG00000120057,ENSMUSG00000018822,93.82145,6.178550000000001
ENSG00000143819,ENSMUSG00000038776,83.5165,16.483500000000006
ENSG00000181652,ENSMUSG00000038295,86.674,13.325999999999993
ENSG00000198925,ENSMUSG00000033124,97.9738,2.026200000000003
ENSG00000171451,ENSMUSG00000038702,89.5415,10.4585
ENSG00000111817,ENSMUSG00000039497,93.737,6.263000000000005
ENSG00000101782,ENSMUSG00000024404,93.6416,6.358400000000003
ENSG00000145194,ENSMUSG00000022842,90.83785,9.162149999999997
ENSG00000127554,ENSMUSG00000040888,76.44985,23.550150000000002
ENSG00000182093,ENSMUSG00000023147,93.1034,6.8966000000000065
ENSG00000253831,ENSMUSG00000118505,64.71719999999999,35.28280000000001
ENSG00000171557,ENSMUSG00000033860,81.70660000000001,18.29339999999999
ENSG00000160716,ENSMUSG00000027950,73.0758,26.9242
ENSG00000214642,ENSMUSG00000073735,52.7116,47.2884
ENSG00000151224,ENSMUSG00000037798,96.3339,3.6661
ENSG00000168906,ENSMUSG00000053907,99.4937,0.506299999999996
ENSG00000256660,ENSMUSG00000030158,71.50659999999999,28.49340000000001
ENSG00000155329,ENSMUSG00000018239,80.1147,19.8853
ENSG00000118689,ENSMUSG00000048756,94.72125,5.278750000000002
ENSG00000214237,ENSMUSG00000101860,71.53835000000001,28.46164999999999
ENSG00000167193,ENSMUSG00000017776,99.6711,0.3289000000000044
ENSG00000099942,ENSMUSG00000006134,96.6997,3.300299999999993
ENSG00000185278,ENSMUSG00000043467,94.93555,5.064449999999994
ENSG00000124787,ENSMUSG00000021418,84.022,15.977999999999994
ENSG00000108511,ENSMUSG00000000690,97.7679,2.2321000000000026
ENSG00000152413,ENSMUSG00000007617,98.5876,1.4124000000000052
ENSG00000187726,ENSMUSG00000030708,89.2405,10.759500000000003
ENSG00000112576,ENSMUSG00000034165,94.5205,5.479500000000002
ENSG00000100216,ENSMUSG00000022427,94.3662,5.633799999999994
ENSG00000213809,ENSMUSG00000030149,56.76885,43.23115
ENSG00000141127,ENSMUSG00000020528,98.916,1.0840000000000032
ENSG00000161542,ENSMUSG00000015869,97.4026,2.5973999999999933
ENSG00000229937,ENSMUSG00000092305,91.8239,8.176100000000005
ENSG00000147224,ENSMUSG00000031432,100.0,0.0
ENSG00000101911,ENSMUSG00000025742,98.7421,1.2579000000000065
ENSG00000053108,ENSMUSG00000036264,83.779,16.221000000000004
ENSG00000163069,ENSMUSG00000029156,94.67179999999999,5.32820000000001
ENSG00000179526,ENSMUSG00000022552,73.53935,26.46065
ENSG00000141258,ENSMUSG00000038351,93.09854999999999,6.901450000000011
ENSG00000141371,ENSMUSG00000018479,72.8814,27.1186
ENSG00000167615,ENSMUSG00000035545,93.3167,6.683300000000003
ENSG00000046653,ENSMUSG00000031342,98.1707,1.8293000000000035
ENSG00000123560,ENSMUSG00000031425,100.0,0.0
ENSG00000150625,ENSMUSG00000031517,98.9209,1.0790999999999968
ENSG00000170049,ENSMUSG00000018470,93.0693,6.930700000000002
ENSG00000138794,ENSMUSG00000027997,87.24834999999999,12.751650000000012
ENSG00000089234,ENSMUSG00000029458,90.9553,9.044700000000006
ENSG00000176485,ENSMUSG00000060675,83.3333,16.666700000000006
ENSG00000183072,ENSMUSG00000015579,88.48125,11.518749999999997
ENSG00000117691,ENSMUSG00000037499,90.96289999999999,9.03710000000001
ENSG00000215114,ENSMUSG00000028243,85.4985,14.501499999999993
ENSG00000088833,ENSMUSG00000027455,95.95755,4.042450000000002
ENSG00000158062,ENSMUSG00000012126,78.18815000000001,21.811849999999993
ENSG00000173960,ENSMUSG00000020634,84.71985000000001,15.280149999999992
ENSG00000113273,ENSMUSG00000042082,78.16315,21.83685
ENSG00000229833,ENSMUSG00000087687,72.51259999999999,27.487400000000008
ENSG00000112837,ENSMUSG00000032419,93.9367,6.063299999999998
ENSG00000065357,ENSMUSG00000025357,82.45830000000001,17.54169999999999
ENSG00000029559,ENSMUSG00000029306,71.77145,28.22855
ENSG00000182809,ENSMUSG00000006356,92.7885,7.211500000000001
ENSG00000183876,ENSMUSG00000036412,95.6229,4.377099999999999
ENSG00000178078,ENSMUSG00000038781,69.78565,30.214349999999996
ENSG00000035720,ENSMUSG00000029254,83.4469,16.5531
ENSG00000282872,ENSMUSG00000108398,84.7191,15.280900000000003
ENSG00000143252,ENSMUSG00000058076,79.8817,20.118300000000005
ENSG00000156384,ENSMUSG00000025066,48.3501,51.6499
ENSG00000013441,ENSMUSG00000026034,89.55539999999999,10.444600000000008
ENSG00000137709,ENSMUSG00000032015,92.50595,7.494050000000001
ENSG00000177054,ENSMUSG00000030471,91.1576,8.842399999999998
ENSG00000186908,ENSMUSG00000035798,98.576,1.4240000000000066
ENSG00000198483,ENSMUSG00000038354,82.42415,17.575850000000003
ENSG00000126215,ENSMUSG00000021287,73.0949,26.905100000000004
ENSG00000167183,ENSMUSG00000047040,85.733,14.266999999999996
ENSG00000176532,ENSMUSG00000045725,66.9844,33.015600000000006
ENSG00000179855,ENSMUSG00000034872,87.73795,12.262050000000002
ENSG00000137960,ENSMUSG00000039131,82.98904999999999,17.01095000000001
ENSG00000123159,ENSMUSG00000019433,96.3964,3.6036
ENSG00000081320,ENSMUSG00000026094,91.3979,8.602099999999993
ENSG00000188694,ENSMUSG00000050239,59.7695,40.2305
ENSG00000212901,ENSMUSG00000047564,86.7347,13.265299999999996
ENSG00000187516,ENSMUSG00000040456,47.8632,52.1368
ENSG00000213626,ENSMUSG00000024063,90.4762,9.523799999999994
ENSG00000253710,ENSMUSG00000063362,85.9756,14.0244
ENSG00000152292,ENSMUSG00000052631,65.384,34.616
ENSG00000185442,ENSMUSG00000078670,77.5928,22.407200000000003
ENSG00000203772,ENSMUSG00000045733,79.88015,20.11985
ENSG00000100077,ENSMUSG00000042249,91.4244,8.575599999999994
ENSG00000116729,ENSMUSG00000028173,96.1183,3.881699999999995
ENSG00000108244,ENSMUSG00000006777,78.91,21.090000000000003
ENSG00000075975,ENSMUSG00000000439,88.4615,11.538499999999999
ENSG00000179455,ENSMUSG00000070527,66.30485,33.69515
ENSG00000133606,ENSMUSG00000029922,93.66575,6.334249999999997
ENSG00000165029,ENSMUSG00000015243,95.3118,4.688199999999995
ENSG00000113810,ENSMUSG00000034349,89.58825,10.411749999999998
ENSG00000036672,ENSMUSG00000032010,88.90055000000001,11.09944999999999
ENSG00000112378,ENSMUSG00000019851,90.6736,9.326400000000007
ENSG00000147027,ENSMUSG00000025666,98.895,1.105000000000004
ENSG00000144043,ENSMUSG00000014748,99.4898,0.5101999999999975
ENSG00000137936,ENSMUSG00000028121,85.71504999999999,14.28495000000001
ENSG00000095370,ENSMUSG00000059013,82.01715,17.98285
ENSG00000125363,ENSMUSG00000031354,85.80245,14.197550000000007
ENSG00000154447,ENSMUSG00000031642,90.50055,9.499449999999996
ENSG00000175063,ENSMUSG00000001403,95.5307,4.469300000000004
ENSG00000203499,ENSMUSG00000102018,75.4502,24.549800000000005
ENSG00000204952,ENSMUSG00000070336,83.0566,16.943399999999997
ENSG00000145982,ENSMUSG00000021420,84.2572,15.742800000000003
ENSG00000106571,ENSMUSG00000021318,86.5635,13.436499999999995
ENSG00000095627,ENSMUSG00000025081,71.7695,28.230500000000006
ENSG00000099331,ENSMUSG00000004677,83.9245,16.075500000000005
ENSG00000123600,ENSMUSG00000041975,74.00455,25.995450000000005
ENSG00000159377,ENSMUSG00000005779,93.5606,6.439400000000006
ENSG00000070413,ENSMUSG00000003166,93.35765,6.642349999999993
ENSG00000151422,ENSMUSG00000000127,93.00915,6.990849999999995
ENSG00000253251,ENSMUSG00000118537,73.2745,26.725499999999997
ENSG00000105289,ENSMUSG00000034917,80.97095,19.029049999999998
ENSG00000168958,ENSMUSG00000026150,94.8454,5.154600000000002
ENSG00000100429,ENSMUSG00000062906,75.506,24.494
ENSG00000214226,ENSMUSG00000072553,84.4444,15.555599999999998
ENSG00000164342,ENSMUSG00000031639,79.3809,20.619100000000003
ENSG00000166405,ENSMUSG00000048330,86.4137,13.586299999999994
ENSG00000121104,ENSMUSG00000038893,88.0535,11.9465
ENSG00000138439,ENSMUSG00000041040,91.22075000000001,8.77924999999999
ENSG00000106415,ENSMUSG00000029638,92.5409,7.4591000000000065
ENSG00000181803,ENSMUSG00000035932,83.0816,16.918400000000005
ENSG00000169214,ENSMUSG00000054498,83.1169,16.8831
ENSG00000124313,ENSMUSG00000041115,98.9919,1.0080999999999989
ENSG00000005249,ENSMUSG00000002997,96.64325,3.3567500000000052
ENSG00000104447,ENSMUSG00000038679,92.75025,7.249750000000006
ENSG00000169605,ENSMUSG00000030050,63.9571,36.0429
ENSG00000183607,ENSMUSG00000030049,69.5652,30.434799999999996
ENSG00000182685,ENSMUSG00000045744,66.22810000000001,33.77189999999999
ENSG00000168575,ENSMUSG00000037656,91.43815000000001,8.561849999999993
ENSG00000144136,ENSMUSG00000027397,91.3237,8.676299999999998
ENSG00000052841,ENSMUSG00000027194,93.2576,6.7424000000000035
ENSG00000204193,ENSMUSG00000038709,62.9921,37.0079
ENSG00000165202,ENSMUSG00000055838,80.7149,19.2851
ENSG00000175463,ENSMUSG00000040247,88.31505,11.68495
ENSG00000164081,ENSMUSG00000040813,83.60475,16.395250000000004
ENSG00000106034,ENSMUSG00000062980,74.5614,25.438599999999994
ENSG00000167131,ENSMUSG00000020930,79.3406,20.659400000000005
ENSG00000070214,ENSMUSG00000028412,91.2341,8.765900000000002
ENSG00000183862,ENSMUSG00000005864,93.6747,6.325299999999999
ENSG00000198663,ENSMUSG00000052712,83.45339999999999,16.546600000000012
ENSG00000171421,ENSMUSG00000021607,59.5136,40.4864
ENSG00000139737,ENSMUSG00000055717,86.06405000000001,13.935949999999991
ENSG00000109171,ENSMUSG00000036087,94.148,5.852000000000004
ENSG00000066651,ENSMUSG00000019792,91.87530000000001,8.12469999999999
ENSG00000177673,ENSMUSG00000036574,36.67305,63.32695
ENSG00000086504,ENSMUSG00000024181,84.21085,15.789150000000006
ENSG00000120802,ENSMUSG00000019961,42.47175,57.52825
ENSG00000186007,ENSMUSG00000079330,53.822500000000005,46.177499999999995
ENSG00000077232,ENSMUSG00000027006,90.29,9.709999999999994
ENSG00000171861,ENSMUSG00000038046,81.38470000000001,18.61529999999999
ENSG00000187531,ENSMUSG00000025138,93.76615000000001,6.23384999999999
ENSG00000144285,ENSMUSG00000064329,98.1583,1.841700000000003
ENSG00000136531,ENSMUSG00000075318,98.08025,1.9197499999999934
ENSG00000148737,ENSMUSG00000024985,96.33105,3.6689499999999953
ENSG00000010270,ENSMUSG00000003062,95.09635,4.903649999999999
ENSG00000183734,ENSMUSG00000009248,64.23295,35.76705
ENSG00000146842,ENSMUSG00000029782,95.1872,4.812799999999996
ENSG00000110955,ENSMUSG00000025393,96.2193,3.780699999999996
ENSG00000103024,ENSMUSG00000073435,88.7574,11.242599999999996
ENSG00000168078,ENSMUSG00000022033,86.8229,13.177099999999996
ENSG00000171790,ENSMUSG00000047518,72.9508,27.0492
ENSG00000236320,ENSMUSG00000082101,70.3515,29.6485
ENSG00000166750,ENSMUSG00000054404,59.04315,40.95685
ENSG00000148483,ENSMUSG00000061531,75.11555,24.88445
ENSG00000182613,ENSMUSG00000047511,82.5397,17.460300000000004
ENSG00000185372,ENSMUSG00000040328,87.9365,12.063500000000005
ENSG00000196422,ENSMUSG00000035829,56.598,43.402
ENSG00000198408,ENSMUSG00000025220,97.2707,2.729299999999995
ENSG00000129515,ENSMUSG00000005656,99.5074,0.49259999999999593
ENSG00000176601,ENSMUSG00000051590,55.533950000000004,44.466049999999996
ENSG00000182742,ENSMUSG00000038692,95.80875,4.191249999999997
ENSG00000164253,ENSMUSG00000042015,84.87495,15.125050000000002
ENSG00000169118,ENSMUSG00000032384,93.6953,6.304699999999997
ENSG00000101052,ENSMUSG00000017858,90.3971,9.602900000000005
ENSG00000139155,ENSMUSG00000030235,83.8126,16.187399999999997
ENSG00000176463,ENSMUSG00000025790,97.8873,2.112700000000004
ENSG00000137491,ENSMUSG00000030737,74.1894,25.810599999999994
ENSG00000174640,ENSMUSG00000032548,83.2037,16.796300000000002
ENSG00000176567,ENSMUSG00000082574,64.49785,35.50215
ENSG00000128567,ENSMUSG00000025608,41.582049999999995,58.417950000000005
ENSG00000118412,ENSMUSG00000028282,66.27615,33.72385
ENSG00000129654,ENSMUSG00000034227,92.6366,7.363399999999999
ENSG00000115368,ENSMUSG00000025995,84.9398,15.060199999999995
ENSG00000240563,ENSMUSG00000087166,44.838049999999996,55.161950000000004
ENSG00000023839,ENSMUSG00000025194,77.52590000000001,22.474099999999993
ENSG00000111344,ENSMUSG00000029602,85.7867,14.213300000000004
ENSG00000182348,ENSMUSG00000092094,67.83095,32.16905
ENSG00000171408,ENSMUSG00000019990,83.97055,16.029449999999997
ENSG00000126790,ENSMUSG00000019718,88.983,11.016999999999996
ENSG00000120907,ENSMUSG00000045875,91.8455,8.154499999999999
ENSG00000138942,ENSMUSG00000020448,98.4375,1.5625
ENSG00000204308,ENSMUSG00000015478,97.7778,2.222200000000001
ENSG00000119636,ENSMUSG00000057265,78.5322,21.467799999999997
ENSG00000182263,ENSMUSG00000075324,97.892,2.108000000000004
ENSG00000120332,ENSMUSG00000026725,74.21065,25.78935
ENSG00000104237,ENSMUSG00000025900,60.8453,39.1547
ENSG00000183638,ENSMUSG00000046049,42.62245,57.37755
ENSG00000087470,ENSMUSG00000022789,96.43705,3.5629500000000007
ENSG00000165182,ENSMUSG00000118554,52.4244,47.5756
ENSG00000178828,ENSMUSG00000070661,68.43299999999999,31.567000000000007
ENSG00000146856,ENSMUSG00000038836,73.35495,26.645049999999998
ENSG00000129933,ENSMUSG00000031858,93.3501,6.649900000000002
ENSG00000198829,ENSMUSG00000027762,70.09389999999999,29.90610000000001
ENSG00000075234,ENSMUSG00000035944,86.93950000000001,13.06049999999999
ENSG00000171130,ENSMUSG00000039347,58.50415,41.49585
ENSG00000169989,ENSMUSG00000047819,85.0732,14.9268
ENSG00000101446,ENSMUSG00000074596,42.9392,57.0608
ENSG00000178038,ENSMUSG00000044037,81.25985,18.74015
ENSG00000037965,ENSMUSG00000001657,99.5868,0.41320000000000334
ENSG00000188992,ENSMUSG00000032948,66.04495,33.95505
ENSG00000100034,ENSMUSG00000026181,78.58760000000001,21.41239999999999
ENSG00000215203,ENSMUSG00000068082,92.4138,7.586200000000005
ENSG00000137133,ENSMUSG00000028470,85.8896,14.110399999999998
ENSG00000204300,ENSMUSG00000040541,44.400949999999995,55.599050000000005
ENSG00000130177,ENSMUSG00000038416,95.4839,4.5160999999999945
ENSG00000094880,ENSMUSG00000024370,95.4774,4.522599999999997
ENSG00000004897,ENSMUSG00000020687,96.6785,3.3215000000000003
ENSG00000196510,ENSMUSG00000029466,98.2301,1.769900000000007
ENSG00000185842,ENSMUSG00000047369,63.2588,36.7412
ENSG00000154556,ENSMUSG00000031626,86.9753,13.024699999999996
ENSG00000115257,ENSMUSG00000020131,74.84455,25.155450000000002
ENSG00000128602,ENSMUSG00000001761,92.65955,7.340450000000004
ENSG00000135766,ENSMUSG00000031987,79.0129,20.987099999999998
ENSG00000119147,ENSMUSG00000026051,83.7838,16.2162
ENSG00000257218,ENSMUSG00000029536,69.02275,30.977249999999998
ENSG00000070718,ENSMUSG00000031539,98.3254,1.674599999999998
ENSG00000086289,ENSMUSG00000002808,79.4643,20.535700000000006
ENSG00000237524,ENSMUSG00000109238,48.1419,51.8581
ENSG00000132004,ENSMUSG00000008167,77.5109,22.489099999999993
ENSG00000196420,ENSMUSG00000001023,94.05680000000001,5.94319999999999
ENSG00000169271,ENSMUSG00000051456,86.19909999999999,13.800900000000013
ENSG00000269720,ENSMUSG00000108900,67.094,32.906000000000006
ENSG00000105613,ENSMUSG00000053693,94.3949,5.605099999999993
ENSG00000167962,ENSMUSG00000041130,81.56774999999999,18.43225000000001
ENSG00000180776,ENSMUSG00000021969,91.4067,8.5933
ENSG00000104219,ENSMUSG00000039470,95.2253,4.774699999999996
ENSG00000186868,ENSMUSG00000018411,69.09495,30.905050000000003
ENSG00000214736,ENSMUSG00000033475,90.5405,9.459500000000006
ENSG00000272856,ENSMUSG00000091034,53.481,46.519
ENSG00000104946,ENSMUSG00000038520,89.25030000000001,10.74969999999999
ENSG00000176884,ENSMUSG00000026959,97.95609999999999,2.043900000000008
ENSG00000127980,ENSMUSG00000005907,81.96340000000001,18.036599999999993
ENSG00000149313,ENSMUSG00000025894,90.9385,9.061499999999995
ENSG00000083123,ENSMUSG00000032263,91.30494999999999,8.695050000000009
ENSG00000103653,ENSMUSG00000032312,99.1111,0.8889000000000067
ENSG00000169169,ENSMUSG00000007783,83.5736,16.4264
ENSG00000110090,ENSMUSG00000024900,86.5459,13.454099999999997
ENSG00000205560,ENSMUSG00000078937,87.0466,12.953400000000002
ENSG00000095321,ENSMUSG00000026853,90.8946,9.105400000000003
ENSG00000070748,ENSMUSG00000021919,80.69965,19.300349999999995
ENSG00000119655,ENSMUSG00000021242,80.6703,19.329700000000003
ENSG00000203909,ENSMUSG00000060461,63.2525,36.7475
ENSG00000163170,ENSMUSG00000045160,71.80455,28.195449999999994
ENSG00000103202,ENSMUSG00000024177,83.1105,16.889499999999998
ENSG00000065361,ENSMUSG00000018166,90.78710000000001,9.21289999999999
ENSG00000116809,ENSMUSG00000006215,92.42625000000001,7.57374999999999
ENSG00000058453,ENSMUSG00000040860,82.7127,17.287300000000002
ENSG00000101977,ENSMUSG00000031139,74.6226,25.377399999999994
ENSG00000163689,ENSMUSG00000021747,71.87280000000001,28.127199999999988
ENSG00000151834,ENSMUSG00000000560,97.7827,2.2172999999999945
ENSG00000224383,ENSMUSG00000009210,44.8418,55.1582
ENSG00000162576,ENSMUSG00000029070,78.5068,21.4932
ENSG00000132581,ENSMUSG00000002064,95.2607,4.7393
ENSG00000111077,ENSMUSG00000037003,90.05685,9.943150000000003
ENSG00000039523,ENSMUSG00000038604,80.5899,19.4101
ENSG00000042062,ENSMUSG00000074577,76.16835,23.831649999999996
ENSG00000111913,ENSMUSG00000036006,86.51255,13.487449999999995
ENSG00000131469,ENSMUSG00000063316,100.0,0.0
ENSG00000162402,ENSMUSG00000028514,97.43299999999999,2.5670000000000073
ENSG00000058085,ENSMUSG00000026479,84.6605,15.339500000000001
ENSG00000051180,ENSMUSG00000027323,98.8201,1.1799000000000035
ENSG00000067113,ENSMUSG00000021759,74.2958,25.7042
ENSG00000155367,ENSMUSG00000002228,88.1426,11.857399999999998
ENSG00000135547,ENSMUSG00000019789,93.7878,6.212199999999996
ENSG00000270379,ENSMUSG00000018925,59.87715,40.12285
ENSG00000111412,ENSMUSG00000032840,92.6829,7.317099999999996
ENSG00000140688,ENSMUSG00000030780,80.94255,19.057450000000003
ENSG00000154646,ENSMUSG00000022857,73.31790000000001,26.68209999999999
ENSG00000176971,ENSMUSG00000074971,92.07415,7.925849999999997
ENSG00000136425,ENSMUSG00000037493,97.3262,2.6738
ENSG00000109576,ENSMUSG00000057228,73.6471,26.352900000000005
ENSG00000181847,ENSMUSG00000071552,59.796099999999996,40.203900000000004
ENSG00000137747,ENSMUSG00000037129,83.61175,16.38825
ENSG00000167971,ENSMUSG00000033597,90.1468,9.853200000000001
ENSG00000117525,ENSMUSG00000028128,52.9713,47.0287
ENSG00000121057,ENSMUSG00000018428,68.04595,31.954049999999995
ENSG00000110025,ENSMUSG00000024787,87.19175,12.808250000000001
ENSG00000086061,ENSMUSG00000028410,99.4962,0.5037999999999982
ENSG00000183340,ENSMUSG00000079083,93.9829,6.017099999999999
ENSG00000101557,ENSMUSG00000047879,96.85925,3.140749999999997
ENSG00000108878,ENSMUSG00000020722,85.3937,14.606300000000005
ENSG00000130433,ENSMUSG00000078815,85.0,15.0
ENSG00000134815,ENSMUSG00000006019,86.80075,13.199250000000006
ENSG00000143321,ENSMUSG00000004897,76.8244,23.175600000000003
ENSG00000104419,ENSMUSG00000005125,93.6548,6.3452000000000055
ENSG00000101079,ENSMUSG00000027634,94.39175,5.608249999999998
ENSG00000165795,ENSMUSG00000004558,95.6873,4.312700000000007
ENSG00000103034,ENSMUSG00000036564,90.10884999999999,9.89115000000001
ENSG00000127952,ENSMUSG00000019178,63.7325,36.2675
ENSG00000137261,ENSMUSG00000006711,76.08125,23.918750000000003
ENSG00000159251,ENSMUSG00000068614,100.0,0.0
ENSG00000124160,ENSMUSG00000039804,92.7461,7.253900000000002
ENSG00000135842,ENSMUSG00000026483,72.16835,27.831649999999996
ENSG00000167483,ENSMUSG00000043243,65.93375,34.06625
ENSG00000136830,ENSMUSG00000026796,90.0338,9.9662
ENSG00000172046,ENSMUSG00000006676,84.5714,15.428600000000003
ENSG00000163106,ENSMUSG00000029919,80.402,19.598
ENSG00000085982,ENSMUSG00000005501,79.72485,20.275149999999996
ENSG00000137776,ENSMUSG00000032212,91.23505,8.764949999999999
ENSG00000134873,ENSMUSG00000022132,93.25014999999999,6.749850000000009
ENSG00000091106,ENSMUSG00000039193,75.0,25.0
ENSG00000180818,ENSMUSG00000022484,97.3684,2.631600000000006
ENSG00000078674,ENSMUSG00000031592,87.87535,12.124650000000003
ENSG00000174498,ENSMUSG00000032394,86.29384999999999,13.706150000000008
ENSG00000056972,ENSMUSG00000019842,80.36355,19.636449999999996
ENSG00000163435,ENSMUSG00000003051,87.062,12.938000000000002
ENSG00000140386,ENSMUSG00000034007,88.20595,11.794049999999999
ENSG00000117477,ENSMUSG00000026578,75.2456,24.754400000000004
ENSG00000132640,ENSMUSG00000062098,92.7274,7.272599999999997
ENSG00000204160,ENSMUSG00000037553,94.0206,5.979399999999998
ENSG00000136754,ENSMUSG00000058835,98.3368,1.6632000000000033
ENSG00000166596,ENSMUSG00000020904,90.6452,9.354799999999997
ENSG00000129083,ENSMUSG00000030754,99.2655,0.734499999999997
ENSG00000039650,ENSMUSG00000002963,81.11224999999999,18.88775000000001
ENSG00000085276,ENSMUSG00000027684,86.17025000000001,13.82974999999999
ENSG00000112249,ENSMUSG00000038774,92.1819,7.818100000000001
ENSG00000157514,ENSMUSG00000031431,88.27985000000001,11.72014999999999
ENSG00000178217,ENSMUSG00000037833,91.89865,8.101349999999996
ENSG00000173258,ENSMUSG00000038630,57.4796,42.5204
ENSG00000178921,ENSMUSG00000020899,88.4486,11.551400000000001
ENSG00000090971,ENSMUSG00000035285,95.1456,4.854399999999998
ENSG00000185818,ENSMUSG00000048142,94.17869999999999,5.821300000000008
ENSG00000180185,ENSMUSG00000045316,87.7828,12.217200000000005
ENSG00000166289,ENSMUSG00000074170,89.9642,10.035799999999995
ENSG00000203697,ENSMUSG00000038599,83.2148,16.785200000000003
ENSG00000186395,ENSMUSG00000019761,82.6534,17.346599999999995
ENSG00000103145,ENSMUSG00000023904,77.11955,22.880449999999996
ENSG00000145248,ENSMUSG00000060204,61.07945,38.92055
ENSG00000100652,ENSMUSG00000021135,75.41195,24.588049999999996
ENSG00000145283,ENSMUSG00000029321,70.6687,29.3313
ENSG00000125255,ENSMUSG00000023073,80.4598,19.5402
ENSG00000253598,ENSMUSG00000058921,70.64365,29.356350000000006
ENSG00000126903,ENSMUSG00000032806,85.4752,14.524799999999999
ENSG00000109758,ENSMUSG00000029102,81.03995,18.960049999999995
ENSG00000096746,ENSMUSG00000020069,99.422,0.578000000000003
ENSG00000132854,ENSMUSG00000035407,73.70275,26.297250000000005
ENSG00000078579,ENSMUSG00000031603,95.2607,4.7393
ENSG00000175215,ENSMUSG00000078429,94.63985,5.360150000000004
ENSG00000144579,ENSMUSG00000026176,98.8506,1.1494
ENSG00000144677,ENSMUSG00000047409,96.3768,3.623199999999997
ENSG00000148730,ENSMUSG00000020091,95.0,5.0
ENSG00000099617,ENSMUSG00000003070,90.0555,9.944500000000005
ENSG00000015133,ENSMUSG00000021182,82.4933,17.506699999999995
ENSG00000119707,ENSMUSG00000010608,99.34649999999999,0.6535000000000082
ENSG00000120696,ENSMUSG00000043881,93.74265,6.257350000000002
ENSG00000165572,ENSMUSG00000075502,63.45935,36.54065
ENSG00000185022,ENSMUSG00000042622,90.0563,9.943700000000007
ENSG00000126749,ENSMUSG00000004268,88.9344,11.065600000000003
ENSG00000189045,ENSMUSG00000047117,74.16485,25.83515
ENSG00000166839,ENSMUSG00000066510,79.18105,20.81895
ENSG00000028277,ENSMUSG00000008496,94.5582,5.441800000000001
ENSG00000178235,ENSMUSG00000075478,97.5575,2.4424999999999955
ENSG00000196497,ENSMUSG00000002319,81.73835,18.261650000000003
ENSG00000173153,ENSMUSG00000024955,98.22495,1.7750499999999931
ENSG00000078304,ENSMUSG00000017843,88.34295,11.657049999999998
ENSG00000112640,ENSMUSG00000059409,96.5781,3.4218999999999937
ENSG00000068971,ENSMUSG00000024777,98.7928,1.2072000000000003
ENSG00000066027,ENSMUSG00000026626,97.7366,2.2634000000000043
ENSG00000154001,ENSMUSG00000021051,99.7859,0.21410000000000196
ENSG00000165863,ENSMUSG00000026931,60.2997,39.7003
ENSG00000174672,ENSMUSG00000053046,98.02860000000001,1.9713999999999885
ENSG00000100147,ENSMUSG00000068114,89.5197,10.4803
ENSG00000113161,ENSMUSG00000021670,93.52115,6.478849999999994
ENSG00000197646,ENSMUSG00000016498,66.31965,33.680350000000004
ENSG00000138735,ENSMUSG00000053965,91.50729999999999,8.492700000000013
ENSG00000139151,ENSMUSG00000030230,72.73955000000001,27.26044999999999
ENSG00000105122,ENSMUSG00000052142,79.47405,20.525949999999995
ENSG00000106178,ENSMUSG00000004814,57.9832,42.0168
ENSG00000271503,ENSMUSG00000035042,80.2198,19.780199999999994
ENSG00000102962,ENSMUSG00000031779,62.70455,37.29545
ENSG00000102970,ENSMUSG00000031780,59.0064,40.9936
ENSG00000168374,ENSMUSG00000021877,94.4444,5.555599999999998
ENSG00000204103,ENSMUSG00000074622,97.2136,2.7864000000000004
ENSG00000159224,ENSMUSG00000014351,71.44605,28.55395
ENSG00000099810,ENSMUSG00000062937,93.6396,6.3603999999999985
ENSG00000187555,ENSMUSG00000022710,99.13835,0.8616499999999974
ENSG00000083782,ENSMUSG00000019936,82.2981,17.701899999999995
ENSG00000180011,ENSMUSG00000049090,88.0637,11.936300000000003
ENSG00000183891,ENSMUSG00000066637,75.59285,24.40715
ENSG00000146147,ENSMUSG00000032355,69.91024999999999,30.08975000000001
ENSG00000123243,ENSMUSG00000025780,77.93245,22.067549999999997
ENSG00000109118,ENSMUSG00000037791,95.96415,4.035849999999996
ENSG00000167588,ENSMUSG00000023019,93.9828,6.0172000000000025
ENSG00000152642,ENSMUSG00000050627,95.1567,4.843299999999999
ENSG00000153233,ENSMUSG00000020151,89.2613,10.738699999999994
ENSG00000155657,ENSMUSG00000051747,90.11160000000001,9.88839999999999
ENSG00000258986,ENSMUSG00000054013,93.5622,6.437799999999996
ENSG00000147676,ENSMUSG00000024479,91.16884999999999,8.831150000000008
ENSG00000204713,ENSMUSG00000021326,98.8304,1.1696000000000026
ENSG00000140307,ENSMUSG00000033543,99.0826,0.9174000000000007
ENSG00000132688,ENSMUSG00000004891,54.9011,45.0989
ENSG00000171643,ENSMUSG00000021679,89.899,10.100999999999999
ENSG00000172239,ENSMUSG00000025451,86.8652,13.134799999999998
ENSG00000134030,ENSMUSG00000052928,91.6027,8.397300000000001
ENSG00000125457,ENSMUSG00000020743,93.2432,6.756799999999998
ENSG00000060491,ENSMUSG00000049401,50.59145,49.40855
ENSG00000119900,ENSMUSG00000026158,80.01615000000001,19.98384999999999
ENSG00000174992,ENSMUSG00000049350,83.8323,16.167699999999996
ENSG00000147684,ENSMUSG00000022354,85.4749,14.525099999999995
ENSG00000171189,ENSMUSG00000022935,96.76665,3.2333500000000015
ENSG00000109265,ENSMUSG00000036377,64.97095,35.02905
ENSG00000101445,ENSMUSG00000037754,96.38775000000001,3.612249999999989
ENSG00000160972,ENSMUSG00000033819,82.13045,17.869550000000004
ENSG00000151773,ENSMUSG00000034795,67.2016,32.7984
ENSG00000170604,ENSMUSG00000044030,96.4041,3.5959000000000003
ENSG00000141568,ENSMUSG00000039275,93.82589999999999,6.17410000000001
ENSG00000160685,ENSMUSG00000028042,91.23,8.769999999999996
ENSG00000174697,ENSMUSG00000059201,83.2335,16.766499999999994
ENSG00000182512,ENSMUSG00000021102,92.58085,7.419150000000002
ENSG00000106588,ENSMUSG00000015671,99.5726,0.4274000000000058
ENSG00000163482,ENSMUSG00000033276,84.83465000000001,15.16534999999999
ENSG00000116032,ENSMUSG00000035745,77.64455,22.355450000000005
ENSG00000100380,ENSMUSG00000022403,94.0547,5.945300000000003
ENSG00000083223,ENSMUSG00000035248,79.9636,20.0364
ENSG00000203970,ENSMUSG00000067773,68.19749999999999,31.80250000000001
ENSG00000129003,ENSMUSG00000035284,86.4685,13.531499999999994
ENSG00000197969,ENSMUSG00000046230,84.41655,15.58345
ENSG00000048707,ENSMUSG00000020220,93.3698,6.630200000000002
ENSG00000115194,ENSMUSG00000029151,89.1753,10.824700000000007
ENSG00000174227,ENSMUSG00000029263,80.468,19.531999999999996
ENSG00000107338,ENSMUSG00000044813,93.2839,6.716099999999997
ENSG00000152049,ENSMUSG00000047330,90.0,10.0
ENSG00000134824,ENSMUSG00000024665,87.6126,12.3874
ENSG00000221968,ENSMUSG00000024664,89.48725,10.512749999999997
ENSG00000149485,ENSMUSG00000010663,83.39295,16.60705
ENSG00000172782,ENSMUSG00000044788,77.0047,22.9953
ENSG00000150628,ENSMUSG00000031518,69.68605,30.313950000000006
ENSG00000101222,ENSMUSG00000027329,88.51225,11.487750000000005
ENSG00000065268,ENSMUSG00000035754,83.43,16.569999999999993
ENSG00000100129,ENSMUSG00000033047,99.1135,0.8864999999999981
ENSG00000090316,ENSMUSG00000079562,98.7374,1.2626000000000062
ENSG00000153561,ENSMUSG00000002222,100.0,0.0
ENSG00000145916,ENSMUSG00000001054,97.7099,2.2900999999999954
ENSG00000215545,ENSMUSG00000044249,48.64255,51.35745
ENSG00000138193,ENSMUSG00000024998,84.86314999999999,15.13685000000001
ENSG00000198133,ENSMUSG00000046157,95.8084,4.191599999999994
ENSG00000234224,ENSMUSG00000048022,81.50305,18.49695
ENSG00000184752,ENSMUSG00000020022,88.9655,11.034499999999994
ENSG00000112599,ENSMUSG00000023979,88.27985000000001,11.72014999999999
ENSG00000183060,ENSMUSG00000043831,70.63005000000001,29.36994999999999
ENSG00000160218,ENSMUSG00000000374,89.8689,10.131100000000004
ENSG00000188620,ENSMUSG00000040148,95.93285,4.067149999999998
ENSG00000105939,ENSMUSG00000029826,53.1335,46.8665
ENSG00000157766,ENSMUSG00000030607,70.7793,29.220699999999994
ENSG00000155755,ENSMUSG00000038079,79.80175,20.19825
ENSG00000147140,ENSMUSG00000031311,98.72925000000001,1.2707499999999925
ENSG00000172159,ENSMUSG00000049122,91.44319999999999,8.55680000000001
ENSG00000105058,ENSMUSG00000003039,97.3214,2.678600000000003
ENSG00000074660,ENSMUSG00000038188,71.51775,28.482249999999993
ENSG00000148204,ENSMUSG00000035403,78.45745,21.542550000000006
ENSG00000130545,ENSMUSG00000044279,51.48505,48.51495
ENSG00000244486,ENSMUSG00000012017,85.72985,14.270150000000001
ENSG00000174016,ENSMUSG00000073007,77.2787,22.7213
ENSG00000221977,ENSMUSG00000035626,85.35175000000001,14.64824999999999
ENSG00000137815,ENSMUSG00000027304,97.82575,2.1742500000000007
ENSG00000081189,ENSMUSG00000005583,92.5932,7.406800000000004
ENSG00000169583,ENSMUSG00000015093,89.64099999999999,10.359000000000009
ENSG00000071991,ENSMUSG00000047216,75.22710000000001,24.772899999999993
ENSG00000164142,ENSMUSG00000051000,81.5958,18.404200000000003
ENSG00000051009,ENSMUSG00000044465,92.91875,7.081249999999997
ENSG00000151553,ENSMUSG00000033478,92.8712,7.128799999999998
ENSG00000158863,ENSMUSG00000022095,86.07939999999999,13.920600000000007
ENSG00000164107,ENSMUSG00000038193,100.0,0.0
ENSG00000220205,ENSMUSG00000020894,81.89395,18.106049999999996
ENSG00000105393,ENSMUSG00000031820,90.0335,9.966499999999996
ENSG00000069535,ENSMUSG00000040147,88.6538,11.346199999999996
ENSG00000124159,ENSMUSG00000016995,87.08185,12.918149999999997
ENSG00000135930,ENSMUSG00000026254,86.57475,13.425250000000005
ENSG00000033030,ENSMUSG00000029427,80.7911,19.2089
ENSG00000187118,ENSMUSG00000039163,88.6792,11.320800000000006
ENSG00000152944,ENSMUSG00000030291,97.9167,2.083299999999994
ENSG00000166272,ENSMUSG00000047731,85.90315,14.096850000000003
ENSG00000239779,ENSMUSG00000030035,84.7584,15.241600000000005
ENSG00000131188,ENSMUSG00000034686,95.40405,4.595950000000002
ENSG00000198270,ENSMUSG00000029452,67.43245,32.56755
ENSG00000240682,ENSMUSG00000030056,98.2456,1.754400000000004
ENSG00000100678,ENSMUSG00000079055,94.6471,5.352900000000005
ENSG00000101470,ENSMUSG00000017300,98.75,1.25
ENSG00000114854,ENSMUSG00000091898,99.3789,0.6210999999999984
ENSG00000116350,ENSMUSG00000028911,87.1074,12.892600000000002
ENSG00000123892,ENSMUSG00000030559,97.1564,2.843599999999995
ENSG00000110108,ENSMUSG00000034659,75.3086,24.6914
ENSG00000196800,ENSMUSG00000051050,65.28675,34.71325
ENSG00000107864,ENSMUSG00000039652,96.19665,3.8033499999999947
ENSG00000100029,ENSMUSG00000020430,89.7959,10.204099999999997
ENSG00000197416,ENSMUSG00000027530,78.00864999999999,21.99135000000001
ENSG00000134569,ENSMUSG00000027253,96.8504,3.1496000000000066
ENSG00000158882,ENSMUSG00000005674,97.7273,2.2727000000000004
ENSG00000130204,ENSMUSG00000002984,93.0748,6.925200000000004
ENSG00000117305,ENSMUSG00000028672,88.0,12.0
ENSG00000148688,ENSMUSG00000024800,90.2985,9.701499999999996
ENSG00000163959,ENSMUSG00000035699,82.3529,17.647099999999995
ENSG00000158815,ENSMUSG00000022101,98.6111,1.3889000000000067
ENSG00000039987,ENSMUSG00000052819,89.47895,10.521050000000002
ENSG00000182973,ENSMUSG00000056167,96.371,3.629000000000005
ENSG00000167965,ENSMUSG00000024142,97.8528,2.147199999999998
ENSG00000174279,ENSMUSG00000001815,94.42699999999999,5.5730000000000075
ENSG00000171735,ENSMUSG00000014592,93.8904,6.1096
ENSG00000125249,ENSMUSG00000051615,99.4536,0.5464000000000055
ENSG00000115825,ENSMUSG00000024070,95.9551,4.044899999999998
ENSG00000184304,ENSMUSG00000002688,93.00645,6.993549999999999
ENSG00000105287,ENSMUSG00000041187,95.37965,4.620350000000002
ENSG00000182134,ENSMUSG00000041912,91.34710000000001,8.652899999999988
ENSG00000175279,ENSMUSG00000073705,69.29990000000001,30.700099999999992
ENSG00000119138,ENSMUSG00000033863,96.3115,3.6885000000000048
ENSG00000104763,ENSMUSG00000031591,79.34105,20.658950000000004
ENSG00000138744,ENSMUSG00000029413,75.7295,24.2705
ENSG00000103876,ENSMUSG00000030630,88.7828,11.217200000000005
ENSG00000089006,ENSMUSG00000027423,98.2673,1.7326999999999941
ENSG00000166529,ENSMUSG00000037017,75.96975,24.030249999999995
ENSG00000278311,ENSMUSG00000020530,93.59555,6.404449999999997
ENSG00000184221,ENSMUSG00000046160,88.17345,11.826549999999997
ENSG00000186352,ENSMUSG00000050914,76.34145000000001,23.65854999999999
ENSG00000137494,ENSMUSG00000041343,78.1784,21.821600000000004
ENSG00000187475,ENSMUSG00000036211,62.9822,37.0178
ENSG00000161888,ENSMUSG00000074476,72.8717,27.128299999999996
ENSG00000160867,ENSMUSG00000005320,90.31885,9.681150000000002
ENSG00000169413,ENSMUSG00000021880,63.372550000000004,36.627449999999996
ENSG00000244045,ENSMUSG00000051232,89.4231,10.576899999999995
ENSG00000170113,ENSMUSG00000047037,97.86105,2.138949999999994
ENSG00000174944,ENSMUSG00000036381,83.1361,16.8639
ENSG00000138271,ENSMUSG00000051431,91.3408,8.659199999999998
ENSG00000239382,ENSMUSG00000042831,91.1765,8.823499999999996
ENSG00000096996,ENSMUSG00000000791,50.7209,49.2791
ENSG00000133247,ENSMUSG00000059851,80.86359999999999,19.13640000000001
ENSG00000106436,ENSMUSG00000005474,81.96074999999999,18.03925000000001
ENSG00000188883,ENSMUSG00000071537,58.336,41.664
ENSG00000174721,ENSMUSG00000047632,58.67595,41.32405
ENSG00000137440,ENSMUSG00000048373,60.6931,39.3069
ENSG00000168765,ENSMUSG00000027890,87.156,12.843999999999994
ENSG00000189043,ENSMUSG00000029632,88.3469,11.653099999999995
ENSG00000150593,ENSMUSG00000024975,96.8017,3.1983000000000033
ENSG00000164128,ENSMUSG00000036437,93.47325000000001,6.526749999999993
ENSG00000134825,ENSMUSG00000036372,100.0,0.0
ENSG00000154957,ENSMUSG00000018347,77.46915,22.53085
ENSG00000167772,ENSMUSG00000002289,75.0018,24.998199999999997
ENSG00000143793,ENSMUSG00000020441,80.69095,19.30905
ENSG00000114480,ENSMUSG00000022707,91.1681,8.831900000000005
ENSG00000100600,ENSMUSG00000021190,83.18015,16.819850000000002
ENSG00000144504,ENSMUSG00000034212,65.9574,34.04259999999999
ENSG00000140545,ENSMUSG00000030605,58.6836,41.3164
ENSG00000203933,ENSMUSG00000079583,29.351300000000002,70.64869999999999
ENSG00000179933,ENSMUSG00000040822,82.9829,17.0171
ENSG00000112414,ENSMUSG00000039116,83.25115,16.748850000000004
ENSG00000105991,ENSMUSG00000029844,93.59185,6.408150000000006
ENSG00000150361,ENSMUSG00000022076,94.86365,5.136349999999993
