Gene_set,Term,Overlap,P-value,Adjusted P-value,Old P-value,Old Adjusted P-value,Odds Ratio,Combined Score,Genes
GO_Biological_Process_2023,Cytoplasmic Translation (GO:0002181),57/93,2.1475579073793567e-47,8.076965289653761e-44,0,0,27.76435443823712,2983.478900147105,EIF4A2;RPL5;RPL3;RPL32;RPL34;RPL10A;RPL8;RPS15;RPL7A;RPS14;RPS17;RPS16;RPL18A;RPS18;RACK1;RPL36;RPL38;RPL37;RPS11;RPL39;RPS13;RPS9;RPS7;RPS8;RPS5;RPL22;RPS6;RPL13A;SARS1;RPL37A;ETF1;RPL27;RPL26;RPL28;UBA52;RPL10;RPL12;RPL11;RPS15A;RPL13;RPL15;RPS2;RPS27A;ZC3H15;RPL19;RWDD1;RPL35A;RPL23A;EIF3M;RPS28;EIF3I;RPL27A;RPL22L1;RPS20;FAU;RPS21;RPS23
GO_Biological_Process_2023,Macromolecule Biosynthetic Process (GO:0009059),58/183,3.246752049046958e-28,6.105517228232804e-25,0,0,8.105513513513513,513.0362688966954,RPL5;RPL3;RPL32;RPL34;RPL10A;RPL8;EEF1B2;RPS15;RPS14;RPL7A;RPS17;RPS16;RPL18A;RPS18;RPL36;RPL38;RPL37;LARGE1;RPS11;RPL39;RPS13;RPS9;RPS7;RPS8;RPS5;PABPC4;RPL22;RPS6;RPL13A;EEF1G;SARS1;RPL37A;RPL27;RPL26;RPL28;B4GALT5;RPL10;RPL12;RPL11;GSPT1;RPS15A;RPL13;RPL15;RPS2;RPS27A;RPL19;RPL35A;RPL23A;EEF2;EXT1;RPS28;RPL27A;AGO2;RPS20;FAU;RPS21;EIF4G2;RPS23
GO_Biological_Process_2023,Peptide Biosynthetic Process (GO:0043043),51/158,2.257739359227852e-25,2.830452576685317e-22,0,0,8.280218068535826,469.904555535319,RPL5;RPL3;RPL32;RPL34;RPL10A;RPL8;RPS15;RPS14;RPL7A;RPS17;RPS16;RPL18A;RPS18;RPL36;RPL38;RPL37;RPS11;RPL39;RPS13;RPS9;RPS7;RPS8;RPS5;PABPC4;RPL22;RPS6;RPL13A;SARS1;RPL37A;RPL27;RPL26;RPL28;RPL10;RPL12;RPL11;GSPT1;RPS15A;RPL13;RPL15;RPS2;RPS27A;RPL19;RPL35A;RPL23A;RPS28;RPL27A;AGO2;RPS20;FAU;RPS21;RPS23
GO_Biological_Process_2023,Gene Expression (GO:0010467),70/296,3.2669198346491668e-25,3.0717213745288795e-22,0,0,5.442394468400991,306.84644372909725,RPL5;RPL3;RPL32;RPL34;HNRNPU;RPL8;RPL10A;RPS15;RBM3;RPS14;RPL7A;RPS17;RPS16;XPO1;RPL18A;RPS18;RPL36;RPL38;KPNA4;RPL37;RPS11;RPL39;RPS13;AGFG1;RPS9;RPS7;RPS8;PABPC4;RPS5;RPL22;RPS6;RPL13A;SARS1;XRN2;RPL37A;SRSF3;RBMS1;RPL27;RPL26;RPL28;RPL10;RPL12;RPL11;GSPT1;HSPD1;RPS15A;TSPAN5;RPL13;RPL15;RPS2;RPS27A;RPL19;RBM39;RBPMS;GALNT2;RPL35A;RPL23A;RPS28;TSPAN14;HNRNPK;NOVA1;HNRNPF;RPL27A;AGO2;HNRNPD;RPS20;STUB1;FAU;RPS21;RPS23
GO_Biological_Process_2023,Translation (GO:0006412),60/234,1.013518171922136e-23,7.623683689198306e-21,0,0,6.019189284909366,318.6921735787918,RPL5;RPL3;RPL32;RPL34;RPL8;RPL10A;RPS15;EEF1B2;RPS14;RPL7A;RPS17;RPS16;RPL18A;RPS18;RPL36;RACK1;RPL38;RPL37;RPS11;RPL39;RPS13;RPS9;RPS7;RPS8;PABPC4;RPS5;RPL22;RPS6;RPL13A;EEF1G;SARS1;RPL37A;RPL27;ETF1;RPL26;RPL28;UBA52;RPL10;RPL12;RPL11;GSPT1;RPS15A;RPL13;RPL15;RPS2;RPS27A;ZC3H15;RPL19;RWDD1;RPL35A;RPL23A;EEF2;RPS28;RPL27A;AGO2;RPS20;RPL22L1;FAU;RPS21;RPS23
GO_Biological_Process_2023,protein-RNA Complex Assembly (GO:0022618),40/150,6.847908593202747e-17,4.2924973698392566e-14,0,0,6.252478960086659,232.71728746572916,RPL5;HSP90AB1;RPL10;CELF1;RPL11;RPS27L;RPS15;RPS14;SNRPD2;SNRPD1;RPL38;TXNL4A;HSP90AA1;RPS5;PTGES3;RPL23A;EIF2S2;LSM4;RPS28;EIF3M;EIF5;AGO3;EIF6;EIF3K;AGO4;EIF3L;EIF3I;AGO2;EIF3G;LUC7L3;STRAP;EIF3H;SNRPE;EIF3E;SNRPF;SRSF5;SRSF6;EIF3D;SNRPB;SRSF9
GO_Biological_Process_2023,Protein Modification Process (GO:0036211),97/711,4.4122616682318054e-16,2.370645162031403e-13,0,0,2.789103698990039,98.61426719153752,APP;UBE2D2;UBE2D3;PPP2R2A;PPP1CB;PPP1CC;RPS6KA5;AKT3;PIM3;LARGE1;MAP2K1;PRKCH;DAPK1;PRKCB;FBXW11;DAPK2;PRKCE;DYRK1A;ADAM10;PRKCA;CSNK1D;PPP4R3A;FBXO11;RBX1;CSNK2B;ERG;TNIK;UBA52;EPHA3;STK39;STK4;STK3;UGCG;GRK2;GRK5;STK38;ST8SIA4;STK38L;ATG5;CDK17;LYN;CDK19;YES1;UBE2I;NEK7;OGA;DCLK1;PTK2;PTPRD;CDK6;STK24;PTPRA;UST;CPE;CDK14;BMPR1A;FGFR1;UBE2M;GSK3B;BMPR2;PTPRM;ILK;PTPRK;PPP3CA;SERP1;PPP2R5E;BRD2;PPP2R5A;OXSR1;YWHAZ;DDOST;DAD1;LCK;BIRC6;B4GALT5;PPM1L;ROCK1;ROCK2;PPM1H;NEDD8;PAK1;MAPK8;MAPK1;PTK2B;CSK;FYN;PAK3;PAK2;MAP4K3;ARFGEF1;WWP2;HIPK1;HIPK2;PPP1CA;MAPK10;TAOK3;TAOK1
GO_Biological_Process_2023,Phosphorylation (GO:0016310),66/429,1.0113554252468525e-13,4.7546346929417646e-11,0,0,3.159368331199317,94.53561368859934,APP;GSK3B;BMPR2;ILK;PIK3CB;RPS6KA5;AKT3;PIM3;BRD2;MAP2K1;PRKCH;DAPK1;PRKCB;DAPK2;PRKCE;DYRK1A;ADAM10;PRKCA;CSNK1D;OXSR1;YWHAZ;LCK;CSNK2B;BIRC6;ERG;TNIK;TOP1;EPHA3;ROCK1;ROCK2;MAPKAP1;STK39;STK4;STK3;PAK1;MAPK8;GRK2;GRK5;STK38;PGK1;STK38L;MAPK1;PTK2B;RICTOR;CSK;FYN;PAK3;PAK2;MAP4K3;CDK17;LYN;CDK19;STAT3;NEK7;HIPK1;DCLK1;PTK2;HIPK2;MAPK10;CDK6;TAOK3;STK24;TAOK1;CDK14;BMPR1A;FGFR1
GO_Biological_Process_2023,Regulation Of Translation (GO:0006417),42/202,1.4465580855755799e-13,6.045005510944174e-11,0,0,4.509745179063361,133.32799699666006,EIF4A2;APP;CYFIP1;RPL5;DDX6;MTPN;DDX3X;RPL10;RPS27L;MSI2;YBX1;BZW2;BZW1;GSPT1;RBM3;RPS6KA3;RACK1;EIF4H;IGF2BP2;PAIP2;EIF4E;YTHDF3;IGFBP5;DAPK1;PRMT1;SAMD4A;RPL13A;EEF2;EIF1;EIF5;EIF6;CSDE1;SERBP1;HNRNPD;EIF3H;ETF1;EIF3E;RPL26;VIM;EIF1B;EIF3D;EIF4G2
GO_Biological_Process_2023,Protein Phosphorylation (GO:0006468),72/500,2.215068568562028e-13,8.330872886361788e-11,0,0,2.9293902729607373,85.35751952554857,APP;GSK3B;BMPR2;ILK;IGF1R;RPS6KA3;RPS6KA5;AKT3;PIM3;ERC1;BRD2;MAP2K1;PRKCH;CAMK1D;DAPK1;PRKCB;DAPK2;PRKCE;DYRK1A;ADAM10;PRKCA;CSNK1D;OXSR1;YWHAZ;LCK;CSNK2B;BIRC6;ERG;TNIK;TOP1;EPHA3;DDR2;USP15;ROCK1;CAB39;ROCK2;STK39;STK4;STK3;PAK1;MAPK8;GRK2;GRK5;ERBB4;STK38;STK38L;MAPK1;PTK2B;RICTOR;CSK;FYN;PAK3;PAK2;MAP4K3;CDK17;LYN;MAP3K3;CDK19;NEK7;HIPK1;DCLK1;PTK2;HIPK2;MAPK10;CDK6;TAOK3;STK24;TAOK1;CDK14;FGFR2;BMPR1A;FGFR1
GO_Biological_Process_2023,Regulation Of Cell-Matrix Adhesion (GO:0001952),23/65,3.754517368672031e-13,1.2837036203250464e-10,0,0,9.30507564036445,266.22422945124964,GSK3B;JAG1;ROCK1;JUP;ROCK2;CASK;PIK3CB;EFNA5;RHOA;PTK2;ACTG1;CORO1C;CDK6;PTPRA;RASA1;NF1;PTK2B;FYN;TLN1;EPHA3;VCL;CLASP1;GPM6B
GO_Biological_Process_2023,Ubiquitin-Dependent Protein Catabolic Process (GO:0006511),57/367,3.3910828953329458e-12,1.062821897445601e-09,0,0,3.177338259145792,83.91309611277,GSK3B;FAF1;UBE2D2;UBE2D3;UBE2D1;ARRB1;ARRB2;HERC4;PSMD7;PSMD4;CHMP1B;ARIH1;ELOC;SKP1;MYLIP;FBXW11;UBE2E1;FBXO11;RBX1;PSMA5;PSMA3;PSMA4;UBE2R2;KCTD10;TBL1XR1;PELI1;SPOPL;VPS28;CUL3;RHOBTB3;NEDD4L;NEDD8;PSMA7;ANAPC11;PSMB7;ZNRF1;COP1;HECTD1;PSMB2;PSMB3;UBE2H;NDFIP1;UBE2I;SMURF2;UBE2B;USP9X;SMURF1;UBE2G1;WWP2;PSMC5;SPSB1;CHMP2A;CTNNB1;TRIP12;STUB1;UBE2K;FBXL7
GO_Biological_Process_2023,Regulation Of Cell-Substrate Junction Assembly (GO:0090109),13/21,7.52494253876517e-12,2.177023760638139e-09,0,0,27.414244186046513,702.1554970525115,ROCK1;ROCK2;EFNA5;PTK2;RHOA;CORO1C;PTPRA;FYN;TLN1;CLASP1;EPHA3;GPM6B;VCL
GO_Biological_Process_2023,Proteasomal Protein Catabolic Process (GO:0010498),41/220,1.1804820017452638e-11,3.1712805775456703e-09,0,0,3.9274768079544873,98.82518699066398,GSK3B;FAF1;CUL3;UBE2D3;DERL1;RHOBTB3;NEDD4L;ARRB1;ARRB2;PSMA7;PSMB7;ERLEC1;ZNRF1;COP1;PSMD7;HECTD1;PSMD4;PSMB2;PSMB3;SKP1;SMURF2;UBE2B;FBXW11;SMURF1;UBE2G1;WWP2;RBX1;PSMA5;PSMA3;PSMC5;SPSB1;PSMA4;KCTD10;TBL1XR1;PSME4;PELI1;CTNNB1;SPOPL;TRIP12;STUB1;UBE2K
GO_Biological_Process_2023,Regulation Of Cytoskeleton Organization (GO:0051493),28/114,2.6460044864065592e-11,6.634415248916713e-09,0,0,5.544329418710072,135.03427901046246,GSK3B;CLIC4;RALA;LRP1;ROCK1;ROCK2;EFNA5;CDC42;PAK1;MAPK1;RICTOR;RAC1;PAK3;PAK2;GPM6B;CLASP1;RHOG;DYNLL1;BAIAP2;PTK2;RHOA;TAOK1;CDK2AP2;PFDN2;EZR;CRK;EPHA3;RHOQ
GO_Biological_Process_2023,Vesicle-Mediated Transport (GO:0016192),59/411,3.8856578132703944e-11,9.13372439731872e-09,0,0,2.8952441273744913,69.40231311693688,WASHC4;APP;ARF1;ITSN1;GDI2;AP2A2;ARL5B;AP1G1;CHMP1B;PIP4K2A;TMED2;KIF1B;AP2M1;RAB2A;ANXA2;AP1B1;CSNK1D;RHOB;DNM2;DNM3;RAB30;ARL4A;RABEP1;DNAJC5;EXOC4;ARF5;RHOQ;ARF6;RAB7A;RAB1A;RAB5C;C9ORF72;KALRN;NCALD;CORO1C;CDC42;CYTH3;SNX27;MYO6;AP2S1;ATP6V1H;CYTH1;SPAG9;ARFGEF1;EXOC6B;MYO5A;RAB27A;HOOK3;DCLK1;RAB11A;BLTP1;EHD1;RAB10;MYO1E;EHD4;CHMP2A;LAMTOR1;TMCC1;PICALM
GO_Biological_Process_2023,Protein K48-linked Ubiquitination (GO:0070936),21/70,1.4222714067555423e-10,2.971757089337553e-08,0,0,7.266409266409267,164.75562629022176,UBE2H;UBE2B;UBE2D2;UBE2E3;CUL3;UBE2D3;MYCBP2;UBE2E1;UBE2D1;UBE2E2;NEDD4L;UBE3A;UBE2G1;NT5C2;RBX1;ZNRF1;UBE2R2;UBR5;PELI1;UBE2K;SKP1
GO_Biological_Process_2023,Regulation Of Actin Filament-Based Process (GO:0032970),21/70,1.4222714067555423e-10,2.971757089337553e-08,0,0,7.266409266409267,164.75562629022176,RALA;LRP1;ROCK1;ROCK2;RHOG;DYNLL1;EFNA5;BAIAP2;RHOA;CDC42;CNN2;PAK1;TAOK1;RICTOR;RAC1;EZR;PAK3;CRK;EPHA3;RHOQ;GPM6B
GO_Biological_Process_2023,Formation Of Cytoplasmic Translation Initiation Complex (GO:0001732),10/14,2.6149622342385947e-10,5.176248927879662e-08,0,0,42.07181088314005,928.2977320327234,EIF3M;EIF5;EIF3K;EIF6;EIF3L;EIF3I;EIF3G;EIF3H;EIF3E;EIF3D
GO_Biological_Process_2023,Ras Protein Signal Transduction (GO:0007265),30/144,4.1440996804892903e-10,7.615258747035012e-08,0,0,4.482766862660739,96.84643662101172,CYFIP1;NCKAP1;RALA;RALB;ROCK1;ROCK2;BRK1;RASGRP2;ARHGAP5;RAP1B;GNA13;RAP1A;ARHGDIA;CFL1;GNA12;SHOC2;RAC1;RHOG;RRAS2;RHOA;RHOB;TIAM1;RAP2B;GNB1;ELMO1;NF1;GRB2;RGL1;SOS1;SOS2
GO_Biological_Process_2023,Regulation Of Focal Adhesion Assembly (GO:0051893),18/54,4.252072153356426e-10,7.615258747035012e-08,0,0,8.460467205750225,182.56372204614271,BCAS3;ROCK1;ROCK2;DYNLL1;EFNA5;RHOA;PTK2;ACTG1;CORO1C;PTPRA;FYN;RAC1;TLN1;EPHA3;VCL;CLASP1;GPM6B;FERMT2
GO_Biological_Process_2023,"RNA Splicing, Via Transesterification Reactions With Bulged Adenosine As Nucleophile (GO:0000377)",34/180,4.6083579298147206e-10,7.878197351833259e-08,0,0,3.9746132041308178,85.44615252234206,SF3B5;DDX5;SF3B6;HNRNPU;HNRNPR;SNU13;SNRPD2;SNRPD1;SNRNP70;TRA2B;TRA2A;SNRPB2;TXNL4A;BCAS2;HSPA8;SNRPN;LSM5;LSM4;LSM3;HNRNPM;LSM7;HNRNPK;NOVA1;HNRNPF;SRSF2;SRSF3;SNRPE;SNRPF;SRSF5;SRSF6;SRSF7;RBMX;SNRPB;SRSF9
GO_Biological_Process_2023,Regulation Of Actin Cytoskeleton Organization (GO:0032956),23/91,8.471145112644047e-10,1.3852163812458376e-07,0,0,5.739315672117223,119.8896281919256,RALA;LRP1;ROCK1;ROCK2;RHOG;DYNLL1;EFNA5;BAIAP2;C9ORF72;RHOA;CDC42;PAK1;ARHGDIA;TAOK1;PTK2B;RICTOR;RAC1;EZR;PAK3;CRK;EPHA3;RHOQ;GPM6B
GO_Biological_Process_2023,Negative Regulation Of Programmed Cell Death (GO:0043069),53/381,1.2185040388254162e-09,1.909497370842663e-07,0,0,2.7791783564867187,57.0444198000744,GSK3B;DDX3X;ARL6IP1;PHB2;IGF1R;RPS6KA3;BABAM2;ARHGDIA;CFL1;PIM3;SOX9;BNIP3L;NME2;OXSR1;YWHAZ;DNAJC3;DDAH2;RASA1;VDAC1;BIRC6;RAF1;CRYAB;PTMA;RPL10;MAPKAP1;LEF1;PIK3R1;HSP90B1;HSPD1;SOCS3;MAPK8;GRK5;ERBB4;FLNA;PTK2B;RICTOR;PAK2;ATG5;HSPA9;PRELID1;HSPA5;ANGPT1;HMGA2;DHCR24;PA2G4;PTK2;DNAJA1;PSMC5;UFM1;HNRNPK;CTNNB1;SPRY2;BCL2L1
GO_Biological_Process_2023,Proteasome-Mediated Ubiquitin-Dependent Protein Catabolic Process (GO:0043161),47/319,1.621652369997598e-09,2.4396138254243863e-07,0,0,2.9644393043195136,59.99971859046304,GSK3B;ANAPC16;FAF1;CUL3;UBE2D3;DERL1;RHOBTB3;NEDD4L;ARRB1;ARRB2;PSMA7;ANAPC11;HSP90B1;PSMB7;ERLEC1;ZNRF1;COP1;PSMD7;HECTD1;PSMD4;PSMB2;PSMB3;CDC27;SEC61B;SKP1;HSPA5;SMURF2;UBE2B;FBXW11;SMURF1;UBE2G1;WWP2;RBX1;PSMA5;PSMA3;PSMC5;SPSB1;PSMA4;KCTD10;TBL1XR1;PELI1;CTNNB1;SPOPL;TRIP12;STUB1;UBE2K;FBXL7
GO_Biological_Process_2023,Protein Stabilization (GO:0050821),36/208,1.7487270951184086e-09,2.529601001823206e-07,0,0,3.5738133163427843,72.06372149676095,RPL5;PHB1;HSP90AB1;CCNH;RPL11;CTNND1;PIK3R1;STK4;PHB2;STK3;HSPD1;RAB21;ZNF207;FLOT1;FLNA;CHP1;FLOT2;CCT8;CCT7;CCT5;CCT4;CCT3;CCT2;HSP90AA1;RPS7;UBE2B;USP9X;PTGES3;CCT6A;CDC37;TCP1;PFDN2;STUB1;PFN1;CRYAB;PFDN5
GO_Biological_Process_2023,Regulation Of Apoptotic Process (GO:0042981),80/705,1.9640826460666835e-09,2.735894382169184e-07,0,0,2.2219143672692674,44.54547371077718,MTCH1;GSK3B;PHB1;DDX3X;ARL6IP1;FAF1;ETFA;PHB2;ACTB;IGF1R;RPS6KA3;BABAM2;RPS6KA2;ARHGDIA;CFL1;RACK1;PIM3;SOX9;DNM1L;BNIP3L;HSP90AA1;DAPK1;DAPK2;ACTN1;RPS6;NME2;ACTN4;OXSR1;FBXO11;YWHAZ;DUSP6;RHOB;DNM2;DNAJC3;MORF4L1;SFRP2;DDAH2;MORF4L2;RASA1;BIRC6;VDAC1;RAF1;CRYAB;PTMA;RPL10;MAPKAP1;LEF1;PIK3R1;STK4;HSP90B1;STK3;HSPD1;SOCS3;MAPK8;GRK5;ERBB4;FLNA;PTK2B;RICTOR;FYN;SLIT2;PAK2;HSPA9;JUN;PRELID1;ANGPT1;HSPA5;HMGA2;DHCR24;PA2G4;PTK2;GADD45G;DNAJA1;UFM1;HNRNPK;RYBP;NF1;CTNNB1;SPRY2;BCL2L1
GO_Biological_Process_2023,Positive Regulation Of DNA-templated Transcription (GO:0045893),121/1243,2.255292745339766e-09,3.029341434008165e-07,0,0,1.8949427295670744,37.72828331476902,APP;PHB1;PID1;HNRNPU;CCNC;RBPJ;ACTB;RPS6KA3;RPS6KA5;ZMIZ1;NAMPT;SOX9;GTF2I;MAP2K3;SMARCC1;MAP2K1;FBXW11;UBE2E1;DYRK1A;RFX3;ILF2;MORF4L1;SFRP2;TBL1XR1;MORF4L2;ERG;ATF3;ENY2;MAX;GATA3;PIK3R1;GATA2;PCBP1;SNX5;STAT5B;JUN;CREBBP;JAG1;SMAD3;JUP;ZBTB16;HMGA1;HMGA2;ESRRG;NR2F2;SMARCA2;PBX1;FLI1;NR4A2;SEM1;MAFB;TMEM98;ID2;AGO2;HNRNPD;TCF4;CDK13;FGFR2;PICALM;BMPR1A;DDX3X;BMPR2;HMGB2;ILK;TCF21;ARRB1;LDB2;YBX1;PPP3CA;NCK2;SPIN1;YWHAH;ACTR3;ACTR2;BCAS3;ANXA2;TCF12;RHOG;NME2;EDF1;OXSR1;ARID1A;DNM2;ZEB2;TFDP2;WAC;PPARG;PLCB1;PTMA;RHOQ;CREB5;SF3B5;GTF2A2;NFIX;SATB2;LEF1;MLLT3;RXRA;ERBB4;E2F3;HES1;RTRAF;TCF7L2;PRRX1;PCGF5;CNBP;USP22;STAT3;MBD2;MEIS2;GATAD2B;HIPK2;KLF7;PSMC5;RYBP;NFIA;TCEA1;CTNNB1;SSBP2;SSBP3;RBMX
GO_Biological_Process_2023,Platelet Aggregation (GO:0070527),14/35,2.3922147655454966e-09,3.102455080419522e-07,0,0,11.249179349447926,223.30797920252616,ACTN1;ILK;PIK3CB;MYL12A;ACTG1;RAP2B;CSRP1;UBASH3B;FLNA;MYH9;TLN1;CLIC1;MYL9;VCL
GO_Biological_Process_2023,"mRNA Splicing, Via Spliceosome (GO:0000398)",36/211,2.6083584908661486e-09,3.247163513225696e-07,0,0,3.511984344422701,69.41277171618215,SF3B5;DDX5;SF3B6;HNRNPU;HNRNPR;SNU13;SNRPD2;SNRPD1;SNRNP70;TRA2B;TRA2A;SNRPB2;TXNL4A;BCAS2;HSPA8;SNRPN;LSM5;LSM4;LSM3;HNRNPM;LSM7;HNRNPK;NOVA1;HNRNPF;SRSF2;STRAP;SRSF3;SNRPE;SNRPF;SRSF5;CDK13;SRSF6;SRSF7;RBMX;SNRPB;SRSF9
GO_Biological_Process_2023,Protein Localization To Membrane (GO:0072657),34/192,2.676470856421073e-09,3.247163513225696e-07,0,0,3.670389901111201,72.44897015737057,HYCC2;NLGN1;ROCK1;ROCK2;LIN7A;PTN;TM9SF3;EFR3A;ARL5B;TMEM147;RAP1A;FLOT1;TSPAN5;FLOT2;TMED2;FLNA;SPTBN1;RAB8B;SH3GLB1;JUP;SMURF1;RDX;MYO5A;RAB11A;EHD1;RAB10;TSPAN14;EHD4;RABEP1;PACS1;CPE;TNIK;EZR;FERMT2
GO_Biological_Process_2023,mRNA Processing (GO:0006397),36/214,3.856795144876869e-09,4.532939543713095e-07,0,0,3.452239495151608,66.88171768823878,SF3B5;DDX5;CELF1;SF3B6;HNRNPU;HNRNPR;SNU13;SNRPD2;SNRPD1;SNRNP70;TRA2B;TRA2A;SNRPB2;TXNL4A;BCAS2;HSPA8;SNRPN;LSM5;FBXO11;LSM4;LSM3;HNRNPM;LSM7;HNRNPK;NOVA1;HNRNPF;SRSF2;SRSF3;SNRPE;SNRPF;SRSF5;SRSF6;SRSF7;RBMX;SNRPB;SRSF9
GO_Biological_Process_2023,Positive Regulation Of Protein Modification Process (GO:0031401),37/225,4.456718377143433e-09,5.079308429223167e-07,0,0,3.360676222334591,64.6219495021954,APP;DDX3X;RALB;ROCK2;PELI2;ILK;ARRB1;EFNA5;STK4;SPPL3;PAK1;ERBB4;RACK1;FLOT1;NPTN;CHP1;SOX9;RAC1;LYN;PPP1R16B;HSP90AA1;ANGPT1;DYRK1A;PPP2R5A;CSNK1D;DYNLL1;PTK2;MOB3B;MOB1A;SLCO3A1;TAOK1;NOS1AP;CALM3;TNIK;WDFY2;CALM1;CALM2
GO_Biological_Process_2023,Positive Regulation Of Protein Metabolic Process (GO:0051247),34/196,4.637307431441708e-09,5.129680367544784e-07,0,0,3.5789977154304107,68.67785935320956,CYFIP2;APP;RPL5;GSK3B;MTPN;RAB1A;DDX3X;ROCK2;FAF1;RPS27L;OAZ2;RBM3;MAPK8;VPS35;HSP90AA1;YTHDF3;PRMT1;FBXW11;RDX;SAMD4A;MSN;EEF2;RBX1;EIF6;AGO2;HNRNPD;EIF3E;STUB1;RPL26;VIM;EZR;EIF3D;VPS28;RAB7A
GO_Biological_Process_2023,Ephrin Receptor Signaling Pathway (GO:0048013),15/43,5.976847359233619e-09,6.422549405165041e-07,0,0,9.044258832565284,171.25641093479098,LYN;YES1;MMP2;EFNA5;KALRN;PTK2;EFNB2;TIAM1;PAK1;SIPA1L1;RASA1;FYN;PAK3;CRK;EPHA3
GO_Biological_Process_2023,Positive Regulation Of Gene Expression (GO:0010628),60/480,6.491904088680253e-09,6.782236465979565e-07,0,0,2.4608510070694947,46.39371029394402,RPL5;APP;GSK3B;PHB1;PID1;BMPR2;DDX3X;CELF1;PIK3CB;RBPJ;ACTG2;ACTG1;RBM3;GJA1;FLOT1;VPS35;SOX9;MAP2K1;TLE1;RPS7;PRMT1;DYRK1A;OXSR1;ARID1A;ACTA2;NOS1AP;PPARG;RPL26;EZR;ROCK1;ROCK2;RPL11;LEF1;RPS27L;PIK3R1;GATA2;MAPK8;POLR2A;UBR5;SMAD3;CADM1;YTHDF3;ANGPT1;RDX;STAT3;SAMD4A;RAB27A;HMGA2;MSN;EEF2;BATF;EIF6;ID2;AGO2;HNRNPD;SPRY2;EIF3E;VIM;EIF3D;BMPR1A
GO_Biological_Process_2023,RNA Processing (GO:0006396),32/183,1.0724955375286527e-08,1.0901772207149362e-06,0,0,3.6093980680811577,66.23495417639343,CELF1;HNRNPU;HNRNPR;RBM3;SNRPD2;SNRPD1;BCAS2;IVNS1ABP;RBM39;MBNL1;SNRPN;RBPMS;FUS;PRMT1;PABPC4;LSM5;FBXO11;LSM4;LSM3;HNRNPK;NOVA1;HNRNPF;XRN2;SRSF2;HNRNPD;LUC7L3;RBMS1;SNRPF;SRSF5;SRSF7;SNRPB;SRSF9
GO_Biological_Process_2023,Regulation Of GTPase Activity (GO:0043087),35/214,1.3402692098198e-08,1.3265138152979652e-06,0,0,3.3343697753129713,60.44482258126331,GSK3B;RABGAP1;DOCK9;DOCK7;RAP1GDS1;SNX13;ARL2;EFNA5;RASGRP2;C9ORF72;DOCK11;SIPA1L1;RAP1A;RACK1;PLXNA2;TMED2;RSU1;ZC3H15;NDEL1;VAV3;ARFGEF1;BCAS3;RDX;PTK2;NF1;PKP4;RGL1;SOS1;MAPRE2;CRK;SOS2;EPHA3;FERMT2;EZH2;PICALM
GO_Biological_Process_2023,Positive Regulation Of Hydrolase Activity (GO:0051345),31/176,1.5205157557493693e-08,1.4628946299986204e-06,0,0,3.6391473354231976,65.51058804609413,GSK3B;ROCK1;DOCK9;DOCK7;RAP1GDS1;HMGB2;SNX13;RASGRP2;C9ORF72;DOCK11;MAPK8;RAP1A;RACK1;RSU1;ZC3H15;NDEL1;BCAS3;RHOC;RHOA;NF1;PKP4;CALM3;CALM1;RGL1;SOS1;CALM2;MAPRE2;SOS2;FERMT2;EZH2;PICALM
GO_Biological_Process_2023,Negative Regulation Of Nucleic Acid-Templated Transcription (GO:1903507),57/456,1.5558570911976822e-08,1.4628946299986204e-06,0,0,2.4567704176642726,44.16942570473363,EIF4A2;PHB1;HMGB2;PTPRK;RBPJ;PHB2;NIPBL;RPS6KA5;ZMYM2;SOX9;RBFOX2;TLE1;FBXW11;RFX3;CBFA2T2;FOXP2;FOXP1;TLE5;SFRP2;TFDP2;PPARG;PLCB1;CRYAB;PFDN5;LEF1;GATA3;BTAF1;ZNF706;CCDC85B;TBX20;HES1;ZNF148;HSPA8;TCF7L2;JUN;CBX5;UBE2I;SMURF2;CBX3;ZBTB16;NONO;MBD2;HMGA1;HMGA2;WWP2;NR2F2;PA2G4;SMARCA2;GATAD2B;DAP;HNRNPK;ID2;PDCD4;ID4;ID3;CTNNB1;EZH2
GO_Biological_Process_2023,Intracellular Protein Transport (GO:0006886),45/325,2.5017736043222723e-08,2.294919640452699e-06,0,0,2.750937253354381,48.15152764374566,VPS29;RAB1A;ARF1;COPA;NLGN1;RAB5C;SAR1B;CLTC;RPL11;SNX13;STK4;PHB2;IPO7;GABARAP;STK3;RAB21;SCFD1;ARL5B;XPO1;SNX27;XPO6;MYO6;TMED2;CHP1;VPS35;KPNA4;E2F3;ROMO1;TNPO3;WLS;KPNA1;YWHAH;HSPA9;SMURF1;STAT3;EHD1;ARL4C;ARL4A;CDC37;RAB18;VPS28;ARF5;RAN;ARF6;RAB7A
GO_Biological_Process_2023,Transmembrane Receptor Protein Tyrosine Kinase Signaling Pathway (GO:0007169),41/284,3.196611948173789e-08,2.8624898897813385e-06,0,0,2.883172877260543,49.75949645776198,GSK3B;PIK3R1;PIK3CB;EFNA5;KALRN;IGF1R;EFNB2;PAK1;SIPA1L1;UBASH3B;FLRT2;ERBB4;NAMPT;STMN1;MAPK1;PTK2B;SHOC2;FYN;RAC1;PAK3;PAK2;LYN;YES1;ANGPT1;MMP2;STAT3;BAIAP2;PTK2;MTSS1;TIAM1;LCK;RASA1;GRB2;ROR1;PLCB1;CRK;EPHA3;RHOQ;FGFR2;DDR2;FGFR1
GO_Biological_Process_2023,Cytoplasmic Translational Initiation (GO:0002183),12/30,3.375799849773028e-08,2.8855416443173545e-06,0,0,11.230860887697348,193.2162749053403,EIF4A2;EIF3M;EIF5;EIF3K;EIF6;EIF3L;EIF3I;EIF3G;EIF3H;EIF3E;EIF2S2;EIF3D
GO_Biological_Process_2023,Actin Filament Organization (GO:0007015),27/144,3.301766761062917e-08,2.8855416443173545e-06,0,0,3.919732441471572,67.52218528060767,CNN3;CORO1C;RND1;CNN2;CDC42;CNN1;MYO6;RAC2;PLS3;FLNA;RAC1;MARCKSL1;TPM3;ACTN1;TPM2;RHOG;DSTN;MYO5A;ARPC4;BAIAP2;MYO1D;MYO1E;MYO1B;ELMO1;TAGLN2;LCP1;MCU
GO_Biological_Process_2023,Ribonucleoprotein Complex Biogenesis (GO:0022613),24/118,3.744228995872469e-08,3.1166444919860222e-06,0,0,4.330277345326644,74.04975628702498,RPL5;RPS9;NOP58;RPS7;RPS8;RPS5;RPS6;RPL11;RPL35A;SNU13;RPS15;FBL;RPS14;RPS17;RPS28;RPS16;XPO1;RPS15A;RPL38;RPL26;RPS11;RSL24D1;RPS13;RPS23
GO_Biological_Process_2023,Positive Regulation Of Developmental Process (GO:0051094),36/233,3.811902330001516e-08,3.1166444919860222e-06,0,0,3.1161115360545164,53.23113853722523,GSK3B;NLGN1;RALA;BMPR2;HSP90AB1;LEF1;PTN;CORO1C;RPS6KA3;GJA1;CFL1;VPS35;SOX9;SOX6;DNM1L;CLASP1;SOX5;FIS1;SMARCC1;PBRM1;SMURF2;FST;ZBTB16;PA2G4;ARID1A;SMARCA2;SAP30;AGO2;CTNNB1;PPARG;LCP1;PLCB1;MCU;BMPR1A;FGFR1;B4GALT5
GO_Biological_Process_2023,Protein Modification By Small Protein Conjugation (GO:0032446),48/364,4.0920061044228733e-08,3.274475523134984e-06,0,0,2.6021950278761525,44.267619086462254,ANAPC16;UBE2D2;CUL3;MYCBP2;UBE2D3;NEDD4L;NEDD8;ARRB1;ARRB2;ANAPC11;HERC4;ZMIZ1;SUMO2;RACK1;ARIH1;ELOC;RPS27A;MARCHF3;SKP1;PCMTD1;ATG3;MYLIP;UBE2I;SMURF2;UBE2B;BCL11A;USP9X;FBXW11;SMURF1;UBE2E1;KLHL2;UBE2E2;WWP2;KLHL24;FBXO32;FBXO11;PIAS1;RBX1;SPSB1;UFM1;KCTD10;UFC1;BIRC6;STUB1;UBA52;FBXL7;RNF220;UBE2M
GO_Biological_Process_2023,Regulation Of Cell Migration (GO:0030334),54/434,4.353103105812125e-08,3.410837662699876e-06,0,0,2.4395396569417973,41.34968926205932,CLIC4;PTPRK;LDB2;ACTG1;IGF1R;PPP3CA;RACK1;RAC1;TMSB10;IGFBP5;ADAM10;PRKCA;ACTN4;DYNLL1;RHOC;RHOA;SAP30;RHOB;TIAM1;MMP14;SFRP2;RAP2B;VCL;ROCK1;SEMA3C;ROCK2;LEF1;STC1;CORO1C;CDC42;PAK1;ERBB4;MGAT5;LMNA;GNA12;PLXNA2;FLNA;PTK2B;FYN;SLIT2;SRGAP1;SPAG9;JAG1;UBE2I;YTHDF3;HSPA5;RDX;STAT3;CYRIB;PTK2;STK24;NF1;SPRY2;FERMT2
GO_Biological_Process_2023,Positive Regulation Of Protein Phosphorylation (GO:0001934),49/377,4.6956122866700774e-08,3.604122002074726e-06,0,0,2.5599302330823677,43.19639645127312,APP;TENM1;BMPR2;DDX3X;HSP90AB1;DOCK7;ILK;ARRB1;RACK1;FLOT1;NPTN;SOX9;RAC1;MAP2K3;HSP90AA1;CSNK1D;MOB3B;SFRP2;CSNK2B;PPARG;TNIK;WDFY2;RAF1;DDR2;RALB;CAB39;ROCK2;PELI2;IQGAP1;EFNA5;STK4;PAK1;RAP1A;ERBB4;MAPK1;PTK2B;PAK2;LYN;RBPMS;ANGPT1;PTK2;MOB1A;SLCO3A1;SPRY2;CALM3;CALM1;CALM2;UBE2K;BMPR1A
GO_Biological_Process_2023,Positive Regulation Of Establishment Of Protein Localization To Telomere (GO:1904851),7/9,5.9136071596893795e-08,4.448215305518351e-06,0,0,58.74955516014235,977.7938004162612,CCT3;CCT6A;TCP1;CCT8;CCT7;CCT5;CCT4
GO_Biological_Process_2023,Positive Regulation Of Intracellular Signal Transduction (GO:1902533),61/525,7.326704332158216e-08,5.403085292793539e-06,0,0,2.2613297615211088,37.15173702875297,APP;PHB1;BMPR2;HSP90AB1;DDX3X;ILK;ETFA;PIK3CB;PHB2;IGF1R;RPS15;GJA1;RACK1;RPL37;SOX9;DNM1L;WLS;HSP90AA1;PRKCB;ARRDC3;RHOC;RHOA;PTP4A3;LCK;NOS1AP;PELI1;PPARG;ROR1;RAF1;DDR2;NLGN1;ROCK1;ROCK2;PELI2;LPAR1;GATA3;IQGAP1;ATP2C1;FLNA;RICTOR;LYN;OSBPL8;FIS1;MAP3K3;TCF7L2;NDFIP1;RBPMS;ANGPT1;S100B;PTK2;VAPA;PDCD4;SPRY2;LAMTOR2;RPS20;LAMTOR1;LAMTOR4;FERMT2;FGFR2;BMPR1A;FGFR1
GO_Biological_Process_2023,Regulation Of Translational Initiation (GO:0006446),17/65,7.752513655620313e-08,5.60715458822846e-06,0,0,5.983636295631358,97.96806423603512,EIF4A2;DDX3X;YTHDF3;BZW2;BZW1;EIF1;DNAJC3;EIF5;CSDE1;NCK2;EIF4H;EIF3H;POLR2G;EIF3E;PAIP2;EIF1B;EIF4G2
GO_Biological_Process_2023,Protein Localization To Cell Periphery (GO:1990778),26/142,9.726435391754979e-08,6.902098775168014e-06,0,0,3.8038539553752537,61.41639173632697,HYCC2;ROCK1;ROCK2;LIN7A;EFR3A;RAP1A;FLOT1;TSPAN5;FLOT2;TMED2;FLNA;SPTBN1;RAB8B;JUP;SMURF1;RDX;MYO5A;RAB11A;EHD1;RAB10;TSPAN14;EHD4;RABEP1;PACS1;TNIK;EZR
GO_Biological_Process_2023,Negative Regulation Of DNA-templated Transcription (GO:0045892),99/1025,1.0601060637016149e-07,7.383442417744025e-06,0,0,1.8588295494499976,29.852294523269578,PHB1;UBE2D3;UBE2D1;ZBTB20;HNRNPU;RBPJ;PHB2;RPS14;RPS6KA5;SOX9;RBFOX2;TLE1;KDM2A;FBXW11;FST;RFX3;FOXP2;FOXP1;SAP30;TLE5;SFRP2;TBL1XR1;EZR;ATF3;DDX5;MAX;ZBTB1;GATA3;GATA2;ZNF706;ZNF148;HSPA8;CREBBP;JUN;UBE2I;CBX5;SMAD3;SMURF2;BCL11A;CBX3;ZBTB16;NONO;HMGA1;HMGA2;NR2F2;PA2G4;SMARCA2;NR4A2;DAP;HNRNPK;MAFB;ID2;ID4;PHF14;ID3;MAFK;FGFR2;EZH2;HMGB2;TCF21;PTPRK;LDB2;NIPBL;ZMYM2;KLF12;OXSR1;CBFA2T2;YWHAZ;ZEB2;SARS1;TFDP2;PPARG;PLCB1;CRYAB;PFDN5;JDP2;NFIX;RPL10;SATB1;LEF1;BTAF1;RXRA;CCDC85B;TBX20;FLNA;HES1;JAZF1;TCF7L2;USP9X;CNBP;MBD2;STAT3;WWP2;MEIS2;GATAD2B;KLF7;PDCD4;FOSB;CTNNB1
GO_Biological_Process_2023,Negative Regulation Of Apoptotic Process (GO:0043066),57/482,1.0819163857488109e-07,7.398340957820503e-06,0,0,2.3032270785409135,36.94229230745476,GSK3B;DDX3X;ARL6IP1;PHB2;IGF1R;RPS6KA3;BABAM2;ARHGDIA;CFL1;PIM3;SOX9;BNIP3L;PRKCH;TLE1;NME2;PRKCA;OXSR1;YWHAZ;DNAJC3;DDAH2;RASA1;BIRC6;VDAC1;RAF1;CRYAB;PTMA;RPL10;MAPKAP1;LEF1;PIK3R1;HSP90B1;HSPD1;SOCS3;MAPK8;GRK5;ERBB4;FLNA;PTK2B;SFN;RICTOR;PAK2;HSPA9;PRELID1;ANGPT1;HSPA5;HMGA2;DHCR24;PA2G4;PTK2;DNAJA1;NR4A2;UFM1;HNRNPK;CTNNB1;SPRY2;CPEB4;BCL2L1
GO_Biological_Process_2023,Modification-Dependent Protein Catabolic Process (GO:0019941),31/192,1.206741423626453e-07,8.10456159689123e-06,0,0,3.2746922642574816,52.166410893648454,UBE2D2;CUL3;UBE2D3;UBE2D1;NEDD4L;ARRB1;NEDD8;ANAPC11;HERC4;ARIH1;ELOC;RPS27A;MYLIP;UBE2H;NDFIP1;UBE2I;SMURF2;UBE2B;SMURF1;UBE2E1;UBE2G1;FBXO11;RBX1;SPSB1;UBE2R2;KCTD10;STUB1;TRIP12;UBA52;UBE2K;FBXL7
GO_Biological_Process_2023,Positive Regulation Of Binding (GO:0051099),20/91,1.325897137618653e-07,8.748594972953954e-06,0,0,4.766166757520822,75.47704696883343,APP;GSK3B;TCF7L2;RALB;LRP1;USP9X;RPL11;HMGB2;DERL1;EDF1;STK4;SPPL3;STK3;HIPK2;TIAM1;STMN1;FLOT1;PPARG;HES1;RAN
GO_Biological_Process_2023,Homotypic Cell-Cell Adhesion (GO:0034109),14/46,1.3769249484309684e-07,8.777313103472664e-06,0,0,7.3779655326768125,116.55889186145473,ACTN1;ILK;PIK3CB;MYL12A;ACTG1;RAP2B;CSRP1;UBASH3B;FLNA;MYH9;TLN1;CLIC1;MYL9;VCL
GO_Biological_Process_2023,Regulation Of Cell Differentiation (GO:0045595),31/193,1.361272399987423e-07,8.777313103472664e-06,0,0,3.254304152637486,51.44949360901009,GSK3B;DDX5;NLGN1;HSP90AB1;ROCK1;LEF1;GATA3;ZFP36L1;RPS6KA3;FLOT2;YWHAG;CLASP1;YWHAH;SMARCC1;PBRM1;PA2G4;ARID1A;SMARCA2;TENT5C;PTK2;GATAD2B;BLTP1;TIAM1;CDK6;ID2;NF1;CTNNB1;RAF1;EPHA3;FGFR2;FGFR1
GO_Biological_Process_2023,Protein Polyubiquitination (GO:0000209),34/226,1.743779986696772e-07,1.0681344774805947e-05,0,0,3.0149365694317836,46.91856496178693,UBE2D2;CUL3;MYCBP2;PELI2;UBE2D3;NEDD4L;UBE2D1;UBE3A;NT5C2;ANAPC11;ZNRF1;HECTD1;CDC27;UBR5;ARIH1;SKP1;UBE2H;UBE2B;FBXW11;SMURF1;UBE2E3;UBE2E1;UBE2E2;UBE2G1;WWP2;RBX1;UBE2R2;TRAF3;PELI1;CTNNB1;TRIP12;STUB1;UBE2K;FBXL7
GO_Biological_Process_2023,Positive Regulation Of Establishment Of Protein Localization (GO:1904951),9/18,1.75146060475108e-07,1.0681344774805947e-05,0,0,16.809269162210338,261.51265208192984,CCT3;CCT6A;PTP4A3;TCP1;CHP1;CCT8;CCT7;CCT5;CCT4
GO_Biological_Process_2023,Negative Regulation Of Gene Expression (GO:0010629),44/336,1.8259581496435587e-07,1.0681344774805947e-05,0,0,2.575229045632695,39.95723014952116,APP;DDX6;GSK3B;DDX3X;LRP1;CELF1;ROCK2;YBX1;GATA2;RPS6KA5;RACK1;NPTN;FLOT2;IGF2BP2;ZNF148;PAIP2;RPS13;NDFIP1;SMAD3;IGFBP5;DAPK1;STAT3;ADAM10;RPL13A;WWP2;ATP2B1;PUM1;LSM5;SND1;PTBP2;FOXP1;TLE5;SFRP2;AGO3;KRT17;PRKAR1A;AGO4;ID2;AGO2;SERBP1;PPARG;EZH2;BMPR1A;PICALM
GO_Biological_Process_2023,Positive Regulation Of Lamellipodium Assembly (GO:0010592),10/23,1.8694297197188977e-07,1.0681344774805947e-05,0,0,12.938996774857614,200.4569188197694,ACTR3;CDC42;ACTR2;CYFIP1;NCKAP1;ARPC2;RAC2;BRK1;PIK3R1;RAC1
GO_Biological_Process_2023,Positive Regulation Of Protein Localization To Cajal Body (GO:1904871),7/10,1.874418386432312e-07,1.0681344774805947e-05,0,0,39.16429418742586,606.6469757586718,CCT3;CCT6A;TCP1;CCT8;CCT7;CCT5;CCT4
GO_Biological_Process_2023,Regulation Of Establishment Of Protein Localization To Telomere (GO:0070203),7/10,1.874418386432312e-07,1.0681344774805947e-05,0,0,39.16429418742586,606.6469757586718,CCT3;CCT6A;TCP1;CCT8;CCT7;CCT5;CCT4
GO_Biological_Process_2023,Regulation Of Protein Localization To Cajal Body (GO:1904869),7/10,1.874418386432312e-07,1.0681344774805947e-05,0,0,39.16429418742586,606.6469757586718,CCT3;CCT6A;TCP1;CCT8;CCT7;CCT5;CCT4
GO_Biological_Process_2023,Peptidyl-Serine Modification (GO:0018209),28/166,1.9212732512426465e-07,1.078493835510984e-05,0,0,3.4455963314806786,53.28651778171989,GSK3B;CAB39;ROCK1;ROCK2;STK39;STK4;RPS6KA3;MAPK8;GRK2;AKT3;STK38;STK38L;MAPK1;RICTOR;PAK2;PRKCH;CAMK1D;PRKCB;GALNT2;PRKCE;GALNT1;NEK7;DYRK1A;CSNK1D;PRKCA;HIPK1;HIPK2;TOP1
GO_Biological_Process_2023,Positive Regulation Of Telomerase RNA Localization To Cajal Body (GO:1904874),8/14,2.2570533673697719e-07,1.2483496639231929e-05,0,0,22.395963193826063,342.7486159571877,CCT3;CCT6A;TCP1;CCT8;CCT7;CCT5;NOP10;CCT4
GO_Biological_Process_2023,Supramolecular Fiber Organization (GO:0097435),42/316,2.2967834894575534e-07,1.2519134353405591e-05,0,0,2.6173815125374515,40.01082755914368,APP;HSP90AB1;CNN3;CORO1C;RND1;CNN2;CDC42;CNN1;STMN1;MYO6;RAC2;ZNF207;CHP1;MYH11;FYN;RAC1;AGFG1;DYNC1H1;MARCKSL1;USP9X;TPM3;FUS;ACTN1;TPM2;RHOG;MYO5A;HOOK3;KLHL24;RHOA;MYO1D;MYO1E;TPPP3;MYO1B;DES;KRT17;ELMO1;NF1;TAGLN2;VIM;MYL9;HDGFL3;DDR2
GO_Biological_Process_2023,Positive Regulation Of Cell Differentiation (GO:0045597),39/283,2.397718713372316e-07,1.2882600115704686e-05,0,0,2.72614168618267,41.55615316452055,GSK3B;BTG1;BMPR2;HSP90AB1;LEF1;PTN;ACTB;ZFP36L1;RPS6KA3;PPP3CA;GJA1;RAP1A;SOX9;SOX6;SOX5;SMARCC1;PBRM1;PRKCH;SMAD3;ZBTB16;PA2G4;ARID1A;SMARCA2;PTK2;RHOA;TIAM1;SFRP2;ID2;CTNNB1;PPARG;TCF4;WDFY2;LCP1;PLCB1;FERMT2;EZH2;DDR2;BMPR1A;FGFR1
GO_Biological_Process_2023,Axonogenesis (GO:0007409),30/188,2.498577645246487e-07,1.3235423272918364e-05,0,0,3.2268133687441796,49.05522373372498,CYFIP2;APP;CYFIP1;TRIO;HSP90AB1;SEMA3C;MYCBP2;DOCK7;EFNA5;C9ORF72;KALRN;EFNB2;RPS6KA5;FYN;SLIT2;PAK3;HSP90AA1;USP9X;UNC5C;BAIAP2;S100B;PTK2;RAB10;KLF7;S100A6;CNTN4;SOS1;EPHA3;FGFR2;B4GALT5
GO_Biological_Process_2023,Positive Regulation Of Epithelial Cell Migration (GO:0010634),20/95,2.798385873101226e-07,1.4617679539907931e-05,0,0,4.511011101110111,68.0668850193757,BCAS3;BMPR2;ANGPT1;ROCK2;PRKCE;PRKCA;PIK3CB;GATA3;PTK2;RAB11A;FOXP1;RHOB;PTK2B;RAC1;SOX9;PFN1;DOCK1;MAPRE2;CLASP1;ARF6
GO_Biological_Process_2023,Regulation Of DNA-templated Transcription (GO:0006355),160/1922,2.864616862186212e-07,1.475866303929088e-05,0,0,1.599811093797307,24.102211667518393,PHB1;RBPJ;PHB2;ACTB;RPS6KA3;RPS6KA5;ZMIZ1;SOX9;SOX6;SOX5;MAP2K3;SMARCC1;MAP2K1;RBFOX2;TLE1;KDM2A;FBXW11;PRKCB;DYRK1A;EBF1;RFX3;EBF2;ILF2;FOXP2;FOXP1;PIAS1;SAP30;TLE5;MORF4L1;SFRP2;PRKAR1A;TBL1XR1;MORF4L2;ERG;ATF3;DDX5;ENY2;MAX;GATA3;ZNHIT1;ZNF706;ZNF148;SNX5;CDK17;STAT5B;HSPA8;JUN;CREBBP;UBE2I;SMAD3;CBX5;SMURF2;FUS;BCL11A;CBX3;ZBTB16;NONO;PBX3;HMGA1;HMGA2;ESRRG;NR2F2;PA2G4;SMARCA2;PBX1;FLI1;NR4A2;DAP;HNRNPK;MAFB;TMEM98;ID2;ID4;PHF14;HNRNPD;ID3;TCF4;MAFK;CDK14;EZH2;PICALM;TENM1;BTG1;BNC2;CHD7;HMGB2;ILK;TCF21;ARRB1;PTPRK;YBX1;CHD2;CHD1;NIPBL;ZMYM2;SPIN1;ERC1;ELOC;YWHAH;BRD2;PBRM1;KLF12;TCF12;RHOG;NME2;RHOH;EDF1;PAX5;OXSR1;CBFA2T2;ARID1A;MLF2;DNM2;ZEB2;PTP4A3;TFDP2;WAC;PPARG;PLCB1;SOS1;CRYAB;CRK;PFDN5;JDP2;CREB5;SF3B5;NFIX;SATB1;SATB2;LEF1;MLLT3;BTAF1;RXRA;POLR2A;CCDC85B;ERBB4;TBX20;E2F3;HES1;POLR2L;TCF7L2;PCGF5;CNBP;USP22;STAT3;MBD2;WWP2;KLF3;GATAD2B;HIPK2;BATF;KLF7;PSMC5;RYBP;NFIA;KLF9;PDCD4;FOSB;CTNNB1;SSBP2
GO_Biological_Process_2023,Substantia Nigra Development (GO:0021762),13/42,3.095463630495846e-07,1.562370349717765e-05,0,0,7.554129911788292,113.22249233956474,YWHAE;HSPA5;MAPKAP1;NDRG2;DYNLL1;RHOA;CDC42;GNB4;CALM3;ZNF148;CALM1;CALM2;YWHAH
GO_Biological_Process_2023,Cell-Cell Junction Assembly (GO:0007043),17/71,3.115601601404743e-07,1.562370349717765e-05,0,0,5.317092226876787,79.65893911108846,WDR1;JUP;CTNND2;CTNND1;PRKCA;RHOC;RHOA;ACTG1;GJC1;GJA1;CTNNA1;CTNNB1;PKP4;TLN2;TLN1;PAK2;VCL
GO_Biological_Process_2023,Positive Regulation Of Plasma Membrane Bounded Cell Projection Assembly (GO:0120034),19/88,3.64985056715371e-07,1.806195787245408e-05,0,0,4.655406109894693,69.00899080525544,ACTR3;CYFIP1;GSK3B;NCKAP1;TENM1;ACTR2;BCAS3;NLGN1;RALA;BRK1;PIK3R1;CDC42;DOCK11;ARPC2;RAC2;RAC1;PFN1;RHOQ;NDEL1
GO_Biological_Process_2023,Positive Regulation Of Protein Localization To Nucleus (GO:1900182),17/72,3.865653428654379e-07,1.8881457850868984e-05,0,0,5.2201403623306675,77.08040946852377,CCT3;CCT2;TCF7L2;CREBBP;SMAD3;JUP;PIK3R1;CCT6A;TCP1;UBR5;FLNA;CCT8;CCT7;CCT5;FERMT2;RAN;CCT4
GO_Biological_Process_2023,Regulation Of Gene Expression (GO:0010468),104/1127,4.610869337981146e-07,2.2232666128393703e-05,0,0,1.7665590160486035,25.77352939412813,RPL5;APP;PHB1;PID1;ZBTB20;RBPJ;ACTG2;ACTG1;GJA1;RPS6KA5;VPS35;SOX9;SOX6;MBNL1;MAP2K1;TLE1;RPS7;RFX3;ADAM10;FOXP1;SAP30;TLE5;SFRP2;PRKAR1A;EZR;ENY2;ZBTB1;GATA3;GATA2;ZFP36L1;ZNHIT1;UBR5;ZNF148;LYN;CREBBP;NDFIP1;SMAD3;FUS;NONO;RDX;HMGA1;RAB27A;HMGA2;MSN;ESRRG;PUM1;SMARCA2;PUM2;CDK6;MAFB;TMEM98;ID2;HNRNPF;HNRNPD;EZH2;PICALM;BMPR1A;GSK3B;DDX3X;BTG1;BMPR2;BNC2;CELF1;CHD7;PIK3CB;YBX1;SNRNP70;RACK1;SPIN1;FLOT2;ERC1;KDM6A;RHOH;EDF1;OXSR1;PTBP2;MLF2;DNM2;ACTA2;PTP4A3;TRAF3;NOS1AP;PPARG;PFDN5;SF3B5;LRP1;ROCK1;ROCK2;RPL11;LEF1;MAPK8;POLR2A;TRA2B;IGF2BP2;ANGPT1;CNBP;USP22;STAT3;WWP2;RYBP;NFIA;KRT17;SPRY2;SSBP2
GO_Biological_Process_2023,Protein Transport (GO:0015031),41/313,4.717564394989467e-07,2.2459189480449858e-05,0,0,2.5717653804641123,37.4623996660108,VPS29;RAB1A;ARF1;COPA;RAB5C;LRP1;SAR1B;TMEM167A;CLTC;SNX13;HSP90B1;RAB21;SCFD1;ARL5B;SNX27;CHMP1B;MYO6;TMED2;VPS35;ROMO1;SPTBN1;WLS;RAB8B;YWHAH;HSPA9;PRKCB;ARRDC3;DNM2;EHD1;ARL4C;RAB10;ARL4A;CHMP2A;RAB18;TXNIP;MYH9;PPARG;ARF5;ABCG1;ARF6;RAB7A
GO_Biological_Process_2023,Regulation Of Cell Size (GO:0008361),10/25,4.813541908706743e-07,2.261491897743263e-05,0,0,11.212607790663098,163.1060209871102,VAV3;MTPN;DEPTOR;RDX;MSN;RAC1;ARHGAP5;EZR;LAMTOR4;RHOA
GO_Biological_Process_2023,"Positive Regulation Of Protein Localization To Chromosome, Telomeric Region (GO:1904816)",7/11,4.901744558987429e-07,2.261491897743263e-05,0,0,29.371663701067614,426.7263475708452,CCT3;CCT6A;TCP1;CCT8;CCT7;CCT5;CCT4
GO_Biological_Process_2023,Negative Regulation Of Translation (GO:0017148),21/107,4.930665663784833e-07,2.261491897743263e-05,0,0,4.132023884349466,60.00781951678422,DDX6;DDX3X;IGFBP5;ROCK1;YTHDF3;DAPK1;CELF1;ROCK2;RPL13A;YBX1;PUM1;AGO3;EIF6;AGO4;AGO2;SERBP1;RACK1;EIF3E;IGF2BP2;PAIP2;CPEB4
GO_Biological_Process_2023,Positive Regulation Of Lamellipodium Organization (GO:1902745),11/31,5.346142606662417e-07,2.4225111257418493e-05,0,0,9.256205357142855,133.6755293459506,CDC42;ACTR3;CYFIP1;NCKAP1;ACTR2;ARPC2;RAC2;BRK1;PIK3R1;RAC1;CORO1C
GO_Biological_Process_2023,Ribosome Biogenesis (GO:0042254),26/155,5.813159863372042e-07,2.602773124540744e-05,0,0,3.4181486548107616,49.077680495488735,RPL5;RPL11;SNU13;RPS15;FBL;RPS14;RPS17;RPS16;XPO1;RPS15A;RPS11;RPS13;RPS9;NOP58;RPS7;RPS8;RPS5;RPS6;RPL35A;RPS28;XRN2;SBDS;RPL27;RPL26;RSL24D1;RPS23
GO_Biological_Process_2023,Positive Regulation Of Cell Population Proliferation (GO:0008284),55/483,6.148210750193072e-07,2.7204024272324875e-05,0,0,2.202374231317097,31.4982121029699,PHB1;PID1;HNRNPU;RBPJ;ACTB;IGF1R;GJA1;NAMPT;SOX9;RPS9;SMARCC1;PRKCH;CNOT6L;PRMT1;RPS6;NME2;RHOG;ADAM10;OXSR1;FOXP1;TIAM1;SFRP2;S100A6;SLC25A5;DDR2;CUL3;LEF1;PTN;GNAI2;EFNB2;PAK1;RPS15A;GRK5;ERBB4;TBX20;SSR1;PTK2B;HES1;ROMO1;LYN;MAP3K3;TCF7L2;CNBP;HMGA2;NAP1L1;S100B;SMARCA2;MEIS2;PTK2;CDK6;ID2;FGFR2;EZH2;BMPR1A;FGFR1
GO_Biological_Process_2023,Protein Localization (GO:0008104),44/351,6.253088610182863e-07,2.7346356119648543e-05,0,0,2.447425751178422,34.961526126293336,VPS29;RAB1A;ARF1;COPA;RAB5C;SAR1B;ITSN1;CLTC;SNX13;PTPRK;ACTB;TM9SF3;RAB21;GJA1;SCFD1;NIPBL;ARL5B;SNX27;MYO6;TMED2;FLNA;VPS35;ROMO1;SPTSSA;WLS;YWHAH;HSPA9;ANGPT1;USP9X;SMURF1;HOOK3;EHD1;ARL4C;ARL4A;NBEA;RAB18;CTNNB1;CPE;LAMTOR2;LAMTOR1;FERMT2;ARF5;VCL;ARF6
GO_Biological_Process_2023,Positive Regulation Of Protein Binding (GO:0032092),15/59,6.697730380317265e-07,2.862518631860595e-05,0,0,5.750549853372434,81.75169674945518,APP;GSK3B;TCF7L2;RALB;LRP1;USP9X;RPL11;DERL1;STK4;SPPL3;STK3;HIPK2;TIAM1;FLOT1;RAN
GO_Biological_Process_2023,Regulation Of Canonical Wnt Signaling Pathway (GO:0060828),31/207,6.665629805320116e-07,2.862518631860595e-05,0,0,2.9931973140495867,42.566651732647664,GSK3B;DDX3X;CTNND2;CTNND1;USP34;ILK;STK4;MLLT3;STK3;UBR5;SOX9;WLS;TLE4;TCF7L2;TLE1;JUP;SMURF2;UBE2B;CSNK1D;TMEM170B;PPP1CA;RBX1;TLE5;ZEB2;SFRP2;CCNY;TBL1XR1;CDK14;PFDN5;FGFR2;RNF220
GO_Biological_Process_2023,Protein Localization To Plasma Membrane (GO:0072659),24/137,6.96144283950392e-07,2.9417962381319377e-05,0,0,3.5985322685085257,51.0189429470326,HYCC2;JUP;ROCK1;SMURF1;ROCK2;RDX;MYO5A;RAB11A;EHD1;RAB10;EFR3A;TSPAN14;RAP1A;EHD4;PACS1;FLOT1;TSPAN5;FLOT2;TMED2;FLNA;TNIK;EZR;SPTBN1;RAB8B
GO_Biological_Process_2023,Positive Regulation Of Telomere Maintenance Via Telomerase (GO:0032212),11/32,7.731137767322735e-07,3.230756571433423e-05,0,0,8.814965986394558,124.05160249997148,CCT3;CCT6A;CCT2;NEK7;TCP1;MAPK1;CTNNB1;CCT8;CCT7;CCT5;CCT4
GO_Biological_Process_2023,Ribosomal Small Subunit Biogenesis (GO:0042274),18/84,8.295790249962588e-07,3.4286227615504715e-05,0,0,4.6074491546189655,64.51510398395668,RPS9;NOP58;RPS7;RPS8;RPS5;RPS6;RPS27L;SNU13;RPS15;FBL;RPS14;RPS17;RPS28;RPS16;RPS15A;RPS11;RPS13;RPS23
GO_Biological_Process_2023,Peptidyl-Serine Phosphorylation (GO:0018105),26/158,8.501606755310039e-07,3.475493805078376e-05,0,0,3.339928698752228,46.68499054999989,GSK3B;CAB39;ROCK1;ROCK2;STK39;STK4;RPS6KA3;MAPK8;GRK2;AKT3;STK38;STK38L;MAPK1;RICTOR;PAK2;PRKCH;CAMK1D;PRKCB;PRKCE;NEK7;DYRK1A;CSNK1D;PRKCA;HIPK1;HIPK2;TOP1
GO_Biological_Process_2023,Negative Regulation Of Protein Phosphorylation (GO:0001933),25/149,9.483121596490498e-07,3.806326691118753e-05,0,0,3.4170288164265297,47.389344701102075,PID1;LRP1;C9ORF72;CORO1C;DEPTOR;UBASH3B;CAMK2N1;NCK2;RACK1;CHP1;SFN;SLIT2;PAK2;YWHAG;RTRAF;LYN;PDE4D;DNAJC3;SFRP2;NF1;SPRY2;CALM3;PPARG;CALM1;CALM2
GO_Biological_Process_2023,Endosome Organization (GO:0007032),14/53,9.51328659838242e-07,3.806326691118753e-05,0,0,6.051465693363634,83.90603018689937,WASHC4;ATP6V1A;ATP6V0B;RAB27A;SNX10;DNAJC13;HOOK3;CORO1C;SNX3;ATP6V1H;LAMTOR1;TMCC1;ATP6V0A1;ATP6V1F
GO_Biological_Process_2023,Positive Regulation Of Amide Metabolic Process (GO:0034250),18/85,9.974234067817974e-07,3.9487467714803576e-05,0,0,4.538439876091242,62.71257282912955,RPL5;DDX3X;YTHDF3;PRMT1;ROCK2;SAMD4A;RPS27L;EEF2;RBM3;EIF6;AGO2;HNRNPD;EIF3E;RPL26;VIM;EIF3D;ABCG1;PICALM
GO_Biological_Process_2023,Regulation Of Lamellipodium Assembly (GO:0010591),11/33,1.1005656126598328e-06,4.3116950720975326e-05,0,0,8.413839285714285,115.43523572152444,CDC42;ACTR3;CYFIP1;NCKAP1;ACTR2;ARPC2;RAC2;BRK1;PIK3R1;RAC1;SLIT2
GO_Biological_Process_2023,Cortical Cytoskeleton Organization (GO:0030865),10/27,1.119690366840285e-06,4.3413973914291864e-05,0,0,9.892427979220232,135.55058255416185,NCKAP1;NLGN1;FMNL2;ROCK1;ROCK2;RHOG;RAC1;LCP1;EZR;RHOQ
GO_Biological_Process_2023,Regulation Of Cell Population Proliferation (GO:0042127),76/766,1.2397184302595285e-06,4.7577357308225374e-05,0,0,1.897938045195412,25.81314604866043,APP;TENM1;PHB1;BTG1;BMPR2;CELF1;HMGB2;PTPRK;ACTB;IGF1R;PPP3CA;RPS6KA2;NAMPT;NCK2;SOX9;MAP2K1;RPS9;SMARCC1;PBRM1;RBFOX2;CNOT6L;PRMT1;RPS6;RHOG;ADAM10;DYNLL1;RHOA;PIAS1;TIAM1;SFRP2;ALDH1A2;CSNK2B;BIRC6;SLC25A5;SOS1;RAF1;CUL3;GATA3;PTN;PDS5B;GNAI2;ZFP36L1;EFNB2;PAK1;RPS15A;GRK5;ERBB4;LMNA;SSR1;PTK2B;HES1;ROMO1;LYN;STAT5B;TCF7L2;JUN;JAG1;SMAD3;JUP;CNBP;STAT3;HMGA1;NAP1L1;S100B;SMARCA2;MEIS2;PTK2;CDK6;AGO3;ID2;PHF14;CTNNB1;FGFR2;EZH2;BMPR1A;FGFR1
GO_Biological_Process_2023,Regulation Of Protein Ubiquitination (GO:0031396),21/113,1.263487782623635e-06,4.799977323684335e-05,0,0,3.861310223266745,52.44290445102054,IVNS1ABP;GSK3B;HSP90AA1;NDFIP1;HSP90AB1;ANGPT1;NXN;CUL3;MYCBP2;DERL1;UBE2D1;UBE3A;ARRB1;ARRB2;DNAJA1;CHP1;SPOPL;CTNNB1;SPRY2;STUB1;VPS28
GO_Biological_Process_2023,Regulation Of Actin Filament Polymerization (GO:0030833),16/70,1.3500707072542176e-06,5.077615929983112e-05,0,0,4.999833914632121,67.57452325323496,ARFGEF1;NCKAP1;TENM1;MTPN;PRKCE;BAIAP2;CYRIB;FCHSD2;RASA1;COTL1;NCK2;PTK2B;SLIT2;PFN1;PAK3;ARF6
GO_Biological_Process_2023,Protein Autophosphorylation (GO:0046777),26/162,1.3872495891389835e-06,5.1657878264868496e-05,0,0,3.2410034602076125,43.71526230728085,GSK3B;STK39;STK4;IGF1R;PAK1;GRK5;ERBB4;PTK2B;PIM3;FYN;PAK2;LYN;MAP3K3;DAPK1;DAPK2;DYRK1A;OXSR1;PTK2;STK24;TAOK3;LCK;TAOK1;TNIK;FGFR2;FGFR1;DDR2
GO_Biological_Process_2023,Protein Ubiquitination (GO:0016567),50/434,1.4123260495346004e-06,5.207606149313365e-05,0,0,2.2265504548257784,29.99224143337847,UBE2D2;UBE2D3;UBE2D1;ARRB1;UBE3A;ARRB2;HERC4;BABAM2;RACK1;ELOC;ARIH1;PCMTD1;SKP1;ATG3;MYLIP;FBXW11;UBE2E1;FBXO11;RBX1;UBE2R2;KCTD10;BIRC6;UBA52;ANAPC16;CUL3;PELI2;MYCBP2;NEDD4L;NEDD8;ANAPC11;UBR5;RPS27A;MARCHF3;UBE2H;SMURF2;UBE2B;USP9X;SMURF1;KLHL2;WWP2;UBE2G1;KLHL24;FBXO32;SPSB1;CTNNB1;STUB1;TRIP12;UBE2K;FBXL7;RNF220
GO_Biological_Process_2023,Regulation Of Establishment Of Cell Polarity (GO:2000114),8/17,1.568013460142705e-06,5.6422608633146977e-05,0,0,14.92826753735035,199.5267611254888,ARFGEF1;RAP1B;BCAS3;ROCK1;ROCK2;RACK1;PTK2B;CYRIB
GO_Biological_Process_2023,Regulation Of Telomerase RNA Localization To Cajal Body (GO:1904872),8/17,1.568013460142705e-06,5.6422608633146977e-05,0,0,14.92826753735035,199.5267611254888,CCT3;CCT6A;TCP1;CCT8;CCT7;CCT5;NOP10;CCT4
GO_Biological_Process_2023,Positive Regulation Of Multicellular Organismal Process (GO:0051240),46/387,1.575212418633457e-06,5.6422608633146977e-05,0,0,2.3035744692352393,30.778335893266608,BMPR2;LRP1;ROCK1;LEF1;PTN;ADIPOR1;ACTB;IGF1R;GJA1;UCP2;CFL1;FLOT1;SOX9;SOX6;SOX5;DYNC1H1;SMARCC1;PRKCH;SMAD3;CADM1;SMURF2;FST;ZBTB16;NME2;RFX3;EBF2;PRKCA;ELOVL6;ESRRG;ARID1A;SMARCA2;PTK2;SAP30;GADD45G;BATF;TIAM1;GATM;AGO2;CTNNB1;PPARG;LCP1;PLCB1;FERMT2;EZH2;BMPR1A;B4GALT5
GO_Biological_Process_2023,Regulation Of Protein Transport (GO:0051223),10/28,1.6536048655046632e-06,5.867177263361357e-05,0,0,9.342353057785708,124.37056916343846,SNX3;DNAJA1;HSPA8;SCFD1;NDFIP1;CHP1;STXBP5;WWP2;LCP1;NDEL1
GO_Biological_Process_2023,Regulation Of Endothelial Cell Migration (GO:0010594),18/88,1.70208895229724e-06,5.98276313045787e-05,0,0,4.3432422025413935,57.69412781112378,BCAS3;BMPR2;ANGPT1;ROCK2;PTPRM;STC1;PRKCA;PIK3CB;GATA3;PTN;NR2F2;PTK2;FOXP1;RHOB;NF1;PTK2B;RAC1;SLIT2
GO_Biological_Process_2023,Regulation Of Protein Localization To Plasma Membrane (GO:1903076),17/80,1.8847404158416963e-06,6.563433985167241e-05,0,0,4.555327576871562,60.047054708275056,PID1;PRKCH;LRP1;PRKCE;CLTC;RHOG;PPP2R5A;PIK3R1;ACTB;MMP14;AP2M1;EPHA3;RHOQ;SPTBN1;ARF6;BCL2L1;PICALM
GO_Biological_Process_2023,Positive Regulation Of Telomere Maintenance Via Telomere Lengthening (GO:1904358),11/35,2.1370463899032853e-06,7.373790341675464e-05,0,0,7.711867559523809,100.68680510533476,CCT3;CCT6A;CCT2;NEK7;TCP1;MAPK1;CTNNB1;CCT8;CCT7;CCT5;CCT4
GO_Biological_Process_2023,Proton Transmembrane Transport (GO:1902600),13/49,2.20003898436372e-06,7.52213329108359e-05,0,0,6.083010335917312,79.24359145655168,ATP6V1A;ATP6V0B;ATP6V0E1;ATP1A1;ATP5F1B;SLC9A8;UCP2;ATP6V1B2;ATP6V1H;ATP6V0D1;ATP6V1C1;ATP6V0A1;ATP6V1F
GO_Biological_Process_2023,Cytoskeleton-Dependent Cytokinesis (GO:0061640),17/81,2.261044900270747e-06,7.600832202401105e-05,0,0,4.4839121409335725,58.28943870208563,ROCK1;SEPTIN1;ROCK2;SEPTIN2;EXOC6B;SEPTIN6;RHOC;SEPTIN11;RHOA;SEPTIN7;RHOB;RASA1;CFL1;STMN1;EXOC4;MYH10;SPTBN1
GO_Biological_Process_2023,Neuron Projection Morphogenesis (GO:0048812),24/146,2.2634756890957823e-06,7.600832202401105e-05,0,0,3.331467413034786,43.3044423333676,APP;NCKAP1;NLGN1;TRIO;ROCK1;CTNND2;DOCK7;IQGAP1;BAIAP2;S100B;DCLK1;DNM2;CDC42;RAB10;KLF7;PAK1;TAOK3;S100A6;CTNNB1;TNIK;CNTN4;PAK3;FGFR2;GAS7
GO_Biological_Process_2023,Positive Regulation Of Translation (GO:0045727),20/108,2.381322080581187e-06,7.925798535456501e-05,0,0,3.841952377055887,49.74504125181651,RPL5;DDX3X;YTHDF3;PRMT1;CNBP;SAMD4A;HNRNPU;RPS27L;YBX1;EEF2;RBM3;PKM;EIF6;CSDE1;HNRNPD;POLR2G;EIF3E;RPL26;VIM;EIF3D
GO_Biological_Process_2023,Membrane Organization (GO:0061024),26/167,2.492376385525767e-06,8.222655777160009e-05,0,0,3.1252398831873176,40.32270107269945,MTCH1;SAR1B;ATP2C1;CORO1C;SNX3;SERP1;CHMP1B;LMNA;CHP1;DNM1L;CERT1;AP2M1;SPTBN1;SH3GLB1;HSPA8;ANXA2;EXOC6B;BLTP1;DNM2;RABEP1;VAPA;CHMP2A;EXOC4;TMCC1;VPS28;PICALM
GO_Biological_Process_2023,Positive Regulation Of Nucleic Acid-Templated Transcription (GO:1903508),59/557,2.6069120974231875e-06,8.491400916263367e-05,0,0,2.0303021788647126,26.10429382487204,PHB1;HMGB2;ILK;ZMIZ1;SPIN1;SOX9;YWHAH;MAP2K3;MAP2K1;SMARCC1;FBXW11;DYRK1A;NME2;RHOG;RFX3;EDF1;ARID1A;ILF2;DNM2;MORF4L1;TBL1XR1;MORF4L2;WAC;PPARG;PLCB1;CREB5;SF3B5;ENY2;MAX;LEF1;GATA3;MLLT3;RXRA;ERBB4;SNX5;CREBBP;JUN;SMAD3;ZBTB16;CNBP;USP22;MBD2;STAT3;HMGA1;HMGA2;NR2F2;SMARCA2;FLI1;GATAD2B;HIPK2;PSMC5;RYBP;MAFB;TMEM98;ID2;HNRNPD;CTNNB1;TCF4;PICALM
GO_Biological_Process_2023,Regulation Of Protein Binding (GO:0043393),21/118,2.618990976566208e-06,8.491400916263367e-05,0,0,3.661298411813876,47.05764858777052,APP;GSK3B;TCF7L2;RALB;LRP1;ROCK1;USP9X;RPL11;DERL1;STK4;SPPL3;TLE5;STK3;HIPK2;PPP1CA;TIAM1;MAPK8;FLOT1;RACK1;CRK;RAN
GO_Biological_Process_2023,Regulation Of Proteasomal Ubiquitin-Dependent Protein Catabolic Process (GO:0032434),20/109,2.7635311471872327e-06,8.883453542368532e-05,0,0,3.798582105401552,48.618057285501926,GSK3B;HSP90AB1;USP9X;RPL11;CSNK1D;GABARAP;PIAS1;RBX1;COP1;XPO1;HECTD1;RYBP;SUMO2;GNA12;RACK1;WAC;EIF3H;ELOB;STUB1;ARIH1
GO_Biological_Process_2023,Endosomal Transport (GO:0016197),27/180,3.3349270995169753e-06,0.00010540051110322138,0,0,2.991687979539642,37.72835582758323,WASHC4;VPS29;ITSN1;CLTC;RHOBTB3;CORO1C;SNX3;SNX2;SNX27;CHMP1B;DENND5A;VPS35;ERC1;SNX5;SPAG9;BLTP1;DCLK1;EHD1;ARL4C;RAB10;EHD4;CHMP2A;TMCC1;LAMTOR1;PICALM;ARF6;RAB7A
GO_Biological_Process_2023,rRNA Processing (GO:0006364),19/101,3.3176507882825946e-06,0.00010540051110322138,0,0,3.9146451131777504,49.38815557775373,RPL5;NOP58;RPS7;RPS6;RPL11;RPL35A;SNU13;RPS15;FBL;RPS14;RPS17;RPS28;NSA2;RPS16;EIF6;XRN2;SBDS;RPL27;RPL26
GO_Biological_Process_2023,Regulation Of Stress Fiber Assembly (GO:0051492),16/75,3.564043340971862e-06,0.00011159536190760252,0,0,4.574903093410352,57.39039745521164,ROCK1;ROCK2;LPAR1;PIK3R1;DYNLL1;RHOC;RHOA;ACTG1;CDC42;PAK1;STMN1;RAC1;PFN1;PAK2;CLASP1;FERMT2
GO_Biological_Process_2023,Regulation Of Telomere Maintenance Via Telomerase (GO:0032210),13/51,3.5902788595639205e-06,0.00011159536190760252,0,0,5.7622399020807835,72.24281900780518,CCT3;TENM1;CCT2;NEK7;HNRNPU;CCT6A;TCP1;MAPK1;CTNNB1;CCT8;CCT7;CCT5;CCT4
GO_Biological_Process_2023,Regulation Of RNA Splicing (GO:0043484),19/102,3.863804923906746e-06,0.00011840388436455084,0,0,3.8672748548149434,48.201165134018815,SF3B5;RBM39;MBNL1;ENY2;FUS;CELF1;USP22;DYRK1A;PIK3R1;QKI;PTBP2;HNRNPK;TMEM98;POLR2A;SNRNP70;HNRNPF;TRA2B;SRSF3;RPS13
GO_Biological_Process_2023,Neuron Projection Development (GO:0031175),28/192,3.872288693655877e-06,0.00011840388436455084,0,0,2.8953187537315084,36.080491890856386,APP;NCKAP1;GSK3B;NLGN1;TRIO;ROCK1;CTNND2;DOCK7;PTPRM;FRY;CDC42;PAK1;STMN1;PAK3;GPM6B;LYN;PRMT1;DCLK1;RAB11A;MANF;DNM2;EHD1;TAOK3;VAPA;TNIK;CNTN4;HDGFL3;GAS7
GO_Biological_Process_2023,Regulation Of Early Endosome To Late Endosome Transport (GO:2000641),8/19,4.403265542074142e-06,0.0001335538847075875,0,0,12.212741844086455,150.62174956298162,RAB21;SNX3;MAP2K1;RDX;MSN;MAPK1;DNAJC13;EZR
GO_Biological_Process_2023,Positive Regulation Of Endothelial Cell Migration (GO:0010595),17/85,4.538547865030852e-06,0.00013655582816304827,0,0,4.219254937163376,51.90908612535672,MAP2K3;BCAS3;BMPR2;ANGPT1;ROCK2;PRKCA;PIK3CB;GATA3;GATA2;FOXP1;RHOB;ATP5F1A;ATP5F1B;AKT3;PTK2B;RAC1;FGFR1
GO_Biological_Process_2023,"Regulation Of mRNA Splicing, Via Spliceosome (GO:0048024)",18/94,4.5948176737149285e-06,0.00013715166087969715,0,0,3.9990778833877143,49.15099257953038,RBM39;DDX5;RBFOX2;KHDRBS3;WTAP;CELF1;HNRNPU;QKI;RBM3;HNRNPK;NOVA1;TRA2B;TRA2A;SRSF3;SRSF6;SRSF7;RBMX;SRSF9
GO_Biological_Process_2023,Positive Regulation Of Cell Migration (GO:0030335),35/272,4.792964122251197e-06,0.00014193966979359645,0,0,2.5105485232067513,30.75010593392799,BMPR2;SEMA3C;ROCK2;LEF1;IGF1R;CDC42;PPP3CA;NIPBL;PAK1;MGAT5;RACK1;PTK2B;SOX9;CLASP1;SPAG9;UBE2I;HSPA5;SMURF2;PRKCE;RDX;STAT3;ADAM10;PRKCA;ACTN4;RHOC;PTK2;RAB11A;TIAM1;MMP14;AGO2;SPRY2;PFN1;DOCK1;FERMT2;DDR2
GO_Biological_Process_2023,Regulation Of Macroautophagy (GO:0016241),18/96,6.26793821703286e-06,0.00018416965339266084,0,0,3.896122745179349,46.675796295214376,SH3GLB1;ATP6V1A;BNIP3L;ATP6V0B;ATP6V0E1;GNAI3;C9ORF72;MAPK8;ATP6V1B2;EXOC4;WAC;ATP6V1H;VPS35;ATP6V0D1;ATP6V1C1;SNX5;ATG5;ATP6V0A1
GO_Biological_Process_2023,Positive Regulation Of Protein Polymerization (GO:0032273),15/70,6.745419059492353e-06,0.00019666295412985068,0,0,4.597751710654936,54.74380634264279,NCKAP1;TENM1;HSP90AA1;PRKCE;ARL2;BAIAP2;PAK1;TPPP3;FCHSD2;NCK2;PTK2B;RAC1;PFN1;CLASP1;ARF6
GO_Biological_Process_2023,Negative Regulation Of Protein Localization To Plasma Membrane (GO:1903077),8/20,6.974963108607322e-06,0.00020068773879949436,0,0,11.194419709112497,132.9133995990264,PID1;CLTC;PPP2R5A;CSK;AP2M1;RHOQ;BCL2L1;PICALM
GO_Biological_Process_2023,Positive Regulation Of Phosphorylation (GO:0042327),31/231,6.990187126491295e-06,0.00020068773879949436,0,0,2.630631818181818,31.22823881446328,APP;RALB;ROCK2;PELI2;ILK;ARRB1;EFNA5;STK4;IGF1R;PAK1;ERBB4;RACK1;FLOT1;NPTN;SOX9;RAC1;LYN;HSP90AA1;ANGPT1;PTGES3;CSNK1D;PTK2;MOB3B;MOB1A;SLCO3A1;ROR1;TNIK;WDFY2;FGFR2;DDR2;FGFR1
GO_Biological_Process_2023,Spliceosomal Complex Assembly (GO:0000245),14/62,7.1411132312350435e-06,0.00020193779595996237,0,0,4.914465831095195,58.23466012519492,SF3B5;CELF1;SF3B6;SNRPD2;SNRPD1;LUC7L3;SNRPE;SNRPB2;SNRPF;SRSF5;TXNL4A;SRSF6;SNRPB;SRSF9
GO_Biological_Process_2023,Mesenchymal Cell Differentiation (GO:0048762),13/54,7.131202641917887e-06,0.00020193779595996237,0,0,5.33976176971072,63.28168047279751,GSK3B;DDX5;ROCK1;SEMA3C;ROCK2;LEF1;HMGA2;RBPJ;TBX20;CTNNB1;SOX9;FGFR2;FGFR1
GO_Biological_Process_2023,Regulation Of Myeloid Cell Differentiation (GO:0045637),9/26,7.455997038294516e-06,0.0002092686929927289,0,0,8.895250078641082,105.02169780452476,HSPA9;LYN;CDK6;MAFB;EIF6;PRMT1;ZBTB16;PTK2B;MEIS2
GO_Biological_Process_2023,Positive Regulation Of Intracellular Protein Transport (GO:0090316),21/126,7.663872330621669e-06,0.00021350980618865256,0,0,3.380900900900901,39.82360863961995,SH3GLB1;YWHAE;FIS1;GSK3B;TENM1;BCAS3;SMAD3;JUP;SAR1B;UBE2D3;PIK3R1;OAZ2;MAPK8;UBR5;NMT1;RAC2;CHP1;FLNA;FYN;ERGIC3;RAN
GO_Biological_Process_2023,MAPK Cascade (GO:0000165),18/98,8.469750805692455e-06,0.00023422597632506855,0,0,3.7983153638814016,44.3605611069013,MAP2K3;YWHAE;MAP2K4;MAP3K3;MAP2K1;DUSP6;RBX1;ZFP36L1;PPP1CB;PPP1CC;MAPK8;PAK1;TAOK3;NF1;MAPK1;SOX9;TNIK;FGFR1
GO_Biological_Process_2023,Positive Regulation Of Macromolecule Metabolic Process (GO:0010604),42/364,9.309357637019036e-06,0.00025556565016663204,0,0,2.2214636483411185,25.734524455114386,APP;RPL5;GSK3B;MTPN;PHB1;PID1;BMPR2;DDX3X;ROCK1;CELF1;ROCK2;RPL11;LEF1;PIK3CB;RBPJ;GATA2;ACTG2;ACTG1;GJA1;MAPK8;UBR5;VPS35;SOX9;MAP2K1;TLE1;SMAD3;ANXA2;RPS7;ANGPT1;RDX;STAT3;RAB27A;HMGA2;MSN;OXSR1;ACTA2;ID2;NOS1AP;SPRY2;PPARG;EZR;BMPR1A
GO_Biological_Process_2023,Positive Regulation Of Transcription By RNA Polymerase II (GO:0045944),85/938,1.0805927939433428e-05,0.00029450068826238497,0,0,1.716313360336592,19.62675673169694,APP;PID1;DDX3X;BMPR2;HMGB2;HNRNPU;TCF21;ARRB1;CCNC;LDB2;YBX1;RBPJ;PPP3CA;RPS6KA3;RPS6KA5;ZMIZ1;NAMPT;NCK2;SOX9;GTF2I;ACTR3;ACTR2;BCAS3;ANXA2;TCF12;UBE2E1;NME2;RFX3;OXSR1;ZEB2;SFRP2;TFDP2;TBL1XR1;PPARG;ERG;PTMA;ATF3;RHOQ;GTF2A2;NFIX;MAX;SATB2;LEF1;GATA3;PIK3R1;GATA2;RXRA;ZNHIT1;PCBP1;E2F3;HES1;RTRAF;STAT5B;TCF7L2;CREBBP;JUN;JAG1;SMAD3;JUP;PRRX1;PCGF5;CNBP;STAT3;HMGA1;HMGA2;ESRRG;NR2F2;SMARCA2;MEIS2;PBX1;HIPK2;NR4A2;SEM1;KLF7;NFIA;AGO2;TCEA1;CTNNB1;TCF4;CDK13;SSBP2;RBMX;SSBP3;FGFR2;BMPR1A
GO_Biological_Process_2023,Regulation Of Organelle Organization (GO:0033043),18/100,1.134202780016174e-05,0.00030688752918279355,0,0,3.705279074354086,42.19199598767779,FIS1;CLIC4;ARL6IP1;SAR1B;RDX;RAP1GDS1;MSN;MYO5A;PTK2;ZEB2;TAOK1;MAPK1;VPS35;EZR;DNM1L;ARMH3;PAK2;ATG5
GO_Biological_Process_2023,rRNA Metabolic Process (GO:0016072),17/91,1.185046044676487e-05,0.0003183541552877334,0,0,3.8759158620020377,43.96507111454691,RPL5;NOP58;RPS7;RPS6;RPL11;RPL35A;ZFP36L1;RPS15;FBL;RPS17;RPS28;RPS16;XRN2;SPIN1;SBDS;RPL27;RPL26
GO_Biological_Process_2023,Neuron Development (GO:0048666),23/150,1.20369581719495e-05,0.00032107091974966013,0,0,3.0633758776542823,34.70047845953148,LYN;APP;GSK3B;TENM1;NLGN1;ROCK1;PRMT1;DOCK7;PBX3;PTPRM;FRY;PBX1;RAB11A;MANF;EHD1;UGCG;UGDH;VAPA;TAOK1;STMN1;CNTN4;HDGFL3;B4GALT5
GO_Biological_Process_2023,Regulation Of MAPK Cascade (GO:0043408),28/204,1.25166218925571e-05,0.0003315141897035722,0,0,2.6961798401054975,30.435699527491487,ROCK1;ROCK2;PELI2;LPAR1;ETFA;IQGAP1;STK4;PHB2;IGF1R;STK3;PAK1;MAPK1;PAK3;PAK2;LYN;DUSP4;MAP2K1;DUSP1;YWHAZ;DUSP6;TAOK3;NF1;GRB2;LAMTOR1;TNIK;RAF1;FGFR2;FGFR1
GO_Biological_Process_2023,Positive Regulation Of DNA Biosynthetic Process (GO:2000573),14/65,1.2779468693468331e-05,0.0003361089633296112,0,0,4.624642336791476,52.10894687836641,CCT3;CCT2;HSP90AA1;HSP90AB1;PTGES3;NEK7;CCT6A;TCP1;MAPK1;CTNNB1;CCT8;CCT7;CCT5;CCT4
GO_Biological_Process_2023,Regulation Of mRNA Stability (GO:0043488),15/74,1.3789482188858869e-05,0.00036015446189095973,0,0,4.285128485511208,47.95746288423357,ROCK1;YTHDF3;CELF1;ROCK2;FUS;HNRNPU;PRKCA;YBX1;PUM1;TENT5C;ZFP36L1;PUM2;CARHSP1;SERBP1;VIM
GO_Biological_Process_2023,Establishment Of Endothelial Barrier (GO:0061028),9/28,1.487343284948242e-05,0.0003857860754958854,0,0,7.958063608218407,88.46130957206783,RAP1B;PPP1R16B;RAB1A;RAP1A;RAP2B;PDE4D;RDX;MSN;EZR
GO_Biological_Process_2023,Peptidyl-Threonine Modification (GO:0018210),14/66,1.5384509291639904e-05,0.0003963091742866964,0,0,4.5354658770057155,50.26271065142569,GSK3B;ROCK1;ROCK2;GALNT2;GALNT1;DYRK1A;STK39;PRKCA;OXSR1;HIPK1;HIPK2;MAPK8;CSNK2B;MAPK1
GO_Biological_Process_2023,Regulation Of Cardiac Muscle Contraction (GO:0055117),10/35,1.6093914641546746e-05,0.0004089811686949818,0,0,6.723996431757359,74.2132147919667,RGS2;PLN;PDE4D;PDE4B;ATP2A2;STC1;CALM3;SRI;CALM1;CALM2
GO_Biological_Process_2023,Negative Regulation Of Myeloid Cell Differentiation (GO:0045638),8/22,1.5995392212515146e-05,0.0004089811686949818,0,0,9.594199211296273,105.95075536658548,HSPA9;CDK6;MAFB;PRMT1;ZBTB16;PTK2B;MEIS2;ZFP36L1
GO_Biological_Process_2023,Regulation Of Neuron Projection Development (GO:0010975),25/174,1.6314408967494954e-05,0.0004118019605822048,0,0,2.8399092199958735,31.30563095800604,GSK3B;NLGN1;MYCBP2;LPAR1;PTN;EFNB2;SNX3;PAK1;RAP1A;SIPA1L1;CFL1;NPTN;PTK2B;DENND5A;PAK3;PAK2;NDEL1;LYN;MYLIP;CAMK1D;CBFA2T2;TANC2;ROR1;EPHA3;DDR2
GO_Biological_Process_2023,Regulation Of Autophagy (GO:0010506),31/241,1.653254267221949e-05,0.00041224323217770666,0,0,2.504021645021645,27.56972862565056,ATP6V1A;VPS29;GSK3B;ROCK1;ITPR1;PIK3CB;C9ORF72;MAPK8;PIP4K2A;STK38L;ATP6V1H;VPS35;DNM1L;EIF4E;ATP6V1C1;SNX5;ATP6V0A1;SH3GLB1;ATP6V0B;ATP6V0E1;DAPK1;DAPK2;STAT3;DAP;CCNY;EXOC4;WAC;ATP6V1B2;VDAC1;ATP6V0D1;EIF4G2
GO_Biological_Process_2023,Ribosome Assembly (GO:0042255),12/50,1.6551110890410452e-05,0.00041224323217770666,0,0,5.314237335967264,58.5047435240258,RPS15;RPL5;RPS14;RPS28;DDX3X;RPL10;EIF6;RPS5;RPL11;SBDS;RPS27L;RPL23A
GO_Biological_Process_2023,Regulation Of Protein Phosphorylation (GO:0001932),33/265,1.7648769509735793e-05,0.0004366909350402389,0,0,2.414346617674769,26.424648283079495,APP;PID1;RALB;ROCK2;PELI2;ILK;ARRB1;EFNA5;STK4;C9ORF72;CORO1C;PAK1;SOCS1;ERBB4;RACK1;FLOT1;NPTN;CHP1;FYN;SOX9;RAC1;SLIT2;LYN;HSP90AA1;ANGPT1;CSNK1D;PTK2;MOB3B;MOB1A;CCNY;SLCO3A1;TNIK;WDFY2
GO_Biological_Process_2023,Receptor Internalization (GO:0031623),12/51,2.053908570089124e-05,0.0005048856295493592,0,0,5.177699869388878,55.883851168236745,DNM3;RALA;RALB;GRK2;LRP1;CLTC;ARRB1;GRB2;ARRB2;AP2M1;DNM2;PICALM
GO_Biological_Process_2023,Rac Protein Signal Transduction (GO:0016601),7/17,2.1379022920227975e-05,0.0005221201636556974,0,0,11.744928825622775,126.29439831316483,CYFIP1;NCKAP1;TIAM1;RHOG;ELMO1;BRK1;RAC1
GO_Biological_Process_2023,Protein-Containing Complex Assembly (GO:0065003),38/328,2.231055976532012e-05,0.0005413549372733482,0,0,2.2273464365712843,23.855883665045052,HSP90AB1;GTF2B;CUL3;CLTC;SLC2A1;LIN7A;HSPD1;AP2S1;NCK2;TMED2;PTK2B;RPL38;ELOB;HES1;SOX9;STXBP6;DNM1L;AP2M1;RAB5IF;CCT2;CREBBP;HSP90AA1;SMAD3;TRAPPC1;ANGPT1;PTGES3;CSNK1D;TIAM1;CSNK2B;TCP1;CAPZA2;CHMP2A;SRPRA;TCF4;PFDN5;FERMT2;MCU;PICALM
GO_Biological_Process_2023,U2-type Prespliceosome Assembly (GO:1903241),8/23,2.3312879336927142e-05,0.0005620496101678397,0,0,8.954111012169783,95.5090662005365,SF3B5;SNRPD2;SNRPD1;SF3B6;SNRPB2;SNRPE;SNRPF;SNRPB
GO_Biological_Process_2023,Protein Glycosylation (GO:0006486),22/147,2.721125247341166e-05,0.0006518568188057405,0,0,2.9747015329125337,31.26970547939514,ARFGEF1;GALNT7;OST4;TUSC3;GALNT2;GALNT18;GFPT2;GALNT1;GFPT1;OGA;GALNT10;DDOST;KRTCAP2;FUT8;SERP1;TMEM258;DAD1;OSTC;MGAT5;ST8SIA4;LARGE1;B4GALT5
GO_Biological_Process_2023,Actin Cytoskeleton Reorganization (GO:0031532),12/53,3.1084220902996574e-05,0.0007399224988365198,0,0,4.9246060289021125,51.11155145116831,MKLN1;PAK1;SIPA1L1;MYH9;FLNA;RICTOR;GRB2;TNIK;EZR;ATP2C1;RHOA;MCU
GO_Biological_Process_2023,Negative Regulation Of Ion Transmembrane Transporter Activity (GO:0032413),8/24,3.3240484248535775e-05,0.0007631396566720642,0,0,8.394033837934105,86.55711144255017,YWHAE;PLN;CAB39;PRKCE;STK39;NEDD4L;OXSR1;CALM2
GO_Biological_Process_2023,Regulation Of Establishment Or Maintenance Of Cell Polarity (GO:0032878),7/18,3.3277028368577114e-05,0.0007631396566720642,0,0,10.676641863474604,110.08304523212794,RAP1B;BCAS3;ROCK1;ROCK2;RACK1;PTK2B;CYRIB
GO_Biological_Process_2023,Stress Granule Assembly (GO:0034063),8/24,3.3240484248535775e-05,0.0007631396566720642,0,0,8.394033837934105,86.55711144255017,DAZAP2;DDX6;DYNC1H1;DDX3X;YTHDF3;CSDE1;C9ORF72;RPS23
GO_Biological_Process_2023,Fc-gamma Receptor Signaling Pathway (GO:0038094),8/24,3.3240484248535775e-05,0.0007631396566720642,0,0,8.394033837934105,86.55711144255017,LYN;VAV3;PAK1;YES1;LCK;PRKCE;FYN;PTK2
GO_Biological_Process_2023,Regulation Of Intracellular Signal Transduction (GO:1902531),35/297,3.249732071557522e-05,0.0007631396566720642,0,0,2.2679451997548337,23.437746078316923,RPL5;NLGN1;TRIO;SGMS1;ITSN1;RPL11;ARHGAP5;STK4;KALRN;GNAI1;STK3;GNA13;PAK1;GNA12;PIP5K1B;RICTOR;PAK3;PAK2;LYN;VAV3;PPP1R16B;DAPK2;SWAP70;DYNLL1;MOB3B;HIPK2;TIAM1;TAOK3;TRAF3;GRB2;TNIK;EZR;DOCK2;CALM2;CRK
GO_Biological_Process_2023,RNA Splicing (GO:0008380),17/98,3.2450821821476095e-05,0.0007631396566720642,0,0,3.5396413768645965,36.58497150277747,IVNS1ABP;MBNL1;SNRPN;FUS;PRMT1;LSM4;SNRPD2;SNRPD1;NOVA1;TRA2B;SRSF2;LUC7L3;SNRPF;TXNL4A;SRSF7;BCAS2;SNRPB
GO_Biological_Process_2023,Regulation Of Transcription By RNA Polymerase II (GO:0006357),156/2028,3.553564891412269e-05,0.0008099974276728208,0,0,1.4527350427350427,14.883232989524434,APP;PHB1;PID1;UBE2D3;ZBTB20;UBE2D1;HNRNPU;CCNC;RBPJ;ACTB;RPS14;RPS6KA3;RPS6KA5;ZMIZ1;NAMPT;SOX9;SOX6;GTF2I;SOX5;SMARCC1;KDM2A;PRKCB;FST;UBE2E1;EBF1;RFX3;EBF2;FOXP2;FOXP1;PIAS1;SAP30;TLE5;SFRP2;PRKAR1A;TBL1XR1;ERG;EZR;ATF3;DDX5;ENY2;MAX;ZBTB1;GATA3;PIK3R1;GATA2;PCBP1;ZNF148;STAT5B;JUN;CREBBP;JAG1;UBE2I;SMAD3;CBX5;JUP;SMURF2;FUS;BCL11A;CBX3;ZBTB16;PBX3;HMGA1;HMGA2;ESRRG;NR2F2;SMARCA2;PBX1;FLI1;NR4A2;SEM1;HNRNPK;MAFB;TMEM98;ID2;AGO2;ID4;PHF14;ID3;TCF4;MAFK;CDK13;FGFR2;EZH2;BMPR1A;DDX3X;BMPR2;HMGB2;TCF21;ARRB1;LDB2;YBX1;CHD2;CHD1;PPP3CA;NIPBL;NCK2;ELOC;ACTR3;ACTR2;BCAS3;BRD2;PBRM1;KLF12;ANXA2;TCF12;NME2;PAX5;OXSR1;ARID1A;YWHAZ;ZEB2;SARS1;TFDP2;PPARG;SOS1;PTMA;CRK;JDP2;RHOQ;CREB5;GTF2A2;NFIX;RPL10;SATB1;SATB2;LEF1;RXRA;TBX20;E2F3;HES1;JAZF1;RTRAF;TCF7L2;PRRX1;USP9X;PCGF5;CNBP;USP22;STAT3;MBD2;WWP2;KLF3;MEIS2;GATAD2B;HIPK2;BATF;KLF7;PSMC5;NFIA;KLF9;TCEA1;FOSB;CTNNB1;SSBP2;SSBP3;RBMX
GO_Biological_Process_2023,Positive Regulation Of Cellular Process (GO:0048522),58/594,3.5841153418710276e-05,0.0008120396265528274,0,0,1.8488301734570391,18.92539067912348,GSK3B;PHB1;HSP90AB1;DDX3X;FAF1;ACTB;IGF1R;RPS6KA3;PPP3CA;NAMPT;SOX9;RPS9;SMARCC1;PBRM1;CNOT6L;PRMT1;RPS6;RHOG;ADAM10;PRKCA;ARID1A;TIAM1;MMP14;SFRP2;SLC25A5;MTPN;MAPKAP1;CUL3;LEF1;PTN;GNAI2;ZFP36L1;CDC42;EFNB2;PAK1;MAPK8;RPS15A;GRK5;ERBB4;SSR1;PTK2B;RICTOR;HES1;ROMO1;LYN;DYNC1H1;CNBP;NAP1L1;PA2G4;S100B;SMARCA2;MEIS2;PTK2;CTNNB1;EIF4G2;FGFR2;EZH2;FGFR1
GO_Biological_Process_2023,Negative Regulation Of Protein Modification By Small Protein Conjugation Or Removal (GO:1903321),12/54,3.7927981588254246e-05,0.0008440659097835753,0,0,4.8070981743904,48.9354009531458,IVNS1ABP;DNAJA1;RPL5;NXN;RPL11;CHP1;SPOPL;CTNNB1;SPRY2;ARRB1;ARRB2;VPS28
GO_Biological_Process_2023,Peptidyl-Tyrosine Modification (GO:0018212),12/54,3.7927981588254246e-05,0.0008440659097835753,0,0,4.8070981743904,48.9354009531458,LYN;TPST1;LCK;ERBB4;DYRK1A;PTK2B;FYN;EPHA3;PTK2;FGFR2;DDR2;FGFR1
GO_Biological_Process_2023,Regulation Of Blood Vessel Endothelial Cell Migration (GO:0043535),12/54,3.7927981588254246e-05,0.0008440659097835753,0,0,4.8070981743904,48.9354009531458,MAP2K3;ATP5F1A;ATP5F1B;ANGPT1;JUP;AKT3;CSNK2B;NF1;PRKCA;PPARG;GATA2;FGFR1
GO_Biological_Process_2023,Negative Regulation Of Transcription By RNA Polymerase II (GO:0000122),70/763,4.4212519398364544e-05,0.0009781369732779356,0,0,1.7304048972286483,17.349909139997575,PHB1;UBE2D3;HMGB2;HNRNPU;TCF21;UBE2D1;ZBTB20;LDB2;RBPJ;RPS14;NIPBL;SOX9;KLF12;FST;OXSR1;YWHAZ;SAP30;TLE5;ZEB2;SARS1;TBL1XR1;PPARG;EZR;ATF3;JDP2;DDX5;NFIX;RPL10;MAX;SATB1;LEF1;ZBTB1;GATA3;GATA2;RXRA;TBX20;HES1;ZNF148;JAZF1;TCF7L2;CREBBP;JUN;CBX5;SMAD3;UBE2I;SMURF2;USP9X;BCL11A;CBX3;ZBTB16;CNBP;MBD2;STAT3;HMGA2;WWP2;NR2F2;SMARCA2;MEIS2;GATAD2B;NR4A2;KLF7;MAFB;ID2;ID4;PHF14;FOSB;ID3;MAFK;FGFR2;EZH2
GO_Biological_Process_2023,Vesicle Cytoskeletal Trafficking (GO:0099518),10/39,4.53249323892013e-05,0.0009968834544782812,0,0,5.795318219569965,57.962763554822246,MYO1D;RAB1A;MYO1E;MYO1B;FBXW11;MYO6;MYO5A;TANC2;NDEL1;PAFAH1B1
GO_Biological_Process_2023,Negative Regulation Of Cell Migration (GO:0030336),23/163,4.685555653706535e-05,0.0010228920725219,0,0,2.776992006188757,27.68228084231298,CLIC4;JAG1;IGFBP5;LRP1;STC1;PTPRK;ADIPOR1;DYNLL1;SAP30;CORO1C;RHOB;GJA1;SFRP2;RAP2B;STK24;HAS1;NF1;RAC1;SLIT2;SRGAP1;VCL;CLASP1;BMPR1A
GO_Biological_Process_2023,Positive Regulation Of Cellular Biosynthetic Process (GO:0031328),24/174,4.7051403495425264e-05,0.0010228920725219,0,0,2.705546522131888,26.958795672089128,RPL5;TCF7L2;HSP90AA1;SMAD3;DDX3X;HSP90AB1;YTHDF3;PRMT1;SAMD4A;RPS27L;EEF2;ASS1;RBM3;ZEB2;EIF6;DDAH2;AGO2;NOS1AP;HNRNPD;CTNNB1;EIF3E;RPL26;VIM;EIF3D
GO_Biological_Process_2023,Intracellular pH Reduction (GO:0051452),9/32,4.920637439757513e-05,0.001063592954651,0,0,6.572657521506627,65.19739335034531,ATP6V1A;ATP6V0B;ATP6V0E1;ATP6V1B2;ATP6V1H;ATP6V0D1;ATP6V0A1;ATP6V1F;RAB7A
GO_Biological_Process_2023,Regulation Of Protein Dephosphorylation (GO:0035304),10/40,5.7393047110845136e-05,0.0012334585724793,0,0,5.601843592030924,54.70529315680686,PPP1R16B;YWHAB;PPP6R3;PPP2R5A;CALM3;DYNLL1;CALM1;SPPL3;CALM2;HSP90B1
GO_Biological_Process_2023,Regulation Of High Voltage-Gated Calcium Channel Activity (GO:1901841),5/9,5.964358238383536e-05,0.0012602219850876,0,0,20.942495559502664,203.71025124110128,NOS1AP;PDE4B;CALM3;SRI;CALM1
GO_Biological_Process_2023,Regulation Of Actin Filament-Based Movement (GO:1903115),5/9,5.964358238383536e-05,0.0012602219850876,0,0,20.942495559502664,203.71025124110128,PLN;PDE4D;PDE4B;STC1;SRI
GO_Biological_Process_2023,Endothelial Tube Morphogenesis (GO:0061154),5/9,5.964358238383536e-05,0.0012602219850876,0,0,20.942495559502664,203.71025124110128,CSNK2B;CTNNB1;RBPJ;RHOA;RHOB
GO_Biological_Process_2023,Epithelial Tube Morphogenesis (GO:0060562),9/33,6.428398486081922e-05,0.0013284179508875,0,0,6.29846256684492,60.794020556386755,PAK1;TBX20;CSNK2B;CTNNB1;HES1;GATA3;SLIT2;MTSS1;RHOB
GO_Biological_Process_2023,Positive Regulation Of Protein Dephosphorylation (GO:0035307),9/33,6.428398486081922e-05,0.0013284179508875,0,0,6.29846256684492,60.794020556386755,PPP1R16B;HSP90AB1;GNA12;PPP2R5A;CALM3;DYNLL1;CALM1;SPPL3;CALM2
GO_Biological_Process_2023,Positive Regulation Of Telomerase Activity (GO:0051973),9/33,6.428398486081922e-05,0.0013284179508875,0,0,6.29846256684492,60.794020556386755,CCT2;HSP90AA1;HSP90AB1;PTGES3;NEK7;TCP1;MAPK1;CTNNB1;CCT4
GO_Biological_Process_2023,Regulation Of Potassium Ion Transmembrane Transport (GO:1901379),9/33,6.428398486081922e-05,0.0013284179508875,0,0,6.29846256684492,60.794020556386755,YWHAE;CAB39;GNB2;NOS1AP;STK39;NEDD4L;FLNA;WWP2;KCNAB2
GO_Biological_Process_2023,Cellular Component Assembly (GO:0022607),31/260,7.210799900081238e-05,0.0014752857292491,0,0,2.2939261611750696,21.877966526516573,CYFIP2;NCKAP1;NLGN1;ARL6IP1;SLC2A1;LIN7A;LIMD2;CDC42;HAS1;PLS3;PTK2B;ELOB;HES1;SOX9;DNM1L;GPM6B;SPTBN1;AP2M1;CREBBP;YTHDF3;BAIAP2;YWHAZ;RHOA;PTPRD;TIAM1;MYO1B;CSNK2B;CAPZA2;LCP1;EZR;PICALM
GO_Biological_Process_2023,Fc-gamma Receptor Signaling Pathway Involved In Phagocytosis (GO:0038096),7/20,7.335241461568484e-05,0.0014752857292491,0,0,9.033123460169724,85.99745934268543,LYN;VAV3;PAK1;YES1;PRKCE;FYN;PTK2
GO_Biological_Process_2023,Endothelial Cell Development (GO:0001885),7/20,7.335241461568484e-05,0.0014752857292491,0,0,9.033123460169724,85.99745934268543,PPP1R16B;RAP1B;RAP1A;PDE4D;RDX;MSN;STC1
GO_Biological_Process_2023,Negative Regulation Of Protein Localization To Cell Periphery (GO:1904376),7/20,7.335241461568484e-05,0.0014752857292491,0,0,9.033123460169724,85.99745934268543,PID1;CLTC;PPP2R5A;AP2M1;RHOQ;BCL2L1;PICALM
GO_Biological_Process_2023,Regulation Of Fibroblast Migration (GO:0010762),7/20,7.335241461568484e-05,0.0014752857292491,0,0,9.033123460169724,85.99745934268543,PRKCE;HAS1;GNA12;RAC1;PTK2;CORO1C;DDR2
GO_Biological_Process_2023,Peptidyl-Threonine Phosphorylation (GO:0018107),12/58,8.000457421147594e-05,0.0015944887429547,0,0,4.3881571278703815,41.395358821326525,GSK3B;MAPK8;ROCK1;ROCK2;CSNK2B;DYRK1A;STK39;MAPK1;PRKCA;OXSR1;HIPK1;HIPK2
GO_Biological_Process_2023,Cellular Response To Organonitrogen Compound (GO:0071417),17/105,8.012719287914138e-05,0.0015944887429547,0,0,3.256865105271748,30.71841059730657,IGFBP5;JUP;ROCK2;ACTB;HSP90B1;ZFP36L1;RAP1B;RAP1A;CTNNA1;CTNNB1;LAMTOR2;SOX9;SLIT2;LAMTOR1;EZR;LAMTOR4;CPEB4
GO_Biological_Process_2023,Wnt Signaling Pathway (GO:0016055),14/76,8.055350355930157e-05,0.0015945354046659,0,0,3.8019175787680135,35.83911425137604,TCF7L2;DDX3X;WNT2B;JUP;NXN;USP34;LEF1;NR4A2;SFRP2;CPE;CTNNB1;VPS35;FERMT2;WLS
GO_Biological_Process_2023,Positive Regulation Of Filopodium Assembly (GO:0051491),8/27,8.619972723520876e-05,0.0016973674038304,0,0,7.06753526737592,66.14395681348611,CDC42;TENM1;DOCK11;BCAS3;NLGN1;RALA;PIK3R1;RHOQ
GO_Biological_Process_2023,Regulation Of Ubiquitin-Dependent Protein Catabolic Process (GO:2000058),10/42,8.986352809199554e-05,0.0017506009775544,0,0,5.251170829616414,48.92630543846849,RPL5;XPO1;RPS7;SMURF1;RPL11;GNA12;PTK2B;UBE3A;PTK2;HIPK2
GO_Biological_Process_2023,Positive Regulation Of Supramolecular Fiber Organization (GO:1902905),16/96,9.02995452394482e-05,0.0017506009775544,0,0,3.370224215246637,31.384802287600984,APP;NCKAP1;TENM1;PRKCE;ARL2;BAIAP2;MTSS1;PAK1;FCHSD2;CFL2;NCK2;PTK2B;RAC1;PFN1;CLASP1;ARF6
GO_Biological_Process_2023,Regulation Of Protein Metabolic Process (GO:0051246),16/96,9.02995452394482e-05,0.0017506009775544,0,0,3.370224215246637,31.384802287600984,APP;CYFIP1;MTPN;HSP90AB1;RPL10;ROCK2;FAF1;RHOBTB3;NEDD8;MSI2;RBM3;MAPK8;TRAF3;SPOPL;VPS35;EIF4E
GO_Biological_Process_2023,Regulation Of Anatomical Structure Morphogenesis (GO:0022603),19/127,9.441004575115829e-05,0.0018209034977954,0,0,2.968117172928324,27.508103545157425,GSK3B;PID1;NEDD4L;EFNA5;CYRIB;TANC2;PAK1;SIPA1L1;FMNL2;ADGRB3;CFL1;NF1;CTNNB1;TNIK;PAK3;PAK2;FERMT2;FGFR2;CLASP1
GO_Biological_Process_2023,Mitotic Cytokinesis (GO:0000281),12/59,9.532143705479535e-05,0.0018291016569545,0,0,4.2945639153499515,39.7601714054689,ROCK1;ROCK2;RASA1;CFL1;STMN1;EXOC4;EXOC6B;SEPTIN6;RHOC;MYH10;SPTBN1;RHOB
GO_Biological_Process_2023,Regulation Of Substrate Adhesion-Dependent Cell Spreading (GO:1900024),11/51,0.00010602597267916298,0.0020241811332301,0,0,4.623191964285715,42.31065058812664,CDC42;ILK;FLNA;RAC1;ACTN4;EFNA5;CRK;DOCK1;PTK2;FERMT2;CORO1C
GO_Biological_Process_2023,Regulation Of Cellular Component Size (GO:0032535),10/43,0.0001112135030959194,0.0021018793223304,0,0,5.091774119428,46.35581073926513,VAV3;MTPN;RDX;MSN;RAC1;ARHGAP5;EZR;LAMTOR4;PPP1CA;PICALM
GO_Biological_Process_2023,Regulation Of Filopodium Assembly (GO:0051489),10/43,0.0001112135030959194,0.0021018793223304,0,0,5.091774119428,46.35581073926513,CDC42;PPP1R16B;TENM1;DOCK11;BCAS3;NLGN1;RALA;PIK3R1;RHOQ;ARF6
GO_Biological_Process_2023,Negative Regulation Of Cell Differentiation (GO:0045596),26/207,0.00011486952099375744,0.0021601213422876,0,0,2.429379265518362,22.038633101852103,TRIO;HNRNPU;GATA3;ADIPOR1;ACTB;CCDC85B;PTK2B;HES1;SOX9;SMARCC1;JAG1;SMAD3;ZBTB16;OXSR1;SMARCA2;TENT5C;MEIS2;SFRP2;CDK6;ID2;PDCD4;SPRY2;PPARG;CNTN4;FERMT2;ABCG1
GO_Biological_Process_2023,Positive Regulation Of Catabolic Process (GO:0009896),14/79,0.00012451383754564846,0.0023182997178672,0,0,3.6258659871909646,32.60050084640855,GSK3B;HSP90AA1;SMURF1;FAF1;RDX;MSN;OAZ2;PTK2;RBX1;VPS35;FLNB;EZR;VPS28;RAB7A
GO_Biological_Process_2023,Positive Regulation Of Cytoskeleton Organization (GO:0051495),14/79,0.00012451383754564846,0.0023182997178672,0,0,3.6258659871909646,32.60050084640855,NCKAP1;TENM1;BCAS3;DYNC1H1;PRKCE;BAIAP2;MTSS1;FCHSD2;CFL2;NCK2;PTK2B;PFDN2;PFN1;ARF6
GO_Biological_Process_2023,Rho Protein Signal Transduction (GO:0007266),11/52,0.00012767392843771242,0.002365426821942,0,0,4.510191637630662,40.43851794131974,CDC42;GNA13;ROCK1;ROCK2;ARHGDIA;CFL1;GNA12;RHOG;ARHGAP5;RHOA;RHOB
GO_Biological_Process_2023,Regulation Of Cell Cycle Process (GO:0010564),19/130,0.0001297094141649414,0.0023796932032894,0,0,2.8874359971482275,25.84316975407336,SH3GLB1;SMARCC1;PBRM1;HMGA2;PUM1;ARID1A;SMARCA2;SND1;RAB11A;PUM2;CDC42;ZNF207;CTNNB1;CALM3;BIRC6;SOX9;CALM1;CALM2;BCL2L1
GO_Biological_Process_2023,Transmembrane Receptor Protein Serine/Threonine Kinase Signaling Pathway (GO:0007178),19/130,0.0001297094141649414,0.0023796932032894,0,0,2.8874359971482275,25.84316975407336,DDX5;JUN;USP15;SMAD3;BMPR2;SMURF2;SMURF1;USP9X;STAT3;ARRB2;PTPRK;PTK2;HIPK2;ZMIZ1;PDCD4;PPARG;STUB1;FERMT2;BMPR1A
GO_Biological_Process_2023,Golgi Vesicle Transport (GO:0048193),25/197,0.00013079304455102816,0.0023879254395942,0,0,2.45713129231675,21.97140828869195,RAB1A;COPA;KDELR1;SAR1B;PITPNB;CUL3;SNX3;CYTH3;SCFD1;SNX2;TMED2;RAB8B;RAB2A;GABARAPL2;TRAPPC1;MYO5A;DNM2;MYO1B;VAPA;KDELR2;ERGIC3;ERGIC2;ARF5;ERGIC1;CNIH4
GO_Biological_Process_2023,Negative Regulation Of Epithelial Cell Proliferation (GO:0050680),13/70,0.00013169562783474202,0.0023927886777123,0,0,3.8376172990616073,34.2891763733488,PTPRM;CASK;PTPRK;GATA3;NR2F2;MTSS1;ATP5F1A;SFRP2;CDK6;KLF9;NF1;SOX9;FGFR2
GO_Biological_Process_2023,Regulation Of Erythrocyte Differentiation (GO:0045646),9/36,0.00013461544432819984,0.0024340802217228,0,0,5.597742127153892,49.893170447309195,HSPA9;LYN;STAT5B;CDK6;MAFB;PRMT1;STAT3;HMGB2;ZFP36L1
GO_Biological_Process_2023,Negative Regulation Of Macromolecule Metabolic Process (GO:0010605),24/186,0.00013655709200347666,0.0024573742728472,0,0,2.5035297266552914,22.278329653683304,APP;GSK3B;NDFIP1;SMAD3;HSP90AB1;LRP1;CELF1;ROCK2;STAT3;ADAM10;WWP2;GATA2;FOXP1;TLE5;SFRP2;KRT17;PRKAR1A;ID2;RACK1;FLOT2;PPARG;ZNF148;BMPR1A;PICALM
GO_Biological_Process_2023,Fc Receptor Mediated Stimulatory Signaling Pathway (GO:0002431),7/22,0.00014605807768346712,0.0026034333183294,0,0,7.827876631079478,69.13194118026898,LYN;VAV3;PAK1;YES1;PRKCE;FYN;PTK2
GO_Biological_Process_2023,Cytoskeleton-Dependent Intracellular Transport (GO:0030705),7/22,0.00014605807768346712,0.0026034333183294,0,0,7.827876631079478,69.13194118026898,DYNC1I2;TUBA1C;TUBA1B;TUBA1A;TUBB2A;KIF1B;HOOK3
GO_Biological_Process_2023,ncRNA Processing (GO:0034470),16/100,0.0001484308950903596,0.0026245629381929,0,0,3.209054025197523,28.289066167859673,RPL5;NOP58;RPS7;RPS6;RPL11;RPL35A;RPS15;FBL;RPS17;RPS28;RPS16;XRN2;SBDS;RPL27;RPL26;INTS6
GO_Biological_Process_2023,Positive Regulation Of GTPase Activity (GO:0043547),28/234,0.0001486391666671345,0.0026245629381929,0,0,2.2998354003644077,20.270723666026363,GSK3B;DOCK9;DOCK7;RAP1GDS1;SNX13;RASGRP2;C9ORF72;CORO1C;DOCK11;SIPA1L1;RAP1A;RACK1;RSU1;ZC3H15;NDEL1;BCAS3;RHOG;TBC1D9;TIAM1;NF1;PKP4;RGL1;SOS1;MAPRE2;SOS2;FERMT2;EZH2;PICALM
GO_Biological_Process_2023,Positive Regulation Of Dephosphorylation (GO:0035306),8/29,0.00015063243699740323,0.0026350167234755,0,0,6.3937582156638255,56.26934256543676,PPP1R16B;ROCK1;PPP2R5A;CALM3;DYNLL1;CALM1;SPPL3;CALM2
GO_Biological_Process_2023,Vacuolar Acidification (GO:0007035),8/29,0.00015063243699740323,0.0026350167234755,0,0,6.3937582156638255,56.26934256543676,ATP6V1A;ATP6V0B;ATP6V0E1;ATP6V1B2;ATP6V1H;ATP6V0D1;ATP6V0A1;ATP6V1F
GO_Biological_Process_2023,Negative Regulation Of Supramolecular Fiber Organization (GO:1902904),13/71,0.0001529808514976675,0.0026514330989987,0,0,3.7712510024057737,33.13118600209413,ARFGEF1;HSPA8;DYRK1A;CYRIB;TAOK1;STMN1;PFDN2;SLIT2;PFN1;CRYAB;PFDN5;HDGFL3;CLASP1
GO_Biological_Process_2023,Positive Regulation Of Cell-Substrate Adhesion (GO:0010811),13/71,0.0001529808514976675,0.0026514330989987,0,0,3.7712510024057737,33.13118600209413,GSK3B;JUP;ILK;ARL2;CDC42;CDK6;FLNA;PTK2B;RAC1;RSU1;CRK;DOCK1;FERMT2
GO_Biological_Process_2023,Phosphatidylinositol-Mediated Signaling (GO:0048015),12/62,0.00015728169315654415,0.0027033035163906,0,0,4.036246648793566,35.34731756239072,PLCB4;INPP5A;STAT3;NF1;PIK3CB;GATA3;PIK3R1;EZR;PLCB1;IGF1R;ZFP36L1;FGFR1
GO_Biological_Process_2023,Nuclear Migration (GO:0007097),6/16,0.00015812995841689277,0.0027033035163906,0,0,10.058133333333334,88.0297217735493,DYNC1H1;FBXW11;DOCK7;LMNA;HOOK3;PAFAH1B1
GO_Biological_Process_2023,Regulation Of Stem Cell Proliferation (GO:0072091),6/16,0.00015812995841689277,0.0027033035163906,0,0,10.058133333333334,88.0297217735493,GJA1;AGO3;HMGB2;HMGA2;HNRNPU;ZFP36L1
GO_Biological_Process_2023,Positive Regulation Of Transferase Activity (GO:0051347),20/143,0.0001615315204764412,0.0027489594955289,0,0,2.743591432313963,23.953776229558457,CCT2;HSP90AA1;UBE2I;HSP90AB1;PTGES3;ARRDC3;NEK7;IGF1R;ERBB4;TCP1;HNRNPD;MAPK1;CTNNB1;ROR1;SERINC1;RPS2;FGFR2;FGFR1;DDR2;CCT4
GO_Biological_Process_2023,Regulation Of Cellular Component Biogenesis (GO:0044087),9/37,0.00016903376285641825,0.0028508340004618,0,0,5.397536287242169,46.87982688645188,RAP1B;HSPA8;HSP90AA1;RAP1A;ROCK1;ROCK2;RDX;MSN;EZR
GO_Biological_Process_2023,Regulation Of Phosphoprotein Phosphatase Activity (GO:0043666),9/37,0.00016903376285641825,0.0028508340004618,0,0,5.397536287242169,46.87982688645188,GSK3B;HSP90AB1;GNA12;PPP6R3;CSNK2B;CALM3;CALM1;CALM2;HSP90B1
GO_Biological_Process_2023,Regulation Of Cell Cycle (GO:0051726),33/298,0.00017894450320920063,0.003004510163258,0,0,2.1099494793277658,18.205561594131524,YWHAE;HSP90AB1;ANAPC16;HNRNPU;ETFA;GATA3;IQGAP1;PTPRK;ACTB;ANAPC11;RPS15A;GRK5;RPS6KA2;CDC27;RACK1;PIM3;SOX9;JUN;STAT3;NEK7;HMGA2;DHCR24;PUM1;SND1;GADD45G;RHOB;HIPK2;MORF4L1;CDK6;MORF4L2;CKS2;EIF4G2;FGFR2
GO_Biological_Process_2023,Negative Regulation Of Protein Catabolic Process (GO:0042177),11/54,0.0001824011980038093,0.0030489373586325,0,0,4.299958471760798,37.01964069392259,SNX3;GABARAPL2;PHB1;HSP90AB1;ANXA2;ROCK1;SNRNP70;TIMP2;TIMP3;FLNA;AZIN1
GO_Biological_Process_2023,Endosomal Lumen Acidification (GO:0048388),5/11,0.00019877325971116467,0.0032951544730863,0,0,13.960183540556542,118.98747148635331,ATP6V1A;ATP6V0B;ATP6V1H;ATP6V0A1;ATP6V1F
GO_Biological_Process_2023,Cell-Cell Signaling By Wnt (GO:0198738),7/23,0.0001997594309661485,0.0032951544730863,0,0,7.338245106761565,62.51008334581187,DDX3X;NXN;USP34;CPE;VPS35;FERMT2;WLS
GO_Biological_Process_2023,Protein N-linked Glycosylation Via Asparagine (GO:0018279),7/23,0.0001997594309661485,0.0032951544730863,0,0,7.338245106761565,62.51008334581187,OST4;FUT8;TUSC3;DAD1;MGAT5;OSTC;DDOST
GO_Biological_Process_2023,Negative Regulation Of Cellular Process (GO:0048523),51/537,0.0002062308216668528,0.0033870485602141,0,0,1.7861854138088706,15.15848845493582,APP;TENM1;PHB1;BTG1;BMPR2;DDX3X;CELF1;PTPRK;ACTB;RND1;GJA1;RPS6KA2;CHMP1B;RACK1;NCK2;VPS35;MAP2K1;SMARCC1;PBRM1;DUSP1;ADAM10;DYNLL1;TENT5C;RHOB;SFRP2;ALDH1A2;RASA1;CSNK2B;TXNIP;MYH9;RAF1;CRYAB;CRK;GATA3;PDS5B;CCDC85B;ERBB4;LMNA;PLXNA2;PTK2B;SLIT2;LYN;SMAD3;ANGPT1;HMGA1;SMARCA2;CDK6;TMEM98;CHMP2A;PHF14;CTNNB1
GO_Biological_Process_2023,Membrane Fission (GO:0090148),9/38,0.0002104787706973397,0.0034303474018575,0,0,5.211137746634704,44.118147524665126,SH3GLB1;CHMP1B;EXOC6B;CHMP2A;EXOC4;TMCC1;DNM1L;VPS28;CORO1C
GO_Biological_Process_2023,Protein Dephosphorylation (GO:0006470),18/124,0.00021069137193009864,0.0034303474018575,0,0,2.86268626354066,24.23297182934999,PPM1L;FBXW11;DUSP1;PPM1H;PTPRM;PPP2R5A;PPP2R2A;PPP4R3A;PTPRK;DUSP6;PPP1CA;PPP1CB;PTPRD;PPP1CC;PPP3CA;UBASH3B;PTPRA;PPP2R5E
GO_Biological_Process_2023,Positive Regulation Of Ubiquitin-Dependent Protein Catabolic Process (GO:2000060),14/83,0.0002144320987591725,0.003461283791559,0,0,3.4149442736107325,28.84780125882021,GSK3B;SMURF1;CSNK1D;GABARAP;PTK2;PIAS1;RBX1;COP1;HECTD1;SUMO2;RACK1;ELOB;STUB1;ARIH1
GO_Biological_Process_2023,Regulation Of Cell Division (GO:0051302),14/83,0.0002144320987591725,0.003461283791559,0,0,3.4149442736107325,28.84780125882021,SH3GLB1;MLLT3;RAB11A;SFRP2;RACK1;CDK2AP2;TXNIP;BIRC6;SFN;CALM3;CALM1;CALM2;FGFR2;BCL2L1
GO_Biological_Process_2023,Chromatin Remodeling (GO:0006338),27/228,0.00022957927927334335,0.0036899473049018,0,0,2.271414665801428,19.032778923972483,PHB1;USP15;SATB1;SATB2;CHD7;ZBTB1;CHD2;CHD1;PAK1;ZNHIT1;UBR5;SOX9;SKP1;KDM6A;SMARCC1;PBRM1;CBX3;USP3;MBD2;ARID1A;SMARCA2;GATAD2B;RYBP;WAC;TRIP12;TOP1;HDGFL3
GO_Biological_Process_2023,Embryo Development Ending In Birth Or Egg Hatching (GO:0009792),6/17,0.00023272187080686203,0.003724540238743,0,0,9.143272727272729,76.48957040003287,STOX2;CELF1;USP22;CHD7;RICTOR;FGFR1
GO_Biological_Process_2023,Negative Regulation Of Protein Metabolic Process (GO:0051248),20/147,0.00023561684564987097,0.0037548938834286,0,0,2.656612117904704,22.191487588706007,DDX6;PHB1;DDX3X;HSP90AB1;IGFBP5;ROCK1;DAPK1;RPL13A;YBX1;AZIN1;SNX3;SERBP1;RACK1;FLOT2;FLNA;PFDN2;IGF2BP2;PAIP2;CRYAB;PFDN5
GO_Biological_Process_2023,Epithelial To Mesenchymal Transition (GO:0001837),10/47,0.00024447200588346117,0.0038632740089399,0,0,4.540347662559973,37.759391573701286,GSK3B;DDX5;ROCK1;ROCK2;LEF1;HMGA2;CTNNB1;SOX9;RBPJ;FGFR1
GO_Biological_Process_2023,Regulation Of T Cell Differentiation (GO:0045580),10/47,0.00024447200588346117,0.0038632740089399,0,0,4.540347662559973,37.759391573701286,PBRM1;PRELID1;SMARCC1;ZMIZ1;ZBTB1;RHOH;GATA3;ARID1A;SMARCA2;ACTB
GO_Biological_Process_2023,Negative Regulation Of Ubiquitin-Dependent Protein Catabolic Process (GO:2000059),9/39,0.00026002516773372816,0.0040579031362927,0,0,5.0371657754010695,41.580454183726275,RPL5;HSP90AB1;RYBP;RPS7;USP9X;RPL11;WAC;EIF3H;HIPK2
GO_Biological_Process_2023,Positive Regulation Of Lymphocyte Differentiation (GO:0045621),9/39,0.00026002516773372816,0.0040579031362927,0,0,5.0371657754010695,41.580454183726275,PBRM1;SMARCC1;MMP14;ZMIZ1;ZBTB1;RHOH;GATA3;ARID1A;SMARCA2
GO_Biological_Process_2023,Regulation Of Receptor-Mediated Endocytosis (GO:0048259),9/39,0.00026002516773372816,0.0040579031362927,0,0,5.0371657754010695,41.580454183726275,RAB21;MKLN1;ARF1;HNRNPK;FLOT1;PIK3CB;RAC1;ARF6;PICALM
GO_Biological_Process_2023,Positive Regulation Of Canonical Wnt Signaling Pathway (GO:0090263),14/85,0.00027731316015793683,0.0043098132039421,0,0,3.3183956019014715,27.178865049201615,DDX3X;JUP;SMURF2;UBE2B;USP34;ILK;CSNK1D;ZEB2;SFRP2;TBL1XR1;UBR5;FGFR2;WLS;RNF220
GO_Biological_Process_2023,Axon Guidance (GO:0007411),20/149,0.00028275537904784887,0.0043763085621356,0,0,2.615145235453778,21.368164524461783,CYFIP2;CYFIP1;TRIO;SEMA3C;MYCBP2;PTPRM;UNC5C;EFNA5;KALRN;PTK2;EFNB2;KLF7;RPS6KA5;PLXNA2;FYN;CNTN4;RAC1;SLIT2;SOS1;EPHA3
GO_Biological_Process_2023,Regulation Of DNA Binding (GO:0051101),10/48,0.0002933382821991342,0.0045214970465202,0,0,4.420630076529415,35.95821873977443,MAPK8;JUN;LEF1;CSNK2B;HMGB2;HMGA2;HES1;EDF1;PPARG;RNF220
GO_Biological_Process_2023,Cellular Response To Transforming Growth Factor Beta Stimulus (GO:0071560),15/96,0.00030875768788044623,0.0047040024614569,0,0,3.1176158237090137,25.19954457664076,USP15;JUN;SMAD3;USP9X;STAT3;ARRB2;PTPRK;PTK2;ZFP36L1;ZMIZ1;SOX9;SOX6;FERMT2;SOX5;BMPR1A
GO_Biological_Process_2023,7-Methylguanosine Cap Hypermethylation (GO:0036261),4/7,0.0003101814970596477,0.0047040024614569,0,0,22.32002366163857,180.3090291567355,SNRPD2;SNRPD1;SNRPE;SNRPF
GO_Biological_Process_2023,RNA Capping (GO:0036260),4/7,0.0003101814970596477,0.0047040024614569,0,0,22.32002366163857,180.3090291567355,SNRPD2;SNRPD1;SNRPE;SNRPF
GO_Biological_Process_2023,Positive Regulation Of Arp2/3 Complex-Mediated Actin Nucleation (GO:2000601),4/7,0.0003101814970596477,0.0047040024614569,0,0,22.32002366163857,180.3090291567355,CYFIP1;NCKAP1;FCHSD2;BRK1
GO_Biological_Process_2023,miRNA Processing (GO:0035196),8/32,0.0003173028896001753,0.0047777305658765,0,0,5.5936479667557135,45.060491233990845,DDX5;SMAD3;AGO3;AGO4;AGO2;SRSF3;PUM1;PUM2
GO_Biological_Process_2023,Aortic Valve Development (GO:0003176),9/40,0.0003188541271031693,0.0047777305658765,0,0,4.87441780231154,39.24284995900035,BMPR2;JAG1;ROCK1;ROCK2;TBX20;GATA3;SLIT2;SOX9;RBPJ
GO_Biological_Process_2023,Regulation Of Microtubule Cytoskeleton Organization (GO:0070507),9/40,0.0003188541271031693,0.0047777305658765,0,0,4.87441780231154,39.24284995900035,GSK3B;ROCK1;TAOK1;STMN1;CDK2AP2;EFNA5;MAPRE2;CLASP1;EPHA3
GO_Biological_Process_2023,Regulation Of Cell Communication By Electrical Coupling (GO:0010649),5/12,0.0003248986244206455,0.0048489830414525,0,0,11.965237249429078,96.1047538693983,PDE4D;CALM3;SRI;CALM1;CALM2
GO_Biological_Process_2023,Regulation Of Epidermal Cell Differentiation (GO:0045604),6/18,0.0003324448990833595,0.0049225404151673,0,0,8.380888888888888,67.12284441552448,KLF7;ROCK1;ROCK2;SFN;AQP3;ZFP36L1
GO_Biological_Process_2023,Positive Regulation Of Neutrophil Chemotaxis (GO:0090023),6/18,0.0003324448990833595,0.0049225404151673,0,0,8.380888888888888,67.12284441552448,CAMK1D;DAPK2;RAC2;RAC1;DNM1L;MCU
GO_Biological_Process_2023,Peptidyl-Tyrosine Phosphorylation (GO:0018108),12/67,0.0003365304522747505,0.0049634942392366,0,0,3.668340238849622,29.33506361690897,LYN;LCK;ERBB4;DYRK1A;PTK2B;FYN;EPHA3;PTK2;FGFR2;IGF1R;DDR2;FGFR1
GO_Biological_Process_2023,Negative Regulation Of Protein Localization To Membrane (GO:1905476),7/25,0.00035460518132788134,0.0051893777703274,0,0,6.522192566231712,51.815595058057546,PID1;CLTC;PPP2R5A;AP2M1;RHOQ;BCL2L1;PICALM
GO_Biological_Process_2023,Regulation Of Neutrophil Chemotaxis (GO:0090022),7/25,0.00035460518132788134,0.0051893777703274,0,0,6.522192566231712,51.815595058057546,CAMK1D;DAPK2;RAC2;RAC1;SLIT2;DNM1L;MCU
GO_Biological_Process_2023,Regulation Of Protein Kinase Activity (GO:0045859),17/119,0.0003787042359737328,0.0055205683391364,0,0,2.807749850388989,22.121573277941987,MAP2K3;IQGAP1;PTK2;DEPTOR;RAP1A;RAP2B;UBASH3B;CCNY;CAMK2N1;NF1;CHP1;PTK2B;SFN;PAK2;YWHAG;DDR2;RTRAF
GO_Biological_Process_2023,Positive Regulation Of Protein-Containing Complex Assembly (GO:0031334),15/98,0.00038809123563825096,0.0056162835327125,0,0,3.0421686746987953,23.89401446870836,SH3GLB1;GSK3B;HSP90AA1;DDX3X;FAF1;NEK7;BRK1;RHOC;RAP1B;MAPK8;TPPP3;RACK1;STUB1;LCP1;FERMT2
GO_Biological_Process_2023,Positive Regulation Of Actin Filament Polymerization (GO:0030838),9/41,0.0003882567717376385,0.0056162835327125,0,0,4.721841577540107,37.08460551081584,NCKAP1;TENM1;FCHSD2;PRKCE;NCK2;PTK2B;BAIAP2;PFN1;ARF6
GO_Biological_Process_2023,Regulation Of Protein Polymerization (GO:0032271),8/33,0.00039826933117642686,0.0057390458028909,0,0,5.369617097061442,42.035414205654995,HSP90AA1;TPPP3;FCHSD2;RASA1;COTL1;ARL2;PAK3;PFN1
GO_Biological_Process_2023,Plasma Membrane Bounded Cell Projection Morphogenesis (GO:0120039),10/50,0.0004157313026211086,0.0059451157002204,0,0,4.1991525423728815,32.69238207978703,NCKAP1;NLGN1;PAK1;TRIO;SNX2;TAOK3;TNIK;DCLK1;DNM2;GAS7
GO_Biological_Process_2023,Regulation Of Epithelial Cell Migration (GO:0010632),10/50,0.0004157313026211086,0.0059451157002204,0,0,4.1991525423728815,32.69238207978703,BMPR2;PRKCE;SOX9;PTN;PFN1;DOCK1;CLASP1;PTK2;RAB11A;CORO1C
GO_Biological_Process_2023,Cellular Response To Lectin (GO:1990858),6/19,0.00046274934252938846,0.0062157152759036,0,0,7.735794871794872,59.39794737017518,LYN;CREBBP;PAK1;FYN;PAK3;PAK2
GO_Biological_Process_2023,Cortical Actin Cytoskeleton Organization (GO:0030866),6/19,0.00046274934252938846,0.0062157152759036,0,0,7.735794871794872,59.39794737017518,NCKAP1;FMNL2;ROCK1;ROCK2;LCP1;RHOQ
GO_Biological_Process_2023,Establishment Of Epithelial Cell Polarity (GO:0090162),6/19,0.00046274934252938846,0.0062157152759036,0,0,7.735794871794872,59.39794737017518,CDC42;CYTH3;MSN;EZR;RHOA;CYTH1
GO_Biological_Process_2023,Arp2/3 Complex-Mediated Actin Nucleation (GO:0034314),6/19,0.00046274934252938846,0.0062157152759036,0,0,7.735794871794872,59.39794737017518,ACTR3;ARPC2;ARPC3;ARPC5L;ARPC4;ARPC5
GO_Biological_Process_2023,Negative Regulation Of Calcium Ion Transmembrane Transport (GO:1903170),6/19,0.00046274934252938846,0.0062157152759036,0,0,7.735794871794872,59.39794737017518,YWHAE;PPP3CA;PLN;SESTD1;VDAC1;CALM2
GO_Biological_Process_2023,Stimulatory C-type Lectin Receptor Signaling Pathway (GO:0002223),6/19,0.00046274934252938846,0.0062157152759036,0,0,7.735794871794872,59.39794737017518,LYN;CREBBP;PAK1;FYN;PAK3;PAK2
GO_Biological_Process_2023,Negative Regulation Of RNA Splicing (GO:0033119),6/19,0.00046274934252938846,0.0062157152759036,0,0,7.735794871794872,59.39794737017518,SRSF6;RBMX;SRSF7;PTBP2;RPS13;SRSF9
GO_Biological_Process_2023,Regulation Of Keratinocyte Differentiation (GO:0045616),7/26,0.0004617419465677731,0.0062157152759036,0,0,6.178591496534931,47.454699052271465,PRKCH;ROCK1;ROCK2;NME2;SRSF6;AQP3;ZFP36L1
GO_Biological_Process_2023,Regulation Of Monoatomic Ion Transmembrane Transporter Activity (GO:0032412),12/69,0.0004458098952742269,0.0062157152759036,0,0,3.5392502704482385,27.307502882914356,YWHAE;APP;NLGN1;HOMER1;DAPK1;STK39;NEDD4L;PTK2B;WWP2;PHB2;CNIH4;YWHAH
GO_Biological_Process_2023,Regulation Of Actin Filament Bundle Assembly (GO:0032231),7/26,0.0004617419465677731,0.0062157152759036,0,0,6.178591496534931,47.454699052271465,CDC42;ROCK1;ROCK2;RDX;RAC1;PFN1;MTSS1
GO_Biological_Process_2023,"Wnt Signaling Pathway, Planar Cell Polarity Pathway (GO:0060071)",7/26,0.0004617419465677731,0.0062157152759036,0,0,6.178591496534931,47.454699052271465,CDC42;TIAM1;SMURF2;DAAM1;SMURF1;RAC1;RHOA
GO_Biological_Process_2023,Fc Receptor Signaling Pathway (GO:0038093),7/26,0.0004617419465677731,0.0062157152759036,0,0,6.178591496534931,47.454699052271465,LYN;VAV3;MAPK10;MAP2K4;MAPK8;LCK;SOS1
GO_Biological_Process_2023,Plasma Membrane Bounded Cell Projection Organization (GO:0120036),18/132,0.00046058965965451695,0.0062157152759036,0,0,2.6606610866789615,20.441867165639188,LYN;APP;CYFIP1;GSK3B;NLGN1;ROCK1;PRMT1;DOCK7;PTPRM;FRY;RAB11A;MANF;EHD1;VAPA;STMN1;CNTN4;RAC1;HDGFL3
GO_Biological_Process_2023,Positive Regulation Of Protein Localization To Membrane (GO:1905477),13/79,0.0004572054263473701,0.0062157152759036,0,0,3.3127202255109234,25.476069938966223,FIS1;PRKCH;LRP1;PRKCE;RHOG;PIK3R1;MAPK8;NMT1;CHP1;FYN;EPHA3;SPTBN1;ARF6
GO_Biological_Process_2023,Regulation Of Vesicle-Mediated Transport (GO:0060627),14/89,0.0004515319996600587,0.0062157152759036,0,0,3.1407460459564307,24.192740635195516,MAP2K1;RALA;SEPTIN1;SEPTIN2;DNAJC13;RAB11A;RAB21;SCFD1;DNAJC5;AP2S1;MAPK1;STXBP5;RAB8B;PICALM
GO_Biological_Process_2023,Regulation Of Cardiac Muscle Cell Contraction (GO:0086004),7/26,0.0004617419465677731,0.0062157152759036,0,0,6.178591496534931,47.454699052271465,PLN;JUP;PDE4D;PDE4B;ATP2A2;STC1;SRI
GO_Biological_Process_2023,Endocytosis (GO:0006897),23/189,0.0004395889375252212,0.0062157152759036,0,0,2.338790178765604,18.078077451936625,APP;RAB1A;LRP1;CLTC;LDLRAD3;CSNK1D;DNAJC13;C9ORF72;BLTP1;CORO1C;DNM2;EHD1;DNM3;CDC42;MYO1E;EHD4;MYO6;ATP6V1H;MAPK1;SNX5;RHOQ;PICALM;RAB7A
GO_Biological_Process_2023,Positive Regulation Of Actin Filament Bundle Assembly (GO:0032233),10/51,0.0004912694951412901,0.0065288500750049,0,0,4.096516611910098,31.20938436043266,CDC42;PAK1;ROCK2;LPAR1;RAC1;RHOC;PFN1;MTSS1;RHOA;FERMT2
GO_Biological_Process_2023,Positive Regulation Of Protein Localization To Plasma Membrane (GO:1903078),10/51,0.0004912694951412901,0.0065288500750049,0,0,4.096516611910098,31.20938436043266,PRKCH;LRP1;PRKCE;RACK1;RHOG;PIK3R1;ATP2C1;EPHA3;SPTBN1;ARF6
GO_Biological_Process_2023,Negative Regulation Of MAP Kinase Activity (GO:0043407),10/51,0.0004912694951412901,0.0065288500750049,0,0,4.096516611910098,31.20938436043266,LYN;DNAJA1;RGS2;DUSP1;STK38;NF1;PDCD4;SPRY2;PPARG;PIK3CB
GO_Biological_Process_2023,Regulation Of Cell Adhesion (GO:0030155),19/144,0.0004939138412866689,0.0065356252641891,0,0,2.5621294964028776,19.50587480822964,LYN;ROCK1;ANGPT1;DUSP1;ROCK2;ADAM10;PRKCA;EFNA5;PTK2;RND1;PPP1CB;PPP3CA;RASA1;PLXNA2;RAC2;PTK2B;PKP4;RSU1;CYTH1
GO_Biological_Process_2023,Apoptotic Mitochondrial Changes (GO:0008637),8/34,0.000495254772744989,0.0065356252641891,0,0,5.162819371189808,39.29131794491597,ATG3;FIS1;ERBB4;SFN;VPS35;DNM1L;HSPD1;BCL2L1
GO_Biological_Process_2023,RNA Metabolic Process (GO:0016070),16/111,0.0005025886066172516,0.0065515516625551,0,0,2.8358177956101014,21.54013069835138,RBM39;RBFOX2;DDX3X;RBPMS;PABPC4;HNRNPU;RBM3;HNRNPK;AGO3;AGO4;NOVA1;HNRNPF;XRN2;AGO2;HNRNPD;RBMS1
GO_Biological_Process_2023,Cotranslational Protein Targeting To Membrane (GO:0006613),5/13,0.0005034295215310893,0.0065515516625551,0,0,10.469027531083482,79.50249474443994,SEC61A1;SRP72;SSR2;SRPRA;SSR1
GO_Biological_Process_2023,Nucleotide-Sugar Metabolic Process (GO:0009225),5/13,0.0005034295215310893,0.0065515516625551,0,0,10.469027531083482,79.50249474443994,FUT8;UGP2;GMDS;GFPT2;GFPT1
GO_Biological_Process_2023,Positive Regulation Of Cardiac Muscle Cell Proliferation (GO:0060045),5/13,0.0005034295215310893,0.0065515516625551,0,0,10.469027531083482,79.50249474443994,ERBB4;TBX20;RBPJ;FGFR2;BMPR1A
GO_Biological_Process_2023,Positive Regulation Of Macromolecule Biosynthetic Process (GO:0010557),17/122,0.0005087356826805089,0.0065751027579429,0,0,2.7270924168590236,20.68112886598458,RPL5;MTPN;DDX3X;YTHDF3;PRMT1;SAMD4A;RPS27L;EEF2;RBM3;EIF6;NAMPT;AGO2;HNRNPD;EIF3E;RPL26;VIM;EIF3D
GO_Biological_Process_2023,Protein Localization To Nucleus (GO:0034504),17/122,0.0005087356826805089,0.0065751027579429,0,0,2.7270924168590236,20.68112886598458,YWHAE;RAP1GDS1;RPL11;STAT3;HNRNPU;ARL2;STK4;IPO7;PHB2;STK3;LMNA;KPNA4;E2F3;TNPO3;RAN;KPNA1;SKP1
GO_Biological_Process_2023,Positive Regulation Of Protein Transport (GO:0051222),12/70,0.0005107992916796316,0.0065791648493393,0,0,3.4780438199130996,26.36195076219538,TENM1;BCAS3;RACK1;CHP1;DNM1L;ERGIC3;EZR;ATP2C1;MYH10;VPS28;OAZ2;ARF6
GO_Biological_Process_2023,Regulation Of Cell Motility (GO:2000145),17/123,0.0005598601474379535,0.0071864642133588,0,0,2.7012211645946955,20.226267428785544,ROCK1;ROCK2;GATA3;LDB2;CYRIB;RHOA;RHOB;CDK6;ERBB4;LMNA;PLXNA2;FLNA;FYN;RAC1;RAF1;TMSB10;CRK
GO_Biological_Process_2023,mRNA Destabilization (GO:0061157),9/43,0.000564514333054467,0.0072215592061831,0,0,4.443614344133375,33.23621248972259,ROCK1;YTHDF3;AGO3;CELF1;ROCK2;AGO4;AGO2;PUM1;ZFP36L1
GO_Biological_Process_2023,Macromolecule Modification (GO:0043412),13/81,0.0005857937701663684,0.0072669668664621,0,0,3.2149452804377563,23.92736771548493,UBE2I;YES1;UBE2D2;UBE2D3;NEDD8;WWP2;FBXO11;SERP1;STK38;ST8SIA4;CPE;UBA52;UBE2M
GO_Biological_Process_2023,Regulation Of Signal Transduction (GO:0009966),23/193,0.0005916965082382572,0.0072669668664621,0,0,2.2832713952006793,16.97045279723398,APP;MTCH1;CREBBP;HOMER1;IGFBP5;ILK;GATA3;SNX3;RGS4;UGCG;RGS2;UBASH3B;GRK5;NCK2;CSK;FYN;KCTD12;CDK13;PLCB1;CRK;FGFR2;YWHAG;CDC42SE2
GO_Biological_Process_2023,RNA Secondary Structure Unwinding (GO:0010501),4/8,0.0005925574617395369,0.0072669668664621,0,0,16.73913043478261,124.3895279352234,DDX3X;AGO3;AGO4;AGO2
GO_Biological_Process_2023,Mitochondrial Fragmentation Involved In Apoptotic Process (GO:0043653),4/8,0.0005925574617395369,0.0072669668664621,0,0,16.73913043478261,124.3895279352234,FIS1;ERBB4;VPS35;DNM1L
GO_Biological_Process_2023,Negative Regulation Of Transporter Activity (GO:0032410),4/8,0.0005925574617395369,0.0072669668664621,0,0,16.73913043478261,124.3895279352234,NDFIP1;STK39;WWP2;OXSR1
GO_Biological_Process_2023,Positive Regulation Of Early Endosome To Late Endosome Transport (GO:2000643),4/8,0.0005925574617395369,0.0072669668664621,0,0,16.73913043478261,124.3895279352234,RAB21;RDX;MSN;EZR
GO_Biological_Process_2023,Positive Regulation Of Protein Localization To Early Endosome (GO:1902966),4/8,0.0005925574617395369,0.0072669668664621,0,0,16.73913043478261,124.3895279352234,ROCK2;RDX;MSN;EZR
GO_Biological_Process_2023,Positive Regulation Of Protein Localization To Endosome (GO:1905668),4/8,0.0005925574617395369,0.0072669668664621,0,0,16.73913043478261,124.3895279352234,ROCK2;RDX;MSN;EZR
GO_Biological_Process_2023,Regulation Of Protein Localization To Early Endosome (GO:1902965),4/8,0.0005925574617395369,0.0072669668664621,0,0,16.73913043478261,124.3895279352234,ROCK2;RDX;MSN;EZR
GO_Biological_Process_2023,Cell Surface Receptor Signaling Pathway Involved In Cell-Cell Signaling (GO:1905114),7/27,0.0005931823525668358,0.0072669668664621,0,0,5.869350533807829,43.60932551600239,DDX3X;NXN;USP34;CPE;VPS35;FERMT2;WLS
GO_Biological_Process_2023,Clathrin-Dependent Endocytosis (GO:0072583),7/27,0.0005931823525668358,0.0072669668664621,0,0,5.869350533807829,43.60932551600239,FCHSD2;CLTC;ITSN1;AP2S1;AP2A2;AP2M1;PICALM
GO_Biological_Process_2023,Regulation Of Actin Polymerization Or Depolymerization (GO:0008064),7/27,0.0005931823525668358,0.0072669668664621,0,0,5.869350533807829,43.60932551600239,FCHSD2;WDR1;RASA1;COTL1;BRK1;PAK3;PFN1
GO_Biological_Process_2023,Regulation Of Mitochondrial Fission (GO:0090140),7/27,0.0005931823525668358,0.0072669668664621,0,0,5.869350533807829,43.60932551600239,FIS1;RALA;VPS35;PPARG;DNM1L;CYRIB;MCU
GO_Biological_Process_2023,Neuron Projection Guidance (GO:0097485),17/124,0.000615335723277755,0.0075138884910637,0,0,2.675833487139046,19.78335357074134,CYFIP2;CYFIP1;TRIO;SEMA3C;MYCBP2;UNC5C;EFNA5;KALRN;PTK2;EFNB2;KLF7;RPS6KA5;FYN;CNTN4;SLIT2;SOS1;EPHA3
GO_Biological_Process_2023,Chromatin Organization (GO:0006325),29/268,0.000626183108710728,0.0076216008798092,0,0,2.0513102840783968,15.130193315644163,SATB1;SATB2;CHD7;ZBTB1;HMGB2;HNRNPU;CHD1;PAK1;ZNHIT1;BANF1;SOX9;SKP1;KDM6A;BRD2;SMARCC1;PBRM1;CBX5;CBX3;MBD2;HMGA2;NAP1L1;ARID1A;SMARCA2;GATAD2B;RYBP;WAC;TOP1;HDGFL3;EZH2
GO_Biological_Process_2023,Negative Regulation Of Kinase Activity (GO:0033673),11/62,0.0006403995314484616,0.0077694923799279,0,0,3.6239145658263303,26.6481597167744,DEPTOR;UBASH3B;CAMK2N1;NF1;HNRNPU;CHP1;PPP2R5A;SFN;PAK2;YWHAG;RTRAF
GO_Biological_Process_2023,Regulation Of Cell-Substrate Adhesion (GO:0010810),9/44,0.0006745246129056367,0.0081423243945846,0,0,4.316424751718869,31.51638565123919,RAC2;NF1;ARL2;PIK3CB;RAC1;RSU1;PTK2;RHOA;CORO1C
GO_Biological_Process_2023,Regulation Of Mitotic Cell Cycle (GO:0007346),17/125,0.0006754600401782559,0.0081423243945846,0,0,2.6509159518585013,19.351995434639665,YWHAE;APP;BTG1;ANAPC16;USP22;NEK7;HNRNPU;PRKCA;IQGAP1;MEIS2;ANAPC11;CDC27;CKS2;PIM3;HECA;SOX9;EIF4E
GO_Biological_Process_2023,Positive Regulation Of Protein Kinase B Signaling (GO:0051897),14/93,0.0007114227280768526,0.0085484373172429,0,0,2.981086318461521,21.607640277731875,OSBPL8;TCF7L2;PHB1;HSP90AA1;HSP90AB1;ANGPT1;PIK3CB;GATA3;PTK2;IGF1R;SPRY2;RICTOR;FERMT2;FGFR1
GO_Biological_Process_2023,Regulation Of Epithelial To Mesenchymal Transition (GO:0010717),13/83,0.0007436514114511976,0.0088045142251587,0,0,3.1227574750830565,22.49615175767144,SMAD3;LEF1;GATA3;ADIPOR1;PTK2;TIAM1;SFRP2;CTNNB1;SPRY2;EPHA3;CLASP1;FERMT2;EZH2
GO_Biological_Process_2023,Vesicle-Mediated Transport To The Plasma Membrane (GO:0098876),13/83,0.0007436514114511976,0.0088045142251587,0,0,3.1227574750830565,22.49615175767144,VPS29;EXOC6B;BLTP1;ARL4C;SNX3;EHD1;RAB10;RABEP1;EHD4;SNX27;EXOC4;VPS35;ARF6
GO_Biological_Process_2023,miRNA-mediated Gene Silencing By Inhibition Of Translation (GO:0035278),5/14,0.0007467801217297617,0.0088045142251587,0,0,9.305308861259128,66.99580223011644,DDX6;AGO3;EIF6;AGO4;AGO2
GO_Biological_Process_2023,Microvillus Assembly (GO:0030033),5/14,0.0007467801217297617,0.0088045142251587,0,0,9.305308861259128,66.99580223011644,RAP1B;RAP1A;RAP2B;TNIK;EZR
GO_Biological_Process_2023,Polarized Epithelial Cell Differentiation (GO:0030859),5/14,0.0007467801217297617,0.0088045142251587,0,0,9.305308861259128,66.99580223011644,CDC42;RAB10;MSN;EZR;RHOA
GO_Biological_Process_2023,Positive Regulation Of Cytoplasmic Translation (GO:2000767),5/14,0.0007467801217297617,0.0088045142251587,0,0,9.305308861259128,66.99580223011644,PKM;CSDE1;HNRNPD;HNRNPU;YBX1
GO_Biological_Process_2023,ERBB Signaling Pathway (GO:0038127),10/54,0.0007889763562944961,0.0092440500810704,0,0,3.816600437920687,27.268748356750834,ERBB4;NCK2;MAPK1;PTK2B;GRB2;STUB1;SOX9;IQGAP1;SOS1;PTK2
GO_Biological_Process_2023,Regulation Of Exocytosis (GO:0017157),10/54,0.0007889763562944961,0.0092440500810704,0,0,3.816600437920687,27.268748356750834,RAB21;RALA;ANXA2;SEPTIN1;SEPTIN2;RAB27A;STXBP5;STXBP6;CLASP1;RAB8B
GO_Biological_Process_2023,Regulation Of Telomerase Activity (GO:0051972),9/45,0.000801422086819877,0.0093607095295949,0,0,4.196301247771836,29.91594690051945,CCT2;HSP90AA1;HSP90AB1;PTGES3;NEK7;TCP1;MAPK1;CTNNB1;CCT4
GO_Biological_Process_2023,Positive Regulation Of Granulocyte Chemotaxis (GO:0071624),6/21,0.0008396197469935832,0.0097765011406899,0,0,6.7036444444444445,47.47897372188337,CAMK1D;DAPK2;RAC2;RAC1;DNM1L;MCU
GO_Biological_Process_2023,Protein N-linked Glycosylation (GO:0006487),11/64,0.0008450730525135202,0.0098096288595782,0,0,3.486792452830189,24.67284842663638,OST4;KRTCAP2;FUT8;TMEM258;TUSC3;DAD1;MGAT5;GFPT2;OSTC;GFPT1;DDOST
GO_Biological_Process_2023,Negative Regulation Of Cell Population Proliferation (GO:0008285),37/379,0.0008867231516575109,0.0102543051418669,0,0,1.8321600008552763,12.876379705809736,APP;TENM1;PHB1;BTG1;BMPR2;CELF1;GATA3;PTPRK;PDS5B;GATA2;PAK1;ERBB4;RPS6KA2;LMNA;NCK2;PTK2B;E2F3;HES1;SOX9;LYN;PBRM1;MAP2K1;SMAD3;IGFBP5;HMGA1;DYNLL1;SMARCA2;MTSS1;SFRP2;CDK6;ALDH1A2;CSNK2B;NF1;PHF14;CTNNB1;PPARG;RAF1
GO_Biological_Process_2023,Cellular Response To Oxygen-Containing Compound (GO:1901701),39/406,0.0008888336815338027,0.0102543051418669,0,0,1.8005060334760608,12.64963595371962,CPNE8;GSK3B;NLGN1;CLIC4;PID1;ROCK2;HMGB2;IQGAP1;PTPRK;RASGRP2;ACTB;HSP90B1;ZFP36L1;RAP1B;MAPK8;RAP1A;GNG2;PDE4B;MAPK1;PTK2B;ROMO1;SOX9;SLIT2;LYN;JUN;IGFBP5;DAPK1;NEK7;RHOA;GNB1;PDCD4;LAMTOR2;LAMTOR1;LCP1;VIM;LAMTOR4;EZR;EPHA3;CPEB4
GO_Biological_Process_2023,Aortic Valve Morphogenesis (GO:0003180),8/37,0.0009057856938846364,0.0103861585204271,0,0,4.627997666349372,32.42702744376764,JAG1;ROCK1;ROCK2;TBX20;GATA3;SLIT2;SOX9;RHOA
GO_Biological_Process_2023,Regulation Of Vascular Associated Smooth Muscle Cell Proliferation (GO:1904705),8/37,0.0009057856938846364,0.0103861585204271,0,0,4.627997666349372,32.42702744376764,CNN1;GJA1;JUN;IGFBP5;MMP2;PDCD4;PPARG;BMPR1A
GO_Biological_Process_2023,Response To Peptide Hormone (GO:0043434),10/55,0.0009161956436676364,0.010473592145392,0,0,3.7315888591535336,26.10351127043446,STAT5B;IGFBP5;ROCK1;EIF6;ROCK2;TCF12;STAT3;SLC2A1;GNAI1;ZFP36L1
GO_Biological_Process_2023,Integrin-Mediated Signaling Pathway (GO:0007229),13/85,0.0009358257405605704,0.0105691301103825,0,0,3.035691214470284,21.171157250765635,CUL3;NME2;ILK;ADAM10;PTN;PTK2;CDC42;TEC;PTPRA;MYH9;PTK2B;DOCK1;FERMT2
GO_Biological_Process_2023,mRNA Metabolic Process (GO:0016071),13/85,0.0009358257405605704,0.0105691301103825,0,0,3.035691214470284,21.171157250765635,DDX5;CELF1;HNRNPR;LSM5;FBXO11;SND1;LSM3;AGO3;AGO4;SRSF2;SRSF5;SRSF7;SRSF9
GO_Biological_Process_2023,TOR Signaling (GO:0031929),7/29,0.0009442243331796146,0.0105691301103825,0,0,5.335207052733743,37.16050021849095,MAPKAP1;RPS6;RICTOR;LAMTOR2;GATA3;LAMTOR1;LAMTOR4
GO_Biological_Process_2023,Chondrocyte Differentiation (GO:0002062),7/29,0.0009442243331796146,0.0105691301103825,0,0,5.335207052733743,37.16050021849095,BMPR2;WNT2B;HMGA2;SOX9;OXSR1;SOX6;SOX5
GO_Biological_Process_2023,Protein K11-linked Ubiquitination (GO:0070979),7/29,0.0009442243331796146,0.0105691301103825,0,0,5.335207052733743,37.16050021849095,UBE2H;UBE2B;UBE2E3;UBE2D3;CDC27;UBE2E2;ANAPC11
GO_Biological_Process_2023,Regulation Of Developmental Growth (GO:0048638),7/29,0.0009442243331796146,0.0105691301103825,0,0,5.335207052733743,37.16050021849095,APP;GSK3B;STAT5B;NIPBL;MYCBP2;PLCB1;DNM2
GO_Biological_Process_2023,Regulation Of Establishment Of Planar Polarity (GO:0090175),7/29,0.0009442243331796146,0.0105691301103825,0,0,5.335207052733743,37.16050021849095,CDC42;TIAM1;SMURF2;DAAM1;SMURF1;RAC1;RHOA
GO_Biological_Process_2023,Positive Regulation Of Blood Vessel Endothelial Cell Migration (GO:0043536),9/46,0.0009470792932811784,0.0105696297389629,0,0,4.082670906200318,28.424076358153123,MAP2K3;MAP3K3;ATP5F1A;ATP5F1B;ANGPT1;AKT3;PRKCA;GATA2;FGFR1
GO_Biological_Process_2023,Positive Regulation Of Cell Projection Organization (GO:0031346),16/118,0.0009916514963703544,0.0110343233072452,0,0,2.640218060318298,18.2601146375192,LYN;NLGN1;CAMK1D;PTN;CBFA2T2;SNX3;PTPRD;TIAM1;RAP1A;PLXNA2;NPTN;PTK2B;ROR1;SLIT2;EPHA3;DDR2
GO_Biological_Process_2023,Golgi Lumen Acidification (GO:0061795),4/9,0.0010188912571515,0.0111721574873086,0,0,13.390594498669032,92.24834441510764,ATP6V1A;ATP6V0B;ATP6V1H;ATP6V1F
GO_Biological_Process_2023,Negative Regulation Of Establishment Of Protein Localization (GO:1904950),4/9,0.0010188912571515,0.0111721574873086,0,0,13.390594498669032,92.24834441510764,DNAJA1;SNX3;NDFIP1;WWP2
GO_Biological_Process_2023,Negative Regulation Of Potassium Ion Transmembrane Transporter Activity (GO:1901017),4/9,0.0010188912571515,0.0111721574873086,0,0,13.390594498669032,92.24834441510764,CAB39;STK39;NEDD4L;OXSR1
GO_Biological_Process_2023,Negative Regulation Of Sodium Ion Transmembrane Transport (GO:1902306),4/9,0.0010188912571515,0.0111721574873086,0,0,13.390594498669032,92.24834441510764,PRKCE;STK39;NEDD4L;OXSR1
GO_Biological_Process_2023,Positive Regulation Of Lipase Activity (GO:0060193),4/9,0.0010188912571515,0.0111721574873086,0,0,13.390594498669032,92.24834441510764,RHOC;FGFR2;RHOA;FGFR1
GO_Biological_Process_2023,Regulation Of Protein Import Into Nucleus (GO:0042306),8/38,0.0010912015780875,0.011930259113917,0,0,4.473493618284357,30.511355075375324,UFM1;SMAD3;JUP;UBR5;CHP1;FLNA;PIK3R1;RAN
GO_Biological_Process_2023,Fc-epsilon Receptor Signaling Pathway (GO:0038095),6/22,0.0010997065460631,0.0119537465888538,0,0,6.2843333333333335,42.813352553166816,LYN;VAV3;MAPK10;MAP2K4;MAPK8;SOS1
GO_Biological_Process_2023,Positive Regulation Of Phosphatase Activity (GO:0010922),6/22,0.0010997065460631,0.0119537465888538,0,0,6.2843333333333335,42.813352553166816,HSP90AB1;ROCK1;GNA12;CALM3;CALM1;CALM2
GO_Biological_Process_2023,Positive Regulation Of Epithelial To Mesenchymal Transition (GO:0010718),9/47,0.0011134868716259,0.0120686574184015,0,0,3.9750211089220375,27.031172520692305,TCF7L2;TIAM1;JAG1;SMAD3;LEF1;CTNNB1;PTK2;FERMT2;EZH2
GO_Biological_Process_2023,Negative Regulation Of Calcium Ion Transmembrane Transporter Activity (GO:1901020),7/30,0.0011721597413034,0.012668082721386,0,0,5.102970756614575,34.439476586280094,YWHAE;PPP3CA;PLN;CALM3;SRI;CALM1;CALM2
GO_Biological_Process_2023,Positive Regulation Of Wnt Signaling Pathway (GO:0030177),15/109,0.0012092885650294,0.0129946694087884,0,0,2.684597346145047,18.034381485796914,DDX3X;JUP;SMURF2;UBE2B;USP34;ILK;CSNK1D;ZEB2;SFRP2;TBL1XR1;UBR5;SPIN1;FGFR2;WLS;RNF220
GO_Biological_Process_2023,Regulation Of Wnt Signaling Pathway (GO:0030111),15/109,0.0012092885650294,0.0129946694087884,0,0,2.684597346145047,18.034381485796914,APP;TLE1;LRP1;NXN;CTNND2;PPP1CA;SNX3;TIAM1;SFRP2;CCNY;RACK1;SPIN1;CDK14;FGFR2;WLS
GO_Biological_Process_2023,Actomyosin Structure Organization (GO:0031032),12/77,0.0012271915930474,0.0131494802890356,0,0,3.1023303773974016,20.795004214023,CSRP2;WDR1;CSRP1;ROCK1;ROCK2;CUL3;MYH9;ARRB1;MYH11;MYL9;MYH10;RHOA
GO_Biological_Process_2023,Regulation Of Nitric Oxide Biosynthetic Process (GO:0045428),8/39,0.0013056994938688,0.0138330585815229,0,0,4.328957573320311,28.748678114574275,HSP90AA1;HSP90AB1;SMAD3;ROCK2;DDAH2;NOS1AP;RAC1;ASS1
GO_Biological_Process_2023,Neuron Projection Extension (GO:1990138),8/39,0.0013056994938688,0.0138330585815229,0,0,4.328957573320311,28.748678114574275,CYFIP1;HSP90AA1;HSP90AB1;USP9X;CTNNB1;IQGAP1;S100B;C9ORF72
GO_Biological_Process_2023,"Retrograde Vesicle-Mediated Transport, Golgi To Endoplasmic Reticulum (GO:0006890)",9/48,0.001302752574025,0.0138330585815229,0,0,3.872891814068285,25.728688806538624,COPA;SCFD1;KDELR1;PITPNB;KDELR2;ERGIC3;ERGIC2;ARF5;ERGIC1
GO_Biological_Process_2023,Transcription By RNA Polymerase II (GO:0006366),22/192,0.001296254019723,0.0138330585815229,0,0,2.1820293852437276,14.506735114926062,PBRM1;GTF2A2;NFIX;ANXA2;CCNH;GTF2B;ZBTB1;ARRB2;PAX5;RXRA;POLR2A;XRN2;TCEA1;ELOB;PPARG;E2F3;POLR2G;ELOC;POLR2I;RBMX;SOX5;POLR2L
GO_Biological_Process_2023,Response To Lipid (GO:0033993),15/110,0.0013286261353471,0.0140364126265181,0,0,2.6561969439728355,17.593612245843175,STAT5B;STAT3;HMGB2;AQP3;FOXP1;STRN3;RPS6KA3;RXRA;CPS1;ALDH1A2;PELI1;CTNNB1;PPARG;SOX9;ABCG1
GO_Biological_Process_2023,Negative Regulation Of Cell Motility (GO:2000146),17/133,0.001364484498091,0.0143748632978168,0,0,2.467041725995171,16.275021419276836,CLIC4;JAG1;IGFBP5;STC1;GATA3;PTPRK;DYNLL1;SAP30;RHOB;SFRP2;RAP2B;STK24;NF1;SLIT2;SRGAP1;CRK;VCL
GO_Biological_Process_2023,Regulation Of Bone Mineralization (GO:0030500),10/58,0.001402124298825,0.0146336495311648,0,0,3.4978070175438596,22.97977654286473,BMPR2;RXRA;ANKH;PTK2B;OXSR1;PTN;ATP2B1;GPM6B;DDR2;BMPR1A
GO_Biological_Process_2023,Positive Regulation Of Protein Kinase Activity (GO:0045860),18/145,0.0014040695280798,0.0146336495311648,0,0,2.386654498376382,15.676454755630193,MAP2K3;MAP2K1;HSP90AA1;DDX3X;HSP90AB1;RALB;CAB39;HMGA2;IQGAP1;PTK2;RHOA;RAP1A;PTK2B;CALM3;CALM1;CALM2;EZH2;DDR2
GO_Biological_Process_2023,Actin Nucleation (GO:0045010),6/23,0.0014173362759536,0.0146336495311648,0,0,5.91435294117647,38.79209918008595,ACTR3;ARPC2;ARPC3;ARPC5L;ARPC4;ARPC5
GO_Biological_Process_2023,Axon Extension (GO:0048675),6/23,0.0014173362759536,0.0146336495311648,0,0,5.91435294117647,38.79209918008595,CYFIP1;HSP90AA1;HSP90AB1;USP9X;SLIT2;C9ORF72
GO_Biological_Process_2023,Positive Regulation Of Cell-Substrate Junction Organization (GO:0150117),6/23,0.0014173362759536,0.0146336495311648,0,0,5.91435294117647,38.79209918008595,ROCK1;PIK3R1;RAC1;MAPRE2;FERMT2;ARF6
GO_Biological_Process_2023,Positive Regulation Of Neutrophil Migration (GO:1902624),6/23,0.0014173362759536,0.0146336495311648,0,0,5.91435294117647,38.79209918008595,CAMK1D;DAPK2;RAC2;RAC1;DNM1L;MCU
GO_Biological_Process_2023,Regulation Of Cell Junction Assembly (GO:1901888),6/23,0.0014173362759536,0.0146336495311648,0,0,5.91435294117647,38.79209918008595,RAP1B;PRKCH;RAP1A;ROCK1;ROCK2;FLOT1
GO_Biological_Process_2023,Receptor-Mediated Endocytosis (GO:0006898),16/122,0.0014201760379886,0.0146336495311648,0,0,2.5400456891445975,16.655014671934417,RALA;RALB;LRP1;CLTC;LDLRAD3;DNAJC13;ARRB2;AP2A2;DNM2;DNM3;GRK2;FCHSD2;AP2S1;GRB2;AP2M1;PICALM
GO_Biological_Process_2023,Positive Regulation Of Apoptotic Process (GO:0043065),28/270,0.0014750219885596,0.0151572614726036,0,0,1.953934798408548,12.737861919497709,MTCH1;BTG1;DDX3X;FAF1;STK4;STK3;HSPD1;MAPK8;RPS6KA2;RACK1;SLIT2;DNM1L;BNIP3L;JUN;DAPK1;DAPK2;RPS6;DYNLL1;DUSP6;GADD45G;RHOB;TLE5;DNM2;DNAJA1;SFRP2;RYBP;NF1;CTNNB1
GO_Biological_Process_2023,Positive Regulation Of Cardiac Muscle Tissue Growth (GO:0055023),5/16,0.0014819826059743,0.0151872931364296,0,0,7.612627159696432,49.59150416367288,ERBB4;TBX20;RBPJ;FGFR2;BMPR1A
GO_Biological_Process_2023,Positive Regulation Of Endocytosis (GO:0045807),12/79,0.0015419089747631,0.0157244369971099,0,0,3.0094033852186786,19.485086526981743,CDC42;RAB21;NLGN1;CAMK1D;HNRNPK;LRP1;FLOT1;NEDD4L;RAB27A;DOCK2;GATA2;VPS28
GO_Biological_Process_2023,Positive Regulation Of Programmed Cell Death (GO:0043068),26/245,0.0015427591736063,0.0157244369971099,0,0,2.0037604082728984,12.972711159564462,MTCH1;DDX3X;FAF1;STK4;TMEM164;STK3;HSPD1;MAPK8;RPS6KA2;RACK1;SLIT2;DNM1L;BNIP3L;JUN;DAPK1;DAPK2;RPS6;DUSP6;GADD45G;RHOB;DNM2;DNAJA1;SFRP2;RYBP;NF1;CTNNB1
GO_Biological_Process_2023,Negative Regulation Of Protein Localization (GO:1903828),8/40,0.0015524116897498,0.0157375211998632,0,0,4.193455031166518,27.12303913665542,GSK3B;ROCK2;GDI2;CTNNA1;NEDD4L;YWHAZ;GPM6B;PICALM
GO_Biological_Process_2023,Synaptic Vesicle Endocytosis (GO:0048488),8/40,0.0015524116897498,0.0157375211998632,0,0,4.193455031166518,27.12303913665542,DNM3;NLGN1;ITSN1;AP2S1;AP2M1;BLTP1;DNM2;PICALM
GO_Biological_Process_2023,Transmembrane Receptor Protein Tyrosine Phosphatase Signaling Pathway (GO:0007185),3/5,0.0016546653793731,0.0160391662160371,0,0,25.08909574468085,160.67449504762897,PTPRD;TRIO;PTN
GO_Biological_Process_2023,Regulation Of Relaxation Of Cardiac Muscle (GO:1901897),3/5,0.0016546653793731,0.0160391662160371,0,0,25.08909574468085,160.67449504762897,PLN;PDE4D;PDE4B
GO_Biological_Process_2023,Negative Regulation Of Relaxation Of Muscle (GO:1901078),3/5,0.0016546653793731,0.0160391662160371,0,0,25.08909574468085,160.67449504762897,GRK2;PDE4D;PDE4B
GO_Biological_Process_2023,Negative Regulation Of Erythrocyte Differentiation (GO:0045647),3/5,0.0016546653793731,0.0160391662160371,0,0,25.08909574468085,160.67449504762897,HSPA9;MAFB;ZFP36L1
GO_Biological_Process_2023,Negative Regulation Of Cell Size (GO:0045792),3/5,0.0016546653793731,0.0160391662160371,0,0,25.08909574468085,160.67449504762897,DEPTOR;RDX;RHOA
GO_Biological_Process_2023,Morphogenesis Of An Endothelium (GO:0003159),3/5,0.0016546653793731,0.0160391662160371,0,0,25.08909574468085,160.67449504762897,CSNK2B;CTNNB1;RHOB
GO_Biological_Process_2023,Epithelial Tube Formation (GO:0072175),3/5,0.0016546653793731,0.0160391662160371,0,0,25.08909574468085,160.67449504762897,GATA3;SOX9;FGFR2
GO_Biological_Process_2023,Regulation Of Phospholipase Activity (GO:0010517),4/10,0.0016223414688748,0.0160391662160371,0,0,11.158237207926648,71.6792306413372,RGS2;LRP1;FGFR2;FGFR1
GO_Biological_Process_2023,Negative Regulation Of Amyloid Precursor Protein Biosynthetic Process (GO:0042985),3/5,0.0016546653793731,0.0160391662160371,0,0,25.08909574468085,160.67449504762897,AGO2;ITM2A;ITM2B
GO_Biological_Process_2023,Positive Regulation Of Chondrocyte Differentiation (GO:0032332),4/10,0.0016223414688748,0.0160391662160371,0,0,11.158237207926648,71.6792306413372,ZBTB16;SOX9;SOX6;SOX5
GO_Biological_Process_2023,Positive Regulation Of Actin Nucleation (GO:0051127),4/10,0.0016223414688748,0.0160391662160371,0,0,11.158237207926648,71.6792306413372,CYFIP1;NCKAP1;FCHSD2;BRK1
GO_Biological_Process_2023,Negative Regulation Of Sodium Ion Transmembrane Transporter Activity (GO:2000650),4/10,0.0016223414688748,0.0160391662160371,0,0,11.158237207926648,71.6792306413372,PRKCE;STK39;NEDD4L;OXSR1
GO_Biological_Process_2023,Establishment Of Epithelial Cell Apical/Basal Polarity (GO:0045198),4/10,0.0016223414688748,0.0160391662160371,0,0,11.158237207926648,71.6792306413372,CDC42;MSN;EZR;RHOA
GO_Biological_Process_2023,CRD-mediated mRNA Stabilization (GO:0070934),4/10,0.0016223414688748,0.0160391662160371,0,0,11.158237207926648,71.6792306413372,HNRNPD;HNRNPU;IGF2BP2;YBX1
GO_Biological_Process_2023,Positive Regulation Of Proteasomal Protein Catabolic Process (GO:1901800),13/90,0.0016046310489247,0.0160391662160371,0,0,2.8378133494412565,18.26093565334344,GSK3B;CSNK1D;GABARAP;PIAS1;RBX1;COP1;PSMC5;HECTD1;SUMO2;RACK1;ELOB;STUB1;ARIH1
GO_Biological_Process_2023,Small GTPase Mediated Signal Transduction (GO:0007264),15/112,0.0015971045638251,0.0160391662160371,0,0,2.6011528655359717,16.750287585690078,RALA;RALB;RRAS2;RASGRP2;TIAM1;GNB1;NF1;RAB18;CHP1;GRB2;SHOC2;RAC1;RGL1;SOS1;SOS2
GO_Biological_Process_2023,Purine Ribonucleoside Triphosphate Biosynthetic Process (GO:0009206),4/10,0.0016223414688748,0.0160391662160371,0,0,11.158237207926648,71.6792306413372,ATP5F1A;ATP5F1B;IMPDH2;SLC25A13
GO_Biological_Process_2023,Positive Regulation Of Cell Motility (GO:2000147),24/221,0.001683726542816,0.0162698570997817,0,0,2.0548883661425448,13.124049563534,SPAG9;UBE2I;HSPA5;SEMA3C;ROCK2;RDX;STAT3;LEF1;ADAM10;PRKCA;ACTN4;RHOC;PTK2;IGF1R;CDC42;TIAM1;PPP3CA;MMP14;PAK1;MGAT5;RACK1;PTK2B;SPRY2;FERMT2
GO_Biological_Process_2023,Enzyme-Linked Receptor Protein Signaling Pathway (GO:0007167),16/124,0.0016871162640028,0.0162698570997817,0,0,2.492742069423684,15.915496440279178,LYN;TRIO;YES1;BMPR2;LRP1;PIK3CB;PTN;MTSS1;PTPRD;LCK;ERBB4;ROR1;FYN;FGFR2;FGFR1;DDR2
GO_Biological_Process_2023,Negative Regulation Of Protein Serine/Threonine Kinase Activity (GO:0071901),12/80,0.0017225754629432,0.0165270569289023,0,0,2.9649897492509067,18.869001286522952,LYN;RGS2;DUSP1;PRKAR1A;PRKAR2B;STK38;NF1;SPRY2;PPARG;PIK3CB;NR2F2;IPO7
GO_Biological_Process_2023,Regulation Of Cytokinesis (GO:0032465),12/80,0.0017225754629432,0.0165270569289023,0,0,2.9649897492509067,18.869001286522952,SH3GLB1;CDC42;PRKCE;CUL3;BIRC6;PKP4;CALM3;CALM1;CALM2;RHOA;RAB11A;BCL2L1
GO_Biological_Process_2023,Phosphatidylinositol 3-Kinase Signaling (GO:0014065),7/32,0.0017556911027021,0.0168019191787856,0,0,4.69423487544484,29.78441663491471,STAT3;NF1;GATA3;PIK3CB;PIK3R1;IGF1R;ZFP36L1
GO_Biological_Process_2023,Positive Regulation Of Peptidyl-Threonine Phosphorylation (GO:0010800),6/24,0.0018003410570031,0.0171419815579461,0,0,5.585481481481481,35.29900944241872,CAB39;MAPK1;CALM3;CALM1;CALM2;UBE2K
GO_Biological_Process_2023,Regulation Of Cytoplasmic Translation (GO:2000765),6/24,0.0018003410570031,0.0171419815579461,0,0,5.585481481481481,35.29900944241872,PKM;CSDE1;HNRNPD;HNRNPU;YBX1;CPEB4
GO_Biological_Process_2023,Regulation Of Amide Metabolic Process (GO:0034248),8/41,0.0018346319965648,0.0173368114047247,0,0,4.066164764294773,25.62054377294483,RBM3;CYFIP1;MTPN;ROCK1;RPL10;MSI2;EIF4E;PICALM
GO_Biological_Process_2023,Positive Regulation Of Ossification (GO:0045778),8/41,0.0018346319965648,0.0173368114047247,0,0,4.066164764294773,25.62054377294483,BMPR2;RXRA;ZBTB16;PTN;ATP2B1;OXSR1;GPM6B;BMPR1A
GO_Biological_Process_2023,Non-Canonical Wnt Signaling Pathway (GO:0035567),8/41,0.0018346319965648,0.0173368114047247,0,0,4.066164764294773,25.62054377294483,CDC42;TIAM1;SFRP2;SMURF2;DAAM1;SMURF1;RAC1;RHOA
GO_Biological_Process_2023,Protein Localization To Organelle (GO:0033365),17/137,0.0018887110966005,0.017803113870463,0,0,2.3842983243566724,14.953986819369984,YWHAE;GABARAPL2;DDX3X;RAP1GDS1;RPL11;CSNK1D;SNX10;YBX1;RAB11A;EHD1;DNAJA1;SEC61A1;PAK1;VAPA;LMNA;VPS35;ARF6
GO_Biological_Process_2023,Skeletal System Development (GO:0001501),18/149,0.0019122189786959,0.0179796389471887,0,0,2.3132857348614224,14.479991104326484,ZBTB16;CHD7;STC1;PAPSS1;EXT1;RPS6KA3;GJA1;MMP14;ANKH;PRDX1;PLS3;RPL13;SOX9;SOX6;FGFR2;SOX5;FBN1;FGFR1
GO_Biological_Process_2023,Cellular Response To Starvation (GO:0009267),16/126,0.0019949000591755,0.018504768197947,0,0,2.447158581328985,15.214379689317848,SH3GLB1;GABARAPL2;HSPA8;GABARAPL1;BMPR2;RALB;HSPA5;GABARAP;DAP;MAPK8;MAP1LC3A;STK24;MAPK1;XPR1;ATG5;CPEB4
GO_Biological_Process_2023,Growth Hormone Receptor Signaling Pathway (GO:0060396),5/17,0.0020025101453242,0.018504768197947,0,0,6.97787152161042,43.35598462336646,LYN;STAT5B;STAT3;PIK3R1;PTK2
GO_Biological_Process_2023,Neuron Maturation (GO:0042551),5/17,0.0020025101453242,0.018504768197947,0,0,6.97787152161042,43.35598462336646,APP;MTCH1;ADGRB3;RND1;B4GALT5
GO_Biological_Process_2023,Positive Regulation Of Cartilage Development (GO:0061036),5/17,0.0020025101453242,0.018504768197947,0,0,6.97787152161042,43.35598462336646,BMPR2;ZBTB16;SOX9;SOX6;SOX5
GO_Biological_Process_2023,Regulation Of Cartilage Development (GO:0061035),5/17,0.0020025101453242,0.018504768197947,0,0,6.97787152161042,43.35598462336646,BMPR2;ZBTB16;SOX9;SOX6;SOX5
GO_Biological_Process_2023,Regulation Of Leukocyte Chemotaxis (GO:0002688),5/17,0.0020025101453242,0.018504768197947,0,0,6.97787152161042,43.35598462336646,LYN;CAMK1D;PTK2B;PTN;SLIT2
GO_Biological_Process_2023,Ribosomal Small Subunit Assembly (GO:0000028),5/17,0.0020025101453242,0.018504768197947,0,0,6.97787152161042,43.35598462336646,RPS15;RPS14;RPS28;RPS5;RPS27L
GO_Biological_Process_2023,Positive Regulation Of Protein Localization To Cell Periphery (GO:1904377),9/51,0.0020304923395138,0.0187173570806656,0,0,3.59568372803667,22.29135851210404,PRKCH;LRP1;PRKCE;RHOG;PIK3R1;EPHA3;GNAI1;SPTBN1;ARF6
GO_Biological_Process_2023,Endoplasmic Reticulum To Golgi Vesicle-Mediated Transport (GO:0006888),15/115,0.0020838452135088,0.0191622050073515,0,0,2.522715053763441,15.574083381808522,RAB2A;RAB1A;COPA;TRAPPC1;KDELR1;SAR1B;CUL3;SCFD1;VAPA;TMED2;KDELR2;ERGIC3;ERGIC2;CNIH4;ERGIC1
GO_Biological_Process_2023,Actin Filament Bundle Assembly (GO:0051017),7/33,0.0021211520604278,0.0194576899982175,0,0,4.513447851081303,27.78386383599149,MYO1B;PLS3;LCP1;BAIAP2;EZR;HSP90B1;LIMD2
GO_Biological_Process_2023,Regulation Of Axonogenesis (GO:0050770),8/42,0.0021558082797863,0.0196795993696027,0,0,3.9463621601801897,24.229043894634103,GSK3B;TIAM1;PAK1;SIPA1L1;PLXNA2;SLIT2;PAK3;PAK2
GO_Biological_Process_2023,Cardiac Ventricle Morphogenesis (GO:0003208),8/42,0.0021558082797863,0.0196795993696027,0,0,3.9463621601801897,24.229043894634103,JAG1;SFRP2;TBX20;CPE;GATA3;RBPJ;FGFR2;BMPR1A
GO_Biological_Process_2023,Regulation Of Peptidyl-Serine Phosphorylation (GO:0033135),13/93,0.002168588940855,0.0197006352815358,0,0,2.730959302325582,16.750826577190598,APP;TENM1;HSP90AA1;HSP90AB1;PDE4D;DOCK7;STK4;PAK1;SFRP2;NCK2;RACK1;SPRY2;RAF1
GO_Biological_Process_2023,Positive Regulation Of Cellular Component Biogenesis (GO:0044089),13/93,0.002168588940855,0.0197006352815358,0,0,2.730959302325582,16.750826577190598,SH3GLB1;GSK3B;SMAD3;FAF1;BRK1;PRKCA;RHOC;MTSS1;FLOT1;RACK1;CHMP2A;PFN1;RAB7A
GO_Biological_Process_2023,Negative Regulation Of Proteolysis Involved In Protein Catabolic Process (GO:1903051),6/25,0.0022568909077343,0.0203553158369037,0,0,5.291228070175438,32.24351162464884,RPL5;GABARAPL2;HSP90AB1;RPS7;RPL11;HIPK2
GO_Biological_Process_2023,Negative Regulation Of Stress Fiber Assembly (GO:0051497),6/25,0.0022568909077343,0.0203553158369037,0,0,5.291228070175438,32.24351162464884,STMN1;PIK3R1;DYNLL1;PFN1;PAK2;CLASP1
GO_Biological_Process_2023,Regulation Of Keratinocyte Proliferation (GO:0010837),6/25,0.0022568909077343,0.0203553158369037,0,0,5.291228070175438,32.24351162464884,KLF9;CASK;PTPRK;SRSF6;FGFR2;ZFP36L1
GO_Biological_Process_2023,Transforming Growth Factor Beta Receptor Signaling Pathway (GO:0007179),11/72,0.0022760873582287,0.0204793410389914,0,0,3.0282201405152227,18.42762009048537,USP15;JUN;SMAD3;ZMIZ1;USP9X;STAT3;ARRB2;PTPRK;PTK2;FERMT2;BMPR1A
GO_Biological_Process_2023,Negative Regulation Of MAPK Cascade (GO:0043409),14/105,0.002350214832815,0.0210958424492059,0,0,2.5863232559741065,15.65565746487906,LYN;DUSP4;PHB1;DUSP1;PIK3CB;DUSP6;IGF1R;RGS2;STK38;NF1;TIMP3;SPRY2;PPARG;EZR
GO_Biological_Process_2023,Positive Regulation Of Proteasomal Ubiquitin-Dependent Protein Catabolic Process (GO:0032436),12/83,0.0023715546934608,0.0212367076240624,0,0,2.8392553713703133,17.161054430808196,GSK3B;COP1;HECTD1;SUMO2;RACK1;ELOB;CSNK1D;STUB1;ARIH1;GABARAP;PIAS1;RBX1
GO_Biological_Process_2023,Regulation Of Cell Communication By Electrical Coupling Involved In Cardiac Conduction (GO:1901844),4/11,0.0024358128893017,0.0212554345166211,0,0,9.563696285967804,57.549300847818635,PDE4D;CALM3;SRI;CALM2
GO_Biological_Process_2023,Regulation Of Amyloid Precursor Protein Catabolic Process (GO:1902991),4/11,0.0024358128893017,0.0212554345166211,0,0,9.563696285967804,57.549300847818635,ROCK1;ROCK2;FLOT2;PICALM
GO_Biological_Process_2023,Positive Regulation Of Cytoplasmic Transport (GO:1903651),4/11,0.0024358128893017,0.0212554345166211,0,0,9.563696285967804,57.549300847818635,RAB21;RDX;MSN;EZR
GO_Biological_Process_2023,Negative Regulation Of Potassium Ion Transmembrane Transport (GO:1901380),4/11,0.0024358128893017,0.0212554345166211,0,0,9.563696285967804,57.549300847818635,CAB39;STK39;NEDD4L;OXSR1
GO_Biological_Process_2023,Lipoprotein Transport (GO:0042953),4/11,0.0024358128893017,0.0212554345166211,0,0,9.563696285967804,57.549300847818635,LRP1;PRKCB;SAR1B;PPARG
GO_Biological_Process_2023,Negative Regulation Of Heart Contraction (GO:0045822),4/11,0.0024358128893017,0.0212554345166211,0,0,9.563696285967804,57.549300847818635,GRK2;PLN;PDE4D;SRI
GO_Biological_Process_2023,Cellular Response To Nitrogen Starvation (GO:0006995),4/11,0.0024358128893017,0.0212554345166211,0,0,9.563696285967804,57.549300847818635,GABARAPL2;GABARAPL1;MAP1LC3A;GABARAP
GO_Biological_Process_2023,Cellular Response To Nitrogen Levels (GO:0043562),4/11,0.0024358128893017,0.0212554345166211,0,0,9.563696285967804,57.549300847818635,GABARAPL2;GABARAPL1;MAP1LC3A;GABARAP
GO_Biological_Process_2023,P-body Assembly (GO:0033962),4/11,0.0024358128893017,0.0212554345166211,0,0,9.563696285967804,57.549300847818635,DDX6;DYNC1H1;LSM4;LSM3
GO_Biological_Process_2023,Negative Regulation Of Wnt Signaling Pathway (GO:0030178),17/140,0.0023847046146596,0.0212554345166211,0,0,2.3257725036855397,14.044595934204422,TLE4;GSK3B;TCF7L2;TLE1;LRP1;NXN;CTNND1;TMEM170B;STK4;MLLT3;RBX1;TLE5;STK3;SFRP2;RACK1;SOX9;PFDN5
GO_Biological_Process_2023,Central Nervous System Neuron Axonogenesis (GO:0021955),4/11,0.0024358128893017,0.0212554345166211,0,0,9.563696285967804,57.549300847818635,HSP90AA1;HSP90AB1;MYCBP2;B4GALT5
GO_Biological_Process_2023,Intracellular Steroid Hormone Receptor Signaling Pathway (GO:0030518),8/43,0.0025195337081798,0.0218340236784898,0,0,3.833405419157868,22.937876824173753,DDX5;PHB1;RBFOX2;ZMIZ1;UBR5;MAPK1;UBE3A;ARID1A
GO_Biological_Process_2023,Positive Regulation Of Stress Fiber Assembly (GO:0051496),8/43,0.0025195337081798,0.0218340236784898,0,0,3.833405419157868,22.937876824173753,CDC42;PAK1;ROCK2;LPAR1;RAC1;RHOC;RHOA;FERMT2
GO_Biological_Process_2023,Response To Amyloid-Beta (GO:1904645),8/43,0.0025195337081798,0.0218340236784898,0,0,3.833405419157868,22.937876824173753,APP;GSK3B;GJA1;LRP1;CACNA2D1;MMP2;FYN;IGF1R
GO_Biological_Process_2023,Negative Regulation Of Signal Transduction (GO:0009968),27/267,0.0025410435739316,0.0219335512165918,0,0,1.898335597826087,11.342897706966092,PID1;LRP1;YWHAB;NXN;CCNC;ARRB1;GATA3;PIK3CB;GATA2;HERC4;RGS2;SOCS1;UBASH3B;LEPROTL1;RACK1;PIP4K2A;LYN;TLE1;IGFBP5;PRKCB;WWP2;NR4A2;MMP14;SFRP2;SPRY2;PPARG;EZH2
GO_Biological_Process_2023,Cellular Response To Amyloid-Beta (GO:1904646),7/34,0.0025426823532129,0.0219335512165918,0,0,4.346052458152102,25.965645611381294,APP;GSK3B;GJA1;LRP1;CACNA2D1;FYN;IGF1R
GO_Biological_Process_2023,Regulation Of Epithelial Cell Differentiation (GO:0030856),5/18,0.0026448454597388,0.022403747238914,0,0,6.440770597076103,38.22689222254647,KLF7;GATA3;OXSR1;SOX9;BLTP1
GO_Biological_Process_2023,Vesicle Transport Along Actin Filament (GO:0030050),5/18,0.0026448454597388,0.022403747238914,0,0,6.440770597076103,38.22689222254647,MYO1D;MYO1E;MYO1B;MYO6;MYO5A
GO_Biological_Process_2023,Positive Regulation Of Phosphoprotein Phosphatase Activity (GO:0032516),5/18,0.0026448454597388,0.022403747238914,0,0,6.440770597076103,38.22689222254647,HSP90AB1;GNA12;CALM3;CALM1;CALM2
GO_Biological_Process_2023,Maintenance Of Protein Localization In Organelle (GO:0072595),5/18,0.0026448454597388,0.022403747238914,0,0,6.440770597076103,38.22689222254647,HSPA5;ARL2;HNRNPU;KDELR2;SKP1
GO_Biological_Process_2023,Energy Reserve Metabolic Process (GO:0006112),5/18,0.0026448454597388,0.022403747238914,0,0,6.440770597076103,38.22689222254647,GSK3B;PID1;UGP2;GFPT2;GFPT1
GO_Biological_Process_2023,T-helper Cell Differentiation (GO:0042093),5/18,0.0026448454597388,0.022403747238914,0,0,6.440770597076103,38.22689222254647,TMEM98;LEF1;GATA3;BATF;FOXP1
GO_Biological_Process_2023,Positive Regulation Of Protein Ubiquitination (GO:0031398),12/84,0.0026276291278514,0.022403747238914,0,0,2.799672326481978,16.634738343658892,GSK3B;NDFIP1;ANGPT1;CUL3;ARRDC3;MYCBP2;DERL1;UBE2D1;UBE3A;STUB1;RPS2;RBX1
GO_Biological_Process_2023,Lysosomal Lumen Acidification (GO:0007042),5/18,0.0026448454597388,0.022403747238914,0,0,6.440770597076103,38.22689222254647,ATP6V1A;ATP6V0B;ATP6V1H;ATP6V0A1;ATP6V1F
GO_Biological_Process_2023,Mitochondrial Transport (GO:0006839),9/53,0.0026736513735892,0.0225461946548633,0,0,3.431878949927078,20.331515417327463,TIMM8B;FIS1;HSP90AA1;VPS35;SLC25A5;TOMM20;SLC25A4;SLC25A13;BCL2L1
GO_Biological_Process_2023,"Regulation Of Alternative mRNA Splicing, Via Spliceosome (GO:0000381)",9/53,0.0026736513735892,0.0225461946548633,0,0,3.431878949927078,20.331515417327463,DDX5;RBFOX2;KHDRBS3;WTAP;NOVA1;TRA2B;HNRNPU;SRSF6;RBMX
GO_Biological_Process_2023,miRNA-mediated Gene Silencing (GO:0035195),6/26,0.0027954374519243,0.0234156798589918,0,0,5.0264,29.55405920167616,DDX6;AGO3;EIF6;AGO4;AGO2;RAN
GO_Biological_Process_2023,Protein Localization To Cell Surface (GO:0034394),6/26,0.0027954374519243,0.0234156798589918,0,0,5.0264,29.55405920167616,SMURF1;FLNA;CTNNB1;PTPRK;VCL;ARF6
GO_Biological_Process_2023,Regulation Of Potassium Ion Transmembrane Transporter Activity (GO:1901016),6/26,0.0027954374519243,0.0234156798589918,0,0,5.0264,29.55405920167616,YWHAE;CAB39;STK39;NEDD4L;WWP2;OXSR1
GO_Biological_Process_2023,Positive Regulation Of T Cell Activation (GO:0050870),14/107,0.0028070712481213,0.0234608776981878,0,0,2.5304338618226625,14.86785161147086,SMARCC1;PBRM1;ZBTB1;RHOH;GATA3;CYRIB;ARID1A;SMARCA2;ACTB;HSPD1;ZMIZ1;LCK;NCK2;FLOT2
GO_Biological_Process_2023,Establishment Of Protein Localization To Organelle (GO:0072594),12/85,0.0029057344452575,0.0242316346975916,0,0,2.761173748576885,16.128206661287763,RALA;STAT3;KPNA4;E2F3;STK4;IPO7;PHB2;TNPO3;RAB11A;RAN;KPNA1;STK3
GO_Biological_Process_2023,Regulation Of Protein-Containing Complex Assembly (GO:0043254),15/119,0.0029188852444703,0.0242874500098519,0,0,2.4251705955334986,14.15463793033273,SH3GLB1;HSPA8;GSK3B;HSP90AA1;DDX3X;RALB;HSPA5;SAR1B;FAF1;BRK1;RHOC;CDC42;RACK1;RAF1;CRYAB
GO_Biological_Process_2023,Positive Regulation Of Nucleocytoplasmic Transport (GO:0046824),8/44,0.0029295369114476,0.0243222700308047,0,0,3.7267240526367864,21.737649419265253,YWHAE;GSK3B;SMAD3;JUP;UBR5;FLNA;PIK3R1;RAN
GO_Biological_Process_2023,Positive Regulation Of MAPK Cascade (GO:0043410),30/310,0.0029580053104181,0.0245045329790364,0,0,1.8089723627870768,10.53408043790721,APP;TENM1;PHB1;ROCK1;ROCK2;PELI2;LPAR1;ARRB1;ETFA;IQGAP1;ARRB2;PHB2;IGF1R;RAP1A;ERBB4;PTK2B;MAP2K1;ANGPT1;PRKCA;TAOK3;TAOK1;SPRY2;ROR1;LAMTOR1;RAF1;FERMT2;FGFR2;EZH2;DDR2;FGFR1
GO_Biological_Process_2023,Regulation Of Angiogenesis (GO:0045765),22/205,0.0029723929463338,0.0245641912338177,0,0,2.0256125983631192,11.78579992302521,PPP1R16B;BTG1;JUP;ROCK1;PRKCB;ROCK2;PTPRM;HMGA2;PRKCA;GATA2;HIPK1;RHOB;HIPK2;SARS1;SFRP2;AGO2;PGK1;NF1;CTNNB1;SPRY2;PPARG;GTF2I
GO_Biological_Process_2023,Endocytic Recycling (GO:0032456),10/64,0.0029978632747466,0.0245641912338177,0,0,3.10817061486107,18.058022097645527,ARL4C;SNX3;EHD1;VPS29;EHD4;SNX27;VPS35;BLTP1;ARF6;RAB7A
GO_Biological_Process_2023,Positive Regulation Of T Cell Differentiation (GO:0045582),10/64,0.0029978632747466,0.0245641912338177,0,0,3.10817061486107,18.058022097645527,PBRM1;SMARCC1;SOCS1;ZMIZ1;LEF1;ZBTB1;RHOH;GATA3;ARID1A;SMARCA2
GO_Biological_Process_2023,Positive Regulation Of Macroautophagy (GO:0016239),10/64,0.0029978632747466,0.0245641912338177,0,0,3.10817061486107,18.058022097645527,SH3GLB1;BNIP3L;RALB;SPTLC2;WAC;GNAI3;PIP4K2A;SLC25A5;SLC25A4;C9ORF72
GO_Biological_Process_2023,Response To Metal Ion (GO:0010038),10/64,0.0029978632747466,0.0245641912338177,0,0,3.10817061486107,18.058022097645527,PPP3CA;AHCYL1;HOMER1;CALM3;CALM1;AQP3;CALM2;GPHN;SLC25A13;PPP1CA
GO_Biological_Process_2023,Negative Regulation Of Multicellular Organismal Process (GO:0051241),24/231,0.0030224111130957,0.0246736756019753,0,0,1.954571043294974,11.33983557305113,GSK3B;BMPR2;ARRDC3;DOCK7;PLCL2;STC1;GATA3;ATP2B1;RBPJ;ADIPOR1;SAP30;CORO1C;KLF7;GJA1;RGS2;RPS6KA5;SFRP2;ZNF706;NOVA1;PHF14;NPTN;SPRY2;SOX9;SRSF6
GO_Biological_Process_2023,Positive Regulation Of Substrate Adhesion-Dependent Cell Spreading (GO:1900026),7/35,0.0030257255577787,0.0246736756019753,0,0,4.190613879003559,24.308093147885245,CDC42;ILK;FLNA;RAC1;CRK;DOCK1;FERMT2
GO_Biological_Process_2023,Negative Regulation Of Protein Ubiquitination (GO:0031397),9/54,0.0030505873849823,0.0246736756019753,0,0,3.3554367201426025,19.436102530163897,IVNS1ABP;DNAJA1;NXN;CHP1;SPOPL;SPRY2;ARRB1;ARRB2;VPS28
GO_Biological_Process_2023,Protein K63-linked Ubiquitination (GO:0070534),9/54,0.0030505873849823,0.0246736756019753,0,0,3.3554367201426025,19.436102530163897,HECTD1;UBE2B;TRAF3;UBE2E3;PELI1;UBE2E2;UBE2G1;WWP2;STUB1
GO_Biological_Process_2023,Regulation Of Myoblast Differentiation (GO:0045661),9/54,0.0030505873849823,0.0246736756019753,0,0,3.3554367201426025,19.436102530163897,PBRM1;SMARCC1;BTG1;FLOT2;SOX9;ARID1A;PLCB1;SMARCA2;ZFP36L1
GO_Biological_Process_2023,Ribosomal Large Subunit Biogenesis (GO:0042273),9/54,0.0030505873849823,0.0246736756019753,0,0,3.3554367201426025,19.436102530163897,RPL5;NSA2;RPL10;EIF6;RPL11;RPL35A;RPL23A;RPL26;RSL24D1
GO_Biological_Process_2023,Positive Regulation Of B Cell Receptor Signaling Pathway (GO:0050861),3/6,0.003170153884729,0.0248913335291562,0,0,16.72517730496454,96.23625456188115,PRKCH;PRKCB;FOXP1
GO_Biological_Process_2023,Positive Regulation Of Aspartic-Type Endopeptidase Activity Involved In Amyloid Precursor Protein Catabolic Process (GO:1902961),3/6,0.003170153884729,0.0248913335291562,0,0,16.72517730496454,96.23625456188115,LYN;ROCK2;PICALM
GO_Biological_Process_2023,Pharyngeal Arch Artery Morphogenesis (GO:0061626),3/6,0.003170153884729,0.0248913335291562,0,0,16.72517730496454,96.23625456188115,BMPR2;HES1;BMPR1A
GO_Biological_Process_2023,Regulation Of Vascular Associated Smooth Muscle Cell Apoptotic Process (GO:1905459),3/6,0.003170153884729,0.0248913335291562,0,0,16.72517730496454,96.23625456188115,PDCD4;E2F3;PPARG
GO_Biological_Process_2023,Ribosomal Small Subunit Export From Nucleus (GO:0000056),3/6,0.003170153884729,0.0248913335291562,0,0,16.72517730496454,96.23625456188115,RPS15;XPO1;RAN
GO_Biological_Process_2023,Positive Regulation Of Mitophagy (GO:1901526),3/6,0.003170153884729,0.0248913335291562,0,0,16.72517730496454,96.23625456188115,VDAC1;SLC25A5;SLC25A4
GO_Biological_Process_2023,Negative Regulation Of Oligodendrocyte Differentiation (GO:0048715),3/6,0.003170153884729,0.0248913335291562,0,0,16.72517730496454,96.23625456188115,TMEM98;NF1;HES1
GO_Biological_Process_2023,Establishment Of Mitotic Sister Chromatid Cohesion (GO:0034087),3/6,0.003170153884729,0.0248913335291562,0,0,16.72517730496454,96.23625456188115,NIPBL;STAG1;STAG2
GO_Biological_Process_2023,Hepatocyte Growth Factor Receptor Signaling Pathway (GO:0048012),3/6,0.003170153884729,0.0248913335291562,0,0,16.72517730496454,96.23625456188115,PAK1;STMN1;RAC1
GO_Biological_Process_2023,Glomerular Epithelial Cell Development (GO:0072310),3/6,0.003170153884729,0.0248913335291562,0,0,16.72517730496454,96.23625456188115,MYO1E;JAG1;IQGAP1
GO_Biological_Process_2023,Negative Regulation Of Membrane Protein Ectodomain Proteolysis (GO:0051045),3/6,0.003170153884729,0.0248913335291562,0,0,16.72517730496454,96.23625456188115,ROCK1;TIMP2;TIMP3
GO_Biological_Process_2023,Citrulline Metabolic Process (GO:0000052),3/6,0.003170153884729,0.0248913335291562,0,0,16.72517730496454,96.23625456188115,CPS1;DDAH2;ASS1
GO_Biological_Process_2023,Cellular Hypotonic Response (GO:0071476),3/6,0.003170153884729,0.0248913335291562,0,0,16.72517730496454,96.23625456188115,CAB39;STK39;SLC12A6
GO_Biological_Process_2023,Regulation Of Fat Cell Differentiation (GO:0045598),11/75,0.0031629146724898,0.0248913335291562,0,0,2.8858119419642856,16.611487634625643,TRIO;SFRP2;SMAD3;CCDC85B;ZBTB16;ID2;PPARG;LCP1;WDFY2;FERMT2;ZFP36L1
GO_Biological_Process_2023,Negative Regulation Of Binding (GO:0051100),12/86,0.0032072306414918,0.0251299884221894,0,0,2.723715672777335,15.64052172824708,GSK3B;MAPK8;JUN;RALB;BTAF1;PLN;ROCK1;LEF1;RACK1;HMGA2;TLE5;PPP1CA
GO_Biological_Process_2023,Autophagosome Assembly (GO:0000045),10/65,0.0033672713614673,0.0262744970756821,0,0,3.0514962290163004,17.37415927837425,ATG3;GABARAPL2;RAB1A;GABARAPL1;MAP1LC3A;SMURF1;ATP2A2;GABARAP;RAB7A;ATG5
GO_Biological_Process_2023,Canonical Wnt Signaling Pathway (GO:0060070),10/65,0.0033672713614673,0.0262744970756821,0,0,3.0514962290163004,17.37415927837425,NR4A2;GSK3B;TCF7L2;WNT2B;SFRP2;JUP;LEF1;CTNNB1;GATA3;PPP1CA
GO_Biological_Process_2023,Positive Regulation Of Nitric Oxide Biosynthetic Process (GO:0045429),6/27,0.0034246552286383,0.0263937055633374,0,0,4.78679365079365,27.173452280467135,HSP90AA1;HSP90AB1;SMAD3;DDAH2;NOS1AP;ASS1
GO_Biological_Process_2023,Positive Regulation Of Mitochondrial Fission (GO:0090141),5/19,0.0034241683212494,0.0263937055633374,0,0,5.980398376046689,33.95010358240167,FIS1;RALA;VPS35;DNM1L;MCU
GO_Biological_Process_2023,Positive Regulation Of Mitotic Cell Cycle (GO:0045931),6/27,0.0034246552286383,0.0263937055633374,0,0,4.78679365079365,27.173452280467135,CUL3;USP22;HES1;PRKCA;EIF4E;MEIS2
GO_Biological_Process_2023,Eye Morphogenesis (GO:0048592),5/19,0.0034241683212494,0.0263937055633374,0,0,5.980398376046689,33.95010358240167,C12ORF57;NIPBL;STAT3;NF1;FBN1
GO_Biological_Process_2023,NADP Metabolic Process (GO:0006739),5/19,0.0034241683212494,0.0263937055633374,0,0,5.980398376046689,33.95010358240167,MDH1;KRT17;IDH1;IDH2;KCNAB2
GO_Biological_Process_2023,Mitotic Sister Chromatid Cohesion (GO:0007064),5/19,0.0034241683212494,0.0263937055633374,0,0,5.980398376046689,33.95010358240167,NIPBL;STAG1;STAG2;PDS5B;PDS5A
GO_Biological_Process_2023,Negative Regulation Of Macromolecule Biosynthetic Process (GO:0010558),13/98,0.0034641820084456,0.0265803304556158,0,0,2.5696306429548565,14.55767386867988,DDX6;GSK3B;BMPR2;DDX3X;IGFBP5;DAPK1;CLTC;RPL13A;YBX1;SERBP1;RACK1;IGF2BP2;PAIP2
GO_Biological_Process_2023,Cardiac Right Ventricle Morphogenesis (GO:0003215),4/12,0.0034912744602696,0.0265803304556158,0,0,8.367790594498668,47.34067851124255,JAG1;TBX20;GATA3;BMPR1A
GO_Biological_Process_2023,Lipoprotein Localization (GO:0044872),4/12,0.0034912744602696,0.0265803304556158,0,0,8.367790594498668,47.34067851124255,LRP1;PRKCB;SAR1B;PPARG
GO_Biological_Process_2023,Negative Regulation Of Potassium Ion Transport (GO:0043267),4/12,0.0034912744602696,0.0265803304556158,0,0,8.367790594498668,47.34067851124255,CAB39;STK39;NEDD4L;PTK2B
GO_Biological_Process_2023,Negative Regulation Of Stem Cell Differentiation (GO:2000737),4/12,0.0034912744602696,0.0265803304556158,0,0,8.367790594498668,47.34067851124255,GSK3B;JAG1;HNRNPU;HES1
GO_Biological_Process_2023,Regulation Of Actomyosin Structure Organization (GO:0110020),4/12,0.0034912744602696,0.0265803304556158,0,0,8.367790594498668,47.34067851124255,CDC42;ROCK1;ROCK2;RAC1
GO_Biological_Process_2023,Positive Regulation Of RNA Splicing (GO:0033120),7/36,0.0035758880776727,0.0270058535343916,0,0,4.045895201865259,22.792719415874355,RBM3;POLR2A;TRA2B;TRA2A;DYRK1A;PIK3R1;RBMX
GO_Biological_Process_2023,Regulation Of Intracellular Protein Transport (GO:0033157),7/36,0.0035758880776727,0.0270058535343916,0,0,4.045895201865259,22.792719415874355,GSK3B;TENM1;BCAS3;LCP1;ERGIC3;OAZ2;NDEL1
GO_Biological_Process_2023,Regulation Of Peptidyl-Threonine Phosphorylation (GO:0010799),7/36,0.0035758880776727,0.0270058535343916,0,0,4.045895201865259,22.792719415874355,CAB39;MAPK1;SPRY2;CALM3;CALM1;CALM2;UBE2K
GO_Biological_Process_2023,Regulation Of Receptor Internalization (GO:0002090),7/36,0.0035758880776727,0.0270058535343916,0,0,4.045895201865259,22.792719415874355,MKLN1;ARF1;ANGPT1;ANXA2;FLOT1;ARRB1;ARRB2
GO_Biological_Process_2023,Regulation Of Protein Catabolic Process (GO:0042176),15/122,0.0037115978328853,0.0279745880751137,0,0,2.3567983117274647,13.189333452106256,GSK3B;PHB1;HSP90AA1;FAF1;RDX;MSN;OAZ2;AZIN1;RBX1;SNX3;FLNA;VPS35;EZR;VPS28;RAB7A
GO_Biological_Process_2023,Endomembrane System Organization (GO:0010256),21/196,0.0037205295743367,0.027985823458161,0,0,2.020972972972973,11.305099012581485,WASHC4;RAB2A;ARFGEF1;BCAS3;RAB1A;CSNK1D;SNX10;DNAJC13;HOOK3;CDC42;SEC61A1;RAB30;SERP1;VAPA;LMNA;TMED2;TMCC1;LAMTOR1;DNM1L;SPTBN1;CLASP1
GO_Biological_Process_2023,Phosphate-Containing Compound Metabolic Process (GO:0006796),20/184,0.0038834792826952,0.0291532247150035,0,0,2.053193124190468,11.397323908270156,DUSP4;MAPKAP1;GFPT2;GFPT1;STAT3;PIK3CB;PPP1CA;INPP4A;PTPRD;PPP3CA;PAK1;INPP5A;PPIP5K2;TAOK1;PGK1;RICTOR;ALDOB;LCP1;TOP1;PAK2
GO_Biological_Process_2023,Regulation Of mRNA Catabolic Process (GO:0061013),8/46,0.0039039023280715,0.0291900132323601,0,0,3.5302057458874256,19.577739582110496,CARHSP1;YTHDF3;SERBP1;PRKCA;VIM;PUM1;ZFP36L1;PUM2
GO_Biological_Process_2023,Response To Glucose (GO:0009749),8/46,0.0039039023280715,0.0291900132323601,0,0,3.5302057458874256,19.577739582110496,TCF7L2;TRA2B;UCP2;RACK1;ZBTB20;LCP1;SELENOT;IGF1R
GO_Biological_Process_2023,Cellular Response To Peptide (GO:1901653),9/56,0.0039293767706945,0.02932219451306,0,0,3.212310843099329,17.793871372846187,APP;GSK3B;GJA1;LRP1;CACNA2D1;FYN;VIM;IGF1R;ZFP36L1
GO_Biological_Process_2023,Negative Regulation Of Actin Filament Bundle Assembly (GO:0032232),6/28,0.0041533814888094,0.0308103900974599,0,0,4.568969696969697,25.055464332732708,STMN1;PIK3R1;DYNLL1;PFN1;PAK2;CLASP1
GO_Biological_Process_2023,Positive Regulation Of Nitric Oxide Metabolic Process (GO:1904407),6/28,0.0041533814888094,0.0308103900974599,0,0,4.568969696969697,25.055464332732708,HSP90AA1;HSP90AB1;SMAD3;DDAH2;NOS1AP;ASS1
GO_Biological_Process_2023,Positive Regulation Of Protein Import Into Nucleus (GO:0042307),6/28,0.0041533814888094,0.0308103900974599,0,0,4.568969696969697,25.055464332732708,SMAD3;JUP;UBR5;FLNA;PIK3R1;RAN
GO_Biological_Process_2023,Mitochondrion Disassembly (GO:0061726),7/37,0.004198913692225,0.0309043334568655,0,0,3.910824436536181,21.403666161538386,ATG3;FIS1;GABARAPL2;GABARAPL1;MAP1LC3A;GABARAP;ATG5
GO_Biological_Process_2023,Negative Regulation Of Endothelial Cell Migration (GO:0010596),7/37,0.004198913692225,0.0309043334568655,0,0,3.910824436536181,21.403666161538386,JUP;CSNK2B;PTPRM;STC1;PPARG;SLIT2;NR2F2
GO_Biological_Process_2023,Regulation Of Ossification (GO:0030278),7/37,0.004198913692225,0.0309043334568655,0,0,3.910824436536181,21.403666161538386,BMPR2;ANKH;ZBTB16;PTN;SOX9;RBPJ;DDR2
GO_Biological_Process_2023,Spliceosomal snRNP Assembly (GO:0000387),7/37,0.004198913692225,0.0309043334568655,0,0,3.910824436536181,21.403666161538386,SNRPD2;SNRPD1;STRAP;SNRPE;SNRPF;LSM4;SNRPB
GO_Biological_Process_2023,Regulation Of Protein Serine/Threonine Kinase Activity (GO:0071900),14/112,0.0042746940794221,0.03140063365763,0,0,2.4006906253996676,13.095869965927566,MAP2K1;DDX3X;RALB;CAB39;CCNH;HMGA2;ACTB;RHOA;CDC37;CALM3;CALM1;SOS1;CALM2;EZH2
GO_Biological_Process_2023,Regulation Of Cardiac Muscle Cell Proliferation (GO:0060043),5/20,0.0043556826657103,0.0316249469222715,0,0,5.581409117821196,30.342068860306465,ERBB4;TBX20;RBPJ;FGFR2;BMPR1A
GO_Biological_Process_2023,Regulation Of Calcium Ion Transmembrane Transport (GO:1903169),5/20,0.0043556826657103,0.0316249469222715,0,0,5.581409117821196,30.342068860306465,UBASH3B;CACNA2D1;NOS1AP;PTK2B;FYN
GO_Biological_Process_2023,Positive Regulation Of Vascular Associated Smooth Muscle Cell Proliferation (GO:1904707),5/20,0.0043556826657103,0.0316249469222715,0,0,5.581409117821196,30.342068860306465,JUN;GJA1;IGFBP5;MMP2;BMPR1A
GO_Biological_Process_2023,Myoblast Differentiation (GO:0045445),5/20,0.0043556826657103,0.0316249469222715,0,0,5.581409117821196,30.342068860306465,TCF7L2;DDX5;MBNL1;JAG1;RBPJ
GO_Biological_Process_2023,Actin Filament-Based Transport (GO:0099515),5/20,0.0043556826657103,0.0316249469222715,0,0,5.581409117821196,30.342068860306465,MYO1D;MYO1E;MYO1B;MYO6;MYO5A
GO_Biological_Process_2023,Regulation Of Protein Kinase B Signaling (GO:0051896),16/136,0.0043223948497415,0.0316249469222715,0,0,2.24203288490284,12.205505208954513,OSBPL8;TCF7L2;PHB1;HSP90AA1;HSP90AB1;ANGPT1;GATA3;ARRB2;PIK3CB;PTK2;IGF1R;RACK1;SPRY2;RICTOR;FERMT2;FGFR1
GO_Biological_Process_2023,Post-Transcriptional Regulation Of Gene Expression (GO:0010608),9/57,0.0044371623327697,0.0321544653825569,0,0,3.145220588235294,17.03998808511294,RBM3;CYFIP1;MTPN;RPL10;CELF1;MSI2;PUM1;EIF4E;PUM2
GO_Biological_Process_2023,Positive Regulation Of Smooth Muscle Cell Proliferation (GO:0048661),8/47,0.0044762966853109,0.0323756766027972,0,0,3.439504988926182,18.604142177882306,PHB1;GJA1;JUN;IGFBP5;MMP2;ID2;FOXP1;BMPR1A
GO_Biological_Process_2023,Negative Regulation Of Cellular Component Organization (GO:0051129),11/79,0.0047553641500979,0.0341967964981232,0,0,2.7154805672268907,14.523698944264526,CDC42;GSK3B;HSPA8;DDX3X;HSPA5;RDX;SPRY2;RAF1;CRYAB;EPHA3;DNM2
GO_Biological_Process_2023,Protein Import Into Nucleus (GO:0006606),11/79,0.0047553641500979,0.0341967964981232,0,0,2.7154805672268907,14.523698944264526,STAT3;CBLB;KPNA4;E2F3;STK4;IPO7;PHB2;TNPO3;RAN;KPNA1;STK3
GO_Biological_Process_2023,Regulation Of Neuron Differentiation (GO:0045664),11/79,0.0047553641500979,0.0341967964981232,0,0,2.7154805672268907,14.523698944264526,TIAM1;NLGN1;ROCK1;ID2;HES1;TCF4;CNTN4;YWHAG;RHOA;YWHAH;FGFR1
GO_Biological_Process_2023,GTP Metabolic Process (GO:0046039),4/13,0.0048192105146181,0.0343277476240133,0,0,7.437641723356009,39.68089822717478,IMPDH2;GNAI3;RAN;RHOQ
GO_Biological_Process_2023,Microvillus Organization (GO:0032528),4/13,0.0048192105146181,0.0343277476240133,0,0,7.437641723356009,39.68089822717478,RAP1B;RAP1A;RAP2B;TNIK
GO_Biological_Process_2023,Peptidyl-Tyrosine Autophosphorylation (GO:0038083),4/13,0.0048192105146181,0.0343277476240133,0,0,7.437641723356009,39.68089822717478,LCK;DYRK1A;PTK2B;IGF1R
GO_Biological_Process_2023,Regulation Of Trophoblast Cell Migration (GO:1901163),4/13,0.0048192105146181,0.0343277476240133,0,0,7.437641723356009,39.68089822717478,GJA1;SMURF2;YTHDF3;AGO2
GO_Biological_Process_2023,Response To Chemokine (GO:1990868),4/13,0.0048192105146181,0.0343277476240133,0,0,7.437641723356009,39.68089822717478,DUSP1;STK39;OXSR1;RHOA
GO_Biological_Process_2023,Response To Transforming Growth Factor Beta (GO:0071559),7/38,0.0049006569832198,0.034710679687175,0,0,3.784467914131558,20.127261189545703,SMAD3;ROCK1;ROCK2;SOX9;SOX6;ZFP36L1;SOX5
GO_Biological_Process_2023,Membrane Assembly (GO:0071709),7/38,0.0049006569832198,0.034710679687175,0,0,3.784467914131558,20.127261189545703,PTPRD;UGCG;NLGN1;ANXA2;CHMP1B;CHMP2A;SPTBN1
GO_Biological_Process_2023,Positive Regulation Of Bone Mineralization (GO:0030501),7/38,0.0049006569832198,0.034710679687175,0,0,3.784467914131558,20.127261189545703,BMPR2;RXRA;PTN;ATP2B1;OXSR1;GPM6B;BMPR1A
GO_Biological_Process_2023,Regulation Of Cell Growth (GO:0001558),23/227,0.0049582750320905,0.0350527676610764,0,0,1.899266475543286,10.078832419282287,MTPN;PHB1;BTG1;SMAD3;BMPR2;DDX3X;MAPKAP1;ADAM10;RASGRP2;SMARCA2;BLTP1;CDC42;RPS6KA3;GJA1;MMP14;SFRP2;CCDC85B;RACK1;RICTOR;LAMTOR2;LAMTOR1;SLIT2;EIF4G2
GO_Biological_Process_2023,Positive Regulation Of Endopeptidase Activity (GO:0010950),6/29,0.004990555307666,0.035148836165041,0,0,4.370086956521739,23.16237024668008,LYN;PRELID1;ROCK2;STAT3;FYN;PICALM
GO_Biological_Process_2023,Regulation Of Striated Muscle Contraction (GO:0006942),6/29,0.004990555307666,0.035148836165041,0,0,4.370086956521739,23.16237024668008,C12ORF57;GRK2;CALM3;SRI;CALM1;CALM2
GO_Biological_Process_2023,Negative Regulation Of Canonical Wnt Signaling Pathway (GO:0090090),14/114,0.0050132374765303,0.0351768398306541,0,0,2.352426141450313,12.457680471427585,TLE4;GSK3B;TCF7L2;TLE1;CTNND1;TMEM170B;STK4;MLLT3;RBX1;TLE5;STK3;SFRP2;SOX9;PFDN5
GO_Biological_Process_2023,Response To Endoplasmic Reticulum Stress (GO:0034976),14/114,0.0050132374765303,0.0351768398306541,0,0,2.352426141450313,12.457680471427585,GSK3B;JUN;HSPA5;ITPR1;DERL1;ATP2A2;PIK3R1;HSP90B1;ERLEC1;UFM1;TMEM117;FLOT1;UFC1;ATF3
GO_Biological_Process_2023,Regulation Of RNA Metabolic Process (GO:0051252),12/91,0.0051160653693849,0.0356784920740445,0,0,2.5506498795262496,13.455620880370432,SF3B5;MBNL1;ENY2;TMEM98;CELF1;SNRNP70;FUS;RASA1;TRA2B;USP22;HNRNPF;PTBP2
GO_Biological_Process_2023,Cytoplasmic Microtubule Organization (GO:0031122),8/48,0.0051110070388391,0.0356784920740445,0,0,3.353339269813001,17.693421239446327,DYNC1H1;CHP1;FYN;HOOK3;EZR;CLASP1;RAB11A;RHOA
GO_Biological_Process_2023,Regulation Of Intrinsic Apoptotic Signaling Pathway (GO:2001242),8/48,0.0051110070388391,0.0356784920740445,0,0,3.353339269813001,17.693421239446327,FIS1;DDX3X;SGMS1;LCK;DAPK2;RACK1;DNM1L;BCL2L1
GO_Biological_Process_2023,Organelle Assembly (GO:0070925),30/322,0.0051226763413943,0.0356784920740445,0,0,1.7335112537792543,9.142674005883276,RAB1A;ATP2A2;SNX10;ASAP1;GABARAP;MAP1LC3A;ABLIM3;AP1G1;CHMP1B;FLNA;ATG5;RAB8B;ACTR3;ATG3;GABARAPL2;ACTR2;GABARAPL1;YTHDF3;SEPTIN2;AP1B1;RFX3;SEPTIN6;RAB11A;SEPTIN7;EHD1;EHD4;CHMP2A;ATP6V0D1;VPS28;RAB7A
GO_Biological_Process_2023,Protein Localization To Cytoplasmic Stress Granule (GO:1903608),3/7,0.0053151430309232,0.0361487394924092,0,0,12.543218085106384,65.6912835139756,PAK1;DDX3X;YBX1
GO_Biological_Process_2023,Regulation Of Golgi To Plasma Membrane Protein Transport (GO:0042996),3/7,0.0053151430309232,0.0361487394924092,0,0,12.543218085106384,65.6912835139756,RACK1;CSK;ATP2C1
GO_Biological_Process_2023,Negative Regulation Of Neural Precursor Cell Proliferation (GO:2000178),3/7,0.0053151430309232,0.0361487394924092,0,0,12.543218085106384,65.6912835139756,NF1;PTN;GATA2
GO_Biological_Process_2023,Regulation Of Mesenchymal Stem Cell Differentiation (GO:2000739),3/7,0.0053151430309232,0.0361487394924092,0,0,12.543218085106384,65.6912835139756,SOX9;SOX6;SOX5
GO_Biological_Process_2023,Positive Regulation Of Vascular Associated Smooth Muscle Cell Migration (GO:1904754),3/7,0.0053151430309232,0.0361487394924092,0,0,12.543218085106384,65.6912835139756,DOCK4;IGFBP5;DOCK7
GO_Biological_Process_2023,Regulation Of Cyclic-Nucleotide Phosphodiesterase Activity (GO:0051342),3/7,0.0053151430309232,0.0361487394924092,0,0,12.543218085106384,65.6912835139756,RACK1;CALM3;CALM2
GO_Biological_Process_2023,Positive Regulation Of Ryanodine-Sensitive Calcium-Release Channel Activity (GO:0060316),3/7,0.0053151430309232,0.0361487394924092,0,0,12.543218085106384,65.6912835139756,CALM3;CALM1;CALM2
GO_Biological_Process_2023,Negative Regulation Of miRNA-mediated Gene Silencing (GO:0060965),3/7,0.0053151430309232,0.0361487394924092,0,0,12.543218085106384,65.6912835139756,ELOB;PPARG;ELOC
GO_Biological_Process_2023,Positive Regulation Of Aspartic-Type Peptidase Activity (GO:1905247),3/7,0.0053151430309232,0.0361487394924092,0,0,12.543218085106384,65.6912835139756,LYN;ROCK2;PICALM
GO_Biological_Process_2023,Neuron Projection Arborization (GO:0140058),3/7,0.0053151430309232,0.0361487394924092,0,0,12.543218085106384,65.6912835139756,NLGN1;ROCK1;PTN
GO_Biological_Process_2023,Negative Regulation Of Keratinocyte Proliferation (GO:0010839),3/7,0.0053151430309232,0.0361487394924092,0,0,12.543218085106384,65.6912835139756,KLF9;PTPRK;FGFR2
GO_Biological_Process_2023,Growth Hormone Receptor Signaling Pathway Via JAK-STAT (GO:0060397),3/7,0.0053151430309232,0.0361487394924092,0,0,12.543218085106384,65.6912835139756,LYN;STAT5B;STAT3
GO_Biological_Process_2023,Positive Regulation Of Fibroblast Migration (GO:0010763),3/7,0.0053151430309232,0.0361487394924092,0,0,12.543218085106384,65.6912835139756,PRKCE;PTK2;DDR2
GO_Biological_Process_2023,Chaperone-Mediated Protein Complex Assembly (GO:0051131),5/21,0.00545445571381,0.0369625368281792,0,0,5.23229351687389,27.26716862846319,CCT2;HSP90AA1;HSP90AB1;PTGES3;HSPD1
GO_Biological_Process_2023,Positive Regulation Of Signal Transduction By P53 Class Mediator (GO:1901798),5/21,0.00545445571381,0.0369625368281792,0,0,5.23229351687389,27.26716862846319,RPS15;DDX5;RPS7;RPS20;RPL37
GO_Biological_Process_2023,Positive Regulation Of Neuron Projection Development (GO:0010976),12/92,0.005588741282415,0.0376272436465422,0,0,2.518632707774799,13.064150853062008,SNX3;LYN;NLGN1;CAMK1D;RAP1A;NPTN;PTK2B;ROR1;PTN;CBFA2T2;EPHA3;DDR2
GO_Biological_Process_2023,Central Nervous System Development (GO:0007417),27/283,0.0056125721046823,0.0376272436465422,0,0,1.778161090353261,9.21575759638474,APP;NCKAP1;CHD7;SLC2A1;UBE3A;MSI2;RPS6KA3;NIPBL;UGP2;FLNB;SOX9;SOX6;SPTBN1;MARCKSL1;ZBTB16;STAT3;PBX3;S100B;MEIS2;DCLK1;PBX1;NR4A2;UFM1;UFC1;NF1;RAB18;CNTN4
GO_Biological_Process_2023,Heart Morphogenesis (GO:0003007),9/59,0.0056048876800488,0.0376272436465422,0,0,3.019090909090909,15.651318277974932,NIPBL;FLRT2;CHD7;TBX20;HES1;SOX9;DYNLL1;PTK2;BMPR1A
GO_Biological_Process_2023,Cellular Response To Organic Cyclic Compound (GO:0071407),17/152,0.0055786466416307,0.0376272436465422,0,0,2.117680696854844,10.988240805823652,HSPA8;IGFBP5;JUP;ROCK2;MSN;ATP1A1;ACTB;GNAI1;HSP90B1;ZFP36L1;RAP1B;RAP1A;GNG2;GNB1;CTNNA1;CTNNB1;EZR
GO_Biological_Process_2023,Positive Regulation Of Protein Catabolic Process (GO:0045732),12/92,0.005588741282415,0.0376272436465422,0,0,2.518632707774799,13.064150853062008,GSK3B;HSP90AA1;PSMC5;FAF1;RDX;MSN;VPS35;EZR;VPS28;OAZ2;RBX1;RAB7A
GO_Biological_Process_2023,DNA-templated Transcription Initiation (GO:0006352),9/59,0.0056048876800488,0.0376272436465422,0,0,3.019090909090909,15.651318277974932,GTF2A2;CCNH;GTF2B;ELOB;E2F3;POLR2G;ELOC;POLR2I;ZFP36L1
GO_Biological_Process_2023,Negative Regulation Of Cell-Substrate Adhesion (GO:0010812),7/39,0.0056870558980443,0.0379911496137562,0,0,3.666008674377224,18.95166126693324,JAG1;RASA1;CASK;ACTN4;EFNA5;RHOA;CORO1C
GO_Biological_Process_2023,Negative Regulation Of Proteasomal Protein Catabolic Process (GO:1901799),7/39,0.0056870558980443,0.0379911496137562,0,0,3.666008674377224,18.95166126693324,GABARAPL2;HSP90AB1;RYBP;USP9X;RPL11;WAC;EIF3H
GO_Biological_Process_2023,Regulation Of G Protein-Coupled Receptor Signaling Pathway (GO:0008277),10/70,0.0057897788432382,0.038472364362931,0,0,2.796461492714838,14.406422125852307,RGS4;PHB1;RGS2;ROCK1;GRK5;YWHAB;ROCK2;NMT1;KCTD12;PLCB1
GO_Biological_Process_2023,Regulation Of Notch Signaling Pathway (GO:0008593),10/70,0.0057897788432382,0.038472364362931,0,0,2.796461492714838,14.406422125852307,MMP14;TSPAN14;JAG1;ZMIZ1;STAT3;TSPAN5;ARRB1;CCNC;WWP2;GATA2
GO_Biological_Process_2023,Regulation Of Cellular Biosynthetic Process (GO:0031326),10/70,0.0057897788432382,0.038472364362931,0,0,2.796461492714838,14.406422125852307,RBM3;APP;CYFIP1;MTPN;RPL10;EIF6;NOS1AP;MSI2;RAC1;EIF4E
GO_Biological_Process_2023,Autophagy Of Mitochondrion (GO:0000422),8/49,0.0058122588925308,0.038485749462691,0,0,3.2713767565102185,16.840347434468082,ATG3;GABARAPL2;FIS1;GABARAPL1;MAP1LC3A;PHB2;GABARAP;ATG5
GO_Biological_Process_2023,Regulation Of Cell Communication (GO:0010646),8/49,0.0058122588925308,0.038485749462691,0,0,3.2713767565102185,16.840347434468082,MTCH1;UGCG;GRK5;SRI;CDK13;CRK;YWHAG;CDC42SE2
GO_Biological_Process_2023,Innate Immune Response Activating Cell Surface Receptor Signaling Pathway (GO:0002220),6/30,0.0059451567578031,0.0391589046691729,0,0,4.187777777777778,21.463108131851683,LYN;PAK1;CREBBP;FYN;PAK3;PAK2
GO_Biological_Process_2023,Regulation Of Arp2/3 Complex-Mediated Actin Nucleation (GO:0034315),6/30,0.0059451567578031,0.0391589046691729,0,0,4.187777777777778,21.463108131851683,WASHC4;CYFIP1;NCKAP1;ARF1;FCHSD2;BRK1
GO_Biological_Process_2023,Artery Morphogenesis (GO:0048844),6/30,0.0059451567578031,0.0391589046691729,0,0,4.187777777777778,21.463108131851683,BMPR2;JAG1;LRP1;NF1;HES1;BMPR1A
GO_Biological_Process_2023,Negative Regulation Of Intracellular Signal Transduction (GO:1902532),23/231,0.0061135176178572,0.0401974471341977,0,0,1.862342925576229,9.492832983575306,LYN;DUSP4;MAP2K3;TLE1;DDX3X;UBE2B;LRP1;DUSP1;PDE4D;ITPR1;RHOH;ARRB2;PIK3CB;ADIPOR1;CYRIB;DUSP6;IGF1R;DEPTOR;RACK1;NF1;PPARG;SLIT2;BCL2L1
GO_Biological_Process_2023,Regulation Of DNA Repair (GO:0006282),15/129,0.0062577486696413,0.0410739838508225,0,0,2.2112573099415203,11.219775407805404,SF3B5;SMARCC1;ENY2;PBRM1;USP22;ARID1A;SMARCA2;ACTB;MORF4L1;BABAM2;PPP4C;TMEM98;MORF4L2;UBR5;TRIP12
GO_Biological_Process_2023,protein-DNA Complex Organization (GO:0071824),9/60,0.0062711608533043,0.0410903065666855,0,0,2.9597357659641395,15.011169499779642,CBX5;SATB1;CBX3;HMGB2;HNRNPU;HMGA2;BANF1;TCF4;EZH2
GO_Biological_Process_2023,Positive Regulation Of Protein Serine/Threonine Kinase Activity (GO:0071902),14/117,0.0063106737529298,0.0412772938865551,0,0,2.2835438196973517,11.567320522719768,TENM1;MAP2K1;DDX3X;RALB;CAB39;HMGA2;RHOA;CCNY;CALM3;CALM1;CALM2;FERMT2;EZH2;FGFR1
GO_Biological_Process_2023,Negative Regulation Of Smooth Muscle Cell Migration (GO:0014912),4/14,0.00644818813239,0.0416694769173867,0,0,6.693522626441881,33.761834264351165,IGFBP5;LRP1;SLIT2;BMPR1A
GO_Biological_Process_2023,Protein Autoubiquitination (GO:0051865),10/71,0.0064061492099642,0.0416694769173867,0,0,2.7504716222342465,13.891248500225366,BABAM2;UBE2B;UBE2D2;CUL3;UBE2D3;UBE3A;WWP2;STUB1;KLHL24;RNF220
GO_Biological_Process_2023,Regulation Of Hydrolase Activity (GO:0051336),10/71,0.0064061492099642,0.0416694769173867,0,0,2.7504716222342465,13.891248500225366,VAV3;SIPA1L1;RABGAP1;RDX;PLXNA2;NF1;EFNA5;CRK;EPHA3;PTK2
GO_Biological_Process_2023,Establishment Of Apical/Basal Cell Polarity (GO:0035089),4/14,0.00644818813239,0.0416694769173867,0,0,6.693522626441881,33.761834264351165,CDC42;MSN;EZR;RHOA
GO_Biological_Process_2023,"Negative Regulation Of mRNA Splicing, Via Spliceosome (GO:0048025)",4/14,0.00644818813239,0.0416694769173867,0,0,6.693522626441881,33.761834264351165,SRSF6;RBMX;SRSF7;SRSF9
GO_Biological_Process_2023,Negative Regulation Of Peptidyl-Threonine Phosphorylation (GO:0010801),4/14,0.00644818813239,0.0416694769173867,0,0,6.693522626441881,33.761834264351165,SPRY2;CALM3;CALM1;CALM2
GO_Biological_Process_2023,Regulation Of Cholesterol Storage (GO:0010885),4/14,0.00644818813239,0.0416694769173867,0,0,6.693522626441881,33.761834264351165,EHD1;PPARG;LCP1;ABCG1
GO_Biological_Process_2023,Pyruvate Metabolic Process (GO:0006090),8/50,0.0065843357949889,0.0421868601787963,0,0,3.1933172200313784,16.040229791884357,LDHB;TPI1;PKM;KRT17;UCP2;PGK1;VDAC1;ALDOB
GO_Biological_Process_2023,Positive Regulation Of Transport (GO:0051050),8/50,0.0065843357949889,0.0421868601787963,0,0,3.1933172200313784,16.040229791884357,GSK3B;DYNC1H1;RXRA;ANXA2;LRP1;FLOT1;CHP1;ACTB
GO_Biological_Process_2023,Regulation Of Mitochondrion Organization (GO:0010821),8/50,0.0065843357949889,0.0421868601787963,0,0,3.1933172200313784,16.040229791884357,GSK3B;FIS1;PID1;RAP1GDS1;VPS35;VDAC1;DNM1L;CYRIB
GO_Biological_Process_2023,Negative Regulation Of Cell Projection Organization (GO:0031345),8/50,0.0065843357949889,0.0421868601787963,0,0,3.1933172200313784,16.040229791884357,EFNB2;MYLIP;LPAR1;SPRY2;DENND5A;FYN;CBFA2T2;YWHAH
GO_Biological_Process_2023,Positive Regulation Of Fat Cell Differentiation (GO:0045600),8/50,0.0065843357949889,0.0421868601787963,0,0,3.1933172200313784,16.040229791884357,SFRP2;ZBTB16;ID2;HNRNPU;PPARG;LCP1;WDFY2;ZFP36L1
GO_Biological_Process_2023,Negative Regulation Of Protein Localization To Nucleus (GO:1900181),5/22,0.0067352679442558,0.0428618320445789,0,0,4.924250339567443,24.623210003539892,GSK3B;UFM1;CTNNA1;CHP1;YWHAZ
GO_Biological_Process_2023,Organelle Fission (GO:0048285),5/22,0.0067352679442558,0.0428618320445789,0,0,4.924250339567443,24.623210003539892,FIS1;UCP2;TMCC1;DNM1L;CORO1C
GO_Biological_Process_2023,Regulation Of Mononuclear Cell Migration (GO:0071675),5/22,0.0067352679442558,0.0428618320445789,0,0,4.924250339567443,24.623210003539892,LYN;MSN;MAPK1;SLIT2;PTK2
GO_Biological_Process_2023,Regulation Of Release Of Sequestered Calcium Ion Into Cytosol By Sarcoplasmic Reticulum (GO:0010880),5/22,0.0067352679442558,0.0428618320445789,0,0,4.924250339567443,24.623210003539892,PDE4D;CALM3;SRI;CALM1;CALM2
GO_Biological_Process_2023,Response To Calcium Ion (GO:0051592),13/106,0.0067834363598729,0.0430954461984493,0,0,2.347586896724181,11.72213866933419,CPNE8;CLIC4;NLGN1;AHCYL1;HOMER1;IQGAP1;RASGRP2;AQP3;PPP3CA;CALM3;CALM1;CALM2;SLC25A13
GO_Biological_Process_2023,Presynaptic Endocytosis (GO:0140238),6/31,0.0070261468343332,0.0443378158455158,0,0,4.020053333333333,19.931894076019688,DNM3;NLGN1;AP2S1;AP2M1;BLTP1;DNM2
GO_Biological_Process_2023,Regulation Of Protein Localization To Cell Surface (GO:2000008),6/31,0.0070261468343332,0.0443378158455158,0,0,4.020053333333333,19.931894076019688,HSP90AB1;NEDD4L;CTNNB1;KCNAB2;GPM6B;PICALM
GO_Biological_Process_2023,Autophagosome Organization (GO:1905037),9/61,0.0069966797736476,0.0443378158455158,0,0,2.9026635129576306,14.403943927903802,ATG3;GABARAPL2;RAB1A;GABARAPL1;MAP1LC3A;ATP2A2;GABARAP;RAB7A;ATG5
GO_Biological_Process_2023,Negative Regulation Of Cell-Matrix Adhesion (GO:0001953),6/31,0.0070261468343332,0.0443378158455158,0,0,4.020053333333333,19.931894076019688,BCAS3;JAG1;RASA1;CASK;DYNLL1;CORO1C
GO_Biological_Process_2023,Plasma Membrane Bounded Cell Projection Assembly (GO:0120031),26/275,0.0072723954759108,0.0458148733415419,0,0,1.759508622726199,8.663239011453147,CYFIP1;RAB1A;SNX10;ASAP1;RAP1B;RAP1A;ABLIM3;FLNA;RAC1;RAB8B;ACTR3;ACTR2;SEPTIN2;RFX3;SEPTIN6;MTSS1;SEPTIN7;EHD1;DNM3;EHD4;RAP2B;TNIK;ATP6V0D1;EZR;VCL;ARF6
GO_Biological_Process_2023,Regulation Of Microtubule-Based Process (GO:0032886),7/41,0.007537820683809,0.0473284534086911,0,0,3.44999476658991,16.86296091589997,GSK3B;ROCK1;TAOK1;CDK2AP2;EFNA5;CLASP1;EPHA3
GO_Biological_Process_2023,Stem Cell Differentiation (GO:0048863),7/41,0.007537820683809,0.0473284534086911,0,0,3.44999476658991,16.86296091589997,HMGA2;CTNNB1;OXSR1;MLLT3;PUM1;FGFR2;BATF
GO_Biological_Process_2023,Positive Regulation Of Smooth Muscle Cell Apoptotic Process (GO:0034393),3/8,0.0081487051683122,0.0499141370326099,0,0,10.034042553191489,48.26270354262599,PDCD4;E2F3;PPARG
GO_Biological_Process_2023,Sphingosine-1-Phosphate Receptor Signaling Pathway (GO:0003376),3/8,0.0081487051683122,0.0499141370326099,0,0,10.034042553191489,48.26270354262599,PIK3CB;RAC1;EZR
GO_Biological_Process_2023,Regulation Of Nephron Tubule Epithelial Cell Differentiation (GO:0072182),3/8,0.0081487051683122,0.0499141370326099,0,0,10.034042553191489,48.26270354262599,CTNNB1;GATA3;OXSR1
GO_Biological_Process_2023,Regulation Of Endothelial Cell Development (GO:1901550),3/8,0.0081487051683122,0.0499141370326099,0,0,10.034042553191489,48.26270354262599,ROCK1;ROCK2;VCL
GO_Biological_Process_2023,Regulation Of Dendritic Spine Maintenance (GO:1902950),3/8,0.0081487051683122,0.0499141370326099,0,0,10.034042553191489,48.26270354262599,HOMER1;FYN;VPS35
GO_Biological_Process_2023,Regulation Of Aspartic-Type Endopeptidase Activity Involved In Amyloid Precursor Protein Catabolic Process (GO:1902959),3/8,0.0081487051683122,0.0499141370326099,0,0,10.034042553191489,48.26270354262599,LYN;ROCK2;PICALM
GO_Biological_Process_2023,Positive Regulation Of Mitochondrial Calcium Ion Concentration (GO:0051561),3/8,0.0081487051683122,0.0499141370326099,0,0,10.034042553191489,48.26270354262599,FIS1;RAP1GDS1;MCU
GO_Biological_Process_2023,RISC Complex Assembly (GO:0070922),3/8,0.0081487051683122,0.0499141370326099,0,0,10.034042553191489,48.26270354262599,AGO3;AGO4;AGO2
GO_Biological_Process_2023,Negative Regulation Of Glycoprotein Biosynthetic Process (GO:0010561),3/8,0.0081487051683122,0.0499141370326099,0,0,10.034042553191489,48.26270354262599,AGO2;ITM2A;ITM2B
GO_Biological_Process_2023,Negative Regulation Of Glial Cell Differentiation (GO:0045686),3/8,0.0081487051683122,0.0499141370326099,0,0,10.034042553191489,48.26270354262599,TMEM98;NF1;HES1
GO_Biological_Process_2023,Modification-Dependent Macromolecule Catabolic Process (GO:0043632),3/8,0.0081487051683122,0.0499141370326099,0,0,10.034042553191489,48.26270354262599,NEDD8;RPS27A;UBA52
GO_Biological_Process_2023,Embryonic Digestive Tract Morphogenesis (GO:0048557),3/8,0.0081487051683122,0.0499141370326099,0,0,10.034042553191489,48.26270354262599,NIPBL;ID2;TCF21
GO_Biological_Process_2023,Astral Microtubule Organization (GO:0030953),3/8,0.0081487051683122,0.0499141370326099,0,0,10.034042553191489,48.26270354262599,EZR;CLASP1;RAB11A
GO_Biological_Process_2023,DNA Topological Change (GO:0006265),3/8,0.0081487051683122,0.0499141370326099,0,0,10.034042553191489,48.26270354262599,TOP2B;HMGB2;TOP1
GO_Biological_Process_2023,Negative Regulation Of Ubiquitin Protein Ligase Activity (GO:1904667),3/8,0.0081487051683122,0.0499141370326099,0,0,10.034042553191489,48.26270354262599,RPL5;RPS7;RPL11
GO_Biological_Process_2023,Mitotic Spindle Organization (GO:0007052),11/85,0.0082667296026392,0.0500662963535045,0,0,2.494510135135135,11.962464016763178,DYNC1H1;STAG1;STAG2;STMN1;ZNF207;SBDS;FLNA;RHOA;CLASP1;RAB11A;RAN
GO_Biological_Process_2023,Regulation Of Osteoblast Differentiation (GO:0045667),11/85,0.0082667296026392,0.0500662963535045,0,0,2.494510135135135,11.962464016763178,PPP3CA;DDX5;BMPR2;CDK6;PPARG;SOX9;PTK2;FERMT2;FGFR2;DDR2;BMPR1A
GO_Biological_Process_2023,Regulation Of Transmembrane Transport (GO:0034762),6/32,0.0082424087366687,0.0500662963535045,0,0,3.8652307692307697,18.547165500530767,KCNJ8;PRKCB;KCNJ15;NEDD4L;WWP2;ACTB
GO_Biological_Process_2023,Regulation Of Cardiac Muscle Hypertrophy (GO:0010611),5/23,0.0082124750871109,0.0500662963535045,0,0,4.650434181961713,22.33185430409808,MTPN;RGS2;ROCK1;ROCK2;PRKCA
GO_Biological_Process_2023,Heterochromatin Formation (GO:0031507),6/32,0.0082424087366687,0.0500662963535045,0,0,3.8652307692307697,18.547165500530767,CBX3;LMNA;UBR5;HMGA2;TRIP12;EZH2
GO_Biological_Process_2023,"Regulation Of Nuclear-Transcribed mRNA Catabolic Process, Deadenylation-Dependent Decay (GO:1900151)",5/23,0.0082124750871109,0.0500662963535045,0,0,4.650434181961713,22.33185430409808,CSDE1;HNRNPD;HNRNPU;YBX1;ZFP36L1
GO_Biological_Process_2023,Negative Regulation Of Proteasomal Ubiquitin-Dependent Protein Catabolic Process (GO:0032435),6/32,0.0082424087366687,0.0500662963535045,0,0,3.8652307692307697,18.547165500530767,HSP90AB1;RYBP;USP9X;RPL11;WAC;EIF3H
GO_Biological_Process_2023,Nervous System Development (GO:0007399),37/433,0.0082885505356903,0.0501177468886356,0,0,1.5777080678817426,7.561765712651137,NCKAP1;APP;TENM1;NLGN1;CHD7;LPAR1;SLC2A1;MSI2;PTN;LDB2;EFNA5;KALRN;NRGN;RPS6KA3;ERBB4;ST8SIA4;HES1;IGF2BP2;SOX6;GPM6B;SPTBN1;MYLIP;MBNL1;MARCKSL1;RBFOX2;JAG1;ZBTB16;STAT3;DYRK1A;S100B;DCLK1;DNM3;ZEB2;ALDH1A2;NF1;CNTN4;ITM2B
GO_Biological_Process_2023,Digestive Tract Morphogenesis (GO:0048546),4/15,0.0084045252365259,0.0504137470726857,0,0,6.084697910784867,29.0786800424683,NIPBL;ID2;TCF21;FGFR2
GO_Biological_Process_2023,Endoplasmic Reticulum To Cytosol Transport (GO:1903513),4/15,0.0084045252365259,0.0504137470726857,0,0,6.084697910784867,29.0786800424683,ERLEC1;DERL1;SEC61B;HSP90B1
GO_Biological_Process_2023,Epiboly Involved In Wound Healing (GO:0090505),4/15,0.0084045252365259,0.0504137470726857,0,0,6.084697910784867,29.0786800424683,FLNA;LCP1;RHOC;RHOA
GO_Biological_Process_2023,Negative Regulation Of mRNA Processing (GO:0050686),4/15,0.0084045252365259,0.0504137470726857,0,0,6.084697910784867,29.0786800424683,SRSF6;RBMX;SRSF7;SRSF9
GO_Biological_Process_2023,Regulation Of Amyloid Fibril Formation (GO:1905906),4/15,0.0084045252365259,0.0504137470726857,0,0,6.084697910784867,29.0786800424683,APP;PFDN2;CRYAB;PFDN5
GO_Biological_Process_2023,Negative Regulation Of Developmental Process (GO:0051093),13/109,0.0085386262634228,0.0511365818100851,0,0,2.273861434108527,10.830754784809162,SMARCC1;ROCK1;BCL11A;ROCK2;SMARCA2;TENT5C;SAP30;KLF7;CDK6;ZNF706;PHF14;PPARG;SOX9
GO_Biological_Process_2023,Import Into Nucleus (GO:0051170),10/74,0.0085641802591842,0.0512080794193828,0,0,2.6211251115075824,12.476992891701824,STAT3;KPNA4;E2F3;STK4;IPO7;PHB2;TNPO3;RAN;KPNA1;STK3
GO_Biological_Process_2023,Modulation By Host Of Symbiont Process (GO:0051851),7/42,0.0086142254726773,0.0513440602262114,0,0,3.3512455516014237,15.932961839989746,CDC42;JUN;ROCK2;LEF1;HMGA2;CHD1;SAP30
GO_Biological_Process_2023,Stress-Activated MAPK Cascade (GO:0051403),7/42,0.0086142254726773,0.0513440602262114,0,0,3.3512455516014237,15.932961839989746,MAP2K3;MAPK10;MAP2K4;MAPK8;MAPK1;MAP4K3;ZFP36L1
GO_Biological_Process_2023,Dephosphorylation (GO:0016311),16/147,0.0090655306204695,0.0539485137082055,0,0,2.0525656385855613,9.653782504025427,DUSP4;PPM1L;FBXW11;PPM1H;PTPRM;PPP2R5A;PPP2R2A;PPP4R3A;PTPRK;PPP1CA;PPP1CB;PTPRD;PPP1CC;PPP3CA;PTPRA;PPP2R5E
GO_Biological_Process_2023,Positive Regulation Of NIK/NF-kappaB Signaling (GO:1901224),8/53,0.009368904310908,0.0556657963875597,0,0,2.9799544869892154,13.917457631700808,APP;PHB1;PTP4A3;DDX3X;PDCD4;ILK;PHB2;RHOA
GO_Biological_Process_2023,Regulation Of BMP Signaling Pathway (GO:0030510),10/75,0.009395145629302,0.0557336635832884,0,0,2.5806628696905234,12.04540432089802,BMPR2;SMURF2;SMURF1;FST;UBE2D3;TBX20;UBE2D1;PPARG;RBPJ;HIPK2
GO_Biological_Process_2023,Actin Filament Bundle Organization (GO:0061572),6/33,0.0096026910370217,0.0565191251803423,0,0,3.7218765432098766,17.290766159898954,MYO1B;PLS3;LCP1;BAIAP2;EZR;LIMD2
GO_Biological_Process_2023,Inositol Lipid-Mediated Signaling (GO:0048017),6/33,0.0096026910370217,0.0565191251803423,0,0,3.7218765432098766,17.290766159898954,INPP5A;PLCB4;EZR;PLCB1;IGF1R;FGFR1
GO_Biological_Process_2023,Monoubiquitinated Protein Deubiquitination (GO:0035520),6/33,0.0096026910370217,0.0565191251803423,0,0,3.7218765432098766,17.290766159898954,SF3B5;ENY2;USP15;TMEM98;USP9X;USP22
GO_Biological_Process_2023,Negative Regulation Of Endocytosis (GO:0045806),6/33,0.0096026910370217,0.0565191251803423,0,0,3.7218765432098766,17.290766159898954,SNX3;RACK1;RAC1;EPHA3;ARF6;PICALM
GO_Biological_Process_2023,Negative Regulation Of Epithelial Cell Migration (GO:0010633),6/33,0.0096026910370217,0.0565191251803423,0,0,3.7218765432098766,17.290766159898954,PTPRM;STC1;SLIT2;NR2F2;ADIPOR1;CORO1C
GO_Biological_Process_2023,Negative Regulation Of BMP Signaling Pathway (GO:0030514),7/43,0.0097993068424015,0.0574068427325113,0,0,3.2579824041122976,15.069613945289277,SMURF2;SMURF1;UBE2D3;UBE2D1;PPARG;HIPK2;FBN1
GO_Biological_Process_2023,Positive Regulation Of Biomineral Tissue Development (GO:0070169),7/43,0.0097993068424015,0.0574068427325113,0,0,3.2579824041122976,15.069613945289277,BMPR2;RXRA;PTN;ATP2B1;OXSR1;GPM6B;BMPR1A
GO_Biological_Process_2023,Positive Regulation Of Cell-Matrix Adhesion (GO:0001954),7/43,0.0097993068424015,0.0574068427325113,0,0,3.2579824041122976,15.069613945289277,GSK3B;CDK6;ROCK1;JUP;PTK2B;RAC1;FERMT2
GO_Biological_Process_2023,Regulation Of Ryanodine-Sensitive Calcium-Release Channel Activity (GO:0060314),5/24,0.0098998829147694,0.0574590426580984,0,0,4.405440777788165,20.33213278794103,PDE4D;CALM3;SRI;CALM1;CALM2
GO_Biological_Process_2023,Outflow Tract Septum Morphogenesis (GO:0003148),5/24,0.0098998829147694,0.0574590426580984,0,0,4.405440777788165,20.33213278794103,BMPR2;SEMA3C;TBX20;FGFR2;BMPR1A
GO_Biological_Process_2023,Negative Regulation Of Cell Junction Assembly (GO:1901889),5/24,0.0098998829147694,0.0574590426580984,0,0,4.405440777788165,20.33213278794103,BCAS3;ROCK1;ROCK2;DYNLL1;CORO1C
GO_Biological_Process_2023,Mitotic Cell Cycle Phase Transition (GO:0044772),13/111,0.0098942437137029,0.0574590426580984,0,0,2.227218794494542,10.280401264525006,CUL3;GSPT1;DNM2;CDK6;CCNY;CDC27;CHMP2A;E2F3;PLCB1;CDK14;EIF4E;FBXL7;CLASP1
GO_Biological_Process_2023,ERK1 And ERK2 Cascade (GO:0070371),5/24,0.0098998829147694,0.0574590426580984,0,0,4.405440777788165,20.33213278794103,MAP2K1;MAPK1;SOX9;DUSP6;ZFP36L1
GO_Biological_Process_2023,Ear Morphogenesis (GO:0042471),5/24,0.0098998829147694,0.0574590426580984,0,0,4.405440777788165,20.33213278794103,NIPBL;CHD7;MYO6;OXSR1;FGFR2
GO_Biological_Process_2023,Cellular Response To Insulin Stimulus (GO:0032869),12/99,0.0099443010333611,0.0576279140007259,0,0,2.3151212597454625,10.67445843428823,RAB10;GSK3B;PKM;NAMPT;MYO5A;GRB2;PPARG;PIK3R1;BAIAP2;RHOQ;IGF1R;ZFP36L1
GO_Biological_Process_2023,Apoptotic Process (GO:0006915),22/228,0.0102625630071468,0.0593807684151987,0,0,1.7972370805501323,8.23000269015469,CYFIP2;APP;NCKAP1;AHCYL1;DAPK1;DAPK2;PRKCE;ZBTB16;DHCR24;DYNLL1;YARS1;EFNA5;STK4;RHOB;STK3;HSPD1;DAP;ELMO1;PTK2B;VDAC1;RAF1;BCL2L1
GO_Biological_Process_2023,Regulation Of Ras Protein Signal Transduction (GO:0046578),10/76,0.0102862987198364,0.0594266812370277,0,0,2.5414267564133755,11.631964108306963,ARHGDIA;MAPKAP1;RDX;SPRY2;ETFA;SHOC2;DYNLL1;RAF1;GABARAP;ARF6
GO_Biological_Process_2023,Regulation Of Smooth Muscle Cell Proliferation (GO:0048660),8/54,0.0104677440712475,0.0603821862760156,0,0,2.9150180030198616,13.29089849068142,TCF7L2;PHB1;BMPR2;IGFBP5;ID2;CTNNB1;PPARG;FOXP1
GO_Biological_Process_2023,Regulation Of Golgi Organization (GO:1903358),4/16,0.0107120457314681,0.0610424302970478,0,0,5.5773439810706895,25.3009873917778,MAP2K1;MYO5A;MAPK1;ARMH3
GO_Biological_Process_2023,Regulation Of B Cell Receptor Signaling Pathway (GO:0050855),4/16,0.0107120457314681,0.0610424302970478,0,0,5.5773439810706895,25.3009873917778,LYN;PRKCH;PRKCB;FOXP1
GO_Biological_Process_2023,Protein Localization To Endoplasmic Reticulum (GO:0070972),4/16,0.0107120457314681,0.0610424302970478,0,0,5.5773439810706895,25.3009873917778,GABARAPL2;HSPA5;VAPA;KDELR2
GO_Biological_Process_2023,Positive Regulation Of Stem Cell Proliferation (GO:2000648),4/16,0.0107120457314681,0.0610424302970478,0,0,5.5773439810706895,25.3009873917778,GJA1;HMGA2;HNRNPU;FERMT2
GO_Biological_Process_2023,Positive Regulation Of Muscle Hypertrophy (GO:0014742),4/16,0.0107120457314681,0.0610424302970478,0,0,5.5773439810706895,25.3009873917778,MTPN;ROCK1;ROCK2;PRKCA
GO_Biological_Process_2023,Pharyngeal System Development (GO:0060037),4/16,0.0107120457314681,0.0610424302970478,0,0,5.5773439810706895,25.3009873917778,BMPR2;HES1;GATA3;BMPR1A
GO_Biological_Process_2023,Mesonephric Tubule Development (GO:0072164),4/16,0.0107120457314681,0.0610424302970478,0,0,5.5773439810706895,25.3009873917778,TCF21;OXSR1;SLIT2;FGFR2
GO_Biological_Process_2023,Establishment Of Protein Localization To Endoplasmic Reticulum (GO:0072599),4/16,0.0107120457314681,0.0610424302970478,0,0,5.5773439810706895,25.3009873917778,RAB10;SEC61A1;SPCS2;SRPRA
GO_Biological_Process_2023,Protein Complex Oligomerization (GO:0051259),12/100,0.0107367794732872,0.0610908133116994,0,0,2.288691201559834,10.377109226754502,EHD1;UGDH;EHD4;HOMER1;MAT2A;FUS;PRMT1;ZBTB1;CHMP2A;DNM1L;RBMX;MCU
GO_Biological_Process_2023,Regulation Of Metal Ion Transport (GO:0010959),6/34,0.0111155532264687,0.0624896796483544,0,0,3.588761904761905,16.147311057790688,NKAIN2;PLN;CACNA2D1;ATP1A1;SRI;YWHAH
GO_Biological_Process_2023,Negative Regulation Of Ras Protein Signal Transduction (GO:0046580),6/34,0.0111155532264687,0.0624896796483544,0,0,3.588761904761905,16.147311057790688,KCTD10;CUL3;MAPKAP1;STMN1;SPRY2;DYNLL1
GO_Biological_Process_2023,Microtubule Polymerization (GO:0046785),6/34,0.0111155532264687,0.0624896796483544,0,0,3.588761904761905,16.147311057790688,TPPP3;ZNF207;CSNK1D;CLASP1;HDGFL3;NDEL1
GO_Biological_Process_2023,Histone Deubiquitination (GO:0016578),6/34,0.0111155532264687,0.0624896796483544,0,0,3.588761904761905,16.147311057790688,SF3B5;BABAM2;ENY2;TMEM98;USP22;USP3
GO_Biological_Process_2023,Embryonic Organ Morphogenesis (GO:0048562),7/44,0.0110989955641294,0.0624896796483544,0,0,3.1697605078387996,14.266777175962568,NIPBL;ID2;TBX20;TCF21;HES1;FGFR2;FBN1
GO_Biological_Process_2023,Phosphatidylinositol Phosphate Biosynthetic Process (GO:0046854),7/44,0.0110989955641294,0.0624896796483544,0,0,3.1697605078387996,14.266777175962568,HYCC2;SOCS3;EFR3A;SOCS1;PIP4K2A;PIK3CB;PIK3R1
GO_Biological_Process_2023,Mitotic Spindle Assembly (GO:0090307),7/44,0.0110989955641294,0.0624896796483544,0,0,3.1697605078387996,14.266777175962568,STAG1;STAG2;ZNF207;FLNA;CLASP1;RAB11A;RHOA
GO_Biological_Process_2023,Cellular Response To Glucose Stimulus (GO:0071333),6/34,0.0111155532264687,0.0624896796483544,0,0,3.588761904761905,16.147311057790688,TRA2B;UCP2;RACK1;ZBTB20;SELENOT;IGF1R
GO_Biological_Process_2023,Cell Morphogenesis Involved In Neuron Differentiation (GO:0048667),10/77,0.0112402844213943,0.063096581655021,0,0,2.5033618703982317,11.235716744720834,RAB10;APP;KLF7;DOCK7;S100A6;CNTN4;PAK3;BAIAP2;S100B;FGFR2
GO_Biological_Process_2023,Regulation Of Protein Acetylation (GO:1901983),3/9,0.0117136236134247,0.0646576408035208,0,0,8.361258865248226,37.182540775711175,GSK3B;DDX3X;TAOK1
GO_Biological_Process_2023,Regulation Of Lysosomal Lumen pH (GO:0035751),5/25,0.011810635265094,0.0646576408035208,0,0,4.184946714031971,18.575952564828572,ATP6V1A;ATP6V0B;ATP6V1H;ATP6V0A1;ATP6V1F
GO_Biological_Process_2023,Regulation Of Biomineral Tissue Development (GO:0070167),5/25,0.011810635265094,0.0646576408035208,0,0,4.184946714031971,18.575952564828572,ROCK1;ANKH;ROCK2;SOX9;DDR2
GO_Biological_Process_2023,Regulation Of Postsynapse Organization (GO:0099175),5/25,0.011810635265094,0.0646576408035208,0,0,4.184946714031971,18.575952564828572,SIPA1L1;HOMER1;CFL1;VPS35;TANC2
GO_Biological_Process_2023,Positive Regulation Of T Cell Migration (GO:2000406),5/25,0.011810635265094,0.0646576408035208,0,0,4.184946714031971,18.575952564828572,APP;STK39;ADAM10;OXSR1;RHOA
GO_Biological_Process_2023,Organophosphate Ester Transport (GO:0015748),5/25,0.011810635265094,0.0646576408035208,0,0,4.184946714031971,18.575952564828572,OSBPL8;PRELID1;VAPA;PITPNB;PITPNA
GO_Biological_Process_2023,Cellular Response To Hexose Stimulus (GO:0071331),5/25,0.011810635265094,0.0646576408035208,0,0,4.184946714031971,18.575952564828572,TRA2B;UCP2;RACK1;ZBTB20;IGF1R
GO_Biological_Process_2023,Regulation Of Endoplasmic Reticulum Unfolded Protein Response (GO:1900101),3/9,0.0117136236134247,0.0646576408035208,0,0,8.361258865248226,37.182540775711175,HSPA5;RACK1;PIK3R1
GO_Biological_Process_2023,Adherens Junction Assembly (GO:0034333),3/9,0.0117136236134247,0.0646576408035208,0,0,8.361258865248226,37.182540775711175,CTNNB1;PAK2;VCL
GO_Biological_Process_2023,Positive Regulation Of RIG-I Signaling Pathway (GO:1900246),3/9,0.0117136236134247,0.0646576408035208,0,0,8.361258865248226,37.182540775711175,USP15;PUM1;PUM2
GO_Biological_Process_2023,Negative Regulation Of Protein Localization To Cell Surface (GO:2000009),3/9,0.0117136236134247,0.0646576408035208,0,0,8.361258865248226,37.182540775711175,NEDD4L;GPM6B;PICALM
GO_Biological_Process_2023,Histone Ubiquitination (GO:0016574),3/9,0.0117136236134247,0.0646576408035208,0,0,8.361258865248226,37.182540775711175,UBE2B;UBE2E1;WAC
GO_Biological_Process_2023,Cellular Response To Oxygen Levels (GO:0071453),3/9,0.0117136236134247,0.0646576408035208,0,0,8.361258865248226,37.182540775711175,ATP6V1A;ATP6V0D1;CPEB4
GO_Biological_Process_2023,Amino Sugar Metabolic Process (GO:0006040),3/9,0.0117136236134247,0.0646576408035208,0,0,8.361258865248226,37.182540775711175,GFPT2;GFPT1;GNE
GO_Biological_Process_2023,Cellular Response To BMP Stimulus (GO:0071773),9/66,0.011628501880255,0.0646576408035208,0,0,2.647340275823248,11.792037560906804,DDX5;USP15;BMPR2;SMURF1;USP9X;PDCD4;PPARG;SOX9;BMPR1A
GO_Biological_Process_2023,Hemopoiesis (GO:0030097),12/101,0.0115771352897928,0.0646576408035208,0,0,2.262855077266018,10.089444480444977,LYN;SFRP2;JAG1;WNT2B;LCK;FST;ZBTB16;SBDS;CDK13;HIPK1;KLF3;FGFR2
GO_Biological_Process_2023,Positive Regulation Of Protein Acetylation (GO:1901985),3/9,0.0117136236134247,0.0646576408035208,0,0,8.361258865248226,37.182540775711175,DDX3X;TAOK1;DIP2B
GO_Biological_Process_2023,Epidermal Growth Factor Receptor Signaling Pathway (GO:0007173),7/45,0.0125191368967361,0.0683374076467702,0,0,3.086181869263907,13.519009968092613,NCK2;PTK2B;GRB2;IQGAP1;SOX9;SOS1;PTK2
GO_Biological_Process_2023,Positive Regulation Of mRNA Catabolic Process (GO:0061014),7/45,0.0125191368967361,0.0683374076467702,0,0,3.086181869263907,13.519009968092613,ROCK1;YTHDF3;CELF1;ROCK2;POLR2G;PUM1;ZFP36L1
GO_Biological_Process_2023,Cytosolic Transport (GO:0016482),14/127,0.0126689780329944,0.0690551106986841,0,0,2.0803511301605915,9.088219759275995,SPAG9;VPS29;CLTC;RHOBTB3;HOOK3;MYO1D;SNX2;AP1G1;PIP4K2A;DENND5A;VPS35;ERC1;SNX5;RAB7A
GO_Biological_Process_2023,Activation Of Cysteine-Type Endopeptidase Activity Involved In Apoptotic Process (GO:0006919),9/67,0.0127790068028363,0.0694092495496572,0,0,2.6015581781301864,11.34266760597872,MTCH1;DAP;SMAD3;LCK;RACK1;RPS27L;PPARG;DYNLL1;HSPD1
GO_Biological_Process_2023,Adherens Junction Organization (GO:0034332),6/35,0.0127893139957225,0.0694092495496572,0,0,3.4648275862068965,15.103686890555384,CTNNB1;CSK;PAK2;MTSS1;FERMT2;VCL
GO_Biological_Process_2023,Endoderm Formation (GO:0001706),6/35,0.0127893139957225,0.0694092495496572,0,0,3.4648275862068965,15.103686890555384,DUSP4;MMP14;DUSP1;MMP2;TBX20;HMGA2
GO_Biological_Process_2023,post-Golgi Vesicle-Mediated Transport (GO:0006892),8/56,0.0129474595958326,0.0701662759941303,0,0,2.793262095577323,12.141907206689138,RAB10;SCFD1;MYO1B;RABEP1;EXOC4;EXOC6B;MYO5A;DNM2
GO_Biological_Process_2023,Regulation Of Ubiquitin Protein Ligase Activity (GO:1904666),4/17,0.0133919094457517,0.0711397901489724,0,0,5.14804450208177,22.20405404750987,RPL5;RPS7;RPL11;SKP1
GO_Biological_Process_2023,Positive Regulation Of Stem Cell Differentiation (GO:2000738),4/17,0.0133919094457517,0.0711397901489724,0,0,5.14804450208177,22.20405404750987,PTN;SOX9;SOX6;SOX5
GO_Biological_Process_2023,"Retrograde Protein Transport, ER To Cytosol (GO:0030970)",4/17,0.0133919094457517,0.0711397901489724,0,0,5.14804450208177,22.20405404750987,ERLEC1;DERL1;SEC61B;HSP90B1
GO_Biological_Process_2023,Positive Regulation Of SMAD Protein Signal Transduction (GO:0060391),4/17,0.0133919094457517,0.0711397901489724,0,0,5.14804450208177,22.20405404750987,BMPR2;RBPMS;PPARG;BMPR1A
GO_Biological_Process_2023,Nicotinamide Nucleotide Metabolic Process (GO:0046496),4/17,0.0133919094457517,0.0711397901489724,0,0,5.14804450208177,22.20405404750987,MDH1;KRT17;IDH1;IDH2
GO_Biological_Process_2023,Negative Regulation Of Cellular Senescence (GO:2000773),4/17,0.0133919094457517,0.0711397901489724,0,0,5.14804450208177,22.20405404750987,MAP3K3;CDK6;HMGA2;YBX1
GO_Biological_Process_2023,Positive Regulation Of Cardiac Muscle Hypertrophy (GO:0010613),4/17,0.0133919094457517,0.0711397901489724,0,0,5.14804450208177,22.20405404750987,MTPN;ROCK1;ROCK2;PRKCA
GO_Biological_Process_2023,Mesenchyme Development (GO:0060485),4/17,0.0133919094457517,0.0711397901489724,0,0,5.14804450208177,22.20405404750987,BMPR2;SFRP2;HMGA2;FGFR2
GO_Biological_Process_2023,Extracellular Matrix Assembly (GO:0085029),4/17,0.0133919094457517,0.0711397901489724,0,0,5.14804450208177,22.20405404750987,HAS1;MYH11;GPM6B;MLF2
GO_Biological_Process_2023,Central Nervous System Neuron Development (GO:0021954),4/17,0.0133919094457517,0.0711397901489724,0,0,5.14804450208177,22.20405404750987,HSP90AA1;HSP90AB1;TAOK1;B4GALT5
GO_Biological_Process_2023,Aorta Morphogenesis (GO:0035909),4/17,0.0133919094457517,0.0711397901489724,0,0,5.14804450208177,22.20405404750987,JAG1;LRP1;RBPJ;BMPR1A
GO_Biological_Process_2023,Androgen Receptor Signaling Pathway (GO:0030521),4/17,0.0133919094457517,0.0711397901489724,0,0,5.14804450208177,22.20405404750987,DDX5;ZMIZ1;MAPK1;ARID1A
GO_Biological_Process_2023,Positive Regulation Of Protein Modification By Small Protein Conjugation Or Removal (GO:1903322),10/79,0.0133473452985294,0.0711397901489724,0,0,2.430542088456218,10.491283667211055,GSK3B;NDFIP1;ANGPT1;CUL3;MYCBP2;DERL1;UBE2D1;UBE3A;STUB1;PIAS1
GO_Biological_Process_2023,Negative Regulation Of Rho Protein Signal Transduction (GO:0035024),4/17,0.0133919094457517,0.0711397901489724,0,0,5.14804450208177,22.20405404750987,KCTD10;CUL3;STMN1;DYNLL1
GO_Biological_Process_2023,Regulation Of Epithelial Cell Proliferation (GO:0050678),11/91,0.0135183228944754,0.0717100316024291,0,0,2.306685267857143,9.927302752553024,TCF7L2;SFRP2;CDK6;ANGPT1;NME2;SOX9;OXSR1;SRSF6;MTSS1;FGFR2;ZFP36L1
GO_Biological_Process_2023,Dendritic Spine Organization (GO:0097061),5/26,0.0139571154748404,0.0735192035026262,0,0,3.9854520849192254,17.024918036948062,CDC42;CTNND2;FYN;PAK3;IGF1R
GO_Biological_Process_2023,Negative Regulation Of Protein Polymerization (GO:0032272),5/26,0.0139571154748404,0.0735192035026262,0,0,3.9854520849192254,17.024918036948062,STMN1;DYRK1A;SLIT2;CYRIB;PFN1
GO_Biological_Process_2023,Negative Regulation Of Receptor-Mediated Endocytosis (GO:0048261),5/26,0.0139571154748404,0.0735192035026262,0,0,3.9854520849192254,17.024918036948062,APP;ANXA2;RAC1;ARF6;PICALM
GO_Biological_Process_2023,Plasma Membrane Invagination (GO:0099024),5/26,0.0139571154748404,0.0735192035026262,0,0,3.9854520849192254,17.024918036948062,CDC42;ELMO1;MYH9;DOCK1;RHOA
GO_Biological_Process_2023,Protein Export From Nucleus (GO:0006611),5/26,0.0139571154748404,0.0735192035026262,0,0,3.9854520849192254,17.024918036948062,XPO1;SMURF1;XPO6;CHP1;RAN
GO_Biological_Process_2023,Substrate Adhesion-Dependent Cell Spreading (GO:0034446),6/36,0.0146320026237088,0.0766447936877006,0,0,3.349155555555555,14.14865563887437,ILK;PIK3R1;RAC1;RHOA;FERMT2;MLF2
GO_Biological_Process_2023,Negative Regulation Of Sequestering Of Calcium Ion (GO:0051283),6/36,0.0146320026237088,0.0766447936877006,0,0,3.349155555555555,14.14865563887437,PLCB4;LCK;ITPR1;ITPR2;FLNA;PLCB1
GO_Biological_Process_2023,Cellular Response To Growth Factor Stimulus (GO:0071363),16/155,0.0145997085577464,0.0766447936877006,0,0,1.9336064780462623,8.17287835914222,MAP2K3;STAT5B;SMAD3;BMPR2;IQGAP1;ZFP36L1;EHD1;RAP1A;HAS1;RACK1;CTNNB1;SPRY2;SOX9;SOX6;SOX5;BMPR1A
GO_Biological_Process_2023,COPII-coated Vesicle Budding (GO:0090114),6/36,0.0146320026237088,0.0766447936877006,0,0,3.349155555555555,14.14865563887437,RAB1A;TRAPPC1;VAPA;CUL3;TMED2;CSNK1D
GO_Biological_Process_2023,Regulation Of Heart Contraction (GO:0008016),9/69,0.01533067250081,0.0801928501746126,0,0,2.514572192513369,10.505630455942388,PLN;DES;PDE4D;ATP2A2;CALM3;SRI;ATP2B1;CALM1;CALM2
GO_Biological_Process_2023,Regulation Of Nucleic Acid-Templated Transcription (GO:1903506),37/452,0.0155962594543199,0.0814687941773576,0,0,1.5039272262725492,6.257426363352326,PHB1;BTG1;BNC2;CHD7;YBX1;RPS6KA5;ZNHIT1;POLR2A;ZMIZ1;SPIN1;ERC1;SOX6;CREBBP;SMAD3;FUS;CNBP;NONO;STAT3;HMGA1;RFX3;RHOH;HMGA2;ESRRG;EDF1;ACTN4;SMARCA2;SAP30;MLF2;DNM2;PTP4A3;RYBP;MAFB;NFIA;HNRNPD;SSBP2;PFDN5;EZH2
GO_Biological_Process_2023,Mesonephros Development (GO:0001823),3/10,0.0160384707662939,0.0817353503415062,0,0,7.166413373860182,29.617102509264015,ZBTB16;GATA3;OXSR1
GO_Biological_Process_2023,Regulation Of Calcium Ion Transmembrane Transport Via High Voltage-Gated Calcium Channel (GO:1902514),3/10,0.0160384707662939,0.0817353503415062,0,0,7.166413373860182,29.617102509264015,SESTD1;CACNA2D1;NOS1AP
GO_Biological_Process_2023,Regulation Of Amyloid Precursor Protein Biosynthetic Process (GO:0042984),3/10,0.0160384707662939,0.0817353503415062,0,0,7.166413373860182,29.617102509264015,AGO2;ITM2A;ITM2B
GO_Biological_Process_2023,Progesterone Receptor Signaling Pathway (GO:0050847),3/10,0.0160384707662939,0.0817353503415062,0,0,7.166413373860182,29.617102509264015,PHB1;UBR5;UBE3A
GO_Biological_Process_2023,Positive Regulation Of Mitochondrial Outer Membrane Permeabilization Involved In Apoptotic Signaling Pathway (GO:1901030),3/10,0.0160384707662939,0.0817353503415062,0,0,7.166413373860182,29.617102509264015,GSK3B;MAPK8;NMT1
GO_Biological_Process_2023,Negative Regulation Of Dephosphorylation (GO:0035305),3/10,0.0160384707662939,0.0817353503415062,0,0,7.166413373860182,29.617102509264015,PPP1R16B;YWHAB;CHP1
GO_Biological_Process_2023,miRNA Catabolic Process (GO:0010587),3/10,0.0160384707662939,0.0817353503415062,0,0,7.166413373860182,29.617102509264015,ELOB;ELOC;SND1
GO_Biological_Process_2023,Actin Filament Depolymerization (GO:0030042),3/10,0.0160384707662939,0.0817353503415062,0,0,7.166413373860182,29.617102509264015,WDR1;CFL2;DSTN
GO_Biological_Process_2023,Insulin-Like Growth Factor Receptor Signaling Pathway (GO:0048009),3/10,0.0160384707662939,0.0817353503415062,0,0,7.166413373860182,29.617102509264015,PIK3R1;PLCB1;IGF1R
GO_Biological_Process_2023,SRP-dependent Cotranslational Protein Targeting To Membrane (GO:0006614),3/10,0.0160384707662939,0.0817353503415062,0,0,7.166413373860182,29.617102509264015,SRP72;SRPRA;SEC61B
GO_Biological_Process_2023,TORC1 Signaling (GO:0038202),3/10,0.0160384707662939,0.0817353503415062,0,0,7.166413373860182,29.617102509264015,LAMTOR2;LAMTOR1;LAMTOR4
GO_Biological_Process_2023,Rap Protein Signal Transduction (GO:0032486),3/10,0.0160384707662939,0.0817353503415062,0,0,7.166413373860182,29.617102509264015,RAP1B;RAP1A;RAP2B
GO_Biological_Process_2023,Muscle Organ Development (GO:0007517),8/58,0.0158316650255687,0.0817353503415062,0,0,2.681246660730187,11.11576018891338,TAGLN;DES;TCF12;TCF21;SRI;CHD2;LARGE1;SOX6
GO_Biological_Process_2023,Eye Development (GO:0001654),8/58,0.0158316650255687,0.0817353503415062,0,0,2.681246660730187,11.11576018891338,NIPBL;PBX3;RAB18;HIPK1;MEIS2;PBX1;HIPK2;FBN1
GO_Biological_Process_2023,Insulin Receptor Signaling Pathway (GO:0008286),7/47,0.0157435707924399,0.0817353503415062,0,0,2.9315613879003557,12.169858803875517,GSK3B;NAMPT;GRB2;PIK3R1;BAIAP2;RHOQ;IGF1R
GO_Biological_Process_2023,Spindle Assembly (GO:0051225),10/81,0.0157374452995695,0.0817353503415062,0,0,2.3618248294405144,9.805617325724706,STAG1;STAG2;NEK7;ZNF207;FLNA;CSNK1D;MAPRE2;RHOA;CLASP1;RAB11A
GO_Biological_Process_2023,Positive Regulation Of Growth (GO:0045927),10/81,0.0157374452995695,0.0817353503415062,0,0,2.3618248294405144,9.805617325724706,CDC42;RPS6KA3;MTPN;MMP14;DDX3X;SFRP2;MAPKAP1;RICTOR;PLCB1;EIF4G2
GO_Biological_Process_2023,Negative Regulation Of Amide Metabolic Process (GO:0034249),11/93,0.0157353929729975,0.0817353503415062,0,0,2.2501851045296166,9.342414767137104,DDX6;DDX3X;IGFBP5;ROCK1;DAPK1;SERBP1;RACK1;RPL13A;YBX1;IGF2BP2;PAIP2
GO_Biological_Process_2023,Negative Regulation Of Notch Signaling Pathway (GO:0045746),5/27,0.0163508611488033,0.0831021470008777,0,0,3.804093331180365,15.648041725126198,MMP14;ARRB1;CCNC;WWP2;GATA2
GO_Biological_Process_2023,Regulation Of SMAD Protein Signal Transduction (GO:0060390),5/27,0.0163508611488033,0.0831021470008777,0,0,3.804093331180365,15.648041725126198,BMPR2;LRP1;RBPMS;PPARG;BMPR1A
GO_Biological_Process_2023,Positive Regulation Of Signal Transduction (GO:0009967),24/266,0.0163780805617573,0.0831281524868683,0,0,1.668749580057784,6.861583529080132,PHB1;NLGN1;JAG1;HOMER1;PRKCB;STAT3;ILK;PRKCA;GATA3;PIK3R1;RBPJ;TSPAN14;RXRA;ZMIZ1;MGAT5;SPIN1;NPTN;TSPAN5;FLNA;PTK2B;VPS35;SNX5;FGFR2;WLS
GO_Biological_Process_2023,Regulation Of Oligodendrocyte Differentiation (GO:0048713),4/18,0.0164625060336991,0.0833317431934622,0,0,4.780073520091267,19.630183783759037,TMEM98;NF1;HES1;PTN
GO_Biological_Process_2023,Ureteric Bud Development (GO:0001657),4/18,0.0164625060336991,0.0833317431934622,0,0,4.780073520091267,19.630183783759037,TCF21;OXSR1;SLIT2;FGFR2
GO_Biological_Process_2023,Ventricular Septum Development (GO:0003281),6/37,0.0166513137173837,0.0841741813052152,0,0,3.24094623655914,13.272537461027053,BMPR2;HECTD1;HES1;GATA3;SLIT2;BMPR1A
GO_Biological_Process_2023,Sensory Organ Development (GO:0007423),9/70,0.016738347343477,0.0845005696091504,0,0,2.4732181993512756,10.115593376906068,MAFB;CHD7;PBX3;RAB18;GATA3;HIPK1;MEIS2;PBX1;HIPK2
GO_Biological_Process_2023,"Retrograde Transport, Endosome To Golgi (GO:0042147)",11/94,0.0169411009438687,0.0854094914877886,0,0,2.222956110154905,9.06524302887451,SNX3;SPAG9;VPS29;SNX2;CLTC;RHOBTB3;DENND5A;VPS35;ERC1;SNX5;RAB7A
GO_Biological_Process_2023,Regulation Of Phosphorylation (GO:0042325),10/82,0.0170451708700004,0.0858191266962138,0,0,2.32889780949549,9.483011856034798,LYN;APP;SOCS1;ROCK1;PTGES3;ILK;LDB2;DYNLL1;PTK2;CORO1C
GO_Biological_Process_2023,Epithelial Cell Differentiation (GO:0030855),14/132,0.0173083905321697,0.0870278834110834,0,0,1.991669574981412,8.079334885043169,TAGLN;JAG1;TCF21;EDF1;GATA3;CNN3;RAB10;KRT17;ERBB4;PGK1;TAGLN2;VDAC1;PPARG;FGFR2
GO_Biological_Process_2023,Negative Regulation Of Protein-Containing Complex Assembly (GO:0031333),8/59,0.0174358677760364,0.0873186400874473,0,0,2.6285335149197704,10.643525798438116,CDC42;GSK3B;HSPA8;DDX3X;HSPA5;RPL13A;RAF1;CRYAB
GO_Biological_Process_2023,Regulation Of Cell Death (GO:0010941),8/59,0.0174358677760364,0.0873186400874473,0,0,2.6285335149197704,10.643525798438116,BNIP3L;PHB1;FAF1;CHMP1B;CHMP2A;VPS35;DHCR24;CRYAB
GO_Biological_Process_2023,Regulation Of miRNA Transcription (GO:1902893),8/59,0.0174358677760364,0.0873186400874473,0,0,2.6285335149197704,10.643525798438116,DDX5;JUN;SMAD3;STAT3;PPARG;SOX9;GATA3;GATA2
GO_Biological_Process_2023,Negative Regulation Of ERK1 And ERK2 Cascade (GO:0070373),7/48,0.0175588894317768,0.0878177967458943,0,0,2.8599079940977346,11.56030561396826,DUSP4;LYN;PHB1;TIMP3;SPRY2;EZR;DUSP6
GO_Biological_Process_2023,Positive Regulation Of Transmembrane Receptor Protein Serine/Threonine Kinase Signaling Pathway (GO:0090100),11/95,0.0182144313934268,0.0908527315440884,0,0,2.196375425170068,8.797671960555101,ZEB2;CREBBP;BMPR2;HSP90AB1;RBPMS;CSNK2B;TBX20;PPARG;RBPJ;HIPK2;BMPR1A
GO_Biological_Process_2023,Negative Regulation Of Cellular Response To Growth Factor Stimulus (GO:0090288),9/71,0.0182381846093556,0.0908527315440884,0,0,2.4331982059686044,9.743104297621588,SMURF2;SMURF1;UBE2D3;UBE2D1;CASK;SPRY2;PPARG;SLIT2;HIPK2
GO_Biological_Process_2023,Negative Regulation Of Protein Binding (GO:0032091),9/71,0.0182381846093556,0.0908527315440884,0,0,2.4331982059686044,9.743104297621588,GSK3B;MAPK8;RALB;ROCK1;RACK1;ATP2A2;ARRB2;TLE5;PPP1CA
GO_Biological_Process_2023,Regulation Of Cold-Induced Thermogenesis (GO:0120161),15/146,0.0183677653774643,0.0913772031542902,0,0,1.9225560206845604,7.684760240752911,DYNC1H1;ARRDC3;DOCK7;PLCL2;EBF2;ESRRG;ELOVL6;RBPJ;ADIPOR1;IGF1R;GADD45G;GJA1;GATM;NOVA1;UCP2
GO_Biological_Process_2023,Regulation Of NIK/NF-kappaB Signaling (GO:1901222),10/83,0.0184314495208127,0.0915728951753985,0,0,2.2968728996859458,9.173014088034291,APP;PHB1;PTP4A3;DDX3X;PDCD4;ILK;EZR;ADIPOR1;PHB2;RHOA
GO_Biological_Process_2023,Connective Tissue Development (GO:0061448),6/38,0.018854565516739,0.0934282225407846,0,0,3.1395,12.466955102579549,SPTLC2;ZBTB16;NAMPT;SOX9;SOX6;SOX5
GO_Biological_Process_2023,Positive Regulation Of Myoblast Differentiation (GO:0045663),6/38,0.018854565516739,0.0934282225407846,0,0,3.1395,12.466955102579549,PBRM1;SMARCC1;BTG1;ARID1A;PLCB1;SMARCA2
GO_Biological_Process_2023,Regulation Of Monoatomic Ion Transport (GO:0043269),5/28,0.0190024920146348,0.093544990140107,0,0,3.6385049038535793,14.420068602249602,KCNJ8;KCNJ15;NEDD4L;STC1;WWP2
GO_Biological_Process_2023,Regulation Of Cardiac Muscle Cell Action Potential (GO:0098901),5/28,0.0190024920146348,0.093544990140107,0,0,3.6385049038535793,14.420068602249602,JUP;NOS1AP;ATP2A2;CALM3;CALM1
GO_Biological_Process_2023,Protein Insertion Into Mitochondrial Membrane (GO:0051204),5/28,0.0190024920146348,0.093544990140107,0,0,3.6385049038535793,14.420068602249602,TIMM8B;MTCH1;HSP90AA1;ROMO1;TOMM20
GO_Biological_Process_2023,Hematopoietic Progenitor Cell Differentiation (GO:0002244),5/28,0.0190024920146348,0.093544990140107,0,0,3.6385049038535793,14.420068602249602,LYN;FST;SBDS;MLLT3;BATF
GO_Biological_Process_2023,Cellular Response To Osmotic Stress (GO:0071470),5/28,0.0190024920146348,0.093544990140107,0,0,3.6385049038535793,14.420068602249602,DDX3X;CAB39;STK39;OXSR1;ZFP36L1
GO_Biological_Process_2023,Response To Retinoic Acid (GO:0032526),8/60,0.0191535174327377,0.0941652013915383,0,0,2.5778477977943695,10.196081229407609,LYN;GSK3B;RXRA;ALDH1A2;PTK2B;SOX9;AQP3;EPHA3
GO_Biological_Process_2023,Negative Regulation Of Cysteine-Type Endopeptidase Activity Involved In Apoptotic Process (GO:0043154),7/49,0.019516664136052,0.0955757471558486,0,0,2.7916666666666665,10.989358445297688,RPS6KA3;DDX3X;ARL6IP1;SFN;DHCR24;RAF1;PAK2
GO_Biological_Process_2023,Nuclear Export (GO:0051168),7/49,0.019516664136052,0.0955757471558486,0,0,2.7916666666666665,10.989358445297688,WASHC4;XPO1;UBE2I;SMURF1;XPO6;CHP1;RAN
GO_Biological_Process_2023,Regulation Of Mitotic Metaphase/Anaphase Transition (GO:0030071),7/49,0.019516664136052,0.0955757471558486,0,0,2.7916666666666665,10.989358445297688,PBRM1;SMARCC1;DUSP1;CUL3;ARID1A;SMARCA2;ANAPC11
GO_Biological_Process_2023,Telomere Maintenance Via Telomerase (GO:0007004),4/19,0.0199394031715791,0.0963908680312455,0,0,4.461165335699497,17.465718565862957,HSP90AA1;HSP90AB1;PTGES3;NOP10
GO_Biological_Process_2023,Regulation Of Smooth Muscle Cell Migration (GO:0014910),4/19,0.0199394031715791,0.0963908680312455,0,0,4.461165335699497,17.465718565862957,IGFBP5;LRP1;SLIT2;BMPR1A
GO_Biological_Process_2023,Regulation Of Protein-Containing Complex Disassembly (GO:0043244),4/19,0.0199394031715791,0.0963908680312455,0,0,4.461165335699497,17.465718565862957,ETF1;GSPT1;IGF1R;ATG5
GO_Biological_Process_2023,Negative Regulation Of Protein Dephosphorylation (GO:0035308),4/19,0.0199394031715791,0.0963908680312455,0,0,4.461165335699497,17.465718565862957,PPP1R16B;YWHAE;GSK3B;YWHAB
GO_Biological_Process_2023,Release Of Cytochrome C From Mitochondria (GO:0001836),4/19,0.0199394031715791,0.0963908680312455,0,0,4.461165335699497,17.465718565862957,FIS1;SFN;DNM1L;BCL2L1
GO_Biological_Process_2023,Embryonic Digestive Tract Development (GO:0048566),4/19,0.0199394031715791,0.0963908680312455,0,0,4.461165335699497,17.465718565862957,NIPBL;ID2;TCF21;FGFR2
GO_Biological_Process_2023,RNA-templated DNA Biosynthetic Process (GO:0006278),4/19,0.0199394031715791,0.0963908680312455,0,0,4.461165335699497,17.465718565862957,HSP90AA1;HSP90AB1;PTGES3;NOP10
GO_Biological_Process_2023,RNA Destabilization (GO:0050779),4/19,0.0199394031715791,0.0963908680312455,0,0,4.461165335699497,17.465718565862957,ROCK1;YTHDF3;ROCK2;PUM1
GO_Biological_Process_2023,Negative Regulation Of Cell Adhesion (GO:0007162),9/72,0.019833314581749,0.0963908680312455,0,0,2.3944486885663356,9.387177963289732,JAG1;ANGPT1;DUSP1;RASA1;PLXNA2;ADAM10;RHOA;PTK2;RND1
GO_Biological_Process_2023,Establishment Of Skin Barrier (GO:0061436),4/19,0.0199394031715791,0.0963908680312455,0,0,4.461165335699497,17.465718565862957,UGCG;STMN1;SFN;FGFR1
GO_Biological_Process_2023,Positive Regulation Of Cysteine-Type Endopeptidase Activity Involved In Apoptotic Process (GO:0043280),12/109,0.0202398923656302,0.097717888558582,0,0,2.0753434122882175,8.094046328577635,MTCH1;FIS1;DAP;SMAD3;DDX3X;DAPK1;LCK;RACK1;RPS27L;PPARG;DYNLL1;HSPD1
GO_Biological_Process_2023,Regulation Of Mesenchymal Cell Proliferation (GO:0010464),3/11,0.0211394796654188,0.0992748043414981,0,0,6.270279255319149,24.182039941599825,PHF14;SOX9;FGFR2
GO_Biological_Process_2023,Regulation Of Stress-Activated Protein Kinase Signaling Cascade (GO:0070302),3/11,0.0211394796654188,0.0992748043414981,0,0,6.270279255319149,24.182039941599825,LYN;MAP2K1;MAPK1
GO_Biological_Process_2023,Visual Learning (GO:0008542),3/11,0.0211394796654188,0.0992748043414981,0,0,6.270279255319149,24.182039941599825,APP;TAFA2;NF1
GO_Biological_Process_2023,Axonal Transport (GO:0098930),6/39,0.0212486619236655,0.0992748043414981,0,0,3.0442020202020204,11.724626434249226,RAB21;DYNC1H1;FBXW11;KIF1B;ARL8B;PAFAH1B1
GO_Biological_Process_2023,Heterochromatin Organization (GO:0070828),6/39,0.0212486619236655,0.0992748043414981,0,0,3.0442020202020204,11.724626434249226,CBX3;LMNA;UBR5;HMGA2;TRIP12;EZH2
GO_Biological_Process_2023,Positive Regulation Of Intrinsic Apoptotic Signaling Pathway (GO:2001244),6/39,0.0212486619236655,0.0992748043414981,0,0,3.0442020202020204,11.724626434249226,FIS1;RPS7;LCK;NCK2;RACK1;DNM1L
GO_Biological_Process_2023,Positive Regulation Of Intracellular Transport (GO:0032388),6/39,0.0212486619236655,0.0992748043414981,0,0,3.0442020202020204,11.724626434249226,EHD1;TENM1;BCAS3;DYNC1H1;ERGIC3;OAZ2
GO_Biological_Process_2023,Regulation Of Mitotic Spindle Organization (GO:0060236),6/39,0.0212486619236655,0.0992748043414981,0,0,3.0442020202020204,11.724626434249226,DYNC1H1;CHMP1B;CLTC;CHMP2A;HNRNPU;GNAI1
GO_Biological_Process_2023,Release Of Sequestered Calcium Ion Into Cytosol (GO:0051209),6/39,0.0212486619236655,0.0992748043414981,0,0,3.0442020202020204,11.724626434249226,PLCB4;LCK;ITPR1;ITPR2;FLNA;PLCB1
GO_Biological_Process_2023,Regulation Of Homotypic Cell-Cell Adhesion (GO:0034110),3/11,0.0211394796654188,0.0992748043414981,0,0,6.270279255319149,24.182039941599825,LYN;RDX;PRKCA
GO_Biological_Process_2023,Negative Regulation Of Transport (GO:0051051),6/39,0.0212486619236655,0.0992748043414981,0,0,3.0442020202020204,11.724626434249226,SNX3;NDFIP1;WWP2;CRYAB;EPHA3;RAB7A
GO_Biological_Process_2023,Regulation Of Cytoplasmic Transport (GO:1903649),3/11,0.0211394796654188,0.0992748043414981,0,0,6.270279255319149,24.182039941599825,MAP2K1;MAPK1;DNAJC13
GO_Biological_Process_2023,Polyamine Metabolic Process (GO:0006595),3/11,0.0211394796654188,0.0992748043414981,0,0,6.270279255319149,24.182039941599825,SMS;SAT1;OAZ2
GO_Biological_Process_2023,Non-Membrane-Bounded Organelle Assembly (GO:0140694),14/135,0.0206541224210769,0.0992748043414981,0,0,1.9419785878644835,7.534566877269071,DDX6;DAZAP2;DYNC1H1;DDX3X;YTHDF3;NEK7;CSNK1D;C9ORF72;LSM4;LSM3;CSDE1;MYL9;MAPRE2;RPS23
GO_Biological_Process_2023,Negative Regulation Of Ryanodine-Sensitive Calcium-Release Channel Activity (GO:0060315),3/11,0.0211394796654188,0.0992748043414981,0,0,6.270279255319149,24.182039941599825,CALM3;SRI;CALM2
GO_Biological_Process_2023,Negative Regulation Of Release Of Sequestered Calcium Ion Into Cytosol (GO:0051280),3/11,0.0211394796654188,0.0992748043414981,0,0,6.270279255319149,24.182039941599825,CALM3;SRI;CALM2
GO_Biological_Process_2023,"Negative Regulation Of Nuclear-Transcribed mRNA Catabolic Process, Deadenylation-Dependent Decay (GO:1900152)",3/11,0.0211394796654188,0.0992748043414981,0,0,6.270279255319149,24.182039941599825,HNRNPD;HNRNPU;YBX1
GO_Biological_Process_2023,Negative Regulation Of Amyloid Fibril Formation (GO:1905907),3/11,0.0211394796654188,0.0992748043414981,0,0,6.270279255319149,24.182039941599825,PFDN2;CRYAB;PFDN5
GO_Biological_Process_2023,Maintenance Of Protein Localization In Endoplasmic Reticulum (GO:0035437),3/11,0.0211394796654188,0.0992748043414981,0,0,6.270279255319149,24.182039941599825,HSPA5;KDELR1;KDELR2
GO_Biological_Process_2023,Desensitization Of G Protein-Coupled Receptor Signaling Pathway (GO:0002029),3/11,0.0211394796654188,0.0992748043414981,0,0,6.270279255319149,24.182039941599825,GRK2;ARRB1;ARRB2
GO_Biological_Process_2023,Cellular Response To Growth Hormone Stimulus (GO:0071378),3/11,0.0211394796654188,0.0992748043414981,0,0,6.270279255319149,24.182039941599825,STAT3;PIK3R1;PTK2
GO_Biological_Process_2023,Cell Part Morphogenesis (GO:0032990),3/11,0.0211394796654188,0.0992748043414981,0,0,6.270279255319149,24.182039941599825,FIS1;PID1;DNM1L
GO_Biological_Process_2023,Actin Crosslink Formation (GO:0051764),3/11,0.0211394796654188,0.0992748043414981,0,0,6.270279255319149,24.182039941599825,FLNA;LCP1;BAIAP2
GO_Biological_Process_2023,Regulation Of ERK1 And ERK2 Cascade (GO:0070372),22/244,0.0210254837873151,0.0992748043414981,0,0,1.6662767366103706,6.43519418778202,LYN;DUSP4;APP;PHB1;MAP2K1;ANGPT1;PRKCA;ARRB1;ARRB2;PHB2;YWHAZ;DUSP6;RAP1A;ERBB4;TIMP3;PTK2B;SPRY2;ROR1;EZR;FERMT2;FGFR2;DDR2
GO_Biological_Process_2023,BMP Signaling Pathway (GO:0030509),8/61,0.0209885142871802,0.0992748043414981,0,0,2.5290747492397387,9.771788256545236,DDX5;USP15;BMPR2;SMURF1;USP9X;PDCD4;PPARG;BMPR1A
GO_Biological_Process_2023,Podocyte Differentiation (GO:0072112),3/11,0.0211394796654188,0.0992748043414981,0,0,6.270279255319149,24.182039941599825,MYO1E;JAG1;IQGAP1
GO_Biological_Process_2023,Regulation Of Rho Protein Signal Transduction (GO:0035023),9/73,0.021526799870357,0.1000770016222655,0,0,2.3569100935828877,9.04689713848003,KCTD10;ARHGDIA;CUL3;STMN1;LPAR1;ARRB1;RAC1;DYNLL1;RAF1
GO_Biological_Process_2023,Positive Regulation Of Secretion By Cell (GO:1903532),9/73,0.021526799870357,0.1000770016222655,0,0,2.3569100935828877,9.04689713848003,GRK2;ANXA2;RAB27A;STXBP5;DNM1L;EZR;MYH10;CLASP1;ARF6
GO_Biological_Process_2023,Negative Regulation Of Cell Cycle (GO:0045786),10/85,0.021449762474832,0.1000770016222655,0,0,2.2353850728516207,8.58844268133325,BTG1;CDK6;DUSP1;RPS6KA2;HECA;PTPRK;GATA3;NR2F2;IPO7;RHOB
GO_Biological_Process_2023,Cellular Response To Decreased Oxygen Levels (GO:0036294),9/73,0.021526799870357,0.1000770016222655,0,0,2.3569100935828877,9.04689713848003,BNIP3L;LMNA;PGK1;PPARG;STUB1;AQP3;ZFP36L1;HIPK2;CPEB4
GO_Biological_Process_2023,Glycolytic Process (GO:0006096),5/29,0.0219216504663004,0.1017868239552541,0,0,3.4867155121373594,13.32023136633206,TPI1;PKM;UCP2;PGK1;ALDOB
GO_Biological_Process_2023,Fat Cell Differentiation (GO:0045444),8/62,0.0229446340897563,0.1062743458270609,0,0,2.482108109890835,9.369141944421155,NR4A2;OSBPL8;TCF7L2;PID1;MAFB;HMGA2;PPARG;GATA2
GO_Biological_Process_2023,Protein-Containing Complex Disassembly (GO:0032984),8/62,0.0229446340897563,0.1062743458270609,0,0,2.482108109890835,9.369141944421155,GSK3B;HSPA8;MAP1LC3A;CHMP1B;CHMP2A;ETF1;GSPT1;PPP1CA
GO_Biological_Process_2023,Negative Regulation Of Transmembrane Receptor Protein Serine/Threonine Kinase Signaling Pathway (GO:0090101),12/111,0.0230100203455022,0.1063153397044643,0,0,2.0332006390987623,7.668877998326596,SMURF2;LRP1;SMURF1;FST;UBE2D3;UBE2D1;STRAP;SPRY2;PPARG;STUB1;SAP30;HIPK2
GO_Biological_Process_2023,Regulation Of Transforming Growth Factor Beta Receptor Signaling Pathway (GO:0017015),12/111,0.0230100203455022,0.1063153397044643,0,0,2.0332006390987623,7.668877998326596,CREBBP;ZEB2;SMAD3;HSP90AB1;SMURF2;SMURF1;STRAP;SPRY2;PPARG;STUB1;SAP30;HIPK2
GO_Biological_Process_2023,Negative Regulation Of Angiogenesis (GO:0016525),10/86,0.0230867343438288,0.1065389053584541,0,0,2.205854734964083,8.312757165647374,SARS1;ROCK1;ROCK2;PGK1;PTPRM;CTNNB1;SPRY2;PPARG;PIK3CB;GTF2I
GO_Biological_Process_2023,Positive Regulation Of Myeloid Leukocyte Differentiation (GO:0002763),6/40,0.0238400583726629,0.1080755309276726,0,0,2.9545098039215687,11.039194942599227,PPP3CA;ID2;LEF1;PRKCA;ZFP36L1;EEIG1
GO_Biological_Process_2023,Positive Regulation Of Cell Cycle G1/S Phase Transition (GO:1902808),6/40,0.0238400583726629,0.1080755309276726,0,0,2.9545098039215687,11.039194942599227,DDX3X;RDX;UBE2E2;PLCB1;PHB2;EZH2
GO_Biological_Process_2023,Regulation Of Release Of Sequestered Calcium Ion Into Cytosol (GO:0051279),7/51,0.02387949114621,0.1080755309276726,0,0,2.664489647363313,9.95116354107999,UBASH3B;PDE4D;PTK2B;CALM3;SRI;CALM1;CALM2
GO_Biological_Process_2023,Establishment Or Maintenance Of Epithelial Cell Apical/Basal Polarity (GO:0045197),6/40,0.0238400583726629,0.1080755309276726,0,0,2.9545098039215687,11.039194942599227,CDC42;WDR1;MSN;LIN7A;EZR;RHOA
GO_Biological_Process_2023,Regulation Of Microtubule Polymerization (GO:0031113),6/40,0.0238400583726629,0.1080755309276726,0,0,2.9545098039215687,11.039194942599227,PAK1;STMN1;DYRK1A;ARL2;RAC1;CLASP1
GO_Biological_Process_2023,Amide Biosynthetic Process (GO:0043604),7/51,0.02387949114621,0.1080755309276726,0,0,2.664489647363313,9.95116354107999,SPTLC2;SGMS1;CPS1;VAPA;SPTSSA;ASS1;GLS
GO_Biological_Process_2023,Protein Deacetylation (GO:0006476),6/40,0.0238400583726629,0.1080755309276726,0,0,2.9545098039215687,11.039194942599227,MORF4L1;TBL1XR1;MORF4L2;MBD2;FLNA;GATAD2B
GO_Biological_Process_2023,Regulation Of Phosphatase Activity (GO:0010921),4/20,0.0238353405273495,0.1080755309276726,0,0,4.182120674356699,15.62685315881178,ROCK1;PPP6R3;CHP1;HSP90B1
GO_Biological_Process_2023,Positive Regulation Of Embryonic Development (GO:0040019),4/20,0.0238353405273495,0.1080755309276726,0,0,4.182120674356699,15.62685315881178,CFL1;RACK1;OXSR1;PLCB1
GO_Biological_Process_2023,Regulation Of Cardiac Muscle Contraction By Calcium Ion Signaling (GO:0010882),4/20,0.0238353405273495,0.1080755309276726,0,0,4.182120674356699,15.62685315881178,ATP2A2;CALM3;CALM1;CALM2
GO_Biological_Process_2023,Negative Regulation Of Phosphoprotein Phosphatase Activity (GO:0032515),4/20,0.0238353405273495,0.1080755309276726,0,0,4.182120674356699,15.62685315881178,GSK3B;ROCK1;ROCK2;MGAT5
GO_Biological_Process_2023,Negative Regulation Of Small GTPase Mediated Signal Transduction (GO:0051058),4/20,0.0238353405273495,0.1080755309276726,0,0,4.182120674356699,15.62685315881178,MAPKAP1;SPRY2;SLIT2;CYRIB
GO_Biological_Process_2023,Regulation Of Meiotic Cell Cycle (GO:0051445),4/20,0.0238353405273495,0.1080755309276726,0,0,4.182120674356699,15.62685315881178,ANAPC16;DUSP1;CDC27;ANAPC11
GO_Biological_Process_2023,Positive Regulation Of Epithelial Cell Differentiation (GO:0030858),4/20,0.0238353405273495,0.1080755309276726,0,0,4.182120674356699,15.62685315881178,BTG1;RFX3;SFN;SOX9
GO_Biological_Process_2023,Pulmonary Valve Development (GO:0003177),4/20,0.0238353405273495,0.1080755309276726,0,0,4.182120674356699,15.62685315881178,BMPR2;JAG1;SLIT2;RBPJ
GO_Biological_Process_2023,Positive Regulation Of Antigen Receptor-Mediated Signaling Pathway (GO:0050857),4/20,0.0238353405273495,0.1080755309276726,0,0,4.182120674356699,15.62685315881178,PRKCH;PRKCB;LCK;FOXP1
GO_Biological_Process_2023,Axon Development (GO:0061564),11/99,0.0240256809653371,0.1086064736906646,0,0,2.09609375,7.815562190369429,RAB10;APP;KLF7;DOCK7;S100A6;CNTN4;PAK3;BAIAP2;S100B;GPM6B;FGFR2
GO_Biological_Process_2023,Positive Regulation Of Mitotic Cell Cycle Phase Transition (GO:1901992),8/63,0.0250255148470808,0.1125922109951804,0,0,2.4368493483364366,8.986757728572703,DDX3X;CUL3;RDX;UBE2E2;PLCB1;PHB2;RAB11A;ANAPC11
GO_Biological_Process_2023,Regulation Of Cellular Catabolic Process (GO:0031329),8/63,0.0250255148470808,0.1125922109951804,0,0,2.4368493483364366,8.986757728572703,VPS29;ROCK1;DAPK1;DAPK2;WAC;ITPR1;PIP4K2A;C9ORF72
GO_Biological_Process_2023,Cardiac Muscle Cell Action Potential Involved In Contraction (GO:0086002),5/30,0.0251169542741176,0.1125922109951804,0,0,3.347069271758437,12.33131341775339,GJC1;GJA1;CACNA2D1;NEDD4L;ATP1A1
GO_Biological_Process_2023,Lamellipodium Organization (GO:0097581),5/30,0.0251169542741176,0.1125922109951804,0,0,3.347069271758437,12.33131341775339,CYFIP1;SNX2;ABLIM3;RAC1;VCL
GO_Biological_Process_2023,Multivesicular Body Organization (GO:0036257),5/30,0.0251169542741176,0.1125922109951804,0,0,3.347069271758437,12.33131341775339,CHMP1B;CHMP2A;RAB27A;RAB11A;VPS28
GO_Biological_Process_2023,"Phagocytosis, Engulfment (GO:0006911)",5/30,0.0251169542741176,0.1125922109951804,0,0,3.347069271758437,12.33131341775339,CDC42;ELMO1;MYH9;RAC1;DOCK1
GO_Biological_Process_2023,Response To Epidermal Growth Factor (GO:0070849),5/30,0.0251169542741176,0.1125922109951804,0,0,3.347069271758437,12.33131341775339,STAT5B;MAPK1;IQGAP1;SOX9;ZFP36L1
GO_Biological_Process_2023,Negative Regulation Of Phosphorylation (GO:0042326),9/75,0.0252206940627777,0.1127883833176067,0,0,2.2852455031599415,8.40991010293295,LYN;PID1;ROCK1;HNRNPU;CHP1;SLIT2;DYNLL1;C9ORF72;CORO1C
GO_Biological_Process_2023,Nucleosome Organization (GO:0034728),9/75,0.0252206940627777,0.1127883833176067,0,0,2.2852455031599415,8.40991010293295,BRD2;SMARCC1;HMGB2;HMGA1;NAP1L1;SOX9;CHD2;ARID1A;CHD1
GO_Biological_Process_2023,Protein-Containing Complex Organization (GO:0043933),13/126,0.0260781237729669,0.116484350962148,0,0,1.9300267544762295,7.038148441900866,CREBBP;SLC2A1;LIN7A;TIAM1;CSNK2B;CAPZA2;PTK2B;ELOB;HES1;SOX9;DNM1L;AP2M1;PICALM
GO_Biological_Process_2023,Regulation Of Proteolysis (GO:0030162),7/52,0.0262939020205155,0.1168928670202825,0,0,2.6051403716884143,9.478590217508255,CYFIP2;FBXW11;TRAF3;RHOBTB3;SPOPL;NEDD8;STUB1
GO_Biological_Process_2023,Regulation Of Cell Development (GO:0060284),7/52,0.0262939020205155,0.1168928670202825,0,0,2.6051403716884143,9.478590217508255,ANXA2;DOCK7;LEF1;HMGB2;CTNNB1;HES1;PTN
GO_Biological_Process_2023,Cartilage Development (GO:0051216),7/52,0.0262939020205155,0.1168928670202825,0,0,2.6051403716884143,9.478590217508255,WNT2B;ZBTB16;HMGA2;SOX9;OXSR1;SOX6;SOX5
GO_Biological_Process_2023,Negative Regulation Of Response To Stimulus (GO:0048585),7/52,0.0262939020205155,0.1168928670202825,0,0,2.6051403716884143,9.478590217508255,LYN;KLF7;UBASH3B;CASK;PIM3;SLIT2;TLE5
GO_Biological_Process_2023,Regulation Of Fat Cell Proliferation (GO:0070344),2/5,0.0284947032693797,0.1174120182450203,0,0,11.1402421021553,39.63739424767267,PID1;E2F3
GO_Biological_Process_2023,"Regulation Of DNA Damage Response, Signal Transduction By P53 Class Mediator Resulting In Transcription Of P21 Class Mediator (GO:1902162)",2/5,0.0284947032693797,0.1174120182450203,0,0,11.1402421021553,39.63739424767267,ZNHIT1;RPL26
GO_Biological_Process_2023,Radial Glial Cell Differentiation (GO:0060019),2/5,0.0284947032693797,0.1174120182450203,0,0,11.1402421021553,39.63739424767267,STAT3;HES1
GO_Biological_Process_2023,Protein Ufmylation (GO:0071569),2/5,0.0284947032693797,0.1174120182450203,0,0,11.1402421021553,39.63739424767267,UFM1;UFC1
GO_Biological_Process_2023,Protein Targeting To Vacuole Involved In Autophagy (GO:0071211),2/5,0.0284947032693797,0.1174120182450203,0,0,11.1402421021553,39.63739424767267,HSPA8;SMURF1
GO_Biological_Process_2023,Protein Sulfation (GO:0006477),2/5,0.0284947032693797,0.1174120182450203,0,0,11.1402421021553,39.63739424767267,TPST1;UST
GO_Biological_Process_2023,Negative Regulation Of Monocyte Chemotaxis (GO:0090027),2/5,0.0284947032693797,0.1174120182450203,0,0,11.1402421021553,39.63739424767267,DUSP1;SLIT2
GO_Biological_Process_2023,Positive Regulation Of Tau-Protein Kinase Activity (GO:1902949),2/5,0.0284947032693797,0.1174120182450203,0,0,11.1402421021553,39.63739424767267,HSP90AA1;HSP90AB1
GO_Biological_Process_2023,Positive Regulation Of Intrinsic Apoptotic Signaling Pathway By P53 Class Mediator (GO:1902255),2/5,0.0284947032693797,0.1174120182450203,0,0,11.1402421021553,39.63739424767267,RPS7;RPL26
GO_Biological_Process_2023,Positive Regulation Of Focal Adhesion Disassembly (GO:0120183),2/5,0.0284947032693797,0.1174120182450203,0,0,11.1402421021553,39.63739424767267,PIK3R1;MAPRE2
GO_Biological_Process_2023,Positive Regulation Of Cholesterol Storage (GO:0010886),2/5,0.0284947032693797,0.1174120182450203,0,0,11.1402421021553,39.63739424767267,EHD1;LCP1
GO_Biological_Process_2023,Neurotransmitter-Gated Ion Channel Clustering (GO:0072578),2/5,0.0284947032693797,0.1174120182450203,0,0,11.1402421021553,39.63739424767267,NLGN1;GPHN
GO_Biological_Process_2023,Nephron Tubule Development (GO:0072080),2/5,0.0284947032693797,0.1174120182450203,0,0,11.1402421021553,39.63739424767267,OXSR1;MTSS1
GO_Biological_Process_2023,Negative Regulation Of Sequestering Of Triglyceride (GO:0010891),2/5,0.0284947032693797,0.1174120182450203,0,0,11.1402421021553,39.63739424767267,OSBPL8;PPARG
GO_Biological_Process_2023,Pronephros Development (GO:0048793),2/5,0.0284947032693797,0.1174120182450203,0,0,11.1402421021553,39.63739424767267,SEC61A1;OXSR1
GO_Biological_Process_2023,Regulation Of Focal Adhesion Disassembly (GO:0120182),2/5,0.0284947032693797,0.1174120182450203,0,0,11.1402421021553,39.63739424767267,PIK3R1;MAPRE2
GO_Biological_Process_2023,Response To Testosterone (GO:0033574),2/5,0.0284947032693797,0.1174120182450203,0,0,11.1402421021553,39.63739424767267,ROCK2;MSN
GO_Biological_Process_2023,Regulation Of mRNA Binding (GO:1902415),2/5,0.0284947032693797,0.1174120182450203,0,0,11.1402421021553,39.63739424767267,EIF3E;EIF3D
GO_Biological_Process_2023,Regulation Of Protein Autophosphorylation (GO:0031952),5/31,0.0285959608381916,0.1174120182450203,0,0,3.218165049870201,11.438934846295185,DDX3X;CHP1;CALM3;CALM1;CALM2
GO_Biological_Process_2023,Regulation Of Dendrite Morphogenesis (GO:0048814),5/31,0.0285959608381916,0.1174120182450203,0,0,3.218165049870201,11.438934846295185,PTPRD;GSK3B;NEDD4L;TNIK;YWHAH
GO_Biological_Process_2023,Negative Regulation Of Microtubule Polymerization Or Depolymerization (GO:0031111),5/31,0.0285959608381916,0.1174120182450203,0,0,3.218165049870201,11.438934846295185,TAOK1;STMN1;DYRK1A;CLASP1;HDGFL3
GO_Biological_Process_2023,Cellular Response To cAMP (GO:0071320),5/31,0.0285959608381916,0.1174120182450203,0,0,3.218165049870201,11.438934846295185,RAP1B;RAP1A;IGFBP5;EZR;ZFP36L1
GO_Biological_Process_2023,Positive Regulation Of Peptidyl-Serine Phosphorylation (GO:0033138),10/89,0.0285373977396335,0.1174120182450203,0,0,2.121749342246412,7.546086088473054,APP;TENM1;HSP90AA1;PAK1;HSP90AB1;SFRP2;DOCK7;SPRY2;RAF1;STK4
GO_Biological_Process_2023,tRNA Transport (GO:0051031),2/5,0.0284947032693797,0.1174120182450203,0,0,11.1402421021553,39.63739424767267,YBX1;TOMM20
GO_Biological_Process_2023,Sphingomyelin Biosynthetic Process (GO:0006686),2/5,0.0284947032693797,0.1174120182450203,0,0,11.1402421021553,39.63739424767267,SGMS1;VAPA
GO_Biological_Process_2023,Negative Regulation Of Fibroblast Migration (GO:0010764),2/5,0.0284947032693797,0.1174120182450203,0,0,11.1402421021553,39.63739424767267,HAS1;RAC1
GO_Biological_Process_2023,Retinal Ganglion Cell Axon Guidance (GO:0031290),2/5,0.0284947032693797,0.1174120182450203,0,0,11.1402421021553,39.63739424767267,PTPRM;SLIT2
GO_Biological_Process_2023,Response To Heparin (GO:0071503),2/5,0.0284947032693797,0.1174120182450203,0,0,11.1402421021553,39.63739424767267,SLIT2;SOX9
GO_Biological_Process_2023,Response To Catecholamine (GO:0071869),2/5,0.0284947032693797,0.1174120182450203,0,0,11.1402421021553,39.63739424767267,GNG2;GNB1
GO_Biological_Process_2023,Response To Angiotensin (GO:1990776),2/5,0.0284947032693797,0.1174120182450203,0,0,11.1402421021553,39.63739424767267,ROCK1;ROCK2
GO_Biological_Process_2023,Regulation Of Post-Transcriptional Gene Silencing By RNA (GO:1900368),2/5,0.0284947032693797,0.1174120182450203,0,0,11.1402421021553,39.63739424767267,PUM1;PUM2
GO_Biological_Process_2023,Regulation Of Plasma Membrane Repair (GO:1905684),2/5,0.0284947032693797,0.1174120182450203,0,0,11.1402421021553,39.63739424767267,ANXA2;MYH9
GO_Biological_Process_2023,Regulation Of Macrophage Proliferation (GO:0120040),2/5,0.0284947032693797,0.1174120182450203,0,0,11.1402421021553,39.63739424767267,MAPK1;PTK2
GO_Biological_Process_2023,Regulation Of Hydrogen Peroxide Metabolic Process (GO:0010310),2/5,0.0284947032693797,0.1174120182450203,0,0,11.1402421021553,39.63739424767267,RAC2;RAC1
GO_Biological_Process_2023,Ruffle Assembly (GO:0097178),2/5,0.0284947032693797,0.1174120182450203,0,0,11.1402421021553,39.63739424767267,RAC1;ARF6
GO_Biological_Process_2023,Negative Regulation Of Endoplasmic Reticulum Calcium Ion Concentration (GO:0032471),2/5,0.0284947032693797,0.1174120182450203,0,0,11.1402421021553,39.63739424767267,FIS1;RAP1GDS1
GO_Biological_Process_2023,Chondrocyte Development (GO:0002063),2/5,0.0284947032693797,0.1174120182450203,0,0,11.1402421021553,39.63739424767267,BMPR2;SOX9
GO_Biological_Process_2023,Regulation Of Actin Filament Organization (GO:0110053),3/12,0.0270222269871296,0.1174120182450203,0,0,5.573286052009457,20.125668349228786,RDX;BRK1;C9ORF72
GO_Biological_Process_2023,pre-miRNA Processing (GO:0031054),3/12,0.0270222269871296,0.1174120182450203,0,0,5.573286052009457,20.125668349228786,AGO3;AGO4;AGO2
GO_Biological_Process_2023,Positive Regulation Of Ruffle Assembly (GO:1900029),3/12,0.0270222269871296,0.1174120182450203,0,0,5.573286052009457,20.125668349228786,NLGN1;PFN1;NDEL1
GO_Biological_Process_2023,Negative Regulation Of Mononuclear Cell Migration (GO:0071676),3/12,0.0270222269871296,0.1174120182450203,0,0,5.573286052009457,20.125668349228786,DUSP1;SLIT2;PLCB1
GO_Biological_Process_2023,Negative Regulation Of Cardiac Muscle Hypertrophy (GO:0010614),3/12,0.0270222269871296,0.1174120182450203,0,0,5.573286052009457,20.125668349228786,RGS2;LMNA;PPARG
GO_Biological_Process_2023,Aspartate Family Amino Acid Metabolic Process (GO:0009066),3/12,0.0270222269871296,0.1174120182450203,0,0,5.573286052009457,20.125668349228786,SMS;ASS1;SLC25A13
GO_Biological_Process_2023,Regulation Of Interleukin-5 Production (GO:0032674),3/12,0.0270222269871296,0.1174120182450203,0,0,5.573286052009457,20.125668349228786,PDE4D;LEF1;GATA3
GO_Biological_Process_2023,Adult Locomotory Behavior (GO:0008344),3/12,0.0270222269871296,0.1174120182450203,0,0,5.573286052009457,20.125668349228786,BTBD9;PUM1;PAFAH1B1
GO_Biological_Process_2023,Ear Development (GO:0043583),2/5,0.0284947032693797,0.1174120182450203,0,0,11.1402421021553,39.63739424767267,NIPBL;GATA3
GO_Biological_Process_2023,Visual System Development (GO:0150063),6/41,0.0266347315764032,0.1174120182450203,0,0,2.869942857142857,10.405090377732218,PBX3;RAB18;HIPK1;MEIS2;PBX1;HIPK2
GO_Biological_Process_2023,Regulation Of Dendrite Development (GO:0050773),6/41,0.0266347315764032,0.1174120182450203,0,0,2.869942857142857,10.405090377732218,GSK3B;CAMK1D;BCL11A;NEDD4L;PTN;TNIK
GO_Biological_Process_2023,Negative Regulation Of mRNA Catabolic Process (GO:1902373),6/41,0.0266347315764032,0.1174120182450203,0,0,2.869942857142857,10.405090377732218,FUS;CSDE1;HNRNPD;HNRNPU;YBX1;TENT5C
GO_Biological_Process_2023,Regulation Of Double-Strand Break Repair (GO:2000779),10/88,0.0266282550802365,0.1174120182450203,0,0,2.149065623641895,7.792044327305017,ACTR2;MORF4L1;PBRM1;SMARCC1;PPP4C;MORF4L2;UBR5;TRIP12;ARID1A;SMARCA2
GO_Biological_Process_2023,Negative Regulation Of Protein Kinase Activity (GO:0006469),10/88,0.0266282550802365,0.1174120182450203,0,0,2.149065623641895,7.792044327305017,DEPTOR;UBASH3B;CAMK2N1;NF1;CHP1;SFN;PAK2;YWHAG;CORO1C;RTRAF
GO_Biological_Process_2023,DNA Conformation Change (GO:0071103),3/12,0.0270222269871296,0.1174120182450203,0,0,5.573286052009457,20.125668349228786,TOP2B;HMGB2;TOP1
GO_Biological_Process_2023,Regulation Of Vascular Associated Smooth Muscle Cell Migration (GO:1904752),3/12,0.0270222269871296,0.1174120182450203,0,0,5.573286052009457,20.125668349228786,DOCK4;IGFBP5;DOCK7
GO_Biological_Process_2023,Regulation Of Cellular Component Organization (GO:0051128),15/153,0.0267645690696321,0.1174120182450203,0,0,1.8243532803490727,6.605392713783719,HSPA8;HSP90AA1;ROCK1;ROCK2;HNRNPU;RASGRP2;MLLT3;BLTP1;RAP1B;RAP1A;AP2S1;STK38L;LAMTOR2;LAMTOR1;PICALM
GO_Biological_Process_2023,Regulation Of MAP Kinase Activity (GO:0043405),12/114,0.0276749819223887,0.1174120182450203,0,0,1.9730852126373335,7.077903469976737,LYN;TENM1;RGS2;DUSP1;STK38;NF1;SPRY2;PPARG;PIK3CB;SOS1;EZH2;FGFR1
GO_Biological_Process_2023,Chemokine (C-X-C Motif) Ligand 12 Signaling Pathway (GO:0038146),2/5,0.0284947032693797,0.1174120182450203,0,0,11.1402421021553,39.63739424767267,STK39;OXSR1
GO_Biological_Process_2023,Axo-Dendritic Transport (GO:0008088),2/5,0.0284947032693797,0.1174120182450203,0,0,11.1402421021553,39.63739424767267,APP;HSPA8
GO_Biological_Process_2023,Adenylate Cyclase-Activating Dopamine Receptor Signaling Pathway (GO:0007191),2/5,0.0284947032693797,0.1174120182450203,0,0,11.1402421021553,39.63739424767267,GNG2;GNB1
GO_Biological_Process_2023,T-helper 1 Cell Differentiation (GO:0045063),2/5,0.0284947032693797,0.1174120182450203,0,0,11.1402421021553,39.63739424767267,TMEM98;LEF1
GO_Biological_Process_2023,PML Body Organization (GO:0030578),2/5,0.0284947032693797,0.1174120182450203,0,0,11.1402421021553,39.63739424767267,SERBP1;HIPK2
GO_Biological_Process_2023,Skin Epidermis Development (GO:0098773),4/21,0.028160261917899,0.1174120182450203,0,0,3.9359047967012897,14.050563945236055,UGCG;STMN1;SFN;FGFR1
GO_Biological_Process_2023,ISG15-protein Conjugation (GO:0032020),2/5,0.0284947032693797,0.1174120182450203,0,0,11.1402421021553,39.63739424767267,UBE2E1;UBE2E2
GO_Biological_Process_2023,Plasma Membrane Repair (GO:0001778),4/21,0.028160261917899,0.1174120182450203,0,0,3.9359047967012897,14.050563945236055,CHMP1B;CHMP2A;MYH9;ARL8B
GO_Biological_Process_2023,Negative Regulation Of Biomineral Tissue Development (GO:0070168),4/21,0.028160261917899,0.1174120182450203,0,0,3.9359047967012897,14.050563945236055,ROCK1;ROCK2;PTK2B;SOX9
GO_Biological_Process_2023,Negative Regulation Of GTPase Activity (GO:0034260),4/21,0.028160261917899,0.1174120182450203,0,0,3.9359047967012897,14.050563945236055,BCAS3;RDX;ARL2;TMED2
GO_Biological_Process_2023,Macrophage Differentiation (GO:0030225),4/21,0.028160261917899,0.1174120182450203,0,0,3.9359047967012897,14.050563945236055,CDC42;SOCS1;UCP2;GATA3
GO_Biological_Process_2023,Anaphase-Promoting Complex-Dependent Catabolic Process (GO:0031145),4/21,0.028160261917899,0.1174120182450203,0,0,3.9359047967012897,14.050563945236055,ANAPC16;CUL3;CDC27;ANAPC11
GO_Biological_Process_2023,Regulation Of Programmed Cell Death (GO:0043067),18/195,0.0281221264772369,0.1174120182450203,0,0,1.707889807665951,6.09921367877695,BNIP3L;PHB1;HSP90AA1;DAPK1;ACTN1;DAPK2;NME2;ETFA;ACTN4;FBXO11;ACTB;MORF4L1;PSMC5;MORF4L2;FYN;SOX9;RAF1;CRYAB
GO_Biological_Process_2023,Positive Regulation Of Amyloid Precursor Protein Catabolic Process (GO:1902993),4/21,0.028160261917899,0.1174120182450203,0,0,3.9359047967012897,14.050563945236055,LYN;ROCK2;ABCG1;PICALM
GO_Biological_Process_2023,Positive Regulation Of Protein Secretion (GO:0050714),9/76,0.0272268091157135,0.1174120182450203,0,0,2.2510176390773404,8.111661730653843,TCF7L2;PPARG;DNM1L;EZR;MYH10;ABCG1;MCU;WLS;ARF6
GO_Biological_Process_2023,mRNA Stabilization (GO:0048255),7/53,0.0288694483123808,0.1182766831185888,0,0,2.548371499303729,9.033904068517366,FUS;CSDE1;HNRNPD;HNRNPU;YBX1;IGF2BP2;TENT5C
GO_Biological_Process_2023,Cellular Response To Alcohol (GO:0097306),7/53,0.0288694483123808,0.1182766831185888,0,0,2.548371499303729,9.033904068517366,GNG2;JUP;GNB1;KLF9;CTNNA1;CTNNB1;GNAI1
GO_Biological_Process_2023,Positive Regulation Of JNK Cascade (GO:0046330),9/77,0.0293426749471279,0.1199541309523351,0,0,2.217796476879522,7.825965795050636,APP;TAOK3;TRAF3;TAOK1;PTK2B;TNIK;PLCB1;GADD45G;HIPK2
GO_Biological_Process_2023,Negative Regulation Of Blood Vessel Morphogenesis (GO:2000181),9/77,0.0293426749471279,0.1199541309523351,0,0,2.217796476879522,7.825965795050636,SARS1;ROCK1;ROCK2;PGK1;PTPRM;CTNNB1;SPRY2;PPARG;GTF2I
GO_Biological_Process_2023,Positive Regulation Of Cell Cycle (GO:0045787),8/65,0.0295753477500519,0.1207740313658473,0,0,2.351095905391261,8.277771639882564,APP;RPS15A;CCNY;USP22;PRKCA;EIF4E;MEIS2;FGFR2
GO_Biological_Process_2023,Keratinocyte Differentiation (GO:0030216),6/42,0.0296381531992885,0.1208992344712845,0,0,2.790074074074074,9.817413523021068,PPP3CA;UGCG;CLIC4;JAG1;TXNIP;FGFR1
GO_Biological_Process_2023,Cellular Response To Nutrient Levels (GO:0031669),9/78,0.0315708846746936,0.1282477909277359,0,0,2.185538246919321,7.552171022823751,HSPA8;CREBBP;BMPR2;MAP1LC3A;RALB;STK24;MAPKAP1;RICTOR;LCP1
GO_Biological_Process_2023,Negative Regulation Of Protein Modification Process (GO:0031400),9/78,0.0315708846746936,0.1282477909277359,0,0,2.185538246919321,7.552171022823751,PPP1R16B;LYN;GSK3B;PID1;YWHAB;CHP1;SLIT2;C9ORF72;CORO1C
GO_Biological_Process_2023,Apical Junction Assembly (GO:0043297),7/54,0.0316101308667937,0.1282477909277359,0,0,2.494018323616264,8.615031660978854,WDR1;CTNNA1;ARL2;RHOC;PAK2;RHOA;VCL
GO_Biological_Process_2023,Epidermal Cell Differentiation (GO:0009913),7/54,0.0316101308667937,0.1282477909277359,0,0,2.494018323616264,8.615031660978854,PPP3CA;UGCG;CLIC4;JAG1;TXNIP;CTNNB1;FGFR1
GO_Biological_Process_2023,Negative Regulation Of Neuron Projection Development (GO:0010977),7/54,0.0316101308667937,0.1282477909277359,0,0,2.494018323616264,8.615031660978854,EFNB2;MYLIP;NLGN1;BCL11A;LPAR1;DENND5A;CBFA2T2
GO_Biological_Process_2023,Vesicle Budding From Membrane (GO:0006900),5/32,0.0323651423336202,0.1306065454042334,0,0,3.098809288862575,10.631002255720798,SNX3;TRAPPC1;VAPA;AP2M1;PICALM
GO_Biological_Process_2023,Regulation Of Calcium Ion Transmembrane Transporter Activity (GO:1901019),5/32,0.0323651423336202,0.1306065454042334,0,0,3.098809288862575,10.631002255720798,YWHAE;PLN;PDE4D;CALM1;CALM2
GO_Biological_Process_2023,Gluconeogenesis (GO:0006094),5/32,0.0323651423336202,0.1306065454042334,0,0,3.098809288862575,10.631002255720798,TPI1;MDH1;KRT17;PGK1;SLC25A13
GO_Biological_Process_2023,'De Novo' Post-Translational Protein Folding (GO:0051084),5/32,0.0323651423336202,0.1306065454042334,0,0,3.098809288862575,10.631002255720798,HSPA9;CCT2;HSPA8;HSPA5;PTGES3
GO_Biological_Process_2023,Purine Ribonucleoside Triphosphate Metabolic Process (GO:0009205),5/32,0.0323651423336202,0.1306065454042334,0,0,3.098809288862575,10.631002255720798,HSPA8;GNAI3;OLA1;RAN;RHOQ
GO_Biological_Process_2023,Negative Regulation Of G Protein-Coupled Receptor Signaling Pathway (GO:0045744),4/22,0.0329213790419548,0.1313014915978709,0,0,3.717046238785369,12.688631752856113,RGS2;GRK2;YWHAB;STMN1
GO_Biological_Process_2023,Vesicle Transport Along Microtubule (GO:0047496),4/22,0.0329213790419548,0.1313014915978709,0,0,3.717046238785369,12.688631752856113,RAB1A;FBXW11;NDEL1;PAFAH1B1
GO_Biological_Process_2023,Ribosomal Large Subunit Assembly (GO:0000027),4/22,0.0329213790419548,0.1313014915978709,0,0,3.717046238785369,12.688631752856113,RPL5;RPL10;RPL11;RPL23A
GO_Biological_Process_2023,Positive Regulation Of Protein Autophosphorylation (GO:0031954),4/22,0.0329213790419548,0.1313014915978709,0,0,3.717046238785369,12.688631752856113,DDX3X;CALM3;CALM1;CALM2
GO_Biological_Process_2023,Modulation By Host Of Viral Process (GO:0044788),4/22,0.0329213790419548,0.1313014915978709,0,0,3.717046238785369,12.688631752856113,CDC42;KRT17;ROCK2;CFL1
GO_Biological_Process_2023,Positive Regulation Of Receptor-Mediated Endocytosis (GO:0048260),6/43,0.0328552673926522,0.1313014915978709,0,0,2.7145225225225227,9.271840395565308,RAB21;HNRNPK;ANGPT1;ANXA2;ARRB1;ARRB2
GO_Biological_Process_2023,Positive Regulation Of miRNA Transcription (GO:1902895),6/43,0.0328552673926522,0.1313014915978709,0,0,2.7145225225225227,9.271840395565308,JUN;SMAD3;STAT3;PPARG;GATA3;GATA2
GO_Biological_Process_2023,Positive Regulation Of Cell Division (GO:0051781),6/43,0.0328552673926522,0.1313014915978709,0,0,2.7145225225225227,9.271840395565308,CDC42;CUL3;PRKCE;PKP4;RHOA;FGFR2
GO_Biological_Process_2023,mRNA Catabolic Process (GO:0006402),6/43,0.0328552673926522,0.1313014915978709,0,0,2.7145225225225227,9.271840395565308,DDX5;AGO3;AGO4;XRN2;LSM5;SND1
GO_Biological_Process_2023,Intracellular Glucose Homeostasis (GO:0001678),6/43,0.0328552673926522,0.1313014915978709,0,0,2.7145225225225227,9.271840395565308,TRA2B;UCP2;RACK1;ZBTB20;PIK3R1;IGF1R
GO_Biological_Process_2023,Regulation Of Primary Metabolic Process (GO:0080090),6/43,0.0328552673926522,0.1313014915978709,0,0,2.7145225225225227,9.271840395565308,ROCK2;ID2;VPS35;EDF1;PPARG;ADIPOR1
GO_Biological_Process_2023,Macroautophagy (GO:0016236),11/104,0.0330543690501891,0.1314138287502764,0,0,1.9828725038402455,6.7608051154665,GABARAPL2;GABARAPL1;MAP1LC3A;CHMP1B;CHMP2A;PIP4K2A;VPS28;GABARAP;ARL8B;STK3;ATG5
GO_Biological_Process_2023,Positive Regulation Of Kinase Activity (GO:0033674),11/104,0.0330543690501891,0.1314138287502764,0,0,1.9828725038402455,6.7608051154665,MAP2K3;RAP1A;ERBB4;PTK2B;ROR1;IQGAP1;PTK2;FGFR2;IGF1R;FGFR1;DDR2
GO_Biological_Process_2023,Positive Regulation Of Vasculature Development (GO:1904018),11/104,0.0330543690501891,0.1314138287502764,0,0,1.9828725038402455,6.7608051154665,SFRP2;BTG1;JUP;PRKCB;AGO2;HMGA2;PRKCA;GATA2;HIPK1;RHOB;HIPK2
GO_Biological_Process_2023,Heart Development (GO:0007507),16/171,0.0331623888593268,0.1317040596620149,0,0,1.732527122812093,5.901574552659098,BMPR2;PRMT1;CHD7;OXSR1;SRI;DYNLL1;PTK2;GJA1;NIPBL;FLRT2;ERBB4;ID2;NF1;SOX9;FBN1;KDM6A
GO_Biological_Process_2023,Synaptic Vesicle Localization (GO:0097479),3/13,0.0336831440745156,0.132236226371872,0,0,5.015691489361702,17.00699475196523,NLGN1;RAB27A;DNM2
GO_Biological_Process_2023,Signal Peptide Processing (GO:0006465),3/13,0.0336831440745156,0.132236226371872,0,0,5.015691489361702,17.00699475196523,SPCS2;SPPL3;SEC11C
GO_Biological_Process_2023,Negative Regulation Of Endoplasmic Reticulum Unfolded Protein Response (GO:1900102),3/13,0.0336831440745156,0.132236226371872,0,0,5.015691489361702,17.00699475196523,HSPA5;NCK2;RACK1
GO_Biological_Process_2023,Mature B Cell Differentiation Involved In Immune Response (GO:0002313),3/13,0.0336831440745156,0.132236226371872,0,0,5.015691489361702,17.00699475196523,DOCK11;PHF14;PTK2B
GO_Biological_Process_2023,Glutamine Metabolic Process (GO:0006541),3/13,0.0336831440745156,0.132236226371872,0,0,5.015691489361702,17.00699475196523,CPS1;UCP2;GLS
GO_Biological_Process_2023,Endothelial Cell Differentiation (GO:0045446),3/13,0.0336831440745156,0.132236226371872,0,0,5.015691489361702,17.00699475196523,BMPR2;JAG1;EDF1
GO_Biological_Process_2023,Cytoplasmic Sequestering Of Protein (GO:0051220),3/13,0.0336831440745156,0.132236226371872,0,0,5.015691489361702,17.00699475196523,YWHAB;PTPRM;FLNA
GO_Biological_Process_2023,Atrioventricular Valve Development (GO:0003171),3/13,0.0336831440745156,0.132236226371872,0,0,5.015691489361702,17.00699475196523,BMPR2;TBX20;BMPR1A
GO_Biological_Process_2023,Amyloid Precursor Protein Catabolic Process (GO:0042987),3/13,0.0336831440745156,0.132236226371872,0,0,5.015691489361702,17.00699475196523,DYRK1A;ADAM10;ABCG1
GO_Biological_Process_2023,Organelle Organization (GO:0006996),33/418,0.0335904456516167,0.132236226371872,0,0,1.442935206869633,4.896620260055696,RAB1A;PHB1;ABCD3;SAR1B;MAPKAP1;PITPNB;SNX10;PHB2;CDC42;CNN2;SEC61A1;CHMP1B;CFL1;TMED2;SH3BGRL3;RICTOR;DNM1L;CLASP1;RAB2A;ARFGEF1;BCAS3;YTHDF3;CSNK1D;GEM;RAB30;DES;FMNL2;VAPA;RAB18;CHMP2A;TNIK;TMCC1;RAB7A
GO_Biological_Process_2023,DNA-templated Transcription (GO:0006351),18/199,0.0334746838253119,0.132236226371872,0,0,1.669788983038227,5.672216122946729,IVNS1ABP;DDX5;GTF2A2;NFIX;CCNH;GTF2B;PAX5;ARRB2;ZFP36L1;NR4A2;POLR2A;TCEA1;POLR2G;POLR2I;PTMA;RBMX;SOX5;POLR2L
GO_Biological_Process_2023,Response To Insulin (GO:0032868),9/79,0.0339139134831031,0.1330033666422846,0,0,2.154201680672269,7.289667524318466,RAB10;PKM;EIF6;SLC2A1;MYO5A;PPARG;PIK3R1;RHOQ;ZFP36L1
GO_Biological_Process_2023,Negative Regulation Of Cellular Catabolic Process (GO:0031330),8/67,0.0346639015901342,0.1358030561255156,0,0,2.271156255188131,7.635755499268702,DAP;ROCK1;STAT3;TIMP2;TIMP3;STK38L;EIF4E;EIF4G2
GO_Biological_Process_2023,Regulation Of Small GTPase Mediated Signal Transduction (GO:0051056),12/118,0.0349146519657973,0.1366430864134899,0,0,1.898224492892913,6.368255992745755,VAV3;GNA13;TIAM1;TRIO;SWAP70;ITSN1;SLIT2;CYRIB;ARHGAP5;DYNLL1;DOCK2;KALRN
GO_Biological_Process_2023,Positive Regulation Of Stress-Activated MAPK Cascade (GO:0032874),11/105,0.0351140584553019,0.1372806380981192,0,0,1.961673632218845,6.569946509241324,APP;TAOK3;PRMT1;TRAF3;TAOK1;STK39;PTK2B;TNIK;PLCB1;GADD45G;HIPK2
GO_Biological_Process_2023,Positive Regulation Of Establishment Of Protein Localization To Mitochondrion (GO:1903749),5/33,0.0364298709740904,0.1408147427888532,0,0,2.9879789393554934,9.897280474066454,SH3GLB1;MAPK8;UBE2D3;RAC2;NMT1
GO_Biological_Process_2023,Positive Regulation Of Notch Signaling Pathway (GO:0045747),5/33,0.0364298709740904,0.1408147427888532,0,0,2.9879789393554934,9.897280474066454,TSPAN14;JAG1;ZMIZ1;STAT3;TSPAN5
GO_Biological_Process_2023,Positive Regulation Of DNA Binding (GO:0043388),5/33,0.0364298709740904,0.1408147427888532,0,0,2.9879789393554934,9.897280474066454,HMGB2;HES1;EDF1;PPARG;GATA3
GO_Biological_Process_2023,Glycoprotein Biosynthetic Process (GO:0009101),9/80,0.0363741115096004,0.1408147427888532,0,0,2.12374783460119,7.03788365835333,ARFGEF1;BMPR2;SERP1;CHST11;DAD1;ST8SIA4;LARGE1;DDOST;B4GALT5
GO_Biological_Process_2023,Synaptic Vesicle Recycling (GO:0036465),6/44,0.0362904722008943,0.1408147427888532,0,0,2.6429473684210527,8.764542184649361,DNM3;NLGN1;AP2S1;AP2M1;BLTP1;DNM2
GO_Biological_Process_2023,Wound Healing (GO:0042060),9/80,0.0363741115096004,0.1408147427888532,0,0,2.12374783460119,7.03788365835333,PPP3CA;PAK1;SMAD3;CHMP1B;CHMP2A;NF1;MYH9;RAF1;ARL8B
GO_Biological_Process_2023,Regulation Of Transport (GO:0051049),6/44,0.0362904722008943,0.1408147427888532,0,0,2.6429473684210527,8.764542184649361,DNAJA1;SCFD1;SAR1B;MYO6;RAB11A;ACTG1
GO_Biological_Process_2023,Establishment Of Protein Localization To Mitochondrion (GO:0072655),6/44,0.0362904722008943,0.1408147427888532,0,0,2.6429473684210527,8.764542184649361,TIMM8B;FIS1;RALA;ROMO1;TOMM20;HSPD1
GO_Biological_Process_2023,Cellular Response To Ketone (GO:1901655),6/44,0.0362904722008943,0.1408147427888532,0,0,2.6429473684210527,8.764542184649361,GNG2;ROCK2;GNB1;KLF9;MSN;GNAI1
GO_Biological_Process_2023,Bone Development (GO:0060348),6/44,0.0362904722008943,0.1408147427888532,0,0,2.6429473684210527,8.764542184649361,GJA1;SBDS;STC1;PLS3;RPL13;FGFR2
GO_Biological_Process_2023,Response To Unfolded Protein (GO:0006986),6/44,0.0362904722008943,0.1408147427888532,0,0,2.6429473684210527,8.764542184649361,DNAJA1;HSPA8;HSP90AA1;HSP90AB1;DERL1;HSPD1
GO_Biological_Process_2023,Positive Regulation Of Angiogenesis (GO:0045766),12/119,0.03691683782801,0.1425505411408066,0,0,1.8803838540753175,6.203550910135135,SFRP2;BTG1;PKM;JUP;PRKCB;AGO2;HMGA2;PRKCA;GATA2;HIPK1;RHOB;HIPK2
GO_Biological_Process_2023,Regulation Of Endothelial Cell Proliferation (GO:0001936),10/93,0.0371466969960607,0.1432910024637788,0,0,2.01906645314532,6.64854439367785,PPP1R16B;ATP5F1A;BMPR2;ANGPT1;AKT3;HMGB2;NF1;PTPRM;PRKCA;NR2F2
GO_Biological_Process_2023,Positive Regulation Of Cell Growth (GO:0030307),11/106,0.0372624008673822,0.1434430805140478,0,0,1.940921052631579,6.3851847836703435,CDC42;RPS6KA3;MTPN;MMP14;SFRP2;DDX3X;SMURF1;MAPKAP1;NEDD4L;RICTOR;EIF4G2
GO_Biological_Process_2023,Regulation Of G1/S Transition Of Mitotic Cell Cycle (GO:2000045),11/106,0.0372624008673822,0.1434430805140478,0,0,1.940921052631579,6.3851847836703435,SMARCC1;PBRM1;DDX3X;CCNH;ID2;RDX;CDK2AP2;UBE2E2;ARID1A;PLCB1;SMARCA2
GO_Biological_Process_2023,Cell-Cell Junction Organization (GO:0045216),8/68,0.0374174949887216,0.1438928411580596,0,0,2.2331849213416444,7.337390126178451,GJC1;SMAD3;CTNND2;CTNND1;PKP4;CSK;TLN2;TLN1
GO_Biological_Process_2023,Regulation Of Stem Cell Population Maintenance (GO:2000036),7/56,0.0376013954661848,0.1444523476489491,0,0,2.39196746314184,7.84736142089392,SMARCC1;ZNF706;HMGA2;PTN;ARID1A;SMARCA2;SAP30
GO_Biological_Process_2023,Artery Development (GO:0060840),4/23,0.038123260887905,0.1451230609305776,0,0,3.521225423807967,11.503599301858994,BMPR2;HECTD1;NF1;HES1
GO_Biological_Process_2023,Endocardial Cushion Development (GO:0003197),4/23,0.038123260887905,0.1451230609305776,0,0,3.521225423807967,11.503599301858994,BMPR2;TBX20;SOX9;BMPR1A
GO_Biological_Process_2023,Entrainment Of Circadian Clock By Photoperiod (GO:0043153),4/23,0.038123260887905,0.1451230609305776,0,0,3.521225423807967,11.503599301858994,PPP1CB;PPP1CC;ID2;PPP1CA
GO_Biological_Process_2023,Negative Regulation Of Actin Filament Polymerization (GO:0030837),4/23,0.038123260887905,0.1451230609305776,0,0,3.521225423807967,11.503599301858994,SLIT2;CYRIB;PFN1;TMSB10
GO_Biological_Process_2023,Negative Regulation Of Neuron Differentiation (GO:0045665),4/23,0.038123260887905,0.1451230609305776,0,0,3.521225423807967,11.503599301858994,GSK3B;HES1;CNTN4;SOX9
GO_Biological_Process_2023,Nuclear Membrane Reassembly (GO:0031468),4/23,0.038123260887905,0.1451230609305776,0,0,3.521225423807967,11.503599301858994,UBE2I;CHMP1B;CHMP2A;BANF1
GO_Biological_Process_2023,"Positive Regulation Of mRNA Splicing, Via Spliceosome (GO:0048026)",4/23,0.038123260887905,0.1451230609305776,0,0,3.521225423807967,11.503599301858994,RBM3;TRA2B;TRA2A;RBMX
GO_Biological_Process_2023,Protein Alkylation (GO:0008213),4/23,0.038123260887905,0.1451230609305776,0,0,3.521225423807967,11.503599301858994,PRMT1;ETF1;GSPT1;SNRPB
GO_Biological_Process_2023,Protein Targeting To ER (GO:0045047),4/23,0.038123260887905,0.1451230609305776,0,0,3.521225423807967,11.503599301858994,SEC61A1;SPCS2;SRP72;SRPRA
GO_Biological_Process_2023,Polyamine Biosynthetic Process (GO:0006596),2/6,0.0411570055361204,0.1477018108982339,0,0,8.354738706820195,26.654633558532193,SMS;SAT1
GO_Biological_Process_2023,Podocyte Development (GO:0072015),2/6,0.0411570055361204,0.1477018108982339,0,0,8.354738706820195,26.654633558532193,MYO1E;JAG1
GO_Biological_Process_2023,Negative Regulation Of p38MAPK Cascade (GO:1903753),2/6,0.0411570055361204,0.1477018108982339,0,0,8.354738706820195,26.654633558532193,DUSP1;EZR
GO_Biological_Process_2023,Negative Regulation Of Heart Rate (GO:0010459),2/6,0.0411570055361204,0.1477018108982339,0,0,8.354738706820195,26.654633558532193,PLN;SRI
GO_Biological_Process_2023,Mitotic Nuclear Membrane Disassembly (GO:0007077),2/6,0.0411570055361204,0.1477018108982339,0,0,8.354738706820195,26.654633558532193,PRKCB;PRKCA
GO_Biological_Process_2023,Hypotonic Response (GO:0006971),2/6,0.0411570055361204,0.1477018108982339,0,0,8.354738706820195,26.654633558532193,CAB39;STK39
GO_Biological_Process_2023,Membrane Invagination (GO:0010324),2/6,0.0411570055361204,0.1477018108982339,0,0,8.354738706820195,26.654633558532193,SNX3;SMURF1
GO_Biological_Process_2023,Membrane Biogenesis (GO:0044091),2/6,0.0411570055361204,0.1477018108982339,0,0,8.354738706820195,26.654633558532193,SERINC1;SPTBN1
GO_Biological_Process_2023,Marginal Zone B Cell Differentiation (GO:0002315),2/6,0.0411570055361204,0.1477018108982339,0,0,8.354738706820195,26.654633558532193,DOCK11;PTK2B
GO_Biological_Process_2023,Gland Morphogenesis (GO:0022612),2/6,0.0411570055361204,0.1477018108982339,0,0,8.354738706820195,26.654633558532193,MSN;FGFR2
GO_Biological_Process_2023,Positive Regulation Of RNA Binding (GO:1905216),2/6,0.0411570055361204,0.1477018108982339,0,0,8.354738706820195,26.654633558532193,EIF3E;EIF3D
GO_Biological_Process_2023,Mitochondrion-Endoplasmic Reticulum Membrane Tethering (GO:1990456),2/6,0.0411570055361204,0.1477018108982339,0,0,8.354738706820195,26.654633558532193,ATP2A2;CALM1
GO_Biological_Process_2023,Positive Regulation Of Amyloid-Beta Clearance (GO:1900223),2/6,0.0411570055361204,0.1477018108982339,0,0,8.354738706820195,26.654633558532193,LRP1;ROCK1
GO_Biological_Process_2023,Regulation Of Cardiac Muscle Hypertrophy In Response To Stress (GO:1903242),2/6,0.0411570055361204,0.1477018108982339,0,0,8.354738706820195,26.654633558532193,LMNA;PPARG
GO_Biological_Process_2023,Positive Regulation Of Kidney Development (GO:0090184),2/6,0.0411570055361204,0.1477018108982339,0,0,8.354738706820195,26.654633558532193,PPP3CA;SOX9
GO_Biological_Process_2023,Positive Regulation Of mRNA Binding (GO:1902416),2/6,0.0411570055361204,0.1477018108982339,0,0,8.354738706820195,26.654633558532193,EIF3E;EIF3D
GO_Biological_Process_2023,Positive Regulation Of Trophoblast Cell Migration (GO:1901165),2/6,0.0411570055361204,0.1477018108982339,0,0,8.354738706820195,26.654633558532193,SMURF2;AGO2
GO_Biological_Process_2023,Protein Localization To Basolateral Plasma Membrane (GO:1903361),2/6,0.0411570055361204,0.1477018108982339,0,0,8.354738706820195,26.654633558532193,RAB10;LIN7A
GO_Biological_Process_2023,Regulation Of Cellular Response To Insulin Stimulus (GO:1900076),2/6,0.0411570055361204,0.1477018108982339,0,0,8.354738706820195,26.654633558532193,PPARG;ATP2B1
GO_Biological_Process_2023,Regulation Of Glial Cell Apoptotic Process (GO:0034350),2/6,0.0411570055361204,0.1477018108982339,0,0,8.354738706820195,26.654633558532193,PRKCH;PRKCA
GO_Biological_Process_2023,Regulation Of Growth Hormone Secretion (GO:0060123),2/6,0.0411570055361204,0.1477018108982339,0,0,8.354738706820195,26.654633558532193,CHD7;SELENOT
GO_Biological_Process_2023,Regulation Of Metallopeptidase Activity (GO:1905048),2/6,0.0411570055361204,0.1477018108982339,0,0,8.354738706820195,26.654633558532193,LRP1;TIMP2
GO_Biological_Process_2023,Regulation Of Myosin-Light-Chain-Phosphatase Activity (GO:0035507),2/6,0.0411570055361204,0.1477018108982339,0,0,8.354738706820195,26.654633558532193,ROCK1;ROCK2
GO_Biological_Process_2023,Regulation Of Relaxation Of Muscle (GO:1901077),2/6,0.0411570055361204,0.1477018108982339,0,0,8.354738706820195,26.654633558532193,PLN;SRI
GO_Biological_Process_2023,Response To Increased Oxygen Levels (GO:0036296),2/6,0.0411570055361204,0.1477018108982339,0,0,8.354738706820195,26.654633558532193,ATP6V1A;ATP6V0D1
GO_Biological_Process_2023,Ribosomal Large Subunit Export From Nucleus (GO:0000055),2/6,0.0411570055361204,0.1477018108982339,0,0,8.354738706820195,26.654633558532193,XPO1;RAN
GO_Biological_Process_2023,Dorsal Aorta Morphogenesis (GO:0035912),2/6,0.0411570055361204,0.1477018108982339,0,0,8.354738706820195,26.654633558532193,RBPJ;BMPR1A
GO_Biological_Process_2023,Positive Regulation Of Interleukin-5 Production (GO:0032754),2/6,0.0411570055361204,0.1477018108982339,0,0,8.354738706820195,26.654633558532193,PDE4D;GATA3
GO_Biological_Process_2023,Dorsal Aorta Development (GO:0035907),2/6,0.0411570055361204,0.1477018108982339,0,0,8.354738706820195,26.654633558532193,RBPJ;BMPR1A
GO_Biological_Process_2023,Positive Regulation Of Gastrulation (GO:2000543),2/6,0.0411570055361204,0.1477018108982339,0,0,8.354738706820195,26.654633558532193,RACK1;OXSR1
GO_Biological_Process_2023,Desmosome Organization (GO:0002934),2/6,0.0411570055361204,0.1477018108982339,0,0,8.354738706820195,26.654633558532193,JUP;PRKCA
GO_Biological_Process_2023,Detection Of Muscle Stretch (GO:0035995),2/6,0.0411570055361204,0.1477018108982339,0,0,8.354738706820195,26.654633558532193,CTNNB1;PTK2
GO_Biological_Process_2023,Vesicle Organization (GO:0016050),10/94,0.0395521271544056,0.1477018108982339,0,0,1.9949237500530987,6.443874627876025,WASHC4;TRAPPC1;ANXA2;SAR1B;SNX10;DNAJC13;HOOK3;LAMTOR1;AP2M1;PICALM
GO_Biological_Process_2023,Positive Regulation Of DNA-binding Transcription Factor Activity (GO:0051091),21/246,0.0396666383450675,0.1477018108982339,0,0,1.5676636636636636,5.059234388724626,APP;MTPN;PRKCH;SMAD3;CAMK1D;JUP;PRKCB;STAT3;PHB2;HIPK2;STK3;RPS6KA5;SLCO3A1;FLOT1;CTNNB1;FLOT2;PPARG;ROR1;ERC1;RNF220;DDR2
GO_Biological_Process_2023,Regulation Of Stem Cell Differentiation (GO:2000736),6/45,0.0399476047133215,0.1477018108982339,0,0,2.575042735042735,8.292118021438318,JAG1;HNRNPU;HES1;PTN;GATAD2B;BMPR1A
GO_Biological_Process_2023,ATP Metabolic Process (GO:0046034),5/34,0.0407944137141283,0.1477018108982339,0,0,2.884792062228211,9.229055976070294,HSPA8;ATP5F1A;ATP5F1B;OLA1;SLC25A13
GO_Biological_Process_2023,Embryonic Limb Morphogenesis (GO:0030326),5/34,0.0407944137141283,0.1477018108982339,0,0,2.884792062228211,9.229055976070294,NIPBL;CREBBP;MBNL1;CTNNB1;OXSR1
GO_Biological_Process_2023,Establishment Of Mitotic Spindle Localization (GO:0040001),5/34,0.0407944137141283,0.1477018108982339,0,0,2.884792062228211,9.229055976070294,GJA1;FBXW11;CLASP1;NDEL1;PAFAH1B1
GO_Biological_Process_2023,Organophosphate Biosynthetic Process (GO:0090407),5/34,0.0407944137141283,0.1477018108982339,0,0,2.884792062228211,9.229055976070294,TPI1;CPS1;PPIP5K2;GPHN;DDR2
GO_Biological_Process_2023,Positive Regulation Of Neuron Death (GO:1901216),5/34,0.0407944137141283,0.1477018108982339,0,0,2.884792062228211,9.229055976070294,EFNB2;NF1;CTNNB1;FYN;PICALM
GO_Biological_Process_2023,Regulation Of Calcium Ion Transport (GO:0051924),7/57,0.0408584283387615,0.1477018108982339,0,0,2.3440035587188612,7.49528459053814,PLN;HOMER1;CACNA2D1;STC1;CTNNB1;SRI;ATP2B1
GO_Biological_Process_2023,Aorta Development (GO:0035904),3/14,0.0411108712302279,0.1477018108982339,0,0,4.559477756286267,14.551494314736988,JAG1;HECTD1;LRP1
GO_Biological_Process_2023,Endoderm Development (GO:0007492),3/14,0.0411108712302279,0.1477018108982339,0,0,4.559477756286267,14.551494314736988,DUSP4;DUSP1;TBX20
GO_Biological_Process_2023,Negative Regulation Of Androgen Receptor Signaling Pathway (GO:0060766),3/14,0.0411108712302279,0.1477018108982339,0,0,4.559477756286267,14.551494314736988,PHB1;TCF21;FOXP1
GO_Biological_Process_2023,Histone Modification (GO:0016570),9/81,0.0389536971251298,0.1477018108982339,0,0,2.0941399286987523,6.796283174409841,MORF4L1;ENY2;CREBBP;UBE2B;TBL1XR1;USP3;MORF4L2;MBD2;GATAD2B
GO_Biological_Process_2023,Cellular Response To Hormone Stimulus (GO:0032870),10/94,0.0395521271544056,0.1477018108982339,0,0,1.9949237500530987,6.443874627876025,BCAS3;HSPA8;STAT5B;RDX;STAT3;KLF9;SOX9;ATP1A1;SLIT2;ZFP36L1
GO_Biological_Process_2023,Post-Translational Protein Targeting To Endoplasmic Reticulum Membrane (GO:0006620),3/14,0.0411108712302279,0.1477018108982339,0,0,4.559477756286267,14.551494314736988,SEC61A1;HSPA5;SEC61B
GO_Biological_Process_2023,Cellular Response To Monoamine Stimulus (GO:0071868),2/6,0.0411570055361204,0.1477018108982339,0,0,8.354738706820195,26.654633558532193,GNG2;GNB1
GO_Biological_Process_2023,Autophagosome Membrane Docking (GO:0016240),2/6,0.0411570055361204,0.1477018108982339,0,0,8.354738706820195,26.654633558532193,ATP2A2;CALM1
GO_Biological_Process_2023,Aldehyde Biosynthetic Process (GO:0046184),2/6,0.0411570055361204,0.1477018108982339,0,0,8.354738706820195,26.654633558532193,TPI1;DDR2
GO_Biological_Process_2023,Adherens Junction Maintenance (GO:0034334),2/6,0.0411570055361204,0.1477018108982339,0,0,8.354738706820195,26.654633558532193,FERMT2;MTSS1
GO_Biological_Process_2023,RIG-I Signaling Pathway (GO:0039529),2/6,0.0411570055361204,0.1477018108982339,0,0,8.354738706820195,26.654633558532193,PHB1;PHB2
GO_Biological_Process_2023,Aggrephagy (GO:0035973),2/6,0.0411570055361204,0.1477018108982339,0,0,8.354738706820195,26.654633558532193,WDFY3;ATG5
GO_Biological_Process_2023,Cellular Response To Prostaglandin E Stimulus (GO:0071380),2/6,0.0411570055361204,0.1477018108982339,0,0,8.354738706820195,26.654633558532193,GNG2;GNB1
GO_Biological_Process_2023,Smooth Muscle Contraction (GO:0006939),3/14,0.0411108712302279,0.1477018108982339,0,0,4.559477756286267,14.551494314736988,ROCK1;ROCK2;MYH11
GO_Biological_Process_2023,Regulation Of Sequestering Of Triglyceride (GO:0010889),3/14,0.0411108712302279,0.1477018108982339,0,0,4.559477756286267,14.551494314736988,OSBPL8;PPARG;LCP1
GO_Biological_Process_2023,Regulation Of Extracellular Matrix Disassembly (GO:0010715),3/14,0.0411108712302279,0.1477018108982339,0,0,4.559477756286267,14.551494314736988,LRP1;CLASP1;DDR2
GO_Biological_Process_2023,Regulation Of Establishment Of Protein Localization (GO:0070201),3/14,0.0411108712302279,0.1477018108982339,0,0,4.559477756286267,14.551494314736988,DNAJA1;PTP4A3;SCFD1
GO_Biological_Process_2023,G Protein-Coupled Receptor Internalization (GO:0002031),2/6,0.0411570055361204,0.1477018108982339,0,0,8.354738706820195,26.654633558532193,ARRB1;ARRB2
GO_Biological_Process_2023,Negative Regulation Of Receptor Signaling Pathway Via STAT (GO:1904893),3/14,0.0411108712302279,0.1477018108982339,0,0,4.559477756286267,14.551494314736988,SOCS3;SOCS1;PPARG
GO_Biological_Process_2023,Positive Regulation Of Metabolic Process (GO:0009893),11/108,0.0418313176162613,0.1499786325593506,0,0,1.9006995581737849,6.0330294645424924,DYNC1H1;GJA1;GATM;CAMK1D;UCP2;EBF2;ESRRG;ELOVL6;ADIPOR1;IGF1R;GADD45G
GO_Biological_Process_2023,Cell Junction Assembly (GO:0034329),10/95,0.0420624463654199,0.1506636769336612,0,0,1.9713491105630476,6.246416686645969,DNM3;CDC42;GJC1;NLGN1;CTNND2;CTNND1;PKP4;TLN2;TLN1;RHOA
GO_Biological_Process_2023,Sulfur Compound Biosynthetic Process (GO:0044272),8/70,0.0433561693935729,0.1551499077918437,0,0,2.1609168988596212,6.781619052634694,EXT1;UGDH;CHST11;MAT2A;ANGPT1;UST;MAT1A;PAPSS1
GO_Biological_Process_2023,T Cell Differentiation (GO:0030217),6/46,0.0438299298548211,0.155660402440021,0,0,2.5105333333333335,7.851538263139025,LCK;CHD7;RHOH;GATA3;PIK3R1;ZFP36L1
GO_Biological_Process_2023,Regulation Of Nervous System Development (GO:0051960),6/46,0.0438299298548211,0.155660402440021,0,0,2.5105333333333335,7.851538263139025,DOCK7;LEF1;HMGB2;CTNNB1;HES1;PTN
GO_Biological_Process_2023,Intracellular Protein Transmembrane Transport (GO:0065002),6/46,0.0438299298548211,0.155660402440021,0,0,2.5105333333333335,7.851538263139025,SEC61A1;HSPA5;ROMO1;SEC61B;TOMM20;HSPD1
GO_Biological_Process_2023,Regulation Of Ruffle Assembly (GO:1900027),4/24,0.0437679437449324,0.155660402440021,0,0,3.344986690328305,10.465973673149284,NLGN1;RDX;PFN1;NDEL1
GO_Biological_Process_2023,Positive Regulation Of Transforming Growth Factor Beta Receptor Signaling Pathway (GO:0030511),4/24,0.0437679437449324,0.155660402440021,0,0,3.344986690328305,10.465973673149284,CREBBP;ZEB2;HSP90AB1;HIPK2
GO_Biological_Process_2023,Positive Regulation Of Cellular Response To Transforming Growth Factor Beta Stimulus (GO:1903846),4/24,0.0437679437449324,0.155660402440021,0,0,3.344986690328305,10.465973673149284,CREBBP;ZEB2;HSP90AB1;HIPK2
GO_Biological_Process_2023,Photoperiodism (GO:0009648),4/24,0.0437679437449324,0.155660402440021,0,0,3.344986690328305,10.465973673149284,PPP1CB;PPP1CC;ID2;PPP1CA
GO_Biological_Process_2023,Protein Exit From Endoplasmic Reticulum (GO:0032527),4/24,0.0437679437449324,0.155660402440021,0,0,3.344986690328305,10.465973673149284,ERLEC1;DERL1;SEC61B;HSP90B1
GO_Biological_Process_2023,Selective Autophagy (GO:0061912),7/58,0.0442934775299084,0.157158272632062,0,0,2.297920591724234,7.162429703009816,UFM1;UFC1;WDFY3;PHB2;RAB7A;STK3;ATG5
GO_Biological_Process_2023,Vascular Transport (GO:0010232),9/83,0.0444792085491114,0.1576685234243243,0,0,2.037324757912993,6.341648866663299,ATP8A1;LRP1;KCNJ8;SLCO3A1;ABCC5;SLC2A1;SLC1A3;ABCC9;SLC4A4
GO_Biological_Process_2023,Regulatory ncRNA Processing (GO:0070918),5/35,0.0454619355013392,0.1600958234274691,0,0,2.788484310242747,8.618870065683547,AGO3;AGO4;AGO2;PUM1;PUM2
GO_Biological_Process_2023,Regulation Of mRNA Processing (GO:0050684),5/35,0.0454619355013392,0.1600958234274691,0,0,2.788484310242747,8.618870065683547,RBM39;HNRNPK;SRSF3;QKI;ZFP36L1
GO_Biological_Process_2023,Hexose Biosynthetic Process (GO:0019319),5/35,0.0454619355013392,0.1600958234274691,0,0,2.788484310242747,8.618870065683547,TPI1;MDH1;KRT17;PGK1;SLC25A13
GO_Biological_Process_2023,Regulation Of Cellular Senescence (GO:2000772),5/35,0.0454619355013392,0.1600958234274691,0,0,2.788484310242747,8.618870065683547,MAP3K3;CDK6;AKT3;HMGA2;YBX1
GO_Biological_Process_2023,Dendrite Morphogenesis (GO:0048813),5/35,0.0454619355013392,0.1600958234274691,0,0,2.788484310242747,8.618870065683547,CDC42;KLF7;CTNND2;PTN;PAK3
GO_Biological_Process_2023,Cellular Response To Amino Acid Stimulus (GO:0071230),5/35,0.0454619355013392,0.1600958234274691,0,0,2.788484310242747,8.618870065683547,FYN;LAMTOR2;LAMTOR1;LAMTOR4;CPEB4
GO_Biological_Process_2023,Establishment Of Spindle Orientation (GO:0051294),5/35,0.0454619355013392,0.1600958234274691,0,0,2.788484310242747,8.618870065683547,GJA1;FBXW11;CLASP1;NDEL1;PAFAH1B1
GO_Biological_Process_2023,Positive Regulation Of Epithelial Cell Proliferation (GO:0050679),12/123,0.045736205069115,0.1609110077314702,0,0,1.8122358283216191,5.590502989577244,PPP1R16B;TCF7L2;BMPR2;AKT3;HMGB2;NME2;PRKCA;SOX9;OXSR1;PTN;SRSF6;FGFR2
GO_Biological_Process_2023,Myeloid Leukocyte Differentiation (GO:0002573),8/71,0.046545757488839,0.1636061625378724,0,0,2.126503554820563,6.522665646599883,CDC42;SOCS1;UCP2;MYH9;SNX10;PPARG;GATA3;FOXP1
GO_Biological_Process_2023,Negative Regulation Of Cellular Biosynthetic Process (GO:0031327),13/137,0.0466637081747279,0.1638676063913648,0,0,1.7577831957989498,5.387233800101132,DDX6;BMPR2;DDX3X;IGFBP5;DAPK1;ROCK2;RPL13A;YBX1;SERBP1;RACK1;FYN;IGF2BP2;PAIP2
GO_Biological_Process_2023,Regulation Of JNK Cascade (GO:0046328),11/110,0.0467729319094672,0.1640979448801365,0,0,1.8621031746031744,5.702599024149175,APP;TAOK3;PRMT1;TRAF3;TAOK1;PTK2B;TNIK;PLCB1;IGF1R;GADD45G;HIPK2
GO_Biological_Process_2023,Positive Regulation Of ERK1 And ERK2 Cascade (GO:0070374),16/179,0.0471966640854602,0.165430245690043,0,0,1.6467908333104075,5.028363934850209,APP;PHB1;MAP2K1;ANGPT1;PRKCA;ARRB1;ARRB2;PHB2;RAP1A;ERBB4;PTK2B;SPRY2;ROR1;FERMT2;FGFR2;DDR2
GO_Biological_Process_2023,Protein Monoubiquitination (GO:0006513),6/47,0.0479401327205573,0.1666384835138783,0,0,2.449170731707317,7.440096436581951,UBE2R2;UBE2D3;WAC;STUB1;RBX1;RNF220
GO_Biological_Process_2023,Regulation Of Wound Healing (GO:0061041),6/47,0.0479401327205573,0.1666384835138783,0,0,2.449170731707317,7.440096436581951,ARFGEF1;PRKCE;CASK;SRSF6;CRK;PTK2
GO_Biological_Process_2023,Regulation Of Signal Transduction By P53 Class Mediator (GO:1901796),6/47,0.0479401327205573,0.1666384835138783,0,0,2.449170731707317,7.440096436581951,RPS15;RPL5;RPL11;RPS20;RPL37;HIPK2
GO_Biological_Process_2023,Positive Regulation Of TOR Signaling (GO:0032008),6/47,0.0479401327205573,0.1666384835138783,0,0,2.449170731707317,7.440096436581951,USP9X;WAC;RICTOR;LAMTOR2;LAMTOR1;LAMTOR4
GO_Biological_Process_2023,Chordate Embryonic Development (GO:0043009),7/59,0.0479089282364038,0.1666384835138783,0,0,2.253610046537093,6.847489105222537,MBNL1;FUT8;ALDH1A2;CHD7;GATA3;FGFR2;FGFR1
GO_Biological_Process_2023,Cognition (GO:0050890),6/47,0.0479401327205573,0.1666384835138783,0,0,2.449170731707317,7.440096436581951,C12ORF57;CYFIP1;NIPBL;TUSC3;CHD7;NF1
GO_Biological_Process_2023,Phospholipid Transport (GO:0015914),7/59,0.0479089282364038,0.1666384835138783,0,0,2.253610046537093,6.847489105222537,OSBPL8;PRELID1;ATP8A1;VAPA;PITPNB;PITPNA;ABCG1
GO_Biological_Process_2023,Negative Regulation Of Hydrolase Activity (GO:0051346),6/47,0.0479401327205573,0.1666384835138783,0,0,2.449170731707317,7.440096436581951,ARFGEF1;BCAS3;RDX;ARL2;CHP1;TMED2
GO_Biological_Process_2023,Protein Targeting To Mitochondrion (GO:0006626),7/59,0.0479089282364038,0.1666384835138783,0,0,2.253610046537093,6.847489105222537,TIMM8B;MTCH1;FIS1;HSP90AA1;ROMO1;TOMM20;HSPD1
GO_Biological_Process_2023,Regulation Of Bicellular Tight Junction Assembly (GO:2000810),3/15,0.0492874692526974,0.1689791903914268,0,0,4.179299645390071,12.580048859919051,PRKCH;ROCK1;ROCK2
GO_Biological_Process_2023,Sympathetic Nervous System Development (GO:0048485),3/15,0.0492874692526974,0.1689791903914268,0,0,4.179299645390071,12.580048859919051,NF1;CTNNB1;GATA3
GO_Biological_Process_2023,Retrograde Axonal Transport (GO:0008090),3/15,0.0492874692526974,0.1689791903914268,0,0,4.179299645390071,12.580048859919051,DYNC1H1;FBXW11;PAFAH1B1
GO_Biological_Process_2023,Regulation Of Monocyte Differentiation (GO:0045655),3/15,0.0492874692526974,0.1689791903914268,0,0,4.179299645390071,12.580048859919051,CDK6;FOXP1;ZFP36L1
GO_Biological_Process_2023,Regulation Of miRNA-mediated Gene Silencing (GO:0060964),3/15,0.0492874692526974,0.1689791903914268,0,0,4.179299645390071,12.580048859919051,PPARG;PUM1;PUM2
GO_Biological_Process_2023,Regulation Of Rac Protein Signal Transduction (GO:0035020),3/15,0.0492874692526974,0.1689791903914268,0,0,4.179299645390071,12.580048859919051,PIK3CB;GABARAP;ARF6
GO_Biological_Process_2023,"Positive Regulation Of DNA Damage Response, Signal Transduction By P53 Class Mediator (GO:0043517)",3/15,0.0492874692526974,0.1689791903914268,0,0,4.179299645390071,12.580048859919051,DDX5;ZNHIT1;RPL26
GO_Biological_Process_2023,Protein Localization To Microtubule Organizing Center (GO:1905508),3/15,0.0492874692526974,0.1689791903914268,0,0,4.179299645390071,12.580048859919051,CSNK1D;SNX10;HOOK3
GO_Biological_Process_2023,Nucleotide-Sugar Biosynthetic Process (GO:0009226),3/15,0.0492874692526974,0.1689791903914268,0,0,4.179299645390071,12.580048859919051,UGDH;GFPT2;GFPT1
GO_Biological_Process_2023,Negative Regulation Of Focal Adhesion Assembly (GO:0051895),3/15,0.0492874692526974,0.1689791903914268,0,0,4.179299645390071,12.580048859919051,BCAS3;DYNLL1;CORO1C
GO_Biological_Process_2023,Negative Regulation Of Cell-Substrate Junction Organization (GO:0150118),3/15,0.0492874692526974,0.1689791903914268,0,0,4.179299645390071,12.580048859919051,BCAS3;DYNLL1;CORO1C
GO_Biological_Process_2023,Negative Regulation Of Cation Transmembrane Transport (GO:1904063),3/15,0.0492874692526974,0.1689791903914268,0,0,4.179299645390071,12.580048859919051,CAB39;STK39;NEDD4L
GO_Biological_Process_2023,Melanosome Transport (GO:0032402),3/15,0.0492874692526974,0.1689791903914268,0,0,4.179299645390071,12.580048859919051,MYO5A;RAB27A;RAB11A
GO_Biological_Process_2023,Astrocyte Development (GO:0014002),3/15,0.0492874692526974,0.1689791903914268,0,0,4.179299645390071,12.580048859919051,APP;CDK6;NF1
GO_Biological_Process_2023,Pigment Granule Transport (GO:0051904),3/15,0.0492874692526974,0.1689791903914268,0,0,4.179299645390071,12.580048859919051,MYO5A;RAB27A;RAB11A
GO_Biological_Process_2023,T Cell Activation (GO:0042110),11/111,0.0493868540202969,0.1690117906918442,0,0,1.8433839285714289,5.545029743212222,PPP3CA;LCK;CHD7;NCK2;MSN;RHOH;GATA3;PIK3R1;LCP1;DDOST;HSPD1
GO_Biological_Process_2023,Mitotic Sister Chromatid Segregation (GO:0000070),11/111,0.0493868540202969,0.1690117906918442,0,0,1.8433839285714289,5.545029743212222,STAG1;STAG2;CUL3;CHMP1B;ZNF207;CHMP2A;FLNA;RHOA;CLASP1;RAB11A;RAN
GO_Biological_Process_2023,Regulation Of Chondrocyte Differentiation (GO:0032330),4/25,0.0498550572693728,0.1691765476652557,0,0,3.1855325981324207,9.55225061905763,ZBTB16;SOX9;SOX6;SOX5
GO_Biological_Process_2023,Negative Regulation Of Catabolic Process (GO:0009895),8/72,0.0498848155705314,0.1691765476652557,0,0,2.093165627782725,6.275391389555085,SNX3;RPL5;PHB1;RPS7;RPL11;FLNA;AZIN1;HIPK2
GO_Biological_Process_2023,Cellular Response To Hypoxia (GO:0071456),8/72,0.0498848155705314,0.1691765476652557,0,0,2.093165627782725,6.275391389555085,BNIP3L;LMNA;PGK1;PPARG;STUB1;AQP3;ZFP36L1;HIPK2
GO_Biological_Process_2023,"Wound Healing, Spreading Of Cells (GO:0044319)",4/25,0.0498550572693728,0.1691765476652557,0,0,3.1855325981324207,9.55225061905763,FLNA;LCP1;RHOC;RHOA
GO_Biological_Process_2023,Plasma Membrane Organization (GO:0007009),8/72,0.0498848155705314,0.1691765476652557,0,0,2.093165627782725,6.275391389555085,UGCG;SERP1;CHMP1B;FLOT1;CHMP2A;MYH9;SPTBN1;ARL8B
GO_Biological_Process_2023,Regulation Of Actin Cytoskeleton Reorganization (GO:2000249),4/25,0.0498550572693728,0.1691765476652557,0,0,3.1855325981324207,9.55225061905763,BCAS3;ARHGDIA;PTK2B;BAIAP2
GO_Biological_Process_2023,Lamellipodium Assembly (GO:0030032),4/25,0.0498550572693728,0.1691765476652557,0,0,3.1855325981324207,9.55225061905763,CYFIP1;ABLIM3;RAC1;VCL
GO_Biological_Process_2023,Inner Ear Morphogenesis (GO:0042472),4/25,0.0498550572693728,0.1691765476652557,0,0,3.1855325981324207,9.55225061905763,CHD7;MYO6;SOX9;FGFR2
GO_Biological_Process_2023,ATP Biosynthetic Process (GO:0006754),4/25,0.0498550572693728,0.1691765476652557,0,0,3.1855325981324207,9.55225061905763,ATP5F1A;ATP5F1B;ATP5MC3;SLC25A13
GO_Biological_Process_2023,Negative Regulation Of Protein Transport (GO:0051224),4/25,0.0498550572693728,0.1691765476652557,0,0,3.1855325981324207,9.55225061905763,SNX3;NDFIP1;CSK;WWP2
GO_Biological_Process_2023,Positive Regulation Of Cold-Induced Thermogenesis (GO:0120162),10/98,0.0502386945047607,0.1702065900464341,0,0,1.9038399156597192,5.694327581989278,DYNC1H1;GJA1;GATM;UCP2;EBF2;ESRRG;ELOVL6;ADIPOR1;IGF1R;GADD45G
GO_Biological_Process_2023,"DNA Damage Response, Signal Transduction By P53 Class Mediator (GO:0030330)",5/36,0.05043451043195,0.1702065900464341,0,0,2.698389961611184,8.060305627231564,MYO6;RPS27L;RPL26;BATF;HIPK2
GO_Biological_Process_2023,Histone Deacetylation (GO:0016575),5/36,0.05043451043195,0.1702065900464341,0,0,2.698389961611184,8.060305627231564,MORF4L1;TBL1XR1;MORF4L2;MBD2;GATAD2B
GO_Biological_Process_2023,Protein Destabilization (GO:0031648),5/36,0.05043451043195,0.1702065900464341,0,0,2.698389961611184,8.060305627231564,DAZAP2;CREBBP;FBXW11;CUL3;DERL1
GO_Biological_Process_2023,Nuclear-Transcribed mRNA Catabolic Process (GO:0000956),9/85,0.0505053322232971,0.1702065900464341,0,0,1.983499859273853,5.922088639291834,DDX5;CNOT6L;CSDE1;XRN2;SAMD4A;POLR2G;EIF3E;GSPT1;ZFP36L1
GO_Biological_Process_2023,Regulation Of Kinase Activity (GO:0043549),9/85,0.0505053322232971,0.1702065900464341,0,0,1.983499859273853,5.922088639291834,CCNY;ERBB4;HNRNPU;ROR1;LDB2;FGFR2;IGF1R;DDR2;FGFR1
GO_Biological_Process_2023,Transport Across Blood-Brain Barrier (GO:0150104),9/85,0.0505053322232971,0.1702065900464341,0,0,1.983499859273853,5.922088639291834,ATP8A1;LRP1;KCNJ8;SLCO3A1;ABCC5;SLC2A1;SLC1A3;ABCC9;SLC4A4
GO_Biological_Process_2023,Response To Cytokine (GO:0034097),12/125,0.0506495349184184,0.1703872100430875,0,0,1.7799710550665495,5.309342572775652,APP;PID1;ALDH1A2;LEF1;TIMP2;TIMP3;PRKCA;DDOST;RHOA;MAP4K3;TLE5;BCL2L1
GO_Biological_Process_2023,Negative Regulation Of Cell Growth (GO:0030308),12/125,0.0506495349184184,0.1703872100430875,0,0,1.7799710550665495,5.309342572775652,PHB1;GJA1;SFRP2;SMAD3;BMPR2;BTG1;DDX3X;CCDC85B;RACK1;DIP2B;SLIT2;SMARCA2
GO_Biological_Process_2023,Histone Acetylation (GO:0016573),7/60,0.0517068159050047,0.1737885027870624,0,0,2.210971597394749,6.5492641641882,MORF4L1;SF3B5;ENY2;CREBBP;TMEM98;MORF4L2;USP22
GO_Biological_Process_2023,Post-Translational Protein Modification (GO:0043687),6/48,0.0522803142867475,0.1755591625289797,0,0,2.390730158730159,7.055368352206505,RPS6KA5;PRKCB;PRKCA;PARP8;RBX1;UBE2M
GO_Biological_Process_2023,Exocytosis (GO:0006887),9/86,0.0537101057366507,0.1800389551475431,0,0,1.95763594694076,5.724429193099043,ARFGEF1;RAB10;TMEM167A;DNAJC5;EXOC4;EXOC6B;MYH9;RAB27A;RAB11A
GO_Biological_Process_2023,Regulation Of Mitotic Cell Cycle Phase Transition (GO:1901990),9/86,0.0537101057366507,0.1800389551475431,0,0,1.95763594694076,5.724429193099043,PBRM1;SMARCC1;CDK6;CCNH;CUL3;ID2;ARID1A;SMARCA2;ZFP36L1
GO_Biological_Process_2023,Positive Regulation Of Extracellular Matrix Disassembly (GO:0090091),2/7,0.0554937752642052,0.1804798616587049,0,0,6.683436669619132,19.325053015103087,CLASP1;DDR2
GO_Biological_Process_2023,Regulation Of Nitric Oxide Metabolic Process (GO:0080164),2/7,0.0554937752642052,0.1804798616587049,0,0,6.683436669619132,19.325053015103087,NOS1AP;RAC1
GO_Biological_Process_2023,"Post-Translational Protein Targeting To Membrane, Translocation (GO:0031204)",2/7,0.0554937752642052,0.1804798616587049,0,0,6.683436669619132,19.325053015103087,SEC61A1;SEC61B
GO_Biological_Process_2023,Protein Retention In ER Lumen (GO:0006621),2/7,0.0554937752642052,0.1804798616587049,0,0,6.683436669619132,19.325053015103087,KDELR1;KDELR2
GO_Biological_Process_2023,Regulation Of Extent Of Cell Growth (GO:0061387),2/7,0.0554937752642052,0.1804798616587049,0,0,6.683436669619132,19.325053015103087,GSK3B;DNM2
GO_Biological_Process_2023,Regulation Of Lipase Activity (GO:0060191),2/7,0.0554937752642052,0.1804798616587049,0,0,6.683436669619132,19.325053015103087,RHOC;RHOA
GO_Biological_Process_2023,Regulation Of Mitophagy (GO:1901524),2/7,0.0554937752642052,0.1804798616587049,0,0,6.683436669619132,19.325053015103087,SLC25A5;SLC25A4
GO_Biological_Process_2023,Regulation Of Protein Localization To Cilium (GO:1903564),2/7,0.0554937752642052,0.1804798616587049,0,0,6.683436669619132,19.325053015103087,GSK3B;GDI2
GO_Biological_Process_2023,Regulation Of p38MAPK Cascade (GO:1900744),5/37,0.0557131399589886,0.1804798616587049,0,0,2.6139265097690942,7.547815403935064,DUSP1;PRMT1;STK39;EZR;GADD45G
GO_Biological_Process_2023,Regulation Of Stem Cell Division (GO:2000035),2/7,0.0554937752642052,0.1804798616587049,0,0,6.683436669619132,19.325053015103087,SFRP2;MLLT3
GO_Biological_Process_2023,Positive Regulation Of Organelle Assembly (GO:1902117),7/61,0.055688821159717,0.1804798616587049,0,0,2.1699123500724924,6.266654462548485,SH3GLB1;GSK3B;DYNC1H1;CNOT6L;RALB;PIP4K2A;LCP1
GO_Biological_Process_2023,Negative Regulation Of Endothelial Cell Proliferation (GO:0001937),5/37,0.0557131399589886,0.1804798616587049,0,0,2.6139265097690942,7.547815403935064,ATP5F1A;NF1;PTPRM;PPARG;NR2F2
GO_Biological_Process_2023,Negative Regulation Of Smooth Muscle Cell Proliferation (GO:0048662),5/37,0.0557131399589886,0.1804798616587049,0,0,2.6139265097690942,7.547815403935064,CNN1;BMPR2;IGFBP5;PDCD4;PPARG
GO_Biological_Process_2023,Positive Regulation Of Exocytosis (GO:0045921),5/37,0.0557131399589886,0.1804798616587049,0,0,2.6139265097690942,7.547815403935064,CHMP2A;RAB27A;STXBP5;CLASP1;RAB7A
GO_Biological_Process_2023,Positive Regulation Of Signaling (GO:0023056),5/37,0.0557131399589886,0.1804798616587049,0,0,2.6139265097690942,7.547815403935064,ANXA2;HOMER1;ILK;GATA3;WLS
GO_Biological_Process_2023,Regulation Of Sodium Ion Transmembrane Transporter Activity (GO:2000649),5/37,0.0557131399589886,0.1804798616587049,0,0,2.6139265097690942,7.547815403935064,PRKCE;STK39;NEDD4L;OXSR1;YWHAH
GO_Biological_Process_2023,Positive Regulation Of Astrocyte Differentiation (GO:0048711),2/7,0.0554937752642052,0.1804798616587049,0,0,6.683436669619132,19.325053015103087,ID2;HES1
GO_Biological_Process_2023,Regulation Of Response To Wounding (GO:1903034),2/7,0.0554937752642052,0.1804798616587049,0,0,6.683436669619132,19.325053015103087,STK24;SRSF6
GO_Biological_Process_2023,Plasma Membrane To Endosome Transport (GO:0048227),2/7,0.0554937752642052,0.1804798616587049,0,0,6.683436669619132,19.325053015103087,RAB5C;RAB11A
GO_Biological_Process_2023,Regulation Of Myeloid Leukocyte Differentiation (GO:0002761),2/7,0.0554937752642052,0.1804798616587049,0,0,6.683436669619132,19.325053015103087,UBASH3B;FOXP1
GO_Biological_Process_2023,"Neurotransmitter Receptor Transport, Endosome To Plasma Membrane (GO:0099639)",2/7,0.0554937752642052,0.1804798616587049,0,0,6.683436669619132,19.325053015103087,VPS35;RAB11A
GO_Biological_Process_2023,Peroxisome Proliferator Activated Receptor Signaling Pathway (GO:0035357),2/7,0.0554937752642052,0.1804798616587049,0,0,6.683436669619132,19.325053015103087,RXRA;PPARG
GO_Biological_Process_2023,T-helper 17 Cell Lineage Commitment (GO:0072540),2/7,0.0554937752642052,0.1804798616587049,0,0,6.683436669619132,19.325053015103087,SOCS3;STAT3
GO_Biological_Process_2023,Atrial Cardiac Muscle Cell To AV Node Cell Signaling (GO:0086026),2/7,0.0554937752642052,0.1804798616587049,0,0,6.683436669619132,19.325053015103087,GJC1;GJA1
GO_Biological_Process_2023,Cellular Response To Leptin Stimulus (GO:0044320),2/7,0.0554937752642052,0.1804798616587049,0,0,6.683436669619132,19.325053015103087,UGCG;STAT3
GO_Biological_Process_2023,Establishment Of Golgi Localization (GO:0051683),2/7,0.0554937752642052,0.1804798616587049,0,0,6.683436669619132,19.325053015103087,CDC42;YWHAZ
GO_Biological_Process_2023,Lymphatic Endothelial Cell Differentiation (GO:0060836),2/7,0.0554937752642052,0.1804798616587049,0,0,6.683436669619132,19.325053015103087,BMPR2;NR2F2
GO_Biological_Process_2023,Mammary Gland Epithelial Cell Differentiation (GO:0060644),2/7,0.0554937752642052,0.1804798616587049,0,0,6.683436669619132,19.325053015103087,ERBB4;ID2
GO_Biological_Process_2023,Methionine Metabolic Process (GO:0006555),2/7,0.0554937752642052,0.1804798616587049,0,0,6.683436669619132,19.325053015103087,SMS;MAT1A
GO_Biological_Process_2023,ADP Transport (GO:0015866),2/7,0.0554937752642052,0.1804798616587049,0,0,6.683436669619132,19.325053015103087,SLC25A5;SLC25A4
GO_Biological_Process_2023,Mitral Valve Development (GO:0003174),2/7,0.0554937752642052,0.1804798616587049,0,0,6.683436669619132,19.325053015103087,BMPR2;BMPR1A
GO_Biological_Process_2023,Positive Regulation Of Cellular Component Organization (GO:0051130),11/113,0.0549069107062895,0.1804798616587049,0,0,1.807046568627451,5.244258868549286,SH3GLB1;GSK3B;ANXA2;LRP1;FAF1;FLOT1;RACK1;BRK1;ASAP1;RHOC;IGF1R
GO_Biological_Process_2023,Negative Regulation Of SMAD Protein Signal Transduction (GO:0060392),2/7,0.0554937752642052,0.1804798616587049,0,0,6.683436669619132,19.325053015103087,LRP1;PPARG
GO_Biological_Process_2023,Negative Regulation Of cAMP-dependent Protein Kinase Activity (GO:2000480),2/7,0.0554937752642052,0.1804798616587049,0,0,6.683436669619132,19.325053015103087,PRKAR1A;PRKAR2B
GO_Biological_Process_2023,Negative Regulation Of Glial Cell Apoptotic Process (GO:0034351),2/7,0.0554937752642052,0.1804798616587049,0,0,6.683436669619132,19.325053015103087,PRKCH;PRKCA
GO_Biological_Process_2023,Negative Regulation Of Intracellular Transport (GO:0032387),2/7,0.0554937752642052,0.1804798616587049,0,0,6.683436669619132,19.325053015103087,PLN;CRYAB
GO_Biological_Process_2023,Negative Regulation Of Lipid Kinase Activity (GO:0090219),2/7,0.0554937752642052,0.1804798616587049,0,0,6.683436669619132,19.325053015103087,PIP4K2A;PPP2R5A
GO_Biological_Process_2023,Negative Regulation Of Protein K63-linked Ubiquitination (GO:1900045),2/7,0.0554937752642052,0.1804798616587049,0,0,6.683436669619132,19.325053015103087,UBR5;TRIP12
GO_Biological_Process_2023,Mitochondrial Outer Membrane Permeabilization (GO:0097345),2/7,0.0554937752642052,0.1804798616587049,0,0,6.683436669619132,19.325053015103087,BNIP3L;VDAC2
GO_Biological_Process_2023,Brain Development (GO:0007420),15/169,0.0561251438516668,0.1816580602634414,0,0,1.6334136293813712,4.704511170490447,FBXW11;PBX3;UBE3A;MEIS2;PBX1;NIPBL;UFM1;UGP2;NF1;UFC1;RAB18;FLNB;CNTN4;SOX6;PAFAH1B1
GO_Biological_Process_2023,Telomere Maintenance Via Telomere Lengthening (GO:0010833),4/26,0.0563819627694134,0.1817074224299605,0,0,3.0405743324997982,8.74349373524125,HSP90AA1;HSP90AB1;PTGES3;NOP10
GO_Biological_Process_2023,Positive Regulation Of Microtubule Polymerization Or Depolymerization (GO:0031112),4/26,0.0563819627694134,0.1817074224299605,0,0,3.0405743324997982,8.74349373524125,PAK1;ARL2;RAC1;CLASP1
GO_Biological_Process_2023,Regulation Of Nucleotide-Excision Repair (GO:2000819),4/26,0.0563819627694134,0.1817074224299605,0,0,3.0405743324997982,8.74349373524125,PBRM1;SMARCC1;ARID1A;SMARCA2
GO_Biological_Process_2023,Negative Regulation Of Insulin Receptor Signaling Pathway (GO:0046627),4/26,0.0563819627694134,0.1817074224299605,0,0,3.0405743324997982,8.74349373524125,PID1;SOCS1;PRKCB;PIP4K2A
GO_Biological_Process_2023,Positive Regulation Of Erythrocyte Differentiation (GO:0045648),4/26,0.0563819627694134,0.1817074224299605,0,0,3.0405743324997982,8.74349373524125,STAT5B;PRMT1;STAT3;HMGB2
GO_Biological_Process_2023,Erythrocyte Differentiation (GO:0030218),6/49,0.0568519903038252,0.1829087558021271,0,0,2.3350077519379844,6.695177183111221,HSPA9;LYN;RPS14;ID2;SLC25A5;HIPK2
GO_Biological_Process_2023,Positive Regulation Of miRNA Metabolic Process (GO:2000630),6/49,0.0568519903038252,0.1829087558021271,0,0,2.3350077519379844,6.695177183111221,JUN;SMAD3;STAT3;PPARG;GATA3;GATA2
GO_Biological_Process_2023,Gland Development (GO:0048732),8/74,0.0570178757615737,0.1830583020132513,0,0,2.029520494346852,5.813339123021415,ZBTB1;NF1;TCF21;MSN;HES1;SOX9;EZR;FGFR2
GO_Biological_Process_2023,Regulation Of Cell Cycle G1/S Phase Transition (GO:1902806),8/74,0.0570178757615737,0.1830583020132513,0,0,2.029520494346852,5.813339123021415,PBRM1;SMARCC1;CCNH;ID2;ARID1A;PHB2;SMARCA2;EZH2
GO_Biological_Process_2023,Glucose Homeostasis (GO:0042593),9/87,0.0570444908161474,0.1830583020132513,0,0,1.9324352118469763,5.5343471468109655,TCF7L2;KLF7;RPS6;STAT3;PPARG;SELENOT;PIK3R1;ADIPOR1;MCU
GO_Biological_Process_2023,Positive Regulation Of Smooth Muscle Cell Migration (GO:0014911),3/16,0.0581895011194682,0.1842177724834342,0,0,3.857610474631751,10.971238357482935,DOCK4;IGFBP5;DOCK7
GO_Biological_Process_2023,Ruffle Organization (GO:0031529),3/16,0.0581895011194682,0.1842177724834342,0,0,3.857610474631751,10.971238357482935,CYFIP1;RAC1;ARF6
GO_Biological_Process_2023,Regulation Of Establishment Of Endothelial Barrier (GO:1903140),3/16,0.0581895011194682,0.1842177724834342,0,0,3.857610474631751,10.971238357482935,ROCK1;ROCK2;VCL
GO_Biological_Process_2023,Regulation Of Cardiac Muscle Contraction By Regulation Of The Release Of Sequestered Calcium Ion (GO:0010881),3/16,0.0581895011194682,0.1842177724834342,0,0,3.857610474631751,10.971238357482935,CALM3;CALM1;CALM2
GO_Biological_Process_2023,Regulation Of NMDA Receptor Activity (GO:2000310),3/16,0.0581895011194682,0.1842177724834342,0,0,3.857610474631751,10.971238357482935,NLGN1;DAPK1;PTK2B
GO_Biological_Process_2023,Protein Kinase A Signaling (GO:0010737),3/16,0.0581895011194682,0.1842177724834342,0,0,3.857610474631751,10.971238357482935,RDX;LCP1;EZR
GO_Biological_Process_2023,Positive Regulation Of Telomere Capping (GO:1904355),3/16,0.0581895011194682,0.1842177724834342,0,0,3.857610474631751,10.971238357482935,NEK7;HNRNPD;MAPK1
GO_Biological_Process_2023,Positive Regulation Of Autophagosome Assembly (GO:2000786),3/16,0.0581895011194682,0.1842177724834342,0,0,3.857610474631751,10.971238357482935,SH3GLB1;RALB;PIP4K2A
GO_Biological_Process_2023,"Alternative mRNA Splicing, Via Spliceosome (GO:0000380)",3/16,0.0581895011194682,0.1842177724834342,0,0,3.857610474631751,10.971238357482935,HNRNPM;DDX5;SRSF6
GO_Biological_Process_2023,Neuron Projection Organization (GO:0106027),3/16,0.0581895011194682,0.1842177724834342,0,0,3.857610474631751,10.971238357482935,APP;GSK3B;ARF1
GO_Biological_Process_2023,Negative Regulation Of Inflammatory Response To Antigenic Stimulus (GO:0002862),3/16,0.0581895011194682,0.1842177724834342,0,0,3.857610474631751,10.971238357482935,LYN;YES1;FYN
GO_Biological_Process_2023,Late Endosome To Lysosome Transport (GO:1902774),3/16,0.0581895011194682,0.1842177724834342,0,0,3.857610474631751,10.971238357482935,CHMP1B;CHMP2A;C9ORF72
GO_Biological_Process_2023,Establishment Of Melanosome Localization (GO:0032401),3/16,0.0581895011194682,0.1842177724834342,0,0,3.857610474631751,10.971238357482935,MYO5A;RAB27A;RAB11A
GO_Biological_Process_2023,Cell Surface Receptor Signaling Pathway Involved In Heart Development (GO:0061311),3/16,0.0581895011194682,0.1842177724834342,0,0,3.857610474631751,10.971238357482935,JAG1;RBPJ;BMPR1A
GO_Biological_Process_2023,DNA Repair-Dependent Chromatin Remodeling (GO:0140861),3/16,0.0581895011194682,0.1842177724834342,0,0,3.857610474631751,10.971238357482935,USP3;UBR5;TRIP12
GO_Biological_Process_2023,Positive Regulation By Host Of Viral Transcription (GO:0043923),3/16,0.0581895011194682,0.1842177724834342,0,0,3.857610474631751,10.971238357482935,JUN;LEF1;CHD1
GO_Biological_Process_2023,RNA Methylation (GO:0001510),7/62,0.059856266310835,0.1890171432368181,0,0,2.1303461662892267,5.998648232379174,FBL;SNRPD2;WTAP;SNRPD1;SNRPE;SNRPF;SNRPB
GO_Biological_Process_2023,Cell Junction Organization (GO:0034330),7/62,0.059856266310835,0.1890171432368181,0,0,2.1303461662892267,5.998648232379174,CDC42;APP;SMAD3;CTNND2;PAK3;RHOA;RAB8B
GO_Biological_Process_2023,Regulation Of Embryonic Development (GO:0045995),7/62,0.059856266310835,0.1890171432368181,0,0,2.1303461662892267,5.998648232379174,NIPBL;CFL1;TRIP12;PLCB1;CLASP1;SEPTIN7;B4GALT5
GO_Biological_Process_2023,Regulation Of Plasma Membrane Bounded Cell Projection Assembly (GO:0120032),8/75,0.0608145568375137,0.191882171364001,0,0,1.9991228186759875,5.597396151113451,PPP1R16B;CDC42;ATG3;RABGAP1;RDX;RAC1;ARF6;ATG5
GO_Biological_Process_2023,Response To Peptide (GO:1901652),5/38,0.061297777400241,0.1925989480386854,0,0,2.5345820550083427,7.076582738106495,STAT5B;MMP2;STAT3;FYN;GNAI1
GO_Biological_Process_2023,Response To cAMP (GO:0051591),5/38,0.061297777400241,0.1925989480386854,0,0,2.5345820550083427,7.076582738106495,RAP1B;RAP1A;IGFBP5;EZR;ZFP36L1
GO_Biological_Process_2023,G2/M Transition Of Mitotic Cell Cycle (GO:0000086),5/38,0.061297777400241,0.1925989480386854,0,0,2.5345820550083427,7.076582738106495,CCNY;PLCB1;CDK14;FBXL7;DNM2
GO_Biological_Process_2023,Maturation Of SSU-rRNA (GO:0030490),5/38,0.061297777400241,0.1925989480386854,0,0,2.5345820550083427,7.076582738106495,RPS14;RPS28;RPS16;RPS8;SNU13
GO_Biological_Process_2023,Regulation Of Intracellular Transport (GO:0032386),5/38,0.061297777400241,0.1925989480386854,0,0,2.5345820550083427,7.076582738106495,DYNC1H1;SCFD1;LCP1;CRYAB;NDEL1
GO_Biological_Process_2023,Cell Chemotaxis (GO:0060326),6/50,0.0616560933020587,0.1935630775534582,0,0,2.2818181818181817,6.357563522973717,DOCK4;LEF1;HMGB2;RHOG;LPAR1;ARRB2
GO_Biological_Process_2023,Negative Regulation Of Neurogenesis (GO:0050768),4/27,0.0633439002869139,0.1964026454897637,0,0,2.908221133443926,8.024295881577736,NF1;PTN;HOOK3;YWHAH
GO_Biological_Process_2023,Ventricular Septum Morphogenesis (GO:0060412),4/27,0.0633439002869139,0.1964026454897637,0,0,2.908221133443926,8.024295881577736,BMPR2;HES1;SLIT2;BMPR1A
GO_Biological_Process_2023,Regulation Of Microtubule Polymerization Or Depolymerization (GO:0031110),4/27,0.0633439002869139,0.1964026454897637,0,0,2.908221133443926,8.024295881577736,STMN1;ARL2;MAPRE2;CLASP1
GO_Biological_Process_2023,Regulation Of Androgen Receptor Signaling Pathway (GO:0060765),4/27,0.0633439002869139,0.1964026454897637,0,0,2.908221133443926,8.024295881577736,DDX5;PHB1;TCF21;FOXP1
GO_Biological_Process_2023,Positive Regulation Of Response To Wounding (GO:1903036),4/27,0.0633439002869139,0.1964026454897637,0,0,2.908221133443926,8.024295881577736,ARFGEF1;PRKCE;PTN;PTK2
GO_Biological_Process_2023,Positive Regulation Of Calcium Ion Transmembrane Transporter Activity (GO:1901021),4/27,0.0633439002869139,0.1964026454897637,0,0,2.908221133443926,8.024295881577736,PPP3CA;CALM3;CALM1;CALM2
GO_Biological_Process_2023,Negative Regulation Of Cellular Response To Insulin Stimulus (GO:1900077),4/27,0.0633439002869139,0.1964026454897637,0,0,2.908221133443926,8.024295881577736,PID1;SOCS1;PRKCB;PIP4K2A
GO_Biological_Process_2023,Microtubule Polymerization Or Depolymerization (GO:0031109),4/27,0.0633439002869139,0.1964026454897637,0,0,2.908221133443926,8.024295881577736,TPPP3;STMN1;ZNF207;HDGFL3
GO_Biological_Process_2023,Monoubiquitinated Histone Deubiquitination (GO:0035521),4/27,0.0633439002869139,0.1964026454897637,0,0,2.908221133443926,8.024295881577736,SF3B5;ENY2;TMEM98;USP22
GO_Biological_Process_2023,Monoubiquitinated Histone H2A Deubiquitination (GO:0035522),4/27,0.0633439002869139,0.1964026454897637,0,0,2.908221133443926,8.024295881577736,SF3B5;ENY2;TMEM98;USP22
GO_Biological_Process_2023,In Utero Embryonic Development (GO:0001701),4/27,0.0633439002869139,0.1964026454897637,0,0,2.908221133443926,8.024295881577736,FUT8;MBNL1;CHD7;FGFR2
GO_Biological_Process_2023,Chaperone Cofactor-Dependent Protein Refolding (GO:0051085),4/27,0.0633439002869139,0.1964026454897637,0,0,2.908221133443926,8.024295881577736,HSPA9;HSPA8;HSPA5;PTGES3
GO_Biological_Process_2023,Cellular Response To Epidermal Growth Factor Stimulus (GO:0071364),4/27,0.0633439002869139,0.1964026454897637,0,0,2.908221133443926,8.024295881577736,STAT5B;IQGAP1;SOX9;ZFP36L1
GO_Biological_Process_2023,Cellular Response To Acid Chemical (GO:0071229),4/27,0.0633439002869139,0.1964026454897637,0,0,2.908221133443926,8.024295881577736,LAMTOR2;LAMTOR1;LAMTOR4;CPEB4
GO_Biological_Process_2023,Myeloid Cell Development (GO:0061515),4/27,0.0633439002869139,0.1964026454897637,0,0,2.908221133443926,8.024295881577736,APP;ANXA2;FLNA;FOXP1
GO_Biological_Process_2023,G1/S Transition Of Mitotic Cell Cycle (GO:0000082),7/63,0.0642101133643455,0.1987606883648588,0,0,2.0921930604982206,5.744313867910064,CDK17;CDK6;CUL3;E2F3;EIF4E;CDK14;GSPT1
GO_Biological_Process_2023,Protein Polymerization (GO:0051258),7/63,0.0642101133643455,0.1987606883648588,0,0,2.0921930604982206,5.744313867910064,TPPP3;ZNF207;CHMP2A;RAC1;UBE2K;HDGFL3;GAS7
GO_Biological_Process_2023,Positive Regulation Of Amyloid-Beta Formation (GO:1902004),3/17,0.0677889955531932,0.2057743440480708,0,0,3.5818768996960486,9.640103752910075,ROCK2;ABCG1;PICALM
GO_Biological_Process_2023,Positive Regulation Of Cell Cycle Phase Transition (GO:1901989),3/17,0.0677889955531932,0.2057743440480708,0,0,3.5818768996960486,9.640103752910075,CUL3;PHB2;EZH2
GO_Biological_Process_2023,Positive Regulation Of Glial Cell Differentiation (GO:0045687),3/17,0.0677889955531932,0.2057743440480708,0,0,3.5818768996960486,9.640103752910075,ID2;HES1;PTN
GO_Biological_Process_2023,Positive Regulation Of Leukocyte Proliferation (GO:0070665),3/17,0.0677889955531932,0.2057743440480708,0,0,3.5818768996960486,9.640103752910075,LYN;MAPK1;PTK2
GO_Biological_Process_2023,Regulation Of Protein Sumoylation (GO:0033233),3/17,0.0677889955531932,0.2057743440480708,0,0,3.5818768996960486,9.640103752910075,ZMIZ1;CTNNB1;PIAS1
GO_Biological_Process_2023,Regulation Of Adenylate Cyclase Activity (GO:0045761),3/17,0.0677889955531932,0.2057743440480708,0,0,3.5818768996960486,9.640103752910075,GNAI3;NF1;GNAI2
GO_Biological_Process_2023,Regulation Of Inflammatory Response To Antigenic Stimulus (GO:0002861),3/17,0.0677889955531932,0.2057743440480708,0,0,3.5818768996960486,9.640103752910075,LYN;YES1;FYN
GO_Biological_Process_2023,Positive Regulation By Host Of Viral Process (GO:0044794),3/17,0.0677889955531932,0.2057743440480708,0,0,3.5818768996960486,9.640103752910075,KRT17;VAPA;CFL1
GO_Biological_Process_2023,Regulation Of Receptor Signaling Pathway Via STAT (GO:1904892),3/17,0.0677889955531932,0.2057743440480708,0,0,3.5818768996960486,9.640103752910075,MGAT5;HES1;PPARG
GO_Biological_Process_2023,Positive Regulation Of Lymphocyte Chemotaxis (GO:0140131),3/17,0.0677889955531932,0.2057743440480708,0,0,3.5818768996960486,9.640103752910075,STK39;PTK2B;OXSR1
GO_Biological_Process_2023,Polyol Metabolic Process (GO:0019751),3/17,0.0677889955531932,0.2057743440480708,0,0,3.5818768996960486,9.640103752910075,INPP4A;INPP5A;PPIP5K2
GO_Biological_Process_2023,Protein Localization To Centrosome (GO:0071539),3/17,0.0677889955531932,0.2057743440480708,0,0,3.5818768996960486,9.640103752910075,CSNK1D;SNX10;HOOK3
GO_Biological_Process_2023,Negative Regulation Of Ubiquitin-Protein Transferase Activity (GO:0051444),3/17,0.0677889955531932,0.2057743440480708,0,0,3.5818768996960486,9.640103752910075,RPL5;RPS7;RPL11
GO_Biological_Process_2023,Intracellular Estrogen Receptor Signaling Pathway (GO:0030520),3/17,0.0677889955531932,0.2057743440480708,0,0,3.5818768996960486,9.640103752910075,DDX5;RBFOX2;ARID1A
GO_Biological_Process_2023,Hippo Signaling (GO:0035329),3/17,0.0677889955531932,0.2057743440480708,0,0,3.5818768996960486,9.640103752910075,MOB1A;STK4;STK3
GO_Biological_Process_2023,Cellular Response To Glucocorticoid Stimulus (GO:0071385),3/17,0.0677889955531932,0.2057743440480708,0,0,3.5818768996960486,9.640103752910075,KLF9;HNRNPU;ZFP36L1
GO_Biological_Process_2023,G Protein-Coupled Acetylcholine Receptor Signaling Pathway (GO:0007213),3/17,0.0677889955531932,0.2057743440480708,0,0,3.5818768996960486,9.640103752910075,GRK2;GNB1;PLCB1
GO_Biological_Process_2023,Regulation Of I-kappaB kinase/NF-kappaB Signaling (GO:0043122),19/232,0.0676862157285992,0.2057743440480708,0,0,1.4965379808828994,4.029986315045396,MAP3K3;NDFIP1;TLE1;PRKCB;PELI2;LPAR1;RHOH;ARRB2;RHOC;ATP2C1;S100B;RHOA;GJA1;VAPA;TRAF3;PELI1;FLNA;ROR1;WLS
GO_Biological_Process_2023,Positive Regulation Of Pattern Recognition Receptor Signaling Pathway (GO:0062208),5/39,0.0671873580407195,0.2057743440480708,0,0,2.459904921115871,6.642407888245018,USP15;DDX3X;FLOT1;PUM1;PUM2
GO_Biological_Process_2023,Positive Regulation Of Cytokinesis (GO:0032467),5/39,0.0671873580407195,0.2057743440480708,0,0,2.459904921115871,6.642407888245018,CDC42;CUL3;PRKCE;PKP4;RHOA
GO_Biological_Process_2023,Organelle Transport Along Microtubule (GO:0072384),5/39,0.0671873580407195,0.2057743440480708,0,0,2.459904921115871,6.642407888245018,CDC42;RAB1A;FBXW11;NDEL1;PAFAH1B1
GO_Biological_Process_2023,Negative Regulation Of Mitochondrion Organization (GO:0010823),5/39,0.0671873580407195,0.2057743440480708,0,0,2.459904921115871,6.642407888245018,PRELID1;PPARG;SLC25A5;SLC25A4;BCL2L1
GO_Biological_Process_2023,Positive Regulation Of Ras Protein Signal Transduction (GO:0046579),6/51,0.0666929773682641,0.2057743440480708,0,0,2.2309925925925924,6.040759628022938,LPAR1;ARRB1;SHOC2;PIK3CB;RAC1;MAPRE2
GO_Biological_Process_2023,Negative Regulation Of Vascular Associated Smooth Muscle Cell Proliferation (GO:1904706),3/17,0.0677889955531932,0.2057743440480708,0,0,3.5818768996960486,9.640103752910075,CNN1;PDCD4;PPARG
GO_Biological_Process_2023,Positive Regulation Of Mitochondrial Membrane Permeability Involved In Apoptotic Process (GO:1902110),2/8,0.0712754871957363,0.2081266361359972,0,0,5.56923531148509,14.709479947396964,BNIP3L;VDAC2
GO_Biological_Process_2023,Positive Regulation Of Blood Vessel Endothelial Cell Proliferation Involved In Sprouting Angiogenesis (GO:1903589),2/8,0.0712754871957363,0.2081266361359972,0,0,5.56923531148509,14.709479947396964,PPP1R16B;GATA2
GO_Biological_Process_2023,Peroxisome Fission (GO:0016559),2/8,0.0712754871957363,0.2081266361359972,0,0,5.56923531148509,14.709479947396964,FIS1;DNM1L
GO_Biological_Process_2023,p38MAPK Cascade (GO:0038066),2/8,0.0712754871957363,0.2081266361359972,0,0,5.56923531148509,14.709479947396964,MAP2K3;ZFP36L1
GO_Biological_Process_2023,Negative Regulation Of Oxidative Stress-Induced Neuron Death (GO:1903204),2/8,0.0712754871957363,0.2081266361359972,0,0,5.56923531148509,14.709479947396964,NONO;RACK1
GO_Biological_Process_2023,Nuclear Membrane Disassembly (GO:0051081),2/8,0.0712754871957363,0.2081266361359972,0,0,5.56923531148509,14.709479947396964,PRKCB;PRKCA
GO_Biological_Process_2023,Negative Regulation Of Regulated Secretory Pathway (GO:1903306),2/8,0.0712754871957363,0.2081266361359972,0,0,5.56923531148509,14.709479947396964,RAP1B;RAP1A
GO_Biological_Process_2023,Negative Regulation Of Protein Import Into Nucleus (GO:0042308),2/8,0.0712754871957363,0.2081266361359972,0,0,5.56923531148509,14.709479947396964,UFM1;CHP1
GO_Biological_Process_2023,Tricarboxylic Acid Metabolic Process (GO:0072350),2/8,0.0712754871957363,0.2081266361359972,0,0,5.56923531148509,14.709479947396964,IDH1;IDH2
GO_Biological_Process_2023,Nucleic Acid Transport (GO:0050657),2/8,0.0712754871957363,0.2081266361359972,0,0,5.56923531148509,14.709479947396964,YBX1;RTRAF
GO_Biological_Process_2023,Presynaptic Membrane Assembly (GO:0097105),2/8,0.0712754871957363,0.2081266361359972,0,0,5.56923531148509,14.709479947396964,PTPRD;NLGN1
GO_Biological_Process_2023,Regulation Of Toll-Like Receptor 3 Signaling Pathway (GO:0034139),2/8,0.0712754871957363,0.2081266361359972,0,0,5.56923531148509,14.709479947396964,FLOT1;FLOT2
GO_Biological_Process_2023,Regulation Of Epidermis Development (GO:0045682),2/8,0.0712754871957363,0.2081266361359972,0,0,5.56923531148509,14.709479947396964,KLF7;NME2
GO_Biological_Process_2023,Regulation Of Glial Cell Proliferation (GO:0060251),2/8,0.0712754871957363,0.2081266361359972,0,0,5.56923531148509,14.709479947396964,PRKCH;HES1
GO_Biological_Process_2023,Regulation Of miRNA Metabolic Process (GO:2000628),2/8,0.0712754871957363,0.2081266361359972,0,0,5.56923531148509,14.709479947396964,DDX5;SMAD3
GO_Biological_Process_2023,Regulation Of Morphogenesis Of An Epithelium (GO:1905330),2/8,0.0712754871957363,0.2081266361359972,0,0,5.56923531148509,14.709479947396964,GJA1;FOXP1
GO_Biological_Process_2023,Regulation Of Type B Pancreatic Cell Development (GO:2000074),2/8,0.0712754871957363,0.2081266361359972,0,0,5.56923531148509,14.709479947396964,GSK3B;RFX3
GO_Biological_Process_2023,Selenocysteine Incorporation (GO:0001514),2/8,0.0712754871957363,0.2081266361359972,0,0,5.56923531148509,14.709479947396964,SARS1;SELENOT
GO_Biological_Process_2023,tRNA Transcription (GO:0009304),2/8,0.0712754871957363,0.2081266361359972,0,0,5.56923531148509,14.709479947396964,POLR2L;ZFP36L1
GO_Biological_Process_2023,Translational Readthrough (GO:0006451),2/8,0.0712754871957363,0.2081266361359972,0,0,5.56923531148509,14.709479947396964,SARS1;SELENOT
GO_Biological_Process_2023,Translational Termination (GO:0006415),2/8,0.0712754871957363,0.2081266361359972,0,0,5.56923531148509,14.709479947396964,ETF1;GSPT1
GO_Biological_Process_2023,Negative Regulation Of Long-Term Synaptic Potentiation (GO:1900272),2/8,0.0712754871957363,0.2081266361359972,0,0,5.56923531148509,14.709479947396964,APP;PTN
GO_Biological_Process_2023,Protein Hexamerization (GO:0034214),2/8,0.0712754871957363,0.2081266361359972,0,0,5.56923531148509,14.709479947396964,UGDH;MAT2A
GO_Biological_Process_2023,Negative Regulation Of Cholesterol Storage (GO:0010887),2/8,0.0712754871957363,0.2081266361359972,0,0,5.56923531148509,14.709479947396964,PPARG;ABCG1
GO_Biological_Process_2023,"DNA Damage Response, Signal Transduction By P53 Class Mediator Resulting In Transcription Of P21 Class Mediator (GO:0006978)",2/8,0.0712754871957363,0.2081266361359972,0,0,5.56923531148509,14.709479947396964,RPS27L;HIPK2
GO_Biological_Process_2023,Multi-Pass Transmembrane Protein Insertion Into ER Membrane (GO:0160063),2/8,0.0712754871957363,0.2081266361359972,0,0,5.56923531148509,14.709479947396964,TMEM147;RAB5IF
GO_Biological_Process_2023,Negative Regulation Of cAMP-mediated Signaling (GO:0043951),2/8,0.0712754871957363,0.2081266361359972,0,0,5.56923531148509,14.709479947396964,UBE2B;PDE4D
GO_Biological_Process_2023,Regulation Of Secretion By Cell (GO:1903530),7/64,0.0687509635210777,0.2081266361359972,0,0,2.0553786601735657,5.50279237783647,RAB21;RALA;SEPTIN1;SEPTIN2;CASK;STXBP5;RAB8B
GO_Biological_Process_2023,Negative Regulation Of Transforming Growth Factor Beta Receptor Signaling Pathway (GO:0030512),8/77,0.0688731208356489,0.2081266361359972,0,0,1.9409707434795511,5.193046447202241,SMURF2;SMURF1;STRAP;SPRY2;PPARG;STUB1;SAP30;FBN1
GO_Biological_Process_2023,Membrane Fusion (GO:0061025),4/28,0.0707341415645257,0.2081266361359972,0,0,2.7868973676427093,7.382008756981691,RABEP1;VAPA;CHP1;DNM1L
GO_Biological_Process_2023,Negative Regulation Of Cation Channel Activity (GO:2001258),4/28,0.0707341415645257,0.2081266361359972,0,0,2.7868973676427093,7.382008756981691,PPP3CA;CALM3;SRI;CALM2
GO_Biological_Process_2023,Negative Regulation Of Cytoskeleton Organization (GO:0051494),4/28,0.0707341415645257,0.2081266361359972,0,0,2.7868973676427093,7.382008756981691,SLIT2;CYRIB;PFN1;CLASP1
GO_Biological_Process_2023,Positive Regulation Of mRNA Processing (GO:0050685),4/28,0.0707341415645257,0.2081266361359972,0,0,2.7868973676427093,7.382008756981691,RBM3;TRA2B;TRA2A;RBMX
GO_Biological_Process_2023,Protein Depolymerization (GO:0051261),4/28,0.0707341415645257,0.2081266361359972,0,0,2.7868973676427093,7.382008756981691,WDR1;CFL2;STMN1;DSTN
GO_Biological_Process_2023,Regulation Of Plasma Membrane Bounded Cell Projection Organization (GO:0120035),4/28,0.0707341415645257,0.2081266361359972,0,0,2.7868973676427093,7.382008756981691,GSK3B;HOMER1;VPS35;NDEL1
GO_Biological_Process_2023,Regulation Of Platelet Activation (GO:0010543),4/28,0.0707341415645257,0.2081266361359972,0,0,2.7868973676427093,7.382008756981691,LYN;TEC;FLNA;PRKCA
GO_Biological_Process_2023,Vesicle Coating (GO:0006901),4/28,0.0707341415645257,0.2081266361359972,0,0,2.7868973676427093,7.382008756981691,TRAPPC1;CUL3;TMED2;CSNK1D
GO_Biological_Process_2023,Vascular Endothelial Growth Factor Receptor Signaling Pathway (GO:0048010),4/28,0.0707341415645257,0.2081266361359972,0,0,2.7868973676427093,7.382008756981691,PTK2B;FYN;PAK2;PTK2
GO_Biological_Process_2023,T-helper 17 Cell Differentiation (GO:0072539),2/8,0.0712754871957363,0.2081266361359972,0,0,5.56923531148509,14.709479947396964,SOCS3;STAT3
GO_Biological_Process_2023,UDP-N-acetylglucosamine Biosynthetic Process (GO:0006048),2/8,0.0712754871957363,0.2081266361359972,0,0,5.56923531148509,14.709479947396964,GFPT2;GFPT1
GO_Biological_Process_2023,Actin Filament Network Formation (GO:0051639),2/8,0.0712754871957363,0.2081266361359972,0,0,5.56923531148509,14.709479947396964,PLS3;LCP1
GO_Biological_Process_2023,Collagen-Activated Signaling Pathway (GO:0038065),2/8,0.0712754871957363,0.2081266361359972,0,0,5.56923531148509,14.709479947396964,UBASH3B;DDR2
GO_Biological_Process_2023,Embryonic Forelimb Morphogenesis (GO:0035115),2/8,0.0712754871957363,0.2081266361359972,0,0,5.56923531148509,14.709479947396964,NIPBL;OXSR1
GO_Biological_Process_2023,Formation Of Translation Preinitiation Complex (GO:0001731),2/8,0.0712754871957363,0.2081266361359972,0,0,5.56923531148509,14.709479947396964,EIF5;EIF2S2
GO_Biological_Process_2023,Glucan Metabolic Process (GO:0044042),2/8,0.0712754871957363,0.2081266361359972,0,0,5.56923531148509,14.709479947396964,GSK3B;UGP2
GO_Biological_Process_2023,Leptin-Mediated Signaling Pathway (GO:0033210),2/8,0.0712754871957363,0.2081266361359972,0,0,5.56923531148509,14.709479947396964,UGCG;STAT3
GO_Biological_Process_2023,Maintenance Of Apical/Basal Cell Polarity (GO:0035090),2/8,0.0712754871957363,0.2081266361359972,0,0,5.56923531148509,14.709479947396964,WDR1;LIN7A
GO_Biological_Process_2023,Maintenance Of Epithelial Cell Apical/Basal Polarity (GO:0045199),2/8,0.0712754871957363,0.2081266361359972,0,0,5.56923531148509,14.709479947396964,WDR1;LIN7A
GO_Biological_Process_2023,CD40 Signaling Pathway (GO:0023035),2/8,0.0712754871957363,0.2081266361359972,0,0,5.56923531148509,14.709479947396964,PHB1;PHB2
GO_Biological_Process_2023,Positive Regulation Of I-kappaB kinase/NF-kappaB Signaling (GO:0043123),15/175,0.0713561616866211,0.2082005617559208,0,0,1.5716565860215057,4.149285886559386,MAP3K3;NDFIP1;PRKCB;PELI2;LPAR1;RHOC;ATP2C1;S100B;RHOA;GJA1;VAPA;PELI1;FLNA;ROR1;WLS
GO_Biological_Process_2023,Lymphocyte Differentiation (GO:0030098),9/91,0.0716985314507838,0.2090373463460448,0,0,1.837778792226425,4.843070909180036,TOP2B;LCK;CHD7;RHOH;PAX5;GATA3;PIK3R1;SLC25A5;PBX1
GO_Biological_Process_2023,Regulation Of Protein Localization To Nucleus (GO:1900180),6/52,0.0719624256735911,0.2094819527541611,0,0,2.182376811594203,5.743167176710095,GSK3B;TCF7L2;CREBBP;CTNNA1;YWHAZ;FERMT2
GO_Biological_Process_2023,Cellular Response To Ionizing Radiation (GO:0071479),6/52,0.0719624256735911,0.2094819527541611,0,0,2.182376811594203,5.743167176710095,BABAM2;NIPBL;GRB2;RPL26;CRYAB;RHOB
GO_Biological_Process_2023,Lysosomal Transport (GO:0007041),10/105,0.0732419163662091,0.2129487315983685,0,0,1.7628996666510164,4.608197505424447,LRP1;AP1G1;CHMP1B;CHMP2A;VPS35;HOOK3;C9ORF72;ARL8B;RHOB;RAB7A
GO_Biological_Process_2023,Cell Cycle G2/M Phase Transition (GO:0044839),5/40,0.073379834126957,0.2129487315983685,0,0,2.3894950520172547,6.241614650336581,CCNY;PLCB1;CDK14;FBXL7;DNM2
GO_Biological_Process_2023,Regulation Of Autophagosome Assembly (GO:2000785),5/40,0.073379834126957,0.2129487315983685,0,0,2.3894950520172547,6.241614650336581,SH3GLB1;SCFD1;RALB;PIP4K2A;C9ORF72
GO_Biological_Process_2023,Regulation Of Glycolytic Process (GO:0006110),5/40,0.073379834126957,0.2129487315983685,0,0,2.3894950520172547,6.241614650336581,APP;EIF6;ARL2;ZBTB20;SLC4A4
GO_Biological_Process_2023,Mitochondrion Organization (GO:0007005),14/162,0.0754187853344085,0.2186970328779571,0,0,1.585412180309226,4.097813106811922,TIMM8B;BNIP3L;FIS1;PHB1;PID1;PHB2;TOMM20;HSPD1;AKT3;UCP2;DNM1L;SLC25A4;BCL2L1;RAB5IF
GO_Biological_Process_2023,Regulation Of Mitochondrial Membrane Permeability (GO:0046902),3/18,0.0780543033459188,0.2206157839889447,0,0,3.34290780141844,8.52558657538861,SLC25A5;SLC25A4;BCL2L1
GO_Biological_Process_2023,Regulation Of Mitochondrial Outer Membrane Permeabilization Involved In Apoptotic Signaling Pathway (GO:1901028),3/18,0.0780543033459188,0.2206157839889447,0,0,3.34290780141844,8.52558657538861,GSK3B;SLC25A5;SLC25A4
GO_Biological_Process_2023,Regulation Of Synaptic Vesicle Exocytosis (GO:2000300),3/18,0.0780543033459188,0.2206157839889447,0,0,3.34290780141844,8.52558657538861,RAP1B;NLGN1;RAP1A
GO_Biological_Process_2023,Response To Steroid Hormone (GO:0048545),4/29,0.0785441464400949,0.2206157839889447,0,0,2.6752795031055903,6.806163701897862,HSPA8;ABHD2;UBE3A;ATP1A1
GO_Biological_Process_2023,Regulation Of Vascular Endothelial Cell Proliferation (GO:1905562),3/18,0.0780543033459188,0.2206157839889447,0,0,3.34290780141844,8.52558657538861,AKT3;PPARG;FGFR1
GO_Biological_Process_2023,Response To Reactive Oxygen Species (GO:0000302),7/66,0.0783942807799892,0.2206157839889447,0,0,1.9854936968454069,5.055075496783278,MAPK8;JUN;STK24;MAPK1;FYN;ROMO1;PTPRK
GO_Biological_Process_2023,JNK Cascade (GO:0007254),4/29,0.0785441464400949,0.2206157839889447,0,0,2.6752795031055903,6.806163701897862,MAPK10;MAP2K4;MAPK8;MAP4K3
GO_Biological_Process_2023,RNA-mediated Gene Silencing (GO:0031047),4/29,0.0785441464400949,0.2206157839889447,0,0,2.6752795031055903,6.806163701897862,AGO3;CELF1;AGO4;AGO2
GO_Biological_Process_2023,Alpha-Amino Acid Metabolic Process (GO:1901605),4/29,0.0785441464400949,0.2206157839889447,0,0,2.6752795031055903,6.806163701897862,CPS1;DDAH2;ASS1;SLC25A13
GO_Biological_Process_2023,mRNA Splice Site Recognition (GO:0006376),4/29,0.0785441464400949,0.2206157839889447,0,0,2.6752795031055903,6.806163701897862,LUC7L3;SRSF5;SRSF6;SRSF9
GO_Biological_Process_2023,Establishment Of Mitotic Spindle Orientation (GO:0000132),4/29,0.0785441464400949,0.2206157839889447,0,0,2.6752795031055903,6.806163701897862,GJA1;FBXW11;NDEL1;PAFAH1B1
GO_Biological_Process_2023,Regulation Of cAMP-mediated Signaling (GO:0043949),3/18,0.0780543033459188,0.2206157839889447,0,0,3.34290780141844,8.52558657538861,UBE2B;PDE4D;GNAI1
GO_Biological_Process_2023,Morphogenesis Of An Epithelium (GO:0002009),4/29,0.0785441464400949,0.2206157839889447,0,0,2.6752795031055903,6.806163701897862,SOX9;FGFR2;VCL;ACTG1
GO_Biological_Process_2023,Multivesicular Body Assembly (GO:0036258),4/29,0.0785441464400949,0.2206157839889447,0,0,2.6752795031055903,6.806163701897862,CHMP1B;CHMP2A;RAB11A;VPS28
GO_Biological_Process_2023,Positive Regulation Of Microtubule Polymerization (GO:0031116),4/29,0.0785441464400949,0.2206157839889447,0,0,2.6752795031055903,6.806163701897862,PAK1;ARL2;RAC1;CLASP1
GO_Biological_Process_2023,Regulation Of Monoatomic Ion Transmembrane Transport (GO:0034765),4/29,0.0785441464400949,0.2206157839889447,0,0,2.6752795031055903,6.806163701897862,KCNJ8;KCNJ15;NEDD4L;WWP2
GO_Biological_Process_2023,Regulation Of Protein Modification By Small Protein Conjugation Or Removal (GO:1903320),4/29,0.0785441464400949,0.2206157839889447,0,0,2.6752795031055903,6.806163701897862,HSP90AA1;HSP90AB1;ZMIZ1;CTNNB1
GO_Biological_Process_2023,Regulation Of Spindle Assembly (GO:0090169),4/29,0.0785441464400949,0.2206157839889447,0,0,2.6752795031055903,6.806163701897862,DYNC1H1;CHMP1B;CHMP2A;HNRNPU
GO_Biological_Process_2023,Regulation Of Voltage-Gated Calcium Channel Activity (GO:1901385),4/29,0.0785441464400949,0.2206157839889447,0,0,2.6752795031055903,6.806163701897862,PPP3CA;NOS1AP;PDE4B;SRI
GO_Biological_Process_2023,Carbohydrate Derivative Biosynthetic Process (GO:1901137),4/29,0.0785441464400949,0.2206157839889447,0,0,2.6752795031055903,6.806163701897862,TPI1;LARGE1;B4GALT5;DDR2
GO_Biological_Process_2023,Regulation Of RIG-I Signaling Pathway (GO:0039535),3/18,0.0780543033459188,0.2206157839889447,0,0,3.34290780141844,8.52558657538861,USP15;PUM1;PUM2
GO_Biological_Process_2023,Positive Regulation Of NLRP3 Inflammasome Complex Assembly (GO:1900227),3/18,0.0780543033459188,0.2206157839889447,0,0,3.34290780141844,8.52558657538861,MAPK8;DDX3X;NEK7
GO_Biological_Process_2023,Positive Regulation Of Stress-Activated Protein Kinase Signaling Cascade (GO:0070304),3/18,0.0780543033459188,0.2206157839889447,0,0,3.34290780141844,8.52558657538861,LYN;TAOK3;TAOK1
GO_Biological_Process_2023,Actin Polymerization Or Depolymerization (GO:0008154),6/53,0.0774636604339425,0.2206157839889447,0,0,2.1358297872340426,5.463338008938475,WDR1;CFL2;CFL1;DSTN;RAC1;GAS7
GO_Biological_Process_2023,Blood Vessel Morphogenesis (GO:0048514),6/53,0.0774636604339425,0.2206157839889447,0,0,2.1358297872340426,5.463338008938475,EFNB2;RASA1;TBX20;NF1;HES1;RBPJ
GO_Biological_Process_2023,Negative Regulation Of Cysteine-Type Endopeptidase Activity (GO:2000117),6/53,0.0774636604339425,0.2206157839889447,0,0,2.1358297872340426,5.463338008938475,RPS6KA3;DDX3X;ARL6IP1;SFN;DHCR24;RAF1
GO_Biological_Process_2023,Regulation Of Macromolecule Biosynthetic Process (GO:0010556),6/53,0.0774636604339425,0.2206157839889447,0,0,2.1358297872340426,5.463338008938475,RBM3;CYFIP1;MTPN;RPL10;MSI2;EIF4E
GO_Biological_Process_2023,Associative Learning (GO:0008306),3/18,0.0780543033459188,0.2206157839889447,0,0,3.34290780141844,8.52558657538861,APP;TAFA2;NF1
GO_Biological_Process_2023,Detection Of Mechanical Stimulus (GO:0050982),3/18,0.0780543033459188,0.2206157839889447,0,0,3.34290780141844,8.52558657538861,JUP;CTNNB1;PTK2
GO_Biological_Process_2023,Establishment Of Vesicle Localization (GO:0051650),3/18,0.0780543033459188,0.2206157839889447,0,0,3.34290780141844,8.52558657538861,RAB27A;RAB11A;DNM2
GO_Biological_Process_2023,Melanosome Localization (GO:0032400),3/18,0.0780543033459188,0.2206157839889447,0,0,3.34290780141844,8.52558657538861,MYO5A;RAB27A;RAB11A
GO_Biological_Process_2023,Mesenchyme Morphogenesis (GO:0072132),3/18,0.0780543033459188,0.2206157839889447,0,0,3.34290780141844,8.52558657538861,TBX20;SOX9;BMPR1A
GO_Biological_Process_2023,Myoblast Fusion (GO:0007520),3/18,0.0780543033459188,0.2206157839889447,0,0,3.34290780141844,8.52558657538861,ADGRB3;DOCK2;DOCK1
GO_Biological_Process_2023,Negative Regulation Of Amyloid Precursor Protein Catabolic Process (GO:1902992),3/18,0.0780543033459188,0.2206157839889447,0,0,3.34290780141844,8.52558657538861,ROCK1;FLOT2;PICALM
GO_Biological_Process_2023,Negative Regulation Of Lipid Storage (GO:0010888),3/18,0.0780543033459188,0.2206157839889447,0,0,3.34290780141844,8.52558657538861,OSBPL8;PPARG;ABCG1
GO_Biological_Process_2023,Negative Regulation Of Monoatomic Ion Transport (GO:0043271),3/18,0.0780543033459188,0.2206157839889447,0,0,3.34290780141844,8.52558657538861,PLN;STC1;PTK2B
GO_Biological_Process_2023,Neuromuscular Synaptic Transmission (GO:0007274),3/18,0.0780543033459188,0.2206157839889447,0,0,3.34290780141844,8.52558657538861,FCHSD2;KIF1B;ERC1
GO_Biological_Process_2023,Positive Regulation Of Epidermal Cell Differentiation (GO:0045606),3/18,0.0780543033459188,0.2206157839889447,0,0,3.34290780141844,8.52558657538861,PRKCH;NME2;SFN
GO_Biological_Process_2023,Positive Regulation Of Extracellular Matrix Organization (GO:1903055),3/18,0.0780543033459188,0.2206157839889447,0,0,3.34290780141844,8.52558657538861,SMAD3;CLASP1;DDR2
GO_Biological_Process_2023,Positive Regulation Of Focal Adhesion Assembly (GO:0051894),3/18,0.0780543033459188,0.2206157839889447,0,0,3.34290780141844,8.52558657538861,ROCK1;RAC1;FERMT2
GO_Biological_Process_2023,Mitotic Cytokinetic Process (GO:1902410),3/18,0.0780543033459188,0.2206157839889447,0,0,3.34290780141844,8.52558657538861,CHMP1B;CHMP2A;RHOA
GO_Biological_Process_2023,Pulmonary Valve Morphogenesis (GO:0003184),3/18,0.0780543033459188,0.2206157839889447,0,0,3.34290780141844,8.52558657538861,JAG1;TBX20;SLIT2
GO_Biological_Process_2023,Carbohydrate Catabolic Process (GO:0016052),5/41,0.0798722140295984,0.2236778830717197,0,0,2.322996842313006,5.870973211999308,TPI1;PKM;UCP2;PGK1;ALDOB
GO_Biological_Process_2023,Cellular Response To Retinoic Acid (GO:0071300),5/41,0.0798722140295984,0.2236778830717197,0,0,2.322996842313006,5.870973211999308,LYN;GSK3B;PTK2B;SOX9;EPHA3
GO_Biological_Process_2023,O-glycan Processing (GO:0016266),5/41,0.0798722140295984,0.2236778830717197,0,0,2.322996842313006,5.870973211999308,GALNT7;GALNT2;GALNT1;GALNT10;B4GALT5
GO_Biological_Process_2023,Protein O-linked Glycosylation (GO:0006493),9/93,0.0798249165012186,0.2236778830717197,0,0,1.7938311688311688,4.534660946391692,GALNT7;GALNT2;GALNT18;GALNT1;OGA;TMTC2;LARGE1;GALNT10;B4GALT5
GO_Biological_Process_2023,Positive Regulation Of Autophagy (GO:0010508),10/107,0.0808546113408618,0.2262605604560872,0,0,1.7263672898829283,4.341990960901058,SH3GLB1;BNIP3L;GSK3B;CCNY;ROCK1;DAPK1;WAC;GNAI3;PIK3CB;C9ORF72
GO_Biological_Process_2023,Endoplasmic Reticulum Organization (GO:0007029),6/54,0.0831953551461657,0.2326377179960812,0,0,2.091222222222222,5.1999573924773355,RAB10;SEC61A1;VAPA;RAB18;TMCC1;DNM1L
GO_Biological_Process_2023,Regulation Of Neurogenesis (GO:0050767),7/67,0.0834961612272645,0.2333053955243253,0,0,1.9522983392645312,4.84746818403986,DOCK7;LEF1;HMGB2;CTNNB1;HES1;NAP1L1;HOOK3
GO_Biological_Process_2023,Positive Regulation Of Leukocyte Apoptotic Process (GO:2000108),2/9,0.0882931816375342,0.2359267776669022,0,0,4.773377198532203,11.585427485098432,LYN;PIK3CB
GO_Biological_Process_2023,Regulation Of Tau-Protein Kinase Activity (GO:1902947),2/9,0.0882931816375342,0.2359267776669022,0,0,4.773377198532203,11.585427485098432,HSP90AA1;HSP90AB1
GO_Biological_Process_2023,Regulation Of Transmembrane Transporter Activity (GO:0022898),2/9,0.0882931816375342,0.2359267776669022,0,0,4.773377198532203,11.585427485098432,AHCYL1;ACTB
GO_Biological_Process_2023,Regulation Of Sequestering Of Calcium Ion (GO:0051282),2/9,0.0882931816375342,0.2359267776669022,0,0,4.773377198532203,11.585427485098432,UBASH3B;PTK2B
GO_Biological_Process_2023,Regulation Of Complement Activation (GO:0030449),2/9,0.0882931816375342,0.2359267776669022,0,0,4.773377198532203,11.585427485098432,PHB1;PHB2
GO_Biological_Process_2023,Regulation Of Cardiac Muscle Cell Differentiation (GO:2000725),2/9,0.0882931816375342,0.2359267776669022,0,0,4.773377198532203,11.585427485098432,EFNB2;SOX6
GO_Biological_Process_2023,Regulation Of PERK-mediated Unfolded Protein Response (GO:1903897),2/9,0.0882931816375342,0.2359267776669022,0,0,4.773377198532203,11.585427485098432,HSPA5;NCK2
GO_Biological_Process_2023,Protein O-linked Glycosylation Via Threonine (GO:0018243),2/9,0.0882931816375342,0.2359267776669022,0,0,4.773377198532203,11.585427485098432,GALNT2;GALNT1
GO_Biological_Process_2023,Protein Localization To Microtubule (GO:0035372),2/9,0.0882931816375342,0.2359267776669022,0,0,4.773377198532203,11.585427485098432,HNRNPU;MAPRE2
GO_Biological_Process_2023,Presynaptic Membrane Organization (GO:0097090),2/9,0.0882931816375342,0.2359267776669022,0,0,4.773377198532203,11.585427485098432,PTPRD;NLGN1
GO_Biological_Process_2023,Positive Regulation Of Tissue Remodeling (GO:0034105),2/9,0.0882931816375342,0.2359267776669022,0,0,4.773377198532203,11.585427485098432,ROCK1;ROCK2
GO_Biological_Process_2023,Positive Regulation Of Myoblast Fusion (GO:1901741),2/9,0.0882931816375342,0.2359267776669022,0,0,4.773377198532203,11.585427485098432,EHD1;FLOT1
GO_Biological_Process_2023,Positive Regulation Of miRNA-mediated Gene Silencing (GO:2000637),2/9,0.0882931816375342,0.2359267776669022,0,0,4.773377198532203,11.585427485098432,PUM1;PUM2
GO_Biological_Process_2023,Positive Regulation Of Mesenchymal Cell Proliferation (GO:0002053),2/9,0.0882931816375342,0.2359267776669022,0,0,4.773377198532203,11.585427485098432,SOX9;FGFR2
GO_Biological_Process_2023,Protein Localization To Nuclear Envelope (GO:0090435),2/9,0.0882931816375342,0.2359267776669022,0,0,4.773377198532203,11.585427485098432,TMEM147;LMNA
GO_Biological_Process_2023,Response To Interleukin-4 (GO:0070670),2/9,0.0882931816375342,0.2359267776669022,0,0,4.773377198532203,11.585427485098432,LEF1;GATA3
GO_Biological_Process_2023,Cardiac Ventricle Development (GO:0003231),3/19,0.0889508563498185,0.2359267776669022,0,0,3.133809840425532,7.582789534985372,HECTD1;HES1;GATA3
GO_Biological_Process_2023,Transferrin Transport (GO:0033572),2/9,0.0882931816375342,0.2359267776669022,0,0,4.773377198532203,11.585427485098432,CLTC;DNM2
GO_Biological_Process_2023,Positive Regulation Of Keratinocyte Migration (GO:0051549),2/9,0.0882931816375342,0.2359267776669022,0,0,4.773377198532203,11.585427485098432,MAPRE2;ARF6
GO_Biological_Process_2023,"Vesicle Targeting, Rough ER To cis-Golgi (GO:0048207)",3/19,0.0889508563498185,0.2359267776669022,0,0,3.133809840425532,7.582789534985372,TRAPPC1;CUL3;TMED2
GO_Biological_Process_2023,Response To Fatty Acid (GO:0070542),3/19,0.0889508563498185,0.2359267776669022,0,0,3.133809840425532,7.582789534985372,PID1;LCP1;SOX9
GO_Biological_Process_2023,Regulation Of Transcription Involved In G1/S Transition Of Mitotic Cell Cycle (GO:0000083),3/19,0.0889508563498185,0.2359267776669022,0,0,3.133809840425532,7.582789534985372,CDK17;ID2;CDK14
GO_Biological_Process_2023,Regulation Of Megakaryocyte Differentiation (GO:0045652),3/19,0.0889508563498185,0.2359267776669022,0,0,3.133809840425532,7.582789534985372,EIF6;PRMT1;HMGB2
GO_Biological_Process_2023,Regulation Of Granulocyte Chemotaxis (GO:0071622),3/19,0.0889508563498185,0.2359267776669022,0,0,3.133809840425532,7.582789534985372,CAMK1D;MAPK1;PTK2
GO_Biological_Process_2023,Regulation Of B Cell Differentiation (GO:0045577),3/19,0.0889508563498185,0.2359267776669022,0,0,3.133809840425532,7.582789534985372,MMP14;ID2;ZFP36L1
GO_Biological_Process_2023,Receptor Clustering (GO:0043113),3/19,0.0889508563498185,0.2359267776669022,0,0,3.133809840425532,7.582789534985372,NLGN1;FLNA;PTN
GO_Biological_Process_2023,Negative Regulation Of Peptidyl-Serine Phosphorylation (GO:0033137),3/19,0.0889508563498185,0.2359267776669022,0,0,3.133809840425532,7.582789534985372,PDE4D;NCK2;RACK1
GO_Biological_Process_2023,Intrinsic Apoptotic Signaling Pathway In Response To DNA Damage By P53 Class Mediator (GO:0042771),3/19,0.0889508563498185,0.2359267776669022,0,0,3.133809840425532,7.582789534985372,RPS27L;HIPK1;HIPK2
GO_Biological_Process_2023,Dopaminergic Neuron Differentiation (GO:0071542),3/19,0.0889508563498185,0.2359267776669022,0,0,3.133809840425532,7.582789534985372,NR4A2;CTNNB1;MANF
GO_Biological_Process_2023,Cellular Response To Misfolded Protein (GO:0071218),3/19,0.0889508563498185,0.2359267776669022,0,0,3.133809840425532,7.582789534985372,CUL3;DERL1;STUB1
GO_Biological_Process_2023,Cellular Response To Catecholamine Stimulus (GO:0071870),3/19,0.0889508563498185,0.2359267776669022,0,0,3.133809840425532,7.582789534985372,GNG2;GNB1;PDE4B
GO_Biological_Process_2023,COPII Vesicle Coating (GO:0048208),3/19,0.0889508563498185,0.2359267776669022,0,0,3.133809840425532,7.582789534985372,TRAPPC1;CUL3;TMED2
GO_Biological_Process_2023,Vesicle Fusion With Vacuole (GO:0051469),2/9,0.0882931816375342,0.2359267776669022,0,0,4.773377198532203,11.585427485098432,CHMP1B;CHMP2A
GO_Biological_Process_2023,Skeletal Muscle Tissue Regeneration (GO:0043403),2/9,0.0882931816375342,0.2359267776669022,0,0,4.773377198532203,11.585427485098432,PPP3CA;LARGE1
GO_Biological_Process_2023,Positive Regulation Of RNA Biosynthetic Process (GO:1902680),2/9,0.0882931816375342,0.2359267776669022,0,0,4.773377198532203,11.585427485098432,TOP2B;ZMIZ1
GO_Biological_Process_2023,Skin Development (GO:0043588),7/68,0.0887838798268031,0.2359267776669022,0,0,1.9201913540633568,4.649839717041064,PPP3CA;UGCG;CLIC4;JAG1;TXNIP;DHCR24;FGFR1
GO_Biological_Process_2023,Peptidyl-Serine Dephosphorylation (GO:0070262),2/9,0.0882931816375342,0.2359267776669022,0,0,4.773377198532203,11.585427485098432,PPP3CA;PPP1CA
GO_Biological_Process_2023,T-helper 1 Type Immune Response (GO:0042088),2/9,0.0882931816375342,0.2359267776669022,0,0,4.773377198532203,11.585427485098432,TMEM98;LEF1
GO_Biological_Process_2023,Pinocytosis (GO:0006907),2/9,0.0882931816375342,0.2359267776669022,0,0,4.773377198532203,11.585427485098432,DOCK2;SNX5
GO_Biological_Process_2023,ESCRT Complex Disassembly (GO:1904896),2/9,0.0882931816375342,0.2359267776669022,0,0,4.773377198532203,11.585427485098432,CHMP1B;CHMP2A
GO_Biological_Process_2023,ESCRT III Complex Disassembly (GO:1904903),2/9,0.0882931816375342,0.2359267776669022,0,0,4.773377198532203,11.585427485098432,CHMP1B;CHMP2A
GO_Biological_Process_2023,"DNA Damage Response, Signal Transduction Resulting In Transcription (GO:0042772)",2/9,0.0882931816375342,0.2359267776669022,0,0,4.773377198532203,11.585427485098432,RPS27L;HIPK2
GO_Biological_Process_2023,B Cell Homeostasis (GO:0001782),2/9,0.0882931816375342,0.2359267776669022,0,0,4.773377198532203,11.585427485098432,LYN;DOCK11
GO_Biological_Process_2023,Response To Amino Acid (GO:0043200),4/30,0.0867637204807258,0.2359267776669022,0,0,2.57224762814825,6.288030925506609,LAMTOR2;LAMTOR1;LAMTOR4;CPEB4
GO_Biological_Process_2023,Regulation Of Macrophage Derived Foam Cell Differentiation (GO:0010743),4/30,0.0867637204807258,0.2359267776669022,0,0,2.57224762814825,6.288030925506609,PRKCH;PPARG;LCP1;ABCG1
GO_Biological_Process_2023,Regulation Of Dendritic Spine Morphogenesis (GO:0061001),4/30,0.0867637204807258,0.2359267776669022,0,0,2.57224762814825,6.288030925506609,NLGN1;SIPA1L1;CFL1;TANC2
GO_Biological_Process_2023,Positive Regulation Of Phosphate Metabolic Process (GO:0045937),4/30,0.0867637204807258,0.2359267776669022,0,0,2.57224762814825,6.288030925506609,APP;ROCK1;PTGES3;ILK
GO_Biological_Process_2023,Positive Regulation Of Cell Communication (GO:0010647),4/30,0.0867637204807258,0.2359267776669022,0,0,2.57224762814825,6.288030925506609,HOMER1;ILK;GATA3;WLS
GO_Biological_Process_2023,"Maturation Of SSU-rRNA From Tricistronic rRNA Transcript (SSU-rRNA, 5.8S rRNA, LSU-rRNA) (GO:0000462)",4/30,0.0867637204807258,0.2359267776669022,0,0,2.57224762814825,6.288030925506609,RPS14;RPS16;RPS8;RPS21
GO_Biological_Process_2023,Regulation Of Neurotransmitter Receptor Activity (GO:0099601),5/42,0.0866606050240298,0.2359267776669022,0,0,2.2600931304306084,5.527636065609689,APP;NLGN1;DAPK1;PTK2B;CNIH4
GO_Biological_Process_2023,Potassium Ion Import Across Plasma Membrane (GO:1990573),5/42,0.0866606050240298,0.2359267776669022,0,0,2.2600931304306084,5.527636065609689,KCNJ8;KCNJ15;ABCC9;ATP1A1;SLC12A6
GO_Biological_Process_2023,Branching Morphogenesis Of An Epithelial Tube (GO:0048754),5/42,0.0866606050240298,0.2359267776669022,0,0,2.2600931304306084,5.527636065609689,PAK1;SFRP2;TCF21;CTNNB1;SLIT2
GO_Biological_Process_2023,Amino Sugar Biosynthetic Process (GO:0046349),2/9,0.0882931816375342,0.2359267776669022,0,0,4.773377198532203,11.585427485098432,GFPT2;GFPT1
GO_Biological_Process_2023,Aspartate Transmembrane Transport (GO:0015810),2/9,0.0882931816375342,0.2359267776669022,0,0,4.773377198532203,11.585427485098432,SLC1A3;SLC25A13
GO_Biological_Process_2023,Regulation Of Osteoclast Differentiation (GO:0045670),5/42,0.0866606050240298,0.2359267776669022,0,0,2.2600931304306084,5.527636065609689,PPP3CA;MAFB;UBASH3B;EEIG1;FBN1
GO_Biological_Process_2023,Cellular Response To Prostaglandin Stimulus (GO:0071379),2/9,0.0882931816375342,0.2359267776669022,0,0,4.773377198532203,11.585427485098432,GNG2;GNB1
GO_Biological_Process_2023,Neuron Remodeling (GO:0016322),2/9,0.0882931816375342,0.2359267776669022,0,0,4.773377198532203,11.585427485098432,APP;RND1
GO_Biological_Process_2023,Negative Regulation Of Vascular Endothelial Growth Factor Signaling Pathway (GO:1900747),2/9,0.0882931816375342,0.2359267776669022,0,0,4.773377198532203,11.585427485098432,SPRY2;PIK3CB
GO_Biological_Process_2023,Negative Regulation Of Tyrosine Phosphorylation Of STAT Protein (GO:0042532),2/9,0.0882931816375342,0.2359267776669022,0,0,4.773377198532203,11.585427485098432,SOCS3;SOCS1
GO_Biological_Process_2023,Negative Regulation Of Transcription By Competitive Promoter Binding (GO:0010944),2/9,0.0882931816375342,0.2359267776669022,0,0,4.773377198532203,11.585427485098432,PHB1;KDM2A
GO_Biological_Process_2023,Cell Differentiation Involved In Metanephros Development (GO:0072202),2/9,0.0882931816375342,0.2359267776669022,0,0,4.773377198532203,11.585427485098432,TCF21;OXSR1
GO_Biological_Process_2023,Negative Regulation Of Necroptotic Process (GO:0060546),2/9,0.0882931816375342,0.2359267776669022,0,0,4.773377198532203,11.585427485098432,PELI1;SLC25A4
GO_Biological_Process_2023,Multivesicular Body-Lysosome Fusion (GO:0061763),2/9,0.0882931816375342,0.2359267776669022,0,0,4.773377198532203,11.585427485098432,CHMP1B;CHMP2A
GO_Biological_Process_2023,Negative Regulation Of Transcription By RNA Polymerase I (GO:0016479),2/9,0.0882931816375342,0.2359267776669022,0,0,4.773377198532203,11.585427485098432,CREBBP;FLNA
GO_Biological_Process_2023,Mitral Valve Morphogenesis (GO:0003183),2/9,0.0882931816375342,0.2359267776669022,0,0,4.773377198532203,11.585427485098432,BMPR2;BMPR1A
GO_Biological_Process_2023,Mitotic Nuclear Membrane Reassembly (GO:0007084),2/9,0.0882931816375342,0.2359267776669022,0,0,4.773377198532203,11.585427485098432,UBE2I;BANF1
GO_Biological_Process_2023,Mitotic Nuclear Membrane Organization (GO:0101024),2/9,0.0882931816375342,0.2359267776669022,0,0,4.773377198532203,11.585427485098432,UBE2I;BANF1
GO_Biological_Process_2023,Mitochondrion Morphogenesis (GO:0070584),2/9,0.0882931816375342,0.2359267776669022,0,0,4.773377198532203,11.585427485098432,FIS1;PID1
GO_Biological_Process_2023,Hematopoietic Stem Cell Differentiation (GO:0060218),2/9,0.0882931816375342,0.2359267776669022,0,0,4.773377198532203,11.585427485098432,MLLT3;BATF
GO_Biological_Process_2023,Fructose 6-Phosphate Metabolic Process (GO:0006002),2/9,0.0882931816375342,0.2359267776669022,0,0,4.773377198532203,11.585427485098432,GFPT2;GFPT1
GO_Biological_Process_2023,Forelimb Morphogenesis (GO:0035136),2/9,0.0882931816375342,0.2359267776669022,0,0,4.773377198532203,11.585427485098432,NIPBL;OXSR1
GO_Biological_Process_2023,Motor Neuron Axon Guidance (GO:0008045),2/9,0.0882931816375342,0.2359267776669022,0,0,4.773377198532203,11.585427485098432,RAC1;SLIT2
GO_Biological_Process_2023,Negative Regulation Of Apoptotic Signaling Pathway (GO:2001234),8/82,0.0917505895841298,0.2431810905045188,0,0,1.8093427354335636,4.321943276987865,NR4A2;TCF7L2;PRELID1;DDX3X;BIRC6;SLC25A5;SLC25A4;BCL2L1
GO_Biological_Process_2023,Negative Regulation Of Growth (GO:0045926),11/124,0.0925087600766552,0.2450179201748594,0,0,1.6301833122629583,3.880573020759952,PHB1;GJA1;SFRP2;SMAD3;BMPR2;BTG1;DDX3X;CCDC85B;RACK1;SLIT2;SMARCA2
GO_Biological_Process_2023,Phagocytosis (GO:0006909),7/69,0.0942562736283879,0.2494706862184145,0,0,1.88912007806222,4.4616064693349715,CDC42;LRP1;ELMO1;MYH9;DOCK1;BLTP1;CORO1C
GO_Biological_Process_2023,Response To Estradiol (GO:0032355),4/31,0.0953811720441318,0.2510347012302169,0,0,2.4768477439284893,5.820280308693369,STAT5B;STAT3;CTNNB1;STRN3
GO_Biological_Process_2023,Regulation Of Extrinsic Apoptotic Signaling Pathway Via Death Domain Receptors (GO:1902041),4/31,0.0953811720441318,0.2510347012302169,0,0,2.4768477439284893,5.820280308693369,GSK3B;DDX3X;ETFA;BCL2L1
GO_Biological_Process_2023,Regulation Of Cell Morphogenesis (GO:0022604),4/31,0.0953811720441318,0.2510347012302169,0,0,2.4768477439284893,5.820280308693369,FMNL2;CFL1;EFNA5;FERMT2
GO_Biological_Process_2023,Positive Regulation Of G1/S Transition Of Mitotic Cell Cycle (GO:1900087),4/31,0.0953811720441318,0.2510347012302169,0,0,2.4768477439284893,5.820280308693369,DDX3X;RDX;UBE2E2;PLCB1
GO_Biological_Process_2023,Negative Chemotaxis (GO:0050919),4/31,0.0953811720441318,0.2510347012302169,0,0,2.4768477439284893,5.820280308693369,SEMA3C;UNC5C;SLIT2;RHOA
GO_Biological_Process_2023,Regulation Of Reactive Oxygen Species Metabolic Process (GO:2000377),6/56,0.0953421625872663,0.2510347012302169,0,0,2.00736,4.717864377092958,PID1;EIF6;RAC2;ROMO1;GRB2;RAC1
GO_Biological_Process_2023,Positive Regulation Of Cellular Metabolic Process (GO:0031325),6/56,0.0953421625872663,0.2510347012302169,0,0,2.00736,4.717864377092958,PRELID1;PID1;PRKCE;ROMO1;GRB2;GATA3
GO_Biological_Process_2023,Negative Regulation Of Intracellular Steroid Hormone Receptor Signaling Pathway (GO:0033144),4/31,0.0953811720441318,0.2510347012302169,0,0,2.4768477439284893,5.820280308693369,PHB1;TCF21;STRN3;FOXP1
GO_Biological_Process_2023,Cellular Response To Lipid (GO:0071396),18/228,0.0961741095149539,0.2529446334865328,0,0,1.4369657296881015,3.364791896265326,LYN;HSPA8;GSK3B;PID1;ROCK2;HMGB2;MSN;ATP1A1;RHOA;GNAI1;MAPK8;PDE4B;PDCD4;PTK2B;SOX9;LCP1;VIM;EPHA3
GO_Biological_Process_2023,Epithelium Development (GO:0060429),13/154,0.09693881727095,0.2547777021355996,0,0,1.5444499422728022,3.6042446040171385,TAGLN;TCF21;OXSR1;CNN3;KRT17;ALDH1A2;PGK1;TAGLN2;VDAC1;PPARG;SOX9;VCL;FGFR2
GO_Biological_Process_2023,Cytoskeleton Organization (GO:0007010),10/111,0.0974852201288213,0.2560348553802354,0,0,1.6576430167548424,3.8590832860272544,CNN2;DES;FMNL2;MAPKAP1;CFL1;RHOG;SH3BGRL3;RICTOR;TNIK;RAC1
GO_Biological_Process_2023,Stress-Activated Protein Kinase Signaling Cascade (GO:0031098),3/20,0.1004418382479987,0.2612460260378446,0,0,2.9493116395494368,6.778038532809335,MAP2K3;MAPK8;MAPK1
GO_Biological_Process_2023,Response To Ketone (GO:1901654),3/20,0.1004418382479987,0.2612460260378446,0,0,2.9493116395494368,6.778038532809335,ABHD2;UBE3A;SLIT2
GO_Biological_Process_2023,Regulation Of Spindle Organization (GO:0090224),3/20,0.1004418382479987,0.2612460260378446,0,0,2.9493116395494368,6.778038532809335,DYNC1H1;CLTC;GNAI1
GO_Biological_Process_2023,Regulation Of Protein Localization To Cell Periphery (GO:1904375),3/20,0.1004418382479987,0.2612460260378446,0,0,2.9493116395494368,6.778038532809335,MMP14;ACTB;SPTBN1
GO_Biological_Process_2023,Regulation Of Mitotic Spindle Assembly (GO:1901673),3/20,0.1004418382479987,0.2612460260378446,0,0,2.9493116395494368,6.778038532809335,CHMP1B;CHMP2A;HNRNPU
GO_Biological_Process_2023,Regulation Of Macrophage Chemotaxis (GO:0010758),3/20,0.1004418382479987,0.2612460260378446,0,0,2.9493116395494368,6.778038532809335,MAPK1;PTK2B;PTK2
GO_Biological_Process_2023,Negative Regulation Of Microtubule Depolymerization (GO:0007026),3/20,0.1004418382479987,0.2612460260378446,0,0,2.9493116395494368,6.778038532809335,TAOK1;CLASP1;HDGFL3
GO_Biological_Process_2023,Positive Regulation Of Phospholipase Activity (GO:0010518),3/20,0.1004418382479987,0.2612460260378446,0,0,2.9493116395494368,6.778038532809335,GNA13;FGFR2;FGFR1
GO_Biological_Process_2023,Mesoderm Formation (GO:0001707),3/20,0.1004418382479987,0.2612460260378446,0,0,2.9493116395494368,6.778038532809335,BMPR2;TBX20;HMGA2
GO_Biological_Process_2023,Late Endosome To Vacuole Transport (GO:0045324),3/20,0.1004418382479987,0.2612460260378446,0,0,2.9493116395494368,6.778038532809335,CHMP1B;LEPROTL1;CHMP2A
GO_Biological_Process_2023,Endoplasmic Reticulum Calcium Ion Homeostasis (GO:0032469),3/20,0.1004418382479987,0.2612460260378446,0,0,2.9493116395494368,6.778038532809335,FIS1;RAP1GDS1;ATP2A2
GO_Biological_Process_2023,Adenine Nucleotide Transport (GO:0051503),3/20,0.1004418382479987,0.2612460260378446,0,0,2.9493116395494368,6.778038532809335,ABCC5;SLC25A5;SLC25A4
GO_Biological_Process_2023,Transport Along Microtubule (GO:0010970),3/20,0.1004418382479987,0.2612460260378446,0,0,2.9493116395494368,6.778038532809335,CDC42;APP;DYNC1I2
GO_Biological_Process_2023,Regulation Of Calcium Ion Import (GO:0090279),3/20,0.1004418382479987,0.2612460260378446,0,0,2.9493116395494368,6.778038532809335,PLN;STC1;CTNNB1
GO_Biological_Process_2023,Regulation Of Insulin Receptor Signaling Pathway (GO:0046626),5/44,0.1011056202272846,0.2624280453242357,0,0,2.1439632008015668,4.913083695970516,PID1;SOCS1;PRKCB;PIP4K2A;SNX5
GO_Biological_Process_2023,Autophagosome Maturation (GO:0097352),5/44,0.1011056202272846,0.2624280453242357,0,0,2.1439632008015668,4.913083695970516,MAP1LC3A;CHMP1B;CHMP2A;ATP2A2;CALM1
GO_Biological_Process_2023,Positive Regulation Of Osteoblast Differentiation (GO:0045669),5/44,0.1011056202272846,0.2624280453242357,0,0,2.1439632008015668,4.913083695970516,PPP3CA;BMPR2;FERMT2;BMPR1A;DDR2
GO_Biological_Process_2023,RNA Catabolic Process (GO:0006401),6/57,0.1017520168263228,0.2637417886173676,0,0,1.9678954248366016,4.4970673577601135,AGO4;PABPC4;XRN2;HNRNPD;LSM5;SND1
GO_Biological_Process_2023,Myeloid Cell Differentiation (GO:0030099),6/57,0.1017520168263228,0.2637417886173676,0,0,1.9678954248366016,4.4970673577601135,HSPA9;LYN;RPS14;ZBTB16;SLC25A5;HIPK2
GO_Biological_Process_2023,Positive Regulation Of Double-Strand Break Repair (GO:2000781),8/84,0.1019890867427399,0.2639923986506846,0,0,1.7615409851431785,4.0214033556345665,ACTR2;MORF4L1;PBRM1;SMARCC1;FUS;MORF4L2;ARID1A;SMARCA2
GO_Biological_Process_2023,Regulation Of Cysteine-Type Endopeptidase Activity Involved In Apoptotic Process (GO:0043281),8/84,0.1019890867427399,0.2639923986506846,0,0,1.7615409851431785,4.0214033556345665,RPS6KA3;FIS1;DDX3X;ARL6IP1;DAPK1;SFN;DHCR24;RAF1
GO_Biological_Process_2023,Negative Regulation Of Exocytosis (GO:0045920),2/10,0.106356875844713,0.2668500400613513,0,0,4.176483613817537,9.359312197830576,STXBP6;RAB7A
GO_Biological_Process_2023,Negative Regulation Of Mitochondrial Outer Membrane Permeabilization Involved In Apoptotic Signaling Pathway (GO:1901029),2/10,0.106356875844713,0.2668500400613513,0,0,4.176483613817537,9.359312197830576,SLC25A5;SLC25A4
GO_Biological_Process_2023,Negative Regulation Of Pathway-Restricted SMAD Protein Phosphorylation (GO:0060394),2/10,0.106356875844713,0.2668500400613513,0,0,4.176483613817537,9.359312197830576,LRP1;PPARG
GO_Biological_Process_2023,Negative Regulation Of Programmed Necrotic Cell Death (GO:0062099),2/10,0.106356875844713,0.2668500400613513,0,0,4.176483613817537,9.359312197830576,PELI1;SLC25A4
GO_Biological_Process_2023,Positive Regulation Of Autophagy Of Mitochondrion (GO:1903599),2/10,0.106356875844713,0.2668500400613513,0,0,4.176483613817537,9.359312197830576,SLC25A5;SLC25A4
GO_Biological_Process_2023,Positive Regulation Of Cellular Respiration (GO:1901857),2/10,0.106356875844713,0.2668500400613513,0,0,4.176483613817537,9.359312197830576,PRELID1;ISCU
GO_Biological_Process_2023,Positive Regulation Of Integrin Activation (GO:0033625),2/10,0.106356875844713,0.2668500400613513,0,0,4.176483613817537,9.359312197830576,RAP1B;FERMT2
GO_Biological_Process_2023,Positive Regulation Of Lipid Localization (GO:1905954),2/10,0.106356875844713,0.2668500400613513,0,0,4.176483613817537,9.359312197830576,LRP1;LCP1
GO_Biological_Process_2023,Positive Regulation Of Macrophage Differentiation (GO:0045651),2/10,0.106356875844713,0.2668500400613513,0,0,4.176483613817537,9.359312197830576,ID2;PRKCA
GO_Biological_Process_2023,Positive Regulation Of Post-Transcriptional Gene Silencing By RNA (GO:1900370),2/10,0.106356875844713,0.2668500400613513,0,0,4.176483613817537,9.359312197830576,PUM1;PUM2
GO_Biological_Process_2023,Regulation Of Axon Regeneration (GO:0048679),2/10,0.106356875844713,0.2668500400613513,0,0,4.176483613817537,9.359312197830576,STK24;PTN
GO_Biological_Process_2023,Negative Regulation Of Adenylate Cyclase Activity (GO:0007194),2/10,0.106356875844713,0.2668500400613513,0,0,4.176483613817537,9.359312197830576,GNAI3;GNAI2
GO_Biological_Process_2023,Regulation Of Calcium Ion Import Across Plasma Membrane (GO:1905664),2/10,0.106356875844713,0.2668500400613513,0,0,4.176483613817537,9.359312197830576,PPP3CA;FYN
GO_Biological_Process_2023,Regulation Of Lipid Transport (GO:0032368),2/10,0.106356875844713,0.2668500400613513,0,0,4.176483613817537,9.359312197830576,LRP1;SAR1B
GO_Biological_Process_2023,Regulation Of Respiratory Burst (GO:0060263),2/10,0.106356875844713,0.2668500400613513,0,0,4.176483613817537,9.359312197830576,RAC2;RAC1
GO_Biological_Process_2023,Response To Prostaglandin E (GO:0034695),2/10,0.106356875844713,0.2668500400613513,0,0,4.176483613817537,9.359312197830576,GNG2;GNB1
GO_Biological_Process_2023,Signal Release (GO:0023061),2/10,0.106356875844713,0.2668500400613513,0,0,4.176483613817537,9.359312197830576,KPNA4;WLS
GO_Biological_Process_2023,Synaptic Vesicle Transport (GO:0048489),2/10,0.106356875844713,0.2668500400613513,0,0,4.176483613817537,9.359312197830576,RAB27A;DNM2
GO_Biological_Process_2023,Urogenital System Development (GO:0001655),2/10,0.106356875844713,0.2668500400613513,0,0,4.176483613817537,9.359312197830576,OXSR1;SOX9
GO_Biological_Process_2023,Vacuole Fusion (GO:0097576),2/10,0.106356875844713,0.2668500400613513,0,0,4.176483613817537,9.359312197830576,CHMP1B;CHMP2A
GO_Biological_Process_2023,Regulation Of B Cell Apoptotic Process (GO:0002902),2/10,0.106356875844713,0.2668500400613513,0,0,4.176483613817537,9.359312197830576,LYN;FOXP1
GO_Biological_Process_2023,Mitotic G1/S Transition Checkpoint Signaling (GO:0044819),2/10,0.106356875844713,0.2668500400613513,0,0,4.176483613817537,9.359312197830576,WAC;RPS27L
GO_Biological_Process_2023,Monocyte Differentiation (GO:0030224),2/10,0.106356875844713,0.2668500400613513,0,0,4.176483613817537,9.359312197830576,MYH9;PPARG
GO_Biological_Process_2023,Maintenance Of Synapse Structure (GO:0099558),2/10,0.106356875844713,0.2668500400613513,0,0,4.176483613817537,9.359312197830576,NLGN1;ERC1
GO_Biological_Process_2023,Amide Transport (GO:0042886),4/32,0.1043834673734606,0.2668500400613513,0,0,2.388262137152998,5.396717678385906,GJA1;VAPA;SLC1A3;CERT1
GO_Biological_Process_2023,Cellular Nitrogen Compound Biosynthetic Process (GO:0044271),4/32,0.1043834673734606,0.2668500400613513,0,0,2.388262137152998,5.396717678385906,SPTLC2;CPS1;DDAH2;SPTSSA
GO_Biological_Process_2023,Mitochondrial Membrane Organization (GO:0007006),4/32,0.1043834673734606,0.2668500400613513,0,0,2.388262137152998,5.396717678385906,HSPA9;SLC25A5;SLC25A4;BCL2L1
GO_Biological_Process_2023,Negative Regulation Of Fat Cell Differentiation (GO:0045599),4/32,0.1043834673734606,0.2668500400613513,0,0,2.388262137152998,5.396717678385906,TRIO;SMAD3;CCDC85B;FERMT2
GO_Biological_Process_2023,Proteoglycan Biosynthetic Process (GO:0030166),4/32,0.1043834673734606,0.2668500400613513,0,0,2.388262137152998,5.396717678385906,EXT1;UGDH;BMPR2;CHST11
GO_Biological_Process_2023,Regulation Of Cholesterol Efflux (GO:0010874),4/32,0.1043834673734606,0.2668500400613513,0,0,2.388262137152998,5.396717678385906,RXRA;LRP1;PPARG;LAMTOR1
GO_Biological_Process_2023,Regulation Of Metaphase/Anaphase Transition Of Cell Cycle (GO:1902099),4/32,0.1043834673734606,0.2668500400613513,0,0,2.388262137152998,5.396717678385906,PBRM1;SMARCC1;ARID1A;SMARCA2
GO_Biological_Process_2023,Metanephric Mesenchyme Development (GO:0072075),2/10,0.106356875844713,0.2668500400613513,0,0,4.176483613817537,9.359312197830576,TCF21;OXSR1
GO_Biological_Process_2023,T-helper Cell Lineage Commitment (GO:0002295),2/10,0.106356875844713,0.2668500400613513,0,0,4.176483613817537,9.359312197830576,SOCS3;STAT3
GO_Biological_Process_2023,UDP-N-acetylglucosamine Metabolic Process (GO:0006047),2/10,0.106356875844713,0.2668500400613513,0,0,4.176483613817537,9.359312197830576,GFPT2;GFPT1
GO_Biological_Process_2023,Acidic Amino Acid Transport (GO:0015800),2/10,0.106356875844713,0.2668500400613513,0,0,4.176483613817537,9.359312197830576,GJA1;SLC1A3
GO_Biological_Process_2023,Notch Signaling Involved In Heart Development (GO:0061314),2/10,0.106356875844713,0.2668500400613513,0,0,4.176483613817537,9.359312197830576,JAG1;RBPJ
GO_Biological_Process_2023,Atrial Septum Morphogenesis (GO:0060413),2/10,0.106356875844713,0.2668500400613513,0,0,4.176483613817537,9.359312197830576,BMPR2;TBX20
GO_Biological_Process_2023,Arginine Metabolic Process (GO:0006525),2/10,0.106356875844713,0.2668500400613513,0,0,4.176483613817537,9.359312197830576,DDAH2;ASS1
GO_Biological_Process_2023,Hematopoietic Stem Cell Proliferation (GO:0071425),2/10,0.106356875844713,0.2668500400613513,0,0,4.176483613817537,9.359312197830576,SFRP2;WNT2B
GO_Biological_Process_2023,Establishment Of Endothelial Intestinal Barrier (GO:0090557),2/10,0.106356875844713,0.2668500400613513,0,0,4.176483613817537,9.359312197830576,RAB1A;RAP2B
GO_Biological_Process_2023,Epithelial Cell Apoptotic Process (GO:1904019),2/10,0.106356875844713,0.2668500400613513,0,0,4.176483613817537,9.359312197830576,BMPR2;HIPK1
GO_Biological_Process_2023,Interleukin-15-Mediated Signaling Pathway (GO:0035723),2/10,0.106356875844713,0.2668500400613513,0,0,4.176483613817537,9.359312197830576,STAT3;PLCB1
GO_Biological_Process_2023,Cellular Response To Increased Oxygen Levels (GO:0036295),2/10,0.106356875844713,0.2668500400613513,0,0,4.176483613817537,9.359312197830576,ATP6V1A;ATP6V0D1
GO_Biological_Process_2023,Cell Proliferation In Forebrain (GO:0021846),2/10,0.106356875844713,0.2668500400613513,0,0,4.176483613817537,9.359312197830576,DOCK7;HOOK3
GO_Biological_Process_2023,Basement Membrane Organization (GO:0071711),2/10,0.106356875844713,0.2668500400613513,0,0,4.176483613817537,9.359312197830576,FLRT2;MLF2
GO_Biological_Process_2023,Cellular Response To Interleukin-15 (GO:0071350),2/10,0.106356875844713,0.2668500400613513,0,0,4.176483613817537,9.359312197830576,STAT3;PLCB1
GO_Biological_Process_2023,Glycosaminoglycan Biosynthetic Process (GO:0006024),6/58,0.1083818512990816,0.2712070144616407,0,0,1.929948717948718,4.2885286773763385,EXT1;UGDH;CHST11;ANGPT1;HAS1;UST
GO_Biological_Process_2023,Positive Regulation Of Mitochondrion Organization (GO:0010822),6/58,0.1083818512990816,0.2712070144616407,0,0,1.929948717948718,4.2885286773763385,GSK3B;FIS1;RALA;VPS35;DNM1L;MCU
GO_Biological_Process_2023,Regulation Of Phagocytosis (GO:0050764),6/58,0.1083818512990816,0.2712070144616407,0,0,1.929948717948718,4.2885286773763385,SNX3;CAMK1D;RACK1;RAB27A;DOCK2;GATA2
GO_Biological_Process_2023,Response To Organic Cyclic Compound (GO:0014070),6/58,0.1083818512990816,0.2712070144616407,0,0,1.929948717948718,4.2885286773763385,STAT5B;IGFBP5;STAT3;CTNNB1;AQP3;STRN3
GO_Biological_Process_2023,Regulation Of Protein Modification Process (GO:0031399),5/45,0.1087503759884768,0.2715870943510368,0,0,2.090253108348135,4.6376448884872845,LYN;PPP1R16B;SOCS1;PTK2;CORO1C
GO_Biological_Process_2023,Mitotic Nuclear Division (GO:0140014),5/45,0.1087503759884768,0.2715870943510368,0,0,2.090253108348135,4.6376448884872845,ZNF207;CHMP2A;CLASP1;RAN;NDEL1
GO_Biological_Process_2023,Regulation Of Apoptotic Signaling Pathway (GO:2001233),5/45,0.1087503759884768,0.2715870943510368,0,0,2.090253108348135,4.6376448884872845,NR4A2;DEPTOR;SGMS1;DAPK2;ETFA
GO_Biological_Process_2023,Regulation Of Anoikis (GO:2000209),3/21,0.1124887754369985,0.2788861466173709,0,0,2.785313238770686,6.085636009806623,TLE1;PTK2;TLE5
GO_Biological_Process_2023,Positive Regulation Of Vacuole Organization (GO:0044090),3/21,0.1124887754369985,0.2788861466173709,0,0,2.785313238770686,6.085636009806623,SH3GLB1;RALB;PIP4K2A
GO_Biological_Process_2023,Response To Cadmium Ion (GO:0046686),3/21,0.1124887754369985,0.2788861466173709,0,0,2.785313238770686,6.085636009806623,JUN;MAPK8;MAPK1
GO_Biological_Process_2023,Regulation Of Membrane Protein Ectodomain Proteolysis (GO:0051043),3/21,0.1124887754369985,0.2788861466173709,0,0,2.785313238770686,6.085636009806623,ROCK1;TIMP2;TIMP3
GO_Biological_Process_2023,Positive Regulation Of Translational Initiation (GO:0045948),3/21,0.1124887754369985,0.2788861466173709,0,0,2.785313238770686,6.085636009806623,DDX3X;YTHDF3;POLR2G
GO_Biological_Process_2023,Regulation Of Dendritic Spine Development (GO:0060998),3/21,0.1124887754369985,0.2788861466173709,0,0,2.785313238770686,6.085636009806623,NLGN1;TANC2;ARF6
GO_Biological_Process_2023,Focal Adhesion Assembly (GO:0048041),3/21,0.1124887754369985,0.2788861466173709,0,0,2.785313238770686,6.085636009806623,PTPRK;DYNLL1;FERMT2
GO_Biological_Process_2023,Endocardial Cushion Morphogenesis (GO:0003203),3/21,0.1124887754369985,0.2788861466173709,0,0,2.785313238770686,6.085636009806623,TBX20;SOX9;BMPR1A
GO_Biological_Process_2023,Mitochondrial Calcium Ion Homeostasis (GO:0051560),3/21,0.1124887754369985,0.2788861466173709,0,0,2.785313238770686,6.085636009806623,FIS1;RAP1GDS1;MCU
GO_Biological_Process_2023,Aminoglycan Biosynthetic Process (GO:0006023),3/21,0.1124887754369985,0.2788861466173709,0,0,2.785313238770686,6.085636009806623,EXT1;UGDH;HAS1
GO_Biological_Process_2023,Protein Targeting To Membrane (GO:0006612),7/72,0.111764881248743,0.2788861466173709,0,0,1.8016424856282507,3.9480434737099688,SEC61A1;ATG3;ARL6IP1;SSR2;SRPRA;SSR1;RAB8B
GO_Biological_Process_2023,Neuron Differentiation (GO:0030182),14/173,0.112882566256599,0.2796780841179637,0,0,1.4748624741699183,3.2172756752028566,TENM1;MTPN;MAP2K1;WNT2B;PBX3;PBX1;MANF;NR4A2;PTPRD;UGCG;UGDH;ERBB4;ID2;CTNNB1
GO_Biological_Process_2023,Regulation Of Amyloid-Beta Formation (GO:1902003),4/33,0.1137563822392499,0.2805493466241435,0,0,2.3057858825689195,5.012077815255314,ROCK1;ROCK2;ABCG1;PICALM
GO_Biological_Process_2023,Regulation Of NLRP3 Inflammasome Complex Assembly (GO:1900225),4/33,0.1137563822392499,0.2805493466241435,0,0,2.3057858825689195,5.012077815255314,HSPA8;MAPK8;DDX3X;NEK7
GO_Biological_Process_2023,Regulation Of G0 To G1 Transition (GO:0070316),4/33,0.1137563822392499,0.2805493466241435,0,0,2.3057858825689195,5.012077815255314,PBRM1;SMARCC1;ARID1A;SMARCA2
GO_Biological_Process_2023,Positive Regulation Of Nitrogen Compound Metabolic Process (GO:0051173),4/33,0.1137563822392499,0.2805493466241435,0,0,2.3057858825689195,5.012077815255314,APP;MTPN;MAPK8;GATA3
GO_Biological_Process_2023,Negative Regulation Of Blood Vessel Endothelial Cell Migration (GO:0043537),4/33,0.1137563822392499,0.2805493466241435,0,0,2.3057858825689195,5.012077815255314,JUP;CSNK2B;PPARG;RHOA
GO_Biological_Process_2023,Protein Targeting (GO:0006605),11/129,0.1137389530031068,0.2805493466241435,0,0,1.5606915859564163,3.3927083777010028,TIMM8B;ATG3;FIS1;SEC61A1;NLGN1;SPCS2;CDC37;RPL11;SRPRA;TOMM20;GABARAP
GO_Biological_Process_2023,Positive Regulation Of Small Molecule Metabolic Process (GO:0062013),4/33,0.1137563822392499,0.2805493466241435,0,0,2.3057858825689195,5.012077815255314,APP;PRKCE;ZBTB20;SLC4A4
GO_Biological_Process_2023,Regulation Of Multicellular Organismal Development (GO:2000026),6/59,0.1152278454671853,0.2838061079253989,0,0,1.893433962264151,4.091415124794065,NIPBL;TRIP12;GATA3;PTN;DUSP6;BLTP1
GO_Biological_Process_2023,Regulation Of Type I Interferon Production (GO:0032479),6/59,0.1152278454671853,0.2838061079253989,0,0,1.893433962264151,4.091415124794065,DDX3X;TRAF3;CUL3;BANF1;RBX1;ATG5
GO_Biological_Process_2023,Vacuolar Transport (GO:0007034),5/46,0.1166675071754393,0.2866012374179147,0,0,2.0391630204046267,4.380993316280996,LRP1;AP1G1;CHMP1B;CHMP2A;ATP6V0D1
GO_Biological_Process_2023,Regulation Of Fibroblast Proliferation (GO:0048145),5/46,0.1166675071754393,0.2866012374179147,0,0,2.0391630204046267,4.380993316280996,CDK6;NF1;S100A6;CTNNB1;DDR2
GO_Biological_Process_2023,Negative Regulation Of Cold-Induced Thermogenesis (GO:0120163),5/46,0.1166675071754393,0.2866012374179147,0,0,2.0391630204046267,4.380993316280996,NOVA1;DOCK7;ARRDC3;PLCL2;RBPJ
GO_Biological_Process_2023,Negative Regulation Of Cellular Metabolic Process (GO:0031324),5/46,0.1166675071754393,0.2866012374179147,0,0,2.0391630204046267,4.380993316280996,MAP3K3;CDK6;AKT3;HMGA2;YBX1
GO_Biological_Process_2023,Cellular Response To Reactive Oxygen Species (GO:0034614),7/73,0.1179577459882349,0.2893927479854871,0,0,1.774250512239836,3.792334149467648,MAPK8;JUN;MAPK1;FYN;ROMO1;PTPRK;RHOB
GO_Biological_Process_2023,Ubiquitin-Dependent ERAD Pathway (GO:0030433),7/73,0.1179577459882349,0.2893927479854871,0,0,1.774250512239836,3.792334149467648,ERLEC1;HSPA5;FAF1;DERL1;STUB1;SEC61B;HSP90B1
GO_Biological_Process_2023,Lysosomal Membrane Organization (GO:0097212),2/11,0.1252940889865212,0.2963717413071109,0,0,3.7122330479283536,7.710648055409378,CHMP1B;CHMP2A
GO_Biological_Process_2023,Negative Regulation Of RNA Metabolic Process (GO:0051253),2/11,0.1252940889865212,0.2963717413071109,0,0,3.7122330479283536,7.710648055409378,PTBP2;RPS13
GO_Biological_Process_2023,Negative Regulation Of calcineurin-NFAT Signaling Cascade (GO:0070885),2/11,0.1252940889865212,0.2963717413071109,0,0,3.7122330479283536,7.710648055409378,GSK3B;CHP1
GO_Biological_Process_2023,Negative Regulation Of Calcineurin-Mediated Signaling (GO:0106057),2/11,0.1252940889865212,0.2963717413071109,0,0,3.7122330479283536,7.710648055409378,GSK3B;CHP1
GO_Biological_Process_2023,Negative Regulation Of Cellular Response To Vascular Endothelial Growth Factor Stimulus (GO:1902548),2/11,0.1252940889865212,0.2963717413071109,0,0,3.7122330479283536,7.710648055409378,SPRY2;PIK3CB
GO_Biological_Process_2023,Negative Regulation Of Cyclase Activity (GO:0031280),2/11,0.1252940889865212,0.2963717413071109,0,0,3.7122330479283536,7.710648055409378,GNAI3;GNAI2
GO_Biological_Process_2023,Negative Regulation Of Glucose Transmembrane Transport (GO:0010829),2/11,0.1252940889865212,0.2963717413071109,0,0,3.7122330479283536,7.710648055409378,PID1;PRKCB
GO_Biological_Process_2023,Negative Regulation Of Leukocyte Chemotaxis (GO:0002689),2/11,0.1252940889865212,0.2963717413071109,0,0,3.7122330479283536,7.710648055409378,DUSP1;SLIT2
GO_Biological_Process_2023,Negative Regulation Of Microtubule Polymerization (GO:0031115),2/11,0.1252940889865212,0.2963717413071109,0,0,3.7122330479283536,7.710648055409378,STMN1;DYRK1A
GO_Biological_Process_2023,Intracellular Copper Ion Homeostasis (GO:0006878),2/11,0.1252940889865212,0.2963717413071109,0,0,3.7122330479283536,7.710648055409378,APP;ARF1
GO_Biological_Process_2023,Negative Regulation Of Nitrogen Compound Metabolic Process (GO:0051172),2/11,0.1252940889865212,0.2963717413071109,0,0,3.7122330479283536,7.710648055409378,HSP90AB1;CLTC
GO_Biological_Process_2023,Negative Regulation Of Platelet-Derived Growth Factor Receptor Signaling Pathway (GO:0010642),2/11,0.1252940889865212,0.2963717413071109,0,0,3.7122330479283536,7.710648055409378,LRP1;PHF14
GO_Biological_Process_2023,Negative Regulation Of Vascular Permeability (GO:0043116),2/11,0.1252940889865212,0.2963717413071109,0,0,3.7122330479283536,7.710648055409378,SLIT2;FERMT2
GO_Biological_Process_2023,Regulation Of Leukocyte Cell-Cell Adhesion (GO:1903037),2/11,0.1252940889865212,0.2963717413071109,0,0,3.7122330479283536,7.710648055409378,LCK;ASS1
GO_Biological_Process_2023,Positive Regulation Of Lipid Transport (GO:0032370),2/11,0.1252940889865212,0.2963717413071109,0,0,3.7122330479283536,7.710648055409378,PRELID1;LRP1
GO_Biological_Process_2023,Positive Regulation Of Protein Polyubiquitination (GO:1902916),2/11,0.1252940889865212,0.2963717413071109,0,0,3.7122330479283536,7.710648055409378,DDX3X;GABARAP
GO_Biological_Process_2023,Presynapse Organization (GO:0099172),2/11,0.1252940889865212,0.2963717413071109,0,0,3.7122330479283536,7.710648055409378,PTPRD;NLGN1
GO_Biological_Process_2023,Regulation Of Actin Filament Depolymerization (GO:0030834),2/11,0.1252940889865212,0.2963717413071109,0,0,3.7122330479283536,7.710648055409378,MTPN;WDR1
GO_Biological_Process_2023,Regulation Of Adipose Tissue Development (GO:1904177),2/11,0.1252940889865212,0.2963717413071109,0,0,3.7122330479283536,7.710648055409378,PPARG;LCP1
GO_Biological_Process_2023,Regulation Of Astrocyte Differentiation (GO:0048710),2/11,0.1252940889865212,0.2963717413071109,0,0,3.7122330479283536,7.710648055409378,ID2;HES1
GO_Biological_Process_2023,Regulation Of Keratinocyte Migration (GO:0051547),2/11,0.1252940889865212,0.2963717413071109,0,0,3.7122330479283536,7.710648055409378,MAPRE2;ARF6
GO_Biological_Process_2023,Glutamine Family Amino Acid Biosynthetic Process (GO:0009084),2/11,0.1252940889865212,0.2963717413071109,0,0,3.7122330479283536,7.710648055409378,ASS1;GLS
GO_Biological_Process_2023,Regulation Of Lipid Kinase Activity (GO:0043550),2/11,0.1252940889865212,0.2963717413071109,0,0,3.7122330479283536,7.710648055409378,PPP2R5A;PIK3R1
GO_Biological_Process_2023,Regulation Of Muscle System Process (GO:0090257),2/11,0.1252940889865212,0.2963717413071109,0,0,3.7122330479283536,7.710648055409378,SRI;MYL9
GO_Biological_Process_2023,Regulation Of Type II Interferon-Mediated Signaling Pathway (GO:0060334),2/11,0.1252940889865212,0.2963717413071109,0,0,3.7122330479283536,7.710648055409378,CDC37;PPARG
GO_Biological_Process_2023,Retinoic Acid Receptor Signaling Pathway (GO:0048384),2/11,0.1252940889865212,0.2963717413071109,0,0,3.7122330479283536,7.710648055409378,RXRA;PPARG
GO_Biological_Process_2023,Positive Regulation Of Circadian Rhythm (GO:0042753),2/11,0.1252940889865212,0.2963717413071109,0,0,3.7122330479283536,7.710648055409378,NLGN1;FBXW11
GO_Biological_Process_2023,Ganglion Development (GO:0061548),2/11,0.1252940889865212,0.2963717413071109,0,0,3.7122330479283536,7.710648055409378,CTNNB1;UNC5C
GO_Biological_Process_2023,Post-Transcriptional Gene Silencing (GO:0016441),2/11,0.1252940889865212,0.2963717413071109,0,0,3.7122330479283536,7.710648055409378,CELF1;PUM1
GO_Biological_Process_2023,Dosage Compensation By Inactivation Of X Chromosome (GO:0009048),2/11,0.1252940889865212,0.2963717413071109,0,0,3.7122330479283536,7.710648055409378,PCGF5;HNRNPU
GO_Biological_Process_2023,Regulation Of Extrinsic Apoptotic Signaling Pathway (GO:2001236),6/60,0.1222857403723019,0.2963717413071109,0,0,1.8582716049382717,3.904962359280021,TCF7L2;DEPTOR;ETFA;BIRC6;PAK2;FGFR1
GO_Biological_Process_2023,Negative Regulation Of JNK Cascade (GO:0046329),4/34,0.1234846493707948,0.2963717413071109,0,0,2.2288080449571135,4.661860553756841,DNAJA1;TAOK3;PRMT1;PDCD4
GO_Biological_Process_2023,Negative Regulation Of Mitotic Cell Cycle (GO:0045930),4/34,0.1234846493707948,0.2963717413071109,0,0,2.2288080449571135,4.661860553756841,BTG1;CTNNB1;HECA;ZFP36L1
GO_Biological_Process_2023,Positive Regulation Of Carbohydrate Metabolic Process (GO:0045913),4/34,0.1234846493707948,0.2963717413071109,0,0,2.2288080449571135,4.661860553756841,APP;PRKCE;ZBTB20;SLC4A4
GO_Biological_Process_2023,Purine Nucleotide Metabolic Process (GO:0006163),4/34,0.1234846493707948,0.2963717413071109,0,0,2.2288080449571135,4.661860553756841,MDH1;KRT17;IDH1;IDH2
GO_Biological_Process_2023,Semaphorin-Plexin Signaling Pathway (GO:0071526),4/34,0.1234846493707948,0.2963717413071109,0,0,2.2288080449571135,4.661860553756841,SEMA3C;PLXNA2;FLNA;RAC1
GO_Biological_Process_2023,Golgi To Plasma Membrane Transport (GO:0006893),5/47,0.1248493408509223,0.2963717413071109,0,0,1.9905057937917616,4.141540986788195,RAB10;RABEP1;EXOC6B;EXOC4;SPTBN1
GO_Biological_Process_2023,NAD Metabolic Process (GO:0019674),3/22,0.1250520555955186,0.2963717413071109,0,0,2.6385778275475924,5.485669752372532,MDH1;KRT17;NAMPT
GO_Biological_Process_2023,Acetylcholine Receptor Signaling Pathway (GO:0095500),3/22,0.1250520555955186,0.2963717413071109,0,0,2.6385778275475924,5.485669752372532,GRK2;GNB1;PLCB1
GO_Biological_Process_2023,Blood Vessel Endothelial Cell Migration (GO:0043534),3/22,0.1250520555955186,0.2963717413071109,0,0,2.6385778275475924,5.485669752372532,EFNB2;MYH9;SLIT2
GO_Biological_Process_2023,Cellular Response To Cadmium Ion (GO:0071276),3/22,0.1250520555955186,0.2963717413071109,0,0,2.6385778275475924,5.485669752372532,JUN;MAPK8;MAPK1
GO_Biological_Process_2023,Inositol Phosphate Metabolic Process (GO:0043647),3/22,0.1250520555955186,0.2963717413071109,0,0,2.6385778275475924,5.485669752372532,INPP4A;INPP5A;PPIP5K2
GO_Biological_Process_2023,Regulation Of calcineurin-NFAT Signaling Cascade (GO:0070884),4/34,0.1234846493707948,0.2963717413071109,0,0,2.2288080449571135,4.661860553756841,GSK3B;PPP3CA;CHP1;SPPL3
GO_Biological_Process_2023,Positive Regulation Of Cholesterol Efflux (GO:0010875),3/22,0.1250520555955186,0.2963717413071109,0,0,2.6385778275475924,5.485669752372532,RXRA;LRP1;PPARG
GO_Biological_Process_2023,Membrane Protein Ectodomain Proteolysis (GO:0006509),3/22,0.1250520555955186,0.2963717413071109,0,0,2.6385778275475924,5.485669752372532,MYH9;SPPL3;RBMX
GO_Biological_Process_2023,Digestive System Development (GO:0055123),2/11,0.1252940889865212,0.2963717413071109,0,0,3.7122330479283536,7.710648055409378,NIPBL;FGFR2
GO_Biological_Process_2023,Central Nervous System Projection Neuron Axonogenesis (GO:0021952),2/11,0.1252940889865212,0.2963717413071109,0,0,3.7122330479283536,7.710648055409378,MYCBP2;PAFAH1B1
GO_Biological_Process_2023,Central Nervous System Myelination (GO:0022010),2/11,0.1252940889865212,0.2963717413071109,0,0,3.7122330479283536,7.710648055409378,GPM6B;B4GALT5
GO_Biological_Process_2023,Cellular Response To Thyroid Hormone Stimulus (GO:0097067),2/11,0.1252940889865212,0.2963717413071109,0,0,3.7122330479283536,7.710648055409378,KLF9;RDX
GO_Biological_Process_2023,Brain Morphogenesis (GO:0048854),2/11,0.1252940889865212,0.2963717413071109,0,0,3.7122330479283536,7.710648055409378,FBXW11;PAFAH1B1
GO_Biological_Process_2023,Epithelial Cell-Cell Adhesion (GO:0090136),2/11,0.1252940889865212,0.2963717413071109,0,0,3.7122330479283536,7.710648055409378,JUP;VCL
GO_Biological_Process_2023,Regulation Of Telomere Capping (GO:1904353),3/22,0.1250520555955186,0.2963717413071109,0,0,2.6385778275475924,5.485669752372532,NEK7;HNRNPD;MAPK1
GO_Biological_Process_2023,Regulation Of Neural Precursor Cell Proliferation (GO:2000177),3/22,0.1250520555955186,0.2963717413071109,0,0,2.6385778275475924,5.485669752372532,ID2;NAP1L1;GATA2
GO_Biological_Process_2023,Regulation Of Catabolic Process (GO:0009894),3/22,0.1250520555955186,0.2963717413071109,0,0,2.6385778275475924,5.485669752372532,FAF1;PTK2B;UBE3A
GO_Biological_Process_2023,Regulation Of Cardiac Muscle Cell Membrane Repolarization (GO:0099623),3/22,0.1250520555955186,0.2963717413071109,0,0,2.6385778275475924,5.485669752372532,CACNA2D1;NOS1AP;FLNA
GO_Biological_Process_2023,Protein Neddylation (GO:0045116),3/22,0.1250520555955186,0.2963717413071109,0,0,2.6385778275475924,5.485669752372532,NEDD8;RBX1;UBE2M
GO_Biological_Process_2023,Positive Regulation Of Receptor Internalization (GO:0002092),3/22,0.1250520555955186,0.2963717413071109,0,0,2.6385778275475924,5.485669752372532,ANGPT1;ARRB1;ARRB2
GO_Biological_Process_2023,Protein Maturation (GO:0051604),10/117,0.1259109415317474,0.2976436524832823,0,0,1.5641908509591735,3.2412856782467245,MMP14;TSPAN14;GALNT2;RAP1GDS1;ADAM10;TSPAN5;CPE;STUB1;CIAO2B;HSPD1
GO_Biological_Process_2023,Circulatory System Development (GO:0072359),11/132,0.1277055870414461,0.3016964276776878,0,0,1.5217532467532469,3.1318104342060034,GJA1;NXN;ERBB4;ID2;NF1;TCF21;SOX9;OXSR1;SRI;FBN1;KDM6A
GO_Biological_Process_2023,Regulation Of Macromolecule Metabolic Process (GO:0060255),13/162,0.1289848731407474,0.3045273746907415,0,0,1.4609021382862497,2.9920154436661837,APP;ROCK2;CHD7;YBX1;FOXP1;ZFP36L1;CDK6;RASA1;HNRNPD;VPS35;IGF2BP2;LAMTOR1;KDM6A
GO_Biological_Process_2023,Negative Regulation Of Autophagy (GO:0010507),6/61,0.129550861391303,0.3052887153462975,0,0,1.824387878787879,3.7284681633464105,DAP;SNRNP70;STAT3;STK38L;EIF4E;EIF4G2
GO_Biological_Process_2023,Regulation Of Pathway-Restricted SMAD Protein Phosphorylation (GO:0060393),6/61,0.129550861391303,0.3052887153462975,0,0,1.824387878787879,3.7284681633464105,BMPR2;LRP1;RBPMS;CSNK2B;PPARG;BMPR1A
GO_Biological_Process_2023,Positive Regulation Of Cell Junction Assembly (GO:1901890),6/61,0.129550861391303,0.3052887153462975,0,0,1.824387878787879,3.7284681633464105,PTPRD;NLGN1;ROCK1;FLOT1;RAC1;FERMT2
GO_Biological_Process_2023,Cellular Response To Peptide Hormone Stimulus (GO:0071375),8/89,0.1302299220451667,0.3066967669454427,0,0,1.6523641480602005,3.368267909835317,NR4A2;RAB10;PKM;MYO5A;PPARG;PIK3R1;RHOQ;ZFP36L1
GO_Biological_Process_2023,Positive Regulation Of Neurogenesis (GO:0050769),7/75,0.1308624009718595,0.3079934230633065,0,0,1.7218835042913962,3.501637588218928,PTPRD;TIAM1;NPTN;PLXNA2;CTNNB1;NAP1L1;SLIT2
GO_Biological_Process_2023,Response To Nutrient Levels (GO:0031667),4/35,0.1335521006059447,0.3131480363958592,0,0,2.156796519449294,4.342199948000257,CREBBP;MAPKAP1;FLNB;RICTOR
GO_Biological_Process_2023,Cellular Response To Mechanical Stimulus (GO:0071260),5/48,0.1332876029185805,0.3131480363958592,0,0,1.9441116939981,3.917863426636957,CNN2;MAP3K2;MAP2K4;MAPK8;SOX9
GO_Biological_Process_2023,Glutamate Receptor Signaling Pathway (GO:0007215),4/35,0.1335521006059447,0.3131480363958592,0,0,2.156796519449294,4.342199948000257,HOMER1;PTK2B;PLCB1;CPEB4
GO_Biological_Process_2023,Intrinsic Apoptotic Signaling Pathway By P53 Class Mediator (GO:0072332),4/35,0.1335521006059447,0.3131480363958592,0,0,2.156796519449294,4.342199948000257,DDX5;RPS27L;HIPK1;HIPK2
GO_Biological_Process_2023,Protein Methylation (GO:0006479),4/35,0.1335521006059447,0.3131480363958592,0,0,2.156796519449294,4.342199948000257,PRMT1;ETF1;GSPT1;SNRPB
GO_Biological_Process_2023,Regulation Of Sodium Ion Transport (GO:0002028),4/35,0.1335521006059447,0.3131480363958592,0,0,2.156796519449294,4.342199948000257,NKAIN2;NEDD4L;ATP1A1;YWHAH
GO_Biological_Process_2023,Regulation Of Phosphatidylinositol 3-Kinase Signaling (GO:0014066),8/90,0.1363171420787127,0.3192333570099867,0,0,1.6321264904545751,3.2524546337924627,PPP1R16B;ROR1;PIP5K1B;SOX9;PTK2;IGF1R;DDR2;FGFR1
GO_Biological_Process_2023,Regulation Of Peptidyl-Tyrosine Phosphorylation (GO:0050730),8/90,0.1363171420787127,0.3192333570099867,0,0,1.6321264904545751,3.2524546337924627,APP;RAP2B;SFRP2;ANGPT1;PTK2B;FYN;EFNA5;PAK2
GO_Biological_Process_2023,Antigen Receptor-Mediated Signaling Pathway (GO:0050851),11/134,0.1375168022297886,0.320593632276043,0,0,1.496849593495935,2.969763321561977,VAV3;TEC;PRKCB;LCK;PDE4D;PDE4B;CSK;FYN;GATA3;SPPL3;SPG21
GO_Biological_Process_2023,Regulation Of Cellular Response To Transforming Growth Factor Beta Stimulus (GO:1903844),3/23,0.1380913810920472,0.320593632276043,0,0,2.5065159574468083,4.962499628648418,SMAD3;SMURF2;PPARG
GO_Biological_Process_2023,Protein Localization To Cell Junction (GO:1902414),3/23,0.1380913810920472,0.320593632276043,0,0,2.5065159574468083,4.962499628648418,NLGN1;PAK2;FERMT2
GO_Biological_Process_2023,Positive Regulation Of Protein Targeting To Membrane (GO:0090314),3/23,0.1380913810920472,0.320593632276043,0,0,2.5065159574468083,4.962499628648418,FIS1;CHP1;FYN
GO_Biological_Process_2023,Negative Regulation Of Protein Depolymerization (GO:1901880),3/23,0.1380913810920472,0.320593632276043,0,0,2.5065159574468083,4.962499628648418,TAOK1;CLASP1;HDGFL3
GO_Biological_Process_2023,Negative Regulation Of Extrinsic Apoptotic Signaling Pathway Via Death Domain Receptors (GO:1902042),3/23,0.1380913810920472,0.320593632276043,0,0,2.5065159574468083,4.962499628648418,GSK3B;DDX3X;BCL2L1
GO_Biological_Process_2023,Microtubule Nucleation (GO:0007020),3/23,0.1380913810920472,0.320593632276043,0,0,2.5065159574468083,4.962499628648418,CSNK1D;CLASP1;NDEL1
GO_Biological_Process_2023,Response To BMP (GO:0071772),3/23,0.1380913810920472,0.320593632276043,0,0,2.5065159574468083,4.962499628648418,BMPR2;SOX9;BMPR1A
GO_Biological_Process_2023,Glial Cell Development (GO:0021782),3/23,0.1380913810920472,0.320593632276043,0,0,2.5065159574468083,4.962499628648418,APP;CDK6;NF1
GO_Biological_Process_2023,Cellular Response To Interleukin-6 (GO:0071354),3/23,0.1380913810920472,0.320593632276043,0,0,2.5065159574468083,4.962499628648418,PHB1;PID1;STAT3
GO_Biological_Process_2023,Adaptive Immune Response Based On Somatic Recombination Of Immune Receptors Built From Immunoglobulin Superfamily Domains (GO:0002460),3/23,0.1380913810920472,0.320593632276043,0,0,2.5065159574468083,4.962499628648418,PHB1;JAG1;STAT3
GO_Biological_Process_2023,Negative Regulation Of DNA-binding Transcription Factor Activity (GO:0043433),12/149,0.1379634271758041,0.320593632276043,0,0,1.4662726756814934,2.904344014937297,TCF7L2;DAP;TRAF3;ID2;CHP1;ID3;FLNA;ARRB1;HES1;WWP2;ARRB2;PHB2
GO_Biological_Process_2023,Transcription Initiation At RNA Polymerase II Promoter (GO:0006367),7/76,0.1375678289321059,0.320593632276043,0,0,1.6968384135334469,3.365913466081813,GTF2A2;GTF2B;ELOB;E2F3;POLR2G;ELOC;POLR2I
GO_Biological_Process_2023,Long-Chain fatty-acyl-CoA Metabolic Process (GO:0035336),3/23,0.1380913810920472,0.320593632276043,0,0,2.5065159574468083,4.962499628648418,TECR;ELOVL6;FAR1
GO_Biological_Process_2023,Intrinsic Apoptotic Signaling Pathway (GO:0097193),9/105,0.1396981643437214,0.3241238717438224,0,0,1.5685995989304813,3.087429340857895,DDX5;DDX3X;STK24;CUL3;TMEM117;ITPR1;SFN;BCL2L1;HIPK2
GO_Biological_Process_2023,Positive Regulation Of Vascular Endothelial Cell Proliferation (GO:1905564),2/12,0.1449484730289845,0.3256578297861475,0,0,3.340832595217006,6.452407095395577,AKT3;FGFR1
GO_Biological_Process_2023,Positive Regulation Of Regulated Secretory Pathway (GO:1903307),2/12,0.1449484730289845,0.3256578297861475,0,0,3.340832595217006,6.452407095395577,NLGN1;RAB27A
GO_Biological_Process_2023,Positive Regulation Of Protein Export From Nucleus (GO:0046827),2/12,0.1449484730289845,0.3256578297861475,0,0,3.340832595217006,6.452407095395577,YWHAE;GSK3B
GO_Biological_Process_2023,Positive Regulation Of T Cell Chemotaxis (GO:0010820),2/12,0.1449484730289845,0.3256578297861475,0,0,3.340832595217006,6.452407095395577,STK39;OXSR1
GO_Biological_Process_2023,Polysaccharide Biosynthetic Process (GO:0000271),2/12,0.1449484730289845,0.3256578297861475,0,0,3.340832595217006,6.452407095395577,EXT1;HAS1
GO_Biological_Process_2023,Negative Regulation Of Substrate Adhesion-Dependent Cell Spreading (GO:1900025),2/12,0.1449484730289845,0.3256578297861475,0,0,3.340832595217006,6.452407095395577,EFNA5;CORO1C
GO_Biological_Process_2023,Negative Regulation Of Voltage-Gated Calcium Channel Activity (GO:1901386),2/12,0.1449484730289845,0.3256578297861475,0,0,3.340832595217006,6.452407095395577,PPP3CA;CALM3
GO_Biological_Process_2023,Negative Regulation Of Mitochondrial Membrane Permeability (GO:0035795),2/12,0.1449484730289845,0.3256578297861475,0,0,3.340832595217006,6.452407095395577,SLC25A5;SLC25A4
GO_Biological_Process_2023,Negative Regulation Of Macrophage Derived Foam Cell Differentiation (GO:0010745),2/12,0.1449484730289845,0.3256578297861475,0,0,3.340832595217006,6.452407095395577,PPARG;ABCG1
GO_Biological_Process_2023,Positive Regulation Of Voltage-Gated Calcium Channel Activity (GO:1901387),2/12,0.1449484730289845,0.3256578297861475,0,0,3.340832595217006,6.452407095395577,PPP3CA;CACNA2D1
GO_Biological_Process_2023,Nuclear Body Organization (GO:0030575),2/12,0.1449484730289845,0.3256578297861475,0,0,3.340832595217006,6.452407095395577,SERBP1;HIPK2
GO_Biological_Process_2023,Primary miRNA Processing (GO:0031053),2/12,0.1449484730289845,0.3256578297861475,0,0,3.340832595217006,6.452407095395577,SMAD3;SRSF3
GO_Biological_Process_2023,Response To Thyroid Hormone (GO:0097066),2/12,0.1449484730289845,0.3256578297861475,0,0,3.340832595217006,6.452407095395577,KLF9;RDX
GO_Biological_Process_2023,Regulation Of Chemokine (C-X-C Motif) Ligand 2 Production (GO:2000341),2/12,0.1449484730289845,0.3256578297861475,0,0,3.340832595217006,6.452407095395577,LCP1;FOXP1
GO_Biological_Process_2023,Regulation Of Monooxygenase Activity (GO:0032768),2/12,0.1449484730289845,0.3256578297861475,0,0,3.340832595217006,6.452407095395577,DDAH2;NOS1AP
GO_Biological_Process_2023,Regulation Of Tube Diameter (GO:0035296),2/12,0.1449484730289845,0.3256578297861475,0,0,3.340832595217006,6.452407095395577,ROCK1;ROCK2
GO_Biological_Process_2023,Relaxation Of Cardiac Muscle (GO:0055119),2/12,0.1449484730289845,0.3256578297861475,0,0,3.340832595217006,6.452407095395577,RGS2;PLN
GO_Biological_Process_2023,Response To Interleukin-6 (GO:0070741),2/12,0.1449484730289845,0.3256578297861475,0,0,3.340832595217006,6.452407095395577,PHB1;PID1
GO_Biological_Process_2023,Negative Regulation Of Locomotion (GO:0040013),2/12,0.1449484730289845,0.3256578297861475,0,0,3.340832595217006,6.452407095395577,GATA3;CRK
GO_Biological_Process_2023,Very Long-Chain Fatty Acid Biosynthetic Process (GO:0042761),2/12,0.1449484730289845,0.3256578297861475,0,0,3.340832595217006,6.452407095395577,TECR;ELOVL6
GO_Biological_Process_2023,Sodium Ion Export Across Plasma Membrane (GO:0036376),2/12,0.1449484730289845,0.3256578297861475,0,0,3.340832595217006,6.452407095395577,ATP1A1;SLC4A4
GO_Biological_Process_2023,Sphingomyelin Metabolic Process (GO:0006684),2/12,0.1449484730289845,0.3256578297861475,0,0,3.340832595217006,6.452407095395577,SGMS1;VAPA
GO_Biological_Process_2023,Triglyceride Catabolic Process (GO:0019433),2/12,0.1449484730289845,0.3256578297861475,0,0,3.340832595217006,6.452407095395577,CPS1;LCP1
GO_Biological_Process_2023,Vascular Process In Circulatory System (GO:0003018),2/12,0.1449484730289845,0.3256578297861475,0,0,3.340832595217006,6.452407095395577,ROCK1;ROCK2
GO_Biological_Process_2023,Protein Insertion Into Mitochondrial Inner Membrane (GO:0045039),2/12,0.1449484730289845,0.3256578297861475,0,0,3.340832595217006,6.452407095395577,TIMM8B;ROMO1
GO_Biological_Process_2023,Negative Regulation Of JUN Kinase Activity (GO:0043508),2/12,0.1449484730289845,0.3256578297861475,0,0,3.340832595217006,6.452407095395577,DNAJA1;PDCD4
GO_Biological_Process_2023,Positive Regulation Of Myeloid Cell Differentiation (GO:0045639),4/36,0.1439418032739927,0.3256578297861475,0,0,2.0892857142857144,4.049759035498474,STAT5B;PRMT1;STAT3;HMGB2
GO_Biological_Process_2023,Morphogenesis Of A Polarized Epithelium (GO:0001738),2/12,0.1449484730289845,0.3256578297861475,0,0,3.340832595217006,6.452407095395577,RAB10;ACTG1
GO_Biological_Process_2023,Intrinsic Apoptotic Signaling Pathway In Response To DNA Damage (GO:0008630),5/49,0.1419734708999848,0.3256578297861475,0,0,1.8998264169223316,3.7086797664765783,RPS27L;SFN;HIPK1;HIPK2;BCL2L1
GO_Biological_Process_2023,Positive Regulation Of Pathway-Restricted SMAD Protein Phosphorylation (GO:0010862),5/49,0.1419734708999848,0.3256578297861475,0,0,1.8998264169223316,3.7086797664765783,BMPR2;RBPMS;CSNK2B;PPARG;BMPR1A
GO_Biological_Process_2023,Histone H3 Acetylation (GO:0043966),4/36,0.1439418032739927,0.3256578297861475,0,0,2.0892857142857144,4.049759035498474,SF3B5;ENY2;TMEM98;USP22
GO_Biological_Process_2023,Positive Regulation Of Double-Strand Break Repair Via Homologous Recombination (GO:1905168),4/36,0.1439418032739927,0.3256578297861475,0,0,2.0892857142857144,4.049759035498474,ACTR2;MORF4L1;FUS;MORF4L2
GO_Biological_Process_2023,Positive Regulation Of Phospholipase C Activity (GO:0010863),4/36,0.1439418032739927,0.3256578297861475,0,0,2.0892857142857144,4.049759035498474,PHB1;LPAR1;PHB2;FGFR1
GO_Biological_Process_2023,Regulation Of Glucose Import (GO:0046324),4/36,0.1439418032739927,0.3256578297861475,0,0,2.0892857142857144,4.049759035498474,OSBPL8;PID1;PIK3R1;RHOQ
GO_Biological_Process_2023,Embryonic Organ Development (GO:0048568),7/77,0.1444373015633164,0.3256578297861475,0,0,1.672508896797153,3.2361537961393227,RPL10;PBX3;GATA3;RBPJ;PBX1;FGFR2;BMPR1A
GO_Biological_Process_2023,Positive Regulation Of Endothelial Cell Proliferation (GO:0001938),7/77,0.1444373015633164,0.3256578297861475,0,0,1.672508896797153,3.2361537961393227,PPP1R16B;BMPR2;AKT3;HMGB2;PRKCA;GATA2;FGFR1
GO_Biological_Process_2023,Sphingolipid Biosynthetic Process (GO:0030148),7/77,0.1444373015633164,0.3256578297861475,0,0,1.672508896797153,3.2361537961393227,SPTLC2;PPM1L;SGMS1;VAPA;ELOVL6;SPTSSA;LARGE1
GO_Biological_Process_2023,C4-dicarboxylate Transport (GO:0015740),2/12,0.1449484730289845,0.3256578297861475,0,0,3.340832595217006,6.452407095395577,UCP2;SLC25A13
GO_Biological_Process_2023,Adipose Tissue Development (GO:0060612),2/12,0.1449484730289845,0.3256578297861475,0,0,3.340832595217006,6.452407095395577,SPTLC2;NAMPT
GO_Biological_Process_2023,Astrocyte Activation (GO:0048143),2/12,0.1449484730289845,0.3256578297861475,0,0,3.340832595217006,6.452407095395577,APP;LRP1
GO_Biological_Process_2023,Negative Regulation By Host Of Viral Transcription (GO:0043922),2/12,0.1449484730289845,0.3256578297861475,0,0,3.340832595217006,6.452407095395577,JUN;HMGA2
GO_Biological_Process_2023,Axonal Fasciculation (GO:0007413),2/12,0.1449484730289845,0.3256578297861475,0,0,3.340832595217006,6.452407095395577,CNTN4;EPHA3
GO_Biological_Process_2023,Atrial Cardiac Muscle Cell Action Potential (GO:0086014),2/12,0.1449484730289845,0.3256578297861475,0,0,3.340832595217006,6.452407095395577,GJC1;GJA1
GO_Biological_Process_2023,Granulocyte Differentiation (GO:0030851),2/12,0.1449484730289845,0.3256578297861475,0,0,3.340832595217006,6.452407095395577,LYN;LEF1
GO_Biological_Process_2023,Fatty Acid Transmembrane Transport (GO:1902001),2/12,0.1449484730289845,0.3256578297861475,0,0,3.340832595217006,6.452407095395577,ABCD3;SLC2A1
GO_Biological_Process_2023,Fatty Acid Elongation (GO:0030497),2/12,0.1449484730289845,0.3256578297861475,0,0,3.340832595217006,6.452407095395577,TECR;ELOVL6
GO_Biological_Process_2023,Endothelium Development (GO:0003158),2/12,0.1449484730289845,0.3256578297861475,0,0,3.340832595217006,6.452407095395577,JAG1;EDF1
GO_Biological_Process_2023,Ionotropic Glutamate Receptor Signaling Pathway (GO:0035235),2/12,0.1449484730289845,0.3256578297861475,0,0,3.340832595217006,6.452407095395577,PTK2B;CPEB4
GO_Biological_Process_2023,Cellular Component Maintenance (GO:0043954),2/12,0.1449484730289845,0.3256578297861475,0,0,3.340832595217006,6.452407095395577,FYN;IGF1R
GO_Biological_Process_2023,Cell-Cell Junction Maintenance (GO:0045217),2/12,0.1449484730289845,0.3256578297861475,0,0,3.340832595217006,6.452407095395577,FERMT2;MTSS1
GO_Biological_Process_2023,Cell Projection Assembly (GO:0030031),2/12,0.1449484730289845,0.3256578297861475,0,0,3.340832595217006,6.452407095395577,CYFIP2;NCKAP1
GO_Biological_Process_2023,Biogenic Amine Metabolic Process (GO:0006576),2/12,0.1449484730289845,0.3256578297861475,0,0,3.340832595217006,6.452407095395577,SMS;OAZ2
GO_Biological_Process_2023,Detection Of Calcium Ion (GO:0005513),2/12,0.1449484730289845,0.3256578297861475,0,0,3.340832595217006,6.452407095395577,CALM3;CALM2
GO_Biological_Process_2023,B Cell Activation (GO:0042113),8/92,0.1489121763451988,0.3343634001398762,0,0,1.593096722215155,3.033891115381165,TOP2B;PHB1;PRKCB;PAX5;PIK3R1;SLC25A5;PHB2;HSPD1
GO_Biological_Process_2023,Positive Regulation Of BMP Signaling Pathway (GO:0030513),3/24,0.1515661633863469,0.3365055138701598,0,0,2.387031408308004,4.5036909953667745,BMPR2;TBX20;RBPJ
GO_Biological_Process_2023,Response To Hexose (GO:0009746),3/24,0.1515661633863469,0.3365055138701598,0,0,2.387031408308004,4.5036909953667745,TCF7L2;LCP1;SELENOT
GO_Biological_Process_2023,Regulation Of Supramolecular Fiber Organization (GO:1902903),3/24,0.1515661633863469,0.3365055138701598,0,0,2.387031408308004,4.5036909953667745,HSPA8;ARL2;C9ORF72
GO_Biological_Process_2023,Regulation Of Neuroblast Proliferation (GO:1902692),3/24,0.1515661633863469,0.3365055138701598,0,0,2.387031408308004,4.5036909953667745,NF1;CTNNB1;PTN
GO_Biological_Process_2023,Regulation Of Microtubule Depolymerization (GO:0031114),3/24,0.1515661633863469,0.3365055138701598,0,0,2.387031408308004,4.5036909953667745,TAOK1;CLASP1;HDGFL3
GO_Biological_Process_2023,Regulation Of Heterotypic Cell-Cell Adhesion (GO:0034114),3/24,0.1515661633863469,0.3365055138701598,0,0,2.387031408308004,4.5036909953667745,LCK;FLOT1;FLOT2
GO_Biological_Process_2023,Positive Regulation Of p38MAPK Cascade (GO:1900745),3/24,0.1515661633863469,0.3365055138701598,0,0,2.387031408308004,4.5036909953667745,PRMT1;STK39;GADD45G
GO_Biological_Process_2023,Positive Regulation Of ERBB Signaling Pathway (GO:1901186),3/24,0.1515661633863469,0.3365055138701598,0,0,2.387031408308004,4.5036909953667745,RALA;RALB;RBPJ
GO_Biological_Process_2023,Peroxisome Organization (GO:0007031),3/24,0.1515661633863469,0.3365055138701598,0,0,2.387031408308004,4.5036909953667745,FIS1;ABCD3;DNM1L
GO_Biological_Process_2023,Endosome Transport Via Multivesicular Body Sorting Pathway (GO:0032509),3/24,0.1515661633863469,0.3365055138701598,0,0,2.387031408308004,4.5036909953667745,CHMP1B;LEPROTL1;CHMP2A
GO_Biological_Process_2023,Multivesicular Body Sorting Pathway (GO:0071985),3/24,0.1515661633863469,0.3365055138701598,0,0,2.387031408308004,4.5036909953667745,CHMP1B;CHMP2A;RAB27A
GO_Biological_Process_2023,Negative Regulation Of Ossification (GO:0030279),3/24,0.1515661633863469,0.3365055138701598,0,0,2.387031408308004,4.5036909953667745,PTK2B;SOX9;RBPJ
GO_Biological_Process_2023,Positive Regulation Of Cell Death (GO:0010942),5/50,0.1508976266382256,0.3365055138701598,0,0,1.857509374383264,3.512835617254201,EFNB2;PHB1;FAF1;FYN;PICALM
GO_Biological_Process_2023,Regulation Of Cellular Response To Stress (GO:0080135),9/107,0.1514548040840886,0.3365055138701598,0,0,1.5364236603732402,2.8999505263031553,GSK3B;BABAM2;SF3B5;ENY2;CREBBP;TMEM98;ROCK2;USP22;MANF
GO_Biological_Process_2023,Regulation Of TOR Signaling (GO:0032006),7/78,0.1514669858045474,0.3365055138701598,0,0,1.6488647185604732,3.1120468127772845,DEPTOR;GNA12;RICTOR;LAMTOR2;LAMTOR1;LAMTOR4;C9ORF72
GO_Biological_Process_2023,Intracellular Iron Ion Homeostasis (GO:0006879),5/50,0.1508976266382256,0.3365055138701598,0,0,1.857509374383264,3.512835617254201,ATP6V1A;NDFIP1;ATP6V0D1;ISCU;PICALM
GO_Biological_Process_2023,Dicarboxylic Acid Transport (GO:0006835),3/24,0.1515661633863469,0.3365055138701598,0,0,2.387031408308004,4.5036909953667745,GJA1;UCP2;SLC1A3
GO_Biological_Process_2023,Mononuclear Cell Differentiation (GO:1903131),3/24,0.1515661633863469,0.3365055138701598,0,0,2.387031408308004,4.5036909953667745,LYN;MYH9;PPARG
GO_Biological_Process_2023,Acylglycerol Catabolic Process (GO:0046464),3/24,0.1515661633863469,0.3365055138701598,0,0,2.387031408308004,4.5036909953667745,CPS1;ABHD2;LCP1
GO_Biological_Process_2023,Regulation Of Cytokine Production (GO:0001817),13/167,0.1516976678698196,0.3365987780875467,0,0,1.4130927212322562,2.6649031872257556,LYN;CADM1;ZBTB1;ZBTB20;GATA3;ATP2B1;FOXP1;BATF;RPS6KA5;TRAF3;FLOT1;NPTN;IGF2BP2
GO_Biological_Process_2023,Negative Regulation Of Cell Death (GO:0060548),6/64,0.1525370991545976,0.3382618100946,0,0,1.7297471264367816,3.2525255799631916,BNIP3L;PSMC5;CHMP1B;CHMP2A;VPS35;FYN
GO_Biological_Process_2023,RNA Stabilization (GO:0043489),4/37,0.1546361902011049,0.3423111897271075,0,0,2.025866473071442,3.781644591954332,FUS;HNRNPU;YBX1;TENT5C
GO_Biological_Process_2023,Negative Regulation Of Stress-Activated MAPK Cascade (GO:0032873),4/37,0.1546361902011049,0.3423111897271075,0,0,2.025866473071442,3.781644591954332,TAOK3;DUSP1;PRMT1;EZR
GO_Biological_Process_2023,Negative Regulation Of Transferase Activity (GO:0051348),4/37,0.1546361902011049,0.3423111897271075,0,0,2.025866473071442,3.781644591954332,EIF4A2;GSK3B;HNRNPU;BANF1
GO_Biological_Process_2023,Lipid Transport (GO:0006869),9/108,0.1575110072857672,0.3484699402363356,0,0,1.520823205315184,2.81087659956013,UGCG;OSBPL8;PRELID1;ABCD3;VAPA;PITPNB;PITPNA;CERT1;BLTP1
GO_Biological_Process_2023,Organonitrogen Compound Biosynthetic Process (GO:1901566),10/123,0.1583481952281139,0.3501161447695101,0,0,1.4806628089648148,2.7288007067475286,CPS1;SPTLC2;PPM1L;SGMS1;ELOVL6;SPTSSA;LARGE1;GPHN;ASS1;B4GALT5
GO_Biological_Process_2023,Vesicle Fusion (GO:0006906),7/79,0.158652811191012,0.3505835622146863,0,0,1.62587732305259,2.993300376931929,CHMP1B;CHMP2A;PIP4K2A;STXBP6;RAB8B;ARL8B;RAB7A
GO_Biological_Process_2023,Regulation Of Stress-Activated MAPK Cascade (GO:0032872),5/51,0.1600503083214196,0.3532565784019127,0,0,1.817032203258939,3.329288300526412,MAP2K1;TAOK3;TAOK1;MAPK1;IGF1R
GO_Biological_Process_2023,Metaphase Plate Congression (GO:0051310),5/51,0.1600503083214196,0.3532565784019127,0,0,1.817032203258939,3.329288300526412,CHMP1B;CUL3;CHMP2A;GEM;RAB11A
GO_Biological_Process_2023,Monocarboxylic Acid Biosynthetic Process (GO:0072330),6/65,0.1605769018390986,0.3542109840568036,0,0,1.7003389830508475,3.1098899243669615,OSBPL9;GATM;ABCD3;ALDH1A2;UST;LCP1
GO_Biological_Process_2023,Regulation Of Gastrulation (GO:0010470),2/13,0.1651785423188247,0.3553258559237447,0,0,3.036959497544086,5.468738960080607,RACK1;OXSR1
GO_Biological_Process_2023,Regulation Of Lamellipodium Organization (GO:1902743),2/13,0.1651785423188247,0.3553258559237447,0,0,3.036959497544086,5.468738960080607,CDC42;RAC1
GO_Biological_Process_2023,Regulation Of Myoblast Fusion (GO:1901739),2/13,0.1651785423188247,0.3553258559237447,0,0,3.036959497544086,5.468738960080607,EHD1;FLOT1
GO_Biological_Process_2023,Regulation Of Nitrogen Compound Metabolic Process (GO:0051171),2/13,0.1651785423188247,0.3553258559237447,0,0,3.036959497544086,5.468738960080607,ROCK2;VPS35
GO_Biological_Process_2023,Relaxation Of Muscle (GO:0090075),2/13,0.1651785423188247,0.3553258559237447,0,0,3.036959497544086,5.468738960080607,RGS2;PLN
GO_Biological_Process_2023,Response To Nerve Growth Factor (GO:1990089),2/13,0.1651785423188247,0.3553258559237447,0,0,3.036959497544086,5.468738960080607,EHD1;RAP1A
GO_Biological_Process_2023,Sphingoid Biosynthetic Process (GO:0046520),2/13,0.1651785423188247,0.3553258559237447,0,0,3.036959497544086,5.468738960080607,SPTLC2;SPTSSA
GO_Biological_Process_2023,Sphingosine Biosynthetic Process (GO:0046512),2/13,0.1651785423188247,0.3553258559237447,0,0,3.036959497544086,5.468738960080607,SPTLC2;SPTSSA
GO_Biological_Process_2023,Thymus Development (GO:0048538),2/13,0.1651785423188247,0.3553258559237447,0,0,3.036959497544086,5.468738960080607,ZBTB1;HES1
GO_Biological_Process_2023,Cellular Response To Steroid Hormone Stimulus (GO:0071383),3/25,0.1654358644662505,0.3553258559237447,0,0,2.278409090909091,4.099249123566255,HSPA8;MAPK1;ATP1A1
GO_Biological_Process_2023,Metanephros Development (GO:0001656),3/25,0.1654358644662505,0.3553258559237447,0,0,2.278409090909091,4.099249123566255,NIPBL;NF1;OXSR1
GO_Biological_Process_2023,Negative Regulation Of Response To Wounding (GO:1903035),3/25,0.1654358644662505,0.3553258559237447,0,0,2.278409090909091,4.099249123566255,STAT3;CASK;CRK
GO_Biological_Process_2023,Positive Regulation Of Glucose Import (GO:0046326),3/25,0.1654358644662505,0.3553258559237447,0,0,2.278409090909091,4.099249123566255,OSBPL8;PIK3R1;RHOQ
GO_Biological_Process_2023,Positive Regulation Of Interleukin-2 Production (GO:0032743),3/25,0.1654358644662505,0.3553258559237447,0,0,2.278409090909091,4.099249123566255,PDE4D;PDE4B;SPTBN1
GO_Biological_Process_2023,Regulation Of Hippo Signaling (GO:0035330),3/25,0.1654358644662505,0.3553258559237447,0,0,2.278409090909091,4.099249123566255,MAP2K3;ARRDC3;MOB3B
GO_Biological_Process_2023,Regulation Of Intracellular Estrogen Receptor Signaling Pathway (GO:0033146),3/25,0.1654358644662505,0.3553258559237447,0,0,2.278409090909091,4.099249123566255,PAK1;UFM1;STRN3
GO_Biological_Process_2023,Regulation Of Monocyte Chemotaxis (GO:0090025),3/25,0.1654358644662505,0.3553258559237447,0,0,2.278409090909091,4.099249123566255,LYN;DUSP1;SLIT2
GO_Biological_Process_2023,Vesicle Cargo Loading (GO:0035459),3/25,0.1654358644662505,0.3553258559237447,0,0,2.278409090909091,4.099249123566255,RAB1A;TMED2;PICALM
GO_Biological_Process_2023,Vesicle-Mediated Transport Between Endosomal Compartments (GO:0098927),3/25,0.1654358644662505,0.3553258559237447,0,0,2.278409090909091,4.099249123566255,MYO1D;HOOK3;RAB7A
GO_Biological_Process_2023,Establishment Of Protein Localization To Plasma Membrane (GO:0061951),4/38,0.1656171830455529,0.3553258559237447,0,0,1.9661777754580092,3.535337620435222,RAB10;RDX;SPTBN1;RAB7A
GO_Biological_Process_2023,Negative Regulation Of Type I Interferon Production (GO:0032480),4/38,0.1656171830455529,0.3553258559237447,0,0,1.9661777754580092,3.535337620435222,CUL3;BANF1;ATG5;RBX1
GO_Biological_Process_2023,Positive Regulation Of Cation Channel Activity (GO:2001259),4/38,0.1656171830455529,0.3553258559237447,0,0,1.9661777754580092,3.535337620435222,PPP3CA;CALM3;CALM1;CALM2
GO_Biological_Process_2023,Myotube Differentiation (GO:0014902),3/25,0.1654358644662505,0.3553258559237447,0,0,2.278409090909091,4.099249123566255,ADGRB3;DOCK2;DOCK1
GO_Biological_Process_2023,Regulation Of cAMP-dependent Protein Kinase Activity (GO:2000479),2/13,0.1651785423188247,0.3553258559237447,0,0,3.036959497544086,5.468738960080607,PRKAR1A;PRKAR2B
GO_Biological_Process_2023,Branching Involved In Blood Vessel Morphogenesis (GO:0001569),2/13,0.1651785423188247,0.3553258559237447,0,0,3.036959497544086,5.468738960080607,SFRP2;CTNNB1
GO_Biological_Process_2023,Protein Insertion Into Mitochondrial Outer Membrane (GO:0045040),2/13,0.1651785423188247,0.3553258559237447,0,0,3.036959497544086,5.468738960080607,MTCH1;TOMM20
GO_Biological_Process_2023,Muscle Contraction (GO:0006936),8/94,0.1620494313718272,0.3553258559237447,0,0,1.5558822920333824,2.8314783923236653,GJC1;DES;ROCK1;TPM3;ROCK2;TPM2;MYH11;CRYAB
GO_Biological_Process_2023,Sphingolipid Metabolic Process (GO:0006665),8/94,0.1620494313718272,0.3553258559237447,0,0,1.5558822920333824,2.8314783923236653,UGCG;SPTLC2;PPM1L;SGMS1;TECR;ELOVL6;SERINC1;SPTSSA
GO_Biological_Process_2023,Cellular Response To Salt (GO:1902075),9/109,0.1636827816199466,0.3553258559237447,0,0,1.5055347593582888,2.724754419759369,CPNE8;CLIC4;NLGN1;ROCK2;NEK7;FYN;IQGAP1;RASGRP2;HSP90B1
GO_Biological_Process_2023,ATP Transport (GO:0015867),2/13,0.1651785423188247,0.3553258559237447,0,0,3.036959497544086,5.468738960080607,SLC25A5;SLC25A4
GO_Biological_Process_2023,Atrial Septum Development (GO:0003283),2/13,0.1651785423188247,0.3553258559237447,0,0,3.036959497544086,5.468738960080607,BMPR2;TBX20
GO_Biological_Process_2023,Cardiac Left Ventricle Morphogenesis (GO:0003214),2/13,0.1651785423188247,0.3553258559237447,0,0,3.036959497544086,5.468738960080607,SFRP2;RBPJ
GO_Biological_Process_2023,Cellular Response To Interleukin-4 (GO:0071353),2/13,0.1651785423188247,0.3553258559237447,0,0,3.036959497544086,5.468738960080607,LEF1;GATA3
GO_Biological_Process_2023,Regulation Of T Cell Chemotaxis (GO:0010819),2/13,0.1651785423188247,0.3553258559237447,0,0,3.036959497544086,5.468738960080607,STK39;OXSR1
GO_Biological_Process_2023,Clathrin Coat Assembly (GO:0048268),2/13,0.1651785423188247,0.3553258559237447,0,0,3.036959497544086,5.468738960080607,CLTC;PICALM
GO_Biological_Process_2023,Ether Lipid Metabolic Process (GO:0046485),2/13,0.1651785423188247,0.3553258559237447,0,0,3.036959497544086,5.468738960080607,FAR1;PAFAH1B1
GO_Biological_Process_2023,Chondroitin Sulfate Biosynthetic Process (GO:0030206),2/13,0.1651785423188247,0.3553258559237447,0,0,3.036959497544086,5.468738960080607,UGDH;CHST11
GO_Biological_Process_2023,ncRNA Transcription (GO:0098781),2/13,0.1651785423188247,0.3553258559237447,0,0,3.036959497544086,5.468738960080607,SPIN1;ZFP36L1
GO_Biological_Process_2023,Positive Regulation Of Protein Deacetylation (GO:0090312),2/13,0.1651785423188247,0.3553258559237447,0,0,3.036959497544086,5.468738960080607,NIPBL;DYRK1A
GO_Biological_Process_2023,Positive Regulation Of Macrophage Chemotaxis (GO:0010759),2/13,0.1651785423188247,0.3553258559237447,0,0,3.036959497544086,5.468738960080607,MAPK1;PTK2
GO_Biological_Process_2023,Mitochondrial Fission (GO:0000266),2/13,0.1651785423188247,0.3553258559237447,0,0,3.036959497544086,5.468738960080607,FIS1;UCP2
GO_Biological_Process_2023,Positive Regulation Of Glycoprotein Biosynthetic Process (GO:0010560),2/13,0.1651785423188247,0.3553258559237447,0,0,3.036959497544086,5.468738960080607,CHP1;PLCB1
GO_Biological_Process_2023,Positive Regulation Of Cyclase Activity (GO:0031281),2/13,0.1651785423188247,0.3553258559237447,0,0,3.036959497544086,5.468738960080607,MAPK8;NF1
GO_Biological_Process_2023,Positive Regulation Of Keratinocyte Differentiation (GO:0045618),2/13,0.1651785423188247,0.3553258559237447,0,0,3.036959497544086,5.468738960080607,PRKCH;NME2
GO_Biological_Process_2023,Outer Mitochondrial Membrane Organization (GO:0007008),2/13,0.1651785423188247,0.3553258559237447,0,0,3.036959497544086,5.468738960080607,MTCH1;TOMM20
GO_Biological_Process_2023,Negative Regulation Of Translational Initiation (GO:0045947),2/13,0.1651785423188247,0.3553258559237447,0,0,3.036959497544086,5.468738960080607,EIF3E;PAIP2
GO_Biological_Process_2023,Negative Regulation Of Lyase Activity (GO:0051350),2/13,0.1651785423188247,0.3553258559237447,0,0,3.036959497544086,5.468738960080607,GNAI3;GNAI2
GO_Biological_Process_2023,Negative Regulation Of Fibroblast Growth Factor Receptor Signaling Pathway (GO:0040037),2/13,0.1651785423188247,0.3553258559237447,0,0,3.036959497544086,5.468738960080607,SPRY2;GATA3
GO_Biological_Process_2023,Regulation Of Organelle Assembly (GO:1902115),7/80,0.1659904836627713,0.355923722380663,0,0,1.603519719202457,2.879640510464314,ATG3;RABGAP1;RDX;MSN;EZR;C9ORF72;ATG5
GO_Biological_Process_2023,Negative Regulation Of Immune Response (GO:0050777),6/66,0.1687951656484182,0.3613594751066921,0,0,1.6719111111111111,2.9744457915560676,LYN;YES1;BANF1;FYN;YWHAZ;ATG5
GO_Biological_Process_2023,Regulation Of Endocytosis (GO:0030100),6/66,0.1687951656484182,0.3613594751066921,0,0,1.6719111111111111,2.9744457915560676,LRP1;ROCK1;FLOT1;AP2S1;EPHA3;PICALM
GO_Biological_Process_2023,T Cell Receptor Signaling Pathway (GO:0050852),8/95,0.1688137723377979,0.3613594751066921,0,0,1.5379167050490783,2.7358909335905075,TEC;LCK;PDE4D;PDE4B;CSK;FYN;GATA3;SPPL3
GO_Biological_Process_2023,Negative Regulation Of Innate Immune Response (GO:0045824),5/52,0.1694213618233066,0.3618363099474482,0,0,1.7782774649484143,3.157094064456731,USP15;YTHDF3;BANF1;YWHAZ;ATG5
GO_Biological_Process_2023,Cell Cycle G1/S Phase Transition (GO:0044843),5/52,0.1694213618233066,0.3618363099474482,0,0,1.7782774649484143,3.157094064456731,CDK6;CUL3;E2F3;EIF4E;GSPT1
GO_Biological_Process_2023,Cardiac Muscle Tissue Development (GO:0048738),5/52,0.1694213618233066,0.3618363099474482,0,0,1.7782774649484143,3.157094064456731,GJA1;BMPR2;PRMT1;TBX20;BMPR1A
GO_Biological_Process_2023,Adenylate Cyclase-Inhibiting G Protein-Coupled Receptor Signaling Pathway (GO:0007193),5/52,0.1694213618233066,0.3618363099474482,0,0,1.7782774649484143,3.157094064456731,GNAI3;LPAR1;FLNA;GNAI1;GNAI2
GO_Biological_Process_2023,Monoatomic Cation Transmembrane Transport (GO:0098655),20/281,0.1723768848803158,0.3679395369096866,0,0,1.283438688696456,2.2563776327897687,ATP6V1A;ATP6V0B;ATP6V0E1;KCNJ8;SLC1A3;ATP2A2;ABCC9;ATP1A1;ATP2C1;SLC4A4;ATP5F1B;SLC9A8;UCP2;ATP6V1B2;ATP6V1H;SLC12A6;ATP6V0D1;ATP6V1C1;ATP6V0A1;ATP6V1F
GO_Biological_Process_2023,RNA Transport (GO:0050658),4/39,0.1768663086071454,0.3766671498705969,0,0,1.909899860565344,3.3086363196146276,FLOT1;YBX1;ZFP36L1;RTRAF
GO_Biological_Process_2023,Fibroblast Growth Factor Receptor Signaling Pathway (GO:0008543),4/39,0.1768663086071454,0.3766671498705969,0,0,1.909899860565344,3.3086363196146276,FLRT2;SHOC2;FGFR2;FGFR1
GO_Biological_Process_2023,Positive Regulation Of ATP-dependent Activity (GO:0032781),4/39,0.1768663086071454,0.3766671498705969,0,0,1.909899860565344,3.3086363196146276,GABARAPL2;HNRNPU;ALDOB;PFN1
GO_Biological_Process_2023,Regulation Of Monoatomic Cation Transmembrane Transport (GO:1904062),4/39,0.1768663086071454,0.3766671498705969,0,0,1.909899860565344,3.3086363196146276,HOMER1;GNB2;NEDD4L;KCNAB2
GO_Biological_Process_2023,Extrinsic Apoptotic Signaling Pathway (GO:0097191),6/67,0.1771852331695859,0.3771328024622596,0,0,1.644415300546448,2.845758649460139,GSK3B;DDX3X;SMAD3;HIPK1;GABARAP;BCL2L1
GO_Biological_Process_2023,Regulation Of Receptor Signaling Pathway Via JAK-STAT (GO:0046425),5/53,0.1790002909560505,0.3799210464366287,0,0,1.7411375074008288,2.995396986139333,SOCS3;SOCS1;ERBB4;HES1;CALM1
GO_Biological_Process_2023,Glycoprotein Metabolic Process (GO:0009100),5/53,0.1790002909560505,0.3799210464366287,0,0,1.7411375074008288,2.995396986139333,FUT8;ST8SIA4;OGA;LARGE1;B4GALT5
GO_Biological_Process_2023,Gonad Development (GO:0008406),5/53,0.1790002909560505,0.3799210464366287,0,0,1.7411375074008288,2.995396986139333,WNT2B;CSDE1;SOX9;GATA3;NR2F2
GO_Biological_Process_2023,Negative Regulation Of Metabolic Process (GO:0009892),5/53,0.1790002909560505,0.3799210464366287,0,0,1.7411375074008288,2.995396986139333,NOVA1;DOCK7;ARRDC3;PLCL2;RBPJ
GO_Biological_Process_2023,Regulation Of Proteasomal Protein Catabolic Process (GO:0061136),5/53,0.1790002909560505,0.3799210464366287,0,0,1.7411375074008288,2.995396986139333,GABARAPL2;PSMC5;HSP90AB1;XPO1;GNA12
GO_Biological_Process_2023,Camera-Type Eye Development (GO:0043010),3/26,0.1796602904776825,0.3804630363100023,0,0,2.179232192414431,3.7410606345983246,C12ORF57;NF1;FBN1
GO_Biological_Process_2023,Mitotic G1 DNA Damage Checkpoint Signaling (GO:0031571),3/26,0.1796602904776825,0.3804630363100023,0,0,2.179232192414431,3.7410606345983246,WAC;RPS27L;RPL26
GO_Biological_Process_2023,Regulation Of Epidermal Growth Factor-Activated Receptor Activity (GO:0007176),3/26,0.1796602904776825,0.3804630363100023,0,0,2.179232192414431,3.7410606345983246,APP;NCK2;CBLB
GO_Biological_Process_2023,Response To Glucocorticoid (GO:0051384),3/26,0.1796602904776825,0.3804630363100023,0,0,2.179232192414431,3.7410606345983246,HNRNPU;SLIT2;ZFP36L1
GO_Biological_Process_2023,Cellular Response To Organic Substance (GO:0071310),7/82,0.1811031587819403,0.3833027463021258,0,0,1.5605931198102017,2.6665674733763836,STAT5B;PID1;IGFBP5;LEF1;STAT3;SLIT2;RHOA
GO_Biological_Process_2023,Pancreas Development (GO:0031016),2/14,0.18585649495828,0.3857650538289688,0,0,2.783731916149985,4.684409606273399,TCF7L2;SELENOT
GO_Biological_Process_2023,Positive Regulation Of Exosomal Secretion (GO:1903543),2/14,0.18585649495828,0.3857650538289688,0,0,2.783731916149985,4.684409606273399,CHMP2A;RAB7A
GO_Biological_Process_2023,Positive Regulation Of Heterotypic Cell-Cell Adhesion (GO:0034116),2/14,0.18585649495828,0.3857650538289688,0,0,2.783731916149985,4.684409606273399,LCK;FLOT1
GO_Biological_Process_2023,Positive Regulation Of Transporter Activity (GO:0032411),2/14,0.18585649495828,0.3857650538289688,0,0,2.783731916149985,4.684409606273399,RXRA;STK39
GO_Biological_Process_2023,Positive Regulation Of Lyase Activity (GO:0051349),2/14,0.18585649495828,0.3857650538289688,0,0,2.783731916149985,4.684409606273399,NF1;ISCU
GO_Biological_Process_2023,Neuron Cell-Cell Adhesion (GO:0007158),2/14,0.18585649495828,0.3857650538289688,0,0,2.783731916149985,4.684409606273399,NLGN1;CNTN4
GO_Biological_Process_2023,Protein Localization To Vacuole (GO:0072665),2/14,0.18585649495828,0.3857650538289688,0,0,2.783731916149985,4.684409606273399,SH3GLB1;LAMTOR4
GO_Biological_Process_2023,Embryonic Cranial Skeleton Morphogenesis (GO:0048701),2/14,0.18585649495828,0.3857650538289688,0,0,2.783731916149985,4.684409606273399,NIPBL;FGFR2
GO_Biological_Process_2023,Regulation Of Integrin Activation (GO:0033623),2/14,0.18585649495828,0.3857650538289688,0,0,2.783731916149985,4.684409606273399,RAP1B;FERMT2
GO_Biological_Process_2023,Regulation Of Leukocyte Activation (GO:0002694),2/14,0.18585649495828,0.3857650538289688,0,0,2.783731916149985,4.684409606273399,LYN;LCK
GO_Biological_Process_2023,Regulation Of Macrophage Differentiation (GO:0045649),2/14,0.18585649495828,0.3857650538289688,0,0,2.783731916149985,4.684409606273399,ID2;PRKCA
GO_Biological_Process_2023,Regulation Of Vesicle Size (GO:0097494),2/14,0.18585649495828,0.3857650538289688,0,0,2.783731916149985,4.684409606273399,AP2M1;PICALM
GO_Biological_Process_2023,Response To Muscle Stretch (GO:0035994),2/14,0.18585649495828,0.3857650538289688,0,0,2.783731916149985,4.684409606273399,CTNNB1;PTK2
GO_Biological_Process_2023,Stress Fiber Assembly (GO:0043149),2/14,0.18585649495828,0.3857650538289688,0,0,2.783731916149985,4.684409606273399,CUL3;RHOA
GO_Biological_Process_2023,Negative Regulation Of Nucleocytoplasmic Transport (GO:0046823),2/14,0.18585649495828,0.3857650538289688,0,0,2.783731916149985,4.684409606273399,UFM1;CHP1
GO_Biological_Process_2023,Regulation Of Hemopoiesis (GO:1903706),2/14,0.18585649495828,0.3857650538289688,0,0,2.783731916149985,4.684409606273399,MAFB;PTN
GO_Biological_Process_2023,Negative Regulation Of Defense Response To Virus (GO:0050687),2/14,0.18585649495828,0.3857650538289688,0,0,2.783731916149985,4.684409606273399,NT5C2;ATG5
GO_Biological_Process_2023,Copper Ion Homeostasis (GO:0055070),2/14,0.18585649495828,0.3857650538289688,0,0,2.783731916149985,4.684409606273399,APP;ARF1
GO_Biological_Process_2023,Membrane Raft Organization (GO:0031579),2/14,0.18585649495828,0.3857650538289688,0,0,2.783731916149985,4.684409606273399,ANXA2;FLOT1
GO_Biological_Process_2023,Inorganic Cation Transmembrane Transport (GO:0098662),20/284,0.1843355472153835,0.3857650538289688,0,0,1.2686495922319505,2.145283359871934,ATP6V1A;ATP6V0B;ATP6V0E1;KCNJ8;SLC1A3;ATP2A2;ABCC9;ATP1A1;ATP2C1;SLC4A4;ATP5F1B;SLC9A8;UCP2;ATP6V1B2;ATP6V1H;SLC12A6;ATP6V0D1;ATP6V1C1;ATP6V0A1;ATP6V1F
GO_Biological_Process_2023,2-Oxoglutarate Metabolic Process (GO:0006103),2/14,0.18585649495828,0.3857650538289688,0,0,2.783731916149985,4.684409606273399,IDH1;IDH2
GO_Biological_Process_2023,L-glutamate Transmembrane Transport (GO:0015813),2/14,0.18585649495828,0.3857650538289688,0,0,2.783731916149985,4.684409606273399,SLC1A3;SLC25A13
GO_Biological_Process_2023,T Cell Proliferation (GO:0042098),2/14,0.18585649495828,0.3857650538289688,0,0,2.783731916149985,4.684409606273399,CADM1;MSN
GO_Biological_Process_2023,Bone Morphogenesis (GO:0060349),2/14,0.18585649495828,0.3857650538289688,0,0,2.783731916149985,4.684409606273399,BMPR2;FGFR2
GO_Biological_Process_2023,Cardiac Cell Development (GO:0055006),2/14,0.18585649495828,0.3857650538289688,0,0,2.783731916149985,4.684409606273399,JAG1;MYH11
GO_Biological_Process_2023,Cellular Response To Exogenous dsRNA (GO:0071360),2/14,0.18585649495828,0.3857650538289688,0,0,2.783731916149985,4.684409606273399,RALB;FLOT1
GO_Biological_Process_2023,Ceramide Transport (GO:0035627),2/14,0.18585649495828,0.3857650538289688,0,0,2.783731916149985,4.684409606273399,VAPA;CERT1
GO_Biological_Process_2023,Contractile Actin Filament Bundle Assembly (GO:0030038),2/14,0.18585649495828,0.3857650538289688,0,0,2.783731916149985,4.684409606273399,CUL3;RHOA
GO_Biological_Process_2023,Striated Muscle Tissue Development (GO:0014706),2/14,0.18585649495828,0.3857650538289688,0,0,2.783731916149985,4.684409606273399,BMPR2;PRMT1
GO_Biological_Process_2023,Establishment Of Chromosome Localization (GO:0051303),2/14,0.18585649495828,0.3857650538289688,0,0,2.783731916149985,4.684409606273399,GEM;NDEL1
GO_Biological_Process_2023,Establishment Of Spindle Localization (GO:0051293),2/14,0.18585649495828,0.3857650538289688,0,0,2.783731916149985,4.684409606273399,DYNC1H1;CLASP1
GO_Biological_Process_2023,Glucosamine-Containing Compound Metabolic Process (GO:1901071),2/14,0.18585649495828,0.3857650538289688,0,0,2.783731916149985,4.684409606273399,OGA;LARGE1
GO_Biological_Process_2023,Lipoprotein Biosynthetic Process (GO:0042158),2/14,0.18585649495828,0.3857650538289688,0,0,2.783731916149985,4.684409606273399,UGCG;ATG5
GO_Biological_Process_2023,Mammary Gland Epithelium Development (GO:0061180),2/14,0.18585649495828,0.3857650538289688,0,0,2.783731916149985,4.684409606273399,ERBB4;ID2
GO_Biological_Process_2023,Membrane Repolarization During Cardiac Muscle Cell Action Potential (GO:0086013),2/14,0.18585649495828,0.3857650538289688,0,0,2.783731916149985,4.684409606273399,YWHAE;KCNJ8
GO_Biological_Process_2023,Protein Localization To Cilium (GO:0061512),4/40,0.1883648080575208,0.3894667636637361,0,0,1.8567484965000496,3.0996090163795293,EHD1;RABEP1;SNX10;CSNK1D
GO_Biological_Process_2023,Negative Regulation Of Cell-Cell Adhesion (GO:0022408),4/40,0.1883648080575208,0.3894667636637361,0,0,1.8567484965000496,3.0996090163795293,JAG1;RDX;ASS1;PTK2
GO_Biological_Process_2023,Regulation Of Small Molecule Metabolic Process (GO:0062012),4/40,0.1883648080575208,0.3894667636637361,0,0,1.8567484965000496,3.0996090163795293,EIF6;ARL2;ADIPOR1;ABCG1
GO_Biological_Process_2023,Positive Regulation Of Wound Healing (GO:0090303),4/40,0.1883648080575208,0.3894667636637361,0,0,1.8567484965000496,3.0996090163795293,ARFGEF1;PRKCE;PTK2;FERMT2
GO_Biological_Process_2023,Cellular Response To Heat (GO:0034605),4/40,0.1883648080575208,0.3894667636637361,0,0,1.8567484965000496,3.0996090163795293,YWHAE;HSP90AA1;HSP90AB1;STUB1
GO_Biological_Process_2023,Notch Signaling Pathway (GO:0007219),4/40,0.1883648080575208,0.3894667636637361,0,0,1.8567484965000496,3.0996090163795293,JAG1;GMDS;HES1;RBPJ
GO_Biological_Process_2023,Positive Regulation Of Stem Cell Population Maintenance (GO:1902459),4/40,0.1883648080575208,0.3894667636637361,0,0,1.8567484965000496,3.0996090163795293,SMARCC1;ARID1A;SMARCA2;SAP30
GO_Biological_Process_2023,Intracellular Monoatomic Cation Homeostasis (GO:0030003),14/190,0.1887739637648377,0.3900794798308895,0,0,1.3311935378855702,2.219372440552996,ATP6V1A;APP;ARF1;NDFIP1;STC1;ATP2A2;ATP1A1;ATP2C1;PLN;LCK;NPTN;ATP6V0D1;ISCU;PICALM
GO_Biological_Process_2023,Calcium Ion Transmembrane Import Into Cytosol (GO:0097553),7/83,0.188868580901901,0.3900794798308895,0,0,1.539977055628395,2.566685679714068,PLCB4;LCK;CACNA2D1;ITPR1;ITPR2;FLNA;PLCB1
GO_Biological_Process_2023,Phosphatidylinositol Biosynthetic Process (GO:0006661),8/98,0.1898492395321837,0.3918896761144583,0,0,1.4864153556940731,2.469716270802933,INPP4A;HYCC2;SOCS3;EFR3A;SOCS1;PIP5K1B;PIK3R1;PIK3CB
GO_Biological_Process_2023,Response To Molecule Of Bacterial Origin (GO:0002237),6/69,0.1944529606144338,0.3992379092811177,0,0,1.592042328042328,2.607072783639768,RPS6KA3;CPS1;HMGB2;PELI1;CYRIB;FOXP1
GO_Biological_Process_2023,Protein Homooligomerization (GO:0051260),10/129,0.1944705795806987,0.3992379092811177,0,0,1.40555776280182,2.301564839074059,EHD1;EHD4;FUS;PRMT1;ALDH1A2;ZBTB1;CHMP2A;MAT1A;RBMX;GLS
GO_Biological_Process_2023,Positive Regulation Of Phosphatidylinositol 3-Kinase Signaling (GO:0014068),6/69,0.1944529606144338,0.3992379092811177,0,0,1.592042328042328,2.607072783639768,ROR1;SOX9;PTK2;IGF1R;DDR2;FGFR1
GO_Biological_Process_2023,Respiratory Tube Development (GO:0030323),3/27,0.1941998425782448,0.3992379092811177,0,0,2.0883200354609928,3.422479906179754,TCF21;HECA;FGFR2
GO_Biological_Process_2023,Regulation Of Insulin Secretion Involved In Cellular Response To Glucose Stimulus (GO:0061178),3/27,0.1941998425782448,0.3992379092811177,0,0,2.0883200354609928,3.422479906179754,KLF7;PIM3;EFNA5
GO_Biological_Process_2023,Phospholipid Biosynthetic Process (GO:0008654),3/27,0.1941998425782448,0.3992379092811177,0,0,2.0883200354609928,3.422479906179754,SGMS1;VAPA;FAR1
GO_Biological_Process_2023,Metallo-Sulfur Cluster Assembly (GO:0031163),3/27,0.1941998425782448,0.3992379092811177,0,0,2.0883200354609928,3.422479906179754,HSPA9;CIAO2B;ISCU
GO_Biological_Process_2023,Iron-Sulfur Cluster Assembly (GO:0016226),3/27,0.1941998425782448,0.3992379092811177,0,0,2.0883200354609928,3.422479906179754,HSPA9;CIAO2B;ISCU
GO_Biological_Process_2023,Activation Of Phospholipase C Activity (GO:0007202),3/27,0.1941998425782448,0.3992379092811177,0,0,2.0883200354609928,3.422479906179754,PHB1;LPAR1;PHB2
GO_Biological_Process_2023,Protein Quality Control For Misfolded Or Incompletely Synthesized Proteins (GO:0006515),3/27,0.1941998425782448,0.3992379092811177,0,0,2.0883200354609928,3.422479906179754,CUL3;DERL1;STUB1
GO_Biological_Process_2023,DNA Damage Response (GO:0006974),26/384,0.19652189475423,0.4032290486473863,0,0,1.216628327308577,1.979431695979444,ZBTB1;PDS5B;PDS5A;BABAM2;NIPBL;PAK1;UBR5;SFN;LYN;VAV3;CBX5;UBE2B;CBX3;USP3;UBE2E2;PPP4R3A;BATF;FOXP1;RBX1;TAOK3;TAOK1;PSME4;WAC;GRB2;TRIP12;BCL2L1
GO_Biological_Process_2023,Purine Ribonucleotide Metabolic Process (GO:0009150),7/84,0.1967667176206317,0.4035112458948723,0,0,1.5198964736331284,2.4709510616142536,TPST1;HSPA8;OLA1;GNAI3;NT5C2;RHOQ;RAN
GO_Biological_Process_2023,Purine Ribonucleotide Biosynthetic Process (GO:0009152),5/55,0.1987383735978637,0.4068889619496817,0,0,1.6713143872113676,2.7004530035813974,ATP5F1A;ATP5F1B;IMPDH2;SLC25A13;PAPSS1
GO_Biological_Process_2023,Cellular Response To Fibroblast Growth Factor Stimulus (GO:0044344),5/55,0.1987383735978637,0.4068889619496817,0,0,1.6713143872113676,2.7004530035813974,FLRT2;SHOC2;FGFR2;ZFP36L1;FGFR1
GO_Biological_Process_2023,Neuron Migration (GO:0001764),5/55,0.1987383735978637,0.4068889619496817,0,0,1.6713143872113676,2.7004530035813974,NR4A2;USP9X;RAC1;PAFAH1B1;FGFR1
GO_Biological_Process_2023,Response To Amino Acid Starvation (GO:1990928),4/41,0.2000937390508239,0.4094409970457828,0,0,1.8064701791409865,2.906555108347862,SH3GLB1;MAPK8;DAP;MAPK1
GO_Biological_Process_2023,Positive Regulation Of Potassium Ion Transport (GO:0043268),2/15,0.206867119876151,0.4167258906557064,0,0,2.569462424201131,4.04864701906468,NOS1AP;FLNA
GO_Biological_Process_2023,Positive Regulation Of Secretion (GO:0051047),2/15,0.206867119876151,0.4167258906557064,0,0,2.569462424201131,4.04864701906468,PPP3CA;FLNB
GO_Biological_Process_2023,Positive Regulation Of Syncytium Formation By Plasma Membrane Fusion (GO:0060143),2/15,0.206867119876151,0.4167258906557064,0,0,2.569462424201131,4.04864701906468,EHD1;FLOT1
GO_Biological_Process_2023,Positive Regulation Of Transmembrane Transport (GO:0034764),2/15,0.206867119876151,0.4167258906557064,0,0,2.569462424201131,4.04864701906468,ARL6IP1;AZIN1
GO_Biological_Process_2023,Presynapse Assembly (GO:0099054),2/15,0.206867119876151,0.4167258906557064,0,0,2.569462424201131,4.04864701906468,PTPRD;NLGN1
GO_Biological_Process_2023,Protein Localization To Cell-Cell Junction (GO:0150105),2/15,0.206867119876151,0.4167258906557064,0,0,2.569462424201131,4.04864701906468,PAK2;ACTG1
GO_Biological_Process_2023,Regulation Of Intrinsic Apoptotic Signaling Pathway In Response To DNA Damage (GO:1902229),2/15,0.206867119876151,0.4167258906557064,0,0,2.569462424201131,4.04864701906468,SFRP2;BCL2L1
GO_Biological_Process_2023,Regulation Of Activin Receptor Signaling Pathway (GO:0032925),2/15,0.206867119876151,0.4167258906557064,0,0,2.569462424201131,4.04864701906468,FST;CSNK2B
GO_Biological_Process_2023,Regulation Of Amyloid-Beta Clearance (GO:1900221),2/15,0.206867119876151,0.4167258906557064,0,0,2.569462424201131,4.04864701906468,LRP1;ROCK1
GO_Biological_Process_2023,Regulation Of Cellular Response To Heat (GO:1900034),2/15,0.206867119876151,0.4167258906557064,0,0,2.569462424201131,4.04864701906468,GSK3B;CREBBP
GO_Biological_Process_2023,Regulation Of Dephosphorylation (GO:0035303),2/15,0.206867119876151,0.4167258906557064,0,0,2.569462424201131,4.04864701906468,PPP1R16B;ROCK1
GO_Biological_Process_2023,Negative Regulation Of Phagocytosis (GO:0050765),2/15,0.206867119876151,0.4167258906557064,0,0,2.569462424201131,4.04864701906468,SNX3;RACK1
GO_Biological_Process_2023,Receptor Catabolic Process (GO:0032801),2/15,0.206867119876151,0.4167258906557064,0,0,2.569462424201131,4.04864701906468,SH3GLB1;SMURF1
GO_Biological_Process_2023,Negative Regulation Of Epithelial Cell Differentiation (GO:0030857),2/15,0.206867119876151,0.4167258906557064,0,0,2.569462424201131,4.04864701906468,SPRY2;OXSR1
GO_Biological_Process_2023,3'-Phosphoadenosine 5'-Phosphosulfate Metabolic Process (GO:0050427),2/15,0.206867119876151,0.4167258906557064,0,0,2.569462424201131,4.04864701906468,TPST1;PAPSS1
GO_Biological_Process_2023,miRNA Metabolic Process (GO:0010586),2/15,0.206867119876151,0.4167258906557064,0,0,2.569462424201131,4.04864701906468,DDX5;SND1
GO_Biological_Process_2023,Glutamine Family Amino Acid Catabolic Process (GO:0009065),2/15,0.206867119876151,0.4167258906557064,0,0,2.569462424201131,4.04864701906468,DDAH2;GLS
GO_Biological_Process_2023,Ganglioside Biosynthetic Process (GO:0001574),2/15,0.206867119876151,0.4167258906557064,0,0,2.569462424201131,4.04864701906468,ST8SIA4;B4GALT5
GO_Biological_Process_2023,Endosome To Lysosome Transport Via Multivesicular Body Sorting Pathway (GO:0032510),2/15,0.206867119876151,0.4167258906557064,0,0,2.569462424201131,4.04864701906468,CHMP1B;CHMP2A
GO_Biological_Process_2023,Dendritic Spine Morphogenesis (GO:0060997),2/15,0.206867119876151,0.4167258906557064,0,0,2.569462424201131,4.04864701906468,CTNND2;PAK3
GO_Biological_Process_2023,Cellular Response To Estrogen Stimulus (GO:0071391),2/15,0.206867119876151,0.4167258906557064,0,0,2.569462424201131,4.04864701906468,BCAS3;SOX9
GO_Biological_Process_2023,Cellular Response To Corticosteroid Stimulus (GO:0071384),2/15,0.206867119876151,0.4167258906557064,0,0,2.569462424201131,4.04864701906468,HNRNPU;ZFP36L1
GO_Biological_Process_2023,N-acetylglucosamine Metabolic Process (GO:0006044),2/15,0.206867119876151,0.4167258906557064,0,0,2.569462424201131,4.04864701906468,OGA;LARGE1
GO_Biological_Process_2023,L-glutamate Import (GO:0051938),2/15,0.206867119876151,0.4167258906557064,0,0,2.569462424201131,4.04864701906468,SLC1A3;SLC25A13
GO_Biological_Process_2023,Positive Regulation Of Protein Localization (GO:1903829),7/85,0.2047923679840252,0.4167258906557064,0,0,1.5003307783556894,2.379162512960754,GSK3B;TCF7L2;PTP4A3;CREBBP;HSP90AB1;FYN;FERMT2
GO_Biological_Process_2023,Epidermis Development (GO:0008544),7/85,0.2047923679840252,0.4167258906557064,0,0,1.5003307783556894,2.379162512960754,PPP3CA;UGCG;ATP2A2;FLOT2;YBX1;ATP2C1;FGFR2
GO_Biological_Process_2023,Response To UV (GO:0009411),8/100,0.2044550599735413,0.4167258906557064,0,0,1.4539471137093964,2.3080059470163596,CREBBP;MAPK8;UBE2B;ZBTB1;RPL26;PTPRK;MAP4K3;RBX1
GO_Biological_Process_2023,Midbody Abscission (GO:0061952),2/15,0.206867119876151,0.4167258906557064,0,0,2.569462424201131,4.04864701906468,CHMP1B;CHMP2A
GO_Biological_Process_2023,Renal Filtration (GO:0097205),2/15,0.206867119876151,0.4167258906557064,0,0,2.569462424201131,4.04864701906468,MYO1E;PPP3CA
GO_Biological_Process_2023,Regulation Of Chromosome Segregation (GO:0051983),3/28,0.2090157293108119,0.4176982773315428,0,0,2.0046808510638296,3.13801869039044,ZNF207;PUM1;PUM2
GO_Biological_Process_2023,Regulation Of Nitric-Oxide Synthase Activity (GO:0050999),3/28,0.2090157293108119,0.4176982773315428,0,0,2.0046808510638296,3.13801869039044,DDAH2;NOS1AP;PIK3CB
GO_Biological_Process_2023,Regulation Of Chemotaxis (GO:0050920),3/28,0.2090157293108119,0.4176982773315428,0,0,2.0046808510638296,3.13801869039044,EFNB2;MYCBP2;CYRIB
GO_Biological_Process_2023,Regulation Of Protein Targeting To Membrane (GO:0090313),3/28,0.2090157293108119,0.4176982773315428,0,0,2.0046808510638296,3.13801869039044,FIS1;CHP1;FYN
GO_Biological_Process_2023,Transcription Elongation By RNA Polymerase II (GO:0006368),3/28,0.2090157293108119,0.4176982773315428,0,0,2.0046808510638296,3.13801869039044,USP15;PBRM1;POLR2I
GO_Biological_Process_2023,Regulation Of Protein Localization To Membrane (GO:1905475),3/28,0.2090157293108119,0.4176982773315428,0,0,2.0046808510638296,3.13801869039044,MMP14;FYN;SPTBN1
GO_Biological_Process_2023,Regulation Of Bone Resorption (GO:0045124),3/28,0.2090157293108119,0.4176982773315428,0,0,2.0046808510638296,3.13801869039044,UBASH3B;NF1;PRKCA
GO_Biological_Process_2023,Transcription By RNA Polymerase III (GO:0006383),3/28,0.2090157293108119,0.4176982773315428,0,0,2.0046808510638296,3.13801869039044,IVNS1ABP;ZFP36L1;POLR2L
GO_Biological_Process_2023,Negative Regulation Of Wound Healing (GO:0061045),3/28,0.2090157293108119,0.4176982773315428,0,0,2.0046808510638296,3.13801869039044,CASK;CRK;CLASP1
GO_Biological_Process_2023,Negative Regulation Of Cytokine Production (GO:0001818),13/178,0.2083711241204129,0.4176982773315428,0,0,1.3181113460183227,2.067371360797335,CUL3;LEF1;ARRB1;ATP2B1;RBX1;SARS1;RPS6KA5;NPTN;PDCD4;BANF1;RAC1;EZR;ATG5
GO_Biological_Process_2023,Mitotic DNA Damage Checkpoint Signaling (GO:0044773),5/56,0.2088752581636875,0.4176982773315428,0,0,1.63845644829868,2.565852382161296,BABAM2;TAOK3;TAOK1;WAC;RPS27L
GO_Biological_Process_2023,Positive Regulation Of Fibroblast Proliferation (GO:0048146),3/28,0.2090157293108119,0.4176982773315428,0,0,2.0046808510638296,3.13801869039044,CDK6;S100A6;DDR2
GO_Biological_Process_2023,Glycosaminoglycan Metabolic Process (GO:0030203),3/28,0.2090157293108119,0.4176982773315428,0,0,2.0046808510638296,3.13801869039044,EXT1;UGDH;HAS1
GO_Biological_Process_2023,Cell-Substrate Junction Assembly (GO:0007044),3/28,0.2090157293108119,0.4176982773315428,0,0,2.0046808510638296,3.13801869039044,PTPRK;DYNLL1;FERMT2
GO_Biological_Process_2023,Negative Regulation Of Signaling (GO:0023057),3/28,0.2090157293108119,0.4176982773315428,0,0,2.0046808510638296,3.13801869039044,PPP3CA;HSP90AB1;UBASH3B
GO_Biological_Process_2023,Cellular Response To Amino Acid Starvation (GO:0034198),4/42,0.2120340704425846,0.422831462849714,0,0,1.7588380890113482,2.727972487758278,SH3GLB1;MAPK8;DAP;MAPK1
GO_Biological_Process_2023,Ceramide Biosynthetic Process (GO:0046513),4/42,0.2120340704425846,0.422831462849714,0,0,1.7588380890113482,2.727972487758278,SGMS1;SPTLC2;ST8SIA4;SPTSSA
GO_Biological_Process_2023,Lysosome Localization (GO:0032418),4/42,0.2120340704425846,0.422831462849714,0,0,1.7588380890113482,2.727972487758278,SPAG9;MYH9;LAMTOR1;NDEL1
GO_Biological_Process_2023,Translational Elongation (GO:0006414),4/42,0.2120340704425846,0.422831462849714,0,0,1.7588380890113482,2.727972487758278,EEF1B2;EEF1G;RACK1;EEF2
GO_Biological_Process_2023,Kidney Development (GO:0001822),6/71,0.2123224163676656,0.4229579491307152,0,0,1.5428923076923078,2.3909420272993436,NIPBL;ZBTB16;NF1;TCF21;OXSR1;GATA3
GO_Biological_Process_2023,Regulation Of Double-Strand Break Repair Via Homologous Recombination (GO:0010569),6/71,0.2123224163676656,0.4229579491307152,0,0,1.5428923076923078,2.3909420272993436,ACTR2;MORF4L1;PPP4C;FUS;MORF4L2;ACTB
GO_Biological_Process_2023,Cilium Assembly (GO:0060271),17/243,0.2154007703544655,0.4288630478047353,0,0,1.2588416135746174,1.9326428032441825,ACTR3;ACTR2;RAB1A;SEPTIN2;RFX3;SEPTIN6;CSNK1D;SNX10;ASAP1;DYNLL1;SEPTIN7;EHD1;EHD4;ABLIM3;FLNA;ATP6V0D1;RAB8B
GO_Biological_Process_2023,Cellular Response To Cytokine Stimulus (GO:0071345),21/308,0.2172330250419673,0.4322822260226662,0,0,1.2249176005273563,1.8701853942681852,STAT5B;GSK3B;PHB1;PID1;DAPK1;DUSP1;STAT3;LEF1;STK39;HNRNPU;RPL13A;GATA3;OXSR1;RHOA;ZFP36L1;SOCS1;SOX9;CALM1;SOS1;UBE2K;RBMX
GO_Biological_Process_2023,Membrane Lipid Biosynthetic Process (GO:0046467),5/57,0.219175570689945,0.4359171450898377,0,0,1.6068622762672495,2.4390276111667415,SPTLC2;PPM1L;SGMS1;ELOVL6;SPTSSA
GO_Biological_Process_2023,Regulation Of Endothelial Cell Apoptotic Process (GO:2000351),4/43,0.2241667701765933,0.4425675709365709,0,0,1.7136486701704092,2.562530234107282,ANGPT1;PDCD4;GATA3;GATA2
GO_Biological_Process_2023,Regulation Of Cell-Cell Adhesion (GO:0022407),4/43,0.2241667701765933,0.4425675709365709,0,0,1.7136486701704092,2.562530234107282,JAG1;FLOT2;EFNA5;PTK2
GO_Biological_Process_2023,Regulation Of JUN Kinase Activity (GO:0043506),4/43,0.2241667701765933,0.4425675709365709,0,0,1.7136486701704092,2.562530234107282,DNAJA1;PAK1;TAOK3;PDCD4
GO_Biological_Process_2023,mRNA Transcription (GO:0009299),4/43,0.2241667701765933,0.4425675709365709,0,0,1.7136486701704092,2.562530234107282,DDX5;RXRA;ZBTB1;PPARG
GO_Biological_Process_2023,Energy Derivation By Oxidation Of Organic Compounds (GO:0015980),4/43,0.2241667701765933,0.4425675709365709,0,0,1.7136486701704092,2.562530234107282,PID1;GFPT2;GFPT1;SLC25A13
GO_Biological_Process_2023,SCF-dependent Proteasomal Ubiquitin-Dependent Protein Catabolic Process (GO:0031146),4/43,0.2241667701765933,0.4425675709365709,0,0,1.7136486701704092,2.562530234107282,FBXW11;FBXL7;SKP1;RBX1
GO_Biological_Process_2023,Sarcomere Organization (GO:0045214),3/29,0.2240701446324271,0.4425675709365709,0,0,1.927475450081833,2.88311031980157,CSRP2;WDR1;CSRP1
GO_Biological_Process_2023,Regulation Of Muscle Contraction (GO:0006937),3/29,0.2240701446324271,0.4425675709365709,0,0,1.927475450081833,2.88311031980157,CNN1;SRI;MYL9
GO_Biological_Process_2023,Protein Insertion Into ER Membrane (GO:0045048),3/29,0.2240701446324271,0.4425675709365709,0,0,1.927475450081833,2.88311031980157,SEC61A1;TMEM147;RAB5IF
GO_Biological_Process_2023,Peptidyl-Tyrosine Dephosphorylation (GO:0035335),3/29,0.2240701446324271,0.4425675709365709,0,0,1.927475450081833,2.88311031980157,UBASH3B;DUSP1;DUSP6
GO_Biological_Process_2023,Negative Regulation Of DNA Binding (GO:0043392),3/29,0.2240701446324271,0.4425675709365709,0,0,1.927475450081833,2.88311031980157,JUN;LEF1;HMGA2
GO_Biological_Process_2023,Maintenance Of Blood-Brain Barrier (GO:0035633),3/29,0.2240701446324271,0.4425675709365709,0,0,1.927475450081833,2.88311031980157,GJA1;VCL;ACTG1
GO_Biological_Process_2023,Integrated Stress Response Signaling (GO:0140467),3/29,0.2240701446324271,0.4425675709365709,0,0,1.927475450081833,2.88311031980157,JUN;MAFB;BATF
GO_Biological_Process_2023,Cardiac Muscle Cell Action Potential (GO:0086001),3/29,0.2240701446324271,0.4425675709365709,0,0,1.927475450081833,2.88311031980157,YWHAE;CACNA2D1;ATP1A1
GO_Biological_Process_2023,Negative Regulation Of Release Of Cytochrome C From Mitochondria (GO:0090201),2/16,0.2281067836063239,0.4445127529240332,0,0,2.3858028596735417,3.526076843644708,PRELID1;BCL2L1
GO_Biological_Process_2023,Nitric Oxide Metabolic Process (GO:0046209),2/16,0.2281067836063239,0.4445127529240332,0,0,2.3858028596735417,3.526076843644708,CPS1;DDAH2
GO_Biological_Process_2023,Nuclear Chromosome Segregation (GO:0098813),2/16,0.2281067836063239,0.4445127529240332,0,0,2.3858028596735417,3.526076843644708,TOP2B;GEM
GO_Biological_Process_2023,Positive Regulation Of Cell Migration Involved In Sprouting Angiogenesis (GO:0090050),2/16,0.2281067836063239,0.4445127529240332,0,0,2.3858028596735417,3.526076843644708,MAP3K3;GATA2
GO_Biological_Process_2023,Protein O-linked Mannosylation (GO:0035269),2/16,0.2281067836063239,0.4445127529240332,0,0,2.3858028596735417,3.526076843644708,TMTC2;LARGE1
GO_Biological_Process_2023,Regulation Of Osteoblast Proliferation (GO:0033688),2/16,0.2281067836063239,0.4445127529240332,0,0,2.3858028596735417,3.526076843644708,RHOA;FGFR2
GO_Biological_Process_2023,Regulation Of Blood Vessel Endothelial Cell Proliferation Involved In Sprouting Angiogenesis (GO:1903587),2/16,0.2281067836063239,0.4445127529240332,0,0,2.3858028596735417,3.526076843644708,PPP1R16B;GATA2
GO_Biological_Process_2023,Negative Regulation Of Receptor Signaling Pathway Via JAK-STAT (GO:0046426),2/16,0.2281067836063239,0.4445127529240332,0,0,2.3858028596735417,3.526076843644708,SOCS3;SOCS1
GO_Biological_Process_2023,Reticulophagy (GO:0061709),2/16,0.2281067836063239,0.4445127529240332,0,0,2.3858028596735417,3.526076843644708,UFM1;UFC1
GO_Biological_Process_2023,Vasculature Development (GO:0001944),2/16,0.2281067836063239,0.4445127529240332,0,0,2.3858028596735417,3.526076843644708,BMPR2;TCF21
GO_Biological_Process_2023,Protein Localization To Mitochondrion (GO:0070585),2/16,0.2281067836063239,0.4445127529240332,0,0,2.3858028596735417,3.526076843644708,DNAJA1;RALA
GO_Biological_Process_2023,Negative Regulation Of Phosphatase Activity (GO:0010923),2/16,0.2281067836063239,0.4445127529240332,0,0,2.3858028596735417,3.526076843644708,GSK3B;CHP1
GO_Biological_Process_2023,Positive Regulation Of Lymphocyte Migration (GO:2000403),2/16,0.2281067836063239,0.4445127529240332,0,0,2.3858028596735417,3.526076843644708,APP;RHOA
GO_Biological_Process_2023,Maturation Of 5.8S rRNA (GO:0000460),2/16,0.2281067836063239,0.4445127529240332,0,0,2.3858028596735417,3.526076843644708,NSA2;EIF6
GO_Biological_Process_2023,Negative Regulation Of Anoikis (GO:2000811),2/16,0.2281067836063239,0.4445127529240332,0,0,2.3858028596735417,3.526076843644708,TLE1;PTK2
GO_Biological_Process_2023,DNA-templated Transcription Termination (GO:0006353),2/16,0.2281067836063239,0.4445127529240332,0,0,2.3858028596735417,3.526076843644708,POLR2A;XRN2
GO_Biological_Process_2023,Autonomic Nervous System Development (GO:0048483),2/16,0.2281067836063239,0.4445127529240332,0,0,2.3858028596735417,3.526076843644708,NF1;GATA3
GO_Biological_Process_2023,Cellular Response To Fatty Acid (GO:0071398),2/16,0.2281067836063239,0.4445127529240332,0,0,2.3858028596735417,3.526076843644708,PID1;LCP1
GO_Biological_Process_2023,Cellular Response To Gamma Radiation (GO:0071480),2/16,0.2281067836063239,0.4445127529240332,0,0,2.3858028596735417,3.526076843644708,RPL26;CRYAB
GO_Biological_Process_2023,Cell Communication By Electrical Coupling Involved In Cardiac Conduction (GO:0086064),2/16,0.2281067836063239,0.4445127529240332,0,0,2.3858028596735417,3.526076843644708,GJC1;GJA1
GO_Biological_Process_2023,Endoplasmic Reticulum Tubular Network Organization (GO:0071786),2/16,0.2281067836063239,0.4445127529240332,0,0,2.3858028596735417,3.526076843644708,RAB10;RAB18
GO_Biological_Process_2023,Extrinsic Apoptotic Signaling Pathway In Absence Of Ligand (GO:0097192),2/16,0.2281067836063239,0.4445127529240332,0,0,2.3858028596735417,3.526076843644708,GSK3B;BCL2L1
GO_Biological_Process_2023,Heart Process (GO:0003015),2/16,0.2281067836063239,0.4445127529240332,0,0,2.3858028596735417,3.526076843644708,ZNHIT1;FYN
GO_Biological_Process_2023,Intracellular Cholesterol Transport (GO:0032367),2/16,0.2281067836063239,0.4445127529240332,0,0,2.3858028596735417,3.526076843644708,PIP4K2A;ABCG1
GO_Biological_Process_2023,Chondroitin Sulfate Metabolic Process (GO:0030204),2/16,0.2281067836063239,0.4445127529240332,0,0,2.3858028596735417,3.526076843644708,UGDH;CHST11
GO_Biological_Process_2023,Regulation Of Neuron Death (GO:1901214),5/58,0.2296278089562619,0.4472450489303476,0,0,1.5764603371426655,2.3194390042600945,EFNB2;VPS35;FYN;DHCR24;PICALM
GO_Biological_Process_2023,Negative Regulation Of Transcription From RNA Polymerase II Promoter In Response To Stress (GO:0097201),1/5,0.2525507983388458,0.4546881534477737,0,0,4.173672566371682,5.743569739590676,JUN
GO_Biological_Process_2023,Pericardium Morphogenesis (GO:0003344),1/5,0.2525507983388458,0.4546881534477737,0,0,4.173672566371682,5.743569739590676,TBX20
GO_Biological_Process_2023,Negative Regulation Of Trophoblast Cell Migration (GO:1901164),1/5,0.2525507983388458,0.4546881534477737,0,0,4.173672566371682,5.743569739590676,GJA1
GO_Biological_Process_2023,Neuroblast Proliferation (GO:0007405),1/5,0.2525507983388458,0.4546881534477737,0,0,4.173672566371682,5.743569739590676,PAFAH1B1
GO_Biological_Process_2023,Nucleoside Triphosphate Biosynthetic Process (GO:0009142),1/5,0.2525507983388458,0.4546881534477737,0,0,4.173672566371682,5.743569739590676,NME2
GO_Biological_Process_2023,Osmosensory Signaling Pathway (GO:0007231),1/5,0.2525507983388458,0.4546881534477737,0,0,4.173672566371682,5.743569739590676,OXSR1
GO_Biological_Process_2023,Phagosome Acidification (GO:0090383),1/5,0.2525507983388458,0.4546881534477737,0,0,4.173672566371682,5.743569739590676,RAB7A
GO_Biological_Process_2023,"Positive Regulation Of Wnt Signaling Pathway, Planar Cell Polarity Pathway (GO:2000096)",1/5,0.2525507983388458,0.4546881534477737,0,0,4.173672566371682,5.743569739590676,MLLT3
GO_Biological_Process_2023,Plasma Membrane Raft Assembly (GO:0044854),1/5,0.2525507983388458,0.4546881534477737,0,0,4.173672566371682,5.743569739590676,FLOT1
GO_Biological_Process_2023,Plasma Membrane Raft Organization (GO:0044857),1/5,0.2525507983388458,0.4546881534477737,0,0,4.173672566371682,5.743569739590676,FLOT1
GO_Biological_Process_2023,Podocyte Cell Migration (GO:0090521),1/5,0.2525507983388458,0.4546881534477737,0,0,4.173672566371682,5.743569739590676,ROCK1
GO_Biological_Process_2023,Positive Regulation Of T Cell Mediated Immune Response To Tumor Cell (GO:0002842),1/5,0.2525507983388458,0.4546881534477737,0,0,4.173672566371682,5.743569739590676,HSPD1
GO_Biological_Process_2023,Negative Regulation Of Toll-Like Receptor 2 Signaling Pathway (GO:0034136),1/5,0.2525507983388458,0.4546881534477737,0,0,4.173672566371682,5.743569739590676,LYN
GO_Biological_Process_2023,Positive Regulation Of Activin Receptor Signaling Pathway (GO:0032927),1/5,0.2525507983388458,0.4546881534477737,0,0,4.173672566371682,5.743569739590676,CSNK2B
GO_Biological_Process_2023,Positive Regulation Of Animal Organ Morphogenesis (GO:0110110),1/5,0.2525507983388458,0.4546881534477737,0,0,4.173672566371682,5.743569739590676,GATA3
GO_Biological_Process_2023,Positive Regulation Of Cardiac Muscle Cell Differentiation (GO:2000727),1/5,0.2525507983388458,0.4546881534477737,0,0,4.173672566371682,5.743569739590676,EFNB2
GO_Biological_Process_2023,Photoreceptor Cell Differentiation (GO:0046530),1/5,0.2525507983388458,0.4546881534477737,0,0,4.173672566371682,5.743569739590676,STAT3
GO_Biological_Process_2023,Negative Regulation Of Protein Kinase Activity By Regulation Of Protein Phosphorylation (GO:0044387),1/5,0.2525507983388458,0.4546881534477737,0,0,4.173672566371682,5.743569739590676,CORO1C
GO_Biological_Process_2023,Negative Regulation Of Heterochromatin Formation (GO:0031452),1/5,0.2525507983388458,0.4546881534477737,0,0,4.173672566371682,5.743569739590676,DYRK1A
GO_Biological_Process_2023,Negative Regulation Of Meiotic Cell Cycle (GO:0051447),1/5,0.2525507983388458,0.4546881534477737,0,0,4.173672566371682,5.743569739590676,DUSP1
GO_Biological_Process_2023,Positive Regulation Of Extrinsic Apoptotic Signaling Pathway Via Death Domain Receptors (GO:1902043),1/5,0.2525507983388458,0.4546881534477737,0,0,4.173672566371682,5.743569739590676,TIMP3
GO_Biological_Process_2023,Maintenance Of DNA Repeat Elements (GO:0043570),1/5,0.2525507983388458,0.4546881534477737,0,0,4.173672566371682,5.743569739590676,TCF7L2
GO_Biological_Process_2023,Medium-Chain Fatty Acid Biosynthetic Process (GO:0051792),1/5,0.2525507983388458,0.4546881534477737,0,0,4.173672566371682,5.743569739590676,ABHD2
GO_Biological_Process_2023,Mesenchymal Cell Differentiation Involved In Kidney Development (GO:0072161),1/5,0.2525507983388458,0.4546881534477737,0,0,4.173672566371682,5.743569739590676,TCF21
GO_Biological_Process_2023,Mitochondrial Protein Catabolic Process (GO:0035694),1/5,0.2525507983388458,0.4546881534477737,0,0,4.173672566371682,5.743569739590676,BNIP3L
GO_Biological_Process_2023,Negative Regulation Of PERK-mediated Unfolded Protein Response (GO:1903898),1/5,0.2525507983388458,0.4546881534477737,0,0,4.173672566371682,5.743569739590676,NCK2
GO_Biological_Process_2023,Negative Regulation Of Calcium Ion Import (GO:0090281),1/5,0.2525507983388458,0.4546881534477737,0,0,4.173672566371682,5.743569739590676,PLN
GO_Biological_Process_2023,Negative Regulation Of Nervous System Process (GO:0031645),1/5,0.2525507983388458,0.4546881534477737,0,0,4.173672566371682,5.743569739590676,TMEM98
GO_Biological_Process_2023,Negative Regulation Of Cardiac Muscle Cell Differentiation (GO:2000726),1/5,0.2525507983388458,0.4546881534477737,0,0,4.173672566371682,5.743569739590676,SOX6
GO_Biological_Process_2023,Negative Regulation Of Chemokine-Mediated Signaling Pathway (GO:0070100),1/5,0.2525507983388458,0.4546881534477737,0,0,4.173672566371682,5.743569739590676,SLIT2
GO_Biological_Process_2023,Negative Regulation Of Glial Cell Proliferation (GO:0060253),1/5,0.2525507983388458,0.4546881534477737,0,0,4.173672566371682,5.743569739590676,HES1
GO_Biological_Process_2023,Negative Regulation Of Glucocorticoid Receptor Signaling Pathway (GO:2000323),1/5,0.2525507983388458,0.4546881534477737,0,0,4.173672566371682,5.743569739590676,PHB1
GO_Biological_Process_2023,Negative Regulation Of Glycogen Biosynthetic Process (GO:0045719),1/5,0.2525507983388458,0.4546881534477737,0,0,4.173672566371682,5.743569739590676,GSK3B
GO_Biological_Process_2023,Negative Regulation Of Insulin-Like Growth Factor Receptor Signaling Pathway (GO:0043569),1/5,0.2525507983388458,0.4546881534477737,0,0,4.173672566371682,5.743569739590676,IGFBP5
GO_Biological_Process_2023,Negative Regulation Of Lamellipodium Organization (GO:1902744),1/5,0.2525507983388458,0.4546881534477737,0,0,4.173672566371682,5.743569739590676,SLIT2
GO_Biological_Process_2023,Negative Regulation Of Lens Fiber Cell Differentiation (GO:1902747),1/5,0.2525507983388458,0.4546881534477737,0,0,4.173672566371682,5.743569739590676,SPRY2
GO_Biological_Process_2023,Negative Regulation Of Cellular Extravasation (GO:0002692),1/5,0.2525507983388458,0.4546881534477737,0,0,4.173672566371682,5.743569739590676,PLCB1
GO_Biological_Process_2023,Positive Regulation Of Gonad Development (GO:1905941),1/5,0.2525507983388458,0.4546881534477737,0,0,4.173672566371682,5.743569739590676,SOX9
GO_Biological_Process_2023,Regulation Of Non-Motile Cilium Assembly (GO:1902855),1/5,0.2525507983388458,0.4546881534477737,0,0,4.173672566371682,5.743569739590676,SEPTIN7
GO_Biological_Process_2023,Positive Regulation Of Growth Hormone Secretion (GO:0060124),1/5,0.2525507983388458,0.4546881534477737,0,0,4.173672566371682,5.743569739590676,SELENOT
GO_Biological_Process_2023,Regulation Of Morphogenesis Of A Branching Structure (GO:0060688),1/5,0.2525507983388458,0.4546881534477737,0,0,4.173672566371682,5.743569739590676,FGFR2
GO_Biological_Process_2023,Regulation Of Nitric Oxide Mediated Signal Transduction (GO:0010749),1/5,0.2525507983388458,0.4546881534477737,0,0,4.173672566371682,5.743569739590676,NOS1AP
GO_Biological_Process_2023,Leukocyte Chemotaxis Involved In Inflammatory Response (GO:0002232),1/5,0.2525507983388458,0.4546881534477737,0,0,4.173672566371682,5.743569739590676,PTN
GO_Biological_Process_2023,Regulation Of Peptidyl-Cysteine S-nitrosylation (GO:2000169),1/5,0.2525507983388458,0.4546881534477737,0,0,4.173672566371682,5.743569739590676,NOS1AP
GO_Biological_Process_2023,Regulation Of pro-B Cell Differentiation (GO:2000973),1/5,0.2525507983388458,0.4546881534477737,0,0,4.173672566371682,5.743569739590676,HES1
GO_Biological_Process_2023,Regulation Of Protein Autoubiquitination (GO:1902498),1/5,0.2525507983388458,0.4546881534477737,0,0,4.173672566371682,5.743569739590676,RBX1
GO_Biological_Process_2023,Regulation Of Protein Depolymerization (GO:1901879),1/5,0.2525507983388458,0.4546881534477737,0,0,4.173672566371682,5.743569739590676,WDR1
GO_Biological_Process_2023,Regulation Of Monoatomic Anion Transport (GO:0044070),1/5,0.2525507983388458,0.4546881534477737,0,0,4.173672566371682,5.743569739590676,STC1
GO_Biological_Process_2023,Regulation Of Retinal Ganglion Cell Axon Guidance (GO:0090259),1/5,0.2525507983388458,0.4546881534477737,0,0,4.173672566371682,5.743569739590676,SLIT2
GO_Biological_Process_2023,Regulation Of Translation In Response To Endoplasmic Reticulum Stress (GO:0036490),1/5,0.2525507983388458,0.4546881534477737,0,0,4.173672566371682,5.743569739590676,NCK2
GO_Biological_Process_2023,Signal Complex Assembly (GO:0007172),1/5,0.2525507983388458,0.4546881534477737,0,0,4.173672566371682,5.743569739590676,NCK2
GO_Biological_Process_2023,snRNA Modification (GO:0040031),1/5,0.2525507983388458,0.4546881534477737,0,0,4.173672566371682,5.743569739590676,NOP10
GO_Biological_Process_2023,snoRNA Localization (GO:0048254),1/5,0.2525507983388458,0.4546881534477737,0,0,4.173672566371682,5.743569739590676,NOP58
GO_Biological_Process_2023,Subtelomeric Heterochromatin Formation (GO:0031509),1/5,0.2525507983388458,0.4546881534477737,0,0,4.173672566371682,5.743569739590676,EZH2
GO_Biological_Process_2023,Urea Cycle (GO:0000050),1/5,0.2525507983388458,0.4546881534477737,0,0,4.173672566371682,5.743569739590676,CPS1
GO_Biological_Process_2023,Venous Blood Vessel Morphogenesis (GO:0048845),1/5,0.2525507983388458,0.4546881534477737,0,0,4.173672566371682,5.743569739590676,TBX20
GO_Biological_Process_2023,Regulation Of System Process (GO:0044057),1/5,0.2525507983388458,0.4546881534477737,0,0,4.173672566371682,5.743569739590676,ROCK2
GO_Biological_Process_2023,Regulation Of Mitotic Spindle Checkpoint (GO:1903504),1/5,0.2525507983388458,0.4546881534477737,0,0,4.173672566371682,5.743569739590676,DUSP1
GO_Biological_Process_2023,Regulation Of Keratinocyte Apoptotic Process (GO:1902172),1/5,0.2525507983388458,0.4546881534477737,0,0,4.173672566371682,5.743569739590676,ZFP36L1
GO_Biological_Process_2023,Regulation Of Hyaluronan Biosynthetic Process (GO:1900125),1/5,0.2525507983388458,0.4546881534477737,0,0,4.173672566371682,5.743569739590676,CLTC
GO_Biological_Process_2023,Positive Regulation Of Hemoglobin Biosynthetic Process (GO:0046985),1/5,0.2525507983388458,0.4546881534477737,0,0,4.173672566371682,5.743569739590676,PRMT1
GO_Biological_Process_2023,Positive Regulation Of Male Gonad Development (GO:2000020),1/5,0.2525507983388458,0.4546881534477737,0,0,4.173672566371682,5.743569739590676,SOX9
GO_Biological_Process_2023,Positive Regulation Of Monoatomic Ion Transmembrane Transport (GO:0034767),1/5,0.2525507983388458,0.4546881534477737,0,0,4.173672566371682,5.743569739590676,STK39
GO_Biological_Process_2023,Positive Regulation Of Podosome Assembly (GO:0071803),1/5,0.2525507983388458,0.4546881534477737,0,0,4.173672566371682,5.743569739590676,LCP1
GO_Biological_Process_2023,Positive Regulation Of Protein Catabolic Process In The Vacuole (GO:1904352),1/5,0.2525507983388458,0.4546881534477737,0,0,4.173672566371682,5.743569739590676,LRP1
GO_Biological_Process_2023,Positive Regulation Of Protein Localization To Cilium (GO:1903566),1/5,0.2525507983388458,0.4546881534477737,0,0,4.173672566371682,5.743569739590676,GSK3B
GO_Biological_Process_2023,Positive Regulation Of Pyruvate Dehydrogenase Activity (GO:1904184),1/5,0.2525507983388458,0.4546881534477737,0,0,4.173672566371682,5.743569739590676,PPM1H
GO_Biological_Process_2023,Positive Regulation Of Transcription Of Notch Receptor Target (GO:0007221),1/5,0.2525507983388458,0.4546881534477737,0,0,4.173672566371682,5.743569739590676,RBPJ
GO_Biological_Process_2023,Positive Regulation Of Translation In Response To Stress (GO:0032056),1/5,0.2525507983388458,0.4546881534477737,0,0,4.173672566371682,5.743569739590676,NCK2
GO_Biological_Process_2023,Positive Regulation Of Vesicle Fusion (GO:0031340),1/5,0.2525507983388458,0.4546881534477737,0,0,4.173672566371682,5.743569739590676,ANXA2
GO_Biological_Process_2023,Presynaptic Active Zone Organization (GO:1990709),1/5,0.2525507983388458,0.4546881534477737,0,0,4.173672566371682,5.743569739590676,ERC1
GO_Biological_Process_2023,Protein Localization To Membrane Raft (GO:1903044),1/5,0.2525507983388458,0.4546881534477737,0,0,4.173672566371682,5.743569739590676,FLOT2
GO_Biological_Process_2023,Regulation Of Establishment Of T Cell Polarity (GO:1903903),1/5,0.2525507983388458,0.4546881534477737,0,0,4.173672566371682,5.743569739590676,FLOT2
GO_Biological_Process_2023,Regulation Of Glutamate Receptor Signaling Pathway (GO:1900449),1/5,0.2525507983388458,0.4546881534477737,0,0,4.173672566371682,5.743569739590676,FYN
GO_Biological_Process_2023,Regulation Of Glycogen (Starch) Synthase Activity (GO:2000465),1/5,0.2525507983388458,0.4546881534477737,0,0,4.173672566371682,5.743569739590676,GSK3B
GO_Biological_Process_2023,Regulation Of Growth Hormone Receptor Signaling Pathway (GO:0060398),1/5,0.2525507983388458,0.4546881534477737,0,0,4.173672566371682,5.743569739590676,LEPROTL1
GO_Biological_Process_2023,Regulation Of Hepatocyte Proliferation (GO:2000345),1/5,0.2525507983388458,0.4546881534477737,0,0,4.173672566371682,5.743569739590676,PTN
GO_Biological_Process_2023,Positive Regulation Of Granulocyte Differentiation (GO:0030854),1/5,0.2525507983388458,0.4546881534477737,0,0,4.173672566371682,5.743569739590676,LEF1
GO_Biological_Process_2023,Kidney Morphogenesis (GO:0060993),1/5,0.2525507983388458,0.4546881534477737,0,0,4.173672566371682,5.743569739590676,PPP3CA
GO_Biological_Process_2023,Cellular Lipid Biosynthetic Process (GO:0097384),1/5,0.2525507983388458,0.4546881534477737,0,0,4.173672566371682,5.743569739590676,FAR1
GO_Biological_Process_2023,Intracellular Phosphate Ion Homeostasis (GO:0030643),1/5,0.2525507983388458,0.4546881534477737,0,0,4.173672566371682,5.743569739590676,XPR1
GO_Biological_Process_2023,Cell Migration Involved In Sprouting Angiogenesis (GO:0002042),2/17,0.2494824909653603,0.4546881534477737,0,0,2.226631237082964,3.0913803125959864,EFNB2;SLIT2
GO_Biological_Process_2023,Cellular Response To dsRNA (GO:0071359),2/17,0.2494824909653603,0.4546881534477737,0,0,2.226631237082964,3.0913803125959864,RALB;FLOT1
GO_Biological_Process_2023,Diol Biosynthetic Process (GO:0034312),2/17,0.2494824909653603,0.4546881534477737,0,0,2.226631237082964,3.0913803125959864,SPTLC2;SPTSSA
GO_Biological_Process_2023,Embryonic Heart Tube Development (GO:0035050),2/17,0.2494824909653603,0.4546881534477737,0,0,2.226631237082964,3.0913803125959864,TBX20;HES1
GO_Biological_Process_2023,Filopodium Assembly (GO:0046847),2/17,0.2494824909653603,0.4546881534477737,0,0,2.226631237082964,3.0913803125959864,DNM3;EZR
GO_Biological_Process_2023,Long-Chain fatty-acyl-CoA Biosynthetic Process (GO:0035338),2/17,0.2494824909653603,0.4546881534477737,0,0,2.226631237082964,3.0913803125959864,TECR;ELOVL6
GO_Biological_Process_2023,Membrane Lipid Metabolic Process (GO:0006643),2/17,0.2494824909653603,0.4546881534477737,0,0,2.226631237082964,3.0913803125959864,TECR;SERINC1
GO_Biological_Process_2023,NLS-bearing Protein Import Into Nucleus (GO:0006607),2/17,0.2494824909653603,0.4546881534477737,0,0,2.226631237082964,3.0913803125959864,KPNA4;KPNA1
GO_Biological_Process_2023,Negative Regulation Of Calcium Ion Transport (GO:0051926),2/17,0.2494824909653603,0.4546881534477737,0,0,2.226631237082964,3.0913803125959864,PLN;STC1
GO_Biological_Process_2023,Peroxisomal Membrane Transport (GO:0015919),2/17,0.2494824909653603,0.4546881534477737,0,0,2.226631237082964,3.0913803125959864,ABCD3;RAB8B
GO_Biological_Process_2023,Positive Regulation Of Dendrite Extension (GO:1903861),2/17,0.2494824909653603,0.4546881534477737,0,0,2.226631237082964,3.0913803125959864,SMURF1;NEDD4L
GO_Biological_Process_2023,Intracellular Water Homeostasis (GO:0009992),1/5,0.2525507983388458,0.4546881534477737,0,0,4.173672566371682,5.743569739590676,FLNB
GO_Biological_Process_2023,Positive Regulation Of Macrophage Derived Foam Cell Differentiation (GO:0010744),2/17,0.2494824909653603,0.4546881534477737,0,0,2.226631237082964,3.0913803125959864,PRKCH;LCP1
GO_Biological_Process_2023,Positive Regulation Of Nitric-Oxide Synthase Activity (GO:0051000),2/17,0.2494824909653603,0.4546881534477737,0,0,2.226631237082964,3.0913803125959864,NOS1AP;PIK3CB
GO_Biological_Process_2023,Positive Regulation Of Potassium Ion Transmembrane Transport (GO:1901381),2/17,0.2494824909653603,0.4546881534477737,0,0,2.226631237082964,3.0913803125959864,NOS1AP;FLNA
GO_Biological_Process_2023,Positive Regulation Of Transcription From RNA Polymerase II Promoter In Response To Stress (GO:0036003),2/17,0.2494824909653603,0.4546881534477737,0,0,2.226631237082964,3.0913803125959864,HSPA5;RBPJ
GO_Biological_Process_2023,Negative Regulation Of Insulin Secretion (GO:0046676),2/17,0.2494824909653603,0.4546881534477737,0,0,2.226631237082964,3.0913803125959864,KLF7;PIM3
GO_Biological_Process_2023,Postsynaptic Membrane Organization (GO:0001941),2/17,0.2494824909653603,0.4546881534477737,0,0,2.226631237082964,3.0913803125959864,NLGN1;GPHN
GO_Biological_Process_2023,Regulation Of Cellular Metabolic Process (GO:0031323),4/45,0.248933618884091,0.4546881534477737,0,0,1.6298829181725714,2.2664646741234935,PID1;EIF6;ARL2;STUB1
GO_Biological_Process_2023,protein-DNA Complex Assembly (GO:0065004),5/59,0.2402203985077114,0.4546881534477737,0,0,1.5471843957634366,2.206591986992235,BRD2;HMGB2;NAP1L1;TCF4;SOX9
GO_Biological_Process_2023,Extracellular Matrix Disassembly (GO:0022617),4/44,0.2364728858885674,0.4546881534477737,0,0,1.6707187222715174,2.4090456220548235,MMP14;MMP2;FLOT1;LCP1
GO_Biological_Process_2023,Nucleus Organization (GO:0006997),4/44,0.2364728858885674,0.4546881534477737,0,0,1.6707187222715174,2.4090456220548235,PITPNB;CHMP1B;LMNA;CHMP2A
GO_Biological_Process_2023,Positive Regulation Of Biosynthetic Process (GO:0009891),4/44,0.2364728858885674,0.4546881534477737,0,0,1.6707187222715174,2.4090456220548235,MTPN;ZBTB20;RAB27A;VIM
GO_Biological_Process_2023,Positive Regulation Of Leukocyte Cell-Cell Adhesion (GO:1903039),4/44,0.2364728858885674,0.4546881534477737,0,0,1.6707187222715174,2.4090456220548235,LCK;CYRIB;RHOA;HSPD1
GO_Biological_Process_2023,ERAD Pathway (GO:0036503),7/89,0.2380615378809452,0.4546881534477737,0,0,1.4268401180453083,2.047838143997202,ERLEC1;HSPA5;FAF1;DERL1;STUB1;SEC61B;HSP90B1
GO_Biological_Process_2023,Mitotic G2 DNA Damage Checkpoint Signaling (GO:0007095),3/30,0.2393264152282248,0.4546881534477737,0,0,1.8559889676910952,2.6539285598233717,BABAM2;TAOK3;TAOK1
GO_Biological_Process_2023,Negative Regulation Of Epithelial To Mesenchymal Transition (GO:0010719),3/30,0.2393264152282248,0.4546881534477737,0,0,1.8559889676910952,2.6539285598233717,SFRP2;SPRY2;GATA3
GO_Biological_Process_2023,Positive Regulation Of NF-kappaB Transcription Factor Activity (GO:0051092),11/152,0.2419613590367714,0.4546881534477737,0,0,1.3045086119554206,1.851068028413408,APP;MTPN;RPS6KA5;PRKCH;SLCO3A1;PRKCB;STAT3;FLOT1;FLOT2;ROR1;ERC1
GO_Biological_Process_2023,Negative Regulation Of Myeloid Leukocyte Differentiation (GO:0002762),3/30,0.2393264152282248,0.4546881534477737,0,0,1.8559889676910952,2.6539285598233717,CDK6;MAFB;FBN1
GO_Biological_Process_2023,Nucleic Acid Metabolic Process (GO:0090304),3/30,0.2393264152282248,0.4546881534477737,0,0,1.8559889676910952,2.6539285598233717,RBFOX2;XRN2;RAN
GO_Biological_Process_2023,Positive Regulation Of Protein Targeting To Mitochondrion (GO:1903955),3/30,0.2393264152282248,0.4546881534477737,0,0,1.8559889676910952,2.6539285598233717,SH3GLB1;UBE2D3;RAC2
GO_Biological_Process_2023,Regulation Of Cell Migration Involved In Sprouting Angiogenesis (GO:0090049),3/30,0.2393264152282248,0.4546881534477737,0,0,1.8559889676910952,2.6539285598233717,MAP3K3;GATA2;RHOA
GO_Biological_Process_2023,Regulation Of Potassium Ion Transport (GO:0043266),3/30,0.2393264152282248,0.4546881534477737,0,0,1.8559889676910952,2.6539285598233717,GNB2;PTK2B;KCNAB2
GO_Biological_Process_2023,Cellular Response To Chemokine (GO:1990869),5/59,0.2402203985077114,0.4546881534477737,0,0,1.5471843957634366,2.206591986992235,DUSP1;STK39;PTK2B;OXSR1;RHOA
GO_Biological_Process_2023,Glucose Metabolic Process (GO:0006006),5/59,0.2402203985077114,0.4546881534477737,0,0,1.5471843957634366,2.206591986992235,TPI1;MDH1;KRT17;PGK1;SLC25A13
GO_Biological_Process_2023,Microtubule Cytoskeleton Organization Involved In Mitosis (GO:1902850),5/59,0.2402203985077114,0.4546881534477737,0,0,1.5471843957634366,2.206591986992235,DYNC1H1;STMN1;SBDS;CLASP1;RAN
GO_Biological_Process_2023,Negative Regulation Of Peptidyl-Tyrosine Phosphorylation (GO:0050732),3/30,0.2393264152282248,0.4546881534477737,0,0,1.8559889676910952,2.6539285598233717,SOCS3;SOCS1;SFRP2
GO_Biological_Process_2023,rRNA Modification (GO:0000154),2/17,0.2494824909653603,0.4546881534477737,0,0,2.226631237082964,3.0913803125959864,FBL;NOP10
GO_Biological_Process_2023,Positive Regulation Of Heart Rate (GO:0010460),2/17,0.2494824909653603,0.4546881534477737,0,0,2.226631237082964,3.0913803125959864,PDE4D;ATP2A2
GO_Biological_Process_2023,Regulation Of Cellular Respiration (GO:0043457),2/17,0.2494824909653603,0.4546881534477737,0,0,2.226631237082964,3.0913803125959864,PRELID1;ARL2
GO_Biological_Process_2023,Contact Inhibition (GO:0060242),1/5,0.2525507983388458,0.4546881534477737,0,0,4.173672566371682,5.743569739590676,PAK1
GO_Biological_Process_2023,Dermatan Sulfate Metabolic Process (GO:0030205),1/5,0.2525507983388458,0.4546881534477737,0,0,4.173672566371682,5.743569739590676,UST
GO_Biological_Process_2023,Embryonic Brain Development (GO:1990403),1/5,0.2525507983388458,0.4546881534477737,0,0,4.173672566371682,5.743569739590676,RPL10
GO_Biological_Process_2023,Embryonic Hindlimb Morphogenesis (GO:0035116),1/5,0.2525507983388458,0.4546881534477737,0,0,4.173672566371682,5.743569739590676,OXSR1
GO_Biological_Process_2023,rRNA Transcription (GO:0009303),2/17,0.2494824909653603,0.4546881534477737,0,0,2.226631237082964,3.0913803125959864,SPIN1;ZFP36L1
GO_Biological_Process_2023,Endothelin Receptor Signaling Pathway (GO:0086100),1/5,0.2525507983388458,0.4546881534477737,0,0,4.173672566371682,5.743569739590676,PTK2B
GO_Biological_Process_2023,Epithelial Tube Branching Involved In Lung Morphogenesis (GO:0060441),1/5,0.2525507983388458,0.4546881534477737,0,0,4.173672566371682,5.743569739590676,FGFR2
GO_Biological_Process_2023,Bundle Of His cell-Purkinje Myocyte Adhesion Involved In Cell Communication (GO:0086073),1/5,0.2525507983388458,0.4546881534477737,0,0,4.173672566371682,5.743569739590676,JUP
GO_Biological_Process_2023,Establishment Of Lymphocyte Polarity (GO:0001767),1/5,0.2525507983388458,0.4546881534477737,0,0,4.173672566371682,5.743569739590676,SNX27
GO_Biological_Process_2023,Forebrain Neuron Differentiation (GO:0021879),1/5,0.2525507983388458,0.4546881534477737,0,0,4.173672566371682,5.743569739590676,ZSWIM6
GO_Biological_Process_2023,Gastrulation With Mouth Forming Second (GO:0001702),1/5,0.2525507983388458,0.4546881534477737,0,0,4.173672566371682,5.743569739590676,UGDH
GO_Biological_Process_2023,Glomerulus Vasculature Development (GO:0072012),1/5,0.2525507983388458,0.4546881534477737,0,0,4.173672566371682,5.743569739590676,OXSR1
GO_Biological_Process_2023,Glycerol Ether Biosynthetic Process (GO:0046504),1/5,0.2525507983388458,0.4546881534477737,0,0,4.173672566371682,5.743569739590676,FAR1
GO_Biological_Process_2023,Heme Transport (GO:0015886),1/5,0.2525507983388458,0.4546881534477737,0,0,4.173672566371682,5.743569739590676,ABCC5
GO_Biological_Process_2023,Inner Ear Auditory Receptor Cell Differentiation (GO:0042491),1/5,0.2525507983388458,0.4546881534477737,0,0,4.173672566371682,5.743569739590676,MYO6
GO_Biological_Process_2023,Interleukin-5-Mediated Signaling Pathway (GO:0038043),1/5,0.2525507983388458,0.4546881534477737,0,0,4.173672566371682,5.743569739590676,LYN
GO_Biological_Process_2023,Female Gonad Development (GO:0008585),1/5,0.2525507983388458,0.4546881534477737,0,0,4.173672566371682,5.743569739590676,NR2F2
GO_Biological_Process_2023,Astrocyte Differentiation (GO:0048708),1/5,0.2525507983388458,0.4546881534477737,0,0,4.173672566371682,5.743569739590676,STAT3
GO_Biological_Process_2023,Embryonic Skeletal Joint Development (GO:0072498),1/5,0.2525507983388458,0.4546881534477737,0,0,4.173672566371682,5.743569739590676,OXSR1
GO_Biological_Process_2023,Aminophospholipid Transport (GO:0015917),1/5,0.2525507983388458,0.4546881534477737,0,0,4.173672566371682,5.743569739590676,ATP8A1
GO_Biological_Process_2023,Regulation Of Single Stranded Viral RNA Replication Via Double Stranded DNA Intermediate (GO:0045091),2/17,0.2494824909653603,0.4546881534477737,0,0,2.226631237082964,3.0913803125959864,TOP2B;HMGA2
GO_Biological_Process_2023,Aspartate Metabolic Process (GO:0006531),1/5,0.2525507983388458,0.4546881534477737,0,0,4.173672566371682,5.743569739590676,ASS1
GO_Biological_Process_2023,Ventricular Cardiac Muscle Cell Action Potential (GO:0086005),2/17,0.2494824909653603,0.4546881534477737,0,0,2.226631237082964,3.0913803125959864,KCNJ8;NEDD4L
GO_Biological_Process_2023,C-terminal Protein Lipidation (GO:0006501),1/5,0.2525507983388458,0.4546881534477737,0,0,4.173672566371682,5.743569739590676,ATG5
GO_Biological_Process_2023,COPI Coating Of Golgi Vesicle (GO:0048205),1/5,0.2525507983388458,0.4546881534477737,0,0,4.173672566371682,5.743569739590676,TMED2
GO_Biological_Process_2023,COPI-coated Vesicle Budding (GO:0035964),1/5,0.2525507983388458,0.4546881534477737,0,0,4.173672566371682,5.743569739590676,TMED2
GO_Biological_Process_2023,GDP-mannose Metabolic Process (GO:0019673),1/5,0.2525507983388458,0.4546881534477737,0,0,4.173672566371682,5.743569739590676,GMDS
GO_Biological_Process_2023,Golgi Transport Vesicle Coating (GO:0048200),1/5,0.2525507983388458,0.4546881534477737,0,0,4.173672566371682,5.743569739590676,TMED2
GO_Biological_Process_2023,Sulfur Amino Acid Metabolic Process (GO:0000096),2/17,0.2494824909653603,0.4546881534477737,0,0,2.226631237082964,3.0913803125959864,CPS1;SMS
GO_Biological_Process_2023,L-ascorbic Acid Metabolic Process (GO:0019852),1/5,0.2525507983388458,0.4546881534477737,0,0,4.173672566371682,5.743569739590676,SLC2A1
GO_Biological_Process_2023,L-aspartate Import Across Plasma Membrane (GO:0140009),1/5,0.2525507983388458,0.4546881534477737,0,0,4.173672566371682,5.743569739590676,SLC1A3
GO_Biological_Process_2023,L-aspartate Transmembrane Transport (GO:0070778),1/5,0.2525507983388458,0.4546881534477737,0,0,4.173672566371682,5.743569739590676,SLC1A3
GO_Biological_Process_2023,T-helper 2 Cell Differentiation (GO:0045064),1/5,0.2525507983388458,0.4546881534477737,0,0,4.173672566371682,5.743569739590676,GATA3
GO_Biological_Process_2023,TORC2 Signaling (GO:0038203),1/5,0.2525507983388458,0.4546881534477737,0,0,4.173672566371682,5.743569739590676,RICTOR
GO_Biological_Process_2023,Activation Of Transmembrane Receptor Protein Tyrosine Kinase Activity (GO:0007171),1/5,0.2525507983388458,0.4546881534477737,0,0,4.173672566371682,5.743569739590676,ANGPT1
GO_Biological_Process_2023,Adiponectin-Activated Signaling Pathway (GO:0033211),1/5,0.2525507983388458,0.4546881534477737,0,0,4.173672566371682,5.743569739590676,CSNK2B
GO_Biological_Process_2023,His-Purkinje System Development (GO:0003164),1/5,0.2525507983388458,0.4546881534477737,0,0,4.173672566371682,5.743569739590676,ID2
GO_Biological_Process_2023,Toll-Like Receptor Signaling Pathway (GO:0002224),3/31,0.2547491204285099,0.4558094395488229,0,0,1.7896086626139818,2.4472470021240804,RPS6KA3;TRAF3;HSPD1
GO_Biological_Process_2023,Regulation Of Transmembrane Receptor Protein Serine/Threonine Kinase Signaling Pathway (GO:0090092),3/31,0.2547491204285099,0.4558094395488229,0,0,1.7896086626139818,2.4472470021240804,SMAD3;SMURF2;FST
GO_Biological_Process_2023,Regulation Of Response To Biotic Stimulus (GO:0002831),3/31,0.2547491204285099,0.4558094395488229,0,0,1.7896086626139818,2.4472470021240804,DAPK1;TRAF3;FOXP1
GO_Biological_Process_2023,Regulation Of Long-Term Synaptic Potentiation (GO:1900271),3/31,0.2547491204285099,0.4558094395488229,0,0,1.7896086626139818,2.4472470021240804,APP;GSK3B;PTN
GO_Biological_Process_2023,Receptor Signaling Pathway Via STAT (GO:0097696),3/31,0.2547491204285099,0.4558094395488229,0,0,1.7896086626139818,2.4472470021240804,STAT5B;STAT3;PIAS1
GO_Biological_Process_2023,Positive Regulation Of Proteolysis Involved In Protein Catabolic Process (GO:1903052),3/31,0.2547491204285099,0.4558094395488229,0,0,1.7896086626139818,2.4472470021240804,PSMC5;SMURF1;PTK2
GO_Biological_Process_2023,Negative Regulation Of DNA Biosynthetic Process (GO:2000279),3/31,0.2547491204285099,0.4558094395488229,0,0,1.7896086626139818,2.4472470021240804,TENM1;BMPR2;HNRNPU
GO_Biological_Process_2023,Positive Regulation Of Cholesterol Transport (GO:0032376),3/31,0.2547491204285099,0.4558094395488229,0,0,1.7896086626139818,2.4472470021240804,RXRA;LRP1;PPARG
GO_Biological_Process_2023,Positive Regulation Of Rho Protein Signal Transduction (GO:0035025),3/31,0.2547491204285099,0.4558094395488229,0,0,1.7896086626139818,2.4472470021240804,LPAR1;ARRB1;RAC1
GO_Biological_Process_2023,Leukocyte Cell-Cell Adhesion (GO:0007159),3/31,0.2547491204285099,0.4558094395488229,0,0,1.7896086626139818,2.4472470021240804,ROCK1;MSN;EZR
GO_Biological_Process_2023,Glutamine Family Amino Acid Metabolic Process (GO:0009064),3/31,0.2547491204285099,0.4558094395488229,0,0,1.7896086626139818,2.4472470021240804,CPS1;DDAH2;UCP2
GO_Biological_Process_2023,Endodermal Cell Differentiation (GO:0035987),3/31,0.2547491204285099,0.4558094395488229,0,0,1.7896086626139818,2.4472470021240804,MMP14;MMP2;HMGA2
GO_Biological_Process_2023,Positive Regulation Of Glucose Transmembrane Transport (GO:0010828),3/31,0.2547491204285099,0.4558094395488229,0,0,1.7896086626139818,2.4472470021240804,OSBPL8;PIK3R1;RHOQ
GO_Biological_Process_2023,Positive Regulation Of Peptide Hormone Secretion (GO:0090277),4/46,0.2615303913917053,0.4661686265517553,0,0,1.590991676173575,2.13384564541371,TCF7L2;FLNB;SELENOT;MCU
GO_Biological_Process_2023,Protein Sumoylation (GO:0016925),4/46,0.2615303913917053,0.4661686265517553,0,0,1.590991676173575,2.13384564541371,UBE2I;ZMIZ1;SUMO2;PIAS1
GO_Biological_Process_2023,Male Gonad Development (GO:0008584),4/46,0.2615303913917053,0.4661686265517553,0,0,1.590991676173575,2.13384564541371,WNT2B;CSDE1;GATA3;SOX9
GO_Biological_Process_2023,Myofibril Assembly (GO:0030239),4/46,0.2615303913917053,0.4661686265517553,0,0,1.590991676173575,2.13384564541371,CSRP2;WDR1;CSRP1;MYL9
GO_Biological_Process_2023,Development Of Primary Male Sexual Characteristics (GO:0046546),4/46,0.2615303913917053,0.4661686265517553,0,0,1.590991676173575,2.13384564541371,WNT2B;CSDE1;GATA3;SOX9
GO_Biological_Process_2023,Epithelial Cell Migration (GO:0010631),4/46,0.2615303913917053,0.4661686265517553,0,0,1.590991676173575,2.13384564541371,PTP4A3;ZEB2;ROCK1;RHOA
GO_Biological_Process_2023,Cellular Component Disassembly (GO:0022411),4/46,0.2615303913917053,0.4661686265517553,0,0,1.590991676173575,2.13384564541371,MMP14;MMP2;FLOT1;LCP1
GO_Biological_Process_2023,B Cell Receptor Signaling Pathway (GO:0050853),4/46,0.2615303913917053,0.4661686265517553,0,0,1.590991676173575,2.13384564541371,VAV3;TEC;PRKCB;LCK
GO_Biological_Process_2023,Positive Regulation Of CREB Transcription Factor Activity (GO:0032793),2/18,0.2709110153218967,0.4752314965604728,0,0,2.087356067316209,2.726013692526965,CAMK1D;RPS6KA5
GO_Biological_Process_2023,Positive Regulation Of G Protein-Coupled Receptor Signaling Pathway (GO:0045745),2/18,0.2709110153218967,0.4752314965604728,0,0,2.087356067316209,2.726013692526965,PHB1;PRKCA
GO_Biological_Process_2023,Positive Regulation Of Cation Transmembrane Transport (GO:1904064),2/18,0.2709110153218967,0.4752314965604728,0,0,2.087356067316209,2.726013692526965,NOS1AP;FLNA
GO_Biological_Process_2023,Positive Regulation Of Cyclin-Dependent Protein Kinase Activity (GO:1904031),2/18,0.2709110153218967,0.4752314965604728,0,0,2.087356067316209,2.726013692526965,HSP90AB1;CCNY
GO_Biological_Process_2023,Positive Regulation Of Glycolytic Process (GO:0045821),2/18,0.2709110153218967,0.4752314965604728,0,0,2.087356067316209,2.726013692526965,ZBTB20;SLC4A4
GO_Biological_Process_2023,Positive Regulation Of Macrophage Migration (GO:1905523),2/18,0.2709110153218967,0.4752314965604728,0,0,2.087356067316209,2.726013692526965,MAPK1;PTK2
GO_Biological_Process_2023,Positive Regulation Of Osteoclast Differentiation (GO:0045672),2/18,0.2709110153218967,0.4752314965604728,0,0,2.087356067316209,2.726013692526965,PPP3CA;EEIG1
GO_Biological_Process_2023,Protein Import Into Mitochondrial Matrix (GO:0030150),2/18,0.2709110153218967,0.4752314965604728,0,0,2.087356067316209,2.726013692526965,ROMO1;TOMM20
GO_Biological_Process_2023,Nucleosome Disassembly (GO:0006337),2/18,0.2709110153218967,0.4752314965604728,0,0,2.087356067316209,2.726013692526965,SMARCC1;HMGA1
GO_Biological_Process_2023,Regulation Of Defense Response To Virus (GO:0050688),2/18,0.2709110153218967,0.4752314965604728,0,0,2.087356067316209,2.726013692526965,TRAF3;ATG5
GO_Biological_Process_2023,Regulation Of Dendrite Extension (GO:1903859),2/18,0.2709110153218967,0.4752314965604728,0,0,2.087356067316209,2.726013692526965,SMURF1;NEDD4L
GO_Biological_Process_2023,Regulation Of Exosomal Secretion (GO:1903541),2/18,0.2709110153218967,0.4752314965604728,0,0,2.087356067316209,2.726013692526965,CHMP2A;RAB7A
GO_Biological_Process_2023,Regulation Of Nervous System Process (GO:0031644),2/18,0.2709110153218967,0.4752314965604728,0,0,2.087356067316209,2.726013692526965,APP;ROCK2
GO_Biological_Process_2023,Regulation Of Protein Neddylation (GO:2000434),2/18,0.2709110153218967,0.4752314965604728,0,0,2.087356067316209,2.726013692526965,RPL5;RPL11
GO_Biological_Process_2023,Positive Regulation Of Response To Endoplasmic Reticulum Stress (GO:1905898),2/18,0.2709110153218967,0.4752314965604728,0,0,2.087356067316209,2.726013692526965,NCK2;PIK3R1
GO_Biological_Process_2023,Neuromuscular Process (GO:0050905),2/18,0.2709110153218967,0.4752314965604728,0,0,2.087356067316209,2.726013692526965,MYCBP2;PAFAH1B1
GO_Biological_Process_2023,Melanosome Assembly (GO:1903232),2/18,0.2709110153218967,0.4752314965604728,0,0,2.087356067316209,2.726013692526965,AP1G1;AP1B1
GO_Biological_Process_2023,Regulation Of Ventricular Cardiac Muscle Cell Membrane Repolarization (GO:0060307),2/18,0.2709110153218967,0.4752314965604728,0,0,2.087356067316209,2.726013692526965,CACNA2D1;NOS1AP
GO_Biological_Process_2023,Mesenchymal Cell Migration (GO:0090497),3/32,0.2703041879281515,0.4752314965604728,0,0,1.7278063096111518,2.260328882837279,SEMA3C;ERBB4;CORO1C
GO_Biological_Process_2023,Muscle Cell Development (GO:0055001),3/32,0.2703041879281515,0.4752314965604728,0,0,1.7278063096111518,2.260328882837279,HES1;MYH11;ACTN4
GO_Biological_Process_2023,Negative Regulation Of Osteoblast Differentiation (GO:0045668),3/32,0.2703041879281515,0.4752314965604728,0,0,1.7278063096111518,2.260328882837279,CDK6;PPARG;SOX9
GO_Biological_Process_2023,Protein Transmembrane Import Into Intracellular Organelle (GO:0044743),3/32,0.2703041879281515,0.4752314965604728,0,0,1.7278063096111518,2.260328882837279,ROMO1;TOMM20;HSPD1
GO_Biological_Process_2023,Regulation Of Transcription By RNA Polymerase I (GO:0006356),3/32,0.2703041879281515,0.4752314965604728,0,0,1.7278063096111518,2.260328882837279,CREBBP;FLNA;POLR2L
GO_Biological_Process_2023,Respiratory System Development (GO:0060541),3/32,0.2703041879281515,0.4752314965604728,0,0,1.7278063096111518,2.260328882837279,CHD7;TCF21;FGFR2
GO_Biological_Process_2023,ncRNA-mediated Post-Transcriptional Gene Silencing (GO:0035194),2/18,0.2709110153218967,0.4752314965604728,0,0,2.087356067316209,2.726013692526965,EIF6;CELF1
GO_Biological_Process_2023,Very Long-Chain Fatty Acid Metabolic Process (GO:0000038),3/32,0.2703041879281515,0.4752314965604728,0,0,1.7278063096111518,2.260328882837279,ABCD3;TECR;ELOVL6
GO_Biological_Process_2023,Cardiac Atrium Morphogenesis (GO:0003209),2/18,0.2709110153218967,0.4752314965604728,0,0,2.087356067316209,2.726013692526965,BMPR2;TBX20
GO_Biological_Process_2023,Excitatory Postsynaptic Potential (GO:0060079),2/18,0.2709110153218967,0.4752314965604728,0,0,2.087356067316209,2.726013692526965,GSK3B;ARRB2
GO_Biological_Process_2023,Heart Trabecula Morphogenesis (GO:0061384),2/18,0.2709110153218967,0.4752314965604728,0,0,2.087356067316209,2.726013692526965,RBPJ;BMPR1A
GO_Biological_Process_2023,Intracellular Lipid Transport (GO:0032365),2/18,0.2709110153218967,0.4752314965604728,0,0,2.087356067316209,2.726013692526965,ABCD3;CERT1
GO_Biological_Process_2023,Maintenance Of Gastrointestinal Epithelium (GO:0030277),2/18,0.2709110153218967,0.4752314965604728,0,0,2.087356067316209,2.726013692526965,STRAP;SOX9
GO_Biological_Process_2023,Maintenance Of Protein Location In Nucleus (GO:0051457),2/18,0.2709110153218967,0.4752314965604728,0,0,2.087356067316209,2.726013692526965,HNRNPU;SKP1
GO_Biological_Process_2023,Autophagy Of Nucleus (GO:0044804),2/18,0.2709110153218967,0.4752314965604728,0,0,2.087356067316209,2.726013692526965,ATG3;ATG5
GO_Biological_Process_2023,Ureteric Bud Morphogenesis (GO:0060675),2/18,0.2709110153218967,0.4752314965604728,0,0,2.087356067316209,2.726013692526965,TCF21;GATA3
GO_Biological_Process_2023,Positive Regulation Of Apoptotic Signaling Pathway (GO:2001235),5/62,0.2727242413026151,0.4781892175007625,0,0,1.4655199277055873,1.90414139464411,FIS1;LCK;RACK1;DNM1L;PAK2
GO_Biological_Process_2023,Negative Regulation Of Retinoic Acid Receptor Signaling Pathway (GO:0048387),1/6,0.2948295607430783,0.4803185240892993,0,0,3.3387610619469026,4.077822031625473,EZH2
GO_Biological_Process_2023,Positive Regulation Of Intracellular Estrogen Receptor Signaling Pathway (GO:0033148),1/6,0.2948295607430783,0.4803185240892993,0,0,3.3387610619469026,4.077822031625473,PAK1
GO_Biological_Process_2023,Positive Regulation Of Lamellipodium Morphogenesis (GO:2000394),1/6,0.2948295607430783,0.4803185240892993,0,0,3.3387610619469026,4.077822031625473,CORO1C
GO_Biological_Process_2023,Positive Regulation Of Lipopolysaccharide-Mediated Signaling Pathway (GO:0031666),1/6,0.2948295607430783,0.4803185240892993,0,0,3.3387610619469026,4.077822031625473,PRKCA
GO_Biological_Process_2023,Positive Regulation Of Lymphocyte Apoptotic Process (GO:0070230),1/6,0.2948295607430783,0.4803185240892993,0,0,3.3387610619469026,4.077822031625473,PRELID1
GO_Biological_Process_2023,Positive Regulation Of Membrane Depolarization (GO:1904181),1/6,0.2948295607430783,0.4803185240892993,0,0,3.3387610619469026,4.077822031625473,RACK1
GO_Biological_Process_2023,Positive Regulation Of Neurotransmitter Secretion (GO:0001956),1/6,0.2948295607430783,0.4803185240892993,0,0,3.3387610619469026,4.077822031625473,NLGN1
GO_Biological_Process_2023,Positive Regulation Of Phospholipid Biosynthetic Process (GO:0071073),1/6,0.2948295607430783,0.4803185240892993,0,0,3.3387610619469026,4.077822031625473,CHP1
GO_Biological_Process_2023,Positive Regulation Of Immune Response To Tumor Cell (GO:0002839),1/6,0.2948295607430783,0.4803185240892993,0,0,3.3387610619469026,4.077822031625473,HSPD1
GO_Biological_Process_2023,Positive Regulation Of Pinocytosis (GO:0048549),1/6,0.2948295607430783,0.4803185240892993,0,0,3.3387610619469026,4.077822031625473,CDC42
GO_Biological_Process_2023,Positive Regulation Of Protein Localization To Centrosome (GO:1904781),1/6,0.2948295607430783,0.4803185240892993,0,0,3.3387610619469026,4.077822031625473,GSK3B
GO_Biological_Process_2023,Positive Regulation Of Spindle Assembly (GO:1905832),1/6,0.2948295607430783,0.4803185240892993,0,0,3.3387610619469026,4.077822031625473,DYNC1H1
GO_Biological_Process_2023,Positive Regulation Of Striated Muscle Contraction (GO:0045989),1/6,0.2948295607430783,0.4803185240892993,0,0,3.3387610619469026,4.077822031625473,RGS2
GO_Biological_Process_2023,Positive Regulation Of Toll-Like Receptor 3 Signaling Pathway (GO:0034141),1/6,0.2948295607430783,0.4803185240892993,0,0,3.3387610619469026,4.077822031625473,FLOT1
GO_Biological_Process_2023,"Protein Import Into Peroxisome Matrix, Receptor Recycling (GO:0016562)",1/6,0.2948295607430783,0.4803185240892993,0,0,3.3387610619469026,4.077822031625473,USP9X
GO_Biological_Process_2023,Protein Localization To Ciliary Membrane (GO:1903441),1/6,0.2948295607430783,0.4803185240892993,0,0,3.3387610619469026,4.077822031625473,RABEP1
GO_Biological_Process_2023,Purine Ribonucleoside Metabolic Process (GO:0046128),1/6,0.2948295607430783,0.4803185240892993,0,0,3.3387610619469026,4.077822031625473,NT5C2
GO_Biological_Process_2023,Positive Regulation Of Protein K63-linked Ubiquitination (GO:1902523),1/6,0.2948295607430783,0.4803185240892993,0,0,3.3387610619469026,4.077822031625473,DDX3X
GO_Biological_Process_2023,Regulation Of Rab Protein Signal Transduction (GO:0032483),1/6,0.2948295607430783,0.4803185240892993,0,0,3.3387610619469026,4.077822031625473,ETFA
GO_Biological_Process_2023,Positive Regulation Of Humoral Immune Response (GO:0002922),1/6,0.2948295607430783,0.4803185240892993,0,0,3.3387610619469026,4.077822031625473,PHB1
GO_Biological_Process_2023,Positive Regulation Of Gliogenesis (GO:0014015),1/6,0.2948295607430783,0.4803185240892993,0,0,3.3387610619469026,4.077822031625473,PRKCH
GO_Biological_Process_2023,Negative Regulation Of Type II Interferon-Mediated Signaling Pathway (GO:0060336),1/6,0.2948295607430783,0.4803185240892993,0,0,3.3387610619469026,4.077822031625473,PPARG
GO_Biological_Process_2023,Negative Regulation Of Response To Type II Interferon (GO:0060331),1/6,0.2948295607430783,0.4803185240892993,0,0,3.3387610619469026,4.077822031625473,PPARG
GO_Biological_Process_2023,Neuron Projection Extension Involved In Neuron Projection Guidance (GO:1902284),1/6,0.2948295607430783,0.4803185240892993,0,0,3.3387610619469026,4.077822031625473,SLIT2
GO_Biological_Process_2023,"Neurotransmitter Receptor Transport, Endosome To Postsynaptic Membrane (GO:0098887)",1/6,0.2948295607430783,0.4803185240892993,0,0,3.3387610619469026,4.077822031625473,RAB11A
GO_Biological_Process_2023,Norepinephrine Biosynthetic Process (GO:0042421),1/6,0.2948295607430783,0.4803185240892993,0,0,3.3387610619469026,4.077822031625473,GATA3
GO_Biological_Process_2023,"Nuclear-Transcribed mRNA Catabolic Process, Deadenylation-Independent Decay (GO:0031086)",1/6,0.2948295607430783,0.4803185240892993,0,0,3.3387610619469026,4.077822031625473,ZFP36L1
GO_Biological_Process_2023,Nucleotide Transport (GO:0006862),1/6,0.2948295607430783,0.4803185240892993,0,0,3.3387610619469026,4.077822031625473,ABCC5
GO_Biological_Process_2023,Positive Regulation Of Hormone Metabolic Process (GO:0032352),1/6,0.2948295607430783,0.4803185240892993,0,0,3.3387610619469026,4.077822031625473,GATA3
GO_Biological_Process_2023,Peptidyl-Arginine Modification (GO:0018195),1/6,0.2948295607430783,0.4803185240892993,0,0,3.3387610619469026,4.077822031625473,PRMT1
GO_Biological_Process_2023,Placenta Blood Vessel Development (GO:0060674),1/6,0.2948295607430783,0.4803185240892993,0,0,3.3387610619469026,4.077822031625473,RBPJ
GO_Biological_Process_2023,Positive Regulation Of Catecholamine Secretion (GO:0033605),1/6,0.2948295607430783,0.4803185240892993,0,0,3.3387610619469026,4.077822031625473,GRK2
GO_Biological_Process_2023,Positive Regulation Of Cell Killing (GO:0031343),1/6,0.2948295607430783,0.4803185240892993,0,0,3.3387610619469026,4.077822031625473,MAPK8
GO_Biological_Process_2023,Positive Regulation Of Chemokine (C-X-C Motif) Ligand 2 Production (GO:2000343),1/6,0.2948295607430783,0.4803185240892993,0,0,3.3387610619469026,4.077822031625473,LCP1
GO_Biological_Process_2023,Positive Regulation Of Deacetylase Activity (GO:0090045),1/6,0.2948295607430783,0.4803185240892993,0,0,3.3387610619469026,4.077822031625473,MAPK8
GO_Biological_Process_2023,Positive Regulation Of Endoplasmic Reticulum Stress-Induced Intrinsic Apoptotic Signaling Pathway (GO:1902237),1/6,0.2948295607430783,0.4803185240892993,0,0,3.3387610619469026,4.077822031625473,NCK2
GO_Biological_Process_2023,Positive Regulation Of Fibroblast Apoptotic Process (GO:2000271),1/6,0.2948295607430783,0.4803185240892993,0,0,3.3387610619469026,4.077822031625473,BTG1
GO_Biological_Process_2023,Phospholipase C-activating Dopamine Receptor Signaling Pathway (GO:0060158),1/6,0.2948295607430783,0.4803185240892993,0,0,3.3387610619469026,4.077822031625473,GNA14
GO_Biological_Process_2023,Regulation Of T Cell Mediated Immune Response To Tumor Cell (GO:0002840),1/6,0.2948295607430783,0.4803185240892993,0,0,3.3387610619469026,4.077822031625473,HSPD1
GO_Biological_Process_2023,Regulation Of Pyruvate Dehydrogenase Activity (GO:1904182),1/6,0.2948295607430783,0.4803185240892993,0,0,3.3387610619469026,4.077822031625473,PPM1H
GO_Biological_Process_2023,Regulation Of Adiponectin Secretion (GO:0070163),1/6,0.2948295607430783,0.4803185240892993,0,0,3.3387610619469026,4.077822031625473,PPARG
GO_Biological_Process_2023,Regulation Of Translational Termination (GO:0006449),1/6,0.2948295607430783,0.4803185240892993,0,0,3.3387610619469026,4.077822031625473,GSPT1
GO_Biological_Process_2023,Regulation Of Vascular Associated Smooth Muscle Cell Differentiation (GO:1905063),1/6,0.2948295607430783,0.4803185240892993,0,0,3.3387610619469026,4.077822031625473,PDCD4
GO_Biological_Process_2023,Regulation Of Vitamin D Receptor Signaling Pathway (GO:0070562),1/6,0.2948295607430783,0.4803185240892993,0,0,3.3387610619469026,4.077822031625473,RXRA
GO_Biological_Process_2023,Response To Lead Ion (GO:0010288),1/6,0.2948295607430783,0.4803185240892993,0,0,3.3387610619469026,4.077822031625473,PPP1CA
GO_Biological_Process_2023,Retinal Rod Cell Differentiation (GO:0060221),1/6,0.2948295607430783,0.4803185240892993,0,0,3.3387610619469026,4.077822031625473,SOX9
GO_Biological_Process_2023,Sulfur Amino Acid Catabolic Process (GO:0000098),1/6,0.2948295607430783,0.4803185240892993,0,0,3.3387610619469026,4.077822031625473,MAT1A
GO_Biological_Process_2023,Synaptic Signaling (GO:0099536),1/6,0.2948295607430783,0.4803185240892993,0,0,3.3387610619469026,4.077822031625473,KCMF1
GO_Biological_Process_2023,Synaptic Vesicle Budding From Presynaptic Endocytic Zone Membrane (GO:0016185),1/6,0.2948295607430783,0.4803185240892993,0,0,3.3387610619469026,4.077822031625473,PICALM
GO_Biological_Process_2023,Tubulin Complex Assembly (GO:0007021),1/6,0.2948295607430783,0.4803185240892993,0,0,3.3387610619469026,4.077822031625473,TCP1
GO_Biological_Process_2023,Type B Pancreatic Cell Development (GO:0003323),1/6,0.2948295607430783,0.4803185240892993,0,0,3.3387610619469026,4.077822031625473,CDK6
GO_Biological_Process_2023,Ureter Development (GO:0072189),1/6,0.2948295607430783,0.4803185240892993,0,0,3.3387610619469026,4.077822031625473,OXSR1
GO_Biological_Process_2023,Vascular Associated Smooth Muscle Cell Development (GO:0097084),1/6,0.2948295607430783,0.4803185240892993,0,0,3.3387610619469026,4.077822031625473,HES1
GO_Biological_Process_2023,Vascular Wound Healing (GO:0061042),1/6,0.2948295607430783,0.4803185240892993,0,0,3.3387610619469026,4.077822031625473,GATA2
GO_Biological_Process_2023,Very Long-Chain Fatty Acid Catabolic Process (GO:0042760),1/6,0.2948295607430783,0.4803185240892993,0,0,3.3387610619469026,4.077822031625473,ABCD3
GO_Biological_Process_2023,White Fat Cell Differentiation (GO:0050872),1/6,0.2948295607430783,0.4803185240892993,0,0,3.3387610619469026,4.077822031625473,PPARG
GO_Biological_Process_2023,Positive Regulation Of Cysteine-Type Endopeptidase Activity (GO:2001056),5/64,0.294883135368836,0.4803185240892993,0,0,1.415690760755035,1.7288077962396962,CYFIP2;FIS1;DDX3X;DAPK1;FYN
GO_Biological_Process_2023,Positive Regulation Of Type I Interferon Production (GO:0032481),5/64,0.294883135368836,0.4803185240892993,0,0,1.415690760755035,1.7288077962396962,HSP90AA1;DDX3X;TRAF3;FLOT1;HSPD1
GO_Biological_Process_2023,Regulation Of Transforming Growth Factor Beta2 Production (GO:0032909),1/6,0.2948295607430783,0.4803185240892993,0,0,3.3387610619469026,4.077822031625473,SMAD3
GO_Biological_Process_2023,Regulation Of Striated Muscle Tissue Development (GO:0016202),1/6,0.2948295607430783,0.4803185240892993,0,0,3.3387610619469026,4.077822031625473,MTPN
GO_Biological_Process_2023,Regulation Of Smooth Muscle Cell Differentiation (GO:0051150),1/6,0.2948295607430783,0.4803185240892993,0,0,3.3387610619469026,4.077822031625473,FGFR2
GO_Biological_Process_2023,Regulation Of Skeletal Muscle Satellite Cell Proliferation (GO:0014842),1/6,0.2948295607430783,0.4803185240892993,0,0,3.3387610619469026,4.077822031625473,ANGPT1
GO_Biological_Process_2023,Regulation Of Antigen Receptor-Mediated Signaling Pathway (GO:0050854),1/6,0.2948295607430783,0.4803185240892993,0,0,3.3387610619469026,4.077822031625473,LYN
GO_Biological_Process_2023,Regulation Of Atrial Cardiac Muscle Cell Membrane Repolarization (GO:0060372),1/6,0.2948295607430783,0.4803185240892993,0,0,3.3387610619469026,4.077822031625473,FLNA
GO_Biological_Process_2023,Regulation Of Cardiac Muscle Cell Membrane Potential (GO:0086036),1/6,0.2948295607430783,0.4803185240892993,0,0,3.3387610619469026,4.077822031625473,PLN
GO_Biological_Process_2023,Regulation Of Cellular Response To Hypoxia (GO:1900037),1/6,0.2948295607430783,0.4803185240892993,0,0,3.3387610619469026,4.077822031625473,ROCK2
GO_Biological_Process_2023,Regulation Of Centriole Elongation (GO:1903722),1/6,0.2948295607430783,0.4803185240892993,0,0,3.3387610619469026,4.077822031625473,CHMP2A
GO_Biological_Process_2023,Regulation Of Endothelial Cell Chemotaxis To Fibroblast Growth Factor (GO:2000544),1/6,0.2948295607430783,0.4803185240892993,0,0,3.3387610619469026,4.077822031625473,FGFR1
GO_Biological_Process_2023,Regulation Of Extracellular Matrix Assembly (GO:1901201),1/6,0.2948295607430783,0.4803185240892993,0,0,3.3387610619469026,4.077822031625473,SMAD3
GO_Biological_Process_2023,Regulation Of Glial Cell Differentiation (GO:0045685),1/6,0.2948295607430783,0.4803185240892993,0,0,3.3387610619469026,4.077822031625473,NF1
GO_Biological_Process_2023,Regulation Of TORC2 Signaling (GO:1903939),1/6,0.2948295607430783,0.4803185240892993,0,0,3.3387610619469026,4.077822031625473,USP9X
GO_Biological_Process_2023,Regulation Of Glucocorticoid Receptor Signaling Pathway (GO:2000322),1/6,0.2948295607430783,0.4803185240892993,0,0,3.3387610619469026,4.077822031625473,PHB1
GO_Biological_Process_2023,Regulation Of Inositol Phosphate Biosynthetic Process (GO:0010919),1/6,0.2948295607430783,0.4803185240892993,0,0,3.3387610619469026,4.077822031625473,PTK2B
GO_Biological_Process_2023,Regulation Of Lens Fiber Cell Differentiation (GO:1902746),1/6,0.2948295607430783,0.4803185240892993,0,0,3.3387610619469026,4.077822031625473,SPRY2
GO_Biological_Process_2023,Regulation Of Male Gonad Development (GO:2000018),1/6,0.2948295607430783,0.4803185240892993,0,0,3.3387610619469026,4.077822031625473,SOX9
GO_Biological_Process_2023,Regulation Of Muscle Organ Development (GO:0048634),1/6,0.2948295607430783,0.4803185240892993,0,0,3.3387610619469026,4.077822031625473,MTPN
GO_Biological_Process_2023,Regulation Of Oxidative Stress-Induced Neuron Intrinsic Apoptotic Signaling Pathway (GO:1903376),1/6,0.2948295607430783,0.4803185240892993,0,0,3.3387610619469026,4.077822031625473,NONO
GO_Biological_Process_2023,Regulation Of Phospholipid Transport (GO:2001138),1/6,0.2948295607430783,0.4803185240892993,0,0,3.3387610619469026,4.077822031625473,PRELID1
GO_Biological_Process_2023,Negative Regulation Of Protein Sumoylation (GO:0033234),1/6,0.2948295607430783,0.4803185240892993,0,0,3.3387610619469026,4.077822031625473,CTNNB1
GO_Biological_Process_2023,Regulation Of Saliva Secretion (GO:0046877),1/6,0.2948295607430783,0.4803185240892993,0,0,3.3387610619469026,4.077822031625473,PPP3CA
GO_Biological_Process_2023,Regulation Of Hemoglobin Biosynthetic Process (GO:0046984),1/6,0.2948295607430783,0.4803185240892993,0,0,3.3387610619469026,4.077822031625473,PRMT1
GO_Biological_Process_2023,Negative Regulation Of miRNA Processing (GO:1903799),1/6,0.2948295607430783,0.4803185240892993,0,0,3.3387610619469026,4.077822031625473,STAT3
GO_Biological_Process_2023,Negative Regulation Of Dendritic Spine Development (GO:0061000),1/6,0.2948295607430783,0.4803185240892993,0,0,3.3387610619469026,4.077822031625473,NLGN1
GO_Biological_Process_2023,Negative Regulation Of Glycogen Metabolic Process (GO:0070874),1/6,0.2948295607430783,0.4803185240892993,0,0,3.3387610619469026,4.077822031625473,GSK3B
GO_Biological_Process_2023,Negative Regulation Of Cyclin-Dependent Protein Serine/Threonine Kinase Activity (GO:0045736),2/19,0.2923180924185309,0.4803185240892993,0,0,1.9644662116396605,2.416121966059982,NR2F2;IPO7
GO_Biological_Process_2023,Negative Regulation Of Telomere Maintenance Via Telomerase (GO:0032211),2/19,0.2923180924185309,0.4803185240892993,0,0,1.9644662116396605,2.416121966059982,TENM1;HNRNPU
GO_Biological_Process_2023,Oligodendrocyte Differentiation (GO:0048709),2/19,0.2923180924185309,0.4803185240892993,0,0,1.9644662116396605,2.416121966059982,SOX9;SOX6
GO_Biological_Process_2023,Positive Regulation Of calcineurin-NFAT Signaling Cascade (GO:0070886),2/19,0.2923180924185309,0.4803185240892993,0,0,1.9644662116396605,2.416121966059982,PPP3CA;SPPL3
GO_Biological_Process_2023,Negative Regulation Of Low-Density Lipoprotein Receptor Activity (GO:1905598),1/6,0.2948295607430783,0.4803185240892993,0,0,3.3387610619469026,4.077822031625473,APP
GO_Biological_Process_2023,Purine Ribonucleotide Transport (GO:0015868),2/19,0.2923180924185309,0.4803185240892993,0,0,1.9644662116396605,2.416121966059982,ABCC5;SLC25A4
GO_Biological_Process_2023,Regulation Of Autophagy Of Mitochondrion (GO:1903146),2/19,0.2923180924185309,0.4803185240892993,0,0,1.9644662116396605,2.416121966059982,VDAC1;DNM1L
GO_Biological_Process_2023,Interleukin-1-Mediated Signaling Pathway (GO:0070498),2/19,0.2923180924185309,0.4803185240892993,0,0,1.9644662116396605,2.416121966059982,RPS6KA5;PLCB1
GO_Biological_Process_2023,Regulation Of Cellular Response To Growth Factor Stimulus (GO:0090287),2/19,0.2923180924185309,0.4803185240892993,0,0,1.9644662116396605,2.416121966059982,FST;SLIT2
GO_Biological_Process_2023,Regulation Of Lymphocyte Differentiation (GO:0045619),2/19,0.2923180924185309,0.4803185240892993,0,0,1.9644662116396605,2.416121966059982,PRELID1;ZFP36L1
GO_Biological_Process_2023,Regulation Of Vascular Endothelial Growth Factor Signaling Pathway (GO:1900746),2/19,0.2923180924185309,0.4803185240892993,0,0,1.9644662116396605,2.416121966059982,SPRY2;PIK3CB
GO_Biological_Process_2023,Sphingosine Metabolic Process (GO:0006670),2/19,0.2923180924185309,0.4803185240892993,0,0,1.9644662116396605,2.416121966059982,SPTLC2;SPTSSA
GO_Biological_Process_2023,AV Node Cell To Bundle Of His Cell Communication (GO:0086067),1/6,0.2948295607430783,0.4803185240892993,0,0,3.3387610619469026,4.077822031625473,GJC1
GO_Biological_Process_2023,SMAD Protein Complex Assembly (GO:0007183),1/6,0.2948295607430783,0.4803185240892993,0,0,3.3387610619469026,4.077822031625473,SMAD3
GO_Biological_Process_2023,Actin Filament Reorganization (GO:0090527),1/6,0.2948295607430783,0.4803185240892993,0,0,3.3387610619469026,4.077822031625473,MCU
GO_Biological_Process_2023,Adenosine Metabolic Process (GO:0046085),1/6,0.2948295607430783,0.4803185240892993,0,0,3.3387610619469026,4.077822031625473,NT5C2
GO_Biological_Process_2023,Regulation Of Fibroblast Growth Factor Receptor Signaling Pathway (GO:0040036),2/19,0.2923180924185309,0.4803185240892993,0,0,1.9644662116396605,2.416121966059982,NPTN;SPRY2
GO_Biological_Process_2023,Inositol Phosphate-Mediated Signaling (GO:0048016),2/19,0.2923180924185309,0.4803185240892993,0,0,1.9644662116396605,2.416121966059982,PPP3CA;INPP5A
GO_Biological_Process_2023,Glycosphingolipid Biosynthetic Process (GO:0006688),2/19,0.2923180924185309,0.4803185240892993,0,0,1.9644662116396605,2.416121966059982,ST8SIA4;LARGE1
GO_Biological_Process_2023,Glycogen Metabolic Process (GO:0005977),2/19,0.2923180924185309,0.4803185240892993,0,0,1.9644662116396605,2.416121966059982,GSK3B;UGP2
GO_Biological_Process_2023,Regulation Of Interleukin-2 Production (GO:0032663),4/47,0.2742449072723679,0.4803185240892993,0,0,1.5539093291512762,2.010344943024122,PDE4D;PDE4B;EZR;SPTBN1
GO_Biological_Process_2023,Cell-Matrix Adhesion (GO:0007160),8/109,0.2750037217530252,0.4803185240892993,0,0,1.3237526780282658,1.708925852227894,TIAM1;MKLN1;ILK;PTPRK;RAC1;DYNLL1;VCL;FERMT2
GO_Biological_Process_2023,Lung Development (GO:0030324),3/33,0.2859589678530497,0.4803185240892993,0,0,1.6701241134751772,2.0908399808472415,PHF14;TCF21;FGFR2
GO_Biological_Process_2023,Positive Regulation Of RNA Metabolic Process (GO:0051254),3/33,0.2859589678530497,0.4803185240892993,0,0,1.6701241134751772,2.0908399808472415,POLR2A;DYRK1A;PIK3R1
GO_Biological_Process_2023,Positive Regulation Of Release Of Sequestered Calcium Ion Into Cytosol (GO:0051281),3/33,0.2859589678530497,0.4803185240892993,0,0,1.6701241134751772,2.0908399808472415,CALM3;CALM1;CALM2
GO_Biological_Process_2023,Positive Regulation Of Reproductive Process (GO:2000243),3/33,0.2859589678530497,0.4803185240892993,0,0,1.6701241134751772,2.0908399808472415,SMURF2;AGO2;PLCB1
GO_Biological_Process_2023,Regulation Of Cell Adhesion Mediated By Integrin (GO:0033628),3/33,0.2859589678530497,0.4803185240892993,0,0,1.6701241134751772,2.0908399808472415,LYN;SFRP2;PTK2
GO_Biological_Process_2023,Regulation Of Sprouting Angiogenesis (GO:1903670),3/33,0.2859589678530497,0.4803185240892993,0,0,1.6701241134751772,2.0908399808472415,PPP1R16B;PKM;PIK3CB
GO_Biological_Process_2023,Regulation Of Type I Interferon-Mediated Signaling Pathway (GO:0060338),3/33,0.2859589678530497,0.4803185240892993,0,0,1.6701241134751772,2.0908399808472415,YTHDF3;CDC37;UBE2K
GO_Biological_Process_2023,Signal Transduction By P53 Class Mediator (GO:0072331),3/33,0.2859589678530497,0.4803185240892993,0,0,1.6701241134751772,2.0908399808472415,DDX5;MYO6;BATF
GO_Biological_Process_2023,Ubiquitin-Dependent Protein Catabolic Process Via The Multivesicular Body Sorting Pathway (GO:0043162),3/33,0.2859589678530497,0.4803185240892993,0,0,1.6701241134751772,2.0908399808472415,CHMP1B;CHMP2A;VPS28
GO_Biological_Process_2023,Ventricular Cardiac Muscle Tissue Morphogenesis (GO:0055010),3/33,0.2859589678530497,0.4803185240892993,0,0,1.6701241134751772,2.0908399808472415,RBPJ;FGFR2;BMPR1A
GO_Biological_Process_2023,Positive Regulation Of Reactive Oxygen Species Metabolic Process (GO:2000379),4/48,0.2870592069043445,0.4803185240892993,0,0,1.518512543357264,1.895205073534849,PID1;RAB27A;ROMO1;GRB2
GO_Biological_Process_2023,Cellular Response To UV (GO:0034644),6/79,0.2885851533795734,0.4803185240892993,0,0,1.3732237442922377,1.7065945130782578,CREBBP;MMP2;ZBTB1;PTPRK;RPL26;RBX1
GO_Biological_Process_2023,Atrioventricular Valve Morphogenesis (GO:0003181),2/19,0.2923180924185309,0.4803185240892993,0,0,1.9644662116396605,2.416121966059982,BMPR2;BMPR1A
GO_Biological_Process_2023,Cardiac Epithelial To Mesenchymal Transition (GO:0060317),2/19,0.2923180924185309,0.4803185240892993,0,0,1.9644662116396605,2.416121966059982,PDCD4;RBPJ
GO_Biological_Process_2023,Chondroitin Sulfate Proteoglycan Biosynthetic Process (GO:0050650),2/19,0.2923180924185309,0.4803185240892993,0,0,1.9644662116396605,2.416121966059982,UGDH;CHST11
GO_Biological_Process_2023,Angiotensin-Activated Signaling Pathway (GO:0038166),1/6,0.2948295607430783,0.4803185240892993,0,0,3.3387610619469026,4.077822031625473,AHCYL1
GO_Biological_Process_2023,Axon Extension Involved In Axon Guidance (GO:0048846),1/6,0.2948295607430783,0.4803185240892993,0,0,3.3387610619469026,4.077822031625473,SLIT2
GO_Biological_Process_2023,Positive Regulation Of Calcineurin-Mediated Signaling (GO:0106058),2/19,0.2923180924185309,0.4803185240892993,0,0,1.9644662116396605,2.416121966059982,PPP3CA;SPPL3
GO_Biological_Process_2023,Cardiac Muscle Cell-Cardiac Muscle Cell Adhesion (GO:0086042),1/6,0.2948295607430783,0.4803185240892993,0,0,3.3387610619469026,4.077822031625473,JUP
GO_Biological_Process_2023,Hindlimb Morphogenesis (GO:0035137),1/6,0.2948295607430783,0.4803185240892993,0,0,3.3387610619469026,4.077822031625473,OXSR1
GO_Biological_Process_2023,Histone H2A-K119 Monoubiquitination (GO:0036353),1/6,0.2948295607430783,0.4803185240892993,0,0,3.3387610619469026,4.077822031625473,PCGF5
GO_Biological_Process_2023,Hyaluronan Biosynthetic Process (GO:0030213),1/6,0.2948295607430783,0.4803185240892993,0,0,3.3387610619469026,4.077822031625473,HAS1
GO_Biological_Process_2023,Inner Ear Receptor Cell Differentiation (GO:0060113),1/6,0.2948295607430783,0.4803185240892993,0,0,3.3387610619469026,4.077822031625473,MYO6
GO_Biological_Process_2023,Inositol Metabolic Process (GO:0006020),1/6,0.2948295607430783,0.4803185240892993,0,0,3.3387610619469026,4.077822031625473,PPIP5K2
GO_Biological_Process_2023,Insulin Secretion Involved In Cellular Response To Glucose Stimulus (GO:0035773),1/6,0.2948295607430783,0.4803185240892993,0,0,3.3387610619469026,4.077822031625473,SELENOT
GO_Biological_Process_2023,Interleukin-9-Mediated Signaling Pathway (GO:0038113),1/6,0.2948295607430783,0.4803185240892993,0,0,3.3387610619469026,4.077822031625473,STAT3
GO_Biological_Process_2023,Intracellular Sequestering Of Iron Ion (GO:0006880),1/6,0.2948295607430783,0.4803185240892993,0,0,3.3387610619469026,4.077822031625473,SRI
GO_Biological_Process_2023,Locomotor Rhythm (GO:0045475),1/6,0.2948295607430783,0.4803185240892993,0,0,3.3387610619469026,4.077822031625473,ID2
GO_Biological_Process_2023,Macrophage Derived Foam Cell Differentiation (GO:0010742),1/6,0.2948295607430783,0.4803185240892993,0,0,3.3387610619469026,4.077822031625473,PPARG
GO_Biological_Process_2023,Macropinocytosis (GO:0044351),1/6,0.2948295607430783,0.4803185240892993,0,0,3.3387610619469026,4.077822031625473,DOCK2
GO_Biological_Process_2023,Cardiac Muscle Cell Myoblast Differentiation (GO:0060379),1/6,0.2948295607430783,0.4803185240892993,0,0,3.3387610619469026,4.077822031625473,RBPJ
GO_Biological_Process_2023,Maintenance Of Protein Location In Extracellular Region (GO:0071694),1/6,0.2948295607430783,0.4803185240892993,0,0,3.3387610619469026,4.077822031625473,FBN1
GO_Biological_Process_2023,Negative Regulation Of Cardiocyte Differentiation (GO:1905208),1/6,0.2948295607430783,0.4803185240892993,0,0,3.3387610619469026,4.077822031625473,SOX6
GO_Biological_Process_2023,Negative Regulation Of Double-Strand Break Repair Via Nonhomologous End Joining (GO:2001033),1/6,0.2948295607430783,0.4803185240892993,0,0,3.3387610619469026,4.077822031625473,HMGA2
GO_Biological_Process_2023,Negative Regulation Of Epidermal Cell Differentiation (GO:0045605),1/6,0.2948295607430783,0.4803185240892993,0,0,3.3387610619469026,4.077822031625473,SRSF6
GO_Biological_Process_2023,Negative Regulation Of Establishment Of Protein Localization To Mitochondrion (GO:1903748),1/6,0.2948295607430783,0.4803185240892993,0,0,3.3387610619469026,4.077822031625473,DNAJA1
GO_Biological_Process_2023,Hemostasis (GO:0007599),1/6,0.2948295607430783,0.4803185240892993,0,0,3.3387610619469026,4.077822031625473,FLI1
GO_Biological_Process_2023,Glycosylceramide Biosynthetic Process (GO:0046476),1/6,0.2948295607430783,0.4803185240892993,0,0,3.3387610619469026,4.077822031625473,UGCG
GO_Biological_Process_2023,Maintenance Of Lens Transparency (GO:0036438),1/6,0.2948295607430783,0.4803185240892993,0,0,3.3387610619469026,4.077822031625473,STK39
GO_Biological_Process_2023,Gap Junction Assembly (GO:0016264),1/6,0.2948295607430783,0.4803185240892993,0,0,3.3387610619469026,4.077822031625473,GJC1
GO_Biological_Process_2023,Cellular Response To Interleukin-9 (GO:0071355),1/6,0.2948295607430783,0.4803185240892993,0,0,3.3387610619469026,4.077822031625473,STAT3
GO_Biological_Process_2023,Clathrin Coat Disassembly (GO:0072318),1/6,0.2948295607430783,0.4803185240892993,0,0,3.3387610619469026,4.077822031625473,HSPA8
GO_Biological_Process_2023,Cleavage Furrow Formation (GO:0036089),1/6,0.2948295607430783,0.4803185240892993,0,0,3.3387610619469026,4.077822031625473,RHOA
GO_Biological_Process_2023,Cytolysis By Host Of Symbiont Cells (GO:0051838),1/6,0.2948295607430783,0.4803185240892993,0,0,3.3387610619469026,4.077822031625473,ROMO1
GO_Biological_Process_2023,Definitive Hemopoiesis (GO:0060216),1/6,0.2948295607430783,0.4803185240892993,0,0,3.3387610619469026,4.077822031625473,HIPK1
GO_Biological_Process_2023,Glandular Epithelial Cell Development (GO:0002068),1/6,0.2948295607430783,0.4803185240892993,0,0,3.3387610619469026,4.077822031625473,CDK6
GO_Biological_Process_2023,Dense Core Granule Cytoskeletal Transport (GO:0099519),1/6,0.2948295607430783,0.4803185240892993,0,0,3.3387610619469026,4.077822031625473,TANC2
GO_Biological_Process_2023,Development Of Primary Female Sexual Characteristics (GO:0046545),1/6,0.2948295607430783,0.4803185240892993,0,0,3.3387610619469026,4.077822031625473,NR2F2
GO_Biological_Process_2023,Dendrite Arborization (GO:0140059),1/6,0.2948295607430783,0.4803185240892993,0,0,3.3387610619469026,4.077822031625473,PTN
GO_Biological_Process_2023,Epithelial Cell Differentiation Involved In Kidney Development (GO:0035850),1/6,0.2948295607430783,0.4803185240892993,0,0,3.3387610619469026,4.077822031625473,MTSS1
GO_Biological_Process_2023,Exocrine System Development (GO:0035272),1/6,0.2948295607430783,0.4803185240892993,0,0,3.3387610619469026,4.077822031625473,FGFR2
GO_Biological_Process_2023,"Fatty Acid Elongation, Monounsaturated Fatty Acid (GO:0034625)",1/6,0.2948295607430783,0.4803185240892993,0,0,3.3387610619469026,4.077822031625473,ELOVL6
GO_Biological_Process_2023,"Fatty Acid Elongation, Polyunsaturated Fatty Acid (GO:0034626)",1/6,0.2948295607430783,0.4803185240892993,0,0,3.3387610619469026,4.077822031625473,ELOVL6
GO_Biological_Process_2023,"Fatty Acid Elongation, Saturated Fatty Acid (GO:0019367)",1/6,0.2948295607430783,0.4803185240892993,0,0,3.3387610619469026,4.077822031625473,ELOVL6
GO_Biological_Process_2023,"Fatty Acid Elongation, Unsaturated Fatty Acid (GO:0019368)",1/6,0.2948295607430783,0.4803185240892993,0,0,3.3387610619469026,4.077822031625473,ELOVL6
GO_Biological_Process_2023,Forebrain Neuron Development (GO:0021884),1/6,0.2948295607430783,0.4803185240892993,0,0,3.3387610619469026,4.077822031625473,FGFR2
GO_Biological_Process_2023,Free Ubiquitin Chain Polymerization (GO:0010994),1/6,0.2948295607430783,0.4803185240892993,0,0,3.3387610619469026,4.077822031625473,UBE2K
GO_Biological_Process_2023,Elastic Fiber Assembly (GO:0048251),1/6,0.2948295607430783,0.4803185240892993,0,0,3.3387610619469026,4.077822031625473,MYH11
GO_Biological_Process_2023,Protein Deubiquitination (GO:0016579),8/112,0.2999028172667732,0.4881581334506625,0,0,1.2853620110966504,1.547957355842155,USP24;BABAM2;ENY2;USP15;USP9X;USP3;USP22;USP34
GO_Biological_Process_2023,Heterophilic Cell-Cell Adhesion Via Plasma Membrane Cell Adhesion Molecules (GO:0007157),4/49,0.2999557156087426,0.4881581334506625,0,0,1.4846889480429852,1.7877442943252777,PTPRD;TENM1;NLGN1;CADM1
GO_Biological_Process_2023,Smoothened Signaling Pathway (GO:0007224),3/34,0.3016822877692063,0.4892742924967593,0,0,1.6161633493479752,1.9367791964203904,SEPTIN2;HIPK1;HIPK2
GO_Biological_Process_2023,Sister Chromatid Segregation (GO:0000819),3/34,0.3016822877692063,0.4892742924967593,0,0,1.6161633493479752,1.9367791964203904,TOP2B;ZNF207;RAN
GO_Biological_Process_2023,Response To Estrogen (GO:0043627),3/34,0.3016822877692063,0.4892742924967593,0,0,1.6161633493479752,1.9367791964203904,BCAS3;GATA3;SOX9
GO_Biological_Process_2023,Regulation Of Phosphatidylinositol 3-Kinase Activity (GO:0043551),3/34,0.3016822877692063,0.4892742924967593,0,0,1.6161633493479752,1.9367791964203904,PTK2B;PIK3R1;PTK2
GO_Biological_Process_2023,Positive Regulation Of Organelle Organization (GO:0010638),3/34,0.3016822877692063,0.4892742924967593,0,0,1.6161633493479752,1.9367791964203904,GSK3B;ANXA2;PFDN2
GO_Biological_Process_2023,Membrane Protein Proteolysis (GO:0033619),3/34,0.3016822877692063,0.4892742924967593,0,0,1.6161633493479752,1.9367791964203904,MYH9;SPPL3;RBMX
GO_Biological_Process_2023,Inner Mitochondrial Membrane Organization (GO:0007007),3/34,0.3016822877692063,0.4892742924967593,0,0,1.6161633493479752,1.9367791964203904,HSPA9;TIMM8B;ROMO1
GO_Biological_Process_2023,Regulation Of Blood Circulation (GO:1903522),3/34,0.3016822877692063,0.4892742924967593,0,0,1.6161633493479752,1.9367791964203904,PLN;DES;SRI
GO_Biological_Process_2023,Cellular Response To Light Stimulus (GO:0071482),5/65,0.3060753203079059,0.4957576570534169,0,0,1.3920219064535229,1.6480482306071536,CREBBP;ZBTB1;PTPRK;RPL26;RBX1
GO_Biological_Process_2023,Fatty Acid Biosynthetic Process (GO:0006633),5/65,0.3060753203079059,0.4957576570534169,0,0,1.3920219064535229,1.6480482306071536,ABCD3;ABHD2;TECR;ELOVL6;LCP1
GO_Biological_Process_2023,Regulation Of Tyrosine Phosphorylation Of STAT Protein (GO:0042509),5/65,0.3060753203079059,0.4957576570534169,0,0,1.3920219064535229,1.6480482306071536,LYN;SOCS3;SOCS1;ERBB4;HES1
GO_Biological_Process_2023,Activation Of Protein Kinase Activity (GO:0032147),6/81,0.3085292405006868,0.4993022691579531,0,0,1.3364622222222222,1.5715975911401647,OSBPL8;PHB1;CAB39;ANGPT1;PTK2B;PHB2
GO_Biological_Process_2023,Negative Regulation Of NF-kappaB Transcription Factor Activity (GO:0032088),6/81,0.3085292405006868,0.4993022691579531,0,0,1.3364622222222222,1.5715975911401647,DAP;TRAF3;FAF1;CHP1;ARRB1;ARRB2
GO_Biological_Process_2023,Regulation Of Protein Localization (GO:0032880),7/97,0.3090059357907983,0.4998586341975021,0,0,1.2994563068406484,1.5260747199518077,HSP90AA1;MAPK8;HSP90AB1;RACK1;CTNNB1;KCNAB2;PICALM
GO_Biological_Process_2023,Cilium Organization (GO:0044782),15/228,0.3100014819132419,0.5012534709697777,0,0,1.1772426674743803,1.3787609496085829,ACTR3;ACTR2;RAB1A;SEPTIN2;RFX3;SEPTIN6;SNX10;ASAP1;SEPTIN7;EHD1;EHD4;ABLIM3;FLNA;ATP6V0D1;RAB8B
GO_Biological_Process_2023,Negative Regulation Of Reproductive Process (GO:2000242),2/20,0.3136376745717842,0.501953742155098,0,0,1.855230784371617,2.151171377324242,GJA1;DUSP1
GO_Biological_Process_2023,Negative Regulation Of Stem Cell Population Maintenance (GO:1902455),2/20,0.3136376745717842,0.501953742155098,0,0,1.855230784371617,2.151171377324242,ZNF706;SAP30
GO_Biological_Process_2023,Nuclear-Transcribed mRNA poly(A) Tail Shortening (GO:0000289),2/20,0.3136376745717842,0.501953742155098,0,0,1.855230784371617,2.151171377324242,CNOT6L;SAMD4A
GO_Biological_Process_2023,Phosphatidylserine Metabolic Process (GO:0006658),2/20,0.3136376745717842,0.501953742155098,0,0,1.855230784371617,2.151171377324242,OSBPL8;SERINC1
GO_Biological_Process_2023,Regulation Of Smooth Muscle Contraction (GO:0006940),2/20,0.3136376745717842,0.501953742155098,0,0,1.855230784371617,2.151171377324242,CNN1;ATP2B1
GO_Biological_Process_2023,Positive Regulation Of Protein Processing (GO:0010954),2/20,0.3136376745717842,0.501953742155098,0,0,1.855230784371617,2.151171377324242,ANXA2;MYH9
GO_Biological_Process_2023,Receptor Metabolic Process (GO:0043112),2/20,0.3136376745717842,0.501953742155098,0,0,1.855230784371617,2.151171377324242,SH3GLB1;SMURF1
GO_Biological_Process_2023,Xenobiotic Transport (GO:0042908),2/20,0.3136376745717842,0.501953742155098,0,0,1.855230784371617,2.151171377324242,GJA1;ABCC5
GO_Biological_Process_2023,Negative Regulation Of Phosphate Metabolic Process (GO:0045936),2/20,0.3136376745717842,0.501953742155098,0,0,1.855230784371617,2.151171377324242,ROCK1;DYNLL1
GO_Biological_Process_2023,Positive Regulation Of Lipid Storage (GO:0010884),2/20,0.3136376745717842,0.501953742155098,0,0,1.855230784371617,2.151171377324242,EHD1;LCP1
GO_Biological_Process_2023,Negative Regulation Of miRNA Transcription (GO:1902894),2/20,0.3136376745717842,0.501953742155098,0,0,1.855230784371617,2.151171377324242,PPARG;SOX9
GO_Biological_Process_2023,Regulation Of Necroptotic Process (GO:0060544),2/20,0.3136376745717842,0.501953742155098,0,0,1.855230784371617,2.151171377324242,PELI1;SLC25A4
GO_Biological_Process_2023,Negative Regulation Of B Cell Activation (GO:0050869),2/20,0.3136376745717842,0.501953742155098,0,0,1.855230784371617,2.151171377324242,LYN;ID2
GO_Biological_Process_2023,Negative Regulation Of Cyclin-Dependent Protein Kinase Activity (GO:1904030),2/20,0.3136376745717842,0.501953742155098,0,0,1.855230784371617,2.151171377324242,NR2F2;IPO7
GO_Biological_Process_2023,Dicarboxylic Acid Metabolic Process (GO:0043648),4/50,0.3129172870793696,0.501953742155098,0,0,1.4523359438293275,1.687347691558445,MDH1;IDH1;IDH2;ASS1
GO_Biological_Process_2023,Mitotic Metaphase Plate Congression (GO:0007080),4/50,0.3129172870793696,0.501953742155098,0,0,1.4523359438293275,1.687347691558445,CHMP1B;CUL3;CHMP2A;RAB11A
GO_Biological_Process_2023,Regulation Of Interferon-Beta Production (GO:0032648),4/50,0.3129172870793696,0.501953742155098,0,0,1.4523359438293275,1.687347691558445,HSP90AA1;DDX3X;TRAF3;FLOT1
GO_Biological_Process_2023,T Cell Mediated Immunity (GO:0002456),2/20,0.3136376745717842,0.501953742155098,0,0,1.855230784371617,2.151171377324242,JAG1;CADM1
GO_Biological_Process_2023,protein-DNA Complex Disassembly (GO:0032986),2/20,0.3136376745717842,0.501953742155098,0,0,1.855230784371617,2.151171377324242,SMARCC1;HMGA1
GO_Biological_Process_2023,Limb Morphogenesis (GO:0035108),2/20,0.3136376745717842,0.501953742155098,0,0,1.855230784371617,2.151171377324242,MBNL1;NIPBL
GO_Biological_Process_2023,Lipopolysaccharide-Mediated Signaling Pathway (GO:0031663),2/20,0.3136376745717842,0.501953742155098,0,0,1.855230784371617,2.151171377324242,LYN;PRKCE
GO_Biological_Process_2023,Long-Term Synaptic Potentiation (GO:0060291),2/20,0.3136376745717842,0.501953742155098,0,0,1.855230784371617,2.151171377324242,NPTN;PTK2B
GO_Biological_Process_2023,Cell Projection Organization (GO:0030030),2/20,0.3136376745717842,0.501953742155098,0,0,1.855230784371617,2.151171377324242,CYFIP2;NCKAP1
GO_Biological_Process_2023,Maturation Of LSU-rRNA (GO:0000470),2/20,0.3136376745717842,0.501953742155098,0,0,1.855230784371617,2.151171377324242,NSA2;EIF6
GO_Biological_Process_2023,Regulation Of Attachment Of Mitotic Spindle Microtubules To Kinetochore (GO:1902423),1/7,0.334718856386178,0.503488634293296,0,0,2.7821533923303834,3.044967660122841,HNRNPU
GO_Biological_Process_2023,Postsynaptic Membrane Assembly (GO:0097104),1/7,0.334718856386178,0.503488634293296,0,0,2.7821533923303834,3.044967660122841,NLGN1
GO_Biological_Process_2023,Postsynaptic Neurotransmitter Receptor Diffusion Trapping (GO:0098970),1/7,0.334718856386178,0.503488634293296,0,0,2.7821533923303834,3.044967660122841,GPHN
GO_Biological_Process_2023,Protein Deglycosylation (GO:0006517),1/7,0.334718856386178,0.503488634293296,0,0,2.7821533923303834,3.044967660122841,OGA
GO_Biological_Process_2023,Protein Depalmitoylation (GO:0002084),1/7,0.334718856386178,0.503488634293296,0,0,2.7821533923303834,3.044967660122841,ABHD17B
GO_Biological_Process_2023,Protein Deubiquitination Involved In Ubiquitin-Dependent Protein Catabolic Process (GO:0071947),1/7,0.334718856386178,0.503488634293296,0,0,2.7821533923303834,3.044967660122841,USP9X
GO_Biological_Process_2023,Protein Localization To Nucleolus (GO:1902570),1/7,0.334718856386178,0.503488634293296,0,0,2.7821533923303834,3.044967660122841,RAN
GO_Biological_Process_2023,Purine Ribonucleoside Monophosphate Catabolic Process (GO:0009169),1/7,0.334718856386178,0.503488634293296,0,0,2.7821533923303834,3.044967660122841,NT5C2
GO_Biological_Process_2023,"Regulation Of CD8-positive, Alpha-Beta T Cell Differentiation (GO:0043376)",1/7,0.334718856386178,0.503488634293296,0,0,2.7821533923303834,3.044967660122841,SOCS1
GO_Biological_Process_2023,Regulation Of ATPase-coupled Calcium Transmembrane Transporter Activity (GO:1901894),1/7,0.334718856386178,0.503488634293296,0,0,2.7821533923303834,3.044967660122841,PLN
GO_Biological_Process_2023,Postsynaptic Density Organization (GO:0097106),1/7,0.334718856386178,0.503488634293296,0,0,2.7821533923303834,3.044967660122841,NLGN1
GO_Biological_Process_2023,Regulation Of DNA-templated Transcription In Response To Stress (GO:0043620),1/7,0.334718856386178,0.503488634293296,0,0,2.7821533923303834,3.044967660122841,RPS6KA3
GO_Biological_Process_2023,Regulation Of Cardiac Muscle Cell Action Potential Involved In Regulation Of Contraction (GO:0098909),1/7,0.334718856386178,0.503488634293296,0,0,2.7821533923303834,3.044967660122841,ATP2A2
GO_Biological_Process_2023,Regulation Of Chaperone-Mediated Autophagy (GO:1904714),1/7,0.334718856386178,0.503488634293296,0,0,2.7821533923303834,3.044967660122841,SNRNP70
GO_Biological_Process_2023,Regulation Of Chemokine (C-C Motif) Ligand 5 Production (GO:0071649),1/7,0.334718856386178,0.503488634293296,0,0,2.7821533923303834,3.044967660122841,DDX3X
GO_Biological_Process_2023,Regulation Of Chemokine-Mediated Signaling Pathway (GO:0070099),1/7,0.334718856386178,0.503488634293296,0,0,2.7821533923303834,3.044967660122841,SLIT2
GO_Biological_Process_2023,rRNA Pseudouridine Synthesis (GO:0031118),1/7,0.334718856386178,0.503488634293296,0,0,2.7821533923303834,3.044967660122841,NOP10
GO_Biological_Process_2023,Positive Regulation Of Secondary Metabolite Biosynthetic Process (GO:1900378),1/7,0.334718856386178,0.503488634293296,0,0,2.7821533923303834,3.044967660122841,ZEB2
GO_Biological_Process_2023,Positive Regulation Of Myeloid Cell Apoptotic Process (GO:0033034),1/7,0.334718856386178,0.503488634293296,0,0,2.7821533923303834,3.044967660122841,PIK3CB
GO_Biological_Process_2023,Positive Regulation Of Myotube Differentiation (GO:0010831),1/7,0.334718856386178,0.503488634293296,0,0,2.7821533923303834,3.044967660122841,MMP14
GO_Biological_Process_2023,Positive Regulation By Host Of Viral Genome Replication (GO:0044829),1/7,0.334718856386178,0.503488634293296,0,0,2.7821533923303834,3.044967660122841,VAPA
GO_Biological_Process_2023,"Positive Regulation Of CD4-positive, Alpha-Beta T Cell Differentiation (GO:0043372)",1/7,0.334718856386178,0.503488634293296,0,0,2.7821533923303834,3.044967660122841,SOCS1
GO_Biological_Process_2023,Positive Regulation Of DNA Demethylation (GO:1901537),1/7,0.334718856386178,0.503488634293296,0,0,2.7821533923303834,3.044967660122841,USP9X
GO_Biological_Process_2023,Positive Regulation Of Adipose Tissue Development (GO:1904179),1/7,0.334718856386178,0.503488634293296,0,0,2.7821533923303834,3.044967660122841,PPARG
GO_Biological_Process_2023,Positive Regulation Of Attachment Of Mitotic Spindle Microtubules To Kinetochore (GO:1902425),1/7,0.334718856386178,0.503488634293296,0,0,2.7821533923303834,3.044967660122841,HNRNPU
GO_Biological_Process_2023,Positive Regulation Of Calcium Ion Import (GO:0090280),1/7,0.334718856386178,0.503488634293296,0,0,2.7821533923303834,3.044967660122841,STC1
GO_Biological_Process_2023,Positive Regulation Of Cardiac Epithelial To Mesenchymal Transition (GO:0062043),1/7,0.334718856386178,0.503488634293296,0,0,2.7821533923303834,3.044967660122841,JAG1
GO_Biological_Process_2023,Positive Regulation Of Endocytic Recycling (GO:2001137),1/7,0.334718856386178,0.503488634293296,0,0,2.7821533923303834,3.044967660122841,EHD1
GO_Biological_Process_2023,Positive Regulation Of Epithelial Tube Formation (GO:1905278),1/7,0.334718856386178,0.503488634293296,0,0,2.7821533923303834,3.044967660122841,GATA3
GO_Biological_Process_2023,Positive Regulation Of Execution Phase Of Apoptosis (GO:1900119),1/7,0.334718856386178,0.503488634293296,0,0,2.7821533923303834,3.044967660122841,DYNLL1
GO_Biological_Process_2023,Positive Regulation Of Intracellular Steroid Hormone Receptor Signaling Pathway (GO:0033145),1/7,0.334718856386178,0.503488634293296,0,0,2.7821533923303834,3.044967660122841,PAK1
GO_Biological_Process_2023,Positive Regulation Of Isomerase Activity (GO:0010912),1/7,0.334718856386178,0.503488634293296,0,0,2.7821533923303834,3.044967660122841,HNRNPU
GO_Biological_Process_2023,Positive Regulation Of Melanin Biosynthetic Process (GO:0048023),1/7,0.334718856386178,0.503488634293296,0,0,2.7821533923303834,3.044967660122841,ZEB2
GO_Biological_Process_2023,Positive Regulation Of Microtubule Nucleation (GO:0090063),1/7,0.334718856386178,0.503488634293296,0,0,2.7821533923303834,3.044967660122841,PAK1
GO_Biological_Process_2023,Regulation Of Dopamine Receptor Signaling Pathway (GO:0060159),1/7,0.334718856386178,0.503488634293296,0,0,2.7821533923303834,3.044967660122841,VPS35
GO_Biological_Process_2023,Positive Regulation Of Oligodendrocyte Differentiation (GO:0048714),1/7,0.334718856386178,0.503488634293296,0,0,2.7821533923303834,3.044967660122841,PTN
GO_Biological_Process_2023,Regulation Of Establishment Of Protein Localization To Mitochondrion (GO:1903747),1/7,0.334718856386178,0.503488634293296,0,0,2.7821533923303834,3.044967660122841,DNAJA1
GO_Biological_Process_2023,Regulation Of Mammary Gland Epithelial Cell Proliferation (GO:0033599),1/7,0.334718856386178,0.503488634293296,0,0,2.7821533923303834,3.044967660122841,GATA3
GO_Biological_Process_2023,Regulation Of Lymphocyte Apoptotic Process (GO:0070228),1/7,0.334718856386178,0.503488634293296,0,0,2.7821533923303834,3.044967660122841,LYN
GO_Biological_Process_2023,Very-Low-Density Lipoprotein Particle Remodeling (GO:0034372),1/7,0.334718856386178,0.503488634293296,0,0,2.7821533923303834,3.044967660122841,LCP1
GO_Biological_Process_2023,Cellular Response To Nerve Growth Factor Stimulus (GO:1990090),2/21,0.3348112401934415,0.503488634293296,0,0,1.7574938231317887,1.923029298226786,EHD1;RAP1A
GO_Biological_Process_2023,Histone H2A Acetylation (GO:0043968),2/21,0.3348112401934415,0.503488634293296,0,0,1.7574938231317887,1.923029298226786,MORF4L1;MORF4L2
GO_Biological_Process_2023,Innate Immune Response In Mucosa (GO:0002227),2/21,0.3348112401934415,0.503488634293296,0,0,1.7574938231317887,1.923029298226786,FAU;RPL39
GO_Biological_Process_2023,Modulation By Host Of Viral Genome Replication (GO:0044827),2/21,0.3348112401934415,0.503488634293296,0,0,1.7574938231317887,1.923029298226786,PHB1;VAPA
GO_Biological_Process_2023,Negative Regulation Of miRNA Metabolic Process (GO:2000629),2/21,0.3348112401934415,0.503488634293296,0,0,1.7574938231317887,1.923029298226786,PPARG;SOX9
GO_Biological_Process_2023,Negative Regulation Of Osteoclast Differentiation (GO:0045671),2/21,0.3348112401934415,0.503488634293296,0,0,1.7574938231317887,1.923029298226786,MAFB;FBN1
GO_Biological_Process_2023,Positive Regulation Of Heart Contraction (GO:0045823),2/21,0.3348112401934415,0.503488634293296,0,0,1.7574938231317887,1.923029298226786,RGS2;ATP2A2
GO_Biological_Process_2023,Positive Regulation Of Interferon-Alpha Production (GO:0032727),2/21,0.3348112401934415,0.503488634293296,0,0,1.7574938231317887,1.923029298226786,DDX3X;HSPD1
GO_Biological_Process_2023,Positive Regulation Of Transcription Regulatory Region DNA Binding (GO:2000679),2/21,0.3348112401934415,0.503488634293296,0,0,1.7574938231317887,1.923029298226786,GTF2B;GATA3
GO_Biological_Process_2023,Protein Mannosylation (GO:0035268),2/21,0.3348112401934415,0.503488634293296,0,0,1.7574938231317887,1.923029298226786,TMTC2;LARGE1
GO_Biological_Process_2023,Regulation Of Cardiac Conduction (GO:1903779),2/21,0.3348112401934415,0.503488634293296,0,0,1.7574938231317887,1.923029298226786,ATP2A2;ATP2B1
GO_Biological_Process_2023,Regulation Of Lipid Storage (GO:0010883),2/21,0.3348112401934415,0.503488634293296,0,0,1.7574938231317887,1.923029298226786,PPARG;LCP1
GO_Biological_Process_2023,Regulation Of Neurotransmitter Transport (GO:0051588),2/21,0.3348112401934415,0.503488634293296,0,0,1.7574938231317887,1.923029298226786,FLOT1;CASK
GO_Biological_Process_2023,Regulation Of Steroid Metabolic Process (GO:0019218),2/21,0.3348112401934415,0.503488634293296,0,0,1.7574938231317887,1.923029298226786,STUB1;ABCG1
GO_Biological_Process_2023,Ventricular Trabecula Myocardium Morphogenesis (GO:0003222),1/7,0.334718856386178,0.503488634293296,0,0,2.7821533923303834,3.044967660122841,RBPJ
GO_Biological_Process_2023,Regulation Of Leukocyte Degranulation (GO:0043300),1/7,0.334718856386178,0.503488634293296,0,0,2.7821533923303834,3.044967660122841,LYN
GO_Biological_Process_2023,Ventricular Cardiac Muscle Cell Membrane Repolarization (GO:0099625),1/7,0.334718856386178,0.503488634293296,0,0,2.7821533923303834,3.044967660122841,KCNJ8
GO_Biological_Process_2023,Termination Of RNA Polymerase II Transcription (GO:0006369),1/7,0.334718856386178,0.503488634293296,0,0,2.7821533923303834,3.044967660122841,XRN2
GO_Biological_Process_2023,Platelet Activating Factor Metabolic Process (GO:0046469),1/7,0.334718856386178,0.503488634293296,0,0,2.7821533923303834,3.044967660122841,PAFAH1B1
GO_Biological_Process_2023,Regulation Of Phospholipase A2 Activity (GO:0032429),1/7,0.334718856386178,0.503488634293296,0,0,2.7821533923303834,3.044967660122841,LRP1
GO_Biological_Process_2023,Regulation Of Protein Glycosylation (GO:0060049),1/7,0.334718856386178,0.503488634293296,0,0,2.7821533923303834,3.044967660122841,CHP1
GO_Biological_Process_2023,Regulation Of Protein Localization To Cell Cortex (GO:1904776),1/7,0.334718856386178,0.503488634293296,0,0,2.7821533923303834,3.044967660122841,GNAI1
GO_Biological_Process_2023,Regulation Of Transcription From RNA Polymerase II Promoter In Response To Hypoxia (GO:0061418),1/7,0.334718856386178,0.503488634293296,0,0,2.7821533923303834,3.044967660122841,RBPJ
GO_Biological_Process_2023,Regulation Of Transforming Growth Factor Beta Activation (GO:1901388),1/7,0.334718856386178,0.503488634293296,0,0,2.7821533923303834,3.044967660122841,HSP90AB1
GO_Biological_Process_2023,"Regulation Of Wound Healing, Spreading Of Epidermal Cells (GO:1903689)",1/7,0.334718856386178,0.503488634293296,0,0,2.7821533923303834,3.044967660122841,FERMT2
GO_Biological_Process_2023,Response To Auditory Stimulus (GO:0010996),1/7,0.334718856386178,0.503488634293296,0,0,2.7821533923303834,3.044967660122841,PTN
GO_Biological_Process_2023,Response To Epinephrine (GO:0071871),1/7,0.334718856386178,0.503488634293296,0,0,2.7821533923303834,3.044967660122841,PDE4B
GO_Biological_Process_2023,Response To Hydroperoxide (GO:0033194),1/7,0.334718856386178,0.503488634293296,0,0,2.7821533923303834,3.044967660122841,DAPK1
GO_Biological_Process_2023,Response To Potassium Ion (GO:0035864),1/7,0.334718856386178,0.503488634293296,0,0,2.7821533923303834,3.044967660122841,NEK7
GO_Biological_Process_2023,Spermidine Metabolic Process (GO:0008216),1/7,0.334718856386178,0.503488634293296,0,0,2.7821533923303834,3.044967660122841,SAT1
GO_Biological_Process_2023,Spleen Development (GO:0048536),1/7,0.334718856386178,0.503488634293296,0,0,2.7821533923303834,3.044967660122841,TCF21
GO_Biological_Process_2023,tRNA Transcription By RNA Polymerase III (GO:0042797),1/7,0.334718856386178,0.503488634293296,0,0,2.7821533923303834,3.044967660122841,POLR2L
GO_Biological_Process_2023,Taurine Metabolic Process (GO:0019530),1/7,0.334718856386178,0.503488634293296,0,0,2.7821533923303834,3.044967660122841,STAT5B
GO_Biological_Process_2023,Venous Blood Vessel Development (GO:0060841),1/7,0.334718856386178,0.503488634293296,0,0,2.7821533923303834,3.044967660122841,BMPR2
GO_Biological_Process_2023,Phosphatidylserine Acyl-Chain Remodeling (GO:0036150),1/7,0.334718856386178,0.503488634293296,0,0,2.7821533923303834,3.044967660122841,OSBPL8
GO_Biological_Process_2023,"Positive Regulation Of Synaptic Transmission, GABAergic (GO:0032230)",1/7,0.334718856386178,0.503488634293296,0,0,2.7821533923303834,3.044967660122841,NLGN1
GO_Biological_Process_2023,Peptidyl-Serine Autophosphorylation (GO:0036289),1/7,0.334718856386178,0.503488634293296,0,0,2.7821533923303834,3.044967660122841,DYRK1A
GO_Biological_Process_2023,ER Overload Response (GO:0006983),1/7,0.334718856386178,0.503488634293296,0,0,2.7821533923303834,3.044967660122841,GSK3B
GO_Biological_Process_2023,NADH Metabolic Process (GO:0006734),1/7,0.334718856386178,0.503488634293296,0,0,2.7821533923303834,3.044967660122841,MDH1
GO_Biological_Process_2023,TRIF-dependent Toll-Like Receptor Signaling Pathway (GO:0035666),1/7,0.334718856386178,0.503488634293296,0,0,2.7821533923303834,3.044967660122841,TRAF3
GO_Biological_Process_2023,Arginine Catabolic Process (GO:0006527),1/7,0.334718856386178,0.503488634293296,0,0,2.7821533923303834,3.044967660122841,DDAH2
GO_Biological_Process_2023,Axon Ensheathment In Central Nervous System (GO:0032291),1/7,0.334718856386178,0.503488634293296,0,0,2.7821533923303834,3.044967660122841,GPM6B
GO_Biological_Process_2023,"Blood Coagulation, Intrinsic Pathway (GO:0007597)",1/7,0.334718856386178,0.503488634293296,0,0,2.7821533923303834,3.044967660122841,FLNA
GO_Biological_Process_2023,Cellular Modified Amino Acid Biosynthetic Process (GO:0042398),1/7,0.334718856386178,0.503488634293296,0,0,2.7821533923303834,3.044967660122841,GATM
GO_Biological_Process_2023,Cellular Response To Angiotensin (GO:1904385),1/7,0.334718856386178,0.503488634293296,0,0,2.7821533923303834,3.044967660122841,AHCYL1
GO_Biological_Process_2023,Cellular Response To Epinephrine Stimulus (GO:0071872),1/7,0.334718856386178,0.503488634293296,0,0,2.7821533923303834,3.044967660122841,PDE4B
GO_Biological_Process_2023,Cellular Response To Interferon-Alpha (GO:0035457),1/7,0.334718856386178,0.503488634293296,0,0,2.7821533923303834,3.044967660122841,GATA3
GO_Biological_Process_2023,Cellular Response To Interleukin-2 (GO:0071352),1/7,0.334718856386178,0.503488634293296,0,0,2.7821533923303834,3.044967660122841,STAT3
GO_Biological_Process_2023,Cellular Response To Potassium Ion (GO:0035865),1/7,0.334718856386178,0.503488634293296,0,0,2.7821533923303834,3.044967660122841,NEK7
GO_Biological_Process_2023,Cyclic Nucleotide Transport (GO:0070729),1/7,0.334718856386178,0.503488634293296,0,0,2.7821533923303834,3.044967660122841,ABCC5
GO_Biological_Process_2023,Cytoplasmic Sequestering Of NF-kappaB (GO:0007253),1/7,0.334718856386178,0.503488634293296,0,0,2.7821533923303834,3.044967660122841,FAF1
GO_Biological_Process_2023,Dendritic Spine Maintenance (GO:0097062),1/7,0.334718856386178,0.503488634293296,0,0,2.7821533923303834,3.044967660122841,IGF1R
GO_Biological_Process_2023,ATP Synthesis Coupled Electron Transport (GO:0042773),1/7,0.334718856386178,0.503488634293296,0,0,2.7821533923303834,3.044967660122841,NDUFV1
GO_Biological_Process_2023,Regulation Of Trans-Synaptic Signaling (GO:0099177),3/36,0.3332174603240693,0.503488634293296,0,0,1.518052869116699,1.6682793326632344,PPP3CA;NLGN1;BTBD9
GO_Biological_Process_2023,Receptor Signaling Pathway Via JAK-STAT (GO:0007259),3/36,0.3332174603240693,0.503488634293296,0,0,1.518052869116699,1.6682793326632344,STAT5B;STAT3;PIAS1
GO_Biological_Process_2023,Pericardium Development (GO:0060039),1/7,0.334718856386178,0.503488634293296,0,0,2.7821533923303834,3.044967660122841,TBX20
GO_Biological_Process_2023,Golgi Organization (GO:0007030),9/130,0.314787903517024,0.503488634293296,0,0,1.242851460644363,1.4365575529275274,RAB2A;CDC42;BCAS3;RAB1A;RAB30;TMED2;CSNK1D;YWHAZ;CLASP1
GO_Biological_Process_2023,Action Potential (GO:0001508),3/35,0.3174444910232524,0.503488634293296,0,0,1.5655751329787233,1.7964227986771977,GNA14;SRI;YWHAH
GO_Biological_Process_2023,Regulation Of Axon Extension (GO:0030516),3/35,0.3174444910232524,0.503488634293296,0,0,1.5655751329787233,1.7964227986771977,GSK3B;DIP2B;DNM2
GO_Biological_Process_2023,Skeletal Muscle Organ Development (GO:0060538),3/35,0.3174444910232524,0.503488634293296,0,0,1.5655751329787233,1.7964227986771977,DES;TCF21;LARGE1
GO_Biological_Process_2023,Synapse Organization (GO:0050808),9/131,0.3227207177917468,0.503488634293296,0,0,1.232598404488472,1.3940293283967993,PTPRD;DNM3;CDC42;APP;CYFIP1;NLGN1;CTNND2;PAK3;GPHN
GO_Biological_Process_2023,SMAD Protein Signal Transduction (GO:0060395),4/51,0.3259272408623913,0.503488634293296,0,0,1.4213596631992298,1.5934594690198012,JUN;SMAD3;ZMIZ1;HIPK2
GO_Biological_Process_2023,Microtubule Bundle Formation (GO:0001578),4/51,0.3259272408623913,0.503488634293296,0,0,1.4213596631992298,1.5934594690198012,TPPP3;ZNF207;CHP1;CLASP1
GO_Biological_Process_2023,Dermatan Sulfate Proteoglycan Biosynthetic Process (GO:0050651),1/7,0.334718856386178,0.503488634293296,0,0,2.7821533923303834,3.044967660122841,UST
GO_Biological_Process_2023,"Negative Regulation Of Gene Expression, Epigenetic (GO:0045814)",4/51,0.3259272408623913,0.503488634293296,0,0,1.4213596631992298,1.5934594690198012,CBX3;LMNA;HMGA2;EZH2
GO_Biological_Process_2023,Regulated Exocytosis (GO:0045055),4/51,0.3259272408623913,0.503488634293296,0,0,1.4213596631992298,1.5934594690198012,LYN;RAB10;DNAJC5;MYH9
GO_Biological_Process_2023,Regulation Of Smoothened Signaling Pathway (GO:0008589),4/51,0.3259272408623913,0.503488634293296,0,0,1.4213596631992298,1.5934594690198012,HERC4;CREBBP;RACK1;FGFR2
GO_Biological_Process_2023,Regulation Of Synapse Assembly (GO:0051963),4/51,0.3259272408623913,0.503488634293296,0,0,1.4213596631992298,1.5934594690198012,PTPRD;NLGN1;MYCBP2;VPS35
GO_Biological_Process_2023,Protein Secretion (GO:0009306),5/67,0.3286296079560926,0.503488634293296,0,0,1.3469747321377414,1.4989457744330197,TMEM167A;AP1G1;AP1B1;RAB8B;WLS
GO_Biological_Process_2023,Blood Vessel Diameter Maintenance (GO:0097746),3/36,0.3332174603240693,0.503488634293296,0,0,1.518052869116699,1.6682793326632344,ROCK1;CPS1;ROCK2
GO_Biological_Process_2023,Negative Regulation Of Protein Kinase B Signaling (GO:0051898),3/36,0.3332174603240693,0.503488634293296,0,0,1.518052869116699,1.6682793326632344,RACK1;ARRB2;PIK3CB
GO_Biological_Process_2023,Neural Crest Cell Migration (GO:0001755),3/36,0.3332174603240693,0.503488634293296,0,0,1.518052869116699,1.6682793326632344,SEMA3C;ERBB4;CORO1C
GO_Biological_Process_2023,Positive Regulation Of DNA Recombination (GO:0045911),4/51,0.3259272408623913,0.503488634293296,0,0,1.4213596631992298,1.5934594690198012,ACTR2;MORF4L1;FUS;MORF4L2
GO_Biological_Process_2023,"Endonucleolytic Cleavage In ITS1 To Separate SSU-rRNA From 5.8S rRNA And LSU-rRNA From Tricistronic rRNA Transcript (SSU-rRNA, 5.8S rRNA, LSU-rRNA) (GO:0000447)",1/7,0.334718856386178,0.503488634293296,0,0,2.7821533923303834,3.044967660122841,RPS21
GO_Biological_Process_2023,Positive Regulation Of Interferon-Beta Production (GO:0032728),3/36,0.3332174603240693,0.503488634293296,0,0,1.518052869116699,1.6682793326632344,HSP90AA1;DDX3X;FLOT1
GO_Biological_Process_2023,Foam Cell Differentiation (GO:0090077),1/7,0.334718856386178,0.503488634293296,0,0,2.7821533923303834,3.044967660122841,PPARG
GO_Biological_Process_2023,Negative Regulation Of Fatty Acid Oxidation (GO:0046322),1/7,0.334718856386178,0.503488634293296,0,0,2.7821533923303834,3.044967660122841,SOX9
GO_Biological_Process_2023,Negative Regulation Of Glucose Import (GO:0046325),1/7,0.334718856386178,0.503488634293296,0,0,2.7821533923303834,3.044967660122841,PID1
GO_Biological_Process_2023,Negative Regulation Of Inflammatory Response To Wounding (GO:0106015),1/7,0.334718856386178,0.503488634293296,0,0,2.7821533923303834,3.044967660122841,STAT3
GO_Biological_Process_2023,Negative Regulation Of Leukocyte Proliferation (GO:0070664),1/7,0.334718856386178,0.503488634293296,0,0,2.7821533923303834,3.044967660122841,LYN
GO_Biological_Process_2023,Negative Regulation Of Mitochondrial Membrane Potential (GO:0010917),1/7,0.334718856386178,0.503488634293296,0,0,2.7821533923303834,3.044967660122841,PRELID1
GO_Biological_Process_2023,Negative Regulation Of Muscle Cell Differentiation (GO:0051148),1/7,0.334718856386178,0.503488634293296,0,0,2.7821533923303834,3.044967660122841,ID2
GO_Biological_Process_2023,"Negative Regulation Of CD8-positive, Alpha-Beta T Cell Activation (GO:2001186)",1/7,0.334718856386178,0.503488634293296,0,0,2.7821533923303834,3.044967660122841,SOCS1
GO_Biological_Process_2023,Negative Regulation Of Muscle Hypertrophy (GO:0014741),1/7,0.334718856386178,0.503488634293296,0,0,2.7821533923303834,3.044967660122841,RGS2
GO_Biological_Process_2023,Negative Regulation Of Nitric Oxide Metabolic Process (GO:1904406),1/7,0.334718856386178,0.503488634293296,0,0,2.7821533923303834,3.044967660122841,ROCK2
GO_Biological_Process_2023,Negative Regulation Of Phospholipase Activity (GO:0010519),1/7,0.334718856386178,0.503488634293296,0,0,2.7821533923303834,3.044967660122841,RGS2
GO_Biological_Process_2023,Negative Regulation Of Vascular Associated Smooth Muscle Cell Differentiation (GO:1905064),1/7,0.334718856386178,0.503488634293296,0,0,2.7821533923303834,3.044967660122841,PDCD4
GO_Biological_Process_2023,Neuroepithelial Cell Differentiation (GO:0060563),1/7,0.334718856386178,0.503488634293296,0,0,2.7821533923303834,3.044967660122841,TUBB2A
GO_Biological_Process_2023,Neurotransmitter Receptor Diffusion Trapping (GO:0099628),1/7,0.334718856386178,0.503488634293296,0,0,2.7821533923303834,3.044967660122841,GPHN
GO_Biological_Process_2023,Norepinephrine Metabolic Process (GO:0042415),1/7,0.334718856386178,0.503488634293296,0,0,2.7821533923303834,3.044967660122841,GATA3
GO_Biological_Process_2023,Negative Regulation Of Nitric Oxide Biosynthetic Process (GO:0045019),1/7,0.334718856386178,0.503488634293296,0,0,2.7821533923303834,3.044967660122841,ROCK2
GO_Biological_Process_2023,Natural Killer Cell Differentiation (GO:0001779),1/7,0.334718856386178,0.503488634293296,0,0,2.7821533923303834,3.044967660122841,PBX1
GO_Biological_Process_2023,Negative Regulation Of B Cell Apoptotic Process (GO:0002903),1/7,0.334718856386178,0.503488634293296,0,0,2.7821533923303834,3.044967660122841,FOXP1
GO_Biological_Process_2023,Histone Lysine Demethylation (GO:0070076),1/7,0.334718856386178,0.503488634293296,0,0,2.7821533923303834,3.044967660122841,KDM6A
GO_Biological_Process_2023,Fructose Metabolic Process (GO:0006000),1/7,0.334718856386178,0.503488634293296,0,0,2.7821533923303834,3.044967660122841,ALDOB
GO_Biological_Process_2023,Glucocorticoid Metabolic Process (GO:0008211),1/7,0.334718856386178,0.503488634293296,0,0,2.7821533923303834,3.044967660122841,YWHAH
GO_Biological_Process_2023,Hair Cell Differentiation (GO:0035315),1/7,0.334718856386178,0.503488634293296,0,0,2.7821533923303834,3.044967660122841,MYO6
GO_Biological_Process_2023,"Heparan Sulfate Proteoglycan Biosynthetic Process, Polysaccharide Chain Biosynthetic Process (GO:0015014)",1/7,0.334718856386178,0.503488634293296,0,0,2.7821533923303834,3.044967660122841,EXT1
GO_Biological_Process_2023,Peptidyl-Proline Hydroxylation To 4-hydroxy-L-proline (GO:0018401),1/7,0.334718856386178,0.503488634293296,0,0,2.7821533923303834,3.044967660122841,P4HA1
GO_Biological_Process_2023,Histone H2A K63-linked Deubiquitination (GO:0070537),1/7,0.334718856386178,0.503488634293296,0,0,2.7821533923303834,3.044967660122841,BABAM2
GO_Biological_Process_2023,Myoblast Migration (GO:0051451),1/7,0.334718856386178,0.503488634293296,0,0,2.7821533923303834,3.044967660122841,ROCK1
GO_Biological_Process_2023,Immunological Synapse Formation (GO:0001771),1/7,0.334718856386178,0.503488634293296,0,0,2.7821533923303834,3.044967660122841,MSN
GO_Biological_Process_2023,Establishment Of Centrosome Localization (GO:0051660),1/7,0.334718856386178,0.503488634293296,0,0,2.7821533923303834,3.044967660122841,EZR
GO_Biological_Process_2023,Kidney Epithelium Development (GO:0072073),1/7,0.334718856386178,0.503488634293296,0,0,2.7821533923303834,3.044967660122841,OXSR1
GO_Biological_Process_2023,Kidney Mesenchyme Development (GO:0072074),1/7,0.334718856386178,0.503488634293296,0,0,2.7821533923303834,3.044967660122841,OXSR1
GO_Biological_Process_2023,Lactate Metabolic Process (GO:0006089),1/7,0.334718856386178,0.503488634293296,0,0,2.7821533923303834,3.044967660122841,LDHB
GO_Biological_Process_2023,Leukocyte Aggregation (GO:0070486),1/7,0.334718856386178,0.503488634293296,0,0,2.7821533923303834,3.044967660122841,RAC2
GO_Biological_Process_2023,Macromolecule Depalmitoylation (GO:0098734),1/7,0.334718856386178,0.503488634293296,0,0,2.7821533923303834,3.044967660122841,ABHD17B
GO_Biological_Process_2023,Malate Metabolic Process (GO:0006108),1/7,0.334718856386178,0.503488634293296,0,0,2.7821533923303834,3.044967660122841,MDH1
GO_Biological_Process_2023,Monosaccharide Biosynthetic Process (GO:0046364),1/7,0.334718856386178,0.503488634293296,0,0,2.7821533923303834,3.044967660122841,UST
GO_Biological_Process_2023,Interleukin-2-Mediated Signaling Pathway (GO:0038110),1/7,0.334718856386178,0.503488634293296,0,0,2.7821533923303834,3.044967660122841,STAT3
GO_Biological_Process_2023,Sprouting Angiogenesis (GO:0002040),4/52,0.3389693952491807,0.5095379278705711,0,0,1.3916740609287193,1.5055762579049408,EFNB2;ANGPT1;PTK2B;SLIT2
GO_Biological_Process_2023,Positive Regulation Of Receptor Signaling Pathway Via STAT (GO:1904894),3/37,0.3489746283536341,0.523949531831544,0,0,1.4733260325406758,1.551052905502524,ERBB4;MGAT5;HES1
GO_Biological_Process_2023,Muscle Tissue Development (GO:0060537),3/37,0.3489746283536341,0.523949531831544,0,0,1.4733260325406758,1.551052905502524,CSRP2;CSRP1;NF1
GO_Biological_Process_2023,Positive Regulation Of Receptor Signaling Pathway Via JAK-STAT (GO:0046427),3/37,0.3489746283536341,0.523949531831544,0,0,1.4733260325406758,1.551052905502524,ERBB4;PTK2B;HES1
GO_Biological_Process_2023,Regulation Of Endopeptidase Activity (GO:0052548),5/69,0.3513385541424721,0.5270779027243071,0,0,1.3047430062166965,1.3647676803892057,PSMA3;PRELID1;TIMP2;TIMP3;PICALM
GO_Biological_Process_2023,Cellular Response To Calcium Ion (GO:0071277),5/69,0.3513385541424721,0.5270779027243071,0,0,1.3047430062166965,1.3647676803892057,CPNE8;CLIC4;NLGN1;IQGAP1;RASGRP2
GO_Biological_Process_2023,Cellular Response To Metal Ion (GO:0071248),9/135,0.3548027848041465,0.5299467285631587,0,0,1.193213649096002,1.23639984504288,CPNE8;JUN;CLIC4;NLGN1;MAPK8;NEK7;MAPK1;IQGAP1;RASGRP2
GO_Biological_Process_2023,Response To Gamma Radiation (GO:0010332),2/22,0.3557871549114532,0.5299467285631587,0,0,1.6695305580159434,1.7253306207184531,RPL26;CRYAB
GO_Biological_Process_2023,Regulation Of Protein Export From Nucleus (GO:0046825),2/22,0.3557871549114532,0.5299467285631587,0,0,1.6695305580159434,1.7253306207184531,YWHAE;GSK3B
GO_Biological_Process_2023,Regulation Of Intracellular Steroid Hormone Receptor Signaling Pathway (GO:0033143),2/22,0.3557871549114532,0.5299467285631587,0,0,1.6695305580159434,1.7253306207184531,DDX5;UFM1
GO_Biological_Process_2023,Postreplication Repair (GO:0006301),2/22,0.3557871549114532,0.5299467285631587,0,0,1.6695305580159434,1.7253306207184531,UBE2B;ZBTB1
GO_Biological_Process_2023,Positive Regulation Of Excitatory Postsynaptic Potential (GO:2000463),2/22,0.3557871549114532,0.5299467285631587,0,0,1.6695305580159434,1.7253306207184531,NLGN1;PTK2B
GO_Biological_Process_2023,Positive Regulation Of Cilium Assembly (GO:0045724),2/22,0.3557871549114532,0.5299467285631587,0,0,1.6695305580159434,1.7253306207184531,GSK3B;SEPTIN7
GO_Biological_Process_2023,Platelet Dense Granule Organization (GO:0060155),2/22,0.3557871549114532,0.5299467285631587,0,0,1.6695305580159434,1.7253306207184531,AP1G1;AP1B1
GO_Biological_Process_2023,Placenta Development (GO:0001890),2/22,0.3557871549114532,0.5299467285631587,0,0,1.6695305580159434,1.7253306207184531,PPARG;PTK2
GO_Biological_Process_2023,"Positive Regulation Of Synaptic Transmission, Glutamatergic (GO:0051968)",2/22,0.3557871549114532,0.5299467285631587,0,0,1.6695305580159434,1.7253306207184531,NLGN1;PTK2B
GO_Biological_Process_2023,Negative Regulation Of Cell Communication (GO:0010648),2/22,0.3557871549114532,0.5299467285631587,0,0,1.6695305580159434,1.7253306207184531,HSP90AB1;UBASH3B
GO_Biological_Process_2023,Natural Killer Cell Mediated Immunity (GO:0002228),2/22,0.3557871549114532,0.5299467285631587,0,0,1.6695305580159434,1.7253306207184531,TUBB2A;TUBB4B
GO_Biological_Process_2023,Dendritic Cell Differentiation (GO:0097028),2/22,0.3557871549114532,0.5299467285631587,0,0,1.6695305580159434,1.7253306207184531,LYN;BATF
GO_Biological_Process_2023,Cellular Response To Low-Density Lipoprotein Particle Stimulus (GO:0071404),2/22,0.3557871549114532,0.5299467285631587,0,0,1.6695305580159434,1.7253306207184531,PPARG;LCP1
GO_Biological_Process_2023,Cellular Response To Interferon-Beta (GO:0035458),2/22,0.3557871549114532,0.5299467285631587,0,0,1.6695305580159434,1.7253306207184531,CALM1;UBE2K
GO_Biological_Process_2023,Calcium Ion Homeostasis (GO:0055074),7/102,0.3552403400824657,0.5299467285631587,0,0,1.2307360929012925,1.273763493468215,ZNHIT1;PLN;NPTN;STC1;TMTC2;ATP2A2;ATP2C1
GO_Biological_Process_2023,Activation Of GTPase Activity (GO:0090630),7/102,0.3552403400824657,0.5299467285631587,0,0,1.2307360929012925,1.273763493468215,TIAM1;BCAS3;SIPA1L1;DOCK7;RHOG;TBC1D9;CORO1C
GO_Biological_Process_2023,Negative Regulation Of Cell Development (GO:0010721),2/22,0.3557871549114532,0.5299467285631587,0,0,1.6695305580159434,1.7253306207184531,GSK3B;HOOK3
GO_Biological_Process_2023,Regulation Of Defense Response To Bacterium (GO:1900424),1/8,0.3723536173239217,0.534512196471477,0,0,2.3845764854614413,2.35575003668214,FOXP1
GO_Biological_Process_2023,Regulation Of Endothelial Cell Differentiation (GO:0045601),1/8,0.3723536173239217,0.534512196471477,0,0,2.3845764854614413,2.35575003668214,BTG1
GO_Biological_Process_2023,Regulation Of Fertilization (GO:0080154),1/8,0.3723536173239217,0.534512196471477,0,0,2.3845764854614413,2.35575003668214,PLCB1
GO_Biological_Process_2023,Regulation Of Lysosomal Protein Catabolic Process (GO:1905165),1/8,0.3723536173239217,0.534512196471477,0,0,2.3845764854614413,2.35575003668214,LRP1
GO_Biological_Process_2023,Regulation Of Interleukin-23 Production (GO:0032667),1/8,0.3723536173239217,0.534512196471477,0,0,2.3845764854614413,2.35575003668214,RAC1
GO_Biological_Process_2023,Regulation Of Intrinsic Apoptotic Signaling Pathway By P53 Class Mediator (GO:1902253),1/8,0.3723536173239217,0.534512196471477,0,0,2.3845764854614413,2.35575003668214,RPS7
GO_Biological_Process_2023,Regulation Of Cell Killing (GO:0031341),1/8,0.3723536173239217,0.534512196471477,0,0,2.3845764854614413,2.35575003668214,MAPK8
GO_Biological_Process_2023,Regulation Of Fibroblast Apoptotic Process (GO:2000269),1/8,0.3723536173239217,0.534512196471477,0,0,2.3845764854614413,2.35575003668214,BTG1
GO_Biological_Process_2023,"Regulation Of Wnt Signaling Pathway, Planar Cell Polarity Pathway (GO:2000095)",1/8,0.3723536173239217,0.534512196471477,0,0,2.3845764854614413,2.35575003668214,MLLT3
GO_Biological_Process_2023,Positive Regulation Of Calcium Ion Import Across Plasma Membrane (GO:1905665),1/8,0.3723536173239217,0.534512196471477,0,0,2.3845764854614413,2.35575003668214,PPP3CA
GO_Biological_Process_2023,Regulation Of DNA Demethylation (GO:1901535),1/8,0.3723536173239217,0.534512196471477,0,0,2.3845764854614413,2.35575003668214,USP9X
GO_Biological_Process_2023,Purine Nucleobase Transport (GO:0006863),1/8,0.3723536173239217,0.534512196471477,0,0,2.3845764854614413,2.35575003668214,VDAC3
GO_Biological_Process_2023,Protein Localization To Perinuclear Region Of Cytoplasm (GO:1905719),1/8,0.3723536173239217,0.534512196471477,0,0,2.3845764854614413,2.35575003668214,HOOK3
GO_Biological_Process_2023,Positive Regulation Of Ubiquitin Protein Ligase Activity (GO:1904668),1/8,0.3723536173239217,0.534512196471477,0,0,2.3845764854614413,2.35575003668214,SKP1
GO_Biological_Process_2023,Positive Regulation Of Blood Pressure (GO:0045777),1/8,0.3723536173239217,0.534512196471477,0,0,2.3845764854614413,2.35575003668214,ID2
GO_Biological_Process_2023,Positive Regulation Of Sequestering Of Triglyceride (GO:0010890),1/8,0.3723536173239217,0.534512196471477,0,0,2.3845764854614413,2.35575003668214,LCP1
GO_Biological_Process_2023,Positive Regulation Of Megakaryocyte Differentiation (GO:0045654),1/8,0.3723536173239217,0.534512196471477,0,0,2.3845764854614413,2.35575003668214,HMGB2
GO_Biological_Process_2023,Regulation Of Macrophage Migration (GO:1905521),1/8,0.3723536173239217,0.534512196471477,0,0,2.3845764854614413,2.35575003668214,PTK2B
GO_Biological_Process_2023,Positive Regulation Of Cell-Cell Adhesion Mediated By Cadherin (GO:2000049),1/8,0.3723536173239217,0.534512196471477,0,0,2.3845764854614413,2.35575003668214,FLOT1
GO_Biological_Process_2023,Regulation Of DNA-templated Transcription Initiation (GO:2000142),1/8,0.3723536173239217,0.534512196471477,0,0,2.3845764854614413,2.35575003668214,JUN
GO_Biological_Process_2023,Regulation Of Mitotic Sister Chromatid Segregation (GO:0033047),1/8,0.3723536173239217,0.534512196471477,0,0,2.3845764854614413,2.35575003668214,DUSP1
GO_Biological_Process_2023,Positive Regulation Of Tumor Necrosis Factor-Mediated Signaling Pathway (GO:1903265),1/8,0.3723536173239217,0.534512196471477,0,0,2.3845764854614413,2.35575003668214,UBE2K
GO_Biological_Process_2023,Regulation Of Pattern Recognition Receptor Signaling Pathway (GO:0062207),1/8,0.3723536173239217,0.534512196471477,0,0,2.3845764854614413,2.35575003668214,FLOT1
GO_Biological_Process_2023,Vascular Associated Smooth Muscle Cell Differentiation (GO:0035886),1/8,0.3723536173239217,0.534512196471477,0,0,2.3845764854614413,2.35575003668214,HES1
GO_Biological_Process_2023,Positive Regulation Of Actin Cytoskeleton Reorganization (GO:2000251),1/8,0.3723536173239217,0.534512196471477,0,0,2.3845764854614413,2.35575003668214,BCAS3
GO_Biological_Process_2023,Type B Pancreatic Cell Differentiation (GO:0003309),1/8,0.3723536173239217,0.534512196471477,0,0,2.3845764854614413,2.35575003668214,CDK6
GO_Biological_Process_2023,Triglyceride-Rich Lipoprotein Particle Remodeling (GO:0034370),1/8,0.3723536173239217,0.534512196471477,0,0,2.3845764854614413,2.35575003668214,LCP1
GO_Biological_Process_2023,Transcription-Coupled Nucleotide-Excision Repair (GO:0006283),1/8,0.3723536173239217,0.534512196471477,0,0,2.3845764854614413,2.35575003668214,POLR2I
GO_Biological_Process_2023,Sympathetic Ganglion Development (GO:0061549),1/8,0.3723536173239217,0.534512196471477,0,0,2.3845764854614413,2.35575003668214,CTNNB1
GO_Biological_Process_2023,Somite Development (GO:0061053),1/8,0.3723536173239217,0.534512196471477,0,0,2.3845764854614413,2.35575003668214,SFRP2
GO_Biological_Process_2023,Skeletal Myofibril Assembly (GO:0014866),1/8,0.3723536173239217,0.534512196471477,0,0,2.3845764854614413,2.35575003668214,MYH11
GO_Biological_Process_2023,Sequestering Of Actin Monomers (GO:0042989),1/8,0.3723536173239217,0.534512196471477,0,0,2.3845764854614413,2.35575003668214,TMSB10
GO_Biological_Process_2023,Sensory Organ Morphogenesis (GO:0090596),1/8,0.3723536173239217,0.534512196471477,0,0,2.3845764854614413,2.35575003668214,NIPBL
GO_Biological_Process_2023,Regulation Of Neutrophil Migration (GO:1902622),1/8,0.3723536173239217,0.534512196471477,0,0,2.3845764854614413,2.35575003668214,RAC2
GO_Biological_Process_2023,Semaphorin-Plexin Signaling Pathway Involved In Axon Guidance (GO:1902287),1/8,0.3723536173239217,0.534512196471477,0,0,2.3845764854614413,2.35575003668214,PLXNA2
GO_Biological_Process_2023,Response To Vitamin (GO:0033273),1/8,0.3723536173239217,0.534512196471477,0,0,2.3845764854614413,2.35575003668214,AQP3
GO_Biological_Process_2023,Response To Misfolded Protein (GO:0051788),1/8,0.3723536173239217,0.534512196471477,0,0,2.3845764854614413,2.35575003668214,STUB1
GO_Biological_Process_2023,Response To Leptin (GO:0044321),1/8,0.3723536173239217,0.534512196471477,0,0,2.3845764854614413,2.35575003668214,STAT3
GO_Biological_Process_2023,Regulation Of Vesicle Fusion (GO:0031338),1/8,0.3723536173239217,0.534512196471477,0,0,2.3845764854614413,2.35575003668214,ANXA2
GO_Biological_Process_2023,Regulation Of Tumor Necrosis Factor Superfamily Cytokine Production (GO:1903555),1/8,0.3723536173239217,0.534512196471477,0,0,2.3845764854614413,2.35575003668214,FOXP1
GO_Biological_Process_2023,Regulation Of Skeletal Muscle Cell Differentiation (GO:2001014),1/8,0.3723536173239217,0.534512196471477,0,0,2.3845764854614413,2.35575003668214,DDX5
GO_Biological_Process_2023,Regulation Of Sister Chromatid Cohesion (GO:0007063),1/8,0.3723536173239217,0.534512196471477,0,0,2.3845764854614413,2.35575003668214,CTNNB1
GO_Biological_Process_2023,Regulation Of Rhodopsin Mediated Signaling Pathway (GO:0022400),1/8,0.3723536173239217,0.534512196471477,0,0,2.3845764854614413,2.35575003668214,NMT1
GO_Biological_Process_2023,Regulation Of Podosome Assembly (GO:0071801),1/8,0.3723536173239217,0.534512196471477,0,0,2.3845764854614413,2.35575003668214,LCP1
GO_Biological_Process_2023,Regulation Of Pinocytosis (GO:0048548),1/8,0.3723536173239217,0.534512196471477,0,0,2.3845764854614413,2.35575003668214,CDC42
GO_Biological_Process_2023,Response To Vitamin D (GO:0033280),1/8,0.3723536173239217,0.534512196471477,0,0,2.3845764854614413,2.35575003668214,AQP3
GO_Biological_Process_2023,Positive Regulation Of ATP Biosynthetic Process (GO:2001171),1/8,0.3723536173239217,0.534512196471477,0,0,2.3845764854614413,2.35575003668214,PID1
GO_Biological_Process_2023,Positive Regulation Of Extracellular Matrix Assembly (GO:1901203),1/8,0.3723536173239217,0.534512196471477,0,0,2.3845764854614413,2.35575003668214,SMAD3
GO_Biological_Process_2023,Peripheral Nervous System Axon Ensheathment (GO:0032292),1/8,0.3723536173239217,0.534512196471477,0,0,2.3845764854614413,2.35575003668214,NF1
GO_Biological_Process_2023,Cellular Response To Platelet-Derived Growth Factor Stimulus (GO:0036120),1/8,0.3723536173239217,0.534512196471477,0,0,2.3845764854614413,2.35575003668214,HAS1
GO_Biological_Process_2023,Cardioblast Differentiation (GO:0010002),1/8,0.3723536173239217,0.534512196471477,0,0,2.3845764854614413,2.35575003668214,RBPJ
GO_Biological_Process_2023,Bundle Of His Cell To Purkinje Myocyte Communication (GO:0086069),1/8,0.3723536173239217,0.534512196471477,0,0,2.3845764854614413,2.35575003668214,JUP
GO_Biological_Process_2023,Bone Resorption (GO:0045453),1/8,0.3723536173239217,0.534512196471477,0,0,2.3845764854614413,2.35575003668214,PTK2B
GO_Biological_Process_2023,Autophagosome-Lysosome Fusion (GO:0061909),1/8,0.3723536173239217,0.534512196471477,0,0,2.3845764854614413,2.35575003668214,PIP4K2A
GO_Biological_Process_2023,Anoikis (GO:0043276),1/8,0.3723536173239217,0.534512196471477,0,0,2.3845764854614413,2.35575003668214,DAPK2
GO_Biological_Process_2023,Amyloid-Beta Formation (GO:0034205),1/8,0.3723536173239217,0.534512196471477,0,0,2.3845764854614413,2.35575003668214,DYRK1A
GO_Biological_Process_2023,Schwann Cell Development (GO:0014044),1/8,0.3723536173239217,0.534512196471477,0,0,2.3845764854614413,2.35575003668214,NF1
GO_Biological_Process_2023,MyD88-independent Toll-Like Receptor Signaling Pathway (GO:0002756),1/8,0.3723536173239217,0.534512196471477,0,0,2.3845764854614413,2.35575003668214,TRAF3
GO_Biological_Process_2023,Constitutive Heterochromatin Formation (GO:0140719),1/8,0.3723536173239217,0.534512196471477,0,0,2.3845764854614413,2.35575003668214,EZH2
GO_Biological_Process_2023,L-fucose Metabolic Process (GO:0042354),1/8,0.3723536173239217,0.534512196471477,0,0,2.3845764854614413,2.35575003668214,FUT8
GO_Biological_Process_2023,GMP Metabolic Process (GO:0046037),1/8,0.3723536173239217,0.534512196471477,0,0,2.3845764854614413,2.35575003668214,NT5C2
GO_Biological_Process_2023,Regulation Of Lipid Metabolic Process (GO:0019216),4/54,0.3650882354124236,0.534512196471477,0,0,1.3358651286601595,1.3460393630322989,ID2;EDF1;PPARG;ADIPOR1
GO_Biological_Process_2023,Nucleosome Assembly (GO:0006334),4/54,0.3650882354124236,0.534512196471477,0,0,1.3358651286601595,1.3460393630322989,BRD2;HMGB2;NAP1L1;SOX9
GO_Biological_Process_2023,Tumor Necrosis Factor-Mediated Signaling Pathway (GO:0033209),3/38,0.3646909774748905,0.534512196471477,0,0,1.4311550151975685,1.443613106621341,TRAF3;ILK;PTK2B
GO_Biological_Process_2023,Positive Regulation Of Axonogenesis (GO:0050772),3/38,0.3646909774748905,0.534512196471477,0,0,1.4311550151975685,1.443613106621341,TIAM1;PLXNA2;SLIT2
GO_Biological_Process_2023,Negative Regulation Of Epithelial Cell Apoptotic Process (GO:1904036),3/38,0.3646909774748905,0.534512196471477,0,0,1.4311550151975685,1.443613106621341,TCF7L2;GATA3;GATA2
GO_Biological_Process_2023,mRNA Transcription By RNA Polymerase II (GO:0042789),3/38,0.3646909774748905,0.534512196471477,0,0,1.4311550151975685,1.443613106621341,RXRA;ZBTB1;PPARG
GO_Biological_Process_2023,Negative Regulation Of Extrinsic Apoptotic Signaling Pathway (GO:2001237),5/70,0.3627248873450229,0.534512196471477,0,0,1.2846017215466594,1.3027282459271003,GSK3B;TCF7L2;DDX3X;BIRC6;BCL2L1
GO_Biological_Process_2023,Plasminogen Activation (GO:0031639),1/8,0.3723536173239217,0.534512196471477,0,0,2.3845764854614413,2.35575003668214,PGK1
GO_Biological_Process_2023,L-fucose Catabolic Process (GO:0042355),1/8,0.3723536173239217,0.534512196471477,0,0,2.3845764854614413,2.35575003668214,FUT8
GO_Biological_Process_2023,Cyclooxygenase Pathway (GO:0019371),1/8,0.3723536173239217,0.534512196471477,0,0,2.3845764854614413,2.35575003668214,PTGES3
GO_Biological_Process_2023,Cellular Response To Muramyl Dipeptide (GO:0071225),1/8,0.3723536173239217,0.534512196471477,0,0,2.3845764854614413,2.35575003668214,VIM
GO_Biological_Process_2023,Epithelial To Mesenchymal Transition Involved In Endocardial Cushion Formation (GO:0003198),1/8,0.3723536173239217,0.534512196471477,0,0,2.3845764854614413,2.35575003668214,RBPJ
GO_Biological_Process_2023,Nicotinamide Nucleotide Biosynthetic Process (GO:0019359),1/8,0.3723536173239217,0.534512196471477,0,0,2.3845764854614413,2.35575003668214,NAMPT
GO_Biological_Process_2023,Neuronal Ion Channel Clustering (GO:0045161),1/8,0.3723536173239217,0.534512196471477,0,0,2.3845764854614413,2.35575003668214,MTCH1
GO_Biological_Process_2023,Negative Regulation Of Systemic Arterial Blood Pressure (GO:0003085),1/8,0.3723536173239217,0.534512196471477,0,0,2.3845764854614413,2.35575003668214,BMPR2
GO_Biological_Process_2023,Negative Regulation Of Smooth Muscle Cell Differentiation (GO:0051151),1/8,0.3723536173239217,0.534512196471477,0,0,2.3845764854614413,2.35575003668214,PDCD4
GO_Biological_Process_2023,"Negative Regulation Of Retrograde Protein Transport, ER To Cytosol (GO:1904153)",1/8,0.3723536173239217,0.534512196471477,0,0,2.3845764854614413,2.35575003668214,ERLEC1
GO_Biological_Process_2023,Negative Regulation Of Membrane Potential (GO:0045837),1/8,0.3723536173239217,0.534512196471477,0,0,2.3845764854614413,2.35575003668214,PRELID1
GO_Biological_Process_2023,Negative Regulation Of Lipase Activity (GO:0060192),1/8,0.3723536173239217,0.534512196471477,0,0,2.3845764854614413,2.35575003668214,RGS2
GO_Biological_Process_2023,Dehydroascorbic Acid Transport (GO:0070837),1/8,0.3723536173239217,0.534512196471477,0,0,2.3845764854614413,2.35575003668214,SLC2A1
GO_Biological_Process_2023,Negative Regulation Of Alpha-Beta T Cell Differentiation (GO:0046639),1/8,0.3723536173239217,0.534512196471477,0,0,2.3845764854614413,2.35575003668214,SOCS1
GO_Biological_Process_2023,Negative Regulation By Host Of Viral Genome Replication (GO:0044828),1/8,0.3723536173239217,0.534512196471477,0,0,2.3845764854614413,2.35575003668214,VAPA
GO_Biological_Process_2023,Monocyte Activation (GO:0042117),1/8,0.3723536173239217,0.534512196471477,0,0,2.3845764854614413,2.35575003668214,FOXP1
GO_Biological_Process_2023,Negative Regulation Of Cytoplasmic Translation (GO:2000766),1/8,0.3723536173239217,0.534512196471477,0,0,2.3845764854614413,2.35575003668214,CPEB4
GO_Biological_Process_2023,Lactation (GO:0007595),1/8,0.3723536173239217,0.534512196471477,0,0,2.3845764854614413,2.35575003668214,ERBB4
GO_Biological_Process_2023,Establishment Of Protein Localization To Chromatin (GO:0071169),1/8,0.3723536173239217,0.534512196471477,0,0,2.3845764854614413,2.35575003668214,NIPBL
GO_Biological_Process_2023,Mesodermal Cell Differentiation (GO:0048333),1/8,0.3723536173239217,0.534512196471477,0,0,2.3845764854614413,2.35575003668214,HMGA2
GO_Biological_Process_2023,Fucose Catabolic Process (GO:0019317),1/8,0.3723536173239217,0.534512196471477,0,0,2.3845764854614413,2.35575003668214,FUT8
GO_Biological_Process_2023,Glycerol Transmembrane Transport (GO:0015793),1/8,0.3723536173239217,0.534512196471477,0,0,2.3845764854614413,2.35575003668214,AQP3
GO_Biological_Process_2023,"Fructose 1,6-Bisphosphate Metabolic Process (GO:0030388)",1/8,0.3723536173239217,0.534512196471477,0,0,2.3845764854614413,2.35575003668214,ALDOB
GO_Biological_Process_2023,Integrin Activation (GO:0033622),1/8,0.3723536173239217,0.534512196471477,0,0,2.3845764854614413,2.35575003668214,FERMT2
GO_Biological_Process_2023,Interleukin-12-Mediated Signaling Pathway (GO:0035722),1/8,0.3723536173239217,0.534512196471477,0,0,2.3845764854614413,2.35575003668214,PLCB1
GO_Biological_Process_2023,Intermembrane Lipid Transfer (GO:0120009),1/8,0.3723536173239217,0.534512196471477,0,0,2.3845764854614413,2.35575003668214,CERT1
GO_Biological_Process_2023,Immune Response-Inhibiting Cell Surface Receptor Signaling Pathway (GO:0002767),1/8,0.3723536173239217,0.534512196471477,0,0,2.3845764854614413,2.35575003668214,LYN
GO_Biological_Process_2023,Regulation Of Cilium Assembly (GO:1902017),5/71,0.3741190113063265,0.5368415114548242,0,0,1.265070778836321,1.243793958403441,GSK3B;ATG3;RABGAP1;GDI2;ATG5
GO_Biological_Process_2023,Potassium Ion Homeostasis (GO:0055075),2/23,0.3765200810584617,0.5372124525268871,0,0,1.5899447467206549,1.5530324257480517,ATP1A1;SLC12A6
GO_Biological_Process_2023,Regulation Of Interleukin-4 Production (GO:0032673),2/23,0.3765200810584617,0.5372124525268871,0,0,1.5899447467206549,1.5530324257480517,LEF1;GATA3
GO_Biological_Process_2023,Regulation Of Extracellular Matrix Organization (GO:1903053),2/23,0.3765200810584617,0.5372124525268871,0,0,1.5899447467206549,1.5530324257480517,LRP1;DDR2
GO_Biological_Process_2023,Regulation Of Cholesterol Transport (GO:0032374),2/23,0.3765200810584617,0.5372124525268871,0,0,1.5899447467206549,1.5530324257480517,LRP1;LAMTOR1
GO_Biological_Process_2023,Regulation Of Centrosome Cycle (GO:0046605),2/23,0.3765200810584617,0.5372124525268871,0,0,1.5899447467206549,1.5530324257480517,CHMP1B;CHMP2A
GO_Biological_Process_2023,Regulation Of T Cell Migration (GO:2000404),2/23,0.3765200810584617,0.5372124525268871,0,0,1.5899447467206549,1.5530324257480517,APP;RHOA
GO_Biological_Process_2023,Positive Regulation Of Neuron Apoptotic Process (GO:0043525),2/23,0.3765200810584617,0.5372124525268871,0,0,1.5899447467206549,1.5530324257480517,NF1;CTNNB1
GO_Biological_Process_2023,Regulation Of Toll-Like Receptor 4 Signaling Pathway (GO:0034143),2/23,0.3765200810584617,0.5372124525268871,0,0,1.5899447467206549,1.5530324257480517,LYN;FLOT1
GO_Biological_Process_2023,Negative Regulation Of Epidermal Growth Factor Receptor Signaling Pathway (GO:0042059),2/23,0.3765200810584617,0.5372124525268871,0,0,1.5899447467206549,1.5530324257480517,CBLB;RAB7A
GO_Biological_Process_2023,Long-Chain Fatty Acid Transport (GO:0015909),2/23,0.3765200810584617,0.5372124525268871,0,0,1.5899447467206549,1.5530324257480517,ABCD3;PPARG
GO_Biological_Process_2023,Immune Response-Activating Cell Surface Receptor Signaling Pathway (GO:0002429),2/23,0.3765200810584617,0.5372124525268871,0,0,1.5899447467206549,1.5530324257480517,LYN;SPG21
GO_Biological_Process_2023,Hepaticobiliary System Development (GO:0061008),2/23,0.3765200810584617,0.5372124525268871,0,0,1.5899447467206549,1.5530324257480517,NIPBL;NF1
GO_Biological_Process_2023,Heparan Sulfate Proteoglycan Biosynthetic Process (GO:0015012),2/23,0.3765200810584617,0.5372124525268871,0,0,1.5899447467206549,1.5530324257480517,EXT1;UGDH
GO_Biological_Process_2023,Cytosolic Pattern Recognition Receptor Signaling Pathway (GO:0002753),2/23,0.3765200810584617,0.5372124525268871,0,0,1.5899447467206549,1.5530324257480517,PHB1;PHB2
GO_Biological_Process_2023,Positive Regulation Of Morphogenesis Of An Epithelium (GO:1905332),2/23,0.3765200810584617,0.5372124525268871,0,0,1.5899447467206549,1.5530324257480517,GJA1;SOX9
GO_Biological_Process_2023,Positive Regulation Of Cell Adhesion (GO:0045785),6/88,0.3796928760413163,0.5412297137923847,0,0,1.221918699186992,1.1832969943149485,PPP3CA;SFRP2;ARL2;PRKCA;RAC1;RSU1
GO_Biological_Process_2023,Anterograde Axonal Transport (GO:0008089),3/39,0.3803430293946485,0.5412297137923847,0,0,1.3913268321513002,1.3449702214820551,RAB21;KIF1B;ARL8B
GO_Biological_Process_2023,Internal Peptidyl-Lysine Acetylation (GO:0018393),3/39,0.3803430293946485,0.5412297137923847,0,0,1.3913268321513002,1.3449702214820551,MORF4L1;CREBBP;MORF4L2
GO_Biological_Process_2023,Odontogenesis (GO:0042476),3/39,0.3803430293946485,0.5412297137923847,0,0,1.3913268321513002,1.3449702214820551,OXSR1;AQP3;FGFR2
GO_Biological_Process_2023,Regulation Of Mitochondrial Membrane Potential (GO:0051881),3/39,0.3803430293946485,0.5412297137923847,0,0,1.3913268321513002,1.3449702214820551,PRELID1;PID1;BCL2L1
GO_Biological_Process_2023,Regulation Of Protein Targeting To Mitochondrion (GO:1903214),3/39,0.3803430293946485,0.5412297137923847,0,0,1.3913268321513002,1.3449702214820551,SH3GLB1;UBE2D3;RAC2
GO_Biological_Process_2023,Regulation Of Protein Tyrosine Kinase Activity (GO:0061097),3/39,0.3803430293946485,0.5412297137923847,0,0,1.3913268321513002,1.3449702214820551,APP;RAP2B;NCK2
GO_Biological_Process_2023,Regulation Of Cellular Localization (GO:0060341),5/72,0.3855111726472113,0.5481691948303069,0,0,1.2461228493412158,1.1877857379642722,HSP90AA1;MAPK8;HSP90AB1;RACK1;PICALM
GO_Biological_Process_2023,Cholesterol Homeostasis (GO:0042632),5/72,0.3855111726472113,0.5481691948303069,0,0,1.2461228493412158,1.1877857379642722,EHD1;CNBP;LCP1;LAMTOR1;ABCG1
GO_Biological_Process_2023,Positive Regulation Of DNA Repair (GO:0045739),6/89,0.3899312834200376,0.5542447305150271,0,0,1.2071325301204818,1.1368590101988785,BABAM2;PBRM1;SMARCC1;ARID1A;SMARCA2;ACTB
GO_Biological_Process_2023,Peptide Metabolic Process (GO:0006518),4/56,0.3911552785460144,0.5555645780255137,0,0,1.2843491911814893,1.205555223681001,SPCS2;CPE;SPPL3;SEC11C
GO_Biological_Process_2023,Regulation Of Cation Channel Activity (GO:2001257),4/56,0.3911552785460144,0.5555645780255137,0,0,1.2843491911814893,1.205555223681001,HOMER1;PDE4D;CALM1;CALM2
GO_Biological_Process_2023,Positive Regulation Of Mitochondrial Membrane Permeability (GO:0035794),1/9,0.4078611626763599,0.5578057573911962,0,0,2.0863938053097346,1.8711373226033112,GSK3B
GO_Biological_Process_2023,Positive Regulation Of Epidermis Development (GO:0045684),1/9,0.4078611626763599,0.5578057573911962,0,0,2.0863938053097346,1.8711373226033112,SFN
GO_Biological_Process_2023,Positive Regulation Of Cardiocyte Differentiation (GO:1905209),1/9,0.4078611626763599,0.5578057573911962,0,0,2.0863938053097346,1.8711373226033112,EFNB2
GO_Biological_Process_2023,Positive Regulation Of Acrosome Reaction (GO:2000344),1/9,0.4078611626763599,0.5578057573911962,0,0,2.0863938053097346,1.8711373226033112,PLCB1
GO_Biological_Process_2023,Positive Regulation Of T Cell Apoptotic Process (GO:0070234),1/9,0.4078611626763599,0.5578057573911962,0,0,2.0863938053097346,1.8711373226033112,PRELID1
GO_Biological_Process_2023,Positive Regulation Of Monocyte Differentiation (GO:0045657),1/9,0.4078611626763599,0.5578057573911962,0,0,2.0863938053097346,1.8711373226033112,ZFP36L1
GO_Biological_Process_2023,Positive Regulation Of ATP Metabolic Process (GO:1903580),1/9,0.4078611626763599,0.5578057573911962,0,0,2.0863938053097346,1.8711373226033112,PID1
GO_Biological_Process_2023,Peptidyl-Lysine Acetylation (GO:0018394),1/9,0.4078611626763599,0.5578057573911962,0,0,2.0863938053097346,1.8711373226033112,CREBBP
GO_Biological_Process_2023,Ornithine Metabolic Process (GO:0006591),1/9,0.4078611626763599,0.5578057573911962,0,0,2.0863938053097346,1.8711373226033112,AZIN1
GO_Biological_Process_2023,Neurotransmitter Receptor Transport To Postsynaptic Membrane (GO:0098969),1/9,0.4078611626763599,0.5578057573911962,0,0,2.0863938053097346,1.8711373226033112,RAB11A
GO_Biological_Process_2023,Negative Regulation Of Lipid Localization (GO:1905953),1/9,0.4078611626763599,0.5578057573911962,0,0,2.0863938053097346,1.8711373226033112,PPARG
GO_Biological_Process_2023,Nerve Growth Factor Signaling Pathway (GO:0038180),1/9,0.4078611626763599,0.5578057573911962,0,0,2.0863938053097346,1.8711373226033112,RAP1A
GO_Biological_Process_2023,Negative Regulation Of Transforming Growth Factor Beta Production (GO:0071635),1/9,0.4078611626763599,0.5578057573911962,0,0,2.0863938053097346,1.8711373226033112,HSP90AB1
GO_Biological_Process_2023,Negative Regulation Of Toll-Like Receptor 4 Signaling Pathway (GO:0034144),1/9,0.4078611626763599,0.5578057573911962,0,0,2.0863938053097346,1.8711373226033112,LYN
GO_Biological_Process_2023,Negative Regulation Of Receptor Binding (GO:1900121),1/9,0.4078611626763599,0.5578057573911962,0,0,2.0863938053097346,1.8711373226033112,ATP2A2
GO_Biological_Process_2023,Negative Regulation Of Protein Exit From Endoplasmic Reticulum (GO:0070862),1/9,0.4078611626763599,0.5578057573911962,0,0,2.0863938053097346,1.8711373226033112,ERLEC1
GO_Biological_Process_2023,Negative Regulation Of Protein Autophosphorylation (GO:0031953),1/9,0.4078611626763599,0.5578057573911962,0,0,2.0863938053097346,1.8711373226033112,CHP1
GO_Biological_Process_2023,Negative Regulation Of Lymphocyte Apoptotic Process (GO:0070229),1/9,0.4078611626763599,0.5578057573911962,0,0,2.0863938053097346,1.8711373226033112,FOXP1
GO_Biological_Process_2023,Positive Regulation Of Protein Sumoylation (GO:0033235),1/9,0.4078611626763599,0.5578057573911962,0,0,2.0863938053097346,1.8711373226033112,PIAS1
GO_Biological_Process_2023,Toxin Transport (GO:1901998),1/9,0.4078611626763599,0.5578057573911962,0,0,2.0863938053097346,1.8711373226033112,ANTXR1
GO_Biological_Process_2023,Negative Regulation Of Leukocyte Migration (GO:0002686),1/9,0.4078611626763599,0.5578057573911962,0,0,2.0863938053097346,1.8711373226033112,SLIT2
GO_Biological_Process_2023,Negative Regulation Of Hormone Secretion (GO:0046888),1/9,0.4078611626763599,0.5578057573911962,0,0,2.0863938053097346,1.8711373226033112,GJA1
GO_Biological_Process_2023,Neuron Projection Regeneration (GO:0031102),1/9,0.4078611626763599,0.5578057573911962,0,0,2.0863938053097346,1.8711373226033112,PTN
GO_Biological_Process_2023,Positive Regulation Of Skeletal Muscle Tissue Development (GO:0048643),1/9,0.4078611626763599,0.5578057573911962,0,0,2.0863938053097346,1.8711373226033112,FLOT1
GO_Biological_Process_2023,Regulation Of Dendritic Cell Apoptotic Process (GO:2000668),1/9,0.4078611626763599,0.5578057573911962,0,0,2.0863938053097346,1.8711373226033112,LYN
GO_Biological_Process_2023,Positive Regulation Of Vasculogenesis (GO:2001214),1/9,0.4078611626763599,0.5578057573911962,0,0,2.0863938053097346,1.8711373226033112,RAP1A
GO_Biological_Process_2023,Negative Regulation Of Bone Resorption (GO:0045779),1/9,0.4078611626763599,0.5578057573911962,0,0,2.0863938053097346,1.8711373226033112,UBASH3B
GO_Biological_Process_2023,Smooth Muscle Tissue Development (GO:0048745),1/9,0.4078611626763599,0.5578057573911962,0,0,2.0863938053097346,1.8711373226033112,NF1
GO_Biological_Process_2023,Sequestering Of Extracellular Ligand From Receptor (GO:0035581),1/9,0.4078611626763599,0.5578057573911962,0,0,2.0863938053097346,1.8711373226033112,FBN1
GO_Biological_Process_2023,Response To Platelet-Derived Growth Factor (GO:0036119),1/9,0.4078611626763599,0.5578057573911962,0,0,2.0863938053097346,1.8711373226033112,HAS1
GO_Biological_Process_2023,Response To Laminar Fluid Shear Stress (GO:0034616),1/9,0.4078611626763599,0.5578057573911962,0,0,2.0863938053097346,1.8711373226033112,ASS1
GO_Biological_Process_2023,Regulation Of Viral-Induced Cytoplasmic Pattern Recognition Receptor Signaling Pathway (GO:0039531),1/9,0.4078611626763599,0.5578057573911962,0,0,2.0863938053097346,1.8711373226033112,FLOT2
GO_Biological_Process_2023,Regulation Of Store-Operated Calcium Entry (GO:2001256),1/9,0.4078611626763599,0.5578057573911962,0,0,2.0863938053097346,1.8711373226033112,HOMER1
GO_Biological_Process_2023,Regulation Of Receptor Binding (GO:1900120),1/9,0.4078611626763599,0.5578057573911962,0,0,2.0863938053097346,1.8711373226033112,ATP2A2
GO_Biological_Process_2023,Regulation Of Protein Localization To Centrosome (GO:1904779),1/9,0.4078611626763599,0.5578057573911962,0,0,2.0863938053097346,1.8711373226033112,GSK3B
GO_Biological_Process_2023,Regulation Of Phospholipid Metabolic Process (GO:1903725),1/9,0.4078611626763599,0.5578057573911962,0,0,2.0863938053097346,1.8711373226033112,PHB2
GO_Biological_Process_2023,Regulation Of Myeloid Leukocyte Mediated Immunity (GO:0002886),1/9,0.4078611626763599,0.5578057573911962,0,0,2.0863938053097346,1.8711373226033112,LYN
GO_Biological_Process_2023,Regulation Of Mast Cell Activation Involved In Immune Response (GO:0033006),1/9,0.4078611626763599,0.5578057573911962,0,0,2.0863938053097346,1.8711373226033112,LYN
GO_Biological_Process_2023,Regulation Of Mast Cell Activation (GO:0033003),1/9,0.4078611626763599,0.5578057573911962,0,0,2.0863938053097346,1.8711373226033112,LYN
GO_Biological_Process_2023,Regulation Of Inflammatory Response To Wounding (GO:0106014),1/9,0.4078611626763599,0.5578057573911962,0,0,2.0863938053097346,1.8711373226033112,STAT3
GO_Biological_Process_2023,Regulation Of Hair Cycle (GO:0042634),1/9,0.4078611626763599,0.5578057573911962,0,0,2.0863938053097346,1.8711373226033112,NIPBL
GO_Biological_Process_2023,Regulation Of Granulocyte Differentiation (GO:0030852),1/9,0.4078611626763599,0.5578057573911962,0,0,2.0863938053097346,1.8711373226033112,LEF1
GO_Biological_Process_2023,Regulation Of Attachment Of Spindle Microtubules To Kinetochore (GO:0051988),1/9,0.4078611626763599,0.5578057573911962,0,0,2.0863938053097346,1.8711373226033112,CDC42
GO_Biological_Process_2023,Regulation Of Actin Filament Length (GO:0030832),1/9,0.4078611626763599,0.5578057573911962,0,0,2.0863938053097346,1.8711373226033112,BRK1
GO_Biological_Process_2023,Regulation Of ER To Golgi Vesicle-Mediated Transport (GO:0060628),1/9,0.4078611626763599,0.5578057573911962,0,0,2.0863938053097346,1.8711373226033112,SCFD1
GO_Biological_Process_2023,rRNA 3'-End Processing (GO:0031125),1/9,0.4078611626763599,0.5578057573911962,0,0,2.0863938053097346,1.8711373226033112,RPS21
GO_Biological_Process_2023,Protein Localization To Microtubule Cytoskeleton (GO:0072698),1/9,0.4078611626763599,0.5578057573911962,0,0,2.0863938053097346,1.8711373226033112,MAPRE2
GO_Biological_Process_2023,Protein O-linked Glycosylation Via Serine (GO:0018242),1/9,0.4078611626763599,0.5578057573911962,0,0,2.0863938053097346,1.8711373226033112,GALNT2
GO_Biological_Process_2023,Postsynapse Assembly (GO:0099068),1/9,0.4078611626763599,0.5578057573911962,0,0,2.0863938053097346,1.8711373226033112,NLGN1
GO_Biological_Process_2023,Positive Regulation Of Vascular Endothelial Growth Factor Receptor Signaling Pathway (GO:0030949),1/9,0.4078611626763599,0.5578057573911962,0,0,2.0863938053097346,1.8711373226033112,PRKCB
GO_Biological_Process_2023,Necroptotic Process (GO:0070266),1/9,0.4078611626763599,0.5578057573911962,0,0,2.0863938053097346,1.8711373226033112,DNM1L
GO_Biological_Process_2023,Mesenchymal To Epithelial Transition (GO:0060231),1/9,0.4078611626763599,0.5578057573911962,0,0,2.0863938053097346,1.8711373226033112,GATA3
GO_Biological_Process_2023,Morphogenesis Of An Epithelial Sheet (GO:0002011),1/9,0.4078611626763599,0.5578057573911962,0,0,2.0863938053097346,1.8711373226033112,TBX20
GO_Biological_Process_2023,Golgi Inheritance (GO:0048313),1/9,0.4078611626763599,0.5578057573911962,0,0,2.0863938053097346,1.8711373226033112,YWHAZ
GO_Biological_Process_2023,ER-associated Misfolded Protein Catabolic Process (GO:0071712),1/9,0.4078611626763599,0.5578057573911962,0,0,2.0863938053097346,1.8711373226033112,DERL1
GO_Biological_Process_2023,Monoatomic Anion Transport (GO:0006820),4/57,0.4041348754124488,0.5578057573911962,0,0,1.2600492206726823,1.141612918703812,CLIC4;VDAC2;VDAC1;CLIC1
GO_Biological_Process_2023,Endosome To Lysosome Transport (GO:0008333),4/57,0.4041348754124488,0.5578057573911962,0,0,1.2600492206726823,1.141612918703812,HOOK3;RHOB;ARL8B;RAB7A
GO_Biological_Process_2023,Chemokine-Mediated Signaling Pathway (GO:0070098),4/57,0.4041348754124488,0.5578057573911962,0,0,1.2600492206726823,1.141612918703812,LYN;STK39;PTK2B;OXSR1
GO_Biological_Process_2023,Cellular Response To Lipopolysaccharide (GO:0071222),8/124,0.4030926510545872,0.5578057573911962,0,0,1.1516565848865417,1.0463823206531984,LYN;MAPK8;PRKCE;HMGB2;PDE4B;PDCD4;VIM;RHOA
GO_Biological_Process_2023,Regulation Of Muscle Cell Differentiation (GO:0051147),2/24,0.3969704317326077,0.5578057573911962,0,0,1.517594009179483,1.4020952108712452,ID2;FGFR2
GO_Biological_Process_2023,Regulation Of AMPA Receptor Activity (GO:2000311),2/24,0.3969704317326077,0.5578057573911962,0,0,1.517594009179483,1.4020952108712452,NLGN1;CNIH4
GO_Biological_Process_2023,Positive Regulation Of Lipid Metabolic Process (GO:0045834),2/24,0.3969704317326077,0.5578057573911962,0,0,1.517594009179483,1.4020952108712452,ZBTB20;FLNB
GO_Biological_Process_2023,Natural Killer Cell Mediated Cytotoxicity (GO:0042267),2/24,0.3969704317326077,0.5578057573911962,0,0,1.517594009179483,1.4020952108712452,TUBB2A;TUBB4B
GO_Biological_Process_2023,I-kappaB Phosphorylation (GO:0007252),1/9,0.4078611626763599,0.5578057573911962,0,0,2.0863938053097346,1.8711373226033112,ERC1
GO_Biological_Process_2023,Iron Ion Transport (GO:0006826),2/24,0.3969704317326077,0.5578057573911962,0,0,1.517594009179483,1.4020952108712452,CLTC;DNM2
GO_Biological_Process_2023,Amyloid Fibril Formation (GO:1990000),2/24,0.3969704317326077,0.5578057573911962,0,0,1.517594009179483,1.4020952108712452,FUS;USP9X
GO_Biological_Process_2023,"RNA Splicing, Via Transesterification Reactions (GO:0000375)",2/24,0.3969704317326077,0.5578057573911962,0,0,1.517594009179483,1.4020952108712452,TRA2B;TXNL4A
GO_Biological_Process_2023,Sterol Homeostasis (GO:0055092),5/73,0.3968919007192033,0.5578057573911962,0,0,1.2277322118900846,1.1345366873546108,EHD1;CNBP;LCP1;LAMTOR1;ABCG1
GO_Biological_Process_2023,Retinoid Metabolic Process (GO:0001523),3/40,0.3959088268662617,0.5578057573911962,0,0,1.35365152386429,1.2542546920411235,LRP1;ALDH1A2;DHRS3
GO_Biological_Process_2023,Regulation Of Cytosolic Calcium Ion Concentration (GO:0051480),3/40,0.3959088268662617,0.5578057573911962,0,0,1.35365152386429,1.2542546920411235,YWHAE;PLN;ATP2B1
GO_Biological_Process_2023,Positive Regulation Of Catalytic Activity (GO:0043085),3/40,0.3959088268662617,0.5578057573911962,0,0,1.35365152386429,1.2542546920411235,BCAS3;MAPK8;YWHAB
GO_Biological_Process_2023,Nucleic Acid-Templated Transcription (GO:0097659),3/40,0.3959088268662617,0.5578057573911962,0,0,1.35365152386429,1.2542546920411235,NR4A2;TCEA1;PTMA
GO_Biological_Process_2023,Endothelial Cell Migration (GO:0043542),3/40,0.3959088268662617,0.5578057573911962,0,0,1.35365152386429,1.2542546920411235,PTP4A3;MYH9;RHOA
GO_Biological_Process_2023,Modulation Of Chemical Synaptic Transmission (GO:0050804),8/123,0.3943910977547512,0.5578057573911962,0,0,1.1617329358473034,1.0808905293268904,APP;GSK3B;PPP3CA;NLGN1;TRIO;HOMER1;CASK;BTBD9
GO_Biological_Process_2023,Muscle Cell Migration (GO:0014812),1/9,0.4078611626763599,0.5578057573911962,0,0,2.0863938053097346,1.8711373226033112,ROCK1
GO_Biological_Process_2023,Early Endosome To Late Endosome Transport (GO:0045022),2/24,0.3969704317326077,0.5578057573911962,0,0,1.517594009179483,1.4020952108712452,HOOK3;RAB7A
GO_Biological_Process_2023,IMP Metabolic Process (GO:0046040),1/9,0.4078611626763599,0.5578057573911962,0,0,2.0863938053097346,1.8711373226033112,NT5C2
GO_Biological_Process_2023,Regulation Of Proteolysis Involved In Protein Catabolic Process (GO:1903050),2/24,0.3969704317326077,0.5578057573911962,0,0,1.517594009179483,1.4020952108712452,PTK2B;UBE3A
GO_Biological_Process_2023,[2Fe-2S] Cluster Assembly (GO:0044571),1/9,0.4078611626763599,0.5578057573911962,0,0,2.0863938053097346,1.8711373226033112,ISCU
GO_Biological_Process_2023,Monoatomic Anion Homeostasis (GO:0055081),1/9,0.4078611626763599,0.5578057573911962,0,0,2.0863938053097346,1.8711373226033112,SLC12A6
GO_Biological_Process_2023,Microtubule Anchoring (GO:0034453),1/9,0.4078611626763599,0.5578057573911962,0,0,2.0863938053097346,1.8711373226033112,CLASP1
GO_Biological_Process_2023,Long-Chain Fatty Acid Import Into Cell (GO:0044539),1/9,0.4078611626763599,0.5578057573911962,0,0,2.0863938053097346,1.8711373226033112,SLC2A1
GO_Biological_Process_2023,SNARE Complex Assembly (GO:0035493),1/9,0.4078611626763599,0.5578057573911962,0,0,2.0863938053097346,1.8711373226033112,STXBP6
GO_Biological_Process_2023,Iron Ion Transmembrane Transport (GO:0034755),1/9,0.4078611626763599,0.5578057573911962,0,0,2.0863938053097346,1.8711373226033112,ABCC5
GO_Biological_Process_2023,Homocysteine Metabolic Process (GO:0050667),1/9,0.4078611626763599,0.5578057573911962,0,0,2.0863938053097346,1.8711373226033112,CPS1
GO_Biological_Process_2023,Histone Methylation (GO:0016571),1/9,0.4078611626763599,0.5578057573911962,0,0,2.0863938053097346,1.8711373226033112,FBL
GO_Biological_Process_2023,Glycogen Biosynthetic Process (GO:0005978),1/9,0.4078611626763599,0.5578057573911962,0,0,2.0863938053097346,1.8711373226033112,UGP2
GO_Biological_Process_2023,Glucan Biosynthetic Process (GO:0009250),1/9,0.4078611626763599,0.5578057573911962,0,0,2.0863938053097346,1.8711373226033112,UGP2
GO_Biological_Process_2023,Excitatory Synapse Assembly (GO:1904861),1/9,0.4078611626763599,0.5578057573911962,0,0,2.0863938053097346,1.8711373226033112,NLGN1
GO_Biological_Process_2023,Ether Lipid Biosynthetic Process (GO:0008611),1/9,0.4078611626763599,0.5578057573911962,0,0,2.0863938053097346,1.8711373226033112,FAR1
GO_Biological_Process_2023,Ketone Biosynthetic Process (GO:0042181),1/9,0.4078611626763599,0.5578057573911962,0,0,2.0863938053097346,1.8711373226033112,TPI1
GO_Biological_Process_2023,Embryonic Eye Morphogenesis (GO:0048048),1/9,0.4078611626763599,0.5578057573911962,0,0,2.0863938053097346,1.8711373226033112,FBN1
GO_Biological_Process_2023,Ectoderm Development (GO:0007398),1/9,0.4078611626763599,0.5578057573911962,0,0,2.0863938053097346,1.8711373226033112,SMURF1
GO_Biological_Process_2023,Dosage Compensation (GO:0007549),1/9,0.4078611626763599,0.5578057573911962,0,0,2.0863938053097346,1.8711373226033112,HNRNPU
GO_Biological_Process_2023,Chloride Ion Homeostasis (GO:0055064),1/9,0.4078611626763599,0.5578057573911962,0,0,2.0863938053097346,1.8711373226033112,SLC12A6
GO_Biological_Process_2023,Adrenal Gland Development (GO:0030325),1/9,0.4078611626763599,0.5578057573911962,0,0,2.0863938053097346,1.8711373226033112,NF1
GO_Biological_Process_2023,Cell Differentiation In Spinal Cord (GO:0021515),1/9,0.4078611626763599,0.5578057573911962,0,0,2.0863938053097346,1.8711373226033112,SOX6
GO_Biological_Process_2023,Camera-Type Eye Morphogenesis (GO:0048593),1/9,0.4078611626763599,0.5578057573911962,0,0,2.0863938053097346,1.8711373226033112,NF1
GO_Biological_Process_2023,Calcium Ion Transport Into Cytosol (GO:0060402),1/9,0.4078611626763599,0.5578057573911962,0,0,2.0863938053097346,1.8711373226033112,CACNA2D1
GO_Biological_Process_2023,Calcium Import Into The Mitochondrion (GO:0036444),1/9,0.4078611626763599,0.5578057573911962,0,0,2.0863938053097346,1.8711373226033112,MCU
GO_Biological_Process_2023,Biomineral Tissue Development (GO:0031214),1/9,0.4078611626763599,0.5578057573911962,0,0,2.0863938053097346,1.8711373226033112,DDR2
GO_Biological_Process_2023,Epithelial Cilium Movement Involved In Determination Of Left/Right Asymmetry (GO:0060287),1/9,0.4078611626763599,0.5578057573911962,0,0,2.0863938053097346,1.8711373226033112,RFX3
GO_Biological_Process_2023,Regulation Of Release Of Cytochrome C From Mitochondria (GO:0090199),3/41,0.4113679080273651,0.5611732688033806,0,0,1.3179591265397537,1.1707000100582898,PRELID1;DNM1L;BCL2L1
GO_Biological_Process_2023,Regulation Of Heart Rate By Cardiac Conduction (GO:0086091),3/41,0.4113679080273651,0.5611732688033806,0,0,1.3179591265397537,1.1707000100582898,YWHAE;JUP;CACNA2D1
GO_Biological_Process_2023,Regulation Of Chemokine Production (GO:0032642),3/41,0.4113679080273651,0.5611732688033806,0,0,1.3179591265397537,1.1707000100582898,APP;LCP1;FOXP1
GO_Biological_Process_2023,Negative Regulation Of Proteolysis (GO:0045861),3/41,0.4113679080273651,0.5611732688033806,0,0,1.3179591265397537,1.1707000100582898,ROCK1;TIMP2;TIMP3
GO_Biological_Process_2023,Response To Lipopolysaccharide (GO:0032496),10/159,0.4113572570323815,0.5611732688033806,0,0,1.120763460237444,0.9955665644974012,RPS6KA3;MAPK8;CPS1;HMGB2;PDE4B;PELI1;PDCD4;VIM;RHOA;FOXP1
GO_Biological_Process_2023,Extracellular Matrix Organization (GO:0030198),11/176,0.4107838970372566,0.5611732688033806,0,0,1.1133333333333333,0.9905193074782914,APP;MMP14;FLRT2;MMP2;HAS1;NF1;FLOT1;ADAM10;LCP1;GPM6B;DDR2
GO_Biological_Process_2023,Positive Regulation Of Viral Process (GO:0048524),3/41,0.4113679080273651,0.5611732688033806,0,0,1.3179591265397537,1.1707000100582898,DDX3X;ATG5;RAB7A
GO_Biological_Process_2023,Ventricular Cardiac Muscle Tissue Development (GO:0003229),2/25,0.417103866053705,0.5646967747400953,0,0,1.4515346401201523,1.2692509329803443,ID2;FGFR2
GO_Biological_Process_2023,Secretory Granule Organization (GO:0033363),2/25,0.417103866053705,0.5646967747400953,0,0,1.4515346401201523,1.2692509329803443,AP1G1;AP1B1
GO_Biological_Process_2023,Negative Regulation Of Smoothened Signaling Pathway (GO:0045879),2/25,0.417103866053705,0.5646967747400953,0,0,1.4515346401201523,1.2692509329803443,HERC4;RACK1
GO_Biological_Process_2023,Regulation Of Platelet Aggregation (GO:0090330),2/25,0.417103866053705,0.5646967747400953,0,0,1.4515346401201523,1.2692509329803443,LYN;PRKCA
GO_Biological_Process_2023,Regulation Of Myelination (GO:0031641),2/25,0.417103866053705,0.5646967747400953,0,0,1.4515346401201523,1.2692509329803443,TMEM98;PTN
GO_Biological_Process_2023,Proteoglycan Metabolic Process (GO:0006029),2/25,0.417103866053705,0.5646967747400953,0,0,1.4515346401201523,1.2692509329803443,BMPR2;CHST11
GO_Biological_Process_2023,Positive Regulation Of Striated Muscle Cell Differentiation (GO:0051155),2/25,0.417103866053705,0.5646967747400953,0,0,1.4515346401201523,1.2692509329803443,EFNB2;MMP14
GO_Biological_Process_2023,Osteoclast Differentiation (GO:0030316),2/25,0.417103866053705,0.5646967747400953,0,0,1.4515346401201523,1.2692509329803443,SNX10;FOXP1
GO_Biological_Process_2023,Negative Regulation Of Telomere Maintenance Via Telomere Lengthening (GO:1904357),2/25,0.417103866053705,0.5646967747400953,0,0,1.4515346401201523,1.2692509329803443,TENM1;HNRNPU
GO_Biological_Process_2023,Negative Regulation Of Signaling Receptor Activity (GO:2000272),2/25,0.417103866053705,0.5646967747400953,0,0,1.4515346401201523,1.2692509329803443,CBLB;PPARG
GO_Biological_Process_2023,Positive Regulation Of Type II Interferon Production (GO:0032729),4/58,0.4170613207820399,0.5646967747400953,0,0,1.2366492490716092,1.081476994085388,PDE4D;PDE4B;CYRIB;HSPD1
GO_Biological_Process_2023,Negative Regulation Of Intrinsic Apoptotic Signaling Pathway In Response To DNA Damage (GO:1902230),2/25,0.417103866053705,0.5646967747400953,0,0,1.4515346401201523,1.2692509329803443,SFRP2;BCL2L1
GO_Biological_Process_2023,Negative Regulation Of Intracellular Protein Transport (GO:0090317),2/25,0.417103866053705,0.5646967747400953,0,0,1.4515346401201523,1.2692509329803443,UFM1;CHP1
GO_Biological_Process_2023,Late Endosome To Vacuole Transport Via Multivesicular Body Sorting Pathway (GO:0032511),2/25,0.417103866053705,0.5646967747400953,0,0,1.4515346401201523,1.2692509329803443,LEPROTL1;VPS28
GO_Biological_Process_2023,fatty-acyl-CoA Biosynthetic Process (GO:0046949),2/25,0.417103866053705,0.5646967747400953,0,0,1.4515346401201523,1.2692509329803443,TECR;ELOVL6
GO_Biological_Process_2023,"Chemical Synaptic Transmission, Postsynaptic (GO:0099565)",2/25,0.417103866053705,0.5646967747400953,0,0,1.4515346401201523,1.2692509329803443,GSK3B;ARRB2
GO_Biological_Process_2023,Cardiac Conduction System Development (GO:0003161),2/25,0.417103866053705,0.5646967747400953,0,0,1.4515346401201523,1.2692509329803443,GJA1;BMPR1A
GO_Biological_Process_2023,Carbohydrate Biosynthetic Process (GO:0016051),2/25,0.417103866053705,0.5646967747400953,0,0,1.4515346401201523,1.2692509329803443,EXT1;FUT8
GO_Biological_Process_2023,Bile Acid Biosynthetic Process (GO:0006699),2/25,0.417103866053705,0.5646967747400953,0,0,1.4515346401201523,1.2692509329803443,OSBPL9;ABCD3
GO_Biological_Process_2023,Memory (GO:0007613),4/58,0.4170613207820399,0.5646967747400953,0,0,1.2366492490716092,1.081476994085388,TAFA2;CAMK2N1;PTN;PLCB1
GO_Biological_Process_2023,Negative Regulation Of Response To Endoplasmic Reticulum Stress (GO:1903573),2/25,0.417103866053705,0.5646967747400953,0,0,1.4515346401201523,1.2692509329803443,RACK1;BCL2L1
GO_Biological_Process_2023,Cellular Response To Glucose Starvation (GO:0042149),3/42,0.4267012750079359,0.5770670605195423,0,0,1.2840971085651938,1.0936283978911006,SH3GLB1;HSPA5;CPEB4
GO_Biological_Process_2023,Negative Regulation Of I-kappaB kinase/NF-kappaB Signaling (GO:0043124),3/42,0.4267012750079359,0.5770670605195423,0,0,1.2840971085651938,1.0936283978911006,TLE1;RHOH;ARRB2
GO_Biological_Process_2023,Positive Regulation Of Neuron Differentiation (GO:0045666),3/42,0.4267012750079359,0.5770670605195423,0,0,1.2840971085651938,1.0936283978911006,TCF4;RHOA;FGFR1
GO_Biological_Process_2023,Positive Regulation Of Non-Canonical Wnt Signaling Pathway (GO:2000052),1/10,0.4413616275824871,0.5816261672521843,0,0,1.8544739429695185,1.5167570328351194,MLLT3
GO_Biological_Process_2023,Positive Regulation Of Phospholipid Transport (GO:2001140),1/10,0.4413616275824871,0.5816261672521843,0,0,1.8544739429695185,1.5167570328351194,PRELID1
GO_Biological_Process_2023,Positive Regulation Of Voltage-Gated Potassium Channel Activity (GO:1903818),1/10,0.4413616275824871,0.5816261672521843,0,0,1.8544739429695185,1.5167570328351194,NOS1AP
GO_Biological_Process_2023,Positive Regulation Of Transforming Growth Factor Beta Production (GO:0071636),1/10,0.4413616275824871,0.5816261672521843,0,0,1.8544739429695185,1.5167570328351194,BMPR1A
GO_Biological_Process_2023,Positive Regulation Of Nitric-Oxide Synthase Biosynthetic Process (GO:0051770),1/10,0.4413616275824871,0.5816261672521843,0,0,1.8544739429695185,1.5167570328351194,NAMPT
GO_Biological_Process_2023,Positive Regulation Of Transcription From RNA Polymerase II Promoter In Response To Endoplasmic Reticulum Stress (GO:1990440),1/10,0.4413616275824871,0.5816261672521843,0,0,1.8544739429695185,1.5167570328351194,HSPA5
GO_Biological_Process_2023,Positive Regulation Of Dendrite Development (GO:1900006),1/10,0.4413616275824871,0.5816261672521843,0,0,1.8544739429695185,1.5167570328351194,PTN
GO_Biological_Process_2023,Peptidyl-Proline Hydroxylation (GO:0019511),1/10,0.4413616275824871,0.5816261672521843,0,0,1.8544739429695185,1.5167570328351194,P4HA1
GO_Biological_Process_2023,Positive Regulation Of Attachment Of Spindle Microtubules To Kinetochore (GO:0051987),1/10,0.4413616275824871,0.5816261672521843,0,0,1.8544739429695185,1.5167570328351194,HNRNPU
GO_Biological_Process_2023,Positive Regulation Of Actin Filament Depolymerization (GO:0030836),1/10,0.4413616275824871,0.5816261672521843,0,0,1.8544739429695185,1.5167570328351194,CFL2
GO_Biological_Process_2023,Positive Regulation Of B Cell Differentiation (GO:0045579),1/10,0.4413616275824871,0.5816261672521843,0,0,1.8544739429695185,1.5167570328351194,MMP14
GO_Biological_Process_2023,Phosphate Ion Transmembrane Transport (GO:0035435),1/10,0.4413616275824871,0.5816261672521843,0,0,1.8544739429695185,1.5167570328351194,XPR1
GO_Biological_Process_2023,Prostaglandin Transport (GO:0015732),1/10,0.4413616275824871,0.5816261672521843,0,0,1.8544739429695185,1.5167570328351194,SLCO3A1
GO_Biological_Process_2023,Nucleoside Triphosphate Metabolic Process (GO:0009141),1/10,0.4413616275824871,0.5816261672521843,0,0,1.8544739429695185,1.5167570328351194,NME2
GO_Biological_Process_2023,Neuron Projection Maintenance (GO:1990535),1/10,0.4413616275824871,0.5816261672521843,0,0,1.8544739429695185,1.5167570328351194,APP
GO_Biological_Process_2023,Positive Regulation Of Bone Resorption (GO:0045780),1/10,0.4413616275824871,0.5816261672521843,0,0,1.8544739429695185,1.5167570328351194,PRKCA
GO_Biological_Process_2023,Protein auto-ADP-ribosylation (GO:0070213),1/10,0.4413616275824871,0.5816261672521843,0,0,1.8544739429695185,1.5167570328351194,PARP8
GO_Biological_Process_2023,Regulation Of Low-Density Lipoprotein Particle Clearance (GO:0010988),1/10,0.4413616275824871,0.5816261672521843,0,0,1.8544739429695185,1.5167570328351194,HNRNPK
GO_Biological_Process_2023,Protein Localization To Endosome (GO:0036010),1/10,0.4413616275824871,0.5816261672521843,0,0,1.8544739429695185,1.5167570328351194,VPS35
GO_Biological_Process_2023,Steroid Hormone Mediated Signaling Pathway (GO:0043401),1/10,0.4413616275824871,0.5816261672521843,0,0,1.8544739429695185,1.5167570328351194,MAPK1
GO_Biological_Process_2023,Sarcoplasmic Reticulum Calcium Ion Transport (GO:0070296),1/10,0.4413616275824871,0.5816261672521843,0,0,1.8544739429695185,1.5167570328351194,ATP2A2
GO_Biological_Process_2023,Response To Forskolin (GO:1904321),1/10,0.4413616275824871,0.5816261672521843,0,0,1.8544739429695185,1.5167570328351194,GNAI1
GO_Biological_Process_2023,Removal Of Superoxide Radicals (GO:0019430),1/10,0.4413616275824871,0.5816261672521843,0,0,1.8544739429695185,1.5167570328351194,PRDX1
GO_Biological_Process_2023,Regulation Of Toll-Like Receptor 2 Signaling Pathway (GO:0034135),1/10,0.4413616275824871,0.5816261672521843,0,0,1.8544739429695185,1.5167570328351194,LYN
GO_Biological_Process_2023,Regulation Of Synapse Maturation (GO:0090128),1/10,0.4413616275824871,0.5816261672521843,0,0,1.8544739429695185,1.5167570328351194,YWHAZ
GO_Biological_Process_2023,Regulation Of Programmed Necrotic Cell Death (GO:0062098),1/10,0.4413616275824871,0.5816261672521843,0,0,1.8544739429695185,1.5167570328351194,PELI1
GO_Biological_Process_2023,Regulation Of Peptidyl-Lysine Acetylation (GO:2000756),1/10,0.4413616275824871,0.5816261672521843,0,0,1.8544739429695185,1.5167570328351194,DIP2B
GO_Biological_Process_2023,Regulation Of Mitotic Sister Chromatid Separation (GO:0010965),1/10,0.4413616275824871,0.5816261672521843,0,0,1.8544739429695185,1.5167570328351194,DUSP1
GO_Biological_Process_2023,Regulation Of Mitochondrial Depolarization (GO:0051900),1/10,0.4413616275824871,0.5816261672521843,0,0,1.8544739429695185,1.5167570328351194,RACK1
GO_Biological_Process_2023,Regulation Of Microtubule Nucleation (GO:0010968),1/10,0.4413616275824871,0.5816261672521843,0,0,1.8544739429695185,1.5167570328351194,PAK1
GO_Biological_Process_2023,Regulation Of Melanin Biosynthetic Process (GO:0048021),1/10,0.4413616275824871,0.5816261672521843,0,0,1.8544739429695185,1.5167570328351194,ZEB2
GO_Biological_Process_2023,Regulation Of Long-Term Neuronal Synaptic Plasticity (GO:0048169),1/10,0.4413616275824871,0.5816261672521843,0,0,1.8544739429695185,1.5167570328351194,NPTN
GO_Biological_Process_2023,Regulation Of Lamellipodium Morphogenesis (GO:2000392),1/10,0.4413616275824871,0.5816261672521843,0,0,1.8544739429695185,1.5167570328351194,CORO1C
GO_Biological_Process_2023,Regulation Of Gene Expression By Genomic Imprinting (GO:0006349),1/10,0.4413616275824871,0.5816261672521843,0,0,1.8544739429695185,1.5167570328351194,PCGF5
GO_Biological_Process_2023,Protein Kinase C Signaling (GO:0070528),1/10,0.4413616275824871,0.5816261672521843,0,0,1.8544739429695185,1.5167570328351194,FLOT1
GO_Biological_Process_2023,Neuron Projection Fasciculation (GO:0106030),1/10,0.4413616275824871,0.5816261672521843,0,0,1.8544739429695185,1.5167570328351194,CNTN4
GO_Biological_Process_2023,Negative Regulation Of Transmembrane Transport (GO:0034763),1/10,0.4413616275824871,0.5816261672521843,0,0,1.8544739429695185,1.5167570328351194,PRKCB
GO_Biological_Process_2023,Negative Regulation Of Response To Cytokine Stimulus (GO:0060761),1/10,0.4413616275824871,0.5816261672521843,0,0,1.8544739429695185,1.5167570328351194,TLE5
GO_Biological_Process_2023,calcineurin-NFAT Signaling Cascade (GO:0033173),1/10,0.4413616275824871,0.5816261672521843,0,0,1.8544739429695185,1.5167570328351194,PPP3CA
GO_Biological_Process_2023,Ammonium Transmembrane Transport (GO:0072488),1/10,0.4413616275824871,0.5816261672521843,0,0,1.8544739429695185,1.5167570328351194,SLC12A6
GO_Biological_Process_2023,Alpha-Amino Acid Biosynthetic Process (GO:1901607),1/10,0.4413616275824871,0.5816261672521843,0,0,1.8544739429695185,1.5167570328351194,CPS1
GO_Biological_Process_2023,N-acetylneuraminate Metabolic Process (GO:0006054),1/10,0.4413616275824871,0.5816261672521843,0,0,1.8544739429695185,1.5167570328351194,GNE
GO_Biological_Process_2023,Negative Regulation Of Inflammatory Response (GO:0050728),7/111,0.439467170263567,0.5816261672521843,0,0,1.1236911442649875,0.9238901643311734,LYN;YES1;STAT3;VPS35;PPARG;FYN;GATA3
GO_Biological_Process_2023,Regulation Of Vasoconstriction (GO:0019229),2/26,0.4368908237019367,0.5816261672521843,0,0,1.390980218482433,1.1518316969856277,BMPR2;ATP2B1
GO_Biological_Process_2023,Regulation Of Interferon-Alpha Production (GO:0032647),2/26,0.4368908237019367,0.5816261672521843,0,0,1.390980218482433,1.1518316969856277,DDX3X;HSPD1
GO_Biological_Process_2023,Protein Targeting To Lysosome (GO:0006622),2/26,0.4368908237019367,0.5816261672521843,0,0,1.390980218482433,1.1518316969856277,HSPA8;RAB7A
GO_Biological_Process_2023,Positive Regulation Of Phosphatidylinositol 3-Kinase Activity (GO:0043552),2/26,0.4368908237019367,0.5816261672521843,0,0,1.390980218482433,1.1518316969856277,PTK2B;PTK2
GO_Biological_Process_2023,Positive Regulation Of Monooxygenase Activity (GO:0032770),2/26,0.4368908237019367,0.5816261672521843,0,0,1.390980218482433,1.1518316969856277,NOS1AP;PIK3CB
GO_Biological_Process_2023,Positive Regulation Of Adenylate Cyclase Activity (GO:0045762),2/26,0.4368908237019367,0.5816261672521843,0,0,1.390980218482433,1.1518316969856277,NF1;RAF1
GO_Biological_Process_2023,Nuclear Membrane Organization (GO:0071763),2/26,0.4368908237019367,0.5816261672521843,0,0,1.390980218482433,1.1518316969856277,CHMP1B;CHMP2A
GO_Biological_Process_2023,Negative Regulation Of Endothelial Cell Apoptotic Process (GO:2000352),2/26,0.4368908237019367,0.5816261672521843,0,0,1.390980218482433,1.1518316969856277,GATA3;GATA2
GO_Biological_Process_2023,cAMP-mediated Signaling (GO:0019933),2/26,0.4368908237019367,0.5816261672521843,0,0,1.390980218482433,1.1518316969856277,PDE4D;SOX9
GO_Biological_Process_2023,Negative Regulation Of Sprouting Angiogenesis (GO:1903671),1/10,0.4413616275824871,0.5816261672521843,0,0,1.8544739429695185,1.5167570328351194,PIK3CB
GO_Biological_Process_2023,Cardiac Muscle Cell Membrane Repolarization (GO:0099622),1/10,0.4413616275824871,0.5816261672521843,0,0,1.8544739429695185,1.5167570328351194,YWHAE
GO_Biological_Process_2023,Cellular Response To UV-A (GO:0071492),1/10,0.4413616275824871,0.5816261672521843,0,0,1.8544739429695185,1.5167570328351194,MMP2
GO_Biological_Process_2023,Angiogenesis Involved In Wound Healing (GO:0060055),1/10,0.4413616275824871,0.5816261672521843,0,0,1.8544739429695185,1.5167570328351194,GATA2
GO_Biological_Process_2023,Cellular Response To Interleukin-12 (GO:0071349),1/10,0.4413616275824871,0.5816261672521843,0,0,1.8544739429695185,1.5167570328351194,PLCB1
GO_Biological_Process_2023,Negative Regulation Of Intracellular Estrogen Receptor Signaling Pathway (GO:0033147),1/10,0.4413616275824871,0.5816261672521843,0,0,1.8544739429695185,1.5167570328351194,STRN3
GO_Biological_Process_2023,Negative Regulation Of Hydrogen Peroxide-Induced Cell Death (GO:1903206),1/10,0.4413616275824871,0.5816261672521843,0,0,1.8544739429695185,1.5167570328351194,RACK1
GO_Biological_Process_2023,Negative Regulation Of Homotypic Cell-Cell Adhesion (GO:0034111),1/10,0.4413616275824871,0.5816261672521843,0,0,1.8544739429695185,1.5167570328351194,RDX
GO_Biological_Process_2023,Negative Regulation Of Autophagosome Assembly (GO:1902902),1/10,0.4413616275824871,0.5816261672521843,0,0,1.8544739429695185,1.5167570328351194,SCFD1
GO_Biological_Process_2023,Cellular Response To Forskolin (GO:1904322),1/10,0.4413616275824871,0.5816261672521843,0,0,1.8544739429695185,1.5167570328351194,GNAI1
GO_Biological_Process_2023,Negative Regulation Of Activated T Cell Proliferation (GO:0046007),1/10,0.4413616275824871,0.5816261672521843,0,0,1.8544739429695185,1.5167570328351194,PRKAR1A
GO_Biological_Process_2023,Negative Regulation Of B Cell Proliferation (GO:0030889),1/10,0.4413616275824871,0.5816261672521843,0,0,1.8544739429695185,1.5167570328351194,LYN
GO_Biological_Process_2023,Mitochondrial Respirasome Assembly (GO:0097250),1/10,0.4413616275824871,0.5816261672521843,0,0,1.8544739429695185,1.5167570328351194,RAB5IF
GO_Biological_Process_2023,Negative Regulation Of Activin Receptor Signaling Pathway (GO:0032926),1/10,0.4413616275824871,0.5816261672521843,0,0,1.8544739429695185,1.5167570328351194,FST
GO_Biological_Process_2023,Microtubule Anchoring At Centrosome (GO:0034454),1/10,0.4413616275824871,0.5816261672521843,0,0,1.8544739429695185,1.5167570328351194,HOOK3
GO_Biological_Process_2023,Lipoprotein Catabolic Process (GO:0042159),1/10,0.4413616275824871,0.5816261672521843,0,0,1.8544739429695185,1.5167570328351194,ABHD17B
GO_Biological_Process_2023,Inositol Phosphate Biosynthetic Process (GO:0032958),1/10,0.4413616275824871,0.5816261672521843,0,0,1.8544739429695185,1.5167570328351194,PPIP5K2
GO_Biological_Process_2023,Fatty Acid Beta-Oxidation Using acyl-CoA Dehydrogenase (GO:0033539),1/10,0.4413616275824871,0.5816261672521843,0,0,1.8544739429695185,1.5167570328351194,ETFA
GO_Biological_Process_2023,Engulfment Of Apoptotic Cell (GO:0043652),1/10,0.4413616275824871,0.5816261672521843,0,0,1.8544739429695185,1.5167570328351194,RAC1
GO_Biological_Process_2023,Embryonic Appendage Morphogenesis (GO:0035113),1/10,0.4413616275824871,0.5816261672521843,0,0,1.8544739429695185,1.5167570328351194,MBNL1
GO_Biological_Process_2023,Midbrain Dopaminergic Neuron Differentiation (GO:1904948),1/10,0.4413616275824871,0.5816261672521843,0,0,1.8544739429695185,1.5167570328351194,NR4A2
GO_Biological_Process_2023,Positive Regulation Of T Cell Mediated Immunity (GO:0002711),3/43,0.4418913574076249,0.5820157996926333,0,0,1.2519281914893616,1.022438768116613,ZBTB1;CYRIB;HSPD1
GO_Biological_Process_2023,Positive Regulation Of Response To Stimulus (GO:0048584),5/77,0.4421215473868262,0.5820157996926333,0,0,1.159278172488652,0.9461685768418384,BABAM2;HOMER1;ILK;VDAC1;GATA3
GO_Biological_Process_2023,Positive Regulation Of Synaptic Transmission (GO:0050806),5/77,0.4421215473868262,0.5820157996926333,0,0,1.159278172488652,0.9461685768418384,APP;NLGN1;FLOT1;NPTN;PTK2B
GO_Biological_Process_2023,Homophilic Cell Adhesion Via Plasma Membrane Adhesion Molecules (GO:0007156),4/60,0.4427068087407437,0.5821749327531248,0,0,1.1923564456838636,0.9715887396157086,CADM1;NPTN;PTPRM;CNTN4
GO_Biological_Process_2023,Positive Regulation Of Phagocytosis (GO:0050766),4/60,0.4427068087407437,0.5821749327531248,0,0,1.1923564456838636,0.9715887396157086,CAMK1D;RAB27A;DOCK2;GATA2
GO_Biological_Process_2023,Response To Light Stimulus (GO:0009416),4/60,0.4427068087407437,0.5821749327531248,0,0,1.1923564456838636,0.9715887396157086,MAPK10;MAPK8;UBE2B;MAP4K3
GO_Biological_Process_2023,Negative Regulation Of Response To External Stimulus (GO:0032102),9/146,0.4442975207881909,0.5838584820700161,0,0,1.0967641203794058,0.8897617915569433,STAT3;CASK;BANF1;VPS35;PPARG;GATA3;YWHAZ;CRK;ATG5
GO_Biological_Process_2023,Positive Regulation Of Cellular Catabolic Process (GO:0031331),9/146,0.4442975207881909,0.5838584820700161,0,0,1.0967641203794058,0.8897617915569433,SH3GLB1;APP;GSK3B;CCNY;ROCK1;DAPK1;ZBTB20;PIK3CB;SLC4A4
GO_Biological_Process_2023,Positive Regulation Of Cytokine Production (GO:0001819),19/320,0.4470055647282527,0.5872119905494092,0,0,1.0540165873945362,0.8486775400091863,APP;RAB1A;PHB1;DDX3X;CADM1;ROCK2;PDE4D;STAT3;GATA3;CYRIB;BATF;FOXP1;HSPD1;TRAF3;FLOT1;PDE4B;LCP1;PLCB1;SPTBN1
GO_Biological_Process_2023,Negative Regulation Of Defense Response (GO:0031348),7/112,0.448771457284622,0.5893259255752317,0,0,1.1129300118623962,0.8917257395297445,STAT3;BANF1;VPS35;PPARG;GATA3;YWHAZ;ATG5
GO_Biological_Process_2023,Proteolysis Involved In Protein Catabolic Process (GO:0051603),5/78,0.4533136441691524,0.5950829374241473,0,0,1.1433368208472223,0.904574960860602,USP9X;NEDD8;STUB1;RPS27A;UBA52
GO_Biological_Process_2023,Regulation Of Transcription Regulatory Region DNA Binding (GO:2000677),2/27,0.45630609458849,0.5971354285829196,0,0,1.3352701505757307,1.0476415230181542,GATA3;RNF220
GO_Biological_Process_2023,Regulation Of Extrinsic Apoptotic Signaling Pathway In Absence Of Ligand (GO:2001239),2/27,0.45630609458849,0.5971354285829196,0,0,1.3352701505757307,1.0476415230181542,BCL2L1;FGFR1
GO_Biological_Process_2023,Regulation Of Chromatin Organization (GO:1902275),2/27,0.45630609458849,0.5971354285829196,0,0,1.3352701505757307,1.0476415230181542,HNRNPU;MLLT3
GO_Biological_Process_2023,Positive Regulation Of Ubiquitin-Protein Transferase Activity (GO:0051443),2/27,0.45630609458849,0.5971354285829196,0,0,1.3352701505757307,1.0476415230181542,RPS2;SKP1
GO_Biological_Process_2023,Regulation Of Immunoglobulin Production (GO:0002637),2/27,0.45630609458849,0.5971354285829196,0,0,1.3352701505757307,1.0476415230181542,PHB1;PHB2
GO_Biological_Process_2023,Negative Regulation Of NIK/NF-kappaB Signaling (GO:1901223),2/27,0.45630609458849,0.5971354285829196,0,0,1.3352701505757307,1.0476415230181542,DDX3X;ADIPOR1
GO_Biological_Process_2023,Dorsal/Ventral Pattern Formation (GO:0009953),2/27,0.45630609458849,0.5971354285829196,0,0,1.3352701505757307,1.0476415230181542,TBX20;BMPR1A
GO_Biological_Process_2023,Negative Regulation Of Intrinsic Apoptotic Signaling Pathway (GO:2001243),4/61,0.4554034079371489,0.5971354285829196,0,0,1.171375644079142,0.9213708637475536,DNAJA1;DDX3X;SFRP2;BCL2L1
GO_Biological_Process_2023,Positive Regulation Of Immune System Process (GO:0002684),2/27,0.45630609458849,0.5971354285829196,0,0,1.3352701505757307,1.0476415230181542,PIK3CB;AQP3
GO_Biological_Process_2023,Neural Crest Cell Development (GO:0014032),3/44,0.4569219713980326,0.5975255682990266,0,0,1.2213284898806436,0.9565965551048784,SEMA3C;ERBB4;CORO1C
GO_Biological_Process_2023,Nucleobase-Containing Compound Catabolic Process (GO:0034655),3/44,0.4569219713980326,0.5975255682990266,0,0,1.2213284898806436,0.9565965551048784,PABPC4;XRN2;HNRNPD
GO_Biological_Process_2023,Positive Regulation Of Protein Exit From Endoplasmic Reticulum (GO:0070863),1/11,0.4729683683529155,0.6046342737509569,0,0,1.6689380530973452,1.2495785932269945,SAR1B
GO_Biological_Process_2023,"Regulation Of CD4-positive, Alpha-Beta T Cell Differentiation (GO:0043370)",1/11,0.4729683683529155,0.6046342737509569,0,0,1.6689380530973452,1.2495785932269945,SOCS1
GO_Biological_Process_2023,Purine Ribonucleoside Monophosphate Metabolic Process (GO:0009167),1/11,0.4729683683529155,0.6046342737509569,0,0,1.6689380530973452,1.2495785932269945,NT5C2
GO_Biological_Process_2023,Programmed Necrotic Cell Death (GO:0097300),1/11,0.4729683683529155,0.6046342737509569,0,0,1.6689380530973452,1.2495785932269945,DNM1L
GO_Biological_Process_2023,Positive Regulation Of Pseudopodium Assembly (GO:0031274),1/11,0.4729683683529155,0.6046342737509569,0,0,1.6689380530973452,1.2495785932269945,CDC42
GO_Biological_Process_2023,Positive Regulation Of Mitotic Metaphase/Anaphase Transition (GO:0045842),1/11,0.4729683683529155,0.6046342737509569,0,0,1.6689380530973452,1.2495785932269945,CUL3
GO_Biological_Process_2023,Phagosome-Lysosome Fusion (GO:0090385),1/11,0.4729683683529155,0.6046342737509569,0,0,1.6689380530973452,1.2495785932269945,RAB7A
GO_Biological_Process_2023,Positive Regulation Of Endoplasmic Reticulum Unfolded Protein Response (GO:1900103),1/11,0.4729683683529155,0.6046342737509569,0,0,1.6689380530973452,1.2495785932269945,PIK3R1
GO_Biological_Process_2023,Positive Regulation Of Branching Involved In Ureteric Bud Morphogenesis (GO:0090190),1/11,0.4729683683529155,0.6046342737509569,0,0,1.6689380530973452,1.2495785932269945,SOX9
GO_Biological_Process_2023,Positive Regulation Of Behavior (GO:0048520),1/11,0.4729683683529155,0.6046342737509569,0,0,1.6689380530973452,1.2495785932269945,NLGN1
GO_Biological_Process_2023,Phospholipid Efflux (GO:0033700),1/11,0.4729683683529155,0.6046342737509569,0,0,1.6689380530973452,1.2495785932269945,ABCG1
GO_Biological_Process_2023,Phosphatidylinositol-3-Phosphate Biosynthetic Process (GO:0036092),1/11,0.4729683683529155,0.6046342737509569,0,0,1.6689380530973452,1.2495785932269945,PIK3CB
GO_Biological_Process_2023,Regulation Of T Cell Apoptotic Process (GO:0070232),1/11,0.4729683683529155,0.6046342737509569,0,0,1.6689380530973452,1.2495785932269945,PRELID1
GO_Biological_Process_2023,Positive Regulation Of Metaphase/Anaphase Transition Of Cell Cycle (GO:1902101),1/11,0.4729683683529155,0.6046342737509569,0,0,1.6689380530973452,1.2495785932269945,CUL3
GO_Biological_Process_2023,Regulation Of T Cell Mediated Immunity (GO:0002709),1/11,0.4729683683529155,0.6046342737509569,0,0,1.6689380530973452,1.2495785932269945,ZBTB1
GO_Biological_Process_2023,Regulation Of mRNA 3'-End Processing (GO:0031440),1/11,0.4729683683529155,0.6046342737509569,0,0,1.6689380530973452,1.2495785932269945,ZFP36L1
GO_Biological_Process_2023,Regulation Of Endocytic Recycling (GO:2001135),1/11,0.4729683683529155,0.6046342737509569,0,0,1.6689380530973452,1.2495785932269945,EHD1
GO_Biological_Process_2023,Regulation Of Endosome Size (GO:0051036),1/11,0.4729683683529155,0.6046342737509569,0,0,1.6689380530973452,1.2495785932269945,RAB11A
GO_Biological_Process_2023,Regulation Of Epithelial Cell Apoptotic Process (GO:1904035),1/11,0.4729683683529155,0.6046342737509569,0,0,1.6689380530973452,1.2495785932269945,ZFP36L1
GO_Biological_Process_2023,Regulation Of Fatty Acid Metabolic Process (GO:0019217),1/11,0.4729683683529155,0.6046342737509569,0,0,1.6689380530973452,1.2495785932269945,EIF6
GO_Biological_Process_2023,Nucleoside Phosphate Biosynthetic Process (GO:1901293),1/11,0.4729683683529155,0.6046342737509569,0,0,1.6689380530973452,1.2495785932269945,NME2
GO_Biological_Process_2023,Regulation Of Mitochondrial Fusion (GO:0010635),1/11,0.4729683683529155,0.6046342737509569,0,0,1.6689380530973452,1.2495785932269945,PID1
GO_Biological_Process_2023,Regulation Of Phospholipase C Activity (GO:1900274),1/11,0.4729683683529155,0.6046342737509569,0,0,1.6689380530973452,1.2495785932269945,FGFR1
GO_Biological_Process_2023,Regulation Of Protein K63-linked Ubiquitination (GO:1900044),1/11,0.4729683683529155,0.6046342737509569,0,0,1.6689380530973452,1.2495785932269945,DDX3X
GO_Biological_Process_2023,Regulation Of Protein Exit From Endoplasmic Reticulum (GO:0070861),1/11,0.4729683683529155,0.6046342737509569,0,0,1.6689380530973452,1.2495785932269945,SAR1B
GO_Biological_Process_2023,Regulation Of Pseudopodium Assembly (GO:0031272),1/11,0.4729683683529155,0.6046342737509569,0,0,1.6689380530973452,1.2495785932269945,CDC42
GO_Biological_Process_2023,Regulation Of Ventricular Cardiac Muscle Cell Action Potential (GO:0098911),1/11,0.4729683683529155,0.6046342737509569,0,0,1.6689380530973452,1.2495785932269945,JUP
GO_Biological_Process_2023,Skeletal Muscle Fiber Development (GO:0048741),1/11,0.4729683683529155,0.6046342737509569,0,0,1.6689380530973452,1.2495785932269945,PPP3CA
GO_Biological_Process_2023,sno(s)RNA 3'-End Processing (GO:0031126),1/11,0.4729683683529155,0.6046342737509569,0,0,1.6689380530973452,1.2495785932269945,FBL
GO_Biological_Process_2023,"tRNA Splicing, Via Endonucleolytic Cleavage And Ligation (GO:0006388)",1/11,0.4729683683529155,0.6046342737509569,0,0,1.6689380530973452,1.2495785932269945,RTRAF
GO_Biological_Process_2023,Regulation Of Cell Activation (GO:0050865),1/11,0.4729683683529155,0.6046342737509569,0,0,1.6689380530973452,1.2495785932269945,TEC
GO_Biological_Process_2023,Neurotransmitter Uptake (GO:0001504),1/11,0.4729683683529155,0.6046342737509569,0,0,1.6689380530973452,1.2495785932269945,SLC1A3
GO_Biological_Process_2023,Response To X-ray (GO:0010165),1/11,0.4729683683529155,0.6046342737509569,0,0,1.6689380530973452,1.2495785932269945,NIPBL
GO_Biological_Process_2023,Negative Regulation Of Cell Division (GO:0051782),1/11,0.4729683683529155,0.6046342737509569,0,0,1.6689380530973452,1.2495785932269945,TXNIP
GO_Biological_Process_2023,Regulation Of Cyclin-Dependent Protein Serine/Threonine Kinase Activity (GO:0000079),5/79,0.4644439433319829,0.6046342737509569,0,0,1.1278263165474534,0.8649462538559721,CCNY;CCNH;CDC37;NR2F2;IPO7
GO_Biological_Process_2023,Organic Substance Transport (GO:0071702),12/201,0.4658448205141516,0.6046342737509569,0,0,1.0599032582946792,0.8096629644628176,CACNA2D1;CHMP1B;ARRDC3;ITPR1;CHMP2A;TXNIP;MYH9;FYN;ATP2C1;AQP3;RAB7A;HSP90B1
GO_Biological_Process_2023,Glycerophospholipid Metabolic Process (GO:0006650),4/62,0.4680019660839964,0.6046342737509569,0,0,1.1511183183918243,0.8740243192447544,FAR1;SERINC1;PLCB1;PAFAH1B1
GO_Biological_Process_2023,Negative Regulation Of Reactive Oxygen Species Biosynthetic Process (GO:1903427),1/11,0.4729683683529155,0.6046342737509569,0,0,1.6689380530973452,1.2495785932269945,FYN
GO_Biological_Process_2023,Regulation Of T Cell Activation (GO:0050863),4/62,0.4680019660839964,0.6046342737509569,0,0,1.1511183183918243,0.8740243192447544,PRELID1;LCK;CYRIB;HSPD1
GO_Biological_Process_2023,I-kappaB kinase/NF-kappaB Signaling (GO:0007249),3/45,0.4717782760225928,0.6046342737509569,0,0,1.1921859169199596,0.8956250896542599,ROCK1;ROCK2;ERC1
GO_Biological_Process_2023,Chromosome Organization (GO:0051276),3/45,0.4717782760225928,0.6046342737509569,0,0,1.1921859169199596,0.8956250896542599,TOP2B;TCF7L2;GEM
GO_Biological_Process_2023,Natural Killer Cell Activation (GO:0030101),3/45,0.4717782760225928,0.6046342737509569,0,0,1.1921859169199596,0.8956250896542599,SNX27;PRDX1;PBX1
GO_Biological_Process_2023,Negative Regulation Of Response To Biotic Stimulus (GO:0002832),3/45,0.4717782760225928,0.6046342737509569,0,0,1.1921859169199596,0.8956250896542599,BANF1;YWHAZ;ATG5
GO_Biological_Process_2023,Zymogen Activation (GO:0031638),3/45,0.4717782760225928,0.6046342737509569,0,0,1.1921859169199596,0.8956250896542599,CYFIP2;MMP14;PGK1
GO_Biological_Process_2023,DNA Methylation-Dependent Heterochromatin Formation (GO:0006346),1/11,0.4729683683529155,0.6046342737509569,0,0,1.6689380530973452,1.2495785932269945,MBD2
GO_Biological_Process_2023,Golgi To Lysosome Transport (GO:0090160),1/11,0.4729683683529155,0.6046342737509569,0,0,1.6689380530973452,1.2495785932269945,AP1G1
GO_Biological_Process_2023,"RNA Splicing, Via Endonucleolytic Cleavage And Ligation (GO:0000394)",1/11,0.4729683683529155,0.6046342737509569,0,0,1.6689380530973452,1.2495785932269945,RTRAF
GO_Biological_Process_2023,Aspartate Family Amino Acid Catabolic Process (GO:0009068),1/11,0.4729683683529155,0.6046342737509569,0,0,1.6689380530973452,1.2495785932269945,MAT1A
GO_Biological_Process_2023,Calcineurin-Mediated Signaling (GO:0097720),1/11,0.4729683683529155,0.6046342737509569,0,0,1.6689380530973452,1.2495785932269945,PPP3CA
GO_Biological_Process_2023,Biogenic Amine Biosynthetic Process (GO:0042401),1/11,0.4729683683529155,0.6046342737509569,0,0,1.6689380530973452,1.2495785932269945,SAT1
GO_Biological_Process_2023,Cellular Response To Acetylcholine (GO:1905145),1/11,0.4729683683529155,0.6046342737509569,0,0,1.6689380530973452,1.2495785932269945,ROCK2
GO_Biological_Process_2023,Negative Regulation Of Bone Remodeling (GO:0046851),1/11,0.4729683683529155,0.6046342737509569,0,0,1.6689380530973452,1.2495785932269945,UBASH3B
GO_Biological_Process_2023,Mitochondrion Distribution (GO:0048311),1/11,0.4729683683529155,0.6046342737509569,0,0,1.6689380530973452,1.2495785932269945,DNM1L
GO_Biological_Process_2023,Mitochondrial Genome Maintenance (GO:0000002),1/11,0.4729683683529155,0.6046342737509569,0,0,1.6689380530973452,1.2495785932269945,SLC25A4
GO_Biological_Process_2023,Magnesium Ion Transport (GO:0015693),1/11,0.4729683683529155,0.6046342737509569,0,0,1.6689380530973452,1.2495785932269945,TUSC3
GO_Biological_Process_2023,Isotype Switching (GO:0045190),1/11,0.4729683683529155,0.6046342737509569,0,0,1.6689380530973452,1.2495785932269945,HSPD1
GO_Biological_Process_2023,Intrinsic Apoptotic Signaling Pathway In Response To Oxidative Stress (GO:0008631),1/11,0.4729683683529155,0.6046342737509569,0,0,1.6689380530973452,1.2495785932269945,STK24
GO_Biological_Process_2023,Catecholamine Biosynthetic Process (GO:0042423),1/11,0.4729683683529155,0.6046342737509569,0,0,1.6689380530973452,1.2495785932269945,GATA3
GO_Biological_Process_2023,Intestinal Lipid Absorption (GO:0098856),1/11,0.4729683683529155,0.6046342737509569,0,0,1.6689380530973452,1.2495785932269945,UGCG
GO_Biological_Process_2023,Heterocycle Biosynthetic Process (GO:0018130),1/11,0.4729683683529155,0.6046342737509569,0,0,1.6689380530973452,1.2495785932269945,GPHN
GO_Biological_Process_2023,Glycerol Metabolic Process (GO:0006071),1/11,0.4729683683529155,0.6046342737509569,0,0,1.6689380530973452,1.2495785932269945,TPI1
GO_Biological_Process_2023,Exit From Mitosis (GO:0010458),1/11,0.4729683683529155,0.6046342737509569,0,0,1.6689380530973452,1.2495785932269945,CLASP1
GO_Biological_Process_2023,Cochlea Morphogenesis (GO:0090103),1/11,0.4729683683529155,0.6046342737509569,0,0,1.6689380530973452,1.2495785932269945,SOX9
GO_Biological_Process_2023,Cellular Response To Superoxide (GO:0071451),1/11,0.4729683683529155,0.6046342737509569,0,0,1.6689380530973452,1.2495785932269945,PRDX1
GO_Biological_Process_2023,Cellular Response To Fluid Shear Stress (GO:0071498),1/11,0.4729683683529155,0.6046342737509569,0,0,1.6689380530973452,1.2495785932269945,MTSS1
GO_Biological_Process_2023,Intestinal Absorption (GO:0050892),1/11,0.4729683683529155,0.6046342737509569,0,0,1.6689380530973452,1.2495785932269945,UGCG
GO_Biological_Process_2023,"Regulation Of DNA Damage Response, Signal Transduction By P53 Class Mediator (GO:0043516)",2/28,0.4753284221051734,0.6057981008260106,0,0,1.2838454725080055,0.9548591700820332,DDX5;DYRK1A
GO_Biological_Process_2023,Regulation Of Sodium Ion Transmembrane Transport (GO:1902305),2/28,0.4753284221051734,0.6057981008260106,0,0,1.2838454725080055,0.9548591700820332,NEDD4L;YWHAH
GO_Biological_Process_2023,Regulation Of Lipid Biosynthetic Process (GO:0046890),2/28,0.4753284221051734,0.6057981008260106,0,0,1.2838454725080055,0.9548591700820332,EIF6;ZBTB20
GO_Biological_Process_2023,"Nuclear-Transcribed mRNA Catabolic Process, Nonsense-Mediated Decay (GO:0000184)",2/28,0.4753284221051734,0.6057981008260106,0,0,1.2838454725080055,0.9548591700820332,EIF3E;GSPT1
GO_Biological_Process_2023,Protein Localization To Golgi Apparatus (GO:0034067),2/28,0.4753284221051734,0.6057981008260106,0,0,1.2838454725080055,0.9548591700820332,ARL5B;CSNK1D
GO_Biological_Process_2023,Mucosal Immune Response (GO:0002385),2/28,0.4753284221051734,0.6057981008260106,0,0,1.2838454725080055,0.9548591700820332,FAU;RPL39
GO_Biological_Process_2023,Diterpenoid Metabolic Process (GO:0016101),2/28,0.4753284221051734,0.6057981008260106,0,0,1.2838454725080055,0.9548591700820332,LRP1;DHRS3
GO_Biological_Process_2023,Apoptotic Cell Clearance (GO:0043277),2/28,0.4753284221051734,0.6057981008260106,0,0,1.2838454725080055,0.9548591700820332,LRP1;RAC1
GO_Biological_Process_2023,Golgi To Plasma Membrane Protein Transport (GO:0043001),2/28,0.4753284221051734,0.6057981008260106,0,0,1.2838454725080055,0.9548591700820332,RAB10;SPTBN1
GO_Biological_Process_2023,Calcium Ion Transmembrane Transport (GO:0070588),5/80,0.4755051843642496,0.605818088886837,0,0,1.112729425695678,0.8271780120648361,CACNA2D1;ATP2A2;ATP2B1;ATP2C1;MCU
GO_Biological_Process_2023,Cardiac Conduction (GO:0061337),3/46,0.4864467265402982,0.6191289808859769,0,0,1.1643988124690747,0.839098255699235,YWHAE;JUP;CACNA2D1
GO_Biological_Process_2023,Mitotic G2/M Transition Checkpoint (GO:0044818),3/46,0.4864467265402982,0.6191289808859769,0,0,1.1643988124690747,0.839098255699235,BABAM2;TAOK3;TAOK1
GO_Biological_Process_2023,Response To Hydrogen Peroxide (GO:0042542),3/46,0.4864467265402982,0.6191289808859769,0,0,1.1643988124690747,0.839098255699235,STK24;FYN;RHOB
GO_Biological_Process_2023,Response To Interferon-Beta (GO:0035456),2/29,0.4939401375588872,0.6271805730448936,0,0,1.2362300298527047,0.8719636614095415,CALM1;UBE2K
GO_Biological_Process_2023,Positive Regulation Of Viral Genome Replication (GO:0045070),2/29,0.4939401375588872,0.6271805730448936,0,0,1.2362300298527047,0.8719636614095415,TOP2B;DDX3X
GO_Biological_Process_2023,Positive Regulation Of Neural Precursor Cell Proliferation (GO:2000179),2/29,0.4939401375588872,0.6271805730448936,0,0,1.2362300298527047,0.8719636614095415,CTNNB1;NAP1L1
GO_Biological_Process_2023,Protein Acetylation (GO:0006473),2/29,0.4939401375588872,0.6271805730448936,0,0,1.2362300298527047,0.8719636614095415,CREBBP;GTF2B
GO_Biological_Process_2023,RNA Biosynthetic Process (GO:0032774),2/29,0.4939401375588872,0.6271805730448936,0,0,1.2362300298527047,0.8719636614095415,POLR2A;ZFP36L1
GO_Biological_Process_2023,Positive Regulation Of Calcium Ion Transport (GO:0051928),2/29,0.4939401375588872,0.6271805730448936,0,0,1.2362300298527047,0.8719636614095415,STC1;ATP2B1
GO_Biological_Process_2023,Negative Regulation Of Plasma Membrane Bounded Cell Projection Assembly (GO:0120033),2/29,0.4939401375588872,0.6271805730448936,0,0,1.2362300298527047,0.8719636614095415,GDI2;SLIT2
GO_Biological_Process_2023,Positive Regulation Of Insulin Receptor Signaling Pathway (GO:0046628),1/12,0.5027883443501289,0.6276093471957632,0,0,1.517135961383749,1.0431614228974042,SNX5
GO_Biological_Process_2023,Positive Regulation Of Protein Localization To Cell Surface (GO:2000010),1/12,0.5027883443501289,0.6276093471957632,0,0,1.517135961383749,1.0431614228974042,HSP90AB1
GO_Biological_Process_2023,Positive Regulation Of Nuclear-Transcribed mRNA poly(A) Tail Shortening (GO:0060213),1/12,0.5027883443501289,0.6276093471957632,0,0,1.517135961383749,1.0431614228974042,POLR2G
GO_Biological_Process_2023,Positive Regulation Of Neuron Migration (GO:2001224),1/12,0.5027883443501289,0.6276093471957632,0,0,1.517135961383749,1.0431614228974042,NIPBL
GO_Biological_Process_2023,Positive Regulation Of Integrin-Mediated Signaling Pathway (GO:2001046),1/12,0.5027883443501289,0.6276093471957632,0,0,1.517135961383749,1.0431614228974042,FLNA
GO_Biological_Process_2023,Phospholipid Homeostasis (GO:0055091),1/12,0.5027883443501289,0.6276093471957632,0,0,1.517135961383749,1.0431614228974042,ABCG1
GO_Biological_Process_2023,Positive Regulation Of Cell Morphogenesis Involved In Differentiation (GO:0010770),1/12,0.5027883443501289,0.6276093471957632,0,0,1.517135961383749,1.0431614228974042,PTPRD
GO_Biological_Process_2023,"Positive Regulation Of CD4-positive, Alpha-Beta T Cell Activation (GO:2000516)",1/12,0.5027883443501289,0.6276093471957632,0,0,1.517135961383749,1.0431614228974042,SOCS1
GO_Biological_Process_2023,Synaptic Membrane Adhesion (GO:0099560),1/12,0.5027883443501289,0.6276093471957632,0,0,1.517135961383749,1.0431614228974042,PTPRD
GO_Biological_Process_2023,Positive Regulation Of Purine Nucleotide Biosynthetic Process (GO:1900373),1/12,0.5027883443501289,0.6276093471957632,0,0,1.517135961383749,1.0431614228974042,PID1
GO_Biological_Process_2023,Positive Regulation Of Histone H3-K4 Methylation (GO:0051571),1/12,0.5027883443501289,0.6276093471957632,0,0,1.517135961383749,1.0431614228974042,CTNNB1
GO_Biological_Process_2023,Positive Regulation Of Reactive Oxygen Species Biosynthetic Process (GO:1903428),1/12,0.5027883443501289,0.6276093471957632,0,0,1.517135961383749,1.0431614228974042,RAB27A
GO_Biological_Process_2023,"Regulation Of Retrograde Protein Transport, ER To Cytosol (GO:1904152)",1/12,0.5027883443501289,0.6276093471957632,0,0,1.517135961383749,1.0431614228974042,ERLEC1
GO_Biological_Process_2023,Pseudouridine Synthesis (GO:0001522),1/12,0.5027883443501289,0.6276093471957632,0,0,1.517135961383749,1.0431614228974042,NOP10
GO_Biological_Process_2023,Regulation Of Acrosome Reaction (GO:0060046),1/12,0.5027883443501289,0.6276093471957632,0,0,1.517135961383749,1.0431614228974042,PLCB1
GO_Biological_Process_2023,Regulation Of Leukocyte Adhesion To Vascular Endothelial Cell (GO:1904994),1/12,0.5027883443501289,0.6276093471957632,0,0,1.517135961383749,1.0431614228974042,RHOA
GO_Biological_Process_2023,Regulation Of Lymphocyte Migration (GO:2000401),1/12,0.5027883443501289,0.6276093471957632,0,0,1.517135961383749,1.0431614228974042,MSN
GO_Biological_Process_2023,Regulation Of Platelet-Derived Growth Factor Receptor Signaling Pathway (GO:0010640),1/12,0.5027883443501289,0.6276093471957632,0,0,1.517135961383749,1.0431614228974042,CBLB
GO_Biological_Process_2023,Regulation Of Retinoic Acid Receptor Signaling Pathway (GO:0048385),1/12,0.5027883443501289,0.6276093471957632,0,0,1.517135961383749,1.0431614228974042,EZH2
GO_Biological_Process_2023,Response To Muramyl Dipeptide (GO:0032495),1/12,0.5027883443501289,0.6276093471957632,0,0,1.517135961383749,1.0431614228974042,VIM
GO_Biological_Process_2023,Semaphorin-Plexin Signaling Pathway Involved In Neuron Projection Guidance (GO:1902285),1/12,0.5027883443501289,0.6276093471957632,0,0,1.517135961383749,1.0431614228974042,PLXNA2
GO_Biological_Process_2023,Spinal Cord Development (GO:0021510),1/12,0.5027883443501289,0.6276093471957632,0,0,1.517135961383749,1.0431614228974042,NF1
GO_Biological_Process_2023,Steroid Catabolic Process (GO:0006706),1/12,0.5027883443501289,0.6276093471957632,0,0,1.517135961383749,1.0431614228974042,YWHAH
GO_Biological_Process_2023,Positive Regulation Of Sodium Ion Transmembrane Transporter Activity (GO:2000651),1/12,0.5027883443501289,0.6276093471957632,0,0,1.517135961383749,1.0431614228974042,CHP1
GO_Biological_Process_2023,Phosphate Ion Homeostasis (GO:0055062),1/12,0.5027883443501289,0.6276093471957632,0,0,1.517135961383749,1.0431614228974042,XPR1
GO_Biological_Process_2023,Negative Regulation By Host Of Viral Process (GO:0044793),1/12,0.5027883443501289,0.6276093471957632,0,0,1.517135961383749,1.0431614228974042,VAPA
GO_Biological_Process_2023,Negative Regulation Of Epidermal Growth Factor-Activated Receptor Activity (GO:0007175),1/12,0.5027883443501289,0.6276093471957632,0,0,1.517135961383749,1.0431614228974042,CBLB
GO_Biological_Process_2023,Negative Regulation Of Hippo Signaling (GO:0035331),1/12,0.5027883443501289,0.6276093471957632,0,0,1.517135961383749,1.0431614228974042,MAP2K3
GO_Biological_Process_2023,Cellular Response To Molecule Of Bacterial Origin (GO:0071219),7/117,0.4947692739778299,0.6276093471957632,0,0,1.0620592041410546,0.7473325498330287,MAPK8;HMGB2;PDE4B;PDCD4;VIM;CYRIB;RHOA
GO_Biological_Process_2023,Protein Processing (GO:0016485),7/117,0.4947692739778299,0.6276093471957632,0,0,1.0620592041410546,0.7473325498330287,MMP14;SPCS2;ADAM10;CPE;TMEM208;SPPL3;SEC11C
GO_Biological_Process_2023,Positive Regulation Of Lymphocyte Activation (GO:0051251),3/47,0.5009150254672267,0.6276093471957632,0,0,1.1378747582205029,0.7866342148252589,LCK;CYRIB;HSPD1
GO_Biological_Process_2023,Secondary Alcohol Metabolic Process (GO:1902652),3/47,0.5009150254672267,0.6276093471957632,0,0,1.1378747582205029,0.7866342148252589,IDH1;IDH2;ABCG1
GO_Biological_Process_2023,C-terminal Protein Amino Acid Modification (GO:0018410),1/12,0.5027883443501289,0.6276093471957632,0,0,1.517135961383749,1.0431614228974042,ATG5
GO_Biological_Process_2023,G Protein-Coupled Glutamate Receptor Signaling Pathway (GO:0007216),1/12,0.5027883443501289,0.6276093471957632,0,0,1.517135961383749,1.0431614228974042,HOMER1
GO_Biological_Process_2023,MyD88-dependent Toll-Like Receptor Signaling Pathway (GO:0002755),1/12,0.5027883443501289,0.6276093471957632,0,0,1.517135961383749,1.0431614228974042,HSPD1
GO_Biological_Process_2023,NADPH Regeneration (GO:0006740),1/12,0.5027883443501289,0.6276093471957632,0,0,1.517135961383749,1.0431614228974042,DDR2
GO_Biological_Process_2023,Cellular Response To Acidic pH (GO:0071468),1/12,0.5027883443501289,0.6276093471957632,0,0,1.517135961383749,1.0431614228974042,CHP1
GO_Biological_Process_2023,Defense Response To Tumor Cell (GO:0002357),1/12,0.5027883443501289,0.6276093471957632,0,0,1.517135961383749,1.0431614228974042,DAPK1
GO_Biological_Process_2023,V(D)J Recombination (GO:0033151),1/12,0.5027883443501289,0.6276093471957632,0,0,1.517135961383749,1.0431614228974042,HMGB2
GO_Biological_Process_2023,Early Endosome To Golgi Transport (GO:0034498),1/12,0.5027883443501289,0.6276093471957632,0,0,1.517135961383749,1.0431614228974042,SNX2
GO_Biological_Process_2023,Negative Regulation Of Cell Cycle Phase Transition (GO:1901988),1/12,0.5027883443501289,0.6276093471957632,0,0,1.517135961383749,1.0431614228974042,ZFP36L1
GO_Biological_Process_2023,Myelination In Peripheral Nervous System (GO:0022011),1/12,0.5027883443501289,0.6276093471957632,0,0,1.517135961383749,1.0431614228974042,NF1
GO_Biological_Process_2023,Multicellular Organismal-Level Iron Ion Homeostasis (GO:0060586),1/12,0.5027883443501289,0.6276093471957632,0,0,1.517135961383749,1.0431614228974042,PICALM
GO_Biological_Process_2023,Dendrite Self-Avoidance (GO:0070593),1/12,0.5027883443501289,0.6276093471957632,0,0,1.517135961383749,1.0431614228974042,CNTN4
GO_Biological_Process_2023,Mesoderm Morphogenesis (GO:0048332),1/12,0.5027883443501289,0.6276093471957632,0,0,1.517135961383749,1.0431614228974042,BMPR2
GO_Biological_Process_2023,Microtubule Anchoring At Microtubule Organizing Center (GO:0072393),1/12,0.5027883443501289,0.6276093471957632,0,0,1.517135961383749,1.0431614228974042,HOOK3
GO_Biological_Process_2023,Glucose Import (GO:0046323),1/12,0.5027883443501289,0.6276093471957632,0,0,1.517135961383749,1.0431614228974042,SLC2A1
GO_Biological_Process_2023,Eye Photoreceptor Cell Differentiation (GO:0001754),1/12,0.5027883443501289,0.6276093471957632,0,0,1.517135961383749,1.0431614228974042,STAT3
GO_Biological_Process_2023,Epithelial Cell Morphogenesis (GO:0003382),1/12,0.5027883443501289,0.6276093471957632,0,0,1.517135961383749,1.0431614228974042,STC1
GO_Biological_Process_2023,Endochondral Bone Morphogenesis (GO:0060350),1/12,0.5027883443501289,0.6276093471957632,0,0,1.517135961383749,1.0431614228974042,BMPR2
GO_Biological_Process_2023,Histone Monoubiquitination (GO:0010390),1/12,0.5027883443501289,0.6276093471957632,0,0,1.517135961383749,1.0431614228974042,WAC
GO_Biological_Process_2023,Metal Ion Transport (GO:0030001),10/171,0.5030289520831402,0.6277013565974421,0,0,1.036563405566237,0.7122305438068042,NDFIP1;KCNJ8;TUSC3;CACNA2D1;ITPR1;KCNJ15;CHP1;FYN;ATP2C1;SLC4A4
GO_Biological_Process_2023,Generation Of Neurons (GO:0048699),10/172,0.5105263865109136,0.6368456847985228,0,0,1.0301098005528573,0.6925561641186649,NR4A2;PTPRD;MTPN;MAP2K1;CDK6;WNT2B;USP9X;RAC1;FGFR1;PAFAH1B1
GO_Biological_Process_2023,Positive Regulation Of Interleukin-10 Production (GO:0032733),2/30,0.5121268226966316,0.636940800318132,0,0,1.1920156902442112,0.7976766166153467,STAT3;HSPD1
GO_Biological_Process_2023,Regulation Of Calcium-Mediated Signaling (GO:0050848),2/30,0.5121268226966316,0.636940800318132,0,0,1.1920156902442112,0.7976766166153467,ITPR1;CALM2
GO_Biological_Process_2023,Positive Regulation Of Lipid Kinase Activity (GO:0090218),2/30,0.5121268226966316,0.636940800318132,0,0,1.1920156902442112,0.7976766166153467,PTK2B;PTK2
GO_Biological_Process_2023,Positive Regulation Of JUN Kinase Activity (GO:0043507),2/30,0.5121268226966316,0.636940800318132,0,0,1.1920156902442112,0.7976766166153467,PAK1;TAOK3
GO_Biological_Process_2023,Regulation Of Vasculature Development (GO:1901342),2/30,0.5121268226966316,0.636940800318132,0,0,1.1920156902442112,0.7976766166153467,NF1;CTNNB1
GO_Biological_Process_2023,Intrinsic Apoptotic Signaling Pathway In Response To Endoplasmic Reticulum Stress (GO:0070059),2/30,0.5121268226966316,0.636940800318132,0,0,1.1920156902442112,0.7976766166153467,TMEM117;ITPR1
GO_Biological_Process_2023,Extrinsic Apoptotic Signaling Pathway Via Death Domain Receptors (GO:0008625),2/30,0.5121268226966316,0.636940800318132,0,0,1.1920156902442112,0.7976766166153467,DDX3X;GABARAP
GO_Biological_Process_2023,Embryonic Skeletal System Morphogenesis (GO:0048704),2/30,0.5121268226966316,0.636940800318132,0,0,1.1920156902442112,0.7976766166153467,OXSR1;FGFR2
GO_Biological_Process_2023,Negative Regulation Of Axon Extension (GO:0030517),2/30,0.5121268226966316,0.636940800318132,0,0,1.1920156902442112,0.7976766166153467,SEMA3C;DIP2B
GO_Biological_Process_2023,Cellular Response To Tumor Necrosis Factor (GO:0071356),7/119,0.5128445093330064,0.6376225453227891,0,0,1.0429826512455516,0.6964856462353026,PID1;TRAF3;ILK;PTK2B;ACTN4;GATA3;ZFP36L1
GO_Biological_Process_2023,Potassium Ion Transmembrane Transport (GO:0071805),8/137,0.5147291704062633,0.6397542663245064,0,0,1.0348802694885653,0.6872788885700403,KCNT2;KCNJ8;SLC9A8;KCNJ15;SLC1A3;ABCC9;ATP1A1;SLC12A6
GO_Biological_Process_2023,Myelination (GO:0042552),3/48,0.5151720728446876,0.6400932163755765,0,0,1.112529550827423,0.7378900219207546,NF1;GPM6B;B4GALT5
GO_Biological_Process_2023,Potassium Ion Export Across Plasma Membrane (GO:0097623),1/13,0.5309224789810276,0.645586628984043,0,0,1.3906342182890856,0.8804651185317924,KCNT2
GO_Biological_Process_2023,Positive Regulation Of Histone Deacetylation (GO:0031065),1/13,0.5309224789810276,0.645586628984043,0,0,1.3906342182890856,0.8804651185317924,NIPBL
GO_Biological_Process_2023,Positive Regulation Of Cellular Response To Insulin Stimulus (GO:1900078),1/13,0.5309224789810276,0.645586628984043,0,0,1.3906342182890856,0.8804651185317924,SNX5
GO_Biological_Process_2023,Positive Regulation Of Brown Fat Cell Differentiation (GO:0090336),1/13,0.5309224789810276,0.645586628984043,0,0,1.3906342182890856,0.8804651185317924,HNRNPU
GO_Biological_Process_2023,Positive Regulation Of Alpha-Beta T Cell Differentiation (GO:0046638),1/13,0.5309224789810276,0.645586628984043,0,0,1.3906342182890856,0.8804651185317924,SOCS1
GO_Biological_Process_2023,Positive Regulation Of T Cell Receptor Signaling Pathway (GO:0050862),1/13,0.5309224789810276,0.645586628984043,0,0,1.3906342182890856,0.8804651185317924,LCK
GO_Biological_Process_2023,Negative Regulation Of Myoblast Differentiation (GO:0045662),1/13,0.5309224789810276,0.645586628984043,0,0,1.3906342182890856,0.8804651185317924,SOX9
GO_Biological_Process_2023,Negative Regulation Of Receptor Internalization (GO:0002091),1/13,0.5309224789810276,0.645586628984043,0,0,1.3906342182890856,0.8804651185317924,ANXA2
GO_Biological_Process_2023,Protein Import Into Peroxisome Matrix (GO:0016558),1/13,0.5309224789810276,0.645586628984043,0,0,1.3906342182890856,0.8804651185317924,USP9X
GO_Biological_Process_2023,Negative Regulation Of Cell Migration Involved In Sprouting Angiogenesis (GO:0090051),1/13,0.5309224789810276,0.645586628984043,0,0,1.3906342182890856,0.8804651185317924,RHOA
GO_Biological_Process_2023,Negative Regulation Of Cartilage Development (GO:0061037),1/13,0.5309224789810276,0.645586628984043,0,0,1.3906342182890856,0.8804651185317924,SOX9
GO_Biological_Process_2023,Negative Regulation Of Bone Mineralization (GO:0030502),1/13,0.5309224789810276,0.645586628984043,0,0,1.3906342182890856,0.8804651185317924,PTK2B
GO_Biological_Process_2023,Negative Regulation Of NLRP3 Inflammasome Complex Assembly (GO:1900226),1/13,0.5309224789810276,0.645586628984043,0,0,1.3906342182890856,0.8804651185317924,HSPA8
GO_Biological_Process_2023,Neuromuscular Process Controlling Balance (GO:0050885),1/13,0.5309224789810276,0.645586628984043,0,0,1.3906342182890856,0.8804651185317924,PAFAH1B1
GO_Biological_Process_2023,Protein Localization To Synapse (GO:0035418),1/13,0.5309224789810276,0.645586628984043,0,0,1.3906342182890856,0.8804651185317924,NLGN1
GO_Biological_Process_2023,Regulation Of Cell Fate Commitment (GO:0010453),1/13,0.5309224789810276,0.645586628984043,0,0,1.3906342182890856,0.8804651185317924,GATAD2B
GO_Biological_Process_2023,Regulation Of ERBB Signaling Pathway (GO:1901184),1/13,0.5309224789810276,0.645586628984043,0,0,1.3906342182890856,0.8804651185317924,RBPJ
GO_Biological_Process_2023,"Negative Regulation Of DNA Damage Response, Signal Transduction By P53 Class Mediator (GO:0043518)",1/13,0.5309224789810276,0.645586628984043,0,0,1.3906342182890856,0.8804651185317924,DYRK1A
GO_Biological_Process_2023,Sodium-Independent Organic Anion Transport (GO:0043252),1/13,0.5309224789810276,0.645586628984043,0,0,1.3906342182890856,0.8804651185317924,SLCO3A1
GO_Biological_Process_2023,Secondary Palate Development (GO:0062009),1/13,0.5309224789810276,0.645586628984043,0,0,1.3906342182890856,0.8804651185317924,LEF1
GO_Biological_Process_2023,Response To Progesterone (GO:0032570),1/13,0.5309224789810276,0.645586628984043,0,0,1.3906342182890856,0.8804651185317924,UBE3A
GO_Biological_Process_2023,Response To UV-A (GO:0070141),1/13,0.5309224789810276,0.645586628984043,0,0,1.3906342182890856,0.8804651185317924,MMP2
GO_Biological_Process_2023,Regulation Of Vasculogenesis (GO:2001212),1/13,0.5309224789810276,0.645586628984043,0,0,1.3906342182890856,0.8804651185317924,RAP1A
GO_Biological_Process_2023,Purine Ribonucleoside Bisphosphate Metabolic Process (GO:0034035),1/13,0.5309224789810276,0.645586628984043,0,0,1.3906342182890856,0.8804651185317924,TPST1
GO_Biological_Process_2023,Regulation Of Response To Endoplasmic Reticulum Stress (GO:1905897),1/13,0.5309224789810276,0.645586628984043,0,0,1.3906342182890856,0.8804651185317924,MANF
GO_Biological_Process_2023,Regulation Of Leukocyte Migration (GO:0002685),1/13,0.5309224789810276,0.645586628984043,0,0,1.3906342182890856,0.8804651185317924,RAC2
GO_Biological_Process_2023,Regulation Of Intrinsic Apoptotic Signaling Pathway In Response To DNA Damage By P53 Class Mediator (GO:1902165),1/13,0.5309224789810276,0.645586628984043,0,0,1.3906342182890856,0.8804651185317924,RPL26
GO_Biological_Process_2023,Regulation Of Immune Effector Process (GO:0002697),1/13,0.5309224789810276,0.645586628984043,0,0,1.3906342182890856,0.8804651185317924,PHB2
GO_Biological_Process_2023,Regulation Of Humoral Immune Response (GO:0002920),1/13,0.5309224789810276,0.645586628984043,0,0,1.3906342182890856,0.8804651185317924,PHB2
GO_Biological_Process_2023,Regulation Of Cell Projection Organization (GO:0031344),1/13,0.5309224789810276,0.645586628984043,0,0,1.3906342182890856,0.8804651185317924,SPRY2
GO_Biological_Process_2023,Regulation Of IRE1-mediated Unfolded Protein Response (GO:1903894),1/13,0.5309224789810276,0.645586628984043,0,0,1.3906342182890856,0.8804651185317924,HSPA5
GO_Biological_Process_2023,Regulation Of Nitric-Oxide Synthase Biosynthetic Process (GO:0051769),1/13,0.5309224789810276,0.645586628984043,0,0,1.3906342182890856,0.8804651185317924,NAMPT
GO_Biological_Process_2023,Myeloid Dendritic Cell Activation (GO:0001773),1/13,0.5309224789810276,0.645586628984043,0,0,1.3906342182890856,0.8804651185317924,DOCK2
GO_Biological_Process_2023,Cellular Response To Arsenic-Containing Substance (GO:0071243),1/13,0.5309224789810276,0.645586628984043,0,0,1.3906342182890856,0.8804651185317924,DDX3X
GO_Biological_Process_2023,Membrane Depolarization During Action Potential (GO:0086010),1/13,0.5309224789810276,0.645586628984043,0,0,1.3906342182890856,0.8804651185317924,YWHAH
GO_Biological_Process_2023,Neurogenesis (GO:0022008),3/49,0.5292079147100939,0.645586628984043,0,0,1.088286308973173,0.6925569928140005,CDK6;ERBB4;LPAR1
GO_Biological_Process_2023,Positive Regulation Of Nervous System Development (GO:0051962),3/49,0.5292079147100939,0.645586628984043,0,0,1.088286308973173,0.6925569928140005,PTPRD;NLGN1;NAP1L1
GO_Biological_Process_2023,Calcium-Mediated Signaling (GO:0019722),5/85,0.5295446750239209,0.645586628984043,0,0,1.0429063055062169,0.6630149033317242,PPP3CA;FIS1;ATP2A2;NCALD;MCU
GO_Biological_Process_2023,Macromolecule Catabolic Process (GO:0009057),5/85,0.5295446750239209,0.645586628984043,0,0,1.0429063055062169,0.6630149033317242,SH3GLB1;SMURF1;PABPC4;XRN2;HNRNPD
GO_Biological_Process_2023,Response To Interleukin-1 (GO:0070555),5/85,0.5295446750239209,0.645586628984043,0,0,1.0429063055062169,0.6630149033317242,APP;PRKCA;SOX9;RBMX;TLE5
GO_Biological_Process_2023,Actin Filament Polymerization (GO:0030041),2/31,0.5298769992336069,0.645586628984043,0,0,1.1508506154363032,0.7309171674206902,RAC1;GAS7
GO_Biological_Process_2023,Bile Acid Metabolic Process (GO:0008206),2/31,0.5298769992336069,0.645586628984043,0,0,1.1508506154363032,0.7309171674206902,OSBPL9;ABCD3
GO_Biological_Process_2023,Cardiac Muscle Tissue Morphogenesis (GO:0055008),2/31,0.5298769992336069,0.645586628984043,0,0,1.1508506154363032,0.7309171674206902,TBX20;FGFR2
GO_Biological_Process_2023,Central Nervous System Neuron Differentiation (GO:0021953),2/31,0.5298769992336069,0.645586628984043,0,0,1.1508506154363032,0.7309171674206902,NR4A2;TAOK1
GO_Biological_Process_2023,Modulation Of Excitatory Postsynaptic Potential (GO:0098815),2/31,0.5298769992336069,0.645586628984043,0,0,1.1508506154363032,0.7309171674206902,NLGN1;PTK2B
GO_Biological_Process_2023,Negative Regulation Of Chemotaxis (GO:0050922),2/31,0.5298769992336069,0.645586628984043,0,0,1.1508506154363032,0.7309171674206902,SEMA3C;SLIT2
GO_Biological_Process_2023,Protein Localization To Chromatin (GO:0071168),2/31,0.5298769992336069,0.645586628984043,0,0,1.1508506154363032,0.7309171674206902,NIPBL;LEF1
GO_Biological_Process_2023,Regulation Of Centrosome Duplication (GO:0010824),2/31,0.5298769992336069,0.645586628984043,0,0,1.1508506154363032,0.7309171674206902,CHMP1B;CHMP2A
GO_Biological_Process_2023,Inorganic Cation Import Across Plasma Membrane (GO:0098659),6/103,0.5300656564131142,0.645586628984043,0,0,1.0321374570446735,0.6551537923503306,KCNJ8;CACNA2D1;KCNJ15;ABCC9;ATP1A1;SLC12A6
GO_Biological_Process_2023,Regulation Of Protein Secretion (GO:0050708),6/102,0.5204256988403473,0.645586628984043,0,0,1.0429444444444445,0.6811555173971559,RFX3;STXBP5;EZR;DNM1L;MYH10;ARF6
GO_Biological_Process_2023,ERBB2 Signaling Pathway (GO:0038128),1/13,0.5309224789810276,0.645586628984043,0,0,1.3906342182890856,0.8804651185317924,STUB1
GO_Biological_Process_2023,Body Fluid Secretion (GO:0007589),1/13,0.5309224789810276,0.645586628984043,0,0,1.3906342182890856,0.8804651185317924,ERBB4
GO_Biological_Process_2023,Microtubule-Based Transport (GO:0099111),1/13,0.5309224789810276,0.645586628984043,0,0,1.3906342182890856,0.8804651185317924,DYNC1I2
GO_Biological_Process_2023,Cranial Nerve Development (GO:0021545),1/13,0.5309224789810276,0.645586628984043,0,0,1.3906342182890856,0.8804651185317924,CHD7
GO_Biological_Process_2023,Cytoplasmic Sequestering Of Transcription Factor (GO:0042994),1/13,0.5309224789810276,0.645586628984043,0,0,1.3906342182890856,0.8804651185317924,FAF1
GO_Biological_Process_2023,"Endonucleolytic Cleavage Of Tricistronic rRNA Transcript (SSU-rRNA, 5.8S rRNA, LSU-rRNA) (GO:0000479)",1/13,0.5309224789810276,0.645586628984043,0,0,1.3906342182890856,0.8804651185317924,RPS21
GO_Biological_Process_2023,Extracellular Transport (GO:0006858),1/13,0.5309224789810276,0.645586628984043,0,0,1.3906342182890856,0.8804651185317924,WWP2
GO_Biological_Process_2023,Glomerular Filtration (GO:0003094),1/13,0.5309224789810276,0.645586628984043,0,0,1.3906342182890856,0.8804651185317924,MYO1E
GO_Biological_Process_2023,Immune Response-Regulating Cell Surface Receptor Signaling Pathway (GO:0002768),1/13,0.5309224789810276,0.645586628984043,0,0,1.3906342182890856,0.8804651185317924,LYN
GO_Biological_Process_2023,Interleukin-6-Mediated Signaling Pathway (GO:0070102),1/13,0.5309224789810276,0.645586628984043,0,0,1.3906342182890856,0.8804651185317924,STAT3
GO_Biological_Process_2023,Intracellular Potassium Ion Homeostasis (GO:0030007),1/13,0.5309224789810276,0.645586628984043,0,0,1.3906342182890856,0.8804651185317924,ATP1A1
GO_Biological_Process_2023,Intraciliary Retrograde Transport (GO:0035721),1/13,0.5309224789810276,0.645586628984043,0,0,1.3906342182890856,0.8804651185317924,DYNLL1
GO_Biological_Process_2023,Killing By Host Of Symbiont Cells (GO:0051873),1/13,0.5309224789810276,0.645586628984043,0,0,1.3906342182890856,0.8804651185317924,ROMO1
GO_Biological_Process_2023,Lipid Oxidation (GO:0034440),1/13,0.5309224789810276,0.645586628984043,0,0,1.3906342182890856,0.8804651185317924,ADIPOR1
GO_Biological_Process_2023,Membrane Depolarization (GO:0051899),1/13,0.5309224789810276,0.645586628984043,0,0,1.3906342182890856,0.8804651185317924,YWHAH
GO_Biological_Process_2023,T Cell Differentiation In Thymus (GO:0033077),1/13,0.5309224789810276,0.645586628984043,0,0,1.3906342182890856,0.8804651185317924,ZFP36L1
GO_Biological_Process_2023,Intracellular Calcium Ion Homeostasis (GO:0006874),8/139,0.5313674542632495,0.6459188737828316,0,0,1.0189718107849068,0.6442973970829682,YWHAE;PLN;NPTN;STC1;ATP2A2;ATP2B1;ATP2C1;MCU
GO_Biological_Process_2023,Potassium Ion Transport (GO:0006813),7/122,0.5395134855150928,0.6556091176162404,0,0,1.0156119449172212,0.6267214343076943,KCNJ8;SLC9A8;KCNJ15;CHP1;SLC1A3;ABCC9;SLC12A6
GO_Biological_Process_2023,B Cell Differentiation (GO:0030183),4/68,0.5410325536098707,0.6570304921300366,0,0,1.0428682342502218,0.640608749042964,TOP2B;PAX5;PIK3R1;SLC25A5
GO_Biological_Process_2023,Intermediate Filament Organization (GO:0045109),4/68,0.5410325536098707,0.6570304921300366,0,0,1.0428682342502218,0.640608749042964,DES;KRT17;KLHL24;VIM
GO_Biological_Process_2023,Blood Circulation (GO:0008015),3/50,0.5430136916722871,0.6585857769685494,0,0,1.0650746944318696,0.6503567028620989,PLN;ROCK1;ROCK2
GO_Biological_Process_2023,Positive Regulation Of Developmental Growth (GO:0048639),3/50,0.5430136916722871,0.6585857769685494,0,0,1.0650746944318696,0.6503567028620989,SMURF1;NEDD4L;PLCB1
GO_Biological_Process_2023,Regulation Of TORC1 Signaling (GO:1903432),3/50,0.5430136916722871,0.6585857769685494,0,0,1.0650746944318696,0.6503567028620989,DEPTOR;WAC;C9ORF72
GO_Biological_Process_2023,Regulation Of Interleukin-12 Production (GO:0032655),3/50,0.5430136916722871,0.6585857769685494,0,0,1.0650746944318696,0.6503567028620989,PLCB1;FOXP1;HSPD1
GO_Biological_Process_2023,Regulation Of Natural Killer Cell Mediated Cytotoxicity (GO:0042269),2/32,0.5471818430650659,0.6625727339883172,0,0,1.1124298789489224,0.6707663992403723,CADM1;ARRB2
GO_Biological_Process_2023,Positive Regulation Of Synapse Assembly (GO:0051965),2/32,0.5471818430650659,0.6625727339883172,0,0,1.1124298789489224,0.6707663992403723,PTPRD;NLGN1
GO_Biological_Process_2023,Regulation Of Ubiquitin-Protein Transferase Activity (GO:0051438),2/32,0.5471818430650659,0.6625727339883172,0,0,1.1124298789489224,0.6707663992403723,ARRDC3;RPS2
GO_Biological_Process_2023,Female Gamete Generation (GO:0007292),2/32,0.5471818430650659,0.6625727339883172,0,0,1.1124298789489224,0.6707663992403723,USP9X;PTN
GO_Biological_Process_2023,Glycosphingolipid Metabolic Process (GO:0006687),2/32,0.5471818430650659,0.6625727339883172,0,0,1.1124298789489224,0.6707663992403723,UGCG;LARGE1
GO_Biological_Process_2023,Regulation Of Carbohydrate Catabolic Process (GO:0043470),1/14,0.5574659998245508,0.6649634079734017,0,0,1.2835942818243704,0.7500731505071455,EIF6
GO_Biological_Process_2023,Positive Regulation Of Type I Interferon-Mediated Signaling Pathway (GO:0060340),1/14,0.5574659998245508,0.6649634079734017,0,0,1.2835942818243704,0.7500731505071455,UBE2K
GO_Biological_Process_2023,Prostanoid Biosynthetic Process (GO:0046457),1/14,0.5574659998245508,0.6649634079734017,0,0,1.2835942818243704,0.7500731505071455,PTGES3
GO_Biological_Process_2023,Protein Activation Cascade (GO:0072376),1/14,0.5574659998245508,0.6649634079734017,0,0,1.2835942818243704,0.7500731505071455,FLNA
GO_Biological_Process_2023,Protein Maturation By Iron-Sulfur Cluster Transfer (GO:0097428),1/14,0.5574659998245508,0.6649634079734017,0,0,1.2835942818243704,0.7500731505071455,CIAO2B
GO_Biological_Process_2023,Protein Transport To Vacuole Involved In Ubiquitin-Dependent Protein Catabolic Process Via The Multivesicular Body Sorting Pathway (GO:0043328),1/14,0.5574659998245508,0.6649634079734017,0,0,1.2835942818243704,0.7500731505071455,VPS28
GO_Biological_Process_2023,Regulation Of ATP Biosynthetic Process (GO:2001169),1/14,0.5574659998245508,0.6649634079734017,0,0,1.2835942818243704,0.7500731505071455,PID1
GO_Biological_Process_2023,Regulation Of Bone Remodeling (GO:0046850),1/14,0.5574659998245508,0.6649634079734017,0,0,1.2835942818243704,0.7500731505071455,NF1
GO_Biological_Process_2023,Regulation Of Branching Involved In Ureteric Bud Morphogenesis (GO:0090189),1/14,0.5574659998245508,0.6649634079734017,0,0,1.2835942818243704,0.7500731505071455,SOX9
GO_Biological_Process_2023,Regulation Of Cell Fate Specification (GO:0042659),1/14,0.5574659998245508,0.6649634079734017,0,0,1.2835942818243704,0.7500731505071455,GATAD2B
GO_Biological_Process_2023,Regulation Of Nuclear-Transcribed mRNA poly(A) Tail Shortening (GO:0060211),1/14,0.5574659998245508,0.6649634079734017,0,0,1.2835942818243704,0.7500731505071455,POLR2G
GO_Biological_Process_2023,Regulation Of Feeding Behavior (GO:0060259),1/14,0.5574659998245508,0.6649634079734017,0,0,1.2835942818243704,0.7500731505071455,STAT3
GO_Biological_Process_2023,Regulation Of Histone H3-K4 Methylation (GO:0051569),1/14,0.5574659998245508,0.6649634079734017,0,0,1.2835942818243704,0.7500731505071455,CTNNB1
GO_Biological_Process_2023,Regulation Of Mast Cell Degranulation (GO:0043304),1/14,0.5574659998245508,0.6649634079734017,0,0,1.2835942818243704,0.7500731505071455,LYN
GO_Biological_Process_2023,Regulation Of Non-Canonical Wnt Signaling Pathway (GO:2000050),1/14,0.5574659998245508,0.6649634079734017,0,0,1.2835942818243704,0.7500731505071455,TIAM1
GO_Biological_Process_2023,Positive Regulation Of Transcription From RNA Polymerase II Promoter Involved In Cellular Response To Chemical Stimulus (GO:1901522),1/14,0.5574659998245508,0.6649634079734017,0,0,1.2835942818243704,0.7500731505071455,RBPJ
GO_Biological_Process_2023,Renal Water Homeostasis (GO:0003091),1/14,0.5574659998245508,0.6649634079734017,0,0,1.2835942818243704,0.7500731505071455,AQP3
GO_Biological_Process_2023,Resolution Of Meiotic Recombination Intermediates (GO:0000712),1/14,0.5574659998245508,0.6649634079734017,0,0,1.2835942818243704,0.7500731505071455,TOP2B
GO_Biological_Process_2023,Respiratory Electron Transport Chain (GO:0022904),1/14,0.5574659998245508,0.6649634079734017,0,0,1.2835942818243704,0.7500731505071455,SLC25A13
GO_Biological_Process_2023,Striated Muscle Cell Development (GO:0055002),1/14,0.5574659998245508,0.6649634079734017,0,0,1.2835942818243704,0.7500731505071455,MYL9
GO_Biological_Process_2023,Telomere Capping (GO:0016233),1/14,0.5574659998245508,0.6649634079734017,0,0,1.2835942818243704,0.7500731505071455,TENM1
GO_Biological_Process_2023,Regulation Of Exit From Mitosis (GO:0007096),1/14,0.5574659998245508,0.6649634079734017,0,0,1.2835942818243704,0.7500731505071455,PHB2
GO_Biological_Process_2023,Positive Regulation Of Protein-Containing Complex Disassembly (GO:0043243),1/14,0.5574659998245508,0.6649634079734017,0,0,1.2835942818243704,0.7500731505071455,IGF1R
GO_Biological_Process_2023,Negative Regulation Of Cilium Assembly (GO:1902018),1/14,0.5574659998245508,0.6649634079734017,0,0,1.2835942818243704,0.7500731505071455,GDI2
GO_Biological_Process_2023,Positive Regulation Of Long-Term Synaptic Potentiation (GO:1900273),1/14,0.5574659998245508,0.6649634079734017,0,0,1.2835942818243704,0.7500731505071455,APP
GO_Biological_Process_2023,Establishment Of Protein Localization To Membrane (GO:0090150),4/69,0.5527060238942362,0.6649634079734017,0,0,1.0267695037881372,0.6088014368500226,RAB10;ATG3;RDX;RAB11A
GO_Biological_Process_2023,Regulation Of DNA Metabolic Process (GO:0051052),7/124,0.5569567381065572,0.6649634079734017,0,0,0.9981445995680872,0.5841818055740897,BABAM2;SF3B5;ENY2;TMEM98;USP22;HNRNPD;KPNA1
GO_Biological_Process_2023,COPII-coated Vesicle Cargo Loading (GO:0090110),1/14,0.5574659998245508,0.6649634079734017,0,0,1.2835942818243704,0.7500731505071455,RAB1A
GO_Biological_Process_2023,"Blood Coagulation, Fibrin Clot Formation (GO:0072378)",1/14,0.5574659998245508,0.6649634079734017,0,0,1.2835942818243704,0.7500731505071455,FLNA
GO_Biological_Process_2023,Cellular Response To ATP (GO:0071318),1/14,0.5574659998245508,0.6649634079734017,0,0,1.2835942818243704,0.7500731505071455,HSP90B1
GO_Biological_Process_2023,Electron Transport Chain (GO:0022900),1/14,0.5574659998245508,0.6649634079734017,0,0,1.2835942818243704,0.7500731505071455,ETFA
GO_Biological_Process_2023,Establishment Of Protein Localization To Chromosome (GO:0070199),1/14,0.5574659998245508,0.6649634079734017,0,0,1.2835942818243704,0.7500731505071455,NIPBL
GO_Biological_Process_2023,Histone H2A Monoubiquitination (GO:0035518),1/14,0.5574659998245508,0.6649634079734017,0,0,1.2835942818243704,0.7500731505071455,PCGF5
GO_Biological_Process_2023,Hyaluronan Metabolic Process (GO:0030212),1/14,0.5574659998245508,0.6649634079734017,0,0,1.2835942818243704,0.7500731505071455,HAS1
GO_Biological_Process_2023,Icosanoid Transport (GO:0071715),1/14,0.5574659998245508,0.6649634079734017,0,0,1.2835942818243704,0.7500731505071455,SLCO3A1
GO_Biological_Process_2023,Medium-Chain Fatty Acid Metabolic Process (GO:0051791),1/14,0.5574659998245508,0.6649634079734017,0,0,1.2835942818243704,0.7500731505071455,ABHD2
GO_Biological_Process_2023,Myotube Cell Development (GO:0014904),1/14,0.5574659998245508,0.6649634079734017,0,0,1.2835942818243704,0.7500731505071455,PPP3CA
GO_Biological_Process_2023,Negative Regulation Of Blood Pressure (GO:0045776),1/14,0.5574659998245508,0.6649634079734017,0,0,1.2835942818243704,0.7500731505071455,BMPR2
GO_Biological_Process_2023,Negative Regulation Of Chondrocyte Differentiation (GO:0032331),1/14,0.5574659998245508,0.6649634079734017,0,0,1.2835942818243704,0.7500731505071455,SOX9
GO_Biological_Process_2023,Negative Regulation Of Single Stranded Viral RNA Replication Via Double Stranded DNA Intermediate (GO:0045869),1/14,0.5574659998245508,0.6649634079734017,0,0,1.2835942818243704,0.7500731505071455,HMGA2
GO_Biological_Process_2023,Negative Regulation Of Transcription Elongation By RNA Polymerase II (GO:0034244),1/14,0.5574659998245508,0.6649634079734017,0,0,1.2835942818243704,0.7500731505071455,HNRNPU
GO_Biological_Process_2023,Pathway-Restricted SMAD Protein Phosphorylation (GO:0060389),1/14,0.5574659998245508,0.6649634079734017,0,0,1.2835942818243704,0.7500731505071455,USP15
GO_Biological_Process_2023,Phagolysosome Assembly (GO:0001845),1/14,0.5574659998245508,0.6649634079734017,0,0,1.2835942818243704,0.7500731505071455,RAB7A
GO_Biological_Process_2023,Positive Regulation Of Adaptive Immune Response Based On Somatic Recombination Of Immune Receptors Built From Immunoglobulin Superfamily Domains (GO:0002824),1/14,0.5574659998245508,0.6649634079734017,0,0,1.2835942818243704,0.7500731505071455,ZBTB1
GO_Biological_Process_2023,Positive Regulation Of Endothelial Cell Chemotaxis (GO:2001028),1/14,0.5574659998245508,0.6649634079734017,0,0,1.2835942818243704,0.7500731505071455,FGFR1
GO_Biological_Process_2023,Mitochondrial Calcium Ion Transmembrane Transport (GO:0006851),1/14,0.5574659998245508,0.6649634079734017,0,0,1.2835942818243704,0.7500731505071455,MCU
GO_Biological_Process_2023,"Positive Regulation Of Nuclear-Transcribed mRNA Catabolic Process, Deadenylation-Dependent Decay (GO:1900153)",1/14,0.5574659998245508,0.6649634079734017,0,0,1.2835942818243704,0.7500731505071455,ZFP36L1
GO_Biological_Process_2023,Protein K63-linked Deubiquitination (GO:0070536),2/33,0.5640349211390404,0.671308651393649,0,0,1.076487899654276,0.6164390754617285,BABAM2;USP9X
GO_Biological_Process_2023,Vasculogenesis (GO:0001570),2/33,0.5640349211390404,0.671308651393649,0,0,1.076487899654276,0.6164390754617285,RASA1;TBX20
GO_Biological_Process_2023,Regulation Of Activated T Cell Proliferation (GO:0046006),2/33,0.5640349211390404,0.671308651393649,0,0,1.076487899654276,0.6164390754617285,PPP3CA;PRKAR1A
GO_Biological_Process_2023,Positive Regulation Of Interleukin-12 Production (GO:0032735),2/33,0.5640349211390404,0.671308651393649,0,0,1.076487899654276,0.6164390754617285,PLCB1;HSPD1
GO_Biological_Process_2023,intra-Golgi Vesicle-Mediated Transport (GO:0006891),2/33,0.5640349211390404,0.671308651393649,0,0,1.076487899654276,0.6164390754617285,GABARAPL2;COPA
GO_Biological_Process_2023,Carboxylic Acid Metabolic Process (GO:0019752),2/33,0.5640349211390404,0.671308651393649,0,0,1.076487899654276,0.6164390754617285,SLC2A1;GNE
GO_Biological_Process_2023,Positive Regulation Of Epidermal Growth Factor Receptor Signaling Pathway (GO:0045742),2/33,0.5640349211390404,0.671308651393649,0,0,1.076487899654276,0.6164390754617285,RALA;RALB
GO_Biological_Process_2023,Monoatomic Ion Transport (GO:0006811),6/107,0.5677762866555841,0.6755478057929933,0,0,0.991049504950495,0.5609615703505525,LASP1;SLC9A8;VDAC2;SLC1A3;VDAC1;SLC12A6
GO_Biological_Process_2023,Positive Regulation Of Telomere Maintenance (GO:0032206),3/52,0.5699047737962968,0.6778658615584668,0,0,1.0214937038645244,0.5743716043026168,NEK7;HNRNPD;MAPK1
GO_Biological_Process_2023,Organic Anion Transport (GO:0015711),5/89,0.5709149104857401,0.6788526646654658,0,0,0.99303264822803,0.5566097929770908,SLCO3A1;ABCC5;SLC2A1;SLC4A4;SLC25A4
GO_Biological_Process_2023,Polyol Biosynthetic Process (GO:0046173),1/15,0.5825087598123655,0.6845388302839092,0,0,1.1918457648546144,0.6440866276005416,PPIP5K2
GO_Biological_Process_2023,Positive Regulation Of Cell Activation (GO:0050867),1/15,0.5825087598123655,0.6845388302839092,0,0,1.1918457648546144,0.6440866276005416,FLNA
GO_Biological_Process_2023,Positive Regulation Of Collagen Biosynthetic Process (GO:0032967),1/15,0.5825087598123655,0.6845388302839092,0,0,1.1918457648546144,0.6440866276005416,VIM
GO_Biological_Process_2023,Positive Regulation Of Cyclin-Dependent Protein Serine/Threonine Kinase Activity (GO:0045737),1/15,0.5825087598123655,0.6845388302839092,0,0,1.1918457648546144,0.6440866276005416,CCNY
GO_Biological_Process_2023,Positive Regulation Of Endothelial Cell Apoptotic Process (GO:2000353),1/15,0.5825087598123655,0.6845388302839092,0,0,1.1918457648546144,0.6440866276005416,PDCD4
GO_Biological_Process_2023,Positive Regulation Of Mitotic Sister Chromatid Separation (GO:1901970),1/15,0.5825087598123655,0.6845388302839092,0,0,1.1918457648546144,0.6440866276005416,CUL3
GO_Biological_Process_2023,Positive Regulation Of Sprouting Angiogenesis (GO:1903672),1/15,0.5825087598123655,0.6845388302839092,0,0,1.1918457648546144,0.6440866276005416,PKM
GO_Biological_Process_2023,Regulation Of Carbohydrate Metabolic Process (GO:0006109),1/15,0.5825087598123655,0.6845388302839092,0,0,1.1918457648546144,0.6440866276005416,ADIPOR1
GO_Biological_Process_2023,Regulation Of Cholesterol Biosynthetic Process (GO:0045540),1/15,0.5825087598123655,0.6845388302839092,0,0,1.1918457648546144,0.6440866276005416,ABCG1
GO_Biological_Process_2023,Regulation Of Multicellular Organism Growth (GO:0040014),1/15,0.5825087598123655,0.6845388302839092,0,0,1.1918457648546144,0.6440866276005416,STAT5B
GO_Biological_Process_2023,Regulation Of Interleukin-13 Production (GO:0032656),1/15,0.5825087598123655,0.6845388302839092,0,0,1.1918457648546144,0.6440866276005416,LEF1
GO_Biological_Process_2023,Regulation Of Systemic Arterial Blood Pressure (GO:0003073),1/15,0.5825087598123655,0.6845388302839092,0,0,1.1918457648546144,0.6440866276005416,BMPR2
GO_Biological_Process_2023,Vasodilation (GO:0042311),1/15,0.5825087598123655,0.6845388302839092,0,0,1.1918457648546144,0.6440866276005416,CPS1
GO_Biological_Process_2023,Regulation Of Cyclin-Dependent Protein Kinase Activity (GO:1904029),3/53,0.5829773659663284,0.6845388302839092,0,0,1.0010106382978723,0.5401522641865485,HSP90AB1;CCNH;CDC37
GO_Biological_Process_2023,Regulation Of Response To External Stimulus (GO:0032101),7/127,0.5825559884800527,0.6845388302839092,0,0,0.973035290628707,0.5257601397075088,EFNB2;STK24;CELF1;TRAF3;NMT1;CYRIB;FOXP1
GO_Biological_Process_2023,Positive Regulation Of Chemokine Production (GO:0032722),3/53,0.5829773659663284,0.6845388302839092,0,0,1.0010106382978723,0.5401522641865485,APP;DDX3X;LCP1
GO_Biological_Process_2023,Protein Homotetramerization (GO:0051289),3/53,0.5829773659663284,0.6845388302839092,0,0,1.0010106382978723,0.5401522641865485,ALDH1A2;MAT1A;GLS
GO_Biological_Process_2023,Phagosome Maturation (GO:0090382),1/15,0.5825087598123655,0.6845388302839092,0,0,1.1918457648546144,0.6440866276005416,RAB7A
GO_Biological_Process_2023,Regulation Of Clathrin-Dependent Endocytosis (GO:2000369),1/15,0.5825087598123655,0.6845388302839092,0,0,1.1918457648546144,0.6440866276005416,PIK3CB
GO_Biological_Process_2023,Oogenesis (GO:0048477),1/15,0.5825087598123655,0.6845388302839092,0,0,1.1918457648546144,0.6440866276005416,PTN
GO_Biological_Process_2023,Glial Cell Differentiation (GO:0010001),2/34,0.5804319497307892,0.6845388302839092,0,0,1.0427922940655447,0.5672609798744224,STAT3;SOX9
GO_Biological_Process_2023,Neurotrophin Signaling Pathway (GO:0038179),1/15,0.5825087598123655,0.6845388302839092,0,0,1.1918457648546144,0.6440866276005416,RAP1A
GO_Biological_Process_2023,Nitric Oxide Biosynthetic Process (GO:0006809),1/15,0.5825087598123655,0.6845388302839092,0,0,1.1918457648546144,0.6440866276005416,DDAH2
GO_Biological_Process_2023,Adenylate Cyclase-Modulating G Protein-Coupled Receptor Signaling Pathway (GO:0007188),9/163,0.5778530272876069,0.6845388302839092,0,0,0.974807278283214,0.5346191322020627,GNA13;GNA14;GRK5;ADGRB3;GNA12;LPAR1;GNAI3;GNAI1;GNAI2
GO_Biological_Process_2023,Cellular Response To Hydrogen Peroxide (GO:0070301),2/34,0.5804319497307892,0.6845388302839092,0,0,1.0427922940655447,0.5672609798744224,FYN;RHOB
GO_Biological_Process_2023,Cellular Response To Vascular Endothelial Growth Factor Stimulus (GO:0035924),2/34,0.5804319497307892,0.6845388302839092,0,0,1.0427922940655447,0.5672609798744224,MAP2K3;SPRY2
GO_Biological_Process_2023,Positive Regulation Of Immunoglobulin Production (GO:0002639),2/34,0.5804319497307892,0.6845388302839092,0,0,1.0427922940655447,0.5672609798744224,PHB1;PHB2
GO_Biological_Process_2023,Protein Targeting To Vacuole (GO:0006623),2/34,0.5804319497307892,0.6845388302839092,0,0,1.0427922940655447,0.5672609798744224,SMURF1;RAB7A
GO_Biological_Process_2023,Regulation Of T Cell Receptor Signaling Pathway (GO:0050856),2/34,0.5804319497307892,0.6845388302839092,0,0,1.0427922940655447,0.5672609798744224,LCK;EZR
GO_Biological_Process_2023,3'-UTR-mediated mRNA Destabilization (GO:0061158),1/15,0.5825087598123655,0.6845388302839092,0,0,1.1918457648546144,0.6440866276005416,ZFP36L1
GO_Biological_Process_2023,N-terminal Protein Amino Acid Acetylation (GO:0006474),1/15,0.5825087598123655,0.6845388302839092,0,0,1.1918457648546144,0.6440866276005416,CREBBP
GO_Biological_Process_2023,Gas Transport (GO:0015669),1/15,0.5825087598123655,0.6845388302839092,0,0,1.1918457648546144,0.6440866276005416,CYGB
GO_Biological_Process_2023,High-Density Lipoprotein Particle Remodeling (GO:0034375),1/15,0.5825087598123655,0.6845388302839092,0,0,1.1918457648546144,0.6440866276005416,ABCG1
GO_Biological_Process_2023,Intracellular Sterol Transport (GO:0032366),1/15,0.5825087598123655,0.6845388302839092,0,0,1.1918457648546144,0.6440866276005416,ABCG1
GO_Biological_Process_2023,mRNA Methylation (GO:0080009),1/15,0.5825087598123655,0.6845388302839092,0,0,1.1918457648546144,0.6440866276005416,WTAP
GO_Biological_Process_2023,Membrane Repolarization During Action Potential (GO:0086011),1/15,0.5825087598123655,0.6845388302839092,0,0,1.1918457648546144,0.6440866276005416,YWHAE
GO_Biological_Process_2023,Negative Regulation Of DNA Replication (GO:0008156),1/15,0.5825087598123655,0.6845388302839092,0,0,1.1918457648546144,0.6440866276005416,PDS5A
GO_Biological_Process_2023,Negative Regulation Of Synaptic Transmission (GO:0050805),1/15,0.5825087598123655,0.6845388302839092,0,0,1.1918457648546144,0.6440866276005416,ARF1
GO_Biological_Process_2023,Negative Regulation Of Type I Interferon-Mediated Signaling Pathway (GO:0060339),1/15,0.5825087598123655,0.6845388302839092,0,0,1.1918457648546144,0.6440866276005416,YTHDF3
GO_Biological_Process_2023,Amyloid-Beta Metabolic Process (GO:0050435),1/15,0.5825087598123655,0.6845388302839092,0,0,1.1918457648546144,0.6440866276005416,DYRK1A
GO_Biological_Process_2023,Response To Ionizing Radiation (GO:0010212),4/72,0.5867492172612687,0.6885378490232861,0,0,0.9813142648363692,0.5231953332308505,BABAM2;COP1;GRB2;RHOB
GO_Biological_Process_2023,Second-Messenger-Mediated Signaling (GO:0019932),4/72,0.5867492172612687,0.6885378490232861,0,0,0.9813142648363692,0.5231953332308505,INPP5A;DDAH2;NCALD;MCU
GO_Biological_Process_2023,Positive Regulation Of MAP Kinase Activity (GO:0043406),5/91,0.5908756902927328,0.693163902430121,0,0,0.9698355983311991,0.5102786330900562,TENM1;PAK1;TAOK3;EZH2;FGFR1
GO_Biological_Process_2023,Positive Regulation Of Leukocyte Chemotaxis (GO:0002690),3/54,0.5957943648474823,0.6978798411848605,0,0,0.9813308302044222,0.5081916862641866,MAPK1;PTN;PTK2
GO_Biological_Process_2023,Macrophage Activation (GO:0042116),2/35,0.5963705722103027,0.6978798411848605,0,0,1.0111388463912825,0.5226506318490239,APP;FOXP1
GO_Biological_Process_2023,Positive Regulation Of Cell Development (GO:0010720),2/35,0.5963705722103027,0.6978798411848605,0,0,1.0111388463912825,0.5226506318490239,RFX3;NAP1L1
GO_Biological_Process_2023,Regulation Of G2/M Transition Of Mitotic Cell Cycle (GO:0010389),2/35,0.5963705722103027,0.6978798411848605,0,0,1.0111388463912825,0.5226506318490239,CDK6;RAB11A
GO_Biological_Process_2023,Regulation Of Postsynaptic Membrane Potential (GO:0060078),2/35,0.5963705722103027,0.6978798411848605,0,0,1.0111388463912825,0.5226506318490239,GSK3B;ARRB2
GO_Biological_Process_2023,Response To Exogenous dsRNA (GO:0043330),2/35,0.5963705722103027,0.6978798411848605,0,0,1.0111388463912825,0.5226506318490239,RALB;FLOT1
GO_Biological_Process_2023,tRNA Aminoacylation For Protein Translation (GO:0006418),2/35,0.5963705722103027,0.6978798411848605,0,0,1.0111388463912825,0.5226506318490239,SARS1;YARS1
GO_Biological_Process_2023,Cytokine-Mediated Signaling Pathway (GO:0019221),14/257,0.5963801673938159,0.6978798411848605,0,0,0.9607008779395132,0.4965641401429204,LYN;STAT5B;STAT3;ILK;ACTN4;ADIPOR1;UGCG;RPS6KA5;SOCS1;TRAF3;CSNK2B;PTK2B;PLCB1;SOS1
GO_Biological_Process_2023,Protein Tetramerization (GO:0051262),4/73,0.5977554312095277,0.6992715946435564,0,0,0.9670408806244616,0.4976136943281436,HOMER1;ALDH1A2;MAT1A;GLS
GO_Biological_Process_2023,Regulation Of Fatty Acid Oxidation (GO:0046320),1/16,0.6061355405137835,0.7036036320593642,0,0,1.112330383480826,0.5568900459590732,SOX9
GO_Biological_Process_2023,Regulation Of Interleukin-1 Production (GO:0032652),1/16,0.6061355405137835,0.7036036320593642,0,0,1.112330383480826,0.5568900459590732,FOXP1
GO_Biological_Process_2023,Regulation Of Nucleocytoplasmic Transport (GO:0046822),1/16,0.6061355405137835,0.7036036320593642,0,0,1.112330383480826,0.5568900459590732,GSK3B
GO_Biological_Process_2023,Regulation Of Presynapse Assembly (GO:1905606),1/16,0.6061355405137835,0.7036036320593642,0,0,1.112330383480826,0.5568900459590732,VPS35
GO_Biological_Process_2023,Regulation Of Presynapse Organization (GO:0099174),1/16,0.6061355405137835,0.7036036320593642,0,0,1.112330383480826,0.5568900459590732,VPS35
GO_Biological_Process_2023,Regulation Of Transforming Growth Factor Beta Production (GO:0071634),1/16,0.6061355405137835,0.7036036320593642,0,0,1.112330383480826,0.5568900459590732,SMAD3
GO_Biological_Process_2023,Regulation Of Secretion (GO:0051046),1/16,0.6061355405137835,0.7036036320593642,0,0,1.112330383480826,0.5568900459590732,MYO6
GO_Biological_Process_2023,"Regulation Of Synaptic Transmission, GABAergic (GO:0032228)",1/16,0.6061355405137835,0.7036036320593642,0,0,1.112330383480826,0.5568900459590732,NLGN1
GO_Biological_Process_2023,Sulfation (GO:0051923),1/16,0.6061355405137835,0.7036036320593642,0,0,1.112330383480826,0.5568900459590732,UST
GO_Biological_Process_2023,Reverse Cholesterol Transport (GO:0043691),1/16,0.6061355405137835,0.7036036320593642,0,0,1.112330383480826,0.5568900459590732,ABCG1
GO_Biological_Process_2023,Regulation Of Response To Cytokine Stimulus (GO:0060759),1/16,0.6061355405137835,0.7036036320593642,0,0,1.112330383480826,0.5568900459590732,TLE5
GO_Biological_Process_2023,Protein Targeting To Peroxisome (GO:0006625),1/16,0.6061355405137835,0.7036036320593642,0,0,1.112330383480826,0.5568900459590732,RAB8B
GO_Biological_Process_2023,Regulation Of Autophagosome Maturation (GO:1901096),1/16,0.6061355405137835,0.7036036320593642,0,0,1.112330383480826,0.5568900459590732,ATG5
GO_Biological_Process_2023,Oligodendrocyte Development (GO:0014003),1/16,0.6061355405137835,0.7036036320593642,0,0,1.112330383480826,0.5568900459590732,GPM6B
GO_Biological_Process_2023,Negative Regulation Of Amyloid-Beta Formation (GO:1902430),1/16,0.6061355405137835,0.7036036320593642,0,0,1.112330383480826,0.5568900459590732,ROCK1
GO_Biological_Process_2023,Negative Regulation Of RNA Biosynthetic Process (GO:1902679),1/16,0.6061355405137835,0.7036036320593642,0,0,1.112330383480826,0.5568900459590732,HMGA2
GO_Biological_Process_2023,Negative Regulation Of ATP-dependent Activity (GO:0032780),1/16,0.6061355405137835,0.7036036320593642,0,0,1.112330383480826,0.5568900459590732,PLN
GO_Biological_Process_2023,Mitophagy (GO:0000423),1/16,0.6061355405137835,0.7036036320593642,0,0,1.112330383480826,0.5568900459590732,PHB2
GO_Biological_Process_2023,Membrane Depolarization During Cardiac Muscle Cell Action Potential (GO:0086012),1/16,0.6061355405137835,0.7036036320593642,0,0,1.112330383480826,0.5568900459590732,CACNA2D1
GO_Biological_Process_2023,Lymphocyte Mediated Immunity (GO:0002449),1/16,0.6061355405137835,0.7036036320593642,0,0,1.112330383480826,0.5568900459590732,JAG1
GO_Biological_Process_2023,Glycoprotein Catabolic Process (GO:0006516),1/16,0.6061355405137835,0.7036036320593642,0,0,1.112330383480826,0.5568900459590732,OGA
GO_Biological_Process_2023,Cellular Response To Nitrogen Compound (GO:1901699),1/16,0.6061355405137835,0.7036036320593642,0,0,1.112330383480826,0.5568900459590732,CPS1
GO_Biological_Process_2023,Activin Receptor Signaling Pathway (GO:0032924),1/16,0.6061355405137835,0.7036036320593642,0,0,1.112330383480826,0.5568900459590732,SMAD3
GO_Biological_Process_2023,Activation Of Cysteine-Type Endopeptidase Activity (GO:0097202),1/16,0.6061355405137835,0.7036036320593642,0,0,1.112330383480826,0.5568900459590732,CYFIP2
GO_Biological_Process_2023,Positive Regulation Of Collagen Metabolic Process (GO:0010714),1/16,0.6061355405137835,0.7036036320593642,0,0,1.112330383480826,0.5568900459590732,VIM
GO_Biological_Process_2023,Positive Regulation Of Peptidyl-Tyrosine Phosphorylation (GO:0050731),7/130,0.6074122112602598,0.7048680427491012,0,0,0.9491508260278332,0.4731968876373023,LYN;ANGPT1;ERBB4;PTK2B;HES1;EFNA5;PAK2
GO_Biological_Process_2023,Positive Regulation Of Tyrosine Phosphorylation Of STAT Protein (GO:0042531),3/55,0.6083516106987427,0.7053053045123215,0,0,0.962407937806874,0.478318917341706,LYN;ERBB4;HES1
GO_Biological_Process_2023,"Regulation Of Synaptic Transmission, Glutamatergic (GO:0051966)",3/55,0.6083516106987427,0.7053053045123215,0,0,0.962407937806874,0.478318917341706,NLGN1;HOMER1;PTK2B
GO_Biological_Process_2023,Ceramide Metabolic Process (GO:0006672),3/55,0.6083516106987427,0.7053053045123215,0,0,0.962407937806874,0.478318917341706,SPTLC2;SGMS1;SPTSSA
GO_Biological_Process_2023,Negative Regulation Of Neuron Apoptotic Process (GO:0043524),4/74,0.6085841900964992,0.7053575158560659,0,0,0.9531753073900368,0.4733659396016591,RASA1;NONO;PTK2B;CPEB4
GO_Biological_Process_2023,Lytic Vacuole Organization (GO:0080171),2/36,0.6118501553447399,0.7087060160922595,0,0,0.9813473662272704,0.4821044309813155,HOOK3;LAMTOR1
GO_Biological_Process_2023,Negative Regulation Of Organelle Assembly (GO:1902116),2/36,0.6118501553447399,0.7087060160922595,0,0,0.9813473662272704,0.4821044309813155,SCFD1;GDI2
GO_Biological_Process_2023,Prostaglandin Biosynthetic Process (GO:0001516),1/17,0.6284263378471368,0.7159986236422543,0,0,1.042754424778761,0.4843974501035678,PTGES3
GO_Biological_Process_2023,"Nuclear-Transcribed mRNA Catabolic Process, Exonucleolytic (GO:0000291)",1/17,0.6284263378471368,0.7159986236422543,0,0,1.042754424778761,0.4843974501035678,POLR2G
GO_Biological_Process_2023,Peptidyl-Threonine Dephosphorylation (GO:0035970),1/17,0.6284263378471368,0.7159986236422543,0,0,1.042754424778761,0.4843974501035678,PPP1CA
GO_Biological_Process_2023,Positive Regulation Of Cell Adhesion Mediated By Integrin (GO:0033630),1/17,0.6284263378471368,0.7159986236422543,0,0,1.042754424778761,0.4843974501035678,SFRP2
GO_Biological_Process_2023,Nuclear Envelope Organization (GO:0006998),1/17,0.6284263378471368,0.7159986236422543,0,0,1.042754424778761,0.4843974501035678,LMNA
GO_Biological_Process_2023,Positive Regulation Of Dendrite Morphogenesis (GO:0050775),1/17,0.6284263378471368,0.7159986236422543,0,0,1.042754424778761,0.4843974501035678,PTPRD
GO_Biological_Process_2023,Positive Regulation Of Leukocyte Adhesion To Vascular Endothelial Cell (GO:1904996),1/17,0.6284263378471368,0.7159986236422543,0,0,1.042754424778761,0.4843974501035678,RHOA
GO_Biological_Process_2023,Positive Regulation Of Macrophage Activation (GO:0043032),1/17,0.6284263378471368,0.7159986236422543,0,0,1.042754424778761,0.4843974501035678,HSPD1
GO_Biological_Process_2023,Positive Regulation Of Peptidyl-Lysine Acetylation (GO:2000758),1/17,0.6284263378471368,0.7159986236422543,0,0,1.042754424778761,0.4843974501035678,DIP2B
GO_Biological_Process_2023,Positive Regulation Of Regulatory T Cell Differentiation (GO:0045591),1/17,0.6284263378471368,0.7159986236422543,0,0,1.042754424778761,0.4843974501035678,SOCS1
GO_Biological_Process_2023,Positive Regulation Of Small GTPase Mediated Signal Transduction (GO:0051057),1/17,0.6284263378471368,0.7159986236422543,0,0,1.042754424778761,0.4843974501035678,SHOC2
GO_Biological_Process_2023,Receptor Recycling (GO:0001881),1/17,0.6284263378471368,0.7159986236422543,0,0,1.042754424778761,0.4843974501035678,USP9X
GO_Biological_Process_2023,Response To Acidic pH (GO:0010447),1/17,0.6284263378471368,0.7159986236422543,0,0,1.042754424778761,0.4843974501035678,CHP1
GO_Biological_Process_2023,Transepithelial Transport (GO:0070633),1/17,0.6284263378471368,0.7159986236422543,0,0,1.042754424778761,0.4843974501035678,SLC1A3
GO_Biological_Process_2023,Regulation Of Brown Fat Cell Differentiation (GO:0090335),1/17,0.6284263378471368,0.7159986236422543,0,0,1.042754424778761,0.4843974501035678,HNRNPU
GO_Biological_Process_2023,Regulation Of Delayed Rectifier Potassium Channel Activity (GO:1902259),1/17,0.6284263378471368,0.7159986236422543,0,0,1.042754424778761,0.4843974501035678,NOS1AP
GO_Biological_Process_2023,Regulation Of Glucose Transmembrane Transport (GO:0010827),1/17,0.6284263378471368,0.7159986236422543,0,0,1.042754424778761,0.4843974501035678,PRKCB
GO_Biological_Process_2023,Regulation Of Mitotic Cell Cycle Spindle Assembly Checkpoint (GO:0090266),1/17,0.6284263378471368,0.7159986236422543,0,0,1.042754424778761,0.4843974501035678,DUSP1
GO_Biological_Process_2023,Regulation Of Receptor Recycling (GO:0001919),1/17,0.6284263378471368,0.7159986236422543,0,0,1.042754424778761,0.4843974501035678,LAMTOR1
GO_Biological_Process_2023,Regulation Of Vacuole Organization (GO:0044088),1/17,0.6284263378471368,0.7159986236422543,0,0,1.042754424778761,0.4843974501035678,C9ORF72
GO_Biological_Process_2023,Response To Interferon-Alpha (GO:0035455),1/17,0.6284263378471368,0.7159986236422543,0,0,1.042754424778761,0.4843974501035678,GATA3
GO_Biological_Process_2023,Toll-Like Receptor 4 Signaling Pathway (GO:0034142),1/17,0.6284263378471368,0.7159986236422543,0,0,1.042754424778761,0.4843974501035678,PRKCE
GO_Biological_Process_2023,Transcription By RNA Polymerase I (GO:0006360),1/17,0.6284263378471368,0.7159986236422543,0,0,1.042754424778761,0.4843974501035678,POLR2L
GO_Biological_Process_2023,Negative Regulation Of Striated Muscle Cell Differentiation (GO:0051154),1/17,0.6284263378471368,0.7159986236422543,0,0,1.042754424778761,0.4843974501035678,SOX6
GO_Biological_Process_2023,Regulation Of DNA Methylation-Dependent Heterochromatin Formation (GO:0090308),1/17,0.6284263378471368,0.7159986236422543,0,0,1.042754424778761,0.4843974501035678,DYRK1A
GO_Biological_Process_2023,Negative Regulation Of Oxidative Stress-Induced Intrinsic Apoptotic Signaling Pathway (GO:1902176),1/17,0.6284263378471368,0.7159986236422543,0,0,1.042754424778761,0.4843974501035678,NONO
GO_Biological_Process_2023,Regulation Of Aerobic Respiration (GO:1903715),1/17,0.6284263378471368,0.7159986236422543,0,0,1.042754424778761,0.4843974501035678,ARL2
GO_Biological_Process_2023,Negative Regulation Of Fibroblast Proliferation (GO:0048147),1/17,0.6284263378471368,0.7159986236422543,0,0,1.042754424778761,0.4843974501035678,NF1
GO_Biological_Process_2023,Negative Regulation Of Interleukin-8 Production (GO:0032717),1/17,0.6284263378471368,0.7159986236422543,0,0,1.042754424778761,0.4843974501035678,ARRB1
GO_Biological_Process_2023,Positive Regulation Of DNA-templated Transcription Initiation (GO:2000144),3/56,0.6206457334878867,0.7159986236422543,0,0,0.944199116820554,0.4503781041142423,GTF2A2;JUN;ZNHIT1
GO_Biological_Process_2023,Melanosome Organization (GO:0032438),2/37,0.6268716019817535,0.7159986236422543,0,0,0.9532582563583448,0.4451845136446158,AP1G1;AP1B1
GO_Biological_Process_2023,Muscle Cell Differentiation (GO:0042692),2/37,0.6268716019817535,0.7159986236422543,0,0,0.9532582563583448,0.4451845136446158,ZNHIT1;ACTN4
GO_Biological_Process_2023,Protein Acylation (GO:0043543),2/37,0.6268716019817535,0.7159986236422543,0,0,0.9532582563583448,0.4451845136446158,CREBBP;GTF2B
GO_Biological_Process_2023,Regulation Of Defense Response To Virus By Host (GO:0050691),2/37,0.6268716019817535,0.7159986236422543,0,0,0.9532582563583448,0.4451845136446158,HSP90AA1;NT5C2
GO_Biological_Process_2023,Synaptic Vesicle Cycle (GO:0099504),2/37,0.6268716019817535,0.7159986236422543,0,0,0.9532582563583448,0.4451845136446158,NLGN1;DNAJC5
GO_Biological_Process_2023,"DNA Damage Response, Signal Transduction By P53 Class Mediator Resulting In Cell Cycle Arrest (GO:0006977)",1/17,0.6284263378471368,0.7159986236422543,0,0,1.042754424778761,0.4843974501035678,RPL26
GO_Biological_Process_2023,Golgi To Vacuole Transport (GO:0006896),1/17,0.6284263378471368,0.7159986236422543,0,0,1.042754424778761,0.4843974501035678,AP1G1
GO_Biological_Process_2023,NAD Biosynthetic Process (GO:0009435),1/17,0.6284263378471368,0.7159986236422543,0,0,1.042754424778761,0.4843974501035678,NAMPT
GO_Biological_Process_2023,T Cell Migration (GO:0072678),1/17,0.6284263378471368,0.7159986236422543,0,0,1.042754424778761,0.4843974501035678,MSN
GO_Biological_Process_2023,Amyloid Precursor Protein Metabolic Process (GO:0042982),1/17,0.6284263378471368,0.7159986236422543,0,0,1.042754424778761,0.4843974501035678,ADAM10
GO_Biological_Process_2023,Peptidyl-Lysine Modification (GO:0018205),5/94,0.6198294271483963,0.7159986236422543,0,0,0.9369948310615284,0.4481748936907127,UBE2I;ZMIZ1;BCL11A;SUMO2;PIAS1
GO_Biological_Process_2023,Carboxylic Acid Biosynthetic Process (GO:0046394),1/17,0.6284263378471368,0.7159986236422543,0,0,1.042754424778761,0.4843974501035678,UGDH
GO_Biological_Process_2023,Myeloid Cell Activation Involved In Immune Response (GO:0002275),1/17,0.6284263378471368,0.7159986236422543,0,0,1.042754424778761,0.4843974501035678,DOCK2
GO_Biological_Process_2023,Muscle Tissue Morphogenesis (GO:0060415),1/17,0.6284263378471368,0.7159986236422543,0,0,1.042754424778761,0.4843974501035678,TBX20
GO_Biological_Process_2023,Carbohydrate Derivative Catabolic Process (GO:1901136),1/17,0.6284263378471368,0.7159986236422543,0,0,1.042754424778761,0.4843974501035678,OGA
GO_Biological_Process_2023,Microtubule Depolymerization (GO:0007019),1/17,0.6284263378471368,0.7159986236422543,0,0,1.042754424778761,0.4843974501035678,STMN1
GO_Biological_Process_2023,Megakaryocyte Differentiation (GO:0030219),1/17,0.6284263378471368,0.7159986236422543,0,0,1.042754424778761,0.4843974501035678,FLNA
GO_Biological_Process_2023,Motile Cilium Assembly (GO:0044458),1/17,0.6284263378471368,0.7159986236422543,0,0,1.042754424778761,0.4843974501035678,DYNLL1
GO_Biological_Process_2023,Intracellular Zinc Ion Homeostasis (GO:0006882),1/17,0.6284263378471368,0.7159986236422543,0,0,1.042754424778761,0.4843974501035678,LCK
GO_Biological_Process_2023,Facultative Heterochromatin Formation (GO:0140718),1/17,0.6284263378471368,0.7159986236422543,0,0,1.042754424778761,0.4843974501035678,MBD2
GO_Biological_Process_2023,Embryonic Digit Morphogenesis (GO:0042733),1/17,0.6284263378471368,0.7159986236422543,0,0,1.042754424778761,0.4843974501035678,OXSR1
GO_Biological_Process_2023,Cellular Response To Unfolded Protein (GO:0034620),1/17,0.6284263378471368,0.7159986236422543,0,0,1.042754424778761,0.4843974501035678,HSPD1
GO_Biological_Process_2023,Carboxylic Acid Catabolic Process (GO:0046395),1/17,0.6284263378471368,0.7159986236422543,0,0,1.042754424778761,0.4843974501035678,ETFA
GO_Biological_Process_2023,Leukocyte Tethering Or Rolling (GO:0050901),1/17,0.6284263378471368,0.7159986236422543,0,0,1.042754424778761,0.4843974501035678,ROCK1
GO_Biological_Process_2023,Positive Regulation Of Interleukin-6 Production (GO:0032755),4/76,0.6296964214094244,0.7172284194187901,0,0,0.9265996253573894,0.4285684926595387,APP;STAT3;LCP1;HSPD1
GO_Biological_Process_2023,Positive Regulation Of Interleukin-1 Beta Production (GO:0032731),3/57,0.6326741050312871,0.7201838102368858,0,0,0.9266646966115052,0.4242269418612971,APP;STAT3;LCP1
GO_Biological_Process_2023,Signal Transduction In Response To DNA Damage (GO:0042770),3/57,0.6326741050312871,0.7201838102368858,0,0,0.9266646966115052,0.4242269418612971,MYO6;GRB2;BATF
GO_Biological_Process_2023,Chloride Transport (GO:0006821),4/77,0.6399744886715351,0.7280532522364317,0,0,0.9138578599992708,0.4078794049793895,CLIC4;SLC1A3;SLC12A6;CLIC1
GO_Biological_Process_2023,Monoatomic Cation Homeostasis (GO:0055080),4/77,0.6399744886715351,0.7280532522364317,0,0,0.9138578599992708,0.4078794049793895,ZNHIT1;TMTC2;SLC12A6;PICALM
GO_Biological_Process_2023,Signal Release From Synapse (GO:0099643),2/38,0.6414371799768559,0.7288354180945483,0,0,0.9267296525932488,0.4115087664069272,DNAJC5;LIN7A
GO_Biological_Process_2023,Positive Regulation Of Production Of Molecular Mediator Of Immune Response (GO:0002702),2/38,0.6414371799768559,0.7288354180945483,0,0,0.9267296525932488,0.4115087664069272,PHB1;PHB2
GO_Biological_Process_2023,Fatty Acid Transport (GO:0015908),2/38,0.6414371799768559,0.7288354180945483,0,0,0.9267296525932488,0.4115087664069272,SLCO3A1;PPARG
GO_Biological_Process_2023,Lymphocyte Proliferation (GO:0046651),2/38,0.6414371799768559,0.7288354180945483,0,0,0.9267296525932488,0.4115087664069272,MSN;HSPD1
GO_Biological_Process_2023,Negative Regulation Of Nervous System Development (GO:0051961),1/18,0.6494566322795547,0.730662995514031,0,0,0.9813638729828216,0.4235755054998872,HOOK3
GO_Biological_Process_2023,Negative Regulation Of Signal Transduction By P53 Class Mediator (GO:1901797),1/18,0.6494566322795547,0.730662995514031,0,0,0.9813638729828216,0.4235755054998872,DYRK1A
GO_Biological_Process_2023,Negative Regulation Of Viral Entry Into Host Cell (GO:0046597),1/18,0.6494566322795547,0.730662995514031,0,0,0.9813638729828216,0.4235755054998872,SNX3
GO_Biological_Process_2023,Neuron Fate Commitment (GO:0048663),1/18,0.6494566322795547,0.730662995514031,0,0,0.9813638729828216,0.4235755054998872,ID2
GO_Biological_Process_2023,Nitric Oxide Mediated Signal Transduction (GO:0007263),1/18,0.6494566322795547,0.730662995514031,0,0,0.9813638729828216,0.4235755054998872,DDAH2
GO_Biological_Process_2023,Positive Regulation Of DNA Replication (GO:0045740),1/18,0.6494566322795547,0.730662995514031,0,0,0.9813638729828216,0.4235755054998872,FAF1
GO_Biological_Process_2023,Positive Regulation Of Cytokine Production Involved In Inflammatory Response (GO:1900017),1/18,0.6494566322795547,0.730662995514031,0,0,0.9813638729828216,0.4235755054998872,STAT3
GO_Biological_Process_2023,Positive Regulation Of Interleukin-4 Production (GO:0032753),1/18,0.6494566322795547,0.730662995514031,0,0,0.9813638729828216,0.4235755054998872,GATA3
GO_Biological_Process_2023,Positive Regulation Of Neuroblast Proliferation (GO:0002052),1/18,0.6494566322795547,0.730662995514031,0,0,0.9813638729828216,0.4235755054998872,CTNNB1
GO_Biological_Process_2023,Regulation Of Cell Cycle G2/M Phase Transition (GO:1902749),1/18,0.6494566322795547,0.730662995514031,0,0,0.9813638729828216,0.4235755054998872,CDK6
GO_Biological_Process_2023,Regulation Of Cell-Cell Adhesion Mediated By Cadherin (GO:2000047),1/18,0.6494566322795547,0.730662995514031,0,0,0.9813638729828216,0.4235755054998872,FLOT1
GO_Biological_Process_2023,Regulation Of Lymphocyte Activation (GO:0051249),1/18,0.6494566322795547,0.730662995514031,0,0,0.9813638729828216,0.4235755054998872,LCK
GO_Biological_Process_2023,Regulation Of Protein Deacetylation (GO:0090311),1/18,0.6494566322795547,0.730662995514031,0,0,0.9813638729828216,0.4235755054998872,DYRK1A
GO_Biological_Process_2023,Vesicle-Mediated Transport In Synapse (GO:0099003),1/18,0.6494566322795547,0.730662995514031,0,0,0.9813638729828216,0.4235755054998872,DNAJC5
GO_Biological_Process_2023,Positive Regulation Of Natural Killer Cell Activation (GO:0032816),1/18,0.6494566322795547,0.730662995514031,0,0,0.9813638729828216,0.4235755054998872,ZBTB1
GO_Biological_Process_2023,Negative Regulation Of T Cell Receptor Signaling Pathway (GO:0050860),1/18,0.6494566322795547,0.730662995514031,0,0,0.9813638729828216,0.4235755054998872,EZR
GO_Biological_Process_2023,Regulation Of Collagen Biosynthetic Process (GO:0032965),1/18,0.6494566322795547,0.730662995514031,0,0,0.9813638729828216,0.4235755054998872,VIM
GO_Biological_Process_2023,Mitochondrial Fusion (GO:0008053),1/18,0.6494566322795547,0.730662995514031,0,0,0.9813638729828216,0.4235755054998872,FIS1
GO_Biological_Process_2023,Inorganic Anion Transport (GO:0015698),3/58,0.6444347927255807,0.730662995514031,0,0,0.9097678916827852,0.3997353052657209,CLIC4;CLIC1;XPR1
GO_Biological_Process_2023,mRNA Transport (GO:0051028),3/58,0.6444347927255807,0.730662995514031,0,0,0.9097678916827852,0.3997353052657209,XPO1;SRSF3;ZFP36L1
GO_Biological_Process_2023,Monocarboxylic Acid Metabolic Process (GO:0032787),5/97,0.6475313812741588,0.730662995514031,0,0,0.9062958529616186,0.3938653214460665,LDHB;GATM;KRT17;VDAC1;LCP1
GO_Biological_Process_2023,"Negative Regulation Of DNA-templated Transcription, Elongation (GO:0032785)",1/18,0.6494566322795547,0.730662995514031,0,0,0.9813638729828216,0.4235755054998872,HNRNPU
GO_Biological_Process_2023,Actin Filament Capping (GO:0051693),1/18,0.6494566322795547,0.730662995514031,0,0,0.9813638729828216,0.4235755054998872,CAPZA2
GO_Biological_Process_2023,Antigen Processing And Presentation Of Peptide Antigen Via MHC Class I (GO:0002474),1/18,0.6494566322795547,0.730662995514031,0,0,0.9813638729828216,0.4235755054998872,SAR1B
GO_Biological_Process_2023,Barbed-End Actin Filament Capping (GO:0051016),1/18,0.6494566322795547,0.730662995514031,0,0,0.9813638729828216,0.4235755054998872,CAPZA2
GO_Biological_Process_2023,Adrenergic Receptor Signaling Pathway (GO:0071875),1/18,0.6494566322795547,0.730662995514031,0,0,0.9813638729828216,0.4235755054998872,PDE4D
GO_Biological_Process_2023,Cardiac Muscle Cell Contraction (GO:0086003),1/18,0.6494566322795547,0.730662995514031,0,0,0.9813638729828216,0.4235755054998872,CACNA2D1
GO_Biological_Process_2023,Cell Junction Maintenance (GO:0034331),1/18,0.6494566322795547,0.730662995514031,0,0,0.9813638729828216,0.4235755054998872,NLGN1
GO_Biological_Process_2023,Endothelial Cell Proliferation (GO:0001935),1/18,0.6494566322795547,0.730662995514031,0,0,0.9813638729828216,0.4235755054998872,BMPR2
GO_Biological_Process_2023,fatty-acyl-CoA Metabolic Process (GO:0035337),1/18,0.6494566322795547,0.730662995514031,0,0,0.9813638729828216,0.4235755054998872,FAR1
GO_Biological_Process_2023,Glycerolipid Catabolic Process (GO:0046503),1/18,0.6494566322795547,0.730662995514031,0,0,0.9813638729828216,0.4235755054998872,ABHD2
GO_Biological_Process_2023,Intracellular Sodium Ion Homeostasis (GO:0006883),1/18,0.6494566322795547,0.730662995514031,0,0,0.9813638729828216,0.4235755054998872,ATP1A1
GO_Biological_Process_2023,Branching Involved In Ureteric Bud Morphogenesis (GO:0001658),1/18,0.6494566322795547,0.730662995514031,0,0,0.9813638729828216,0.4235755054998872,TCF21
GO_Biological_Process_2023,Regulation Of Innate Immune Response (GO:0045088),4/78,0.6500642559808536,0.7311278907727244,0,0,0.901460466677858,0.3882446587873742,CDC37;BANF1;YWHAZ;ATG5
GO_Biological_Process_2023,Anterior/Posterior Pattern Specification (GO:0009952),3/59,0.6559265142873119,0.7357410140872591,0,0,0.8934745440729484,0.3767840382024657,BMPR2;HES1;WLS
GO_Biological_Process_2023,Positive Regulation Of Proteolysis (GO:0045862),3/59,0.6559265142873119,0.7357410140872591,0,0,0.8934745440729484,0.3767840382024657,CYFIP2;FBXW11;STUB1
GO_Biological_Process_2023,Negative Regulation Of Cytokine-Mediated Signaling Pathway (GO:0001960),3/59,0.6559265142873119,0.7357410140872591,0,0,0.8934745440729484,0.3767840382024657,YTHDF3;PPARG;SLIT2
GO_Biological_Process_2023,Retina Homeostasis (GO:0001895),2/39,0.6555503647247379,0.7357410140872591,0,0,0.9016350274100496,0.3807425698164157,PRDX1;ACTG1
GO_Biological_Process_2023,Positive Regulation Of Lipid Biosynthetic Process (GO:0046889),2/39,0.6555503647247379,0.7357410140872591,0,0,0.9016350274100496,0.3807425698164157,ZBTB20;CHP1
GO_Biological_Process_2023,"Nuclear-Transcribed mRNA Catabolic Process, Deadenylation-Dependent Decay (GO:0000288)",2/39,0.6555503647247379,0.7357410140872591,0,0,0.9016350274100496,0.3807425698164157,CNOT6L;SAMD4A
GO_Biological_Process_2023,Histone H4 Acetylation (GO:0043967),2/39,0.6555503647247379,0.7357410140872591,0,0,0.9016350274100496,0.3807425698164157,MORF4L1;MORF4L2
GO_Biological_Process_2023,Digestive Tract Development (GO:0048565),2/39,0.6555503647247379,0.7357410140872591,0,0,0.9016350274100496,0.3807425698164157,NIPBL;FGFR2
GO_Biological_Process_2023,Cellular Response To Oxidative Stress (GO:0034599),6/117,0.654978081030923,0.7357410140872591,0,0,0.9012852852852852,0.3813820301607976,JUN;MAPK8;DAPK1;MAPK1;ROMO1;PTPRK
GO_Biological_Process_2023,Negative Regulation Of Execution Phase Of Apoptosis (GO:1900118),1/19,0.6692976432695188,0.742545261456242,0,0,0.9267944936086528,0.3721324658901887,PAK2
GO_Biological_Process_2023,Negative Regulation Of Fatty Acid Metabolic Process (GO:0045922),1/19,0.6692976432695188,0.742545261456242,0,0,0.9267944936086528,0.3721324658901887,SOX9
GO_Biological_Process_2023,Water Transport (GO:0006833),1/19,0.6692976432695188,0.742545261456242,0,0,0.9267944936086528,0.3721324658901887,AQP3
GO_Biological_Process_2023,Negative Regulation Of Leukocyte Cell-Cell Adhesion (GO:1903038),1/19,0.6692976432695188,0.742545261456242,0,0,0.9267944936086528,0.3721324658901887,ASS1
GO_Biological_Process_2023,Phosphate Ion Transport (GO:0006817),1/19,0.6692976432695188,0.742545261456242,0,0,0.9267944936086528,0.3721324658901887,XPR1
GO_Biological_Process_2023,Positive Regulation Of Activated T Cell Proliferation (GO:0042104),1/19,0.6692976432695188,0.742545261456242,0,0,0.9267944936086528,0.3721324658901887,PPP3CA
GO_Biological_Process_2023,Positive Regulation Of Histone Methylation (GO:0031062),1/19,0.6692976432695188,0.742545261456242,0,0,0.9267944936086528,0.3721324658901887,CTNNB1
GO_Biological_Process_2023,Positive Regulation Of Hormone Secretion (GO:0046887),1/19,0.6692976432695188,0.742545261456242,0,0,0.9267944936086528,0.3721324658901887,PPARG
GO_Biological_Process_2023,Protein Insertion Into Membrane (GO:0051205),1/19,0.6692976432695188,0.742545261456242,0,0,0.9267944936086528,0.3721324658901887,SEC61A1
GO_Biological_Process_2023,Negative Regulation Of Axon Extension Involved In Axon Guidance (GO:0048843),1/19,0.6692976432695188,0.742545261456242,0,0,0.9267944936086528,0.3721324658901887,SEMA3C
GO_Biological_Process_2023,Regulation Of Behavior (GO:0050795),1/19,0.6692976432695188,0.742545261456242,0,0,0.9267944936086528,0.3721324658901887,STAT3
GO_Biological_Process_2023,Regulation Of Insulin-Like Growth Factor Receptor Signaling Pathway (GO:0043567),1/19,0.6692976432695188,0.742545261456242,0,0,0.9267944936086528,0.3721324658901887,IGFBP5
GO_Biological_Process_2023,Regulation Of Integrin-Mediated Signaling Pathway (GO:2001044),1/19,0.6692976432695188,0.742545261456242,0,0,0.9267944936086528,0.3721324658901887,FLNA
GO_Biological_Process_2023,Regulation Of Tissue Remodeling (GO:0034103),1/19,0.6692976432695188,0.742545261456242,0,0,0.9267944936086528,0.3721324658901887,DDR2
GO_Biological_Process_2023,snRNA Processing (GO:0016180),1/19,0.6692976432695188,0.742545261456242,0,0,0.9267944936086528,0.3721324658901887,INTS6
GO_Biological_Process_2023,tRNA Metabolic Process (GO:0006399),1/19,0.6692976432695188,0.742545261456242,0,0,0.9267944936086528,0.3721324658901887,ZFP36L1
GO_Biological_Process_2023,Protein Heterooligomerization (GO:0051291),1/19,0.6692976432695188,0.742545261456242,0,0,0.9267944936086528,0.3721324658901887,MAT2A
GO_Biological_Process_2023,Multicellular Organismal-Level Water Homeostasis (GO:0050891),1/19,0.6692976432695188,0.742545261456242,0,0,0.9267944936086528,0.3721324658901887,AQP3
GO_Biological_Process_2023,Fluid Transport (GO:0042044),1/19,0.6692976432695188,0.742545261456242,0,0,0.9267944936086528,0.3721324658901887,AQP3
GO_Biological_Process_2023,Insulin Secretion (GO:0030073),1/19,0.6692976432695188,0.742545261456242,0,0,0.9267944936086528,0.3721324658901887,SELENOT
GO_Biological_Process_2023,Leukocyte Adhesion To Vascular Endothelial Cell (GO:0061756),1/19,0.6692976432695188,0.742545261456242,0,0,0.9267944936086528,0.3721324658901887,ROCK1
GO_Biological_Process_2023,DNA Metabolic Process (GO:0006259),15/288,0.6660968587460054,0.742545261456242,0,0,0.9155539800701092,0.3720080629840432,TOP2B;TCF7L2;UBE2B;PTGES3;USP3;CNBP;ZBTB1;HMGB2;NAP1L1;PDS5B;PDS5A;PSME4;RBMS1;TOP1;RAN
GO_Biological_Process_2023,Negative Regulation Of Peptidase Activity (GO:0010466),3/60,0.6671485940299392,0.742545261456242,0,0,0.8777528928704741,0.3552638811279211,LRP1;TIMP2;TIMP3
GO_Biological_Process_2023,Proton Motive Force-Driven ATP Synthesis (GO:0015986),3/60,0.6671485940299392,0.742545261456242,0,0,0.8777528928704741,0.3552638811279211,ATP5F1B;ATP5MC3;NDUFV1
GO_Biological_Process_2023,L-alpha-amino Acid Transmembrane Transport (GO:1902475),2/40,0.6692156960559925,0.742545261456242,0,0,0.8778611719733346,0.3525919347382903,SLC1A3;SLC25A13
GO_Biological_Process_2023,Cyclic-Nucleotide-Mediated Signaling (GO:0019935),2/40,0.6692156960559925,0.742545261456242,0,0,0.8778611719733346,0.3525919347382903,PDE4D;SOX9
GO_Biological_Process_2023,Negative Regulation Of Mitotic Cell Cycle Phase Transition (GO:1901991),2/40,0.6692156960559925,0.742545261456242,0,0,0.8778611719733346,0.3525919347382903,CDK2AP2;ZFP36L1
GO_Biological_Process_2023,Positive Regulation Of Insulin Secretion (GO:0032024),2/40,0.6692156960559925,0.742545261456242,0,0,0.8778611719733346,0.3525919347382903,TCF7L2;MCU
GO_Biological_Process_2023,Positive Regulation Of Cell Cycle Process (GO:0090068),6/118,0.6630750766810258,0.742545261456242,0,0,0.8931904761904762,0.3669825426300711,CDC42;DYNC1H1;PRKCE;CUL3;PKP4;RHOA
GO_Biological_Process_2023,Regulation Of Cytokine-Mediated Signaling Pathway (GO:0001959),2/40,0.6692156960559925,0.742545261456242,0,0,0.8778611719733346,0.3525919347382903,CDC37;HIPK1
GO_Biological_Process_2023,N-glycan Processing (GO:0006491),1/19,0.6692976432695188,0.742545261456242,0,0,0.9267944936086528,0.3721324658901887,ST8SIA4
GO_Biological_Process_2023,Bicarbonate Transport (GO:0015701),1/19,0.6692976432695188,0.742545261456242,0,0,0.9267944936086528,0.3721324658901887,SLC4A4
GO_Biological_Process_2023,Epithelial Structure Maintenance (GO:0010669),1/19,0.6692976432695188,0.742545261456242,0,0,0.9267944936086528,0.3721324658901887,STRAP
GO_Biological_Process_2023,Ganglioside Metabolic Process (GO:0001573),1/19,0.6692976432695188,0.742545261456242,0,0,0.9267944936086528,0.3721324658901887,ST8SIA4
GO_Biological_Process_2023,Gastrulation (GO:0007369),1/19,0.6692976432695188,0.742545261456242,0,0,0.9267944936086528,0.3721324658901887,UGDH
GO_Biological_Process_2023,Heme Biosynthetic Process (GO:0006783),1/19,0.6692976432695188,0.742545261456242,0,0,0.9267944936086528,0.3721324658901887,PGRMC1
GO_Biological_Process_2023,Positive Regulation Of Monoatomic Ion Transport (GO:0043270),2/40,0.6692156960559925,0.742545261456242,0,0,0.8778611719733346,0.3525919347382903,AHCYL1;ATP2B1
GO_Biological_Process_2023,Cellular Response To Interleukin-1 (GO:0071347),4/81,0.6791882827919264,0.7532961166559821,0,0,0.8662003480104633,0.3350955776145723,RPS6KA5;SOX9;PLCB1;RBMX
GO_Biological_Process_2023,Protein Localization To Lysosome (GO:0061462),2/41,0.6824386464751252,0.7560093518094098,0,0,0.8553064886102973,0.3267977707896172,LAMTOR4;RAB7A
GO_Biological_Process_2023,Lymphocyte Migration (GO:0072676),2/41,0.6824386464751252,0.7560093518094098,0,0,0.8553064886102973,0.3267977707896172,MSN;GATA3
GO_Biological_Process_2023,Acylglycerol Metabolic Process (GO:0006639),2/41,0.6824386464751252,0.7560093518094098,0,0,0.8553064886102973,0.3267977707896172,ABHD2;LCP1
GO_Biological_Process_2023,Double-Strand Break Repair Via Nonhomologous End Joining (GO:0006303),2/41,0.6824386464751252,0.7560093518094098,0,0,0.8553064886102973,0.3267977707896172,KDM2A;HMGB2
GO_Biological_Process_2023,Microglial Cell Activation (GO:0001774),1/20,0.6880165696500299,0.7570597771953664,0,0,0.8779692594317653,0.3283098947240883,APP
GO_Biological_Process_2023,Response To Fibroblast Growth Factor (GO:0071774),1/20,0.6880165696500299,0.7570597771953664,0,0,0.8779692594317653,0.3283098947240883,ZFP36L1
GO_Biological_Process_2023,Response To ATP (GO:0033198),1/20,0.6880165696500299,0.7570597771953664,0,0,0.8779692594317653,0.3283098947240883,HSP90B1
GO_Biological_Process_2023,Regulation Of Membrane Depolarization (GO:0003254),1/20,0.6880165696500299,0.7570597771953664,0,0,0.8779692594317653,0.3283098947240883,NEDD4L
GO_Biological_Process_2023,Protein Deacylation (GO:0035601),1/20,0.6880165696500299,0.7570597771953664,0,0,0.8779692594317653,0.3283098947240883,ABHD17B
GO_Biological_Process_2023,Positive Regulation Of Lipid Catabolic Process (GO:0050996),1/20,0.6880165696500299,0.7570597771953664,0,0,0.8779692594317653,0.3283098947240883,FLNB
GO_Biological_Process_2023,Positive Regulation Of Leukocyte Activation (GO:0002696),1/20,0.6880165696500299,0.7570597771953664,0,0,0.8779692594317653,0.3283098947240883,HSPD1
GO_Biological_Process_2023,Peripheral Nervous System Development (GO:0007422),1/20,0.6880165696500299,0.7570597771953664,0,0,0.8779692594317653,0.3283098947240883,NF1
GO_Biological_Process_2023,Negative Regulation Of Viral Life Cycle (GO:1903901),1/20,0.6880165696500299,0.7570597771953664,0,0,0.8779692594317653,0.3283098947240883,SNX3
GO_Biological_Process_2023,Negative Regulation Of Cytokine Production Involved In Inflammatory Response (GO:1900016),1/20,0.6880165696500299,0.7570597771953664,0,0,0.8779692594317653,0.3283098947240883,PDCD4
GO_Biological_Process_2023,Long-Term Memory (GO:0007616),1/20,0.6880165696500299,0.7570597771953664,0,0,0.8779692594317653,0.3283098947240883,CAMK2N1
GO_Biological_Process_2023,Calcium-Mediated Signaling Using Intracellular Calcium Source (GO:0035584),1/20,0.6880165696500299,0.7570597771953664,0,0,0.8779692594317653,0.3283098947240883,FIS1
GO_Biological_Process_2023,Glutamate Metabolic Process (GO:0006536),1/20,0.6880165696500299,0.7570597771953664,0,0,0.8779692594317653,0.3283098947240883,GLS
GO_Biological_Process_2023,Gamma-Aminobutyric Acid Signaling Pathway (GO:0007214),1/20,0.6880165696500299,0.7570597771953664,0,0,0.8779692594317653,0.3283098947240883,GNAI2
GO_Biological_Process_2023,Epithelial Cilium Movement Involved In Extracellular Fluid Movement (GO:0003351),1/20,0.6880165696500299,0.7570597771953664,0,0,0.8779692594317653,0.3283098947240883,RFX3
GO_Biological_Process_2023,Cilium-Dependent Cell Motility (GO:0060285),1/20,0.6880165696500299,0.7570597771953664,0,0,0.8779692594317653,0.3283098947240883,RFX3
GO_Biological_Process_2023,Cellular Response To pH (GO:0071467),1/20,0.6880165696500299,0.7570597771953664,0,0,0.8779692594317653,0.3283098947240883,CHP1
GO_Biological_Process_2023,Hydrogen Peroxide Catabolic Process (GO:0042744),1/20,0.6880165696500299,0.7570597771953664,0,0,0.8779692594317653,0.3283098947240883,PRDX1
GO_Biological_Process_2023,Anterior/Posterior Axis Specification (GO:0009948),1/20,0.6880165696500299,0.7570597771953664,0,0,0.8779692594317653,0.3283098947240883,WLS
GO_Biological_Process_2023,Ameboidal-Type Cell Migration (GO:0001667),1/20,0.6880165696500299,0.7570597771953664,0,0,0.8779692594317653,0.3283098947240883,IQGAP1
GO_Biological_Process_2023,Activation Of Adenylate Cyclase Activity (GO:0007190),1/20,0.6880165696500299,0.7570597771953664,0,0,0.8779692594317653,0.3283098947240883,RAF1
GO_Biological_Process_2023,DNA Unwinding Involved In DNA Replication (GO:0006268),1/20,0.6880165696500299,0.7570597771953664,0,0,0.8779692594317653,0.3283098947240883,HMGA1
GO_Biological_Process_2023,Chemical Synaptic Transmission (GO:0007268),14/273,0.6852951194812547,0.7570597771953664,0,0,0.9005782864332551,0.3403336696680367,NLGN1;HOMER1;SLC1A3;LIN7A;GABARAP;RPS6KA3;FCHSD2;RPS6KA2;EXOC4;MAPK1;KIF1B;ERC1;SLC12A6;PAFAH1B1
GO_Biological_Process_2023,mRNA Export From Nucleus (GO:0006406),3/62,0.6887839084453197,0.7576824450607919,0,0,0.8479084024522178,0.3161237292069965,ENY2;XPO1;SRSF3
GO_Biological_Process_2023,Protein Catabolic Process (GO:0030163),5/102,0.6907773625596458,0.7596531171306514,0,0,0.8593506802658805,0.3179062168468242,BNIP3L;HSPA8;HSP90AA1;OGA;RAB7A
GO_Biological_Process_2023,Anterograde Trans-Synaptic Signaling (GO:0098916),10/199,0.6943145326405,0.7633197770420697,0,0,0.8816768852451279,0.3216623579818227,RPS6KA3;NLGN1;HOMER1;RPS6KA2;EXOC4;SLC1A3;MAPK1;SLC12A6;GABARAP;PAFAH1B1
GO_Biological_Process_2023,Collagen Fibril Organization (GO:0030199),2/42,0.6952255017561982,0.763428645870091,0,0,0.8338795394154118,0.3031310755392845,NF1;DDR2
GO_Biological_Process_2023,Embryonic Heart Tube Morphogenesis (GO:0003143),2/42,0.6952255017561982,0.763428645870091,0,0,0.8338795394154118,0.3031310755392845,TBX20;HES1
GO_Biological_Process_2023,Organic Hydroxy Compound Biosynthetic Process (GO:1901617),2/42,0.6952255017561982,0.763428645870091,0,0,0.8338795394154118,0.3031310755392845,OSBPL9;ABCD3
GO_Biological_Process_2023,Skeletal Muscle Tissue Development (GO:0007519),2/42,0.6952255017561982,0.763428645870091,0,0,0.8338795394154118,0.3031310755392845,PPP3CA;TCF21
GO_Biological_Process_2023,Inorganic Anion Transmembrane Transport (GO:0098661),3/63,0.6991984542718903,0.7673432700661159,0,0,0.8337322695035461,0.2983266353998538,SLC1A3;SLC12A6;XPR1
GO_Biological_Process_2023,Phosphatidylinositol Metabolic Process (GO:0046488),3/63,0.6991984542718903,0.7673432700661159,0,0,0.8337322695035461,0.2983266353998538,INPP4A;PIP5K1B;PLCB1
GO_Biological_Process_2023,snRNA Metabolic Process (GO:0016073),1/21,0.7056768165401928,0.7715263101766467,0,0,0.8340265486725664,0.2907399144510165,INTS6
GO_Biological_Process_2023,Regulation Of Transferase Activity (GO:0051338),1/21,0.7056768165401928,0.7715263101766467,0,0,0.8340265486725664,0.2907399144510165,LDB2
GO_Biological_Process_2023,Regulation Of Lipopolysaccharide-Mediated Signaling Pathway (GO:0031664),1/21,0.7056768165401928,0.7715263101766467,0,0,0.8340265486725664,0.2907399144510165,PRKCA
GO_Biological_Process_2023,Regulation Of Histone Deacetylation (GO:0031063),1/21,0.7056768165401928,0.7715263101766467,0,0,0.8340265486725664,0.2907399144510165,NIPBL
GO_Biological_Process_2023,Purine Nucleotide Biosynthetic Process (GO:0006164),1/21,0.7056768165401928,0.7715263101766467,0,0,0.8340265486725664,0.2907399144510165,NAMPT
GO_Biological_Process_2023,Positive Regulation Of Natural Killer Cell Mediated Cytotoxicity (GO:0045954),1/21,0.7056768165401928,0.7715263101766467,0,0,0.8340265486725664,0.2907399144510165,CADM1
GO_Biological_Process_2023,Positive Regulation Of G2/M Transition Of Mitotic Cell Cycle (GO:0010971),1/21,0.7056768165401928,0.7715263101766467,0,0,0.8340265486725664,0.2907399144510165,RAB11A
GO_Biological_Process_2023,Porphyrin-Containing Compound Biosynthetic Process (GO:0006779),1/21,0.7056768165401928,0.7715263101766467,0,0,0.8340265486725664,0.2907399144510165,PGRMC1
GO_Biological_Process_2023,poly(A)+ mRNA Export From Nucleus (GO:0016973),1/21,0.7056768165401928,0.7715263101766467,0,0,0.8340265486725664,0.2907399144510165,ENY2
GO_Biological_Process_2023,Negative Regulation Of Interleukin-2 Production (GO:0032703),1/21,0.7056768165401928,0.7715263101766467,0,0,0.8340265486725664,0.2907399144510165,EZR
GO_Biological_Process_2023,"Maturation Of 5.8S rRNA From Tricistronic rRNA Transcript (SSU-rRNA, 5.8S rRNA, LSU-rRNA) (GO:0000466)",1/21,0.7056768165401928,0.7715263101766467,0,0,0.8340265486725664,0.2907399144510165,RPS21
GO_Biological_Process_2023,Lipid Catabolic Process (GO:0016042),1/21,0.7056768165401928,0.7715263101766467,0,0,0.8340265486725664,0.2907399144510165,LCP1
GO_Biological_Process_2023,Positive Regulation Of Dendritic Spine Development (GO:0060999),1/21,0.7056768165401928,0.7715263101766467,0,0,0.8340265486725664,0.2907399144510165,NLGN1
GO_Biological_Process_2023,Regulation Of Interleukin-1 Beta Production (GO:0032651),4/84,0.7065761315183284,0.7722850423250315,0,0,0.8335847382431233,0.2895242556800566,APP;STAT3;LCP1;FOXP1
GO_Biological_Process_2023,Lysosome Organization (GO:0007040),2/43,0.7075832515005162,0.7724878400271237,0,0,0.8134978072544233,0.281388880483565,HOOK3;LAMTOR1
GO_Biological_Process_2023,Learning (GO:0007612),2/43,0.7075832515005162,0.7724878400271237,0,0,0.8134978072544233,0.281388880483565,FYN;PTN
GO_Biological_Process_2023,Neurotransmitter Secretion (GO:0007269),2/43,0.7075832515005162,0.7724878400271237,0,0,0.8134978072544233,0.281388880483565,DNAJC5;LIN7A
GO_Biological_Process_2023,Skeletal System Morphogenesis (GO:0048705),2/43,0.7075832515005162,0.7724878400271237,0,0,0.8134978072544233,0.281388880483565,FGFR2;FGFR1
GO_Biological_Process_2023,Positive Regulation Of Interleukin-1 Production (GO:0032732),3/64,0.7093459044437493,0.7739628507725388,0,0,0.8200209277990931,0.2816050226880723,APP;STAT3;LCP1
GO_Biological_Process_2023,Nitrogen Compound Transport (GO:0071705),8/163,0.7091774262004281,0.7739628507725388,0,0,0.8600924941832074,0.2955703858871517,CHMP1B;ARRDC3;CHMP2A;TXNIP;MYH9;CERT1;HSP90B1;RAB7A
GO_Biological_Process_2023,Regulation Of Neuron Apoptotic Process (GO:0043523),5/105,0.7149213414123372,0.7798199434604989,0,0,0.833436944937833,0.2796870655597971,RASA1;NF1;PTK2B;CTNNB1;CPEB4
GO_Biological_Process_2023,Defense Response To Gram-positive Bacterium (GO:0050830),4/85,0.715318416731743,0.7800268383090999,0,0,0.8232497507859826,0.2758113036877785,HMGB2;ROMO1;FAU;RPL39
GO_Biological_Process_2023,Negative Regulation Of Macroautophagy (GO:0016242),1/22,0.7223382090899046,0.7833662065706839,0,0,0.7942688579856721,0.2583453312419919,SCFD1
GO_Biological_Process_2023,Negative Regulation Of Signal Transduction In Absence Of Ligand (GO:1901099),1/22,0.7223382090899046,0.7833662065706839,0,0,0.7942688579856721,0.2583453312419919,BCL2L1
GO_Biological_Process_2023,Oligosaccharide Biosynthetic Process (GO:0009312),1/22,0.7223382090899046,0.7833662065706839,0,0,0.7942688579856721,0.2583453312419919,FUT8
GO_Biological_Process_2023,Negative Regulation Of Extrinsic Apoptotic Signaling Pathway In Absence Of Ligand (GO:2001240),1/22,0.7223382090899046,0.7833662065706839,0,0,0.7942688579856721,0.2583453312419919,BCL2L1
GO_Biological_Process_2023,rRNA Methylation (GO:0031167),1/22,0.7223382090899046,0.7833662065706839,0,0,0.7942688579856721,0.2583453312419919,FBL
GO_Biological_Process_2023,Regulation Of Regulatory T Cell Differentiation (GO:0045589),1/22,0.7223382090899046,0.7833662065706839,0,0,0.7942688579856721,0.2583453312419919,SOCS1
GO_Biological_Process_2023,snRNA 3'-End Processing (GO:0034472),1/22,0.7223382090899046,0.7833662065706839,0,0,0.7942688579856721,0.2583453312419919,INTS6
GO_Biological_Process_2023,Oxoacid Metabolic Process (GO:0043436),1/22,0.7223382090899046,0.7833662065706839,0,0,0.7942688579856721,0.2583453312419919,TPST1
GO_Biological_Process_2023,Negative Regulation Of Axonogenesis (GO:0050771),1/22,0.7223382090899046,0.7833662065706839,0,0,0.7942688579856721,0.2583453312419919,DIP2B
GO_Biological_Process_2023,Regulation Of Vascular Endothelial Growth Factor Receptor Signaling Pathway (GO:0030947),1/22,0.7223382090899046,0.7833662065706839,0,0,0.7942688579856721,0.2583453312419919,PRKCB
GO_Biological_Process_2023,Hexose Transmembrane Transport (GO:0008645),1/22,0.7223382090899046,0.7833662065706839,0,0,0.7942688579856721,0.2583453312419919,SLC2A1
GO_Biological_Process_2023,RNA Export From Nucleus (GO:0006405),3/65,0.7192280165555288,0.7833662065706839,0,0,0.8067518874399451,0.2658867388698719,XPO1;SRSF3;RAN
GO_Biological_Process_2023,Antimicrobial Humoral Immune Response Mediated By Antimicrobial Peptide (GO:0061844),3/65,0.7192280165555288,0.7833662065706839,0,0,0.8067518874399451,0.2658867388698719,ROMO1;FAU;RPL39
GO_Biological_Process_2023,Negative Regulation Of Immune System Process (GO:0002683),2/44,0.7195194893310393,0.7833662065706839,0,0,0.7940866337677676,0.2613908199439433,LYN;SOX9
GO_Biological_Process_2023,Mammary Gland Development (GO:0030879),1/22,0.7223382090899046,0.7833662065706839,0,0,0.7942688579856721,0.2583453312419919,ERBB4
GO_Biological_Process_2023,Regulation Of DNA Recombination (GO:0000018),2/44,0.7195194893310393,0.7833662065706839,0,0,0.7940866337677676,0.2613908199439433,PPP4C;KPNA1
GO_Biological_Process_2023,Cellular Response To Topologically Incorrect Protein (GO:0035967),1/22,0.7223382090899046,0.7833662065706839,0,0,0.7942688579856721,0.2583453312419919,STUB1
GO_Biological_Process_2023,Glucose Transmembrane Transport (GO:1904659),1/22,0.7223382090899046,0.7833662065706839,0,0,0.7942688579856721,0.2583453312419919,SLC2A1
GO_Biological_Process_2023,Regulation Of B Cell Proliferation (GO:0030888),2/44,0.7195194893310393,0.7833662065706839,0,0,0.7940866337677676,0.2613908199439433,LYN;VAV3
GO_Biological_Process_2023,Cellular Response To Type II Interferon (GO:0071346),3/66,0.7288469261259742,0.7901969700662408,0,0,0.793904086457278,0.2511051515967901,DAPK1;RPL13A;CALM1
GO_Biological_Process_2023,Establishment Of Protein Localization To Extracellular Region (GO:0035592),2/45,0.7310423226217034,0.791892331618729,0,0,0.7755783055595609,0.2429762149543621,TMEM167A;RAB8B
GO_Biological_Process_2023,Organic Hydroxy Compound Transport (GO:0015850),2/45,0.7310423226217034,0.791892331618729,0,0,0.7755783055595609,0.2429762149543621,ABCD3;VAPA
GO_Biological_Process_2023,Triglyceride Metabolic Process (GO:0006641),2/45,0.7310423226217034,0.791892331618729,0,0,0.7755783055595609,0.2429762149543621,CPS1;LCP1
GO_Biological_Process_2023,Regulation Of Type II Interferon Production (GO:0032649),4/87,0.7322246941856124,0.7927164867104457,0,0,0.8033268833987236,0.2503711648881501,PDE4D;PDE4B;CYRIB;HSPD1
GO_Biological_Process_2023,Regulation Of Insulin Secretion (GO:0050796),4/87,0.7322246941856124,0.7927164867104457,0,0,0.8033268833987236,0.2503711648881501,TCF7L2;RFX3;EFNA5;MCU
GO_Biological_Process_2023,Rescue Of Stalled Ribosome (GO:0072344),1/23,0.7380571947842698,0.7955956175361533,0,0,0.7581255028157683,0.2302684593860451,RACK1
GO_Biological_Process_2023,Regulation Of Myotube Differentiation (GO:0010830),1/23,0.7380571947842698,0.7955956175361533,0,0,0.7581255028157683,0.2302684593860451,MMP14
GO_Biological_Process_2023,Regulation Of Lipid Catabolic Process (GO:0050994),1/23,0.7380571947842698,0.7955956175361533,0,0,0.7581255028157683,0.2302684593860451,FLNB
GO_Biological_Process_2023,Translesion Synthesis (GO:0019985),1/23,0.7380571947842698,0.7955956175361533,0,0,0.7581255028157683,0.2302684593860451,ZBTB1
GO_Biological_Process_2023,Regulation Of Cholesterol Metabolic Process (GO:0090181),1/23,0.7380571947842698,0.7955956175361533,0,0,0.7581255028157683,0.2302684593860451,ABCG1
GO_Biological_Process_2023,Regulation Of Axon Extension Involved In Axon Guidance (GO:0048841),1/23,0.7380571947842698,0.7955956175361533,0,0,0.7581255028157683,0.2302684593860451,SEMA3C
GO_Biological_Process_2023,Positive Regulation Of Oxidoreductase Activity (GO:0051353),1/23,0.7380571947842698,0.7955956175361533,0,0,0.7581255028157683,0.2302684593860451,PPM1H
GO_Biological_Process_2023,Endocrine System Development (GO:0035270),1/23,0.7380571947842698,0.7955956175361533,0,0,0.7581255028157683,0.2302684593860451,NF1
GO_Biological_Process_2023,Negative Regulation Of Protein Tyrosine Kinase Activity (GO:0061099),1/23,0.7380571947842698,0.7955956175361533,0,0,0.7581255028157683,0.2302684593860451,CBLB
GO_Biological_Process_2023,Negative Regulation Of Oxidative Stress-Induced Cell Death (GO:1903202),1/23,0.7380571947842698,0.7955956175361533,0,0,0.7581255028157683,0.2302684593860451,FYN
GO_Biological_Process_2023,Lymphocyte Activation Involved In Immune Response (GO:0002285),1/23,0.7380571947842698,0.7955956175361533,0,0,0.7581255028157683,0.2302684593860451,LCP1
GO_Biological_Process_2023,Cholesterol Efflux (GO:0033344),1/23,0.7380571947842698,0.7955956175361533,0,0,0.7581255028157683,0.2302684593860451,ABCG1
GO_Biological_Process_2023,Response To Tumor Necrosis Factor (GO:0034612),5/108,0.7376994105837751,0.7955956175361533,0,0,0.8090327475900602,0.2461230040617909,PID1;ADAM10;GATA3;MAP4K3;ZFP36L1
GO_Biological_Process_2023,Positive Regulation Of Epithelial Cell Apoptotic Process (GO:1904037),1/23,0.7380571947842698,0.7955956175361533,0,0,0.7581255028157683,0.2302684593860451,PDCD4
GO_Biological_Process_2023,Bile Acid And Bile Salt Transport (GO:0015721),1/23,0.7380571947842698,0.7955956175361533,0,0,0.7581255028157683,0.2302684593860451,ABCD3
GO_Biological_Process_2023,Negative Regulation Of Neuron Death (GO:1901215),4/88,0.7403902753270432,0.797881898425504,0,0,0.7937212151941522,0.2385750026464221,RASA1;PTK2B;VPS35;CPEB4
GO_Biological_Process_2023,Regulation Of Epidermal Growth Factor Receptor Signaling Pathway (GO:0042058),2/46,0.7421602903549851,0.7986451651001714,0,0,0.7579112649971818,0.2260015861873897,RALA;RALB
GO_Biological_Process_2023,Regulation Of Interleukin-10 Production (GO:0032653),2/46,0.7421602903549851,0.7986451651001714,0,0,0.7579112649971818,0.2260015861873897,STAT3;HSPD1
GO_Biological_Process_2023,Regulation Of Cytokine Production Involved In Inflammatory Response (GO:1900015),2/46,0.7421602903549851,0.7986451651001714,0,0,0.7579112649971818,0.2260015861873897,STAT3;PDCD4
GO_Biological_Process_2023,Antiviral Innate Immune Response (GO:0140374),2/46,0.7421602903549851,0.7986451651001714,0,0,0.7579112649971818,0.2260015861873897,PHB1;PHB2
GO_Biological_Process_2023,Positive Regulation Of Cell-Cell Adhesion (GO:0022409),2/46,0.7421602903549851,0.7986451651001714,0,0,0.7579112649971818,0.2260015861873897,LCK;FLOT1
GO_Biological_Process_2023,Sensory Perception Of Mechanical Stimulus (GO:0050954),4/89,0.7483655772540164,0.8050923730126875,0,0,0.7843415627120414,0.2273521323388587,TIMM8B;NIPBL;WDR1;ROR1
GO_Biological_Process_2023,Secondary Alcohol Biosynthetic Process (GO:1902653),1/24,0.7528870338507562,0.8053492987237468,0,0,0.7251250480954213,0.2058195544771596,DHCR24
GO_Biological_Process_2023,Regulation Of Execution Phase Of Apoptosis (GO:1900117),1/24,0.7528870338507562,0.8053492987237468,0,0,0.7251250480954213,0.2058195544771596,DYNLL1
GO_Biological_Process_2023,Regulation Of Endoplasmic Reticulum Stress-Induced Intrinsic Apoptotic Signaling Pathway (GO:1902235),1/24,0.7528870338507562,0.8053492987237468,0,0,0.7251250480954213,0.2058195544771596,NCK2
GO_Biological_Process_2023,Regulation Of Cysteine-Type Endopeptidase Activity (GO:2000116),1/24,0.7528870338507562,0.8053492987237468,0,0,0.7251250480954213,0.2058195544771596,FYN
GO_Biological_Process_2023,Regulation Of Actin Nucleation (GO:0051125),1/24,0.7528870338507562,0.8053492987237468,0,0,0.7251250480954213,0.2058195544771596,WASHC4
GO_Biological_Process_2023,Protein Kinase B Signaling (GO:0043491),1/24,0.7528870338507562,0.8053492987237468,0,0,0.7251250480954213,0.2058195544771596,ZFP36L1
GO_Biological_Process_2023,Positive Regulation Of Natural Killer Cell Mediated Immunity (GO:0002717),1/24,0.7528870338507562,0.8053492987237468,0,0,0.7251250480954213,0.2058195544771596,CADM1
GO_Biological_Process_2023,Positive Regulation Of Interleukin-17 Production (GO:0032740),1/24,0.7528870338507562,0.8053492987237468,0,0,0.7251250480954213,0.2058195544771596,PHB1
GO_Biological_Process_2023,Positive Regulation Of Cell Cycle G2/M Phase Transition (GO:1902751),1/24,0.7528870338507562,0.8053492987237468,0,0,0.7251250480954213,0.2058195544771596,RAB11A
GO_Biological_Process_2023,Protein K48-linked Deubiquitination (GO:0071108),1/24,0.7528870338507562,0.8053492987237468,0,0,0.7251250480954213,0.2058195544771596,USP34
GO_Biological_Process_2023,Negative Regulation Of Antigen Receptor-Mediated Signaling Pathway (GO:0050858),1/24,0.7528870338507562,0.8053492987237468,0,0,0.7251250480954213,0.2058195544771596,EZR
GO_Biological_Process_2023,mRNA Polyadenylation (GO:0006378),1/24,0.7528870338507562,0.8053492987237468,0,0,0.7251250480954213,0.2058195544771596,APP
GO_Biological_Process_2023,Lipid Translocation (GO:0034204),1/24,0.7528870338507562,0.8053492987237468,0,0,0.7251250480954213,0.2058195544771596,ATP8A1
GO_Biological_Process_2023,Gliogenesis (GO:0042063),1/24,0.7528870338507562,0.8053492987237468,0,0,0.7251250480954213,0.2058195544771596,CDK6
GO_Biological_Process_2023,Fat-Soluble Vitamin Metabolic Process (GO:0006775),1/24,0.7528870338507562,0.8053492987237468,0,0,0.7251250480954213,0.2058195544771596,ALDH1A2
GO_Biological_Process_2023,Cell Morphogenesis Involved In Differentiation (GO:0000904),1/24,0.7528870338507562,0.8053492987237468,0,0,0.7251250480954213,0.2058195544771596,ACTN1
GO_Biological_Process_2023,Acylglycerol Homeostasis (GO:0055090),1/24,0.7528870338507562,0.8053492987237468,0,0,0.7251250480954213,0.2058195544771596,LCP1
GO_Biological_Process_2023,Response To Organonitrogen Compound (GO:0010243),2/47,0.7528822880069402,0.8053492987237468,0,0,0.7410294262375751,0.2103385256169248,ERLEC1;DERL1
GO_Biological_Process_2023,Bicellular Tight Junction Assembly (GO:0070830),2/47,0.7528822880069402,0.8053492987237468,0,0,0.7410294262375751,0.2103385256169248,ARL2;PAK2
GO_Biological_Process_2023,Neuromuscular Junction Development (GO:0007528),1/24,0.7528870338507562,0.8053492987237468,0,0,0.7251250480954213,0.2058195544771596,GPHN
GO_Biological_Process_2023,Positive Regulation Of Peptidase Activity (GO:0010952),1/25,0.7668779786830012,0.8149839157464729,0,0,0.6948746312684366,0.1844388913232539,PRELID1
GO_Biological_Process_2023,Positive Regulation Of Release Of Cytochrome C From Mitochondria (GO:0090200),1/25,0.7668779786830012,0.8149839157464729,0,0,0.6948746312684366,0.1844388913232539,DNM1L
GO_Biological_Process_2023,Purine Ribonucleotide Catabolic Process (GO:0009154),1/25,0.7668779786830012,0.8149839157464729,0,0,0.6948746312684366,0.1844388913232539,NT5C2
GO_Biological_Process_2023,Regulation Of B Cell Activation (GO:0050864),1/25,0.7668779786830012,0.8149839157464729,0,0,0.6948746312684366,0.1844388913232539,ZFP36L1
GO_Biological_Process_2023,Sodium Ion Homeostasis (GO:0055078),1/25,0.7668779786830012,0.8149839157464729,0,0,0.6948746312684366,0.1844388913232539,ATP1A1
GO_Biological_Process_2023,Regulation Of Glycogen Biosynthetic Process (GO:0005979),1/25,0.7668779786830012,0.8149839157464729,0,0,0.6948746312684366,0.1844388913232539,GSK3B
GO_Biological_Process_2023,Regulation Of Synapse Organization (GO:0050807),1/25,0.7668779786830012,0.8149839157464729,0,0,0.6948746312684366,0.1844388913232539,YWHAZ
GO_Biological_Process_2023,Sterol Transport (GO:0015918),1/25,0.7668779786830012,0.8149839157464729,0,0,0.6948746312684366,0.1844388913232539,VAPA
GO_Biological_Process_2023,Peptide Hormone Secretion (GO:0030072),1/25,0.7668779786830012,0.8149839157464729,0,0,0.6948746312684366,0.1844388913232539,RAB1A
GO_Biological_Process_2023,Regulation Of Double-Strand Break Repair Via Nonhomologous End Joining (GO:2001032),1/25,0.7668779786830012,0.8149839157464729,0,0,0.6948746312684366,0.1844388913232539,HMGA2
GO_Biological_Process_2023,Negative Regulation Of TORC1 Signaling (GO:1904262),1/25,0.7668779786830012,0.8149839157464729,0,0,0.6948746312684366,0.1844388913232539,DEPTOR
GO_Biological_Process_2023,Cellular Defense Response (GO:0006968),2/48,0.7632175005452544,0.8149839157464729,0,0,0.7248815804675165,0.1958718673488881,PTK2B;ZNF148
GO_Biological_Process_2023,Long-Chain Fatty Acid Biosynthetic Process (GO:0042759),1/25,0.7668779786830012,0.8149839157464729,0,0,0.6948746312684366,0.1844388913232539,ELOVL6
GO_Biological_Process_2023,Cell-Cell Adhesion Via Plasma-Membrane Adhesion Molecules (GO:0098742),8/172,0.7630095991538809,0.8149839157464729,0,0,0.8125013574267532,0.2197691590780809,PTPRD;TENM1;NLGN1;CADM1;NPTN;PTPRM;CNTN4;ATP2C1
GO_Biological_Process_2023,Cellular Response To Radiation (GO:0071478),2/48,0.7632175005452544,0.8149839157464729,0,0,0.7248815804675165,0.1958718673488881,GRB2;RHOB
GO_Biological_Process_2023,Chloride Transmembrane Transport (GO:1902476),2/48,0.7632175005452544,0.8149839157464729,0,0,0.7248815804675165,0.1958718673488881,SLC1A3;SLC12A6
GO_Biological_Process_2023,Oligosaccharide Metabolic Process (GO:0009311),2/48,0.7632175005452544,0.8149839157464729,0,0,0.7248815804675165,0.1958718673488881,FUT8;ST8SIA4
GO_Biological_Process_2023,Mitotic Cell Cycle Checkpoint Signaling (GO:0007093),1/25,0.7668779786830012,0.8149839157464729,0,0,0.6948746312684366,0.1844388913232539,BABAM2
GO_Biological_Process_2023,Calcium Ion Transport (GO:0006816),5/112,0.7659573919799343,0.8149839157464729,0,0,0.7786225328264803,0.2076031408420955,CACNA2D1;ITPR1;ATP2A2;FYN;ATP2C1
GO_Biological_Process_2023,Cholesterol Biosynthetic Process (GO:0006695),1/25,0.7668779786830012,0.8149839157464729,0,0,0.6948746312684366,0.1844388913232539,DHCR24
GO_Biological_Process_2023,Regulation Of Tumor Necrosis Factor-Mediated Signaling Pathway (GO:0010803),2/48,0.7632175005452544,0.8149839157464729,0,0,0.7248815804675165,0.1958718673488881,HIPK1;UBE2K
GO_Biological_Process_2023,RNA Polyadenylation (GO:0043631),1/25,0.7668779786830012,0.8149839157464729,0,0,0.6948746312684366,0.1844388913232539,APP
GO_Biological_Process_2023,Activation Of Protein Kinase B Activity (GO:0032148),1/25,0.7668779786830012,0.8149839157464729,0,0,0.6948746312684366,0.1844388913232539,OSBPL8
GO_Biological_Process_2023,Sensory Perception Of Sound (GO:0007605),4/92,0.7711639517193505,0.8193072379707562,0,0,0.7574816487859967,0.1968348483682032,TIMM8B;NIPBL;WDR1;ROR1
GO_Biological_Process_2023,Synapse Assembly (GO:0007416),3/71,0.7730906524312683,0.8205170590333706,0,0,0.7353332290362954,0.1892445978359562,DNM3;PTPRD;NLGN1
GO_Biological_Process_2023,Antibacterial Humoral Response (GO:0019731),2/49,0.7731753409237611,0.8205170590333706,0,0,0.7094208770706518,0.1824981122778847,FAU;RPL39
GO_Biological_Process_2023,Fatty Acid Beta-Oxidation (GO:0006635),2/49,0.7731753409237611,0.8205170590333706,0,0,0.7094208770706518,0.1824981122778847,ABCD3;ETFA
GO_Biological_Process_2023,Negative Regulation Of DNA Metabolic Process (GO:0051053),2/49,0.7731753409237611,0.8205170590333706,0,0,0.7094208770706518,0.1824981122778847,BMPR2;PDS5A
GO_Biological_Process_2023,Regulation Of Transcription By RNA Polymerase III (GO:0006359),1/26,0.7800774443248587,0.8234272433639612,0,0,0.6670442477876106,0.1656684945854371,TENM1
GO_Biological_Process_2023,Regulation Of Reactive Oxygen Species Biosynthetic Process (GO:1903426),1/26,0.7800774443248587,0.8234272433639612,0,0,0.6670442477876106,0.1656684945854371,RAB27A
GO_Biological_Process_2023,Regulation Of Fatty Acid Biosynthetic Process (GO:0042304),1/26,0.7800774443248587,0.8234272433639612,0,0,0.6670442477876106,0.1656684945854371,EIF6
GO_Biological_Process_2023,Organelle Fusion (GO:0048284),1/26,0.7800774443248587,0.8234272433639612,0,0,0.6670442477876106,0.1656684945854371,FIS1
GO_Biological_Process_2023,Negative Regulation Of Lipid Metabolic Process (GO:0045833),1/26,0.7800774443248587,0.8234272433639612,0,0,0.6670442477876106,0.1656684945854371,PPP2R5A
GO_Biological_Process_2023,Negative Regulation Of Catalytic Activity (GO:0043086),1/26,0.7800774443248587,0.8234272433639612,0,0,0.6670442477876106,0.1656684945854371,PLN
GO_Biological_Process_2023,Mitotic Spindle Checkpoint Signaling (GO:0071174),1/26,0.7800774443248587,0.8234272433639612,0,0,0.6670442477876106,0.1656684945854371,ZNF207
GO_Biological_Process_2023,Mitotic Spindle Assembly Checkpoint Signaling (GO:0007094),1/26,0.7800774443248587,0.8234272433639612,0,0,0.6670442477876106,0.1656684945854371,ZNF207
GO_Biological_Process_2023,Spindle Assembly Checkpoint Signaling (GO:0071173),1/26,0.7800774443248587,0.8234272433639612,0,0,0.6670442477876106,0.1656684945854371,ZNF207
GO_Biological_Process_2023,Cellular Response To Xenobiotic Stimulus (GO:0071466),1/26,0.7800774443248587,0.8234272433639612,0,0,0.6670442477876106,0.1656684945854371,PDE4B
GO_Biological_Process_2023,Histone H3-K4 Methylation (GO:0051568),1/26,0.7800774443248587,0.8234272433639612,0,0,0.6670442477876106,0.1656684945854371,KDM6A
GO_Biological_Process_2023,Protein Modification By Small Protein Removal (GO:0070646),5/114,0.779193478611609,0.8234272433639612,0,0,0.7642544038326788,0.1906783372769057,USP24;USP15;USP9X;USP22;USP34
GO_Biological_Process_2023,Regulation Of Interleukin-6 Production (GO:0032675),5/114,0.779193478611609,0.8234272433639612,0,0,0.7642544038326788,0.1906783372769057,APP;STAT3;ARRB1;LCP1;HSPD1
GO_Biological_Process_2023,DNA-templated Transcription Elongation (GO:0006354),1/26,0.7800774443248587,0.8234272433639612,0,0,0.6670442477876106,0.1656684945854371,PBRM1
GO_Biological_Process_2023,Regulation Of Vascular Endothelial Growth Factor Production (GO:0010574),1/26,0.7800774443248587,0.8234272433639612,0,0,0.6670442477876106,0.1656684945854371,SARS1
GO_Biological_Process_2023,Antigen Processing And Presentation Of Exogenous Peptide Antigen Via MHC Class II (GO:0019886),1/26,0.7800774443248587,0.8234272433639612,0,0,0.6670442477876106,0.1656684945854371,DNM2
GO_Biological_Process_2023,Cardiac Muscle Cell Development (GO:0055013),1/26,0.7800774443248587,0.8234272433639612,0,0,0.6670442477876106,0.1656684945854371,MYH11
GO_Biological_Process_2023,Cell-Cell Adhesion Mediated By Cadherin (GO:0044331),1/26,0.7800774443248587,0.8234272433639612,0,0,0.6670442477876106,0.1656684945854371,CTNND1
GO_Biological_Process_2023,L-amino Acid Transport (GO:0015807),1/26,0.7800774443248587,0.8234272433639612,0,0,0.6670442477876106,0.1656684945854371,SLC1A3
GO_Biological_Process_2023,Nucleocytoplasmic Transport (GO:0006913),2/50,0.782765395233755,0.8255694479736827,0,0,0.6946043696486567,0.1701240656525449,XPO1;UBE2I
GO_Biological_Process_2023,Steroid Biosynthetic Process (GO:0006694),2/50,0.782765395233755,0.8255694479736827,0,0,0.6946043696486567,0.1701240656525449,OSBPL9;ABCD3
GO_Biological_Process_2023,tRNA Processing (GO:0008033),2/50,0.782765395233755,0.8255694479736827,0,0,0.6946043696486567,0.1701240656525449,SARS1;RTRAF
GO_Biological_Process_2023,DNA Replication (GO:0006260),3/73,0.7890540171525405,0.8319686455034216,0,0,0.7142477203647416,0.1692199253724057,RBMS1;NAP1L1;TOP1
GO_Biological_Process_2023,Regulation Of Peptidase Activity (GO:0052547),1/27,0.7925301679231124,0.8325994306030239,0,0,0.641354663036079,0.1491308052179584,PSMA3
GO_Biological_Process_2023,Regulation Of Catecholamine Secretion (GO:0050433),1/27,0.7925301679231124,0.8325994306030239,0,0,0.641354663036079,0.1491308052179584,GRK2
GO_Biological_Process_2023,Positive Regulation Of Cytosolic Calcium Ion Concentration Involved In Phospholipase C-activating G Protein-Coupled Signaling Pathway (GO:0051482),1/27,0.7925301679231124,0.8325994306030239,0,0,0.641354663036079,0.1491308052179584,LPAR1
GO_Biological_Process_2023,Positive Regulation Of TORC1 Signaling (GO:1904263),1/27,0.7925301679231124,0.8325994306030239,0,0,0.641354663036079,0.1491308052179584,WAC
GO_Biological_Process_2023,Peptide Cross-Linking (GO:0018149),1/27,0.7925301679231124,0.8325994306030239,0,0,0.641354663036079,0.1491308052179584,FGFR1
GO_Biological_Process_2023,mRNA Modification (GO:0016556),1/27,0.7925301679231124,0.8325994306030239,0,0,0.641354663036079,0.1491308052179584,WTAP
GO_Biological_Process_2023,Establishment Of Protein Localization To Vacuole (GO:0072666),1/27,0.7925301679231124,0.8325994306030239,0,0,0.641354663036079,0.1491308052179584,VPS28
GO_Biological_Process_2023,Amino Acid Import Across Plasma Membrane (GO:0089718),1/27,0.7925301679231124,0.8325994306030239,0,0,0.641354663036079,0.1491308052179584,SLC1A3
GO_Biological_Process_2023,DNA Synthesis Involved In DNA Repair (GO:0000731),1/27,0.7925301679231124,0.8325994306030239,0,0,0.641354663036079,0.1491308052179584,ZBTB1
GO_Biological_Process_2023,Positive Regulation Of Leukocyte Mediated Cytotoxicity (GO:0001912),2/51,0.7919973728290389,0.8325994306030239,0,0,0.6803926176316408,0.1586656562636808,CADM1;CYRIB
GO_Biological_Process_2023,RNA Modification (GO:0009451),2/51,0.7919973728290389,0.8325994306030239,0,0,0.6803926176316408,0.1586656562636808,SARS1;NOP10
GO_Biological_Process_2023,Cardiac Muscle Cell Differentiation (GO:0055007),1/27,0.7925301679231124,0.8325994306030239,0,0,0.641354663036079,0.1491308052179584,MYH11
GO_Biological_Process_2023,T Cell Activation Involved In Immune Response (GO:0002286),1/27,0.7925301679231124,0.8325994306030239,0,0,0.641354663036079,0.1491308052179584,LCP1
GO_Biological_Process_2023,Fatty Acid Oxidation (GO:0019395),2/52,0.8008810621324423,0.8401990724351787,0,0,0.6667493356953056,0.1480469091750865,ABCD3;ADIPOR1
GO_Biological_Process_2023,Neurotransmitter Transport (GO:0006836),2/52,0.8008810621324423,0.8401990724351787,0,0,0.6667493356953056,0.1480469091750865,SLC1A3;LIN7A
GO_Biological_Process_2023,Positive Regulation Of B Cell Activation (GO:0050871),2/52,0.8008810621324423,0.8401990724351787,0,0,0.6667493356953056,0.1480469091750865,VAV3;MMP14
GO_Biological_Process_2023,Positive Regulation Of Transcription Initiation By RNA Polymerase II (GO:0060261),2/52,0.8008810621324423,0.8401990724351787,0,0,0.6667493356953056,0.1480469091750865,GTF2A2;ZNHIT1
GO_Biological_Process_2023,Regulation Of Peptide Hormone Secretion (GO:0090276),2/52,0.8008810621324423,0.8401990724351787,0,0,0.6667493356953056,0.1480469091750865,CHD7;RFX3
GO_Biological_Process_2023,Sterol Biosynthetic Process (GO:0016126),1/28,0.8042783598887715,0.8418844730146589,0,0,0.6175680104883645,0.1345123963196205,DHCR24
GO_Biological_Process_2023,Positive Regulation Of Defense Response To Virus By Host (GO:0002230),1/28,0.8042783598887715,0.8418844730146589,0,0,0.6175680104883645,0.1345123963196205,HSP90AA1
GO_Biological_Process_2023,Regulation Of Glucose Metabolic Process (GO:0010906),1/28,0.8042783598887715,0.8418844730146589,0,0,0.6175680104883645,0.1345123963196205,ADIPOR1
GO_Biological_Process_2023,Primary Neural Tube Formation (GO:0014020),1/28,0.8042783598887715,0.8418844730146589,0,0,0.6175680104883645,0.1345123963196205,DYNLL1
GO_Biological_Process_2023,Negative Regulation Of Mitotic Metaphase/Anaphase Transition (GO:0045841),1/28,0.8042783598887715,0.8418844730146589,0,0,0.6175680104883645,0.1345123963196205,ZNF207
GO_Biological_Process_2023,Fatty Acid Derivative Biosynthetic Process (GO:1901570),1/28,0.8042783598887715,0.8418844730146589,0,0,0.6175680104883645,0.1345123963196205,FAR1
GO_Biological_Process_2023,Negative Regulation Of G2/M Transition Of Mitotic Cell Cycle (GO:0010972),1/28,0.8042783598887715,0.8418844730146589,0,0,0.6175680104883645,0.1345123963196205,BABAM2
GO_Biological_Process_2023,Antigen Processing And Presentation Of Peptide Antigen Via MHC Class II (GO:0002495),1/28,0.8042783598887715,0.8418844730146589,0,0,0.6175680104883645,0.1345123963196205,DNM2
GO_Biological_Process_2023,Negative Regulation Of Viral Genome Replication (GO:0045071),2/53,0.8094262904089031,0.8465662620211026,0,0,0.6536410844231404,0.1381990506115461,HMGA2;BANF1
GO_Biological_Process_2023,Proton Motive Force-Driven Mitochondrial ATP Synthesis (GO:0042776),2/53,0.8094262904089031,0.8465662620211026,0,0,0.6536410844231404,0.1381990506115461,ATP5F1B;NDUFV1
GO_Biological_Process_2023,Tight Junction Assembly (GO:0120192),2/53,0.8094262904089031,0.8465662620211026,0,0,0.6536410844231404,0.1381990506115461,ARL2;PAK2
GO_Biological_Process_2023,Heterotypic Cell-Cell Adhesion (GO:0034113),1/29,0.8153618469693834,0.8511173762009022,0,0,0.595480404551201,0.1215514135084355,JUP
GO_Biological_Process_2023,Lipid Droplet Organization (GO:0034389),1/29,0.8153618469693834,0.8511173762009022,0,0,0.595480404551201,0.1215514135084355,RAB18
GO_Biological_Process_2023,Organic Cyclic Compound Biosynthetic Process (GO:1901362),1/29,0.8153618469693834,0.8511173762009022,0,0,0.595480404551201,0.1215514135084355,GPHN
GO_Biological_Process_2023,Positive Regulation Of B Cell Proliferation (GO:0030890),1/29,0.8153618469693834,0.8511173762009022,0,0,0.595480404551201,0.1215514135084355,VAV3
GO_Biological_Process_2023,Regulation Of Neuron Migration (GO:2001222),1/29,0.8153618469693834,0.8511173762009022,0,0,0.595480404551201,0.1215514135084355,NIPBL
GO_Biological_Process_2023,Response To Alcohol (GO:0097305),1/29,0.8153618469693834,0.8511173762009022,0,0,0.595480404551201,0.1215514135084355,SLIT2
GO_Biological_Process_2023,Tube Closure (GO:0060606),1/29,0.8153618469693834,0.8511173762009022,0,0,0.595480404551201,0.1215514135084355,DYNLL1
GO_Biological_Process_2023,Organelle Disassembly (GO:1903008),2/54,0.8176428881764138,0.853024938261163,0,0,0.6410369966614431,0.1290597251513183,UFM1;UFC1
GO_Biological_Process_2023,Monoatomic Anion Transmembrane Transport (GO:0098656),2/54,0.8176428881764138,0.853024938261163,0,0,0.6410369966614431,0.1290597251513183,SLC1A3;SLC12A6
GO_Biological_Process_2023,Regulation Of Transcription Elongation By RNA Polymerase II (GO:0034243),3/77,0.8181824273382853,0.8533511118189936,0,0,0.6754959746981024,0.1355517441013883,HNRNPU;INTS6;CDK13
GO_Biological_Process_2023,Positive Regulation Of Tumor Necrosis Factor Production (GO:0032760),3/78,0.8249071423901109,0.8601263550122559,0,0,0.6664539007092198,0.128282014968165,APP;STAT3;LCP1
GO_Biological_Process_2023,DNA Geometric Change (GO:0032392),1/30,0.8258182061922545,0.8603607405786895,0,0,0.5749160817821178,0.1100277956275126,HMGB2
GO_Biological_Process_2023,Negative Regulation Of Carbohydrate Metabolic Process (GO:0045912),1/30,0.8258182061922545,0.8603607405786895,0,0,0.5749160817821178,0.1100277956275126,CLTC
GO_Biological_Process_2023,Prostaglandin Metabolic Process (GO:0006693),1/30,0.8258182061922545,0.8603607405786895,0,0,0.5749160817821178,0.1100277956275126,PTGES3
GO_Biological_Process_2023,RNA Polymerase II Preinitiation Complex Assembly (GO:0051123),2/56,0.8331293434169857,0.8674970821127583,0,0,0.6172292753337926,0.1126853111311044,GTF2A2;GTF2B
GO_Biological_Process_2023,Pattern Recognition Receptor Signaling Pathway (GO:0002221),2/56,0.8331293434169857,0.8674970821127583,0,0,0.6172292753337926,0.1126853111311044,RPS6KA3;TRAF3
GO_Biological_Process_2023,Triglyceride Homeostasis (GO:0070328),1/31,0.835682892078686,0.8679931944512395,0,0,0.5557227138643068,0.0997555912345348,LCP1
GO_Biological_Process_2023,Regulation Of Macrophage Activation (GO:0043030),1/31,0.835682892078686,0.8679931944512395,0,0,0.5557227138643068,0.0997555912345348,HSPD1
GO_Biological_Process_2023,Positive Regulation Of Extrinsic Apoptotic Signaling Pathway (GO:2001238),1/31,0.835682892078686,0.8679931944512395,0,0,0.5557227138643068,0.0997555912345348,PAK2
GO_Biological_Process_2023,Positive Regulation Of Leukocyte Migration (GO:0002687),1/31,0.835682892078686,0.8679931944512395,0,0,0.5557227138643068,0.0997555912345348,PTN
GO_Biological_Process_2023,Phospholipid Translocation (GO:0045332),1/31,0.835682892078686,0.8679931944512395,0,0,0.5557227138643068,0.0997555912345348,ATP8A1
GO_Biological_Process_2023,Negative Regulation Of Developmental Growth (GO:0048640),1/31,0.835682892078686,0.8679931944512395,0,0,0.5557227138643068,0.0997555912345348,DIP2B
GO_Biological_Process_2023,Non-Motile Cilium Assembly (GO:1905515),1/31,0.835682892078686,0.8679931944512395,0,0,0.5557227138643068,0.0997555912345348,CSNK1D
GO_Biological_Process_2023,Antigen Processing And Presentation Of Exogenous Peptide Antigen (GO:0002478),1/31,0.835682892078686,0.8679931944512395,0,0,0.5557227138643068,0.0997555912345348,DNM2
GO_Biological_Process_2023,B Cell Proliferation (GO:0042100),1/31,0.835682892078686,0.8679931944512395,0,0,0.5557227138643068,0.0997555912345348,HSPD1
GO_Biological_Process_2023,Response To Type II Interferon (GO:0034341),3/80,0.8377198125507541,0.8698686402549382,0,0,0.6490743299253937,0.11493262166337,DAPK1;RPL13A;CALM1
GO_Biological_Process_2023,Regulation Of Transcription Initiation By RNA Polymerase II (GO:0060260),2/57,0.840418609856003,0.8724301384676864,0,0,0.6059747161607215,0.1053518349976472,GTF2A2;ZNHIT1
GO_Biological_Process_2023,Regulation Of Interleukin-8 Production (GO:0032677),3/81,0.8438171670983549,0.8757164363843579,0,0,0.6407187670485542,0.1088064987025909,RAB1A;STAT3;ARRB1
GO_Biological_Process_2023,NIK/NF-kappaB Signaling (GO:0038061),1/32,0.8449893564698605,0.875724709198993,0,0,0.5377676277476449,0.0905768724593248,CREBBP
GO_Biological_Process_2023,Histone Lysine Methylation (GO:0034968),1/32,0.8449893564698605,0.875724709198993,0,0,0.5377676277476449,0.0905768724593248,KDM6A
GO_Biological_Process_2023,Negative Regulation Of G1/S Transition Of Mitotic Cell Cycle (GO:2000134),1/32,0.8449893564698605,0.875724709198993,0,0,0.5377676277476449,0.0905768724593248,CDK2AP2
GO_Biological_Process_2023,Neural Tube Closure (GO:0001843),1/32,0.8449893564698605,0.875724709198993,0,0,0.5377676277476449,0.0905768724593248,DYNLL1
GO_Biological_Process_2023,Transition Metal Ion Transport (GO:0000041),1/32,0.8449893564698605,0.875724709198993,0,0,0.5377676277476449,0.0905768724593248,ATP2C1
GO_Biological_Process_2023,Positive Regulation Of Inflammatory Response (GO:0050729),4/104,0.8464263172018313,0.8769722807151756,0,0,0.6661579414374446,0.1110699293341121,APP;CAMK2N1;PDCD4;LCP1
GO_Biological_Process_2023,Renal System Development (GO:0072001),2/58,0.8474180169540079,0.877757962479764,0,0,0.5951221055295457,0.0985291177761969,TCF21;GATA3
GO_Biological_Process_2023,Positive Regulation Of Tumor Necrosis Factor Superfamily Cytokine Production (GO:1903557),3/82,0.8497148537135222,0.8796525088952813,0,0,0.6325747374091032,0.1030176122088799,APP;STAT3;LCP1
GO_Biological_Process_2023,Sodium Ion Transmembrane Transport (GO:0035725),3/82,0.8497148537135222,0.8796525088952813,0,0,0.6325747374091032,0.1030176122088799,SLC9A8;ATP1A1;SLC4A4
GO_Biological_Process_2023,Cardiac Muscle Contraction (GO:0060048),1/33,0.85376916154514,0.8823923650924077,0,0,0.5209347345132743,0.0823568769883929,GRK2
GO_Biological_Process_2023,Glycolipid Metabolic Process (GO:0006664),1/33,0.85376916154514,0.8823923650924077,0,0,0.5209347345132743,0.0823568769883929,UGCG
GO_Biological_Process_2023,ncRNA Catabolic Process (GO:0034661),1/33,0.85376916154514,0.8823923650924077,0,0,0.5209347345132743,0.0823568769883929,SND1
GO_Biological_Process_2023,Negative Regulation Of Double-Strand Break Repair (GO:2000780),1/33,0.85376916154514,0.8823923650924077,0,0,0.5209347345132743,0.0823568769883929,HMGA2
GO_Biological_Process_2023,Positive Regulation Of T Cell Mediated Cytotoxicity (GO:0001916),1/33,0.85376916154514,0.8823923650924077,0,0,0.5209347345132743,0.0823568769883929,CYRIB
GO_Biological_Process_2023,Positive Regulation Of Ion Transmembrane Transporter Activity (GO:0032414),1/33,0.85376916154514,0.8823923650924077,0,0,0.5209347345132743,0.0823568769883929,STK39
GO_Biological_Process_2023,Transcription Preinitiation Complex Assembly (GO:0070897),2/59,0.8541370020817743,0.8825300178103169,0,0,0.5846502882538499,0.0921781124961481,GTF2A2;GTF2B
GO_Biological_Process_2023,Phospholipase C-activating G Protein-Coupled Receptor Signaling Pathway (GO:0007200),3/83,0.8554176329938471,0.8836104690167149,0,0,0.6246343085106383,0.0975463101549552,GNA14;HOMER1;LPAR1
GO_Biological_Process_2023,Regulation Of Neuronal Synaptic Plasticity (GO:0048168),1/34,0.8620520863575952,0.8887549059185624,0,0,0.5051220166264414,0.0749801025906593,APP
GO_Biological_Process_2023,Superoxide Metabolic Process (GO:0006801),1/34,0.8620520863575952,0.8887549059185624,0,0,0.5051220166264414,0.0749801025906593,PRDX1
GO_Biological_Process_2023,Regulation Of Interleukin-17 Production (GO:0032660),1/34,0.8620520863575952,0.8887549059185624,0,0,0.5051220166264414,0.0749801025906593,PHB1
GO_Biological_Process_2023,Regulation Of DNA Biosynthetic Process (GO:2000278),1/34,0.8620520863575952,0.8887549059185624,0,0,0.5051220166264414,0.0749801025906593,BMPR2
GO_Biological_Process_2023,"Mitochondrial Electron Transport, NADH To Ubiquinone (GO:0006120)",1/34,0.8620520863575952,0.8887549059185624,0,0,0.5051220166264414,0.0749801025906593,NDUFV1
GO_Biological_Process_2023,Embryonic Skeletal System Development (GO:0048706),1/34,0.8620520863575952,0.8887549059185624,0,0,0.5051220166264414,0.0749801025906593,OXSR1
GO_Biological_Process_2023,Negative Regulation Of Cell Cycle Process (GO:0010948),1/34,0.8620520863575952,0.8887549059185624,0,0,0.5051220166264414,0.0749801025906593,CHMP2A
GO_Biological_Process_2023,Cellular Respiration (GO:0045333),3/85,0.8662575200039613,0.892845857148506,0,0,0.6093344577062791,0.0874840049875221,ETFA;NDUFV1;SLC25A13
GO_Biological_Process_2023,Fatty Acid Catabolic Process (GO:0009062),2/61,0.8667707444672204,0.8928854478064134,0,0,0.5647715842728679,0.0807514709562584,ABCD3;ABHD2
GO_Biological_Process_2023,Positive Regulation Of Interleukin-8 Production (GO:0032757),2/61,0.8667707444672204,0.8928854478064134,0,0,0.5647715842728679,0.0807514709562584,RAB1A;STAT3
GO_Biological_Process_2023,Liver Development (GO:0001889),1/35,0.8698662275172042,0.8948487094344105,0,0,0.4902394586153045,0.0683471462330904,NF1
GO_Biological_Process_2023,Negative Regulation Of Cell Cycle G1/S Phase Transition (GO:1902807),1/35,0.8698662275172042,0.8948487094344105,0,0,0.4902394586153045,0.0683471462330904,CDK2AP2
GO_Biological_Process_2023,One-Carbon Compound Transport (GO:0019755),1/35,0.8698662275172042,0.8948487094344105,0,0,0.4902394586153045,0.0683471462330904,SLC4A4
GO_Biological_Process_2023,Positive Regulation Of Mitotic Nuclear Division (GO:0045840),1/35,0.8698662275172042,0.8948487094344105,0,0,0.4902394586153045,0.0683471462330904,CUL3
GO_Biological_Process_2023,Regulation Of Regulated Secretory Pathway (GO:1903305),1/35,0.8698662275172042,0.8948487094344105,0,0,0.4902394586153045,0.0683471462330904,RAB27A
GO_Biological_Process_2023,Extracellular Structure Organization (GO:0043062),4/109,0.870991442654711,0.8957612293749981,0,0,0.6342671229982676,0.0876069583273719,APP;MMP14;MMP2;NF1
GO_Biological_Process_2023,Protein Lipidation (GO:0006497),2/62,0.872703623977154,0.8972767440618031,0,0,0.5553291998819014,0.0756132196972697,UGCG;ATG5
GO_Biological_Process_2023,External Encapsulating Structure Organization (GO:0045229),4/110,0.875476832198481,0.8996361655460348,0,0,0.628249987443706,0.0835488234803813,APP;MMP14;MMP2;NF1
GO_Biological_Process_2023,Adenylate Cyclase-Activating G Protein-Coupled Receptor Signaling Pathway (GO:0007189),4/110,0.875476832198481,0.8996361655460348,0,0,0.628249987443706,0.0835488234803813,GNA13;GNG2;ADGRB3;GNB1
GO_Biological_Process_2023,Base-Excision Repair (GO:0006284),1/36,0.8772380943324036,0.9005190892810232,0,0,0.4762073324905183,0.0623721297799991,HMGA2
GO_Biological_Process_2023,Negative Regulation Of T Cell Proliferation (GO:0042130),1/36,0.8772380943324036,0.9005190892810232,0,0,0.4762073324905183,0.0623721297799991,PRKAR1A
GO_Biological_Process_2023,Regulation Of T Cell Mediated Cytotoxicity (GO:0001914),1/36,0.8772380943324036,0.9005190892810232,0,0,0.4762073324905183,0.0623721297799991,CYRIB
GO_Biological_Process_2023,Regulation Of Inflammatory Response (GO:0050727),10/240,0.8774472803309958,0.9005190892810232,0,0,0.7229182019159912,0.094513172549622,APP;CAMK2N1;CELF1;STAT3;PDCD4;VPS35;PPARG;GATA3;LCP1;FOXP1
GO_Biological_Process_2023,Positive Regulation Of Response To External Stimulus (GO:0032103),6/155,0.8775332257949879,0.9005190892810232,0,0,0.6700671140939597,0.0875378761535466,APP;CAMK2N1;PDCD4;PRKCA;LCP1;PTN
GO_Biological_Process_2023,Oxidative Phosphorylation (GO:0006119),2/63,0.8783923029980885,0.9009090405169924,0,0,0.5461964018644092,0.0708209019042591,ATP5F1B;NDUFV1
GO_Biological_Process_2023,Telomere Organization (GO:0032200),2/63,0.8783923029980885,0.9009090405169924,0,0,0.5461964018644092,0.0708209019042591,PTGES3;EZH2
GO_Biological_Process_2023,Double-Strand Break Repair Via Homologous Recombination (GO:0000724),4/111,0.8798267047054252,0.9021341974910316,0,0,0.622345321712594,0.0796790690548112,SEM1;MORF4L1;NIPBL;PPP4C
GO_Biological_Process_2023,Cellular Response To Virus (GO:0098586),2/64,0.8838453976831648,0.9056232945548478,0,0,0.5373582102345781,0.0663492953868615,HSP90AA1;DDX3X
GO_Biological_Process_2023,Calcium Ion Import Across Plasma Membrane (GO:0098703),1/37,0.8841926981136402,0.9056232945548478,0,0,0.4629547689282202,0.0569805913872971,CACNA2D1
GO_Biological_Process_2023,Positive Regulation Of Immune Effector Process (GO:0002699),1/37,0.8841926981136402,0.9056232945548478,0,0,0.4629547689282202,0.0569805913872971,PHB1
GO_Biological_Process_2023,Type I Interferon-Mediated Signaling Pathway (GO:0060337),1/37,0.8841926981136402,0.9056232945548478,0,0,0.4629547689282202,0.0569805913872971,TRAF3
GO_Biological_Process_2023,Cellular Response To Chemical Stress (GO:0062197),3/89,0.8858071002782072,0.9070298132715322,0,0,0.5808696190004948,0.0704339682615003,MAPK8;DDX3X;RBX1
GO_Biological_Process_2023,Positive Regulation Of T Cell Proliferation (GO:0042102),2/65,0.8890713313038852,0.9098654072556666,0,0,0.5288005961168052,0.062175215489278,PPP3CA;NCK2
GO_Biological_Process_2023,RNA 3'-End Processing (GO:0031123),1/38,0.8907536372016391,0.9098654072556666,0,0,0.4504185601530734,0.0521077481731146,INTS6
GO_Biological_Process_2023,Amino Acid Catabolic Process (GO:0009063),1/38,0.8907536372016391,0.9098654072556666,0,0,0.4504185601530734,0.0521077481731146,ETFA
GO_Biological_Process_2023,Calcium-Dependent Cell-Cell Adhesion Via Plasma Membrane Cell Adhesion Molecules (GO:0016339),1/38,0.8907536372016391,0.9098654072556666,0,0,0.4504185601530734,0.0521077481731146,NLGN1
GO_Biological_Process_2023,Cellular Response To Type I Interferon (GO:0071357),1/38,0.8907536372016391,0.9098654072556666,0,0,0.4504185601530734,0.0521077481731146,TRAF3
GO_Biological_Process_2023,Heart Looping (GO:0001947),1/38,0.8907536372016391,0.9098654072556666,0,0,0.4504185601530734,0.0521077481731146,TBX20
GO_Biological_Process_2023,Import Into Cell (GO:0098657),1/38,0.8907536372016391,0.9098654072556666,0,0,0.4504185601530734,0.0521077481731146,SLC1A3
GO_Biological_Process_2023,Regulation Of Neurotransmitter Secretion (GO:0046928),1/38,0.8907536372016391,0.9098654072556666,0,0,0.4504185601530734,0.0521077481731146,CASK
GO_Biological_Process_2023,Regulation Of Telomere Maintenance (GO:0032204),1/38,0.8907536372016391,0.9098654072556666,0,0,0.4504185601530734,0.0521077481731146,HNRNPD
GO_Biological_Process_2023,Negative Regulation Of Endopeptidase Activity (GO:0010951),2/66,0.8940783289666964,0.9130134659906992,0,0,0.5205104074402126,0.0582773296858552,TIMP2;TIMP3
GO_Biological_Process_2023,Nuclear Transport (GO:0051169),1/39,0.8969431761105766,0.9149452903042796,0,0,0.4385421518397764,0.0476970582080833,XPO1
GO_Biological_Process_2023,Vitamin Transport (GO:0051180),1/39,0.8969431761105766,0.9149452903042796,0,0,0.4385421518397764,0.0476970582080833,SLC2A1
GO_Biological_Process_2023,Carboxylic Acid Transmembrane Transport (GO:1905039),1/39,0.8969431761105766,0.9149452903042796,0,0,0.4385421518397764,0.0476970582080833,ABCC5
GO_Biological_Process_2023,Negative Regulation Of Lymphocyte Proliferation (GO:0050672),1/39,0.8969431761105766,0.9149452903042796,0,0,0.4385421518397764,0.0476970582080833,LYN
GO_Biological_Process_2023,Cholesterol Metabolic Process (GO:0008203),2/67,0.8988744128636108,0.9164181802060288,0,0,0.5124753014921305,0.0546359916032426,DHCR24;ABCG1
GO_Biological_Process_2023,Regulation Of Viral Genome Replication (GO:0045069),2/67,0.8988744128636108,0.9164181802060288,0,0,0.5124753014921305,0.0546359916032426,DDX3X;BANF1
GO_Biological_Process_2023,mRNA 3'-End Processing (GO:0031124),1/40,0.9027823215456596,0.9194054457983284,0,0,0.4272747901066485,0.0436990232803389,APP
GO_Biological_Process_2023,Negative Regulation Of Secretion By Cell (GO:1903531),1/40,0.9027823215456596,0.9194054457983284,0,0,0.4272747901066485,0.0436990232803389,STXBP6
GO_Biological_Process_2023,Protein Localization To Chromosome (GO:0034502),1/40,0.9027823215456596,0.9194054457983284,0,0,0.4272747901066485,0.0436990232803389,LEF1
GO_Biological_Process_2023,Water-Soluble Vitamin Metabolic Process (GO:0006767),1/40,0.9027823215456596,0.9194054457983284,0,0,0.4272747901066485,0.0436990232803389,SLC2A1
GO_Biological_Process_2023,Telomere Maintenance (GO:0000723),2/68,0.903467399074646,0.9198540573686363,0,0,0.5046836836030812,0.0512330915881088,TENM1;PTGES3
GO_Biological_Process_2023,DNA Duplex Unwinding (GO:0032508),1/41,0.9082908926969834,0.9237647505228108,0,0,0.416570796460177,0.0400701887224075,HMGA1
GO_Biological_Process_2023,Heart Contraction (GO:0060047),1/41,0.9082908926969834,0.9237647505228108,0,0,0.416570796460177,0.0400701887224075,GRK2
GO_Biological_Process_2023,Positive Regulation Of Response To Biotic Stimulus (GO:0002833),1/41,0.9082908926969834,0.9237647505228108,0,0,0.416570796460177,0.0400701887224075,PRKCA
GO_Biological_Process_2023,Synaptic Vesicle Exocytosis (GO:0016079),1/41,0.9082908926969834,0.9237647505228108,0,0,0.416570796460177,0.0400701887224075,DNAJC5
GO_Biological_Process_2023,Recombinational Repair (GO:0000725),3/95,0.9103595011846616,0.9256182979063292,0,0,0.5428133672525439,0.0509786980271723,SEM1;MORF4L1;PPP4C
GO_Biological_Process_2023,Monoatomic Cation Transport (GO:0006812),1/42,0.9134875888693114,0.9277955230184932,0,0,0.4063889488452407,0.0367723030068638,NDFIP1
GO_Biological_Process_2023,Positive Regulation Of Calcium Ion Transmembrane Transport (GO:1904427),1/42,0.9134875888693114,0.9277955230184932,0,0,0.4063889488452407,0.0367723030068638,PPP3CA
GO_Biological_Process_2023,Amino Acid Transmembrane Transport (GO:0003333),1/42,0.9134875888693114,0.9277955230184932,0,0,0.4063889488452407,0.0367723030068638,SLC25A13
GO_Biological_Process_2023,Determination Of Heart Left/Right Asymmetry (GO:0061371),1/42,0.9134875888693114,0.9277955230184932,0,0,0.4063889488452407,0.0367723030068638,TBX20
GO_Biological_Process_2023,Regulation Of Defense Response (GO:0031347),3/97,0.9174126225851936,0.931530473418713,0,0,0.5312075599818923,0.0457889962291097,CELF1;TRAF3;FOXP1
GO_Biological_Process_2023,Glycolipid Biosynthetic Process (GO:0009247),1/43,0.918390052670377,0.9316956404287275,0,0,0.3966919511167299,0.0337716094453042,LARGE1
GO_Biological_Process_2023,Positive Regulation Of Transcription Elongation By RNA Polymerase II (GO:0032968),1/43,0.918390052670377,0.9316956404287275,0,0,0.3966919511167299,0.0337716094453042,CDK13
GO_Biological_Process_2023,Regulation Of Chromosome Organization (GO:0033044),1/43,0.918390052670377,0.9316956404287275,0,0,0.3966919511167299,0.0337716094453042,HNRNPD
GO_Biological_Process_2023,Double-Strand Break Repair (GO:0006302),6/168,0.918566188436512,0.9316956404287275,0,0,0.6158683127572017,0.0523126646474549,SEM1;MORF4L1;BABAM2;KDM2A;PPP4C;HMGB2
GO_Biological_Process_2023,Positive Regulation Of Chemotaxis (GO:0050921),1/44,0.9230149291112169,0.9351991240267472,0,0,0.3874459765383823,0.0310382468351373,PTN
GO_Biological_Process_2023,Positive Regulation Of Cytokine-Mediated Signaling Pathway (GO:0001961),1/44,0.9230149291112169,0.9351991240267472,0,0,0.3874459765383823,0.0310382468351373,UBE2K
GO_Biological_Process_2023,Regulation Of DNA-templated Transcription Elongation (GO:0032784),1/44,0.9230149291112169,0.9351991240267472,0,0,0.3874459765383823,0.0310382468351373,INTS6
GO_Biological_Process_2023,Regulation Of Viral Entry Into Host Cell (GO:0046596),1/44,0.9230149291112169,0.9351991240267472,0,0,0.3874459765383823,0.0310382468351373,SNX3
GO_Biological_Process_2023,Positive Regulation Of Defense Response (GO:0031349),4/124,0.925395107827948,0.937358201061382,0,0,0.5545400769003254,0.0429959815322965,APP;CAMK2N1;PDCD4;LCP1
GO_Biological_Process_2023,Positive Regulation Of Innate Immune Response (GO:0045089),1/45,0.9273779225526664,0.93810337996788,0,0,0.3786202735317779,0.0285457397066283,UBE2K
GO_Biological_Process_2023,Hexose Metabolic Process (GO:0019318),1/45,0.9273779225526664,0.93810337996788,0,0,0.3786202735317779,0.0285457397066283,ALDOB
GO_Biological_Process_2023,Determination Of Left/Right Symmetry (GO:0007368),1/45,0.9273779225526664,0.93810337996788,0,0,0.3786202735317779,0.0285457397066283,RFX3
GO_Biological_Process_2023,Positive Regulation Of Lymphocyte Proliferation (GO:0050671),2/74,0.9271715631770034,0.93810337996788,0,0,0.4624790867040645,0.0349711224663972,VAV3;NCK2
GO_Biological_Process_2023,Antimicrobial Humoral Response (GO:0019730),3/100,0.9270464920605636,0.93810337996788,0,0,0.5146962053081816,0.0389890412122721,ROMO1;FAU;RPL39
GO_Biological_Process_2023,Visual Perception (GO:0007601),3/101,0.930021284475636,0.9405243481884558,0,0,0.5094170646982197,0.0369570906700182,PITPNA;ARRB1;DHRS3
GO_Biological_Process_2023,Defense Response To Gram-negative Bacterium (GO:0050829),2/75,0.9305441086948356,0.9405472703040252,0,0,0.456119489911062,0.0328341267439272,HMGB2;ROMO1
GO_Biological_Process_2023,Regulation Of DNA Replication (GO:0006275),2/75,0.9305441086948356,0.9405472703040252,0,0,0.456119489911062,0.0328341267439272,FAF1;PDS5A
GO_Biological_Process_2023,Sensory Perception Of Light Stimulus (GO:0050953),3/102,0.9328841367051602,0.9426591182558052,0,0,0.5042445733935096,0.0350320233565917,PITPNA;ARRB1;DHRS3
GO_Biological_Process_2023,Regulation Of Tumor Necrosis Factor Production (GO:0032680),4/127,0.9334042520723947,0.9429313435520484,0,0,0.5409281422006766,0.0372790852795398,APP;STAT3;LCP1;FOXP1
GO_Biological_Process_2023,Regulation Of Immune Response (GO:0050776),2/77,0.9368508313462726,0.946158962592194,0,0,0.4439090640684972,0.028956724293087,LYN;CSK
GO_Biological_Process_2023,Long-Chain Fatty Acid Metabolic Process (GO:0001676),2/78,0.939796703587111,0.948879302601644,0,0,0.4380448463941075,0.0271989491398259,ABCD3;ELOVL6
GO_Biological_Process_2023,Interferon-Mediated Signaling Pathway (GO:0140888),1/49,0.9424951177660852,0.9513483998707049,0,0,0.3469948377581121,0.0205506095661605,TRAF3
GO_Biological_Process_2023,Glycerophospholipid Biosynthetic Process (GO:0046474),3/108,0.947909383124799,0.9563002118917298,0,0,0.4752786220871327,0.0254256804104724,INPP4A;FAR1;PIP5K1B
GO_Biological_Process_2023,Positive Regulation Of DNA Metabolic Process (GO:0051054),3/108,0.947909383124799,0.9563002118917298,0,0,0.4752786220871327,0.0254256804104724,BABAM2;USP9X;FAF1
GO_Biological_Process_2023,Cholesterol Transport (GO:0030301),1/51,0.9488300193138934,0.9569722989111163,0,0,0.3330796460176991,0.0174952122505053,ABCG1
GO_Biological_Process_2023,Arachidonic Acid Metabolic Process (GO:0019369),1/52,0.9517309599523868,0.9596407883058784,0,0,0.3265313204927988,0.016154447846628,PTGES3
GO_Biological_Process_2023,Epigenetic Regulation Of Gene Expression (GO:0040029),2/83,0.952667680932578,0.9603278338213416,0,0,0.4108956904941552,0.0199239805112881,PHB1;EZH2
GO_Biological_Process_2023,Negative Regulation Of TOR Signaling (GO:0032007),1/54,0.9570491479349692,0.964486025022352,0,0,0.3141759893137418,0.013792493259115,DEPTOR
GO_Biological_Process_2023,Nucleotide-Excision Repair (GO:0006289),1/56,0.9617818189742336,0.9684769534570528,0,0,0.3027192276749799,0.011796257954386,POLR2I
GO_Biological_Process_2023,"Positive Regulation Of DNA-templated Transcription, Elongation (GO:0032786)",1/56,0.9617818189742336,0.9684769534570528,0,0,0.3027192276749799,0.011796257954386,CDK13
GO_Biological_Process_2023,Regulation Of Mitotic Nuclear Division (GO:0007088),1/56,0.9617818189742336,0.9684769534570528,0,0,0.3027192276749799,0.011796257954386,DUSP1
GO_Biological_Process_2023,Striated Muscle Contraction (GO:0006941),1/57,0.9639490006733168,0.9703994088684006,0,0,0.2972977243994943,0.010915847736079,GRK2
GO_Biological_Process_2023,Sodium Ion Transport (GO:0006814),2/89,0.9646550594764915,0.970850328790764,0,0,0.3824358856886879,0.0137618378866027,SLC9A8;SLC4A4
GO_Biological_Process_2023,Aerobic Respiration (GO:0009060),1/59,0.9679219259390732,0.9738775718183132,0,0,0.2870155630149527,0.009357812358456,NDUFV1
GO_Biological_Process_2023,Sterol Metabolic Process (GO:0016125),1/60,0.969741180245348,0.975447065766984,0,0,0.2821358932053397,0.0086689265208145,ABCG1
GO_Biological_Process_2023,Negative Regulation Of Viral Process (GO:0048525),1/61,0.9714573363971568,0.976842021191136,0,0,0.2774188790560472,0.0080334754579772,BANF1
GO_Biological_Process_2023,Fatty Acid Metabolic Process (GO:0006631),3/122,0.9716474345323158,0.976842021191136,0,0,0.4190505989629894,0.0120528431168236,ABCD3;LCP1;ADIPOR1
GO_Biological_Process_2023,tRNA Modification (GO:0006400),1/67,0.9798940217904922,0.984869432376815,0,0,0.2521185304371145,0.0051207427116395,SARS1
GO_Biological_Process_2023,Aerobic Electron Transport Chain (GO:0019646),1/68,0.981034701132136,0.9854891856191142,0,0,0.2483423590014529,0.0047551221118881,NDUFV1
GO_Biological_Process_2023,Neuropeptide Signaling Pathway (GO:0007218),1/68,0.981034701132136,0.9854891856191142,0,0,0.2483423590014529,0.0047551221118881,CPE
GO_Biological_Process_2023,Phospholipid Metabolic Process (GO:0006644),1/69,0.9821107113837282,0.986043349042766,0,0,0.244677251431546,0.0044167268744575,LCP1
GO_Biological_Process_2023,DNA-templated DNA Replication (GO:0006261),1/69,0.9821107113837282,0.986043349042766,0,0,0.244677251431546,0.0044167268744575,HMGA1
GO_Biological_Process_2023,Mitochondrial ATP Synthesis Coupled Electron Transport (GO:0042775),1/70,0.983125715781599,0.9865357035898062,0,0,0.2411183788636655,0.0041034193859152,NDUFV1
GO_Biological_Process_2023,Neutrophil Chemotaxis (GO:0030593),1/70,0.983125715781599,0.9865357035898062,0,0,0.2411183788636655,0.0041034193859152,PDE4B
GO_Biological_Process_2023,Defense Response To Virus (GO:0051607),5/189,0.9840327305815928,0.9869698140296655,0,0,0.4509276778129585,0.0072581858767253,BNIP3L;PHB1;TRAF3;PHB2;BCL2L1
GO_Biological_Process_2023,Lipid Biosynthetic Process (GO:0008610),1/71,0.9840831700641444,0.9869698140296655,0,0,0.2376611883691529,0.0038132412265259,LCP1
GO_Biological_Process_2023,Granulocyte Chemotaxis (GO:0071621),1/73,0.9858382852997172,0.9882030359840716,0,0,0.2310349065880039,0.0032952390166385,PDE4B
GO_Biological_Process_2023,Monocarboxylic Acid Transport (GO:0015718),1/73,0.9858382852997172,0.9882030359840716,0,0,0.2310349065880039,0.0032952390166385,ABCD3
GO_Biological_Process_2023,Neutrophil Migration (GO:1990266),1/77,0.988789571752594,0.9906333455944344,0,0,0.218828598043782,0.0024670164346598,PDE4B
GO_Biological_Process_2023,Regulation Of T Cell Proliferation (GO:0042129),1/77,0.988789571752594,0.9906333455944344,0,0,0.218828598043782,0.0024670164346598,NCK2
GO_Biological_Process_2023,Organonitrogen Compound Catabolic Process (GO:1901565),1/78,0.9894258280141238,0.991006801374466,0,0,0.2159751752672106,0.0022959188751697,ETFA
GO_Biological_Process_2023,Defense Response To Bacterium (GO:0042742),5/204,0.9912502647420356,0.992349627715222,0,0,0.4166034435052705,0.0036612106106411,RAB1A;HMGB2;ROMO1;FAU;RPL39
GO_Biological_Process_2023,Defense Response To Symbiont (GO:0140546),3/148,0.9912942173161632,0.992349627715222,0,0,0.3434336023477622,0.0030029488677976,BNIP3L;TRAF3;BCL2L1
GO_Biological_Process_2023,DNA Repair (GO:0006281),8/291,0.9938734319771768,0.9946668381229808,0,0,0.4678533332913794,0.0028751516981933,BABAM2;UBE2B;USP3;PSME4;ZBTB1;HMGA2;PDS5B;PDS5A
GO_Biological_Process_2023,Steroid Metabolic Process (GO:0008202),1/92,0.9953344647264066,0.9958640387964924,0,0,0.1826120781872994,0.000853976774231161,DHCR24
GO_Biological_Process_2023,Inflammatory Response (GO:0006954),4/236,0.9994004749558968,0.9995266699739902,0,0,0.2851176452590031,0.00017098642929480026,TPST1;STAT3;GATA3;RAC1
GO_Biological_Process_2023,Proteolysis (GO:0006508),7/330,0.9995266699739902,0.9995266699739902,0,0,0.3575851393188854,0.00016929585286126528,MMP14;MMP2;ADAM10;CPE;NEDD8;UBE3A;SPPL3
